CDR3,Antigen,HLA,Label
CACSLRSQGTDTQYF,NLVPMVATV,A*02:01,1
CADLDGTSSYEQYF,RYPLTFGWCF,A*24:02,1
CAGKSTGELFF,QYIKWPWYI,A*24:02,1
CAGRDHTDTQYF,CTELKLNDY,A*01:01,1
CAIGGDGSYEQYF,CTELKLNDY,A*01:01,1
CAIMSSGRADGELFF,NLNCCSVPV,A*02:01,1
CAIQDAGASYEQYF,LLWNGPMAV,A*02:01,1
CAIQGFSGPLHF,ILNAMIAKI,A*02:01,1
CAIQGFSGPLHF,ILNAMITKI,A*02:01,1
CAIRDRLNTEAFF,RLGPYLEFL,A*02:01,1
CAIRQFDANTGELFF,KLLEIAPNC,A*02:01,1
CAISAGEGYEQYF,LLWNGPMAV,A*02:01,1
CAISARDQNTGELFF,KMVTVCPNT,A*02:01,1
CAISARDQNTGELFF,KLLEIAPNC,A*02:01,1
CAISARDQNTGELFF,CFLLILPNC,A*02:01,1
CAISARDQNTGELFF,NDMLVCANI,A*02:01,1
CAISARDQNTGELFF,KVKEVCPNV,A*02:01,1
CAISARDQNTGELFF,THLMVLCCV,A*02:01,1
CAISARDQNTGELFF,RTMEVCYNT,A*02:01,1
CAISDLAGEPKTQETQYF,LLWNGPMAV,A*02:01,1
CAISDLDSNQPQHF,KMVAVFYTT,A*02:01,1
CAISDLSITGGDNYGYTF,VLFGLGFAI,A*02:01,1
CAISDWSTYEQYF,VLFGLGFAI,A*02:01,1
CAISEEGTGFYGYTF,CTELKLNDY,A*01:01,1
CAISEGAAYGYTF,LLWNGPMAV,A*02:01,1
CAISEGGAYEQYF,LLWNGPMAV,A*02:01,1
CAISELDWGVSSPLHF,GMGPLLATV,A*02:01,1
CAISESGTAYNEQFF,LLWNGPMAV,A*02:01,1
CAISESIGLDEQYF,CTELKLNDY,A*01:01,1
CAISESNGADTQYF,CTELKLSDY,A*01:01,1
CAISESNGADTQYF,CTELKLNDY,A*01:01,1
CAISESPSGALGQF,LLWNGPMAV,A*02:01,1
CAISESQGPGGETQYF,CTELKLNDY,A*01:01,1
CAISESQGPGGETQYF,CTELKLSDY,A*01:01,1
CAISETGGGQPQHF,ALSPVIPLI,A*02:01,1
CAISETGGGQPQHF,ALSPVIPHI,A*02:01,1
CAISETTGINEQFF,ELAGIGILTV,A*02:01,1
CAISEVGTGSSGNTIYF,GQFLTPNSH,B*15:01,1
CAISEVGVGQPQHF,ELAGIGILTV,A*02:01,1
CAISGWTGEGSEQYF,CTELKLNDY,A*01:01,1
CAISPGGEQFF,ILTGLNYEV,A*02:01,1
CAISPGGEQFF,ILTGLNYEA,A*02:01,1
CAISRQGARQETQYF,TSTLQEQIGW,B*57:01,1
CAISSDRTDEQYF,KLVALGINAV,A*02:01,1
CAISVEGTGLGYGYTF,LLWNGPMAV,A*02:01,1
CAITSGQGNNEQYF,GQFLTPNSH,B*15:01,1
CAIVYRGQPSGANVLTF,RFPLTFGWCF,A*24:02,1
CANGQGDYEQYF,LLAGTLAVV,A*02:01,1
CANGQGDYEQYF,LLAGTLAGV,A*02:01,1
CANRGPQGANYGYTF,RFPLTFGWCF,A*24:02,1
CARGSGGETQYF,LLFALYFSA,A*02:01,1
CARRSRGENNGGVF,VLFGLGFAI,A*02:01,1
CARSTGGDSYGYTF,LLWNGPMAV,A*02:01,1
CARTGAGGNTIYF,VMPFSIVYI,A*02:01,1
CARTSGQGVFMNTEAFF,ILNAMIAKI,A*02:01,1
CASALSWEGLAESYEQYF,KLSALGINAV,A*02:01,1
CASAPGGGYEQYF,LLWNGPMAV,A*02:01,1
CASAPGLNYEQYF,ILNAMIAKI,A*02:01,1
CASAPGPVYEQYF,KLWASPLHV,A*02:01,1
CASASGQGYEQYF,NYNYLYRLF,A*24:02,1
CASASRLADTDTQYF,RFPLTFGWCF,A*24:02,1
CASAWSGVGNQPQHF,VYFLQSINF,A*24:02,1
CASDSGSGQPQHF,LLFGMPPCL,A*02:01,1
CASFGGAGQPQHF,LLWNGPMAV,A*02:01,1
CASGAQAGTGAYGYTF,LLWNGPMAV,A*02:01,1
CASGAQHTEAFF,ILTGLNYEV,A*02:01,1
CASGAQHTEAFF,ILTGLNYEA,A*02:01,1
CASGDRAMPQHF,LLWNGPMAV,A*02:01,1
CASGEENTGELFF,YLQPRTFLL,A*02:01,1
CASGFTFQGSPEAFF,IMDQVPFSV,A*02:01,1
CASGFTFQGSPEAFF,ITDQVPFSV,A*02:01,1
CASGGLSYGYTF,LLSIIFFPA,A*02:01,1
CASGGSSYEQYF,VAANIVLTV,A*02:01,1
CASGLDTQYF,FLYNLLTRV,A*02:01,1
CASGPATSAEQETQYF,SPRWYFYYL,B*07:02,1
CASGPFRDSVLTLVANVLTF,KRPIPIKYKAM,B*07:02,1
CASGPFRDSVLTLVANVLTF,RPIPIKYKAM,B*07:02,1
CASGPFRDSVLTLVANVLTF,QKRPIPIKYKAM,B*07:02,1
CASGPGTAYGYTF,LLWNGPMAV,A*02:01,1
CASGPTGGAAETQYF,FEDLRVLSF,B*37:01,1
CASGQGAYEQYF,LLWNGPMAV,A*02:01,1
CASGRGPNYGYTF,LLWNGPMAV,A*02:01,1
CASGRLVTGGGTGANVLTF,FEDLRVLSF,B*37:01,1
CASGRLVTGGGTGANVLTF,FEDLRVSSF,B*37:01,1
CASGRSGEDYGYTF,LLSIISFPA,A*02:01,1
CASGSGGEHF,SPRWYFYYL,B*07:02,1
CASGTAGGPSTDTQYF,MTLHGFMMY,A*30:02,1
CASGTGTPYNEQF,LLWNGPMAV,A*02:01,1
CASGTLNSNQPQHF,ILTGLNYEV,A*02:01,1
CASGTLNSNQPQHF,ILTGLNYEA,A*02:01,1
CASIGGYGQPQHF,LLWNGPMAV,A*02:01,1
CASIKTGGAPETQYF,NLVPMVATV,A*02:01,1
CASILGLTTYNEQFF,AVGSYVYSV,A*02:01,1
CASISTDSLNTEAFF,RPPIFIRRL,B*07:02,1
CASKGDSPHQPQHF,FEDLRLLSF,B*37:01,1
CASKPGQDYTGELFF,LLWNGPMAV,A*02:01,1
CASKRMTGEAGQPQHF,RLGPYLEFL,A*02:01,1
CASKSWDMAYEQYF,ALSPVIPHI,A*02:01,1
CASLEAGGETQYF,YVLTWIVGA,A*02:01,1
CASLGLQETQYF,FLTVFSHFM,A*02:01,1
CASLNPGSYEQYF,LLWNGPMAV,A*02:01,1
CASMRGAHTGELFF,ELAGIGILTV,A*02:01,1
CASMRPTSYEQYF,KLNTITPVV,A*02:01,1
CASMTNNQPQHF,MLNIPSINV,A*02:01,1
CASMTRLGDSNEKLFF,RFPLTFGWCF,A*24:02,1
CASNGAGGYEQYF,LLWNGPMAV,A*02:01,1
CASNLGGDNEQFF,FMLYLLTLM,A*02:01,1
CASNLRDTGNEQFF,VAANIVLTV,A*02:01,1
CASNPPGLAATGELFF,CTELKLSDY,A*01:01,1
CASNPPVRLGLTEAFF,RYPLTFGWCF,A*24:02,1
CASNPVAGLPGEQYF,NLVPMVATV,A*02:01,1
CASNQGLYEQYF,NLNCCSVPV,A*02:01,1
CASNRDRDYGYTF,LLWNGPMAV,A*02:01,1
CASNREVSTDTQYF,VMPFSIVYIV,A*02:01,1
CASNRGYNEQFF,ILTGLNYEV,A*02:01,1
CASNRGYNEQFF,ILTGLNYEA,A*02:01,1
CASNSGGYNEQFF,ELAGIGILTV,A*02:01,1
CASNWGGRGNTGELFF,FEDLRVLSF,B*37:01,1
CASPTSGKDPDTQYF,SLLMPILTL,A*02:01,1
CASQDSYEQYF,KRPIPIKYKAM,B*07:02,1
CASQDSYEQYF,RPIPIKYKAM,B*07:02,1
CASQDSYEQYF,QKRPIPIKYKAM,B*07:02,1
CASQIQGYTEAF,NLVPMVATV,A*02:01,1
CASQPWFNTGELFF,VVMSWAPPV,A*02:01,1
CASQPWFNTGELFF,VVLSWAPPV,A*02:01,1
CASRAGSTEAFF,SPRWYFYYL,B*07:02,1
CASRASGGYNEQFF,VYIGDPAQL,A*24:02,1
CASRDRGVGSPLHF,LLWNGPMAV,A*02:01,1
CASREALEQAEAF,IVCPICSQK,A*11:01,1
CASREGLEDTEAFF,LIIPFIHLI,A*02:01,1
CASREGTEAIDTEAFF,VLFHRAFLV,A*02:01,1
CASREQGMNTEAFF,MIISHLYLI,A*02:01,1
CASRETGGRAGFADTQYF,QSRGDENRGW,B*57:01,1
CASRFVAPSDGYNEQFF,GQFLTPNSH,B*15:01,1
CASRGAVDTQYF,RYRIGNYKL,A*24:02,1
CASRGGGGFYEQYF,VLNYFKPYL,A*02:01,1
CASRGGRRNTEAFF,RFPLTFGWCF,A*24:02,1
CASRGQGNTEAFF,LLWNGPMAV,A*02:01,1
CASRGQNTGELFF,RTMEVCYNT,A*02:01,1
CASRGQNTGELFF,THLMVLCCV,A*02:01,1
CASRGQNTGELFF,CFVECAPVC,A*02:01,1
CASRGQNTGELFF,AEMEFCPCC,A*02:01,1
CASRGQNTGELFF,NMINFAPNI,A*02:01,1
CASRGQNTGELFF,KMVTVCPNT,A*02:01,1
CASRGQNTGELFF,GCQEICPAC,A*02:01,1
CASRGQNTGELFF,NMIHFAPNV,A*02:01,1
CASRGQNTGELFF,KLLEIAPNC,A*02:01,1
CASRGQNTGELFF,CFLLILPNC,A*02:01,1
CASRGQNTGELFF,EIQEFCPNT,A*02:01,1
CASRGQNTGELFF,LVLEVDPNI,A*02:01,1
CASRGQNTGELFF,NDMLVCANI,A*02:01,1
CASRGQNTGELFF,KVKEVCPNV,A*02:01,1
CASRGQTPEAFF,RFPLTFGWCF,A*24:02,1
CASRGSGASTGELFF,ALYGFVPVL,A*02:01,1
CASRILAGVLYEQYF,LLWNGPMAV,A*02:01,1
CASRIWTGGDLNTEAFF,RPPIFIRRL,B*07:02,1
CASRLGESSYNEQFF,CTELKLSDY,A*01:01,1
CASRLGGLGEQYF,RFPLTFGWCF,A*24:02,1
CASRLGLGDREDEKLFF,RPPIFIRRL,B*07:02,1
CASRLHGGTPSYEQYF,ALSPVIPHI,A*02:01,1
CASRLPTTDEKLFF,RPIPIKYKAM,B*07:02,1
CASRLPTTDEKLFF,KRPIPIKYKAM,B*07:02,1
CASRLPTTDEKLFF,QKRPIPIKYKAM,B*07:02,1
CASRMGSTAFF,LLSIIFFPA,A*02:01,1
CASRMGSTAFF,ILNVDIFTL,A*02:01,1
CASRMGSTAFF,LLSIISFPA,A*02:01,1
CASRMGSTAFF,ILNVDVFTL,A*02:01,1
CASRMGTSGSTDTQYF,ALYGFVPVL,A*02:01,1
CASRPGGGGYTF,IMDQVPFSV,A*02:01,1
CASRPGGGSYNEQFF,RLGPYLEFL,A*02:01,1
CASRPGLAGGRPEQYF,LLFGYPVYV,A*02:01,1
CASRPGLMSAQPEQYF,LLFGYPVYV,A*02:01,1
CASRPGQGRNGTSGVTYEQYF,RFPLTFGWCF,A*24:02,1
CASRPGTNTEAF,LLWNGPMAV,A*02:01,1
CASRPLSGGAPDTQYF,CTELKLSDY,A*01:01,1
CASRPLTGGNQPQHF,SPRWYFYYL,B*07:02,1
CASRPPHYNSPLHF,FEDLRVSSF,B*37:01,1
CASRPQGLGNTIYF,ELAGIGILTV,A*02:01,1
CASRPQQGKGSYEQYF,LLWNGPMAV,A*02:01,1
CASRPRQVETQYF,MIISHLYLI,A*02:01,1
CASRPTGMGQPQHFGF,ELAGIGILTV,A*02:01,1
CASRQDRDYQETQYF,HPVGEADYFEY,B*35:08,1
CASRRQATNEKLFF,VMPFSIVYIV,A*02:01,1
CASRSGGANEQFF,CTELKLSDY,A*01:01,1
CASRSLAEKGETQYF,FEDLRVSSF,B*37:01,1
CASRSLAEKGETQYF,FEDLRVLSF,B*37:01,1
CASRSLGQGAEKLFFGF,EAAGIGILTV,A*02:01,1
CASRSQNYYGYTF,AEMEFCPCC,A*02:01,1
CASRSQNYYGYTF,CFVECAPVC,A*02:01,1
CASRSQNYYGYTF,CFLLILPNC,A*02:01,1
CASRSQNYYGYTF,EIQEFCPNT,A*02:01,1
CASRSQNYYGYTF,KLLEIAPNC,A*02:01,1
CASRSQNYYGYTF,RTMEVCYNT,A*02:01,1
CASRSQNYYGYTF,NMINFAPNI,A*02:01,1
CASRSQNYYGYTF,KVKEVCPNV,A*02:01,1
CASRSQNYYGYTF,GCQEICPAC,A*02:01,1
CASRSRGGHSPLHF,GMGPLLATV,A*02:01,1
CASRSSDPYEQYF,VLFGLGFAI,A*02:01,1
CASRTGTSGGFPNTGELFF,MLYQHLLPL,A*02:01,1
CASRTRQEAFF,GILGFVFTL,A*02:01,1
CASRTSSYNSPLHF,FEDLRVSSF,B*37:01,1
CASRVRGPYNEQFF,IVCPICSQK,A*11:01,1
CASRVSGSHEQYVF,LLWNGPMAV,A*02:01,1
CASSAAGEAYEQYF,LLWNGPMAV,A*02:01,1
CASSAAGTPAYEQYF,LLWNGPMAV,A*02:01,1
CASSAAPAYEQYF,LLWNGPMAV,A*02:01,1
CASSAASGGAYEQYF,LLWNGPMAV,A*02:01,1
CASSADRTQNYGYTF,LLAGTLAGV,A*02:01,1
CASSADRTQNYGYTF,KMVAVFYTT,A*02:01,1
CASSAGGAYEQYF,LLWNGPMAV,A*02:01,1
CASSAGGDTEAFF,ILTGLNYEA,A*02:01,1
CASSAGGDTEAFF,ILTGLNYEV,A*02:01,1
CASSAGGTEAFF,KMVAVFYTT,A*02:01,1
CASSAGGVGYNEQFF,LLWNGPMAV,A*02:01,1
CASSAGLFPEQFF,LLFGYPVYV,A*02:01,1
CASSAGQGYEQYF,KLWASPLHV,A*02:01,1
CASSAGQNAYEQYF,LLWNGPMAV,A*02:01,1
CASSAGTGSYEQYF,LLWNGPMAV,A*02:01,1
CASSAGTGYTEAFF,LLWNGPMAV,A*02:01,1
CASSAGTIYNEQFF,RLGPYLEFL,A*02:01,1
CASSAGTPYNEQFF,LLWNGPMAV,A*02:01,1
CASSAGTSGSGSTYEQYF,VYFLQSINF,A*24:02,1
CASSAGWISYEQYF,LLWNGPMAV,A*02:01,1
CASSAGYGQPQHFGF,ELAGIGILTV,A*02:01,1
CASSALAGGPDNEQFF,LPRWYFYYL,B*07:02,1
CASSALTGNEQFF,FEDLRVLSF,B*37:01,1
CASSALVAFSTDTQYF,QYIKWPWYI,A*24:02,1
CASSANQGYEQYF,NLNCCSVPV,A*02:01,1
CASSAPGQGNEKLFF,KMVAVFYTT,A*02:01,1
CASSAPTGELFF,HPVGEADYFEY,B*35:08,1
CASSARSGELFF,HPVGEADYFEY,B*35:08,1
CASSARTGELFF,HPVGEADYFEY,B*35:08,1
CASSASEPSGETQYF,RLGPYLEFL,A*02:01,1
CASSASGGAYNEQFF,RPPIFIRRL,B*07:02,1
CASSASGGRDYGYTF,MLYQHLLPL,A*02:01,1
CASSASRNTDGTDTQYF,LLWNGPMAV,A*02:01,1
CASSATGDATDTQYF,CTELKLNDY,A*01:01,1
CASSATGTVNTEAFF,RLGPYLEFL,A*02:01,1
CASSATKNIQYF,FEDLRVSSF,B*37:01,1
CASSATKNIQYF,FEDLRVLSF,B*37:01,1
CASSATKNIQYF,FEDLRLLSF,B*37:01,1
CASSAWDRSSGANVLTF,NLVPMVATV,A*02:01,1
CASSAYNEQF,LLWNGPMAV,A*02:01,1
CASSDDIVTDTQYF,FLYNLLTRV,A*02:01,1
CASSDFGTGMNEQYF,RYPLTFGWCF,A*24:02,1
CASSDFQAINQPQHF,GILGFVFTL,A*02:01,1
CASSDGGKDGYTF,KLVALGINAV,A*02:01,1
CASSDGPSYEQYVF,LLWNGPMAV,A*02:01,1
CASSDGRADTQYF,VLFHRAFLV,A*02:01,1
CASSDGTGKPYEQYF,RYPLTFGW,A*24:02,1
CASSDGTNSYEQYF,LLWNGPMAV,A*02:01,1
CASSDHLGGQGNTIYF,RPPIFIRRL,B*07:02,1
CASSDLSQGAGYTF,RYPLTFGWCF,A*24:02,1
CASSDMAGDGYTF,ELAGIGILTV,A*02:01,1
CASSDMAGNQPQHF,LLWNGPMAV,A*02:01,1
CASSDPGHQLYGYTF,QYDPVAALF,A*24:02,1
CASSDPNDYEQYF,NLNCCSVPV,A*02:01,1
CASSDQETQYF,VAANIVLTV,A*02:01,1
CASSDREVYGYTF,LLWNGPMAV,A*02:01,1
CASSDSGADGYTF,RYRIGNYKL,A*24:02,1
CASSDSHTGAYGYTF,LLWNGPMAV,A*02:01,1
CASSDSPGLAYEQYF,LLWNGPMAV,A*02:01,1
CASSDSPGVGYNEQFF,CTELKLSDY,A*01:01,1
CASSDSRGTEAF,LLWNGPMAV,A*02:01,1
CASSDSSFGVGLGNEQFF,CTELKLSDY,A*01:01,1
CASSDTAGSSYNEQF,RLPGVLPRA,A*02:01,1
CASSDTPDLNTEAFF,CFLLILPNC,A*02:01,1
CASSDTPDLNTEAFF,NMIHFAPNV,A*02:01,1
CASSDTPDLNTEAFF,EIQEFCPNT,A*02:01,1
CASSDTPDLNTEAFF,KLLEIAPNC,A*02:01,1
CASSDTPDLNTEAFF,AEMEFCPCC,A*02:01,1
CASSDTPDLNTEAFF,THLMVLCCV,A*02:01,1
CASSDTPDLNTEAFF,GCQEICPAC,A*02:01,1
CASSDTPDLNTEAFF,CFVECAPVC,A*02:01,1
CASSDTPDLNTEAFF,KVKEVCPNV,A*02:01,1
CASSDTPDLNTEAFF,RTMEVCYNT,A*02:01,1
CASSDWGGETQYF,ALYGSVPVL,A*02:01,1
CASSDYNEQFF,LLWNGPMAV,A*02:01,1
CASSEAAGRANYGYTF,LLWNGPMAV,A*02:01,1
CASSEAEAGAYTQYF,LLSIIFFPA,A*02:01,1
CASSEAELLSSYNEQFFGF,ELAGIGILTV,A*02:01,1
CASSEALYEQYF,LLWNGPMAV,A*02:01,1
CASSEAPSDYEQYF,RFPLTFGWCF,A*24:02,1
CASSEAPSDYEQYF,RYPLTFGW,A*24:02,1
CASSEDRGNSPLHF,FLYNPLTRV,A*02:01,1
CASSEEGLAGTGELFF,LLWNGPMAV,A*02:01,1
CASSEFRDRNQPQHF,KMVAVFYNT,A*02:01,1
CASSEFRDRNQPQHF,KMVAVFYTT,A*02:01,1
CASSEFTRSYEQYF,MIISHLYLI,A*02:01,1
CASSEGDRETGELFF,MTLHGFMMY,A*30:02,1
CASSEGENQPQHF,CTELKLSDY,A*01:01,1
CASSEGGVPYNEQFF,LLWNGPMAV,A*02:01,1
CASSEGGYTEAFF,NLNCCSVPV,A*02:01,1
CASSEGIYGYTF,LLWNGPMAV,A*02:01,1
CASSEGLAGGPAGELFF,LLWNGPMAV,A*02:01,1
CASSEGLGWEQFF,FLIYLDVSV,A*02:01,1
CASSEGPGQGSYEQYF,LLWNGPMAV,A*02:01,1
CASSEGQGRWYEQYF,ILTGLNYEA,A*02:01,1
CASSEGQGRWYEQYF,ILTGLNYEV,A*02:01,1
CASSEGQGYEQYF,NYNYLYRLF,A*24:02,1
CASSEGQNTEAFF,ILTGLNYEV,A*02:01,1
CASSEGQNTEAFF,ILTGLNYEA,A*02:01,1
CASSEGSEAFF,LMFWASSSI,A*02:01,1
CASSEGTEAYEQYF,LLWNGPMAV,A*02:01,1
CASSEGTGGLNAFF,FEDLRVLSF,B*37:01,1
CASSEGWVDTQYF,VLFHRAFLV,A*02:01,1
CASSEGYGGGQYF,LLAMTVPNV,A*02:01,1
CASSEGYWGTGRDTQYF,MTLHGFMMY,A*30:02,1
CASSEHRDHEQFF,KMVAVFYNT,A*02:01,1
CASSEISSGGPFLDTQYF,ALYGFVPVL,A*02:01,1
CASSEKPDTQYF,LLAGTLAGV,A*02:01,1
CASSEKPDTQYF,LLAGTLAVV,A*02:01,1
CASSEKPLSSYNEQFF,SPRWYFYYL,B*07:02,1
CASSELDGRLF,SPRWYFYYL,B*07:02,1
CASSELGGAGTGELF,NLVPMVATV,A*02:01,1
CASSELITSTDTQYF,SPRWYFYYL,B*07:02,1
CASSELPGPPGEQYF,SPRWYFYYL,B*07:02,1
CASSEPGHHEQYF,LLWNGPMAV,A*02:01,1
CASSEPRTSGISYNEQFF,KRPIPIKYKAM,B*07:02,1
CASSEPRTSGISYNEQFF,QKRPIPIKYKAM,B*07:02,1
CASSEPRTSGISYNEQFF,RPIPIKYKAM,B*07:02,1
CASSEPTSGELFF,FTSDYYQLY,A*01:01,1
CASSERGDTDLYGYTF,CTELKLSDY,A*01:01,1
CASSERGHYGYTF,LMFWASSSI,A*02:01,1
CASSERVAGGSTGELF,KLSALGINAV,A*02:01,1
CASSESENSYGYTF,MTLHGFMMY,A*30:02,1
CASSESFPASGGSTDTQYF,MLNIPSINV,A*02:01,1
CASSESGAAYTGELFF,YVLTWIVGA,A*02:01,1
CASSESGSPSYYEQYF,CTELKLSDY,A*01:01,1
CASSESGTGYEQFF,LLWNGPMAV,A*02:01,1
CASSESQGYEQYF,NYNYLYRLF,A*24:02,1
CASSESRDRIHYGYTF,VYGIRLEHF,A*24:02,1
CASSETGATNYGYTGF,NLVPMVATV,A*02:01,1
CASSETGGYEQYF,NYNYLYRLF,A*24:02,1
CASSETSGLIDEKLFF,SLAPLSPRA,A*02:01,1
CASSETSGLIDEKLFF,SLAPLSPRV,A*02:01,1
CASSEVEGPGELFF,LLFALHFSA,A*02:01,1
CASSEVEGPGELFF,LLAILTYYV,A*02:01,1
CASSEVEGPGELFF,LLSIIFFPA,A*02:01,1
CASSEVEGPGELFF,LLFALYFSA,A*02:01,1
CASSEVGQGFNGYTF,VAANIVLTV,A*02:01,1
CASSEVQGGRDTQYF,VVLSWAPPV,A*02:01,1
CASSEVSVLYEQYF,VVMSWAPPV,A*02:01,1
CASSEVSVLYEQYF,VVLSWAPPV,A*02:01,1
CASSEWAGQPQHF,VVLSWAPPV,A*02:01,1
CASSEWAGQPQHF,VVMSWAPPV,A*02:01,1
CASSEWDTEAFF,NLFNRYPAL,A*02:01,1
CASSEWGPGGYTF,LLWNGPMAV,A*02:01,1
CASSEYQEPYNEQFF,KLNTITPVV,A*02:01,1
CASSFAPGQGIEKLFF,VVMSWAPPV,A*02:01,1
CASSFAPGQGIEKLFF,VVLSWAPPV,A*02:01,1
CASSFATEAF,GILGFVFTL,A*02:01,1
CASSFDLAGVNYEQYF,LLWNGPMAV,A*02:01,1
CASSFEGQETQYF,KLVALGINAV,A*02:01,1
CASSFFHNNEQFF,GILGFVFTL,A*02:01,1
CASSFGASYGYTF,LLWNGPMAV,A*02:01,1
CASSFGGGGQPQHF,ELAGIGILTV,A*02:01,1
CASSFGGLARNEQFF,ELAGIGILTV,A*02:01,1
CASSFGGLGTEAFFGF,EAAGIGILTV,A*02:01,1
CASSFGGLYGYTF,KMVAVFYNT,A*02:01,1
CASSFGGLYGYTF,KMVAVFYTT,A*02:01,1
CASSFGGLYGYTF,MMPFSIVYI,A*02:01,1
CASSFGGRAGDTDTQYF,CTELKLSDY,A*01:01,1
CASSFGGSSYEQYF,VVLSWAPPV,A*02:01,1
CASSFGGYEQYF,KLVALGINAV,A*02:01,1
CASSFGIGPQYF,FLYNPLTRV,A*02:01,1
CASSFGIPYEQYF,LLWNGPMAV,A*02:01,1
CASSFGNEQFF,VAANIVLTV,A*02:01,1
CASSFGNSYEQYF,VAANIVLTV,A*02:01,1
CASSFGPGYEQYF,VVLSWAPPV,A*02:01,1
CASSFGPGYEQYF,VVMSWAPPV,A*02:01,1
CASSFGPSYGYTF,VVMSWAPPV,A*02:01,1
CASSFGPSYGYTF,VVLSWAPPV,A*02:01,1
CASSFGPVEQYF,LLFGMPPCL,A*02:01,1
CASSFGPYGYTF,VVMSWAPPV,A*02:01,1
CASSFGPYGYTF,VVLSWAPPV,A*02:01,1
CASSFGQEEGQPQHF,SLAPLSPRV,A*02:01,1
CASSFGQNYEQYF,KLWASPLHV,A*02:01,1
CASSFGRLSGANVLTF,CTELKLSDY,A*01:01,1
CASSFGSGNTIYF,LLFALHFSA,A*02:01,1
CASSFGTSGTYEQYF,LLWNGPMAV,A*02:01,1
CASSFGVGQPQHF,LMFWASSSI,A*02:01,1
CASSFHPGQDRGNSPLHF,QYIKWPWYI,A*24:02,1
CASSFITSGFPYEQYF,KLSALGINAV,A*02:01,1
CASSFLADGELFF,MTLHGFMMY,A*30:02,1
CASSFLAGPQETQYF,KLSALGINAV,A*02:01,1
CASSFLGTGLNEQYF,KLVALGINAV,A*02:01,1
CASSFLQVTEAF,NLVPMVATV,A*02:01,1
CASSFLSGANLYNEQFF,ALSKGVHFV,A*02:01,1
CASSFLTGELFF,CTELKLSDY,A*01:01,1
CASSFLTGPKGDYTF,SPRWYFYYL,B*07:02,1
CASSFLTPGQVHSGNTIYF,LLWNGPMAV,A*02:01,1
CASSFMETQYF,ALSPVIPHI,A*02:01,1
CASSFMGQGESGYTF,LLSIISFPA,A*02:01,1
CASSFMGQGESGYTF,LLSIIFFPA,A*02:01,1
CASSFMTEAGELFF,ILNAMIAKI,A*02:01,1
CASSFNSLDRSFFSGNTIYF,SPRWYFYYL,B*07:02,1
CASSFPGTGGNIQYF,KLSALGINAV,A*02:01,1
CASSFPLGGSPQLVTQYF,RQLLFVVEV,A*02:01,1
CASSFPPGGVGTEKLFF,RYPLTFGW,A*24:02,1
CASSFPVSDPSTDTQYF,KMVAVFYTT,A*02:01,1
CASSFQGYTEAFFGF,NLVPMVATV,A*02:01,1
CASSFRDEDPGNTIYF,YHSIEWAI,B*38:01,1
CASSFRDSSYEQYF,ALSPVIPHI,A*02:01,1
CASSFRGEAFF,AVGSYVYSV,A*02:01,1
CASSFRGLNQPQHF,VYFLQSINF,A*24:02,1
CASSFRQTLAVYEQYF,LLSIISFPA,A*02:01,1
CASSFRQTLAVYEQYF,LLSIIFFPA,A*02:01,1
CASSFSGTFEAFF,ALSPVIPHI,A*02:01,1
CASSFSVRDMGTEAFF,CTELKLSDY,A*01:01,1
CASSFSVWDSNQPQHF,KLNTITPVV,A*02:01,1
CASSFTSGSGHEQYF,VVLSWAPPV,A*02:01,1
CASSFTSGSGHEQYF,VVMSWAPPV,A*02:01,1
CASSFTVAGEQYF,ALSPVIPHI,A*02:01,1
CASSFTWTSGGATDTQYF,FLRGRAYGL,B*08:01,1
CASSFVGLAGNEQFF,RYPLTFGW,A*24:02,1
CASSFVRDSPHRDTEAFF,KMVAVFYTT,A*02:01,1
CASSFWAGGWTEAFF,MLNIPSINV,A*02:01,1
CASSFWDRVSGANVLTFGF,NLVPMVATV,A*02:01,1
CASSFWGADTQYF,LLWNGPMAV,A*02:01,1
CASSFWGLPHQETQYF,KMVAVFYTT,A*02:01,1
CASSFWRDGATNEKLFF,KMVAVFYTT,A*02:01,1
CASSFYGREAF,LLWNGPMAV,A*02:01,1
CASSGAAGTSAYNEQFF,ALSPVIPHI,A*02:01,1
CASSGAAGTSAYNEQFF,ALSPVIPLI,A*02:01,1
CASSGAGGYEQYF,LLWNGPMAV,A*02:01,1
CASSGASYEQYF,CTELKLSDY,A*01:01,1
CASSGDAAGAYGYTF,LLWNGPMAV,A*02:01,1
CASSGDRNQPQHF,KLSALGINAV,A*02:01,1
CASSGELTDTQYF,VLNYFEPYL,A*02:01,1
CASSGFRGELFF,ILTGLNYEV,A*02:01,1
CASSGFSNQPQHF,MMPFSIVYI,A*02:01,1
CASSGGGAEAFF,ILTGLNYEA,A*02:01,1
CASSGGGAEAFF,ILTGLNYEV,A*02:01,1
CASSGGGAGNEQFF,LIIPFIHLI,A*02:01,1
CASSGGGGGAYEQYF,LLWNGPMAV,A*02:01,1
CASSGGGGRGYNEQFF,LIIPFIHLI,A*02:01,1
CASSGGLYSTDTQYF,GQVMVVAPR,B*27:05,1
CASSGGLYSTDTQYF,LRVMMLAPF,B*27:05,1
CASSGGLYSTDTQYF,TRLALIAPK,B*27:05,1
CASSGGLYSTDTQYF,GQMWLLAPR,B*27:05,1
CASSGGLYSTDTQYF,GKTELLAPF,B*27:05,1
CASSGGQGAYEQYF,LLWNGPMAV,A*02:01,1
CASSGGVSYNEQFF,LLWNGPMAV,A*02:01,1
CASSGLAGGPFGMETQYF,ILTGLNYEA,A*02:01,1
CASSGLAGGPFGMETQYF,ILTGLNYEV,A*02:01,1
CASSGLINGNTIYF,FEDLRLLSF,B*37:01,1
CASSGLINGNTIYF,FEDLRVLSF,B*37:01,1
CASSGLRGPNEQFF,LLWNGPMAV,A*02:01,1
CASSGPRGYTF,ILNAMITKI,A*02:01,1
CASSGQGAYEQFF,LLWNGPMAV,A*02:01,1
CASSGQGAYITDTQYF,ALSPVIPLI,A*02:01,1
CASSGQGGDEQYF,ILTGLNYEA,A*02:01,1
CASSGQGGDEQYF,ILTGLNYEV,A*02:01,1
CASSGQGIAYEQYF,LLWNGPMAV,A*02:01,1
CASSGRDRNF,LLSIISFPA,A*02:01,1
CASSGRDRNF,LLSIIFFPA,A*02:01,1
CASSGRDRQNTEAF,LLWNGPMAV,A*02:01,1
CASSGRDSPSDEQFF,SPRWYFYYL,B*07:02,1
CASSGSGASTDTQYF,KMVAVFYNT,A*02:01,1
CASSGSGGFTEAFF,LLAMTVPNV,A*02:01,1
CASSGSSVETQYF,LIIPFIHLI,A*02:01,1
CASSGVRATEAFF,FEDLRVLSF,B*37:01,1
CASSGVRATEAFF,FEDLRLLSF,B*37:01,1
CASSHASGQGDSYEQYF,RFPLTFGWCF,A*24:02,1
CASSHDAGASTGELFF,LLWNGPMAV,A*02:01,1
CASSHETGELFF,YVLTWIVGA,A*02:01,1
CASSHGASYEQYVF,LLWNGPMAV,A*02:01,1
CASSHGGGFAYEQYF,LLWNGPMAV,A*02:01,1
CASSHGTAYGYTF,LLWNGPMAV,A*02:01,1
CASSHGTETYEQYF,SVYGDTLEK,A*11:01,1
CASSHLAGGAGEQFF,LLWNGPMAV,A*02:01,1
CASSHLLAAYNEQFF,CTELKLSDY,A*01:01,1
CASSHLQGSEKLFF,CTELKLSDY,A*01:01,1
CASSHRDSQETQYF,RYPLTFGW,A*24:02,1
CASSHRTSGRAEEQYF,RFPLTFGWCF,A*24:02,1
CASSHSGYEQF,LLWNGPMAV,A*02:01,1
CASSIAAGNTIYF,KLVALGINAV,A*02:01,1
CASSIAGGLYEQFF,VYIGDPAQL,A*02:01,1
CASSIAGGSLHEQYF,SPRWYFYYL,B*07:02,1
CASSIAPGNEQYF,LLFGMPPCL,A*02:01,1
CASSIAVSLAKNIQYF,VMPFSIVYIV,A*02:01,1
CASSIAVSLAKNIQYF,VLNYFKPYL,A*02:01,1
CASSIEGPTGELF,VAANIVLTV,A*02:01,1
CASSIFGQREQYF,GILGFVFTL,A*02:01,1
CASSIFPNPGNTIYF,VAANIVLTV,A*02:01,1
CASSIFTRRGYEQYF,ILNVDVFTL,A*02:01,1
CASSIFTRRGYEQYF,ILNVDIFTL,A*02:01,1
CASSIGDYEQYF,RLGPYLEFL,A*02:01,1
CASSIGGYGYTF,FLYNPLTRV,A*02:01,1
CASSIGLGGTSEQFF,LLWNGPMAV,A*02:01,1
CASSIGLNQPQHF,KLVALGINAV,A*02:01,1
CASSIGQAYYEQYF,FEDLRVLSF,B*37:01,1
CASSIGRSEQFF,FEDLRLLSF,B*37:01,1
CASSIGSGMNSPLHF,FEDLRLLSF,B*37:01,1
CASSIGTGGNYGYTF,FEDLRVLSF,B*37:01,1
CASSIGVRAFF,FEDLRVSSF,B*37:01,1
CASSIGVRAFF,FEDLRVLSF,B*37:01,1
CASSIGVRAFF,FEDLRLLSF,B*37:01,1
CASSIIAGSSYNEQFF,LVLEVDPNI,A*02:01,1
CASSIIAGSSYNEQFF,EIQEFCPNT,A*02:01,1
CASSIIAGSSYNEQFF,CFVECAPVC,A*02:01,1
CASSIIAGSSYNEQFF,KVKEVCPNV,A*02:01,1
CASSIIAGSSYNEQFF,KMVTVCPNT,A*02:01,1
CASSIIAGSSYNEQFF,NMIHFAPNV,A*02:01,1
CASSIIAGSSYNEQFF,NMINFAPNI,A*02:01,1
CASSIIAGSSYNEQFF,KLLEIAPNC,A*02:01,1
CASSIIAGSSYNEQFF,RTMEVCYNT,A*02:01,1
CASSIIAGSSYNEQFF,AEMEFCPCC,A*02:01,1
CASSIIAGSSYNEQFF,GCQEICPAC,A*02:01,1
CASSIIAGSSYNEQFF,NDMLVCANI,A*02:01,1
CASSILGASNQPQHF,THLMVLCCV,A*02:01,1
CASSILGASNQPQHF,LVLEVDPNI,A*02:01,1
CASSILGASNQPQHF,RTMEVCYNT,A*02:01,1
CASSILGASNQPQHF,CFLLILPNC,A*02:01,1
CASSILGASNQPQHF,KVKEVCPNV,A*02:01,1
CASSILGASNQPQHF,GCQEICPAC,A*02:01,1
CASSILGASNQPQHF,AEMEFCPCC,A*02:01,1
CASSILGASNQPQHF,EIQEFCPNT,A*02:01,1
CASSILGASNQPQHF,CFVECAPVC,A*02:01,1
CASSILGASNQPQHF,KLLEIAPNC,A*02:01,1
CASSILQGLGGSNQPQHF,SPRWYFYYL,B*07:02,1
CASSILQGRSYEQYF,FEDLRLLSF,B*37:01,1
CASSINRASEAFF,CTELKLSDY,A*01:01,1
CASSIPAGGAYGYTF,LLWNGPMAV,A*02:01,1
CASSIPDGTQYF,FEDLRLLSF,B*37:01,1
CASSIPSRTTNYGYTF,RLGPYLEFL,A*02:01,1
CASSIQGNSNQPQHF,RLGPYLEFL,A*02:01,1
CASSIQGRGDTEAFF,LLWNGPMAV,A*02:01,1
CASSIRSSTEAF,GILGFVFTL,A*02:01,1
CASSIRVSGANVLTF,LMFWASSSI,A*02:01,1
CASSISGGSYEQYF,RLGPYLEFL,A*02:01,1
CASSISPSGFNGYTF,FEDLRVLSF,B*37:01,1
CASSISPSSYEQYF,KLWASPLHV,A*02:01,1
CASSISSGRTYEQYF,FEDLRVLSF,B*37:01,1
CASSISSGVAYEQYF,RPPIFIRRL,B*07:02,1
CASSISSTGELF,RLPGVLPRA,A*02:01,1
CASSISTSGYEQFF,NLNCCSVPV,A*02:01,1
CASSITWMNTEAFF,KMVAVFYTT,A*02:01,1
CASSIVDGYEQYF,NLNCCSVPV,A*02:01,1
CASSIVGQGYEQYF,NLNCCSVPV,A*02:01,1
CASSIVKLAGGTYEQYF,CTELKLSDY,A*01:01,1
CASSIVQRTNTEAFF,FEDLRLLSF,B*37:01,1
CASSIVSSSYNEQFF,VAANIVLTV,A*02:01,1
CASSIYGAGYTEAFF,GILGFVFTL,A*02:01,1
CASSIYRRRQGALAGPDTQYF,FEDLRVSSF,B*37:01,1
CASSIYSVNEQF,GILGFVFTL,A*02:01,1
CASSKDRNQPQHF,KLSALGINAV,A*02:01,1
CASSKQGEAEAFF,LLWNGPMAV,A*02:01,1
CASSKRNEQFF,RFPLTFGWCF,A*24:02,1
CASSKTSGSPYNEQF,NLVPMVATV,A*02:01,1
CASSLAAQGQRVTGELFF,KMVAVFYTT,A*02:01,1
CASSLADLYSYEQYF,KMVAVFYTT,A*02:01,1
CASSLAGDRGRNSPLHF,KMVAVFYTT,A*02:01,1
CASSLAGESSYNEQFF,VVLSWAPPV,A*02:01,1
CASSLAGGGEQYF,YVLDHLIVV,A*02:01,1
CASSLAGGPLHEQFF,SPRWYFYYL,B*07:02,1
CASSLAGGSEQFF,SPRWYFYYL,B*07:02,1
CASSLAGGTGETQYF,CTELKLSDY,A*01:01,1
CASSLAGQGANEKLF,KLSALGINAV,A*02:01,1
CASSLAGSTGELFF,VYIGDPAQL,A*24:02,1
CASSLAGTSPPFF,RFPLTFGWCF,A*24:02,1
CASSLAGTTVYNEQFF,RPIPIKYKAM,B*07:02,1
CASSLAGVEQYF,SPRWYFYYL,B*07:02,1
CASSLAKMDLPLAKNIQYF,NLFNRYPAL,A*02:01,1
CASSLALDEQFF,IPSINVHHY,B*35:01,1
CASSLAPGSYEQYF,LLWNGPMAV,A*02:01,1
CASSLAQGKAFF,FEDLRVSSF,B*37:01,1
CASSLAQGSYEQYF,LLWNGPMAV,A*02:01,1
CASSLASGGALYNEQF,LLWNGPMAV,A*02:01,1
CASSLASGRATELF,HTMLCMCCK,A*11:01,1
CASSLASGYEQYF,NYNYLYRLF,A*24:02,1
CASSLASWGNEKLF,RPRGEVRFL,B*07:02,1
CASSLATEQFF,AVGSYVYSV,A*02:01,1
CASSLAVGETRNSPLHF,KMVAVFYTT,A*02:01,1
CASSLAVGQPGEEEQYF,KMVAVFYTT,A*02:01,1
CASSLAVHNEQFF,FEDLRLLSF,B*37:01,1
CASSLAVHNEQFF,FEDLRVLSF,B*37:01,1
CASSLAYSYEQYF,YLEPGPVTA,A*02:01,1
CASSLDGGLTDTQYF,IVCPICSQK,A*11:01,1
CASSLDGPTQYF,LLFALHFSA,A*02:01,1
CASSLDIEAFF,YLQPRTFLL,A*02:01,1
CASSLDLAGGFYEQYF,LLAGTLAVV,A*02:01,1
CASSLDLDSDGYTF,MTLHGFMMY,A*30:02,1
CASSLDLDWGQSYNEQFF,VVMSWAPPV,A*02:01,1
CASSLDLDWGQSYNEQFF,VVLSWAPPV,A*02:01,1
CASSLDRAIGVTYEQYF,VLFGLGFAI,A*02:01,1
CASSLDRVTGELF,NLVPMVATV,A*02:01,1
CASSLDSPPGVTEAFF,CTELKLSDY,A*01:01,1
CASSLDYNEQFF,NLNCCSVPV,A*02:01,1
CASSLEAAPGRYGYTF,CTELKLSDY,A*01:01,1
CASSLEDSANYGYTF,KLWASPLHV,A*02:01,1
CASSLEFGADTQYF,LMFWASSSI,A*02:01,1
CASSLEGEKLFF,LLSIIFFPA,A*02:01,1
CASSLEGTGLTDTQYF,ELAGIGILTV,A*02:01,1
CASSLEGYTEAFFGF,NLVPMVATV,A*02:01,1
CASSLEPQDTQYF,CTELKLSDY,A*01:01,1
CASSLEQFLSGPAETQYF,KMVAVFYTT,A*02:01,1
CASSLERGPYYEQYF,LLWNGPMAV,A*02:01,1
CASSLESTANTEAFF,FLYNLLTRV,A*02:01,1
CASSLETGGWETQYF,KLNTITPVV,A*02:01,1
CASSLETGRNIQYF,SPRWYFYYL,B*07:02,1
CASSLEVARLAGEGYEQYF,RFPLTFGWCF,A*24:02,1
CASSLEVLAGVYEQYF,LLWNGPMAV,A*02:01,1
CASSLFGGFTEAFFGF,NLVPMVATV,A*02:01,1
CASSLFNQETQYF,YVLDHLIVV,A*02:01,1
CASSLFPGGNTGELFFGF,ELAGIGILTV,A*02:01,1
CASSLFVGGPGNEQF,NLVPMVATV,A*02:01,1
CASSLGAEQYF,LLFGMTPCL,A*02:01,1
CASSLGAGSYEQYF,VLFHRAFLV,A*02:01,1
CASSLGDRGPQPQHF,AVGSYVYSV,A*02:01,1
CASSLGETIYGYTF,QYIKWPWYI,A*24:02,1
CASSLGFGYEQFF,MLNIPSINV,A*02:01,1
CASSLGGAAYNEQF,LLWNGPMAV,A*02:01,1
CASSLGGAGSQPQHF,LLWNGPMAV,A*02:01,1
CASSLGGAPYNEQF,LLWNGPMAV,A*02:01,1
CASSLGGDEQYF,NLFNRYPAL,A*02:01,1
CASSLGGGADEQFF,KTWGQYWQV,A*02:01,1
CASSLGGGAYEQYF,ILTGLNYEA,A*02:01,1
CASSLGGGAYEQYF,ILTGLNYEV,A*02:01,1
CASSLGGGEGGSSYEQYF,RPPIFIRRL,B*07:02,1
CASSLGGGELFF,KTWGQYWQV,A*02:01,1
CASSLGGIGSTGNQPQHF,SVYGDTLEK,A*11:01,1
CASSLGGIPVNEQFF,LLWNGPMAV,A*02:01,1
CASSLGGLGQPQHF,ELAGIGILTV,A*02:01,1
CASSLGGLVYNEQFF,FLYNPLTRV,A*02:01,1
CASSLGGLVYNEQFF,SLAPLSPRV,A*02:01,1
CASSLGGLVYNEQFF,FLYNLLTRV,A*02:01,1
CASSLGGPAEQYF,VVMSWAPPV,A*02:01,1
CASSLGGPAEQYF,VVLSWAPPV,A*02:01,1
CASSLGGPGAFF,LLFGMTPCL,A*02:01,1
CASSLGGQGAYEQYF,LLWNGPMAV,A*02:01,1
CASSLGGSYTF,VVLSWAPPV,A*02:01,1
CASSLGGTEAFF,KMVAVFYTT,A*02:01,1
CASSLGHFEGNQPQHF,KMVAVFYTT,A*02:01,1
CASSLGIYGYTF,LLWNGPMAV,A*02:01,1
CASSLGLADPNNEQFF,LLFGYPVYV,A*02:01,1
CASSLGLAGDNEQFF,RYPLTFGW,A*24:02,1
CASSLGLAGDNEQFF,RFPLTFGWCF,A*24:02,1
CASSLGNGGWAEAFF,AVGSYVYSV,A*02:01,1
CASSLGNTEAFF,FLYNPLTRV,A*02:01,1
CASSLGPAYNEQFF,MLNIPSINV,A*02:01,1
CASSLGPGKSSKTQYF,FEDLRVSSF,B*37:01,1
CASSLGPMEENIQYF,ILNVDVFTL,A*02:01,1
CASSLGPMEENIQYF,ILNVDIFTL,A*02:01,1
CASSLGPNSPLHF,ILNAMIAKI,A*02:01,1
CASSLGPNSPLHF,ILNAMITKI,A*02:01,1
CASSLGPSLYEQYF,SLAPLSPRA,A*02:01,1
CASSLGPSLYEQYF,SLAPLSPRV,A*02:01,1
CASSLGPTTYKSSYEQYF,FEDLRVSSF,B*37:01,1
CASSLGPYEQYF,LLWNGPMAV,A*02:01,1
CASSLGQFNTEAF,IVCPICSQK,A*11:01,1
CASSLGQGASIEQYF,LLWNGPMAV,A*02:01,1
CASSLGQGRVEQYF,GQFLTPNSH,B*15:01,1
CASSLGQGTYEQYF,LLFALYFSA,A*02:01,1
CASSLGQGTYEQYF,LLFALHFSA,A*02:01,1
CASSLGQGWETQYF,ILNVDVFTL,A*02:01,1
CASSLGQGWETQYF,ILNVDIFTL,A*02:01,1
CASSLGQTVTQETQYF,FLYNLLTRV,A*02:01,1
CASSLGRGNSPLHF,VYGIRLEHF,A*24:02,1
CASSLGRGVQFF,FEDLRLLSF,B*37:01,1
CASSLGSGTQYF,KLVALGINAV,A*02:01,1
CASSLGTAITDTQYF,KLSALGINAV,A*02:01,1
CASSLGTGVTEIF,VVMSWAPPV,A*02:01,1
CASSLGTGVTEIF,VVLSWAPPV,A*02:01,1
CASSLGTLNEQFF,ALSPVIPLI,A*02:01,1
CASSLGTPTEAFF,FEDLRVLSF,B*37:01,1
CASSLGTSSTDTQYF,VLNYFKPYL,A*02:01,1
CASSLGVFTGAGNQPQHF,SPRWYFYYL,B*07:02,1
CASSLGVGTEAFF,ELAGIGILTV,A*02:01,1
CASSLIDSPYEQYF,VLNYFKPYL,A*02:01,1
CASSLIDSPYEQYF,VLNYFEPYL,A*02:01,1
CASSLIDTGELFF,RLGPYLEFL,A*02:01,1
CASSLIEGLSEQYF,FEDLRLLSF,B*37:01,1
CASSLIGGAQNIQYF,VLNYFEPYL,A*02:01,1
CASSLILDSPLHF,MTLHGFMMY,A*30:02,1
CASSLIQGAVDTQYF,LLFGMPPCL,A*02:01,1
CASSLISEATGLEAFF,RLVPYLEFL,A*02:01,1
CASSLISRTQYF,RFPLTFGWCF,A*24:02,1
CASSLITGGAKNIQYF,SPRWYFYYL,B*07:02,1
CASSLKTGGSTEAFF,SPRWYFYYL,B*07:02,1
CASSLLAGYNEQFF,FEDLRLLSF,B*37:01,1
CASSLLGNTEAFF,MLYQHLLPL,A*02:01,1
CASSLLGQSTNEKLFF,VLNYFKPYL,A*02:01,1
CASSLLKGTLHF,FEDLRVSSF,B*37:01,1
CASSLLLSREQFF,SPRWYFYYL,B*07:02,1
CASSLLVEQF,NLVPMVATV,A*02:01,1
CASSLLWRNNEQFF,FEDLRLLSF,B*37:01,1
CASSLLWRNNEQFF,FEDLRVLSF,B*37:01,1
CASSLMGAEAFF,NLFNRYPAL,A*02:01,1
CASSLNREGNTEAFF,ALYGFVPVL,A*02:01,1
CASSLNRGLNTGELFF,KMVAVFYTT,A*02:01,1
CASSLPDNNEQFF,KMVAVFYNT,A*02:01,1
CASSLPDNNEQFF,KMVAVFYTT,A*02:01,1
CASSLPGAGHIQYF,VYIGDPAQL,A*24:02,1
CASSLPGANVLTF,CTELKLSDY,A*01:01,1
CASSLPGGPRETQYF,ILTGLNYEV,A*02:01,1
CASSLPGGPRETQYF,ILTGLNYEA,A*02:01,1
CASSLPLAGARAYEQYF,RFPLTFGWCF,A*24:02,1
CASSLPPADMRDTQYF,LLFGMPPCL,A*02:01,1
CASSLPRGYGYTF,RFPLTFGWCF,A*24:02,1
CASSLQASGRETQYF,ILTGLNYEV,A*02:01,1
CASSLQASGRETQYF,ILTGLNYEA,A*02:01,1
CASSLQGGYGGGYTF,ELAGIGILTV,A*02:01,1
CASSLQNTGELFF,YLQPRTFLL,A*02:01,1
CASSLRDSSYEQYF,LLWNGPMAV,A*02:01,1
CASSLREAGELFF,FLYNPLTRV,A*02:01,1
CASSLRGEKNNYGYTF,GMGPLLATV,A*02:01,1
CASSLRGLNQPQHF,VYFLQSINF,A*24:02,1
CASSLRGPTGYTF,LLWNGPMAV,A*02:01,1
CASSLRSGTGELFF,FEDLRLLSF,B*37:01,1
CASSLRTDRF,KTFPPTEPK,A*03:01,1
CASSLRTGPRADTQYF,RFPLTFGWCF,A*24:02,1
CASSLSFGTEAFF,ELAGIGILTV,A*02:01,1
CASSLSGGFYEQYFGF,EAAGIGILTV,A*02:01,1
CASSLSGGPQHF,LMFWASSSI,A*02:01,1
CASSLSGQGATNEKLFF,MLYQHLLPL,A*02:01,1
CASSLSGVAYGYTF,ILTGLNYEV,A*02:01,1
CASSLSGVAYGYTF,ILTGLNYEA,A*02:01,1
CASSLSLGGQYNGYTF,LLWNGPMAV,A*02:01,1
CASSLSPGYTEAFF,YVLTWIVGA,A*02:01,1
CASSLSPTDTQYF,KMVAVFYTT,A*02:01,1
CASSLSSATGELF,LLWNGPMAV,A*02:01,1
CASSLSSGPYNEQFF,VVMSWAPPV,A*02:01,1
CASSLSSGPYNEQFF,VVLSWAPPV,A*02:01,1
CASSLSTVFTDTQYF,ELAGIGILTV,A*02:01,1
CASSLSWEDENTDTQYF,KMVAVFYTT,A*02:01,1
CASSLSWGETQYF,MTLHGFMMY,A*30:02,1
CASSLSWLDSQETQYF,KMVAVFYTT,A*02:01,1
CASSLSYEQYF,FLTVFSHFM,A*02:01,1
CASSLTALGAAYVYTF,LLWNGPMAV,A*02:01,1
CASSLTGETEKLF,RLPGVLPRA,A*02:01,1
CASSLTGGGNYGYTF,MTLHGFMMY,A*30:02,1
CASSLTGHNQPQHF,FEDLRLLSF,B*37:01,1
CASSLTGQGAFF,FEDLRVLSF,B*37:01,1
CASSLTGQGAFF,FEDLRLLSF,B*37:01,1
CASSLTGQGAFF,FEDLRVSSF,B*37:01,1
CASSLTGRETQYF,MTLHGFMMY,A*30:02,1
CASSLTGSAEAFF,MMPFSIVYI,A*02:01,1
CASSLTGTGSYNEQFF,CTELKLSDY,A*01:01,1
CASSLTQNEQFF,FEDLRVLSF,B*37:01,1
CASSLVAGPYSQETQYF,MMPFSIVYI,A*02:01,1
CASSLVAGPYSQETQYF,VMPFSIVYI,A*02:01,1
CASSLVDSGLYEQYF,KLVALGINAV,A*02:01,1
CASSLVESEQFF,MLNIPSINV,A*02:01,1
CASSLVGAEAFF,LLSIISFPA,A*02:01,1
CASSLVGAEAFF,LLSIIFFPA,A*02:01,1
CASSLVGEGRGREQYF,QYIKWPWYI,A*24:02,1
CASSLVGGRSGSEQFF,QSRGDENRGW,B*57:01,1
CASSLVPGNHNEQFF,FEDLRLLSF,B*37:01,1
CASSLVPSGQANTEAFF,KMVAVFYTT,A*02:01,1
CASSLVPSGQANTEAFF,LLAMTVPNV,A*02:01,1
CASSLVRADGETQYF,KMVAVFYTT,A*02:01,1
CASSLVRDRHTEAFF,LLAILTYYV,A*02:01,1
CASSLVSGREETQYF,KMVAVFYTT,A*02:01,1
CASSLVTGTGWGYTF,NLVPMVATV,A*02:01,1
CASSLWAGETQYF,NLNCCSVPV,A*02:01,1
CASSLWASGKWSTDTQYF,CTELKLSDY,A*01:01,1
CASSLWGAGELFF,VLFGLGFAI,A*02:01,1
CASSLWGRALSYEQYF,FEDLRVSSF,B*37:01,1
CASSLWGTEAFF,RPPIFIRRL,B*07:02,1
CASSLYGELYYGYTF,SLLWMNPFV,A*02:01,1
CASSLYGGESQETQYF,VVLSWAPPV,A*02:01,1
CASSLYGGESQETQYF,VVMSWAPPV,A*02:01,1
CASSLYRGLYEQYF,VYGIRLEHF,A*24:02,1
CASSLYTAVETQYF,QYDPVAALF,A*24:02,1
CASSLYVYSYEQYF,NLFNRYPAL,A*02:01,1
CASSMAAGTHEQYF,ALSPVIPHI,A*02:01,1
CASSMAGEQYF,ELAGIGILTV,A*02:01,1
CASSMAGSSYEQYF,GMGPLLATV,A*02:01,1
CASSMAQGARSPLHF,FEDLRVLSF,B*37:01,1
CASSMAQGARSPLHF,FEDLRLLSF,B*37:01,1
CASSMGGVGTEAFF,ALSPVIPHI,A*02:01,1
CASSMGRDGYTF,FEDLRVLSF,B*37:01,1
CASSMGRDGYTF,FEDLRLLSF,B*37:01,1
CASSMGTGPRETQYF,FEDLRVLSF,B*37:01,1
CASSMGTYSNQPQHF,FEDLRVLSF,B*37:01,1
CASSMGTYSNQPQHF,FEDLRVSSF,B*37:01,1
CASSMLGVLRGANVLTF,FEDLRLLSF,B*37:01,1
CASSMLVANYGYTF,FEDLRLLSF,B*37:01,1
CASSMSAMGTEAFF,FEDLRVLSF,B*37:01,1
CASSMSAMGTEAFF,FEDLRLLSF,B*37:01,1
CASSMSAMGTEAFF,FEDLRVSSF,B*37:01,1
CASSMSGWGDTQYF,ILNAMIAKI,A*02:01,1
CASSNARGYGYTF,FLYNPLTRV,A*02:01,1
CASSNLGGTDTQYF,LLFGMTPCL,A*02:01,1
CASSNQETQYF,ALYGFVPVL,A*02:01,1
CASSNVLAGGRDTQYF,ALYGFVPVL,A*02:01,1
CASSPAAVNYGYTF,RFPLTFGWCF,A*24:02,1
CASSPAGGYEQYVF,LLWNGPMAV,A*02:01,1
CASSPAGQGAGTGELF,LLWNGPMAV,A*02:01,1
CASSPAGTDYGYTF,KLNTITPVV,A*02:01,1
CASSPAPAYEQYF,KLWASPLHV,A*02:01,1
CASSPAPAYEQYF,LLWNGPMAV,A*02:01,1
CASSPAVGTGDEKLFF,FMLYLLTLM,A*02:01,1
CASSPDGGHSTDTQYF,LLWNGPMAV,A*02:01,1
CASSPDLNPYEQYF,VVLSWAPPV,A*02:01,1
CASSPDLNPYEQYF,VVMSWAPPV,A*02:01,1
CASSPDPYEQYF,LLFGMTPCL,A*02:01,1
CASSPDPYEQYF,LLFGMPPCL,A*02:01,1
CASSPDRFYEQYF,KLWASPLHV,A*02:01,1
CASSPDVGHEKLFF,ELAGIGILTV,A*02:01,1
CASSPEGVGGGEQYF,KLSALGINAV,A*02:01,1
CASSPENSNQPQHF,LLWNGPMAV,A*02:01,1
CASSPEPGSHEQYF,ELAGIGILTV,A*02:01,1
CASSPESSGGDNEQFF,LLWNGPMAV,A*02:01,1
CASSPFLTGSNTEAFF,VAANIVLTV,A*02:01,1
CASSPGAAYEQYF,LLWNGPMAV,A*02:01,1
CASSPGGATEAFF,LLWNGPMAV,A*02:01,1
CASSPGGGAYEQYF,RPIPIKYKAM,B*07:02,1
CASSPGGGELFF,KMVAVFYNT,A*02:01,1
CASSPGGGELFF,KMVAVFYTT,A*02:01,1
CASSPGGGYEQYF,NLNCCSVPV,A*02:01,1
CASSPGGTEAFF,ELAGIGILTV,A*02:01,1
CASSPGGVSYNEQF,LLWNGPMAV,A*02:01,1
CASSPGGYYGYTF,LLSIIFFPA,A*02:01,1
CASSPGLAGGWEQYF,NLVPMVATV,A*02:01,1
CASSPGLDYEQYF,MLNIPSINV,A*02:01,1
CASSPGLSYEQYVF,LLWNGPMAV,A*02:01,1
CASSPGLYSTDTQYF,TRLALIAPK,B*27:05,1
CASSPGLYSTDTQYF,GQVMVVAPR,B*27:05,1
CASSPGLYSTDTQYF,LRVMMLAPF,B*27:05,1
CASSPGLYSTDTQYF,GQMWLLAPR,B*27:05,1
CASSPGLYSTDTQYF,GKTELLAPF,B*27:05,1
CASSPGLYTQYF,FLYNPLTRV,A*02:01,1
CASSPGPNQPQHF,YHSIEWAI,B*38:01,1
CASSPGQAEPQHF,LLAGTLAGV,A*02:01,1
CASSPGQAEPQHF,LLAGTLAVV,A*02:01,1
CASSPGQGIDSPLHF,NLNCCSVPV,A*02:01,1
CASSPGQGLAYEQYF,NLNCCSVPV,A*02:01,1
CASSPGQGYEQYF,KLWASPLHV,A*02:01,1
CASSPGQGYEQYF,LLWNGPMAV,A*02:01,1
CASSPGQSPTNEKLFF,ELAGIGILTV,A*02:01,1
CASSPGQVSYEQYF,LLWNGPMAV,A*02:01,1
CASSPGRTQYF,FLYNLLTRV,A*02:01,1
CASSPGSAVYNEQFF,SPRWYFYYL,B*07:02,1
CASSPGTAADTQYF,FEDLRVLSF,B*37:01,1
CASSPGTAAGLTYEQYF,RFPLTFGWCF,A*24:02,1
CASSPGTANQPQHF,LLWNGPMAV,A*02:01,1
CASSPGTAYEQYF,KLWASPLHV,A*02:01,1
CASSPGTDYTGELFF,CTELKLSDY,A*01:01,1
CASSPGTEAFF,RFPLTFGWCF,A*24:02,1
CASSPGTGAGYGYTF,LLWNGPMAV,A*02:01,1
CASSPGTGGYTEAF,LLWNGPMAV,A*02:01,1
CASSPGTGHTGELF,NLVPMVATV,A*02:01,1
CASSPGTGYEQYF,KLWASPLHV,A*02:01,1
CASSPGTSYEQYF,ALYGSVPVL,A*02:01,1
CASSPGTTTNEKLFF,VLNYFEPYL,A*02:01,1
CASSPGWGNYGYTF,LLWNGPMAV,A*02:01,1
CASSPHLRKGLEPQHF,RYPLTFGWCF,A*24:02,1
CASSPHSGGDPRNEQFF,YVLTWIVGA,A*02:01,1
CASSPIAGGRKNIQYF,SPRWYFYYL,B*07:02,1
CASSPIETAKNIQYF,SPRWYFYYL,B*07:02,1
CASSPIGGGSNEQFF,ELAGIGILTV,A*02:01,1
CASSPITGTSLANEQFF,VLFGLGFAI,A*02:01,1
CASSPITNTGELFF,KMVAVFYNT,A*02:01,1
CASSPITNTGELFF,KMVAVFYTT,A*02:01,1
CASSPKAGILETQYF,RPPIFIRRL,B*07:02,1
CASSPKLQGAWAEKLF,NLVPMVATV,A*02:01,1
CASSPLAGRAEQFF,SPRWYFYYL,B*07:02,1
CASSPLAGVGTFRSYEQYF,HTMLCMCCK,A*11:01,1
CASSPLGGVDTQYF,IVCPICSQK,A*11:01,1
CASSPLGLAEQETQYF,VLFHRAFLV,A*02:01,1
CASSPLHLRDGPKTPLHF,FEDLRVSSF,B*37:01,1
CASSPLNSGTGNEQFF,TSTLQEQIGW,B*57:01,1
CASSPLRGPADRTGTEAFF,YVLDHLIVV,A*02:01,1
CASSPLRGPYEQYF,VVLSWAPPV,A*02:01,1
CASSPLRGPYEQYF,VVMSWAPPV,A*02:01,1
CASSPLTATDTQYF,QYDPVAALF,A*24:02,1
CASSPLTGSAERKETQYF,SPRWYFYYL,B*07:02,1
CASSPLTSNYGYTF,SPRWYFYYL,B*07:02,1
CASSPLVGLAGEKETQYF,SPRWYFYYL,B*07:02,1
CASSPMGQSYEQYF,ILTGLNYEA,A*02:01,1
CASSPMGQSYEQYF,ILTGLNYEV,A*02:01,1
CASSPMNEQFF,LLWNGPMAV,A*02:01,1
CASSPMTGAEQFF,VVMSWAPPV,A*02:01,1
CASSPMTGAEQFF,VVLSWAPPV,A*02:01,1
CASSPMTGDGTQYF,CTELKLSDY,A*01:01,1
CASSPNLQGAWGYTF,LLWNGPMAV,A*02:01,1
CASSPNSAGGTEAF,LLWNGPMAV,A*02:01,1
CASSPPAGGQGAYEQYF,LLWNGPMAV,A*02:01,1
CASSPPAGSYNEQF,NLVPMVATV,A*02:01,1
CASSPPGRSYNEQFF,QSRGDENRGW,B*57:01,1
CASSPPGSKAYGYTF,MTLHGFMMY,A*30:02,1
CASSPPLWGVYGYTF,KMVAVFYTT,A*02:01,1
CASSPQGDSASSGNTIYF,KLSALGINAV,A*02:01,1
CASSPQGQGESGANVLTF,MLNIPSINV,A*02:01,1
CASSPQGYEQYF,RFPLTFGWCF,A*24:02,1
CASSPQTGAVTEAF,LLWNGPMAV,A*02:01,1
CASSPQTGTIYGYTGF,NLVPMVATV,A*02:01,1
CASSPQTSGSSFAGELFF,ALSKGVHFV,A*02:01,1
CASSPRAYNEQFF,ILTGLNYEV,A*02:01,1
CASSPRAYNEQFF,ILTGLNYEA,A*02:01,1
CASSPRIGGPREGYTF,VVLSWAPPV,A*02:01,1
CASSPRIGGPREGYTF,VVMSWAPPV,A*02:01,1
CASSPRLAGGKYNEQFF,FLYNPLTRV,A*02:01,1
CASSPRQGNNSPLHF,FEDLRVLSF,B*37:01,1
CASSPRQGNNSPLHF,FEDLRLLSF,B*37:01,1
CASSPRQGVYEQYF,RFPLTFGWCF,A*24:02,1
CASSPRRTGYTGELF,LLWNGPMAV,A*02:01,1
CASSPRSAVEQYF,GILGFVFTL,A*02:01,1
CASSPRYSSGELFF,RFPLTFGWCF,A*24:02,1
CASSPSGGTAYEQYF,LLWNGPMAV,A*02:01,1
CASSPSGSGTGTYEQYF,KMVAVFYTT,A*02:01,1
CASSPSGTGFYEQYF,FLYNPLTRV,A*02:01,1
CASSPSLQVAQHF,ILTGLNYEA,A*02:01,1
CASSPSLQVAQHF,ILTGLNYEV,A*02:01,1
CASSPSPGEAYGYTF,LLWNGPMAV,A*02:01,1
CASSPSPGSEQYF,LLFGMTPCL,A*02:01,1
CASSPSQGYGYTF,KLWASPLHV,A*02:01,1
CASSPSSGGITDTQYF,ILTGLNYEV,A*02:01,1
CASSPSSGGITDTQYF,ILTGLNYEA,A*02:01,1
CASSPSTGTGGIYEQYF,RFPLTFGWCF,A*24:02,1
CASSPSTGYGYTF,NLNCCSVPV,A*02:01,1
CASSPSTSGASYEQYVF,LLWNGPMAV,A*02:01,1
CASSPSWLSGVTQYF,VAANIVLTV,A*02:01,1
CASSPSWLSGVTQYF,ELAGIGILTV,A*02:01,1
CASSPTAGELFF,FEDLRLLSF,B*37:01,1
CASSPTEGGSSTYEQYF,RFPLTFGWCF,A*24:02,1
CASSPTFVAGANVLTF,LLWNGPMAV,A*02:01,1
CASSPTGLVYEQF,RLPGVLPRA,A*02:01,1
CASSPTGNEQFF,FLIYLDVSV,A*02:01,1
CASSPTGRVQPQHF,FEDLRVSSF,B*37:01,1
CASSPTGSYGYTF,ILNAMIAKI,A*02:01,1
CASSPTGTGGSDTQYF,LLAILTYYV,A*02:01,1
CASSPTMHYEQYF,LLWNGPMAV,A*02:01,1
CASSPTPAGGAYEQYF,LLWNGPMAV,A*02:01,1
CASSPTPGTGETQYF,MMPFSIVYI,A*02:01,1
CASSPTQREQYF,FEDLRVLSF,B*37:01,1
CASSPTRLVSSYNEQFF,FEDLRVSSF,B*37:01,1
CASSPTSGGYEQYF,KLNTITPVV,A*02:01,1
CASSPTSGIYEQYF,RYPLTFGWCF,A*24:02,1
CASSPTSGSYEQYF,RFPLTFGWCF,A*24:02,1
CASSPTTGADTQYF,TSTLQEQIGW,B*57:01,1
CASSPTTRTRYYGYTF,NLVPMVATV,A*02:01,1
CASSPTTRTRYYGYTF,GILGFVFTL,A*02:01,1
CASSPVAGGAYNEQF,NLVPMVATV,A*02:01,1
CASSPVGYEQYF,ALYGFVPVL,A*02:01,1
CASSPVTGGIYGYTGF,NLVPMVATV,A*02:01,1
CASSPVTGTGTYGYTF,NLVPMVATV,A*02:01,1
CASSPVVTPTTDTQYF,VVLSWAPPV,A*02:01,1
CASSPWDRANTGELF,LLWNGPMAV,A*02:01,1
CASSPWEMNTEAFF,KMVAVFYNT,A*02:01,1
CASSPWEMNTEAFF,KMVAVFYTT,A*02:01,1
CASSPWTGIPYNSPLHF,VAANIVLTV,A*02:01,1
CASSPWTGTLNTEAF,NLVPMVATV,A*02:01,1
CASSPWTLNEQYF,ALYGFVPVL,A*02:01,1
CASSPYGQGGRDTEAFF,ILNAMIAKI,A*02:01,1
CASSPYRTGNIQYF,ELAGIGILTV,A*02:01,1
CASSPYSNQPQHF,NLNCCSVPV,A*02:01,1
CASSPYTDRQENYGYTF,FEDLRVSSF,B*37:01,1
CASSQAASGDSYEQYF,RFPLTFGWCF,A*24:02,1
CASSQAENYGYTF,LLWNGPMAV,A*02:01,1
CASSQAGEQYF,LLAILTYYV,A*02:01,1
CASSQAGTSYEQYF,LLWNGPMAV,A*02:01,1
CASSQAHTGELFF,ALYGFVPVL,A*02:01,1
CASSQALAYEQYF,LLWNGPMAV,A*02:01,1
CASSQARGGAETQYF,TSTLQEQIGW,B*57:01,1
CASSQASLVMTGGDEQYF,FEDLRVSSF,B*37:01,1
CASSQASLVMTGGDEQYF,FEDLRLLSF,B*37:01,1
CASSQATGYEQYF,KLWASPLHV,A*02:01,1
CASSQAVNTGELFF,KTWGQYWQV,A*02:01,1
CASSQDAGLYNQPQHF,FEDLRVSSF,B*37:01,1
CASSQDAGTAHVGEQFF,SPRWYFYYL,B*07:02,1
CASSQDEGYEQYF,FLYNLLTRV,A*02:01,1
CASSQDGAGTPFTEAFF,CTELKLNDY,A*01:01,1
CASSQDGFSGTYTF,RPPIFIRRL,B*07:02,1
CASSQDGISTGDQPQHF,CTELKLNDY,A*01:01,1
CASSQDGVQHF,ALYGSVPVL,A*02:01,1
CASSQDGVQHF,ALYGFVPVL,A*02:01,1
CASSQDHRVMRLDAGELFF,VLFGLGFAI,A*02:01,1
CASSQDIWTSGYTF,RPPIFIRRL,B*07:02,1
CASSQDLGGAYEQYF,LLWNGPMAV,A*02:01,1
CASSQDLGSYNSPLHF,FEDLRVSSF,B*37:01,1
CASSQDLGTGNTIYF,MMPFSIVYI,A*02:01,1
CASSQDMGGYNQPQHF,FEDLRVSSF,B*37:01,1
CASSQDNPYGANTEAFF,CTELKLNDY,A*01:01,1
CASSQDPFAVLNTEAF,NLVPMVATV,A*02:01,1
CASSQDPGFGGGSYEQYF,RFPLTFGWCF,A*24:02,1
CASSQDPGIQETQYF,IVCPICSQK,A*11:01,1
CASSQDPGQGYNEQFF,FEDLRVSSF,B*37:01,1
CASSQDQGAYNQPQHF,FEDLRVSSF,B*37:01,1
CASSQDRFTDPYGYTF,RPPIFIRRL,B*07:02,1
CASSQDRGGLTGELFF,RPPIFIRRL,B*07:02,1
CASSQDRGKDTQYF,FLTVFSHFM,A*02:01,1
CASSQDRGNEQFF,FLIYLDVSV,A*02:01,1
CASSQDRGQGGSYEQYF,RFPLTFGWCF,A*24:02,1
CASSQDRNYGYTF,KLSALGINAV,A*02:01,1
CASSQDRPNYYGYTF,RPIPIKYKAM,B*07:02,1
CASSQDTGAGGSHEQYF,RYPLTFGW,A*24:02,1
CASSQDTGYEQYF,FLYNLLTRV,A*02:01,1
CASSQDVAGGYGYTF,LLWNGPMAV,A*02:01,1
CASSQDVSRLAHLSTDTQNF,NLVPMVATV,A*02:01,1
CASSQDWAASNSPLHF,LLFALYFSA,A*02:01,1
CASSQDWAASNSPLHF,LLFALHFSA,A*02:01,1
CASSQDWGNEQFF,LMFWASSSI,A*02:01,1
CASSQDWGNEQFF,LLFGMTPCL,A*02:01,1
CASSQDYWGGGADTQYF,QYIKWPWYI,A*24:02,1
CASSQEAFNYEQYF,RPPIFIRRL,B*07:02,1
CASSQEAGAYNQPQHF,FEDLRVSSF,B*37:01,1
CASSQEAGGGTGELF,LLWNGPMAV,A*02:01,1
CASSQEAGTGTYEQYF,RPPIFIRRL,B*07:02,1
CASSQEAYNYEQYF,RPPIFIRRL,B*07:02,1
CASSQEDGFTEAFF,CTELKLSDY,A*01:01,1
CASSQEGEAHNEQFF,CTELKLSDY,A*01:01,1
CASSQEGIEQF,RYRIGNYKL,A*24:02,1
CASSQEGRGAFF,LLWNGPMAV,A*02:01,1
CASSQEGSAGLETQYF,LLWNGPMAV,A*02:01,1
CASSQEGTAYEQYF,VAANIVLTV,A*02:01,1
CASSQEHERGPQHF,RPPIFIRRL,B*07:02,1
CASSQEHLGLVGEQFF,RFPLTFGWCF,A*24:02,1
CASSQEIGSEQPQHFGF,ELAGIGILTV,A*02:01,1
CASSQEPSGFYEQYF,NLNCCSVPV,A*02:01,1
CASSQEQLGGEQYF,LMFWASSSI,A*02:01,1
CASSQESVSYNEQFF,LLWNGPMAV,A*02:01,1
CASSQETGSYEQYF,RPPIFIRRL,B*07:02,1
CASSQEVGLAGETQYF,ELAGIGILTV,A*02:01,1
CASSQEVGSSYNSPLHF,SLAPLSPRA,A*02:01,1
CASSQEVGSSYNSPLHF,SLAPLSPRV,A*02:01,1
CASSQEVMTALQPDYGYTF,VLFGLGFAI,A*02:01,1
CASSQEWGRGTDTQYF,RPPIFIRRL,B*07:02,1
CASSQGAAYEQYF,LLWNGPMAV,A*02:01,1
CASSQGGGGTDTQYF,ALYGSVPVL,A*02:01,1
CASSQGGSPLHF,SPRWYFYYL,B*07:02,1
CASSQGPGTGFEGYTF,LLSIIFFPA,A*02:01,1
CASSQGPNFNEKLFF,KMVAVFYNT,A*02:01,1
CASSQGPNFNEKLFF,KMVAVFYTT,A*02:01,1
CASSQGPNYEQYF,KLWASPLHV,A*02:01,1
CASSQGPPGSGGGNEQFF,ALSPVIPLI,A*02:01,1
CASSQGPTTDTQYF,FEDLRVSSF,B*37:01,1
CASSQGQANEKLF,LLWNGPMAV,A*02:01,1
CASSQGQGLQETQYF,SLLWMNPFV,A*02:01,1
CASSQGQGSLQYF,FLIYLDVSV,A*02:01,1
CASSQGSDEQYF,ILTGLNYEV,A*02:01,1
CASSQGSGANVLTF,ALYGSVPVL,A*02:01,1
CASSQGSGANVLTF,ALYGFVPVL,A*02:01,1
CASSQGSGQPQHF,ELAGIGILTV,A*02:01,1
CASSQGTGGIVDIQYF,SLAPLSPRV,A*02:01,1
CASSQGTGGIVDIQYF,SLAPLSPRA,A*02:01,1
CASSQGTSGNEQF,LLWNGPMAV,A*02:01,1
CASSQGTSGTDTQYF,FLYNLLTRV,A*02:01,1
CASSQGTSRDRNQPQHF,VMPFSIVYIV,A*02:01,1
CASSQGWGVETQYF,RLVPYLEFL,A*02:01,1
CASSQLGNEQF,LLWNGPMAV,A*02:01,1
CASSQLPGLAGVNEQF,IVCPICSQK,A*11:01,1
CASSQLPRGGYTF,FEDLRLLSF,B*37:01,1
CASSQNPGQGIYSPLHF,SLLWMNPFV,A*02:01,1
CASSQQGSEQYF,NLNCCSVPV,A*02:01,1
CASSQQGSHEQYVF,LLWNGPMAV,A*02:01,1
CASSQRSGTGELFF,FEDLRLLSF,B*37:01,1
CASSQSGGGEQFF,QYIKWPWYI,A*24:02,1
CASSQSGTGLETQYF,HTMLCMCCK,A*11:01,1
CASSQSPGAGGTEAFF,RFPLTFGWCF,A*24:02,1
CASSQSPGGEQF,RLPGVLPRA,A*02:01,1
CASSQSRDRVDF,TTDPSFLGRY,A*01:01,1
CASSQTAGGYEQYF,LLWNGPMAV,A*02:01,1
CASSQTATTGPGSPLHF,LLWNGPMAV,A*02:01,1
CASSQTEGGAYGYTF,LLWNGPMAV,A*02:01,1
CASSQTGAEELFF,GILGFVFTL,A*02:01,1
CASSQTGRELFF,FEDLRVLSF,B*37:01,1
CASSQTGSHEQYF,LLWNGPMAV,A*02:01,1
CASSQTLSYEQYF,LLWNGPMAV,A*02:01,1
CASSQTSGGTYEQYF,RFPLTFGWCF,A*24:02,1
CASSQTSGTGNYEQYF,LLWNGPMAV,A*02:01,1
CASSQVDYNEQFF,FEDLRVLSF,B*37:01,1
CASSQVDYNEQFF,FEDLRLLSF,B*37:01,1
CASSQVEGYEQYF,NLNCCSVPV,A*02:01,1
CASSQVGGSYPREQFF,ALSPVIPHI,A*02:01,1
CASSQVGSTEAFF,ELAGIGILTV,A*02:01,1
CASSQVLGFSYEQYF,NLFNRYPAL,A*02:01,1
CASSQVPGGYEQYF,NLNCCSVPV,A*02:01,1
CASSQVPGSYEQYF,KLNTITPVV,A*02:01,1
CASSQVRDRDINYGYTF,KMVAVFYTT,A*02:01,1
CASSQVSGGSYEQYF,NLNCCSVPV,A*02:01,1
CASSQVVVGYGYTF,KLWASPLHV,A*02:01,1
CASSQWGGNEQFF,LLAMTVPNV,A*02:01,1
CASSRAAGPQETQYF,SPRWYFYYL,B*07:02,1
CASSRAVSGNTIYF,KLSALGINAV,A*02:01,1
CASSRDGFEKLFF,AVGSYVYSV,A*02:01,1
CASSRDGPSSYEQYF,ILNAMIAKI,A*02:01,1
CASSRDSGWNSNQPQHF,LLWNGPMAV,A*02:01,1
CASSRERGPGELFF,RYPLTFGWCF,A*24:02,1
CASSRFPTGSNNEQF,SPRWYFYYL,B*07:02,1
CASSRGDPAYEQYF,LLWNGPMAV,A*02:01,1
CASSRGGAPYNEQFF,LLWNGPMAV,A*02:01,1
CASSRGGGTEAFF,ILTGLNYEV,A*02:01,1
CASSRGGGTEAFF,ILTGLNYEA,A*02:01,1
CASSRGGHEQYF,NLNCCSVPV,A*02:01,1
CASSRGGLTDTQYF,RLGPYLEFL,A*02:01,1
CASSRGRNTEAFF,LLWNGPMAV,A*02:01,1
CASSRGTGGYEQFF,MLNIPSINV,A*02:01,1
CASSRGTYNEQFF,CTELKLSDY,A*01:01,1
CASSRIANNNNEQFF,VLNYFEPYL,A*02:01,1
CASSRIANNNNEQFF,VLNYFKPYL,A*02:01,1
CASSRKGDSPLHF,RLGPYLEFL,A*02:01,1
CASSRLQGANSPLHF,FEDLRVLSF,B*37:01,1
CASSRLSGTGDSPLHF,KMVAVFYTT,A*02:01,1
CASSRPLNQPQHF,VVLSWAPPV,A*02:01,1
CASSRQPMNTEAFF,ALYGFVPVL,A*02:01,1
CASSRRDRGDTQYF,RFPLTFGWCF,A*24:02,1
CASSRTGEHQPQHF,CTELKLSDY,A*01:01,1
CASSRTGGAPEKLF,NLVPMVATV,A*02:01,1
CASSRTGRNQPQHF,FEDLRLLSF,B*37:01,1
CASSRTGSLNYGYTF,FLTVFSHFM,A*02:01,1
CASSRVTSGHNEQF,RLPGVLPRA,A*02:01,1
CASSRYGGPSDNEQFF,KMVAVFYTT,A*02:01,1
CASSRYGGPSDNEQFF,KMVAVFYNT,A*02:01,1
CASSSAGGYEQYVF,LLWNGPMAV,A*02:01,1
CASSSAGTSYEQYF,LLWNGPMAV,A*02:01,1
CASSSALAYEQYF,LLWNGPMAV,A*02:01,1
CASSSAVIRGLDWCYTF,VLFGLGFAI,A*02:01,1
CASSSDGGGFNEQFF,FTSDYYQLY,A*01:01,1
CASSSDINYGYTF,FLYNPLTRV,A*02:01,1
CASSSDLRTNYNEQFF,FLYNLLTRV,A*02:01,1
CASSSDRGEQFF,VMPFSIVYIV,A*02:01,1
CASSSEGQASSYEQYF,CLGGLLTMV,A*02:01,1
CASSSGGAWYTF,ILNAMIAKI,A*02:01,1
CASSSGGAWYTF,MIISHLYLI,A*02:01,1
CASSSGGAWYTF,ILNAMITKI,A*02:01,1
CASSSGGGNEQFF,VAANIVLTV,A*02:01,1
CASSSGLAGGPKHYEQYF,VVLSWAPPV,A*02:01,1
CASSSGLAGGPKHYEQYF,VVMSWAPPV,A*02:01,1
CASSSGLAYEQYF,LLWNGPMAV,A*02:01,1
CASSSGNPSTDTQYF,NMINFAPNI,A*02:01,1
CASSSGNPSTDTQYF,NMIHFAPNV,A*02:01,1
CASSSGNPSTDTQYF,AEMEFCPCC,A*02:01,1
CASSSGNPSTDTQYF,CFVECAPVC,A*02:01,1
CASSSGNPSTDTQYF,KLLEIAPNC,A*02:01,1
CASSSGNPSTDTQYF,EIQEFCPNT,A*02:01,1
CASSSGNPSTDTQYF,GCQEICPAC,A*02:01,1
CASSSGPNGAYEQYF,LLWNGPMAV,A*02:01,1
CASSSGPTMGGKLFF,ELAGIGILTV,A*02:01,1
CASSSGQTNYGYTF,VYGIRLEHF,A*24:02,1
CASSSGRTEHNEQF,LLWNGPMAV,A*02:01,1
CASSSGTSLTLTYNEQFF,KLVALGINAV,A*02:01,1
CASSSILGGEAYNEQFF,SPRWYFYYL,B*07:02,1
CASSSITTTGAKDGYTF,SPRWYFYYL,B*07:02,1
CASSSKWRNTQYF,RYPLTFGWCF,A*24:02,1
CASSSLAGEVNEQFF,QYIKWPWYI,A*24:02,1
CASSSLAVPELFF,FEDLRLLSF,B*37:01,1
CASSSLGDSYEQYF,LLFGMTPCL,A*02:01,1
CASSSLGEQFF,ALYGFVPVL,A*02:01,1
CASSSLLAGGFYEQFF,SPRWYFYYL,B*07:02,1
CASSSLMGGTDEQFF,FEDLRLLSF,B*37:01,1
CASSSLRVGAGPGQPQHF,FEDLRVSSF,B*37:01,1
CASSSLTGNQPQHF,SPRWYFYYL,B*07:02,1
CASSSLTSGAYNEQFF,SPRWYFYYL,B*07:02,1
CASSSNRAGHGNEQFF,RYPLTFGW,A*24:02,1
CASSSNRGGPGAQHF,RYPLTFGW,A*24:02,1
CASSSPGGETQYF,ELAGIGILTV,A*02:01,1
CASSSPGQGYYEQYF,VLFHRAFLV,A*02:01,1
CASSSPTVPTSGGAVGEQFF,SPRWYFYYL,B*07:02,1
CASSSPVTGTPGYNEQF,SVYGDTLEK,A*11:01,1
CASSSPWGGTTDTSTDTQYF,KMVAVFYTT,A*02:01,1
CASSSQGGAKNEQYF,ILNVDIFTL,A*02:01,1
CASSSQGGAKNEQYF,ILNVDVFTL,A*02:01,1
CASSSQGLSTEAF,LLWNGPMAV,A*02:01,1
CASSSQTGPYSNQPQHF,VMPFSIVYI,A*02:01,1
CASSSQTGPYSNQPQHF,MMPFSIVYI,A*02:01,1
CASSSRDNVPETQYF,RYPLTFGW,A*24:02,1
CASSSRDRSSSTEAFF,ITDQVPFSV,A*02:01,1
CASSSRDRSSSTEAFF,IMDQVPFSV,A*02:01,1
CASSSRDRVFEAFF,RYPLTFGW,A*24:02,1
CASSSRIEGTEAFF,LLWNGPMAV,A*02:01,1
CASSSRLAGGGETQYF,RFPLTFGWCF,A*24:02,1
CASSSRLSSGYTF,VVMSWAPPV,A*02:01,1
CASSSRLSSGYTF,VVLSWAPPV,A*02:01,1
CASSSRQGAGDTQYF,VVLSWAPPV,A*02:01,1
CASSSRQGAGDTQYF,VVMSWAPPV,A*02:01,1
CASSSRSGQPQHF,GILGFVFTL,A*02:01,1
CASSSRSSYEQYFGF,EAAGIGILTV,A*02:01,1
CASSSRTSGRSADTQYF,RFPLTFGWCF,A*24:02,1
CASSSSGGLDTQYF,KMVAVFYTT,A*02:01,1
CASSSSGTGAYEQYF,LLWNGPMAV,A*02:01,1
CASSSSGTGGYGYTF,LLWNGPMAV,A*02:01,1
CASSSSGYEQYF,CTELKLSDY,A*01:01,1
CASSSSPGLDNEQFF,NLVPMVATV,A*02:01,1
CASSSSSGGAFNEQFF,KRPIPIKYKAM,B*07:02,1
CASSSSSGGAFNEQFF,QKRPIPIKYKAM,B*07:02,1
CASSSSSGGAFNEQFF,RPIPIKYKAM,B*07:02,1
CASSSTGREAFF,FEDLRVLSF,B*37:01,1
CASSSTGTRGSYEQYF,LLWNGPMAV,A*02:01,1
CASSSTNGYTF,NLVPMVATV,A*02:01,1
CASSSTSGRARDTQYF,CTELKLSDY,A*01:01,1
CASSSTSGRETQYF,HTMLCMCCK,A*11:01,1
CASSSVGVDTQYF,VAANIVLTV,A*02:01,1
CASSSVTGTGNYGYTFGF,NLVPMVATV,A*02:01,1
CASSSWTGWYEQYF,VLNYFEPYL,A*02:01,1
CASSSYPGLAPVQETQYF,SPRWYFYYL,B*07:02,1
CASSSYTQRGLDYTGELFF,QYIKWPWYI,A*24:02,1
CASSTALAASYEQYF,ITDQVPFSV,A*02:01,1
CASSTALAASYEQYF,IMDQVPFSV,A*02:01,1
CASSTGATGSNNEQF,LLWNGPMAV,A*02:01,1
CASSTGGTSGGRNTGELFF,ILTGLNYEA,A*02:01,1
CASSTGGTSGGRNTGELFF,ILTGLNYEV,A*02:01,1
CASSTGISYEQYF,KMVAVFYTT,A*02:01,1
CASSTGPTGLYEQYF,RQLLFVVEV,A*02:01,1
CASSTGTGGRFGKNIQYF,HTMLCMCCK,A*11:01,1
CASSTGTVSYEQYF,LLWNGPMAV,A*02:01,1
CASSTLIGSGNTIYF,FLTVFSHFM,A*02:01,1
CASSTLTGAETQYF,GILGFVFTL,A*02:01,1
CASSTPGGHSYEQYF,IVCPICSQK,A*11:01,1
CASSTQGQPQHF,VVLSWAPPV,A*02:01,1
CASSTRAGTEQF,GILGFVFTL,A*02:01,1
CASSTRGAYEQYF,GILGFVFTL,A*02:01,1
CASSTRLARNNEQFF,MTLHGFMMY,A*30:02,1
CASSTRSGQPQHF,GILGFVFTL,A*02:01,1
CASSTSSTGAYGYTF,LLWNGPMAV,A*02:01,1
CASSTTEAYEQYF,ITDQVPFSV,A*02:01,1
CASSTTEAYEQYF,IMDQVPFSV,A*02:01,1
CASSTTGGGNYEQYF,IMDQVPFSV,A*02:01,1
CASSTTGGGNYEQYF,ITDQVPFSV,A*02:01,1
CASSTTGTGLLEQYF,ELAGIGILTV,A*02:01,1
CASSTYPAFEQYF,SLLMPILTL,A*02:01,1
CASSVAAGASYGYTF,LLWNGPMAV,A*02:01,1
CASSVAAGGAYEQYF,NLNCCSVPV,A*02:01,1
CASSVAEEQF,RQLLFVVEV,A*02:01,1
CASSVAGGLYEQYF,VYIGDPAQL,A*02:01,1
CASSVASGGYTDTQYF,ILTGLNYEV,A*02:01,1
CASSVASGGYTDTQYF,ILTGLNYEA,A*02:01,1
CASSVATYSTDTQYF,GKTELLAPF,B*27:05,1
CASSVATYSTDTQYF,TRLALIAPK,B*27:05,1
CASSVATYSTDTQYF,LRVMMLAPF,B*27:05,1
CASSVATYSTDTQYF,GQVMVVAPR,B*27:05,1
CASSVATYSTDTQYF,GQMWLLAPR,B*27:05,1
CASSVATYSTDTQYF,TRLALIAPK,B*27:09,1
CASSVDFGRTYNEQFF,LLAMTVPNV,A*02:01,1
CASSVDGGGGGYNEQF,LLWNGPMAV,A*02:01,1
CASSVDGGSQPQHF,LLWNGPMAV,A*02:01,1
CASSVDPGQSYEQYF,ILTGLNYEV,A*02:01,1
CASSVDRVADTQYF,GMGPLLATV,A*02:01,1
CASSVDWGSGDEQYF,KLSALGINAV,A*02:01,1
CASSVEGAHPIQETQYF,AVGSYVYSV,A*02:01,1
CASSVEGSGETQYF,AVGSYVYSV,A*02:01,1
CASSVEGSSYNEQFF,LMFWASSSI,A*02:01,1
CASSVEGSTEAFF,AVGSYVYSV,A*02:01,1
CASSVESSGSPYQFF,CTELKLNDY,A*01:01,1
CASSVESSGSPYQFF,CTELKLSDY,A*01:01,1
CASSVETGGLDTQYF,VVLSWAPPV,A*02:01,1
CASSVETGGLDTQYF,ALSPVIPHI,A*02:01,1
CASSVETGGLDTQYF,ALSPVIPLI,A*02:01,1
CASSVETTDYGYTF,KLVALGINAV,A*02:01,1
CASSVGAGPSYEQYF,CTELKLSDY,A*01:01,1
CASSVGAGPTYEQYF,CTELKLSDY,A*01:01,1
CASSVGATGAYEQYF,QYIKWPWYI,A*24:02,1
CASSVGDFNYGYTF,NLFNRYPAL,A*02:01,1
CASSVGEGTEAFF,NLNCCSVPV,A*02:01,1
CASSVGETQYF,RQLLFVVEV,A*02:01,1
CASSVGGAFYNEQFF,LLWNGPMAV,A*02:01,1
CASSVGGAVYNEQFF,LLWNGPMAV,A*02:01,1
CASSVGGDIGIGYTF,ILTGLNYEV,A*02:01,1
CASSVGGGEVEAFF,KLWASPLHV,A*02:01,1
CASSVGGGGNEQF,KLSALGINAV,A*02:01,1
CASSVGGGHQPQHF,ILTGLNYEV,A*02:01,1
CASSVGGGHQPQHF,ILTGLNYEA,A*02:01,1
CASSVGGGREQF,LLWNGPMAV,A*02:01,1
CASSVGGGSNQPQHF,KLWASPLHV,A*02:01,1
CASSVGGGSSYEQYF,ILTGLNYEA,A*02:01,1
CASSVGGGSSYEQYF,ILTGLNYEV,A*02:01,1
CASSVGGGYEQYF,KLWASPLHV,A*02:01,1
CASSVGGQGYNEQFF,LLWNGPMAV,A*02:01,1
CASSVGGSPYNEQFF,LLWNGPMAV,A*02:01,1
CASSVGGTGYNEQFF,LLWNGPMAV,A*02:01,1
CASSVGGTNYNEQFF,LLWNGPMAV,A*02:01,1
CASSVGGVPYNEQF,LLWNGPMAV,A*02:01,1
CASSVGGVSYNEQFF,LLWNGPMAV,A*02:01,1
CASSVGGVTYNEQF,LLWNGPMAV,A*02:01,1
CASSVGLAEPLDEQFF,FEDLRVSSF,B*37:01,1
CASSVGLEAYEQYF,LLWNGPMAV,A*02:01,1
CASSVGLPYEQYF,NLVPMVATV,A*02:01,1
CASSVGLYSTDTQYF,GQVMVVAPR,B*27:05,1
CASSVGLYSTDTQYF,GQMWLLAPR,B*27:05,1
CASSVGLYSTDTQYF,GKTELLAPF,B*27:05,1
CASSVGLYSTDTQYF,LRVMMLAPF,B*27:09,1
CASSVGLYSTDTQYF,TRLALIAPK,B*27:05,1
CASSVGLYSTDTQYF,LRVMMLAPF,B*27:05,1
CASSVGNTEAFF,YVLTWIVGA,A*02:01,1
CASSVGQGSYEQYF,RPIPIKYKAM,B*07:02,1
CASSVGRDSSGNQPQHF,CTELKLSDY,A*01:01,1
CASSVGRGSGEQYF,CTELKLSDY,A*01:01,1
CASSVGSGEQYF,KMVAVFYNT,A*02:01,1
CASSVGSGGRPSSYNEQFF,ITDQVPFSV,A*02:01,1
CASSVGSGGRPSSYNEQFF,IMDQVPFSV,A*02:01,1
CASSVGSQETQYF,ILTGLNYEV,A*02:01,1
CASSVGSTEAFF,ILTGLNYEV,A*02:01,1
CASSVGTGAYEQYF,FEDLRLLSF,B*37:01,1
CASSVGTGAYEQYF,FEDLRVLSF,B*37:01,1
CASSVGTGYEQYF,FLIYLDVSV,A*02:01,1
CASSVLGNHYTNGELFF,SPRWYFYYL,B*07:02,1
CASSVLNTGELFF,GCQEICPAC,A*02:01,1
CASSVLNTGELFF,NDMLVCANI,A*02:01,1
CASSVLNTGELFF,NMINFAPNI,A*02:01,1
CASSVLNTGELFF,LVLEVDPNI,A*02:01,1
CASSVLNTGELFF,KVKEVCPNV,A*02:01,1
CASSVLNTGELFF,THLMVLCCV,A*02:01,1
CASSVLNTGELFF,KMVTVCPNT,A*02:01,1
CASSVLNTGELFF,NMIHFAPNV,A*02:01,1
CASSVLNTGELFF,RTMEVCYNT,A*02:01,1
CASSVLNTGELFF,KLLEIAPNC,A*02:01,1
CASSVLNTGELFF,CFVECAPVC,A*02:01,1
CASSVLNTGELFF,EIQEFCPNT,A*02:01,1
CASSVLNTGELFF,AEMEFCPCC,A*02:01,1
CASSVLNTGELFF,CFLLILPNC,A*02:01,1
CASSVPGQGVLEQYF,LLSIIFFPA,A*02:01,1
CASSVPGTPNTEAFF,LLSIISFPA,A*02:01,1
CASSVQSTDTQYF,RLGPYLEFL,A*02:01,1
CASSVQSTDTQYF,RLVPYLEFL,A*02:01,1
CASSVRADTQYF,CTELKLSDY,A*01:01,1
CASSVSALGSDTQYF,KLSALGINAV,A*02:01,1
CASSVSATGELF,GILGFVFTL,A*02:01,1
CASSVSGGAYEQYF,LLWNGPMAV,A*02:01,1
CASSVSGSGTGELFF,KMVAVFYNT,A*02:01,1
CASSVSQGGYEQYF,NLNCCSVPV,A*02:01,1
CASSVSSGLYYEQYF,CTELKLSDY,A*01:01,1
CASSVSTNYEQYF,KLWASPLHV,A*02:01,1
CASSVTFRTGPMYGYTF,MTLHGFMMY,A*30:02,1
CASSVVATGGRGTDTQYF,FEDLRVSSF,B*37:01,1
CASSVVATGGRGTDTQYF,FEDLRVLSF,B*37:01,1
CASSVVGARTDTQYF,KMVAVFYNT,A*02:01,1
CASSVVGTGAYEQYVF,LLWNGPMAV,A*02:01,1
CASSVWDSLTGELFF,NLNCCSVPV,A*02:01,1
CASSVYPAPSDNSPLHF,SPRWYFYYL,B*07:02,1
CASSVYSGGYNEQFF,GILGFVFTL,A*02:01,1
CASSVYSTDTQYF,RLGPYLEFL,A*02:01,1
CASSWDNGGYTF,NLNCCSVPV,A*02:01,1
CASSWDPTYNEQF,KLSALGINAV,A*02:01,1
CASSWETETEAFF,VLFGLGFAI,A*02:01,1
CASSWGGETQYF,KLSALGINAV,A*02:01,1
CASSWGLLSNQPQHFGF,ELAGIGILTV,A*02:01,1
CASSWGPGYEQYF,VVLSWAPPV,A*02:01,1
CASSWGPGYEQYF,VVMSWAPPV,A*02:01,1
CASSWGSSPAETQYF,LLFGMPPCL,A*02:01,1
CASSWGTGGNQPQHF,FEDLRLLSF,B*37:01,1
CASSWGTGGNQPQHF,FEDLRVLSF,B*37:01,1
CASSWGWRSNQPQHF,FEDLRVLSF,B*37:01,1
CASSWLNTEAFF,FMLYLLTLM,A*02:01,1
CASSWNGLAGDEQFF,QYIKWPWYI,A*24:02,1
CASSWRRGTDTQYF,ALYGFVPVL,A*02:01,1
CASSWTSGRPEQYF,CTELKLSDY,A*01:01,1
CASSWVGGADTQYF,LLAILTYYV,A*02:01,1
CASSYARGYNEQFF,VLNYFEPYL,A*02:01,1
CASSYARGYNEQFF,SLLWMNPFV,A*02:01,1
CASSYASGGYEQYF,NLNCCSVPV,A*02:01,1
CASSYASTGTLNYGYTF,FLYNPLTRV,A*02:01,1
CASSYASTGTLNYGYTF,FLYNLLTRV,A*02:01,1
CASSYATEVAGETQYF,NLVPMVATV,A*02:01,1
CASSYATGIPDTQYF,NLVPMVATV,A*02:01,1
CASSYEGALSYEQYF,ALSPVIPHI,A*02:01,1
CASSYFKGAGELF,LLWNGPMAV,A*02:01,1
CASSYFLEQYF,ALSPVIPHI,A*02:01,1
CASSYFRGSLSEQYF,ELAGIGILTV,A*02:01,1
CASSYGGAYEQYF,NLNCCSVPV,A*02:01,1
CASSYGGGYEQYF,NLNCCSVPV,A*02:01,1
CASSYGGISYGYTF,NLNCCSVPV,A*02:01,1
CASSYGGLGQPQHFGF,ELAGIGILTV,A*02:01,1
CASSYGGNSPLHF,VVMSWAPPV,A*02:01,1
CASSYGGNSPLHF,VVLSWAPPV,A*02:01,1
CASSYGHPGEQYF,KMVAVFYTT,A*02:01,1
CASSYGLEQYF,RLVPYLEFL,A*02:01,1
CASSYGPLSGAGYTFGF,ELAGIGILTV,A*02:01,1
CASSYGQGYEQYF,NLNCCSVPV,A*02:01,1
CASSYGTAYGYTF,LLWNGPMAV,A*02:01,1
CASSYGTGSADTQYF,FEDLRVLSF,B*37:01,1
CASSYGTGYEAFF,KLWASPLHV,A*02:01,1
CASSYGVNTEAFF,FMLYLLTLM,A*02:01,1
CASSYGVSGQFYGYTF,LLWNGPMAV,A*02:01,1
CASSYHGQGAVDTQYF,MTLHGFMMY,A*30:02,1
CASSYITGTGSYGYTF,NLVPMVATV,A*02:01,1
CASSYLGMGQPQHFGF,EAAGIGILTV,A*02:01,1
CASSYLGSGANVLTF,KLSALGINAV,A*02:01,1
CASSYLGTSAPIDEQFF,CTELKLSDY,A*01:01,1
CASSYNQGPYDNNEQFF,VMPFSIVYI,A*02:01,1
CASSYNQGPYDNNEQFF,MMPFSIVYI,A*02:01,1
CASSYNQGYEQYF,ILNAMIAKI,A*02:01,1
CASSYQHEQYF,VLFGLGFAI,A*02:01,1
CASSYQTGAGGYGYTGF,NLVPMVATV,A*02:01,1
CASSYQTGPYSNQPQHF,VMPFSIVYI,A*02:01,1
CASSYQTGPYSNQPQHF,MMPFSIVYI,A*02:01,1
CASSYRVSPYNEQF,LLWNGPMAV,A*02:01,1
CASSYSAWNEQFF,CTELKLSDY,A*01:01,1
CASSYSDAGGYYEQYF,ILNAMITKI,A*02:01,1
CASSYSDAGGYYEQYF,FLYNLLTRV,A*02:01,1
CASSYSDRSSYEQYF,NLNCCSVPV,A*02:01,1
CASSYSFGGAPAQETQYF,CLGGLLTMV,A*02:01,1
CASSYSGAEQYF,LLFGMPPCL,A*02:01,1
CASSYSGGNRKNTQNF,VLFGLGFAI,A*02:01,1
CASSYSGQGYTF,ALYGFVPVL,A*02:01,1
CASSYSGTSGGAYEQYF,LLWNGPMAV,A*02:01,1
CASSYSIGNTEAFF,ELAGIGILTV,A*02:01,1
CASSYSLAAEAFF,NLNCCSVPV,A*02:01,1
CASSYSLAGEFF,ILTGLNYEA,A*02:01,1
CASSYSLAGEFF,ILTGLNYEV,A*02:01,1
CASSYSLAGGEETQYF,RFPLTFGWCF,A*24:02,1
CASSYSNGGYGYTF,NLNCCSVPV,A*02:01,1
CASSYSNGYEQYF,ILNAMIAKI,A*02:01,1
CASSYSQGVYTGELFF,ELAGIGILTV,A*02:01,1
CASSYSRLAGYNEQFF,LLFGYPVYV,A*02:01,1
CASSYSSDFWGDQPQHF,VVMSWAPPV,A*02:01,1
CASSYSSDFWGDQPQHF,VVLSWAPPV,A*02:01,1
CASSYSSDRSSYEQYF,ALSPVIPLI,A*02:01,1
CASSYSSDRSSYEQYF,ALSPVIPHI,A*02:01,1
CASSYSSGTEAFF,ALYGSVPVL,A*02:01,1
CASSYSSGYFLFF,NLNCCSVPV,A*02:01,1
CASSYSTGAGETQYF,NLVPMVATV,A*02:01,1
CASSYSTGGTDTQYF,LLSIIFFPA,A*02:01,1
CASSYSTGGTDTQYF,LLSIISFPA,A*02:01,1
CASSYSVKGQDYSYEQYF,NLNCCSVPV,A*02:01,1
CASSYSWGEQFF,VVLSWAPPV,A*02:01,1
CASSYSWGEQFF,VVMSWAPPV,A*02:01,1
CASSYSYRGTNEKLFF,SPRWYFYYL,B*07:02,1
CASSYTEAYEQYF,LLWNGPMAV,A*02:01,1
CASSYTGAYEQYVF,LLWNGPMAV,A*02:01,1
CASSYTGFLNTGELFF,RFPLTFGWCF,A*24:02,1
CASSYVGNTGELFF,SLLMWITQC,A*02:01,1
CASSYWPTTGESTDTQYF,RPIPIKYKAM,B*07:02,1
CASTATFGVTEAFF,LIIPFIHLI,A*02:01,1
CASTEGQGGEQYF,AVGSYVYSV,A*02:01,1
CASTGGGAPYNEQFF,LLWNGPMAV,A*02:01,1
CASTGGRSSYNEQFF,QSRGDENRGW,B*57:01,1
CASTGQNPEAFF,GILGFVFTL,A*02:01,1
CASTGSYGYTFGSGTRLTVTF,KAFSPEVIPMF,B*57:01,1
CASTGTDSYEQYF,ALYGFVPVL,A*02:01,1
CASTGTGGFSYNEQF,LLWNGPMAV,A*02:01,1
CASTGTSGALYNEQFFGF,NLVPMVATV,A*02:01,1
CASTGTSGRAETQYF,FEDLRVLSF,B*37:01,1
CASTLAGGPYEQYF,NLNCCSVPV,A*02:01,1
CASTLGTVEAFF,FEDLRLLSF,B*37:01,1
CASTLSGGAVFEQYF,LLWNGPMAV,A*02:01,1
CASTLTGFAEAFF,VAANIVLTV,A*02:01,1
CASTNTVQLYMNTEAFF,SPRWYFYYL,B*07:02,1
CASTNYAGGDRGYTF,FEDLRLLSF,B*37:01,1
CASTNYAGGDRGYTF,FEDLRVLSF,B*37:01,1
CASTNYAGGDRGYTF,FEDLRVSSF,B*37:01,1
CASTPEGSYNEQF,LLWNGPMAV,A*02:01,1
CASTPGQNEQYF,RFPLTFGWCF,A*24:02,1
CASTPGTEAFF,KLWASPLHV,A*02:01,1
CASTPGTESYEQYF,LLWNGPMAV,A*02:01,1
CASTPTGNTEAFF,YHSIEWAI,B*38:01,1
CASTPWGAEAFF,QYIKWPWYI,A*24:02,1
CASTQGDTGELFF,ELAGIGILTV,A*02:01,1
CASTRELSYNEQFF,LMFWASSSI,A*02:01,1
CASTRQGDSYEQYF,CTELKLSDY,A*01:01,1
CASTSLGQGHISNYGYTF,RYPLTFGWCF,A*24:02,1
CASTSMGAGAANTEAFF,VMHANYIFW,A*24:02,1
CASTSTGTGAYGYTF,LLWNGPMAV,A*02:01,1
CASTSVMTDSIYGYTF,CTELKLSDY,A*01:01,1
CASTTGGSLPPEAF,LLWNGPMAV,A*02:01,1
CASTVRQGSNQPQHF,LLAILTYYV,A*02:01,1
CASTWGRASTDTQYF,RLQSLQTYV,A*02:01,1
CASTYGGLNEQYF,ELAGIGILTV,A*02:01,1
CASWGGANYGYTF,FEDLRVLSF,B*37:01,1
CASWGGANYGYTF,FEDLRLLSF,B*37:01,1
CASYFFALFTDTQYF,VVMSWAPPV,A*02:01,1
CASYFFALFTDTQYF,VVLSWAPPV,A*02:01,1
CASYPGTSGSYEQYF,VAANIVLTV,A*02:01,1
CASYPSDGYNEQFF,VSDGGPNLY,A*01:01,1
CASYVGLNTEAFF,RLVPYLEFL,A*02:01,1
CATAGTGGLF,NLVPMVATV,A*02:01,1
CATAKEGLAYEQFF,KLVALGINAV,A*02:01,1
CATAPGTGRTLKLIF,RPPIFIRRL,B*07:02,1
CATASDLQGDRSTEAFF,KRPIPIKYKAM,B*07:02,1
CATASDLQGDRSTEAFF,QKRPIPIKYKAM,B*07:02,1
CATASDLQGDRSTEAFF,RPIPIKYKAM,B*07:02,1
CATGGGISYEQYF,LLWNGPMAV,A*02:01,1
CATGPRGSSYNEQF,RLPGVLPRA,A*02:01,1
CATGRDRAYEQYF,LLWNGPMAV,A*02:01,1
CATHGVSSRETQYF,ITDQVPFSV,A*02:01,1
CATHGVSSRETQYF,IMDQVPFSV,A*02:01,1
CATKPPGTDEQFF,CTELKLSDY,A*01:01,1
CATQGTSGYTDTQYF,FEDLRVLSF,B*37:01,1
CATQRANTGELFF,YLQPRTFLL,A*02:01,1
CATRGQSYEQYF,VYGIRLEHF,A*24:02,1
CATRKSYNSPLHF,LLFGYPVYV,A*02:01,1
CATSAGPEMYEQYF,LLWNGPMAV,A*02:01,1
CATSASTGLEQFF,LLWNGPMAV,A*02:01,1
CATSAVTRGNQPQHF,HTMLCMCCK,A*11:01,1
CATSDFNHGYTF,CTELKLSDY,A*01:01,1
CATSDLGGLTGELFF,RYPLTFGW,A*24:02,1
CATSDLQGVRGVNEQF,TAFTIPSI,B*51:01,1
CATSDLTQDEQYF,SPRWYFYYL,B*07:02,1
CATSDLTRDEQFF,SPRWYFYYL,B*07:02,1
CATSDPGTTNTGELFF,ILTGLNYEA,A*02:01,1
CATSDPGTTNTGELFF,ILTGLNYEV,A*02:01,1
CATSDPRDWTGEANQPQHF,VYGIRLEHF,A*24:02,1
CATSDRDRDTGELFF,CTELKLSDY,A*01:01,1
CATSDSGLAGDYNEQF,KLSALGINAV,A*02:01,1
CATSEGLQYEQYF,ALYGFVPVL,A*02:01,1
CATSGGPAYEQYF,LLWNGPMAV,A*02:01,1
CATSGGTSYEQF,LLWNGPMAV,A*02:01,1
CATSGRRDEQFF,RFPLTFGWCF,A*24:02,1
CATSGRTGGGEQYF,LLWNGPMAV,A*02:01,1
CATSGSGNYEQYF,LLWNGPMAV,A*02:01,1
CATSGSYEQYF,ELAGIGILTV,A*02:01,1
CATSGTGGHEQYF,LLWNGPMAV,A*02:01,1
CATSGTGGTGELFF,LLFALYFSA,A*02:01,1
CATSGTGGTGELFF,LLFALHFSA,A*02:01,1
CATSLGQAYGYTF,LLWNGPMAV,A*02:01,1
CATSPGLAGAYQETQYF,NLVPMVATV,A*02:01,1
CATSPRGGHEQYF,LLWNGPMAV,A*02:01,1
CATSPSAGGYGYTF,LLWNGPMAV,A*02:01,1
CATSPSLGTQYF,VMPFSIVYI,A*02:01,1
CATSPSLGTQYF,MMPFSIVYI,A*02:01,1
CATSRAMNTEAFF,LLWNGPMAV,A*02:01,1
CATSRDGLAGANSPLHF,FEDLRVSSF,B*37:01,1
CATSRDQEGANQPQHF,LLWNGPMAV,A*02:01,1
CATSRDRGLTEAFF,ILTGLNYEV,A*02:01,1
CATSRDRGLTEAFF,ILTGLNYEA,A*02:01,1
CATSRDRGPYGYTF,VSDGGPNLY,A*01:01,1
CATSRDRGTDTFF,KLVALGINAV,A*02:01,1
CATSRESGNGKLF,LLWNGPMAV,A*02:01,1
CATSREWPANRHQETQYF,CTELKLSDY,A*01:01,1
CATSRGQGYEQYF,LLWNGPMAV,A*02:01,1
CATSRGTGAGEQYF,RLGPYLEFL,A*02:01,1
CATSRPTDWVETQYF,VLFHRAFLV,A*02:01,1
CATSRQANTDTQYF,LLWNGPMAV,A*02:01,1
CATSRRQGTTTRTYEQYF,RFPLTFGWCF,A*24:02,1
CATSRTGTGSTEAFF,LLWNGPMAV,A*02:01,1
CATSRVTGGFYEQYF,RFPLTFGWCF,A*24:02,1
CATSRWTGNEQFF,NLFNRYPAL,A*02:01,1
CATSSGTAYEQYF,LLWNGPMAV,A*02:01,1
CATSSSGAYEQYF,LLWNGPMAV,A*02:01,1
CATSTGGGYEQYF,LLWNGPMAV,A*02:01,1
CATSVTGGNSPLHF,LLWNGPMAV,A*02:01,1
CATSYERNTEAFF,LLWNGPMAV,A*02:01,1
CATTERDQETQYF,RLQSLQTYV,A*02:01,1
CATVHRGFTDTQYF,VYIGDPAQL,A*24:02,1
CAVDSSGVTDTQYF,LLWNGPMAV,A*02:01,1
CAWGVLFIGRGVGDYGYTF,VLFGLGFAI,A*02:01,1
CAWKFRDSTYEQYF,QYDPVAALF,A*24:02,1
CAWSAGLAYEQYF,LLWNGPMAV,A*02:01,1
CAWSALAGGPSNEQFF,CTELKLSDY,A*01:01,1
CAWSETGLGTGELF,EAAGIGILTV,A*02:01,1
CAWSETGLGTGELF,ELAGIGILTV,A*02:01,1
CAWSHSGGYEQYF,ILNAMIAKI,A*02:01,1
CAWSISDSSRVEAFF,NLVPMVATV,A*02:01,1
CAWSPTSGRDTQYF,CTELKLSDY,A*01:01,1
CAWSSRDSMTDTQYF,NLVPMVATV,A*02:01,1
CAWSSRGQMTDTQF,NLVPMVATV,A*02:01,1
CAWSSSVNTEAFF,ILNAMIAKI,A*02:01,1
CAWSVPGVGGNEQF,KLSALGINAV,A*02:01,1
CAWSVRGIGGNTIYF,KLSALGINAV,A*02:01,1
CAWSVSDLAKNIQYFGF,NLVPMVATV,A*02:01,1
CAWSVSGLGYGYTF,ELAGIGILTV,A*02:01,1
CAWSVSVYYGYTF,ILNVDIFTL,A*02:01,1
CAWSVSVYYGYTF,ILNVDVFTL,A*02:01,1
CAWSVTGVTEAFF,NYNYLYRLF,A*24:02,1
CAWSWTVNTEAFF,FLTVFSHFM,A*02:01,1
CAWVSGTHVVTF,RYPLTFGW,A*24:02,1
CAYLDRAKSTGELFF,RFPLTFGWCF,A*24:02,1
CAYLTGFEQYF,CTELKLSDY,A*01:01,1
CGGGYMGTEAFF,DATYQRTRALVR,A*68:01,1
CGSGIQNTGELFF,YLQPRTFLL,A*02:01,1
CGSRRDGGKKAFF,TTDPSFLGRY,A*01:01,1
CGTGSIDTQF,GILGFVFTL,A*02:01,1
CRASSPRTGGEQYF,RLGPYLEFL,A*02:01,1
CSAAMFTPLLEAF,SVYGDTLEK,A*11:01,1
CSAETGRDLEAFF,LLAMTVPNV,A*02:01,1
CSAFSGAAFVTDTQYF,NLVPMVATV,A*02:01,1
CSAGEGEGQPQHF,LLWNGPMAV,A*02:01,1
CSAGGLAGEETQYF,CTELKLNDY,A*01:01,1
CSAGIPGQVFSSNEKLFF,ILNAMIAKI,A*02:01,1
CSAGLGLPYEQYF,LLWNGPMAV,A*02:01,1
CSAGVYEQYF,NLNCCSVPV,A*02:01,1
CSAHPRDVQETQYF,KMVAVFYTT,A*02:01,1
CSAIGPRGTDTQYF,LLWNGPMAV,A*02:01,1
CSAKPPRLAGVGAGELFF,RFPLTFGWCF,A*24:02,1
CSALQGLTPEAFFGF,ELAGIGILTV,A*02:01,1
CSALRLDTDTQYF,KLSALGINAV,A*02:01,1
CSALSSETSGPYEQYF,SPRWYFYYL,B*07:02,1
CSALTGLGNYGYTF,SLLWMNPFV,A*02:01,1
CSALTGNQPQHF,ELAGIGILTV,A*02:01,1
CSALTGSSYEQYF,YVLDHLIVV,A*02:01,1
CSALTPALAGGVPETQYF,RLQSLQTYV,A*02:01,1
CSANRGATEAFF,LLWNGPMAV,A*02:01,1
CSAPASGGGNEQF,LLWNGPMAV,A*02:01,1
CSAPGGSGANVLTF,NLNCCSVPV,A*02:01,1
CSAPKEEPYGYTF,SLAPLSPRA,A*02:01,1
CSAPKEEPYGYTF,SLAPLSPRV,A*02:01,1
CSAPKILRDLPQETQYF,HTMLCMCCK,A*11:01,1
CSAPLAGGPNEQF,LLWNGPMAV,A*02:01,1
CSAPRRQDEQFF,LLWNGPMAV,A*02:01,1
CSAPSGGGLNEQFF,LLWNGPMAV,A*02:01,1
CSAPTGGGSNEQYF,LLWNGPMAV,A*02:01,1
CSAPTSGGPNEQF,LLWNGPMAV,A*02:01,1
CSAQVGGNYNSPLHF,SPRWYFYYL,B*07:02,1
CSARAQGAAKNIQYF,TSTLQEQIGW,B*57:01,1
CSARASGAYEQYF,NLNCCSVPV,A*02:01,1
CSARAYRGYNSPLHF,FEDLRLLSF,B*37:01,1
CSARAYRGYNSPLHF,FEDLRVSSF,B*37:01,1
CSARAYRGYNSPLHF,FEDLRVLSF,B*37:01,1
CSARDGGLAGEQKVGDTQYF,LLFGYPVYV,A*02:01,1
CSARDGLNEQFFGF,ELAGIGILTV,A*02:01,1
CSARDGQVYSNQPQHF,FEDLRLLSF,B*37:01,1
CSARDGQVYSNQPQHF,FEDLRVLSF,B*37:01,1
CSARDLAGNSNQPQHF,SVYGDTLEK,A*11:01,1
CSARDLGGGGDEQFF,NLNCCSVPV,A*02:01,1
CSARDNLRANYGYTF,NLVPMVATV,A*02:01,1
CSARDQDRAYEQYF,QYIKWPWYI,A*24:02,1
CSARDRIGNTIYF,NLVPMVATV,A*02:01,1
CSARDRSGTLGGELFF,KRPIPIKYKAM,B*07:02,1
CSARDRSGTLGGELFF,QKRPIPIKYKAM,B*07:02,1
CSARDRSGTLGGELFF,RPIPIKYKAM,B*07:02,1
CSARDVGISYEQYF,KLWASPLHV,A*02:01,1
CSARDVLAGGSDTQYFGF,NLVPMVATV,A*02:01,1
CSAREGLAAGELFF,NLNCCSVPV,A*02:01,1
CSAREHREPYEQYF,CTELKLSDY,A*01:01,1
CSARENWDLSTDTQYFGF,ELAGIGILTV,A*02:01,1
CSAREPGRQFAFAALHF,FEDLRVSSF,B*37:01,1
CSAREVRDLYNEQFF,VVMSWAPPV,A*02:01,1
CSAREVRDLYNEQFF,VVLSWAPPV,A*02:01,1
CSARGAGVPYEQYF,MLNIPSINV,A*02:01,1
CSARGDLLPEAFF,VVMSWAPPV,A*02:01,1
CSARGGTDGYTF,ILNVDIFTL,A*02:01,1
CSARGLAGTYEQYF,RYPLTFGW,A*24:02,1
CSARGTSGETYTQYF,CTELKLSDY,A*01:01,1
CSARHPGVSTDTQYF,ELAGIGILTV,A*02:01,1
CSARISTSSSYEQYF,VVLSWAPPV,A*02:01,1
CSARISTSSSYEQYF,VVMSWAPPV,A*02:01,1
CSARMVSYEQYF,CTELKLSDY,A*01:01,1
CSARPGLAGGYEQYF,ALYGFVPVL,A*02:01,1
CSARPGQFYSNQPQHF,FEDLRVLSF,B*37:01,1
CSARPGQFYSNQPQHF,FEDLRLLSF,B*37:01,1
CSARQRDLSYEQYF,TSTLQEQIGW,B*57:01,1
CSARRADTEAFF,CTELKLSDY,A*01:01,1
CSARSGGTEAFF,FLTVFSHFM,A*02:01,1
CSARTDRGNNYGYTF,NLNCCSVPV,A*02:01,1
CSARTISQGAHYEQYF,QYIKWPWYI,A*24:02,1
CSARTWTGNTIYF,ILNVDIFTL,A*02:01,1
CSARTWTGNTIYF,ILNVDVFTL,A*02:01,1
CSARVTSGSYEQYF,NLNCCSVPV,A*02:01,1
CSARWDRVSSSTDTQYF,VLFHRAFLV,A*02:01,1
CSASASLTSGANVLTF,VLFGLGFAI,A*02:01,1
CSASDSLTISGFF,SLAPLSPRV,A*02:01,1
CSASLKADEQF,LLWNGPMAV,A*02:01,1
CSASMEAASTYEQYF,LLWNGPMAV,A*02:01,1
CSASPGYNEQFF,VVLSWAPPV,A*02:01,1
CSASQAAAYEQYF,LLWNGPMAV,A*02:01,1
CSASSPDREADGYTF,VLNYFEPYL,A*02:01,1
CSASSPDREADGYTF,VLNYFKPYL,A*02:01,1
CSASVSGGPLDTQYF,MIISHLYLI,A*02:01,1
CSATEAGGPGNEQF,LLWNGPMAV,A*02:01,1
CSATGTSGYNEQFF,FEDLRLLSF,B*37:01,1
CSATLDRNYGYTF,LLAGTLAVV,A*02:01,1
CSATLDRNYGYTF,LLAGTLAGV,A*02:01,1
CSATPNTEAF,IVCPICSQK,A*11:01,1
CSAVLPGLAGYNEQFF,LLWNGPMAV,A*02:01,1
CSAWWGAEQYF,LLWNGPMAV,A*02:01,1
CSAYSTGQGIYEQYF,RFPLTFGWCF,A*24:02,1
CSDGTGDGYTF,KLNTITPVV,A*02:01,1
CSGLVPGFDSPLHF,VVLSWAPPV,A*02:01,1
CSIRSSYEAF,GILGFVFTL,A*02:01,1
CSIRSSYEQF,GILGFVFTL,A*02:01,1
CSLATGGDTQF,SLLMWITQA,A*02:01,1
CSLFSQQPQF,GILGFVFTL,A*02:01,1
CSLTGGLNSPLF,SLLMWITQA,A*02:01,1
CSPAVHRVANNEQLF,SPRWYFYYL,B*07:02,1
CSSIRSSDTQF,GILGFVFTL,A*02:01,1
CSSLAGPYNEQF,GILGFVFTL,A*02:01,1
CSSPRSALEQF,GILGFVFTL,A*02:01,1
CSSVFGTSYEQF,GILGFVFTL,A*02:01,1
CSSVRSAYEQF,GILGFVFTL,A*02:01,1
CSSVRSDEKLF,GILGFVFTL,A*02:01,1
CSTRSTGELF,GILGFVFTL,A*02:01,1
CSVAGGPGDTQF,GILGFVFTL,A*02:01,1
CSVAGGTEAFF,FMLYLLTLM,A*02:01,1
CSVATGGDTQF,SLLMWITQA,A*02:01,1
CSVATSGGSNEQF,LLWNGPMAV,A*02:01,1
CSVDGSNQPQF,SLLMWITQC,A*02:01,1
CSVDGSNQPQF,SLLMWITQA,A*02:01,1
CSVDPGQFYNEQFF,QYIKWPWYI,A*24:02,1
CSVDRRADEQF,LLWNGPMAV,A*02:01,1
CSVDRRSDEAFF,LLWNGPMAV,A*02:01,1
CSVEAGGVSEAFF,KLNTITPVV,A*02:01,1
CSVEDPMGVGTEAFF,QYIKWPWYI,A*24:02,1
CSVEEWDTSGNTIYF,RLVPYLEFL,A*02:01,1
CSVEGLAGPSYNEQFF,FEDLRLLSF,B*37:01,1
CSVEGNQPQF,GILGFVFTL,A*02:01,1
CSVEGPGGRIANTEAFF,NLNCCSVPV,A*02:01,1
CSVELTTYEQYF,MIISHLYLI,A*02:01,1
CSVERGGDEQFF,KMVAVFYTT,A*02:01,1
CSVESMDRNYEQYF,VLFGLGFAI,A*02:01,1
CSVGGGEGNYEQYF,VLFHRAFLV,A*02:01,1
CSVGTYSNQPQHF,ALYGFVPVL,A*02:01,1
CSVNRGIGNTEAFF,LLWNGPMAV,A*02:01,1
CSVPLGVVNNEQF,SVYGDTLEK,A*11:01,1
CSVPSRGYAGELF,LLWNGPMAV,A*02:01,1
CSVQRRADEQF,LLWNGPMAV,A*02:01,1
CSVRGGGDNSPLHF,VVLSWAPPV,A*02:01,1
CSVRGGGDNSPLHF,VVMSWAPPV,A*02:01,1
CSVRLTDYNEQFF,ILNVDIFTL,A*02:01,1
CSVRLTDYNEQFF,ILNVDVFTL,A*02:01,1
CSVRSTGELF,GILGFVFTL,A*02:01,1
CSVRTATYNEQF,LLWNGPMAV,A*02:01,1
CSVRTPSSYEQYF,NLNCCSVPV,A*02:01,1
CSVTGTEEAF,SLLMWITQA,A*02:01,1
CSVTGTGGGF,SLLMWITQA,A*02:01,1
CSVTGTGGGF,SLLMWITQC,A*02:01,1
CSVTQGDGTDTQYF,NLNCCSVPV,A*02:01,1
CSVWSFGDRDGYTF,NLVPMVATV,A*02:01,1
CSVYLNTEAFF,FEDLRVLSF,B*37:01,1
CSWDFQETQYF,ALYGSVPVL,A*02:01,1
CSYEAGAETQF,SLLMWITQA,A*02:01,1
CSYVGAAGELF,SLLMWITQA,A*02:01,1
CSYVGGKAEAF,SLLMWITQC,A*02:01,1
CSYVGGKAEAF,SLLMWITQA,A*02:01,1
CTPWGEYTGELFF,SPRWYFYYL,B*07:02,1
CTSRDLGVWTEAF,GILGFVFTL,A*02:01,1
CVPPYEKLTF,NLVPMVATV,A*02:01,1
CVSVGRSGYTF,TTDPSFLGRY,A*01:01,1
CACSLRSQGTDTQYF,YVLDHLIVV,B*27:05,0
CACSLRSQGTDTQYF,NMIHFAPNV,A*02:01,0
CACSLRSQGTDTQYF,NMINFAPNI,A*01:01,0
CACSLRSQGTDTQYF,KTFPPTEPK,A*02:01,0
CACSLRSQGTDTQYF,MIISHLYLI,B*08:01,0
CACSLRSQGTDTQYF,LLSIISFPA,A*11:01,0
CACSLRSQGTDTQYF,FLYNLLTRV,A*68:01,0
CACSLRSQGTDTQYF,NMIHFAPNV,B*27:05,0
CADLDGTSSYEQYF,KTFPPTEPK,A*68:01,0
CADLDGTSSYEQYF,TSTLQEQIGW,B*35:08,0
CADLDGTSSYEQYF,FLIYLDVSV,B*15:01,0
CADLDGTSSYEQYF,LIIPFIHLI,A*11:01,0
CADLDGTSSYEQYF,FLTVFSHFM,A*30:02,0
CADLDGTSSYEQYF,GQMWLLAPR,B*27:05,0
CADLDGTSSYEQYF,ILNAMIAKI,B*38:01,0
CADLDGTSSYEQYF,RTMEVCYNT,A*24:02,0
CADLDGTSSYEQYF,AVGSYVYSV,B*35:01,0
CAGKSTGELFF,KMVAVFYNT,B*51:01,0
CAGKSTGELFF,VYIGDPAQL,A*24:02,0
CAGKSTGELFF,VVLSWAPPV,B*38:01,0
CAGKSTGELFF,LLWNGPMAV,A*24:02,0
CAGKSTGELFF,ILTGLNYEV,A*11:01,0
CAGKSTGELFF,MIISHLYLI,A*02:01,0
CAGRDHTDTQYF,TRLALIAPK,A*68:01,0
CAGRDHTDTQYF,EAAGIGILTV,B*08:01,0
CAGRDHTDTQYF,ILNAMIAKI,B*57:01,0
CAGRDHTDTQYF,LMFWASSSI,A*03:01,0
CAGRDHTDTQYF,SVYGDTLEK,B*27:05,0
CAGRDHTDTQYF,RLVPYLEFL,A*24:02,0
CAGRDHTDTQYF,YHSIEWAI,B*07:02,0
CAGRDHTDTQYF,LLSIISFPA,B*15:01,0
CAGRDHTDTQYF,IPSINVHHY,B*51:01,0
CAIGGDGSYEQYF,QSRGDENRGW,B*51:01,0
CAIGGDGSYEQYF,ALYGFVPVL,A*11:01,0
CAIGGDGSYEQYF,VAANIVLTV,B*51:01,0
CAIMSSGRADGELFF,SPRWYFYYL,B*37:01,0
CAIMSSGRADGELFF,KLLEIAPNC,B*07:02,0
CAIMSSGRADGELFF,VLFGLGFAI,B*15:01,0
CAIQDAGASYEQYF,TSTLQEQIGW,B*35:01,0
CAIQDAGASYEQYF,QSRGDENRGW,B*08:01,0
CAIQDAGASYEQYF,LVLEVDPNI,B*37:01,0
CAIQDAGASYEQYF,SLAPLSPRA,B*35:01,0
CAIQDAGASYEQYF,MLYQHLLPL,B*35:08,0
CAIQGFSGPLHF,FMLYLLTLM,A*02:01,0
CAIQGFSGPLHF,VYIGDPAQL,A*30:02,0
CAIQGFSGPLHF,FMLYLLTLM,B*35:01,0
CAIQGFSGPLHF,FLTVFSHFM,B*38:01,0
CAIQGFSGPLHF,NMIHFAPNV,A*24:02,0
CAIRDRLNTEAFF,CFLLILPNC,A*02:01,0
CAIRDRLNTEAFF,LLAILTYYV,A*68:01,0
CAIRDRLNTEAFF,VSDGGPNLY,B*35:01,0
CAIRDRLNTEAFF,ILTGLNYEA,B*35:08,0
CAIRDRLNTEAFF,SLLWMNPFV,A*11:01,0
CAIRDRLNTEAFF,KLSALGINAV,B*35:01,0
CAIRDRLNTEAFF,RPRGEVRFL,B*27:09,0
CAIRDRLNTEAFF,MLNIPSINV,B*08:01,0
CAIRDRLNTEAFF,CFVECAPVC,B*15:01,0
CAIRQFDANTGELFF,KLSALGINAV,B*57:01,0
CAIRQFDANTGELFF,CTELKLSDY,B*51:01,0
CAIRQFDANTGELFF,QYDPVAALF,B*37:01,0
CAIRQFDANTGELFF,LLSIIFFPA,A*68:01,0
CAIRQFDANTGELFF,ALSPVIPHI,A*02:01,0
CAISAGEGYEQYF,VMPFSIVYIV,B*57:01,0
CAISAGEGYEQYF,KMVAVFYNT,B*37:01,0
CAISAGEGYEQYF,SLLMWITQA,A*03:01,0
CAISAGEGYEQYF,TTDPSFLGRY,A*03:01,0
CAISAGEGYEQYF,RTMEVCYNT,B*35:08,0
CAISARDQNTGELFF,GMGPLLATV,B*38:01,0
CAISARDQNTGELFF,RTMEVCYNT,A*24:02,0
CAISARDQNTGELFF,CFLLILPNC,A*24:02,0
CAISARDQNTGELFF,NMINFAPNI,B*27:09,0
CAISDLAGEPKTQETQYF,RTMEVCYNT,B*27:09,0
CAISDLAGEPKTQETQYF,RYPLTFGW,B*15:01,0
CAISDLAGEPKTQETQYF,RPRGEVRFL,A*03:01,0
CAISDLAGEPKTQETQYF,ILNAMIAKI,B*27:09,0
CAISDLAGEPKTQETQYF,VLNYFKPYL,B*08:01,0
CAISDLAGEPKTQETQYF,MIISHLYLI,B*35:01,0
CAISDLAGEPKTQETQYF,IVCPICSQK,B*15:01,0
CAISDLAGEPKTQETQYF,FLTVFSHFM,A*11:01,0
CAISDLDSNQPQHF,MLYQHLLPL,A*24:02,0
CAISDLDSNQPQHF,ILNAMITKI,A*02:01,0
CAISDLDSNQPQHF,EIQEFCPNT,B*07:02,0
CAISDLDSNQPQHF,VLFHRAFLV,B*08:01,0
CAISDLDSNQPQHF,RYPLTFGW,B*08:01,0
CAISDLDSNQPQHF,GILGFVFTL,B*57:01,0
CAISDLSITGGDNYGYTF,FLIYLDVSV,B*35:08,0
CAISDLSITGGDNYGYTF,ALYGFVPVL,B*27:09,0
CAISDLSITGGDNYGYTF,NLNCCSVPV,B*35:01,0
CAISDLSITGGDNYGYTF,VAANIVLTV,B*38:01,0
CAISDLSITGGDNYGYTF,RLPGVLPRA,B*27:09,0
CAISDLSITGGDNYGYTF,KLSALGINAV,A*24:02,0
CAISDLSITGGDNYGYTF,LLFGMPPCL,A*03:01,0
CAISDLSITGGDNYGYTF,FLYNLLTRV,A*01:01,0
CAISDWSTYEQYF,CTELKLSDY,B*51:01,0
CAISDWSTYEQYF,GQMWLLAPR,B*07:02,0
CAISDWSTYEQYF,NDMLVCANI,A*03:01,0
CAISDWSTYEQYF,LLAILTYYV,A*30:02,0
CAISDWSTYEQYF,KTWGQYWQV,B*27:05,0
CAISEEGTGFYGYTF,RPRGEVRFL,B*51:01,0
CAISEGAAYGYTF,VMHANYIFW,B*35:01,0
CAISEGAAYGYTF,VVLSWAPPV,B*07:02,0
CAISEGAAYGYTF,VYGIRLEHF,B*07:02,0
CAISEGGAYEQYF,SLLMPILTL,A*24:02,0
CAISEGGAYEQYF,HPVGEADYFEY,B*15:01,0
CAISEGGAYEQYF,GILGFVFTL,A*02:01,0
CAISEGGAYEQYF,TAFTIPSI,A*68:01,0
CAISEGGAYEQYF,ALSPVIPLI,A*68:01,0
CAISEGGAYEQYF,GILGFVFTL,A*30:02,0
CAISELDWGVSSPLHF,RYPLTFGWCF,B*38:01,0
CAISELDWGVSSPLHF,IVCPICSQK,B*57:01,0
CAISELDWGVSSPLHF,VLFHRAFLV,B*35:08,0
CAISELDWGVSSPLHF,RYRIGNYKL,A*24:02,0
CAISESGTAYNEQFF,VLNYFEPYL,B*27:05,0
CAISESGTAYNEQFF,LLAMTVPNV,A*30:02,0
CAISESGTAYNEQFF,RPIPIKYKAM,B*38:01,0
CAISESGTAYNEQFF,ALSPVIPHI,B*35:08,0
CAISESGTAYNEQFF,RYPLTFGWCF,B*07:02,0
CAISESIGLDEQYF,CLGGLLTMV,B*38:01,0
CAISESIGLDEQYF,EAAGIGILTV,B*35:01,0
CAISESIGLDEQYF,QSRGDENRGW,A*68:01,0
CAISESIGLDEQYF,VAANIVLTV,B*07:02,0
CAISESIGLDEQYF,NDMLVCANI,B*08:01,0
CAISESIGLDEQYF,VLNYFEPYL,A*02:01,0
CAISESNGADTQYF,CTELKLSDY,B*37:01,0
CAISESNGADTQYF,RLPGVLPRA,A*11:01,0
CAISESNGADTQYF,VYFLQSINF,B*35:01,0
CAISESNGADTQYF,ILTGLNYEA,B*15:01,0
CAISESPSGALGQF,LLSIIFFPA,A*01:01,0
CAISESPSGALGQF,FMLYLLTLM,A*68:01,0
CAISESPSGALGQF,IPSINVHHY,B*37:01,0
CAISESQGPGGETQYF,VSDGGPNLY,A*02:01,0
CAISESQGPGGETQYF,MLYQHLLPL,B*38:01,0
CAISESQGPGGETQYF,IPSINVHHY,A*11:01,0
CAISESQGPGGETQYF,GQMWLLAPR,B*07:02,0
CAISESQGPGGETQYF,VVLSWAPPV,B*57:01,0
CAISESQGPGGETQYF,SVYGDTLEK,A*11:01,0
CAISESQGPGGETQYF,LLAILTYYV,B*35:01,0
CAISESQGPGGETQYF,YLEPGPVTA,B*08:01,0
CAISETGGGQPQHF,KLLEIAPNC,A*11:01,0
CAISETGGGQPQHF,LVLEVDPNI,B*07:02,0
CAISETGGGQPQHF,VVLSWAPPV,A*02:01,0
CAISETGGGQPQHF,LLFGMPPCL,B*27:05,0
CAISETGGGQPQHF,VLNYFEPYL,A*30:02,0
CAISETGGGQPQHF,MMPFSIVYI,B*27:05,0
CAISETTGINEQFF,LLWNGPMAV,B*35:08,0
CAISETTGINEQFF,RLQSLQTYV,B*27:05,0
CAISETTGINEQFF,ILNVDIFTL,A*68:01,0
CAISETTGINEQFF,FTSDYYQLY,B*27:05,0
CAISETTGINEQFF,VAANIVLTV,A*01:01,0
CAISETTGINEQFF,VVLSWAPPV,B*51:01,0
CAISETTGINEQFF,KMVTVCPNT,A*03:01,0
CAISEVGTGSSGNTIYF,VLNYFEPYL,B*38:01,0
CAISEVGTGSSGNTIYF,LRVMMLAPF,B*57:01,0
CAISEVGTGSSGNTIYF,AVGSYVYSV,B*35:01,0
CAISEVGTGSSGNTIYF,TTDPSFLGRY,A*01:01,0
CAISEVGTGSSGNTIYF,VYGIRLEHF,A*01:01,0
CAISEVGTGSSGNTIYF,SPRWYFYYL,B*15:01,0
CAISEVGTGSSGNTIYF,QYDPVAALF,B*08:01,0
CAISEVGVGQPQHF,LVLEVDPNI,A*03:01,0
CAISEVGVGQPQHF,KTWGQYWQV,B*35:01,0
CAISEVGVGQPQHF,VVLSWAPPV,B*15:01,0
CAISEVGVGQPQHF,FLYNLLTRV,A*03:01,0
CAISEVGVGQPQHF,MTLHGFMMY,B*07:02,0
CAISEVGVGQPQHF,DATYQRTRALVR,B*38:01,0
CAISGWTGEGSEQYF,GILGFVFTL,B*07:02,0
CAISGWTGEGSEQYF,VLFGLGFAI,B*35:01,0
CAISGWTGEGSEQYF,MLYQHLLPL,B*08:01,0
CAISGWTGEGSEQYF,LLFALYFSA,B*37:01,0
CAISGWTGEGSEQYF,VLFGLGFAI,B*35:08,0
CAISGWTGEGSEQYF,RLPGVLPRA,A*02:01,0
CAISGWTGEGSEQYF,RTMEVCYNT,B*15:01,0
CAISGWTGEGSEQYF,IVCPICSQK,B*38:01,0
CAISGWTGEGSEQYF,LLSIIFFPA,B*35:08,0
CAISGWTGEGSEQYF,LLFALHFSA,B*27:09,0
CAISGWTGEGSEQYF,KVKEVCPNV,B*35:01,0
CAISPGGEQFF,ALSPVIPHI,B*15:01,0
CAISPGGEQFF,CFLLILPNC,B*35:01,0
CAISRQGARQETQYF,RFPLTFGWCF,A*24:02,0
CAISRQGARQETQYF,MMPFSIVYI,B*08:01,0
CAISRQGARQETQYF,RLVPYLEFL,B*57:01,0
CAISRQGARQETQYF,LLFGMPPCL,A*30:02,0
CAISRQGARQETQYF,MMPFSIVYI,A*11:01,0
CAISRQGARQETQYF,HPVGEADYFEY,B*51:01,0
CAISRQGARQETQYF,ILNAMIAKI,B*27:05,0
CAISRQGARQETQYF,IMDQVPFSV,B*15:01,0
CAISRQGARQETQYF,RFPLTFGWCF,A*11:01,0
CAISRQGARQETQYF,GILGFVFTL,B*27:05,0
CAISSDRTDEQYF,MMPFSIVYI,A*03:01,0
CAISSDRTDEQYF,GILGFVFTL,A*01:01,0
CAISSDRTDEQYF,RPPIFIRRL,A*02:01,0
CAISSDRTDEQYF,YHSIEWAI,B*27:09,0
CAISSDRTDEQYF,ILNAMITKI,A*02:01,0
CAISSDRTDEQYF,RLPGVLPRA,A*24:02,0
CAISVEGTGLGYGYTF,KLWASPLHV,A*03:01,0
CAISVEGTGLGYGYTF,FEDLRVSSF,A*68:01,0
CAISVEGTGLGYGYTF,QKRPIPIKYKAM,B*51:01,0
CAISVEGTGLGYGYTF,YLEPGPVTA,B*08:01,0
CAISVEGTGLGYGYTF,IVCPICSQK,B*57:01,0
CAISVEGTGLGYGYTF,MTLHGFMMY,B*35:01,0
CAISVEGTGLGYGYTF,LVLEVDPNI,B*27:09,0
CAISVEGTGLGYGYTF,CFVECAPVC,B*35:01,0
CAISVEGTGLGYGYTF,VSDGGPNLY,A*03:01,0
CAISVEGTGLGYGYTF,VMHANYIFW,B*07:02,0
CAISVEGTGLGYGYTF,VMPFSIVYIV,A*24:02,0
CAISVEGTGLGYGYTF,MLYQHLLPL,B*27:05,0
CAISVEGTGLGYGYTF,VYIGDPAQL,B*37:01,0
CAITSGQGNNEQYF,RLGPYLEFL,A*11:01,0
CAITSGQGNNEQYF,LRVMMLAPF,A*24:02,0
CAITSGQGNNEQYF,KMVAVFYTT,A*03:01,0
CAITSGQGNNEQYF,LRVMMLAPF,B*37:01,0
CAITSGQGNNEQYF,QKRPIPIKYKAM,A*68:01,0
CAITSGQGNNEQYF,KLSALGINAV,B*37:01,0
CAITSGQGNNEQYF,KLLEIAPNC,B*07:02,0
CAITSGQGNNEQYF,RLPGVLPRA,A*01:01,0
CAITSGQGNNEQYF,KLVALGINAV,B*37:01,0
CAIVYRGQPSGANVLTF,KMVTVCPNT,B*27:09,0
CAIVYRGQPSGANVLTF,TAFTIPSI,B*57:01,0
CAIVYRGQPSGANVLTF,KMVTVCPNT,B*51:01,0
CAIVYRGQPSGANVLTF,GCQEICPAC,B*27:09,0
CAIVYRGQPSGANVLTF,NLVPMVATV,B*07:02,0
CANGQGDYEQYF,LMFWASSSI,A*01:01,0
CANRGPQGANYGYTF,VYFLQSINF,B*08:01,0
CANRGPQGANYGYTF,NMIHFAPNV,B*35:01,0
CANRGPQGANYGYTF,VLNYFEPYL,A*24:02,0
CANRGPQGANYGYTF,THLMVLCCV,B*27:09,0
CARGSGGETQYF,LLFGMPPCL,A*11:01,0
CARGSGGETQYF,LLSIIFFPA,A*30:02,0
CARGSGGETQYF,GCQEICPAC,B*35:08,0
CARGSGGETQYF,KLSALGINAV,A*24:02,0
CARGSGGETQYF,RLPGVLPRA,B*07:02,0
CARRSRGENNGGVF,VLFHRAFLV,B*15:01,0
CARRSRGENNGGVF,VLNYFKPYL,B*57:01,0
CARRSRGENNGGVF,RTMEVCYNT,B*27:05,0
CARRSRGENNGGVF,LLAGTLAGV,B*38:01,0
CARRSRGENNGGVF,KVKEVCPNV,B*38:01,0
CARRSRGENNGGVF,QSRGDENRGW,B*07:02,0
CARRSRGENNGGVF,SPRWYFYYL,B*15:01,0
CARSTGGDSYGYTF,VMPFSIVYIV,A*03:01,0
CARSTGGDSYGYTF,AVGSYVYSV,B*37:01,0
CARSTGGDSYGYTF,KMVTVCPNT,A*01:01,0
CARSTGGDSYGYTF,LLAILTYYV,A*30:02,0
CARSTGGDSYGYTF,MMPFSIVYI,B*51:01,0
CARSTGGDSYGYTF,FLTVFSHFM,A*11:01,0
CARSTGGDSYGYTF,LLFALHFSA,A*03:01,0
CARSTGGDSYGYTF,KLLEIAPNC,B*27:09,0
CARTGAGGNTIYF,VMPFSIVYI,B*08:01,0
CARTGAGGNTIYF,VVMSWAPPV,A*03:01,0
CARTGAGGNTIYF,CTELKLSDY,B*57:01,0
CARTGAGGNTIYF,LLAILTYYV,B*27:09,0
CARTGAGGNTIYF,VVLSWAPPV,B*27:09,0
CARTGAGGNTIYF,KMVTVCPNT,A*03:01,0
CARTGAGGNTIYF,RLPGVLPRA,A*11:01,0
CARTSGQGVFMNTEAFF,HTMLCMCCK,B*57:01,0
CARTSGQGVFMNTEAFF,RLQSLQTYV,B*27:09,0
CARTSGQGVFMNTEAFF,DATYQRTRALVR,B*57:01,0
CARTSGQGVFMNTEAFF,RPIPIKYKAM,B*08:01,0
CASALSWEGLAESYEQYF,GILGFVFTL,B*57:01,0
CASALSWEGLAESYEQYF,EIQEFCPNT,B*38:01,0
CASALSWEGLAESYEQYF,MMPFSIVYI,A*11:01,0
CASALSWEGLAESYEQYF,SLAPLSPRA,B*51:01,0
CASALSWEGLAESYEQYF,HTMLCMCCK,B*08:01,0
CASAPGGGYEQYF,HTMLCMCCK,B*27:05,0
CASAPGGGYEQYF,NMIHFAPNV,B*27:05,0
CASAPGGGYEQYF,TAFTIPSI,B*15:01,0
CASAPGGGYEQYF,RPIPIKYKAM,B*35:01,0
CASAPGGGYEQYF,VMHANYIFW,B*07:02,0
CASAPGGGYEQYF,LLAGTLAVV,B*51:01,0
CASAPGLNYEQYF,RLPGVLPRA,A*24:02,0
CASAPGLNYEQYF,ILTGLNYEV,B*51:01,0
CASAPGLNYEQYF,QYIKWPWYI,B*38:01,0
CASAPGLNYEQYF,GQFLTPNSH,B*51:01,0
CASAPGLNYEQYF,LLFALHFSA,A*01:01,0
CASAPGLNYEQYF,LVLEVDPNI,B*07:02,0
CASAPGLNYEQYF,FLTVFSHFM,B*08:01,0
CASAPGLNYEQYF,LIIPFIHLI,B*07:02,0
CASAPGLNYEQYF,YVLDHLIVV,B*08:01,0
CASAPGLNYEQYF,QKRPIPIKYKAM,A*68:01,0
CASAPGLNYEQYF,ALSPVIPLI,B*35:01,0
CASAPGLNYEQYF,LLFALHFSA,B*27:09,0
CASAPGPVYEQYF,VMPFSIVYI,B*38:01,0
CASAPGPVYEQYF,GKTELLAPF,B*35:01,0
CASAPGPVYEQYF,VVMSWAPPV,A*02:01,0
CASAPGPVYEQYF,KLNTITPVV,B*07:02,0
CASAPGPVYEQYF,IPSINVHHY,B*51:01,0
CASAPGPVYEQYF,KVKEVCPNV,B*38:01,0
CASAPGPVYEQYF,LLAGTLAVV,A*30:02,0
CASAPGPVYEQYF,RYPLTFGWCF,A*02:01,0
CASAPGPVYEQYF,IPSINVHHY,A*30:02,0
CASASGQGYEQYF,TRLALIAPK,B*35:08,0
CASASGQGYEQYF,SLLMPILTL,B*51:01,0
CASASGQGYEQYF,FLYNPLTRV,B*38:01,0
CASASGQGYEQYF,KLWASPLHV,B*07:02,0
CASASGQGYEQYF,KAFSPEVIPMF,B*51:01,0
CASASGQGYEQYF,QSRGDENRGW,B*08:01,0
CASASGQGYEQYF,RLPGVLPRA,B*07:02,0
CASASGQGYEQYF,VVMSWAPPV,B*37:01,0
CASASGQGYEQYF,NMIHFAPNV,A*01:01,0
CASASGQGYEQYF,LLFGMTPCL,A*30:02,0
CASASRLADTDTQYF,GQFLTPNSH,B*57:01,0
CASASRLADTDTQYF,LVLEVDPNI,B*15:01,0
CASAWSGVGNQPQHF,FLRGRAYGL,B*27:05,0
CASAWSGVGNQPQHF,LLFALYFSA,A*11:01,0
CASAWSGVGNQPQHF,AEMEFCPCC,B*38:01,0
CASAWSGVGNQPQHF,AEMEFCPCC,B*51:01,0
CASDSGSGQPQHF,ILNAMIAKI,A*01:01,0
CASDSGSGQPQHF,CFVECAPVC,A*11:01,0
CASDSGSGQPQHF,RYPLTFGWCF,A*03:01,0
CASDSGSGQPQHF,FLTVFSHFM,B*27:09,0
CASDSGSGQPQHF,VVMSWAPPV,A*11:01,0
CASDSGSGQPQHF,YHSIEWAI,B*27:09,0
CASDSGSGQPQHF,KVKEVCPNV,B*07:02,0
CASDSGSGQPQHF,DATYQRTRALVR,B*51:01,0
CASDSGSGQPQHF,NLFNRYPAL,B*51:01,0
CASFGGAGQPQHF,RTMEVCYNT,A*02:01,0
CASFGGAGQPQHF,RQLLFVVEV,B*15:01,0
CASFGGAGQPQHF,RLPGVLPRA,B*15:01,0
CASFGGAGQPQHF,YLQPRTFLL,B*38:01,0
CASFGGAGQPQHF,RTMEVCYNT,B*57:01,0
CASFGGAGQPQHF,SLAPLSPRV,A*11:01,0
CASFGGAGQPQHF,ALYGFVPVL,A*11:01,0
CASGAQAGTGAYGYTF,FEDLRVLSF,B*57:01,0
CASGAQAGTGAYGYTF,CLGGLLTMV,A*02:01,0
CASGAQAGTGAYGYTF,GILGFVFTL,B*51:01,0
CASGAQAGTGAYGYTF,NLFNRYPAL,A*24:02,0
CASGAQAGTGAYGYTF,SLAPLSPRV,B*08:01,0
CASGAQAGTGAYGYTF,YHSIEWAI,B*35:08,0
CASGAQAGTGAYGYTF,SLLMWITQA,B*07:02,0
CASGAQAGTGAYGYTF,LLAGTLAVV,B*38:01,0
CASGAQHTEAFF,SLLMWITQC,B*37:01,0
CASGAQHTEAFF,VLFGLGFAI,B*37:01,0
CASGAQHTEAFF,THLMVLCCV,B*07:02,0
CASGAQHTEAFF,RTMEVCYNT,A*02:01,0
CASGAQHTEAFF,CLGGLLTMV,B*35:08,0
CASGDRAMPQHF,RQLLFVVEV,B*37:01,0
CASGDRAMPQHF,ILTGLNYEA,B*35:08,0
CASGDRAMPQHF,SLLWMNPFV,A*01:01,0
CASGDRAMPQHF,LLAMTVPNV,A*01:01,0
CASGDRAMPQHF,SLAPLSPRV,B*38:01,0
CASGDRAMPQHF,RYPLTFGW,A*03:01,0
CASGDRAMPQHF,KLLEIAPNC,A*02:01,0
CASGDRAMPQHF,YVLTWIVGA,B*37:01,0
CASGEENTGELFF,KMVAVFYNT,A*68:01,0
CASGEENTGELFF,RLQSLQTYV,A*11:01,0
CASGFTFQGSPEAFF,EIQEFCPNT,A*24:02,0
CASGFTFQGSPEAFF,VLNYFEPYL,B*27:05,0
CASGFTFQGSPEAFF,VMHANYIFW,B*51:01,0
CASGFTFQGSPEAFF,LLFGMPPCL,A*02:01,0
CASGFTFQGSPEAFF,HTMLCMCCK,B*35:08,0
CASGFTFQGSPEAFF,FEDLRVSSF,B*07:02,0
CASGFTFQGSPEAFF,ILTGLNYEV,B*38:01,0
CASGFTFQGSPEAFF,FLYNPLTRV,B*15:01,0
CASGFTFQGSPEAFF,VVMSWAPPV,A*30:02,0
CASGGLSYGYTF,KAFSPEVIPMF,B*27:05,0
CASGGLSYGYTF,TRLALIAPK,A*30:02,0
CASGGLSYGYTF,KRPIPIKYKAM,A*01:01,0
CASGGLSYGYTF,SLLMWITQA,B*35:08,0
CASGGLSYGYTF,YHSIEWAI,B*27:09,0
CASGGSSYEQYF,QYDPVAALF,B*57:01,0
CASGGSSYEQYF,TRLALIAPK,B*38:01,0
CASGGSSYEQYF,FTSDYYQLY,B*51:01,0
CASGGSSYEQYF,FLYNLLTRV,B*15:01,0
CASGGSSYEQYF,RLVPYLEFL,B*27:05,0
CASGGSSYEQYF,YHSIEWAI,B*08:01,0
CASGGSSYEQYF,RPIPIKYKAM,A*01:01,0
CASGGSSYEQYF,FLYNPLTRV,A*01:01,0
CASGLDTQYF,RYRIGNYKL,B*37:01,0
CASGLDTQYF,KLLEIAPNC,A*30:02,0
CASGLDTQYF,FEDLRVSSF,A*11:01,0
CASGLDTQYF,NLVPMVATV,B*37:01,0
CASGLDTQYF,ALYGSVPVL,A*02:01,0
CASGLDTQYF,LLFGMPPCL,A*03:01,0
CASGPATSAEQETQYF,FLYNLLTRV,B*51:01,0
CASGPATSAEQETQYF,KLLEIAPNC,B*51:01,0
CASGPATSAEQETQYF,ILTGLNYEV,B*07:02,0
CASGPATSAEQETQYF,VMPFSIVYIV,B*38:01,0
CASGPATSAEQETQYF,CFVECAPVC,A*01:01,0
CASGPATSAEQETQYF,FLRGRAYGL,A*24:02,0
CASGPFRDSVLTLVANVLTF,HPVGEADYFEY,A*30:02,0
CASGPFRDSVLTLVANVLTF,MLNIPSINV,B*35:01,0
CASGPFRDSVLTLVANVLTF,VSDGGPNLY,B*15:01,0
CASGPFRDSVLTLVANVLTF,LLFALHFSA,B*27:05,0
CASGPFRDSVLTLVANVLTF,SLLWMNPFV,B*51:01,0
CASGPFRDSVLTLVANVLTF,VMPFSIVYI,B*08:01,0
CASGPFRDSVLTLVANVLTF,ILNVDVFTL,A*68:01,0
CASGPGTAYGYTF,FMLYLLTLM,A*24:02,0
CASGPGTAYGYTF,VSDGGPNLY,B*15:01,0
CASGPGTAYGYTF,FLYNPLTRV,B*38:01,0
CASGPGTAYGYTF,CFVECAPVC,B*27:09,0
CASGPGTAYGYTF,RLVPYLEFL,B*51:01,0
CASGPTGGAAETQYF,RYRIGNYKL,B*57:01,0
CASGPTGGAAETQYF,TSTLQEQIGW,B*27:05,0
CASGPTGGAAETQYF,SLLMWITQC,B*27:09,0
CASGQGAYEQYF,HPVGEADYFEY,B*51:01,0
CASGQGAYEQYF,SLLMPILTL,A*30:02,0
CASGQGAYEQYF,VYIGDPAQL,B*15:01,0
CASGQGAYEQYF,CFVECAPVC,B*27:05,0
CASGQGAYEQYF,LLFGMPPCL,B*35:08,0
CASGQGAYEQYF,VVMSWAPPV,B*15:01,0
CASGQGAYEQYF,KLLEIAPNC,A*30:02,0
CASGQGAYEQYF,RLGPYLEFL,A*24:02,0
CASGQGAYEQYF,MLNIPSINV,B*51:01,0
CASGRGPNYGYTF,SLAPLSPRA,A*01:01,0
CASGRGPNYGYTF,LLAGTLAGV,B*37:01,0
CASGRGPNYGYTF,RYPLTFGW,A*24:02,0
CASGRGPNYGYTF,ILTGLNYEV,A*01:01,0
CASGRLVTGGGTGANVLTF,KTWGQYWQV,A*30:02,0
CASGRLVTGGGTGANVLTF,GQVMVVAPR,A*02:01,0
CASGRLVTGGGTGANVLTF,RLQSLQTYV,B*27:09,0
CASGRLVTGGGTGANVLTF,LLFALHFSA,A*24:02,0
CASGRLVTGGGTGANVLTF,NDMLVCANI,A*02:01,0
CASGRLVTGGGTGANVLTF,QKRPIPIKYKAM,A*01:01,0
CASGRLVTGGGTGANVLTF,ILNVDVFTL,B*27:09,0
CASGRLVTGGGTGANVLTF,VSDGGPNLY,A*68:01,0
CASGRLVTGGGTGANVLTF,TSTLQEQIGW,A*01:01,0
CASGRSGEDYGYTF,KTFPPTEPK,B*08:01,0
CASGRSGEDYGYTF,LLWNGPMAV,B*08:01,0
CASGRSGEDYGYTF,RLPGVLPRA,A*11:01,0
CASGRSGEDYGYTF,RTMEVCYNT,B*35:08,0
CASGRSGEDYGYTF,VLFGLGFAI,A*11:01,0
CASGRSGEDYGYTF,FMLYLLTLM,A*02:01,0
CASGRSGEDYGYTF,GQFLTPNSH,B*27:05,0
CASGRSGEDYGYTF,ILNAMITKI,B*27:05,0
CASGRSGEDYGYTF,GCQEICPAC,B*35:01,0
CASGSGGEHF,LLSIISFPA,B*35:01,0
CASGSGGEHF,KMVAVFYTT,A*01:01,0
CASGSGGEHF,ILTGLNYEA,B*51:01,0
CASGSGGEHF,LLAMTVPNV,A*24:02,0
CASGSGGEHF,EIQEFCPNT,B*57:01,0
CASGSGGEHF,KLVALGINAV,B*35:08,0
CASGSGGEHF,ITDQVPFSV,B*35:08,0
CASGTAGGPSTDTQYF,AEMEFCPCC,B*07:02,0
CASGTAGGPSTDTQYF,KTWGQYWQV,A*30:02,0
CASGTAGGPSTDTQYF,KMVAVFYNT,B*38:01,0
CASGTAGGPSTDTQYF,CFVECAPVC,B*27:09,0
CASGTGTPYNEQF,SLAPLSPRV,B*38:01,0
CASGTGTPYNEQF,ALSPVIPLI,A*11:01,0
CASGTGTPYNEQF,IVCPICSQK,B*35:01,0
CASGTGTPYNEQF,SVYGDTLEK,B*08:01,0
CASGTGTPYNEQF,KRPIPIKYKAM,B*27:09,0
CASGTGTPYNEQF,LLSIISFPA,B*27:09,0
CASGTGTPYNEQF,TAFTIPSI,B*51:01,0
CASGTLNSNQPQHF,TRLALIAPK,A*68:01,0
CASGTLNSNQPQHF,EIQEFCPNT,B*35:08,0
CASGTLNSNQPQHF,TRLALIAPK,B*07:02,0
CASGTLNSNQPQHF,CTELKLSDY,A*01:01,0
CASIGGYGQPQHF,ELAGIGILTV,B*08:01,0
CASIGGYGQPQHF,KLVALGINAV,A*01:01,0
CASIGGYGQPQHF,CLGGLLTMV,B*07:02,0
CASIGGYGQPQHF,NDMLVCANI,B*35:08,0
CASIGGYGQPQHF,RLQSLQTYV,B*08:01,0
CASIKTGGAPETQYF,YVLTWIVGA,B*35:08,0
CASIKTGGAPETQYF,VSDGGPNLY,B*37:01,0
CASIKTGGAPETQYF,KTWGQYWQV,A*30:02,0
CASIKTGGAPETQYF,RPPIFIRRL,A*68:01,0
CASIKTGGAPETQYF,EAAGIGILTV,B*57:01,0
CASIKTGGAPETQYF,ALSPVIPHI,A*24:02,0
CASILGLTTYNEQFF,RLPGVLPRA,B*15:01,0
CASILGLTTYNEQFF,CFVECAPVC,A*02:01,0
CASILGLTTYNEQFF,CTELKLSDY,B*27:05,0
CASILGLTTYNEQFF,NMINFAPNI,B*27:09,0
CASISTDSLNTEAFF,MMPFSIVYI,B*27:09,0
CASISTDSLNTEAFF,NMIHFAPNV,A*68:01,0
CASISTDSLNTEAFF,RLVPYLEFL,B*51:01,0
CASISTDSLNTEAFF,VMPFSIVYI,B*51:01,0
CASISTDSLNTEAFF,LMFWASSSI,B*15:01,0
CASISTDSLNTEAFF,GQFLTPNSH,B*27:09,0
CASISTDSLNTEAFF,SLAPLSPRA,B*07:02,0
CASISTDSLNTEAFF,FTSDYYQLY,B*07:02,0
CASISTDSLNTEAFF,FEDLRLLSF,A*02:01,0
CASKGDSPHQPQHF,VSDGGPNLY,A*30:02,0
CASKGDSPHQPQHF,IMDQVPFSV,B*38:01,0
CASKGDSPHQPQHF,NYNYLYRLF,B*27:09,0
CASKPGQDYTGELFF,QSRGDENRGW,A*02:01,0
CASKPGQDYTGELFF,VSDGGPNLY,B*15:01,0
CASKPGQDYTGELFF,LLAMTVPNV,B*51:01,0
CASKPGQDYTGELFF,LLAMTVPNV,A*03:01,0
CASKPGQDYTGELFF,MMPFSIVYI,B*38:01,0
CASKRMTGEAGQPQHF,FEDLRLLSF,B*38:01,0
CASKSWDMAYEQYF,RLGPYLEFL,B*35:08,0
CASKSWDMAYEQYF,LRVMMLAPF,B*37:01,0
CASKSWDMAYEQYF,YLEPGPVTA,A*11:01,0
CASKSWDMAYEQYF,FMLYLLTLM,B*57:01,0
CASKSWDMAYEQYF,QSRGDENRGW,B*27:05,0
CASLEAGGETQYF,IVCPICSQK,A*03:01,0
CASLEAGGETQYF,QYDPVAALF,A*02:01,0
CASLEAGGETQYF,KAFSPEVIPMF,A*02:01,0
CASLEAGGETQYF,VLFGLGFAI,A*30:02,0
CASLEAGGETQYF,CTELKLSDY,A*02:01,0
CASLEAGGETQYF,SLAPLSPRA,A*24:02,0
CASLEAGGETQYF,ILNAMITKI,A*01:01,0
CASLGLQETQYF,NMINFAPNI,B*15:01,0
CASLGLQETQYF,LLSIISFPA,B*27:09,0
CASLGLQETQYF,KLVALGINAV,B*57:01,0
CASLGLQETQYF,FLTVFSHFM,B*57:01,0
CASLGLQETQYF,YVLDHLIVV,A*11:01,0
CASLGLQETQYF,RQLLFVVEV,B*35:01,0
CASLGLQETQYF,YVLDHLIVV,A*68:01,0
CASLGLQETQYF,ILTGLNYEA,B*15:01,0
CASLNPGSYEQYF,RLQSLQTYV,B*27:05,0
CASLNPGSYEQYF,GILGFVFTL,B*27:09,0
CASLNPGSYEQYF,FEDLRLLSF,B*08:01,0
CASMRGAHTGELFF,AVGSYVYSV,B*35:08,0
CASMRGAHTGELFF,NMIHFAPNV,A*11:01,0
CASMRGAHTGELFF,ALSKGVHFV,A*02:01,0
CASMRGAHTGELFF,RLGPYLEFL,B*35:08,0
CASMRGAHTGELFF,ILNVDIFTL,B*35:01,0
CASMRPTSYEQYF,YLEPGPVTA,B*57:01,0
CASMRPTSYEQYF,KTFPPTEPK,B*57:01,0
CASMRPTSYEQYF,LMFWASSSI,B*35:01,0
CASMRPTSYEQYF,VSDGGPNLY,B*35:01,0
CASMRPTSYEQYF,VMPFSIVYIV,B*51:01,0
CASMRPTSYEQYF,MIISHLYLI,B*27:05,0
CASMTNNQPQHF,NLVPMVATV,B*07:02,0
CASMTNNQPQHF,VMPFSIVYIV,B*27:09,0
CASMTNNQPQHF,QSRGDENRGW,B*15:01,0
CASMTNNQPQHF,SLLMWITQC,A*30:02,0
CASMTRLGDSNEKLFF,CFVECAPVC,B*07:02,0
CASMTRLGDSNEKLFF,FEDLRVLSF,A*11:01,0
CASMTRLGDSNEKLFF,DATYQRTRALVR,B*51:01,0
CASMTRLGDSNEKLFF,RLVPYLEFL,B*27:05,0
CASMTRLGDSNEKLFF,KTWGQYWQV,A*01:01,0
CASMTRLGDSNEKLFF,QYIKWPWYI,A*30:02,0
CASNGAGGYEQYF,CFLLILPNC,B*15:01,0
CASNGAGGYEQYF,VYFLQSINF,B*08:01,0
CASNGAGGYEQYF,FEDLRLLSF,B*57:01,0
CASNGAGGYEQYF,NYNYLYRLF,A*01:01,0
CASNGAGGYEQYF,LLFGMPPCL,A*11:01,0
CASNLGGDNEQFF,ELAGIGILTV,B*57:01,0
CASNLGGDNEQFF,ILTGLNYEA,A*02:01,0
CASNLGGDNEQFF,CFLLILPNC,B*08:01,0
CASNLGGDNEQFF,VLNYFKPYL,B*38:01,0
CASNLGGDNEQFF,MLYQHLLPL,B*35:08,0
CASNLGGDNEQFF,SPRWYFYYL,B*35:08,0
CASNLGGDNEQFF,VYGIRLEHF,B*57:01,0
CASNLGGDNEQFF,KMVAVFYTT,B*38:01,0
CASNLGGDNEQFF,KAFSPEVIPMF,A*30:02,0
CASNLRDTGNEQFF,VLFGLGFAI,A*03:01,0
CASNLRDTGNEQFF,KTWGQYWQV,A*11:01,0
CASNLRDTGNEQFF,FEDLRVSSF,A*30:02,0
CASNLRDTGNEQFF,KLSALGINAV,B*15:01,0
CASNLRDTGNEQFF,EIQEFCPNT,B*35:08,0
CASNPPGLAATGELFF,FTSDYYQLY,B*27:05,0
CASNPPGLAATGELFF,SLAPLSPRV,B*38:01,0
CASNPPGLAATGELFF,FLYNLLTRV,B*27:05,0
CASNPPGLAATGELFF,MIISHLYLI,B*27:09,0
CASNPPGLAATGELFF,KLVALGINAV,B*27:09,0
CASNPPVRLGLTEAFF,KLNTITPVV,A*68:01,0
CASNPPVRLGLTEAFF,VLFGLGFAI,B*37:01,0
CASNPPVRLGLTEAFF,CLGGLLTMV,B*35:01,0
CASNPPVRLGLTEAFF,NMIHFAPNV,A*24:02,0
CASNPPVRLGLTEAFF,SPRWYFYYL,A*24:02,0
CASNPPVRLGLTEAFF,KLLEIAPNC,B*27:09,0
CASNPVAGLPGEQYF,LLSIIFFPA,B*35:01,0
CASNPVAGLPGEQYF,NLFNRYPAL,A*03:01,0
CASNPVAGLPGEQYF,MLYQHLLPL,B*08:01,0
CASNQGLYEQYF,SLLWMNPFV,B*08:01,0
CASNQGLYEQYF,TTDPSFLGRY,B*38:01,0
CASNQGLYEQYF,RLGPYLEFL,B*07:02,0
CASNQGLYEQYF,VYIGDPAQL,B*35:01,0
CASNQGLYEQYF,KMVTVCPNT,B*35:01,0
CASNQGLYEQYF,FLYNPLTRV,A*02:01,0
CASNRDRDYGYTF,LLSIISFPA,B*07:02,0
CASNRDRDYGYTF,FEDLRVSSF,A*30:02,0
CASNRDRDYGYTF,YHSIEWAI,B*57:01,0
CASNRDRDYGYTF,ILNVDVFTL,B*15:01,0
CASNRDRDYGYTF,FLRGRAYGL,B*38:01,0
CASNREVSTDTQYF,LLSIIFFPA,B*37:01,0
CASNREVSTDTQYF,IMDQVPFSV,B*07:02,0
CASNREVSTDTQYF,GILGFVFTL,A*03:01,0
CASNREVSTDTQYF,LLAGTLAVV,A*02:01,0
CASNREVSTDTQYF,LLSIISFPA,B*27:09,0
CASNRGYNEQFF,SPRWYFYYL,B*38:01,0
CASNRGYNEQFF,RPPIFIRRL,B*37:01,0
CASNRGYNEQFF,ELAGIGILTV,A*68:01,0
CASNRGYNEQFF,LLSIISFPA,A*02:01,0
CASNRGYNEQFF,RPIPIKYKAM,B*38:01,0
CASNSGGYNEQFF,KVKEVCPNV,A*03:01,0
CASNSGGYNEQFF,ALSKGVHFV,A*01:01,0
CASNSGGYNEQFF,HPVGEADYFEY,A*02:01,0
CASNWGGRGNTGELFF,KTFPPTEPK,A*68:01,0
CASNWGGRGNTGELFF,KMVTVCPNT,A*01:01,0
CASNWGGRGNTGELFF,KTWGQYWQV,A*11:01,0
CASNWGGRGNTGELFF,SLLMPILTL,B*37:01,0
CASNWGGRGNTGELFF,TRLALIAPK,B*07:02,0
CASNWGGRGNTGELFF,CLGGLLTMV,A*03:01,0
CASNWGGRGNTGELFF,RPRGEVRFL,B*38:01,0
CASNWGGRGNTGELFF,LLAGTLAGV,B*15:01,0
CASPTSGKDPDTQYF,YVLDHLIVV,A*24:02,0
CASPTSGKDPDTQYF,ALSPVIPHI,A*01:01,0
CASPTSGKDPDTQYF,NMINFAPNI,B*08:01,0
CASPTSGKDPDTQYF,RYRIGNYKL,B*15:01,0
CASPTSGKDPDTQYF,MMPFSIVYI,B*51:01,0
CASPTSGKDPDTQYF,ALSPVIPLI,B*38:01,0
CASQDSYEQYF,LLAMTVPNV,A*02:01,0
CASQDSYEQYF,FEDLRVLSF,B*51:01,0
CASQDSYEQYF,YLEPGPVTA,B*08:01,0
CASQDSYEQYF,KLWASPLHV,A*24:02,0
CASQDSYEQYF,GQMWLLAPR,A*03:01,0
CASQDSYEQYF,ILNVDIFTL,A*11:01,0
CASQIQGYTEAF,YLQPRTFLL,B*38:01,0
CASQIQGYTEAF,EIQEFCPNT,B*08:01,0
CASQIQGYTEAF,QKRPIPIKYKAM,B*51:01,0
CASQIQGYTEAF,ALSPVIPHI,A*02:01,0
CASQIQGYTEAF,VSDGGPNLY,B*38:01,0
CASQIQGYTEAF,SLAPLSPRV,A*24:02,0
CASQIQGYTEAF,KAFSPEVIPMF,B*37:01,0
CASQIQGYTEAF,GMGPLLATV,B*38:01,0
CASQIQGYTEAF,VYGIRLEHF,A*02:01,0
CASQPWFNTGELFF,KMVAVFYNT,B*35:01,0
CASQPWFNTGELFF,KMVTVCPNT,B*51:01,0
CASQPWFNTGELFF,VMPFSIVYI,B*57:01,0
CASQPWFNTGELFF,RLGPYLEFL,B*35:08,0
CASQPWFNTGELFF,SLLMPILTL,A*02:01,0
CASQPWFNTGELFF,RLPGVLPRA,A*01:01,0
CASQPWFNTGELFF,KAFSPEVIPMF,B*38:01,0
CASQPWFNTGELFF,LIIPFIHLI,B*51:01,0
CASQPWFNTGELFF,LMFWASSSI,B*37:01,0
CASRAGSTEAFF,LLFGMTPCL,A*11:01,0
CASRAGSTEAFF,KLNTITPVV,A*68:01,0
CASRAGSTEAFF,HTMLCMCCK,A*02:01,0
CASRAGSTEAFF,HTMLCMCCK,A*01:01,0
CASRAGSTEAFF,KLVALGINAV,B*57:01,0
CASRAGSTEAFF,IMDQVPFSV,B*35:08,0
CASRAGSTEAFF,LLFGMPPCL,A*30:02,0
CASRAGSTEAFF,VMHANYIFW,B*51:01,0
CASRAGSTEAFF,MIISHLYLI,B*08:01,0
CASRASGGYNEQFF,KTWGQYWQV,A*02:01,0
CASRASGGYNEQFF,IMDQVPFSV,B*37:01,0
CASRASGGYNEQFF,CLGGLLTMV,B*35:01,0
CASRASGGYNEQFF,TSTLQEQIGW,B*35:01,0
CASRDRGVGSPLHF,KMVAVFYTT,B*37:01,0
CASRDRGVGSPLHF,DATYQRTRALVR,B*51:01,0
CASRDRGVGSPLHF,MLYQHLLPL,A*03:01,0
CASRDRGVGSPLHF,KAFSPEVIPMF,B*37:01,0
CASRDRGVGSPLHF,CTELKLNDY,B*08:01,0
CASRDRGVGSPLHF,CTELKLSDY,B*37:01,0
CASRDRGVGSPLHF,SPRWYFYYL,A*11:01,0
CASREALEQAEAF,SLLMWITQA,A*30:02,0
CASREALEQAEAF,ALYGSVPVL,A*30:02,0
CASREALEQAEAF,RPIPIKYKAM,A*68:01,0
CASREALEQAEAF,GQFLTPNSH,A*68:01,0
CASREGLEDTEAFF,LIIPFIHLI,A*68:01,0
CASREGLEDTEAFF,FTSDYYQLY,B*15:01,0
CASREGTEAIDTEAFF,RLVPYLEFL,A*03:01,0
CASREGTEAIDTEAFF,LLSIIFFPA,B*38:01,0
CASREGTEAIDTEAFF,KLLEIAPNC,B*07:02,0
CASREGTEAIDTEAFF,IMDQVPFSV,B*07:02,0
CASREGTEAIDTEAFF,GQVMVVAPR,A*02:01,0
CASREQGMNTEAFF,RPRGEVRFL,A*01:01,0
CASREQGMNTEAFF,THLMVLCCV,B*35:01,0
CASREQGMNTEAFF,EAAGIGILTV,A*68:01,0
CASREQGMNTEAFF,ALSKGVHFV,B*37:01,0
CASREQGMNTEAFF,GCQEICPAC,B*08:01,0
CASREQGMNTEAFF,LLFGMTPCL,B*37:01,0
CASREQGMNTEAFF,LLAILTYYV,A*30:02,0
CASREQGMNTEAFF,VAANIVLTV,B*15:01,0
CASREQGMNTEAFF,GQFLTPNSH,A*11:01,0
CASRETGGRAGFADTQYF,KAFSPEVIPMF,B*27:05,0
CASRETGGRAGFADTQYF,LLAILTYYV,A*01:01,0
CASRETGGRAGFADTQYF,GCQEICPAC,B*35:01,0
CASRETGGRAGFADTQYF,LRVMMLAPF,B*37:01,0
CASRETGGRAGFADTQYF,YVLDHLIVV,A*11:01,0
CASRETGGRAGFADTQYF,FLTVFSHFM,A*11:01,0
CASRETGGRAGFADTQYF,VLFHRAFLV,B*38:01,0
CASRETGGRAGFADTQYF,FLIYLDVSV,B*35:01,0
CASRETGGRAGFADTQYF,FLTVFSHFM,B*27:09,0
CASRETGGRAGFADTQYF,LLAGTLAVV,A*02:01,0
CASRFVAPSDGYNEQFF,ILTGLNYEA,A*11:01,0
CASRFVAPSDGYNEQFF,FTSDYYQLY,B*27:05,0
CASRFVAPSDGYNEQFF,QYIKWPWYI,B*38:01,0
CASRFVAPSDGYNEQFF,KTWGQYWQV,B*15:01,0
CASRFVAPSDGYNEQFF,CTELKLNDY,A*68:01,0
CASRFVAPSDGYNEQFF,QKRPIPIKYKAM,A*24:02,0
CASRFVAPSDGYNEQFF,HPVGEADYFEY,B*35:08,0
CASRGAVDTQYF,ILNVDIFTL,B*57:01,0
CASRGAVDTQYF,KRPIPIKYKAM,B*35:01,0
CASRGAVDTQYF,LVLEVDPNI,A*24:02,0
CASRGAVDTQYF,EAAGIGILTV,B*08:01,0
CASRGAVDTQYF,ITDQVPFSV,B*35:01,0
CASRGAVDTQYF,NLFNRYPAL,B*08:01,0
CASRGAVDTQYF,NMIHFAPNV,B*38:01,0
CASRGAVDTQYF,FTSDYYQLY,B*07:02,0
CASRGAVDTQYF,RTMEVCYNT,B*07:02,0
CASRGAVDTQYF,LLFALHFSA,B*35:08,0
CASRGAVDTQYF,VLNYFKPYL,B*35:01,0
CASRGAVDTQYF,FLRGRAYGL,B*08:01,0
CASRGGGGFYEQYF,VYGIRLEHF,A*03:01,0
CASRGGGGFYEQYF,GILGFVFTL,A*03:01,0
CASRGGGGFYEQYF,KMVAVFYTT,B*08:01,0
CASRGGGGFYEQYF,NDMLVCANI,B*57:01,0
CASRGGGGFYEQYF,CLGGLLTMV,A*24:02,0
CASRGGGGFYEQYF,VLNYFEPYL,A*24:02,0
CASRGGGGFYEQYF,YVLTWIVGA,B*37:01,0
CASRGGGGFYEQYF,LLFALHFSA,B*51:01,0
CASRGGRRNTEAFF,KAFSPEVIPMF,A*03:01,0
CASRGGRRNTEAFF,HTMLCMCCK,B*07:02,0
CASRGGRRNTEAFF,KRPIPIKYKAM,A*68:01,0
CASRGGRRNTEAFF,YVLDHLIVV,B*08:01,0
CASRGGRRNTEAFF,MLNIPSINV,B*27:09,0
CASRGGRRNTEAFF,GILGFVFTL,A*03:01,0
CASRGQGNTEAFF,SPRWYFYYL,B*08:01,0
CASRGQGNTEAFF,KMVAVFYNT,A*02:01,0
CASRGQGNTEAFF,CLGGLLTMV,B*38:01,0
CASRGQGNTEAFF,FEDLRVSSF,A*24:02,0
CASRGQGNTEAFF,KRPIPIKYKAM,A*30:02,0
CASRGQGNTEAFF,SLAPLSPRA,B*27:05,0
CASRGQGNTEAFF,KRPIPIKYKAM,B*27:09,0
CASRGQGNTEAFF,RPPIFIRRL,B*57:01,0
CASRGQGNTEAFF,ILNVDIFTL,B*15:01,0
CASRGQGNTEAFF,VSDGGPNLY,A*02:01,0
CASRGQGNTEAFF,ILTGLNYEA,A*11:01,0
CASRGQGNTEAFF,GCQEICPAC,A*01:01,0
CASRGQGNTEAFF,KLWASPLHV,B*35:08,0
CASRGQGNTEAFF,GILGFVFTL,B*27:05,0
CASRGQNTGELFF,FMLYLLTLM,A*68:01,0
CASRGQNTGELFF,GKTELLAPF,A*68:01,0
CASRGQNTGELFF,KMVAVFYTT,B*37:01,0
CASRGQNTGELFF,MMPFSIVYI,B*51:01,0
CASRGQNTGELFF,LMFWASSSI,B*08:01,0
CASRGQNTGELFF,AVGSYVYSV,B*08:01,0
CASRGQNTGELFF,KLNTITPVV,B*08:01,0
CASRGQNTGELFF,CFLLILPNC,B*27:05,0
CASRGQNTGELFF,TRLALIAPK,B*37:01,0
CASRGQTPEAFF,KTWGQYWQV,B*08:01,0
CASRGQTPEAFF,ALSPVIPLI,A*02:01,0
CASRGQTPEAFF,AEMEFCPCC,B*07:02,0
CASRGQTPEAFF,TRLALIAPK,A*30:02,0
CASRGQTPEAFF,VYFLQSINF,A*11:01,0
CASRGQTPEAFF,LLFGMPPCL,A*68:01,0
CASRGQTPEAFF,VLFGLGFAI,A*24:02,0
CASRGQTPEAFF,KVKEVCPNV,B*27:09,0
CASRGSGASTGELFF,FLYNLLTRV,A*02:01,0
CASRGSGASTGELFF,KMVAVFYNT,B*27:09,0
CASRGSGASTGELFF,HPVGEADYFEY,B*38:01,0
CASRGSGASTGELFF,MTLHGFMMY,A*03:01,0
CASRGSGASTGELFF,QSRGDENRGW,A*01:01,0
CASRGSGASTGELFF,LIIPFIHLI,B*15:01,0
CASRGSGASTGELFF,FLTVFSHFM,B*35:01,0
CASRGSGASTGELFF,FEDLRVSSF,B*35:01,0
CASRILAGVLYEQYF,TSTLQEQIGW,B*37:01,0
CASRILAGVLYEQYF,GCQEICPAC,B*35:08,0
CASRILAGVLYEQYF,GQFLTPNSH,A*11:01,0
CASRILAGVLYEQYF,CFLLILPNC,B*37:01,0
CASRILAGVLYEQYF,GQVMVVAPR,A*24:02,0
CASRILAGVLYEQYF,FLTVFSHFM,B*35:08,0
CASRILAGVLYEQYF,SPRWYFYYL,B*57:01,0
CASRILAGVLYEQYF,KLWASPLHV,B*27:05,0
CASRILAGVLYEQYF,LLWNGPMAV,B*51:01,0
CASRIWTGGDLNTEAFF,FEDLRVLSF,B*51:01,0
CASRIWTGGDLNTEAFF,MLYQHLLPL,A*11:01,0
CASRIWTGGDLNTEAFF,SLAPLSPRV,A*03:01,0
CASRIWTGGDLNTEAFF,ILNVDVFTL,A*01:01,0
CASRIWTGGDLNTEAFF,SLLMPILTL,B*08:01,0
CASRLGESSYNEQFF,QYDPVAALF,B*27:05,0
CASRLGESSYNEQFF,LLAGTLAVV,A*68:01,0
CASRLGESSYNEQFF,FTSDYYQLY,B*07:02,0
CASRLGESSYNEQFF,ILNAMITKI,B*57:01,0
CASRLGESSYNEQFF,SLLMWITQA,A*68:01,0
CASRLGESSYNEQFF,NMINFAPNI,A*68:01,0
CASRLGESSYNEQFF,CTELKLNDY,B*07:02,0
CASRLGESSYNEQFF,MTLHGFMMY,A*68:01,0
CASRLGGLGEQYF,LLWNGPMAV,A*02:01,0
CASRLGGLGEQYF,ILNAMITKI,B*57:01,0
CASRLGGLGEQYF,RQLLFVVEV,B*08:01,0
CASRLGGLGEQYF,QYIKWPWYI,B*08:01,0
CASRLGGLGEQYF,SLLMPILTL,B*27:09,0
CASRLGGLGEQYF,TSTLQEQIGW,B*07:02,0
CASRLGGLGEQYF,YVLTWIVGA,A*03:01,0
CASRLGGLGEQYF,RQLLFVVEV,A*02:01,0
CASRLGGLGEQYF,NLNCCSVPV,A*24:02,0
CASRLGGLGEQYF,SLAPLSPRV,B*51:01,0
CASRLGGLGEQYF,DATYQRTRALVR,B*51:01,0
CASRLGGLGEQYF,NLFNRYPAL,A*01:01,0
CASRLGLGDREDEKLFF,KLLEIAPNC,B*38:01,0
CASRLGLGDREDEKLFF,LLFGMPPCL,B*27:05,0
CASRLGLGDREDEKLFF,LLFALYFSA,B*15:01,0
CASRLGLGDREDEKLFF,KTWGQYWQV,B*07:02,0
CASRLGLGDREDEKLFF,GKTELLAPF,B*38:01,0
CASRLGLGDREDEKLFF,GILGFVFTL,B*15:01,0
CASRLGLGDREDEKLFF,KLNTITPVV,B*27:05,0
CASRLGLGDREDEKLFF,NLFNRYPAL,B*07:02,0
CASRLHGGTPSYEQYF,FLRGRAYGL,A*03:01,0
CASRLHGGTPSYEQYF,HPVGEADYFEY,A*30:02,0
CASRLHGGTPSYEQYF,KMVAVFYNT,A*01:01,0
CASRLHGGTPSYEQYF,VVMSWAPPV,A*30:02,0
CASRLHGGTPSYEQYF,VVMSWAPPV,B*37:01,0
CASRLPTTDEKLFF,CFVECAPVC,B*57:01,0
CASRLPTTDEKLFF,ITDQVPFSV,A*11:01,0
CASRLPTTDEKLFF,ILNVDVFTL,B*07:02,0
CASRLPTTDEKLFF,QYIKWPWYI,A*24:02,0
CASRLPTTDEKLFF,TAFTIPSI,B*08:01,0
CASRLPTTDEKLFF,FEDLRLLSF,A*11:01,0
CASRLPTTDEKLFF,VVMSWAPPV,A*30:02,0
CASRLPTTDEKLFF,VMPFSIVYI,B*15:01,0
CASRMGSTAFF,SPRWYFYYL,A*03:01,0
CASRMGSTAFF,CFLLILPNC,B*08:01,0
CASRMGSTAFF,LRVMMLAPF,B*51:01,0
CASRMGSTAFF,KTWGQYWQV,B*08:01,0
CASRMGSTAFF,QSRGDENRGW,B*27:09,0
CASRMGSTAFF,MTLHGFMMY,A*24:02,0
CASRMGSTAFF,LLWNGPMAV,B*57:01,0
CASRMGSTAFF,FMLYLLTLM,A*11:01,0
CASRMGTSGSTDTQYF,VLFGLGFAI,A*02:01,0
CASRMGTSGSTDTQYF,KAFSPEVIPMF,B*27:05,0
CASRMGTSGSTDTQYF,NMIHFAPNV,A*03:01,0
CASRMGTSGSTDTQYF,RTMEVCYNT,A*02:01,0
CASRMGTSGSTDTQYF,DATYQRTRALVR,B*35:01,0
CASRMGTSGSTDTQYF,FLRGRAYGL,A*02:01,0
CASRMGTSGSTDTQYF,LPRWYFYYL,B*37:01,0
CASRMGTSGSTDTQYF,SLLMWITQA,B*27:09,0
CASRMGTSGSTDTQYF,HTMLCMCCK,A*30:02,0
CASRMGTSGSTDTQYF,NMINFAPNI,A*01:01,0
CASRPGGGGYTF,QSRGDENRGW,B*27:09,0
CASRPGGGGYTF,EAAGIGILTV,B*27:05,0
CASRPGGGGYTF,LLSIISFPA,A*02:01,0
CASRPGGGGYTF,GQVMVVAPR,B*08:01,0
CASRPGGGGYTF,VMPFSIVYIV,B*08:01,0
CASRPGGGGYTF,EIQEFCPNT,B*08:01,0
CASRPGGGGYTF,FLIYLDVSV,A*30:02,0
CASRPGGGSYNEQFF,AEMEFCPCC,B*37:01,0
CASRPGGGSYNEQFF,NMINFAPNI,A*02:01,0
CASRPGGGSYNEQFF,RYPLTFGWCF,A*11:01,0
CASRPGLAGGRPEQYF,LRVMMLAPF,B*35:01,0
CASRPGLAGGRPEQYF,IPSINVHHY,A*30:02,0
CASRPGLAGGRPEQYF,AVGSYVYSV,A*24:02,0
CASRPGLAGGRPEQYF,QSRGDENRGW,B*15:01,0
CASRPGLAGGRPEQYF,ILNAMITKI,A*03:01,0
CASRPGLAGGRPEQYF,GQMWLLAPR,B*57:01,0
CASRPGLAGGRPEQYF,LLSIISFPA,B*38:01,0
CASRPGLMSAQPEQYF,NMIHFAPNV,B*27:05,0
CASRPGLMSAQPEQYF,KTWGQYWQV,B*37:01,0
CASRPGLMSAQPEQYF,RFPLTFGWCF,B*07:02,0
CASRPGLMSAQPEQYF,QSRGDENRGW,B*15:01,0
CASRPGLMSAQPEQYF,VMPFSIVYI,B*38:01,0
CASRPGLMSAQPEQYF,FLYNPLTRV,B*51:01,0
CASRPGQGRNGTSGVTYEQYF,LLAMTVPNV,B*08:01,0
CASRPGQGRNGTSGVTYEQYF,ALSPVIPHI,A*03:01,0
CASRPGQGRNGTSGVTYEQYF,NLNCCSVPV,A*11:01,0
CASRPGQGRNGTSGVTYEQYF,KLLEIAPNC,A*24:02,0
CASRPGQGRNGTSGVTYEQYF,NLFNRYPAL,B*35:01,0
CASRPGQGRNGTSGVTYEQYF,GMGPLLATV,B*35:01,0
CASRPGQGRNGTSGVTYEQYF,CFVECAPVC,A*02:01,0
CASRPGTNTEAF,HTMLCMCCK,A*30:02,0
CASRPGTNTEAF,QYDPVAALF,B*15:01,0
CASRPGTNTEAF,SVYGDTLEK,B*35:08,0
CASRPGTNTEAF,KTWGQYWQV,B*15:01,0
CASRPGTNTEAF,KMVTVCPNT,A*68:01,0
CASRPLSGGAPDTQYF,LLAGTLAGV,B*35:01,0
CASRPLSGGAPDTQYF,MIISHLYLI,B*27:05,0
CASRPLSGGAPDTQYF,KRPIPIKYKAM,B*38:01,0
CASRPLSGGAPDTQYF,ITDQVPFSV,B*35:01,0
CASRPLSGGAPDTQYF,VMPFSIVYIV,B*35:01,0
CASRPLSGGAPDTQYF,ILNAMIAKI,A*01:01,0
CASRPLSGGAPDTQYF,CLGGLLTMV,A*01:01,0
CASRPLTGGNQPQHF,SLLWMNPFV,B*08:01,0
CASRPLTGGNQPQHF,RQLLFVVEV,B*35:01,0
CASRPLTGGNQPQHF,AEMEFCPCC,A*02:01,0
CASRPLTGGNQPQHF,NLFNRYPAL,B*57:01,0
CASRPLTGGNQPQHF,TTDPSFLGRY,A*68:01,0
CASRPLTGGNQPQHF,ELAGIGILTV,B*08:01,0
CASRPLTGGNQPQHF,RYRIGNYKL,B*15:01,0
CASRPPHYNSPLHF,LLSIIFFPA,A*02:01,0
CASRPPHYNSPLHF,RPRGEVRFL,A*03:01,0
CASRPPHYNSPLHF,SPRWYFYYL,B*38:01,0
CASRPPHYNSPLHF,FLTVFSHFM,A*30:02,0
CASRPPHYNSPLHF,ILNAMITKI,A*30:02,0
CASRPPHYNSPLHF,FLIYLDVSV,B*07:02,0
CASRPPHYNSPLHF,MIISHLYLI,B*07:02,0
CASRPQGLGNTIYF,VYFLQSINF,B*51:01,0
CASRPQGLGNTIYF,NMIHFAPNV,A*24:02,0
CASRPQGLGNTIYF,NYNYLYRLF,A*30:02,0
CASRPQGLGNTIYF,SLLMWITQC,B*08:01,0
CASRPQGLGNTIYF,RLPGVLPRA,B*15:01,0
CASRPQGLGNTIYF,VYGIRLEHF,B*07:02,0
CASRPQGLGNTIYF,MLYQHLLPL,B*07:02,0
CASRPQGLGNTIYF,TSTLQEQIGW,B*07:02,0
CASRPQGLGNTIYF,ILTGLNYEV,B*35:08,0
CASRPQQGKGSYEQYF,VVLSWAPPV,B*08:01,0
CASRPQQGKGSYEQYF,KMVAVFYTT,B*08:01,0
CASRPQQGKGSYEQYF,SVYGDTLEK,B*08:01,0
CASRPQQGKGSYEQYF,NLNCCSVPV,A*24:02,0
CASRPQQGKGSYEQYF,FEDLRVSSF,B*27:09,0
CASRPQQGKGSYEQYF,RLVPYLEFL,B*07:02,0
CASRPQQGKGSYEQYF,SLLMWITQC,A*24:02,0
CASRPRQVETQYF,MMPFSIVYI,B*27:05,0
CASRPRQVETQYF,LMFWASSSI,A*11:01,0
CASRPRQVETQYF,QKRPIPIKYKAM,B*08:01,0
CASRPRQVETQYF,RTMEVCYNT,B*38:01,0
CASRPRQVETQYF,LPRWYFYYL,B*35:01,0
CASRPRQVETQYF,QSRGDENRGW,A*01:01,0
CASRPTGMGQPQHFGF,AEMEFCPCC,A*01:01,0
CASRPTGMGQPQHFGF,ALYGFVPVL,A*24:02,0
CASRPTGMGQPQHFGF,KAFSPEVIPMF,B*08:01,0
CASRPTGMGQPQHFGF,SLAPLSPRA,B*38:01,0
CASRPTGMGQPQHFGF,QYDPVAALF,B*35:01,0
CASRPTGMGQPQHFGF,NMIHFAPNV,B*27:05,0
CASRQDRDYQETQYF,KMVAVFYTT,B*37:01,0
CASRQDRDYQETQYF,RYPLTFGWCF,A*11:01,0
CASRQDRDYQETQYF,KLNTITPVV,B*35:08,0
CASRQDRDYQETQYF,KMVAVFYTT,B*35:08,0
CASRQDRDYQETQYF,YVLTWIVGA,B*08:01,0
CASRQDRDYQETQYF,SLLMPILTL,B*35:08,0
CASRQDRDYQETQYF,FEDLRVSSF,B*51:01,0
CASRQDRDYQETQYF,MIISHLYLI,A*24:02,0
CASRQDRDYQETQYF,AVGSYVYSV,B*08:01,0
CASRQDRDYQETQYF,MTLHGFMMY,A*11:01,0
CASRRQATNEKLFF,TSTLQEQIGW,A*68:01,0
CASRRQATNEKLFF,NMIHFAPNV,A*01:01,0
CASRRQATNEKLFF,KLWASPLHV,A*01:01,0
CASRRQATNEKLFF,FMLYLLTLM,A*24:02,0
CASRSGGANEQFF,FEDLRVLSF,B*35:08,0
CASRSGGANEQFF,FEDLRLLSF,B*15:01,0
CASRSGGANEQFF,QSRGDENRGW,B*35:01,0
CASRSGGANEQFF,GKTELLAPF,A*24:02,0
CASRSGGANEQFF,NMINFAPNI,B*08:01,0
CASRSGGANEQFF,FEDLRLLSF,B*38:01,0
CASRSGGANEQFF,YVLDHLIVV,B*27:05,0
CASRSLAEKGETQYF,RLGPYLEFL,B*27:05,0
CASRSLAEKGETQYF,KTFPPTEPK,B*07:02,0
CASRSLAEKGETQYF,RQLLFVVEV,B*27:05,0
CASRSLAEKGETQYF,GMGPLLATV,A*11:01,0
CASRSLAEKGETQYF,LIIPFIHLI,A*24:02,0
CASRSLAEKGETQYF,RQLLFVVEV,B*35:01,0
CASRSLGQGAEKLFFGF,VAANIVLTV,A*11:01,0
CASRSLGQGAEKLFFGF,YVLTWIVGA,A*68:01,0
CASRSLGQGAEKLFFGF,KRPIPIKYKAM,B*15:01,0
CASRSLGQGAEKLFFGF,TRLALIAPK,B*07:02,0
CASRSLGQGAEKLFFGF,VSDGGPNLY,B*38:01,0
CASRSQNYYGYTF,ILNVDIFTL,B*57:01,0
CASRSQNYYGYTF,TSTLQEQIGW,A*11:01,0
CASRSQNYYGYTF,HPVGEADYFEY,B*27:09,0
CASRSQNYYGYTF,FLTVFSHFM,B*51:01,0
CASRSRGGHSPLHF,KVKEVCPNV,B*35:01,0
CASRSRGGHSPLHF,QSRGDENRGW,B*27:05,0
CASRSRGGHSPLHF,VVMSWAPPV,B*27:05,0
CASRSSDPYEQYF,ALSKGVHFV,A*11:01,0
CASRSSDPYEQYF,SLAPLSPRV,B*51:01,0
CASRSSDPYEQYF,VMHANYIFW,B*27:09,0
CASRSSDPYEQYF,ALSPVIPHI,B*51:01,0
CASRTGTSGGFPNTGELFF,VMHANYIFW,A*24:02,0
CASRTGTSGGFPNTGELFF,VYIGDPAQL,B*15:01,0
CASRTGTSGGFPNTGELFF,RYPLTFGWCF,B*15:01,0
CASRTRQEAFF,GKTELLAPF,B*51:01,0
CASRTRQEAFF,VVMSWAPPV,A*01:01,0
CASRTRQEAFF,LLFALHFSA,B*08:01,0
CASRTRQEAFF,GQMWLLAPR,B*38:01,0
CASRTRQEAFF,IPSINVHHY,B*27:09,0
CASRTRQEAFF,KLNTITPVV,B*38:01,0
CASRTSSYNSPLHF,KLSALGINAV,B*51:01,0
CASRTSSYNSPLHF,GQVMVVAPR,B*15:01,0
CASRTSSYNSPLHF,KRPIPIKYKAM,B*07:02,0
CASRTSSYNSPLHF,KMVTVCPNT,B*35:08,0
CASRTSSYNSPLHF,FEDLRVSSF,A*01:01,0
CASRVRGPYNEQFF,LLAGTLAVV,A*01:01,0
CASRVRGPYNEQFF,RYPLTFGWCF,B*38:01,0
CASRVRGPYNEQFF,FLYNLLTRV,A*03:01,0
CASRVRGPYNEQFF,CFLLILPNC,B*27:09,0
CASRVRGPYNEQFF,VAANIVLTV,B*35:08,0
CASRVRGPYNEQFF,LLFALYFSA,B*57:01,0
CASRVSGSHEQYVF,NLNCCSVPV,A*01:01,0
CASRVSGSHEQYVF,KVKEVCPNV,B*27:09,0
CASRVSGSHEQYVF,LLAMTVPNV,A*68:01,0
CASSAAGEAYEQYF,FLYNPLTRV,B*35:08,0
CASSAAGEAYEQYF,ITDQVPFSV,A*02:01,0
CASSAAGEAYEQYF,NLNCCSVPV,B*35:01,0
CASSAAGEAYEQYF,LLFALYFSA,A*02:01,0
CASSAAGTPAYEQYF,THLMVLCCV,B*35:01,0
CASSAAGTPAYEQYF,CFVECAPVC,B*35:08,0
CASSAAGTPAYEQYF,IVCPICSQK,B*27:09,0
CASSAAGTPAYEQYF,YLEPGPVTA,B*38:01,0
CASSAAGTPAYEQYF,RLPGVLPRA,A*24:02,0
CASSAAGTPAYEQYF,CLGGLLTMV,B*07:02,0
CASSAAGTPAYEQYF,RYPLTFGWCF,A*30:02,0
CASSAAPAYEQYF,LLSIIFFPA,B*07:02,0
CASSAAPAYEQYF,IMDQVPFSV,B*51:01,0
CASSAAPAYEQYF,RPPIFIRRL,B*27:09,0
CASSAAPAYEQYF,FLIYLDVSV,B*51:01,0
CASSAAPAYEQYF,VMHANYIFW,A*02:01,0
CASSAAPAYEQYF,FLYNLLTRV,B*07:02,0
CASSAAPAYEQYF,LLFALHFSA,A*02:01,0
CASSAAPAYEQYF,FLTVFSHFM,B*37:01,0
CASSAAPAYEQYF,QKRPIPIKYKAM,B*27:09,0
CASSAASGGAYEQYF,VYGIRLEHF,B*51:01,0
CASSAASGGAYEQYF,FEDLRVSSF,B*51:01,0
CASSAASGGAYEQYF,ILNVDVFTL,B*35:08,0
CASSAASGGAYEQYF,RYPLTFGW,B*27:05,0
CASSAASGGAYEQYF,LLFALYFSA,B*15:01,0
CASSAASGGAYEQYF,TRLALIAPK,B*35:08,0
CASSAASGGAYEQYF,NMIHFAPNV,B*08:01,0
CASSADRTQNYGYTF,IVCPICSQK,A*03:01,0
CASSADRTQNYGYTF,FLRGRAYGL,B*35:08,0
CASSADRTQNYGYTF,ILNAMIAKI,B*51:01,0
CASSADRTQNYGYTF,FEDLRVSSF,B*27:09,0
CASSADRTQNYGYTF,MMPFSIVYI,B*38:01,0
CASSADRTQNYGYTF,KVKEVCPNV,B*57:01,0
CASSADRTQNYGYTF,VLFHRAFLV,A*01:01,0
CASSAGGAYEQYF,GQMWLLAPR,B*37:01,0
CASSAGGAYEQYF,GMGPLLATV,B*08:01,0
CASSAGGDTEAFF,KMVAVFYTT,A*11:01,0
CASSAGGDTEAFF,FLTVFSHFM,A*01:01,0
CASSAGGDTEAFF,GQVMVVAPR,A*11:01,0
CASSAGGDTEAFF,VMPFSIVYIV,A*68:01,0
CASSAGGDTEAFF,KLLEIAPNC,A*03:01,0
CASSAGGDTEAFF,QSRGDENRGW,B*35:01,0
CASSAGGDTEAFF,LMFWASSSI,A*11:01,0
CASSAGGTEAFF,FTSDYYQLY,B*35:01,0
CASSAGGTEAFF,LLAGTLAVV,B*37:01,0
CASSAGGTEAFF,YHSIEWAI,A*01:01,0
CASSAGGTEAFF,VAANIVLTV,B*35:08,0
CASSAGGTEAFF,LLSIISFPA,A*01:01,0
CASSAGGTEAFF,VLNYFEPYL,B*08:01,0
CASSAGGTEAFF,LLAILTYYV,A*02:01,0
CASSAGGVGYNEQFF,THLMVLCCV,A*02:01,0
CASSAGGVGYNEQFF,LLAGTLAVV,B*37:01,0
CASSAGGVGYNEQFF,KMVAVFYTT,A*30:02,0
CASSAGGVGYNEQFF,LIIPFIHLI,B*57:01,0
CASSAGGVGYNEQFF,VMPFSIVYIV,B*57:01,0
CASSAGGVGYNEQFF,IMDQVPFSV,B*07:02,0
CASSAGGVGYNEQFF,VYGIRLEHF,B*35:08,0
CASSAGGVGYNEQFF,GKTELLAPF,A*01:01,0
CASSAGGVGYNEQFF,LMFWASSSI,B*38:01,0
CASSAGGVGYNEQFF,VMPFSIVYI,B*27:09,0
CASSAGGVGYNEQFF,KVKEVCPNV,A*03:01,0
CASSAGGVGYNEQFF,QYIKWPWYI,B*07:02,0
CASSAGGVGYNEQFF,QKRPIPIKYKAM,A*03:01,0
CASSAGLFPEQFF,KMVTVCPNT,B*08:01,0
CASSAGLFPEQFF,IVCPICSQK,B*08:01,0
CASSAGLFPEQFF,EAAGIGILTV,A*24:02,0
CASSAGLFPEQFF,RYRIGNYKL,B*35:01,0
CASSAGQGYEQYF,AEMEFCPCC,B*35:01,0
CASSAGQGYEQYF,QSRGDENRGW,B*35:01,0
CASSAGQGYEQYF,FEDLRVSSF,A*02:01,0
CASSAGQGYEQYF,ALYGSVPVL,B*08:01,0
CASSAGQGYEQYF,VLFHRAFLV,B*15:01,0
CASSAGQGYEQYF,SLLWMNPFV,A*68:01,0
CASSAGQGYEQYF,GCQEICPAC,B*57:01,0
CASSAGQNAYEQYF,VLNYFKPYL,B*35:08,0
CASSAGQNAYEQYF,FMLYLLTLM,A*68:01,0
CASSAGQNAYEQYF,EAAGIGILTV,B*07:02,0
CASSAGQNAYEQYF,VSDGGPNLY,B*51:01,0
CASSAGQNAYEQYF,VLNYFEPYL,A*30:02,0
CASSAGQNAYEQYF,YVLTWIVGA,A*24:02,0
CASSAGTGSYEQYF,NLFNRYPAL,A*03:01,0
CASSAGTGSYEQYF,LLFGYPVYV,B*27:05,0
CASSAGTGSYEQYF,VYIGDPAQL,B*27:05,0
CASSAGTGSYEQYF,FLRGRAYGL,A*24:02,0
CASSAGTGSYEQYF,EIQEFCPNT,A*30:02,0
CASSAGTGSYEQYF,CFVECAPVC,B*35:01,0
CASSAGTGSYEQYF,RPIPIKYKAM,B*27:09,0
CASSAGTGSYEQYF,RLQSLQTYV,B*37:01,0
CASSAGTGSYEQYF,ALYGSVPVL,B*27:09,0
CASSAGTGYTEAFF,LLFALHFSA,B*27:09,0
CASSAGTGYTEAFF,NLVPMVATV,A*02:01,0
CASSAGTGYTEAFF,GQMWLLAPR,B*27:05,0
CASSAGTGYTEAFF,LLWNGPMAV,A*11:01,0
CASSAGTGYTEAFF,EAAGIGILTV,A*01:01,0
CASSAGTIYNEQFF,LLSIIFFPA,A*24:02,0
CASSAGTIYNEQFF,ELAGIGILTV,A*24:02,0
CASSAGTIYNEQFF,YLQPRTFLL,A*30:02,0
CASSAGTIYNEQFF,NLVPMVATV,A*24:02,0
CASSAGTPYNEQFF,EIQEFCPNT,B*57:01,0
CASSAGTPYNEQFF,MLYQHLLPL,B*08:01,0
CASSAGTPYNEQFF,VSDGGPNLY,B*27:05,0
CASSAGTPYNEQFF,NLFNRYPAL,B*15:01,0
CASSAGTPYNEQFF,KTWGQYWQV,A*30:02,0
CASSAGTPYNEQFF,QYIKWPWYI,B*27:05,0
CASSAGTPYNEQFF,VYFLQSINF,B*15:01,0
CASSAGTSGSGSTYEQYF,IVCPICSQK,B*35:08,0
CASSAGTSGSGSTYEQYF,ILTGLNYEA,B*51:01,0
CASSAGTSGSGSTYEQYF,FLTVFSHFM,B*08:01,0
CASSAGTSGSGSTYEQYF,TTDPSFLGRY,B*57:01,0
CASSAGTSGSGSTYEQYF,RPPIFIRRL,A*24:02,0
CASSAGTSGSGSTYEQYF,RLPGVLPRA,B*27:05,0
CASSAGWISYEQYF,LMFWASSSI,A*68:01,0
CASSAGWISYEQYF,VLNYFEPYL,B*38:01,0
CASSAGWISYEQYF,MIISHLYLI,A*02:01,0
CASSAGYGQPQHFGF,GILGFVFTL,B*57:01,0
CASSAGYGQPQHFGF,KLSALGINAV,A*11:01,0
CASSAGYGQPQHFGF,CFVECAPVC,A*03:01,0
CASSAGYGQPQHFGF,KAFSPEVIPMF,B*37:01,0
CASSAGYGQPQHFGF,FLTVFSHFM,B*15:01,0
CASSALAGGPDNEQFF,NLFNRYPAL,B*27:05,0
CASSALAGGPDNEQFF,VMPFSIVYIV,B*35:08,0
CASSALAGGPDNEQFF,SLLMWITQC,B*07:02,0
CASSALAGGPDNEQFF,LLFALHFSA,B*57:01,0
CASSALTGNEQFF,ALSPVIPLI,B*27:09,0
CASSALTGNEQFF,RLPGVLPRA,A*68:01,0
CASSALTGNEQFF,LMFWASSSI,A*03:01,0
CASSALTGNEQFF,LLFALHFSA,B*27:05,0
CASSALVAFSTDTQYF,YLQPRTFLL,B*27:05,0
CASSALVAFSTDTQYF,YVLTWIVGA,B*38:01,0
CASSALVAFSTDTQYF,VMHANYIFW,B*57:01,0
CASSALVAFSTDTQYF,LLFGMTPCL,A*24:02,0
CASSALVAFSTDTQYF,YVLDHLIVV,B*35:01,0
CASSALVAFSTDTQYF,ILTGLNYEA,B*57:01,0
CASSALVAFSTDTQYF,RLQSLQTYV,B*07:02,0
CASSALVAFSTDTQYF,IMDQVPFSV,A*03:01,0
CASSANQGYEQYF,FLRGRAYGL,B*57:01,0
CASSANQGYEQYF,TTDPSFLGRY,B*51:01,0
CASSANQGYEQYF,LLFGMTPCL,A*03:01,0
CASSANQGYEQYF,GCQEICPAC,A*03:01,0
CASSANQGYEQYF,ILNAMITKI,B*27:09,0
CASSANQGYEQYF,LLFGMTPCL,A*02:01,0
CASSAPGQGNEKLFF,CFVECAPVC,A*03:01,0
CASSAPGQGNEKLFF,RYPLTFGW,B*35:01,0
CASSAPTGELFF,CFLLILPNC,B*27:05,0
CASSAPTGELFF,CTELKLNDY,B*27:09,0
CASSAPTGELFF,ALYGSVPVL,A*02:01,0
CASSAPTGELFF,FEDLRVSSF,A*01:01,0
CASSAPTGELFF,LLFGMTPCL,B*51:01,0
CASSAPTGELFF,LLFALHFSA,A*03:01,0
CASSAPTGELFF,TTDPSFLGRY,B*08:01,0
CASSAPTGELFF,VMPFSIVYIV,B*15:01,0
CASSARSGELFF,LLFALYFSA,A*02:01,0
CASSARSGELFF,ALYGFVPVL,B*07:02,0
CASSARSGELFF,TTDPSFLGRY,B*08:01,0
CASSARSGELFF,LLAGTLAVV,B*15:01,0
CASSARSGELFF,GCQEICPAC,B*57:01,0
CASSARSGELFF,FLTVFSHFM,A*01:01,0
CASSARSGELFF,SLLMWITQA,B*27:05,0
CASSARSGELFF,LLSIISFPA,B*08:01,0
CASSARTGELFF,SVYGDTLEK,A*68:01,0
CASSARTGELFF,SLAPLSPRV,A*68:01,0
CASSARTGELFF,VSDGGPNLY,B*35:08,0
CASSARTGELFF,MLNIPSINV,B*27:05,0
CASSARTGELFF,SLLMPILTL,A*03:01,0
CASSARTGELFF,LLSIIFFPA,B*37:01,0
CASSARTGELFF,MLYQHLLPL,A*24:02,0
CASSARTGELFF,RLVPYLEFL,A*30:02,0
CASSASGGAYNEQFF,YVLTWIVGA,A*24:02,0
CASSASGGAYNEQFF,RLGPYLEFL,B*27:05,0
CASSASGGRDYGYTF,LPRWYFYYL,B*57:01,0
CASSASGGRDYGYTF,LRVMMLAPF,A*02:01,0
CASSASGGRDYGYTF,LPRWYFYYL,A*02:01,0
CASSASGGRDYGYTF,LLAGTLAGV,A*02:01,0
CASSASGGRDYGYTF,KAFSPEVIPMF,B*35:01,0
CASSASRNTDGTDTQYF,SPRWYFYYL,A*01:01,0
CASSASRNTDGTDTQYF,QYDPVAALF,A*24:02,0
CASSASRNTDGTDTQYF,LLSIIFFPA,A*30:02,0
CASSATGDATDTQYF,CLGGLLTMV,B*08:01,0
CASSATGDATDTQYF,LLSIISFPA,B*38:01,0
CASSATGDATDTQYF,QYIKWPWYI,A*30:02,0
CASSATGDATDTQYF,RYPLTFGW,B*37:01,0
CASSATGDATDTQYF,TAFTIPSI,A*01:01,0
CASSATGDATDTQYF,RPPIFIRRL,A*30:02,0
CASSATGTVNTEAFF,MMPFSIVYI,A*24:02,0
CASSATGTVNTEAFF,LMFWASSSI,B*38:01,0
CASSATGTVNTEAFF,ALSKGVHFV,B*35:08,0
CASSATGTVNTEAFF,QYIKWPWYI,B*57:01,0
CASSATGTVNTEAFF,VVLSWAPPV,A*01:01,0
CASSATGTVNTEAFF,ITDQVPFSV,B*08:01,0
CASSATGTVNTEAFF,YLQPRTFLL,A*24:02,0
CASSATGTVNTEAFF,FEDLRVSSF,B*15:01,0
CASSATGTVNTEAFF,CTELKLSDY,B*08:01,0
CASSATGTVNTEAFF,KLLEIAPNC,A*01:01,0
CASSATGTVNTEAFF,LLFGMTPCL,B*15:01,0
CASSATGTVNTEAFF,VSDGGPNLY,B*08:01,0
CASSATKNIQYF,YHSIEWAI,B*57:01,0
CASSATKNIQYF,RPRGEVRFL,B*37:01,0
CASSATKNIQYF,ELAGIGILTV,B*27:09,0
CASSATKNIQYF,ALYGSVPVL,B*08:01,0
CASSAWDRSSGANVLTF,LLFGYPVYV,B*27:05,0
CASSAWDRSSGANVLTF,YLEPGPVTA,B*27:09,0
CASSAWDRSSGANVLTF,MLNIPSINV,B*27:05,0
CASSAWDRSSGANVLTF,SLLWMNPFV,B*08:01,0
CASSAWDRSSGANVLTF,YVLDHLIVV,B*15:01,0
CASSAYNEQF,MIISHLYLI,A*24:02,0
CASSAYNEQF,EAAGIGILTV,A*30:02,0
CASSAYNEQF,DATYQRTRALVR,B*38:01,0
CASSAYNEQF,VYIGDPAQL,B*08:01,0
CASSAYNEQF,LMFWASSSI,A*24:02,0
CASSDDIVTDTQYF,KLLEIAPNC,A*02:01,0
CASSDDIVTDTQYF,YLEPGPVTA,A*01:01,0
CASSDDIVTDTQYF,LVLEVDPNI,A*11:01,0
CASSDDIVTDTQYF,VLNYFEPYL,A*24:02,0
CASSDDIVTDTQYF,QYDPVAALF,B*51:01,0
CASSDFGTGMNEQYF,GQFLTPNSH,B*07:02,0
CASSDFGTGMNEQYF,MMPFSIVYI,B*38:01,0
CASSDFGTGMNEQYF,LLSIIFFPA,B*08:01,0
CASSDFGTGMNEQYF,YLEPGPVTA,B*07:02,0
CASSDFGTGMNEQYF,NLNCCSVPV,B*57:01,0
CASSDFGTGMNEQYF,SPRWYFYYL,A*01:01,0
CASSDFGTGMNEQYF,NDMLVCANI,B*38:01,0
CASSDFQAINQPQHF,GQFLTPNSH,B*15:01,0
CASSDFQAINQPQHF,YVLTWIVGA,A*68:01,0
CASSDFQAINQPQHF,KLNTITPVV,B*27:05,0
CASSDFQAINQPQHF,NDMLVCANI,B*15:01,0
CASSDFQAINQPQHF,YLQPRTFLL,B*08:01,0
CASSDGGKDGYTF,CLGGLLTMV,B*35:01,0
CASSDGGKDGYTF,NDMLVCANI,A*30:02,0
CASSDGGKDGYTF,TTDPSFLGRY,B*51:01,0
CASSDGGKDGYTF,RLQSLQTYV,B*08:01,0
CASSDGPSYEQYVF,YLEPGPVTA,B*35:01,0
CASSDGPSYEQYVF,MMPFSIVYI,A*02:01,0
CASSDGPSYEQYVF,LIIPFIHLI,A*24:02,0
CASSDGPSYEQYVF,VMHANYIFW,B*51:01,0
CASSDGPSYEQYVF,VLNYFKPYL,A*24:02,0
CASSDGRADTQYF,FLYNPLTRV,B*37:01,0
CASSDGRADTQYF,VMHANYIFW,B*15:01,0
CASSDGRADTQYF,RYRIGNYKL,B*57:01,0
CASSDGRADTQYF,VVMSWAPPV,A*68:01,0
CASSDGRADTQYF,NLFNRYPAL,A*11:01,0
CASSDGRADTQYF,SVYGDTLEK,B*35:01,0
CASSDGRADTQYF,FEDLRVSSF,B*15:01,0
CASSDGRADTQYF,FLTVFSHFM,A*02:01,0
CASSDGTGKPYEQYF,ALYGFVPVL,A*24:02,0
CASSDGTGKPYEQYF,KVKEVCPNV,A*11:01,0
CASSDGTGKPYEQYF,FEDLRVLSF,B*35:01,0
CASSDGTGKPYEQYF,NMIHFAPNV,B*38:01,0
CASSDGTGKPYEQYF,SVYGDTLEK,B*35:08,0
CASSDGTGKPYEQYF,LLSIIFFPA,A*03:01,0
CASSDGTNSYEQYF,MIISHLYLI,B*15:01,0
CASSDGTNSYEQYF,LVLEVDPNI,B*35:01,0
CASSDGTNSYEQYF,KLNTITPVV,A*01:01,0
CASSDGTNSYEQYF,CFVECAPVC,A*30:02,0
CASSDGTNSYEQYF,KLSALGINAV,A*24:02,0
CASSDHLGGQGNTIYF,GCQEICPAC,A*01:01,0
CASSDHLGGQGNTIYF,ALSKGVHFV,B*35:08,0
CASSDHLGGQGNTIYF,MLYQHLLPL,A*02:01,0
CASSDHLGGQGNTIYF,RPIPIKYKAM,A*30:02,0
CASSDHLGGQGNTIYF,MTLHGFMMY,A*03:01,0
CASSDHLGGQGNTIYF,NLVPMVATV,B*37:01,0
CASSDHLGGQGNTIYF,ALYGFVPVL,A*68:01,0
CASSDHLGGQGNTIYF,LLSIIFFPA,B*37:01,0
CASSDLSQGAGYTF,SLLMWITQC,B*07:02,0
CASSDLSQGAGYTF,VLNYFEPYL,B*15:01,0
CASSDLSQGAGYTF,LRVMMLAPF,B*27:05,0
CASSDLSQGAGYTF,VMPFSIVYIV,B*37:01,0
CASSDLSQGAGYTF,KTWGQYWQV,B*35:08,0
CASSDLSQGAGYTF,FEDLRLLSF,B*35:08,0
CASSDLSQGAGYTF,LRVMMLAPF,B*35:08,0
CASSDLSQGAGYTF,IVCPICSQK,A*11:01,0
CASSDLSQGAGYTF,THLMVLCCV,B*27:05,0
CASSDMAGDGYTF,TSTLQEQIGW,B*15:01,0
CASSDMAGDGYTF,TRLALIAPK,A*01:01,0
CASSDMAGDGYTF,ILNVDIFTL,B*38:01,0
CASSDMAGDGYTF,HTMLCMCCK,B*38:01,0
CASSDMAGDGYTF,SLLWMNPFV,A*30:02,0
CASSDMAGDGYTF,THLMVLCCV,B*07:02,0
CASSDMAGNQPQHF,LLFALHFSA,B*38:01,0
CASSDMAGNQPQHF,CTELKLSDY,A*03:01,0
CASSDMAGNQPQHF,VLNYFKPYL,B*38:01,0
CASSDMAGNQPQHF,KTWGQYWQV,A*30:02,0
CASSDMAGNQPQHF,ALYGSVPVL,B*27:09,0
CASSDMAGNQPQHF,NLFNRYPAL,A*02:01,0
CASSDMAGNQPQHF,TAFTIPSI,B*08:01,0
CASSDMAGNQPQHF,CLGGLLTMV,B*27:09,0
CASSDMAGNQPQHF,KLVALGINAV,A*03:01,0
CASSDMAGNQPQHF,MLYQHLLPL,B*57:01,0
CASSDPGHQLYGYTF,KLWASPLHV,B*27:05,0
CASSDPGHQLYGYTF,GCQEICPAC,B*35:01,0
CASSDPGHQLYGYTF,YVLTWIVGA,B*35:01,0
CASSDPGHQLYGYTF,GKTELLAPF,A*02:01,0
CASSDPGHQLYGYTF,KVKEVCPNV,B*27:05,0
CASSDPGHQLYGYTF,LLSIISFPA,B*37:01,0
CASSDPGHQLYGYTF,ILTGLNYEA,A*24:02,0
CASSDPGHQLYGYTF,IMDQVPFSV,B*57:01,0
CASSDPNDYEQYF,SLLMPILTL,A*11:01,0
CASSDPNDYEQYF,KLNTITPVV,B*15:01,0
CASSDPNDYEQYF,RPPIFIRRL,A*68:01,0
CASSDPNDYEQYF,RQLLFVVEV,A*24:02,0
CASSDPNDYEQYF,FLIYLDVSV,A*24:02,0
CASSDPNDYEQYF,LLFGMTPCL,B*08:01,0
CASSDPNDYEQYF,QYDPVAALF,A*11:01,0
CASSDPNDYEQYF,RLQSLQTYV,A*68:01,0
CASSDQETQYF,FEDLRVLSF,B*51:01,0
CASSDQETQYF,KLWASPLHV,A*11:01,0
CASSDQETQYF,YHSIEWAI,B*08:01,0
CASSDQETQYF,YVLDHLIVV,A*02:01,0
CASSDQETQYF,MIISHLYLI,A*30:02,0
CASSDQETQYF,CLGGLLTMV,B*07:02,0
CASSDQETQYF,TSTLQEQIGW,B*07:02,0
CASSDQETQYF,SLLMWITQC,B*57:01,0
CASSDQETQYF,NYNYLYRLF,B*15:01,0
CASSDREVYGYTF,RYRIGNYKL,B*35:08,0
CASSDREVYGYTF,LLFGMPPCL,A*03:01,0
CASSDREVYGYTF,RLQSLQTYV,A*02:01,0
CASSDREVYGYTF,AVGSYVYSV,B*35:08,0
CASSDREVYGYTF,VLNYFKPYL,B*38:01,0
CASSDREVYGYTF,TTDPSFLGRY,A*24:02,0
CASSDSGADGYTF,LPRWYFYYL,B*57:01,0
CASSDSGADGYTF,CLGGLLTMV,A*30:02,0
CASSDSHTGAYGYTF,LLFGMPPCL,A*30:02,0
CASSDSHTGAYGYTF,VLNYFKPYL,B*38:01,0
CASSDSHTGAYGYTF,NDMLVCANI,B*35:08,0
CASSDSHTGAYGYTF,GKTELLAPF,B*35:08,0
CASSDSHTGAYGYTF,CFLLILPNC,A*02:01,0
CASSDSHTGAYGYTF,LRVMMLAPF,B*08:01,0
CASSDSHTGAYGYTF,MIISHLYLI,B*27:09,0
CASSDSHTGAYGYTF,CFLLILPNC,B*37:01,0
CASSDSHTGAYGYTF,NMINFAPNI,A*24:02,0
CASSDSHTGAYGYTF,FLYNPLTRV,B*08:01,0
CASSDSPGLAYEQYF,KVKEVCPNV,B*37:01,0
CASSDSPGLAYEQYF,RLGPYLEFL,B*35:01,0
CASSDSPGLAYEQYF,SVYGDTLEK,A*02:01,0
CASSDSPGLAYEQYF,ILNVDVFTL,B*15:01,0
CASSDSPGLAYEQYF,VYFLQSINF,B*35:08,0
CASSDSPGLAYEQYF,ILNAMITKI,B*35:08,0
CASSDSPGLAYEQYF,KRPIPIKYKAM,A*30:02,0
CASSDSPGVGYNEQFF,KMVAVFYNT,B*27:05,0
CASSDSPGVGYNEQFF,KMVTVCPNT,B*57:01,0
CASSDSPGVGYNEQFF,LLFGMTPCL,B*37:01,0
CASSDSPGVGYNEQFF,VVMSWAPPV,B*27:05,0
CASSDSRGTEAF,ILNVDVFTL,B*37:01,0
CASSDSRGTEAF,FLYNPLTRV,B*07:02,0
CASSDSRGTEAF,ELAGIGILTV,B*51:01,0
CASSDSRGTEAF,QYDPVAALF,A*03:01,0
CASSDSSFGVGLGNEQFF,RQLLFVVEV,B*27:05,0
CASSDSSFGVGLGNEQFF,KVKEVCPNV,A*68:01,0
CASSDSSFGVGLGNEQFF,KMVAVFYTT,B*37:01,0
CASSDSSFGVGLGNEQFF,KLSALGINAV,B*35:08,0
CASSDSSFGVGLGNEQFF,LLAILTYYV,B*15:01,0
CASSDSSFGVGLGNEQFF,IMDQVPFSV,B*35:08,0
CASSDTAGSSYNEQF,MIISHLYLI,B*57:01,0
CASSDTAGSSYNEQF,AVGSYVYSV,B*27:09,0
CASSDTAGSSYNEQF,RLPGVLPRA,B*51:01,0
CASSDTAGSSYNEQF,SLLMPILTL,B*08:01,0
CASSDTAGSSYNEQF,KLWASPLHV,A*30:02,0
CASSDTAGSSYNEQF,IVCPICSQK,A*30:02,0
CASSDTAGSSYNEQF,ALSPVIPLI,A*68:01,0
CASSDTAGSSYNEQF,SLAPLSPRV,B*37:01,0
CASSDTAGSSYNEQF,YLQPRTFLL,B*57:01,0
CASSDTAGSSYNEQF,QYIKWPWYI,B*35:01,0
CASSDTAGSSYNEQF,QKRPIPIKYKAM,B*15:01,0
CASSDTAGSSYNEQF,RTMEVCYNT,B*38:01,0
CASSDTAGSSYNEQF,IVCPICSQK,A*03:01,0
CASSDTAGSSYNEQF,TAFTIPSI,B*15:01,0
CASSDTAGSSYNEQF,LLFGMPPCL,A*11:01,0
CASSDTPDLNTEAFF,FMLYLLTLM,B*08:01,0
CASSDTPDLNTEAFF,KMVTVCPNT,B*35:01,0
CASSDWGGETQYF,NMINFAPNI,A*11:01,0
CASSDWGGETQYF,VYIGDPAQL,A*24:02,0
CASSDWGGETQYF,VSDGGPNLY,A*03:01,0
CASSDWGGETQYF,ILTGLNYEV,A*24:02,0
CASSDWGGETQYF,RPPIFIRRL,B*07:02,0
CASSDWGGETQYF,LLFALYFSA,B*27:05,0
CASSDWGGETQYF,ALYGFVPVL,B*27:09,0
CASSDWGGETQYF,LIIPFIHLI,B*07:02,0
CASSDWGGETQYF,GQFLTPNSH,A*30:02,0
CASSDYNEQFF,FEDLRVLSF,B*07:02,0
CASSDYNEQFF,QSRGDENRGW,A*01:01,0
CASSDYNEQFF,SLLWMNPFV,B*37:01,0
CASSDYNEQFF,QSRGDENRGW,B*57:01,0
CASSDYNEQFF,GQMWLLAPR,B*15:01,0
CASSDYNEQFF,VMPFSIVYIV,B*37:01,0
CASSEAAGRANYGYTF,GCQEICPAC,A*24:02,0
CASSEAAGRANYGYTF,CLGGLLTMV,A*68:01,0
CASSEAAGRANYGYTF,GILGFVFTL,B*57:01,0
CASSEAAGRANYGYTF,KMVTVCPNT,A*24:02,0
CASSEAAGRANYGYTF,VLNYFKPYL,A*30:02,0
CASSEAAGRANYGYTF,IMDQVPFSV,B*08:01,0
CASSEAAGRANYGYTF,KMVAVFYNT,B*08:01,0
CASSEAAGRANYGYTF,SLAPLSPRA,B*08:01,0
CASSEAAGRANYGYTF,SLAPLSPRV,A*01:01,0
CASSEAEAGAYTQYF,RLQSLQTYV,B*57:01,0
CASSEAEAGAYTQYF,RTMEVCYNT,B*57:01,0
CASSEAEAGAYTQYF,YVLDHLIVV,B*08:01,0
CASSEAEAGAYTQYF,KLLEIAPNC,B*15:01,0
CASSEAELLSSYNEQFFGF,KVKEVCPNV,B*51:01,0
CASSEAELLSSYNEQFFGF,RYPLTFGW,B*27:09,0
CASSEAELLSSYNEQFFGF,KTFPPTEPK,B*57:01,0
CASSEAELLSSYNEQFFGF,KMVAVFYNT,B*35:08,0
CASSEAELLSSYNEQFFGF,FLIYLDVSV,B*27:09,0
CASSEALYEQYF,RLVPYLEFL,A*11:01,0
CASSEALYEQYF,LIIPFIHLI,B*27:05,0
CASSEALYEQYF,QYIKWPWYI,B*57:01,0
CASSEALYEQYF,VYIGDPAQL,B*37:01,0
CASSEALYEQYF,IMDQVPFSV,A*30:02,0
CASSEALYEQYF,YVLTWIVGA,B*35:08,0
CASSEALYEQYF,EIQEFCPNT,A*03:01,0
CASSEALYEQYF,TRLALIAPK,A*02:01,0
CASSEAPSDYEQYF,KLVALGINAV,B*38:01,0
CASSEAPSDYEQYF,YLEPGPVTA,B*35:01,0
CASSEAPSDYEQYF,IMDQVPFSV,B*51:01,0
CASSEAPSDYEQYF,ELAGIGILTV,B*35:08,0
CASSEAPSDYEQYF,KLWASPLHV,A*30:02,0
CASSEAPSDYEQYF,CFLLILPNC,A*68:01,0
CASSEAPSDYEQYF,KTFPPTEPK,B*35:01,0
CASSEDRGNSPLHF,RYPLTFGW,B*38:01,0
CASSEDRGNSPLHF,VSDGGPNLY,B*51:01,0
CASSEDRGNSPLHF,SVYGDTLEK,B*37:01,0
CASSEDRGNSPLHF,HPVGEADYFEY,A*11:01,0
CASSEDRGNSPLHF,MMPFSIVYI,A*01:01,0
CASSEDRGNSPLHF,LLSIISFPA,B*38:01,0
CASSEEGLAGTGELFF,ALSKGVHFV,A*68:01,0
CASSEEGLAGTGELFF,SLLMPILTL,B*08:01,0
CASSEEGLAGTGELFF,RYPLTFGWCF,A*03:01,0
CASSEEGLAGTGELFF,KRPIPIKYKAM,A*24:02,0
CASSEEGLAGTGELFF,VVLSWAPPV,B*08:01,0
CASSEEGLAGTGELFF,MMPFSIVYI,B*38:01,0
CASSEEGLAGTGELFF,YLQPRTFLL,A*30:02,0
CASSEFRDRNQPQHF,CTELKLSDY,B*51:01,0
CASSEFRDRNQPQHF,FLTVFSHFM,A*11:01,0
CASSEFRDRNQPQHF,SLLMPILTL,B*27:09,0
CASSEFRDRNQPQHF,KLSALGINAV,B*35:08,0
CASSEFRDRNQPQHF,KLNTITPVV,A*24:02,0
CASSEFRDRNQPQHF,NLVPMVATV,A*30:02,0
CASSEFTRSYEQYF,LVLEVDPNI,B*08:01,0
CASSEFTRSYEQYF,RLGPYLEFL,B*08:01,0
CASSEFTRSYEQYF,RPRGEVRFL,A*02:01,0
CASSEFTRSYEQYF,CTELKLNDY,B*27:09,0
CASSEFTRSYEQYF,NLFNRYPAL,A*02:01,0
CASSEFTRSYEQYF,QSRGDENRGW,A*03:01,0
CASSEFTRSYEQYF,QSRGDENRGW,B*57:01,0
CASSEFTRSYEQYF,SLAPLSPRV,A*30:02,0
CASSEGDRETGELFF,QKRPIPIKYKAM,A*03:01,0
CASSEGDRETGELFF,NLFNRYPAL,A*24:02,0
CASSEGDRETGELFF,QKRPIPIKYKAM,B*51:01,0
CASSEGDRETGELFF,IVCPICSQK,B*08:01,0
CASSEGDRETGELFF,ALSKGVHFV,B*15:01,0
CASSEGDRETGELFF,ITDQVPFSV,B*15:01,0
CASSEGDRETGELFF,ALYGFVPVL,A*11:01,0
CASSEGDRETGELFF,RLPGVLPRA,B*07:02,0
CASSEGDRETGELFF,MLNIPSINV,B*27:05,0
CASSEGENQPQHF,YLEPGPVTA,B*15:01,0
CASSEGENQPQHF,QYIKWPWYI,B*38:01,0
CASSEGENQPQHF,RLPGVLPRA,B*35:01,0
CASSEGENQPQHF,VVMSWAPPV,A*30:02,0
CASSEGENQPQHF,CTELKLNDY,B*35:01,0
CASSEGENQPQHF,TSTLQEQIGW,B*08:01,0
CASSEGGVPYNEQFF,QKRPIPIKYKAM,B*07:02,0
CASSEGGVPYNEQFF,ILTGLNYEV,B*35:08,0
CASSEGGVPYNEQFF,LLFALYFSA,B*35:01,0
CASSEGGVPYNEQFF,QYIKWPWYI,B*27:09,0
CASSEGGVPYNEQFF,TSTLQEQIGW,A*30:02,0
CASSEGGVPYNEQFF,KLSALGINAV,A*01:01,0
CASSEGGVPYNEQFF,LLSIISFPA,B*35:08,0
CASSEGGVPYNEQFF,MLYQHLLPL,A*68:01,0
CASSEGGVPYNEQFF,VMHANYIFW,A*68:01,0
CASSEGGVPYNEQFF,YVLTWIVGA,A*24:02,0
CASSEGGYTEAFF,LPRWYFYYL,B*08:01,0
CASSEGGYTEAFF,LLFALYFSA,A*68:01,0
CASSEGGYTEAFF,VLFGLGFAI,B*07:02,0
CASSEGGYTEAFF,TTDPSFLGRY,A*11:01,0
CASSEGGYTEAFF,KLNTITPVV,A*03:01,0
CASSEGGYTEAFF,TRLALIAPK,A*68:01,0
CASSEGGYTEAFF,YVLDHLIVV,B*27:05,0
CASSEGGYTEAFF,FEDLRLLSF,B*51:01,0
CASSEGGYTEAFF,RLVPYLEFL,A*24:02,0
CASSEGGYTEAFF,VLFGLGFAI,B*35:08,0
CASSEGGYTEAFF,MLNIPSINV,A*68:01,0
CASSEGIYGYTF,TRLALIAPK,B*15:01,0
CASSEGIYGYTF,NLNCCSVPV,B*35:01,0
CASSEGIYGYTF,KMVAVFYNT,A*03:01,0
CASSEGLAGGPAGELFF,RPPIFIRRL,B*27:09,0
CASSEGLAGGPAGELFF,QYIKWPWYI,A*24:02,0
CASSEGLAGGPAGELFF,FEDLRLLSF,A*11:01,0
CASSEGLAGGPAGELFF,YLQPRTFLL,A*24:02,0
CASSEGLAGGPAGELFF,LVLEVDPNI,A*01:01,0
CASSEGLGWEQFF,FLTVFSHFM,A*01:01,0
CASSEGLGWEQFF,GILGFVFTL,B*27:09,0
CASSEGLGWEQFF,LIIPFIHLI,B*07:02,0
CASSEGLGWEQFF,RLVPYLEFL,B*07:02,0
CASSEGLGWEQFF,KTWGQYWQV,B*38:01,0
CASSEGLGWEQFF,KMVTVCPNT,B*15:01,0
CASSEGLGWEQFF,EIQEFCPNT,B*57:01,0
CASSEGLGWEQFF,TRLALIAPK,B*57:01,0
CASSEGLGWEQFF,VLNYFKPYL,B*27:09,0
CASSEGLGWEQFF,CTELKLNDY,B*08:01,0
CASSEGPGQGSYEQYF,FLYNLLTRV,B*37:01,0
CASSEGPGQGSYEQYF,YHSIEWAI,A*24:02,0
CASSEGPGQGSYEQYF,VMHANYIFW,A*02:01,0
CASSEGQGRWYEQYF,IMDQVPFSV,B*07:02,0
CASSEGQGRWYEQYF,RPRGEVRFL,B*15:01,0
CASSEGQGRWYEQYF,LLFGMTPCL,B*27:05,0
CASSEGQGYEQYF,LLFGMPPCL,B*57:01,0
CASSEGQGYEQYF,ILNAMIAKI,B*07:02,0
CASSEGQGYEQYF,TRLALIAPK,A*30:02,0
CASSEGQGYEQYF,KMVTVCPNT,A*02:01,0
CASSEGQGYEQYF,LLAGTLAVV,B*38:01,0
CASSEGQGYEQYF,ILNVDVFTL,A*24:02,0
CASSEGQNTEAFF,LRVMMLAPF,B*15:01,0
CASSEGQNTEAFF,LMFWASSSI,A*01:01,0
CASSEGQNTEAFF,LRVMMLAPF,A*11:01,0
CASSEGQNTEAFF,VLNYFKPYL,A*01:01,0
CASSEGQNTEAFF,ALYGSVPVL,B*57:01,0
CASSEGQNTEAFF,IVCPICSQK,B*35:01,0
CASSEGQNTEAFF,VSDGGPNLY,B*08:01,0
CASSEGQNTEAFF,RTMEVCYNT,A*68:01,0
CASSEGQNTEAFF,GMGPLLATV,B*35:08,0
CASSEGQNTEAFF,YLEPGPVTA,A*68:01,0
CASSEGSEAFF,ILNAMITKI,B*57:01,0
CASSEGSEAFF,LLSIIFFPA,A*03:01,0
CASSEGSEAFF,FLIYLDVSV,B*15:01,0
CASSEGSEAFF,LLSIISFPA,A*68:01,0
CASSEGSEAFF,LLAGTLAGV,B*35:01,0
CASSEGSEAFF,KMVAVFYNT,B*35:08,0
CASSEGTEAYEQYF,YHSIEWAI,B*15:01,0
CASSEGTEAYEQYF,VMHANYIFW,B*27:05,0
CASSEGTEAYEQYF,LLAILTYYV,B*07:02,0
CASSEGTEAYEQYF,KLSALGINAV,B*08:01,0
CASSEGTEAYEQYF,IPSINVHHY,B*27:05,0
CASSEGTGGLNAFF,YHSIEWAI,A*02:01,0
CASSEGTGGLNAFF,VYGIRLEHF,A*02:01,0
CASSEGTGGLNAFF,KVKEVCPNV,B*35:01,0
CASSEGTGGLNAFF,ILNVDVFTL,B*27:09,0
CASSEGTGGLNAFF,GQFLTPNSH,B*08:01,0
CASSEGTGGLNAFF,MLNIPSINV,B*35:08,0
CASSEGTGGLNAFF,FEDLRLLSF,B*15:01,0
CASSEGTGGLNAFF,NMINFAPNI,A*68:01,0
CASSEGWVDTQYF,YLEPGPVTA,B*08:01,0
CASSEGWVDTQYF,VYIGDPAQL,B*37:01,0
CASSEGWVDTQYF,FEDLRVLSF,A*30:02,0
CASSEGWVDTQYF,ILNAMIAKI,B*57:01,0
CASSEGWVDTQYF,GCQEICPAC,B*27:09,0
CASSEGYGGGQYF,NMINFAPNI,A*68:01,0
CASSEGYGGGQYF,FEDLRVLSF,B*38:01,0
CASSEGYGGGQYF,LLSIISFPA,B*27:09,0
CASSEGYGGGQYF,LLFALYFSA,B*15:01,0
CASSEGYGGGQYF,LVLEVDPNI,B*07:02,0
CASSEGYWGTGRDTQYF,NMIHFAPNV,B*27:09,0
CASSEGYWGTGRDTQYF,GKTELLAPF,B*27:05,0
CASSEGYWGTGRDTQYF,RLVPYLEFL,B*27:09,0
CASSEGYWGTGRDTQYF,YLQPRTFLL,B*15:01,0
CASSEGYWGTGRDTQYF,ILNAMITKI,B*38:01,0
CASSEGYWGTGRDTQYF,LLFALHFSA,B*27:05,0
CASSEHRDHEQFF,HTMLCMCCK,B*35:01,0
CASSEHRDHEQFF,ALSKGVHFV,B*37:01,0
CASSEHRDHEQFF,YLEPGPVTA,B*57:01,0
CASSEHRDHEQFF,FTSDYYQLY,B*35:08,0
CASSEISSGGPFLDTQYF,ILTGLNYEA,A*68:01,0
CASSEISSGGPFLDTQYF,KTWGQYWQV,B*07:02,0
CASSEISSGGPFLDTQYF,FLIYLDVSV,A*68:01,0
CASSEISSGGPFLDTQYF,ALSPVIPHI,A*68:01,0
CASSEISSGGPFLDTQYF,GMGPLLATV,B*37:01,0
CASSEISSGGPFLDTQYF,ALYGSVPVL,B*37:01,0
CASSEISSGGPFLDTQYF,FMLYLLTLM,A*30:02,0
CASSEISSGGPFLDTQYF,FLYNPLTRV,A*01:01,0
CASSEISSGGPFLDTQYF,FLYNPLTRV,A*11:01,0
CASSEKPDTQYF,ALYGFVPVL,A*02:01,0
CASSEKPDTQYF,ILNAMIAKI,B*35:01,0
CASSEKPDTQYF,FEDLRLLSF,B*27:05,0
CASSEKPDTQYF,KAFSPEVIPMF,B*07:02,0
CASSEKPDTQYF,NDMLVCANI,B*15:01,0
CASSEKPDTQYF,GILGFVFTL,B*57:01,0
CASSEKPDTQYF,LLAMTVPNV,B*35:01,0
CASSEKPDTQYF,YLEPGPVTA,A*30:02,0
CASSEKPDTQYF,QYDPVAALF,B*35:01,0
CASSEKPDTQYF,YLEPGPVTA,B*08:01,0
CASSEKPLSSYNEQFF,SLLMWITQA,A*02:01,0
CASSEKPLSSYNEQFF,RPRGEVRFL,B*35:01,0
CASSEKPLSSYNEQFF,ILTGLNYEA,B*08:01,0
CASSEKPLSSYNEQFF,FLYNPLTRV,A*11:01,0
CASSEKPLSSYNEQFF,YHSIEWAI,B*35:01,0
CASSEKPLSSYNEQFF,FMLYLLTLM,B*07:02,0
CASSEKPLSSYNEQFF,ALSPVIPLI,B*27:05,0
CASSELDGRLF,YLEPGPVTA,B*51:01,0
CASSELDGRLF,VSDGGPNLY,B*15:01,0
CASSELDGRLF,RTMEVCYNT,B*38:01,0
CASSELDGRLF,MTLHGFMMY,A*02:01,0
CASSELDGRLF,KTFPPTEPK,B*27:05,0
CASSELDGRLF,RLPGVLPRA,A*68:01,0
CASSELDGRLF,ALSPVIPHI,A*24:02,0
CASSELDGRLF,SVYGDTLEK,A*01:01,0
CASSELGGAGTGELF,LPRWYFYYL,B*08:01,0
CASSELGGAGTGELF,ILNVDIFTL,B*35:01,0
CASSELGGAGTGELF,LLAGTLAVV,B*38:01,0
CASSELGGAGTGELF,ALSPVIPLI,A*01:01,0
CASSELGGAGTGELF,VLNYFEPYL,B*51:01,0
CASSELGGAGTGELF,RPIPIKYKAM,A*24:02,0
CASSELGGAGTGELF,RYPLTFGW,A*11:01,0
CASSELGGAGTGELF,CTELKLNDY,A*02:01,0
CASSELGGAGTGELF,AEMEFCPCC,B*35:01,0
CASSELGGAGTGELF,RPRGEVRFL,B*38:01,0
CASSELITSTDTQYF,KLVALGINAV,B*35:01,0
CASSELITSTDTQYF,LLAILTYYV,A*24:02,0
CASSELITSTDTQYF,ALYGSVPVL,A*03:01,0
CASSELPGPPGEQYF,LLFALHFSA,B*35:08,0
CASSELPGPPGEQYF,NLNCCSVPV,A*24:02,0
CASSELPGPPGEQYF,KAFSPEVIPMF,B*38:01,0
CASSEPGHHEQYF,ALYGSVPVL,B*07:02,0
CASSEPGHHEQYF,VLFHRAFLV,A*30:02,0
CASSEPGHHEQYF,EIQEFCPNT,B*07:02,0
CASSEPGHHEQYF,RYRIGNYKL,A*01:01,0
CASSEPRTSGISYNEQFF,VLFGLGFAI,A*24:02,0
CASSEPRTSGISYNEQFF,LLSIIFFPA,B*35:01,0
CASSEPRTSGISYNEQFF,NLFNRYPAL,A*11:01,0
CASSEPRTSGISYNEQFF,RPPIFIRRL,A*02:01,0
CASSEPRTSGISYNEQFF,CTELKLSDY,B*27:05,0
CASSEPRTSGISYNEQFF,TSTLQEQIGW,B*38:01,0
CASSEPTSGELFF,FLTVFSHFM,B*35:08,0
CASSEPTSGELFF,GILGFVFTL,B*27:09,0
CASSEPTSGELFF,YLQPRTFLL,B*07:02,0
CASSEPTSGELFF,ALYGFVPVL,B*57:01,0
CASSERGDTDLYGYTF,VYIGDPAQL,A*68:01,0
CASSERGDTDLYGYTF,FEDLRLLSF,A*68:01,0
CASSERGDTDLYGYTF,ILTGLNYEV,B*35:08,0
CASSERGDTDLYGYTF,RLPGVLPRA,B*38:01,0
CASSERGDTDLYGYTF,FEDLRVLSF,B*35:01,0
CASSERGDTDLYGYTF,SVYGDTLEK,B*07:02,0
CASSERGHYGYTF,HPVGEADYFEY,B*35:01,0
CASSERGHYGYTF,FMLYLLTLM,B*35:08,0
CASSERGHYGYTF,ALSPVIPLI,B*35:08,0
CASSERGHYGYTF,KRPIPIKYKAM,B*35:08,0
CASSERGHYGYTF,RTMEVCYNT,B*27:05,0
CASSERGHYGYTF,CFVECAPVC,B*15:01,0
CASSERGHYGYTF,RFPLTFGWCF,B*37:01,0
CASSERGHYGYTF,CTELKLSDY,B*57:01,0
CASSERVAGGSTGELF,VLFHRAFLV,A*11:01,0
CASSERVAGGSTGELF,RLQSLQTYV,B*37:01,0
CASSERVAGGSTGELF,QYIKWPWYI,B*27:09,0
CASSERVAGGSTGELF,NLFNRYPAL,A*01:01,0
CASSERVAGGSTGELF,TAFTIPSI,B*57:01,0
CASSERVAGGSTGELF,FEDLRLLSF,A*24:02,0
CASSESENSYGYTF,LLFGMPPCL,B*08:01,0
CASSESENSYGYTF,SLLMWITQC,A*11:01,0
CASSESENSYGYTF,RQLLFVVEV,A*30:02,0
CASSESENSYGYTF,KTWGQYWQV,B*37:01,0
CASSESENSYGYTF,GQMWLLAPR,B*27:05,0
CASSESENSYGYTF,VMHANYIFW,B*51:01,0
CASSESENSYGYTF,VYFLQSINF,A*30:02,0
CASSESENSYGYTF,LLSIISFPA,B*51:01,0
CASSESENSYGYTF,VYGIRLEHF,B*57:01,0
CASSESFPASGGSTDTQYF,LIIPFIHLI,B*37:01,0
CASSESFPASGGSTDTQYF,QYIKWPWYI,B*08:01,0
CASSESFPASGGSTDTQYF,CTELKLSDY,A*30:02,0
CASSESFPASGGSTDTQYF,LIIPFIHLI,B*15:01,0
CASSESFPASGGSTDTQYF,GILGFVFTL,B*35:08,0
CASSESGAAYTGELFF,YHSIEWAI,B*51:01,0
CASSESGAAYTGELFF,RLPGVLPRA,B*35:08,0
CASSESGAAYTGELFF,YLQPRTFLL,B*35:08,0
CASSESGAAYTGELFF,ITDQVPFSV,A*11:01,0
CASSESGAAYTGELFF,HTMLCMCCK,B*37:01,0
CASSESGSPSYYEQYF,VMHANYIFW,B*35:08,0
CASSESGSPSYYEQYF,KLNTITPVV,B*38:01,0
CASSESGSPSYYEQYF,KRPIPIKYKAM,B*27:05,0
CASSESGSPSYYEQYF,KVKEVCPNV,A*24:02,0
CASSESGSPSYYEQYF,KTWGQYWQV,B*08:01,0
CASSESGSPSYYEQYF,KLVALGINAV,B*08:01,0
CASSESGSPSYYEQYF,NDMLVCANI,B*15:01,0
CASSESGTGYEQFF,ILNVDIFTL,B*27:05,0
CASSESGTGYEQFF,NLFNRYPAL,B*35:01,0
CASSESGTGYEQFF,NLNCCSVPV,B*38:01,0
CASSESGTGYEQFF,ALYGFVPVL,A*68:01,0
CASSESGTGYEQFF,VMPFSIVYI,B*35:08,0
CASSESGTGYEQFF,TSTLQEQIGW,A*01:01,0
CASSESQGYEQYF,TTDPSFLGRY,A*68:01,0
CASSESQGYEQYF,CFLLILPNC,B*15:01,0
CASSESQGYEQYF,KMVAVFYNT,A*68:01,0
CASSESQGYEQYF,TAFTIPSI,B*27:05,0
CASSESRDRIHYGYTF,HTMLCMCCK,B*35:08,0
CASSESRDRIHYGYTF,AEMEFCPCC,B*27:09,0
CASSESRDRIHYGYTF,RYPLTFGW,B*38:01,0
CASSETGATNYGYTGF,RLVPYLEFL,A*01:01,0
CASSETGATNYGYTGF,HTMLCMCCK,A*24:02,0
CASSETGATNYGYTGF,AVGSYVYSV,A*02:01,0
CASSETGATNYGYTGF,ITDQVPFSV,A*30:02,0
CASSETGATNYGYTGF,FLIYLDVSV,A*24:02,0
CASSETGATNYGYTGF,RLVPYLEFL,B*07:02,0
CASSETGATNYGYTGF,YLEPGPVTA,A*02:01,0
CASSETGGYEQYF,MMPFSIVYI,A*30:02,0
CASSETGGYEQYF,LLSIISFPA,B*15:01,0
CASSETGGYEQYF,VLNYFKPYL,A*24:02,0
CASSETGGYEQYF,YVLTWIVGA,A*03:01,0
CASSETGGYEQYF,HPVGEADYFEY,B*57:01,0
CASSETGGYEQYF,VSDGGPNLY,A*02:01,0
CASSETGGYEQYF,KLLEIAPNC,A*02:01,0
CASSETGGYEQYF,IMDQVPFSV,B*08:01,0
CASSETGGYEQYF,KLLEIAPNC,B*38:01,0
CASSETGGYEQYF,IMDQVPFSV,A*02:01,0
CASSETSGLIDEKLFF,IMDQVPFSV,B*27:05,0
CASSETSGLIDEKLFF,ILTGLNYEV,B*07:02,0
CASSETSGLIDEKLFF,HPVGEADYFEY,B*57:01,0
CASSEVEGPGELFF,VMHANYIFW,B*35:08,0
CASSEVEGPGELFF,LMFWASSSI,B*57:01,0
CASSEVEGPGELFF,QYDPVAALF,A*01:01,0
CASSEVEGPGELFF,GQMWLLAPR,B*51:01,0
CASSEVEGPGELFF,ILTGLNYEV,A*11:01,0
CASSEVGQGFNGYTF,KAFSPEVIPMF,A*68:01,0
CASSEVQGGRDTQYF,LLFGMPPCL,A*24:02,0
CASSEVQGGRDTQYF,RQLLFVVEV,B*37:01,0
CASSEVQGGRDTQYF,QYDPVAALF,B*37:01,0
CASSEVQGGRDTQYF,VLNYFKPYL,A*24:02,0
CASSEVQGGRDTQYF,ILTGLNYEV,A*24:02,0
CASSEVQGGRDTQYF,FLRGRAYGL,B*27:09,0
CASSEVQGGRDTQYF,LLAGTLAVV,B*35:01,0
CASSEVQGGRDTQYF,CFLLILPNC,A*02:01,0
CASSEVSVLYEQYF,FMLYLLTLM,B*38:01,0
CASSEVSVLYEQYF,ALSPVIPLI,B*07:02,0
CASSEVSVLYEQYF,KLLEIAPNC,B*35:08,0
CASSEVSVLYEQYF,ITDQVPFSV,A*11:01,0
CASSEWAGQPQHF,ELAGIGILTV,B*38:01,0
CASSEWAGQPQHF,RPPIFIRRL,A*68:01,0
CASSEWAGQPQHF,SLLMPILTL,B*51:01,0
CASSEWAGQPQHF,ILNVDVFTL,A*30:02,0
CASSEWAGQPQHF,MTLHGFMMY,B*38:01,0
CASSEWAGQPQHF,TSTLQEQIGW,B*37:01,0
CASSEWAGQPQHF,LVLEVDPNI,B*35:01,0
CASSEWAGQPQHF,IVCPICSQK,B*57:01,0
CASSEWAGQPQHF,RQLLFVVEV,B*07:02,0
CASSEWAGQPQHF,GMGPLLATV,A*30:02,0
CASSEWAGQPQHF,TAFTIPSI,B*07:02,0
CASSEWDTEAFF,TAFTIPSI,B*35:01,0
CASSEWDTEAFF,MLNIPSINV,A*03:01,0
CASSEWDTEAFF,IVCPICSQK,B*51:01,0
CASSEWDTEAFF,ILNVDIFTL,A*01:01,0
CASSEWGPGGYTF,VYIGDPAQL,A*01:01,0
CASSEWGPGGYTF,FLRGRAYGL,B*35:01,0
CASSEWGPGGYTF,LLFGMTPCL,B*15:01,0
CASSEWGPGGYTF,RLVPYLEFL,B*37:01,0
CASSEWGPGGYTF,VLFGLGFAI,B*27:05,0
CASSEWGPGGYTF,KLWASPLHV,B*35:08,0
CASSEWGPGGYTF,ILNAMIAKI,B*37:01,0
CASSEWGPGGYTF,RQLLFVVEV,A*68:01,0
CASSEWGPGGYTF,KLNTITPVV,A*30:02,0
CASSEWGPGGYTF,NYNYLYRLF,B*15:01,0
CASSEWGPGGYTF,KLWASPLHV,A*24:02,0
CASSEYQEPYNEQFF,SLAPLSPRA,B*57:01,0
CASSEYQEPYNEQFF,GQFLTPNSH,A*02:01,0
CASSFAPGQGIEKLFF,IPSINVHHY,A*02:01,0
CASSFAPGQGIEKLFF,YVLTWIVGA,A*24:02,0
CASSFAPGQGIEKLFF,FEDLRVSSF,A*24:02,0
CASSFAPGQGIEKLFF,VLFHRAFLV,A*02:01,0
CASSFAPGQGIEKLFF,LLFGMPPCL,B*27:05,0
CASSFAPGQGIEKLFF,GCQEICPAC,A*03:01,0
CASSFATEAF,LMFWASSSI,A*03:01,0
CASSFATEAF,NLNCCSVPV,B*51:01,0
CASSFATEAF,LVLEVDPNI,A*11:01,0
CASSFATEAF,LRVMMLAPF,B*15:01,0
CASSFATEAF,VLFHRAFLV,A*24:02,0
CASSFDLAGVNYEQYF,ILNVDVFTL,A*11:01,0
CASSFDLAGVNYEQYF,EAAGIGILTV,A*11:01,0
CASSFDLAGVNYEQYF,LLSIIFFPA,B*27:09,0
CASSFFHNNEQFF,LLAILTYYV,B*38:01,0
CASSFFHNNEQFF,SPRWYFYYL,B*35:08,0
CASSFFHNNEQFF,KMVTVCPNT,A*03:01,0
CASSFFHNNEQFF,FEDLRVSSF,B*51:01,0
CASSFFHNNEQFF,ALSPVIPHI,A*03:01,0
CASSFFHNNEQFF,RYPLTFGWCF,B*37:01,0
CASSFFHNNEQFF,FLYNLLTRV,B*35:01,0
CASSFFHNNEQFF,RPIPIKYKAM,B*27:09,0
CASSFGASYGYTF,GQVMVVAPR,A*68:01,0
CASSFGASYGYTF,SLAPLSPRV,A*01:01,0
CASSFGGGGQPQHF,QYDPVAALF,B*35:08,0
CASSFGGGGQPQHF,QYDPVAALF,B*15:01,0
CASSFGGGGQPQHF,LLWNGPMAV,A*24:02,0
CASSFGGGGQPQHF,VAANIVLTV,B*08:01,0
CASSFGGGGQPQHF,LLFGMTPCL,B*07:02,0
CASSFGGLARNEQFF,VAANIVLTV,B*57:01,0
CASSFGGLARNEQFF,LLFGMTPCL,B*27:05,0
CASSFGGLARNEQFF,GMGPLLATV,B*15:01,0
CASSFGGLARNEQFF,LLFGYPVYV,A*30:02,0
CASSFGGLARNEQFF,QKRPIPIKYKAM,A*02:01,0
CASSFGGLARNEQFF,YHSIEWAI,A*03:01,0
CASSFGGLARNEQFF,RLGPYLEFL,A*02:01,0
CASSFGGLARNEQFF,KLVALGINAV,A*02:01,0
CASSFGGLGTEAFFGF,TRLALIAPK,A*24:02,0
CASSFGGLGTEAFFGF,SLLMPILTL,B*27:05,0
CASSFGGLGTEAFFGF,TRLALIAPK,B*38:01,0
CASSFGGLGTEAFFGF,ILNVDIFTL,B*07:02,0
CASSFGGLGTEAFFGF,MIISHLYLI,A*68:01,0
CASSFGGLGTEAFFGF,FEDLRLLSF,A*68:01,0
CASSFGGLGTEAFFGF,YLEPGPVTA,A*11:01,0
CASSFGGLYGYTF,FMLYLLTLM,B*27:09,0
CASSFGGLYGYTF,QSRGDENRGW,B*27:05,0
CASSFGGLYGYTF,FLYNPLTRV,A*24:02,0
CASSFGGLYGYTF,HTMLCMCCK,A*03:01,0
CASSFGGLYGYTF,KVKEVCPNV,B*57:01,0
CASSFGGRAGDTDTQYF,GMGPLLATV,B*37:01,0
CASSFGGRAGDTDTQYF,FLYNPLTRV,B*15:01,0
CASSFGGRAGDTDTQYF,YLQPRTFLL,B*57:01,0
CASSFGGRAGDTDTQYF,ALSPVIPHI,B*37:01,0
CASSFGGSSYEQYF,GKTELLAPF,A*30:02,0
CASSFGGSSYEQYF,GQVMVVAPR,A*30:02,0
CASSFGGSSYEQYF,SVYGDTLEK,A*24:02,0
CASSFGGSSYEQYF,GCQEICPAC,A*11:01,0
CASSFGGSSYEQYF,FLYNPLTRV,B*27:09,0
CASSFGGSSYEQYF,LVLEVDPNI,B*08:01,0
CASSFGGSSYEQYF,ILNAMITKI,A*11:01,0
CASSFGGYEQYF,MTLHGFMMY,A*02:01,0
CASSFGGYEQYF,FMLYLLTLM,A*24:02,0
CASSFGGYEQYF,VMHANYIFW,A*11:01,0
CASSFGGYEQYF,KMVAVFYTT,A*03:01,0
CASSFGGYEQYF,RLGPYLEFL,B*38:01,0
CASSFGGYEQYF,RLPGVLPRA,A*11:01,0
CASSFGGYEQYF,ITDQVPFSV,B*35:08,0
CASSFGIGPQYF,FLIYLDVSV,A*24:02,0
CASSFGIGPQYF,VSDGGPNLY,B*07:02,0
CASSFGIGPQYF,ILNVDIFTL,B*35:08,0
CASSFGIGPQYF,IVCPICSQK,B*51:01,0
CASSFGIGPQYF,GQFLTPNSH,B*08:01,0
CASSFGIPYEQYF,ILNAMITKI,B*08:01,0
CASSFGIPYEQYF,YVLTWIVGA,B*37:01,0
CASSFGIPYEQYF,RYPLTFGWCF,B*51:01,0
CASSFGIPYEQYF,KLSALGINAV,A*11:01,0
CASSFGIPYEQYF,LLAGTLAGV,A*24:02,0
CASSFGNEQFF,IVCPICSQK,A*03:01,0
CASSFGNEQFF,QYIKWPWYI,B*07:02,0
CASSFGNEQFF,VVMSWAPPV,A*11:01,0
CASSFGNEQFF,LVLEVDPNI,A*02:01,0
CASSFGNEQFF,IPSINVHHY,A*11:01,0
CASSFGNEQFF,RLQSLQTYV,A*30:02,0
CASSFGNEQFF,LLAGTLAVV,B*35:08,0
CASSFGNSYEQYF,FLTVFSHFM,A*30:02,0
CASSFGNSYEQYF,VLNYFEPYL,B*35:08,0
CASSFGNSYEQYF,VMPFSIVYIV,B*38:01,0
CASSFGNSYEQYF,KLWASPLHV,B*07:02,0
CASSFGNSYEQYF,THLMVLCCV,A*68:01,0
CASSFGNSYEQYF,GQFLTPNSH,B*27:09,0
CASSFGNSYEQYF,SVYGDTLEK,B*38:01,0
CASSFGPGYEQYF,VYGIRLEHF,B*51:01,0
CASSFGPGYEQYF,YVLTWIVGA,A*01:01,0
CASSFGPGYEQYF,TTDPSFLGRY,A*02:01,0
CASSFGPGYEQYF,CTELKLSDY,B*35:08,0
CASSFGPGYEQYF,IVCPICSQK,B*27:05,0
CASSFGPGYEQYF,NDMLVCANI,B*08:01,0
CASSFGPGYEQYF,ALSPVIPHI,B*27:09,0
CASSFGPSYGYTF,GMGPLLATV,A*03:01,0
CASSFGPSYGYTF,QYDPVAALF,A*24:02,0
CASSFGPSYGYTF,VYGIRLEHF,A*01:01,0
CASSFGPSYGYTF,GMGPLLATV,B*37:01,0
CASSFGPSYGYTF,ILNVDVFTL,B*27:09,0
CASSFGPSYGYTF,LMFWASSSI,B*07:02,0
CASSFGPVEQYF,SPRWYFYYL,B*15:01,0
CASSFGPVEQYF,YVLDHLIVV,A*01:01,0
CASSFGPVEQYF,GMGPLLATV,B*27:05,0
CASSFGPVEQYF,EIQEFCPNT,B*37:01,0
CASSFGPVEQYF,YVLTWIVGA,B*35:08,0
CASSFGPVEQYF,SLLMWITQA,A*24:02,0
CASSFGPYGYTF,KVKEVCPNV,B*15:01,0
CASSFGPYGYTF,KMVTVCPNT,B*38:01,0
CASSFGPYGYTF,HTMLCMCCK,A*24:02,0
CASSFGPYGYTF,QSRGDENRGW,B*38:01,0
CASSFGPYGYTF,NDMLVCANI,B*57:01,0
CASSFGQEEGQPQHF,RQLLFVVEV,B*27:05,0
CASSFGQEEGQPQHF,VYGIRLEHF,A*24:02,0
CASSFGQEEGQPQHF,MLYQHLLPL,B*51:01,0
CASSFGQNYEQYF,IPSINVHHY,A*30:02,0
CASSFGQNYEQYF,NMIHFAPNV,B*07:02,0
CASSFGRLSGANVLTF,YHSIEWAI,B*15:01,0
CASSFGRLSGANVLTF,IVCPICSQK,B*35:01,0
CASSFGRLSGANVLTF,LVLEVDPNI,A*24:02,0
CASSFGRLSGANVLTF,LLAILTYYV,B*35:08,0
CASSFGRLSGANVLTF,LIIPFIHLI,B*35:08,0
CASSFGRLSGANVLTF,ILNAMIAKI,A*30:02,0
CASSFGRLSGANVLTF,VVMSWAPPV,B*07:02,0
CASSFGRLSGANVLTF,ALYGFVPVL,B*27:05,0
CASSFGSGNTIYF,GKTELLAPF,A*11:01,0
CASSFGSGNTIYF,MLNIPSINV,B*35:01,0
CASSFGSGNTIYF,CTELKLNDY,B*15:01,0
CASSFGSGNTIYF,ILNAMITKI,A*68:01,0
CASSFGSGNTIYF,IMDQVPFSV,B*27:09,0
CASSFGTSGTYEQYF,YLEPGPVTA,B*27:09,0
CASSFGTSGTYEQYF,KLNTITPVV,A*03:01,0
CASSFGTSGTYEQYF,VMPFSIVYI,B*57:01,0
CASSFGTSGTYEQYF,YLEPGPVTA,A*03:01,0
CASSFGTSGTYEQYF,QYDPVAALF,A*03:01,0
CASSFGTSGTYEQYF,RLVPYLEFL,B*35:08,0
CASSFGTSGTYEQYF,HTMLCMCCK,A*03:01,0
CASSFGTSGTYEQYF,NDMLVCANI,B*27:05,0
CASSFGTSGTYEQYF,ILTGLNYEV,A*02:01,0
CASSFGVGQPQHF,TTDPSFLGRY,A*68:01,0
CASSFGVGQPQHF,VMPFSIVYIV,B*57:01,0
CASSFGVGQPQHF,MLYQHLLPL,B*15:01,0
CASSFGVGQPQHF,LLAILTYYV,B*07:02,0
CASSFHPGQDRGNSPLHF,FLYNPLTRV,B*27:09,0
CASSFHPGQDRGNSPLHF,IMDQVPFSV,A*01:01,0
CASSFHPGQDRGNSPLHF,MTLHGFMMY,B*35:01,0
CASSFHPGQDRGNSPLHF,LLAILTYYV,A*01:01,0
CASSFHPGQDRGNSPLHF,VYFLQSINF,B*27:09,0
CASSFITSGFPYEQYF,LLFALHFSA,A*03:01,0
CASSFITSGFPYEQYF,VYGIRLEHF,A*03:01,0
CASSFITSGFPYEQYF,ILNVDIFTL,B*51:01,0
CASSFITSGFPYEQYF,FMLYLLTLM,B*57:01,0
CASSFITSGFPYEQYF,KLSALGINAV,B*37:01,0
CASSFITSGFPYEQYF,ILTGLNYEA,B*27:05,0
CASSFITSGFPYEQYF,GQVMVVAPR,B*35:01,0
CASSFITSGFPYEQYF,RFPLTFGWCF,A*01:01,0
CASSFITSGFPYEQYF,GQMWLLAPR,A*02:01,0
CASSFITSGFPYEQYF,LIIPFIHLI,B*08:01,0
CASSFLADGELFF,EAAGIGILTV,B*08:01,0
CASSFLADGELFF,FLIYLDVSV,A*68:01,0
CASSFLADGELFF,LLAMTVPNV,B*15:01,0
CASSFLADGELFF,NDMLVCANI,A*01:01,0
CASSFLADGELFF,NDMLVCANI,B*27:09,0
CASSFLADGELFF,EAAGIGILTV,A*01:01,0
CASSFLADGELFF,LLSIIFFPA,B*27:05,0
CASSFLADGELFF,VMPFSIVYI,B*35:08,0
CASSFLADGELFF,ITDQVPFSV,A*30:02,0
CASSFLADGELFF,RTMEVCYNT,B*08:01,0
CASSFLAGPQETQYF,HTMLCMCCK,A*68:01,0
CASSFLAGPQETQYF,KMVAVFYTT,B*37:01,0
CASSFLAGPQETQYF,ILNAMIAKI,B*37:01,0
CASSFLAGPQETQYF,ILTGLNYEA,A*03:01,0
CASSFLAGPQETQYF,FEDLRLLSF,B*15:01,0
CASSFLGTGLNEQYF,RPRGEVRFL,B*27:09,0
CASSFLGTGLNEQYF,KTWGQYWQV,A*30:02,0
CASSFLGTGLNEQYF,SLLMWITQA,A*03:01,0
CASSFLGTGLNEQYF,ELAGIGILTV,B*15:01,0
CASSFLGTGLNEQYF,RLGPYLEFL,A*02:01,0
CASSFLGTGLNEQYF,VMPFSIVYI,B*35:01,0
CASSFLGTGLNEQYF,TTDPSFLGRY,B*08:01,0
CASSFLGTGLNEQYF,YVLDHLIVV,A*24:02,0
CASSFLQVTEAF,RYPLTFGW,A*03:01,0
CASSFLQVTEAF,GCQEICPAC,B*08:01,0
CASSFLQVTEAF,AVGSYVYSV,B*35:01,0
CASSFLQVTEAF,FEDLRLLSF,B*27:09,0
CASSFLQVTEAF,MIISHLYLI,B*35:08,0
CASSFLQVTEAF,NYNYLYRLF,A*01:01,0
CASSFLQVTEAF,CTELKLSDY,A*24:02,0
CASSFLQVTEAF,AVGSYVYSV,B*37:01,0
CASSFLQVTEAF,MLYQHLLPL,B*57:01,0
CASSFLQVTEAF,TSTLQEQIGW,A*01:01,0
CASSFLSGANLYNEQFF,RYRIGNYKL,A*01:01,0
CASSFLSGANLYNEQFF,TTDPSFLGRY,A*03:01,0
CASSFLSGANLYNEQFF,NYNYLYRLF,B*51:01,0
CASSFLSGANLYNEQFF,SPRWYFYYL,A*24:02,0
CASSFLSGANLYNEQFF,VYGIRLEHF,A*11:01,0
CASSFLTGELFF,ILNAMITKI,B*27:05,0
CASSFLTGELFF,YLEPGPVTA,B*35:08,0
CASSFLTGELFF,KVKEVCPNV,B*38:01,0
CASSFLTGELFF,QSRGDENRGW,A*03:01,0
CASSFLTGPKGDYTF,IPSINVHHY,B*15:01,0
CASSFLTGPKGDYTF,HPVGEADYFEY,B*38:01,0
CASSFLTGPKGDYTF,LLAMTVPNV,A*02:01,0
CASSFLTGPKGDYTF,HTMLCMCCK,B*07:02,0
CASSFLTPGQVHSGNTIYF,NYNYLYRLF,A*11:01,0
CASSFLTPGQVHSGNTIYF,FEDLRVLSF,B*35:01,0
CASSFLTPGQVHSGNTIYF,LLFALHFSA,A*30:02,0
CASSFLTPGQVHSGNTIYF,LRVMMLAPF,B*51:01,0
CASSFLTPGQVHSGNTIYF,LLFGMPPCL,B*37:01,0
CASSFLTPGQVHSGNTIYF,KTFPPTEPK,B*35:01,0
CASSFLTPGQVHSGNTIYF,VLFHRAFLV,A*11:01,0
CASSFLTPGQVHSGNTIYF,SLLMWITQC,A*02:01,0
CASSFLTPGQVHSGNTIYF,LIIPFIHLI,A*02:01,0
CASSFMETQYF,VLNYFKPYL,A*11:01,0
CASSFMETQYF,KMVAVFYNT,B*38:01,0
CASSFMETQYF,VYIGDPAQL,B*35:08,0
CASSFMETQYF,KLVALGINAV,B*38:01,0
CASSFMETQYF,FLYNLLTRV,B*57:01,0
CASSFMETQYF,MLYQHLLPL,B*57:01,0
CASSFMETQYF,TAFTIPSI,B*35:01,0
CASSFMETQYF,SLLMWITQA,A*24:02,0
CASSFMGQGESGYTF,SVYGDTLEK,B*57:01,0
CASSFMGQGESGYTF,LIIPFIHLI,A*11:01,0
CASSFMTEAGELFF,LMFWASSSI,A*68:01,0
CASSFMTEAGELFF,FLYNLLTRV,B*35:01,0
CASSFMTEAGELFF,GQVMVVAPR,B*27:09,0
CASSFNSLDRSFFSGNTIYF,QYDPVAALF,B*08:01,0
CASSFNSLDRSFFSGNTIYF,NMINFAPNI,A*24:02,0
CASSFNSLDRSFFSGNTIYF,FMLYLLTLM,B*35:08,0
CASSFNSLDRSFFSGNTIYF,CLGGLLTMV,B*57:01,0
CASSFNSLDRSFFSGNTIYF,ALSPVIPHI,B*35:08,0
CASSFNSLDRSFFSGNTIYF,THLMVLCCV,A*01:01,0
CASSFNSLDRSFFSGNTIYF,TAFTIPSI,B*37:01,0
CASSFPGTGGNIQYF,ALYGSVPVL,A*03:01,0
CASSFPGTGGNIQYF,YHSIEWAI,A*03:01,0
CASSFPGTGGNIQYF,SLLMWITQA,B*15:01,0
CASSFPGTGGNIQYF,IPSINVHHY,B*08:01,0
CASSFPGTGGNIQYF,ELAGIGILTV,B*07:02,0
CASSFPGTGGNIQYF,NMINFAPNI,B*27:05,0
CASSFPGTGGNIQYF,KTWGQYWQV,A*02:01,0
CASSFPLGGSPQLVTQYF,MTLHGFMMY,B*35:01,0
CASSFPLGGSPQLVTQYF,ALSPVIPLI,A*68:01,0
CASSFPLGGSPQLVTQYF,NMIHFAPNV,B*27:05,0
CASSFPLGGSPQLVTQYF,HTMLCMCCK,B*27:05,0
CASSFPLGGSPQLVTQYF,KMVAVFYTT,B*15:01,0
CASSFPLGGSPQLVTQYF,LLSIIFFPA,B*27:09,0
CASSFPLGGSPQLVTQYF,TSTLQEQIGW,A*01:01,0
CASSFPLGGSPQLVTQYF,MMPFSIVYI,A*11:01,0
CASSFPLGGSPQLVTQYF,VVLSWAPPV,B*35:01,0
CASSFPPGGVGTEKLFF,MTLHGFMMY,B*35:08,0
CASSFPPGGVGTEKLFF,FLIYLDVSV,B*35:08,0
CASSFPPGGVGTEKLFF,VLFHRAFLV,A*68:01,0
CASSFPPGGVGTEKLFF,VYFLQSINF,B*37:01,0
CASSFPPGGVGTEKLFF,SPRWYFYYL,A*02:01,0
CASSFPPGGVGTEKLFF,LLAILTYYV,B*35:08,0
CASSFPPGGVGTEKLFF,RLPGVLPRA,B*27:05,0
CASSFPVSDPSTDTQYF,RLGPYLEFL,B*07:02,0
CASSFPVSDPSTDTQYF,KMVAVFYNT,B*37:01,0
CASSFPVSDPSTDTQYF,SLLMWITQA,B*35:08,0
CASSFPVSDPSTDTQYF,KRPIPIKYKAM,B*08:01,0
CASSFPVSDPSTDTQYF,IMDQVPFSV,A*30:02,0
CASSFQGYTEAFFGF,VMPFSIVYIV,B*51:01,0
CASSFQGYTEAFFGF,RFPLTFGWCF,A*11:01,0
CASSFQGYTEAFFGF,KLVALGINAV,B*35:08,0
CASSFQGYTEAFFGF,HTMLCMCCK,B*27:09,0
CASSFRDEDPGNTIYF,NMIHFAPNV,B*38:01,0
CASSFRDEDPGNTIYF,VVMSWAPPV,B*38:01,0
CASSFRDEDPGNTIYF,GKTELLAPF,B*37:01,0
CASSFRDEDPGNTIYF,FLYNPLTRV,B*51:01,0
CASSFRDEDPGNTIYF,MLNIPSINV,B*08:01,0
CASSFRDSSYEQYF,RQLLFVVEV,B*51:01,0
CASSFRDSSYEQYF,KLSALGINAV,B*15:01,0
CASSFRDSSYEQYF,ILTGLNYEV,A*68:01,0
CASSFRDSSYEQYF,DATYQRTRALVR,A*24:02,0
CASSFRDSSYEQYF,KMVTVCPNT,A*24:02,0
CASSFRDSSYEQYF,LLAMTVPNV,A*01:01,0
CASSFRDSSYEQYF,RLGPYLEFL,B*37:01,0
CASSFRGEAFF,GMGPLLATV,B*15:01,0
CASSFRGLNQPQHF,FLYNPLTRV,B*08:01,0
CASSFRGLNQPQHF,NYNYLYRLF,B*15:01,0
CASSFRGLNQPQHF,KLVALGINAV,A*24:02,0
CASSFRQTLAVYEQYF,VYFLQSINF,B*38:01,0
CASSFRQTLAVYEQYF,KMVTVCPNT,A*30:02,0
CASSFRQTLAVYEQYF,ILNVDVFTL,B*51:01,0
CASSFRQTLAVYEQYF,ALYGSVPVL,B*51:01,0
CASSFSGTFEAFF,RLGPYLEFL,A*11:01,0
CASSFSGTFEAFF,AVGSYVYSV,B*35:01,0
CASSFSGTFEAFF,RFPLTFGWCF,B*07:02,0
CASSFSVRDMGTEAFF,RLPGVLPRA,B*07:02,0
CASSFSVRDMGTEAFF,FMLYLLTLM,B*27:09,0
CASSFSVRDMGTEAFF,YLEPGPVTA,B*08:01,0
CASSFSVRDMGTEAFF,KRPIPIKYKAM,B*38:01,0
CASSFSVRDMGTEAFF,KTFPPTEPK,B*51:01,0
CASSFSVRDMGTEAFF,THLMVLCCV,B*35:08,0
CASSFSVWDSNQPQHF,LLAGTLAVV,B*27:09,0
CASSFSVWDSNQPQHF,EIQEFCPNT,B*27:09,0
CASSFSVWDSNQPQHF,FEDLRVSSF,A*02:01,0
CASSFSVWDSNQPQHF,RPRGEVRFL,B*27:05,0
CASSFSVWDSNQPQHF,NLNCCSVPV,B*15:01,0
CASSFSVWDSNQPQHF,KRPIPIKYKAM,B*51:01,0
CASSFSVWDSNQPQHF,GKTELLAPF,B*15:01,0
CASSFSVWDSNQPQHF,ALSPVIPLI,B*35:01,0
CASSFTSGSGHEQYF,VVMSWAPPV,B*57:01,0
CASSFTSGSGHEQYF,LLFGYPVYV,B*27:05,0
CASSFTSGSGHEQYF,SPRWYFYYL,A*11:01,0
CASSFTSGSGHEQYF,VMPFSIVYIV,A*01:01,0
CASSFTVAGEQYF,LIIPFIHLI,B*35:08,0
CASSFTVAGEQYF,CFLLILPNC,A*03:01,0
CASSFTVAGEQYF,LMFWASSSI,A*24:02,0
CASSFTVAGEQYF,LLAGTLAGV,A*01:01,0
CASSFTVAGEQYF,RYRIGNYKL,A*01:01,0
CASSFTVAGEQYF,MLYQHLLPL,A*02:01,0
CASSFTVAGEQYF,NLFNRYPAL,B*38:01,0
CASSFTVAGEQYF,TSTLQEQIGW,A*03:01,0
CASSFTVAGEQYF,GQFLTPNSH,B*07:02,0
CASSFTWTSGGATDTQYF,LLAILTYYV,B*38:01,0
CASSFTWTSGGATDTQYF,FLIYLDVSV,B*38:01,0
CASSFTWTSGGATDTQYF,CFLLILPNC,B*08:01,0
CASSFTWTSGGATDTQYF,RPRGEVRFL,B*27:09,0
CASSFTWTSGGATDTQYF,LLAGTLAGV,A*68:01,0
CASSFVGLAGNEQFF,RTMEVCYNT,B*35:01,0
CASSFVGLAGNEQFF,TRLALIAPK,B*08:01,0
CASSFVRDSPHRDTEAFF,GQVMVVAPR,B*57:01,0
CASSFVRDSPHRDTEAFF,LLAMTVPNV,B*07:02,0
CASSFVRDSPHRDTEAFF,YLQPRTFLL,A*11:01,0
CASSFVRDSPHRDTEAFF,KLSALGINAV,B*27:05,0
CASSFVRDSPHRDTEAFF,RQLLFVVEV,A*02:01,0
CASSFVRDSPHRDTEAFF,KAFSPEVIPMF,A*03:01,0
CASSFWAGGWTEAFF,VYIGDPAQL,A*02:01,0
CASSFWAGGWTEAFF,LLSIISFPA,A*02:01,0
CASSFWAGGWTEAFF,SLAPLSPRA,A*68:01,0
CASSFWAGGWTEAFF,ELAGIGILTV,A*03:01,0
CASSFWAGGWTEAFF,YVLTWIVGA,B*51:01,0
CASSFWAGGWTEAFF,LMFWASSSI,B*35:01,0
CASSFWAGGWTEAFF,SLAPLSPRA,B*27:09,0
CASSFWDRVSGANVLTFGF,GCQEICPAC,A*68:01,0
CASSFWDRVSGANVLTFGF,VYIGDPAQL,A*01:01,0
CASSFWDRVSGANVLTFGF,YLQPRTFLL,B*15:01,0
CASSFWDRVSGANVLTFGF,KLSALGINAV,B*35:08,0
CASSFWDRVSGANVLTFGF,LMFWASSSI,B*07:02,0
CASSFWDRVSGANVLTFGF,RLGPYLEFL,B*07:02,0
CASSFWGADTQYF,YLEPGPVTA,B*38:01,0
CASSFWGADTQYF,VMHANYIFW,A*30:02,0
CASSFWGADTQYF,TTDPSFLGRY,A*68:01,0
CASSFWGADTQYF,FLYNPLTRV,B*08:01,0
CASSFWGADTQYF,VAANIVLTV,B*35:01,0
CASSFWGLPHQETQYF,CFVECAPVC,B*51:01,0
CASSFWGLPHQETQYF,NLFNRYPAL,B*37:01,0
CASSFWGLPHQETQYF,ALYGFVPVL,A*24:02,0
CASSFWGLPHQETQYF,IMDQVPFSV,B*35:08,0
CASSFWGLPHQETQYF,NMIHFAPNV,A*03:01,0
CASSFWGLPHQETQYF,TRLALIAPK,B*35:08,0
CASSFWGLPHQETQYF,CLGGLLTMV,B*35:01,0
CASSFWRDGATNEKLFF,RLGPYLEFL,A*01:01,0
CASSFWRDGATNEKLFF,SVYGDTLEK,A*11:01,0
CASSFWRDGATNEKLFF,KTFPPTEPK,B*51:01,0
CASSFWRDGATNEKLFF,GKTELLAPF,A*02:01,0
CASSFWRDGATNEKLFF,ALSKGVHFV,A*02:01,0
CASSFWRDGATNEKLFF,LLFGMTPCL,B*15:01,0
CASSFYGREAF,YVLTWIVGA,B*07:02,0
CASSFYGREAF,VLFGLGFAI,A*68:01,0
CASSFYGREAF,TTDPSFLGRY,A*03:01,0
CASSGAAGTSAYNEQFF,RLPGVLPRA,B*38:01,0
CASSGAAGTSAYNEQFF,LVLEVDPNI,B*57:01,0
CASSGAAGTSAYNEQFF,GMGPLLATV,A*30:02,0
CASSGAAGTSAYNEQFF,IVCPICSQK,B*38:01,0
CASSGAAGTSAYNEQFF,NLNCCSVPV,B*15:01,0
CASSGAAGTSAYNEQFF,VMPFSIVYIV,B*15:01,0
CASSGAAGTSAYNEQFF,LLFGMPPCL,A*02:01,0
CASSGAAGTSAYNEQFF,RLVPYLEFL,A*30:02,0
CASSGAAGTSAYNEQFF,KVKEVCPNV,A*02:01,0
CASSGAGGYEQYF,GQMWLLAPR,A*11:01,0
CASSGAGGYEQYF,KLVALGINAV,B*07:02,0
CASSGAGGYEQYF,SLLMWITQC,B*15:01,0
CASSGAGGYEQYF,VLNYFEPYL,A*03:01,0
CASSGAGGYEQYF,ILTGLNYEV,A*11:01,0
CASSGASYEQYF,CFLLILPNC,A*01:01,0
CASSGASYEQYF,SLAPLSPRA,B*27:09,0
CASSGASYEQYF,YLEPGPVTA,B*08:01,0
CASSGASYEQYF,LRVMMLAPF,B*15:01,0
CASSGASYEQYF,KMVAVFYNT,B*15:01,0
CASSGASYEQYF,GQFLTPNSH,B*51:01,0
CASSGASYEQYF,LLSIISFPA,B*57:01,0
CASSGASYEQYF,QYDPVAALF,A*01:01,0
CASSGASYEQYF,RYPLTFGW,B*27:09,0
CASSGDAAGAYGYTF,CLGGLLTMV,B*15:01,0
CASSGDRNQPQHF,LPRWYFYYL,B*57:01,0
CASSGDRNQPQHF,SLLMWITQC,B*27:09,0
CASSGDRNQPQHF,NLFNRYPAL,B*51:01,0
CASSGDRNQPQHF,GQMWLLAPR,B*35:01,0
CASSGELTDTQYF,MLYQHLLPL,A*02:01,0
CASSGELTDTQYF,ILTGLNYEV,B*57:01,0
CASSGELTDTQYF,MTLHGFMMY,A*01:01,0
CASSGELTDTQYF,KAFSPEVIPMF,A*68:01,0
CASSGELTDTQYF,AVGSYVYSV,B*37:01,0
CASSGELTDTQYF,NLNCCSVPV,A*68:01,0
CASSGFRGELFF,VSDGGPNLY,B*51:01,0
CASSGFRGELFF,KAFSPEVIPMF,B*51:01,0
CASSGFRGELFF,ILNVDIFTL,B*37:01,0
CASSGFRGELFF,LLFGYPVYV,A*68:01,0
CASSGFSNQPQHF,LLSIISFPA,A*68:01,0
CASSGFSNQPQHF,IVCPICSQK,A*03:01,0
CASSGFSNQPQHF,ALSKGVHFV,A*03:01,0
CASSGFSNQPQHF,VAANIVLTV,A*68:01,0
CASSGFSNQPQHF,VYGIRLEHF,B*57:01,0
CASSGGGAEAFF,LVLEVDPNI,A*02:01,0
CASSGGGAEAFF,ILNAMITKI,B*37:01,0
CASSGGGAEAFF,GMGPLLATV,A*01:01,0
CASSGGGAEAFF,YHSIEWAI,B*35:01,0
CASSGGGAEAFF,VVLSWAPPV,A*24:02,0
CASSGGGAEAFF,SLAPLSPRV,A*24:02,0
CASSGGGAEAFF,YLQPRTFLL,B*38:01,0
CASSGGGAEAFF,FEDLRLLSF,B*35:01,0
CASSGGGAGNEQFF,ILNAMITKI,B*51:01,0
CASSGGGAGNEQFF,QSRGDENRGW,A*03:01,0
CASSGGGAGNEQFF,CFVECAPVC,B*35:01,0
CASSGGGAGNEQFF,FLRGRAYGL,B*27:05,0
CASSGGGGGAYEQYF,SLLMPILTL,B*57:01,0
CASSGGGGGAYEQYF,RLVPYLEFL,A*68:01,0
CASSGGGGGAYEQYF,KVKEVCPNV,A*01:01,0
CASSGGGGGAYEQYF,TSTLQEQIGW,B*35:01,0
CASSGGGGGAYEQYF,CFVECAPVC,B*38:01,0
CASSGGGGGAYEQYF,LRVMMLAPF,A*30:02,0
CASSGGGGRGYNEQFF,SPRWYFYYL,A*30:02,0
CASSGGGGRGYNEQFF,NMINFAPNI,A*30:02,0
CASSGGGGRGYNEQFF,LVLEVDPNI,A*01:01,0
CASSGGGGRGYNEQFF,NLNCCSVPV,B*37:01,0
CASSGGGGRGYNEQFF,QSRGDENRGW,A*01:01,0
CASSGGGGRGYNEQFF,YLQPRTFLL,A*03:01,0
CASSGGGGRGYNEQFF,VYIGDPAQL,B*35:01,0
CASSGGGGRGYNEQFF,MMPFSIVYI,A*01:01,0
CASSGGLYSTDTQYF,YVLTWIVGA,B*57:01,0
CASSGGLYSTDTQYF,KLNTITPVV,B*35:01,0
CASSGGLYSTDTQYF,SLAPLSPRA,B*37:01,0
CASSGGLYSTDTQYF,FLRGRAYGL,A*30:02,0
CASSGGLYSTDTQYF,NLVPMVATV,B*51:01,0
CASSGGLYSTDTQYF,FTSDYYQLY,B*57:01,0
CASSGGLYSTDTQYF,NLVPMVATV,B*27:09,0
CASSGGLYSTDTQYF,HPVGEADYFEY,B*35:01,0
CASSGGQGAYEQYF,LVLEVDPNI,B*38:01,0
CASSGGQGAYEQYF,SVYGDTLEK,B*51:01,0
CASSGGQGAYEQYF,KTFPPTEPK,B*38:01,0
CASSGGQGAYEQYF,ITDQVPFSV,B*35:01,0
CASSGGVSYNEQFF,LPRWYFYYL,B*27:05,0
CASSGGVSYNEQFF,QYIKWPWYI,A*01:01,0
CASSGGVSYNEQFF,QKRPIPIKYKAM,B*15:01,0
CASSGGVSYNEQFF,RYPLTFGW,A*03:01,0
CASSGGVSYNEQFF,LLSIISFPA,A*03:01,0
CASSGGVSYNEQFF,RLVPYLEFL,B*27:09,0
CASSGLAGGPFGMETQYF,MLYQHLLPL,B*08:01,0
CASSGLAGGPFGMETQYF,RPIPIKYKAM,B*15:01,0
CASSGLINGNTIYF,RLGPYLEFL,B*27:05,0
CASSGLINGNTIYF,QYDPVAALF,A*02:01,0
CASSGLINGNTIYF,RYRIGNYKL,B*51:01,0
CASSGLRGPNEQFF,ALYGSVPVL,B*07:02,0
CASSGLRGPNEQFF,CFLLILPNC,A*24:02,0
CASSGLRGPNEQFF,LLFALHFSA,B*51:01,0
CASSGPRGYTF,MIISHLYLI,B*27:09,0
CASSGPRGYTF,KTFPPTEPK,B*38:01,0
CASSGPRGYTF,LPRWYFYYL,B*35:01,0
CASSGPRGYTF,FLYNPLTRV,B*08:01,0
CASSGPRGYTF,MLYQHLLPL,A*03:01,0
CASSGPRGYTF,FLRGRAYGL,A*11:01,0
CASSGPRGYTF,QYDPVAALF,B*07:02,0
CASSGPRGYTF,IPSINVHHY,A*68:01,0
CASSGPRGYTF,KLVALGINAV,A*02:01,0
CASSGPRGYTF,KMVAVFYTT,B*27:05,0
CASSGPRGYTF,KMVAVFYNT,A*11:01,0
CASSGPRGYTF,FLTVFSHFM,B*38:01,0
CASSGQGAYEQFF,SLAPLSPRV,B*51:01,0
CASSGQGAYEQFF,VLNYFKPYL,B*27:05,0
CASSGQGAYEQFF,GQMWLLAPR,B*35:01,0
CASSGQGAYEQFF,MTLHGFMMY,B*07:02,0
CASSGQGAYEQFF,QKRPIPIKYKAM,A*03:01,0
CASSGQGGDEQYF,VYIGDPAQL,B*37:01,0
CASSGQGGDEQYF,LLWNGPMAV,B*51:01,0
CASSGQGGDEQYF,RYRIGNYKL,B*27:05,0
CASSGQGGDEQYF,VLFHRAFLV,A*68:01,0
CASSGQGGDEQYF,KTFPPTEPK,A*30:02,0
CASSGQGGDEQYF,VLFGLGFAI,B*35:08,0
CASSGQGIAYEQYF,THLMVLCCV,B*35:08,0
CASSGQGIAYEQYF,VLFHRAFLV,A*02:01,0
CASSGQGIAYEQYF,YVLDHLIVV,B*07:02,0
CASSGQGIAYEQYF,EAAGIGILTV,A*03:01,0
CASSGQGIAYEQYF,QSRGDENRGW,A*11:01,0
CASSGRDRNF,GCQEICPAC,B*37:01,0
CASSGRDRNF,HTMLCMCCK,A*02:01,0
CASSGRDRNF,RYPLTFGW,B*57:01,0
CASSGRDRQNTEAF,ILNVDIFTL,A*03:01,0
CASSGRDRQNTEAF,SLLWMNPFV,B*15:01,0
CASSGRDRQNTEAF,KVKEVCPNV,A*01:01,0
CASSGRDRQNTEAF,KLLEIAPNC,B*35:08,0
CASSGRDRQNTEAF,RYPLTFGWCF,B*08:01,0
CASSGRDRQNTEAF,SPRWYFYYL,A*01:01,0
CASSGRDRQNTEAF,RYPLTFGWCF,A*01:01,0
CASSGRDSPSDEQFF,GCQEICPAC,B*57:01,0
CASSGRDSPSDEQFF,TRLALIAPK,A*68:01,0
CASSGRDSPSDEQFF,KLWASPLHV,B*27:09,0
CASSGRDSPSDEQFF,HPVGEADYFEY,B*08:01,0
CASSGSGASTDTQYF,KAFSPEVIPMF,A*30:02,0
CASSGSGASTDTQYF,FEDLRVSSF,B*35:01,0
CASSGSGASTDTQYF,GQMWLLAPR,B*35:08,0
CASSGSGASTDTQYF,NLNCCSVPV,B*27:05,0
CASSGSGASTDTQYF,TAFTIPSI,A*01:01,0
CASSGSGASTDTQYF,SVYGDTLEK,A*24:02,0
CASSGSGASTDTQYF,QSRGDENRGW,B*08:01,0
CASSGSGASTDTQYF,FEDLRLLSF,B*27:05,0
CASSGSGASTDTQYF,LLSIIFFPA,B*15:01,0
CASSGSGGFTEAFF,GQFLTPNSH,B*27:09,0
CASSGSGGFTEAFF,EAAGIGILTV,B*15:01,0
CASSGSGGFTEAFF,NLVPMVATV,B*27:09,0
CASSGSGGFTEAFF,KMVTVCPNT,B*08:01,0
CASSGSSVETQYF,LRVMMLAPF,B*37:01,0
CASSGSSVETQYF,THLMVLCCV,B*27:09,0
CASSGSSVETQYF,ITDQVPFSV,A*68:01,0
CASSGSSVETQYF,AEMEFCPCC,A*02:01,0
CASSGSSVETQYF,GQMWLLAPR,B*27:05,0
CASSGVRATEAFF,TAFTIPSI,B*07:02,0
CASSGVRATEAFF,ALYGFVPVL,B*27:05,0
CASSGVRATEAFF,RTMEVCYNT,B*35:01,0
CASSGVRATEAFF,KAFSPEVIPMF,B*07:02,0
CASSGVRATEAFF,RYRIGNYKL,B*37:01,0
CASSGVRATEAFF,IMDQVPFSV,A*03:01,0
CASSGVRATEAFF,ALSKGVHFV,B*38:01,0
CASSGVRATEAFF,ALSPVIPHI,A*02:01,0
CASSGVRATEAFF,SLLMWITQC,B*35:08,0
CASSGVRATEAFF,HTMLCMCCK,B*35:01,0
CASSGVRATEAFF,VYGIRLEHF,A*02:01,0
CASSHASGQGDSYEQYF,IMDQVPFSV,A*68:01,0
CASSHASGQGDSYEQYF,SLLWMNPFV,B*08:01,0
CASSHASGQGDSYEQYF,TTDPSFLGRY,A*01:01,0
CASSHASGQGDSYEQYF,CTELKLNDY,B*51:01,0
CASSHASGQGDSYEQYF,CLGGLLTMV,A*11:01,0
CASSHASGQGDSYEQYF,FEDLRVSSF,A*68:01,0
CASSHASGQGDSYEQYF,RLGPYLEFL,A*03:01,0
CASSHDAGASTGELFF,ILNVDIFTL,B*37:01,0
CASSHDAGASTGELFF,VMPFSIVYI,A*68:01,0
CASSHDAGASTGELFF,FLYNPLTRV,A*11:01,0
CASSHDAGASTGELFF,KMVTVCPNT,A*03:01,0
CASSHDAGASTGELFF,SPRWYFYYL,A*01:01,0
CASSHDAGASTGELFF,VLFGLGFAI,A*01:01,0
CASSHETGELFF,ELAGIGILTV,A*01:01,0
CASSHETGELFF,RYPLTFGWCF,A*68:01,0
CASSHETGELFF,ALYGFVPVL,B*38:01,0
CASSHETGELFF,FLTVFSHFM,A*03:01,0
CASSHETGELFF,NLFNRYPAL,A*03:01,0
CASSHETGELFF,LLSIIFFPA,B*38:01,0
CASSHGASYEQYVF,FEDLRLLSF,A*01:01,0
CASSHGASYEQYVF,VVLSWAPPV,A*24:02,0
CASSHGASYEQYVF,NLNCCSVPV,A*01:01,0
CASSHGASYEQYVF,MIISHLYLI,A*02:01,0
CASSHGASYEQYVF,SLLMPILTL,A*02:01,0
CASSHGASYEQYVF,KRPIPIKYKAM,B*15:01,0
CASSHGGGFAYEQYF,RLGPYLEFL,B*35:08,0
CASSHGGGFAYEQYF,GKTELLAPF,A*24:02,0
CASSHGGGFAYEQYF,LPRWYFYYL,A*02:01,0
CASSHGTAYGYTF,DATYQRTRALVR,A*24:02,0
CASSHGTAYGYTF,KMVTVCPNT,B*07:02,0
CASSHGTAYGYTF,FEDLRVLSF,B*37:01,0
CASSHGTAYGYTF,RYPLTFGW,A*02:01,0
CASSHGTAYGYTF,RYPLTFGW,B*37:01,0
CASSHGTAYGYTF,CTELKLSDY,B*15:01,0
CASSHGTAYGYTF,FLIYLDVSV,B*08:01,0
CASSHGTAYGYTF,QKRPIPIKYKAM,B*37:01,0
CASSHGTAYGYTF,RLGPYLEFL,B*27:05,0
CASSHGTETYEQYF,NMIHFAPNV,B*38:01,0
CASSHGTETYEQYF,RPIPIKYKAM,B*35:01,0
CASSHGTETYEQYF,ILNVDIFTL,A*30:02,0
CASSHGTETYEQYF,VLNYFKPYL,A*11:01,0
CASSHGTETYEQYF,GILGFVFTL,B*57:01,0
CASSHGTETYEQYF,MMPFSIVYI,B*27:05,0
CASSHGTETYEQYF,THLMVLCCV,B*35:01,0
CASSHGTETYEQYF,ILNVDIFTL,B*51:01,0
CASSHGTETYEQYF,CTELKLSDY,A*11:01,0
CASSHLAGGAGEQFF,RFPLTFGWCF,A*24:02,0
CASSHLAGGAGEQFF,FTSDYYQLY,B*07:02,0
CASSHLAGGAGEQFF,SLAPLSPRV,A*03:01,0
CASSHLAGGAGEQFF,CFVECAPVC,B*38:01,0
CASSHLAGGAGEQFF,LLSIIFFPA,A*03:01,0
CASSHLLAAYNEQFF,EIQEFCPNT,B*38:01,0
CASSHLLAAYNEQFF,FLYNPLTRV,A*24:02,0
CASSHLLAAYNEQFF,GKTELLAPF,B*57:01,0
CASSHLQGSEKLFF,SLAPLSPRA,A*30:02,0
CASSHLQGSEKLFF,NMIHFAPNV,B*35:08,0
CASSHLQGSEKLFF,RFPLTFGWCF,A*01:01,0
CASSHLQGSEKLFF,RYPLTFGW,B*37:01,0
CASSHLQGSEKLFF,LLFALYFSA,B*35:01,0
CASSHLQGSEKLFF,LLAILTYYV,B*57:01,0
CASSHLQGSEKLFF,LIIPFIHLI,B*15:01,0
CASSHRDSQETQYF,NMIHFAPNV,B*35:01,0
CASSHRDSQETQYF,SLAPLSPRV,B*57:01,0
CASSHRDSQETQYF,ITDQVPFSV,A*11:01,0
CASSHRDSQETQYF,RPRGEVRFL,A*24:02,0
CASSHRDSQETQYF,KMVAVFYNT,A*01:01,0
CASSHRTSGRAEEQYF,KRPIPIKYKAM,B*27:05,0
CASSHRTSGRAEEQYF,LLFALYFSA,A*30:02,0
CASSHRTSGRAEEQYF,RPIPIKYKAM,B*57:01,0
CASSHSGYEQF,NLNCCSVPV,B*15:01,0
CASSHSGYEQF,ALSPVIPLI,B*35:01,0
CASSHSGYEQF,SLLMWITQC,B*27:05,0
CASSHSGYEQF,MTLHGFMMY,A*24:02,0
CASSHSGYEQF,GQMWLLAPR,B*38:01,0
CASSIAAGNTIYF,GQVMVVAPR,A*24:02,0
CASSIAAGNTIYF,CTELKLNDY,B*27:09,0
CASSIAAGNTIYF,GQFLTPNSH,B*37:01,0
CASSIAGGLYEQFF,YLQPRTFLL,A*24:02,0
CASSIAGGLYEQFF,VMHANYIFW,B*07:02,0
CASSIAGGLYEQFF,VLNYFEPYL,B*35:01,0
CASSIAGGLYEQFF,ALSKGVHFV,B*38:01,0
CASSIAGGLYEQFF,VLNYFKPYL,B*27:05,0
CASSIAGGLYEQFF,VYIGDPAQL,B*35:01,0
CASSIAGGLYEQFF,KTWGQYWQV,A*24:02,0
CASSIAGGLYEQFF,MLNIPSINV,A*24:02,0
CASSIAGGSLHEQYF,RPRGEVRFL,A*24:02,0
CASSIAGGSLHEQYF,LLWNGPMAV,A*11:01,0
CASSIAGGSLHEQYF,CFVECAPVC,A*24:02,0
CASSIAGGSLHEQYF,GMGPLLATV,A*68:01,0
CASSIAGGSLHEQYF,KMVAVFYTT,B*35:08,0
CASSIAGGSLHEQYF,SLAPLSPRA,A*01:01,0
CASSIAGGSLHEQYF,IPSINVHHY,B*38:01,0
CASSIAGGSLHEQYF,ALSPVIPLI,A*68:01,0
CASSIAGGSLHEQYF,MTLHGFMMY,A*30:02,0
CASSIAGGSLHEQYF,KTWGQYWQV,A*11:01,0
CASSIAGGSLHEQYF,FEDLRLLSF,B*38:01,0
CASSIAPGNEQYF,KLLEIAPNC,B*51:01,0
CASSIAPGNEQYF,RQLLFVVEV,B*07:02,0
CASSIAVSLAKNIQYF,LLAGTLAVV,B*35:08,0
CASSIAVSLAKNIQYF,YLQPRTFLL,B*35:01,0
CASSIAVSLAKNIQYF,MTLHGFMMY,A*03:01,0
CASSIAVSLAKNIQYF,FMLYLLTLM,A*03:01,0
CASSIAVSLAKNIQYF,AVGSYVYSV,A*02:01,0
CASSIAVSLAKNIQYF,GQFLTPNSH,A*30:02,0
CASSIAVSLAKNIQYF,FLRGRAYGL,B*57:01,0
CASSIAVSLAKNIQYF,TSTLQEQIGW,A*68:01,0
CASSIEGPTGELF,ILTGLNYEA,A*03:01,0
CASSIEGPTGELF,VLNYFEPYL,A*01:01,0
CASSIEGPTGELF,ILNAMIAKI,B*27:09,0
CASSIEGPTGELF,GKTELLAPF,A*03:01,0
CASSIEGPTGELF,KAFSPEVIPMF,B*35:01,0
CASSIEGPTGELF,HTMLCMCCK,B*27:05,0
CASSIFGQREQYF,IMDQVPFSV,A*02:01,0
CASSIFGQREQYF,KRPIPIKYKAM,B*27:05,0
CASSIFGQREQYF,GQMWLLAPR,B*27:05,0
CASSIFGQREQYF,HPVGEADYFEY,A*03:01,0
CASSIFGQREQYF,RLGPYLEFL,A*30:02,0
CASSIFGQREQYF,FEDLRVSSF,B*38:01,0
CASSIFGQREQYF,VVLSWAPPV,A*02:01,0
CASSIFGQREQYF,RPIPIKYKAM,B*07:02,0
CASSIFPNPGNTIYF,GQFLTPNSH,B*15:01,0
CASSIFPNPGNTIYF,KTWGQYWQV,A*11:01,0
CASSIFTRRGYEQYF,RLPGVLPRA,A*68:01,0
CASSIFTRRGYEQYF,MTLHGFMMY,B*27:05,0
CASSIFTRRGYEQYF,CFLLILPNC,A*11:01,0
CASSIFTRRGYEQYF,HTMLCMCCK,B*57:01,0
CASSIFTRRGYEQYF,GQFLTPNSH,B*37:01,0
CASSIFTRRGYEQYF,KLSALGINAV,B*08:01,0
CASSIFTRRGYEQYF,RYPLTFGW,A*01:01,0
CASSIFTRRGYEQYF,NDMLVCANI,B*07:02,0
CASSIGDYEQYF,HTMLCMCCK,A*11:01,0
CASSIGDYEQYF,KLWASPLHV,B*15:01,0
CASSIGDYEQYF,RPIPIKYKAM,B*08:01,0
CASSIGDYEQYF,VLFGLGFAI,A*30:02,0
CASSIGDYEQYF,LMFWASSSI,B*27:05,0
CASSIGDYEQYF,AEMEFCPCC,B*07:02,0
CASSIGDYEQYF,KTWGQYWQV,B*27:05,0
CASSIGGYGYTF,MLNIPSINV,B*27:05,0
CASSIGGYGYTF,SLLMWITQC,A*68:01,0
CASSIGGYGYTF,AEMEFCPCC,B*57:01,0
CASSIGGYGYTF,LLFALYFSA,A*01:01,0
CASSIGGYGYTF,LLAGTLAGV,A*03:01,0
CASSIGGYGYTF,RTMEVCYNT,B*07:02,0
CASSIGGYGYTF,NLVPMVATV,B*27:09,0
CASSIGGYGYTF,TRLALIAPK,A*24:02,0
CASSIGGYGYTF,RLQSLQTYV,B*08:01,0
CASSIGLGGTSEQFF,ALSPVIPHI,B*35:08,0
CASSIGLGGTSEQFF,RFPLTFGWCF,B*38:01,0
CASSIGLGGTSEQFF,VYFLQSINF,B*37:01,0
CASSIGLGGTSEQFF,FLYNPLTRV,B*27:05,0
CASSIGLGGTSEQFF,NLVPMVATV,B*35:08,0
CASSIGLGGTSEQFF,SLLMPILTL,B*27:05,0
CASSIGLNQPQHF,LLFGMPPCL,B*27:09,0
CASSIGLNQPQHF,RTMEVCYNT,A*30:02,0
CASSIGLNQPQHF,IMDQVPFSV,B*15:01,0
CASSIGLNQPQHF,KTWGQYWQV,B*57:01,0
CASSIGLNQPQHF,NYNYLYRLF,A*03:01,0
CASSIGQAYYEQYF,FLYNLLTRV,A*01:01,0
CASSIGQAYYEQYF,KMVAVFYTT,B*07:02,0
CASSIGQAYYEQYF,ILTGLNYEV,A*11:01,0
CASSIGQAYYEQYF,VVMSWAPPV,B*07:02,0
CASSIGQAYYEQYF,TTDPSFLGRY,A*02:01,0
CASSIGQAYYEQYF,GKTELLAPF,A*30:02,0
CASSIGQAYYEQYF,RYPLTFGWCF,A*02:01,0
CASSIGRSEQFF,ITDQVPFSV,A*11:01,0
CASSIGRSEQFF,ALYGSVPVL,B*08:01,0
CASSIGSGMNSPLHF,LLFALYFSA,A*11:01,0
CASSIGSGMNSPLHF,TAFTIPSI,B*07:02,0
CASSIGSGMNSPLHF,LIIPFIHLI,B*51:01,0
CASSIGSGMNSPLHF,LLWNGPMAV,A*11:01,0
CASSIGSGMNSPLHF,QYIKWPWYI,A*24:02,0
CASSIGSGMNSPLHF,FLYNLLTRV,B*08:01,0
CASSIGTGGNYGYTF,VMHANYIFW,B*37:01,0
CASSIGTGGNYGYTF,SVYGDTLEK,A*11:01,0
CASSIGTGGNYGYTF,FTSDYYQLY,A*68:01,0
CASSIGTGGNYGYTF,NMIHFAPNV,A*24:02,0
CASSIGTGGNYGYTF,VMPFSIVYIV,B*27:09,0
CASSIGTGGNYGYTF,RFPLTFGWCF,B*08:01,0
CASSIGVRAFF,ALSPVIPHI,A*30:02,0
CASSIGVRAFF,FEDLRVLSF,B*35:08,0
CASSIGVRAFF,SPRWYFYYL,B*35:01,0
CASSIGVRAFF,LLFGMPPCL,B*57:01,0
CASSIGVRAFF,FEDLRVSSF,B*08:01,0
CASSIGVRAFF,ALYGSVPVL,B*37:01,0
CASSIIAGSSYNEQFF,DATYQRTRALVR,B*27:09,0
CASSIIAGSSYNEQFF,SPRWYFYYL,B*57:01,0
CASSIIAGSSYNEQFF,LLWNGPMAV,B*15:01,0
CASSIIAGSSYNEQFF,SLAPLSPRV,A*24:02,0
CASSIIAGSSYNEQFF,KRPIPIKYKAM,B*51:01,0
CASSIIAGSSYNEQFF,FLTVFSHFM,B*27:05,0
CASSIIAGSSYNEQFF,TTDPSFLGRY,A*68:01,0
CASSILGASNQPQHF,SLLMWITQA,B*15:01,0
CASSILGASNQPQHF,RQLLFVVEV,B*27:09,0
CASSILGASNQPQHF,KLSALGINAV,B*27:09,0
CASSILGASNQPQHF,YVLDHLIVV,B*15:01,0
CASSILGASNQPQHF,NMINFAPNI,A*02:01,0
CASSILGASNQPQHF,NMINFAPNI,A*68:01,0
CASSILQGLGGSNQPQHF,QYIKWPWYI,B*37:01,0
CASSILQGLGGSNQPQHF,ILNAMITKI,B*15:01,0
CASSILQGLGGSNQPQHF,LPRWYFYYL,B*38:01,0
CASSILQGLGGSNQPQHF,FLIYLDVSV,B*07:02,0
CASSILQGLGGSNQPQHF,FLYNLLTRV,A*01:01,0
CASSILQGLGGSNQPQHF,KLWASPLHV,B*07:02,0
CASSILQGLGGSNQPQHF,FEDLRLLSF,B*27:05,0
CASSILQGLGGSNQPQHF,VVMSWAPPV,B*27:05,0
CASSILQGLGGSNQPQHF,AVGSYVYSV,A*01:01,0
CASSILQGLGGSNQPQHF,ILNVDIFTL,A*03:01,0
CASSILQGLGGSNQPQHF,CFLLILPNC,B*51:01,0
CASSILQGRSYEQYF,LPRWYFYYL,B*08:01,0
CASSILQGRSYEQYF,RLVPYLEFL,B*38:01,0
CASSILQGRSYEQYF,SLAPLSPRV,B*37:01,0
CASSILQGRSYEQYF,KLWASPLHV,B*51:01,0
CASSILQGRSYEQYF,KRPIPIKYKAM,B*27:05,0
CASSINRASEAFF,SPRWYFYYL,B*27:09,0
CASSINRASEAFF,NLVPMVATV,B*57:01,0
CASSINRASEAFF,KTWGQYWQV,B*07:02,0
CASSINRASEAFF,KLWASPLHV,B*27:09,0
CASSINRASEAFF,HTMLCMCCK,B*27:05,0
CASSINRASEAFF,YHSIEWAI,B*27:05,0
CASSIPAGGAYGYTF,QKRPIPIKYKAM,B*15:01,0
CASSIPAGGAYGYTF,VVLSWAPPV,B*07:02,0
CASSIPAGGAYGYTF,LMFWASSSI,B*37:01,0
CASSIPAGGAYGYTF,KTWGQYWQV,B*57:01,0
CASSIPAGGAYGYTF,LRVMMLAPF,A*30:02,0
CASSIPDGTQYF,KLSALGINAV,B*38:01,0
CASSIPDGTQYF,ILNAMITKI,B*37:01,0
CASSIPDGTQYF,RYPLTFGWCF,B*27:05,0
CASSIPDGTQYF,VLFHRAFLV,A*24:02,0
CASSIPDGTQYF,IMDQVPFSV,B*51:01,0
CASSIPSRTTNYGYTF,YLEPGPVTA,B*35:01,0
CASSIPSRTTNYGYTF,RPIPIKYKAM,B*37:01,0
CASSIPSRTTNYGYTF,RLGPYLEFL,B*27:09,0
CASSIPSRTTNYGYTF,TAFTIPSI,A*01:01,0
CASSIPSRTTNYGYTF,TTDPSFLGRY,B*07:02,0
CASSIPSRTTNYGYTF,NDMLVCANI,B*08:01,0
CASSIPSRTTNYGYTF,ELAGIGILTV,B*08:01,0
CASSIPSRTTNYGYTF,SPRWYFYYL,B*38:01,0
CASSIPSRTTNYGYTF,FLIYLDVSV,A*30:02,0
CASSIQGNSNQPQHF,NMIHFAPNV,B*27:09,0
CASSIQGNSNQPQHF,VYFLQSINF,B*15:01,0
CASSIQGRGDTEAFF,VLNYFEPYL,A*24:02,0
CASSIQGRGDTEAFF,GILGFVFTL,A*03:01,0
CASSIQGRGDTEAFF,RTMEVCYNT,A*24:02,0
CASSIQGRGDTEAFF,ILTGLNYEV,B*35:01,0
CASSIRSSTEAF,KAFSPEVIPMF,B*38:01,0
CASSIRSSTEAF,GQMWLLAPR,B*51:01,0
CASSIRSSTEAF,MIISHLYLI,A*30:02,0
CASSIRVSGANVLTF,LLSIISFPA,B*51:01,0
CASSIRVSGANVLTF,VYIGDPAQL,A*03:01,0
CASSIRVSGANVLTF,ITDQVPFSV,A*03:01,0
CASSIRVSGANVLTF,VSDGGPNLY,A*01:01,0
CASSIRVSGANVLTF,KMVTVCPNT,A*68:01,0
CASSIRVSGANVLTF,DATYQRTRALVR,A*11:01,0
CASSISGGSYEQYF,FEDLRVSSF,B*37:01,0
CASSISGGSYEQYF,KMVAVFYNT,B*27:05,0
CASSISGGSYEQYF,KTWGQYWQV,A*24:02,0
CASSISGGSYEQYF,YLEPGPVTA,B*35:08,0
CASSISGGSYEQYF,ILNAMIAKI,B*35:01,0
CASSISPSGFNGYTF,FLYNLLTRV,B*27:05,0
CASSISPSGFNGYTF,FMLYLLTLM,B*35:08,0
CASSISPSGFNGYTF,ILNAMIAKI,B*51:01,0
CASSISPSGFNGYTF,LLAGTLAVV,A*68:01,0
CASSISPSGFNGYTF,RYPLTFGW,B*38:01,0
CASSISPSGFNGYTF,LLFGMTPCL,B*35:01,0
CASSISPSGFNGYTF,IPSINVHHY,B*51:01,0
CASSISPSGFNGYTF,VLFHRAFLV,A*24:02,0
CASSISPSGFNGYTF,VLFGLGFAI,A*02:01,0
CASSISPSSYEQYF,ALSPVIPHI,B*15:01,0
CASSISPSSYEQYF,GKTELLAPF,A*11:01,0
CASSISPSSYEQYF,VYIGDPAQL,B*08:01,0
CASSISPSSYEQYF,CLGGLLTMV,B*27:09,0
CASSISPSSYEQYF,IVCPICSQK,B*37:01,0
CASSISPSSYEQYF,NMINFAPNI,B*51:01,0
CASSISPSSYEQYF,VMPFSIVYI,A*11:01,0
CASSISPSSYEQYF,TTDPSFLGRY,A*30:02,0
CASSISSGRTYEQYF,EAAGIGILTV,A*02:01,0
CASSISSGRTYEQYF,LLAGTLAGV,A*24:02,0
CASSISSGRTYEQYF,CTELKLSDY,B*35:01,0
CASSISSGRTYEQYF,RLGPYLEFL,B*35:01,0
CASSISSGRTYEQYF,VVLSWAPPV,B*51:01,0
CASSISSGRTYEQYF,RQLLFVVEV,B*07:02,0
CASSISSGRTYEQYF,VLNYFEPYL,B*15:01,0
CASSISSGRTYEQYF,LLFGMPPCL,B*38:01,0
CASSISSGVAYEQYF,RLQSLQTYV,B*35:08,0
CASSISSGVAYEQYF,KAFSPEVIPMF,B*35:01,0
CASSISSTGELF,SLLMPILTL,B*37:01,0
CASSISSTGELF,ILTGLNYEV,B*37:01,0
CASSISSTGELF,RTMEVCYNT,B*08:01,0
CASSISSTGELF,KMVAVFYNT,B*38:01,0
CASSISSTGELF,ILTGLNYEV,B*15:01,0
CASSISSTGELF,LLSIISFPA,B*15:01,0
CASSISSTGELF,LLAGTLAVV,B*27:09,0
CASSISTSGYEQFF,YHSIEWAI,B*38:01,0
CASSISTSGYEQFF,NMIHFAPNV,B*15:01,0
CASSISTSGYEQFF,KLSALGINAV,B*51:01,0
CASSISTSGYEQFF,RYPLTFGWCF,B*38:01,0
CASSISTSGYEQFF,RLQSLQTYV,A*68:01,0
CASSISTSGYEQFF,RYRIGNYKL,B*37:01,0
CASSISTSGYEQFF,FLTVFSHFM,A*11:01,0
CASSITWMNTEAFF,YVLTWIVGA,A*01:01,0
CASSITWMNTEAFF,LPRWYFYYL,A*30:02,0
CASSITWMNTEAFF,LLAMTVPNV,B*07:02,0
CASSITWMNTEAFF,MTLHGFMMY,B*07:02,0
CASSITWMNTEAFF,SVYGDTLEK,A*68:01,0
CASSITWMNTEAFF,QSRGDENRGW,B*35:08,0
CASSIVDGYEQYF,QYDPVAALF,A*01:01,0
CASSIVDGYEQYF,ALSPVIPHI,B*35:08,0
CASSIVDGYEQYF,NLFNRYPAL,B*08:01,0
CASSIVDGYEQYF,KAFSPEVIPMF,A*30:02,0
CASSIVDGYEQYF,KVKEVCPNV,B*51:01,0
CASSIVDGYEQYF,NLNCCSVPV,A*11:01,0
CASSIVDGYEQYF,KVKEVCPNV,B*08:01,0
CASSIVDGYEQYF,MMPFSIVYI,B*38:01,0
CASSIVDGYEQYF,ALSPVIPLI,B*37:01,0
CASSIVGQGYEQYF,LLFALYFSA,B*27:09,0
CASSIVGQGYEQYF,RLGPYLEFL,B*07:02,0
CASSIVGQGYEQYF,NLFNRYPAL,B*57:01,0
CASSIVGQGYEQYF,GQMWLLAPR,B*51:01,0
CASSIVKLAGGTYEQYF,QYDPVAALF,B*57:01,0
CASSIVKLAGGTYEQYF,LLFALHFSA,A*01:01,0
CASSIVKLAGGTYEQYF,LLAGTLAGV,A*68:01,0
CASSIVKLAGGTYEQYF,YVLTWIVGA,B*27:09,0
CASSIVQRTNTEAFF,ALSPVIPHI,A*11:01,0
CASSIVQRTNTEAFF,VYFLQSINF,B*38:01,0
CASSIVQRTNTEAFF,NMINFAPNI,A*01:01,0
CASSIVSSSYNEQFF,CFVECAPVC,B*38:01,0
CASSIVSSSYNEQFF,QYDPVAALF,B*37:01,0
CASSIVSSSYNEQFF,VYGIRLEHF,A*03:01,0
CASSIVSSSYNEQFF,LLFGYPVYV,A*11:01,0
CASSIVSSSYNEQFF,YVLDHLIVV,A*01:01,0
CASSIVSSSYNEQFF,VLFGLGFAI,B*27:09,0
CASSIVSSSYNEQFF,QYDPVAALF,A*11:01,0
CASSIVSSSYNEQFF,DATYQRTRALVR,B*27:09,0
CASSIYGAGYTEAFF,VLFGLGFAI,B*37:01,0
CASSIYGAGYTEAFF,FEDLRLLSF,A*30:02,0
CASSIYGAGYTEAFF,GQFLTPNSH,B*08:01,0
CASSIYGAGYTEAFF,NMIHFAPNV,B*38:01,0
CASSIYGAGYTEAFF,NDMLVCANI,B*27:05,0
CASSIYGAGYTEAFF,IPSINVHHY,A*30:02,0
CASSIYGAGYTEAFF,QKRPIPIKYKAM,A*01:01,0
CASSIYGAGYTEAFF,KMVTVCPNT,A*30:02,0
CASSIYGAGYTEAFF,SLLWMNPFV,B*07:02,0
CASSIYRRRQGALAGPDTQYF,FMLYLLTLM,B*27:05,0
CASSIYRRRQGALAGPDTQYF,CFVECAPVC,B*15:01,0
CASSIYRRRQGALAGPDTQYF,IMDQVPFSV,B*27:05,0
CASSIYRRRQGALAGPDTQYF,VSDGGPNLY,A*01:01,0
CASSIYRRRQGALAGPDTQYF,LLAGTLAVV,A*02:01,0
CASSIYRRRQGALAGPDTQYF,ALYGFVPVL,A*02:01,0
CASSIYRRRQGALAGPDTQYF,VMHANYIFW,B*35:08,0
CASSIYSVNEQF,SVYGDTLEK,B*37:01,0
CASSIYSVNEQF,LLFGYPVYV,A*11:01,0
CASSIYSVNEQF,ILNVDVFTL,B*35:08,0
CASSIYSVNEQF,NLVPMVATV,B*07:02,0
CASSIYSVNEQF,ALSKGVHFV,B*51:01,0
CASSIYSVNEQF,ALSPVIPHI,A*01:01,0
CASSKDRNQPQHF,LLSIIFFPA,B*08:01,0
CASSKDRNQPQHF,TTDPSFLGRY,A*24:02,0
CASSKDRNQPQHF,EIQEFCPNT,B*15:01,0
CASSKDRNQPQHF,RPRGEVRFL,A*11:01,0
CASSKDRNQPQHF,RPRGEVRFL,B*37:01,0
CASSKRNEQFF,QYIKWPWYI,A*68:01,0
CASSKRNEQFF,RYPLTFGW,A*11:01,0
CASSKRNEQFF,ILTGLNYEA,A*02:01,0
CASSKRNEQFF,ILNAMIAKI,B*37:01,0
CASSKTSGSPYNEQF,RFPLTFGWCF,A*02:01,0
CASSKTSGSPYNEQF,ALSKGVHFV,A*01:01,0
CASSKTSGSPYNEQF,FMLYLLTLM,A*68:01,0
CASSKTSGSPYNEQF,SLLMWITQC,B*37:01,0
CASSKTSGSPYNEQF,FEDLRVSSF,B*27:05,0
CASSKTSGSPYNEQF,ILNVDVFTL,B*15:01,0
CASSKTSGSPYNEQF,LLFALYFSA,B*35:08,0
CASSKTSGSPYNEQF,SPRWYFYYL,B*15:01,0
CASSKTSGSPYNEQF,ALSPVIPHI,B*35:01,0
CASSLAAQGQRVTGELFF,VLFGLGFAI,A*24:02,0
CASSLAAQGQRVTGELFF,NLFNRYPAL,B*35:01,0
CASSLAAQGQRVTGELFF,ALSPVIPLI,B*27:05,0
CASSLAAQGQRVTGELFF,VVLSWAPPV,B*35:01,0
CASSLAAQGQRVTGELFF,ILNVDIFTL,A*03:01,0
CASSLAAQGQRVTGELFF,MLNIPSINV,B*07:02,0
CASSLADLYSYEQYF,RTMEVCYNT,A*11:01,0
CASSLADLYSYEQYF,IVCPICSQK,B*35:08,0
CASSLADLYSYEQYF,FEDLRVLSF,B*08:01,0
CASSLADLYSYEQYF,NMIHFAPNV,A*03:01,0
CASSLADLYSYEQYF,SLAPLSPRV,A*03:01,0
CASSLAGDRGRNSPLHF,SLLWMNPFV,B*51:01,0
CASSLAGDRGRNSPLHF,FEDLRLLSF,B*38:01,0
CASSLAGDRGRNSPLHF,KMVAVFYTT,B*35:08,0
CASSLAGDRGRNSPLHF,SLAPLSPRV,A*24:02,0
CASSLAGESSYNEQFF,VSDGGPNLY,B*35:01,0
CASSLAGESSYNEQFF,VMHANYIFW,B*27:05,0
CASSLAGESSYNEQFF,VLNYFEPYL,B*57:01,0
CASSLAGESSYNEQFF,SLLMWITQC,A*68:01,0
CASSLAGESSYNEQFF,TAFTIPSI,B*37:01,0
CASSLAGESSYNEQFF,CFLLILPNC,B*51:01,0
CASSLAGGGEQYF,QSRGDENRGW,B*38:01,0
CASSLAGGGEQYF,SLAPLSPRV,A*01:01,0
CASSLAGGGEQYF,IPSINVHHY,B*15:01,0
CASSLAGGGEQYF,LIIPFIHLI,B*57:01,0
CASSLAGGGEQYF,SLLWMNPFV,B*35:01,0
CASSLAGGGEQYF,FTSDYYQLY,B*38:01,0
CASSLAGGPLHEQFF,VLFGLGFAI,A*30:02,0
CASSLAGGPLHEQFF,RYPLTFGW,B*57:01,0
CASSLAGGPLHEQFF,VMHANYIFW,B*15:01,0
CASSLAGGPLHEQFF,YLEPGPVTA,B*35:08,0
CASSLAGGPLHEQFF,LLSIIFFPA,B*51:01,0
CASSLAGGSEQFF,NDMLVCANI,B*35:01,0
CASSLAGGSEQFF,FEDLRVLSF,A*30:02,0
CASSLAGGSEQFF,KLSALGINAV,B*27:05,0
CASSLAGGSEQFF,EIQEFCPNT,A*03:01,0
CASSLAGGSEQFF,SLAPLSPRV,B*07:02,0
CASSLAGGTGETQYF,ALSPVIPHI,A*11:01,0
CASSLAGGTGETQYF,RLGPYLEFL,A*68:01,0
CASSLAGGTGETQYF,RLQSLQTYV,A*30:02,0
CASSLAGGTGETQYF,ILNVDVFTL,B*57:01,0
CASSLAGGTGETQYF,NDMLVCANI,A*02:01,0
CASSLAGGTGETQYF,LLAGTLAVV,A*02:01,0
CASSLAGGTGETQYF,VVLSWAPPV,A*11:01,0
CASSLAGQGANEKLF,CFLLILPNC,A*24:02,0
CASSLAGQGANEKLF,NLVPMVATV,B*35:01,0
CASSLAGQGANEKLF,SLAPLSPRV,A*03:01,0
CASSLAGQGANEKLF,VLNYFKPYL,B*27:05,0
CASSLAGQGANEKLF,LPRWYFYYL,B*35:08,0
CASSLAGSTGELFF,VLNYFEPYL,B*27:09,0
CASSLAGSTGELFF,FEDLRVSSF,B*27:05,0
CASSLAGSTGELFF,VMPFSIVYI,B*37:01,0
CASSLAGSTGELFF,CTELKLSDY,A*02:01,0
CASSLAGSTGELFF,CFLLILPNC,B*27:09,0
CASSLAGSTGELFF,HPVGEADYFEY,B*27:09,0
CASSLAGSTGELFF,FTSDYYQLY,A*01:01,0
CASSLAGTSPPFF,LLAGTLAGV,B*38:01,0
CASSLAGTSPPFF,LLSIIFFPA,B*27:09,0
CASSLAGTSPPFF,AEMEFCPCC,A*30:02,0
CASSLAGTSPPFF,GQMWLLAPR,A*03:01,0
CASSLAGTSPPFF,ILNVDVFTL,A*24:02,0
CASSLAGTSPPFF,RYPLTFGW,B*27:05,0
CASSLAGTSPPFF,FLIYLDVSV,B*08:01,0
CASSLAGTTVYNEQFF,KMVAVFYNT,A*30:02,0
CASSLAGTTVYNEQFF,GCQEICPAC,B*51:01,0
CASSLAGTTVYNEQFF,HPVGEADYFEY,B*27:05,0
CASSLAGTTVYNEQFF,FEDLRVSSF,B*27:09,0
CASSLAGTTVYNEQFF,VAANIVLTV,B*38:01,0
CASSLAGTTVYNEQFF,IPSINVHHY,A*24:02,0
CASSLAGVEQYF,YHSIEWAI,B*35:01,0
CASSLAGVEQYF,LLFGMPPCL,B*57:01,0
CASSLAGVEQYF,LLFGMTPCL,B*57:01,0
CASSLAGVEQYF,ALSKGVHFV,B*27:09,0
CASSLAGVEQYF,RYPLTFGWCF,A*68:01,0
CASSLAGVEQYF,RPRGEVRFL,A*03:01,0
CASSLAGVEQYF,NMIHFAPNV,B*35:01,0
CASSLAGVEQYF,NDMLVCANI,B*27:05,0
CASSLAKMDLPLAKNIQYF,YVLDHLIVV,A*03:01,0
CASSLAKMDLPLAKNIQYF,FTSDYYQLY,B*35:08,0
CASSLALDEQFF,KLVALGINAV,B*15:01,0
CASSLALDEQFF,ALYGFVPVL,B*27:05,0
CASSLALDEQFF,KTFPPTEPK,B*08:01,0
CASSLALDEQFF,HTMLCMCCK,A*11:01,0
CASSLALDEQFF,THLMVLCCV,A*11:01,0
CASSLALDEQFF,VLNYFKPYL,B*08:01,0
CASSLALDEQFF,LVLEVDPNI,A*01:01,0
CASSLAPGSYEQYF,VVLSWAPPV,B*57:01,0
CASSLAPGSYEQYF,THLMVLCCV,B*27:09,0
CASSLAPGSYEQYF,KLVALGINAV,A*24:02,0
CASSLAPGSYEQYF,ITDQVPFSV,A*24:02,0
CASSLAPGSYEQYF,CFVECAPVC,B*35:01,0
CASSLAPGSYEQYF,KLVALGINAV,B*37:01,0
CASSLAQGKAFF,NMIHFAPNV,B*27:09,0
CASSLAQGKAFF,LLAILTYYV,B*51:01,0
CASSLAQGKAFF,YLEPGPVTA,B*51:01,0
CASSLAQGKAFF,LLAILTYYV,B*38:01,0
CASSLAQGKAFF,MIISHLYLI,A*30:02,0
CASSLAQGSYEQYF,VVMSWAPPV,A*02:01,0
CASSLAQGSYEQYF,RLVPYLEFL,A*02:01,0
CASSLAQGSYEQYF,LLFGMPPCL,B*27:05,0
CASSLAQGSYEQYF,THLMVLCCV,B*35:08,0
CASSLASGGALYNEQF,LLFGMPPCL,A*68:01,0
CASSLASGGALYNEQF,RLGPYLEFL,A*11:01,0
CASSLASGGALYNEQF,ILNVDIFTL,A*30:02,0
CASSLASGGALYNEQF,FTSDYYQLY,A*30:02,0
CASSLASGGALYNEQF,QYIKWPWYI,B*08:01,0
CASSLASGRATELF,LLSIISFPA,B*27:09,0
CASSLASGRATELF,KLLEIAPNC,A*30:02,0
CASSLASGRATELF,SLLMWITQC,B*07:02,0
CASSLASGYEQYF,ILNVDVFTL,A*01:01,0
CASSLASGYEQYF,THLMVLCCV,B*35:01,0
CASSLASGYEQYF,RTMEVCYNT,B*35:01,0
CASSLASGYEQYF,GILGFVFTL,A*01:01,0
CASSLASGYEQYF,EIQEFCPNT,A*30:02,0
CASSLASGYEQYF,CFVECAPVC,B*57:01,0
CASSLASGYEQYF,VYIGDPAQL,A*02:01,0
CASSLASGYEQYF,THLMVLCCV,A*24:02,0
CASSLASWGNEKLF,MLYQHLLPL,A*30:02,0
CASSLASWGNEKLF,RPRGEVRFL,A*68:01,0
CASSLASWGNEKLF,YVLDHLIVV,B*51:01,0
CASSLASWGNEKLF,LIIPFIHLI,A*01:01,0
CASSLASWGNEKLF,AVGSYVYSV,A*03:01,0
CASSLASWGNEKLF,LLAMTVPNV,B*57:01,0
CASSLASWGNEKLF,VLNYFEPYL,A*01:01,0
CASSLASWGNEKLF,LPRWYFYYL,B*08:01,0
CASSLATEQFF,VYGIRLEHF,A*68:01,0
CASSLATEQFF,MTLHGFMMY,A*11:01,0
CASSLATEQFF,CFVECAPVC,B*51:01,0
CASSLATEQFF,QYDPVAALF,B*35:08,0
CASSLATEQFF,LLFGMPPCL,A*68:01,0
CASSLATEQFF,LLSIISFPA,A*02:01,0
CASSLAVGETRNSPLHF,NLNCCSVPV,A*24:02,0
CASSLAVGETRNSPLHF,AEMEFCPCC,A*30:02,0
CASSLAVGETRNSPLHF,NMIHFAPNV,A*24:02,0
CASSLAVGQPGEEEQYF,NLFNRYPAL,A*24:02,0
CASSLAVGQPGEEEQYF,RLVPYLEFL,A*30:02,0
CASSLAVGQPGEEEQYF,ILNVDVFTL,A*30:02,0
CASSLAVGQPGEEEQYF,KTFPPTEPK,A*11:01,0
CASSLAVGQPGEEEQYF,HPVGEADYFEY,A*30:02,0
CASSLAVGQPGEEEQYF,FEDLRLLSF,A*68:01,0
CASSLAVGQPGEEEQYF,VAANIVLTV,A*02:01,0
CASSLAVGQPGEEEQYF,AVGSYVYSV,B*37:01,0
CASSLAVHNEQFF,ILTGLNYEA,B*27:09,0
CASSLAVHNEQFF,ALSKGVHFV,B*37:01,0
CASSLAVHNEQFF,QSRGDENRGW,A*01:01,0
CASSLAVHNEQFF,ILNAMITKI,B*27:05,0
CASSLAVHNEQFF,QYDPVAALF,B*38:01,0
CASSLAYSYEQYF,GQFLTPNSH,B*57:01,0
CASSLDGGLTDTQYF,MLNIPSINV,B*27:09,0
CASSLDGGLTDTQYF,LLFGYPVYV,A*68:01,0
CASSLDGGLTDTQYF,YHSIEWAI,A*68:01,0
CASSLDGGLTDTQYF,MLNIPSINV,B*35:08,0
CASSLDGGLTDTQYF,ILNAMITKI,A*02:01,0
CASSLDGPTQYF,KLWASPLHV,B*08:01,0
CASSLDGPTQYF,TAFTIPSI,B*35:01,0
CASSLDGPTQYF,QYIKWPWYI,A*24:02,0
CASSLDGPTQYF,FLYNPLTRV,A*02:01,0
CASSLDGPTQYF,FLYNLLTRV,A*03:01,0
CASSLDGPTQYF,SLLWMNPFV,B*27:09,0
CASSLDGPTQYF,EIQEFCPNT,B*51:01,0
CASSLDIEAFF,RLGPYLEFL,A*24:02,0
CASSLDIEAFF,VAANIVLTV,B*51:01,0
CASSLDIEAFF,EIQEFCPNT,A*01:01,0
CASSLDIEAFF,AEMEFCPCC,B*51:01,0
CASSLDLAGGFYEQYF,ILNVDVFTL,B*51:01,0
CASSLDLAGGFYEQYF,KLWASPLHV,B*15:01,0
CASSLDLAGGFYEQYF,NLNCCSVPV,B*35:08,0
CASSLDLAGGFYEQYF,ALSKGVHFV,A*02:01,0
CASSLDLAGGFYEQYF,YHSIEWAI,A*03:01,0
CASSLDLDSDGYTF,SLLMPILTL,B*37:01,0
CASSLDLDSDGYTF,GCQEICPAC,B*38:01,0
CASSLDLDSDGYTF,MMPFSIVYI,B*35:01,0
CASSLDLDSDGYTF,KTWGQYWQV,B*35:01,0
CASSLDLDSDGYTF,VSDGGPNLY,B*35:08,0
CASSLDLDWGQSYNEQFF,RLVPYLEFL,B*35:01,0
CASSLDLDWGQSYNEQFF,HPVGEADYFEY,A*11:01,0
CASSLDLDWGQSYNEQFF,VMPFSIVYIV,A*03:01,0
CASSLDLDWGQSYNEQFF,ITDQVPFSV,A*30:02,0
CASSLDLDWGQSYNEQFF,VYFLQSINF,B*35:01,0
CASSLDLDWGQSYNEQFF,LIIPFIHLI,B*57:01,0
CASSLDLDWGQSYNEQFF,ELAGIGILTV,A*03:01,0
CASSLDLDWGQSYNEQFF,LMFWASSSI,B*35:08,0
CASSLDLDWGQSYNEQFF,FEDLRLLSF,B*07:02,0
CASSLDRAIGVTYEQYF,TRLALIAPK,B*37:01,0
CASSLDRAIGVTYEQYF,RPIPIKYKAM,A*11:01,0
CASSLDRAIGVTYEQYF,ALSPVIPLI,B*51:01,0
CASSLDRAIGVTYEQYF,KAFSPEVIPMF,B*08:01,0
CASSLDRAIGVTYEQYF,SLLMPILTL,B*27:09,0
CASSLDRVTGELF,IMDQVPFSV,A*68:01,0
CASSLDRVTGELF,FMLYLLTLM,B*15:01,0
CASSLDRVTGELF,LLAILTYYV,B*07:02,0
CASSLDRVTGELF,LLAMTVPNV,B*07:02,0
CASSLDRVTGELF,GQFLTPNSH,A*03:01,0
CASSLDRVTGELF,NMIHFAPNV,A*24:02,0
CASSLDRVTGELF,IPSINVHHY,B*27:05,0
CASSLDSPPGVTEAFF,FLTVFSHFM,B*51:01,0
CASSLDSPPGVTEAFF,LLFGMPPCL,B*27:05,0
CASSLDSPPGVTEAFF,RPRGEVRFL,B*07:02,0
CASSLDSPPGVTEAFF,LLFGYPVYV,A*03:01,0
CASSLDSPPGVTEAFF,GQMWLLAPR,B*57:01,0
CASSLDSPPGVTEAFF,VAANIVLTV,B*08:01,0
CASSLDYNEQFF,LIIPFIHLI,B*35:01,0
CASSLDYNEQFF,RYRIGNYKL,B*51:01,0
CASSLDYNEQFF,NMIHFAPNV,A*11:01,0
CASSLDYNEQFF,CFVECAPVC,A*24:02,0
CASSLDYNEQFF,IVCPICSQK,A*11:01,0
CASSLDYNEQFF,KMVAVFYTT,A*24:02,0
CASSLEAAPGRYGYTF,KLLEIAPNC,B*27:09,0
CASSLEAAPGRYGYTF,VMPFSIVYIV,B*27:09,0
CASSLEAAPGRYGYTF,VYGIRLEHF,B*27:09,0
CASSLEAAPGRYGYTF,RPPIFIRRL,A*30:02,0
CASSLEAAPGRYGYTF,SPRWYFYYL,B*35:01,0
CASSLEAAPGRYGYTF,HTMLCMCCK,A*03:01,0
CASSLEAAPGRYGYTF,LLFGMTPCL,B*08:01,0
CASSLEAAPGRYGYTF,FTSDYYQLY,B*38:01,0
CASSLEDSANYGYTF,LLSIIFFPA,B*07:02,0
CASSLEDSANYGYTF,ALSPVIPLI,A*01:01,0
CASSLEDSANYGYTF,KLSALGINAV,B*15:01,0
CASSLEDSANYGYTF,ILNAMIAKI,B*57:01,0
CASSLEDSANYGYTF,LLFGMTPCL,B*37:01,0
CASSLEDSANYGYTF,NDMLVCANI,A*11:01,0
CASSLEDSANYGYTF,RPPIFIRRL,B*27:05,0
CASSLEDSANYGYTF,QYIKWPWYI,A*03:01,0
CASSLEDSANYGYTF,LLSIISFPA,B*37:01,0
CASSLEFGADTQYF,VYIGDPAQL,B*27:09,0
CASSLEFGADTQYF,ALSPVIPLI,B*07:02,0
CASSLEFGADTQYF,HPVGEADYFEY,A*03:01,0
CASSLEFGADTQYF,RFPLTFGWCF,B*08:01,0
CASSLEFGADTQYF,LMFWASSSI,B*27:09,0
CASSLEFGADTQYF,GQMWLLAPR,B*07:02,0
CASSLEFGADTQYF,GMGPLLATV,B*35:08,0
CASSLEFGADTQYF,THLMVLCCV,A*30:02,0
CASSLEGEKLFF,KRPIPIKYKAM,B*37:01,0
CASSLEGEKLFF,NLVPMVATV,B*57:01,0
CASSLEGEKLFF,KAFSPEVIPMF,A*30:02,0
CASSLEGTGLTDTQYF,LRVMMLAPF,A*03:01,0
CASSLEGTGLTDTQYF,VAANIVLTV,B*27:09,0
CASSLEGTGLTDTQYF,YVLTWIVGA,B*38:01,0
CASSLEGTGLTDTQYF,GILGFVFTL,B*57:01,0
CASSLEGTGLTDTQYF,LLFGYPVYV,B*57:01,0
CASSLEGTGLTDTQYF,VLFHRAFLV,A*01:01,0
CASSLEGYTEAFFGF,CTELKLSDY,B*57:01,0
CASSLEGYTEAFFGF,LLAILTYYV,A*30:02,0
CASSLEGYTEAFFGF,THLMVLCCV,B*37:01,0
CASSLEGYTEAFFGF,KMVAVFYNT,B*51:01,0
CASSLEPQDTQYF,ILTGLNYEA,A*11:01,0
CASSLEPQDTQYF,VSDGGPNLY,A*30:02,0
CASSLEPQDTQYF,KVKEVCPNV,A*68:01,0
CASSLEPQDTQYF,ALYGSVPVL,A*11:01,0
CASSLEPQDTQYF,LLWNGPMAV,B*08:01,0
CASSLEPQDTQYF,HTMLCMCCK,A*03:01,0
CASSLEPQDTQYF,RYRIGNYKL,B*35:08,0
CASSLEPQDTQYF,ILNVDIFTL,B*27:09,0
CASSLEPQDTQYF,KLVALGINAV,B*35:08,0
CASSLEPQDTQYF,ALSKGVHFV,A*24:02,0
CASSLEPQDTQYF,KLNTITPVV,A*02:01,0
CASSLEPQDTQYF,VLNYFKPYL,B*35:08,0
CASSLEQFLSGPAETQYF,NLFNRYPAL,B*57:01,0
CASSLEQFLSGPAETQYF,ALYGSVPVL,A*11:01,0
CASSLEQFLSGPAETQYF,RLVPYLEFL,A*30:02,0
CASSLEQFLSGPAETQYF,VVLSWAPPV,A*01:01,0
CASSLERGPYYEQYF,MMPFSIVYI,A*03:01,0
CASSLERGPYYEQYF,YVLTWIVGA,A*02:01,0
CASSLERGPYYEQYF,LLAILTYYV,A*30:02,0
CASSLERGPYYEQYF,QYDPVAALF,A*24:02,0
CASSLERGPYYEQYF,LLSIIFFPA,A*30:02,0
CASSLERGPYYEQYF,GKTELLAPF,B*27:09,0
CASSLERGPYYEQYF,RLQSLQTYV,A*11:01,0
CASSLERGPYYEQYF,LLAMTVPNV,A*24:02,0
CASSLERGPYYEQYF,RLGPYLEFL,B*15:01,0
CASSLERGPYYEQYF,VMPFSIVYI,B*07:02,0
CASSLERGPYYEQYF,CLGGLLTMV,A*02:01,0
CASSLERGPYYEQYF,QSRGDENRGW,A*02:01,0
CASSLESTANTEAFF,RYRIGNYKL,B*57:01,0
CASSLESTANTEAFF,KTFPPTEPK,B*08:01,0
CASSLESTANTEAFF,KMVTVCPNT,A*68:01,0
CASSLESTANTEAFF,MMPFSIVYI,B*27:05,0
CASSLESTANTEAFF,FLTVFSHFM,B*57:01,0
CASSLETGGWETQYF,FTSDYYQLY,A*11:01,0
CASSLETGGWETQYF,FLIYLDVSV,A*68:01,0
CASSLETGGWETQYF,KLSALGINAV,B*27:09,0
CASSLETGGWETQYF,ITDQVPFSV,B*37:01,0
CASSLETGGWETQYF,NYNYLYRLF,B*27:05,0
CASSLETGRNIQYF,ILNAMIAKI,A*01:01,0
CASSLETGRNIQYF,LLSIISFPA,B*35:01,0
CASSLETGRNIQYF,THLMVLCCV,B*51:01,0
CASSLETGRNIQYF,VYFLQSINF,A*11:01,0
CASSLETGRNIQYF,TSTLQEQIGW,B*57:01,0
CASSLETGRNIQYF,MTLHGFMMY,B*35:01,0
CASSLETGRNIQYF,IPSINVHHY,A*30:02,0
CASSLEVARLAGEGYEQYF,EIQEFCPNT,B*35:01,0
CASSLEVARLAGEGYEQYF,ALYGSVPVL,A*24:02,0
CASSLEVARLAGEGYEQYF,KVKEVCPNV,A*24:02,0
CASSLEVARLAGEGYEQYF,ILNVDIFTL,B*51:01,0
CASSLEVARLAGEGYEQYF,QYIKWPWYI,B*07:02,0
CASSLEVARLAGEGYEQYF,NMINFAPNI,A*02:01,0
CASSLEVLAGVYEQYF,YLQPRTFLL,B*57:01,0
CASSLEVLAGVYEQYF,HTMLCMCCK,B*37:01,0
CASSLFGGFTEAFFGF,QSRGDENRGW,B*15:01,0
CASSLFGGFTEAFFGF,FEDLRVSSF,A*03:01,0
CASSLFGGFTEAFFGF,AVGSYVYSV,A*02:01,0
CASSLFGGFTEAFFGF,GMGPLLATV,B*37:01,0
CASSLFGGFTEAFFGF,LIIPFIHLI,B*27:05,0
CASSLFNQETQYF,RYRIGNYKL,A*68:01,0
CASSLFNQETQYF,LVLEVDPNI,B*35:08,0
CASSLFNQETQYF,GILGFVFTL,B*08:01,0
CASSLFPGGNTGELFFGF,VVLSWAPPV,B*08:01,0
CASSLFPGGNTGELFFGF,FLTVFSHFM,B*37:01,0
CASSLFPGGNTGELFFGF,MIISHLYLI,A*01:01,0
CASSLFPGGNTGELFFGF,CFLLILPNC,A*11:01,0
CASSLFPGGNTGELFFGF,NDMLVCANI,B*15:01,0
CASSLFPGGNTGELFFGF,LLFALHFSA,B*27:09,0
CASSLFVGGPGNEQF,MLNIPSINV,B*35:08,0
CASSLFVGGPGNEQF,MLYQHLLPL,A*68:01,0
CASSLFVGGPGNEQF,LIIPFIHLI,B*35:01,0
CASSLFVGGPGNEQF,IVCPICSQK,B*51:01,0
CASSLFVGGPGNEQF,ALYGSVPVL,A*24:02,0
CASSLGAEQYF,LPRWYFYYL,A*11:01,0
CASSLGAEQYF,RLVPYLEFL,B*15:01,0
CASSLGAEQYF,VLFHRAFLV,A*03:01,0
CASSLGAEQYF,RFPLTFGWCF,B*27:09,0
CASSLGAEQYF,LRVMMLAPF,B*15:01,0
CASSLGAEQYF,FLTVFSHFM,B*51:01,0
CASSLGAEQYF,ALSPVIPLI,A*03:01,0
CASSLGAEQYF,RYPLTFGWCF,B*27:09,0
CASSLGAEQYF,VMHANYIFW,B*07:02,0
CASSLGAGSYEQYF,CFLLILPNC,B*37:01,0
CASSLGAGSYEQYF,CTELKLNDY,B*37:01,0
CASSLGAGSYEQYF,MLNIPSINV,A*24:02,0
CASSLGAGSYEQYF,GKTELLAPF,B*27:09,0
CASSLGAGSYEQYF,VYGIRLEHF,B*27:05,0
CASSLGAGSYEQYF,TTDPSFLGRY,B*27:09,0
CASSLGAGSYEQYF,IPSINVHHY,B*08:01,0
CASSLGAGSYEQYF,KTFPPTEPK,B*38:01,0
CASSLGDRGPQPQHF,VVMSWAPPV,A*11:01,0
CASSLGDRGPQPQHF,CLGGLLTMV,B*15:01,0
CASSLGDRGPQPQHF,NYNYLYRLF,B*35:01,0
CASSLGETIYGYTF,EAAGIGILTV,A*01:01,0
CASSLGFGYEQFF,LLFGMPPCL,A*01:01,0
CASSLGFGYEQFF,ILTGLNYEV,B*51:01,0
CASSLGFGYEQFF,SVYGDTLEK,B*35:08,0
CASSLGFGYEQFF,VLNYFEPYL,A*11:01,0
CASSLGFGYEQFF,RTMEVCYNT,B*15:01,0
CASSLGFGYEQFF,LLFALHFSA,B*27:09,0
CASSLGFGYEQFF,HTMLCMCCK,B*15:01,0
CASSLGFGYEQFF,VLNYFKPYL,A*30:02,0
CASSLGFGYEQFF,SLAPLSPRV,B*07:02,0
CASSLGFGYEQFF,LPRWYFYYL,B*07:02,0
CASSLGFGYEQFF,TTDPSFLGRY,B*15:01,0
CASSLGFGYEQFF,MMPFSIVYI,A*01:01,0
CASSLGFGYEQFF,FTSDYYQLY,B*51:01,0
CASSLGFGYEQFF,ILNAMITKI,B*35:01,0
CASSLGGAAYNEQF,YHSIEWAI,A*11:01,0
CASSLGGAAYNEQF,GQVMVVAPR,B*37:01,0
CASSLGGAAYNEQF,KLNTITPVV,B*37:01,0
CASSLGGAGSQPQHF,EIQEFCPNT,B*51:01,0
CASSLGGAGSQPQHF,RYPLTFGW,A*01:01,0
CASSLGGAGSQPQHF,SLLMWITQA,B*57:01,0
CASSLGGAGSQPQHF,NLNCCSVPV,A*11:01,0
CASSLGGAGSQPQHF,KVKEVCPNV,A*24:02,0
CASSLGGAGSQPQHF,VLNYFKPYL,B*07:02,0
CASSLGGAPYNEQF,QYIKWPWYI,A*11:01,0
CASSLGGAPYNEQF,GKTELLAPF,A*68:01,0
CASSLGGAPYNEQF,VMPFSIVYI,A*02:01,0
CASSLGGDEQYF,FLYNPLTRV,B*15:01,0
CASSLGGDEQYF,VMPFSIVYI,B*27:05,0
CASSLGGDEQYF,ALYGSVPVL,A*03:01,0
CASSLGGDEQYF,CFLLILPNC,B*51:01,0
CASSLGGGADEQFF,MIISHLYLI,A*30:02,0
CASSLGGGADEQFF,ELAGIGILTV,B*37:01,0
CASSLGGGADEQFF,KTWGQYWQV,B*57:01,0
CASSLGGGADEQFF,LLFGYPVYV,B*27:09,0
CASSLGGGADEQFF,VVLSWAPPV,A*02:01,0
CASSLGGGADEQFF,SLLMWITQA,B*07:02,0
CASSLGGGADEQFF,IVCPICSQK,B*38:01,0
CASSLGGGADEQFF,GMGPLLATV,A*68:01,0
CASSLGGGAYEQYF,RYPLTFGWCF,A*68:01,0
CASSLGGGAYEQYF,FEDLRVLSF,A*03:01,0
CASSLGGGAYEQYF,TSTLQEQIGW,A*68:01,0
CASSLGGGAYEQYF,SLLWMNPFV,A*02:01,0
CASSLGGGAYEQYF,YLEPGPVTA,A*03:01,0
CASSLGGGEGGSSYEQYF,RYPLTFGW,B*57:01,0
CASSLGGGEGGSSYEQYF,SLAPLSPRA,B*27:05,0
CASSLGGGEGGSSYEQYF,LLFGYPVYV,A*24:02,0
CASSLGGGEGGSSYEQYF,TRLALIAPK,B*08:01,0
CASSLGGGEGGSSYEQYF,LLFGMPPCL,B*35:01,0
CASSLGGGEGGSSYEQYF,EAAGIGILTV,B*35:08,0
CASSLGGGELFF,KLVALGINAV,B*51:01,0
CASSLGGGELFF,MIISHLYLI,B*15:01,0
CASSLGGGELFF,LPRWYFYYL,A*30:02,0
CASSLGGGELFF,QYDPVAALF,A*68:01,0
CASSLGGIGSTGNQPQHF,ALYGFVPVL,A*01:01,0
CASSLGGIGSTGNQPQHF,LVLEVDPNI,B*51:01,0
CASSLGGIGSTGNQPQHF,GCQEICPAC,A*11:01,0
CASSLGGIGSTGNQPQHF,SPRWYFYYL,A*11:01,0
CASSLGGIGSTGNQPQHF,GQMWLLAPR,B*08:01,0
CASSLGGIGSTGNQPQHF,KTWGQYWQV,B*27:05,0
CASSLGGIGSTGNQPQHF,SLAPLSPRV,B*07:02,0
CASSLGGIGSTGNQPQHF,VLNYFEPYL,A*68:01,0
CASSLGGIPVNEQFF,GILGFVFTL,B*08:01,0
CASSLGGIPVNEQFF,ALSPVIPLI,B*35:08,0
CASSLGGIPVNEQFF,SLAPLSPRA,A*02:01,0
CASSLGGIPVNEQFF,IVCPICSQK,B*57:01,0
CASSLGGIPVNEQFF,NLFNRYPAL,B*51:01,0
CASSLGGIPVNEQFF,NLFNRYPAL,B*35:01,0
CASSLGGIPVNEQFF,VAANIVLTV,B*15:01,0
CASSLGGIPVNEQFF,GKTELLAPF,A*01:01,0
CASSLGGLGQPQHF,SPRWYFYYL,B*15:01,0
CASSLGGLGQPQHF,DATYQRTRALVR,B*08:01,0
CASSLGGLGQPQHF,KMVTVCPNT,B*27:05,0
CASSLGGLGQPQHF,SVYGDTLEK,A*01:01,0
CASSLGGLGQPQHF,GILGFVFTL,A*02:01,0
CASSLGGLVYNEQFF,VYFLQSINF,A*24:02,0
CASSLGGLVYNEQFF,LIIPFIHLI,B*57:01,0
CASSLGGLVYNEQFF,RPRGEVRFL,A*68:01,0
CASSLGGLVYNEQFF,NDMLVCANI,B*27:09,0
CASSLGGLVYNEQFF,RFPLTFGWCF,A*11:01,0
CASSLGGPAEQYF,KVKEVCPNV,B*51:01,0
CASSLGGPAEQYF,KRPIPIKYKAM,A*68:01,0
CASSLGGPAEQYF,KMVTVCPNT,B*37:01,0
CASSLGGPAEQYF,LLAGTLAGV,A*03:01,0
CASSLGGPGAFF,MLYQHLLPL,A*68:01,0
CASSLGGPGAFF,YVLDHLIVV,B*27:09,0
CASSLGGPGAFF,ELAGIGILTV,B*57:01,0
CASSLGGPGAFF,LMFWASSSI,A*11:01,0
CASSLGGQGAYEQYF,LLSIISFPA,B*35:08,0
CASSLGGQGAYEQYF,KLSALGINAV,B*51:01,0
CASSLGGQGAYEQYF,RQLLFVVEV,B*37:01,0
CASSLGGQGAYEQYF,VLNYFKPYL,A*02:01,0
CASSLGGQGAYEQYF,EAAGIGILTV,A*30:02,0
CASSLGGQGAYEQYF,FLIYLDVSV,B*57:01,0
CASSLGGQGAYEQYF,YVLTWIVGA,B*07:02,0
CASSLGGQGAYEQYF,RQLLFVVEV,B*27:09,0
CASSLGGSYTF,VLFHRAFLV,B*07:02,0
CASSLGGSYTF,LLSIISFPA,A*03:01,0
CASSLGGSYTF,SLLWMNPFV,B*35:01,0
CASSLGGSYTF,VYGIRLEHF,A*11:01,0
CASSLGGSYTF,FEDLRLLSF,B*07:02,0
CASSLGGSYTF,MTLHGFMMY,B*15:01,0
CASSLGGSYTF,FLYNPLTRV,B*35:08,0
CASSLGGSYTF,LLAGTLAVV,A*30:02,0
CASSLGGSYTF,NLNCCSVPV,B*27:05,0
CASSLGGSYTF,NMINFAPNI,A*02:01,0
CASSLGGTEAFF,NLVPMVATV,B*07:02,0
CASSLGGTEAFF,ILTGLNYEV,A*24:02,0
CASSLGGTEAFF,QYIKWPWYI,A*11:01,0
CASSLGGTEAFF,VYIGDPAQL,B*35:08,0
CASSLGGTEAFF,KLWASPLHV,B*51:01,0
CASSLGHFEGNQPQHF,MLYQHLLPL,A*02:01,0
CASSLGHFEGNQPQHF,LMFWASSSI,A*03:01,0
CASSLGHFEGNQPQHF,ILNVDIFTL,B*08:01,0
CASSLGHFEGNQPQHF,GCQEICPAC,B*08:01,0
CASSLGHFEGNQPQHF,VMPFSIVYI,B*38:01,0
CASSLGHFEGNQPQHF,VLNYFKPYL,B*08:01,0
CASSLGHFEGNQPQHF,SLAPLSPRA,A*01:01,0
CASSLGHFEGNQPQHF,NMINFAPNI,A*03:01,0
CASSLGIYGYTF,HPVGEADYFEY,B*27:05,0
CASSLGIYGYTF,YVLDHLIVV,A*68:01,0
CASSLGIYGYTF,KLWASPLHV,B*35:08,0
CASSLGIYGYTF,ALYGSVPVL,A*68:01,0
CASSLGIYGYTF,GQVMVVAPR,A*11:01,0
CASSLGLADPNNEQFF,KLLEIAPNC,A*02:01,0
CASSLGLADPNNEQFF,FEDLRLLSF,A*30:02,0
CASSLGLADPNNEQFF,RPPIFIRRL,B*35:08,0
CASSLGLADPNNEQFF,VLNYFEPYL,A*24:02,0
CASSLGLADPNNEQFF,DATYQRTRALVR,A*01:01,0
CASSLGLADPNNEQFF,LLWNGPMAV,B*51:01,0
CASSLGLADPNNEQFF,VMPFSIVYI,B*07:02,0
CASSLGLADPNNEQFF,RYPLTFGW,B*51:01,0
CASSLGLADPNNEQFF,RPPIFIRRL,B*37:01,0
CASSLGLAGDNEQFF,RLVPYLEFL,B*38:01,0
CASSLGLAGDNEQFF,NLNCCSVPV,B*35:08,0
CASSLGLAGDNEQFF,GILGFVFTL,A*68:01,0
CASSLGLAGDNEQFF,MMPFSIVYI,B*38:01,0
CASSLGLAGDNEQFF,QSRGDENRGW,B*57:01,0
CASSLGLAGDNEQFF,SPRWYFYYL,A*01:01,0
CASSLGLAGDNEQFF,LLFALYFSA,B*35:08,0
CASSLGNGGWAEAFF,TAFTIPSI,B*15:01,0
CASSLGNGGWAEAFF,RPRGEVRFL,B*15:01,0
CASSLGNGGWAEAFF,VYFLQSINF,A*03:01,0
CASSLGNGGWAEAFF,FLRGRAYGL,B*15:01,0
CASSLGNTEAFF,YLQPRTFLL,B*37:01,0
CASSLGNTEAFF,ILNVDIFTL,B*27:05,0
CASSLGNTEAFF,FMLYLLTLM,B*35:01,0
CASSLGNTEAFF,CLGGLLTMV,B*57:01,0
CASSLGNTEAFF,TRLALIAPK,A*30:02,0
CASSLGPAYNEQFF,RPRGEVRFL,B*51:01,0
CASSLGPGKSSKTQYF,KMVAVFYNT,B*07:02,0
CASSLGPGKSSKTQYF,LLFGMTPCL,A*24:02,0
CASSLGPGKSSKTQYF,TTDPSFLGRY,B*07:02,0
CASSLGPGKSSKTQYF,FLRGRAYGL,A*30:02,0
CASSLGPGKSSKTQYF,GILGFVFTL,B*57:01,0
CASSLGPMEENIQYF,FTSDYYQLY,B*51:01,0
CASSLGPMEENIQYF,SLAPLSPRA,A*11:01,0
CASSLGPMEENIQYF,LIIPFIHLI,A*68:01,0
CASSLGPMEENIQYF,RLVPYLEFL,A*11:01,0
CASSLGPMEENIQYF,NLFNRYPAL,A*02:01,0
CASSLGPMEENIQYF,FLRGRAYGL,B*38:01,0
CASSLGPMEENIQYF,KLLEIAPNC,B*35:01,0
CASSLGPMEENIQYF,VYIGDPAQL,B*37:01,0
CASSLGPMEENIQYF,MIISHLYLI,A*02:01,0
CASSLGPMEENIQYF,TTDPSFLGRY,B*27:09,0
CASSLGPNSPLHF,CFLLILPNC,A*24:02,0
CASSLGPNSPLHF,GQVMVVAPR,B*38:01,0
CASSLGPNSPLHF,VVLSWAPPV,B*35:08,0
CASSLGPNSPLHF,VVLSWAPPV,A*01:01,0
CASSLGPSLYEQYF,LMFWASSSI,B*07:02,0
CASSLGPSLYEQYF,NMINFAPNI,A*24:02,0
CASSLGPSLYEQYF,RYRIGNYKL,A*30:02,0
CASSLGPSLYEQYF,KLNTITPVV,A*02:01,0
CASSLGPTTYKSSYEQYF,LRVMMLAPF,B*27:09,0
CASSLGPTTYKSSYEQYF,RQLLFVVEV,B*57:01,0
CASSLGPTTYKSSYEQYF,CFVECAPVC,B*57:01,0
CASSLGPTTYKSSYEQYF,KVKEVCPNV,A*11:01,0
CASSLGPYEQYF,LPRWYFYYL,B*35:08,0
CASSLGPYEQYF,LLAGTLAVV,A*11:01,0
CASSLGPYEQYF,VLNYFEPYL,B*35:08,0
CASSLGPYEQYF,GKTELLAPF,B*51:01,0
CASSLGPYEQYF,NYNYLYRLF,A*68:01,0
CASSLGPYEQYF,NYNYLYRLF,B*07:02,0
CASSLGPYEQYF,SPRWYFYYL,A*68:01,0
CASSLGPYEQYF,ALSPVIPLI,B*37:01,0
CASSLGPYEQYF,RYPLTFGW,A*24:02,0
CASSLGPYEQYF,LLSIISFPA,B*57:01,0
CASSLGQFNTEAF,CTELKLNDY,A*01:01,0
CASSLGQFNTEAF,RPRGEVRFL,B*27:05,0
CASSLGQFNTEAF,HTMLCMCCK,B*57:01,0
CASSLGQFNTEAF,ILNAMITKI,B*37:01,0
CASSLGQFNTEAF,NDMLVCANI,B*27:05,0
CASSLGQFNTEAF,VLNYFEPYL,B*37:01,0
CASSLGQGASIEQYF,VLFGLGFAI,B*38:01,0
CASSLGQGASIEQYF,HTMLCMCCK,B*08:01,0
CASSLGQGASIEQYF,TRLALIAPK,B*35:08,0
CASSLGQGASIEQYF,EIQEFCPNT,A*02:01,0
CASSLGQGASIEQYF,FEDLRVLSF,B*35:08,0
CASSLGQGASIEQYF,TSTLQEQIGW,A*30:02,0
CASSLGQGRVEQYF,ALSPVIPHI,B*35:01,0
CASSLGQGRVEQYF,LIIPFIHLI,B*38:01,0
CASSLGQGRVEQYF,LPRWYFYYL,A*24:02,0
CASSLGQGRVEQYF,LVLEVDPNI,B*27:09,0
CASSLGQGTYEQYF,FTSDYYQLY,A*24:02,0
CASSLGQGTYEQYF,VYIGDPAQL,A*24:02,0
CASSLGQGTYEQYF,VYGIRLEHF,A*68:01,0
CASSLGQGTYEQYF,RLQSLQTYV,A*03:01,0
CASSLGQGTYEQYF,GKTELLAPF,B*57:01,0
CASSLGQGTYEQYF,EIQEFCPNT,B*08:01,0
CASSLGQGWETQYF,THLMVLCCV,A*01:01,0
CASSLGQGWETQYF,NLFNRYPAL,A*68:01,0
CASSLGQGWETQYF,LLFGMTPCL,B*37:01,0
CASSLGQGWETQYF,YVLDHLIVV,B*07:02,0
CASSLGQTVTQETQYF,LLAGTLAGV,B*15:01,0
CASSLGQTVTQETQYF,LLAILTYYV,A*01:01,0
CASSLGQTVTQETQYF,LLAGTLAVV,A*30:02,0
CASSLGQTVTQETQYF,AVGSYVYSV,A*68:01,0
CASSLGQTVTQETQYF,YLEPGPVTA,A*03:01,0
CASSLGRGNSPLHF,SLLMWITQA,B*37:01,0
CASSLGRGNSPLHF,RTMEVCYNT,B*35:01,0
CASSLGRGNSPLHF,AEMEFCPCC,B*08:01,0
CASSLGRGNSPLHF,ILNVDIFTL,B*08:01,0
CASSLGRGNSPLHF,RYPLTFGW,A*30:02,0
CASSLGRGNSPLHF,FTSDYYQLY,A*68:01,0
CASSLGRGNSPLHF,FEDLRLLSF,B*27:09,0
CASSLGRGNSPLHF,RPIPIKYKAM,A*02:01,0
CASSLGRGNSPLHF,NLNCCSVPV,A*11:01,0
CASSLGRGVQFF,KTFPPTEPK,B*27:05,0
CASSLGRGVQFF,KMVTVCPNT,A*24:02,0
CASSLGRGVQFF,LPRWYFYYL,B*27:05,0
CASSLGSGTQYF,KMVAVFYNT,B*07:02,0
CASSLGSGTQYF,NMINFAPNI,A*24:02,0
CASSLGSGTQYF,KLLEIAPNC,B*51:01,0
CASSLGSGTQYF,SLLWMNPFV,B*35:08,0
CASSLGSGTQYF,LLFGMTPCL,B*51:01,0
CASSLGSGTQYF,LLAMTVPNV,B*07:02,0
CASSLGSGTQYF,NMINFAPNI,B*51:01,0
CASSLGTAITDTQYF,ITDQVPFSV,B*57:01,0
CASSLGTAITDTQYF,KLSALGINAV,B*57:01,0
CASSLGTAITDTQYF,VAANIVLTV,A*30:02,0
CASSLGTAITDTQYF,RPPIFIRRL,A*11:01,0
CASSLGTAITDTQYF,KLNTITPVV,B*37:01,0
CASSLGTAITDTQYF,GQMWLLAPR,A*11:01,0
CASSLGTGVTEIF,MMPFSIVYI,B*08:01,0
CASSLGTGVTEIF,GKTELLAPF,B*51:01,0
CASSLGTGVTEIF,YVLDHLIVV,B*27:05,0
CASSLGTGVTEIF,ILNAMIAKI,B*27:05,0
CASSLGTGVTEIF,RLGPYLEFL,B*27:05,0
CASSLGTGVTEIF,ILNVDVFTL,B*27:09,0
CASSLGTGVTEIF,VSDGGPNLY,B*57:01,0
CASSLGTLNEQFF,VYIGDPAQL,A*68:01,0
CASSLGTLNEQFF,KTWGQYWQV,B*51:01,0
CASSLGTLNEQFF,YLQPRTFLL,A*68:01,0
CASSLGTLNEQFF,KTWGQYWQV,B*27:09,0
CASSLGTLNEQFF,YVLDHLIVV,B*35:08,0
CASSLGTLNEQFF,LLAILTYYV,B*08:01,0
CASSLGTLNEQFF,AVGSYVYSV,B*07:02,0
CASSLGTLNEQFF,RPIPIKYKAM,A*11:01,0
CASSLGTLNEQFF,KTWGQYWQV,A*02:01,0
CASSLGTPTEAFF,LLFGMTPCL,A*01:01,0
CASSLGTPTEAFF,ILNAMIAKI,B*35:08,0
CASSLGTPTEAFF,RPPIFIRRL,B*38:01,0
CASSLGTSSTDTQYF,TSTLQEQIGW,B*35:01,0
CASSLGTSSTDTQYF,VYIGDPAQL,B*27:05,0
CASSLGTSSTDTQYF,LLFGMPPCL,B*35:01,0
CASSLGTSSTDTQYF,ALYGFVPVL,B*27:05,0
CASSLGTSSTDTQYF,MIISHLYLI,B*27:09,0
CASSLGVFTGAGNQPQHF,KMVAVFYNT,B*57:01,0
CASSLGVFTGAGNQPQHF,ALSPVIPHI,B*07:02,0
CASSLGVFTGAGNQPQHF,KLLEIAPNC,A*01:01,0
CASSLGVFTGAGNQPQHF,YLEPGPVTA,A*68:01,0
CASSLGVFTGAGNQPQHF,KLNTITPVV,B*27:05,0
CASSLGVFTGAGNQPQHF,VMPFSIVYI,A*24:02,0
CASSLGVFTGAGNQPQHF,NLNCCSVPV,A*01:01,0
CASSLGVGTEAFF,GCQEICPAC,A*01:01,0
CASSLGVGTEAFF,MMPFSIVYI,B*35:08,0
CASSLGVGTEAFF,LLFGYPVYV,A*02:01,0
CASSLGVGTEAFF,FEDLRLLSF,A*03:01,0
CASSLIDSPYEQYF,NDMLVCANI,B*38:01,0
CASSLIDSPYEQYF,HTMLCMCCK,A*30:02,0
CASSLIDSPYEQYF,SVYGDTLEK,A*30:02,0
CASSLIDSPYEQYF,QYIKWPWYI,A*68:01,0
CASSLIDTGELFF,ILTGLNYEA,B*37:01,0
CASSLIDTGELFF,RFPLTFGWCF,A*03:01,0
CASSLIDTGELFF,VMHANYIFW,A*30:02,0
CASSLIEGLSEQYF,VYGIRLEHF,B*08:01,0
CASSLIEGLSEQYF,EAAGIGILTV,A*68:01,0
CASSLIEGLSEQYF,TTDPSFLGRY,B*38:01,0
CASSLIEGLSEQYF,RQLLFVVEV,B*27:05,0
CASSLIGGAQNIQYF,TAFTIPSI,A*68:01,0
CASSLIGGAQNIQYF,NYNYLYRLF,B*27:09,0
CASSLIGGAQNIQYF,ALYGSVPVL,B*27:09,0
CASSLIGGAQNIQYF,YHSIEWAI,B*27:05,0
CASSLIGGAQNIQYF,KAFSPEVIPMF,A*03:01,0
CASSLIGGAQNIQYF,RLVPYLEFL,A*02:01,0
CASSLILDSPLHF,LIIPFIHLI,B*57:01,0
CASSLILDSPLHF,TRLALIAPK,A*03:01,0
CASSLILDSPLHF,FEDLRVLSF,A*24:02,0
CASSLILDSPLHF,RYPLTFGWCF,B*35:01,0
CASSLILDSPLHF,VYIGDPAQL,B*57:01,0
CASSLILDSPLHF,FEDLRVLSF,B*35:01,0
CASSLIQGAVDTQYF,RYRIGNYKL,A*02:01,0
CASSLIQGAVDTQYF,KAFSPEVIPMF,B*15:01,0
CASSLIQGAVDTQYF,NMINFAPNI,A*01:01,0
CASSLIQGAVDTQYF,KLSALGINAV,B*38:01,0
CASSLISEATGLEAFF,SPRWYFYYL,B*27:09,0
CASSLISEATGLEAFF,HPVGEADYFEY,B*07:02,0
CASSLISEATGLEAFF,LLAGTLAGV,B*37:01,0
CASSLISEATGLEAFF,QYDPVAALF,A*02:01,0
CASSLISEATGLEAFF,QKRPIPIKYKAM,B*35:08,0
CASSLISRTQYF,SLAPLSPRA,A*68:01,0
CASSLISRTQYF,LLAGTLAVV,B*51:01,0
CASSLISRTQYF,RYPLTFGW,B*07:02,0
CASSLISRTQYF,LLAMTVPNV,B*57:01,0
CASSLISRTQYF,LMFWASSSI,B*35:08,0
CASSLISRTQYF,IMDQVPFSV,B*27:09,0
CASSLITGGAKNIQYF,KLNTITPVV,B*08:01,0
CASSLITGGAKNIQYF,YVLTWIVGA,A*01:01,0
CASSLITGGAKNIQYF,MLNIPSINV,B*15:01,0
CASSLITGGAKNIQYF,LLFALYFSA,A*02:01,0
CASSLITGGAKNIQYF,KVKEVCPNV,B*27:09,0
CASSLITGGAKNIQYF,ALYGSVPVL,B*27:09,0
CASSLKTGGSTEAFF,TRLALIAPK,B*08:01,0
CASSLLAGYNEQFF,TAFTIPSI,B*35:08,0
CASSLLAGYNEQFF,QYDPVAALF,A*24:02,0
CASSLLAGYNEQFF,TSTLQEQIGW,A*02:01,0
CASSLLAGYNEQFF,CTELKLNDY,A*01:01,0
CASSLLAGYNEQFF,CTELKLSDY,B*08:01,0
CASSLLGNTEAFF,ILTGLNYEV,B*57:01,0
CASSLLGNTEAFF,LLAMTVPNV,A*03:01,0
CASSLLGNTEAFF,RFPLTFGWCF,B*38:01,0
CASSLLGNTEAFF,RQLLFVVEV,A*11:01,0
CASSLLGNTEAFF,KMVAVFYTT,B*37:01,0
CASSLLGNTEAFF,MMPFSIVYI,A*03:01,0
CASSLLGQSTNEKLFF,KMVTVCPNT,B*35:08,0
CASSLLGQSTNEKLFF,VYGIRLEHF,B*27:09,0
CASSLLKGTLHF,LLAILTYYV,B*57:01,0
CASSLLKGTLHF,VMPFSIVYIV,B*35:08,0
CASSLLKGTLHF,SLLMWITQC,A*11:01,0
CASSLLKGTLHF,LMFWASSSI,B*35:08,0
CASSLLKGTLHF,ILNAMITKI,A*24:02,0
CASSLLKGTLHF,CTELKLSDY,B*08:01,0
CASSLLKGTLHF,ELAGIGILTV,B*38:01,0
CASSLLKGTLHF,QYIKWPWYI,A*02:01,0
CASSLLKGTLHF,VYIGDPAQL,B*15:01,0
CASSLLLSREQFF,VLFGLGFAI,A*02:01,0
CASSLLLSREQFF,KTFPPTEPK,A*03:01,0
CASSLLLSREQFF,VLFGLGFAI,A*01:01,0
CASSLLLSREQFF,GCQEICPAC,A*68:01,0
CASSLLLSREQFF,FLRGRAYGL,B*27:05,0
CASSLLVEQF,KLLEIAPNC,B*35:01,0
CASSLLVEQF,LLFALYFSA,B*38:01,0
CASSLLVEQF,KAFSPEVIPMF,A*11:01,0
CASSLLVEQF,SLLMWITQA,B*07:02,0
CASSLLVEQF,VMPFSIVYIV,A*68:01,0
CASSLLWRNNEQFF,GQVMVVAPR,B*57:01,0
CASSLLWRNNEQFF,QYIKWPWYI,A*02:01,0
CASSLLWRNNEQFF,SLLMPILTL,A*02:01,0
CASSLLWRNNEQFF,RLPGVLPRA,A*03:01,0
CASSLLWRNNEQFF,FLTVFSHFM,B*27:09,0
CASSLLWRNNEQFF,ELAGIGILTV,B*07:02,0
CASSLMGAEAFF,FLYNPLTRV,A*02:01,0
CASSLMGAEAFF,LRVMMLAPF,B*07:02,0
CASSLMGAEAFF,ALSPVIPLI,B*27:09,0
CASSLMGAEAFF,SLLWMNPFV,A*11:01,0
CASSLMGAEAFF,KRPIPIKYKAM,B*15:01,0
CASSLMGAEAFF,VLNYFKPYL,A*01:01,0
CASSLMGAEAFF,KRPIPIKYKAM,A*30:02,0
CASSLMGAEAFF,LMFWASSSI,B*35:01,0
CASSLNREGNTEAFF,MTLHGFMMY,A*01:01,0
CASSLNREGNTEAFF,MLNIPSINV,B*57:01,0
CASSLNREGNTEAFF,LLAMTVPNV,B*37:01,0
CASSLNREGNTEAFF,VVMSWAPPV,A*02:01,0
CASSLNREGNTEAFF,SLLWMNPFV,A*02:01,0
CASSLNREGNTEAFF,TAFTIPSI,B*27:09,0
CASSLNREGNTEAFF,RYPLTFGW,A*03:01,0
CASSLNRGLNTGELFF,ALYGFVPVL,A*03:01,0
CASSLNRGLNTGELFF,ALYGFVPVL,B*27:09,0
CASSLNRGLNTGELFF,LLSIIFFPA,A*24:02,0
CASSLNRGLNTGELFF,SLLMPILTL,B*38:01,0
CASSLNRGLNTGELFF,LLSIISFPA,B*15:01,0
CASSLPDNNEQFF,LRVMMLAPF,B*07:02,0
CASSLPDNNEQFF,KRPIPIKYKAM,A*11:01,0
CASSLPGAGHIQYF,LVLEVDPNI,A*01:01,0
CASSLPGAGHIQYF,FEDLRVSSF,A*02:01,0
CASSLPGAGHIQYF,LLFALHFSA,A*68:01,0
CASSLPGAGHIQYF,RLVPYLEFL,A*11:01,0
CASSLPGAGHIQYF,TRLALIAPK,A*03:01,0
CASSLPGAGHIQYF,NLVPMVATV,B*38:01,0
CASSLPGAGHIQYF,SPRWYFYYL,A*30:02,0
CASSLPGAGHIQYF,KRPIPIKYKAM,B*27:09,0
CASSLPGAGHIQYF,MLYQHLLPL,B*15:01,0
CASSLPGAGHIQYF,LLWNGPMAV,B*35:08,0
CASSLPGAGHIQYF,GILGFVFTL,B*35:08,0
CASSLPGANVLTF,CFLLILPNC,A*24:02,0
CASSLPGANVLTF,CTELKLSDY,B*15:01,0
CASSLPGANVLTF,DATYQRTRALVR,A*03:01,0
CASSLPGANVLTF,CFVECAPVC,B*57:01,0
CASSLPGANVLTF,LLSIISFPA,A*68:01,0
CASSLPGANVLTF,FEDLRLLSF,B*35:01,0
CASSLPGANVLTF,TAFTIPSI,A*68:01,0
CASSLPGGPRETQYF,LLFGMTPCL,A*03:01,0
CASSLPGGPRETQYF,NLVPMVATV,B*57:01,0
CASSLPGGPRETQYF,RLGPYLEFL,B*37:01,0
CASSLPGGPRETQYF,SLLMWITQA,B*08:01,0
CASSLPGGPRETQYF,TSTLQEQIGW,B*35:01,0
CASSLPGGPRETQYF,QSRGDENRGW,B*15:01,0
CASSLPGGPRETQYF,QSRGDENRGW,B*07:02,0
CASSLPGGPRETQYF,CTELKLSDY,A*03:01,0
CASSLPLAGARAYEQYF,SLLMWITQA,B*57:01,0
CASSLPLAGARAYEQYF,LLFALYFSA,B*27:05,0
CASSLPLAGARAYEQYF,QSRGDENRGW,B*35:01,0
CASSLPLAGARAYEQYF,RLPGVLPRA,B*38:01,0
CASSLPLAGARAYEQYF,QKRPIPIKYKAM,A*11:01,0
CASSLPPADMRDTQYF,VVLSWAPPV,B*07:02,0
CASSLPRGYGYTF,LRVMMLAPF,A*68:01,0
CASSLPRGYGYTF,FTSDYYQLY,B*27:05,0
CASSLPRGYGYTF,SLAPLSPRV,B*27:09,0
CASSLPRGYGYTF,KTWGQYWQV,A*03:01,0
CASSLPRGYGYTF,MLYQHLLPL,B*35:01,0
CASSLPRGYGYTF,VLFGLGFAI,B*07:02,0
CASSLPRGYGYTF,QSRGDENRGW,A*02:01,0
CASSLPRGYGYTF,NLNCCSVPV,B*27:05,0
CASSLPRGYGYTF,YVLTWIVGA,A*24:02,0
CASSLQASGRETQYF,TAFTIPSI,B*38:01,0
CASSLQASGRETQYF,VAANIVLTV,A*24:02,0
CASSLQASGRETQYF,FTSDYYQLY,A*01:01,0
CASSLQASGRETQYF,GILGFVFTL,B*35:01,0
CASSLQASGRETQYF,QKRPIPIKYKAM,A*02:01,0
CASSLQASGRETQYF,IVCPICSQK,B*38:01,0
CASSLQASGRETQYF,CTELKLNDY,B*35:08,0
CASSLQGGYGGGYTF,TRLALIAPK,B*07:02,0
CASSLQGGYGGGYTF,RLQSLQTYV,B*07:02,0
CASSLQGGYGGGYTF,LRVMMLAPF,B*35:01,0
CASSLQGGYGGGYTF,LLFGYPVYV,A*01:01,0
CASSLQGGYGGGYTF,DATYQRTRALVR,B*27:05,0
CASSLQGGYGGGYTF,VLNYFEPYL,B*27:09,0
CASSLQGGYGGGYTF,CFVECAPVC,A*11:01,0
CASSLQNTGELFF,ILNVDVFTL,A*01:01,0
CASSLQNTGELFF,VYFLQSINF,B*15:01,0
CASSLQNTGELFF,VLNYFEPYL,B*38:01,0
CASSLQNTGELFF,LLAGTLAVV,A*02:01,0
CASSLQNTGELFF,FMLYLLTLM,A*68:01,0
CASSLRDSSYEQYF,KVKEVCPNV,A*02:01,0
CASSLRDSSYEQYF,FLRGRAYGL,B*08:01,0
CASSLRDSSYEQYF,LLFGMTPCL,B*27:09,0
CASSLRDSSYEQYF,VVLSWAPPV,B*37:01,0
CASSLRDSSYEQYF,LPRWYFYYL,B*07:02,0
CASSLREAGELFF,NMIHFAPNV,B*35:08,0
CASSLREAGELFF,FTSDYYQLY,B*27:09,0
CASSLREAGELFF,LLFGMTPCL,A*24:02,0
CASSLREAGELFF,FLIYLDVSV,B*35:08,0
CASSLREAGELFF,RYRIGNYKL,B*37:01,0
CASSLREAGELFF,ALYGSVPVL,B*57:01,0
CASSLRGEKNNYGYTF,YVLDHLIVV,A*03:01,0
CASSLRGEKNNYGYTF,MLYQHLLPL,B*37:01,0
CASSLRGEKNNYGYTF,LLFALYFSA,B*35:01,0
CASSLRGEKNNYGYTF,RTMEVCYNT,B*08:01,0
CASSLRGEKNNYGYTF,LMFWASSSI,A*30:02,0
CASSLRGEKNNYGYTF,ALSPVIPHI,A*11:01,0
CASSLRGEKNNYGYTF,KLLEIAPNC,A*68:01,0
CASSLRGLNQPQHF,GILGFVFTL,A*03:01,0
CASSLRGLNQPQHF,SVYGDTLEK,A*30:02,0
CASSLRGLNQPQHF,AVGSYVYSV,A*02:01,0
CASSLRGLNQPQHF,GILGFVFTL,B*38:01,0
CASSLRGLNQPQHF,QYDPVAALF,B*08:01,0
CASSLRGLNQPQHF,SPRWYFYYL,B*37:01,0
CASSLRGLNQPQHF,FLRGRAYGL,A*02:01,0
CASSLRGLNQPQHF,QSRGDENRGW,B*08:01,0
CASSLRGPTGYTF,VMPFSIVYI,B*35:08,0
CASSLRGPTGYTF,RPIPIKYKAM,B*37:01,0
CASSLRGPTGYTF,RYRIGNYKL,B*27:05,0
CASSLRGPTGYTF,ALYGSVPVL,A*30:02,0
CASSLRGPTGYTF,GILGFVFTL,A*30:02,0
CASSLRSGTGELFF,ILNAMIAKI,B*07:02,0
CASSLRSGTGELFF,SLLMPILTL,A*30:02,0
CASSLRSGTGELFF,KMVTVCPNT,A*68:01,0
CASSLRTDRF,NDMLVCANI,B*37:01,0
CASSLRTDRF,SPRWYFYYL,A*11:01,0
CASSLRTDRF,LLAGTLAVV,A*24:02,0
CASSLRTDRF,ILNAMITKI,A*01:01,0
CASSLRTGPRADTQYF,THLMVLCCV,B*27:09,0
CASSLRTGPRADTQYF,TTDPSFLGRY,B*38:01,0
CASSLRTGPRADTQYF,VYFLQSINF,B*57:01,0
CASSLRTGPRADTQYF,LLFGMTPCL,B*27:05,0
CASSLSFGTEAFF,QYIKWPWYI,A*68:01,0
CASSLSFGTEAFF,CLGGLLTMV,A*30:02,0
CASSLSFGTEAFF,FMLYLLTLM,B*38:01,0
CASSLSFGTEAFF,SLLWMNPFV,B*15:01,0
CASSLSGGFYEQYFGF,CFLLILPNC,B*51:01,0
CASSLSGGPQHF,QKRPIPIKYKAM,B*08:01,0
CASSLSGGPQHF,SPRWYFYYL,B*37:01,0
CASSLSGGPQHF,LVLEVDPNI,B*35:01,0
CASSLSGGPQHF,LLFGYPVYV,B*37:01,0
CASSLSGGPQHF,MLYQHLLPL,B*08:01,0
CASSLSGGPQHF,QYIKWPWYI,B*27:05,0
CASSLSGGPQHF,RLPGVLPRA,B*27:09,0
CASSLSGGPQHF,VAANIVLTV,A*68:01,0
CASSLSGGPQHF,VMHANYIFW,B*15:01,0
CASSLSGQGATNEKLFF,LLAMTVPNV,B*27:09,0
CASSLSGQGATNEKLFF,GQFLTPNSH,B*07:02,0
CASSLSGQGATNEKLFF,SLLMWITQA,B*15:01,0
CASSLSGQGATNEKLFF,SLAPLSPRV,A*11:01,0
CASSLSGQGATNEKLFF,FTSDYYQLY,A*01:01,0
CASSLSGQGATNEKLFF,FEDLRVSSF,B*08:01,0
CASSLSGQGATNEKLFF,KLWASPLHV,B*57:01,0
CASSLSGQGATNEKLFF,ILNAMITKI,B*15:01,0
CASSLSGQGATNEKLFF,QSRGDENRGW,B*38:01,0
CASSLSGQGATNEKLFF,KMVAVFYTT,B*51:01,0
CASSLSGVAYGYTF,VLNYFKPYL,A*68:01,0
CASSLSGVAYGYTF,ILNVDIFTL,A*01:01,0
CASSLSGVAYGYTF,VYGIRLEHF,A*01:01,0
CASSLSLGGQYNGYTF,RYRIGNYKL,A*03:01,0
CASSLSLGGQYNGYTF,ILNAMITKI,A*24:02,0
CASSLSLGGQYNGYTF,NLVPMVATV,B*27:05,0
CASSLSLGGQYNGYTF,GCQEICPAC,B*35:01,0
CASSLSLGGQYNGYTF,QYDPVAALF,A*24:02,0
CASSLSLGGQYNGYTF,TSTLQEQIGW,A*24:02,0
CASSLSPGYTEAFF,TAFTIPSI,B*57:01,0
CASSLSPGYTEAFF,SPRWYFYYL,A*02:01,0
CASSLSPGYTEAFF,KMVAVFYTT,B*37:01,0
CASSLSPGYTEAFF,SLLMPILTL,A*02:01,0
CASSLSPTDTQYF,KLSALGINAV,B*27:05,0
CASSLSPTDTQYF,RPPIFIRRL,B*27:09,0
CASSLSPTDTQYF,RLVPYLEFL,B*35:01,0
CASSLSSATGELF,IPSINVHHY,B*38:01,0
CASSLSSATGELF,NMIHFAPNV,B*35:01,0
CASSLSSGPYNEQFF,IPSINVHHY,A*24:02,0
CASSLSSGPYNEQFF,AVGSYVYSV,B*27:05,0
CASSLSTVFTDTQYF,VLFGLGFAI,B*51:01,0
CASSLSTVFTDTQYF,KLLEIAPNC,A*24:02,0
CASSLSTVFTDTQYF,NYNYLYRLF,A*01:01,0
CASSLSWEDENTDTQYF,ILNAMITKI,B*15:01,0
CASSLSWEDENTDTQYF,RFPLTFGWCF,A*03:01,0
CASSLSWEDENTDTQYF,YVLTWIVGA,B*57:01,0
CASSLSWEDENTDTQYF,GMGPLLATV,A*01:01,0
CASSLSWEDENTDTQYF,ALYGSVPVL,B*15:01,0
CASSLSWGETQYF,GQVMVVAPR,B*51:01,0
CASSLSWGETQYF,RTMEVCYNT,A*03:01,0
CASSLSWGETQYF,LLFALHFSA,B*15:01,0
CASSLSWGETQYF,FLRGRAYGL,B*08:01,0
CASSLSWLDSQETQYF,FTSDYYQLY,B*35:01,0
CASSLSWLDSQETQYF,KMVTVCPNT,B*27:09,0
CASSLSWLDSQETQYF,VVMSWAPPV,B*57:01,0
CASSLSWLDSQETQYF,LLFGMPPCL,B*38:01,0
CASSLSWLDSQETQYF,VLFGLGFAI,B*37:01,0
CASSLSWLDSQETQYF,DATYQRTRALVR,A*68:01,0
CASSLSWLDSQETQYF,LLAILTYYV,B*38:01,0
CASSLSWLDSQETQYF,GQFLTPNSH,B*35:08,0
CASSLSYEQYF,GQMWLLAPR,B*35:01,0
CASSLSYEQYF,ILTGLNYEA,A*02:01,0
CASSLSYEQYF,KVKEVCPNV,B*08:01,0
CASSLTALGAAYVYTF,RTMEVCYNT,B*07:02,0
CASSLTALGAAYVYTF,VYFLQSINF,B*27:09,0
CASSLTALGAAYVYTF,RLGPYLEFL,A*68:01,0
CASSLTALGAAYVYTF,TAFTIPSI,A*68:01,0
CASSLTALGAAYVYTF,ILNAMIAKI,B*51:01,0
CASSLTGETEKLF,CFLLILPNC,A*03:01,0
CASSLTGETEKLF,LLAGTLAGV,A*02:01,0
CASSLTGETEKLF,FLYNLLTRV,A*03:01,0
CASSLTGETEKLF,LLSIISFPA,B*15:01,0
CASSLTGETEKLF,RLGPYLEFL,A*01:01,0
CASSLTGETEKLF,SLAPLSPRV,B*15:01,0
CASSLTGETEKLF,SLLMWITQA,B*15:01,0
CASSLTGETEKLF,TAFTIPSI,B*27:09,0
CASSLTGETEKLF,ITDQVPFSV,A*30:02,0
CASSLTGETEKLF,VYFLQSINF,A*03:01,0
CASSLTGGGNYGYTF,HPVGEADYFEY,B*51:01,0
CASSLTGGGNYGYTF,VMHANYIFW,A*03:01,0
CASSLTGGGNYGYTF,ALSPVIPHI,B*27:09,0
CASSLTGGGNYGYTF,ILTGLNYEA,B*35:08,0
CASSLTGGGNYGYTF,NDMLVCANI,A*11:01,0
CASSLTGHNQPQHF,SLAPLSPRV,B*57:01,0
CASSLTGHNQPQHF,NDMLVCANI,A*30:02,0
CASSLTGHNQPQHF,HTMLCMCCK,B*08:01,0
CASSLTGHNQPQHF,QYIKWPWYI,A*30:02,0
CASSLTGHNQPQHF,RPRGEVRFL,A*02:01,0
CASSLTGHNQPQHF,GQMWLLAPR,B*37:01,0
CASSLTGQGAFF,ALYGFVPVL,B*37:01,0
CASSLTGQGAFF,CFVECAPVC,B*51:01,0
CASSLTGQGAFF,RPRGEVRFL,B*35:01,0
CASSLTGQGAFF,IPSINVHHY,A*02:01,0
CASSLTGQGAFF,FLTVFSHFM,A*11:01,0
CASSLTGQGAFF,FLYNPLTRV,B*35:01,0
CASSLTGQGAFF,MMPFSIVYI,B*27:09,0
CASSLTGQGAFF,IPSINVHHY,B*15:01,0
CASSLTGQGAFF,KMVTVCPNT,A*03:01,0
CASSLTGQGAFF,LLWNGPMAV,A*30:02,0
CASSLTGRETQYF,ITDQVPFSV,A*30:02,0
CASSLTGRETQYF,RYPLTFGWCF,B*57:01,0
CASSLTGRETQYF,HPVGEADYFEY,B*37:01,0
CASSLTGRETQYF,NLFNRYPAL,A*11:01,0
CASSLTGRETQYF,KLWASPLHV,B*27:09,0
CASSLTGRETQYF,SVYGDTLEK,A*24:02,0
CASSLTGRETQYF,LIIPFIHLI,B*27:05,0
CASSLTGRETQYF,ALSPVIPLI,A*24:02,0
CASSLTGSAEAFF,LLFALHFSA,B*27:05,0
CASSLTGSAEAFF,SLLMPILTL,B*27:09,0
CASSLTGSAEAFF,KMVAVFYNT,B*27:05,0
CASSLTGSAEAFF,CTELKLSDY,B*35:08,0
CASSLTGTGSYNEQFF,QKRPIPIKYKAM,B*35:08,0
CASSLTGTGSYNEQFF,ALSKGVHFV,B*38:01,0
CASSLTGTGSYNEQFF,KLWASPLHV,A*01:01,0
CASSLTGTGSYNEQFF,ELAGIGILTV,A*01:01,0
CASSLTQNEQFF,THLMVLCCV,B*38:01,0
CASSLTQNEQFF,IMDQVPFSV,B*08:01,0
CASSLTQNEQFF,DATYQRTRALVR,B*08:01,0
CASSLTQNEQFF,CFLLILPNC,B*15:01,0
CASSLTQNEQFF,GQFLTPNSH,B*51:01,0
CASSLTQNEQFF,VMPFSIVYIV,B*27:05,0
CASSLTQNEQFF,SLAPLSPRA,A*11:01,0
CASSLVAGPYSQETQYF,LLFGMTPCL,B*08:01,0
CASSLVAGPYSQETQYF,KVKEVCPNV,A*11:01,0
CASSLVAGPYSQETQYF,NMIHFAPNV,B*27:05,0
CASSLVAGPYSQETQYF,YVLTWIVGA,B*37:01,0
CASSLVAGPYSQETQYF,KMVTVCPNT,A*01:01,0
CASSLVAGPYSQETQYF,KLSALGINAV,A*01:01,0
CASSLVAGPYSQETQYF,FLIYLDVSV,B*38:01,0
CASSLVAGPYSQETQYF,KMVTVCPNT,B*08:01,0
CASSLVDSGLYEQYF,QSRGDENRGW,A*24:02,0
CASSLVDSGLYEQYF,EAAGIGILTV,A*24:02,0
CASSLVDSGLYEQYF,AEMEFCPCC,A*01:01,0
CASSLVDSGLYEQYF,MTLHGFMMY,B*27:09,0
CASSLVDSGLYEQYF,VMHANYIFW,A*01:01,0
CASSLVDSGLYEQYF,RFPLTFGWCF,A*24:02,0
CASSLVDSGLYEQYF,SLLWMNPFV,A*02:01,0
CASSLVESEQFF,RPIPIKYKAM,B*51:01,0
CASSLVESEQFF,AEMEFCPCC,B*35:08,0
CASSLVESEQFF,GMGPLLATV,B*37:01,0
CASSLVESEQFF,SPRWYFYYL,B*35:08,0
CASSLVESEQFF,ILTGLNYEA,B*38:01,0
CASSLVGAEAFF,KLWASPLHV,B*57:01,0
CASSLVGAEAFF,ALSKGVHFV,A*24:02,0
CASSLVGAEAFF,LLFALYFSA,B*08:01,0
CASSLVGEGRGREQYF,RYPLTFGW,B*27:05,0
CASSLVGEGRGREQYF,VMPFSIVYIV,B*51:01,0
CASSLVGEGRGREQYF,GMGPLLATV,A*01:01,0
CASSLVGEGRGREQYF,YVLTWIVGA,B*38:01,0
CASSLVGGRSGSEQFF,ILNVDIFTL,A*01:01,0
CASSLVGGRSGSEQFF,LLFGYPVYV,B*27:09,0
CASSLVGGRSGSEQFF,HTMLCMCCK,A*68:01,0
CASSLVGGRSGSEQFF,KRPIPIKYKAM,A*03:01,0
CASSLVGGRSGSEQFF,KVKEVCPNV,B*57:01,0
CASSLVGGRSGSEQFF,EIQEFCPNT,B*35:01,0
CASSLVPGNHNEQFF,EAAGIGILTV,B*51:01,0
CASSLVPGNHNEQFF,LLFGMPPCL,B*37:01,0
CASSLVPGNHNEQFF,CTELKLNDY,A*68:01,0
CASSLVPGNHNEQFF,ILNAMIAKI,A*01:01,0
CASSLVPGNHNEQFF,LPRWYFYYL,A*01:01,0
CASSLVPGNHNEQFF,LLSIISFPA,B*37:01,0
CASSLVPSGQANTEAFF,ILNAMIAKI,A*02:01,0
CASSLVPSGQANTEAFF,KLWASPLHV,B*15:01,0
CASSLVPSGQANTEAFF,GQFLTPNSH,B*08:01,0
CASSLVPSGQANTEAFF,ILNVDIFTL,B*08:01,0
CASSLVPSGQANTEAFF,MIISHLYLI,B*51:01,0
CASSLVRADGETQYF,VMHANYIFW,A*68:01,0
CASSLVRADGETQYF,GCQEICPAC,A*68:01,0
CASSLVRADGETQYF,IPSINVHHY,B*37:01,0
CASSLVRADGETQYF,TSTLQEQIGW,B*08:01,0
CASSLVRADGETQYF,HTMLCMCCK,B*38:01,0
CASSLVRADGETQYF,YVLDHLIVV,B*51:01,0
CASSLVRADGETQYF,THLMVLCCV,A*11:01,0
CASSLVRDRHTEAFF,ALSKGVHFV,B*27:05,0
CASSLVRDRHTEAFF,FLYNPLTRV,B*08:01,0
CASSLVRDRHTEAFF,ILTGLNYEA,B*37:01,0
CASSLVRDRHTEAFF,ELAGIGILTV,B*35:01,0
CASSLVRDRHTEAFF,ALYGSVPVL,A*03:01,0
CASSLVSGREETQYF,NLFNRYPAL,B*57:01,0
CASSLVSGREETQYF,KLLEIAPNC,A*03:01,0
CASSLVSGREETQYF,ILNVDIFTL,A*01:01,0
CASSLVSGREETQYF,SLAPLSPRV,B*51:01,0
CASSLVSGREETQYF,NLFNRYPAL,B*35:01,0
CASSLVSGREETQYF,LMFWASSSI,B*27:05,0
CASSLVTGTGWGYTF,MLNIPSINV,B*27:05,0
CASSLVTGTGWGYTF,MLYQHLLPL,B*07:02,0
CASSLVTGTGWGYTF,CTELKLSDY,A*11:01,0
CASSLVTGTGWGYTF,VYFLQSINF,B*37:01,0
CASSLVTGTGWGYTF,NDMLVCANI,B*15:01,0
CASSLVTGTGWGYTF,SLLWMNPFV,B*07:02,0
CASSLVTGTGWGYTF,MLNIPSINV,A*68:01,0
CASSLWAGETQYF,VYGIRLEHF,B*35:01,0
CASSLWAGETQYF,LLFGMPPCL,B*37:01,0
CASSLWAGETQYF,KAFSPEVIPMF,B*08:01,0
CASSLWASGKWSTDTQYF,GILGFVFTL,B*57:01,0
CASSLWASGKWSTDTQYF,IMDQVPFSV,A*68:01,0
CASSLWASGKWSTDTQYF,LLWNGPMAV,A*30:02,0
CASSLWASGKWSTDTQYF,DATYQRTRALVR,A*11:01,0
CASSLWASGKWSTDTQYF,EAAGIGILTV,A*24:02,0
CASSLWASGKWSTDTQYF,FEDLRVSSF,B*08:01,0
CASSLWASGKWSTDTQYF,LLAGTLAVV,A*01:01,0
CASSLWGAGELFF,GQMWLLAPR,A*03:01,0
CASSLWGAGELFF,LLAMTVPNV,B*08:01,0
CASSLWGAGELFF,IVCPICSQK,B*27:05,0
CASSLWGAGELFF,LLAGTLAGV,A*01:01,0
CASSLWGAGELFF,LLFGYPVYV,B*51:01,0
CASSLWGAGELFF,VLNYFEPYL,A*11:01,0
CASSLWGRALSYEQYF,VAANIVLTV,B*27:05,0
CASSLWGRALSYEQYF,LLAILTYYV,A*24:02,0
CASSLWGRALSYEQYF,EAAGIGILTV,B*15:01,0
CASSLWGRALSYEQYF,VMHANYIFW,B*15:01,0
CASSLWGRALSYEQYF,ELAGIGILTV,B*37:01,0
CASSLWGRALSYEQYF,VLFHRAFLV,A*68:01,0
CASSLWGRALSYEQYF,NMINFAPNI,A*01:01,0
CASSLWGRALSYEQYF,RLQSLQTYV,A*11:01,0
CASSLWGTEAFF,YLQPRTFLL,B*15:01,0
CASSLWGTEAFF,VLNYFKPYL,B*37:01,0
CASSLWGTEAFF,ILNAMITKI,B*51:01,0
CASSLWGTEAFF,THLMVLCCV,A*02:01,0
CASSLWGTEAFF,KAFSPEVIPMF,B*15:01,0
CASSLWGTEAFF,VMPFSIVYIV,B*35:01,0
CASSLWGTEAFF,GMGPLLATV,A*24:02,0
CASSLWGTEAFF,VLFGLGFAI,A*03:01,0
CASSLWGTEAFF,KMVAVFYNT,A*30:02,0
CASSLWGTEAFF,TTDPSFLGRY,B*15:01,0
CASSLWGTEAFF,TTDPSFLGRY,B*07:02,0
CASSLWGTEAFF,HTMLCMCCK,B*07:02,0
CASSLWGTEAFF,GCQEICPAC,B*07:02,0
CASSLYGELYYGYTF,RLGPYLEFL,B*27:09,0
CASSLYGELYYGYTF,TTDPSFLGRY,B*37:01,0
CASSLYGELYYGYTF,FLIYLDVSV,A*03:01,0
CASSLYGELYYGYTF,NYNYLYRLF,A*02:01,0
CASSLYGELYYGYTF,VYGIRLEHF,B*27:09,0
CASSLYGELYYGYTF,THLMVLCCV,A*01:01,0
CASSLYGELYYGYTF,FEDLRLLSF,B*57:01,0
CASSLYGELYYGYTF,KVKEVCPNV,B*35:08,0
CASSLYGELYYGYTF,IVCPICSQK,B*37:01,0
CASSLYGGESQETQYF,ALSKGVHFV,A*30:02,0
CASSLYGGESQETQYF,MMPFSIVYI,A*30:02,0
CASSLYGGESQETQYF,KVKEVCPNV,A*68:01,0
CASSLYGGESQETQYF,KTFPPTEPK,B*27:05,0
CASSLYGGESQETQYF,KAFSPEVIPMF,B*07:02,0
CASSLYGGESQETQYF,LLWNGPMAV,B*37:01,0
CASSLYGGESQETQYF,LIIPFIHLI,B*07:02,0
CASSLYGGESQETQYF,YHSIEWAI,B*07:02,0
CASSLYRGLYEQYF,KLWASPLHV,A*02:01,0
CASSLYRGLYEQYF,VVLSWAPPV,B*57:01,0
CASSLYRGLYEQYF,VMPFSIVYIV,B*07:02,0
CASSLYRGLYEQYF,LLFALYFSA,B*51:01,0
CASSLYRGLYEQYF,KMVAVFYTT,B*51:01,0
CASSLYRGLYEQYF,RLPGVLPRA,A*24:02,0
CASSLYRGLYEQYF,LRVMMLAPF,A*11:01,0
CASSLYRGLYEQYF,KRPIPIKYKAM,B*51:01,0
CASSLYTAVETQYF,RTMEVCYNT,B*08:01,0
CASSLYTAVETQYF,RPIPIKYKAM,B*35:08,0
CASSLYTAVETQYF,KMVAVFYNT,B*35:08,0
CASSLYTAVETQYF,ILNVDIFTL,B*37:01,0
CASSLYTAVETQYF,ILNAMITKI,A*01:01,0
CASSLYVYSYEQYF,SLAPLSPRA,A*03:01,0
CASSLYVYSYEQYF,RPRGEVRFL,B*27:05,0
CASSLYVYSYEQYF,FEDLRLLSF,B*35:01,0
CASSLYVYSYEQYF,IPSINVHHY,B*57:01,0
CASSMAAGTHEQYF,RLVPYLEFL,A*01:01,0
CASSMAAGTHEQYF,RLVPYLEFL,A*11:01,0
CASSMAAGTHEQYF,RPRGEVRFL,A*68:01,0
CASSMAAGTHEQYF,FMLYLLTLM,B*38:01,0
CASSMAAGTHEQYF,GCQEICPAC,B*27:09,0
CASSMAAGTHEQYF,IVCPICSQK,B*27:09,0
CASSMAAGTHEQYF,NMIHFAPNV,A*68:01,0
CASSMAAGTHEQYF,LLSIISFPA,B*37:01,0
CASSMAGEQYF,MMPFSIVYI,A*01:01,0
CASSMAGEQYF,FLYNLLTRV,B*38:01,0
CASSMAGEQYF,EIQEFCPNT,A*30:02,0
CASSMAGEQYF,RLVPYLEFL,A*11:01,0
CASSMAGSSYEQYF,SLLMPILTL,A*03:01,0
CASSMAGSSYEQYF,LVLEVDPNI,B*37:01,0
CASSMAGSSYEQYF,VSDGGPNLY,B*35:01,0
CASSMAGSSYEQYF,MLNIPSINV,B*38:01,0
CASSMAGSSYEQYF,RLQSLQTYV,B*15:01,0
CASSMAGSSYEQYF,SLLMPILTL,B*35:01,0
CASSMAQGARSPLHF,EAAGIGILTV,A*02:01,0
CASSMAQGARSPLHF,LMFWASSSI,A*68:01,0
CASSMAQGARSPLHF,FTSDYYQLY,B*08:01,0
CASSMAQGARSPLHF,ALYGFVPVL,B*07:02,0
CASSMAQGARSPLHF,RLQSLQTYV,A*02:01,0
CASSMAQGARSPLHF,KLSALGINAV,A*02:01,0
CASSMAQGARSPLHF,RLPGVLPRA,A*24:02,0
CASSMAQGARSPLHF,FLYNPLTRV,A*02:01,0
CASSMGGVGTEAFF,VLFHRAFLV,A*01:01,0
CASSMGRDGYTF,LLSIIFFPA,A*11:01,0
CASSMGRDGYTF,RYPLTFGWCF,A*02:01,0
CASSMGRDGYTF,KMVAVFYTT,A*30:02,0
CASSMGRDGYTF,KMVAVFYNT,A*68:01,0
CASSMGRDGYTF,NDMLVCANI,A*01:01,0
CASSMGRDGYTF,KLNTITPVV,B*37:01,0
CASSMGRDGYTF,CLGGLLTMV,B*27:09,0
CASSMGRDGYTF,VYFLQSINF,B*35:08,0
CASSMGRDGYTF,CTELKLNDY,B*35:01,0
CASSMGTGPRETQYF,YLQPRTFLL,B*38:01,0
CASSMGTGPRETQYF,FLRGRAYGL,A*30:02,0
CASSMGTGPRETQYF,ALSPVIPHI,B*27:09,0
CASSMGTGPRETQYF,ALYGFVPVL,B*38:01,0
CASSMGTGPRETQYF,RYRIGNYKL,A*03:01,0
CASSMGTGPRETQYF,ITDQVPFSV,B*27:09,0
CASSMGTGPRETQYF,GQMWLLAPR,A*30:02,0
CASSMGTYSNQPQHF,LLAGTLAVV,A*68:01,0
CASSMGTYSNQPQHF,GQVMVVAPR,B*08:01,0
CASSMLGVLRGANVLTF,ILNAMITKI,A*30:02,0
CASSMLGVLRGANVLTF,ALSPVIPLI,B*57:01,0
CASSMLGVLRGANVLTF,LPRWYFYYL,B*27:05,0
CASSMLGVLRGANVLTF,NMIHFAPNV,A*02:01,0
CASSMLVANYGYTF,ILNAMITKI,B*57:01,0
CASSMLVANYGYTF,KLSALGINAV,B*15:01,0
CASSMLVANYGYTF,GQVMVVAPR,B*15:01,0
CASSMLVANYGYTF,RYRIGNYKL,A*68:01,0
CASSMLVANYGYTF,KTFPPTEPK,B*37:01,0
CASSMLVANYGYTF,LLAGTLAVV,A*30:02,0
CASSMSAMGTEAFF,IVCPICSQK,A*24:02,0
CASSMSAMGTEAFF,GQMWLLAPR,B*35:01,0
CASSMSAMGTEAFF,KLWASPLHV,B*27:09,0
CASSMSAMGTEAFF,ALSPVIPHI,B*15:01,0
CASSMSAMGTEAFF,YVLDHLIVV,A*11:01,0
CASSMSGWGDTQYF,CLGGLLTMV,B*08:01,0
CASSMSGWGDTQYF,EIQEFCPNT,B*51:01,0
CASSMSGWGDTQYF,DATYQRTRALVR,B*38:01,0
CASSMSGWGDTQYF,RLGPYLEFL,A*68:01,0
CASSMSGWGDTQYF,NLNCCSVPV,B*37:01,0
CASSNARGYGYTF,FMLYLLTLM,A*02:01,0
CASSNARGYGYTF,RYRIGNYKL,B*15:01,0
CASSNARGYGYTF,CTELKLNDY,B*15:01,0
CASSNARGYGYTF,SLAPLSPRV,A*24:02,0
CASSNARGYGYTF,TTDPSFLGRY,B*08:01,0
CASSNLGGTDTQYF,YLQPRTFLL,B*37:01,0
CASSNLGGTDTQYF,NMIHFAPNV,B*07:02,0
CASSNLGGTDTQYF,MLYQHLLPL,B*35:01,0
CASSNLGGTDTQYF,FLTVFSHFM,B*35:08,0
CASSNLGGTDTQYF,KMVAVFYTT,B*38:01,0
CASSNLGGTDTQYF,FLYNLLTRV,A*11:01,0
CASSNLGGTDTQYF,ALYGSVPVL,B*27:05,0
CASSNQETQYF,LRVMMLAPF,B*35:01,0
CASSNQETQYF,KLLEIAPNC,B*57:01,0
CASSNQETQYF,YVLTWIVGA,B*27:05,0
CASSNQETQYF,HTMLCMCCK,B*08:01,0
CASSNQETQYF,SLAPLSPRV,B*51:01,0
CASSNQETQYF,TAFTIPSI,B*51:01,0
CASSNVLAGGRDTQYF,VAANIVLTV,B*08:01,0
CASSNVLAGGRDTQYF,FLIYLDVSV,A*30:02,0
CASSNVLAGGRDTQYF,IPSINVHHY,B*51:01,0
CASSNVLAGGRDTQYF,GILGFVFTL,A*68:01,0
CASSNVLAGGRDTQYF,LLSIIFFPA,B*07:02,0
CASSNVLAGGRDTQYF,VYGIRLEHF,B*51:01,0
CASSPAAVNYGYTF,RLVPYLEFL,B*27:09,0
CASSPAAVNYGYTF,FLTVFSHFM,A*68:01,0
CASSPAAVNYGYTF,ILNVDIFTL,A*30:02,0
CASSPAAVNYGYTF,DATYQRTRALVR,B*08:01,0
CASSPAAVNYGYTF,RTMEVCYNT,B*27:09,0
CASSPAAVNYGYTF,QKRPIPIKYKAM,A*24:02,0
CASSPAAVNYGYTF,KMVAVFYNT,B*07:02,0
CASSPAAVNYGYTF,KLWASPLHV,A*30:02,0
CASSPAGGYEQYVF,QYDPVAALF,B*08:01,0
CASSPAGGYEQYVF,MLYQHLLPL,B*35:08,0
CASSPAGGYEQYVF,GCQEICPAC,A*11:01,0
CASSPAGQGAGTGELF,ILNVDIFTL,B*57:01,0
CASSPAGQGAGTGELF,HTMLCMCCK,B*15:01,0
CASSPAGQGAGTGELF,CTELKLSDY,B*37:01,0
CASSPAGQGAGTGELF,GQFLTPNSH,A*03:01,0
CASSPAGQGAGTGELF,KTWGQYWQV,B*07:02,0
CASSPAGQGAGTGELF,YVLDHLIVV,B*35:01,0
CASSPAGQGAGTGELF,VYGIRLEHF,B*27:05,0
CASSPAGQGAGTGELF,VYIGDPAQL,B*27:05,0
CASSPAGQGAGTGELF,THLMVLCCV,B*35:08,0
CASSPAGQGAGTGELF,RPRGEVRFL,B*27:09,0
CASSPAGQGAGTGELF,FLYNPLTRV,B*51:01,0
CASSPAGQGAGTGELF,RPIPIKYKAM,B*27:05,0
CASSPAGQGAGTGELF,YVLDHLIVV,B*27:05,0
CASSPAGTDYGYTF,VMPFSIVYI,B*35:01,0
CASSPAGTDYGYTF,KMVAVFYNT,B*15:01,0
CASSPAGTDYGYTF,NMIHFAPNV,A*68:01,0
CASSPAGTDYGYTF,KLLEIAPNC,A*02:01,0
CASSPAGTDYGYTF,LMFWASSSI,A*02:01,0
CASSPAGTDYGYTF,ALYGFVPVL,A*68:01,0
CASSPAGTDYGYTF,YVLDHLIVV,B*07:02,0
CASSPAGTDYGYTF,MMPFSIVYI,A*02:01,0
CASSPAPAYEQYF,FEDLRVSSF,B*27:05,0
CASSPAPAYEQYF,FLYNLLTRV,B*35:08,0
CASSPAPAYEQYF,KMVTVCPNT,B*15:01,0
CASSPAPAYEQYF,YHSIEWAI,B*07:02,0
CASSPAVGTGDEKLFF,QSRGDENRGW,B*27:05,0
CASSPAVGTGDEKLFF,ILNAMIAKI,B*08:01,0
CASSPAVGTGDEKLFF,LLSIIFFPA,B*38:01,0
CASSPAVGTGDEKLFF,LMFWASSSI,A*02:01,0
CASSPAVGTGDEKLFF,ILTGLNYEA,B*27:05,0
CASSPDGGHSTDTQYF,YLQPRTFLL,B*57:01,0
CASSPDGGHSTDTQYF,ILNVDIFTL,B*51:01,0
CASSPDGGHSTDTQYF,KMVTVCPNT,A*24:02,0
CASSPDGGHSTDTQYF,RFPLTFGWCF,B*07:02,0
CASSPDGGHSTDTQYF,NLNCCSVPV,A*03:01,0
CASSPDLNPYEQYF,RYPLTFGWCF,B*15:01,0
CASSPDLNPYEQYF,SLAPLSPRV,B*38:01,0
CASSPDLNPYEQYF,RYPLTFGW,A*68:01,0
CASSPDLNPYEQYF,VLNYFEPYL,B*27:09,0
CASSPDPYEQYF,SVYGDTLEK,A*68:01,0
CASSPDPYEQYF,FLTVFSHFM,B*15:01,0
CASSPDPYEQYF,KLNTITPVV,B*27:09,0
CASSPDPYEQYF,IPSINVHHY,B*08:01,0
CASSPDRFYEQYF,KLLEIAPNC,A*68:01,0
CASSPDVGHEKLFF,RYPLTFGWCF,B*38:01,0
CASSPDVGHEKLFF,VYGIRLEHF,B*08:01,0
CASSPDVGHEKLFF,RQLLFVVEV,B*57:01,0
CASSPDVGHEKLFF,FLYNLLTRV,A*03:01,0
CASSPDVGHEKLFF,RLPGVLPRA,A*11:01,0
CASSPDVGHEKLFF,QKRPIPIKYKAM,A*03:01,0
CASSPDVGHEKLFF,FLRGRAYGL,A*01:01,0
CASSPEGVGGGEQYF,RTMEVCYNT,A*11:01,0
CASSPEGVGGGEQYF,TSTLQEQIGW,B*27:09,0
CASSPEGVGGGEQYF,LLFALYFSA,A*68:01,0
CASSPEGVGGGEQYF,KTFPPTEPK,B*35:08,0
CASSPEGVGGGEQYF,ILNAMITKI,B*27:09,0
CASSPEGVGGGEQYF,ALYGSVPVL,A*03:01,0
CASSPEGVGGGEQYF,RFPLTFGWCF,A*02:01,0
CASSPENSNQPQHF,KRPIPIKYKAM,A*01:01,0
CASSPENSNQPQHF,NMIHFAPNV,A*30:02,0
CASSPENSNQPQHF,DATYQRTRALVR,B*35:08,0
CASSPEPGSHEQYF,MMPFSIVYI,A*02:01,0
CASSPEPGSHEQYF,NYNYLYRLF,B*35:08,0
CASSPEPGSHEQYF,GKTELLAPF,A*24:02,0
CASSPEPGSHEQYF,HTMLCMCCK,A*02:01,0
CASSPEPGSHEQYF,KTFPPTEPK,A*24:02,0
CASSPEPGSHEQYF,RYPLTFGW,B*07:02,0
CASSPEPGSHEQYF,KMVAVFYNT,B*37:01,0
CASSPESSGGDNEQFF,MLYQHLLPL,B*35:08,0
CASSPFLTGSNTEAFF,ALYGFVPVL,A*30:02,0
CASSPFLTGSNTEAFF,MLNIPSINV,B*35:08,0
CASSPFLTGSNTEAFF,MTLHGFMMY,B*27:05,0
CASSPFLTGSNTEAFF,LLFGMTPCL,A*30:02,0
CASSPFLTGSNTEAFF,KLLEIAPNC,A*24:02,0
CASSPFLTGSNTEAFF,NLVPMVATV,B*57:01,0
CASSPFLTGSNTEAFF,LLSIIFFPA,B*38:01,0
CASSPGAAYEQYF,LLAGTLAVV,B*07:02,0
CASSPGAAYEQYF,RPPIFIRRL,B*35:01,0
CASSPGAAYEQYF,NLNCCSVPV,B*38:01,0
CASSPGAAYEQYF,VVLSWAPPV,B*38:01,0
CASSPGGATEAFF,QYDPVAALF,B*35:08,0
CASSPGGATEAFF,VMPFSIVYIV,B*57:01,0
CASSPGGATEAFF,MMPFSIVYI,A*68:01,0
CASSPGGATEAFF,TSTLQEQIGW,B*27:05,0
CASSPGGATEAFF,FLTVFSHFM,A*24:02,0
CASSPGGATEAFF,IPSINVHHY,B*38:01,0
CASSPGGGAYEQYF,NLFNRYPAL,B*38:01,0
CASSPGGGELFF,SLAPLSPRV,A*24:02,0
CASSPGGGELFF,CTELKLSDY,B*38:01,0
CASSPGGGELFF,KAFSPEVIPMF,A*24:02,0
CASSPGGGELFF,VLFHRAFLV,B*35:08,0
CASSPGGGELFF,RPRGEVRFL,A*24:02,0
CASSPGGGELFF,FTSDYYQLY,B*08:01,0
CASSPGGGELFF,KLLEIAPNC,B*38:01,0
CASSPGGGYEQYF,LPRWYFYYL,A*30:02,0
CASSPGGGYEQYF,KMVAVFYTT,B*15:01,0
CASSPGGGYEQYF,CFLLILPNC,B*38:01,0
CASSPGGGYEQYF,NLNCCSVPV,A*24:02,0
CASSPGGGYEQYF,LLFGMPPCL,B*07:02,0
CASSPGGGYEQYF,NMINFAPNI,A*03:01,0
CASSPGGGYEQYF,ALSPVIPHI,B*37:01,0
CASSPGGTEAFF,ILTGLNYEV,A*01:01,0
CASSPGGTEAFF,YLQPRTFLL,A*03:01,0
CASSPGGTEAFF,SLLMWITQA,B*37:01,0
CASSPGGTEAFF,ELAGIGILTV,B*07:02,0
CASSPGGVSYNEQF,RQLLFVVEV,B*08:01,0
CASSPGGVSYNEQF,GCQEICPAC,B*15:01,0
CASSPGGVSYNEQF,NLNCCSVPV,B*15:01,0
CASSPGGVSYNEQF,RYPLTFGWCF,A*01:01,0
CASSPGGVSYNEQF,ILTGLNYEV,A*02:01,0
CASSPGGVSYNEQF,THLMVLCCV,A*24:02,0
CASSPGGVSYNEQF,KAFSPEVIPMF,B*35:01,0
CASSPGGVSYNEQF,RPPIFIRRL,B*27:05,0
CASSPGGVSYNEQF,LLAMTVPNV,B*38:01,0
CASSPGGYYGYTF,ILNAMITKI,A*24:02,0
CASSPGGYYGYTF,MMPFSIVYI,A*30:02,0
CASSPGGYYGYTF,FEDLRVSSF,B*37:01,0
CASSPGGYYGYTF,LRVMMLAPF,A*30:02,0
CASSPGGYYGYTF,KVKEVCPNV,B*15:01,0
CASSPGLAGGWEQYF,LLWNGPMAV,A*68:01,0
CASSPGLAGGWEQYF,RLVPYLEFL,A*68:01,0
CASSPGLAGGWEQYF,LPRWYFYYL,B*51:01,0
CASSPGLAGGWEQYF,QSRGDENRGW,A*01:01,0
CASSPGLAGGWEQYF,KVKEVCPNV,B*27:05,0
CASSPGLAGGWEQYF,YLQPRTFLL,B*27:09,0
CASSPGLDYEQYF,ILNVDVFTL,A*02:01,0
CASSPGLDYEQYF,NLVPMVATV,B*35:08,0
CASSPGLDYEQYF,AEMEFCPCC,B*51:01,0
CASSPGLDYEQYF,QKRPIPIKYKAM,A*03:01,0
CASSPGLDYEQYF,GQVMVVAPR,A*11:01,0
CASSPGLDYEQYF,VLNYFEPYL,B*57:01,0
CASSPGLSYEQYVF,LLAILTYYV,A*30:02,0
CASSPGLSYEQYVF,SPRWYFYYL,A*11:01,0
CASSPGLSYEQYVF,NLFNRYPAL,B*57:01,0
CASSPGLSYEQYVF,RYRIGNYKL,B*27:09,0
CASSPGLSYEQYVF,LLWNGPMAV,B*07:02,0
CASSPGLSYEQYVF,VSDGGPNLY,B*38:01,0
CASSPGLSYEQYVF,LLFALHFSA,B*51:01,0
CASSPGLSYEQYVF,KLNTITPVV,B*35:01,0
CASSPGLSYEQYVF,KMVAVFYNT,B*51:01,0
CASSPGLSYEQYVF,FLRGRAYGL,A*24:02,0
CASSPGLYSTDTQYF,SLLWMNPFV,A*01:01,0
CASSPGLYSTDTQYF,RYPLTFGW,B*37:01,0
CASSPGLYSTDTQYF,LLFALHFSA,B*08:01,0
CASSPGLYSTDTQYF,KTWGQYWQV,B*27:05,0
CASSPGLYSTDTQYF,QYIKWPWYI,B*38:01,0
CASSPGLYSTDTQYF,ILTGLNYEV,B*08:01,0
CASSPGLYSTDTQYF,TRLALIAPK,B*08:01,0
CASSPGLYSTDTQYF,RLVPYLEFL,A*02:01,0
CASSPGLYTQYF,ITDQVPFSV,B*27:05,0
CASSPGLYTQYF,FLTVFSHFM,A*02:01,0
CASSPGLYTQYF,LVLEVDPNI,B*35:08,0
CASSPGPNQPQHF,SLAPLSPRA,B*37:01,0
CASSPGPNQPQHF,LLFALYFSA,A*03:01,0
CASSPGPNQPQHF,TRLALIAPK,A*02:01,0
CASSPGPNQPQHF,RFPLTFGWCF,A*30:02,0
CASSPGQAEPQHF,FLIYLDVSV,B*27:05,0
CASSPGQAEPQHF,IVCPICSQK,B*37:01,0
CASSPGQAEPQHF,MMPFSIVYI,B*27:05,0
CASSPGQAEPQHF,QSRGDENRGW,B*37:01,0
CASSPGQAEPQHF,CTELKLSDY,A*03:01,0
CASSPGQAEPQHF,YLEPGPVTA,A*11:01,0
CASSPGQAEPQHF,RYPLTFGWCF,A*68:01,0
CASSPGQGIDSPLHF,VVMSWAPPV,A*01:01,0
CASSPGQGIDSPLHF,CLGGLLTMV,A*02:01,0
CASSPGQGIDSPLHF,RPPIFIRRL,B*08:01,0
CASSPGQGLAYEQYF,ALYGSVPVL,A*02:01,0
CASSPGQGLAYEQYF,VLNYFEPYL,B*08:01,0
CASSPGQGLAYEQYF,RTMEVCYNT,B*27:05,0
CASSPGQGLAYEQYF,VVMSWAPPV,B*27:05,0
CASSPGQGLAYEQYF,VLNYFKPYL,A*02:01,0
CASSPGQGLAYEQYF,VLNYFKPYL,B*35:08,0
CASSPGQGLAYEQYF,KTFPPTEPK,A*01:01,0
CASSPGQGLAYEQYF,ILNVDVFTL,B*15:01,0
CASSPGQGLAYEQYF,NDMLVCANI,B*15:01,0
CASSPGQGYEQYF,LLWNGPMAV,B*57:01,0
CASSPGQGYEQYF,LLAMTVPNV,A*01:01,0
CASSPGQGYEQYF,LLFGMTPCL,B*15:01,0
CASSPGQGYEQYF,GQVMVVAPR,B*07:02,0
CASSPGQGYEQYF,ILTGLNYEA,B*08:01,0
CASSPGQGYEQYF,MIISHLYLI,B*15:01,0
CASSPGQGYEQYF,ILNAMITKI,A*68:01,0
CASSPGQGYEQYF,ILNVDVFTL,B*27:09,0
CASSPGQGYEQYF,LLAILTYYV,A*02:01,0
CASSPGQGYEQYF,ILNVDIFTL,A*01:01,0
CASSPGQSPTNEKLFF,VLFHRAFLV,A*03:01,0
CASSPGQSPTNEKLFF,TTDPSFLGRY,A*68:01,0
CASSPGQSPTNEKLFF,VYGIRLEHF,B*35:01,0
CASSPGQSPTNEKLFF,ALYGFVPVL,B*07:02,0
CASSPGQSPTNEKLFF,TSTLQEQIGW,B*15:01,0
CASSPGQSPTNEKLFF,GMGPLLATV,B*57:01,0
CASSPGQSPTNEKLFF,LPRWYFYYL,B*07:02,0
CASSPGQSPTNEKLFF,LLFGMTPCL,B*37:01,0
CASSPGQVSYEQYF,RLPGVLPRA,B*37:01,0
CASSPGQVSYEQYF,RYPLTFGW,A*30:02,0
CASSPGQVSYEQYF,QYIKWPWYI,B*07:02,0
CASSPGQVSYEQYF,SLLMPILTL,B*38:01,0
CASSPGQVSYEQYF,RFPLTFGWCF,A*68:01,0
CASSPGQVSYEQYF,LIIPFIHLI,B*07:02,0
CASSPGQVSYEQYF,RYPLTFGWCF,B*57:01,0
CASSPGRTQYF,THLMVLCCV,B*57:01,0
CASSPGRTQYF,MTLHGFMMY,A*24:02,0
CASSPGRTQYF,VYGIRLEHF,B*27:09,0
CASSPGSAVYNEQFF,RPIPIKYKAM,A*30:02,0
CASSPGSAVYNEQFF,SLLMWITQC,B*57:01,0
CASSPGSAVYNEQFF,RTMEVCYNT,B*37:01,0
CASSPGTAADTQYF,KMVAVFYTT,B*15:01,0
CASSPGTAADTQYF,TRLALIAPK,B*35:08,0
CASSPGTAADTQYF,LLAILTYYV,B*38:01,0
CASSPGTAAGLTYEQYF,KLSALGINAV,B*07:02,0
CASSPGTAAGLTYEQYF,LMFWASSSI,B*57:01,0
CASSPGTAAGLTYEQYF,LLFGYPVYV,B*35:08,0
CASSPGTAAGLTYEQYF,FEDLRVLSF,B*51:01,0
CASSPGTAAGLTYEQYF,VLFHRAFLV,A*11:01,0
CASSPGTAAGLTYEQYF,IVCPICSQK,A*30:02,0
CASSPGTAAGLTYEQYF,LLFALYFSA,B*35:08,0
CASSPGTAAGLTYEQYF,FLRGRAYGL,B*08:01,0
CASSPGTAAGLTYEQYF,FLYNLLTRV,B*08:01,0
CASSPGTANQPQHF,VVMSWAPPV,B*38:01,0
CASSPGTANQPQHF,LRVMMLAPF,B*35:01,0
CASSPGTANQPQHF,NMIHFAPNV,B*07:02,0
CASSPGTANQPQHF,LLWNGPMAV,A*30:02,0
CASSPGTANQPQHF,RLVPYLEFL,A*03:01,0
CASSPGTANQPQHF,LLFGYPVYV,A*01:01,0
CASSPGTAYEQYF,LLFGYPVYV,B*08:01,0
CASSPGTAYEQYF,LPRWYFYYL,B*38:01,0
CASSPGTAYEQYF,ELAGIGILTV,B*37:01,0
CASSPGTAYEQYF,TTDPSFLGRY,B*35:08,0
CASSPGTAYEQYF,NLNCCSVPV,B*15:01,0
CASSPGTAYEQYF,LLAGTLAVV,A*01:01,0
CASSPGTDYTGELFF,VLNYFKPYL,B*27:09,0
CASSPGTDYTGELFF,LLFGYPVYV,B*57:01,0
CASSPGTDYTGELFF,VMHANYIFW,B*27:09,0
CASSPGTDYTGELFF,YVLDHLIVV,A*11:01,0
CASSPGTDYTGELFF,RLPGVLPRA,B*15:01,0
CASSPGTDYTGELFF,LIIPFIHLI,B*37:01,0
CASSPGTDYTGELFF,LLAMTVPNV,B*51:01,0
CASSPGTDYTGELFF,MLNIPSINV,B*35:01,0
CASSPGTEAFF,FLYNPLTRV,A*68:01,0
CASSPGTEAFF,ILTGLNYEA,B*07:02,0
CASSPGTEAFF,KTFPPTEPK,B*27:05,0
CASSPGTEAFF,KRPIPIKYKAM,B*57:01,0
CASSPGTEAFF,GQMWLLAPR,B*15:01,0
CASSPGTEAFF,HTMLCMCCK,B*51:01,0
CASSPGTEAFF,MLYQHLLPL,B*35:01,0
CASSPGTEAFF,YLQPRTFLL,A*01:01,0
CASSPGTEAFF,ILNAMITKI,A*30:02,0
CASSPGTGAGYGYTF,TSTLQEQIGW,B*37:01,0
CASSPGTGAGYGYTF,SLLMPILTL,B*57:01,0
CASSPGTGAGYGYTF,LIIPFIHLI,A*01:01,0
CASSPGTGAGYGYTF,KLVALGINAV,A*30:02,0
CASSPGTGAGYGYTF,LLFALHFSA,B*35:08,0
CASSPGTGAGYGYTF,LLAGTLAVV,A*02:01,0
CASSPGTGAGYGYTF,DATYQRTRALVR,A*03:01,0
CASSPGTGAGYGYTF,ILNAMITKI,A*24:02,0
CASSPGTGGYTEAF,LLAGTLAGV,A*30:02,0
CASSPGTGGYTEAF,SVYGDTLEK,B*27:05,0
CASSPGTGGYTEAF,SLAPLSPRA,B*08:01,0
CASSPGTGGYTEAF,RPRGEVRFL,A*01:01,0
CASSPGTGGYTEAF,LLSIIFFPA,B*57:01,0
CASSPGTGGYTEAF,RYRIGNYKL,A*30:02,0
CASSPGTGHTGELF,SLLWMNPFV,B*27:05,0
CASSPGTGHTGELF,FEDLRLLSF,B*27:09,0
CASSPGTGHTGELF,LMFWASSSI,B*51:01,0
CASSPGTGYEQYF,EIQEFCPNT,B*35:08,0
CASSPGTGYEQYF,ILTGLNYEA,B*08:01,0
CASSPGTGYEQYF,SLAPLSPRA,B*37:01,0
CASSPGTGYEQYF,MMPFSIVYI,B*07:02,0
CASSPGTGYEQYF,LVLEVDPNI,A*02:01,0
CASSPGTGYEQYF,GQMWLLAPR,B*35:01,0
CASSPGTGYEQYF,ILNVDVFTL,B*35:01,0
CASSPGTGYEQYF,ILNAMIAKI,B*07:02,0
CASSPGTGYEQYF,ILNAMITKI,A*03:01,0
CASSPGTGYEQYF,NDMLVCANI,A*03:01,0
CASSPGTSYEQYF,LLWNGPMAV,B*08:01,0
CASSPGTSYEQYF,VMPFSIVYI,A*24:02,0
CASSPGTSYEQYF,NLVPMVATV,A*30:02,0
CASSPGTSYEQYF,SLLMWITQA,A*03:01,0
CASSPGTSYEQYF,NDMLVCANI,A*03:01,0
CASSPGTTTNEKLFF,RLQSLQTYV,A*24:02,0
CASSPGTTTNEKLFF,LLWNGPMAV,A*01:01,0
CASSPGTTTNEKLFF,GQVMVVAPR,B*57:01,0
CASSPGTTTNEKLFF,GILGFVFTL,A*30:02,0
CASSPGWGNYGYTF,RYPLTFGWCF,A*68:01,0
CASSPGWGNYGYTF,TRLALIAPK,A*24:02,0
CASSPGWGNYGYTF,KTFPPTEPK,A*01:01,0
CASSPHLRKGLEPQHF,MLYQHLLPL,A*03:01,0
CASSPHLRKGLEPQHF,KMVTVCPNT,B*27:09,0
CASSPHLRKGLEPQHF,ELAGIGILTV,B*15:01,0
CASSPHLRKGLEPQHF,IVCPICSQK,B*07:02,0
CASSPHLRKGLEPQHF,VSDGGPNLY,B*57:01,0
CASSPHSGGDPRNEQFF,NLNCCSVPV,A*30:02,0
CASSPHSGGDPRNEQFF,TAFTIPSI,A*11:01,0
CASSPHSGGDPRNEQFF,ALSKGVHFV,B*35:08,0
CASSPHSGGDPRNEQFF,LLAILTYYV,B*38:01,0
CASSPHSGGDPRNEQFF,KRPIPIKYKAM,B*37:01,0
CASSPIAGGRKNIQYF,SLLWMNPFV,A*03:01,0
CASSPIAGGRKNIQYF,EAAGIGILTV,A*03:01,0
CASSPIAGGRKNIQYF,HTMLCMCCK,B*51:01,0
CASSPIAGGRKNIQYF,NLVPMVATV,B*37:01,0
CASSPIAGGRKNIQYF,IPSINVHHY,A*02:01,0
CASSPIAGGRKNIQYF,ALSPVIPHI,B*37:01,0
CASSPIAGGRKNIQYF,IPSINVHHY,B*51:01,0
CASSPIAGGRKNIQYF,LLAMTVPNV,B*57:01,0
CASSPIETAKNIQYF,RLVPYLEFL,A*24:02,0
CASSPIETAKNIQYF,RTMEVCYNT,A*24:02,0
CASSPIETAKNIQYF,LLFGMTPCL,B*57:01,0
CASSPIETAKNIQYF,RFPLTFGWCF,B*38:01,0
CASSPIETAKNIQYF,KRPIPIKYKAM,B*38:01,0
CASSPIGGGSNEQFF,KMVAVFYTT,B*35:01,0
CASSPIGGGSNEQFF,FLRGRAYGL,B*57:01,0
CASSPIGGGSNEQFF,LIIPFIHLI,B*38:01,0
CASSPIGGGSNEQFF,IPSINVHHY,A*01:01,0
CASSPIGGGSNEQFF,KMVAVFYNT,A*02:01,0
CASSPIGGGSNEQFF,MIISHLYLI,B*27:05,0
CASSPIGGGSNEQFF,NMINFAPNI,B*27:09,0
CASSPIGGGSNEQFF,RPPIFIRRL,B*35:08,0
CASSPITGTSLANEQFF,DATYQRTRALVR,B*07:02,0
CASSPITGTSLANEQFF,ELAGIGILTV,A*30:02,0
CASSPITGTSLANEQFF,LLFGMTPCL,B*37:01,0
CASSPITNTGELFF,EIQEFCPNT,A*02:01,0
CASSPITNTGELFF,RPIPIKYKAM,B*57:01,0
CASSPITNTGELFF,VSDGGPNLY,B*27:09,0
CASSPITNTGELFF,VYGIRLEHF,A*02:01,0
CASSPITNTGELFF,MMPFSIVYI,B*35:01,0
CASSPKAGILETQYF,VSDGGPNLY,A*11:01,0
CASSPKAGILETQYF,VMHANYIFW,A*68:01,0
CASSPKAGILETQYF,LLWNGPMAV,B*51:01,0
CASSPKLQGAWAEKLF,ILNVDIFTL,B*27:09,0
CASSPKLQGAWAEKLF,NDMLVCANI,A*03:01,0
CASSPKLQGAWAEKLF,CTELKLSDY,B*51:01,0
CASSPKLQGAWAEKLF,NLVPMVATV,B*08:01,0
CASSPKLQGAWAEKLF,VYGIRLEHF,A*30:02,0
CASSPLAGRAEQFF,VYIGDPAQL,A*68:01,0
CASSPLAGRAEQFF,VYGIRLEHF,B*57:01,0
CASSPLAGRAEQFF,KLWASPLHV,B*15:01,0
CASSPLAGRAEQFF,KMVAVFYNT,A*68:01,0
CASSPLAGRAEQFF,KMVAVFYNT,B*08:01,0
CASSPLAGVGTFRSYEQYF,YVLDHLIVV,B*15:01,0
CASSPLAGVGTFRSYEQYF,MIISHLYLI,B*38:01,0
CASSPLAGVGTFRSYEQYF,YVLTWIVGA,A*02:01,0
CASSPLAGVGTFRSYEQYF,GCQEICPAC,A*11:01,0
CASSPLAGVGTFRSYEQYF,MIISHLYLI,B*08:01,0
CASSPLAGVGTFRSYEQYF,KMVAVFYNT,A*02:01,0
CASSPLAGVGTFRSYEQYF,LLFGMTPCL,B*38:01,0
CASSPLGGVDTQYF,NDMLVCANI,B*51:01,0
CASSPLGGVDTQYF,FLYNLLTRV,B*37:01,0
CASSPLGGVDTQYF,LRVMMLAPF,B*27:09,0
CASSPLGGVDTQYF,SLLMPILTL,B*08:01,0
CASSPLGGVDTQYF,MLYQHLLPL,A*24:02,0
CASSPLGLAEQETQYF,RFPLTFGWCF,B*51:01,0
CASSPLGLAEQETQYF,VLNYFKPYL,B*15:01,0
CASSPLGLAEQETQYF,ALYGFVPVL,A*11:01,0
CASSPLGLAEQETQYF,LLFGYPVYV,B*57:01,0
CASSPLGLAEQETQYF,LVLEVDPNI,B*35:08,0
CASSPLGLAEQETQYF,TRLALIAPK,A*30:02,0
CASSPLGLAEQETQYF,FMLYLLTLM,A*03:01,0
CASSPLHLRDGPKTPLHF,VLNYFKPYL,B*27:09,0
CASSPLHLRDGPKTPLHF,CFVECAPVC,B*08:01,0
CASSPLHLRDGPKTPLHF,SLAPLSPRV,A*03:01,0
CASSPLHLRDGPKTPLHF,LLSIIFFPA,A*02:01,0
CASSPLHLRDGPKTPLHF,VSDGGPNLY,B*35:08,0
CASSPLNSGTGNEQFF,VYFLQSINF,B*37:01,0
CASSPLNSGTGNEQFF,VLFGLGFAI,A*24:02,0
CASSPLNSGTGNEQFF,SLAPLSPRV,B*38:01,0
CASSPLRGPADRTGTEAFF,LLFALHFSA,B*15:01,0
CASSPLRGPADRTGTEAFF,RFPLTFGWCF,B*35:01,0
CASSPLRGPADRTGTEAFF,SLLWMNPFV,B*38:01,0
CASSPLRGPADRTGTEAFF,RTMEVCYNT,B*35:01,0
CASSPLRGPADRTGTEAFF,KLWASPLHV,B*38:01,0
CASSPLRGPADRTGTEAFF,RLPGVLPRA,A*03:01,0
CASSPLRGPYEQYF,IMDQVPFSV,A*11:01,0
CASSPLRGPYEQYF,VLFHRAFLV,B*07:02,0
CASSPLRGPYEQYF,FLTVFSHFM,A*03:01,0
CASSPLRGPYEQYF,FLIYLDVSV,A*01:01,0
CASSPLRGPYEQYF,RYPLTFGW,B*08:01,0
CASSPLTATDTQYF,LLFALYFSA,B*51:01,0
CASSPLTATDTQYF,LMFWASSSI,A*02:01,0
CASSPLTATDTQYF,RPPIFIRRL,B*35:01,0
CASSPLTATDTQYF,FLTVFSHFM,B*27:05,0
CASSPLTATDTQYF,VYIGDPAQL,B*15:01,0
CASSPLTGSAERKETQYF,DATYQRTRALVR,B*07:02,0
CASSPLTGSAERKETQYF,MIISHLYLI,B*51:01,0
CASSPLTGSAERKETQYF,NDMLVCANI,B*27:05,0
CASSPLTGSAERKETQYF,VMHANYIFW,A*03:01,0
CASSPLTGSAERKETQYF,RPIPIKYKAM,B*08:01,0
CASSPLTGSAERKETQYF,QYIKWPWYI,A*01:01,0
CASSPLTGSAERKETQYF,SLLMPILTL,B*57:01,0
CASSPLTSNYGYTF,VYGIRLEHF,A*02:01,0
CASSPLTSNYGYTF,ITDQVPFSV,B*35:01,0
CASSPLVGLAGEKETQYF,THLMVLCCV,B*38:01,0
CASSPLVGLAGEKETQYF,KLVALGINAV,A*01:01,0
CASSPLVGLAGEKETQYF,KLWASPLHV,B*27:09,0
CASSPLVGLAGEKETQYF,RPRGEVRFL,A*01:01,0
CASSPLVGLAGEKETQYF,ILNVDIFTL,A*03:01,0
CASSPMGQSYEQYF,NLNCCSVPV,B*07:02,0
CASSPMGQSYEQYF,ALSPVIPHI,B*38:01,0
CASSPMGQSYEQYF,NLFNRYPAL,A*11:01,0
CASSPMGQSYEQYF,RLGPYLEFL,B*07:02,0
CASSPMGQSYEQYF,ILNAMIAKI,A*01:01,0
CASSPMGQSYEQYF,SLLWMNPFV,A*68:01,0
CASSPMGQSYEQYF,LIIPFIHLI,A*24:02,0
CASSPMGQSYEQYF,RYRIGNYKL,B*27:09,0
CASSPMNEQFF,FEDLRLLSF,A*02:01,0
CASSPMNEQFF,YVLTWIVGA,B*35:08,0
CASSPMNEQFF,RLGPYLEFL,B*27:09,0
CASSPMNEQFF,LLFGMTPCL,A*02:01,0
CASSPMNEQFF,KMVTVCPNT,A*30:02,0
CASSPMNEQFF,VVMSWAPPV,B*35:01,0
CASSPMNEQFF,IVCPICSQK,B*38:01,0
CASSPMNEQFF,LLFGYPVYV,A*01:01,0
CASSPMTGAEQFF,YHSIEWAI,B*15:01,0
CASSPMTGAEQFF,FTSDYYQLY,B*35:01,0
CASSPMTGAEQFF,KTWGQYWQV,B*08:01,0
CASSPMTGAEQFF,LLWNGPMAV,A*24:02,0
CASSPMTGAEQFF,SLAPLSPRA,B*27:05,0
CASSPMTGAEQFF,VYGIRLEHF,B*35:08,0
CASSPMTGAEQFF,SPRWYFYYL,B*27:05,0
CASSPMTGAEQFF,TSTLQEQIGW,B*37:01,0
CASSPMTGAEQFF,TSTLQEQIGW,A*02:01,0
CASSPMTGAEQFF,NMIHFAPNV,B*27:05,0
CASSPMTGDGTQYF,RYPLTFGW,B*38:01,0
CASSPMTGDGTQYF,LLSIISFPA,A*03:01,0
CASSPMTGDGTQYF,VLNYFEPYL,B*38:01,0
CASSPMTGDGTQYF,VLNYFKPYL,A*68:01,0
CASSPMTGDGTQYF,VAANIVLTV,A*11:01,0
CASSPNLQGAWGYTF,VLFGLGFAI,B*08:01,0
CASSPNLQGAWGYTF,CLGGLLTMV,B*38:01,0
CASSPNLQGAWGYTF,SLLMPILTL,A*24:02,0
CASSPNSAGGTEAF,KMVAVFYTT,B*27:09,0
CASSPNSAGGTEAF,MIISHLYLI,B*08:01,0
CASSPNSAGGTEAF,GILGFVFTL,B*07:02,0
CASSPNSAGGTEAF,KLVALGINAV,A*01:01,0
CASSPNSAGGTEAF,HPVGEADYFEY,B*27:09,0
CASSPNSAGGTEAF,SLAPLSPRA,A*68:01,0
CASSPNSAGGTEAF,VLNYFKPYL,A*11:01,0
CASSPNSAGGTEAF,SLAPLSPRA,B*27:05,0
CASSPNSAGGTEAF,MLNIPSINV,B*35:08,0
CASSPPAGGQGAYEQYF,MLNIPSINV,B*38:01,0
CASSPPAGGQGAYEQYF,LLAGTLAGV,B*15:01,0
CASSPPAGGQGAYEQYF,YVLDHLIVV,B*27:05,0
CASSPPAGGQGAYEQYF,YVLDHLIVV,A*30:02,0
CASSPPAGGQGAYEQYF,MMPFSIVYI,A*11:01,0
CASSPPAGSYNEQF,KVKEVCPNV,A*30:02,0
CASSPPAGSYNEQF,ILNAMIAKI,A*03:01,0
CASSPPAGSYNEQF,QKRPIPIKYKAM,B*27:09,0
CASSPPAGSYNEQF,CTELKLNDY,A*03:01,0
CASSPPAGSYNEQF,ILTGLNYEA,A*01:01,0
CASSPPGRSYNEQFF,NLVPMVATV,B*51:01,0
CASSPPGRSYNEQFF,ILNAMIAKI,A*68:01,0
CASSPPGRSYNEQFF,IVCPICSQK,A*30:02,0
CASSPPGRSYNEQFF,VVLSWAPPV,B*35:08,0
CASSPPGRSYNEQFF,KLSALGINAV,A*02:01,0
CASSPPGRSYNEQFF,NLFNRYPAL,B*27:09,0
CASSPPGSKAYGYTF,RYRIGNYKL,B*35:08,0
CASSPPGSKAYGYTF,ITDQVPFSV,B*51:01,0
CASSPPGSKAYGYTF,CFVECAPVC,A*24:02,0
CASSPPGSKAYGYTF,RPPIFIRRL,A*03:01,0
CASSPPLWGVYGYTF,VMPFSIVYI,A*68:01,0
CASSPPLWGVYGYTF,VMPFSIVYIV,A*30:02,0
CASSPPLWGVYGYTF,FTSDYYQLY,B*35:08,0
CASSPPLWGVYGYTF,YVLDHLIVV,B*35:01,0
CASSPPLWGVYGYTF,LLFGMTPCL,B*57:01,0
CASSPPLWGVYGYTF,FEDLRVSSF,B*35:01,0
CASSPPLWGVYGYTF,MLYQHLLPL,B*57:01,0
CASSPPLWGVYGYTF,ALSPVIPHI,B*27:09,0
CASSPQGDSASSGNTIYF,VLFHRAFLV,B*57:01,0
CASSPQGDSASSGNTIYF,EIQEFCPNT,A*11:01,0
CASSPQGDSASSGNTIYF,LRVMMLAPF,B*08:01,0
CASSPQGDSASSGNTIYF,LLAILTYYV,B*07:02,0
CASSPQGDSASSGNTIYF,THLMVLCCV,A*68:01,0
CASSPQGQGESGANVLTF,RPRGEVRFL,B*57:01,0
CASSPQGQGESGANVLTF,GCQEICPAC,B*35:08,0
CASSPQGYEQYF,LLAGTLAGV,A*68:01,0
CASSPQGYEQYF,SLAPLSPRA,A*11:01,0
CASSPQGYEQYF,RQLLFVVEV,B*07:02,0
CASSPQGYEQYF,THLMVLCCV,A*68:01,0
CASSPQGYEQYF,HTMLCMCCK,B*27:05,0
CASSPQTGAVTEAF,SLAPLSPRV,A*30:02,0
CASSPQTGAVTEAF,KLVALGINAV,A*30:02,0
CASSPQTGAVTEAF,TRLALIAPK,B*27:05,0
CASSPQTGAVTEAF,RLGPYLEFL,A*24:02,0
CASSPQTGAVTEAF,FLYNPLTRV,A*24:02,0
CASSPQTGAVTEAF,RFPLTFGWCF,A*11:01,0
CASSPQTGTIYGYTGF,TRLALIAPK,A*68:01,0
CASSPQTGTIYGYTGF,KRPIPIKYKAM,A*30:02,0
CASSPQTGTIYGYTGF,KLVALGINAV,B*35:08,0
CASSPQTGTIYGYTGF,HTMLCMCCK,B*37:01,0
CASSPQTSGSSFAGELFF,RPRGEVRFL,B*27:09,0
CASSPQTSGSSFAGELFF,CTELKLSDY,B*57:01,0
CASSPQTSGSSFAGELFF,RYRIGNYKL,B*38:01,0
CASSPQTSGSSFAGELFF,QYDPVAALF,B*35:08,0
CASSPQTSGSSFAGELFF,ILTGLNYEV,A*30:02,0
CASSPQTSGSSFAGELFF,SLLMWITQA,B*27:09,0
CASSPQTSGSSFAGELFF,SLLMWITQC,A*03:01,0
CASSPRAYNEQFF,RTMEVCYNT,A*03:01,0
CASSPRAYNEQFF,RYPLTFGWCF,A*24:02,0
CASSPRAYNEQFF,YHSIEWAI,B*57:01,0
CASSPRAYNEQFF,SLAPLSPRV,A*68:01,0
CASSPRAYNEQFF,LLAGTLAVV,A*01:01,0
CASSPRAYNEQFF,RYPLTFGW,B*38:01,0
CASSPRAYNEQFF,KLSALGINAV,B*07:02,0
CASSPRIGGPREGYTF,NMINFAPNI,A*02:01,0
CASSPRIGGPREGYTF,NLNCCSVPV,B*35:01,0
CASSPRIGGPREGYTF,VMPFSIVYI,A*24:02,0
CASSPRIGGPREGYTF,VLFHRAFLV,B*07:02,0
CASSPRLAGGKYNEQFF,SPRWYFYYL,B*08:01,0
CASSPRLAGGKYNEQFF,LLFGMPPCL,A*30:02,0
CASSPRLAGGKYNEQFF,LLAMTVPNV,B*15:01,0
CASSPRQGNNSPLHF,ALYGFVPVL,B*51:01,0
CASSPRQGNNSPLHF,LVLEVDPNI,B*38:01,0
CASSPRQGNNSPLHF,HPVGEADYFEY,A*11:01,0
CASSPRQGVYEQYF,SLLMPILTL,B*35:01,0
CASSPRQGVYEQYF,LLFGMPPCL,A*01:01,0
CASSPRRTGYTGELF,AEMEFCPCC,A*02:01,0
CASSPRRTGYTGELF,KLNTITPVV,B*37:01,0
CASSPRRTGYTGELF,RLQSLQTYV,A*24:02,0
CASSPRRTGYTGELF,CFVECAPVC,A*30:02,0
CASSPRRTGYTGELF,CTELKLNDY,B*15:01,0
CASSPRSAVEQYF,YLQPRTFLL,B*35:01,0
CASSPRSAVEQYF,AEMEFCPCC,B*27:05,0
CASSPRSAVEQYF,TAFTIPSI,B*27:09,0
CASSPRSAVEQYF,FLIYLDVSV,B*08:01,0
CASSPRSAVEQYF,KLLEIAPNC,A*68:01,0
CASSPRYSSGELFF,GCQEICPAC,B*07:02,0
CASSPRYSSGELFF,ALSPVIPHI,A*02:01,0
CASSPRYSSGELFF,ILTGLNYEA,A*24:02,0
CASSPRYSSGELFF,KMVAVFYTT,A*24:02,0
CASSPRYSSGELFF,CLGGLLTMV,B*15:01,0
CASSPRYSSGELFF,CFLLILPNC,B*38:01,0
CASSPRYSSGELFF,FLIYLDVSV,B*57:01,0
CASSPSGGTAYEQYF,QKRPIPIKYKAM,A*02:01,0
CASSPSGGTAYEQYF,LPRWYFYYL,A*03:01,0
CASSPSGGTAYEQYF,NDMLVCANI,A*11:01,0
CASSPSGGTAYEQYF,ILNAMIAKI,B*08:01,0
CASSPSGGTAYEQYF,KTWGQYWQV,B*35:01,0
CASSPSGSGTGTYEQYF,NMIHFAPNV,A*03:01,0
CASSPSGSGTGTYEQYF,FLTVFSHFM,B*15:01,0
CASSPSGSGTGTYEQYF,GKTELLAPF,A*02:01,0
CASSPSGSGTGTYEQYF,RPPIFIRRL,B*51:01,0
CASSPSGSGTGTYEQYF,FLRGRAYGL,B*35:01,0
CASSPSGSGTGTYEQYF,GQVMVVAPR,A*03:01,0
CASSPSGSGTGTYEQYF,VLFGLGFAI,B*27:09,0
CASSPSGSGTGTYEQYF,ALSPVIPLI,A*03:01,0
CASSPSGSGTGTYEQYF,NLNCCSVPV,B*37:01,0
CASSPSGSGTGTYEQYF,VMHANYIFW,B*15:01,0
CASSPSGSGTGTYEQYF,KTFPPTEPK,B*27:09,0
CASSPSGSGTGTYEQYF,LLAMTVPNV,B*27:09,0
CASSPSGTGFYEQYF,FEDLRLLSF,A*68:01,0
CASSPSGTGFYEQYF,IVCPICSQK,B*27:09,0
CASSPSGTGFYEQYF,NMIHFAPNV,B*15:01,0
CASSPSGTGFYEQYF,SPRWYFYYL,B*15:01,0
CASSPSGTGFYEQYF,SLAPLSPRA,B*07:02,0
CASSPSGTGFYEQYF,VMPFSIVYI,A*68:01,0
CASSPSGTGFYEQYF,CFLLILPNC,A*24:02,0
CASSPSLQVAQHF,YHSIEWAI,A*30:02,0
CASSPSLQVAQHF,YLEPGPVTA,B*15:01,0
CASSPSLQVAQHF,MLYQHLLPL,A*01:01,0
CASSPSLQVAQHF,LLSIISFPA,B*08:01,0
CASSPSLQVAQHF,HPVGEADYFEY,A*30:02,0
CASSPSPGEAYGYTF,NMINFAPNI,B*27:09,0
CASSPSPGEAYGYTF,VSDGGPNLY,A*03:01,0
CASSPSPGEAYGYTF,VMPFSIVYIV,A*01:01,0
CASSPSPGEAYGYTF,THLMVLCCV,B*51:01,0
CASSPSPGEAYGYTF,IMDQVPFSV,B*08:01,0
CASSPSPGEAYGYTF,RLQSLQTYV,B*15:01,0
CASSPSPGSEQYF,GQVMVVAPR,B*51:01,0
CASSPSPGSEQYF,FEDLRLLSF,B*35:08,0
CASSPSPGSEQYF,VVMSWAPPV,B*57:01,0
CASSPSPGSEQYF,VYGIRLEHF,B*51:01,0
CASSPSQGYGYTF,RPIPIKYKAM,A*30:02,0
CASSPSQGYGYTF,RYPLTFGW,B*57:01,0
CASSPSQGYGYTF,ILTGLNYEA,B*07:02,0
CASSPSQGYGYTF,RPIPIKYKAM,A*01:01,0
CASSPSSGGITDTQYF,NYNYLYRLF,B*51:01,0
CASSPSSGGITDTQYF,YHSIEWAI,B*57:01,0
CASSPSSGGITDTQYF,QYIKWPWYI,A*68:01,0
CASSPSTGTGGIYEQYF,LLAILTYYV,B*37:01,0
CASSPSTGTGGIYEQYF,YVLTWIVGA,A*01:01,0
CASSPSTGTGGIYEQYF,LLSIIFFPA,B*51:01,0
CASSPSTGTGGIYEQYF,FLTVFSHFM,B*35:01,0
CASSPSTGTGGIYEQYF,LLFALYFSA,A*24:02,0
CASSPSTGTGGIYEQYF,KLLEIAPNC,B*38:01,0
CASSPSTGTGGIYEQYF,FTSDYYQLY,B*35:01,0
CASSPSTGTGGIYEQYF,FEDLRLLSF,A*11:01,0
CASSPSTGTGGIYEQYF,NLNCCSVPV,B*38:01,0
CASSPSTGYGYTF,LPRWYFYYL,A*01:01,0
CASSPSTGYGYTF,MLYQHLLPL,A*24:02,0
CASSPSTGYGYTF,ITDQVPFSV,A*02:01,0
CASSPSTGYGYTF,IMDQVPFSV,A*02:01,0
CASSPSTGYGYTF,LLFALHFSA,B*51:01,0
CASSPSTGYGYTF,SPRWYFYYL,B*15:01,0
CASSPSTSGASYEQYVF,KMVAVFYNT,B*07:02,0
CASSPSTSGASYEQYVF,NDMLVCANI,B*38:01,0
CASSPSTSGASYEQYVF,CFLLILPNC,B*38:01,0
CASSPSTSGASYEQYVF,LLSIISFPA,B*27:09,0
CASSPSTSGASYEQYVF,VLNYFKPYL,B*15:01,0
CASSPSTSGASYEQYVF,VYGIRLEHF,A*24:02,0
CASSPSWLSGVTQYF,KTWGQYWQV,A*01:01,0
CASSPSWLSGVTQYF,LLSIISFPA,A*01:01,0
CASSPSWLSGVTQYF,KTWGQYWQV,B*37:01,0
CASSPTAGELFF,IMDQVPFSV,B*27:05,0
CASSPTAGELFF,RLGPYLEFL,B*08:01,0
CASSPTAGELFF,NDMLVCANI,A*30:02,0
CASSPTAGELFF,VMHANYIFW,A*30:02,0
CASSPTAGELFF,NLNCCSVPV,A*24:02,0
CASSPTEGGSSTYEQYF,LLFGYPVYV,B*57:01,0
CASSPTEGGSSTYEQYF,LRVMMLAPF,A*03:01,0
CASSPTEGGSSTYEQYF,SLLWMNPFV,A*68:01,0
CASSPTEGGSSTYEQYF,FLYNLLTRV,B*37:01,0
CASSPTEGGSSTYEQYF,AVGSYVYSV,B*37:01,0
CASSPTEGGSSTYEQYF,FLYNPLTRV,B*38:01,0
CASSPTEGGSSTYEQYF,LLWNGPMAV,B*27:09,0
CASSPTEGGSSTYEQYF,RLQSLQTYV,B*38:01,0
CASSPTEGGSSTYEQYF,SLAPLSPRA,B*27:05,0
CASSPTFVAGANVLTF,VLNYFEPYL,A*11:01,0
CASSPTFVAGANVLTF,FLYNLLTRV,B*35:08,0
CASSPTFVAGANVLTF,LRVMMLAPF,B*35:08,0
CASSPTFVAGANVLTF,GILGFVFTL,B*57:01,0
CASSPTFVAGANVLTF,QYIKWPWYI,B*27:09,0
CASSPTFVAGANVLTF,NYNYLYRLF,B*08:01,0
CASSPTFVAGANVLTF,CTELKLSDY,B*08:01,0
CASSPTFVAGANVLTF,HPVGEADYFEY,A*11:01,0
CASSPTGLVYEQF,RFPLTFGWCF,B*38:01,0
CASSPTGLVYEQF,YLQPRTFLL,A*01:01,0
CASSPTGLVYEQF,SLLWMNPFV,B*38:01,0
CASSPTGLVYEQF,LLFALYFSA,A*24:02,0
CASSPTGLVYEQF,FLYNPLTRV,B*35:08,0
CASSPTGLVYEQF,ALSPVIPHI,B*38:01,0
CASSPTGNEQFF,FLTVFSHFM,A*03:01,0
CASSPTGNEQFF,ILNAMITKI,B*57:01,0
CASSPTGNEQFF,RYRIGNYKL,A*30:02,0
CASSPTGNEQFF,CLGGLLTMV,B*27:05,0
CASSPTGNEQFF,RLQSLQTYV,B*37:01,0
CASSPTGRVQPQHF,KMVTVCPNT,B*57:01,0
CASSPTGRVQPQHF,SVYGDTLEK,A*68:01,0
CASSPTGRVQPQHF,GMGPLLATV,B*51:01,0
CASSPTGRVQPQHF,RFPLTFGWCF,B*08:01,0
CASSPTGRVQPQHF,ILNVDVFTL,B*27:05,0
CASSPTGRVQPQHF,LLWNGPMAV,B*27:09,0
CASSPTGRVQPQHF,CLGGLLTMV,B*38:01,0
CASSPTGSYGYTF,KLLEIAPNC,B*51:01,0
CASSPTGSYGYTF,QYDPVAALF,B*37:01,0
CASSPTGSYGYTF,FEDLRLLSF,B*08:01,0
CASSPTGSYGYTF,LIIPFIHLI,A*02:01,0
CASSPTGSYGYTF,LLFGMPPCL,B*27:09,0
CASSPTGSYGYTF,ILNVDIFTL,B*08:01,0
CASSPTGSYGYTF,EAAGIGILTV,A*01:01,0
CASSPTGTGGSDTQYF,SLLMWITQA,B*35:08,0
CASSPTGTGGSDTQYF,MLYQHLLPL,B*35:08,0
CASSPTGTGGSDTQYF,VLFHRAFLV,A*68:01,0
CASSPTGTGGSDTQYF,ILTGLNYEV,A*11:01,0
CASSPTGTGGSDTQYF,GILGFVFTL,B*27:09,0
CASSPTMHYEQYF,LLAMTVPNV,B*37:01,0
CASSPTMHYEQYF,CFLLILPNC,A*30:02,0
CASSPTMHYEQYF,EAAGIGILTV,A*30:02,0
CASSPTMHYEQYF,FLYNPLTRV,B*38:01,0
CASSPTMHYEQYF,GCQEICPAC,B*57:01,0
CASSPTMHYEQYF,VLNYFEPYL,A*03:01,0
CASSPTMHYEQYF,LLFALYFSA,B*27:05,0
CASSPTPAGGAYEQYF,DATYQRTRALVR,B*38:01,0
CASSPTPAGGAYEQYF,GQFLTPNSH,B*27:09,0
CASSPTPAGGAYEQYF,VLNYFKPYL,B*57:01,0
CASSPTPGTGETQYF,NLNCCSVPV,B*38:01,0
CASSPTPGTGETQYF,AEMEFCPCC,B*07:02,0
CASSPTPGTGETQYF,SLLMPILTL,A*68:01,0
CASSPTPGTGETQYF,MLNIPSINV,A*01:01,0
CASSPTPGTGETQYF,QYIKWPWYI,A*02:01,0
CASSPTPGTGETQYF,VSDGGPNLY,A*03:01,0
CASSPTPGTGETQYF,HPVGEADYFEY,A*11:01,0
CASSPTPGTGETQYF,LLFALHFSA,B*15:01,0
CASSPTPGTGETQYF,CFLLILPNC,B*08:01,0
CASSPTQREQYF,HTMLCMCCK,A*30:02,0
CASSPTQREQYF,LLSIIFFPA,B*08:01,0
CASSPTQREQYF,FLTVFSHFM,A*01:01,0
CASSPTQREQYF,NDMLVCANI,A*30:02,0
CASSPTQREQYF,KLSALGINAV,B*37:01,0
CASSPTQREQYF,FEDLRVSSF,A*01:01,0
CASSPTRLVSSYNEQFF,ILTGLNYEA,B*38:01,0
CASSPTRLVSSYNEQFF,RTMEVCYNT,B*27:05,0
CASSPTRLVSSYNEQFF,GQVMVVAPR,A*11:01,0
CASSPTRLVSSYNEQFF,SPRWYFYYL,A*03:01,0
CASSPTRLVSSYNEQFF,KLNTITPVV,A*02:01,0
CASSPTRLVSSYNEQFF,SLLMWITQA,B*38:01,0
CASSPTRLVSSYNEQFF,VVMSWAPPV,B*35:08,0
CASSPTSGGYEQYF,VVMSWAPPV,B*08:01,0
CASSPTSGGYEQYF,LLSIISFPA,B*15:01,0
CASSPTSGGYEQYF,MMPFSIVYI,A*30:02,0
CASSPTSGGYEQYF,LLSIISFPA,B*27:09,0
CASSPTSGGYEQYF,GKTELLAPF,A*03:01,0
CASSPTSGGYEQYF,LLAMTVPNV,A*68:01,0
CASSPTSGGYEQYF,FMLYLLTLM,A*02:01,0
CASSPTSGGYEQYF,GQMWLLAPR,B*51:01,0
CASSPTSGGYEQYF,VLFHRAFLV,B*35:01,0
CASSPTSGIYEQYF,NLNCCSVPV,B*27:05,0
CASSPTSGIYEQYF,MLYQHLLPL,B*37:01,0
CASSPTSGIYEQYF,GKTELLAPF,B*38:01,0
CASSPTSGIYEQYF,ILNAMITKI,B*35:01,0
CASSPTSGIYEQYF,RQLLFVVEV,A*03:01,0
CASSPTSGIYEQYF,IMDQVPFSV,A*24:02,0
CASSPTSGIYEQYF,GKTELLAPF,A*68:01,0
CASSPTSGIYEQYF,YLQPRTFLL,B*57:01,0
CASSPTSGIYEQYF,ALSPVIPLI,A*03:01,0
CASSPTSGSYEQYF,SLLWMNPFV,B*51:01,0
CASSPTSGSYEQYF,YLEPGPVTA,B*38:01,0
CASSPTSGSYEQYF,YVLDHLIVV,B*07:02,0
CASSPTSGSYEQYF,RPPIFIRRL,B*35:08,0
CASSPTSGSYEQYF,SLAPLSPRV,A*01:01,0
CASSPTSGSYEQYF,FEDLRVSSF,B*15:01,0
CASSPTTGADTQYF,AVGSYVYSV,B*07:02,0
CASSPTTGADTQYF,VLNYFKPYL,B*35:01,0
CASSPTTGADTQYF,LLSIIFFPA,B*38:01,0
CASSPTTGADTQYF,SLAPLSPRV,A*03:01,0
CASSPTTRTRYYGYTF,CFLLILPNC,B*35:08,0
CASSPTTRTRYYGYTF,AEMEFCPCC,B*35:08,0
CASSPVAGGAYNEQF,GQMWLLAPR,B*35:01,0
CASSPVAGGAYNEQF,RYPLTFGW,B*08:01,0
CASSPVAGGAYNEQF,LPRWYFYYL,B*27:09,0
CASSPVAGGAYNEQF,VAANIVLTV,A*03:01,0
CASSPVAGGAYNEQF,RYRIGNYKL,A*68:01,0
CASSPVAGGAYNEQF,SLLMPILTL,A*03:01,0
CASSPVGYEQYF,GQMWLLAPR,B*35:08,0
CASSPVGYEQYF,GCQEICPAC,B*07:02,0
CASSPVGYEQYF,ALYGSVPVL,B*37:01,0
CASSPVGYEQYF,DATYQRTRALVR,A*11:01,0
CASSPVGYEQYF,KLNTITPVV,B*51:01,0
CASSPVGYEQYF,RFPLTFGWCF,B*07:02,0
CASSPVTGGIYGYTGF,IPSINVHHY,B*07:02,0
CASSPVTGGIYGYTGF,LLFALHFSA,B*38:01,0
CASSPVTGGIYGYTGF,AEMEFCPCC,A*24:02,0
CASSPVTGGIYGYTGF,SLLMPILTL,B*15:01,0
CASSPVTGGIYGYTGF,NLFNRYPAL,A*24:02,0
CASSPVTGTGTYGYTF,VLNYFEPYL,B*35:08,0
CASSPVTGTGTYGYTF,KLVALGINAV,A*68:01,0
CASSPVTGTGTYGYTF,RPRGEVRFL,B*38:01,0
CASSPVTGTGTYGYTF,LLFALYFSA,A*24:02,0
CASSPVTGTGTYGYTF,FLRGRAYGL,B*07:02,0
CASSPVTGTGTYGYTF,LLSIIFFPA,A*68:01,0
CASSPVTGTGTYGYTF,ALSPVIPHI,A*30:02,0
CASSPVTGTGTYGYTF,GILGFVFTL,B*07:02,0
CASSPVVTPTTDTQYF,FEDLRVSSF,B*15:01,0
CASSPVVTPTTDTQYF,FLYNPLTRV,A*03:01,0
CASSPWDRANTGELF,LLFGMTPCL,B*35:08,0
CASSPWDRANTGELF,LLSIISFPA,A*24:02,0
CASSPWDRANTGELF,RFPLTFGWCF,B*35:08,0
CASSPWDRANTGELF,GMGPLLATV,A*68:01,0
CASSPWEMNTEAFF,KLVALGINAV,A*24:02,0
CASSPWEMNTEAFF,KVKEVCPNV,B*27:09,0
CASSPWEMNTEAFF,ILTGLNYEV,A*24:02,0
CASSPWEMNTEAFF,ALSKGVHFV,A*68:01,0
CASSPWTGIPYNSPLHF,GQFLTPNSH,B*51:01,0
CASSPWTGIPYNSPLHF,YLQPRTFLL,A*30:02,0
CASSPWTGIPYNSPLHF,GCQEICPAC,B*08:01,0
CASSPWTGIPYNSPLHF,AEMEFCPCC,B*07:02,0
CASSPWTGIPYNSPLHF,YLEPGPVTA,B*27:05,0
CASSPWTGIPYNSPLHF,CTELKLNDY,B*51:01,0
CASSPWTGIPYNSPLHF,RYRIGNYKL,A*02:01,0
CASSPWTGIPYNSPLHF,LLWNGPMAV,A*30:02,0
CASSPWTGTLNTEAF,RPRGEVRFL,A*03:01,0
CASSPWTGTLNTEAF,ILNVDVFTL,B*35:08,0
CASSPWTGTLNTEAF,LLAILTYYV,A*02:01,0
CASSPWTGTLNTEAF,MLNIPSINV,A*68:01,0
CASSPWTGTLNTEAF,GQMWLLAPR,A*68:01,0
CASSPWTGTLNTEAF,GILGFVFTL,A*68:01,0
CASSPWTGTLNTEAF,MMPFSIVYI,B*27:09,0
CASSPWTLNEQYF,AVGSYVYSV,B*38:01,0
CASSPWTLNEQYF,ALSPVIPLI,B*57:01,0
CASSPWTLNEQYF,SLAPLSPRV,A*01:01,0
CASSPWTLNEQYF,RTMEVCYNT,B*08:01,0
CASSPYGQGGRDTEAFF,GQFLTPNSH,B*37:01,0
CASSPYGQGGRDTEAFF,KAFSPEVIPMF,B*27:09,0
CASSPYGQGGRDTEAFF,RTMEVCYNT,A*03:01,0
CASSPYGQGGRDTEAFF,FEDLRVSSF,B*27:09,0
CASSPYGQGGRDTEAFF,RYPLTFGW,B*27:05,0
CASSPYRTGNIQYF,CFVECAPVC,A*03:01,0
CASSPYRTGNIQYF,LLSIIFFPA,B*07:02,0
CASSPYRTGNIQYF,VVMSWAPPV,B*27:05,0
CASSPYRTGNIQYF,VAANIVLTV,B*07:02,0
CASSPYRTGNIQYF,MIISHLYLI,B*15:01,0
CASSPYSNQPQHF,KVKEVCPNV,B*37:01,0
CASSPYSNQPQHF,RYRIGNYKL,B*57:01,0
CASSPYSNQPQHF,EIQEFCPNT,B*37:01,0
CASSPYSNQPQHF,GQFLTPNSH,A*02:01,0
CASSPYTDRQENYGYTF,RQLLFVVEV,A*30:02,0
CASSPYTDRQENYGYTF,ALSKGVHFV,A*11:01,0
CASSPYTDRQENYGYTF,RYRIGNYKL,B*35:01,0
CASSPYTDRQENYGYTF,VVLSWAPPV,B*07:02,0
CASSPYTDRQENYGYTF,RQLLFVVEV,A*02:01,0
CASSPYTDRQENYGYTF,KTFPPTEPK,B*51:01,0
CASSPYTDRQENYGYTF,CTELKLNDY,A*02:01,0
CASSPYTDRQENYGYTF,VMHANYIFW,B*57:01,0
CASSQAASGDSYEQYF,LLFGMPPCL,A*03:01,0
CASSQAASGDSYEQYF,LLWNGPMAV,A*30:02,0
CASSQAASGDSYEQYF,MLNIPSINV,A*24:02,0
CASSQAASGDSYEQYF,RYPLTFGWCF,A*24:02,0
CASSQAASGDSYEQYF,VAANIVLTV,B*27:09,0
CASSQAENYGYTF,FMLYLLTLM,B*15:01,0
CASSQAENYGYTF,ALSPVIPLI,A*24:02,0
CASSQAENYGYTF,LLWNGPMAV,B*35:08,0
CASSQAENYGYTF,RLQSLQTYV,B*51:01,0
CASSQAENYGYTF,IPSINVHHY,B*35:08,0
CASSQAENYGYTF,FEDLRVSSF,B*37:01,0
CASSQAGEQYF,GKTELLAPF,B*07:02,0
CASSQAGEQYF,MTLHGFMMY,B*38:01,0
CASSQAGEQYF,QSRGDENRGW,A*30:02,0
CASSQAGEQYF,ALSPVIPLI,A*01:01,0
CASSQAGEQYF,RYPLTFGW,B*27:09,0
CASSQAGEQYF,KTWGQYWQV,B*27:09,0
CASSQAGTSYEQYF,ILNVDIFTL,B*07:02,0
CASSQAGTSYEQYF,NLNCCSVPV,A*02:01,0
CASSQAHTGELFF,VLNYFEPYL,A*02:01,0
CASSQAHTGELFF,KLWASPLHV,B*37:01,0
CASSQAHTGELFF,FLIYLDVSV,A*30:02,0
CASSQAHTGELFF,MLYQHLLPL,B*35:08,0
CASSQALAYEQYF,LMFWASSSI,A*02:01,0
CASSQALAYEQYF,VYFLQSINF,B*15:01,0
CASSQALAYEQYF,KVKEVCPNV,A*68:01,0
CASSQALAYEQYF,LLAMTVPNV,B*51:01,0
CASSQARGGAETQYF,VMPFSIVYI,A*11:01,0
CASSQARGGAETQYF,HTMLCMCCK,B*27:05,0
CASSQARGGAETQYF,ILNAMIAKI,A*11:01,0
CASSQARGGAETQYF,LLFALYFSA,B*27:09,0
CASSQARGGAETQYF,RLVPYLEFL,B*15:01,0
CASSQARGGAETQYF,GQFLTPNSH,B*07:02,0
CASSQARGGAETQYF,KLNTITPVV,A*11:01,0
CASSQARGGAETQYF,SLLWMNPFV,B*35:01,0
CASSQARGGAETQYF,RYPLTFGW,A*24:02,0
CASSQASLVMTGGDEQYF,VLNYFKPYL,B*57:01,0
CASSQASLVMTGGDEQYF,AVGSYVYSV,A*03:01,0
CASSQASLVMTGGDEQYF,GILGFVFTL,A*03:01,0
CASSQASLVMTGGDEQYF,LLAILTYYV,B*07:02,0
CASSQASLVMTGGDEQYF,RPPIFIRRL,A*24:02,0
CASSQASLVMTGGDEQYF,RLGPYLEFL,A*01:01,0
CASSQASLVMTGGDEQYF,KTFPPTEPK,B*35:08,0
CASSQATGYEQYF,LIIPFIHLI,A*68:01,0
CASSQATGYEQYF,MTLHGFMMY,B*27:09,0
CASSQATGYEQYF,GMGPLLATV,B*15:01,0
CASSQATGYEQYF,GILGFVFTL,A*02:01,0
CASSQATGYEQYF,FLTVFSHFM,A*30:02,0
CASSQATGYEQYF,FTSDYYQLY,A*01:01,0
CASSQATGYEQYF,LPRWYFYYL,A*68:01,0
CASSQATGYEQYF,LVLEVDPNI,A*01:01,0
CASSQAVNTGELFF,HPVGEADYFEY,B*08:01,0
CASSQAVNTGELFF,QSRGDENRGW,B*27:09,0
CASSQAVNTGELFF,KMVAVFYTT,B*51:01,0
CASSQAVNTGELFF,SLLMWITQC,B*27:05,0
CASSQDAGLYNQPQHF,LMFWASSSI,A*24:02,0
CASSQDAGLYNQPQHF,LRVMMLAPF,B*27:09,0
CASSQDAGLYNQPQHF,VLFHRAFLV,A*11:01,0
CASSQDAGLYNQPQHF,LLAMTVPNV,A*03:01,0
CASSQDAGLYNQPQHF,YVLTWIVGA,B*27:05,0
CASSQDAGLYNQPQHF,ALSKGVHFV,B*51:01,0
CASSQDAGTAHVGEQFF,LLAGTLAGV,B*51:01,0
CASSQDAGTAHVGEQFF,LVLEVDPNI,B*27:05,0
CASSQDAGTAHVGEQFF,VYIGDPAQL,A*30:02,0
CASSQDAGTAHVGEQFF,TAFTIPSI,B*15:01,0
CASSQDAGTAHVGEQFF,KAFSPEVIPMF,B*38:01,0
CASSQDAGTAHVGEQFF,FEDLRVLSF,B*35:01,0
CASSQDEGYEQYF,FLTVFSHFM,A*68:01,0
CASSQDEGYEQYF,TAFTIPSI,B*08:01,0
CASSQDEGYEQYF,VYGIRLEHF,A*68:01,0
CASSQDEGYEQYF,EIQEFCPNT,B*57:01,0
CASSQDEGYEQYF,KTWGQYWQV,B*07:02,0
CASSQDEGYEQYF,VLFHRAFLV,B*27:05,0
CASSQDEGYEQYF,ILNVDVFTL,B*08:01,0
CASSQDEGYEQYF,RLPGVLPRA,B*35:01,0
CASSQDGAGTPFTEAFF,NLNCCSVPV,B*07:02,0
CASSQDGAGTPFTEAFF,RPIPIKYKAM,B*27:09,0
CASSQDGAGTPFTEAFF,ELAGIGILTV,A*30:02,0
CASSQDGAGTPFTEAFF,AEMEFCPCC,A*03:01,0
CASSQDGAGTPFTEAFF,TAFTIPSI,A*03:01,0
CASSQDGFSGTYTF,FEDLRLLSF,B*35:01,0
CASSQDGFSGTYTF,MLYQHLLPL,B*57:01,0
CASSQDGFSGTYTF,NMIHFAPNV,B*15:01,0
CASSQDGFSGTYTF,YVLTWIVGA,B*51:01,0
CASSQDGFSGTYTF,RLQSLQTYV,A*11:01,0
CASSQDGFSGTYTF,MTLHGFMMY,B*38:01,0
CASSQDGFSGTYTF,FLTVFSHFM,A*02:01,0
CASSQDGFSGTYTF,VLNYFEPYL,B*07:02,0
CASSQDGISTGDQPQHF,RLPGVLPRA,B*15:01,0
CASSQDGISTGDQPQHF,RYPLTFGWCF,A*68:01,0
CASSQDGISTGDQPQHF,FEDLRVSSF,B*57:01,0
CASSQDGVQHF,LLAMTVPNV,A*03:01,0
CASSQDGVQHF,RTMEVCYNT,B*38:01,0
CASSQDHRVMRLDAGELFF,KAFSPEVIPMF,A*30:02,0
CASSQDHRVMRLDAGELFF,LLFGMTPCL,B*35:01,0
CASSQDHRVMRLDAGELFF,LLSIISFPA,A*03:01,0
CASSQDHRVMRLDAGELFF,KTFPPTEPK,A*03:01,0
CASSQDHRVMRLDAGELFF,KAFSPEVIPMF,A*68:01,0
CASSQDHRVMRLDAGELFF,SLAPLSPRA,B*15:01,0
CASSQDIWTSGYTF,SPRWYFYYL,A*02:01,0
CASSQDIWTSGYTF,THLMVLCCV,A*02:01,0
CASSQDIWTSGYTF,KTFPPTEPK,B*08:01,0
CASSQDIWTSGYTF,ALSPVIPLI,B*37:01,0
CASSQDIWTSGYTF,LPRWYFYYL,A*24:02,0
CASSQDIWTSGYTF,TTDPSFLGRY,B*27:05,0
CASSQDLGGAYEQYF,KAFSPEVIPMF,A*01:01,0
CASSQDLGGAYEQYF,VYGIRLEHF,B*27:09,0
CASSQDLGGAYEQYF,ILNAMIAKI,A*03:01,0
CASSQDLGGAYEQYF,VLNYFEPYL,B*27:05,0
CASSQDLGGAYEQYF,MMPFSIVYI,A*24:02,0
CASSQDLGSYNSPLHF,FLYNLLTRV,A*02:01,0
CASSQDLGSYNSPLHF,YHSIEWAI,B*35:08,0
CASSQDLGSYNSPLHF,RFPLTFGWCF,B*57:01,0
CASSQDLGSYNSPLHF,NLFNRYPAL,B*35:08,0
CASSQDLGTGNTIYF,VLNYFKPYL,B*15:01,0
CASSQDLGTGNTIYF,KTWGQYWQV,B*57:01,0
CASSQDLGTGNTIYF,RFPLTFGWCF,A*01:01,0
CASSQDLGTGNTIYF,TAFTIPSI,A*01:01,0
CASSQDMGGYNQPQHF,FEDLRVLSF,A*68:01,0
CASSQDMGGYNQPQHF,VYGIRLEHF,B*57:01,0
CASSQDMGGYNQPQHF,GQMWLLAPR,A*01:01,0
CASSQDMGGYNQPQHF,SVYGDTLEK,B*15:01,0
CASSQDNPYGANTEAFF,VYFLQSINF,A*30:02,0
CASSQDNPYGANTEAFF,HTMLCMCCK,B*38:01,0
CASSQDNPYGANTEAFF,KLNTITPVV,A*68:01,0
CASSQDNPYGANTEAFF,ALYGFVPVL,B*07:02,0
CASSQDNPYGANTEAFF,LMFWASSSI,B*27:09,0
CASSQDNPYGANTEAFF,YLQPRTFLL,B*37:01,0
CASSQDNPYGANTEAFF,LLAGTLAGV,B*35:08,0
CASSQDPFAVLNTEAF,VYGIRLEHF,B*27:05,0
CASSQDPFAVLNTEAF,KAFSPEVIPMF,A*11:01,0
CASSQDPFAVLNTEAF,ITDQVPFSV,B*08:01,0
CASSQDPFAVLNTEAF,GILGFVFTL,B*35:08,0
CASSQDPFAVLNTEAF,LLFALHFSA,B*35:08,0
CASSQDPFAVLNTEAF,VLFHRAFLV,B*07:02,0
CASSQDPFAVLNTEAF,KMVAVFYNT,B*15:01,0
CASSQDPFAVLNTEAF,YVLDHLIVV,B*35:01,0
CASSQDPFAVLNTEAF,LRVMMLAPF,A*11:01,0
CASSQDPGFGGGSYEQYF,FTSDYYQLY,A*24:02,0
CASSQDPGFGGGSYEQYF,RQLLFVVEV,B*37:01,0
CASSQDPGIQETQYF,SLLWMNPFV,A*01:01,0
CASSQDPGIQETQYF,VYFLQSINF,A*30:02,0
CASSQDPGIQETQYF,QSRGDENRGW,B*38:01,0
CASSQDPGIQETQYF,LMFWASSSI,A*68:01,0
CASSQDPGIQETQYF,LLAILTYYV,B*15:01,0
CASSQDPGQGYNEQFF,FEDLRVSSF,A*01:01,0
CASSQDPGQGYNEQFF,ALSKGVHFV,B*57:01,0
CASSQDPGQGYNEQFF,FLTVFSHFM,B*51:01,0
CASSQDPGQGYNEQFF,CTELKLNDY,A*11:01,0
CASSQDPGQGYNEQFF,FEDLRVLSF,A*24:02,0
CASSQDPGQGYNEQFF,VVLSWAPPV,B*35:08,0
CASSQDPGQGYNEQFF,RYPLTFGW,B*51:01,0
CASSQDPGQGYNEQFF,GQMWLLAPR,A*02:01,0
CASSQDPGQGYNEQFF,FTSDYYQLY,B*07:02,0
CASSQDPGQGYNEQFF,FEDLRLLSF,B*51:01,0
CASSQDQGAYNQPQHF,TAFTIPSI,B*08:01,0
CASSQDQGAYNQPQHF,NLFNRYPAL,A*24:02,0
CASSQDQGAYNQPQHF,YLEPGPVTA,A*03:01,0
CASSQDRFTDPYGYTF,VSDGGPNLY,B*51:01,0
CASSQDRFTDPYGYTF,RTMEVCYNT,A*11:01,0
CASSQDRFTDPYGYTF,YVLTWIVGA,B*35:01,0
CASSQDRFTDPYGYTF,ILTGLNYEV,B*38:01,0
CASSQDRFTDPYGYTF,ALYGSVPVL,B*35:08,0
CASSQDRFTDPYGYTF,LLWNGPMAV,A*01:01,0
CASSQDRFTDPYGYTF,VLFGLGFAI,A*01:01,0
CASSQDRGGLTGELFF,KMVTVCPNT,A*11:01,0
CASSQDRGGLTGELFF,KMVAVFYTT,A*03:01,0
CASSQDRGGLTGELFF,ALYGSVPVL,A*03:01,0
CASSQDRGGLTGELFF,VLFHRAFLV,B*38:01,0
CASSQDRGGLTGELFF,RTMEVCYNT,B*57:01,0
CASSQDRGGLTGELFF,RPIPIKYKAM,B*08:01,0
CASSQDRGGLTGELFF,GILGFVFTL,A*02:01,0
CASSQDRGGLTGELFF,LLSIISFPA,A*11:01,0
CASSQDRGKDTQYF,TRLALIAPK,B*35:01,0
CASSQDRGKDTQYF,RFPLTFGWCF,B*08:01,0
CASSQDRGKDTQYF,LPRWYFYYL,A*30:02,0
CASSQDRGKDTQYF,QYIKWPWYI,B*38:01,0
CASSQDRGKDTQYF,VLNYFKPYL,B*51:01,0
CASSQDRGKDTQYF,IMDQVPFSV,A*11:01,0
CASSQDRGKDTQYF,LLAGTLAGV,A*24:02,0
CASSQDRGNEQFF,MTLHGFMMY,A*24:02,0
CASSQDRGNEQFF,LLSIIFFPA,B*38:01,0
CASSQDRGNEQFF,KMVAVFYTT,B*37:01,0
CASSQDRGNEQFF,LLFGMTPCL,A*68:01,0
CASSQDRGNEQFF,ALSKGVHFV,B*51:01,0
CASSQDRGNEQFF,HTMLCMCCK,A*24:02,0
CASSQDRGNEQFF,RPIPIKYKAM,B*38:01,0
CASSQDRGNEQFF,VSDGGPNLY,B*27:05,0
CASSQDRGQGGSYEQYF,ILNAMITKI,A*11:01,0
CASSQDRGQGGSYEQYF,RYPLTFGWCF,A*02:01,0
CASSQDRGQGGSYEQYF,CTELKLSDY,B*07:02,0
CASSQDRNYGYTF,RPRGEVRFL,B*35:08,0
CASSQDRNYGYTF,FEDLRLLSF,B*27:05,0
CASSQDRNYGYTF,SLLMPILTL,B*38:01,0
CASSQDRNYGYTF,LLFGMPPCL,B*35:01,0
CASSQDRNYGYTF,VMPFSIVYIV,A*24:02,0
CASSQDRNYGYTF,VVLSWAPPV,B*07:02,0
CASSQDRNYGYTF,ALSPVIPLI,A*01:01,0
CASSQDRNYGYTF,CFVECAPVC,B*38:01,0
CASSQDRPNYYGYTF,VMHANYIFW,B*51:01,0
CASSQDRPNYYGYTF,LLFGYPVYV,B*27:05,0
CASSQDRPNYYGYTF,ITDQVPFSV,B*08:01,0
CASSQDRPNYYGYTF,LLSIIFFPA,B*38:01,0
CASSQDTGAGGSHEQYF,ALSPVIPLI,A*30:02,0
CASSQDTGAGGSHEQYF,LLAGTLAVV,B*27:09,0
CASSQDTGAGGSHEQYF,TTDPSFLGRY,B*37:01,0
CASSQDTGAGGSHEQYF,RPPIFIRRL,B*35:08,0
CASSQDTGYEQYF,QKRPIPIKYKAM,A*03:01,0
CASSQDTGYEQYF,LVLEVDPNI,A*24:02,0
CASSQDTGYEQYF,KLLEIAPNC,A*68:01,0
CASSQDTGYEQYF,EAAGIGILTV,B*35:08,0
CASSQDTGYEQYF,NLVPMVATV,B*57:01,0
CASSQDTGYEQYF,CLGGLLTMV,A*03:01,0
CASSQDVAGGYGYTF,KLVALGINAV,B*38:01,0
CASSQDVAGGYGYTF,KLLEIAPNC,B*37:01,0
CASSQDVAGGYGYTF,FLYNLLTRV,B*27:05,0
CASSQDVAGGYGYTF,EAAGIGILTV,A*24:02,0
CASSQDVAGGYGYTF,RPRGEVRFL,B*15:01,0
CASSQDVAGGYGYTF,KLLEIAPNC,B*07:02,0
CASSQDVAGGYGYTF,SLLMWITQA,B*35:01,0
CASSQDVAGGYGYTF,VYIGDPAQL,B*27:09,0
CASSQDVSRLAHLSTDTQNF,TSTLQEQIGW,B*27:05,0
CASSQDVSRLAHLSTDTQNF,THLMVLCCV,A*01:01,0
CASSQDVSRLAHLSTDTQNF,SLAPLSPRV,A*24:02,0
CASSQDWAASNSPLHF,ALSKGVHFV,B*08:01,0
CASSQDWAASNSPLHF,IPSINVHHY,B*51:01,0
CASSQDWAASNSPLHF,MMPFSIVYI,B*35:08,0
CASSQDWAASNSPLHF,YVLTWIVGA,B*08:01,0
CASSQDWAASNSPLHF,NMIHFAPNV,A*01:01,0
CASSQDWAASNSPLHF,VLNYFEPYL,B*38:01,0
CASSQDWAASNSPLHF,KTFPPTEPK,B*08:01,0
CASSQDWAASNSPLHF,NLVPMVATV,A*03:01,0
CASSQDWAASNSPLHF,KLSALGINAV,B*35:08,0
CASSQDWGNEQFF,RLQSLQTYV,A*01:01,0
CASSQDWGNEQFF,RYRIGNYKL,B*27:09,0
CASSQDWGNEQFF,KRPIPIKYKAM,B*51:01,0
CASSQDWGNEQFF,RLVPYLEFL,B*27:05,0
CASSQDWGNEQFF,LLSIIFFPA,B*07:02,0
CASSQDWGNEQFF,ILTGLNYEV,B*35:08,0
CASSQDWGNEQFF,LLFGMTPCL,A*30:02,0
CASSQDWGNEQFF,SLLMPILTL,A*24:02,0
CASSQDYWGGGADTQYF,GQFLTPNSH,B*51:01,0
CASSQDYWGGGADTQYF,KLVALGINAV,B*08:01,0
CASSQDYWGGGADTQYF,RLGPYLEFL,B*35:01,0
CASSQDYWGGGADTQYF,VLNYFKPYL,B*27:05,0
CASSQDYWGGGADTQYF,YVLDHLIVV,B*15:01,0
CASSQEAFNYEQYF,IMDQVPFSV,B*51:01,0
CASSQEAFNYEQYF,ALSKGVHFV,B*35:01,0
CASSQEAFNYEQYF,LVLEVDPNI,A*02:01,0
CASSQEAFNYEQYF,RTMEVCYNT,A*30:02,0
CASSQEAFNYEQYF,YLEPGPVTA,B*27:09,0
CASSQEAFNYEQYF,SLLWMNPFV,B*08:01,0
CASSQEAGAYNQPQHF,GQFLTPNSH,A*30:02,0
CASSQEAGAYNQPQHF,FMLYLLTLM,B*51:01,0
CASSQEAGAYNQPQHF,GILGFVFTL,B*37:01,0
CASSQEAGAYNQPQHF,ILNAMIAKI,B*35:08,0
CASSQEAGAYNQPQHF,RFPLTFGWCF,B*57:01,0
CASSQEAGAYNQPQHF,GILGFVFTL,B*15:01,0
CASSQEAGGGTGELF,ILTGLNYEV,B*15:01,0
CASSQEAGGGTGELF,SPRWYFYYL,A*24:02,0
CASSQEAGGGTGELF,RLVPYLEFL,A*01:01,0
CASSQEAGGGTGELF,KTFPPTEPK,B*38:01,0
CASSQEAGTGTYEQYF,HTMLCMCCK,A*68:01,0
CASSQEAGTGTYEQYF,CTELKLSDY,B*27:05,0
CASSQEAGTGTYEQYF,MMPFSIVYI,B*08:01,0
CASSQEAGTGTYEQYF,FLIYLDVSV,B*07:02,0
CASSQEAGTGTYEQYF,MLNIPSINV,A*03:01,0
CASSQEAGTGTYEQYF,NMIHFAPNV,B*57:01,0
CASSQEAGTGTYEQYF,VMPFSIVYI,A*68:01,0
CASSQEAGTGTYEQYF,YHSIEWAI,A*01:01,0
CASSQEAYNYEQYF,ILNAMITKI,A*30:02,0
CASSQEAYNYEQYF,VLFHRAFLV,B*35:08,0
CASSQEAYNYEQYF,YHSIEWAI,A*02:01,0
CASSQEAYNYEQYF,VLNYFKPYL,B*38:01,0
CASSQEAYNYEQYF,LPRWYFYYL,B*27:05,0
CASSQEAYNYEQYF,IVCPICSQK,B*27:09,0
CASSQEAYNYEQYF,LLAMTVPNV,A*01:01,0
CASSQEAYNYEQYF,RFPLTFGWCF,A*30:02,0
CASSQEAYNYEQYF,LIIPFIHLI,B*35:01,0
CASSQEAYNYEQYF,NDMLVCANI,A*01:01,0
CASSQEDGFTEAFF,VYIGDPAQL,B*57:01,0
CASSQEDGFTEAFF,KMVAVFYNT,A*24:02,0
CASSQEDGFTEAFF,ILNVDVFTL,B*08:01,0
CASSQEDGFTEAFF,IVCPICSQK,A*01:01,0
CASSQEGEAHNEQFF,YHSIEWAI,B*27:05,0
CASSQEGEAHNEQFF,MLNIPSINV,B*27:09,0
CASSQEGEAHNEQFF,SLLMPILTL,B*38:01,0
CASSQEGEAHNEQFF,VYGIRLEHF,B*07:02,0
CASSQEGEAHNEQFF,KAFSPEVIPMF,B*27:09,0
CASSQEGEAHNEQFF,ILNVDVFTL,B*35:01,0
CASSQEGIEQF,RLVPYLEFL,B*57:01,0
CASSQEGIEQF,ELAGIGILTV,B*27:05,0
CASSQEGIEQF,IVCPICSQK,B*38:01,0
CASSQEGRGAFF,TTDPSFLGRY,B*38:01,0
CASSQEGRGAFF,SLAPLSPRV,B*57:01,0
CASSQEGRGAFF,VLNYFEPYL,B*38:01,0
CASSQEGRGAFF,DATYQRTRALVR,B*51:01,0
CASSQEGRGAFF,RTMEVCYNT,B*07:02,0
CASSQEGSAGLETQYF,IVCPICSQK,B*35:01,0
CASSQEGSAGLETQYF,LLAGTLAVV,A*11:01,0
CASSQEGSAGLETQYF,NMIHFAPNV,A*02:01,0
CASSQEGSAGLETQYF,VLNYFEPYL,A*01:01,0
CASSQEGTAYEQYF,KLNTITPVV,A*24:02,0
CASSQEGTAYEQYF,VMPFSIVYIV,A*11:01,0
CASSQEHERGPQHF,IPSINVHHY,B*08:01,0
CASSQEHERGPQHF,VSDGGPNLY,B*38:01,0
CASSQEHERGPQHF,KVKEVCPNV,B*57:01,0
CASSQEHERGPQHF,ALSKGVHFV,B*15:01,0
CASSQEHERGPQHF,GMGPLLATV,B*35:01,0
CASSQEHERGPQHF,SLAPLSPRV,B*08:01,0
CASSQEHERGPQHF,YHSIEWAI,B*57:01,0
CASSQEHLGLVGEQFF,FEDLRVSSF,A*68:01,0
CASSQEHLGLVGEQFF,KTFPPTEPK,A*30:02,0
CASSQEHLGLVGEQFF,KLVALGINAV,B*57:01,0
CASSQEHLGLVGEQFF,GKTELLAPF,B*51:01,0
CASSQEHLGLVGEQFF,NYNYLYRLF,B*27:09,0
CASSQEHLGLVGEQFF,VYFLQSINF,B*07:02,0
CASSQEHLGLVGEQFF,CFLLILPNC,A*11:01,0
CASSQEIGSEQPQHFGF,FMLYLLTLM,B*57:01,0
CASSQEIGSEQPQHFGF,NYNYLYRLF,B*15:01,0
CASSQEIGSEQPQHFGF,NMINFAPNI,B*37:01,0
CASSQEIGSEQPQHFGF,KLLEIAPNC,B*37:01,0
CASSQEPSGFYEQYF,KLNTITPVV,A*11:01,0
CASSQEPSGFYEQYF,TSTLQEQIGW,B*35:01,0
CASSQEPSGFYEQYF,VYIGDPAQL,B*51:01,0
CASSQEPSGFYEQYF,KTWGQYWQV,B*57:01,0
CASSQEPSGFYEQYF,RYPLTFGW,B*07:02,0
CASSQEPSGFYEQYF,RFPLTFGWCF,B*51:01,0
CASSQEPSGFYEQYF,HPVGEADYFEY,B*35:08,0
CASSQEPSGFYEQYF,LLAGTLAVV,B*35:08,0
CASSQEPSGFYEQYF,SLAPLSPRV,B*51:01,0
CASSQEPSGFYEQYF,ILTGLNYEA,B*08:01,0
CASSQEQLGGEQYF,VYIGDPAQL,B*35:08,0
CASSQEQLGGEQYF,GQMWLLAPR,A*11:01,0
CASSQEQLGGEQYF,VVLSWAPPV,B*38:01,0
CASSQEQLGGEQYF,TRLALIAPK,B*07:02,0
CASSQEQLGGEQYF,HTMLCMCCK,B*15:01,0
CASSQEQLGGEQYF,VYGIRLEHF,B*08:01,0
CASSQEQLGGEQYF,LLFALYFSA,B*37:01,0
CASSQESVSYNEQFF,LLAGTLAGV,B*35:01,0
CASSQESVSYNEQFF,MLNIPSINV,A*02:01,0
CASSQESVSYNEQFF,LLSIISFPA,A*02:01,0
CASSQESVSYNEQFF,ILNVDVFTL,B*27:05,0
CASSQESVSYNEQFF,SPRWYFYYL,B*57:01,0
CASSQESVSYNEQFF,YVLDHLIVV,B*27:09,0
CASSQETGSYEQYF,ILTGLNYEV,A*03:01,0
CASSQETGSYEQYF,ILTGLNYEA,B*27:05,0
CASSQETGSYEQYF,RPRGEVRFL,A*01:01,0
CASSQETGSYEQYF,KMVAVFYNT,B*51:01,0
CASSQEVGLAGETQYF,YLEPGPVTA,B*07:02,0
CASSQEVGLAGETQYF,IMDQVPFSV,B*57:01,0
CASSQEVGLAGETQYF,CFLLILPNC,A*02:01,0
CASSQEVGSSYNSPLHF,VAANIVLTV,A*11:01,0
CASSQEVGSSYNSPLHF,TAFTIPSI,B*15:01,0
CASSQEVGSSYNSPLHF,LVLEVDPNI,B*27:09,0
CASSQEVGSSYNSPLHF,LLAILTYYV,B*27:09,0
CASSQEVGSSYNSPLHF,EIQEFCPNT,B*35:01,0
CASSQEVGSSYNSPLHF,LLFALYFSA,A*01:01,0
CASSQEVGSSYNSPLHF,SLAPLSPRA,A*11:01,0
CASSQEVGSSYNSPLHF,GILGFVFTL,A*24:02,0
CASSQEVGSSYNSPLHF,ELAGIGILTV,A*01:01,0
CASSQEVGSSYNSPLHF,LLFGMPPCL,B*37:01,0
CASSQEVGSSYNSPLHF,ILTGLNYEV,B*15:01,0
CASSQEVMTALQPDYGYTF,AEMEFCPCC,B*38:01,0
CASSQEVMTALQPDYGYTF,RTMEVCYNT,A*68:01,0
CASSQEVMTALQPDYGYTF,GQVMVVAPR,A*01:01,0
CASSQEWGRGTDTQYF,VYFLQSINF,B*07:02,0
CASSQEWGRGTDTQYF,TTDPSFLGRY,A*30:02,0
CASSQEWGRGTDTQYF,MMPFSIVYI,A*03:01,0
CASSQEWGRGTDTQYF,KMVTVCPNT,B*35:08,0
CASSQEWGRGTDTQYF,FLYNPLTRV,B*07:02,0
CASSQEWGRGTDTQYF,AEMEFCPCC,B*15:01,0
CASSQGAAYEQYF,LMFWASSSI,B*08:01,0
CASSQGAAYEQYF,KMVAVFYTT,B*07:02,0
CASSQGAAYEQYF,VMPFSIVYIV,A*01:01,0
CASSQGAAYEQYF,LLSIIFFPA,B*37:01,0
CASSQGAAYEQYF,KLWASPLHV,B*08:01,0
CASSQGGGGTDTQYF,YLEPGPVTA,B*38:01,0
CASSQGGGGTDTQYF,SLLMWITQA,B*35:08,0
CASSQGGSPLHF,ALSKGVHFV,A*03:01,0
CASSQGGSPLHF,TSTLQEQIGW,A*24:02,0
CASSQGGSPLHF,MIISHLYLI,A*11:01,0
CASSQGGSPLHF,GMGPLLATV,A*03:01,0
CASSQGGSPLHF,FEDLRLLSF,B*27:09,0
CASSQGGSPLHF,NYNYLYRLF,B*57:01,0
CASSQGGSPLHF,SPRWYFYYL,B*37:01,0
CASSQGGSPLHF,LLSIISFPA,B*57:01,0
CASSQGGSPLHF,QKRPIPIKYKAM,B*08:01,0
CASSQGPGTGFEGYTF,KMVAVFYTT,B*35:01,0
CASSQGPGTGFEGYTF,KLSALGINAV,B*27:09,0
CASSQGPGTGFEGYTF,CLGGLLTMV,A*24:02,0
CASSQGPGTGFEGYTF,QYIKWPWYI,B*37:01,0
CASSQGPGTGFEGYTF,RPPIFIRRL,A*03:01,0
CASSQGPNFNEKLFF,IVCPICSQK,A*68:01,0
CASSQGPNFNEKLFF,CLGGLLTMV,A*68:01,0
CASSQGPNFNEKLFF,NLVPMVATV,B*15:01,0
CASSQGPNFNEKLFF,IPSINVHHY,B*07:02,0
CASSQGPNFNEKLFF,LLFALYFSA,B*57:01,0
CASSQGPNFNEKLFF,RLGPYLEFL,A*02:01,0
CASSQGPNFNEKLFF,RYRIGNYKL,A*02:01,0
CASSQGPNFNEKLFF,MLNIPSINV,B*15:01,0
CASSQGPNYEQYF,TTDPSFLGRY,A*30:02,0
CASSQGPNYEQYF,LLFGYPVYV,B*08:01,0
CASSQGPNYEQYF,RTMEVCYNT,A*11:01,0
CASSQGPNYEQYF,FTSDYYQLY,A*24:02,0
CASSQGPNYEQYF,ILTGLNYEV,B*37:01,0
CASSQGPNYEQYF,RLGPYLEFL,B*08:01,0
CASSQGPNYEQYF,NMIHFAPNV,B*38:01,0
CASSQGPPGSGGGNEQFF,LLFALHFSA,B*38:01,0
CASSQGPPGSGGGNEQFF,LLAILTYYV,A*11:01,0
CASSQGPPGSGGGNEQFF,IVCPICSQK,A*68:01,0
CASSQGPPGSGGGNEQFF,YVLTWIVGA,A*01:01,0
CASSQGPPGSGGGNEQFF,VLFGLGFAI,A*01:01,0
CASSQGPPGSGGGNEQFF,CFLLILPNC,A*24:02,0
CASSQGPPGSGGGNEQFF,FMLYLLTLM,A*68:01,0
CASSQGPTTDTQYF,FMLYLLTLM,A*01:01,0
CASSQGPTTDTQYF,THLMVLCCV,A*30:02,0
CASSQGPTTDTQYF,NMINFAPNI,A*02:01,0
CASSQGPTTDTQYF,AVGSYVYSV,B*38:01,0
CASSQGPTTDTQYF,QYDPVAALF,B*57:01,0
CASSQGPTTDTQYF,YHSIEWAI,B*38:01,0
CASSQGPTTDTQYF,KRPIPIKYKAM,A*03:01,0
CASSQGPTTDTQYF,FTSDYYQLY,B*35:01,0
CASSQGQANEKLF,SLLMPILTL,B*35:01,0
CASSQGQANEKLF,VAANIVLTV,B*51:01,0
CASSQGQANEKLF,CTELKLNDY,B*27:05,0
CASSQGQANEKLF,GILGFVFTL,B*27:05,0
CASSQGQANEKLF,THLMVLCCV,B*08:01,0
CASSQGQANEKLF,YVLDHLIVV,B*27:09,0
CASSQGQANEKLF,LPRWYFYYL,A*11:01,0
CASSQGQGLQETQYF,GQVMVVAPR,A*24:02,0
CASSQGQGLQETQYF,SVYGDTLEK,B*51:01,0
CASSQGQGLQETQYF,SLLMWITQA,A*03:01,0
CASSQGQGLQETQYF,KLVALGINAV,B*35:01,0
CASSQGQGLQETQYF,TSTLQEQIGW,B*37:01,0
CASSQGQGLQETQYF,NMINFAPNI,A*03:01,0
CASSQGQGLQETQYF,VYFLQSINF,B*15:01,0
CASSQGQGLQETQYF,VYGIRLEHF,B*37:01,0
CASSQGQGLQETQYF,RLVPYLEFL,B*15:01,0
CASSQGQGLQETQYF,QYDPVAALF,B*15:01,0
CASSQGQGSLQYF,ALYGFVPVL,B*35:01,0
CASSQGQGSLQYF,VMPFSIVYIV,A*03:01,0
CASSQGQGSLQYF,NLNCCSVPV,A*30:02,0
CASSQGQGSLQYF,KVKEVCPNV,B*37:01,0
CASSQGQGSLQYF,KLWASPLHV,A*11:01,0
CASSQGSDEQYF,GQFLTPNSH,A*02:01,0
CASSQGSDEQYF,YHSIEWAI,B*35:08,0
CASSQGSDEQYF,LLFALYFSA,A*24:02,0
CASSQGSDEQYF,YLEPGPVTA,B*38:01,0
CASSQGSDEQYF,YLEPGPVTA,B*35:08,0
CASSQGSDEQYF,CTELKLSDY,B*08:01,0
CASSQGSDEQYF,RQLLFVVEV,B*35:01,0
CASSQGSDEQYF,AEMEFCPCC,A*03:01,0
CASSQGSGANVLTF,NMIHFAPNV,B*35:01,0
CASSQGSGANVLTF,RTMEVCYNT,B*37:01,0
CASSQGSGANVLTF,GQMWLLAPR,B*57:01,0
CASSQGSGANVLTF,RPRGEVRFL,A*11:01,0
CASSQGSGANVLTF,LLFALHFSA,B*38:01,0
CASSQGSGANVLTF,YHSIEWAI,A*30:02,0
CASSQGSGQPQHF,SPRWYFYYL,A*30:02,0
CASSQGSGQPQHF,FEDLRVLSF,A*01:01,0
CASSQGSGQPQHF,SLAPLSPRV,B*07:02,0
CASSQGSGQPQHF,FTSDYYQLY,A*24:02,0
CASSQGSGQPQHF,KAFSPEVIPMF,B*08:01,0
CASSQGSGQPQHF,KTFPPTEPK,B*35:01,0
CASSQGSGQPQHF,FLYNLLTRV,A*02:01,0
CASSQGTGGIVDIQYF,KMVTVCPNT,B*08:01,0
CASSQGTGGIVDIQYF,ILNAMIAKI,A*30:02,0
CASSQGTGGIVDIQYF,HPVGEADYFEY,B*37:01,0
CASSQGTGGIVDIQYF,ILTGLNYEA,B*27:09,0
CASSQGTGGIVDIQYF,CLGGLLTMV,A*68:01,0
CASSQGTGGIVDIQYF,KVKEVCPNV,A*24:02,0
CASSQGTGGIVDIQYF,QSRGDENRGW,B*57:01,0
CASSQGTSGNEQF,CFLLILPNC,B*27:05,0
CASSQGTSGNEQF,GCQEICPAC,B*35:01,0
CASSQGTSGTDTQYF,VMPFSIVYI,B*57:01,0
CASSQGTSGTDTQYF,LLAMTVPNV,A*68:01,0
CASSQGTSGTDTQYF,LLAGTLAGV,A*68:01,0
CASSQGTSGTDTQYF,GILGFVFTL,B*57:01,0
CASSQGTSGTDTQYF,LPRWYFYYL,B*38:01,0
CASSQGTSRDRNQPQHF,GQMWLLAPR,B*51:01,0
CASSQGTSRDRNQPQHF,NLVPMVATV,B*07:02,0
CASSQGTSRDRNQPQHF,DATYQRTRALVR,A*02:01,0
CASSQGTSRDRNQPQHF,CTELKLSDY,B*35:08,0
CASSQGTSRDRNQPQHF,AVGSYVYSV,B*08:01,0
CASSQGTSRDRNQPQHF,VLNYFEPYL,B*35:01,0
CASSQGWGVETQYF,IMDQVPFSV,B*51:01,0
CASSQGWGVETQYF,FLYNLLTRV,B*51:01,0
CASSQGWGVETQYF,NLVPMVATV,B*38:01,0
CASSQGWGVETQYF,VMHANYIFW,B*07:02,0
CASSQGWGVETQYF,RPIPIKYKAM,B*51:01,0
CASSQGWGVETQYF,VYFLQSINF,B*35:01,0
CASSQGWGVETQYF,YVLDHLIVV,A*68:01,0
CASSQLGNEQF,CLGGLLTMV,B*37:01,0
CASSQLGNEQF,ILTGLNYEA,B*51:01,0
CASSQLGNEQF,LPRWYFYYL,A*02:01,0
CASSQLGNEQF,VAANIVLTV,A*11:01,0
CASSQLGNEQF,EAAGIGILTV,B*51:01,0
CASSQLGNEQF,VVMSWAPPV,B*15:01,0
CASSQLGNEQF,YVLTWIVGA,A*24:02,0
CASSQLPGLAGVNEQF,SLLWMNPFV,A*02:01,0
CASSQLPGLAGVNEQF,NMINFAPNI,B*35:08,0
CASSQLPGLAGVNEQF,KAFSPEVIPMF,A*02:01,0
CASSQLPGLAGVNEQF,VYIGDPAQL,B*51:01,0
CASSQLPGLAGVNEQF,DATYQRTRALVR,B*57:01,0
CASSQLPGLAGVNEQF,CTELKLSDY,B*15:01,0
CASSQLPGLAGVNEQF,LLAGTLAVV,B*07:02,0
CASSQLPGLAGVNEQF,CTELKLNDY,B*27:05,0
CASSQLPRGGYTF,VMHANYIFW,B*27:09,0
CASSQLPRGGYTF,KLSALGINAV,A*03:01,0
CASSQLPRGGYTF,AVGSYVYSV,B*07:02,0
CASSQLPRGGYTF,MMPFSIVYI,B*38:01,0
CASSQLPRGGYTF,VSDGGPNLY,B*15:01,0
CASSQLPRGGYTF,EAAGIGILTV,A*01:01,0
CASSQNPGQGIYSPLHF,LLFALHFSA,A*01:01,0
CASSQNPGQGIYSPLHF,LLSIIFFPA,A*30:02,0
CASSQNPGQGIYSPLHF,YLQPRTFLL,B*37:01,0
CASSQNPGQGIYSPLHF,VYIGDPAQL,B*37:01,0
CASSQNPGQGIYSPLHF,LLAMTVPNV,B*08:01,0
CASSQNPGQGIYSPLHF,MIISHLYLI,B*27:09,0
CASSQNPGQGIYSPLHF,SPRWYFYYL,A*24:02,0
CASSQNPGQGIYSPLHF,YVLDHLIVV,A*01:01,0
CASSQQGSEQYF,TRLALIAPK,B*27:09,0
CASSQQGSEQYF,LLWNGPMAV,B*51:01,0
CASSQQGSEQYF,LLSIISFPA,B*27:05,0
CASSQQGSEQYF,FMLYLLTLM,B*27:09,0
CASSQQGSEQYF,RPPIFIRRL,B*15:01,0
CASSQQGSEQYF,LIIPFIHLI,B*38:01,0
CASSQQGSEQYF,SLAPLSPRA,B*35:08,0
CASSQQGSEQYF,RYPLTFGWCF,A*01:01,0
CASSQQGSEQYF,LPRWYFYYL,B*27:05,0
CASSQQGSHEQYVF,QYIKWPWYI,A*01:01,0
CASSQQGSHEQYVF,QYIKWPWYI,A*11:01,0
CASSQQGSHEQYVF,FLIYLDVSV,A*24:02,0
CASSQQGSHEQYVF,ILNAMIAKI,A*02:01,0
CASSQQGSHEQYVF,YLEPGPVTA,B*07:02,0
CASSQQGSHEQYVF,ILTGLNYEA,A*68:01,0
CASSQQGSHEQYVF,LLAMTVPNV,B*38:01,0
CASSQQGSHEQYVF,FLRGRAYGL,B*35:01,0
CASSQRSGTGELFF,RLVPYLEFL,A*68:01,0
CASSQRSGTGELFF,FLYNLLTRV,A*02:01,0
CASSQRSGTGELFF,QKRPIPIKYKAM,B*15:01,0
CASSQRSGTGELFF,AVGSYVYSV,B*35:01,0
CASSQSGGGEQFF,VMPFSIVYIV,B*27:09,0
CASSQSGGGEQFF,RLPGVLPRA,B*27:09,0
CASSQSGGGEQFF,VMPFSIVYIV,B*15:01,0
CASSQSGGGEQFF,RFPLTFGWCF,A*30:02,0
CASSQSGGGEQFF,KMVAVFYNT,A*02:01,0
CASSQSGGGEQFF,LLFGMTPCL,A*11:01,0
CASSQSGGGEQFF,ILNVDVFTL,B*37:01,0
CASSQSGGGEQFF,ILNVDIFTL,A*11:01,0
CASSQSGGGEQFF,THLMVLCCV,B*27:09,0
CASSQSGGGEQFF,LLSIIFFPA,B*15:01,0
CASSQSGGGEQFF,CFLLILPNC,B*35:08,0
CASSQSGGGEQFF,SVYGDTLEK,B*51:01,0
CASSQSGTGLETQYF,NLNCCSVPV,A*03:01,0
CASSQSGTGLETQYF,RPRGEVRFL,B*07:02,0
CASSQSGTGLETQYF,THLMVLCCV,A*03:01,0
CASSQSGTGLETQYF,TAFTIPSI,A*02:01,0
CASSQSGTGLETQYF,HPVGEADYFEY,A*11:01,0
CASSQSGTGLETQYF,KLWASPLHV,A*68:01,0
CASSQSGTGLETQYF,YHSIEWAI,A*03:01,0
CASSQSGTGLETQYF,ILNAMITKI,B*27:09,0
CASSQSPGAGGTEAFF,YLEPGPVTA,B*08:01,0
CASSQSPGAGGTEAFF,FEDLRVLSF,B*37:01,0
CASSQSPGAGGTEAFF,LLAGTLAVV,A*11:01,0
CASSQSPGAGGTEAFF,GILGFVFTL,B*07:02,0
CASSQSPGAGGTEAFF,TSTLQEQIGW,B*27:05,0
CASSQSPGAGGTEAFF,LLFALYFSA,B*07:02,0
CASSQSPGAGGTEAFF,KMVAVFYTT,B*15:01,0
CASSQSPGGEQF,GCQEICPAC,A*30:02,0
CASSQSPGGEQF,GCQEICPAC,B*27:05,0
CASSQSPGGEQF,LLFALHFSA,B*35:01,0
CASSQSPGGEQF,LLAGTLAVV,A*30:02,0
CASSQSPGGEQF,LRVMMLAPF,B*07:02,0
CASSQSPGGEQF,GQVMVVAPR,A*30:02,0
CASSQSPGGEQF,RYPLTFGWCF,A*30:02,0
CASSQSPGGEQF,KTFPPTEPK,B*57:01,0
CASSQSPGGEQF,CFVECAPVC,B*27:09,0
CASSQSRDRVDF,VMHANYIFW,A*03:01,0
CASSQSRDRVDF,LIIPFIHLI,A*30:02,0
CASSQSRDRVDF,NYNYLYRLF,B*27:05,0
CASSQSRDRVDF,QSRGDENRGW,B*27:09,0
CASSQSRDRVDF,MLYQHLLPL,B*38:01,0
CASSQTAGGYEQYF,ELAGIGILTV,B*35:01,0
CASSQTAGGYEQYF,LLAILTYYV,B*35:08,0
CASSQTAGGYEQYF,FEDLRLLSF,A*11:01,0
CASSQTAGGYEQYF,DATYQRTRALVR,B*08:01,0
CASSQTAGGYEQYF,DATYQRTRALVR,B*51:01,0
CASSQTAGGYEQYF,GILGFVFTL,A*03:01,0
CASSQTAGGYEQYF,FEDLRVLSF,B*35:08,0
CASSQTAGGYEQYF,AVGSYVYSV,B*07:02,0
CASSQTATTGPGSPLHF,IVCPICSQK,B*57:01,0
CASSQTATTGPGSPLHF,KMVTVCPNT,A*01:01,0
CASSQTATTGPGSPLHF,RYRIGNYKL,A*11:01,0
CASSQTEGGAYGYTF,GMGPLLATV,B*38:01,0
CASSQTEGGAYGYTF,NDMLVCANI,B*27:09,0
CASSQTEGGAYGYTF,RYPLTFGW,B*38:01,0
CASSQTEGGAYGYTF,VVLSWAPPV,A*68:01,0
CASSQTEGGAYGYTF,GQFLTPNSH,B*38:01,0
CASSQTGAEELFF,SLLWMNPFV,A*02:01,0
CASSQTGAEELFF,ALSPVIPHI,B*57:01,0
CASSQTGAEELFF,LLAGTLAVV,B*35:08,0
CASSQTGAEELFF,KAFSPEVIPMF,B*51:01,0
CASSQTGAEELFF,KRPIPIKYKAM,A*11:01,0
CASSQTGRELFF,FLRGRAYGL,A*68:01,0
CASSQTGRELFF,ITDQVPFSV,A*68:01,0
CASSQTGRELFF,KTFPPTEPK,B*35:01,0
CASSQTGRELFF,LLAILTYYV,B*35:01,0
CASSQTGRELFF,RYPLTFGWCF,B*35:08,0
CASSQTGRELFF,LLSIISFPA,A*03:01,0
CASSQTGSHEQYF,RYPLTFGWCF,B*35:08,0
CASSQTGSHEQYF,KMVAVFYNT,B*35:01,0
CASSQTGSHEQYF,FLTVFSHFM,B*07:02,0
CASSQTGSHEQYF,CTELKLNDY,B*57:01,0
CASSQTGSHEQYF,RFPLTFGWCF,B*51:01,0
CASSQTGSHEQYF,VVMSWAPPV,A*02:01,0
CASSQTGSHEQYF,NDMLVCANI,B*38:01,0
CASSQTGSHEQYF,SLLMWITQA,B*35:01,0
CASSQTGSHEQYF,RTMEVCYNT,B*07:02,0
CASSQTGSHEQYF,LLAGTLAVV,B*27:09,0
CASSQTLSYEQYF,RPRGEVRFL,B*37:01,0
CASSQTLSYEQYF,QYDPVAALF,B*38:01,0
CASSQTLSYEQYF,FEDLRVLSF,B*08:01,0
CASSQTLSYEQYF,RLQSLQTYV,B*07:02,0
CASSQTLSYEQYF,FLTVFSHFM,A*01:01,0
CASSQTLSYEQYF,LLAGTLAVV,A*24:02,0
CASSQTLSYEQYF,IPSINVHHY,B*57:01,0
CASSQTLSYEQYF,QKRPIPIKYKAM,B*57:01,0
CASSQTSGGTYEQYF,KTFPPTEPK,B*51:01,0
CASSQTSGGTYEQYF,SLAPLSPRA,A*02:01,0
CASSQTSGGTYEQYF,ITDQVPFSV,A*24:02,0
CASSQTSGGTYEQYF,NMIHFAPNV,A*11:01,0
CASSQTSGGTYEQYF,NLNCCSVPV,B*35:01,0
CASSQTSGGTYEQYF,LLFGMTPCL,B*35:01,0
CASSQTSGGTYEQYF,KMVAVFYTT,B*37:01,0
CASSQTSGGTYEQYF,VLFGLGFAI,B*08:01,0
CASSQTSGTGNYEQYF,RLPGVLPRA,A*30:02,0
CASSQTSGTGNYEQYF,RFPLTFGWCF,A*24:02,0
CASSQTSGTGNYEQYF,FLYNPLTRV,B*27:09,0
CASSQTSGTGNYEQYF,IPSINVHHY,B*37:01,0
CASSQTSGTGNYEQYF,KLNTITPVV,A*68:01,0
CASSQVDYNEQFF,FLYNLLTRV,A*03:01,0
CASSQVDYNEQFF,QSRGDENRGW,B*57:01,0
CASSQVDYNEQFF,AEMEFCPCC,A*02:01,0
CASSQVDYNEQFF,ELAGIGILTV,A*68:01,0
CASSQVDYNEQFF,VSDGGPNLY,B*57:01,0
CASSQVDYNEQFF,DATYQRTRALVR,A*03:01,0
CASSQVEGYEQYF,LLFGYPVYV,B*37:01,0
CASSQVEGYEQYF,FLTVFSHFM,B*08:01,0
CASSQVEGYEQYF,VLNYFKPYL,B*37:01,0
CASSQVEGYEQYF,LLFGMPPCL,B*51:01,0
CASSQVEGYEQYF,SLLMWITQA,A*01:01,0
CASSQVEGYEQYF,ALSPVIPHI,B*37:01,0
CASSQVEGYEQYF,ILTGLNYEA,A*03:01,0
CASSQVEGYEQYF,VLNYFEPYL,A*03:01,0
CASSQVEGYEQYF,VVLSWAPPV,B*35:08,0
CASSQVEGYEQYF,KMVAVFYNT,A*11:01,0
CASSQVEGYEQYF,YHSIEWAI,A*01:01,0
CASSQVEGYEQYF,FEDLRVLSF,B*07:02,0
CASSQVEGYEQYF,LMFWASSSI,A*01:01,0
CASSQVGGSYPREQFF,SLAPLSPRA,B*38:01,0
CASSQVGGSYPREQFF,ALSKGVHFV,A*02:01,0
CASSQVGGSYPREQFF,NDMLVCANI,A*68:01,0
CASSQVGGSYPREQFF,LLAMTVPNV,A*03:01,0
CASSQVGGSYPREQFF,ILNVDVFTL,A*02:01,0
CASSQVGGSYPREQFF,NMINFAPNI,B*37:01,0
CASSQVGSTEAFF,MLYQHLLPL,B*35:01,0
CASSQVGSTEAFF,MTLHGFMMY,A*03:01,0
CASSQVLGFSYEQYF,GQVMVVAPR,B*27:09,0
CASSQVLGFSYEQYF,LLSIIFFPA,B*27:09,0
CASSQVLGFSYEQYF,YHSIEWAI,A*68:01,0
CASSQVLGFSYEQYF,KMVTVCPNT,B*27:05,0
CASSQVLGFSYEQYF,ALSPVIPHI,B*38:01,0
CASSQVLGFSYEQYF,ALSKGVHFV,B*38:01,0
CASSQVLGFSYEQYF,RQLLFVVEV,B*35:01,0
CASSQVPGGYEQYF,LLSIISFPA,A*03:01,0
CASSQVPGSYEQYF,NYNYLYRLF,B*27:09,0
CASSQVPGSYEQYF,LLWNGPMAV,A*03:01,0
CASSQVPGSYEQYF,FLTVFSHFM,A*03:01,0
CASSQVPGSYEQYF,FEDLRVLSF,B*08:01,0
CASSQVPGSYEQYF,VSDGGPNLY,B*35:08,0
CASSQVRDRDINYGYTF,YLEPGPVTA,B*07:02,0
CASSQVRDRDINYGYTF,NYNYLYRLF,B*51:01,0
CASSQVRDRDINYGYTF,KRPIPIKYKAM,B*27:05,0
CASSQVRDRDINYGYTF,VVMSWAPPV,A*68:01,0
CASSQVRDRDINYGYTF,RQLLFVVEV,B*08:01,0
CASSQVRDRDINYGYTF,MLYQHLLPL,B*08:01,0
CASSQVRDRDINYGYTF,LVLEVDPNI,B*08:01,0
CASSQVSGGSYEQYF,VMHANYIFW,A*24:02,0
CASSQVSGGSYEQYF,ALSKGVHFV,A*03:01,0
CASSQVSGGSYEQYF,AEMEFCPCC,A*01:01,0
CASSQVSGGSYEQYF,FLIYLDVSV,A*01:01,0
CASSQVVVGYGYTF,LLAGTLAVV,A*30:02,0
CASSQVVVGYGYTF,RYPLTFGWCF,B*51:01,0
CASSQVVVGYGYTF,GKTELLAPF,B*27:05,0
CASSQVVVGYGYTF,KLSALGINAV,A*24:02,0
CASSQVVVGYGYTF,VSDGGPNLY,A*11:01,0
CASSQVVVGYGYTF,MTLHGFMMY,B*27:09,0
CASSQVVVGYGYTF,SLLWMNPFV,B*35:01,0
CASSQVVVGYGYTF,LMFWASSSI,B*37:01,0
CASSQVVVGYGYTF,VLNYFKPYL,B*37:01,0
CASSQVVVGYGYTF,LRVMMLAPF,A*03:01,0
CASSQVVVGYGYTF,QKRPIPIKYKAM,A*02:01,0
CASSQWGGNEQFF,ALSPVIPLI,B*35:08,0
CASSQWGGNEQFF,GCQEICPAC,B*07:02,0
CASSQWGGNEQFF,AEMEFCPCC,B*07:02,0
CASSQWGGNEQFF,LLFGMTPCL,B*57:01,0
CASSQWGGNEQFF,KLSALGINAV,B*27:05,0
CASSQWGGNEQFF,LPRWYFYYL,B*38:01,0
CASSRAAGPQETQYF,RPRGEVRFL,A*02:01,0
CASSRAAGPQETQYF,CTELKLSDY,A*11:01,0
CASSRAAGPQETQYF,RFPLTFGWCF,A*02:01,0
CASSRAAGPQETQYF,ALSPVIPHI,A*30:02,0
CASSRAVSGNTIYF,KLNTITPVV,A*02:01,0
CASSRAVSGNTIYF,RLQSLQTYV,B*27:09,0
CASSRAVSGNTIYF,NYNYLYRLF,A*24:02,0
CASSRAVSGNTIYF,QKRPIPIKYKAM,A*03:01,0
CASSRAVSGNTIYF,CLGGLLTMV,A*02:01,0
CASSRAVSGNTIYF,HTMLCMCCK,B*08:01,0
CASSRAVSGNTIYF,MTLHGFMMY,A*68:01,0
CASSRAVSGNTIYF,ILNAMIAKI,A*01:01,0
CASSRDGFEKLFF,ELAGIGILTV,A*30:02,0
CASSRDGFEKLFF,NYNYLYRLF,B*07:02,0
CASSRDGFEKLFF,QYDPVAALF,A*03:01,0
CASSRDGFEKLFF,ILNAMIAKI,B*07:02,0
CASSRDGFEKLFF,VYIGDPAQL,B*08:01,0
CASSRDGPSSYEQYF,ILTGLNYEV,A*24:02,0
CASSRDGPSSYEQYF,SVYGDTLEK,A*24:02,0
CASSRDGPSSYEQYF,KMVAVFYNT,B*27:09,0
CASSRDGPSSYEQYF,MLYQHLLPL,B*38:01,0
CASSRDGPSSYEQYF,YHSIEWAI,A*11:01,0
CASSRDSGWNSNQPQHF,GCQEICPAC,B*35:01,0
CASSRDSGWNSNQPQHF,RLQSLQTYV,B*35:01,0
CASSRDSGWNSNQPQHF,GQFLTPNSH,B*27:05,0
CASSRDSGWNSNQPQHF,ALSKGVHFV,A*68:01,0
CASSRDSGWNSNQPQHF,NMIHFAPNV,B*51:01,0
CASSRDSGWNSNQPQHF,CFLLILPNC,B*38:01,0
CASSRDSGWNSNQPQHF,LIIPFIHLI,A*03:01,0
CASSRERGPGELFF,RLGPYLEFL,A*02:01,0
CASSRERGPGELFF,ILNAMIAKI,B*38:01,0
CASSRERGPGELFF,CLGGLLTMV,B*07:02,0
CASSRERGPGELFF,GMGPLLATV,B*27:09,0
CASSRERGPGELFF,FLIYLDVSV,A*68:01,0
CASSRERGPGELFF,SLLMPILTL,B*35:01,0
CASSRERGPGELFF,FLYNLLTRV,A*03:01,0
CASSRERGPGELFF,VYFLQSINF,A*24:02,0
CASSRERGPGELFF,MLNIPSINV,A*30:02,0
CASSRFPTGSNNEQF,RYPLTFGW,B*27:09,0
CASSRFPTGSNNEQF,ITDQVPFSV,B*37:01,0
CASSRFPTGSNNEQF,LLAILTYYV,B*15:01,0
CASSRFPTGSNNEQF,ILNAMIAKI,B*07:02,0
CASSRFPTGSNNEQF,NMIHFAPNV,B*27:09,0
CASSRFPTGSNNEQF,IVCPICSQK,A*24:02,0
CASSRFPTGSNNEQF,THLMVLCCV,A*01:01,0
CASSRFPTGSNNEQF,ILTGLNYEA,A*02:01,0
CASSRGDPAYEQYF,YVLTWIVGA,B*38:01,0
CASSRGDPAYEQYF,SLLMPILTL,B*37:01,0
CASSRGDPAYEQYF,VMPFSIVYIV,A*24:02,0
CASSRGDPAYEQYF,NLNCCSVPV,A*03:01,0
CASSRGDPAYEQYF,IPSINVHHY,A*11:01,0
CASSRGDPAYEQYF,VVLSWAPPV,B*15:01,0
CASSRGDPAYEQYF,IPSINVHHY,B*35:01,0
CASSRGDPAYEQYF,YLQPRTFLL,B*27:05,0
CASSRGGAPYNEQFF,ILNAMIAKI,B*35:08,0
CASSRGGAPYNEQFF,LMFWASSSI,B*27:09,0
CASSRGGAPYNEQFF,LLAGTLAGV,A*03:01,0
CASSRGGAPYNEQFF,KRPIPIKYKAM,B*27:05,0
CASSRGGAPYNEQFF,LLAGTLAVV,B*15:01,0
CASSRGGAPYNEQFF,LLFGMPPCL,B*57:01,0
CASSRGGGTEAFF,LLSIISFPA,B*57:01,0
CASSRGGGTEAFF,MIISHLYLI,A*02:01,0
CASSRGGGTEAFF,LLAMTVPNV,A*11:01,0
CASSRGGGTEAFF,ILNVDIFTL,A*03:01,0
CASSRGGGTEAFF,MMPFSIVYI,B*15:01,0
CASSRGGGTEAFF,GKTELLAPF,B*37:01,0
CASSRGGHEQYF,FEDLRLLSF,B*35:01,0
CASSRGGHEQYF,ALYGSVPVL,A*24:02,0
CASSRGGHEQYF,YHSIEWAI,A*03:01,0
CASSRGGHEQYF,LLFALHFSA,B*07:02,0
CASSRGGHEQYF,VMHANYIFW,A*11:01,0
CASSRGGLTDTQYF,NMIHFAPNV,B*37:01,0
CASSRGGLTDTQYF,KMVAVFYTT,A*30:02,0
CASSRGGLTDTQYF,QYIKWPWYI,B*27:09,0
CASSRGGLTDTQYF,RLGPYLEFL,A*30:02,0
CASSRGGLTDTQYF,TAFTIPSI,B*08:01,0
CASSRGGLTDTQYF,DATYQRTRALVR,B*15:01,0
CASSRGRNTEAFF,SPRWYFYYL,B*08:01,0
CASSRGRNTEAFF,SPRWYFYYL,B*38:01,0
CASSRGRNTEAFF,ALSPVIPHI,B*08:01,0
CASSRGRNTEAFF,NYNYLYRLF,B*57:01,0
CASSRGTGGYEQFF,VAANIVLTV,B*38:01,0
CASSRGTGGYEQFF,LLFALYFSA,A*03:01,0
CASSRGTGGYEQFF,VYGIRLEHF,B*35:01,0
CASSRGTGGYEQFF,KAFSPEVIPMF,B*38:01,0
CASSRGTGGYEQFF,FLYNLLTRV,B*35:08,0
CASSRGTYNEQFF,LMFWASSSI,A*11:01,0
CASSRGTYNEQFF,KVKEVCPNV,A*03:01,0
CASSRGTYNEQFF,GKTELLAPF,B*35:08,0
CASSRGTYNEQFF,RYPLTFGWCF,B*27:05,0
CASSRIANNNNEQFF,VMHANYIFW,B*37:01,0
CASSRIANNNNEQFF,LLFALHFSA,B*57:01,0
CASSRIANNNNEQFF,FEDLRVSSF,B*27:09,0
CASSRIANNNNEQFF,YLEPGPVTA,B*15:01,0
CASSRIANNNNEQFF,CFLLILPNC,A*03:01,0
CASSRIANNNNEQFF,FLRGRAYGL,B*35:08,0
CASSRIANNNNEQFF,LLFALHFSA,B*35:08,0
CASSRIANNNNEQFF,SLLMWITQA,A*03:01,0
CASSRIANNNNEQFF,FTSDYYQLY,A*24:02,0
CASSRIANNNNEQFF,VMPFSIVYI,A*03:01,0
CASSRKGDSPLHF,HTMLCMCCK,B*15:01,0
CASSRKGDSPLHF,GMGPLLATV,A*30:02,0
CASSRKGDSPLHF,LLSIIFFPA,B*27:09,0
CASSRKGDSPLHF,ILTGLNYEA,A*11:01,0
CASSRKGDSPLHF,KMVAVFYNT,B*27:05,0
CASSRKGDSPLHF,LLFGMTPCL,A*30:02,0
CASSRLQGANSPLHF,LPRWYFYYL,B*08:01,0
CASSRLQGANSPLHF,ELAGIGILTV,B*51:01,0
CASSRLQGANSPLHF,KAFSPEVIPMF,B*35:08,0
CASSRLQGANSPLHF,SLLMWITQC,A*01:01,0
CASSRLQGANSPLHF,SLLMWITQC,A*02:01,0
CASSRLQGANSPLHF,MLYQHLLPL,B*38:01,0
CASSRLSGTGDSPLHF,KLSALGINAV,A*03:01,0
CASSRLSGTGDSPLHF,LLWNGPMAV,A*03:01,0
CASSRLSGTGDSPLHF,IMDQVPFSV,B*15:01,0
CASSRLSGTGDSPLHF,ILTGLNYEA,B*51:01,0
CASSRLSGTGDSPLHF,FLTVFSHFM,A*01:01,0
CASSRLSGTGDSPLHF,NLNCCSVPV,A*24:02,0
CASSRLSGTGDSPLHF,ILNAMIAKI,A*68:01,0
CASSRPLNQPQHF,GILGFVFTL,B*37:01,0
CASSRPLNQPQHF,VYFLQSINF,B*35:01,0
CASSRPLNQPQHF,NMIHFAPNV,B*57:01,0
CASSRPLNQPQHF,LIIPFIHLI,A*01:01,0
CASSRPLNQPQHF,NDMLVCANI,A*24:02,0
CASSRQPMNTEAFF,NLVPMVATV,A*24:02,0
CASSRQPMNTEAFF,ALSPVIPHI,A*03:01,0
CASSRQPMNTEAFF,RPIPIKYKAM,A*68:01,0
CASSRQPMNTEAFF,SLLWMNPFV,B*37:01,0
CASSRQPMNTEAFF,ITDQVPFSV,B*08:01,0
CASSRRDRGDTQYF,RLVPYLEFL,B*35:08,0
CASSRRDRGDTQYF,YLEPGPVTA,B*35:08,0
CASSRRDRGDTQYF,SLAPLSPRA,B*35:08,0
CASSRRDRGDTQYF,RLVPYLEFL,B*38:01,0
CASSRRDRGDTQYF,LLWNGPMAV,A*01:01,0
CASSRRDRGDTQYF,EAAGIGILTV,B*35:08,0
CASSRRDRGDTQYF,FTSDYYQLY,A*01:01,0
CASSRRDRGDTQYF,LLFALHFSA,B*35:08,0
CASSRTGEHQPQHF,SLLWMNPFV,B*35:08,0
CASSRTGEHQPQHF,GQMWLLAPR,A*68:01,0
CASSRTGEHQPQHF,FMLYLLTLM,A*30:02,0
CASSRTGEHQPQHF,THLMVLCCV,A*30:02,0
CASSRTGEHQPQHF,MIISHLYLI,A*02:01,0
CASSRTGGAPEKLF,KMVAVFYNT,B*35:08,0
CASSRTGGAPEKLF,FEDLRVSSF,A*24:02,0
CASSRTGGAPEKLF,KLVALGINAV,A*02:01,0
CASSRTGGAPEKLF,RTMEVCYNT,B*07:02,0
CASSRTGGAPEKLF,ILNVDVFTL,B*37:01,0
CASSRTGGAPEKLF,KLLEIAPNC,B*51:01,0
CASSRTGGAPEKLF,ILNAMITKI,B*15:01,0
CASSRTGRNQPQHF,RLQSLQTYV,B*08:01,0
CASSRTGRNQPQHF,MIISHLYLI,A*68:01,0
CASSRTGRNQPQHF,YHSIEWAI,B*51:01,0
CASSRTGSLNYGYTF,GQMWLLAPR,B*35:01,0
CASSRTGSLNYGYTF,NLFNRYPAL,B*15:01,0
CASSRTGSLNYGYTF,LLFGYPVYV,A*01:01,0
CASSRTGSLNYGYTF,VLFHRAFLV,B*35:08,0
CASSRTGSLNYGYTF,RPIPIKYKAM,A*68:01,0
CASSRTGSLNYGYTF,VMPFSIVYI,A*24:02,0
CASSRTGSLNYGYTF,QYIKWPWYI,B*57:01,0
CASSRTGSLNYGYTF,ILTGLNYEV,A*11:01,0
CASSRVTSGHNEQF,LIIPFIHLI,B*08:01,0
CASSRVTSGHNEQF,VMHANYIFW,A*68:01,0
CASSRVTSGHNEQF,GMGPLLATV,A*68:01,0
CASSRVTSGHNEQF,ELAGIGILTV,A*01:01,0
CASSRVTSGHNEQF,KMVAVFYNT,B*07:02,0
CASSRVTSGHNEQF,GKTELLAPF,B*07:02,0
CASSRVTSGHNEQF,QYDPVAALF,B*57:01,0
CASSRVTSGHNEQF,FLYNLLTRV,B*37:01,0
CASSRYGGPSDNEQFF,RFPLTFGWCF,B*27:05,0
CASSRYGGPSDNEQFF,MMPFSIVYI,B*35:01,0
CASSRYGGPSDNEQFF,LLSIIFFPA,B*35:01,0
CASSRYGGPSDNEQFF,VLFHRAFLV,B*08:01,0
CASSRYGGPSDNEQFF,ALSPVIPHI,B*15:01,0
CASSSAGGYEQYVF,GQVMVVAPR,B*35:08,0
CASSSAGGYEQYVF,KTWGQYWQV,B*38:01,0
CASSSAGGYEQYVF,VYFLQSINF,B*08:01,0
CASSSAGGYEQYVF,YVLDHLIVV,B*57:01,0
CASSSAGTSYEQYF,ILNAMITKI,B*51:01,0
CASSSAGTSYEQYF,KMVAVFYTT,B*35:08,0
CASSSAGTSYEQYF,QYIKWPWYI,A*03:01,0
CASSSAGTSYEQYF,LLAILTYYV,B*37:01,0
CASSSAGTSYEQYF,VMPFSIVYIV,A*01:01,0
CASSSAGTSYEQYF,QYDPVAALF,B*07:02,0
CASSSAGTSYEQYF,KLLEIAPNC,B*51:01,0
CASSSAGTSYEQYF,SLLMWITQC,B*37:01,0
CASSSAGTSYEQYF,VLFGLGFAI,B*27:09,0
CASSSAGTSYEQYF,FLYNLLTRV,B*57:01,0
CASSSALAYEQYF,ALSPVIPHI,B*51:01,0
CASSSALAYEQYF,VMPFSIVYIV,A*03:01,0
CASSSALAYEQYF,VYIGDPAQL,B*37:01,0
CASSSALAYEQYF,LMFWASSSI,A*24:02,0
CASSSALAYEQYF,LLAGTLAVV,B*35:08,0
CASSSALAYEQYF,VYIGDPAQL,B*35:08,0
CASSSALAYEQYF,LLFGMTPCL,A*11:01,0
CASSSALAYEQYF,NLFNRYPAL,B*51:01,0
CASSSALAYEQYF,KTFPPTEPK,B*27:09,0
CASSSALAYEQYF,GQVMVVAPR,B*37:01,0
CASSSAVIRGLDWCYTF,FEDLRVSSF,A*11:01,0
CASSSAVIRGLDWCYTF,RPRGEVRFL,A*03:01,0
CASSSAVIRGLDWCYTF,FEDLRVSSF,B*15:01,0
CASSSAVIRGLDWCYTF,LLFALYFSA,B*27:09,0
CASSSAVIRGLDWCYTF,HTMLCMCCK,A*02:01,0
CASSSAVIRGLDWCYTF,GQFLTPNSH,A*02:01,0
CASSSDGGGFNEQFF,VSDGGPNLY,B*35:01,0
CASSSDGGGFNEQFF,YLEPGPVTA,B*27:05,0
CASSSDGGGFNEQFF,MMPFSIVYI,A*01:01,0
CASSSDGGGFNEQFF,HTMLCMCCK,B*15:01,0
CASSSDGGGFNEQFF,LLAGTLAGV,B*35:01,0
CASSSDGGGFNEQFF,ITDQVPFSV,A*01:01,0
CASSSDGGGFNEQFF,MTLHGFMMY,B*27:09,0
CASSSDINYGYTF,NLNCCSVPV,B*37:01,0
CASSSDINYGYTF,LLAGTLAGV,A*11:01,0
CASSSDINYGYTF,QYDPVAALF,B*38:01,0
CASSSDINYGYTF,SLLWMNPFV,A*03:01,0
CASSSDINYGYTF,MTLHGFMMY,B*35:08,0
CASSSDLRTNYNEQFF,ILNVDIFTL,B*27:09,0
CASSSDLRTNYNEQFF,VMPFSIVYI,A*02:01,0
CASSSDLRTNYNEQFF,LIIPFIHLI,A*30:02,0
CASSSDLRTNYNEQFF,ILTGLNYEV,A*68:01,0
CASSSDLRTNYNEQFF,KLLEIAPNC,B*57:01,0
CASSSDLRTNYNEQFF,QYDPVAALF,B*27:05,0
CASSSDRGEQFF,RPPIFIRRL,B*07:02,0
CASSSDRGEQFF,GQFLTPNSH,B*35:01,0
CASSSDRGEQFF,NDMLVCANI,B*15:01,0
CASSSDRGEQFF,RPRGEVRFL,B*38:01,0
CASSSDRGEQFF,SLLWMNPFV,B*07:02,0
CASSSDRGEQFF,KRPIPIKYKAM,A*02:01,0
CASSSDRGEQFF,LRVMMLAPF,B*15:01,0
CASSSEGQASSYEQYF,LRVMMLAPF,B*35:01,0
CASSSEGQASSYEQYF,ALSKGVHFV,A*24:02,0
CASSSEGQASSYEQYF,KTWGQYWQV,B*27:05,0
CASSSEGQASSYEQYF,ILTGLNYEV,B*27:05,0
CASSSEGQASSYEQYF,FEDLRLLSF,B*57:01,0
CASSSEGQASSYEQYF,KMVAVFYNT,A*30:02,0
CASSSEGQASSYEQYF,TTDPSFLGRY,A*24:02,0
CASSSGGAWYTF,VLFHRAFLV,B*15:01,0
CASSSGGAWYTF,VLNYFEPYL,B*37:01,0
CASSSGGAWYTF,NYNYLYRLF,B*38:01,0
CASSSGGAWYTF,ILNAMIAKI,B*27:05,0
CASSSGGAWYTF,ILNVDVFTL,A*02:01,0
CASSSGGAWYTF,KTWGQYWQV,B*27:09,0
CASSSGGAWYTF,KLWASPLHV,A*02:01,0
CASSSGGGNEQFF,NMIHFAPNV,B*27:05,0
CASSSGGGNEQFF,YLEPGPVTA,B*51:01,0
CASSSGGGNEQFF,NLNCCSVPV,A*02:01,0
CASSSGGGNEQFF,QSRGDENRGW,B*38:01,0
CASSSGLAGGPKHYEQYF,ELAGIGILTV,B*38:01,0
CASSSGLAGGPKHYEQYF,SLLMPILTL,B*27:09,0
CASSSGLAGGPKHYEQYF,GQVMVVAPR,B*35:08,0
CASSSGLAGGPKHYEQYF,TTDPSFLGRY,B*07:02,0
CASSSGLAGGPKHYEQYF,KMVTVCPNT,B*35:01,0
CASSSGLAGGPKHYEQYF,ILTGLNYEV,B*07:02,0
CASSSGLAYEQYF,IVCPICSQK,A*24:02,0
CASSSGLAYEQYF,QYDPVAALF,A*24:02,0
CASSSGLAYEQYF,LPRWYFYYL,B*07:02,0
CASSSGLAYEQYF,LLFALYFSA,A*01:01,0
CASSSGLAYEQYF,FLTVFSHFM,A*02:01,0
CASSSGLAYEQYF,ALYGFVPVL,B*37:01,0
CASSSGNPSTDTQYF,SPRWYFYYL,A*03:01,0
CASSSGNPSTDTQYF,MLYQHLLPL,B*35:08,0
CASSSGNPSTDTQYF,MTLHGFMMY,B*35:08,0
CASSSGNPSTDTQYF,VMPFSIVYIV,B*27:09,0
CASSSGNPSTDTQYF,EIQEFCPNT,B*35:08,0
CASSSGNPSTDTQYF,FEDLRLLSF,B*35:01,0
CASSSGNPSTDTQYF,LLWNGPMAV,B*15:01,0
CASSSGPNGAYEQYF,SLLMPILTL,B*08:01,0
CASSSGPNGAYEQYF,LLSIIFFPA,B*27:05,0
CASSSGPNGAYEQYF,KMVTVCPNT,B*57:01,0
CASSSGPNGAYEQYF,KVKEVCPNV,B*07:02,0
CASSSGPNGAYEQYF,KLVALGINAV,B*51:01,0
CASSSGPNGAYEQYF,QYDPVAALF,A*11:01,0
CASSSGPNGAYEQYF,KTFPPTEPK,B*27:09,0
CASSSGPNGAYEQYF,VSDGGPNLY,B*51:01,0
CASSSGPTMGGKLFF,VYFLQSINF,B*35:08,0
CASSSGPTMGGKLFF,LRVMMLAPF,B*51:01,0
CASSSGPTMGGKLFF,TAFTIPSI,A*02:01,0
CASSSGPTMGGKLFF,CLGGLLTMV,B*37:01,0
CASSSGPTMGGKLFF,IVCPICSQK,A*24:02,0
CASSSGPTMGGKLFF,LLSIISFPA,B*08:01,0
CASSSGPTMGGKLFF,VVLSWAPPV,A*68:01,0
CASSSGPTMGGKLFF,TTDPSFLGRY,A*30:02,0
CASSSGQTNYGYTF,SVYGDTLEK,A*68:01,0
CASSSGQTNYGYTF,FEDLRLLSF,B*15:01,0
CASSSGQTNYGYTF,FLYNLLTRV,A*03:01,0
CASSSGQTNYGYTF,CTELKLNDY,A*24:02,0
CASSSGQTNYGYTF,SPRWYFYYL,B*07:02,0
CASSSGQTNYGYTF,VYGIRLEHF,A*01:01,0
CASSSGQTNYGYTF,VMPFSIVYIV,A*01:01,0
CASSSGRTEHNEQF,IMDQVPFSV,B*15:01,0
CASSSGRTEHNEQF,CLGGLLTMV,B*15:01,0
CASSSGRTEHNEQF,HPVGEADYFEY,A*30:02,0
CASSSGRTEHNEQF,RTMEVCYNT,B*57:01,0
CASSSGRTEHNEQF,ILNVDIFTL,A*30:02,0
CASSSGTSLTLTYNEQFF,SVYGDTLEK,B*57:01,0
CASSSGTSLTLTYNEQFF,TTDPSFLGRY,A*01:01,0
CASSSILGGEAYNEQFF,IMDQVPFSV,B*15:01,0
CASSSILGGEAYNEQFF,LRVMMLAPF,A*68:01,0
CASSSILGGEAYNEQFF,CFLLILPNC,B*15:01,0
CASSSILGGEAYNEQFF,LIIPFIHLI,A*30:02,0
CASSSITTTGAKDGYTF,EIQEFCPNT,A*24:02,0
CASSSITTTGAKDGYTF,EAAGIGILTV,B*35:01,0
CASSSITTTGAKDGYTF,AVGSYVYSV,B*15:01,0
CASSSITTTGAKDGYTF,MMPFSIVYI,B*57:01,0
CASSSITTTGAKDGYTF,LLFGYPVYV,A*01:01,0
CASSSKWRNTQYF,LLAGTLAGV,B*57:01,0
CASSSKWRNTQYF,KLSALGINAV,A*03:01,0
CASSSKWRNTQYF,GQFLTPNSH,B*15:01,0
CASSSKWRNTQYF,LLSIISFPA,B*07:02,0
CASSSKWRNTQYF,FEDLRLLSF,B*57:01,0
CASSSKWRNTQYF,KAFSPEVIPMF,A*02:01,0
CASSSKWRNTQYF,LLSIIFFPA,B*27:09,0
CASSSKWRNTQYF,VVMSWAPPV,A*24:02,0
CASSSKWRNTQYF,LLFALHFSA,A*03:01,0
CASSSKWRNTQYF,QYDPVAALF,A*30:02,0
CASSSKWRNTQYF,QYDPVAALF,B*27:05,0
CASSSKWRNTQYF,SLLWMNPFV,A*30:02,0
CASSSKWRNTQYF,VYFLQSINF,B*35:01,0
CASSSLAGEVNEQFF,EAAGIGILTV,A*01:01,0
CASSSLAGEVNEQFF,RYPLTFGWCF,A*30:02,0
CASSSLAGEVNEQFF,KLLEIAPNC,B*37:01,0
CASSSLAVPELFF,EIQEFCPNT,A*24:02,0
CASSSLAVPELFF,RFPLTFGWCF,B*51:01,0
CASSSLGDSYEQYF,VLFHRAFLV,B*35:08,0
CASSSLGDSYEQYF,NLFNRYPAL,B*15:01,0
CASSSLGDSYEQYF,FEDLRVLSF,B*51:01,0
CASSSLGEQFF,GILGFVFTL,A*68:01,0
CASSSLGEQFF,LLFALHFSA,B*27:05,0
CASSSLGEQFF,KLLEIAPNC,B*35:08,0
CASSSLGEQFF,LLFGMTPCL,B*35:08,0
CASSSLGEQFF,RFPLTFGWCF,B*07:02,0
CASSSLLAGGFYEQFF,FEDLRLLSF,A*11:01,0
CASSSLLAGGFYEQFF,NDMLVCANI,A*01:01,0
CASSSLLAGGFYEQFF,CLGGLLTMV,B*27:05,0
CASSSLLAGGFYEQFF,CTELKLSDY,B*57:01,0
CASSSLLAGGFYEQFF,LMFWASSSI,B*27:05,0
CASSSLMGGTDEQFF,CFLLILPNC,A*11:01,0
CASSSLMGGTDEQFF,FMLYLLTLM,B*27:05,0
CASSSLMGGTDEQFF,LLFGYPVYV,B*57:01,0
CASSSLMGGTDEQFF,DATYQRTRALVR,A*03:01,0
CASSSLMGGTDEQFF,FLTVFSHFM,A*30:02,0
CASSSLRVGAGPGQPQHF,GQVMVVAPR,B*51:01,0
CASSSLRVGAGPGQPQHF,VSDGGPNLY,B*38:01,0
CASSSLRVGAGPGQPQHF,NDMLVCANI,A*24:02,0
CASSSLTGNQPQHF,ALSPVIPLI,B*37:01,0
CASSSLTGNQPQHF,FMLYLLTLM,B*35:08,0
CASSSLTGNQPQHF,LLFALHFSA,B*37:01,0
CASSSLTGNQPQHF,CFLLILPNC,B*15:01,0
CASSSLTSGAYNEQFF,ILTGLNYEV,B*35:08,0
CASSSLTSGAYNEQFF,VMPFSIVYI,B*27:09,0
CASSSLTSGAYNEQFF,ILTGLNYEV,B*35:01,0
CASSSLTSGAYNEQFF,TSTLQEQIGW,A*24:02,0
CASSSLTSGAYNEQFF,MLNIPSINV,B*37:01,0
CASSSLTSGAYNEQFF,LLFALHFSA,A*03:01,0
CASSSLTSGAYNEQFF,KMVAVFYTT,B*37:01,0
CASSSLTSGAYNEQFF,RPPIFIRRL,B*27:05,0
CASSSLTSGAYNEQFF,ITDQVPFSV,B*15:01,0
CASSSLTSGAYNEQFF,LLFALYFSA,A*11:01,0
CASSSNRAGHGNEQFF,LLWNGPMAV,B*38:01,0
CASSSNRAGHGNEQFF,VMHANYIFW,A*02:01,0
CASSSNRAGHGNEQFF,IVCPICSQK,B*37:01,0
CASSSNRAGHGNEQFF,NYNYLYRLF,B*35:01,0
CASSSNRAGHGNEQFF,SLAPLSPRV,B*27:05,0
CASSSNRAGHGNEQFF,TAFTIPSI,A*02:01,0
CASSSNRGGPGAQHF,KTFPPTEPK,B*27:05,0
CASSSNRGGPGAQHF,LLFALHFSA,A*30:02,0
CASSSPGGETQYF,LVLEVDPNI,B*27:09,0
CASSSPGGETQYF,LLFGYPVYV,A*03:01,0
CASSSPGGETQYF,KLLEIAPNC,B*07:02,0
CASSSPGGETQYF,HTMLCMCCK,B*35:08,0
CASSSPGGETQYF,RYPLTFGW,B*57:01,0
CASSSPGGETQYF,YHSIEWAI,B*07:02,0
CASSSPGQGYYEQYF,LLFALHFSA,B*51:01,0
CASSSPGQGYYEQYF,IMDQVPFSV,B*35:01,0
CASSSPGQGYYEQYF,RPRGEVRFL,B*27:09,0
CASSSPGQGYYEQYF,FLYNLLTRV,A*01:01,0
CASSSPGQGYYEQYF,LLSIISFPA,B*51:01,0
CASSSPGQGYYEQYF,LMFWASSSI,A*24:02,0
CASSSPTVPTSGGAVGEQFF,LLAILTYYV,B*37:01,0
CASSSPTVPTSGGAVGEQFF,KRPIPIKYKAM,A*24:02,0
CASSSPTVPTSGGAVGEQFF,ALSPVIPLI,B*35:08,0
CASSSPTVPTSGGAVGEQFF,DATYQRTRALVR,B*51:01,0
CASSSPTVPTSGGAVGEQFF,RLQSLQTYV,A*01:01,0
CASSSPTVPTSGGAVGEQFF,SLAPLSPRV,B*51:01,0
CASSSPTVPTSGGAVGEQFF,FLYNPLTRV,A*30:02,0
CASSSPTVPTSGGAVGEQFF,RLGPYLEFL,B*15:01,0
CASSSPVTGTPGYNEQF,FMLYLLTLM,A*02:01,0
CASSSPVTGTPGYNEQF,LLSIIFFPA,B*35:08,0
CASSSPVTGTPGYNEQF,VAANIVLTV,B*07:02,0
CASSSPVTGTPGYNEQF,ALSKGVHFV,B*27:05,0
CASSSPVTGTPGYNEQF,MIISHLYLI,A*30:02,0
CASSSPVTGTPGYNEQF,KVKEVCPNV,B*27:09,0
CASSSPWGGTTDTSTDTQYF,LIIPFIHLI,A*03:01,0
CASSSPWGGTTDTSTDTQYF,KMVAVFYNT,B*57:01,0
CASSSPWGGTTDTSTDTQYF,ALYGSVPVL,A*30:02,0
CASSSPWGGTTDTSTDTQYF,VYGIRLEHF,B*27:05,0
CASSSPWGGTTDTSTDTQYF,GMGPLLATV,A*02:01,0
CASSSPWGGTTDTSTDTQYF,FLYNLLTRV,A*02:01,0
CASSSQGGAKNEQYF,TAFTIPSI,B*51:01,0
CASSSQGGAKNEQYF,GKTELLAPF,A*24:02,0
CASSSQGGAKNEQYF,ILNAMIAKI,B*08:01,0
CASSSQGGAKNEQYF,RLPGVLPRA,B*15:01,0
CASSSQGGAKNEQYF,VYFLQSINF,B*15:01,0
CASSSQGGAKNEQYF,RFPLTFGWCF,A*30:02,0
CASSSQGGAKNEQYF,VMPFSIVYI,A*68:01,0
CASSSQGGAKNEQYF,KVKEVCPNV,B*15:01,0
CASSSQGGAKNEQYF,FEDLRVLSF,A*30:02,0
CASSSQGLSTEAF,YVLTWIVGA,A*11:01,0
CASSSQGLSTEAF,NDMLVCANI,B*35:08,0
CASSSQGLSTEAF,ALYGSVPVL,B*57:01,0
CASSSQGLSTEAF,RLGPYLEFL,B*37:01,0
CASSSQGLSTEAF,KAFSPEVIPMF,A*24:02,0
CASSSQGLSTEAF,EAAGIGILTV,A*68:01,0
CASSSQGLSTEAF,ALSPVIPHI,B*27:09,0
CASSSQTGPYSNQPQHF,CLGGLLTMV,B*37:01,0
CASSSQTGPYSNQPQHF,CTELKLSDY,A*03:01,0
CASSSQTGPYSNQPQHF,LMFWASSSI,B*08:01,0
CASSSQTGPYSNQPQHF,AEMEFCPCC,B*07:02,0
CASSSQTGPYSNQPQHF,FLYNPLTRV,A*01:01,0
CASSSQTGPYSNQPQHF,ILNAMITKI,A*01:01,0
CASSSQTGPYSNQPQHF,ELAGIGILTV,B*35:01,0
CASSSQTGPYSNQPQHF,NLFNRYPAL,B*35:08,0
CASSSRDNVPETQYF,KMVAVFYNT,A*02:01,0
CASSSRDNVPETQYF,ILNAMITKI,A*02:01,0
CASSSRDNVPETQYF,SPRWYFYYL,B*37:01,0
CASSSRDNVPETQYF,LLFGMPPCL,A*11:01,0
CASSSRDNVPETQYF,MLYQHLLPL,A*03:01,0
CASSSRDNVPETQYF,CLGGLLTMV,A*24:02,0
CASSSRDNVPETQYF,ALSPVIPLI,B*08:01,0
CASSSRDRSSSTEAFF,KMVTVCPNT,A*30:02,0
CASSSRDRSSSTEAFF,LLSIISFPA,A*01:01,0
CASSSRDRSSSTEAFF,VMHANYIFW,B*35:01,0
CASSSRDRVFEAFF,VLNYFKPYL,B*35:08,0
CASSSRDRVFEAFF,EIQEFCPNT,A*01:01,0
CASSSRDRVFEAFF,RPPIFIRRL,B*07:02,0
CASSSRDRVFEAFF,TRLALIAPK,A*24:02,0
CASSSRDRVFEAFF,LLAGTLAGV,B*57:01,0
CASSSRDRVFEAFF,NLNCCSVPV,B*15:01,0
CASSSRIEGTEAFF,LLFALHFSA,A*30:02,0
CASSSRIEGTEAFF,QYDPVAALF,B*15:01,0
CASSSRIEGTEAFF,ALYGFVPVL,B*15:01,0
CASSSRIEGTEAFF,VLNYFKPYL,B*27:05,0
CASSSRLAGGGETQYF,FLYNPLTRV,B*27:05,0
CASSSRLAGGGETQYF,IPSINVHHY,B*07:02,0
CASSSRLAGGGETQYF,LLFGYPVYV,B*35:01,0
CASSSRLAGGGETQYF,SLAPLSPRA,B*35:08,0
CASSSRLAGGGETQYF,VMHANYIFW,A*03:01,0
CASSSRLSSGYTF,LMFWASSSI,A*30:02,0
CASSSRLSSGYTF,ITDQVPFSV,A*11:01,0
CASSSRLSSGYTF,YVLTWIVGA,A*30:02,0
CASSSRLSSGYTF,VVLSWAPPV,A*01:01,0
CASSSRLSSGYTF,QYIKWPWYI,B*35:08,0
CASSSRLSSGYTF,ILNAMIAKI,A*11:01,0
CASSSRLSSGYTF,NYNYLYRLF,B*08:01,0
CASSSRLSSGYTF,TSTLQEQIGW,A*03:01,0
CASSSRLSSGYTF,TRLALIAPK,A*30:02,0
CASSSRQGAGDTQYF,LLSIIFFPA,B*57:01,0
CASSSRSGQPQHF,LLFALYFSA,A*01:01,0
CASSSRSGQPQHF,ITDQVPFSV,A*11:01,0
CASSSRSGQPQHF,MMPFSIVYI,B*27:05,0
CASSSRSGQPQHF,LRVMMLAPF,B*37:01,0
CASSSRSGQPQHF,FMLYLLTLM,B*27:09,0
CASSSRSGQPQHF,KLNTITPVV,A*24:02,0
CASSSRSGQPQHF,SLLMPILTL,A*01:01,0
CASSSRSGQPQHF,IMDQVPFSV,A*03:01,0
CASSSRSGQPQHF,VLNYFKPYL,B*35:01,0
CASSSRSSYEQYFGF,FLYNLLTRV,A*11:01,0
CASSSRSSYEQYFGF,NLVPMVATV,A*30:02,0
CASSSRSSYEQYFGF,AEMEFCPCC,B*08:01,0
CASSSRSSYEQYFGF,VVLSWAPPV,B*37:01,0
CASSSRSSYEQYFGF,MLNIPSINV,B*08:01,0
CASSSRSSYEQYFGF,KLSALGINAV,A*11:01,0
CASSSRTSGRSADTQYF,KMVAVFYTT,A*02:01,0
CASSSRTSGRSADTQYF,KLVALGINAV,A*11:01,0
CASSSRTSGRSADTQYF,TSTLQEQIGW,A*02:01,0
CASSSRTSGRSADTQYF,ALYGSVPVL,B*57:01,0
CASSSRTSGRSADTQYF,VLFGLGFAI,B*27:05,0
CASSSSGGLDTQYF,ILNAMIAKI,B*57:01,0
CASSSSGGLDTQYF,HTMLCMCCK,A*01:01,0
CASSSSGGLDTQYF,NMINFAPNI,B*27:05,0
CASSSSGGLDTQYF,FTSDYYQLY,B*27:09,0
CASSSSGTGAYEQYF,FLYNLLTRV,B*51:01,0
CASSSSGTGAYEQYF,TSTLQEQIGW,B*08:01,0
CASSSSGTGAYEQYF,NLVPMVATV,B*37:01,0
CASSSSGTGAYEQYF,FTSDYYQLY,B*35:08,0
CASSSSGTGAYEQYF,SVYGDTLEK,B*57:01,0
CASSSSGTGAYEQYF,VLNYFKPYL,B*27:09,0
CASSSSGTGAYEQYF,KLNTITPVV,B*27:05,0
CASSSSGTGAYEQYF,ILTGLNYEA,A*02:01,0
CASSSSGTGAYEQYF,FEDLRLLSF,A*03:01,0
CASSSSGTGAYEQYF,SLLMWITQC,B*35:08,0
CASSSSGTGGYGYTF,KTFPPTEPK,B*15:01,0
CASSSSGTGGYGYTF,ALYGSVPVL,B*27:05,0
CASSSSGTGGYGYTF,RLVPYLEFL,B*07:02,0
CASSSSGTGGYGYTF,RLGPYLEFL,A*11:01,0
CASSSSGYEQYF,NYNYLYRLF,B*27:05,0
CASSSSGYEQYF,GKTELLAPF,A*02:01,0
CASSSSGYEQYF,SLLWMNPFV,B*35:08,0
CASSSSGYEQYF,GQVMVVAPR,B*35:08,0
CASSSSGYEQYF,RFPLTFGWCF,A*03:01,0
CASSSSGYEQYF,ALSKGVHFV,B*51:01,0
CASSSSGYEQYF,LLAGTLAGV,A*68:01,0
CASSSSGYEQYF,SLLMPILTL,B*15:01,0
CASSSSSGGAFNEQFF,MMPFSIVYI,B*08:01,0
CASSSSSGGAFNEQFF,AVGSYVYSV,B*27:05,0
CASSSSSGGAFNEQFF,RPRGEVRFL,B*27:05,0
CASSSTGREAFF,RPPIFIRRL,A*01:01,0
CASSSTGREAFF,MLNIPSINV,B*37:01,0
CASSSTGREAFF,KTFPPTEPK,A*30:02,0
CASSSTGTRGSYEQYF,LIIPFIHLI,B*27:09,0
CASSSTGTRGSYEQYF,FEDLRLLSF,B*08:01,0
CASSSTGTRGSYEQYF,LLAMTVPNV,B*27:09,0
CASSSTGTRGSYEQYF,RPPIFIRRL,B*51:01,0
CASSSTNGYTF,ILNVDIFTL,A*68:01,0
CASSSTNGYTF,KLLEIAPNC,B*51:01,0
CASSSTNGYTF,FLTVFSHFM,A*01:01,0
CASSSTSGRARDTQYF,FTSDYYQLY,B*07:02,0
CASSSTSGRARDTQYF,YLQPRTFLL,B*27:05,0
CASSSTSGRARDTQYF,SLAPLSPRV,B*35:01,0
CASSSTSGRARDTQYF,NDMLVCANI,A*68:01,0
CASSSTSGRARDTQYF,GQMWLLAPR,B*35:08,0
CASSSTSGRETQYF,ALSPVIPHI,B*08:01,0
CASSSTSGRETQYF,LMFWASSSI,B*51:01,0
CASSSTSGRETQYF,NLNCCSVPV,B*57:01,0
CASSSTSGRETQYF,KMVAVFYNT,B*57:01,0
CASSSVGVDTQYF,MLNIPSINV,B*35:01,0
CASSSVGVDTQYF,GCQEICPAC,B*08:01,0
CASSSVGVDTQYF,RLPGVLPRA,A*68:01,0
CASSSVGVDTQYF,KMVAVFYNT,B*27:05,0
CASSSVGVDTQYF,FLYNPLTRV,B*57:01,0
CASSSVGVDTQYF,GQMWLLAPR,A*11:01,0
CASSSVGVDTQYF,SLLMPILTL,B*38:01,0
CASSSVTGTGNYGYTFGF,TSTLQEQIGW,A*30:02,0
CASSSVTGTGNYGYTFGF,RYRIGNYKL,B*57:01,0
CASSSVTGTGNYGYTFGF,RTMEVCYNT,B*35:08,0
CASSSVTGTGNYGYTFGF,YVLTWIVGA,B*35:01,0
CASSSVTGTGNYGYTFGF,CTELKLSDY,B*27:05,0
CASSSVTGTGNYGYTFGF,KMVAVFYNT,A*24:02,0
CASSSWTGWYEQYF,LLSIIFFPA,A*24:02,0
CASSSWTGWYEQYF,VLNYFEPYL,B*57:01,0
CASSSWTGWYEQYF,NLVPMVATV,B*38:01,0
CASSSWTGWYEQYF,LLAGTLAGV,A*68:01,0
CASSSYPGLAPVQETQYF,FTSDYYQLY,A*02:01,0
CASSSYPGLAPVQETQYF,FLRGRAYGL,A*30:02,0
CASSSYPGLAPVQETQYF,QKRPIPIKYKAM,B*35:08,0
CASSSYPGLAPVQETQYF,KVKEVCPNV,B*35:01,0
CASSSYPGLAPVQETQYF,GQMWLLAPR,B*27:09,0
CASSSYTQRGLDYTGELFF,RPIPIKYKAM,B*27:09,0
CASSSYTQRGLDYTGELFF,EIQEFCPNT,B*35:08,0
CASSSYTQRGLDYTGELFF,LLWNGPMAV,A*01:01,0
CASSSYTQRGLDYTGELFF,IMDQVPFSV,A*30:02,0
CASSSYTQRGLDYTGELFF,CFVECAPVC,B*38:01,0
CASSTALAASYEQYF,LLSIISFPA,B*27:05,0
CASSTALAASYEQYF,LRVMMLAPF,B*35:08,0
CASSTALAASYEQYF,QYDPVAALF,A*30:02,0
CASSTALAASYEQYF,RLPGVLPRA,A*68:01,0
CASSTALAASYEQYF,KMVAVFYNT,B*27:09,0
CASSTALAASYEQYF,VLNYFKPYL,A*11:01,0
CASSTALAASYEQYF,LLSIIFFPA,B*27:09,0
CASSTGATGSNNEQF,LLAGTLAVV,B*51:01,0
CASSTGATGSNNEQF,GKTELLAPF,A*24:02,0
CASSTGATGSNNEQF,NMINFAPNI,B*27:05,0
CASSTGATGSNNEQF,MLNIPSINV,A*68:01,0
CASSTGATGSNNEQF,KTWGQYWQV,B*51:01,0
CASSTGGTSGGRNTGELFF,GCQEICPAC,B*38:01,0
CASSTGGTSGGRNTGELFF,FTSDYYQLY,A*02:01,0
CASSTGGTSGGRNTGELFF,VVMSWAPPV,B*08:01,0
CASSTGGTSGGRNTGELFF,ITDQVPFSV,A*30:02,0
CASSTGGTSGGRNTGELFF,SVYGDTLEK,B*57:01,0
CASSTGGTSGGRNTGELFF,CFVECAPVC,A*11:01,0
CASSTGGTSGGRNTGELFF,EAAGIGILTV,B*27:09,0
CASSTGISYEQYF,ALSPVIPHI,A*01:01,0
CASSTGISYEQYF,RQLLFVVEV,B*51:01,0
CASSTGISYEQYF,VVLSWAPPV,A*02:01,0
CASSTGPTGLYEQYF,NLFNRYPAL,B*07:02,0
CASSTGPTGLYEQYF,KRPIPIKYKAM,A*68:01,0
CASSTGPTGLYEQYF,RYPLTFGW,B*08:01,0
CASSTGPTGLYEQYF,VLNYFKPYL,A*24:02,0
CASSTGTGGRFGKNIQYF,KRPIPIKYKAM,B*51:01,0
CASSTGTGGRFGKNIQYF,NMINFAPNI,B*35:08,0
CASSTGTGGRFGKNIQYF,HPVGEADYFEY,B*27:09,0
CASSTGTGGRFGKNIQYF,SLLMWITQA,B*08:01,0
CASSTGTVSYEQYF,IPSINVHHY,A*24:02,0
CASSTLIGSGNTIYF,KMVTVCPNT,B*38:01,0
CASSTLIGSGNTIYF,KMVAVFYTT,B*35:01,0
CASSTLIGSGNTIYF,LLFALHFSA,B*37:01,0
CASSTLIGSGNTIYF,ILNVDVFTL,B*51:01,0
CASSTLTGAETQYF,ILTGLNYEV,A*24:02,0
CASSTLTGAETQYF,CLGGLLTMV,B*57:01,0
CASSTLTGAETQYF,LLAMTVPNV,B*38:01,0
CASSTPGGHSYEQYF,GQMWLLAPR,B*27:05,0
CASSTPGGHSYEQYF,FEDLRLLSF,A*11:01,0
CASSTPGGHSYEQYF,VAANIVLTV,B*35:08,0
CASSTPGGHSYEQYF,RQLLFVVEV,B*35:08,0
CASSTPGGHSYEQYF,ILNVDVFTL,B*51:01,0
CASSTPGGHSYEQYF,MLNIPSINV,B*37:01,0
CASSTPGGHSYEQYF,VLNYFEPYL,A*01:01,0
CASSTPGGHSYEQYF,GQFLTPNSH,B*57:01,0
CASSTPGGHSYEQYF,SLLMWITQA,A*02:01,0
CASSTQGQPQHF,GQMWLLAPR,B*15:01,0
CASSTQGQPQHF,CTELKLSDY,A*11:01,0
CASSTQGQPQHF,EIQEFCPNT,A*03:01,0
CASSTRAGTEQF,GCQEICPAC,B*27:05,0
CASSTRAGTEQF,ALSPVIPHI,B*38:01,0
CASSTRAGTEQF,VMPFSIVYIV,B*57:01,0
CASSTRAGTEQF,TTDPSFLGRY,B*35:01,0
CASSTRGAYEQYF,CLGGLLTMV,B*51:01,0
CASSTRGAYEQYF,FEDLRVLSF,B*15:01,0
CASSTRGAYEQYF,CTELKLNDY,B*27:09,0
CASSTRGAYEQYF,KTWGQYWQV,B*27:09,0
CASSTRGAYEQYF,CFLLILPNC,B*27:05,0
CASSTRGAYEQYF,KVKEVCPNV,B*07:02,0
CASSTRGAYEQYF,YHSIEWAI,A*68:01,0
CASSTRGAYEQYF,TRLALIAPK,A*01:01,0
CASSTRGAYEQYF,CFVECAPVC,B*35:01,0
CASSTRGAYEQYF,FEDLRVSSF,B*07:02,0
CASSTRGAYEQYF,VLFGLGFAI,B*27:05,0
CASSTRGAYEQYF,MTLHGFMMY,B*57:01,0
CASSTRGAYEQYF,SVYGDTLEK,A*01:01,0
CASSTRGAYEQYF,ALSPVIPLI,B*08:01,0
CASSTRGAYEQYF,GQFLTPNSH,B*35:01,0
CASSTRGAYEQYF,LLFGMTPCL,B*08:01,0
CASSTRLARNNEQFF,RLGPYLEFL,B*37:01,0
CASSTRLARNNEQFF,RTMEVCYNT,B*15:01,0
CASSTRLARNNEQFF,GQFLTPNSH,A*01:01,0
CASSTRLARNNEQFF,RLQSLQTYV,A*01:01,0
CASSTRLARNNEQFF,GKTELLAPF,B*27:05,0
CASSTRLARNNEQFF,TRLALIAPK,B*38:01,0
CASSTRSGQPQHF,VVLSWAPPV,B*15:01,0
CASSTRSGQPQHF,GILGFVFTL,A*30:02,0
CASSTRSGQPQHF,KMVAVFYTT,A*11:01,0
CASSTRSGQPQHF,HTMLCMCCK,A*03:01,0
CASSTRSGQPQHF,KTFPPTEPK,B*27:09,0
CASSTRSGQPQHF,ILNVDVFTL,A*03:01,0
CASSTSSTGAYGYTF,SPRWYFYYL,B*08:01,0
CASSTSSTGAYGYTF,GCQEICPAC,A*68:01,0
CASSTSSTGAYGYTF,GQVMVVAPR,B*35:01,0
CASSTSSTGAYGYTF,VYGIRLEHF,B*57:01,0
CASSTSSTGAYGYTF,VSDGGPNLY,B*27:09,0
CASSTSSTGAYGYTF,CTELKLSDY,A*03:01,0
CASSTTEAYEQYF,NYNYLYRLF,A*68:01,0
CASSTTEAYEQYF,QSRGDENRGW,B*27:09,0
CASSTTEAYEQYF,GQVMVVAPR,B*35:01,0
CASSTTEAYEQYF,RLPGVLPRA,B*37:01,0
CASSTTEAYEQYF,VLNYFEPYL,A*01:01,0
CASSTTGGGNYEQYF,FLTVFSHFM,A*11:01,0
CASSTTGGGNYEQYF,ILTGLNYEV,A*30:02,0
CASSTTGGGNYEQYF,FEDLRVLSF,B*27:09,0
CASSTTGGGNYEQYF,ILNVDIFTL,A*68:01,0
CASSTTGGGNYEQYF,ILNAMITKI,A*30:02,0
CASSTTGGGNYEQYF,LLFGMPPCL,B*07:02,0
CASSTTGGGNYEQYF,LVLEVDPNI,B*27:09,0
CASSTTGTGLLEQYF,DATYQRTRALVR,B*08:01,0
CASSTTGTGLLEQYF,LLFGMPPCL,B*37:01,0
CASSTTGTGLLEQYF,YVLTWIVGA,B*15:01,0
CASSTTGTGLLEQYF,LRVMMLAPF,A*02:01,0
CASSTTGTGLLEQYF,NDMLVCANI,B*51:01,0
CASSTYPAFEQYF,QSRGDENRGW,B*27:09,0
CASSTYPAFEQYF,KLNTITPVV,B*51:01,0
CASSTYPAFEQYF,ITDQVPFSV,A*24:02,0
CASSTYPAFEQYF,NLVPMVATV,B*15:01,0
CASSTYPAFEQYF,FLTVFSHFM,B*27:05,0
CASSTYPAFEQYF,AVGSYVYSV,A*24:02,0
CASSVAAGASYGYTF,KLVALGINAV,B*08:01,0
CASSVAAGASYGYTF,LMFWASSSI,A*01:01,0
CASSVAAGASYGYTF,ALSKGVHFV,A*11:01,0
CASSVAAGASYGYTF,FEDLRLLSF,B*35:08,0
CASSVAAGASYGYTF,GQVMVVAPR,A*03:01,0
CASSVAAGGAYEQYF,YHSIEWAI,A*02:01,0
CASSVAAGGAYEQYF,RLPGVLPRA,B*27:05,0
CASSVAAGGAYEQYF,GKTELLAPF,A*30:02,0
CASSVAAGGAYEQYF,KMVTVCPNT,B*57:01,0
CASSVAAGGAYEQYF,KMVAVFYNT,A*68:01,0
CASSVAAGGAYEQYF,ILTGLNYEV,A*02:01,0
CASSVAAGGAYEQYF,LLFGMTPCL,A*68:01,0
CASSVAAGGAYEQYF,HTMLCMCCK,B*51:01,0
CASSVAAGGAYEQYF,MMPFSIVYI,B*08:01,0
CASSVAEEQF,RLGPYLEFL,B*35:01,0
CASSVAEEQF,ALYGFVPVL,B*35:01,0
CASSVAGGLYEQYF,RLQSLQTYV,A*68:01,0
CASSVAGGLYEQYF,QYDPVAALF,B*35:08,0
CASSVAGGLYEQYF,KLSALGINAV,B*35:08,0
CASSVAGGLYEQYF,EAAGIGILTV,B*35:01,0
CASSVASGGYTDTQYF,LLWNGPMAV,B*15:01,0
CASSVASGGYTDTQYF,NLFNRYPAL,B*38:01,0
CASSVASGGYTDTQYF,RLPGVLPRA,A*30:02,0
CASSVASGGYTDTQYF,KLWASPLHV,A*02:01,0
CASSVASGGYTDTQYF,IVCPICSQK,B*07:02,0
CASSVATYSTDTQYF,HTMLCMCCK,B*38:01,0
CASSVATYSTDTQYF,GILGFVFTL,A*03:01,0
CASSVDFGRTYNEQFF,FEDLRVLSF,B*15:01,0
CASSVDFGRTYNEQFF,RPRGEVRFL,B*57:01,0
CASSVDFGRTYNEQFF,RPRGEVRFL,B*27:09,0
CASSVDFGRTYNEQFF,LIIPFIHLI,B*37:01,0
CASSVDGGGGGYNEQF,RFPLTFGWCF,A*02:01,0
CASSVDGGGGGYNEQF,SLLMWITQC,B*15:01,0
CASSVDGGGGGYNEQF,RTMEVCYNT,B*57:01,0
CASSVDGGGGGYNEQF,YHSIEWAI,B*08:01,0
CASSVDGGSQPQHF,TSTLQEQIGW,A*03:01,0
CASSVDGGSQPQHF,LLAMTVPNV,A*11:01,0
CASSVDGGSQPQHF,TTDPSFLGRY,B*27:05,0
CASSVDGGSQPQHF,ALSPVIPHI,B*15:01,0
CASSVDPGQSYEQYF,RYPLTFGW,B*51:01,0
CASSVDPGQSYEQYF,CTELKLNDY,A*11:01,0
CASSVDPGQSYEQYF,LMFWASSSI,B*27:09,0
CASSVDPGQSYEQYF,FTSDYYQLY,B*07:02,0
CASSVDPGQSYEQYF,SLLMWITQC,A*11:01,0
CASSVDPGQSYEQYF,VYGIRLEHF,A*68:01,0
CASSVDPGQSYEQYF,YVLDHLIVV,A*02:01,0
CASSVDPGQSYEQYF,ALYGFVPVL,A*01:01,0
CASSVDPGQSYEQYF,TAFTIPSI,B*27:09,0
CASSVDPGQSYEQYF,RQLLFVVEV,B*37:01,0
CASSVDRVADTQYF,YVLDHLIVV,B*57:01,0
CASSVDRVADTQYF,FLRGRAYGL,B*08:01,0
CASSVDRVADTQYF,TAFTIPSI,A*24:02,0
CASSVDRVADTQYF,MLNIPSINV,B*15:01,0
CASSVDRVADTQYF,CFLLILPNC,B*08:01,0
CASSVDWGSGDEQYF,LLFGMTPCL,B*37:01,0
CASSVDWGSGDEQYF,LIIPFIHLI,B*27:09,0
CASSVDWGSGDEQYF,LLSIISFPA,A*11:01,0
CASSVDWGSGDEQYF,KLSALGINAV,A*01:01,0
CASSVDWGSGDEQYF,YHSIEWAI,B*27:05,0
CASSVDWGSGDEQYF,MTLHGFMMY,B*38:01,0
CASSVDWGSGDEQYF,GQFLTPNSH,A*03:01,0
CASSVEGAHPIQETQYF,VVMSWAPPV,B*08:01,0
CASSVEGAHPIQETQYF,LLFGYPVYV,A*24:02,0
CASSVEGAHPIQETQYF,ILNAMIAKI,B*35:01,0
CASSVEGAHPIQETQYF,RLGPYLEFL,B*15:01,0
CASSVEGAHPIQETQYF,LLAGTLAGV,A*24:02,0
CASSVEGAHPIQETQYF,ILNAMITKI,A*03:01,0
CASSVEGAHPIQETQYF,TAFTIPSI,B*37:01,0
CASSVEGSGETQYF,ILNAMITKI,A*02:01,0
CASSVEGSGETQYF,MTLHGFMMY,B*38:01,0
CASSVEGSGETQYF,SPRWYFYYL,B*35:01,0
CASSVEGSGETQYF,LLSIISFPA,B*15:01,0
CASSVEGSGETQYF,NMINFAPNI,B*38:01,0
CASSVEGSGETQYF,KVKEVCPNV,B*27:09,0
CASSVEGSGETQYF,GKTELLAPF,B*35:01,0
CASSVEGSGETQYF,SLLMWITQC,B*35:08,0
CASSVEGSGETQYF,RLPGVLPRA,A*03:01,0
CASSVEGSGETQYF,ILNVDIFTL,A*02:01,0
CASSVEGSSYNEQFF,RLPGVLPRA,B*27:05,0
CASSVEGSSYNEQFF,VYFLQSINF,B*27:05,0
CASSVEGSSYNEQFF,IMDQVPFSV,A*11:01,0
CASSVEGSTEAFF,GQVMVVAPR,B*38:01,0
CASSVEGSTEAFF,RFPLTFGWCF,B*37:01,0
CASSVEGSTEAFF,ALYGSVPVL,A*24:02,0
CASSVEGSTEAFF,YLEPGPVTA,A*11:01,0
CASSVEGSTEAFF,KLNTITPVV,B*57:01,0
CASSVEGSTEAFF,CFLLILPNC,B*37:01,0
CASSVEGSTEAFF,YLQPRTFLL,B*37:01,0
CASSVEGSTEAFF,KMVAVFYNT,B*08:01,0
CASSVEGSTEAFF,ILTGLNYEV,B*27:05,0
CASSVEGSTEAFF,SLLMWITQC,B*38:01,0
CASSVEGSTEAFF,YLQPRTFLL,A*11:01,0
CASSVESSGSPYQFF,KTWGQYWQV,A*03:01,0
CASSVESSGSPYQFF,LPRWYFYYL,B*08:01,0
CASSVESSGSPYQFF,RLPGVLPRA,A*03:01,0
CASSVESSGSPYQFF,FMLYLLTLM,B*38:01,0
CASSVESSGSPYQFF,LIIPFIHLI,A*01:01,0
CASSVESSGSPYQFF,FLYNPLTRV,B*27:09,0
CASSVETGGLDTQYF,GILGFVFTL,B*51:01,0
CASSVETGGLDTQYF,FTSDYYQLY,B*27:05,0
CASSVETGGLDTQYF,ITDQVPFSV,A*02:01,0
CASSVETGGLDTQYF,NDMLVCANI,B*51:01,0
CASSVETGGLDTQYF,LLFGYPVYV,B*27:09,0
CASSVETTDYGYTF,ILNAMITKI,B*51:01,0
CASSVETTDYGYTF,KVKEVCPNV,B*27:09,0
CASSVETTDYGYTF,THLMVLCCV,B*51:01,0
CASSVETTDYGYTF,FLTVFSHFM,A*11:01,0
CASSVETTDYGYTF,LIIPFIHLI,B*15:01,0
CASSVGAGPSYEQYF,KLWASPLHV,B*57:01,0
CASSVGAGPSYEQYF,RPRGEVRFL,A*24:02,0
CASSVGAGPSYEQYF,RYPLTFGWCF,B*51:01,0
CASSVGAGPSYEQYF,YLEPGPVTA,B*57:01,0
CASSVGAGPSYEQYF,RYPLTFGWCF,B*35:08,0
CASSVGAGPTYEQYF,LLFALHFSA,B*08:01,0
CASSVGAGPTYEQYF,KLLEIAPNC,B*08:01,0
CASSVGAGPTYEQYF,VYFLQSINF,B*37:01,0
CASSVGAGPTYEQYF,GMGPLLATV,B*27:09,0
CASSVGAGPTYEQYF,THLMVLCCV,A*68:01,0
CASSVGAGPTYEQYF,IMDQVPFSV,B*35:01,0
CASSVGAGPTYEQYF,LLAGTLAVV,B*35:08,0
CASSVGATGAYEQYF,RTMEVCYNT,A*24:02,0
CASSVGATGAYEQYF,MLNIPSINV,B*27:09,0
CASSVGATGAYEQYF,ALSKGVHFV,A*30:02,0
CASSVGATGAYEQYF,KLNTITPVV,A*68:01,0
CASSVGATGAYEQYF,GCQEICPAC,B*35:01,0
CASSVGDFNYGYTF,KLSALGINAV,A*02:01,0
CASSVGDFNYGYTF,TRLALIAPK,A*30:02,0
CASSVGDFNYGYTF,KVKEVCPNV,A*11:01,0
CASSVGDFNYGYTF,KVKEVCPNV,B*37:01,0
CASSVGDFNYGYTF,VLFHRAFLV,A*24:02,0
CASSVGDFNYGYTF,CTELKLSDY,B*37:01,0
CASSVGDFNYGYTF,RPRGEVRFL,B*35:01,0
CASSVGDFNYGYTF,LLFGMPPCL,A*01:01,0
CASSVGDFNYGYTF,VMHANYIFW,B*35:01,0
CASSVGEGTEAFF,QYIKWPWYI,B*27:09,0
CASSVGEGTEAFF,GQFLTPNSH,A*11:01,0
CASSVGEGTEAFF,ALYGFVPVL,A*24:02,0
CASSVGEGTEAFF,SPRWYFYYL,A*30:02,0
CASSVGEGTEAFF,NLFNRYPAL,B*35:01,0
CASSVGEGTEAFF,VLFHRAFLV,B*08:01,0
CASSVGEGTEAFF,ILTGLNYEA,A*01:01,0
CASSVGETQYF,QYIKWPWYI,A*68:01,0
CASSVGETQYF,AEMEFCPCC,A*02:01,0
CASSVGETQYF,RLPGVLPRA,A*24:02,0
CASSVGETQYF,ALSKGVHFV,B*15:01,0
CASSVGETQYF,GQVMVVAPR,B*27:05,0
CASSVGETQYF,QSRGDENRGW,B*35:08,0
CASSVGETQYF,VVMSWAPPV,B*37:01,0
CASSVGETQYF,LLFALHFSA,A*30:02,0
CASSVGETQYF,RLGPYLEFL,B*37:01,0
CASSVGETQYF,KLWASPLHV,B*35:08,0
CASSVGETQYF,LVLEVDPNI,A*68:01,0
CASSVGETQYF,CTELKLNDY,B*35:01,0
CASSVGETQYF,VAANIVLTV,B*38:01,0
CASSVGETQYF,VYGIRLEHF,B*35:08,0
CASSVGGAFYNEQFF,KMVAVFYTT,B*37:01,0
CASSVGGAFYNEQFF,YVLDHLIVV,A*02:01,0
CASSVGGAFYNEQFF,VLFHRAFLV,A*03:01,0
CASSVGGAFYNEQFF,ALYGSVPVL,A*24:02,0
CASSVGGAFYNEQFF,TTDPSFLGRY,B*37:01,0
CASSVGGAFYNEQFF,VAANIVLTV,B*57:01,0
CASSVGGAFYNEQFF,LMFWASSSI,B*35:01,0
CASSVGGAVYNEQFF,GQVMVVAPR,B*37:01,0
CASSVGGAVYNEQFF,ALYGFVPVL,A*02:01,0
CASSVGGAVYNEQFF,LLFGMPPCL,B*15:01,0
CASSVGGAVYNEQFF,FMLYLLTLM,B*35:01,0
CASSVGGAVYNEQFF,GCQEICPAC,B*51:01,0
CASSVGGAVYNEQFF,LLAILTYYV,B*38:01,0
CASSVGGDIGIGYTF,GILGFVFTL,B*51:01,0
CASSVGGDIGIGYTF,FEDLRLLSF,A*01:01,0
CASSVGGDIGIGYTF,FEDLRLLSF,B*07:02,0
CASSVGGDIGIGYTF,LRVMMLAPF,B*27:05,0
CASSVGGDIGIGYTF,VLFGLGFAI,A*11:01,0
CASSVGGDIGIGYTF,LLFGYPVYV,B*27:09,0
CASSVGGDIGIGYTF,THLMVLCCV,B*15:01,0
CASSVGGDIGIGYTF,QYIKWPWYI,B*51:01,0
CASSVGGDIGIGYTF,FLTVFSHFM,B*15:01,0
CASSVGGGEVEAFF,RPPIFIRRL,B*38:01,0
CASSVGGGEVEAFF,TTDPSFLGRY,B*35:08,0
CASSVGGGEVEAFF,SLLMPILTL,B*37:01,0
CASSVGGGEVEAFF,EIQEFCPNT,A*11:01,0
CASSVGGGEVEAFF,AEMEFCPCC,A*11:01,0
CASSVGGGGNEQF,ILNAMIAKI,A*30:02,0
CASSVGGGGNEQF,VYFLQSINF,A*02:01,0
CASSVGGGGNEQF,LLAGTLAGV,B*27:05,0
CASSVGGGGNEQF,LMFWASSSI,A*30:02,0
CASSVGGGGNEQF,AVGSYVYSV,B*08:01,0
CASSVGGGGNEQF,LPRWYFYYL,B*38:01,0
CASSVGGGHQPQHF,VMPFSIVYI,B*27:09,0
CASSVGGGREQF,RLPGVLPRA,B*57:01,0
CASSVGGGREQF,GKTELLAPF,B*07:02,0
CASSVGGGREQF,ILNVDIFTL,A*11:01,0
CASSVGGGREQF,ILTGLNYEV,B*57:01,0
CASSVGGGSNQPQHF,RYRIGNYKL,B*38:01,0
CASSVGGGSNQPQHF,NMIHFAPNV,A*03:01,0
CASSVGGGSNQPQHF,FLYNPLTRV,B*51:01,0
CASSVGGGSNQPQHF,ALYGFVPVL,B*35:01,0
CASSVGGGSNQPQHF,CLGGLLTMV,B*51:01,0
CASSVGGGSNQPQHF,LMFWASSSI,B*37:01,0
CASSVGGGSNQPQHF,NMINFAPNI,B*51:01,0
CASSVGGGSNQPQHF,DATYQRTRALVR,B*27:09,0
CASSVGGGSNQPQHF,KTWGQYWQV,A*01:01,0
CASSVGGGSNQPQHF,SLAPLSPRV,B*57:01,0
CASSVGGGSSYEQYF,FEDLRVSSF,B*15:01,0
CASSVGGGSSYEQYF,GILGFVFTL,B*38:01,0
CASSVGGGSSYEQYF,YHSIEWAI,B*35:01,0
CASSVGGGSSYEQYF,LVLEVDPNI,A*03:01,0
CASSVGGGYEQYF,QYDPVAALF,A*11:01,0
CASSVGGGYEQYF,ILNVDVFTL,A*68:01,0
CASSVGGGYEQYF,ITDQVPFSV,B*35:01,0
CASSVGGGYEQYF,YLEPGPVTA,B*35:08,0
CASSVGGGYEQYF,IMDQVPFSV,B*35:08,0
CASSVGGGYEQYF,LLFGYPVYV,A*02:01,0
CASSVGGQGYNEQFF,GCQEICPAC,A*03:01,0
CASSVGGQGYNEQFF,QSRGDENRGW,B*57:01,0
CASSVGGQGYNEQFF,NYNYLYRLF,A*02:01,0
CASSVGGQGYNEQFF,VYFLQSINF,B*51:01,0
CASSVGGQGYNEQFF,AEMEFCPCC,B*35:08,0
CASSVGGQGYNEQFF,GQMWLLAPR,B*15:01,0
CASSVGGQGYNEQFF,RLPGVLPRA,B*35:08,0
CASSVGGQGYNEQFF,NYNYLYRLF,B*37:01,0
CASSVGGSPYNEQFF,KVKEVCPNV,B*15:01,0
CASSVGGSPYNEQFF,TSTLQEQIGW,B*35:01,0
CASSVGGSPYNEQFF,GQVMVVAPR,B*35:01,0
CASSVGGSPYNEQFF,GQVMVVAPR,B*57:01,0
CASSVGGSPYNEQFF,FEDLRVSSF,B*08:01,0
CASSVGGTGYNEQFF,LLAMTVPNV,B*38:01,0
CASSVGGTGYNEQFF,LLFALHFSA,B*35:08,0
CASSVGGTGYNEQFF,LLWNGPMAV,B*51:01,0
CASSVGGTGYNEQFF,LLAGTLAGV,B*35:01,0
CASSVGGTGYNEQFF,LLSIIFFPA,A*24:02,0
CASSVGGTGYNEQFF,KLWASPLHV,B*27:09,0
CASSVGGTGYNEQFF,KTFPPTEPK,A*30:02,0
CASSVGGTGYNEQFF,KLSALGINAV,B*27:05,0
CASSVGGTGYNEQFF,KLWASPLHV,A*03:01,0
CASSVGGTGYNEQFF,VYFLQSINF,A*11:01,0
CASSVGGTGYNEQFF,ALYGFVPVL,A*03:01,0
CASSVGGTNYNEQFF,VYGIRLEHF,B*37:01,0
CASSVGGTNYNEQFF,KLSALGINAV,A*24:02,0
CASSVGGTNYNEQFF,TRLALIAPK,A*68:01,0
CASSVGGTNYNEQFF,VLFGLGFAI,B*57:01,0
CASSVGGTNYNEQFF,MLNIPSINV,B*37:01,0
CASSVGGTNYNEQFF,NDMLVCANI,A*24:02,0
CASSVGGVPYNEQF,VYGIRLEHF,B*35:08,0
CASSVGGVPYNEQF,ILTGLNYEA,B*37:01,0
CASSVGGVPYNEQF,LLFALHFSA,B*08:01,0
CASSVGGVPYNEQF,RPRGEVRFL,B*15:01,0
CASSVGGVPYNEQF,CFVECAPVC,B*07:02,0
CASSVGGVSYNEQFF,TTDPSFLGRY,B*35:08,0
CASSVGGVSYNEQFF,LLFALHFSA,A*03:01,0
CASSVGGVSYNEQFF,AVGSYVYSV,B*27:09,0
CASSVGGVSYNEQFF,KLLEIAPNC,A*03:01,0
CASSVGGVSYNEQFF,ALSPVIPHI,B*35:08,0
CASSVGGVSYNEQFF,IVCPICSQK,B*38:01,0
CASSVGGVSYNEQFF,MIISHLYLI,A*30:02,0
CASSVGGVTYNEQF,THLMVLCCV,A*02:01,0
CASSVGGVTYNEQF,RLVPYLEFL,B*37:01,0
CASSVGGVTYNEQF,GMGPLLATV,B*51:01,0
CASSVGGVTYNEQF,AVGSYVYSV,B*15:01,0
CASSVGLAEPLDEQFF,NMIHFAPNV,A*01:01,0
CASSVGLAEPLDEQFF,FMLYLLTLM,B*27:09,0
CASSVGLAEPLDEQFF,SLLMPILTL,B*37:01,0
CASSVGLAEPLDEQFF,VLFHRAFLV,A*24:02,0
CASSVGLAEPLDEQFF,FEDLRLLSF,A*02:01,0
CASSVGLAEPLDEQFF,AEMEFCPCC,B*27:05,0
CASSVGLEAYEQYF,LLFGMPPCL,B*08:01,0
CASSVGLEAYEQYF,KLLEIAPNC,B*38:01,0
CASSVGLEAYEQYF,CTELKLNDY,B*15:01,0
CASSVGLPYEQYF,LMFWASSSI,B*07:02,0
CASSVGLPYEQYF,VYGIRLEHF,B*15:01,0
CASSVGLPYEQYF,VMHANYIFW,A*68:01,0
CASSVGLPYEQYF,KMVAVFYNT,B*35:08,0
CASSVGLPYEQYF,ITDQVPFSV,B*38:01,0
CASSVGLYSTDTQYF,ILTGLNYEV,B*15:01,0
CASSVGLYSTDTQYF,KLWASPLHV,A*30:02,0
CASSVGLYSTDTQYF,VVLSWAPPV,B*27:09,0
CASSVGLYSTDTQYF,ILNAMITKI,B*07:02,0
CASSVGLYSTDTQYF,CTELKLNDY,B*35:01,0
CASSVGNTEAFF,AVGSYVYSV,B*07:02,0
CASSVGNTEAFF,MLYQHLLPL,A*68:01,0
CASSVGNTEAFF,MTLHGFMMY,A*02:01,0
CASSVGNTEAFF,SVYGDTLEK,B*15:01,0
CASSVGNTEAFF,AVGSYVYSV,A*30:02,0
CASSVGNTEAFF,MMPFSIVYI,B*57:01,0
CASSVGNTEAFF,NMINFAPNI,A*02:01,0
CASSVGNTEAFF,LLFALHFSA,A*68:01,0
CASSVGQGSYEQYF,EAAGIGILTV,B*15:01,0
CASSVGQGSYEQYF,KLSALGINAV,B*07:02,0
CASSVGQGSYEQYF,KAFSPEVIPMF,B*35:01,0
CASSVGQGSYEQYF,HTMLCMCCK,B*51:01,0
CASSVGQGSYEQYF,FLYNPLTRV,A*02:01,0
CASSVGQGSYEQYF,LIIPFIHLI,B*51:01,0
CASSVGQGSYEQYF,ILNVDIFTL,B*57:01,0
CASSVGQGSYEQYF,ILTGLNYEV,B*57:01,0
CASSVGQGSYEQYF,YLEPGPVTA,B*35:01,0
CASSVGQGSYEQYF,NDMLVCANI,A*30:02,0
CASSVGQGSYEQYF,SLAPLSPRV,A*01:01,0
CASSVGQGSYEQYF,YLQPRTFLL,A*11:01,0
CASSVGRDSSGNQPQHF,FEDLRVLSF,A*68:01,0
CASSVGRDSSGNQPQHF,HTMLCMCCK,A*24:02,0
CASSVGRDSSGNQPQHF,ILNVDIFTL,B*15:01,0
CASSVGRDSSGNQPQHF,ITDQVPFSV,B*37:01,0
CASSVGRGSGEQYF,RFPLTFGWCF,B*08:01,0
CASSVGRGSGEQYF,GQVMVVAPR,B*07:02,0
CASSVGRGSGEQYF,VLFGLGFAI,A*11:01,0
CASSVGRGSGEQYF,VYFLQSINF,A*02:01,0
CASSVGRGSGEQYF,VYFLQSINF,B*51:01,0
CASSVGSGEQYF,KLLEIAPNC,B*35:01,0
CASSVGSGEQYF,KLWASPLHV,B*57:01,0
CASSVGSGEQYF,KLLEIAPNC,B*27:09,0
CASSVGSGEQYF,VLFGLGFAI,B*07:02,0
CASSVGSGEQYF,CTELKLNDY,B*35:01,0
CASSVGSGEQYF,VLFHRAFLV,B*27:09,0
CASSVGSGEQYF,IVCPICSQK,B*35:08,0
CASSVGSGEQYF,SLAPLSPRV,B*08:01,0
CASSVGSGGRPSSYNEQFF,YLQPRTFLL,A*01:01,0
CASSVGSGGRPSSYNEQFF,KRPIPIKYKAM,B*07:02,0
CASSVGSGGRPSSYNEQFF,RTMEVCYNT,A*68:01,0
CASSVGSGGRPSSYNEQFF,ILNAMIAKI,B*27:05,0
CASSVGSQETQYF,NDMLVCANI,A*02:01,0
CASSVGSQETQYF,AEMEFCPCC,B*15:01,0
CASSVGSQETQYF,RLPGVLPRA,B*35:08,0
CASSVGSQETQYF,ILTGLNYEA,B*37:01,0
CASSVGSQETQYF,ALSPVIPHI,A*03:01,0
CASSVGSTEAFF,GMGPLLATV,B*37:01,0
CASSVGSTEAFF,YVLDHLIVV,B*57:01,0
CASSVGTGAYEQYF,RPPIFIRRL,A*30:02,0
CASSVGTGAYEQYF,KLSALGINAV,B*07:02,0
CASSVGTGAYEQYF,SLLWMNPFV,A*68:01,0
CASSVGTGYEQYF,CLGGLLTMV,A*30:02,0
CASSVGTGYEQYF,VYGIRLEHF,B*08:01,0
CASSVGTGYEQYF,LLAGTLAGV,B*08:01,0
CASSVGTGYEQYF,RTMEVCYNT,B*35:01,0
CASSVGTGYEQYF,KLWASPLHV,B*35:01,0
CASSVGTGYEQYF,SLLMWITQC,A*03:01,0
CASSVGTGYEQYF,NMINFAPNI,B*37:01,0
CASSVGTGYEQYF,FLIYLDVSV,B*27:09,0
CASSVGTGYEQYF,CTELKLSDY,A*01:01,0
CASSVGTGYEQYF,GQMWLLAPR,B*27:05,0
CASSVLGNHYTNGELFF,SVYGDTLEK,B*37:01,0
CASSVLGNHYTNGELFF,KLVALGINAV,A*11:01,0
CASSVLGNHYTNGELFF,YHSIEWAI,A*30:02,0
CASSVLGNHYTNGELFF,KTWGQYWQV,B*08:01,0
CASSVLGNHYTNGELFF,NLNCCSVPV,A*68:01,0
CASSVPGQGVLEQYF,LLFGMPPCL,A*11:01,0
CASSVPGQGVLEQYF,ILNVDVFTL,B*27:05,0
CASSVPGQGVLEQYF,TRLALIAPK,B*57:01,0
CASSVPGQGVLEQYF,LLSIIFFPA,A*01:01,0
CASSVPGQGVLEQYF,VVLSWAPPV,B*08:01,0
CASSVPGQGVLEQYF,IVCPICSQK,B*35:01,0
CASSVPGQGVLEQYF,KRPIPIKYKAM,B*07:02,0
CASSVPGTPNTEAFF,VVMSWAPPV,A*11:01,0
CASSVPGTPNTEAFF,TSTLQEQIGW,A*11:01,0
CASSVPGTPNTEAFF,ALYGSVPVL,A*03:01,0
CASSVPGTPNTEAFF,ITDQVPFSV,B*35:01,0
CASSVPGTPNTEAFF,FLYNLLTRV,B*51:01,0
CASSVPGTPNTEAFF,TRLALIAPK,B*27:09,0
CASSVQSTDTQYF,KMVAVFYNT,B*38:01,0
CASSVQSTDTQYF,ELAGIGILTV,A*68:01,0
CASSVQSTDTQYF,NMINFAPNI,B*27:09,0
CASSVQSTDTQYF,TRLALIAPK,A*03:01,0
CASSVQSTDTQYF,KTWGQYWQV,B*57:01,0
CASSVRADTQYF,RLVPYLEFL,A*24:02,0
CASSVRADTQYF,RLQSLQTYV,B*35:08,0
CASSVRADTQYF,ELAGIGILTV,A*02:01,0
CASSVRADTQYF,AEMEFCPCC,B*35:08,0
CASSVSALGSDTQYF,LLWNGPMAV,B*08:01,0
CASSVSALGSDTQYF,LLFGMTPCL,B*07:02,0
CASSVSALGSDTQYF,DATYQRTRALVR,A*02:01,0
CASSVSALGSDTQYF,YVLDHLIVV,A*01:01,0
CASSVSALGSDTQYF,RTMEVCYNT,A*24:02,0
CASSVSALGSDTQYF,LLFGMPPCL,A*03:01,0
CASSVSALGSDTQYF,GILGFVFTL,B*38:01,0
CASSVSALGSDTQYF,MLNIPSINV,B*08:01,0
CASSVSATGELF,LLFGYPVYV,B*08:01,0
CASSVSATGELF,RYRIGNYKL,A*03:01,0
CASSVSATGELF,RLQSLQTYV,B*37:01,0
CASSVSATGELF,AVGSYVYSV,B*15:01,0
CASSVSGGAYEQYF,LMFWASSSI,B*15:01,0
CASSVSGGAYEQYF,ILNAMIAKI,B*57:01,0
CASSVSGGAYEQYF,ALSPVIPLI,B*37:01,0
CASSVSGGAYEQYF,NLFNRYPAL,B*07:02,0
CASSVSGGAYEQYF,FTSDYYQLY,A*24:02,0
CASSVSGGAYEQYF,NDMLVCANI,B*27:05,0
CASSVSGGAYEQYF,TSTLQEQIGW,A*68:01,0
CASSVSGSGTGELFF,FEDLRLLSF,B*57:01,0
CASSVSGSGTGELFF,GKTELLAPF,B*27:05,0
CASSVSGSGTGELFF,RPIPIKYKAM,B*37:01,0
CASSVSGSGTGELFF,ILTGLNYEA,A*24:02,0
CASSVSGSGTGELFF,CLGGLLTMV,B*08:01,0
CASSVSGSGTGELFF,RYRIGNYKL,A*03:01,0
CASSVSGSGTGELFF,KRPIPIKYKAM,B*08:01,0
CASSVSGSGTGELFF,KLWASPLHV,A*03:01,0
CASSVSGSGTGELFF,VAANIVLTV,B*57:01,0
CASSVSGSGTGELFF,RTMEVCYNT,B*08:01,0
CASSVSQGGYEQYF,AVGSYVYSV,A*02:01,0
CASSVSQGGYEQYF,LLSIISFPA,A*30:02,0
CASSVSQGGYEQYF,IPSINVHHY,A*68:01,0
CASSVSQGGYEQYF,VVLSWAPPV,A*11:01,0
CASSVSQGGYEQYF,KLVALGINAV,B*35:08,0
CASSVSQGGYEQYF,RYPLTFGWCF,B*35:01,0
CASSVSQGGYEQYF,LLAGTLAVV,B*07:02,0
CASSVSQGGYEQYF,TTDPSFLGRY,B*51:01,0
CASSVSQGGYEQYF,IMDQVPFSV,A*68:01,0
CASSVSSGLYYEQYF,SLAPLSPRA,A*24:02,0
CASSVSTNYEQYF,TRLALIAPK,B*51:01,0
CASSVSTNYEQYF,EAAGIGILTV,B*38:01,0
CASSVTFRTGPMYGYTF,NLNCCSVPV,B*15:01,0
CASSVTFRTGPMYGYTF,ILNVDIFTL,B*35:08,0
CASSVTFRTGPMYGYTF,NLFNRYPAL,B*37:01,0
CASSVTFRTGPMYGYTF,LLSIIFFPA,A*03:01,0
CASSVTFRTGPMYGYTF,FMLYLLTLM,B*07:02,0
CASSVTFRTGPMYGYTF,SLLMPILTL,B*51:01,0
CASSVTFRTGPMYGYTF,ILNAMITKI,B*57:01,0
CASSVVATGGRGTDTQYF,NYNYLYRLF,A*11:01,0
CASSVVATGGRGTDTQYF,LVLEVDPNI,B*35:01,0
CASSVVATGGRGTDTQYF,MLNIPSINV,B*35:01,0
CASSVVATGGRGTDTQYF,QYDPVAALF,B*27:09,0
CASSVVATGGRGTDTQYF,TAFTIPSI,A*03:01,0
CASSVVATGGRGTDTQYF,GILGFVFTL,A*11:01,0
CASSVVGARTDTQYF,SLLWMNPFV,A*68:01,0
CASSVVGARTDTQYF,AVGSYVYSV,B*08:01,0
CASSVVGARTDTQYF,LLAGTLAGV,A*02:01,0
CASSVVGARTDTQYF,FLYNLLTRV,B*51:01,0
CASSVVGARTDTQYF,CFVECAPVC,A*11:01,0
CASSVVGARTDTQYF,ILNAMIAKI,A*24:02,0
CASSVVGARTDTQYF,KLVALGINAV,A*11:01,0
CASSVVGARTDTQYF,LLAMTVPNV,A*01:01,0
CASSVVGARTDTQYF,LLWNGPMAV,A*30:02,0
CASSVVGTGAYEQYVF,ALSKGVHFV,B*57:01,0
CASSVVGTGAYEQYVF,KLSALGINAV,A*30:02,0
CASSVVGTGAYEQYVF,VAANIVLTV,B*27:05,0
CASSVVGTGAYEQYVF,ALYGSVPVL,B*38:01,0
CASSVVGTGAYEQYVF,VLFGLGFAI,A*24:02,0
CASSVWDSLTGELFF,KLLEIAPNC,B*15:01,0
CASSVWDSLTGELFF,RPPIFIRRL,B*38:01,0
CASSVWDSLTGELFF,CFLLILPNC,B*37:01,0
CASSVWDSLTGELFF,VVLSWAPPV,B*37:01,0
CASSVWDSLTGELFF,NMINFAPNI,B*37:01,0
CASSVWDSLTGELFF,IPSINVHHY,A*11:01,0
CASSVWDSLTGELFF,YVLDHLIVV,B*07:02,0
CASSVWDSLTGELFF,TAFTIPSI,A*24:02,0
CASSVWDSLTGELFF,FLYNLLTRV,B*07:02,0
CASSVYPAPSDNSPLHF,KMVTVCPNT,B*27:09,0
CASSVYPAPSDNSPLHF,VLFHRAFLV,B*51:01,0
CASSVYPAPSDNSPLHF,RPPIFIRRL,B*37:01,0
CASSVYPAPSDNSPLHF,KMVAVFYNT,A*03:01,0
CASSVYPAPSDNSPLHF,EAAGIGILTV,B*37:01,0
CASSVYPAPSDNSPLHF,CFVECAPVC,B*38:01,0
CASSVYSGGYNEQFF,ILTGLNYEA,B*08:01,0
CASSVYSGGYNEQFF,SLLMWITQA,B*27:09,0
CASSVYSGGYNEQFF,LLAGTLAGV,B*15:01,0
CASSVYSGGYNEQFF,VYIGDPAQL,B*07:02,0
CASSVYSGGYNEQFF,LRVMMLAPF,B*27:09,0
CASSVYSGGYNEQFF,AEMEFCPCC,B*07:02,0
CASSVYSGGYNEQFF,MLNIPSINV,B*27:09,0
CASSVYSTDTQYF,VLNYFKPYL,A*02:01,0
CASSVYSTDTQYF,VLNYFEPYL,B*15:01,0
CASSVYSTDTQYF,RLPGVLPRA,B*35:08,0
CASSVYSTDTQYF,FTSDYYQLY,A*01:01,0
CASSVYSTDTQYF,KAFSPEVIPMF,A*03:01,0
CASSVYSTDTQYF,LLFGMPPCL,B*35:08,0
CASSVYSTDTQYF,LLFGMPPCL,B*38:01,0
CASSVYSTDTQYF,CTELKLSDY,A*68:01,0
CASSVYSTDTQYF,HPVGEADYFEY,B*38:01,0
CASSWDNGGYTF,QKRPIPIKYKAM,A*24:02,0
CASSWDNGGYTF,VVLSWAPPV,B*37:01,0
CASSWDNGGYTF,VYIGDPAQL,A*11:01,0
CASSWDNGGYTF,ILNAMITKI,A*03:01,0
CASSWDNGGYTF,LLFGMTPCL,B*08:01,0
CASSWDNGGYTF,VVMSWAPPV,A*02:01,0
CASSWDNGGYTF,KRPIPIKYKAM,B*37:01,0
CASSWDPTYNEQF,LMFWASSSI,B*07:02,0
CASSWDPTYNEQF,ALSPVIPHI,B*38:01,0
CASSWDPTYNEQF,RLGPYLEFL,A*24:02,0
CASSWDPTYNEQF,LLAGTLAGV,A*68:01,0
CASSWDPTYNEQF,TRLALIAPK,A*30:02,0
CASSWDPTYNEQF,VMPFSIVYI,A*01:01,0
CASSWETETEAFF,ALSPVIPHI,B*38:01,0
CASSWETETEAFF,KLWASPLHV,B*37:01,0
CASSWETETEAFF,GKTELLAPF,B*08:01,0
CASSWGGETQYF,FEDLRVSSF,A*68:01,0
CASSWGGETQYF,ILNAMIAKI,B*27:05,0
CASSWGGETQYF,KLLEIAPNC,A*03:01,0
CASSWGGETQYF,LIIPFIHLI,A*02:01,0
CASSWGGETQYF,RLGPYLEFL,B*15:01,0
CASSWGGETQYF,LLFGMPPCL,B*08:01,0
CASSWGGETQYF,LLFGMPPCL,B*38:01,0
CASSWGLLSNQPQHFGF,GILGFVFTL,B*38:01,0
CASSWGLLSNQPQHFGF,ILNAMITKI,A*02:01,0
CASSWGLLSNQPQHFGF,HPVGEADYFEY,A*24:02,0
CASSWGLLSNQPQHFGF,MIISHLYLI,B*37:01,0
CASSWGPGYEQYF,VMPFSIVYIV,B*35:08,0
CASSWGPGYEQYF,ITDQVPFSV,B*08:01,0
CASSWGPGYEQYF,LVLEVDPNI,B*08:01,0
CASSWGPGYEQYF,RFPLTFGWCF,A*01:01,0
CASSWGPGYEQYF,LLAMTVPNV,A*02:01,0
CASSWGPGYEQYF,MLNIPSINV,A*30:02,0
CASSWGSSPAETQYF,ALSPVIPLI,A*02:01,0
CASSWGSSPAETQYF,SLLMWITQA,B*27:05,0
CASSWGSSPAETQYF,VAANIVLTV,B*57:01,0
CASSWGSSPAETQYF,KMVAVFYTT,A*30:02,0
CASSWGTGGNQPQHF,FLRGRAYGL,A*01:01,0
CASSWGTGGNQPQHF,TTDPSFLGRY,A*68:01,0
CASSWGTGGNQPQHF,ILTGLNYEA,B*35:01,0
CASSWGTGGNQPQHF,RLVPYLEFL,B*38:01,0
CASSWGTGGNQPQHF,KAFSPEVIPMF,B*51:01,0
CASSWGTGGNQPQHF,YVLTWIVGA,A*68:01,0
CASSWGTGGNQPQHF,RLGPYLEFL,B*07:02,0
CASSWGTGGNQPQHF,ALSPVIPLI,B*15:01,0
CASSWGWRSNQPQHF,VSDGGPNLY,B*51:01,0
CASSWGWRSNQPQHF,SLLMWITQC,A*30:02,0
CASSWGWRSNQPQHF,LLAGTLAGV,A*30:02,0
CASSWGWRSNQPQHF,YLEPGPVTA,A*02:01,0
CASSWGWRSNQPQHF,RQLLFVVEV,B*35:01,0
CASSWGWRSNQPQHF,ILTGLNYEV,B*57:01,0
CASSWGWRSNQPQHF,KTFPPTEPK,B*35:01,0
CASSWGWRSNQPQHF,VAANIVLTV,B*27:05,0
CASSWGWRSNQPQHF,ILTGLNYEA,B*07:02,0
CASSWGWRSNQPQHF,RPPIFIRRL,B*35:08,0
CASSWGWRSNQPQHF,VVLSWAPPV,B*38:01,0
CASSWGWRSNQPQHF,FLRGRAYGL,B*57:01,0
CASSWGWRSNQPQHF,YVLTWIVGA,A*24:02,0
CASSWLNTEAFF,VVMSWAPPV,A*30:02,0
CASSWLNTEAFF,RFPLTFGWCF,A*68:01,0
CASSWLNTEAFF,CTELKLNDY,B*57:01,0
CASSWLNTEAFF,SLLWMNPFV,A*01:01,0
CASSWLNTEAFF,MIISHLYLI,B*08:01,0
CASSWLNTEAFF,LLAGTLAVV,B*15:01,0
CASSWLNTEAFF,ILNAMIAKI,A*68:01,0
CASSWLNTEAFF,LLFALHFSA,B*15:01,0
CASSWNGLAGDEQFF,KLSALGINAV,B*35:01,0
CASSWNGLAGDEQFF,SLLWMNPFV,A*30:02,0
CASSWNGLAGDEQFF,NMIHFAPNV,B*35:01,0
CASSWNGLAGDEQFF,RFPLTFGWCF,B*37:01,0
CASSWNGLAGDEQFF,VMHANYIFW,A*03:01,0
CASSWNGLAGDEQFF,CFLLILPNC,B*27:05,0
CASSWNGLAGDEQFF,RPPIFIRRL,B*27:09,0
CASSWNGLAGDEQFF,LLAMTVPNV,B*57:01,0
CASSWNGLAGDEQFF,LLFGYPVYV,A*11:01,0
CASSWRRGTDTQYF,LVLEVDPNI,A*11:01,0
CASSWRRGTDTQYF,KTFPPTEPK,B*35:08,0
CASSWTSGRPEQYF,KMVAVFYTT,B*35:08,0
CASSWTSGRPEQYF,LLFALHFSA,A*30:02,0
CASSWTSGRPEQYF,NDMLVCANI,A*01:01,0
CASSWTSGRPEQYF,YVLDHLIVV,B*08:01,0
CASSWTSGRPEQYF,FMLYLLTLM,A*11:01,0
CASSWTSGRPEQYF,DATYQRTRALVR,B*57:01,0
CASSWTSGRPEQYF,IVCPICSQK,B*37:01,0
CASSWTSGRPEQYF,MLYQHLLPL,B*38:01,0
CASSWVGGADTQYF,ILNAMITKI,B*38:01,0
CASSWVGGADTQYF,ALSPVIPHI,B*35:01,0
CASSWVGGADTQYF,VLFGLGFAI,B*35:01,0
CASSWVGGADTQYF,RYPLTFGWCF,B*38:01,0
CASSWVGGADTQYF,NLNCCSVPV,B*27:09,0
CASSWVGGADTQYF,KMVAVFYNT,B*15:01,0
CASSYARGYNEQFF,RLPGVLPRA,A*11:01,0
CASSYARGYNEQFF,CFVECAPVC,B*08:01,0
CASSYARGYNEQFF,ITDQVPFSV,B*35:08,0
CASSYARGYNEQFF,GKTELLAPF,B*57:01,0
CASSYARGYNEQFF,FLYNLLTRV,B*27:09,0
CASSYARGYNEQFF,QSRGDENRGW,A*24:02,0
CASSYARGYNEQFF,SPRWYFYYL,B*27:09,0
CASSYARGYNEQFF,SVYGDTLEK,B*07:02,0
CASSYARGYNEQFF,KLVALGINAV,B*38:01,0
CASSYARGYNEQFF,RLVPYLEFL,B*35:01,0
CASSYASGGYEQYF,LLAILTYYV,B*51:01,0
CASSYASGGYEQYF,VLFGLGFAI,B*08:01,0
CASSYASGGYEQYF,RYPLTFGWCF,B*27:05,0
CASSYASGGYEQYF,VLFHRAFLV,B*27:09,0
CASSYASGGYEQYF,MTLHGFMMY,B*38:01,0
CASSYASGGYEQYF,KTFPPTEPK,A*02:01,0
CASSYASGGYEQYF,ILNVDIFTL,B*38:01,0
CASSYASTGTLNYGYTF,GCQEICPAC,A*30:02,0
CASSYASTGTLNYGYTF,ALYGFVPVL,B*57:01,0
CASSYASTGTLNYGYTF,QKRPIPIKYKAM,B*35:01,0
CASSYASTGTLNYGYTF,EAAGIGILTV,B*35:08,0
CASSYASTGTLNYGYTF,KLLEIAPNC,A*30:02,0
CASSYASTGTLNYGYTF,LVLEVDPNI,B*57:01,0
CASSYASTGTLNYGYTF,KLLEIAPNC,A*02:01,0
CASSYASTGTLNYGYTF,LLAMTVPNV,A*02:01,0
CASSYASTGTLNYGYTF,KVKEVCPNV,B*35:08,0
CASSYASTGTLNYGYTF,SPRWYFYYL,A*01:01,0
CASSYASTGTLNYGYTF,FEDLRVLSF,B*27:05,0
CASSYASTGTLNYGYTF,SLLMPILTL,B*35:08,0
CASSYASTGTLNYGYTF,RTMEVCYNT,B*51:01,0
CASSYATEVAGETQYF,ITDQVPFSV,B*38:01,0
CASSYATEVAGETQYF,TRLALIAPK,A*02:01,0
CASSYATEVAGETQYF,GQMWLLAPR,B*57:01,0
CASSYATEVAGETQYF,LLAMTVPNV,B*37:01,0
CASSYATEVAGETQYF,SLLMPILTL,A*68:01,0
CASSYATEVAGETQYF,FEDLRVLSF,A*03:01,0
CASSYATEVAGETQYF,LLWNGPMAV,A*11:01,0
CASSYATEVAGETQYF,DATYQRTRALVR,B*07:02,0
CASSYATGIPDTQYF,TAFTIPSI,B*07:02,0
CASSYATGIPDTQYF,SLAPLSPRA,B*35:01,0
CASSYATGIPDTQYF,DATYQRTRALVR,B*35:08,0
CASSYATGIPDTQYF,ILTGLNYEA,A*01:01,0
CASSYATGIPDTQYF,ILTGLNYEA,A*11:01,0
CASSYATGIPDTQYF,YVLTWIVGA,B*15:01,0
CASSYATGIPDTQYF,MTLHGFMMY,B*57:01,0
CASSYATGIPDTQYF,KLWASPLHV,A*11:01,0
CASSYATGIPDTQYF,MTLHGFMMY,B*15:01,0
CASSYATGIPDTQYF,KTFPPTEPK,B*27:05,0
CASSYEGALSYEQYF,NDMLVCANI,B*27:09,0
CASSYEGALSYEQYF,VYFLQSINF,B*27:05,0
CASSYEGALSYEQYF,VLFHRAFLV,A*24:02,0
CASSYEGALSYEQYF,QSRGDENRGW,A*03:01,0
CASSYEGALSYEQYF,MMPFSIVYI,A*02:01,0
CASSYEGALSYEQYF,LMFWASSSI,B*57:01,0
CASSYFKGAGELF,LLFGMTPCL,A*01:01,0
CASSYFKGAGELF,QYIKWPWYI,B*08:01,0
CASSYFKGAGELF,KTWGQYWQV,A*11:01,0
CASSYFKGAGELF,RPIPIKYKAM,A*68:01,0
CASSYFKGAGELF,VLFGLGFAI,B*27:05,0
CASSYFKGAGELF,ALSPVIPLI,B*35:01,0
CASSYFKGAGELF,NDMLVCANI,A*24:02,0
CASSYFKGAGELF,YHSIEWAI,A*30:02,0
CASSYFKGAGELF,GILGFVFTL,B*51:01,0
CASSYFKGAGELF,VMPFSIVYIV,A*02:01,0
CASSYFLEQYF,MMPFSIVYI,B*37:01,0
CASSYFRGSLSEQYF,EAAGIGILTV,B*15:01,0
CASSYFRGSLSEQYF,RLGPYLEFL,B*38:01,0
CASSYGGAYEQYF,MLYQHLLPL,A*11:01,0
CASSYGGAYEQYF,NLFNRYPAL,B*51:01,0
CASSYGGAYEQYF,VLFHRAFLV,B*51:01,0
CASSYGGAYEQYF,KLVALGINAV,A*30:02,0
CASSYGGAYEQYF,GQFLTPNSH,B*07:02,0
CASSYGGAYEQYF,VYIGDPAQL,B*35:08,0
CASSYGGAYEQYF,QYIKWPWYI,B*51:01,0
CASSYGGAYEQYF,CLGGLLTMV,B*07:02,0
CASSYGGGYEQYF,TTDPSFLGRY,B*37:01,0
CASSYGGGYEQYF,RFPLTFGWCF,B*37:01,0
CASSYGGGYEQYF,TTDPSFLGRY,B*08:01,0
CASSYGGGYEQYF,IVCPICSQK,A*30:02,0
CASSYGGGYEQYF,VYGIRLEHF,B*57:01,0
CASSYGGGYEQYF,GQMWLLAPR,A*03:01,0
CASSYGGGYEQYF,KVKEVCPNV,B*51:01,0
CASSYGGGYEQYF,LLWNGPMAV,A*03:01,0
CASSYGGGYEQYF,ILNAMITKI,B*38:01,0
CASSYGGISYGYTF,FLTVFSHFM,B*27:05,0
CASSYGGISYGYTF,VMPFSIVYI,B*35:08,0
CASSYGGISYGYTF,HPVGEADYFEY,B*07:02,0
CASSYGGISYGYTF,GQMWLLAPR,B*35:08,0
CASSYGGISYGYTF,RPIPIKYKAM,B*57:01,0
CASSYGGISYGYTF,EIQEFCPNT,B*37:01,0
CASSYGGLGQPQHFGF,ELAGIGILTV,B*08:01,0
CASSYGGLGQPQHFGF,FLYNLLTRV,B*37:01,0
CASSYGGLGQPQHFGF,FLYNPLTRV,B*27:05,0
CASSYGGLGQPQHFGF,LLAMTVPNV,B*08:01,0
CASSYGGLGQPQHFGF,ILTGLNYEV,A*68:01,0
CASSYGGLGQPQHFGF,LLSIISFPA,A*11:01,0
CASSYGGNSPLHF,ILNVDIFTL,A*03:01,0
CASSYGGNSPLHF,ILTGLNYEA,A*02:01,0
CASSYGGNSPLHF,ALYGFVPVL,A*24:02,0
CASSYGGNSPLHF,QYIKWPWYI,B*35:01,0
CASSYGHPGEQYF,ALSPVIPHI,A*30:02,0
CASSYGHPGEQYF,LVLEVDPNI,B*51:01,0
CASSYGHPGEQYF,CTELKLNDY,A*02:01,0
CASSYGHPGEQYF,VMPFSIVYI,A*02:01,0
CASSYGHPGEQYF,EIQEFCPNT,B*57:01,0
CASSYGHPGEQYF,LRVMMLAPF,A*30:02,0
CASSYGLEQYF,LPRWYFYYL,B*35:01,0
CASSYGLEQYF,LLAGTLAGV,B*35:01,0
CASSYGLEQYF,YVLTWIVGA,B*38:01,0
CASSYGLEQYF,GMGPLLATV,B*07:02,0
CASSYGLEQYF,KTFPPTEPK,B*57:01,0
CASSYGPLSGAGYTFGF,KLLEIAPNC,B*08:01,0
CASSYGPLSGAGYTFGF,KTFPPTEPK,B*35:08,0
CASSYGPLSGAGYTFGF,VAANIVLTV,B*38:01,0
CASSYGPLSGAGYTFGF,YHSIEWAI,B*35:01,0
CASSYGPLSGAGYTFGF,RLVPYLEFL,A*01:01,0
CASSYGPLSGAGYTFGF,ALSKGVHFV,B*07:02,0
CASSYGPLSGAGYTFGF,FLYNPLTRV,A*03:01,0
CASSYGPLSGAGYTFGF,LLWNGPMAV,B*35:08,0
CASSYGQGYEQYF,TRLALIAPK,A*02:01,0
CASSYGQGYEQYF,VMPFSIVYIV,B*27:09,0
CASSYGQGYEQYF,VVMSWAPPV,B*27:09,0
CASSYGQGYEQYF,IVCPICSQK,B*08:01,0
CASSYGQGYEQYF,KLVALGINAV,B*08:01,0
CASSYGTAYGYTF,MMPFSIVYI,B*07:02,0
CASSYGTAYGYTF,RTMEVCYNT,B*27:05,0
CASSYGTAYGYTF,RYPLTFGWCF,B*35:08,0
CASSYGTAYGYTF,LLSIISFPA,B*35:08,0
CASSYGTAYGYTF,AVGSYVYSV,B*15:01,0
CASSYGTGSADTQYF,GQFLTPNSH,B*07:02,0
CASSYGTGSADTQYF,KRPIPIKYKAM,A*24:02,0
CASSYGTGSADTQYF,RPRGEVRFL,A*11:01,0
CASSYGTGSADTQYF,FLRGRAYGL,B*38:01,0
CASSYGTGYEAFF,RTMEVCYNT,B*57:01,0
CASSYGTGYEAFF,NLNCCSVPV,B*57:01,0
CASSYGTGYEAFF,ALYGFVPVL,A*02:01,0
CASSYGTGYEAFF,EAAGIGILTV,B*27:09,0
CASSYGTGYEAFF,CFLLILPNC,B*57:01,0
CASSYGTGYEAFF,VAANIVLTV,A*30:02,0
CASSYGTGYEAFF,CTELKLNDY,B*27:05,0
CASSYGVNTEAFF,SPRWYFYYL,B*27:09,0
CASSYGVNTEAFF,VLFHRAFLV,A*03:01,0
CASSYGVNTEAFF,ILNAMIAKI,B*27:09,0
CASSYGVNTEAFF,LLAMTVPNV,B*35:08,0
CASSYGVNTEAFF,FLYNPLTRV,B*15:01,0
CASSYGVNTEAFF,IMDQVPFSV,B*08:01,0
CASSYGVNTEAFF,NLFNRYPAL,B*08:01,0
CASSYGVSGQFYGYTF,EIQEFCPNT,A*11:01,0
CASSYGVSGQFYGYTF,VSDGGPNLY,B*07:02,0
CASSYGVSGQFYGYTF,NLNCCSVPV,B*27:09,0
CASSYGVSGQFYGYTF,RPPIFIRRL,A*03:01,0
CASSYGVSGQFYGYTF,VLNYFKPYL,B*38:01,0
CASSYHGQGAVDTQYF,GCQEICPAC,B*51:01,0
CASSYHGQGAVDTQYF,NYNYLYRLF,B*35:08,0
CASSYHGQGAVDTQYF,NDMLVCANI,A*24:02,0
CASSYHGQGAVDTQYF,FTSDYYQLY,A*68:01,0
CASSYHGQGAVDTQYF,VMHANYIFW,A*11:01,0
CASSYHGQGAVDTQYF,HPVGEADYFEY,A*01:01,0
CASSYHGQGAVDTQYF,ALSPVIPLI,B*27:09,0
CASSYHGQGAVDTQYF,DATYQRTRALVR,B*15:01,0
CASSYHGQGAVDTQYF,VLNYFEPYL,B*27:09,0
CASSYITGTGSYGYTF,NMIHFAPNV,A*68:01,0
CASSYITGTGSYGYTF,ALSPVIPHI,A*11:01,0
CASSYITGTGSYGYTF,MMPFSIVYI,B*15:01,0
CASSYITGTGSYGYTF,VYGIRLEHF,B*35:08,0
CASSYITGTGSYGYTF,FTSDYYQLY,B*15:01,0
CASSYITGTGSYGYTF,YVLDHLIVV,A*24:02,0
CASSYLGMGQPQHFGF,VSDGGPNLY,B*35:08,0
CASSYLGMGQPQHFGF,QSRGDENRGW,B*57:01,0
CASSYLGSGANVLTF,RFPLTFGWCF,B*57:01,0
CASSYLGSGANVLTF,VVMSWAPPV,A*02:01,0
CASSYLGSGANVLTF,GQMWLLAPR,A*03:01,0
CASSYLGSGANVLTF,TAFTIPSI,B*37:01,0
CASSYLGSGANVLTF,YLEPGPVTA,A*24:02,0
CASSYLGSGANVLTF,FLRGRAYGL,B*57:01,0
CASSYLGSGANVLTF,SVYGDTLEK,B*35:08,0
CASSYLGSGANVLTF,ALYGFVPVL,B*27:05,0
CASSYLGSGANVLTF,LLAGTLAVV,B*08:01,0
CASSYLGTSAPIDEQFF,RLQSLQTYV,A*03:01,0
CASSYNQGPYDNNEQFF,SLLWMNPFV,A*01:01,0
CASSYNQGPYDNNEQFF,FEDLRVLSF,B*37:01,0
CASSYNQGPYDNNEQFF,CFLLILPNC,B*37:01,0
CASSYNQGPYDNNEQFF,MMPFSIVYI,A*03:01,0
CASSYNQGPYDNNEQFF,VVLSWAPPV,B*07:02,0
CASSYNQGPYDNNEQFF,RPIPIKYKAM,B*51:01,0
CASSYNQGPYDNNEQFF,TRLALIAPK,B*15:01,0
CASSYNQGYEQYF,ILTGLNYEV,B*37:01,0
CASSYNQGYEQYF,CTELKLSDY,A*01:01,0
CASSYNQGYEQYF,FLTVFSHFM,B*08:01,0
CASSYQHEQYF,KAFSPEVIPMF,B*15:01,0
CASSYQHEQYF,NMINFAPNI,B*57:01,0
CASSYQHEQYF,CTELKLNDY,A*68:01,0
CASSYQHEQYF,TAFTIPSI,A*24:02,0
CASSYQHEQYF,VSDGGPNLY,A*11:01,0
CASSYQHEQYF,SLLMWITQC,A*68:01,0
CASSYQHEQYF,NLFNRYPAL,A*01:01,0
CASSYQHEQYF,GQVMVVAPR,B*57:01,0
CASSYQTGAGGYGYTGF,SLLMPILTL,B*51:01,0
CASSYQTGAGGYGYTGF,KLLEIAPNC,A*24:02,0
CASSYQTGAGGYGYTGF,HPVGEADYFEY,B*07:02,0
CASSYQTGAGGYGYTGF,ELAGIGILTV,B*07:02,0
CASSYQTGPYSNQPQHF,LLSIIFFPA,B*15:01,0
CASSYQTGPYSNQPQHF,AVGSYVYSV,A*30:02,0
CASSYQTGPYSNQPQHF,KLNTITPVV,B*57:01,0
CASSYQTGPYSNQPQHF,THLMVLCCV,B*15:01,0
CASSYQTGPYSNQPQHF,GQFLTPNSH,A*02:01,0
CASSYQTGPYSNQPQHF,QSRGDENRGW,A*03:01,0
CASSYQTGPYSNQPQHF,LLFGMPPCL,B*35:01,0
CASSYRVSPYNEQF,SLAPLSPRA,B*37:01,0
CASSYRVSPYNEQF,ALSKGVHFV,A*02:01,0
CASSYRVSPYNEQF,KAFSPEVIPMF,B*15:01,0
CASSYRVSPYNEQF,FLRGRAYGL,A*30:02,0
CASSYRVSPYNEQF,YVLDHLIVV,B*08:01,0
CASSYRVSPYNEQF,ILNVDIFTL,A*02:01,0
CASSYRVSPYNEQF,IPSINVHHY,B*27:05,0
CASSYSAWNEQFF,LPRWYFYYL,B*37:01,0
CASSYSAWNEQFF,GQVMVVAPR,B*27:09,0
CASSYSAWNEQFF,ALYGFVPVL,A*01:01,0
CASSYSAWNEQFF,YVLTWIVGA,B*37:01,0
CASSYSAWNEQFF,VVLSWAPPV,B*35:01,0
CASSYSAWNEQFF,IVCPICSQK,A*30:02,0
CASSYSAWNEQFF,VMPFSIVYI,B*27:09,0
CASSYSAWNEQFF,CFLLILPNC,B*27:09,0
CASSYSAWNEQFF,VLNYFEPYL,A*03:01,0
CASSYSAWNEQFF,NLNCCSVPV,B*57:01,0
CASSYSAWNEQFF,AEMEFCPCC,B*15:01,0
CASSYSAWNEQFF,NLFNRYPAL,B*37:01,0
CASSYSDAGGYYEQYF,VLNYFKPYL,A*30:02,0
CASSYSDAGGYYEQYF,LLAILTYYV,B*51:01,0
CASSYSDAGGYYEQYF,YVLDHLIVV,A*03:01,0
CASSYSDAGGYYEQYF,RQLLFVVEV,B*35:08,0
CASSYSDRSSYEQYF,RYPLTFGW,A*68:01,0
CASSYSDRSSYEQYF,KTWGQYWQV,B*07:02,0
CASSYSFGGAPAQETQYF,KMVTVCPNT,B*07:02,0
CASSYSFGGAPAQETQYF,IVCPICSQK,B*51:01,0
CASSYSFGGAPAQETQYF,HTMLCMCCK,B*51:01,0
CASSYSFGGAPAQETQYF,VYFLQSINF,B*57:01,0
CASSYSFGGAPAQETQYF,CFVECAPVC,B*15:01,0
CASSYSFGGAPAQETQYF,QKRPIPIKYKAM,A*68:01,0
CASSYSFGGAPAQETQYF,FLRGRAYGL,B*57:01,0
CASSYSFGGAPAQETQYF,LLFGYPVYV,B*07:02,0
CASSYSFGGAPAQETQYF,AVGSYVYSV,A*01:01,0
CASSYSGAEQYF,LIIPFIHLI,B*08:01,0
CASSYSGAEQYF,NLVPMVATV,A*30:02,0
CASSYSGAEQYF,ITDQVPFSV,B*37:01,0
CASSYSGAEQYF,SLAPLSPRV,A*03:01,0
CASSYSGGNRKNTQNF,ILNVDVFTL,B*57:01,0
CASSYSGGNRKNTQNF,TRLALIAPK,B*38:01,0
CASSYSGGNRKNTQNF,IMDQVPFSV,A*01:01,0
CASSYSGGNRKNTQNF,IPSINVHHY,B*57:01,0
CASSYSGGNRKNTQNF,KRPIPIKYKAM,A*24:02,0
CASSYSGGNRKNTQNF,MLNIPSINV,A*24:02,0
CASSYSGQGYTF,KMVAVFYNT,B*57:01,0
CASSYSGQGYTF,NLVPMVATV,B*35:01,0
CASSYSGQGYTF,MMPFSIVYI,B*51:01,0
CASSYSGQGYTF,FLYNPLTRV,A*02:01,0
CASSYSGQGYTF,HTMLCMCCK,B*08:01,0
CASSYSGQGYTF,GCQEICPAC,B*35:01,0
CASSYSGTSGGAYEQYF,LLFGMPPCL,B*08:01,0
CASSYSGTSGGAYEQYF,QSRGDENRGW,B*27:09,0
CASSYSGTSGGAYEQYF,ALYGFVPVL,A*02:01,0
CASSYSGTSGGAYEQYF,VYIGDPAQL,A*02:01,0
CASSYSGTSGGAYEQYF,FMLYLLTLM,A*30:02,0
CASSYSGTSGGAYEQYF,GILGFVFTL,B*27:09,0
CASSYSGTSGGAYEQYF,FLTVFSHFM,A*24:02,0
CASSYSGTSGGAYEQYF,AEMEFCPCC,B*15:01,0
CASSYSIGNTEAFF,KMVTVCPNT,A*30:02,0
CASSYSIGNTEAFF,YLQPRTFLL,B*15:01,0
CASSYSIGNTEAFF,FLTVFSHFM,A*30:02,0
CASSYSIGNTEAFF,KLVALGINAV,A*30:02,0
CASSYSLAAEAFF,NDMLVCANI,B*08:01,0
CASSYSLAAEAFF,RFPLTFGWCF,A*03:01,0
CASSYSLAAEAFF,ALYGFVPVL,B*07:02,0
CASSYSLAAEAFF,LLFGMPPCL,B*27:05,0
CASSYSLAAEAFF,LLAGTLAGV,B*37:01,0
CASSYSLAAEAFF,YLEPGPVTA,A*30:02,0
CASSYSLAAEAFF,SLLMPILTL,B*37:01,0
CASSYSLAAEAFF,ILTGLNYEA,B*57:01,0
CASSYSLAGEFF,YVLTWIVGA,B*27:09,0
CASSYSLAGEFF,FLRGRAYGL,B*35:08,0
CASSYSLAGEFF,SLLMWITQC,B*57:01,0
CASSYSLAGEFF,MLNIPSINV,B*27:05,0
CASSYSLAGEFF,GCQEICPAC,B*37:01,0
CASSYSLAGEFF,FLIYLDVSV,B*38:01,0
CASSYSLAGEFF,SLLMWITQA,B*15:01,0
CASSYSLAGEFF,KLSALGINAV,A*30:02,0
CASSYSLAGEFF,FLYNPLTRV,B*15:01,0
CASSYSLAGGEETQYF,KLSALGINAV,B*57:01,0
CASSYSLAGGEETQYF,FEDLRVSSF,B*51:01,0
CASSYSLAGGEETQYF,TTDPSFLGRY,B*38:01,0
CASSYSLAGGEETQYF,RLGPYLEFL,A*01:01,0
CASSYSLAGGEETQYF,ILNVDIFTL,A*01:01,0
CASSYSLAGGEETQYF,VLNYFKPYL,A*03:01,0
CASSYSLAGGEETQYF,YLQPRTFLL,B*37:01,0
CASSYSLAGGEETQYF,YLEPGPVTA,A*68:01,0
CASSYSNGGYGYTF,CTELKLNDY,B*07:02,0
CASSYSNGGYGYTF,YVLDHLIVV,A*11:01,0
CASSYSNGYEQYF,NLNCCSVPV,B*15:01,0
CASSYSNGYEQYF,FMLYLLTLM,B*38:01,0
CASSYSNGYEQYF,NMINFAPNI,B*07:02,0
CASSYSQGVYTGELFF,RLGPYLEFL,B*07:02,0
CASSYSQGVYTGELFF,RYPLTFGWCF,B*57:01,0
CASSYSQGVYTGELFF,NMIHFAPNV,B*38:01,0
CASSYSQGVYTGELFF,LLFALYFSA,B*07:02,0
CASSYSQGVYTGELFF,KMVTVCPNT,B*51:01,0
CASSYSQGVYTGELFF,KLVALGINAV,A*02:01,0
CASSYSQGVYTGELFF,LLFGMTPCL,B*35:01,0
CASSYSQGVYTGELFF,YLEPGPVTA,A*24:02,0
CASSYSQGVYTGELFF,DATYQRTRALVR,B*51:01,0
CASSYSRLAGYNEQFF,MLNIPSINV,A*11:01,0
CASSYSRLAGYNEQFF,VLFHRAFLV,B*07:02,0
CASSYSRLAGYNEQFF,KAFSPEVIPMF,A*24:02,0
CASSYSRLAGYNEQFF,VYFLQSINF,A*11:01,0
CASSYSRLAGYNEQFF,ALSPVIPLI,B*27:09,0
CASSYSRLAGYNEQFF,VLFGLGFAI,A*30:02,0
CASSYSRLAGYNEQFF,CLGGLLTMV,A*24:02,0
CASSYSRLAGYNEQFF,VVLSWAPPV,B*51:01,0
CASSYSSDFWGDQPQHF,GQFLTPNSH,B*38:01,0
CASSYSSDFWGDQPQHF,RPIPIKYKAM,B*15:01,0
CASSYSSDFWGDQPQHF,GQMWLLAPR,A*02:01,0
CASSYSSDFWGDQPQHF,ILNAMIAKI,B*35:08,0
CASSYSSDFWGDQPQHF,SLAPLSPRV,A*01:01,0
CASSYSSDFWGDQPQHF,NLFNRYPAL,B*37:01,0
CASSYSSDFWGDQPQHF,FLTVFSHFM,B*08:01,0
CASSYSSDRSSYEQYF,VYFLQSINF,B*35:01,0
CASSYSSDRSSYEQYF,LLFGMTPCL,B*15:01,0
CASSYSSDRSSYEQYF,VYFLQSINF,B*07:02,0
CASSYSSDRSSYEQYF,IVCPICSQK,A*30:02,0
CASSYSSDRSSYEQYF,LLSIISFPA,A*24:02,0
CASSYSSDRSSYEQYF,VYFLQSINF,B*38:01,0
CASSYSSDRSSYEQYF,QKRPIPIKYKAM,B*27:09,0
CASSYSSDRSSYEQYF,YLEPGPVTA,B*27:05,0
CASSYSSDRSSYEQYF,LVLEVDPNI,A*11:01,0
CASSYSSDRSSYEQYF,NMINFAPNI,B*27:09,0
CASSYSSDRSSYEQYF,CTELKLNDY,B*07:02,0
CASSYSSGTEAFF,GCQEICPAC,A*01:01,0
CASSYSSGTEAFF,SLLWMNPFV,A*02:01,0
CASSYSSGYFLFF,FLTVFSHFM,A*01:01,0
CASSYSSGYFLFF,LLSIISFPA,A*11:01,0
CASSYSSGYFLFF,AVGSYVYSV,A*30:02,0
CASSYSSGYFLFF,IVCPICSQK,A*68:01,0
CASSYSSGYFLFF,ILNAMIAKI,B*08:01,0
CASSYSTGAGETQYF,LLWNGPMAV,A*68:01,0
CASSYSTGAGETQYF,LLFALYFSA,A*68:01,0
CASSYSTGAGETQYF,TAFTIPSI,B*37:01,0
CASSYSTGAGETQYF,FMLYLLTLM,A*30:02,0
CASSYSTGAGETQYF,RLPGVLPRA,B*27:09,0
CASSYSTGAGETQYF,LLAILTYYV,A*30:02,0
CASSYSTGAGETQYF,LLAGTLAGV,B*27:05,0
CASSYSTGGTDTQYF,FLIYLDVSV,A*01:01,0
CASSYSTGGTDTQYF,YVLTWIVGA,A*30:02,0
CASSYSTGGTDTQYF,AVGSYVYSV,A*24:02,0
CASSYSTGGTDTQYF,KMVTVCPNT,B*27:05,0
CASSYSTGGTDTQYF,VLNYFEPYL,B*51:01,0
CASSYSTGGTDTQYF,CTELKLSDY,B*57:01,0
CASSYSVKGQDYSYEQYF,LMFWASSSI,B*27:09,0
CASSYSVKGQDYSYEQYF,VLFHRAFLV,A*24:02,0
CASSYSVKGQDYSYEQYF,LLSIISFPA,B*08:01,0
CASSYSVKGQDYSYEQYF,CTELKLSDY,A*11:01,0
CASSYSVKGQDYSYEQYF,QKRPIPIKYKAM,A*02:01,0
CASSYSVKGQDYSYEQYF,SLLMWITQA,A*11:01,0
CASSYSVKGQDYSYEQYF,QYDPVAALF,B*08:01,0
CASSYSVKGQDYSYEQYF,TRLALIAPK,B*27:09,0
CASSYSVKGQDYSYEQYF,KLSALGINAV,B*08:01,0
CASSYSWGEQFF,SVYGDTLEK,A*01:01,0
CASSYSWGEQFF,NDMLVCANI,B*35:01,0
CASSYSWGEQFF,RTMEVCYNT,B*27:09,0
CASSYSWGEQFF,KVKEVCPNV,B*27:09,0
CASSYSWGEQFF,CTELKLSDY,B*27:09,0
CASSYSWGEQFF,MMPFSIVYI,B*35:01,0
CASSYSWGEQFF,SLLMWITQA,B*57:01,0
CASSYSYRGTNEKLFF,YVLTWIVGA,B*38:01,0
CASSYSYRGTNEKLFF,VLNYFEPYL,A*30:02,0
CASSYSYRGTNEKLFF,RPPIFIRRL,A*03:01,0
CASSYSYRGTNEKLFF,NMIHFAPNV,B*38:01,0
CASSYSYRGTNEKLFF,CTELKLNDY,B*35:01,0
CASSYSYRGTNEKLFF,LLWNGPMAV,A*68:01,0
CASSYTEAYEQYF,LRVMMLAPF,B*27:05,0
CASSYTEAYEQYF,VYFLQSINF,B*57:01,0
CASSYTEAYEQYF,IMDQVPFSV,B*07:02,0
CASSYTEAYEQYF,RLVPYLEFL,B*27:09,0
CASSYTEAYEQYF,HPVGEADYFEY,A*03:01,0
CASSYTEAYEQYF,LLAILTYYV,B*51:01,0
CASSYTGAYEQYVF,LLWNGPMAV,B*35:08,0
CASSYTGAYEQYVF,MTLHGFMMY,A*03:01,0
CASSYTGAYEQYVF,KTFPPTEPK,B*35:08,0
CASSYTGAYEQYVF,KLSALGINAV,B*27:09,0
CASSYTGAYEQYVF,MIISHLYLI,B*35:01,0
CASSYTGFLNTGELFF,LLAMTVPNV,B*27:05,0
CASSYTGFLNTGELFF,GMGPLLATV,A*24:02,0
CASSYTGFLNTGELFF,LMFWASSSI,B*07:02,0
CASSYTGFLNTGELFF,LLSIIFFPA,B*35:08,0
CASSYTGFLNTGELFF,FLIYLDVSV,A*03:01,0
CASSYVGNTGELFF,RFPLTFGWCF,B*07:02,0
CASSYVGNTGELFF,SLAPLSPRV,B*08:01,0
CASSYVGNTGELFF,ILNVDVFTL,A*03:01,0
CASSYVGNTGELFF,LMFWASSSI,A*11:01,0
CASSYVGNTGELFF,RYPLTFGWCF,B*38:01,0
CASSYWPTTGESTDTQYF,GKTELLAPF,B*35:01,0
CASSYWPTTGESTDTQYF,GQFLTPNSH,B*35:01,0
CASSYWPTTGESTDTQYF,YHSIEWAI,B*27:09,0
CASSYWPTTGESTDTQYF,VYIGDPAQL,B*27:05,0
CASSYWPTTGESTDTQYF,TSTLQEQIGW,B*35:08,0
CASTATFGVTEAFF,SLLMWITQA,B*27:05,0
CASTATFGVTEAFF,KLNTITPVV,B*08:01,0
CASTATFGVTEAFF,VLFHRAFLV,A*01:01,0
CASTATFGVTEAFF,VSDGGPNLY,B*15:01,0
CASTATFGVTEAFF,VLFHRAFLV,B*38:01,0
CASTATFGVTEAFF,VYGIRLEHF,B*27:05,0
CASTATFGVTEAFF,QSRGDENRGW,B*27:05,0
CASTATFGVTEAFF,SPRWYFYYL,B*35:08,0
CASTEGQGGEQYF,CTELKLSDY,B*27:05,0
CASTEGQGGEQYF,NMIHFAPNV,B*27:05,0
CASTEGQGGEQYF,LLFALHFSA,A*02:01,0
CASTEGQGGEQYF,HTMLCMCCK,B*27:05,0
CASTEGQGGEQYF,RLVPYLEFL,B*51:01,0
CASTEGQGGEQYF,DATYQRTRALVR,B*57:01,0
CASTEGQGGEQYF,KMVTVCPNT,B*38:01,0
CASTEGQGGEQYF,VYGIRLEHF,B*51:01,0
CASTEGQGGEQYF,ILTGLNYEA,A*01:01,0
CASTEGQGGEQYF,CTELKLNDY,B*15:01,0
CASTEGQGGEQYF,ALSKGVHFV,B*27:09,0
CASTGGGAPYNEQFF,RPIPIKYKAM,A*03:01,0
CASTGGGAPYNEQFF,LLAILTYYV,B*07:02,0
CASTGGGAPYNEQFF,GMGPLLATV,B*35:08,0
CASTGGGAPYNEQFF,CFLLILPNC,A*30:02,0
CASTGGGAPYNEQFF,LLAMTVPNV,B*57:01,0
CASTGGGAPYNEQFF,VVMSWAPPV,B*35:01,0
CASTGGGAPYNEQFF,NMIHFAPNV,B*15:01,0
CASTGGRSSYNEQFF,YLQPRTFLL,A*01:01,0
CASTGGRSSYNEQFF,LLFGMPPCL,A*01:01,0
CASTGGRSSYNEQFF,YVLTWIVGA,A*30:02,0
CASTGGRSSYNEQFF,TTDPSFLGRY,A*68:01,0
CASTGQNPEAFF,FLRGRAYGL,B*38:01,0
CASTGQNPEAFF,VAANIVLTV,B*35:01,0
CASTGQNPEAFF,VYFLQSINF,A*03:01,0
CASTGQNPEAFF,NMINFAPNI,B*35:08,0
CASTGQNPEAFF,ALSKGVHFV,A*68:01,0
CASTGQNPEAFF,QYDPVAALF,B*27:09,0
CASTGQNPEAFF,FTSDYYQLY,B*35:08,0
CASTGSYGYTFGSGTRLTVTF,CFVECAPVC,A*30:02,0
CASTGSYGYTFGSGTRLTVTF,MLYQHLLPL,B*27:05,0
CASTGSYGYTFGSGTRLTVTF,RFPLTFGWCF,B*27:05,0
CASTGSYGYTFGSGTRLTVTF,AVGSYVYSV,B*35:08,0
CASTGTDSYEQYF,LRVMMLAPF,A*01:01,0
CASTGTDSYEQYF,TSTLQEQIGW,B*57:01,0
CASTGTDSYEQYF,MIISHLYLI,B*57:01,0
CASTGTDSYEQYF,LLAMTVPNV,A*30:02,0
CASTGTDSYEQYF,NMIHFAPNV,B*15:01,0
CASTGTGGFSYNEQF,KLVALGINAV,A*03:01,0
CASTGTGGFSYNEQF,RYPLTFGWCF,B*38:01,0
CASTGTGGFSYNEQF,YLQPRTFLL,B*35:01,0
CASTGTSGALYNEQFFGF,LLAGTLAGV,A*01:01,0
CASTGTSGALYNEQFFGF,LVLEVDPNI,B*35:08,0
CASTGTSGRAETQYF,CTELKLSDY,A*01:01,0
CASTGTSGRAETQYF,QYDPVAALF,B*38:01,0
CASTGTSGRAETQYF,MIISHLYLI,A*30:02,0
CASTLAGGPYEQYF,SLLMWITQC,A*02:01,0
CASTLAGGPYEQYF,MLNIPSINV,B*35:01,0
CASTLAGGPYEQYF,YVLDHLIVV,B*57:01,0
CASTLAGGPYEQYF,SVYGDTLEK,A*11:01,0
CASTLAGGPYEQYF,TSTLQEQIGW,B*27:05,0
CASTLAGGPYEQYF,ELAGIGILTV,A*01:01,0
CASTLAGGPYEQYF,LLFALYFSA,A*11:01,0
CASTLAGGPYEQYF,LLFGYPVYV,B*07:02,0
CASTLAGGPYEQYF,HPVGEADYFEY,B*37:01,0
CASTLAGGPYEQYF,DATYQRTRALVR,A*30:02,0
CASTLAGGPYEQYF,FLYNLLTRV,B*51:01,0
CASTLAGGPYEQYF,KLLEIAPNC,A*68:01,0
CASTLGTVEAFF,KMVTVCPNT,B*15:01,0
CASTLGTVEAFF,KLNTITPVV,B*27:09,0
CASTLGTVEAFF,KMVAVFYTT,B*51:01,0
CASTLGTVEAFF,VMHANYIFW,B*57:01,0
CASTLGTVEAFF,LVLEVDPNI,B*27:05,0
CASTLGTVEAFF,KVKEVCPNV,A*02:01,0
CASTLGTVEAFF,VAANIVLTV,A*24:02,0
CASTLSGGAVFEQYF,SLLMWITQC,B*15:01,0
CASTLSGGAVFEQYF,NMINFAPNI,A*30:02,0
CASTLSGGAVFEQYF,KMVAVFYTT,B*07:02,0
CASTLSGGAVFEQYF,SVYGDTLEK,B*08:01,0
CASTLSGGAVFEQYF,LLFGMPPCL,B*27:09,0
CASTLSGGAVFEQYF,VAANIVLTV,B*07:02,0
CASTLSGGAVFEQYF,IMDQVPFSV,B*27:05,0
CASTLTGFAEAFF,KRPIPIKYKAM,A*11:01,0
CASTLTGFAEAFF,LLWNGPMAV,A*03:01,0
CASTLTGFAEAFF,RYPLTFGW,B*15:01,0
CASTLTGFAEAFF,SPRWYFYYL,B*07:02,0
CASTLTGFAEAFF,LLFALYFSA,A*30:02,0
CASTNTVQLYMNTEAFF,IMDQVPFSV,B*27:09,0
CASTNTVQLYMNTEAFF,RFPLTFGWCF,A*30:02,0
CASTNYAGGDRGYTF,VMHANYIFW,A*01:01,0
CASTNYAGGDRGYTF,ILNAMIAKI,B*51:01,0
CASTNYAGGDRGYTF,LPRWYFYYL,A*03:01,0
CASTNYAGGDRGYTF,LIIPFIHLI,B*08:01,0
CASTPEGSYNEQF,SPRWYFYYL,B*15:01,0
CASTPEGSYNEQF,RLGPYLEFL,B*27:09,0
CASTPEGSYNEQF,NDMLVCANI,A*11:01,0
CASTPEGSYNEQF,VVMSWAPPV,A*68:01,0
CASTPEGSYNEQF,FEDLRVSSF,B*07:02,0
CASTPEGSYNEQF,LLFGMTPCL,B*57:01,0
CASTPGQNEQYF,LLAMTVPNV,A*03:01,0
CASTPGQNEQYF,RLVPYLEFL,B*35:08,0
CASTPGQNEQYF,FLIYLDVSV,A*11:01,0
CASTPGQNEQYF,GQMWLLAPR,A*02:01,0
CASTPGQNEQYF,GKTELLAPF,B*08:01,0
CASTPGQNEQYF,KLSALGINAV,A*02:01,0
CASTPGTEAFF,NLNCCSVPV,A*11:01,0
CASTPGTEAFF,VYIGDPAQL,B*37:01,0
CASTPGTEAFF,QSRGDENRGW,B*51:01,0
CASTPGTEAFF,TSTLQEQIGW,B*57:01,0
CASTPGTESYEQYF,LLAMTVPNV,A*24:02,0
CASTPGTESYEQYF,IPSINVHHY,A*24:02,0
CASTPGTESYEQYF,NLFNRYPAL,B*15:01,0
CASTPGTESYEQYF,LLSIISFPA,B*38:01,0
CASTPGTESYEQYF,YVLTWIVGA,B*07:02,0
CASTPGTESYEQYF,QYDPVAALF,B*35:08,0
CASTPGTESYEQYF,AVGSYVYSV,B*37:01,0
CASTPTGNTEAFF,KMVAVFYTT,A*02:01,0
CASTPTGNTEAFF,GQFLTPNSH,B*15:01,0
CASTPTGNTEAFF,LLAGTLAGV,A*68:01,0
CASTPTGNTEAFF,YVLTWIVGA,A*02:01,0
CASTPTGNTEAFF,SVYGDTLEK,A*11:01,0
CASTPTGNTEAFF,RTMEVCYNT,A*02:01,0
CASTPTGNTEAFF,VMPFSIVYIV,B*27:05,0
CASTPTGNTEAFF,IMDQVPFSV,B*27:05,0
CASTPTGNTEAFF,LLAGTLAVV,B*38:01,0
CASTPTGNTEAFF,SLLMWITQA,B*27:05,0
CASTPTGNTEAFF,AVGSYVYSV,B*08:01,0
CASTPTGNTEAFF,LLFGYPVYV,B*35:01,0
CASTPWGAEAFF,GCQEICPAC,B*57:01,0
CASTPWGAEAFF,VMPFSIVYIV,B*51:01,0
CASTQGDTGELFF,KVKEVCPNV,B*27:09,0
CASTQGDTGELFF,YHSIEWAI,B*35:01,0
CASTQGDTGELFF,CTELKLNDY,A*03:01,0
CASTQGDTGELFF,VLFHRAFLV,B*35:08,0
CASTQGDTGELFF,QYIKWPWYI,A*01:01,0
CASTQGDTGELFF,ALYGFVPVL,B*27:05,0
CASTRELSYNEQFF,RFPLTFGWCF,B*15:01,0
CASTRELSYNEQFF,KMVAVFYNT,A*01:01,0
CASTRELSYNEQFF,FLRGRAYGL,B*27:09,0
CASTRELSYNEQFF,VSDGGPNLY,B*15:01,0
CASTRELSYNEQFF,CTELKLSDY,A*30:02,0
CASTRELSYNEQFF,NMINFAPNI,B*08:01,0
CASTRELSYNEQFF,LIIPFIHLI,A*30:02,0
CASTRELSYNEQFF,LLSIISFPA,A*68:01,0
CASTRQGDSYEQYF,RYPLTFGW,A*11:01,0
CASTRQGDSYEQYF,VLFHRAFLV,B*57:01,0
CASTRQGDSYEQYF,CTELKLSDY,B*08:01,0
CASTRQGDSYEQYF,YHSIEWAI,B*51:01,0
CASTRQGDSYEQYF,ALSPVIPLI,B*51:01,0
CASTSLGQGHISNYGYTF,LMFWASSSI,A*24:02,0
CASTSLGQGHISNYGYTF,SLLMWITQC,B*15:01,0
CASTSLGQGHISNYGYTF,QKRPIPIKYKAM,B*35:08,0
CASTSLGQGHISNYGYTF,CLGGLLTMV,B*38:01,0
CASTSLGQGHISNYGYTF,RLVPYLEFL,B*35:08,0
CASTSLGQGHISNYGYTF,RFPLTFGWCF,B*37:01,0
CASTSMGAGAANTEAFF,QSRGDENRGW,A*11:01,0
CASTSMGAGAANTEAFF,KRPIPIKYKAM,A*24:02,0
CASTSMGAGAANTEAFF,FLYNPLTRV,A*11:01,0
CASTSMGAGAANTEAFF,KLLEIAPNC,A*03:01,0
CASTSMGAGAANTEAFF,FLYNLLTRV,B*27:09,0
CASTSMGAGAANTEAFF,ITDQVPFSV,B*51:01,0
CASTSMGAGAANTEAFF,CTELKLSDY,B*57:01,0
CASTSMGAGAANTEAFF,VLFHRAFLV,A*02:01,0
CASTSTGTGAYGYTF,LLSIISFPA,B*15:01,0
CASTSTGTGAYGYTF,ALSPVIPHI,A*01:01,0
CASTSTGTGAYGYTF,VMPFSIVYI,B*07:02,0
CASTSVMTDSIYGYTF,ALSKGVHFV,B*27:05,0
CASTSVMTDSIYGYTF,IVCPICSQK,A*01:01,0
CASTSVMTDSIYGYTF,YHSIEWAI,A*02:01,0
CASTSVMTDSIYGYTF,KTFPPTEPK,A*01:01,0
CASTSVMTDSIYGYTF,SVYGDTLEK,A*30:02,0
CASTTGGSLPPEAF,YLQPRTFLL,A*02:01,0
CASTTGGSLPPEAF,FLTVFSHFM,B*38:01,0
CASTTGGSLPPEAF,VLNYFKPYL,B*15:01,0
CASTTGGSLPPEAF,LLSIIFFPA,B*57:01,0
CASTTGGSLPPEAF,QYDPVAALF,B*38:01,0
CASTTGGSLPPEAF,QSRGDENRGW,B*35:08,0
CASTTGGSLPPEAF,NLVPMVATV,B*51:01,0
CASTVRQGSNQPQHF,FMLYLLTLM,B*35:08,0
CASTVRQGSNQPQHF,VMHANYIFW,B*37:01,0
CASTVRQGSNQPQHF,GCQEICPAC,B*27:05,0
CASTVRQGSNQPQHF,SLLMWITQA,A*01:01,0
CASTVRQGSNQPQHF,VMPFSIVYIV,A*11:01,0
CASTVRQGSNQPQHF,KAFSPEVIPMF,A*30:02,0
CASTWGRASTDTQYF,LIIPFIHLI,B*35:08,0
CASTWGRASTDTQYF,ALSKGVHFV,A*11:01,0
CASTWGRASTDTQYF,LLAMTVPNV,A*11:01,0
CASTWGRASTDTQYF,GMGPLLATV,B*51:01,0
CASTYGGLNEQYF,LLFALHFSA,A*24:02,0
CASTYGGLNEQYF,ILNVDVFTL,A*11:01,0
CASTYGGLNEQYF,ILNVDIFTL,A*01:01,0
CASTYGGLNEQYF,FLRGRAYGL,A*30:02,0
CASTYGGLNEQYF,FLYNPLTRV,A*68:01,0
CASTYGGLNEQYF,RYPLTFGWCF,A*02:01,0
CASWGGANYGYTF,VMPFSIVYI,B*38:01,0
CASWGGANYGYTF,IMDQVPFSV,B*35:08,0
CASWGGANYGYTF,FLYNPLTRV,B*27:05,0
CASWGGANYGYTF,GQFLTPNSH,B*27:05,0
CASWGGANYGYTF,LLFALYFSA,B*27:05,0
CASWGGANYGYTF,QYDPVAALF,A*11:01,0
CASYFFALFTDTQYF,CTELKLSDY,B*51:01,0
CASYFFALFTDTQYF,ALSKGVHFV,B*37:01,0
CASYFFALFTDTQYF,LIIPFIHLI,A*30:02,0
CASYPGTSGSYEQYF,KAFSPEVIPMF,A*03:01,0
CASYPGTSGSYEQYF,LRVMMLAPF,B*07:02,0
CASYPGTSGSYEQYF,QSRGDENRGW,A*02:01,0
CASYPGTSGSYEQYF,FLYNPLTRV,B*37:01,0
CASYPGTSGSYEQYF,VVMSWAPPV,B*07:02,0
CASYPSDGYNEQFF,SLAPLSPRA,A*68:01,0
CASYPSDGYNEQFF,MLNIPSINV,B*35:08,0
CASYVGLNTEAFF,SVYGDTLEK,B*35:01,0
CASYVGLNTEAFF,VMPFSIVYI,A*02:01,0
CASYVGLNTEAFF,KLWASPLHV,B*38:01,0
CASYVGLNTEAFF,RLQSLQTYV,B*57:01,0
CASYVGLNTEAFF,YVLTWIVGA,B*35:01,0
CASYVGLNTEAFF,ALSPVIPLI,B*15:01,0
CASYVGLNTEAFF,TTDPSFLGRY,B*35:01,0
CASYVGLNTEAFF,ELAGIGILTV,B*08:01,0
CASYVGLNTEAFF,SPRWYFYYL,A*01:01,0
CATAGTGGLF,KVKEVCPNV,A*30:02,0
CATAGTGGLF,VLNYFEPYL,B*35:01,0
CATAGTGGLF,FMLYLLTLM,B*37:01,0
CATAKEGLAYEQFF,FEDLRVLSF,B*27:05,0
CATAKEGLAYEQFF,IPSINVHHY,B*08:01,0
CATAKEGLAYEQFF,RLVPYLEFL,B*37:01,0
CATAKEGLAYEQFF,DATYQRTRALVR,A*24:02,0
CATAKEGLAYEQFF,LPRWYFYYL,B*27:09,0
CATAKEGLAYEQFF,AVGSYVYSV,A*68:01,0
CATAKEGLAYEQFF,ALYGFVPVL,B*57:01,0
CATAKEGLAYEQFF,RLVPYLEFL,B*07:02,0
CATAKEGLAYEQFF,MLYQHLLPL,B*08:01,0
CATAKEGLAYEQFF,LRVMMLAPF,B*27:05,0
CATAPGTGRTLKLIF,LVLEVDPNI,A*24:02,0
CATAPGTGRTLKLIF,ILTGLNYEV,A*30:02,0
CATAPGTGRTLKLIF,KLVALGINAV,B*51:01,0
CATAPGTGRTLKLIF,RPIPIKYKAM,A*24:02,0
CATASDLQGDRSTEAFF,RPPIFIRRL,B*51:01,0
CATASDLQGDRSTEAFF,CTELKLNDY,B*27:05,0
CATGGGISYEQYF,SLLWMNPFV,A*11:01,0
CATGGGISYEQYF,VMPFSIVYI,B*38:01,0
CATGGGISYEQYF,FLRGRAYGL,B*07:02,0
CATGGGISYEQYF,LMFWASSSI,B*07:02,0
CATGGGISYEQYF,AVGSYVYSV,A*24:02,0
CATGGGISYEQYF,LIIPFIHLI,A*30:02,0
CATGPRGSSYNEQF,RLQSLQTYV,A*68:01,0
CATGPRGSSYNEQF,RFPLTFGWCF,A*30:02,0
CATGPRGSSYNEQF,KTFPPTEPK,B*38:01,0
CATGPRGSSYNEQF,QSRGDENRGW,A*30:02,0
CATGPRGSSYNEQF,FLIYLDVSV,A*24:02,0
CATGPRGSSYNEQF,VSDGGPNLY,A*24:02,0
CATGPRGSSYNEQF,MTLHGFMMY,B*07:02,0
CATGPRGSSYNEQF,VLFHRAFLV,B*27:09,0
CATGPRGSSYNEQF,SLLWMNPFV,B*51:01,0
CATGRDRAYEQYF,GCQEICPAC,A*30:02,0
CATGRDRAYEQYF,RYPLTFGWCF,B*27:09,0
CATGRDRAYEQYF,GQMWLLAPR,B*07:02,0
CATGRDRAYEQYF,YVLDHLIVV,B*37:01,0
CATGRDRAYEQYF,LPRWYFYYL,A*24:02,0
CATGRDRAYEQYF,FLIYLDVSV,B*38:01,0
CATGRDRAYEQYF,RPIPIKYKAM,A*03:01,0
CATHGVSSRETQYF,DATYQRTRALVR,B*27:09,0
CATHGVSSRETQYF,ALYGSVPVL,B*08:01,0
CATHGVSSRETQYF,ILNVDVFTL,B*35:08,0
CATHGVSSRETQYF,VSDGGPNLY,A*11:01,0
CATHGVSSRETQYF,ILTGLNYEA,B*35:01,0
CATKPPGTDEQFF,KRPIPIKYKAM,A*11:01,0
CATKPPGTDEQFF,NMINFAPNI,B*57:01,0
CATKPPGTDEQFF,MIISHLYLI,B*35:08,0
CATKPPGTDEQFF,QYDPVAALF,B*51:01,0
CATKPPGTDEQFF,THLMVLCCV,B*08:01,0
CATKPPGTDEQFF,CFLLILPNC,B*27:05,0
CATKPPGTDEQFF,RFPLTFGWCF,B*08:01,0
CATKPPGTDEQFF,VSDGGPNLY,A*03:01,0
CATKPPGTDEQFF,IMDQVPFSV,B*35:08,0
CATKPPGTDEQFF,HTMLCMCCK,B*35:01,0
CATKPPGTDEQFF,ILNAMITKI,B*51:01,0
CATQGTSGYTDTQYF,FEDLRVSSF,A*03:01,0
CATQGTSGYTDTQYF,YLEPGPVTA,B*38:01,0
CATQGTSGYTDTQYF,NYNYLYRLF,A*01:01,0
CATQGTSGYTDTQYF,LPRWYFYYL,B*38:01,0
CATQGTSGYTDTQYF,KMVTVCPNT,B*07:02,0
CATQGTSGYTDTQYF,RLVPYLEFL,B*27:05,0
CATQRANTGELFF,GILGFVFTL,B*08:01,0
CATQRANTGELFF,RLVPYLEFL,B*27:09,0
CATQRANTGELFF,LIIPFIHLI,A*24:02,0
CATQRANTGELFF,LLAILTYYV,B*08:01,0
CATQRANTGELFF,KMVAVFYNT,B*38:01,0
CATQRANTGELFF,MLNIPSINV,B*57:01,0
CATQRANTGELFF,FLRGRAYGL,A*02:01,0
CATRGQSYEQYF,NMINFAPNI,A*24:02,0
CATRGQSYEQYF,QKRPIPIKYKAM,B*51:01,0
CATRGQSYEQYF,ILNVDIFTL,B*15:01,0
CATRGQSYEQYF,QYDPVAALF,A*03:01,0
CATRGQSYEQYF,RYPLTFGW,B*08:01,0
CATRGQSYEQYF,SLAPLSPRA,B*08:01,0
CATRGQSYEQYF,FMLYLLTLM,B*51:01,0
CATRGQSYEQYF,VLFGLGFAI,A*02:01,0
CATRGQSYEQYF,ILNAMIAKI,A*01:01,0
CATRKSYNSPLHF,VYGIRLEHF,A*68:01,0
CATRKSYNSPLHF,QSRGDENRGW,B*51:01,0
CATRKSYNSPLHF,LLAMTVPNV,A*24:02,0
CATRKSYNSPLHF,CTELKLNDY,A*03:01,0
CATRKSYNSPLHF,VMPFSIVYI,B*35:01,0
CATSAGPEMYEQYF,FLRGRAYGL,B*51:01,0
CATSAGPEMYEQYF,GQMWLLAPR,A*24:02,0
CATSAGPEMYEQYF,TRLALIAPK,B*35:08,0
CATSAGPEMYEQYF,ILTGLNYEV,B*35:01,0
CATSAGPEMYEQYF,MIISHLYLI,A*03:01,0
CATSAGPEMYEQYF,VAANIVLTV,A*68:01,0
CATSAGPEMYEQYF,QYDPVAALF,B*51:01,0
CATSASTGLEQFF,IPSINVHHY,B*37:01,0
CATSASTGLEQFF,IMDQVPFSV,A*68:01,0
CATSASTGLEQFF,FLYNLLTRV,B*38:01,0
CATSASTGLEQFF,RYPLTFGW,A*01:01,0
CATSASTGLEQFF,HPVGEADYFEY,A*24:02,0
CATSASTGLEQFF,THLMVLCCV,A*11:01,0
CATSASTGLEQFF,ALYGSVPVL,B*51:01,0
CATSAVTRGNQPQHF,ALYGFVPVL,B*35:01,0
CATSAVTRGNQPQHF,KAFSPEVIPMF,B*51:01,0
CATSAVTRGNQPQHF,LVLEVDPNI,B*35:08,0
CATSDFNHGYTF,CFLLILPNC,A*02:01,0
CATSDFNHGYTF,NDMLVCANI,B*57:01,0
CATSDFNHGYTF,KMVTVCPNT,B*51:01,0
CATSDFNHGYTF,RYPLTFGWCF,B*51:01,0
CATSDFNHGYTF,KRPIPIKYKAM,B*08:01,0
CATSDFNHGYTF,RLVPYLEFL,A*68:01,0
CATSDLGGLTGELFF,QYIKWPWYI,A*01:01,0
CATSDLGGLTGELFF,HPVGEADYFEY,B*35:08,0
CATSDLGGLTGELFF,LLFGMTPCL,B*35:08,0
CATSDLGGLTGELFF,NMIHFAPNV,B*07:02,0
CATSDLGGLTGELFF,QYDPVAALF,B*37:01,0
CATSDLGGLTGELFF,VLNYFEPYL,B*07:02,0
CATSDLGGLTGELFF,CFLLILPNC,B*35:01,0
CATSDLGGLTGELFF,LLAGTLAVV,B*27:09,0
CATSDLQGVRGVNEQF,NLFNRYPAL,B*37:01,0
CATSDLQGVRGVNEQF,RLPGVLPRA,B*07:02,0
CATSDLQGVRGVNEQF,RYRIGNYKL,B*57:01,0
CATSDLTQDEQYF,VYFLQSINF,A*68:01,0
CATSDLTQDEQYF,GMGPLLATV,A*01:01,0
CATSDLTQDEQYF,LLAILTYYV,A*02:01,0
CATSDLTQDEQYF,MLYQHLLPL,B*08:01,0
CATSDLTQDEQYF,EIQEFCPNT,A*24:02,0
CATSDLTRDEQFF,ILNVDIFTL,B*08:01,0
CATSDPGTTNTGELFF,KLLEIAPNC,A*24:02,0
CATSDPGTTNTGELFF,AEMEFCPCC,A*24:02,0
CATSDPGTTNTGELFF,QYDPVAALF,B*08:01,0
CATSDPGTTNTGELFF,MLNIPSINV,B*15:01,0
CATSDPGTTNTGELFF,FTSDYYQLY,A*03:01,0
CATSDPRDWTGEANQPQHF,ALSPVIPLI,B*08:01,0
CATSDPRDWTGEANQPQHF,VAANIVLTV,B*08:01,0
CATSDPRDWTGEANQPQHF,YVLTWIVGA,A*24:02,0
CATSDPRDWTGEANQPQHF,QKRPIPIKYKAM,B*08:01,0
CATSDPRDWTGEANQPQHF,CFLLILPNC,B*15:01,0
CATSDRDRDTGELFF,CTELKLSDY,A*24:02,0
CATSDRDRDTGELFF,SLLMWITQA,B*27:09,0
CATSDRDRDTGELFF,IPSINVHHY,A*11:01,0
CATSDRDRDTGELFF,FLIYLDVSV,A*24:02,0
CATSDRDRDTGELFF,LIIPFIHLI,B*57:01,0
CATSDRDRDTGELFF,KMVAVFYNT,B*37:01,0
CATSDRDRDTGELFF,NDMLVCANI,A*68:01,0
CATSDRDRDTGELFF,KLSALGINAV,B*07:02,0
CATSDSGLAGDYNEQF,MIISHLYLI,A*02:01,0
CATSDSGLAGDYNEQF,FLIYLDVSV,A*03:01,0
CATSDSGLAGDYNEQF,ITDQVPFSV,B*08:01,0
CATSDSGLAGDYNEQF,HTMLCMCCK,A*11:01,0
CATSDSGLAGDYNEQF,LLAGTLAVV,B*27:09,0
CATSDSGLAGDYNEQF,DATYQRTRALVR,A*30:02,0
CATSDSGLAGDYNEQF,MLYQHLLPL,A*03:01,0
CATSDSGLAGDYNEQF,RLPGVLPRA,B*35:08,0
CATSDSGLAGDYNEQF,SLAPLSPRV,B*35:08,0
CATSDSGLAGDYNEQF,FLRGRAYGL,B*27:09,0
CATSEGLQYEQYF,LLFGMPPCL,B*35:01,0
CATSEGLQYEQYF,QSRGDENRGW,A*03:01,0
CATSEGLQYEQYF,TSTLQEQIGW,A*01:01,0
CATSEGLQYEQYF,TSTLQEQIGW,B*07:02,0
CATSEGLQYEQYF,TSTLQEQIGW,A*11:01,0
CATSEGLQYEQYF,VMPFSIVYIV,A*01:01,0
CATSEGLQYEQYF,ALSKGVHFV,B*07:02,0
CATSGGPAYEQYF,KLSALGINAV,A*24:02,0
CATSGGPAYEQYF,MMPFSIVYI,A*30:02,0
CATSGGPAYEQYF,NLNCCSVPV,B*08:01,0
CATSGGPAYEQYF,LLFALHFSA,B*57:01,0
CATSGGTSYEQF,RQLLFVVEV,A*02:01,0
CATSGGTSYEQF,FLRGRAYGL,A*02:01,0
CATSGGTSYEQF,CFVECAPVC,B*08:01,0
CATSGGTSYEQF,SLLMPILTL,B*27:09,0
CATSGGTSYEQF,RQLLFVVEV,A*11:01,0
CATSGGTSYEQF,QSRGDENRGW,B*08:01,0
CATSGRRDEQFF,ALYGFVPVL,B*08:01,0
CATSGRRDEQFF,NLVPMVATV,B*07:02,0
CATSGRRDEQFF,KMVTVCPNT,A*02:01,0
CATSGRRDEQFF,IPSINVHHY,B*07:02,0
CATSGRRDEQFF,KTFPPTEPK,B*38:01,0
CATSGRRDEQFF,GQFLTPNSH,B*27:05,0
CATSGRTGGGEQYF,RLQSLQTYV,A*24:02,0
CATSGRTGGGEQYF,SLLWMNPFV,A*24:02,0
CATSGRTGGGEQYF,RYPLTFGW,A*24:02,0
CATSGRTGGGEQYF,TSTLQEQIGW,A*24:02,0
CATSGRTGGGEQYF,YHSIEWAI,B*07:02,0
CATSGRTGGGEQYF,VYFLQSINF,A*30:02,0
CATSGRTGGGEQYF,VLFHRAFLV,B*57:01,0
CATSGRTGGGEQYF,RLVPYLEFL,B*27:05,0
CATSGSGNYEQYF,SPRWYFYYL,B*35:08,0
CATSGSGNYEQYF,LRVMMLAPF,B*35:08,0
CATSGSGNYEQYF,VYGIRLEHF,B*07:02,0
CATSGSGNYEQYF,FMLYLLTLM,B*08:01,0
CATSGSGNYEQYF,RLVPYLEFL,B*15:01,0
CATSGSGNYEQYF,LLFALYFSA,A*68:01,0
CATSGSGNYEQYF,ALYGFVPVL,B*08:01,0
CATSGSYEQYF,VYFLQSINF,A*01:01,0
CATSGSYEQYF,LLFALHFSA,A*24:02,0
CATSGSYEQYF,ALYGFVPVL,A*02:01,0
CATSGSYEQYF,SLLMPILTL,B*51:01,0
CATSGSYEQYF,SPRWYFYYL,A*02:01,0
CATSGSYEQYF,KLWASPLHV,A*11:01,0
CATSGTGGHEQYF,VLFGLGFAI,B*38:01,0
CATSGTGGHEQYF,GCQEICPAC,B*08:01,0
CATSGTGGHEQYF,ALYGSVPVL,A*01:01,0
CATSGTGGHEQYF,FEDLRVSSF,B*27:09,0
CATSGTGGHEQYF,TRLALIAPK,B*27:05,0
CATSGTGGHEQYF,VMHANYIFW,A*68:01,0
CATSGTGGTGELFF,ILNAMITKI,A*03:01,0
CATSGTGGTGELFF,QKRPIPIKYKAM,A*02:01,0
CATSGTGGTGELFF,RPPIFIRRL,B*37:01,0
CATSGTGGTGELFF,KLVALGINAV,B*35:08,0
CATSGTGGTGELFF,LLWNGPMAV,A*30:02,0
CATSGTGGTGELFF,SLLWMNPFV,B*51:01,0
CATSGTGGTGELFF,SPRWYFYYL,B*38:01,0
CATSLGQAYGYTF,NDMLVCANI,A*11:01,0
CATSLGQAYGYTF,EAAGIGILTV,B*35:01,0
CATSLGQAYGYTF,TSTLQEQIGW,B*07:02,0
CATSLGQAYGYTF,VVMSWAPPV,B*35:01,0
CATSLGQAYGYTF,KLLEIAPNC,A*11:01,0
CATSLGQAYGYTF,ALYGSVPVL,B*37:01,0
CATSPGLAGAYQETQYF,ITDQVPFSV,B*37:01,0
CATSPGLAGAYQETQYF,LPRWYFYYL,A*02:01,0
CATSPGLAGAYQETQYF,IPSINVHHY,B*37:01,0
CATSPGLAGAYQETQYF,FLRGRAYGL,A*01:01,0
CATSPGLAGAYQETQYF,ILTGLNYEV,A*01:01,0
CATSPGLAGAYQETQYF,NLNCCSVPV,B*35:01,0
CATSPGLAGAYQETQYF,RLGPYLEFL,B*07:02,0
CATSPGLAGAYQETQYF,ALSPVIPHI,B*37:01,0
CATSPGLAGAYQETQYF,TTDPSFLGRY,A*01:01,0
CATSPRGGHEQYF,KMVTVCPNT,B*35:01,0
CATSPRGGHEQYF,SLAPLSPRA,B*57:01,0
CATSPRGGHEQYF,RLQSLQTYV,B*27:05,0
CATSPRGGHEQYF,RPRGEVRFL,B*57:01,0
CATSPRGGHEQYF,RYPLTFGW,B*57:01,0
CATSPSAGGYGYTF,LLAILTYYV,B*37:01,0
CATSPSAGGYGYTF,LPRWYFYYL,B*35:01,0
CATSPSAGGYGYTF,VYIGDPAQL,B*27:09,0
CATSPSAGGYGYTF,GQMWLLAPR,A*68:01,0
CATSPSLGTQYF,RYPLTFGWCF,B*27:05,0
CATSPSLGTQYF,HTMLCMCCK,B*27:09,0
CATSPSLGTQYF,EIQEFCPNT,A*11:01,0
CATSPSLGTQYF,SLLMPILTL,A*68:01,0
CATSPSLGTQYF,VYFLQSINF,B*27:05,0
CATSPSLGTQYF,LLWNGPMAV,B*35:08,0
CATSPSLGTQYF,CTELKLNDY,B*35:01,0
CATSPSLGTQYF,LLFGYPVYV,A*24:02,0
CATSPSLGTQYF,VVMSWAPPV,A*11:01,0
CATSPSLGTQYF,NLFNRYPAL,A*24:02,0
CATSPSLGTQYF,NLFNRYPAL,A*11:01,0
CATSRAMNTEAFF,ILNAMITKI,B*07:02,0
CATSRAMNTEAFF,ALSKGVHFV,B*51:01,0
CATSRAMNTEAFF,NMIHFAPNV,B*15:01,0
CATSRAMNTEAFF,FMLYLLTLM,B*35:01,0
CATSRAMNTEAFF,AEMEFCPCC,A*02:01,0
CATSRAMNTEAFF,QYDPVAALF,B*37:01,0
CATSRDGLAGANSPLHF,SLLWMNPFV,A*11:01,0
CATSRDGLAGANSPLHF,KLNTITPVV,B*27:09,0
CATSRDGLAGANSPLHF,RTMEVCYNT,B*27:05,0
CATSRDQEGANQPQHF,ILNVDIFTL,B*37:01,0
CATSRDQEGANQPQHF,FMLYLLTLM,B*51:01,0
CATSRDQEGANQPQHF,KLSALGINAV,A*68:01,0
CATSRDQEGANQPQHF,QYDPVAALF,B*35:01,0
CATSRDRGLTEAFF,YHSIEWAI,B*08:01,0
CATSRDRGLTEAFF,MLNIPSINV,A*24:02,0
CATSRDRGLTEAFF,FMLYLLTLM,B*27:09,0
CATSRDRGLTEAFF,FMLYLLTLM,A*11:01,0
CATSRDRGLTEAFF,RYPLTFGW,B*51:01,0
CATSRDRGPYGYTF,LPRWYFYYL,B*37:01,0
CATSRDRGPYGYTF,LRVMMLAPF,B*51:01,0
CATSRDRGPYGYTF,FMLYLLTLM,B*37:01,0
CATSRDRGPYGYTF,LVLEVDPNI,B*51:01,0
CATSRDRGTDTFF,MLYQHLLPL,A*11:01,0
CATSRDRGTDTFF,EAAGIGILTV,B*27:05,0
CATSRDRGTDTFF,ILTGLNYEA,B*37:01,0
CATSRDRGTDTFF,AVGSYVYSV,B*38:01,0
CATSRDRGTDTFF,ALSKGVHFV,A*30:02,0
CATSRDRGTDTFF,LLSIISFPA,B*35:01,0
CATSRESGNGKLF,GCQEICPAC,B*35:01,0
CATSRESGNGKLF,KLNTITPVV,A*68:01,0
CATSRESGNGKLF,LLAMTVPNV,B*27:09,0
CATSRESGNGKLF,SLLMPILTL,B*27:05,0
CATSRESGNGKLF,RLGPYLEFL,B*07:02,0
CATSRESGNGKLF,IMDQVPFSV,B*08:01,0
CATSREWPANRHQETQYF,FEDLRVLSF,B*15:01,0
CATSREWPANRHQETQYF,SLAPLSPRV,B*35:01,0
CATSREWPANRHQETQYF,SLAPLSPRA,A*68:01,0
CATSREWPANRHQETQYF,FEDLRLLSF,B*07:02,0
CATSREWPANRHQETQYF,AVGSYVYSV,A*68:01,0
CATSREWPANRHQETQYF,CLGGLLTMV,B*37:01,0
CATSREWPANRHQETQYF,YVLTWIVGA,B*51:01,0
CATSREWPANRHQETQYF,KMVTVCPNT,B*07:02,0
CATSRGQGYEQYF,YLQPRTFLL,A*68:01,0
CATSRGQGYEQYF,KMVTVCPNT,B*35:08,0
CATSRGQGYEQYF,KLLEIAPNC,A*24:02,0
CATSRGQGYEQYF,SLLMPILTL,B*35:01,0
CATSRGQGYEQYF,ALYGFVPVL,B*37:01,0
CATSRGQGYEQYF,NMINFAPNI,B*57:01,0
CATSRGQGYEQYF,VMHANYIFW,A*11:01,0
CATSRGQGYEQYF,VMPFSIVYI,B*08:01,0
CATSRGQGYEQYF,LLFALYFSA,A*24:02,0
CATSRGTGAGEQYF,LLWNGPMAV,B*51:01,0
CATSRGTGAGEQYF,VVLSWAPPV,A*01:01,0
CATSRGTGAGEQYF,ALYGFVPVL,A*02:01,0
CATSRGTGAGEQYF,RFPLTFGWCF,B*27:09,0
CATSRPTDWVETQYF,QSRGDENRGW,A*03:01,0
CATSRPTDWVETQYF,SLLMWITQA,A*02:01,0
CATSRPTDWVETQYF,SLAPLSPRA,A*03:01,0
CATSRPTDWVETQYF,VLFGLGFAI,A*68:01,0
CATSRPTDWVETQYF,YVLTWIVGA,B*38:01,0
CATSRPTDWVETQYF,MTLHGFMMY,B*07:02,0
CATSRPTDWVETQYF,LLFALHFSA,A*30:02,0
CATSRQANTDTQYF,NDMLVCANI,A*03:01,0
CATSRQANTDTQYF,MLNIPSINV,A*11:01,0
CATSRQANTDTQYF,TAFTIPSI,B*51:01,0
CATSRQANTDTQYF,NDMLVCANI,A*02:01,0
CATSRQANTDTQYF,TRLALIAPK,B*51:01,0
CATSRQANTDTQYF,LLFALYFSA,A*68:01,0
CATSRQANTDTQYF,SLLWMNPFV,A*01:01,0
CATSRRQGTTTRTYEQYF,VAANIVLTV,A*11:01,0
CATSRRQGTTTRTYEQYF,LLAGTLAVV,B*15:01,0
CATSRRQGTTTRTYEQYF,CFVECAPVC,B*08:01,0
CATSRRQGTTTRTYEQYF,RYPLTFGW,B*15:01,0
CATSRTGTGSTEAFF,LVLEVDPNI,B*35:01,0
CATSRTGTGSTEAFF,VYFLQSINF,A*68:01,0
CATSRTGTGSTEAFF,GMGPLLATV,B*57:01,0
CATSRTGTGSTEAFF,LPRWYFYYL,B*37:01,0
CATSRTGTGSTEAFF,ILTGLNYEV,A*24:02,0
CATSRTGTGSTEAFF,LIIPFIHLI,B*57:01,0
CATSRTGTGSTEAFF,NMIHFAPNV,A*01:01,0
CATSRTGTGSTEAFF,GQFLTPNSH,B*38:01,0
CATSRTGTGSTEAFF,NLFNRYPAL,A*11:01,0
CATSRTGTGSTEAFF,LLSIISFPA,B*38:01,0
CATSRVTGGFYEQYF,VYIGDPAQL,B*27:09,0
CATSRVTGGFYEQYF,SLAPLSPRA,B*38:01,0
CATSRVTGGFYEQYF,SLLMPILTL,B*38:01,0
CATSRVTGGFYEQYF,RPIPIKYKAM,B*27:09,0
CATSRVTGGFYEQYF,THLMVLCCV,B*27:09,0
CATSRWTGNEQFF,SLLWMNPFV,A*24:02,0
CATSRWTGNEQFF,FLYNPLTRV,B*35:01,0
CATSRWTGNEQFF,SLLWMNPFV,B*51:01,0
CATSRWTGNEQFF,ILTGLNYEA,B*57:01,0
CATSRWTGNEQFF,SLAPLSPRA,B*08:01,0
CATSRWTGNEQFF,TRLALIAPK,A*11:01,0
CATSRWTGNEQFF,LLFGMTPCL,A*24:02,0
CATSSGTAYEQYF,QSRGDENRGW,B*15:01,0
CATSSGTAYEQYF,LLFGYPVYV,B*51:01,0
CATSSGTAYEQYF,VYGIRLEHF,B*57:01,0
CATSSGTAYEQYF,GQVMVVAPR,A*11:01,0
CATSSGTAYEQYF,VMHANYIFW,B*27:09,0
CATSSGTAYEQYF,GQMWLLAPR,B*37:01,0
CATSSGTAYEQYF,LLSIIFFPA,B*57:01,0
CATSSGTAYEQYF,NLVPMVATV,A*02:01,0
CATSSGTAYEQYF,KLLEIAPNC,A*68:01,0
CATSSSGAYEQYF,LLAGTLAGV,B*57:01,0
CATSSSGAYEQYF,RLGPYLEFL,B*35:01,0
CATSSSGAYEQYF,RLVPYLEFL,B*35:01,0
CATSTGGGYEQYF,MLYQHLLPL,A*11:01,0
CATSTGGGYEQYF,NYNYLYRLF,B*37:01,0
CATSVTGGNSPLHF,MLYQHLLPL,A*30:02,0
CATSVTGGNSPLHF,VAANIVLTV,B*07:02,0
CATSVTGGNSPLHF,KLVALGINAV,A*01:01,0
CATSVTGGNSPLHF,SLAPLSPRA,B*07:02,0
CATSVTGGNSPLHF,QSRGDENRGW,A*68:01,0
CATSYERNTEAFF,ALSPVIPHI,A*01:01,0
CATSYERNTEAFF,CFLLILPNC,B*38:01,0
CATSYERNTEAFF,KLSALGINAV,B*38:01,0
CATSYERNTEAFF,VSDGGPNLY,B*38:01,0
CATSYERNTEAFF,ALSPVIPHI,B*51:01,0
CATSYERNTEAFF,HPVGEADYFEY,B*07:02,0
CATSYERNTEAFF,YVLTWIVGA,B*15:01,0
CATSYERNTEAFF,ILNAMIAKI,B*57:01,0
CATTERDQETQYF,ILNAMIAKI,B*37:01,0
CATTERDQETQYF,TRLALIAPK,B*08:01,0
CATTERDQETQYF,NLVPMVATV,B*15:01,0
CATTERDQETQYF,ALSPVIPLI,B*51:01,0
CATTERDQETQYF,VAANIVLTV,B*35:08,0
CATTERDQETQYF,FLTVFSHFM,B*15:01,0
CATVHRGFTDTQYF,VLNYFKPYL,B*51:01,0
CATVHRGFTDTQYF,YVLTWIVGA,A*11:01,0
CATVHRGFTDTQYF,GQFLTPNSH,A*02:01,0
CATVHRGFTDTQYF,DATYQRTRALVR,B*35:08,0
CATVHRGFTDTQYF,YLQPRTFLL,B*57:01,0
CATVHRGFTDTQYF,LLAILTYYV,B*35:01,0
CAVDSSGVTDTQYF,KTWGQYWQV,B*35:08,0
CAVDSSGVTDTQYF,ALYGFVPVL,B*57:01,0
CAVDSSGVTDTQYF,FEDLRVLSF,B*27:09,0
CAVDSSGVTDTQYF,KRPIPIKYKAM,B*08:01,0
CAVDSSGVTDTQYF,YLEPGPVTA,B*27:09,0
CAWGVLFIGRGVGDYGYTF,YLEPGPVTA,B*51:01,0
CAWGVLFIGRGVGDYGYTF,QSRGDENRGW,B*27:05,0
CAWGVLFIGRGVGDYGYTF,YLQPRTFLL,B*15:01,0
CAWGVLFIGRGVGDYGYTF,VMPFSIVYI,B*38:01,0
CAWGVLFIGRGVGDYGYTF,ALSPVIPLI,A*30:02,0
CAWKFRDSTYEQYF,NMINFAPNI,B*15:01,0
CAWKFRDSTYEQYF,NLFNRYPAL,B*08:01,0
CAWKFRDSTYEQYF,RQLLFVVEV,A*68:01,0
CAWSAGLAYEQYF,NLVPMVATV,A*11:01,0
CAWSAGLAYEQYF,ILTGLNYEA,A*11:01,0
CAWSAGLAYEQYF,YVLDHLIVV,B*35:01,0
CAWSAGLAYEQYF,ALYGSVPVL,B*27:05,0
CAWSAGLAYEQYF,CFVECAPVC,B*07:02,0
CAWSAGLAYEQYF,KLSALGINAV,B*27:09,0
CAWSAGLAYEQYF,EIQEFCPNT,A*30:02,0
CAWSAGLAYEQYF,LLFGMPPCL,B*15:01,0
CAWSALAGGPSNEQFF,LLSIISFPA,B*35:08,0
CAWSALAGGPSNEQFF,SLLWMNPFV,A*11:01,0
CAWSETGLGTGELF,RFPLTFGWCF,B*38:01,0
CAWSETGLGTGELF,SLAPLSPRV,B*08:01,0
CAWSETGLGTGELF,FLIYLDVSV,A*24:02,0
CAWSETGLGTGELF,GILGFVFTL,B*57:01,0
CAWSHSGGYEQYF,YHSIEWAI,B*07:02,0
CAWSHSGGYEQYF,RLVPYLEFL,B*35:01,0
CAWSHSGGYEQYF,VVMSWAPPV,B*38:01,0
CAWSHSGGYEQYF,KMVAVFYTT,A*24:02,0
CAWSISDSSRVEAFF,FEDLRVLSF,B*51:01,0
CAWSISDSSRVEAFF,RLQSLQTYV,B*27:09,0
CAWSISDSSRVEAFF,GCQEICPAC,B*27:09,0
CAWSISDSSRVEAFF,KAFSPEVIPMF,B*38:01,0
CAWSISDSSRVEAFF,KMVAVFYNT,B*27:05,0
CAWSISDSSRVEAFF,LLSIISFPA,B*51:01,0
CAWSISDSSRVEAFF,ELAGIGILTV,A*68:01,0
CAWSISDSSRVEAFF,LVLEVDPNI,B*15:01,0
CAWSISDSSRVEAFF,RYPLTFGW,B*35:01,0
CAWSISDSSRVEAFF,ILNVDIFTL,B*35:01,0
CAWSPTSGRDTQYF,LMFWASSSI,B*35:08,0
CAWSPTSGRDTQYF,RYRIGNYKL,A*30:02,0
CAWSPTSGRDTQYF,VYGIRLEHF,B*35:08,0
CAWSPTSGRDTQYF,TRLALIAPK,B*07:02,0
CAWSPTSGRDTQYF,KLSALGINAV,B*07:02,0
CAWSPTSGRDTQYF,VAANIVLTV,A*02:01,0
CAWSPTSGRDTQYF,VVMSWAPPV,A*01:01,0
CAWSPTSGRDTQYF,EIQEFCPNT,A*30:02,0
CAWSPTSGRDTQYF,LRVMMLAPF,B*37:01,0
CAWSSRDSMTDTQYF,FLTVFSHFM,B*35:08,0
CAWSSRDSMTDTQYF,RPPIFIRRL,A*02:01,0
CAWSSRGQMTDTQF,VYIGDPAQL,B*37:01,0
CAWSSRGQMTDTQF,SLAPLSPRA,B*15:01,0
CAWSSRGQMTDTQF,VVMSWAPPV,A*02:01,0
CAWSSRGQMTDTQF,FEDLRVSSF,A*30:02,0
CAWSSRGQMTDTQF,CFVECAPVC,A*11:01,0
CAWSSSVNTEAFF,KLLEIAPNC,B*27:05,0
CAWSSSVNTEAFF,RYPLTFGW,A*68:01,0
CAWSSSVNTEAFF,RLVPYLEFL,B*27:05,0
CAWSSSVNTEAFF,ALYGFVPVL,B*51:01,0
CAWSVPGVGGNEQF,VSDGGPNLY,B*35:01,0
CAWSVPGVGGNEQF,LVLEVDPNI,A*24:02,0
CAWSVPGVGGNEQF,YLEPGPVTA,B*38:01,0
CAWSVPGVGGNEQF,GQFLTPNSH,B*27:05,0
CAWSVPGVGGNEQF,GKTELLAPF,B*27:05,0
CAWSVPGVGGNEQF,GMGPLLATV,A*01:01,0
CAWSVPGVGGNEQF,KMVAVFYTT,B*15:01,0
CAWSVPGVGGNEQF,LPRWYFYYL,B*57:01,0
CAWSVRGIGGNTIYF,SLLMPILTL,B*27:05,0
CAWSVRGIGGNTIYF,VVLSWAPPV,B*51:01,0
CAWSVRGIGGNTIYF,GQFLTPNSH,B*27:05,0
CAWSVRGIGGNTIYF,ITDQVPFSV,A*68:01,0
CAWSVRGIGGNTIYF,KAFSPEVIPMF,A*03:01,0
CAWSVRGIGGNTIYF,VYIGDPAQL,B*51:01,0
CAWSVRGIGGNTIYF,IVCPICSQK,A*11:01,0
CAWSVRGIGGNTIYF,LLWNGPMAV,A*11:01,0
CAWSVSDLAKNIQYFGF,KAFSPEVIPMF,B*27:09,0
CAWSVSDLAKNIQYFGF,LLWNGPMAV,A*24:02,0
CAWSVSDLAKNIQYFGF,LRVMMLAPF,B*07:02,0
CAWSVSDLAKNIQYFGF,FLYNPLTRV,B*35:01,0
CAWSVSGLGYGYTF,NLVPMVATV,B*35:08,0
CAWSVSGLGYGYTF,LIIPFIHLI,B*35:01,0
CAWSVSGLGYGYTF,TAFTIPSI,B*07:02,0
CAWSVSGLGYGYTF,KLLEIAPNC,A*11:01,0
CAWSVSGLGYGYTF,LVLEVDPNI,B*27:09,0
CAWSVSVYYGYTF,RPRGEVRFL,B*07:02,0
CAWSVSVYYGYTF,ILNVDIFTL,A*03:01,0
CAWSVSVYYGYTF,KLLEIAPNC,A*68:01,0
CAWSVSVYYGYTF,FEDLRVSSF,A*03:01,0
CAWSVSVYYGYTF,KMVTVCPNT,B*07:02,0
CAWSVSVYYGYTF,CTELKLSDY,B*51:01,0
CAWSVTGVTEAFF,IVCPICSQK,B*07:02,0
CAWSVTGVTEAFF,RPRGEVRFL,B*07:02,0
CAWSVTGVTEAFF,VLFGLGFAI,A*03:01,0
CAWSVTGVTEAFF,LLFALYFSA,B*15:01,0
CAWSVTGVTEAFF,FLTVFSHFM,A*30:02,0
CAWSVTGVTEAFF,LLAMTVPNV,A*02:01,0
CAWSVTGVTEAFF,YLQPRTFLL,B*27:05,0
CAWSVTGVTEAFF,CLGGLLTMV,B*27:09,0
CAWSWTVNTEAFF,SVYGDTLEK,B*38:01,0
CAWSWTVNTEAFF,EIQEFCPNT,A*24:02,0
CAWSWTVNTEAFF,DATYQRTRALVR,A*68:01,0
CAWVSGTHVVTF,MLNIPSINV,B*27:09,0
CAYLDRAKSTGELFF,FLTVFSHFM,B*07:02,0
CAYLDRAKSTGELFF,LLFALHFSA,B*35:08,0
CAYLDRAKSTGELFF,LLFGMPPCL,B*08:01,0
CAYLTGFEQYF,MLYQHLLPL,A*11:01,0
CAYLTGFEQYF,LIIPFIHLI,B*08:01,0
CAYLTGFEQYF,GQFLTPNSH,B*38:01,0
CAYLTGFEQYF,FLRGRAYGL,A*02:01,0
CAYLTGFEQYF,ILNVDIFTL,A*11:01,0
CAYLTGFEQYF,ALYGSVPVL,B*15:01,0
CAYLTGFEQYF,ITDQVPFSV,B*15:01,0
CAYLTGFEQYF,KMVTVCPNT,B*57:01,0
CGGGYMGTEAFF,KVKEVCPNV,B*38:01,0
CGGGYMGTEAFF,LVLEVDPNI,B*51:01,0
CGGGYMGTEAFF,RYRIGNYKL,A*11:01,0
CGGGYMGTEAFF,HPVGEADYFEY,B*27:05,0
CGSGIQNTGELFF,LLWNGPMAV,B*57:01,0
CGSGIQNTGELFF,YHSIEWAI,B*57:01,0
CGSGIQNTGELFF,ELAGIGILTV,B*08:01,0
CGSGIQNTGELFF,NDMLVCANI,B*27:09,0
CGSGIQNTGELFF,GILGFVFTL,A*24:02,0
CGSGIQNTGELFF,QSRGDENRGW,A*01:01,0
CGSGIQNTGELFF,LLFGYPVYV,A*24:02,0
CGSGIQNTGELFF,QSRGDENRGW,A*30:02,0
CGSRRDGGKKAFF,FLIYLDVSV,B*15:01,0
CGSRRDGGKKAFF,THLMVLCCV,B*35:01,0
CGSRRDGGKKAFF,RYPLTFGWCF,B*07:02,0
CGSRRDGGKKAFF,RPIPIKYKAM,A*01:01,0
CGSRRDGGKKAFF,VLFHRAFLV,A*30:02,0
CGSRRDGGKKAFF,CFLLILPNC,B*38:01,0
CGTGSIDTQF,MMPFSIVYI,B*35:08,0
CGTGSIDTQF,CLGGLLTMV,B*15:01,0
CGTGSIDTQF,ILNAMITKI,A*24:02,0
CGTGSIDTQF,VSDGGPNLY,A*01:01,0
CRASSPRTGGEQYF,EIQEFCPNT,A*11:01,0
CRASSPRTGGEQYF,FLYNPLTRV,A*11:01,0
CRASSPRTGGEQYF,EIQEFCPNT,B*35:01,0
CRASSPRTGGEQYF,VVMSWAPPV,B*07:02,0
CSAAMFTPLLEAF,KLSALGINAV,B*35:01,0
CSAAMFTPLLEAF,ALYGSVPVL,B*07:02,0
CSAAMFTPLLEAF,VYIGDPAQL,B*38:01,0
CSAAMFTPLLEAF,LPRWYFYYL,B*15:01,0
CSAETGRDLEAFF,VMPFSIVYI,B*57:01,0
CSAETGRDLEAFF,VVMSWAPPV,A*24:02,0
CSAETGRDLEAFF,VYFLQSINF,B*38:01,0
CSAETGRDLEAFF,RYRIGNYKL,B*35:08,0
CSAFSGAAFVTDTQYF,VLNYFEPYL,B*38:01,0
CSAFSGAAFVTDTQYF,RLQSLQTYV,A*03:01,0
CSAFSGAAFVTDTQYF,KMVAVFYTT,B*37:01,0
CSAFSGAAFVTDTQYF,LRVMMLAPF,A*30:02,0
CSAFSGAAFVTDTQYF,ALYGFVPVL,B*37:01,0
CSAFSGAAFVTDTQYF,FTSDYYQLY,B*37:01,0
CSAFSGAAFVTDTQYF,ILNVDVFTL,A*03:01,0
CSAFSGAAFVTDTQYF,RLQSLQTYV,A*01:01,0
CSAGEGEGQPQHF,NMINFAPNI,A*24:02,0
CSAGEGEGQPQHF,RLQSLQTYV,B*57:01,0
CSAGEGEGQPQHF,GILGFVFTL,A*68:01,0
CSAGEGEGQPQHF,KAFSPEVIPMF,B*51:01,0
CSAGEGEGQPQHF,FEDLRLLSF,A*02:01,0
CSAGGLAGEETQYF,VMHANYIFW,A*24:02,0
CSAGGLAGEETQYF,VYFLQSINF,A*01:01,0
CSAGGLAGEETQYF,LLFGMPPCL,B*07:02,0
CSAGGLAGEETQYF,NLNCCSVPV,A*68:01,0
CSAGGLAGEETQYF,KMVAVFYTT,B*57:01,0
CSAGGLAGEETQYF,CFLLILPNC,A*01:01,0
CSAGGLAGEETQYF,FEDLRLLSF,B*38:01,0
CSAGIPGQVFSSNEKLFF,KLLEIAPNC,A*11:01,0
CSAGIPGQVFSSNEKLFF,RPRGEVRFL,B*07:02,0
CSAGIPGQVFSSNEKLFF,SLLWMNPFV,B*35:01,0
CSAGIPGQVFSSNEKLFF,FLTVFSHFM,A*30:02,0
CSAGIPGQVFSSNEKLFF,ILTGLNYEA,B*07:02,0
CSAGIPGQVFSSNEKLFF,RLGPYLEFL,A*01:01,0
CSAGIPGQVFSSNEKLFF,VYIGDPAQL,B*35:08,0
CSAGLGLPYEQYF,FLIYLDVSV,B*57:01,0
CSAGLGLPYEQYF,FLYNLLTRV,B*38:01,0
CSAGLGLPYEQYF,VYGIRLEHF,A*30:02,0
CSAGLGLPYEQYF,RPPIFIRRL,B*27:05,0
CSAGLGLPYEQYF,TAFTIPSI,B*35:01,0
CSAGLGLPYEQYF,FLTVFSHFM,A*03:01,0
CSAGLGLPYEQYF,MMPFSIVYI,B*27:09,0
CSAGVYEQYF,YVLDHLIVV,B*08:01,0
CSAGVYEQYF,CLGGLLTMV,B*51:01,0
CSAGVYEQYF,KMVAVFYNT,A*68:01,0
CSAGVYEQYF,CTELKLNDY,B*27:09,0
CSAGVYEQYF,NMIHFAPNV,B*08:01,0
CSAGVYEQYF,RPPIFIRRL,A*68:01,0
CSAHPRDVQETQYF,KVKEVCPNV,A*24:02,0
CSAHPRDVQETQYF,MIISHLYLI,A*01:01,0
CSAHPRDVQETQYF,AEMEFCPCC,A*03:01,0
CSAHPRDVQETQYF,VAANIVLTV,B*38:01,0
CSAHPRDVQETQYF,LLSIISFPA,B*51:01,0
CSAHPRDVQETQYF,KTWGQYWQV,B*35:01,0
CSAHPRDVQETQYF,KTFPPTEPK,A*02:01,0
CSAIGPRGTDTQYF,KTWGQYWQV,A*68:01,0
CSAIGPRGTDTQYF,GMGPLLATV,B*15:01,0
CSAIGPRGTDTQYF,LLFGMTPCL,B*37:01,0
CSAIGPRGTDTQYF,LLFGYPVYV,A*03:01,0
CSAIGPRGTDTQYF,FLYNPLTRV,B*27:05,0
CSAIGPRGTDTQYF,CTELKLNDY,A*03:01,0
CSAIGPRGTDTQYF,ALSPVIPHI,A*03:01,0
CSAIGPRGTDTQYF,NLFNRYPAL,B*27:05,0
CSAIGPRGTDTQYF,SLLMPILTL,A*11:01,0
CSAIGPRGTDTQYF,GKTELLAPF,B*27:05,0
CSAKPPRLAGVGAGELFF,CFLLILPNC,B*35:08,0
CSAKPPRLAGVGAGELFF,LLFGYPVYV,B*51:01,0
CSAKPPRLAGVGAGELFF,KRPIPIKYKAM,B*51:01,0
CSAKPPRLAGVGAGELFF,ILNAMIAKI,B*51:01,0
CSAKPPRLAGVGAGELFF,RLGPYLEFL,B*08:01,0
CSAKPPRLAGVGAGELFF,RPIPIKYKAM,B*07:02,0
CSAKPPRLAGVGAGELFF,QSRGDENRGW,A*24:02,0
CSALQGLTPEAFFGF,RYPLTFGW,B*07:02,0
CSALQGLTPEAFFGF,ITDQVPFSV,B*27:05,0
CSALQGLTPEAFFGF,VYFLQSINF,A*03:01,0
CSALQGLTPEAFFGF,RLVPYLEFL,B*57:01,0
CSALQGLTPEAFFGF,QKRPIPIKYKAM,A*68:01,0
CSALQGLTPEAFFGF,SLAPLSPRA,B*08:01,0
CSALRLDTDTQYF,ILNVDIFTL,B*35:01,0
CSALRLDTDTQYF,FTSDYYQLY,B*38:01,0
CSALRLDTDTQYF,NLNCCSVPV,B*38:01,0
CSALRLDTDTQYF,LLFALHFSA,B*35:08,0
CSALRLDTDTQYF,ILTGLNYEA,A*11:01,0
CSALRLDTDTQYF,KLNTITPVV,B*08:01,0
CSALSSETSGPYEQYF,FLYNLLTRV,B*08:01,0
CSALSSETSGPYEQYF,KAFSPEVIPMF,A*03:01,0
CSALSSETSGPYEQYF,LPRWYFYYL,B*57:01,0
CSALSSETSGPYEQYF,KTWGQYWQV,B*27:09,0
CSALSSETSGPYEQYF,EAAGIGILTV,B*51:01,0
CSALSSETSGPYEQYF,AVGSYVYSV,A*30:02,0
CSALSSETSGPYEQYF,RLGPYLEFL,A*24:02,0
CSALSSETSGPYEQYF,RFPLTFGWCF,B*07:02,0
CSALSSETSGPYEQYF,YLQPRTFLL,B*15:01,0
CSALSSETSGPYEQYF,EIQEFCPNT,B*27:09,0
CSALTGLGNYGYTF,VVMSWAPPV,A*68:01,0
CSALTGLGNYGYTF,QYIKWPWYI,B*35:01,0
CSALTGLGNYGYTF,ALSKGVHFV,A*24:02,0
CSALTGLGNYGYTF,DATYQRTRALVR,B*35:08,0
CSALTGLGNYGYTF,SLLWMNPFV,B*35:08,0
CSALTGLGNYGYTF,FEDLRVSSF,B*37:01,0
CSALTGLGNYGYTF,GILGFVFTL,B*37:01,0
CSALTGLGNYGYTF,ILNVDVFTL,A*02:01,0
CSALTGNQPQHF,ILNAMIAKI,B*27:09,0
CSALTGNQPQHF,RLPGVLPRA,A*03:01,0
CSALTGNQPQHF,FLYNPLTRV,B*57:01,0
CSALTGNQPQHF,NDMLVCANI,B*51:01,0
CSALTGNQPQHF,LLAMTVPNV,B*35:01,0
CSALTGNQPQHF,FEDLRLLSF,B*38:01,0
CSALTGSSYEQYF,VSDGGPNLY,A*30:02,0
CSALTGSSYEQYF,KMVAVFYNT,B*27:05,0
CSALTGSSYEQYF,LLFALYFSA,B*15:01,0
CSALTGSSYEQYF,NMINFAPNI,A*03:01,0
CSALTGSSYEQYF,HTMLCMCCK,B*57:01,0
CSALTGSSYEQYF,SPRWYFYYL,A*24:02,0
CSALTGSSYEQYF,KMVAVFYTT,B*35:01,0
CSALTGSSYEQYF,SLLMWITQC,B*15:01,0
CSALTPALAGGVPETQYF,SLLWMNPFV,B*35:08,0
CSALTPALAGGVPETQYF,TTDPSFLGRY,B*35:08,0
CSALTPALAGGVPETQYF,CTELKLSDY,A*02:01,0
CSALTPALAGGVPETQYF,MLNIPSINV,B*27:05,0
CSALTPALAGGVPETQYF,FMLYLLTLM,A*30:02,0
CSALTPALAGGVPETQYF,LLFGMTPCL,A*03:01,0
CSALTPALAGGVPETQYF,CTELKLSDY,A*24:02,0
CSALTPALAGGVPETQYF,LVLEVDPNI,A*03:01,0
CSANRGATEAFF,LLFGMPPCL,B*08:01,0
CSANRGATEAFF,GMGPLLATV,A*01:01,0
CSANRGATEAFF,KLVALGINAV,A*30:02,0
CSAPASGGGNEQF,IPSINVHHY,A*11:01,0
CSAPASGGGNEQF,YLEPGPVTA,A*30:02,0
CSAPASGGGNEQF,ILNAMIAKI,B*37:01,0
CSAPASGGGNEQF,FLRGRAYGL,A*01:01,0
CSAPASGGGNEQF,VYFLQSINF,B*35:08,0
CSAPASGGGNEQF,FMLYLLTLM,B*15:01,0
CSAPASGGGNEQF,NLVPMVATV,A*24:02,0
CSAPASGGGNEQF,ALSKGVHFV,B*07:02,0
CSAPASGGGNEQF,DATYQRTRALVR,A*11:01,0
CSAPGGSGANVLTF,VYGIRLEHF,B*07:02,0
CSAPGGSGANVLTF,VYIGDPAQL,A*02:01,0
CSAPGGSGANVLTF,QYIKWPWYI,B*35:01,0
CSAPGGSGANVLTF,ALYGFVPVL,A*02:01,0
CSAPGGSGANVLTF,NDMLVCANI,A*11:01,0
CSAPGGSGANVLTF,LLSIISFPA,B*08:01,0
CSAPKEEPYGYTF,KLNTITPVV,B*51:01,0
CSAPKEEPYGYTF,LVLEVDPNI,A*11:01,0
CSAPKEEPYGYTF,KTWGQYWQV,B*07:02,0
CSAPKEEPYGYTF,IMDQVPFSV,B*15:01,0
CSAPKEEPYGYTF,VYIGDPAQL,A*01:01,0
CSAPKEEPYGYTF,SPRWYFYYL,B*57:01,0
CSAPKEEPYGYTF,KMVTVCPNT,A*03:01,0
CSAPKILRDLPQETQYF,SLLMWITQC,B*15:01,0
CSAPKILRDLPQETQYF,GQMWLLAPR,A*24:02,0
CSAPKILRDLPQETQYF,TSTLQEQIGW,B*38:01,0
CSAPLAGGPNEQF,RLPGVLPRA,B*15:01,0
CSAPLAGGPNEQF,LLFALYFSA,B*35:01,0
CSAPLAGGPNEQF,VYGIRLEHF,B*27:09,0
CSAPLAGGPNEQF,RQLLFVVEV,B*27:05,0
CSAPLAGGPNEQF,VAANIVLTV,A*24:02,0
CSAPLAGGPNEQF,KLNTITPVV,A*30:02,0
CSAPLAGGPNEQF,KMVTVCPNT,B*27:05,0
CSAPLAGGPNEQF,VYGIRLEHF,A*02:01,0
CSAPLAGGPNEQF,DATYQRTRALVR,B*08:01,0
CSAPRRQDEQFF,LLFGMPPCL,A*03:01,0
CSAPRRQDEQFF,SLLMPILTL,A*02:01,0
CSAPRRQDEQFF,ALSKGVHFV,B*35:01,0
CSAPRRQDEQFF,VYGIRLEHF,B*08:01,0
CSAPRRQDEQFF,LMFWASSSI,B*51:01,0
CSAPSGGGLNEQFF,LIIPFIHLI,B*08:01,0
CSAPSGGGLNEQFF,RFPLTFGWCF,B*35:08,0
CSAPSGGGLNEQFF,ALSPVIPLI,B*07:02,0
CSAPSGGGLNEQFF,LLFGMTPCL,B*57:01,0
CSAPSGGGLNEQFF,MMPFSIVYI,A*01:01,0
CSAPSGGGLNEQFF,AVGSYVYSV,B*35:08,0
CSAPSGGGLNEQFF,KLNTITPVV,B*27:05,0
CSAPTGGGSNEQYF,VLNYFKPYL,B*07:02,0
CSAPTGGGSNEQYF,LPRWYFYYL,B*15:01,0
CSAPTGGGSNEQYF,FLTVFSHFM,A*03:01,0
CSAPTGGGSNEQYF,FLYNLLTRV,B*15:01,0
CSAPTGGGSNEQYF,FTSDYYQLY,A*11:01,0
CSAPTGGGSNEQYF,LLAILTYYV,A*30:02,0
CSAPTGGGSNEQYF,RPRGEVRFL,B*15:01,0
CSAPTGGGSNEQYF,KTWGQYWQV,A*11:01,0
CSAPTSGGPNEQF,KTWGQYWQV,B*08:01,0
CSAPTSGGPNEQF,NLNCCSVPV,A*68:01,0
CSAPTSGGPNEQF,QYIKWPWYI,A*24:02,0
CSAPTSGGPNEQF,AVGSYVYSV,B*37:01,0
CSAPTSGGPNEQF,AVGSYVYSV,B*15:01,0
CSAPTSGGPNEQF,SVYGDTLEK,B*35:01,0
CSAPTSGGPNEQF,LLFGMTPCL,B*37:01,0
CSAPTSGGPNEQF,LLFGMTPCL,B*57:01,0
CSAPTSGGPNEQF,KMVAVFYTT,B*15:01,0
CSAPTSGGPNEQF,IPSINVHHY,A*03:01,0
CSAPTSGGPNEQF,MTLHGFMMY,B*35:01,0
CSAPTSGGPNEQF,GQFLTPNSH,A*02:01,0
CSAQVGGNYNSPLHF,CTELKLSDY,B*35:01,0
CSAQVGGNYNSPLHF,NLFNRYPAL,B*38:01,0
CSAQVGGNYNSPLHF,LLWNGPMAV,A*24:02,0
CSAQVGGNYNSPLHF,TTDPSFLGRY,B*27:09,0
CSAQVGGNYNSPLHF,KMVAVFYTT,A*03:01,0
CSAQVGGNYNSPLHF,LLAILTYYV,A*68:01,0
CSAQVGGNYNSPLHF,VMPFSIVYIV,B*37:01,0
CSAQVGGNYNSPLHF,ILNAMIAKI,B*38:01,0
CSAQVGGNYNSPLHF,KTWGQYWQV,A*02:01,0
CSAQVGGNYNSPLHF,RLPGVLPRA,A*01:01,0
CSAQVGGNYNSPLHF,RTMEVCYNT,B*57:01,0
CSARAQGAAKNIQYF,RLGPYLEFL,B*38:01,0
CSARAQGAAKNIQYF,NMINFAPNI,B*07:02,0
CSARAQGAAKNIQYF,QSRGDENRGW,B*08:01,0
CSARAQGAAKNIQYF,KAFSPEVIPMF,A*24:02,0
CSARAQGAAKNIQYF,ILNAMIAKI,B*35:08,0
CSARAQGAAKNIQYF,LLSIISFPA,B*35:08,0
CSARASGAYEQYF,RFPLTFGWCF,B*15:01,0
CSARASGAYEQYF,SLAPLSPRA,B*35:01,0
CSARASGAYEQYF,CLGGLLTMV,B*08:01,0
CSARASGAYEQYF,KMVTVCPNT,B*07:02,0
CSARASGAYEQYF,RPIPIKYKAM,B*57:01,0
CSARASGAYEQYF,VYFLQSINF,B*08:01,0
CSARASGAYEQYF,VLNYFKPYL,A*68:01,0
CSARAYRGYNSPLHF,SLLMWITQA,B*15:01,0
CSARAYRGYNSPLHF,LPRWYFYYL,B*27:05,0
CSARAYRGYNSPLHF,RFPLTFGWCF,B*51:01,0
CSARAYRGYNSPLHF,ELAGIGILTV,A*68:01,0
CSARAYRGYNSPLHF,RQLLFVVEV,B*35:01,0
CSARAYRGYNSPLHF,VVMSWAPPV,B*37:01,0
CSARAYRGYNSPLHF,SLAPLSPRV,B*27:05,0
CSARAYRGYNSPLHF,CLGGLLTMV,B*57:01,0
CSARAYRGYNSPLHF,KTFPPTEPK,B*07:02,0
CSARAYRGYNSPLHF,GQMWLLAPR,B*07:02,0
CSARDGGLAGEQKVGDTQYF,GMGPLLATV,B*38:01,0
CSARDGGLAGEQKVGDTQYF,TSTLQEQIGW,A*11:01,0
CSARDGGLAGEQKVGDTQYF,MLYQHLLPL,B*27:09,0
CSARDGGLAGEQKVGDTQYF,QYIKWPWYI,B*15:01,0
CSARDGGLAGEQKVGDTQYF,TTDPSFLGRY,A*11:01,0
CSARDGGLAGEQKVGDTQYF,GMGPLLATV,B*07:02,0
CSARDGLNEQFFGF,LLFALYFSA,A*24:02,0
CSARDGLNEQFFGF,VMPFSIVYIV,A*24:02,0
CSARDGLNEQFFGF,TSTLQEQIGW,B*08:01,0
CSARDGLNEQFFGF,LLFALHFSA,B*15:01,0
CSARDGLNEQFFGF,GCQEICPAC,A*24:02,0
CSARDGLNEQFFGF,FLTVFSHFM,A*68:01,0
CSARDGLNEQFFGF,GQFLTPNSH,B*27:05,0
CSARDGLNEQFFGF,MMPFSIVYI,A*30:02,0
CSARDGQVYSNQPQHF,ILTGLNYEV,A*03:01,0
CSARDGQVYSNQPQHF,EAAGIGILTV,A*68:01,0
CSARDGQVYSNQPQHF,VAANIVLTV,B*37:01,0
CSARDGQVYSNQPQHF,IMDQVPFSV,A*11:01,0
CSARDGQVYSNQPQHF,EAAGIGILTV,B*51:01,0
CSARDLAGNSNQPQHF,GQVMVVAPR,B*35:08,0
CSARDLAGNSNQPQHF,FLRGRAYGL,B*38:01,0
CSARDLAGNSNQPQHF,MIISHLYLI,B*08:01,0
CSARDLAGNSNQPQHF,KLNTITPVV,B*27:09,0
CSARDLAGNSNQPQHF,MIISHLYLI,B*27:09,0
CSARDLAGNSNQPQHF,LLFGMTPCL,A*11:01,0
CSARDLAGNSNQPQHF,MLYQHLLPL,A*24:02,0
CSARDLGGGGDEQFF,GQMWLLAPR,B*35:08,0
CSARDLGGGGDEQFF,IVCPICSQK,B*35:01,0
CSARDLGGGGDEQFF,RQLLFVVEV,B*07:02,0
CSARDLGGGGDEQFF,SLLMWITQA,B*27:09,0
CSARDLGGGGDEQFF,ELAGIGILTV,B*15:01,0
CSARDLGGGGDEQFF,KTFPPTEPK,B*38:01,0
CSARDLGGGGDEQFF,LLFGMPPCL,A*02:01,0
CSARDLGGGGDEQFF,MLNIPSINV,B*15:01,0
CSARDLGGGGDEQFF,RPPIFIRRL,A*11:01,0
CSARDNLRANYGYTF,KMVTVCPNT,A*68:01,0
CSARDNLRANYGYTF,MMPFSIVYI,A*24:02,0
CSARDNLRANYGYTF,SLLMPILTL,B*15:01,0
CSARDNLRANYGYTF,RLPGVLPRA,B*27:05,0
CSARDNLRANYGYTF,NMINFAPNI,B*15:01,0
CSARDNLRANYGYTF,KMVAVFYTT,A*01:01,0
CSARDQDRAYEQYF,YLQPRTFLL,B*27:05,0
CSARDQDRAYEQYF,KLNTITPVV,B*38:01,0
CSARDQDRAYEQYF,SLLMPILTL,B*15:01,0
CSARDQDRAYEQYF,GQVMVVAPR,B*57:01,0
CSARDQDRAYEQYF,KTFPPTEPK,B*35:08,0
CSARDQDRAYEQYF,GKTELLAPF,B*57:01,0
CSARDQDRAYEQYF,VYFLQSINF,B*08:01,0
CSARDRIGNTIYF,SLLWMNPFV,A*24:02,0
CSARDRIGNTIYF,YVLDHLIVV,B*57:01,0
CSARDRIGNTIYF,NYNYLYRLF,A*30:02,0
CSARDRSGTLGGELFF,TSTLQEQIGW,A*24:02,0
CSARDRSGTLGGELFF,LLAGTLAGV,B*27:09,0
CSARDRSGTLGGELFF,ILNAMIAKI,A*03:01,0
CSARDRSGTLGGELFF,LIIPFIHLI,A*11:01,0
CSARDRSGTLGGELFF,YLQPRTFLL,A*02:01,0
CSARDVGISYEQYF,SLLWMNPFV,B*15:01,0
CSARDVGISYEQYF,ILNAMITKI,B*38:01,0
CSARDVGISYEQYF,SLLMWITQC,A*24:02,0
CSARDVGISYEQYF,NLNCCSVPV,B*38:01,0
CSARDVGISYEQYF,LLWNGPMAV,B*27:09,0
CSARDVGISYEQYF,VYIGDPAQL,A*03:01,0
CSARDVLAGGSDTQYFGF,KMVTVCPNT,B*27:09,0
CSARDVLAGGSDTQYFGF,KRPIPIKYKAM,B*51:01,0
CSARDVLAGGSDTQYFGF,QKRPIPIKYKAM,B*38:01,0
CSARDVLAGGSDTQYFGF,RYRIGNYKL,A*11:01,0
CSARDVLAGGSDTQYFGF,KMVAVFYNT,B*15:01,0
CSARDVLAGGSDTQYFGF,SLLMWITQA,A*11:01,0
CSARDVLAGGSDTQYFGF,RQLLFVVEV,A*30:02,0
CSARDVLAGGSDTQYFGF,RLGPYLEFL,A*11:01,0
CSARDVLAGGSDTQYFGF,FLYNLLTRV,B*07:02,0
CSAREGLAAGELFF,ALYGFVPVL,B*08:01,0
CSAREGLAAGELFF,RYPLTFGWCF,B*35:08,0
CSAREGLAAGELFF,SPRWYFYYL,A*24:02,0
CSAREGLAAGELFF,RPRGEVRFL,B*38:01,0
CSAREGLAAGELFF,MLYQHLLPL,A*30:02,0
CSAREGLAAGELFF,FEDLRVSSF,B*27:05,0
CSAREGLAAGELFF,VMPFSIVYIV,B*35:08,0
CSAREGLAAGELFF,ELAGIGILTV,B*37:01,0
CSAREGLAAGELFF,IPSINVHHY,A*02:01,0
CSAREHREPYEQYF,ITDQVPFSV,B*37:01,0
CSAREHREPYEQYF,LVLEVDPNI,A*68:01,0
CSAREHREPYEQYF,LLFALHFSA,B*38:01,0
CSAREHREPYEQYF,CLGGLLTMV,A*30:02,0
CSAREHREPYEQYF,ELAGIGILTV,B*27:05,0
CSAREHREPYEQYF,ALYGFVPVL,B*27:09,0
CSAREHREPYEQYF,LPRWYFYYL,B*51:01,0
CSAREHREPYEQYF,ITDQVPFSV,B*27:09,0
CSAREHREPYEQYF,NLVPMVATV,B*15:01,0
CSARENWDLSTDTQYFGF,VSDGGPNLY,A*30:02,0
CSARENWDLSTDTQYFGF,KTWGQYWQV,B*27:05,0
CSARENWDLSTDTQYFGF,RFPLTFGWCF,A*68:01,0
CSARENWDLSTDTQYFGF,ALYGFVPVL,B*15:01,0
CSARENWDLSTDTQYFGF,ALYGSVPVL,A*68:01,0
CSARENWDLSTDTQYFGF,SLAPLSPRA,A*24:02,0
CSARENWDLSTDTQYFGF,CTELKLNDY,B*27:09,0
CSAREPGRQFAFAALHF,VLFHRAFLV,A*11:01,0
CSAREPGRQFAFAALHF,ELAGIGILTV,B*38:01,0
CSAREPGRQFAFAALHF,ELAGIGILTV,B*27:05,0
CSAREPGRQFAFAALHF,IVCPICSQK,A*03:01,0
CSAREPGRQFAFAALHF,LLFALYFSA,A*11:01,0
CSAREPGRQFAFAALHF,LMFWASSSI,A*24:02,0
CSAREPGRQFAFAALHF,VYFLQSINF,B*27:09,0
CSAREPGRQFAFAALHF,KMVAVFYTT,B*37:01,0
CSAREVRDLYNEQFF,LLSIISFPA,A*68:01,0
CSAREVRDLYNEQFF,SLAPLSPRV,B*35:01,0
CSAREVRDLYNEQFF,RTMEVCYNT,A*02:01,0
CSAREVRDLYNEQFF,QSRGDENRGW,B*51:01,0
CSARGAGVPYEQYF,LLWNGPMAV,B*27:05,0
CSARGAGVPYEQYF,VLNYFKPYL,B*27:05,0
CSARGAGVPYEQYF,SPRWYFYYL,B*38:01,0
CSARGAGVPYEQYF,GMGPLLATV,B*07:02,0
CSARGAGVPYEQYF,VYFLQSINF,B*37:01,0
CSARGDLLPEAFF,FEDLRVSSF,A*02:01,0
CSARGDLLPEAFF,GMGPLLATV,B*35:01,0
CSARGDLLPEAFF,RPIPIKYKAM,B*57:01,0
CSARGDLLPEAFF,HTMLCMCCK,B*51:01,0
CSARGDLLPEAFF,LLFALHFSA,B*38:01,0
CSARGDLLPEAFF,RPIPIKYKAM,A*02:01,0
CSARGGTDGYTF,YHSIEWAI,B*35:01,0
CSARGGTDGYTF,SLLMPILTL,A*03:01,0
CSARGGTDGYTF,LLAGTLAVV,B*38:01,0
CSARGLAGTYEQYF,VVLSWAPPV,B*07:02,0
CSARGLAGTYEQYF,LLFGYPVYV,B*37:01,0
CSARGLAGTYEQYF,IMDQVPFSV,A*11:01,0
CSARGLAGTYEQYF,GQFLTPNSH,B*08:01,0
CSARGTSGETYTQYF,YVLTWIVGA,B*08:01,0
CSARGTSGETYTQYF,VMPFSIVYI,B*15:01,0
CSARGTSGETYTQYF,KTFPPTEPK,A*01:01,0
CSARGTSGETYTQYF,FEDLRLLSF,B*51:01,0
CSARHPGVSTDTQYF,RYPLTFGW,A*24:02,0
CSARHPGVSTDTQYF,SLAPLSPRV,B*27:05,0
CSARHPGVSTDTQYF,IMDQVPFSV,A*03:01,0
CSARHPGVSTDTQYF,LPRWYFYYL,B*27:09,0
CSARHPGVSTDTQYF,KLWASPLHV,A*24:02,0
CSARHPGVSTDTQYF,AVGSYVYSV,B*38:01,0
CSARHPGVSTDTQYF,FLIYLDVSV,A*24:02,0
CSARHPGVSTDTQYF,FLRGRAYGL,B*37:01,0
CSARHPGVSTDTQYF,GQMWLLAPR,B*27:09,0
CSARISTSSSYEQYF,FEDLRVLSF,A*24:02,0
CSARISTSSSYEQYF,MLYQHLLPL,A*11:01,0
CSARISTSSSYEQYF,AVGSYVYSV,B*07:02,0
CSARISTSSSYEQYF,SLLMWITQC,B*38:01,0
CSARISTSSSYEQYF,KRPIPIKYKAM,B*07:02,0
CSARISTSSSYEQYF,QSRGDENRGW,A*03:01,0
CSARISTSSSYEQYF,FTSDYYQLY,B*08:01,0
CSARISTSSSYEQYF,YVLTWIVGA,B*35:08,0
CSARISTSSSYEQYF,ILNAMITKI,A*68:01,0
CSARISTSSSYEQYF,CFVECAPVC,B*27:09,0
CSARMVSYEQYF,TSTLQEQIGW,A*24:02,0
CSARMVSYEQYF,LLSIISFPA,B*35:08,0
CSARMVSYEQYF,MLNIPSINV,A*24:02,0
CSARPGLAGGYEQYF,KMVAVFYNT,A*68:01,0
CSARPGLAGGYEQYF,FLTVFSHFM,A*03:01,0
CSARPGLAGGYEQYF,LLFALYFSA,B*51:01,0
CSARPGLAGGYEQYF,ILNVDIFTL,A*30:02,0
CSARPGLAGGYEQYF,KVKEVCPNV,A*01:01,0
CSARPGQFYSNQPQHF,RLVPYLEFL,A*01:01,0
CSARPGQFYSNQPQHF,THLMVLCCV,A*68:01,0
CSARPGQFYSNQPQHF,FEDLRLLSF,B*07:02,0
CSARPGQFYSNQPQHF,QSRGDENRGW,B*15:01,0
CSARPGQFYSNQPQHF,LMFWASSSI,A*03:01,0
CSARPGQFYSNQPQHF,VAANIVLTV,B*35:01,0
CSARPGQFYSNQPQHF,KVKEVCPNV,B*38:01,0
CSARQRDLSYEQYF,LLFGYPVYV,B*35:01,0
CSARQRDLSYEQYF,LLAMTVPNV,A*01:01,0
CSARQRDLSYEQYF,KLVALGINAV,A*02:01,0
CSARQRDLSYEQYF,VLFHRAFLV,A*01:01,0
CSARQRDLSYEQYF,CFVECAPVC,B*07:02,0
CSARQRDLSYEQYF,FMLYLLTLM,B*51:01,0
CSARRADTEAFF,CTELKLSDY,B*27:05,0
CSARRADTEAFF,VSDGGPNLY,A*11:01,0
CSARRADTEAFF,SLLMPILTL,A*03:01,0
CSARRADTEAFF,DATYQRTRALVR,B*07:02,0
CSARRADTEAFF,FLRGRAYGL,A*01:01,0
CSARRADTEAFF,VAANIVLTV,B*37:01,0
CSARRADTEAFF,LLSIISFPA,B*57:01,0
CSARRADTEAFF,FLTVFSHFM,B*35:01,0
CSARSGGTEAFF,FLTVFSHFM,B*15:01,0
CSARSGGTEAFF,FEDLRVLSF,B*15:01,0
CSARSGGTEAFF,RLQSLQTYV,B*37:01,0
CSARSGGTEAFF,LPRWYFYYL,A*30:02,0
CSARSGGTEAFF,VLFGLGFAI,B*35:08,0
CSARSGGTEAFF,FEDLRVSSF,B*35:01,0
CSARTDRGNNYGYTF,GQMWLLAPR,A*03:01,0
CSARTDRGNNYGYTF,YVLTWIVGA,B*35:01,0
CSARTDRGNNYGYTF,SLLWMNPFV,B*15:01,0
CSARTDRGNNYGYTF,MIISHLYLI,B*37:01,0
CSARTDRGNNYGYTF,VVLSWAPPV,A*68:01,0
CSARTDRGNNYGYTF,FMLYLLTLM,A*24:02,0
CSARTISQGAHYEQYF,YHSIEWAI,A*01:01,0
CSARTISQGAHYEQYF,FEDLRLLSF,B*27:09,0
CSARTISQGAHYEQYF,YVLTWIVGA,B*08:01,0
CSARTISQGAHYEQYF,KVKEVCPNV,B*15:01,0
CSARTISQGAHYEQYF,LLFGMPPCL,B*27:05,0
CSARTISQGAHYEQYF,HPVGEADYFEY,B*57:01,0
CSARTISQGAHYEQYF,MLYQHLLPL,B*57:01,0
CSARTISQGAHYEQYF,NMINFAPNI,B*08:01,0
CSARTISQGAHYEQYF,FLTVFSHFM,A*03:01,0
CSARTWTGNTIYF,NLVPMVATV,B*35:01,0
CSARTWTGNTIYF,LVLEVDPNI,B*38:01,0
CSARTWTGNTIYF,LRVMMLAPF,A*03:01,0
CSARTWTGNTIYF,LVLEVDPNI,A*11:01,0
CSARTWTGNTIYF,VMPFSIVYI,B*51:01,0
CSARTWTGNTIYF,YLQPRTFLL,B*27:05,0
CSARTWTGNTIYF,SLAPLSPRV,A*30:02,0
CSARTWTGNTIYF,ILTGLNYEA,A*24:02,0
CSARTWTGNTIYF,KLLEIAPNC,A*68:01,0
CSARTWTGNTIYF,LLFALYFSA,B*51:01,0
CSARVTSGSYEQYF,VLNYFEPYL,A*02:01,0
CSARVTSGSYEQYF,ALSKGVHFV,A*11:01,0
CSARVTSGSYEQYF,CTELKLNDY,B*27:05,0
CSARVTSGSYEQYF,ALSPVIPHI,B*07:02,0
CSARWDRVSSSTDTQYF,ILTGLNYEV,A*02:01,0
CSARWDRVSSSTDTQYF,EAAGIGILTV,B*51:01,0
CSARWDRVSSSTDTQYF,YVLTWIVGA,B*37:01,0
CSARWDRVSSSTDTQYF,ILNVDVFTL,A*30:02,0
CSASASLTSGANVLTF,QKRPIPIKYKAM,B*15:01,0
CSASASLTSGANVLTF,VMHANYIFW,B*57:01,0
CSASASLTSGANVLTF,GKTELLAPF,B*51:01,0
CSASASLTSGANVLTF,YLEPGPVTA,B*38:01,0
CSASASLTSGANVLTF,NMINFAPNI,A*02:01,0
CSASASLTSGANVLTF,LMFWASSSI,A*01:01,0
CSASDSLTISGFF,TSTLQEQIGW,B*35:08,0
CSASDSLTISGFF,YLEPGPVTA,B*15:01,0
CSASDSLTISGFF,FLYNLLTRV,A*01:01,0
CSASDSLTISGFF,TSTLQEQIGW,A*11:01,0
CSASLKADEQF,VSDGGPNLY,B*37:01,0
CSASLKADEQF,NDMLVCANI,A*03:01,0
CSASLKADEQF,TAFTIPSI,A*01:01,0
CSASMEAASTYEQYF,SLLMWITQA,A*02:01,0
CSASMEAASTYEQYF,RPIPIKYKAM,B*38:01,0
CSASMEAASTYEQYF,LIIPFIHLI,B*35:08,0
CSASMEAASTYEQYF,NYNYLYRLF,A*68:01,0
CSASMEAASTYEQYF,LLFGMTPCL,B*37:01,0
CSASMEAASTYEQYF,KTWGQYWQV,A*01:01,0
CSASMEAASTYEQYF,FEDLRVLSF,B*51:01,0
CSASMEAASTYEQYF,ALYGFVPVL,A*03:01,0
CSASMEAASTYEQYF,RLGPYLEFL,B*15:01,0
CSASMEAASTYEQYF,KMVTVCPNT,A*03:01,0
CSASPGYNEQFF,ALYGSVPVL,A*68:01,0
CSASPGYNEQFF,TAFTIPSI,A*03:01,0
CSASPGYNEQFF,ILNAMIAKI,B*35:08,0
CSASQAAAYEQYF,AVGSYVYSV,B*57:01,0
CSASQAAAYEQYF,VYGIRLEHF,B*08:01,0
CSASQAAAYEQYF,IVCPICSQK,B*27:05,0
CSASQAAAYEQYF,FLIYLDVSV,B*27:09,0
CSASQAAAYEQYF,KTFPPTEPK,B*08:01,0
CSASQAAAYEQYF,SVYGDTLEK,A*01:01,0
CSASSPDREADGYTF,FTSDYYQLY,B*07:02,0
CSASSPDREADGYTF,SLAPLSPRV,B*38:01,0
CSASSPDREADGYTF,NDMLVCANI,A*11:01,0
CSASSPDREADGYTF,SVYGDTLEK,A*11:01,0
CSASSPDREADGYTF,QKRPIPIKYKAM,B*15:01,0
CSASSPDREADGYTF,VAANIVLTV,B*08:01,0
CSASVSGGPLDTQYF,SPRWYFYYL,B*35:08,0
CSASVSGGPLDTQYF,SVYGDTLEK,B*37:01,0
CSASVSGGPLDTQYF,KLNTITPVV,B*38:01,0
CSASVSGGPLDTQYF,LPRWYFYYL,B*38:01,0
CSASVSGGPLDTQYF,RYPLTFGWCF,B*27:05,0
CSASVSGGPLDTQYF,GMGPLLATV,B*57:01,0
CSATEAGGPGNEQF,RYPLTFGWCF,B*35:01,0
CSATEAGGPGNEQF,NDMLVCANI,B*35:01,0
CSATEAGGPGNEQF,TAFTIPSI,B*27:09,0
CSATEAGGPGNEQF,VMPFSIVYI,B*08:01,0
CSATEAGGPGNEQF,VYFLQSINF,A*11:01,0
CSATEAGGPGNEQF,FLIYLDVSV,A*11:01,0
CSATEAGGPGNEQF,TRLALIAPK,A*02:01,0
CSATGTSGYNEQFF,GMGPLLATV,A*30:02,0
CSATGTSGYNEQFF,LLFALHFSA,A*24:02,0
CSATGTSGYNEQFF,NMIHFAPNV,A*03:01,0
CSATLDRNYGYTF,GQVMVVAPR,B*37:01,0
CSATLDRNYGYTF,AEMEFCPCC,B*27:09,0
CSATLDRNYGYTF,KLWASPLHV,B*51:01,0
CSATLDRNYGYTF,RQLLFVVEV,B*27:05,0
CSATLDRNYGYTF,IMDQVPFSV,A*02:01,0
CSATLDRNYGYTF,VLFGLGFAI,B*35:01,0
CSATLDRNYGYTF,RLQSLQTYV,B*15:01,0
CSATLDRNYGYTF,ALSPVIPLI,B*27:09,0
CSATPNTEAF,RLPGVLPRA,A*02:01,0
CSATPNTEAF,KMVAVFYNT,A*30:02,0
CSATPNTEAF,FMLYLLTLM,B*35:08,0
CSATPNTEAF,NDMLVCANI,B*38:01,0
CSATPNTEAF,CTELKLSDY,B*38:01,0
CSATPNTEAF,GQMWLLAPR,B*57:01,0
CSATPNTEAF,IMDQVPFSV,A*02:01,0
CSATPNTEAF,NLNCCSVPV,B*38:01,0
CSAVLPGLAGYNEQFF,VLFHRAFLV,A*03:01,0
CSAVLPGLAGYNEQFF,TAFTIPSI,B*27:09,0
CSAVLPGLAGYNEQFF,NLNCCSVPV,B*08:01,0
CSAVLPGLAGYNEQFF,EAAGIGILTV,B*27:05,0
CSAVLPGLAGYNEQFF,CFVECAPVC,A*01:01,0
CSAVLPGLAGYNEQFF,KMVAVFYTT,A*02:01,0
CSAVLPGLAGYNEQFF,FEDLRVSSF,B*35:08,0
CSAVLPGLAGYNEQFF,RPPIFIRRL,A*01:01,0
CSAWWGAEQYF,LLAGTLAGV,B*08:01,0
CSAWWGAEQYF,VMPFSIVYI,A*01:01,0
CSAWWGAEQYF,LLFGYPVYV,A*01:01,0
CSAWWGAEQYF,HTMLCMCCK,A*68:01,0
CSAWWGAEQYF,EIQEFCPNT,B*38:01,0
CSAWWGAEQYF,KTWGQYWQV,B*51:01,0
CSAWWGAEQYF,LMFWASSSI,A*11:01,0
CSAYSTGQGIYEQYF,SPRWYFYYL,A*11:01,0
CSAYSTGQGIYEQYF,FLRGRAYGL,B*37:01,0
CSAYSTGQGIYEQYF,RYRIGNYKL,B*57:01,0
CSAYSTGQGIYEQYF,HPVGEADYFEY,B*08:01,0
CSAYSTGQGIYEQYF,VLFGLGFAI,B*27:05,0
CSAYSTGQGIYEQYF,YVLTWIVGA,A*11:01,0
CSAYSTGQGIYEQYF,FLRGRAYGL,B*38:01,0
CSAYSTGQGIYEQYF,FEDLRLLSF,B*15:01,0
CSAYSTGQGIYEQYF,NYNYLYRLF,B*07:02,0
CSAYSTGQGIYEQYF,MIISHLYLI,A*03:01,0
CSAYSTGQGIYEQYF,LLAMTVPNV,B*51:01,0
CSDGTGDGYTF,THLMVLCCV,B*08:01,0
CSDGTGDGYTF,LIIPFIHLI,B*38:01,0
CSGLVPGFDSPLHF,RTMEVCYNT,B*08:01,0
CSGLVPGFDSPLHF,SPRWYFYYL,A*24:02,0
CSGLVPGFDSPLHF,RLGPYLEFL,A*68:01,0
CSGLVPGFDSPLHF,ALYGSVPVL,A*24:02,0
CSIRSSYEAF,KVKEVCPNV,A*02:01,0
CSIRSSYEAF,ILTGLNYEV,B*35:01,0
CSIRSSYEAF,LRVMMLAPF,B*37:01,0
CSIRSSYEAF,TAFTIPSI,A*02:01,0
CSIRSSYEAF,ILNVDIFTL,B*35:01,0
CSIRSSYEAF,MTLHGFMMY,A*24:02,0
CSIRSSYEAF,GQVMVVAPR,B*35:01,0
CSIRSSYEAF,YLQPRTFLL,A*01:01,0
CSIRSSYEAF,KRPIPIKYKAM,B*35:08,0
CSIRSSYEAF,CFLLILPNC,B*07:02,0
CSIRSSYEQF,FEDLRLLSF,B*57:01,0
CSIRSSYEQF,CTELKLSDY,B*27:09,0
CSIRSSYEQF,KMVAVFYTT,B*35:01,0
CSIRSSYEQF,YLEPGPVTA,B*15:01,0
CSIRSSYEQF,RYRIGNYKL,B*38:01,0
CSIRSSYEQF,FEDLRVSSF,A*02:01,0
CSIRSSYEQF,KLVALGINAV,B*38:01,0
CSIRSSYEQF,SLAPLSPRA,B*15:01,0
CSIRSSYEQF,TSTLQEQIGW,A*11:01,0
CSLATGGDTQF,ALYGSVPVL,B*35:08,0
CSLATGGDTQF,ILTGLNYEV,B*15:01,0
CSLATGGDTQF,FEDLRVSSF,B*51:01,0
CSLATGGDTQF,HTMLCMCCK,A*03:01,0
CSLATGGDTQF,LLFALHFSA,B*57:01,0
CSLATGGDTQF,RLVPYLEFL,A*68:01,0
CSLFSQQPQF,SLAPLSPRV,B*35:08,0
CSLFSQQPQF,ITDQVPFSV,A*03:01,0
CSLFSQQPQF,VLNYFKPYL,A*68:01,0
CSLFSQQPQF,LLFGMTPCL,A*24:02,0
CSLTGGLNSPLF,IMDQVPFSV,B*27:05,0
CSLTGGLNSPLF,LRVMMLAPF,A*02:01,0
CSLTGGLNSPLF,NMINFAPNI,B*08:01,0
CSLTGGLNSPLF,RLGPYLEFL,B*57:01,0
CSLTGGLNSPLF,ILTGLNYEV,B*27:05,0
CSLTGGLNSPLF,EIQEFCPNT,B*38:01,0
CSLTGGLNSPLF,KRPIPIKYKAM,B*35:01,0
CSLTGGLNSPLF,RPRGEVRFL,B*15:01,0
CSLTGGLNSPLF,YLQPRTFLL,A*03:01,0
CSPAVHRVANNEQLF,KTWGQYWQV,A*24:02,0
CSPAVHRVANNEQLF,VLFGLGFAI,B*37:01,0
CSPAVHRVANNEQLF,ALSPVIPHI,B*35:01,0
CSPAVHRVANNEQLF,FLRGRAYGL,A*30:02,0
CSSIRSSDTQF,NMIHFAPNV,A*02:01,0
CSSIRSSDTQF,EIQEFCPNT,B*08:01,0
CSSIRSSDTQF,NLFNRYPAL,A*11:01,0
CSSIRSSDTQF,KLVALGINAV,B*38:01,0
CSSIRSSDTQF,KLVALGINAV,B*27:05,0
CSSIRSSDTQF,KMVTVCPNT,B*51:01,0
CSSLAGPYNEQF,HTMLCMCCK,B*35:08,0
CSSLAGPYNEQF,TTDPSFLGRY,B*37:01,0
CSSLAGPYNEQF,GCQEICPAC,B*07:02,0
CSSLAGPYNEQF,LLAGTLAVV,A*24:02,0
CSSLAGPYNEQF,RPPIFIRRL,B*38:01,0
CSSPRSALEQF,ALSPVIPLI,B*51:01,0
CSSPRSALEQF,IMDQVPFSV,A*30:02,0
CSSPRSALEQF,KVKEVCPNV,B*37:01,0
CSSPRSALEQF,LLFALHFSA,A*68:01,0
CSSPRSALEQF,FTSDYYQLY,B*35:08,0
CSSVFGTSYEQF,YVLTWIVGA,A*03:01,0
CSSVFGTSYEQF,KMVAVFYNT,B*07:02,0
CSSVRSAYEQF,CTELKLSDY,B*27:09,0
CSSVRSAYEQF,NLFNRYPAL,B*27:05,0
CSSVRSAYEQF,QYDPVAALF,B*57:01,0
CSSVRSAYEQF,RPIPIKYKAM,B*51:01,0
CSSVRSAYEQF,SLLMWITQA,B*35:01,0
CSSVRSAYEQF,RPPIFIRRL,A*11:01,0
CSSVRSAYEQF,KMVTVCPNT,A*24:02,0
CSSVRSAYEQF,MMPFSIVYI,B*57:01,0
CSSVRSAYEQF,IMDQVPFSV,B*35:08,0
CSSVRSDEKLF,MIISHLYLI,A*30:02,0
CSTRSTGELF,IVCPICSQK,A*03:01,0
CSTRSTGELF,ALYGFVPVL,A*11:01,0
CSTRSTGELF,MLYQHLLPL,B*57:01,0
CSTRSTGELF,KRPIPIKYKAM,B*51:01,0
CSTRSTGELF,FEDLRLLSF,B*51:01,0
CSTRSTGELF,MIISHLYLI,A*03:01,0
CSTRSTGELF,FTSDYYQLY,A*11:01,0
CSTRSTGELF,SLLMPILTL,B*27:09,0
CSTRSTGELF,CFVECAPVC,B*35:08,0
CSTRSTGELF,LLFGMTPCL,A*11:01,0
CSTRSTGELF,RLGPYLEFL,B*35:08,0
CSVAGGPGDTQF,AEMEFCPCC,B*15:01,0
CSVAGGPGDTQF,AEMEFCPCC,B*37:01,0
CSVAGGPGDTQF,VLNYFKPYL,B*51:01,0
CSVAGGPGDTQF,SVYGDTLEK,B*15:01,0
CSVAGGPGDTQF,SLLMWITQA,A*68:01,0
CSVAGGPGDTQF,SLAPLSPRA,B*27:09,0
CSVAGGPGDTQF,VMHANYIFW,B*35:08,0
CSVAGGPGDTQF,LRVMMLAPF,B*27:05,0
CSVAGGTEAFF,YLQPRTFLL,B*57:01,0
CSVAGGTEAFF,KLVALGINAV,B*51:01,0
CSVAGGTEAFF,NYNYLYRLF,A*02:01,0
CSVAGGTEAFF,MMPFSIVYI,B*27:09,0
CSVAGGTEAFF,KLSALGINAV,A*01:01,0
CSVAGGTEAFF,FEDLRLLSF,B*15:01,0
CSVAGGTEAFF,ILTGLNYEA,B*27:09,0
CSVAGGTEAFF,ALYGFVPVL,B*35:08,0
CSVAGGTEAFF,RQLLFVVEV,B*27:05,0
CSVATGGDTQF,AEMEFCPCC,A*02:01,0
CSVATGGDTQF,CFLLILPNC,A*68:01,0
CSVATGGDTQF,VMPFSIVYIV,B*07:02,0
CSVATGGDTQF,DATYQRTRALVR,B*51:01,0
CSVATGGDTQF,FTSDYYQLY,A*01:01,0
CSVATGGDTQF,RPIPIKYKAM,A*03:01,0
CSVATGGDTQF,ITDQVPFSV,B*27:09,0
CSVATSGGSNEQF,LLAMTVPNV,A*24:02,0
CSVATSGGSNEQF,LLFGMTPCL,B*15:01,0
CSVATSGGSNEQF,KTFPPTEPK,B*35:08,0
CSVATSGGSNEQF,LLSIIFFPA,A*01:01,0
CSVATSGGSNEQF,RYPLTFGW,A*01:01,0
CSVATSGGSNEQF,LLFGMTPCL,B*27:09,0
CSVATSGGSNEQF,KLNTITPVV,B*35:08,0
CSVATSGGSNEQF,RLPGVLPRA,B*15:01,0
CSVDGSNQPQF,NYNYLYRLF,B*15:01,0
CSVDGSNQPQF,LLFALYFSA,A*01:01,0
CSVDGSNQPQF,LLSIIFFPA,B*57:01,0
CSVDPGQFYNEQFF,KMVAVFYTT,A*01:01,0
CSVDPGQFYNEQFF,TTDPSFLGRY,A*01:01,0
CSVDPGQFYNEQFF,NLVPMVATV,B*38:01,0
CSVDPGQFYNEQFF,LRVMMLAPF,A*68:01,0
CSVDRRADEQF,TTDPSFLGRY,B*08:01,0
CSVDRRADEQF,TSTLQEQIGW,A*68:01,0
CSVDRRADEQF,FTSDYYQLY,B*35:01,0
CSVDRRADEQF,NLNCCSVPV,B*27:05,0
CSVDRRADEQF,ILNAMITKI,B*08:01,0
CSVDRRADEQF,LIIPFIHLI,B*38:01,0
CSVDRRSDEAFF,LRVMMLAPF,B*37:01,0
CSVDRRSDEAFF,KLNTITPVV,A*68:01,0
CSVDRRSDEAFF,IVCPICSQK,A*11:01,0
CSVDRRSDEAFF,ALYGFVPVL,A*30:02,0
CSVDRRSDEAFF,FEDLRLLSF,A*68:01,0
CSVDRRSDEAFF,FLYNPLTRV,B*37:01,0
CSVDRRSDEAFF,RYPLTFGWCF,B*38:01,0
CSVDRRSDEAFF,VLNYFKPYL,B*27:05,0
CSVEAGGVSEAFF,TSTLQEQIGW,B*51:01,0
CSVEAGGVSEAFF,GCQEICPAC,B*08:01,0
CSVEAGGVSEAFF,KLSALGINAV,B*07:02,0
CSVEAGGVSEAFF,FLRGRAYGL,B*35:01,0
CSVEAGGVSEAFF,LLAGTLAVV,A*02:01,0
CSVEAGGVSEAFF,KMVAVFYTT,B*57:01,0
CSVEAGGVSEAFF,ILNAMIAKI,A*30:02,0
CSVEAGGVSEAFF,LLFALYFSA,A*11:01,0
CSVEAGGVSEAFF,YLEPGPVTA,A*24:02,0
CSVEAGGVSEAFF,SLAPLSPRV,B*37:01,0
CSVEDPMGVGTEAFF,TSTLQEQIGW,B*27:09,0
CSVEDPMGVGTEAFF,GQVMVVAPR,B*07:02,0
CSVEDPMGVGTEAFF,THLMVLCCV,B*07:02,0
CSVEDPMGVGTEAFF,ITDQVPFSV,A*24:02,0
CSVEDPMGVGTEAFF,NDMLVCANI,B*35:01,0
CSVEEWDTSGNTIYF,NMINFAPNI,B*35:08,0
CSVEEWDTSGNTIYF,FEDLRVLSF,A*30:02,0
CSVEEWDTSGNTIYF,FLYNLLTRV,A*11:01,0
CSVEEWDTSGNTIYF,AVGSYVYSV,B*37:01,0
CSVEEWDTSGNTIYF,YLEPGPVTA,A*03:01,0
CSVEEWDTSGNTIYF,KLWASPLHV,A*01:01,0
CSVEEWDTSGNTIYF,RYPLTFGW,B*27:05,0
CSVEGLAGPSYNEQFF,RQLLFVVEV,A*24:02,0
CSVEGLAGPSYNEQFF,ALSKGVHFV,B*35:08,0
CSVEGLAGPSYNEQFF,LLFGMTPCL,B*08:01,0
CSVEGLAGPSYNEQFF,KTFPPTEPK,B*37:01,0
CSVEGLAGPSYNEQFF,RTMEVCYNT,B*57:01,0
CSVEGLAGPSYNEQFF,KAFSPEVIPMF,A*01:01,0
CSVEGLAGPSYNEQFF,KLNTITPVV,A*68:01,0
CSVEGNQPQF,FMLYLLTLM,B*35:08,0
CSVEGNQPQF,LPRWYFYYL,B*35:08,0
CSVEGNQPQF,YLEPGPVTA,B*27:05,0
CSVEGNQPQF,GQVMVVAPR,B*51:01,0
CSVEGNQPQF,KLLEIAPNC,A*02:01,0
CSVEGPGGRIANTEAFF,YVLTWIVGA,B*51:01,0
CSVEGPGGRIANTEAFF,FLYNPLTRV,A*01:01,0
CSVEGPGGRIANTEAFF,MLNIPSINV,A*01:01,0
CSVEGPGGRIANTEAFF,ILTGLNYEA,A*68:01,0
CSVEGPGGRIANTEAFF,KRPIPIKYKAM,B*08:01,0
CSVEGPGGRIANTEAFF,QYDPVAALF,A*03:01,0
CSVELTTYEQYF,CTELKLNDY,A*11:01,0
CSVELTTYEQYF,SLAPLSPRV,B*27:05,0
CSVELTTYEQYF,VMPFSIVYI,B*51:01,0
CSVERGGDEQFF,KLWASPLHV,B*38:01,0
CSVERGGDEQFF,FMLYLLTLM,A*24:02,0
CSVERGGDEQFF,VMPFSIVYIV,A*24:02,0
CSVERGGDEQFF,FEDLRLLSF,A*24:02,0
CSVERGGDEQFF,RLPGVLPRA,B*51:01,0
CSVERGGDEQFF,RFPLTFGWCF,B*27:05,0
CSVERGGDEQFF,THLMVLCCV,B*08:01,0
CSVERGGDEQFF,GCQEICPAC,B*35:08,0
CSVERGGDEQFF,CFLLILPNC,A*11:01,0
CSVERGGDEQFF,YHSIEWAI,A*03:01,0
CSVESMDRNYEQYF,ILTGLNYEV,B*27:09,0
CSVESMDRNYEQYF,THLMVLCCV,B*35:08,0
CSVESMDRNYEQYF,LLWNGPMAV,B*08:01,0
CSVESMDRNYEQYF,SLLWMNPFV,A*02:01,0
CSVESMDRNYEQYF,RLPGVLPRA,A*68:01,0
CSVESMDRNYEQYF,RYPLTFGW,A*03:01,0
CSVESMDRNYEQYF,ILNAMIAKI,B*51:01,0
CSVESMDRNYEQYF,CFLLILPNC,B*51:01,0
CSVESMDRNYEQYF,SPRWYFYYL,B*27:09,0
CSVESMDRNYEQYF,KTFPPTEPK,A*11:01,0
CSVESMDRNYEQYF,NLFNRYPAL,A*02:01,0
CSVGGGEGNYEQYF,FLYNPLTRV,B*37:01,0
CSVGGGEGNYEQYF,LRVMMLAPF,A*02:01,0
CSVGGGEGNYEQYF,EIQEFCPNT,B*51:01,0
CSVGGGEGNYEQYF,FMLYLLTLM,B*51:01,0
CSVGTYSNQPQHF,LIIPFIHLI,A*30:02,0
CSVGTYSNQPQHF,VVLSWAPPV,A*30:02,0
CSVGTYSNQPQHF,RYPLTFGWCF,B*51:01,0
CSVGTYSNQPQHF,GILGFVFTL,A*02:01,0
CSVGTYSNQPQHF,RPPIFIRRL,B*35:01,0
CSVGTYSNQPQHF,MTLHGFMMY,B*27:05,0
CSVNRGIGNTEAFF,QYIKWPWYI,B*15:01,0
CSVNRGIGNTEAFF,EIQEFCPNT,B*15:01,0
CSVNRGIGNTEAFF,KTWGQYWQV,B*38:01,0
CSVNRGIGNTEAFF,LLSIISFPA,B*37:01,0
CSVNRGIGNTEAFF,HTMLCMCCK,B*27:05,0
CSVNRGIGNTEAFF,KLLEIAPNC,A*01:01,0
CSVNRGIGNTEAFF,RQLLFVVEV,A*11:01,0
CSVNRGIGNTEAFF,MLYQHLLPL,A*68:01,0
CSVPLGVVNNEQF,LVLEVDPNI,A*03:01,0
CSVPLGVVNNEQF,TSTLQEQIGW,B*37:01,0
CSVPLGVVNNEQF,ALYGFVPVL,A*03:01,0
CSVPLGVVNNEQF,VMHANYIFW,B*57:01,0
CSVPLGVVNNEQF,VMHANYIFW,B*35:08,0
CSVPSRGYAGELF,ILTGLNYEV,A*30:02,0
CSVPSRGYAGELF,LRVMMLAPF,A*03:01,0
CSVPSRGYAGELF,GKTELLAPF,B*38:01,0
CSVPSRGYAGELF,RYPLTFGW,A*68:01,0
CSVPSRGYAGELF,KMVAVFYNT,A*01:01,0
CSVPSRGYAGELF,RPPIFIRRL,B*37:01,0
CSVPSRGYAGELF,FLTVFSHFM,A*68:01,0
CSVPSRGYAGELF,KLLEIAPNC,B*37:01,0
CSVPSRGYAGELF,ITDQVPFSV,B*27:09,0
CSVPSRGYAGELF,SLLMWITQC,B*35:01,0
CSVQRRADEQF,KMVAVFYTT,B*35:01,0
CSVQRRADEQF,KLSALGINAV,B*38:01,0
CSVQRRADEQF,VLFGLGFAI,B*07:02,0
CSVQRRADEQF,VLFHRAFLV,B*38:01,0
CSVRGGGDNSPLHF,VYFLQSINF,B*51:01,0
CSVRGGGDNSPLHF,RFPLTFGWCF,A*01:01,0
CSVRGGGDNSPLHF,NYNYLYRLF,A*11:01,0
CSVRGGGDNSPLHF,LVLEVDPNI,A*68:01,0
CSVRGGGDNSPLHF,ELAGIGILTV,A*24:02,0
CSVRLTDYNEQFF,KLWASPLHV,A*68:01,0
CSVRLTDYNEQFF,NMINFAPNI,B*35:01,0
CSVRLTDYNEQFF,ITDQVPFSV,B*15:01,0
CSVRLTDYNEQFF,TAFTIPSI,B*27:09,0
CSVRLTDYNEQFF,GMGPLLATV,A*11:01,0
CSVRLTDYNEQFF,ILNAMIAKI,A*01:01,0
CSVRLTDYNEQFF,TRLALIAPK,A*03:01,0
CSVRLTDYNEQFF,FLRGRAYGL,B*27:09,0
CSVRSTGELF,MIISHLYLI,B*37:01,0
CSVRSTGELF,FEDLRLLSF,B*27:05,0
CSVRSTGELF,ALSPVIPHI,B*38:01,0
CSVRSTGELF,YHSIEWAI,A*24:02,0
CSVRSTGELF,RLVPYLEFL,A*03:01,0
CSVRTATYNEQF,GILGFVFTL,A*30:02,0
CSVRTATYNEQF,RLPGVLPRA,A*30:02,0
CSVRTATYNEQF,GQMWLLAPR,B*15:01,0
CSVRTATYNEQF,KVKEVCPNV,B*57:01,0
CSVRTATYNEQF,VLFHRAFLV,A*68:01,0
CSVRTPSSYEQYF,LLWNGPMAV,B*27:05,0
CSVRTPSSYEQYF,NMINFAPNI,A*68:01,0
CSVRTPSSYEQYF,RYRIGNYKL,A*01:01,0
CSVRTPSSYEQYF,SLLMWITQC,A*11:01,0
CSVRTPSSYEQYF,GMGPLLATV,A*30:02,0
CSVRTPSSYEQYF,VYFLQSINF,B*38:01,0
CSVTGTEEAF,RPIPIKYKAM,A*02:01,0
CSVTGTEEAF,FLYNLLTRV,B*15:01,0
CSVTGTEEAF,MLYQHLLPL,B*37:01,0
CSVTGTGGGF,KLWASPLHV,B*27:05,0
CSVTGTGGGF,RQLLFVVEV,A*11:01,0
CSVTGTGGGF,VYIGDPAQL,B*37:01,0
CSVTGTGGGF,FLIYLDVSV,B*57:01,0
CSVTGTGGGF,GQVMVVAPR,B*35:01,0
CSVTGTGGGF,TRLALIAPK,B*27:09,0
CSVTGTGGGF,VMHANYIFW,B*27:05,0
CSVTGTGGGF,ALYGFVPVL,A*11:01,0
CSVTQGDGTDTQYF,KMVAVFYNT,A*02:01,0
CSVTQGDGTDTQYF,KLVALGINAV,B*35:08,0
CSVTQGDGTDTQYF,FLRGRAYGL,B*38:01,0
CSVTQGDGTDTQYF,MLNIPSINV,B*08:01,0
CSVTQGDGTDTQYF,VYIGDPAQL,B*37:01,0
CSVTQGDGTDTQYF,NLFNRYPAL,A*68:01,0
CSVTQGDGTDTQYF,SPRWYFYYL,B*35:01,0
CSVTQGDGTDTQYF,LLAMTVPNV,A*01:01,0
CSVTQGDGTDTQYF,KVKEVCPNV,B*07:02,0
CSVWSFGDRDGYTF,KAFSPEVIPMF,A*11:01,0
CSVWSFGDRDGYTF,CLGGLLTMV,A*68:01,0
CSVWSFGDRDGYTF,VMPFSIVYI,B*57:01,0
CSVWSFGDRDGYTF,LLSIIFFPA,B*27:09,0
CSVYLNTEAFF,MMPFSIVYI,B*51:01,0
CSVYLNTEAFF,SLAPLSPRV,A*11:01,0
CSVYLNTEAFF,MIISHLYLI,A*03:01,0
CSVYLNTEAFF,MLYQHLLPL,B*37:01,0
CSVYLNTEAFF,GQMWLLAPR,A*30:02,0
CSVYLNTEAFF,IVCPICSQK,B*38:01,0
CSVYLNTEAFF,LLAILTYYV,A*01:01,0
CSVYLNTEAFF,CLGGLLTMV,B*27:05,0
CSWDFQETQYF,FMLYLLTLM,B*51:01,0
CSWDFQETQYF,ILTGLNYEV,A*24:02,0
CSWDFQETQYF,FLYNPLTRV,A*03:01,0
CSWDFQETQYF,AEMEFCPCC,A*68:01,0
CSYEAGAETQF,KRPIPIKYKAM,B*08:01,0
CSYEAGAETQF,YLEPGPVTA,B*27:05,0
CSYEAGAETQF,VLNYFEPYL,A*02:01,0
CSYEAGAETQF,YLEPGPVTA,B*51:01,0
CSYEAGAETQF,LMFWASSSI,B*27:09,0
CSYVGAAGELF,RYRIGNYKL,B*37:01,0
CSYVGAAGELF,RPRGEVRFL,B*35:01,0
CSYVGAAGELF,IPSINVHHY,B*27:05,0
CSYVGGKAEAF,KLVALGINAV,B*27:09,0
CSYVGGKAEAF,KMVTVCPNT,B*51:01,0
CSYVGGKAEAF,VYGIRLEHF,B*35:08,0
CSYVGGKAEAF,KTFPPTEPK,A*11:01,0
CSYVGGKAEAF,KLVALGINAV,A*02:01,0
CSYVGGKAEAF,GKTELLAPF,B*15:01,0
CSYVGGKAEAF,THLMVLCCV,A*30:02,0
CTPWGEYTGELFF,KLWASPLHV,B*57:01,0
CTPWGEYTGELFF,IMDQVPFSV,B*27:05,0
CTPWGEYTGELFF,YHSIEWAI,A*30:02,0
CTPWGEYTGELFF,RPPIFIRRL,B*38:01,0
CTSRDLGVWTEAF,LLAGTLAVV,A*01:01,0
CTSRDLGVWTEAF,VLFGLGFAI,B*35:08,0
CTSRDLGVWTEAF,VLNYFEPYL,A*01:01,0
CTSRDLGVWTEAF,CLGGLLTMV,B*15:01,0
CTSRDLGVWTEAF,MIISHLYLI,B*35:01,0
CTSRDLGVWTEAF,EAAGIGILTV,B*35:08,0
CVPPYEKLTF,RTMEVCYNT,B*35:01,0
CVPPYEKLTF,SPRWYFYYL,B*35:08,0
CVPPYEKLTF,RLVPYLEFL,A*03:01,0
CVPPYEKLTF,LLAGTLAVV,A*30:02,0
CVPPYEKLTF,VMHANYIFW,B*35:08,0
CVPPYEKLTF,RPIPIKYKAM,B*27:05,0
CVPPYEKLTF,GQVMVVAPR,A*68:01,0
CVSVGRSGYTF,YLEPGPVTA,A*01:01,0
CVSVGRSGYTF,KTFPPTEPK,B*27:09,0
CVSVGRSGYTF,KRPIPIKYKAM,A*02:01,0
CVSVGRSGYTF,ITDQVPFSV,B*35:08,0
CVSVGRSGYTF,HPVGEADYFEY,B*35:08,0
CVSVGRSGYTF,GQVMVVAPR,A*01:01,0
CVSVGRSGYTF,LLFGMTPCL,B*37:01,0
CVSVGRSGYTF,HTMLCMCCK,A*11:01,0
