fpr,tpr
0.0,0.0
0.0,0.0006278777731268313
4.185851820845542e-05,0.0006278777731268313
4.185851820845542e-05,0.0010464629552113854
8.371703641691084e-05,0.0010464629552113854
8.371703641691084e-05,0.0014650481372959396
0.00012557555462536625,0.002092925910422771
0.00016743407283382168,0.002092925910422771
0.00016743407283382168,0.0027208036835496023
0.0002511511092507325,0.0027208036835496023
0.00029300962745918796,0.0037672666387609877
0.00033486814566764336,0.0037672666387609877
0.00033486814566764336,0.0046044370029300966
0.00033486814566764336,0.0054416073670992045
0.00033486814566764336,0.006278777731268313
0.00033486814566764336,0.006697362913352867
0.00033486814566764336,0.007325240686479699
0.00033486814566764336,0.007743825868564253
0.00033486814566764336,0.00858099623273336
0.00033486814566764336,0.008790288823775638
0.00033486814566764336,0.009208874005860193
0.00033486814566764336,0.009418166596902469
0.00033486814566764336,0.010046044370029301
0.00033486814566764336,0.010255336961071579
0.00033486814566764336,0.010883214734198409
0.00033486814566764336,0.011092507325240687
0.00033486814566764336,0.011720385098367517
0.00033486814566764336,0.012557555462536627
0.00033486814566764336,0.013185433235663457
0.00033486814566764336,0.013604018417748012
0.00033486814566764336,0.014022603599832565
0.00033486814566764336,0.014231896190874843
0.00033486814566764336,0.014859773964001675
0.00033486814566764336,0.015278359146086228
0.00033486814566764336,0.01590623691921306
0.00033486814566764336,0.01716199246546672
0.00033486814566764336,0.017371285056509
0.00033486814566764336,0.017789870238593554
0.00033486814566764336,0.018417748011720386
0.00033486814566764336,0.018627040602762664
0.00033486814566764336,0.019045625784847215
0.00033486814566764336,0.019254918375889492
0.00033486814566764336,0.020092088740058602
0.00033486814566764336,0.020719966513185435
0.00033486814566764336,0.021347844286312263
0.00033486814566764336,0.021766429468396818
0.00033486814566764336,0.021975722059439096
0.00033486814566764336,0.023022185014650483
0.00033486814566764336,0.023440770196735034
0.00033486814566764336,0.0246965257429887
0.00033486814566764336,0.02532440351611553
0.00033486814566764336,0.02595228128924236
0.00033486814566764336,0.026370866471326915
0.00033486814566764336,0.026998744244453747
0.0003767266638760988,0.026998744244453747
0.0003767266638760988,0.027208036835496024
0.0003767266638760988,0.028254499790707408
0.0003767266638760988,0.028673084972791963
0.0003767266638760988,0.02971954792800335
0.0003767266638760988,0.029928840519045624
0.0003767266638760988,0.03034742570113018
0.0003767266638760988,0.03097530347425701
0.0003767266638760988,0.031393888656341566
0.0003767266638760988,0.03244035161155295
0.0003767266638760988,0.03285893679363751
0.0003767266638760988,0.033486814566764334
0.0003767266638760988,0.03432398493093344
0.0003767266638760988,0.034742570113018
0.0003767266638760988,0.03557974047718711
0.0003767266638760988,0.03641691084135622
0.0003767266638760988,0.037463373796567605
0.0004185851820845542,0.037463373796567605
0.0004185851820845542,0.03788195897865215
0.0004185851820845542,0.03830054416073671
0.0004185851820845542,0.03871912934282126
0.0004604437002930096,0.03871912934282126
0.0004604437002930096,0.03913771452490582
0.0005441607367099205,0.03913771452490582
0.0005441607367099205,0.03955629970699037
0.0006278777731268313,0.03955629970699037
0.0006278777731268313,0.03976559229803265
0.0007534533277521976,0.03976559229803265
0.0007534533277521976,0.03997488488907493
0.0008790288823775638,0.03997488488907493
0.0008790288823775638,0.040184177480117204
0.0009208874005860192,0.040184177480117204
0.0009627459187944746,0.04039347007115948
0.0009627459187944746,0.041021347844286314
0.0010464629552113854,0.041021347844286314
0.0010464629552113854,0.04143993302637087
0.0011301799916282964,0.04143993302637087
0.0011301799916282964,0.04227710339053997
0.0011720385098367518,0.04227710339053997
0.0011720385098367518,0.04269568857262453
0.0013813311008790288,0.04269568857262453
0.0013813311008790288,0.04332356634575136
0.0014231896190874842,0.04332356634575136
0.0014231896190874842,0.043742151527835914
0.0014231896190874842,0.044370029300962746
0.0014231896190874842,0.0447886144830473
0.0014231896190874842,0.045207199665131856
0.0014650481372959396,0.045207199665131856
0.0014650481372959396,0.04562578484721641
0.0014650481372959396,0.04583507743825869
0.0014650481372959396,0.04625366262034324
0.0015069066555043953,0.04625366262034324
0.0015069066555043953,0.04667224780242779
0.0015069066555043953,0.0475094181665969
0.0015069066555043953,0.047928003348681456
0.001590623691921306,0.047928003348681456
0.001590623691921306,0.04834658853076601
0.0016743407283382169,0.04834658853076601
0.0016743407283382169,0.04897446630389284
0.0016743407283382169,0.0493930514859774
0.0017580577647551276,0.0493930514859774
0.0017580577647551276,0.05023022185014651
0.0018836333193804938,0.05023022185014651
0.0018836333193804938,0.050439514441188785
0.0019254918375889492,0.050439514441188785
0.0019254918375889492,0.05085809962327334
0.0019254918375889492,0.05106739221431561
0.0019673503557974046,0.05106739221431561
0.0019673503557974046,0.05127668480535789
0.0020510673922143154,0.05127668480535789
0.0020510673922143154,0.051485977396400165
0.002176642946839682,0.051485977396400165
0.002176642946839682,0.052323147760569275
0.0023440770196735037,0.052323147760569275
0.0023440770196735037,0.05253244035161155
0.0023440770196735037,0.053160318124738384
0.002385935537881959,0.053160318124738384
0.002385935537881959,0.05336961071578066
0.00246965257429887,0.05336961071578066
0.00246965257429887,0.05357890330682294
0.0027626622017580577,0.05357890330682294
0.0027626622017580577,0.053997488488907494
0.0028463792381749685,0.053997488488907494
0.0028463792381749685,0.05441607367099205
0.002888237756383424,0.05441607367099205
0.002888237756383424,0.054834658853076604
0.002888237756383424,0.05504395144411888
0.002888237756383424,0.05546253662620343
0.0030138133110087905,0.05546253662620343
0.0030138133110087905,0.05567182921724571
0.0031393888656341567,0.05567182921724571
0.0031393888656341567,0.055881121808287984
0.0031393888656341567,0.05692758476349937
0.003181247383842612,0.05692758476349937
0.003181247383842612,0.057346169945583926
0.003264964420259523,0.057346169945583926
0.003264964420259523,0.057555462536626203
0.0033068229384679783,0.057555462536626203
0.0033068229384679783,0.058183340309753036
0.0033068229384679783,0.05860192549183759
0.0033068229384679783,0.05964838844704898
0.0034742570113018,0.05964838844704898
0.0034742570113018,0.06069485140226036
0.0035161155295102553,0.06069485140226036
0.0035161155295102553,0.060904143993302635
0.0035161155295102553,0.06132272917538719
0.003683549602344077,0.06132272917538719
0.003683549602344077,0.061741314357471745
0.003809125156969443,0.061741314357471745
0.003809125156969443,0.06236919213059858
0.003809125156969443,0.06257848472164085
0.00401841774801172,0.06257848472164085
0.00401841774801172,0.0629970699037254
0.0042277103390539975,0.0629970699037254
0.0042277103390539975,0.06341565508580996
0.004311427375470908,0.06341565508580996
0.004311427375470908,0.06362494767685224
0.004395144411887819,0.06362494767685224
0.004437002930096275,0.06383424026789451
0.004520719966513186,0.06383424026789451
0.004520719966513186,0.06529928840519046
0.0046044370029300966,0.06529928840519046
0.0046044370029300966,0.06550858099623273
0.0046044370029300966,0.06613645876935957
0.0046044370029300966,0.06634575136040184
0.0046462955211385515,0.06634575136040184
0.0046462955211385515,0.06718292172457095
0.004688154039347007,0.06718292172457095
0.004688154039347007,0.0676015069066555
0.005106739221431561,0.0676015069066555
0.005106739221431561,0.06802009208874006
0.005148597739640016,0.06802009208874006
0.005148597739640016,0.06822938467978233
0.005232314776056928,0.06822938467978233
0.005232314776056928,0.06864796986186689
0.005357890330682294,0.06864796986186689
0.005357890330682294,0.06885726245290917
0.00539974884889075,0.06885726245290917
0.00539974884889075,0.06927584763499373
0.00539974884889075,0.06969443281707828
0.0054416073670992045,0.06969443281707828
0.0054416073670992045,0.06990372540812055
0.0054416073670992045,0.07053160318124739
0.005525324403516115,0.07053160318124739
0.005525324403516115,0.07115948095437422
0.005650899958141482,0.07115948095437422
0.005650899958141482,0.0722059439095856
0.005692758476349937,0.0722059439095856
0.005692758476349937,0.07241523650062788
0.005692758476349937,0.07325240686479699
0.005734616994558393,0.07325240686479699
0.005734616994558393,0.07346169945583926
0.005776475512766848,0.07346169945583926
0.005776475512766848,0.07367099204688154
0.005818334030975304,0.07367099204688154
0.005818334030975304,0.07429886982000837
0.005902051067392214,0.07429886982000837
0.005902051067392214,0.07471745500209293
0.005943909585600669,0.07471745500209293
0.005943909585600669,0.07513604018417748
0.005943909585600669,0.07555462536626203
0.006027626622017581,0.07555462536626203
0.006027626622017581,0.07597321054834659
0.006027626622017581,0.0768103809125157
0.006027626622017581,0.07722896609460025
0.006027626622017581,0.07764755127668481
0.006027626622017581,0.07785684386772708
0.006069485140226036,0.07785684386772708
0.006069485140226036,0.07827542904981163
0.006069485140226036,0.07890330682293847
0.006195060694851403,0.07890330682293847
0.006195060694851403,0.07932189200502303
0.006362494767685224,0.07932189200502303
0.006362494767685224,0.07974047718710757
0.006362494767685224,0.08057764755127668
0.006362494767685224,0.08099623273336123
0.006404353285893679,0.08099623273336123
0.006404353285893679,0.08120552532440352
0.006404353285893679,0.08162411050648807
0.006529928840519046,0.08162411050648807
0.006529928840519046,0.0822519882796149
0.006529928840519046,0.08246128087065718
0.006613645876935957,0.08246128087065718
0.006613645876935957,0.08350774382586856
0.006613645876935957,0.08392632900795312
0.006613645876935957,0.08434491419003767
0.006613645876935957,0.08580996232733361
0.006613645876935957,0.08622854750941816
0.006655504395144412,0.08622854750941816
0.006655504395144412,0.08664713269150272
0.006697362913352867,0.08664713269150272
0.006697362913352867,0.086856425282545
0.006739221431561322,0.086856425282545
0.006739221431561322,0.08706571787358727
0.006781079949769778,0.08706571787358727
0.006781079949769778,0.08748430305567183
0.006864796986186689,0.08748430305567183
0.006864796986186689,0.08811218082879867
0.006864796986186689,0.08853076601088321
0.006906655504395145,0.08853076601088321
0.006906655504395145,0.08936793637505232
0.006906655504395145,0.08978652155713687
0.006906655504395145,0.08999581414817916
0.0069485140226036,0.08999581414817916
0.0069485140226036,0.09062369192130598
0.0069485140226036,0.09146086228547509
0.0069485140226036,0.09167015487651738
0.006990372540812056,0.09167015487651738
0.006990372540812056,0.09187944746755965
0.007115948095437421,0.09187944746755965
0.007115948095437421,0.09208874005860193
0.007325240686479699,0.09208874005860193
0.007325240686479699,0.09271661783172876
0.007367099204688154,0.09271661783172876
0.007367099204688154,0.09334449560485558
0.00740895772289661,0.09334449560485558
0.00740895772289661,0.09355378819589787
0.007450816241105065,0.09355378819589787
0.007450816241105065,0.09418166596902469
0.00749267475931352,0.09418166596902469
0.00749267475931352,0.09439095856006698
0.007576391795730431,0.09439095856006698
0.007576391795730431,0.09522812892423609
0.007576391795730431,0.09648388447048975
0.007618250313938886,0.09648388447048975
0.007618250313938886,0.0969024696525743
0.007660108832147342,0.0969024696525743
0.007660108832147342,0.09711176224361658
0.007701967350355797,0.09711176224361658
0.007701967350355797,0.0977396400167434
0.007701967350355797,0.09794893260778569
0.007701967350355797,0.09857681038091251
0.007701967350355797,0.0996232733361239
0.007743825868564253,0.0996232733361239
0.007743825868564253,0.09983256592716618
0.007827542904981164,0.09983256592716618
0.007827542904981164,0.10066973629133529
0.007869401423189619,0.10066973629133529
0.007869401423189619,0.10108832147341984
0.007869401423189619,0.10171619924654668
0.007869401423189619,0.10255336961071577
0.00795311845960653,0.10255336961071577
0.00795311845960653,0.10297195479280033
0.007994976977814986,0.10297195479280033
0.007994976977814986,0.10339053997488488
0.008120552532440352,0.10339053997488488
0.008120552532440352,0.10380912515696944
0.008162411050648808,0.10380912515696944
0.008162411050648808,0.10401841774801172
0.008246128087065718,0.10401841774801172
0.008246128087065718,0.10485558811218083
0.008287986605274173,0.10485558811218083
0.008287986605274173,0.10548346588530766
0.008287986605274173,0.10632063624947677
0.008287986605274173,0.10652992884051904
0.00832984512348263,0.10652992884051904
0.00832984512348263,0.10673922143156132
0.008455420678107995,0.10673922143156132
0.008455420678107995,0.1069485140226036
0.008455420678107995,0.10820426956885726
0.008497279196316451,0.10820426956885726
0.008497279196316451,0.10862285475094181
0.008539137714524905,0.10862285475094181
0.008539137714524905,0.10925073252406865
0.008539137714524905,0.11008790288823776
0.008539137714524905,0.11029719547928003
0.00858099623273336,0.11029719547928003
0.00858099623273336,0.11092507325240686
0.00858099623273336,0.11113436584344914
0.008622854750941817,0.11113436584344914
0.008622854750941817,0.1115529510255337
0.008622854750941817,0.11239012138970281
0.008664713269150272,0.11239012138970281
0.008664713269150272,0.11259941398074508
0.008664713269150272,0.11343658434491419
0.008748430305567182,0.11343658434491419
0.008748430305567182,0.1142737547090833
0.008832147341984094,0.1142737547090833
0.008832147341984094,0.11469233989116785
0.00887400586019255,0.11469233989116785
0.00887400586019255,0.11594809543742152
0.008915864378401004,0.11594809543742152
0.008915864378401004,0.11657597321054834
0.008915864378401004,0.11678526580159063
0.008915864378401004,0.11720385098367518
0.008915864378401004,0.11741314357471745
0.008915864378401004,0.117831728756802
0.008915864378401004,0.11845960652992885
0.008915864378401004,0.11866889912097112
0.00895772289660946,0.11866889912097112
0.00895772289660946,0.1188781917120134
0.008999581414817916,0.1188781917120134
0.008999581414817916,0.11992465466722478
0.008999581414817916,0.12034323984930934
0.009041439933026372,0.12034323984930934
0.009041439933026372,0.12097111762243616
0.009083298451234826,0.12097111762243616
0.009083298451234826,0.12118041021347845
0.009167015487651737,0.12118041021347845
0.009167015487651737,0.12138970280452072
0.009208874005860193,0.12138970280452072
0.009208874005860193,0.12180828798660527
0.009292591042277103,0.12180828798660527
0.009292591042277103,0.12222687316868983
0.009334449560485559,0.12222687316868983
0.009334449560485559,0.12264545835077438
0.009334449560485559,0.12348262871494349
0.009376308078694015,0.12348262871494349
0.009376308078694015,0.12390121389702805
0.009376308078694015,0.12473838426119715
0.009376308078694015,0.1251569694432817
0.009460025115110925,0.1251569694432817
0.009460025115110925,0.125366262034324
0.00950188363331938,0.125366262034324
0.00950188363331938,0.12557555462536626
0.009585600669736292,0.12557555462536626
0.009585600669736292,0.12641272498953537
0.009627459187944746,0.12641272498953537
0.009627459187944746,0.1270406027626622
0.009627459187944746,0.12724989535370448
0.009669317706153202,0.12724989535370448
0.009669317706153202,0.12745918794474675
0.009711176224361658,0.12745918794474675
0.009711176224361658,0.12787777312683132
0.00987861029719548,0.12787777312683132
0.00987861029719548,0.1280870657178736
0.009920468815403935,0.1280870657178736
0.009920468815403935,0.12829635830891586
0.00996232733361239,0.12829635830891586
0.00996232733361239,0.12850565089995813
0.010004185851820845,0.12850565089995813
0.010004185851820845,0.1289242360820427
0.010171619924654667,0.1289242360820427
0.010171619924654667,0.12934282126412724
0.010339053997488488,0.12934282126412724
0.010339053997488488,0.12955211385516952
0.01050648807032231,0.12955211385516952
0.01050648807032231,0.1297614064462118
0.010590205106739222,0.1297614064462118
0.010590205106739222,0.12997069903725408
0.010632063624947678,0.12997069903725408
0.010632063624947678,0.13017999162829635
0.010673922143156132,0.13017999162829635
0.010673922143156132,0.13059857681038092
0.010757639179573043,0.13059857681038092
0.010757639179573043,0.13101716199246546
0.010757639179573043,0.13122645458350773
0.011092507325240687,0.13122645458350773
0.011092507325240687,0.1316450397655923
0.011259941398074508,0.1316450397655923
0.011259941398074508,0.13206362494767684
0.011385516952699874,0.13206362494767684
0.011385516952699874,0.13227291753871914
0.011469233989116786,0.13227291753871914
0.011469233989116786,0.1324822101297614
0.011511092507325241,0.1324822101297614
0.011511092507325241,0.13331938049393052
0.011511092507325241,0.13394725826705733
0.011552951025533695,0.13394725826705733
0.011552951025533695,0.13478442863122644
0.011594809543742151,0.13478442863122644
0.011594809543742151,0.13562159899539555
0.011678526580159063,0.13562159899539555
0.011678526580159063,0.13604018417748012
0.011762243616575973,0.13604018417748012
0.011762243616575973,0.13645876935956466
0.011845960652992885,0.13645876935956466
0.011845960652992885,0.13666806195060696
0.012013394725826706,0.13666806195060696
0.012013394725826706,0.13750523231477604
0.012013394725826706,0.13834240267894515
0.012013394725826706,0.13855169526998745
0.012055253244035162,0.13855169526998745
0.012055253244035162,0.13876098786102972
0.012097111762243616,0.13876098786102972
0.012097111762243616,0.13917957304311426
0.012097111762243616,0.13959815822519883
0.012222687316868984,0.13959815822519883
0.012222687316868984,0.1398074508162411
0.012222687316868984,0.14022603599832567
0.012222687316868984,0.14043532858936794
0.012264545835077438,0.14043532858936794
0.012264545835077438,0.14085391377145248
0.012306404353285894,0.14085391377145248
0.012306404353285894,0.14106320636249478
0.01234826287149435,0.14106320636249478
0.01234826287149435,0.14148179154457932
0.012390121389702805,0.14148179154457932
0.012390121389702805,0.14190037672666386
0.012390121389702805,0.14273754709083297
0.012390121389702805,0.14294683968187527
0.012390121389702805,0.14357471745500208
0.012390121389702805,0.14378401004604438
0.01243197990791126,0.14378401004604438
0.01243197990791126,0.14399330263708665
0.012557555462536627,0.14399330263708665
0.012557555462536627,0.14420259522812892
0.012557555462536627,0.14483047300125576
0.012557555462536627,0.1452490581833403
0.012599413980745081,0.1452490581833403
0.012599413980745081,0.1460862285475094
0.012683131017161993,0.1460862285475094
0.012683131017161993,0.14629552113855168
0.012766848053578903,0.14629552113855168
0.012766848053578903,0.1473419840937631
0.012808706571787358,0.1473419840937631
0.012808706571787358,0.1479698618668899
0.012808706571787358,0.148807032231059
0.013017999162829636,0.148807032231059
0.013017999162829636,0.14922561741314358
0.013017999162829636,0.14943491000418585
0.013101716199246547,0.14943491000418585
0.013101716199246547,0.14964420259522812
0.013185433235663457,0.14964420259522812
0.013269150272080369,0.14964420259522812
0.013269150272080369,0.14985349518627042
0.013352867308497279,0.14985349518627042
0.013352867308497279,0.1500627877773127
0.013352867308497279,0.1508999581414818
0.013352867308497279,0.15110925073252407
0.013394725826705735,0.15110925073252407
0.013394725826705735,0.15131854332356634
0.013394725826705735,0.1517371285056509
0.01343658434491419,0.1517371285056509
0.01343658434491419,0.15194642109669318
0.0135203013813311,0.15194642109669318
0.0135203013813311,0.15236500627877772
0.013687735454164922,0.15236500627877772
0.013687735454164922,0.15299288405190456
0.013729593972373378,0.15299288405190456
0.013729593972373378,0.15341146923398913
0.013729593972373378,0.1536207618250314
0.013729593972373378,0.15487651737128505
0.013729593972373378,0.15529510255336962
0.013729593972373378,0.15571368773545416
0.013729593972373378,0.15676015069066554
0.013729593972373378,0.15738802846379238
0.013729593972373378,0.15843449141900376
0.013729593972373378,0.15885307660108833
0.013729593972373378,0.15927166178317287
0.013771452490581834,0.15927166178317287
0.013771452490581834,0.15969024696525744
0.01381331100879029,0.15969024696525744
0.01381331100879029,0.16010883214734198
0.01381331100879029,0.16031812473838425
0.013855169526998744,0.16031812473838425
0.013855169526998744,0.16073670992046882
0.013855169526998744,0.16136458769359566
0.013855169526998744,0.16157388028463793
0.013938886563415655,0.16157388028463793
0.014148179154457933,0.16157388028463793
0.014148179154457933,0.1617831728756802
0.014190037672666387,0.1617831728756802
0.014190037672666387,0.16220175805776477
0.014190037672666387,0.16303892842193388
0.014190037672666387,0.1636668061950607
0.014231896190874843,0.1636668061950607
0.014231896190874843,0.16387609878610296
0.014231896190874843,0.16429468396818753
0.014273754709083299,0.16429468396818753
0.014273754709083299,0.16471326915027207
0.014315613227291754,0.16471326915027207
0.014315613227291754,0.16575973210548348
0.014357471745500209,0.16575973210548348
0.014357471745500209,0.16596902469652575
0.014399330263708664,0.16596902469652575
0.014399330263708664,0.16659690246965259
0.01444118878191712,0.16659690246965259
0.01444118878191712,0.1672247802427794
0.014483047300125576,0.1672247802427794
0.014483047300125576,0.16764336542486397
0.014483047300125576,0.16785265801590624
0.01452490581833403,0.16785265801590624
0.01452490581833403,0.16827124319799078
0.014566764336542486,0.16827124319799078
0.014566764336542486,0.16868982838007535
0.014566764336542486,0.16889912097111762
0.014608622854750942,0.16889912097111762
0.014608622854750942,0.16931770615320219
0.014650481372959398,0.16931770615320219
0.014650481372959398,0.16973629133528673
0.014692339891167853,0.16973629133528673
0.014692339891167853,0.17036416910841357
0.014692339891167853,0.17057346169945584
0.014692339891167853,0.17141063206362495
0.014734198409376308,0.17141063206362495
0.014734198409376308,0.17203850983675179
0.014734198409376308,0.1726663876098786
0.014734198409376308,0.17308497279196317
0.01481791544579322,0.17308497279196317
0.01481791544579322,0.1735035579740477
0.01498534951862704,0.1735035579740477
0.01498534951862704,0.17392214315613228
0.01498534951862704,0.17413143574717455
0.01506906655504395,0.17413143574717455
0.01506906655504395,0.17434072833821682
0.015110925073252407,0.17434072833821682
0.015110925073252407,0.17475931352030138
0.015278359146086228,0.17475931352030138
0.015278359146086228,0.17496860611134366
0.015320217664294684,0.17496860611134366
0.015320217664294684,0.17538719129342822
0.015320217664294684,0.1755964838844705
0.015403934700711594,0.1755964838844705
0.015403934700711594,0.17580577647551276
0.015613227291753871,0.17580577647551276
0.015613227291753871,0.1764336542486396
0.015696944328170783,0.1764336542486396
0.015696944328170783,0.17685223943072415
0.015780661364587695,0.17685223943072415
0.015780661364587695,0.17706153202176642
0.01582251988279615,0.17706153202176642
0.01582251988279615,0.17748011720385098
0.01582251988279615,0.17789870238593553
0.01590623691921306,0.17789870238593553
0.01590623691921306,0.17873587275010464
0.01607367099204688,0.17873587275010464
0.01607367099204688,0.1791544579321892
0.016157388028463792,0.1791544579321892
0.016157388028463792,0.17936375052323147
0.01636668061950607,0.17936375052323147
0.01636668061950607,0.17957304311427374
0.016408539137714524,0.17957304311427374
0.016408539137714524,0.17978233570531604
0.016492256174131435,0.17978233570531604
0.016492256174131435,0.18020092088740058
0.0166178317287568,0.18020092088740058
0.0166178317287568,0.18041021347844285
0.016743407283382167,0.18041021347844285
0.016743407283382167,0.1810380912515697
0.016743407283382167,0.18145667643365423
0.01682712431979908,0.18145667643365423
0.01682712431979908,0.18229384679782334
0.016952699874424444,0.18229384679782334
0.016952699874424444,0.18250313938886564
0.01707827542904981,0.18250313938886564
0.01707827542904981,0.1827124319799079
0.017120133947258268,0.1827124319799079
0.017120133947258268,0.18292172457095018
0.017120133947258268,0.18354960234407702
0.017329426538300545,0.18354960234407702
0.017329426538300545,0.1845960652992884
0.017329426538300545,0.18480535789033067
0.017329426538300545,0.18522394307241524
0.017371285056509,0.18522394307241524
0.017371285056509,0.1854332356634575
0.017371285056509,0.18627040602762662
0.017831728756802008,0.18627040602762662
0.017831728756802008,0.18668899120971116
0.018041021347844285,0.18668899120971116
0.018041021347844285,0.18710757639179573
0.018082879866052743,0.18710757639179573
0.018082879866052743,0.1881540393470071
0.018124738384261197,0.1881540393470071
0.018124738384261197,0.18878191712013395
0.01816659690246965,0.18878191712013395
0.01816659690246965,0.18899120971117622
0.01816659690246965,0.1894097948932608
0.01820845542067811,0.1894097948932608
0.01820845542067811,0.18961908748430306
0.018334030975303475,0.18961908748430306
0.018334030975303475,0.1900376726663876
0.01837588949351193,0.1900376726663876
0.01837588949351193,0.1902469652574299
0.018501465048137294,0.1902469652574299
0.018501465048137294,0.19066555043951444
0.018585182084554206,0.19066555043951444
0.018585182084554206,0.19129342821264128
0.018585182084554206,0.19150272080368355
0.018668899120971118,0.19150272080368355
0.018668899120971118,0.1919213059857681
0.018710757639179572,0.1919213059857681
0.018710757639179572,0.19254918375889493
0.018794474675596484,0.19254918375889493
0.018794474675596484,0.1927584763499372
0.018961908748430307,0.1927584763499372
0.018961908748430307,0.1929677689409795
0.01900376726663876,0.1929677689409795
0.01900376726663876,0.19317706153202177
0.01900376726663876,0.1938049393051486
0.019129342821264127,0.1938049393051486
0.019129342821264127,0.19422352448723315
0.019254918375889492,0.19422352448723315
0.019254918375889492,0.19443281707827542
0.01929677689409795,0.19443281707827542
0.01929677689409795,0.19485140226036
0.01929677689409795,0.19589786521557137
0.019506069485140227,0.19589786521557137
0.019506069485140227,0.1965257429886982
0.01954792800334868,0.1965257429886982
0.01954792800334868,0.19694432817078275
0.019631645039765593,0.19694432817078275
0.019631645039765593,0.19736291335286732
0.01975722059439096,0.19736291335286732
0.01975722059439096,0.1975722059439096
0.019799079112599413,0.1975722059439096
0.019799079112599413,0.19820008371703643
0.019799079112599413,0.19903725408120554
0.01984093763080787,0.19903725408120554
0.01984093763080787,0.19987442444537462
0.01984093763080787,0.2002930096274592
0.01984093763080787,0.20092088740058603
0.019882796149016325,0.20092088740058603
0.019882796149016325,0.2019673503557974
0.019882796149016325,0.20259522812892425
0.019882796149016325,0.20322310590205106
0.01992465466722478,0.20322310590205106
0.01992465466722478,0.20343239849309336
0.01992465466722478,0.20426956885726244
0.020050230221850148,0.20426956885726244
0.020050230221850148,0.20447886144830474
0.020050230221850148,0.20489744663038928
0.020133947258267056,0.20489744663038928
0.020133947258267056,0.20510673922143155
0.020175805776475514,0.20510673922143155
0.020175805776475514,0.20531603181247385
0.020175805776475514,0.20636249476768523
0.020259522812892422,0.20636249476768523
0.020259522812892422,0.2065717873587275
0.020343239849309334,0.2065717873587275
0.020343239849309334,0.20699037254081207
0.020343239849309334,0.20824612808706572
0.020343239849309334,0.208455420678108
0.02038509836751779,0.208455420678108
0.02038509836751779,0.20866471326915026
0.0204688154039347,0.20866471326915026
0.0204688154039347,0.20887400586019256
0.020594390958560065,0.20887400586019256
0.020594390958560065,0.21033905399748848
0.020636249476768523,0.21033905399748848
0.020636249476768523,0.21075763917957305
0.020636249476768523,0.2111762243616576
0.020636249476768523,0.2113855169526999
0.020636249476768523,0.21180410213478443
0.020636249476768523,0.2120133947258267
0.020803683549602343,0.2120133947258267
0.020803683549602343,0.212222687316869
0.020887400586019254,0.212222687316869
0.020887400586019254,0.2128505650899958
0.020929259104227712,0.2128505650899958
0.020929259104227712,0.21326915027208038
0.020971117622436166,0.21326915027208038
0.020971117622436166,0.21368773545416492
0.021054834658853078,0.21368773545416492
0.021054834658853078,0.2149434910004186
0.021096693177061532,0.2149434910004186
0.021096693177061532,0.2155713687735454
0.021264127249895355,0.2155713687735454
0.021264127249895355,0.21598995395562998
0.021347844286312263,0.21598995395562998
0.021347844286312263,0.21682712431979909
0.02138970280452072,0.21682712431979909
0.02138970280452072,0.21787358727501047
0.021431561322729175,0.21787358727501047
0.021431561322729175,0.218292172457095
0.02155713687735454,0.218292172457095
0.02155713687735454,0.2185014650481373
0.021598995395563,0.2185014650481373
0.021598995395563,0.21912934282126412
0.021724570950188364,0.21912934282126412
0.021724570950188364,0.21933863541230642
0.021766429468396818,0.21933863541230642
0.021766429468396818,0.22059439095856007
0.02201758057764755,0.22059439095856007
0.02201758057764755,0.22080368354960234
0.02210129761406446,0.22080368354960234
0.02210129761406446,0.22143156132272918
0.02214315613227292,0.22143156132272918
0.02214315613227292,0.22185014650481372
0.022226873168689827,0.22185014650481372
0.022226873168689827,0.22247802427794056
0.022226873168689827,0.22268731686898283
0.022226873168689827,0.2231059020510674
0.022226873168689827,0.22331519464210967
0.022226873168689827,0.22498953537044789
0.022226873168689827,0.22519882796149016
0.022226873168689827,0.22561741314357472
0.022226873168689827,0.225826705734617
0.022268731686898285,0.225826705734617
0.022268731686898285,0.22645458350774383
0.022268731686898285,0.22687316868982838
0.022268731686898285,0.22750104646295521
0.02231059020510674,0.22750104646295521
0.02231059020510674,0.22771033905399748
0.022352448723315193,0.22771033905399748
0.022352448723315193,0.22833821682712432
0.022352448723315193,0.2285475094181666
0.02239430724152365,0.2285475094181666
0.02239430724152365,0.22896609460025116
0.02239430724152365,0.2293846797823357
0.022478024277940562,0.2293846797823357
0.022478024277940562,0.23001255755546254
0.022478024277940562,0.23022185014650481
0.022519882796149016,0.23022185014650481
0.022519882796149016,0.23064043532858935
0.02256174131435747,0.23064043532858935
0.02256174131435747,0.2312683131017162
0.022603599832565928,0.2312683131017162
0.022603599832565928,0.23231477605692757
0.02268731686898284,0.23231477605692757
0.02268731686898284,0.2329426538300544
0.022771033905399748,0.2329426538300544
0.022771033905399748,0.23357053160318125
0.022771033905399748,0.2341984093763081
0.022771033905399748,0.2348262871494349
0.02285475094181666,0.2348262871494349
0.02285475094181666,0.23503557974047717
0.02285475094181666,0.23545416492256174
0.02285475094181666,0.23587275010464628
0.02293846797823357,0.23587275010464628
0.02293846797823357,0.23608204269568858
0.02293846797823357,0.2367099204688154
0.02293846797823357,0.2369192130598577
0.022980326496442025,0.2369192130598577
0.022980326496442025,0.23733779824194223
0.022980326496442025,0.2375470908329845
0.023022185014650483,0.2375470908329845
0.023022185014650483,0.23880284637923818
0.023022185014650483,0.2396400167434073
0.023022185014650483,0.2404771871075764
0.023064043532858937,0.2404771871075764
0.023064043532858937,0.24068647969861867
0.02310590205106739,0.24068647969861867
0.02310590205106739,0.2411050648807032
0.023231477605692757,0.2411050648807032
0.023231477605692757,0.24152365006278778
0.023273336123901214,0.24152365006278778
0.023273336123901214,0.2423608204269569
0.02331519464210967,0.2423608204269569
0.02331519464210967,0.24257011301799916
0.02331519464210967,0.24298869820008373
0.02339891167852658,0.24298869820008373
0.02339891167852658,0.2438258685642528
0.02339891167852658,0.24424445374633738
0.023440770196735034,0.24424445374633738
0.023440770196735034,0.24466303892842192
0.023440770196735034,0.2459187944746756
0.023524487233151946,0.2459187944746756
0.023524487233151946,0.24612808706571787
0.023608204269568858,0.24612808706571787
0.023608204269568858,0.24654667224780244
0.023608204269568858,0.2467559648388447
0.02365006278777731,0.2467559648388447
0.02365006278777731,0.24696525742988698
0.02369192130598577,0.24696525742988698
0.02369192130598577,0.24738384261197155
0.023733779824194223,0.24738384261197155
0.023733779824194223,0.24759313520301382
0.02385935537881959,0.24759313520301382
0.02385935537881959,0.24822101297614063
0.023901213897028047,0.24822101297614063
0.023901213897028047,0.2486395981582252
0.0239430724152365,0.2486395981582252
0.0239430724152365,0.24884889074926747
0.023984930933444955,0.24884889074926747
0.023984930933444955,0.24926747593135204
0.024068647969861866,0.24926747593135204
0.024068647969861866,0.2494767685223943
0.024152365006278778,0.2494767685223943
0.024152365006278778,0.24989535370447885
0.024194223524487232,0.24989535370447885
0.024194223524487232,0.25010464629552115
0.024194223524487232,0.2505232314776057
0.024277940560904144,0.2505232314776057
0.024277940560904144,0.2513604018417748
0.024277940560904144,0.25177898702385937
0.024277940560904144,0.2524068647969862
0.024277940560904144,0.25261615738802845
0.024319799079112598,0.25261615738802845
0.024319799079112598,0.25366262034323983
0.0246965257429887,0.25366262034323983
0.0246965257429887,0.2540812055253244
0.024905818334030976,0.2540812055253244
0.024905818334030976,0.25449979070740897
0.025031393888656342,0.25449979070740897
0.025031393888656342,0.2549183758894935
0.025073252406864796,0.2549183758894935
0.025073252406864796,0.25533696107157805
0.025073252406864796,0.25575554625366265
0.025073252406864796,0.2559648388447049
0.025198827961490162,0.2559648388447049
0.025198827961490162,0.25659271661783173
0.02524068647969862,0.25659271661783173
0.02524068647969862,0.25722059439095857
0.025449979070740897,0.25722059439095857
0.025449979070740897,0.2574298869820008
0.025449979070740897,0.25805776475512765
0.02549183758894935,0.25805776475512765
0.02549183758894935,0.2588949351192968
0.02549183758894935,0.25931352030138133
0.025575554625366263,0.25931352030138133
0.025575554625366263,0.25973210548346587
0.025659271661783174,0.25973210548346587
0.025659271661783174,0.25994139807450817
0.025659271661783174,0.2603599832565927
0.02570113017999163,0.2603599832565927
0.02570113017999163,0.260569275847635
0.02570113017999163,0.26098786102971955
0.025742988698200082,0.26098786102971955
0.025742988698200082,0.2616157388028464
0.02586856425282545,0.2616157388028464
0.02586856425282545,0.26182503139388863
0.025910422771033906,0.26182503139388863
0.025910422771033906,0.26245290916701547
0.02595228128924236,0.26245290916701547
0.02595228128924236,0.2632900795311846
0.025994139807450817,0.2632900795311846
0.025994139807450817,0.26349937212222685
0.02603599832565927,0.26349937212222685
0.02603599832565927,0.26370866471326915
0.026077856843867726,0.26370866471326915
0.026077856843867726,0.26391795730431145
0.026077856843867726,0.2647551276684805
0.026077856843867726,0.26517371285056507
0.026203432398493095,0.26517371285056507
0.026203432398493095,0.26538300544160737
0.02624529091670155,0.26538300544160737
0.02624529091670155,0.26559229803264967
0.02624529091670155,0.26622017580577645
0.02624529091670155,0.26663876098786105
0.026287149434910003,0.26663876098786105
0.026287149434910003,0.2668480535789033
0.026287149434910003,0.2672666387609879
0.026287149434910003,0.2674759313520301
0.026580159062369192,0.2674759313520301
0.026580159062369192,0.2676852239430724
0.026622017580577646,0.2676852239430724
0.026622017580577646,0.26789451653411467
0.026622017580577646,0.26831310171619926
0.026663876098786104,0.26831310171619926
0.026663876098786104,0.2687316868982838
0.026705734616994558,0.2687316868982838
0.026705734616994558,0.2689409794893261
0.026747593135203016,0.2689409794893261
0.026747593135203016,0.26935956467141065
0.026747593135203016,0.2697781498534952
0.026831310171619924,0.2697781498534952
0.026831310171619924,0.2699874424445375
0.026915027208036835,0.2699874424445375
0.026915027208036835,0.2701967350355797
0.02695688572624529,0.2701967350355797
0.02695688572624529,0.27061532021766427
0.026998744244453747,0.27061532021766427
0.026998744244453747,0.27103390539974886
0.0270406027626622,0.27103390539974886
0.0270406027626622,0.2714524905818334
0.027166178317287567,0.2714524905818334
0.027166178317287567,0.2716617831728757
0.02724989535370448,0.2716617831728757
0.027291753871912933,0.2716617831728757
0.027291753871912933,0.27187107576391795
0.027291753871912933,0.2729175387191293
0.027291753871912933,0.2731268313101716
0.02733361239012139,0.2731268313101716
0.02733361239012139,0.27354541649225617
0.027375470908329844,0.27354541649225617
0.027375470908329844,0.2739640016743407
0.027417329426538302,0.2739640016743407
0.027417329426538302,0.274173294265383
0.027584763499372122,0.274173294265383
0.027584763499372122,0.2743825868564253
0.027752197572205945,0.2743825868564253
0.027835914608622853,0.2743825868564253
0.027835914608622853,0.27459187944746755
0.027919631645039765,0.27459187944746755
0.027919631645039765,0.2750104646295521
0.028003348681456677,0.2750104646295521
0.028003348681456677,0.2756383424026789
0.02804520719966513,0.2756383424026789
0.02804520719966513,0.2760569275847635
0.02808706571787359,0.2760569275847635
0.02808706571787359,0.27626622017580577
0.028254499790707408,0.27626622017580577
0.028254499790707408,0.2766848053578903
0.028296358308915866,0.2766848053578903
0.028296358308915866,0.2768940979489326
0.028463792381749686,0.2768940979489326
0.028463792381749686,0.2771033905399749
0.028756802009208875,0.2771033905399749
0.028756802009208875,0.27731268313101715
0.02879866052741733,0.27731268313101715
0.02879866052741733,0.27752197572205944
0.02879866052741733,0.2781498534951863
0.02879866052741733,0.2783591460862285
0.02888237756383424,0.2783591460862285
0.02888237756383424,0.27898702385935537
0.028924236082042695,0.27898702385935537
0.028924236082042695,0.2794056090414399
0.028966094600251152,0.2794056090414399
0.028966094600251152,0.2796149016324822
0.029007953118459606,0.2796149016324822
0.029007953118459606,0.2798241942235245
0.029007953118459606,0.28045207199665134
0.029384679782335707,0.28045207199665134
0.029384679782335707,0.2812892423608204
0.02942653830054416,0.2812892423608204
0.02942653830054416,0.28191712013394726
0.029552113855169527,0.28191712013394726
0.029552113855169527,0.28296358308915864
0.029552113855169527,0.28317287568020094
0.02963583089158644,0.28317287568020094
0.02971954792800335,0.28317287568020094
0.029761406446211804,0.28317287568020094
0.029761406446211804,0.2835914608622855
0.02980326496442026,0.2835914608622855
0.02980326496442026,0.28401004604437
0.02980326496442026,0.28463792381749686
0.030054416073670993,0.28463792381749686
0.030054416073670993,0.28484721640853916
0.030096274591879447,0.28484721640853916
0.030096274591879447,0.2850565089995814
0.03017999162829636,0.2850565089995814
0.03017999162829636,0.28547509418166594
0.03017999162829636,0.28568438677270824
0.03026370866471327,0.28568438677270824
0.03026370866471327,0.2863122645458351
0.030305567182921725,0.2863122645458351
0.030305567182921725,0.2865215571368774
0.03034742570113018,0.2865215571368774
0.03034742570113018,0.2867308497279196
0.03072415236500628,0.2867308497279196
0.03072415236500628,0.2869401423189619
0.030766010883214734,0.2869401423189619
0.030849727919631646,0.2869401423189619
0.0308915864378401,0.2869401423189619
0.0308915864378401,0.28714943491000416
0.03097530347425701,0.28714943491000416
0.03097530347425701,0.28756802009208876
0.031017161992465465,0.28756802009208876
0.031017161992465465,0.2879866052741733
0.03131017161992466,0.2879866052741733
0.03131017161992466,0.28819589786521554
0.03135203013813311,0.28819589786521554
0.03135203013813311,0.28861448304730014
0.03143574717455002,0.28861448304730014
0.03143574717455002,0.2888237756383424
0.03151946421096693,0.2888237756383424
0.03151946421096693,0.289242360820427
0.03151946421096693,0.2894516534114692
0.03177061532021767,0.2894516534114692
0.03177061532021767,0.28987023859355376
0.031854332356634575,0.28987023859355376
0.031854332356634575,0.29028882377563836
0.031854332356634575,0.29133528673084974
0.03193804939305148,0.29133528673084974
0.03193804939305148,0.2919631645039766
0.03193804939305148,0.2923817496860611
0.03227291753871913,0.2923817496860611
0.03227291753871913,0.29280033486814566
0.03227291753871913,0.2932189200502302
0.03239849309334449,0.2932189200502302
0.03239849309334449,0.2936375052323148
0.03248221012976141,0.2936375052323148
0.03248221012976141,0.29405609041439934
0.032565927166178316,0.29405609041439934
0.032565927166178316,0.2942653830054416
0.03260778568438677,0.2942653830054416
0.03260778568438677,0.2944746755964839
0.03260778568438677,0.2948932607785684
0.03260778568438677,0.2951025533696107
0.03260778568438677,0.29573043114273756
0.03264964420259523,0.29573043114273756
0.03264964420259523,0.2959397237337798
0.03264964420259523,0.2963583089158644
0.032691502720803685,0.2963583089158644
0.032691502720803685,0.29677689409794894
0.03277521975722059,0.29677689409794894
0.03277521975722059,0.297614064462118
0.03285893679363751,0.297614064462118
0.03285893679363751,0.2980326496442026
0.03290079531184596,0.2980326496442026
0.03290079531184596,0.29845123482628716
0.03298451234826287,0.29845123482628716
0.03298451234826287,0.2988698200083717
0.03298451234826287,0.2999162829635831
0.03311008790288824,0.2999162829635831
0.03311008790288824,0.3001255755546254
0.033151946421096694,0.3001255755546254
0.033151946421096694,0.3005441607367099
0.03319380493930515,0.3005441607367099
0.03319380493930515,0.30117203850983676
0.0332356634575136,0.30117203850983676
0.0332356634575136,0.3015906236919213
0.033277521975722056,0.3015906236919213
0.033277521975722056,0.30200920887400584
0.033403097530347425,0.30200920887400584
0.033403097530347425,0.30221850146504814
0.03344495604855588,0.30221850146504814
0.033528673084972795,0.30221850146504814
0.0336123901213897,0.30221850146504814
0.0336123901213897,0.30242779405609044
0.033863541230640434,0.30242779405609044
0.033863541230640434,0.3030556718292172
0.03390539974884889,0.3030556718292172
0.03390539974884889,0.3032649644202595
0.03390539974884889,0.30410213478442866
0.033989116785265804,0.30410213478442866
0.033989116785265804,0.30493930514859774
0.034114692339891166,0.30493930514859774
0.034114692339891166,0.30514859773964004
0.03415655085809962,0.30514859773964004
0.03415655085809962,0.3055671829217246
0.03419840937630808,0.3055671829217246
0.03419840937630808,0.3059857681038091
0.03419840937630808,0.30640435328589366
0.034240267894516535,0.30640435328589366
0.034240267894516535,0.30682293846797826
0.03428212641272499,0.30682293846797826
0.03428212641272499,0.3072415236500628
0.03440770196735036,0.3072415236500628
0.03440770196735036,0.30766010883214734
0.03449141900376727,0.30766010883214734
0.034575136040184175,0.30766010883214734
0.03465885307660109,0.30766010883214734
0.03465885307660109,0.30786940142318964
0.03465885307660109,0.3084972791963165
0.03482628714943491,0.3084972791963165
0.03482628714943491,0.308915864378401
0.03486814566764337,0.308915864378401
0.03486814566764337,0.30954374215152786
0.03491000418585182,0.30954374215152786
0.03491000418585182,0.3097530347425701
0.035077438258685645,0.3097530347425701
0.035077438258685645,0.31017161992465464
0.035077438258685645,0.31059020510673924
0.035077438258685645,0.3107994976977815
0.0351192967768941,0.3107994976977815
0.0351192967768941,0.3110087902888238
0.03516115529510255,0.3110087902888238
0.03516115529510255,0.3116366680619506
0.03516115529510255,0.31205525324403516
0.03516115529510255,0.3124738384261197
0.03516115529510255,0.3135203013813311
0.03516115529510255,0.3137295939723734
0.03516115529510255,0.3141481791544579
0.03516115529510255,0.3143574717455002
0.03516115529510255,0.31477605692758476
0.03528673084972792,0.31477605692758476
0.03528673084972792,0.31498534951862706
0.03528673084972792,0.3154039347007116
0.03528673084972792,0.3156132272917539
0.03528673084972792,0.31603181247383844
0.03537044788614483,0.31603181247383844
0.03537044788614483,0.316450397655923
0.035412306404353285,0.316450397655923
0.035412306404353285,0.31749686061113436
0.035412306404353285,0.3181247383842612
0.03545416492256174,0.3181247383842612
0.03545416492256174,0.31854332356634574
0.0354960234407702,0.31854332356634574
0.0354960234407702,0.3189619087484303
0.035537881958978654,0.3189619087484303
0.035537881958978654,0.3195897865215571
0.03557974047718711,0.3195897865215571
0.03557974047718711,0.3200083717036417
0.03557974047718711,0.32021766429468396
0.03557974047718711,0.3208455420678108
0.03562159899539556,0.3208455420678108
0.03562159899539556,0.32126412724989534
0.03562159899539556,0.32147341984093764
0.03570531603181248,0.32147341984093764
0.03570531603181248,0.3221012976140645
0.03570531603181248,0.3233570531603181
0.03570531603181248,0.32398493093344494
0.03599832565927166,0.32398493093344494
0.03599832565927166,0.32419422352448724
0.03608204269568857,0.32419422352448724
0.03608204269568857,0.32440351611552953
0.036165759732105486,0.32440351611552953
0.036165759732105486,0.3248221012976141
0.036165759732105486,0.3250313938886563
0.036249476768522394,0.3250313938886563
0.036249476768522394,0.3252406864796986
0.03629133528673085,0.3252406864796986
0.03629133528673085,0.32565927166178316
0.03629133528673085,0.32628714943491
0.0363331938049393,0.32628714943491
0.0363331938049393,0.3264964420259523
0.03654248639598158,0.3264964420259523
0.03654248639598158,0.32670573461699454
0.03658434491419004,0.32670573461699454
0.03658434491419004,0.3275429049811637
0.03666806195060695,0.3275429049811637
0.03666806195060695,0.3277521975722059
0.0367099204688154,0.3277521975722059
0.0367099204688154,0.32838007534533276
0.0367099204688154,0.32879866052741735
0.03675177898702386,0.32879866052741735
0.03675177898702386,0.32942653830054414
0.03675177898702386,0.32984512348262873
0.03683549602344077,0.32984512348262873
0.03683549602344077,0.33047300125575557
0.03691921305985768,0.33047300125575557
0.03691921305985768,0.33110087902888236
0.03691921305985768,0.33151946421096695
0.03700293009627459,0.33151946421096695
0.03700293009627459,0.3317287568020092
0.03704478861448305,0.3317287568020092
0.03704478861448305,0.3319380493930515
0.03704478861448305,0.33235663457513603
0.03717036416910841,0.33235663457513603
0.03717036416910841,0.33256592716617833
0.037212222687316866,0.33256592716617833
0.037212222687316866,0.3334030975303474
0.03729593972373378,0.3334030975303474
0.03729593972373378,0.33382168271243196
0.037337798241942236,0.33382168271243196
0.037337798241942236,0.3344495604855588
0.037337798241942236,0.3348681456676434
0.037421515278359144,0.3348681456676434
0.037421515278359144,0.3354960234407702
0.037421515278359144,0.3357053160318125
0.037421515278359144,0.336123901213897
0.037463373796567605,0.336123901213897
0.037463373796567605,0.33654248639598155
0.037463373796567605,0.33696107157806615
0.037463373796567605,0.3373796567601507
0.03750523231477606,0.3373796567601507
0.03750523231477606,0.3388447048974466
0.03750523231477606,0.33947258267057345
0.03754709083298451,0.33947258267057345
0.03754709083298451,0.33968187526161575
0.03754709083298451,0.3403097530347426
0.037672666387609875,0.3403097530347426
0.037672666387609875,0.34051904562578483
0.037714524905818336,0.34051904562578483
0.037714524905818336,0.3409376308078694
0.037798241942235244,0.3409376308078694
0.037798241942235244,0.3417748011720385
0.037798241942235244,0.3419840937630808
0.037798241942235244,0.34240267894516535
0.0378401004604437,0.34240267894516535
0.0378401004604437,0.3428212641272499
0.0378401004604437,0.3430305567182922
0.03788195897865215,0.3430305567182922
0.03788195897865215,0.34344914190037673
0.03800753453327752,0.34344914190037673
0.03800753453327752,0.3442863122645458
0.03813311008790289,0.3442863122645458
0.03813311008790289,0.3444956048555881
0.0382168271243198,0.3444956048555881
0.0382168271243198,0.3447048974466304
0.03830054416073671,0.3447048974466304
0.03830054416073671,0.34491419003767265
0.03830054416073671,0.3455420678107995
0.03830054416073671,0.3457513604018418
0.03834240267894517,0.3457513604018418
0.03834240267894517,0.34637923817496863
0.03842611971536208,0.34637923817496863
0.03842611971536208,0.34658853076601087
0.03842611971536208,0.34742570113018
0.038509836751778985,0.34742570113018
0.038509836751778985,0.34763499372122225
0.03871912934282126,0.34763499372122225
0.03871912934282126,0.34805357890330685
0.03871912934282126,0.3482628714943491
0.03871912934282126,0.34889074926747593
0.03880284637923818,0.34889074926747593
0.03880284637923818,0.34930933444956047
0.03880284637923818,0.349727919631645
0.03884470489744663,0.349727919631645
0.03884470489744663,0.3499372122226873
0.038886563415655086,0.3499372122226873
0.038886563415655086,0.35035579740477185
0.03913771452490582,0.35035579740477185
0.03913771452490582,0.35056508999581415
0.03922143156132273,0.35056508999581415
0.03922143156132273,0.35077438258685645
0.03922143156132273,0.35161155295102553
0.039263290079531186,0.35161155295102553
0.039263290079531186,0.35203013813311007
0.039263290079531186,0.35307660108832145
0.03930514859773964,0.35307660108832145
0.03930514859773964,0.35328589367936375
0.03938886563415655,0.35328589367936375
0.03938886563415655,0.35349518627040605
0.03938886563415655,0.35433235663457513
0.039430724152365,0.35433235663457513
0.039430724152365,0.35475094181665967
0.03951444118878192,0.35475094181665967
0.039598158225198826,0.35475094181665967
0.039598158225198826,0.3553788195897865
0.03968187526161574,0.3553788195897865
0.03968187526161574,0.3555881121808288
0.039723733779824195,0.3555881121808288
0.039723733779824195,0.35600669736291335
0.039723733779824195,0.35621598995395565
0.039723733779824195,0.3568438677270825
0.03976559229803265,0.3568438677270825
0.03976559229803265,0.35705316031812473
0.039807450816241104,0.35705316031812473
0.039807450816241104,0.357262452909167
0.03989116785265802,0.357262452909167
0.03989116785265802,0.35789033068229387
0.03997488488907493,0.35789033068229387
0.03997488488907493,0.3580996232733361
0.04001674340728338,0.3580996232733361
0.04001674340728338,0.35851820845542065
0.04001674340728338,0.35872750104646295
0.040058601925491835,0.35872750104646295
0.040058601925491835,0.3591460862285475
0.04014231896190875,0.3591460862285475
0.04014231896190875,0.3593553788195898
0.040560904143993305,0.3593553788195898
0.040560904143993305,0.3595646714106321
0.04077019673503558,0.3595646714106321
0.04077019673503558,0.35977396400167433
0.04077019673503558,0.36040184177480117
0.04077019673503558,0.3608204269568857
0.04077019673503558,0.361029719547928
0.04077019673503558,0.36144830473001255
0.04085391377145249,0.36144830473001255
0.04085391377145249,0.36165759732105485
0.040895772289660945,0.36165759732105485
0.040895772289660945,0.3622854750941817
0.041021347844286314,0.3622854750941817
0.041021347844286314,0.3627040602762662
0.041021347844286314,0.36291335286730847
0.041021347844286314,0.36333193804939307
0.04118878191712013,0.36333193804939307
0.04118878191712013,0.3635412306404353
0.041356215989953954,0.3635412306404353
0.041356215989953954,0.3639598158225199
0.04148179154457932,0.3639598158225199
0.04148179154457932,0.36437840100460445
0.04156550858099623,0.36437840100460445
0.04156550858099623,0.364796986186689
0.0416910841356216,0.364796986186689
0.0416910841356216,0.36521557136877353
0.04190037672666388,0.36521557136877353
0.04190037672666388,0.3654248639598158
0.04190037672666388,0.36605274173294267
0.041984093763080786,0.36605274173294267
0.042067810799497694,0.36605274173294267
0.042067810799497694,0.3662620343239849
0.04215152783591461,0.3662620343239849
0.04215152783591461,0.3664713269150272
0.04215152783591461,0.36688991209711175
0.04215152783591461,0.36709920468815405
0.04215152783591461,0.3681456676433654
0.04215152783591461,0.3683549602344077
0.04227710339053997,0.3683549602344077
0.04227710339053997,0.36856425282544997
0.042570113017999164,0.36856425282544997
0.042570113017999164,0.36877354541649227
0.04265383005441607,0.36877354541649227
0.04265383005441607,0.3694014231896191
0.04265383005441607,0.36982000837170365
0.04269568857262453,0.36982000837170365
0.04269568857262453,0.3704478861448305
0.042904981163666804,0.3704478861448305
0.042904981163666804,0.37128505650899957
0.042904981163666804,0.37149434910004187
0.04303055671829217,0.37149434910004187
0.04303055671829217,0.3717036416910841
0.04303055671829217,0.37233151946421095
0.04307241523650063,0.37233151946421095
0.04307241523650063,0.37254081205525325
0.04311427375470908,0.37254081205525325
0.04311427375470908,0.37275010464629554
0.04332356634575136,0.37275010464629554
0.04332356634575136,0.3729593972373378
0.04336542486395981,0.3729593972373378
0.04336542486395981,0.3733779824194223
0.043407283382168274,0.3733779824194223
0.043407283382168274,0.37400586019254917
0.04344914190037673,0.37400586019254917
0.04344914190037673,0.37442444537463376
0.04361657597321055,0.37442444537463376
0.04361657597321055,0.37526161573880285
0.04378401004604437,0.37526161573880285
0.04378401004604437,0.37547090832984514
0.04382586856425282,0.37547090832984514
0.04382586856425282,0.3758894935119297
0.04386772708246128,0.3758894935119297
0.04386772708246128,0.376098786102972
0.04386772708246128,0.3765173712850565
0.04386772708246128,0.37672666387609877
0.04390958560066974,0.37672666387609877
0.04390958560066974,0.37693595646714106
0.04390958560066974,0.37777312683131015
0.043993302637086645,0.37777312683131015
0.043993302637086645,0.37798241942235244
0.0440351611552951,0.37798241942235244
0.0440351611552951,0.378401004604437
0.04407701967350356,0.378401004604437
0.04407701967350356,0.3786102971954793
0.04416073670992047,0.3786102971954793
0.04416073670992047,0.3792381749686061
0.04416073670992047,0.3800753453327752
0.04420259522812892,0.3800753453327752
0.04420259522812892,0.38070322310590204
0.04420259522812892,0.3817496860611134
0.044453746337379654,0.3817496860611134
0.044453746337379654,0.3819589786521557
0.044495604855588115,0.3819589786521557
0.044495604855588115,0.3827961490163248
0.04466303892842193,0.3827961490163248
0.04466303892842193,0.3832147341984094
0.04466303892842193,0.3840519045625785
0.04474675596483885,0.3840519045625785
0.04474675596483885,0.384470489744663
0.04474675596483885,0.3848890749267476
0.044830473001255755,0.3848890749267476
0.044830473001255755,0.38509836751778986
0.04487233151946421,0.38509836751778986
0.04487233151946421,0.3855169526998744
0.04487233151946421,0.3857262452909167
0.04491419003767266,0.3857262452909167
0.04491419003767266,0.38635412306404354
0.04491419003767266,0.3874005860192549
0.045290916701548764,0.3874005860192549
0.045290916701548764,0.38781917120133946
0.04537463373796568,0.38781917120133946
0.04537463373796568,0.38907492674759314
0.04541649225617413,0.38907492674759314
0.04541649225617413,0.3894935119296777
0.045542067810799496,0.3894935119296777
0.045542067810799496,0.38970280452072
0.04558392632900795,0.38970280452072
0.04558392632900795,0.3903306822938468
0.04587693595646714,0.3903306822938468
0.04587693595646714,0.39074926747593136
0.04608622854750942,0.39074926747593136
0.04608622854750942,0.3909585600669736
0.04616994558392633,0.3909585600669736
0.04616994558392633,0.3913771452490582
0.04616994558392633,0.39179573043114274
0.04616994558392633,0.39200502302218504
0.04621180410213478,0.39200502302218504
0.04621180410213478,0.3922143156132273
0.04625366262034324,0.3922143156132273
0.04625366262034324,0.3924236082042696
0.04625366262034324,0.3930514859773964
0.0462955211385517,0.3930514859773964
0.0462955211385517,0.3938886563415655
0.0462955211385517,0.39430724152365004
0.0462955211385517,0.3949351192967769
0.04633737965676015,0.3949351192967769
0.04633737965676015,0.3955629970699037
0.04633737965676015,0.39598158225198826
0.046379238174968605,0.39598158225198826
0.046379238174968605,0.39640016743407286
0.046504813729593975,0.39640016743407286
0.046504813729593975,0.39702804520719964
0.046839681875261614,0.39702804520719964
0.046839681875261614,0.3976559229803265
0.046839681875261614,0.3982838007534533
0.04688154039347007,0.3982838007534533
0.04688154039347007,0.39912097111762246
0.04688154039347007,0.39974884889074924
0.046965257429886983,0.39974884889074924
0.046965257429886983,0.4003767266638761
0.04700711594809544,0.4003767266638761
0.04700711594809544,0.4010046044370029
0.04704897446630389,0.4010046044370029
0.04704897446630389,0.4012138970280452
0.04713269150272081,0.4012138970280452
0.04713269150272081,0.40142318961908746
0.04725826705734617,0.40142318961908746
0.04725826705734617,0.40163248221012976
0.047341984093763084,0.40163248221012976
0.047341984093763084,0.40184177480117206
0.04746755964838845,0.40184177480117206
0.04746755964838845,0.4022603599832566
0.0475094181665969,0.4022603599832566
0.0475094181665969,0.40267894516534114
0.0475094181665969,0.40414399330263706
0.047676852239430724,0.40414399330263706
0.047676852239430724,0.40456257848472166
0.04771871075763918,0.40456257848472166
0.04771871075763918,0.4051904562578485
0.04771871075763918,0.40539974884889074
0.04780242779405609,0.40539974884889074
0.04780242779405609,0.4060276266220176
0.04780242779405609,0.4062369192130599
0.04780242779405609,0.4066555043951444
0.047928003348681456,0.4066555043951444
0.047928003348681456,0.40707408957722896
0.048053578903306825,0.40707408957722896
0.048053578903306825,0.4079112599413981
0.04809543742151528,0.4079112599413981
0.04809543742151528,0.409376308078694
0.04809543742151528,0.4095856006697363
0.04809543742151528,0.41000418585182086
0.04834658853076601,0.41000418585182086
0.04834658853076601,0.4104227710339054
0.04843030556718292,0.4104227710339054
0.04843030556718292,0.4106320636249477
0.048639598158225196,0.4106320636249477
0.048639598158225196,0.41084135621598994
0.04868145667643366,0.41084135621598994
0.04868145667643366,0.41125994139807454
0.04872331519464211,0.41125994139807454
0.04872331519464211,0.4114692339891168
0.04872331519464211,0.4120971117622436
0.048765173712850565,0.4120971117622436
0.048765173712850565,0.4123064043532859
0.04880703223105902,0.4123064043532859
0.04880703223105902,0.41251569694432816
0.048890749267475934,0.41251569694432816
0.048890749267475934,0.41272498953537046
0.04893260778568439,0.41272498953537046
0.04893260778568439,0.4133528673084973
0.049225617413143574,0.4133528673084973
0.049225617413143574,0.41356215989953954
0.049225617413143574,0.4141900376726664
0.04930933444956048,0.4141900376726664
0.04930933444956048,0.4148179154457932
0.04930933444956048,0.4150272080368355
0.04935119296776894,0.4150272080368355
0.04935119296776894,0.41523650062787776
0.04951862704060276,0.41523650062787776
0.04951862704060276,0.41565508580996235
0.04951862704060276,0.4158643784010046
0.04951862704060276,0.41649225617413144
0.04964420259522813,0.41649225617413144
0.04964420259522813,0.41670154876517373
0.04981163666806195,0.41670154876517373
0.04981163666806195,0.4171201339472583
0.05027208036835496,0.4171201339472583
0.05027208036835496,0.4175387191293428
0.050313938886563415,0.4175387191293428
0.050313938886563415,0.4177480117203851
0.05048137295939724,0.4177480117203851
0.05048137295939724,0.41816659690246966
0.050690665550439516,0.41816659690246966
0.050690665550439516,0.4187944746755965
0.05094181665969025,0.4187944746755965
0.05094181665969025,0.41921305985768104
0.0509836751778987,0.41921305985768104
0.0509836751778987,0.41942235244872333
0.0509836751778987,0.4198409376308079
0.05110925073252407,0.4198409376308079
0.05110925073252407,0.4204688154039347
0.05110925073252407,0.42067810799497696
0.051151109250732525,0.42067810799497696
0.051151109250732525,0.42088740058601926
0.05119296776894098,0.42088740058601926
0.05119296776894098,0.42109669317706155
0.05123482628714943,0.42109669317706155
0.05123482628714943,0.4213059857681038
0.05123482628714943,0.42193386354123064
0.05123482628714943,0.4223524487233152
0.051485977396400165,0.4223524487233152
0.051485977396400165,0.422980326496442
0.051527835914608626,0.422980326496442
0.051527835914608626,0.42381749686061115
0.05182084554206781,0.42381749686061115
0.05182084554206781,0.4242360820426957
0.05182084554206781,0.424445374633738
0.05190456257848472,0.424445374633738
0.05190456257848472,0.42486395981582253
0.052113855169527,0.42486395981582253
0.052113855169527,0.4250732524068648
0.052113855169527,0.4254918375889494
0.05215571368773545,0.4254918375889494
0.05215571368773545,0.4259104227710339
0.05215571368773545,0.42611971536207616
0.052239430724152366,0.42611971536207616
0.052239430724152366,0.4269568857262453
0.052323147760569275,0.4269568857262453
0.052323147760569275,0.4271661783172876
0.0524905818334031,0.4271661783172876
0.0524905818334031,0.4277940560904144
0.05253244035161155,0.4277940560904144
0.05253244035161155,0.4280033486814567
0.052574298869820006,0.4280033486814567
0.052574298869820006,0.4284219338635412
0.052574298869820006,0.42904981163666805
0.05261615738802847,0.42904981163666805
0.05261615738802847,0.4294683968187526
0.05274173294265383,0.4294683968187526
0.05274173294265383,0.43009627459187943
0.05274173294265383,0.430514859773964
0.0528673084972792,0.430514859773964
0.0528673084972792,0.4315613227291754
0.05295102553369611,0.4315613227291754
0.05295102553369611,0.43197990791125995
0.05311845960652993,0.43197990791125995
0.05311845960652993,0.4321892005023022
0.05332775219757221,0.4321892005023022
0.05332775219757221,0.43281707827542903
0.05332775219757221,0.43365424863959817
0.05336961071578066,0.43365424863959817
0.05336961071578066,0.4338635412306404
0.053411469233989116,0.4338635412306404
0.053411469233989116,0.43470071159480955
0.053411469233989116,0.43553788195897863
0.05362076182503139,0.43553788195897863
0.05362076182503139,0.43637505232314777
0.05378819589786522,0.43637505232314777
0.05378819589786522,0.43658434491419
0.05391377145249058,0.43658434491419
0.05391377145249058,0.4367936375052323
0.05391377145249058,0.43721222268731685
0.05391377145249058,0.43763080786940145
0.054123064043532856,0.43763080786940145
0.054123064043532856,0.4378401004604437
0.05416492256174132,0.4378401004604437
0.05416492256174132,0.438049393051486
0.05416492256174132,0.43867727082461283
0.05416492256174132,0.4388865634156551
0.05420678107994977,0.4388865634156551
0.05420678107994977,0.43909585600669737
0.054332356634575134,0.43909585600669737
0.054332356634575134,0.4393051485977396
0.054374215152783595,0.4393051485977396
0.054374215152783595,0.4397237337798242
0.054709083298451235,0.4397237337798242
0.054709083298451235,0.43993302637086645
0.054960234407701966,0.43993302637086645
0.054960234407701966,0.44035161155295105
0.05504395144411888,0.44035161155295105
0.05504395144411888,0.44097948932607783
0.05504395144411888,0.44181665969024697
0.05504395144411888,0.44202595228128927
0.05525324403516116,0.44202595228128927
0.05525324403516116,0.44265383005441605
0.05533696107157807,0.44265383005441605
0.05533696107157807,0.44307241523650065
0.055420678107994975,0.44307241523650065
0.055420678107994975,0.4432817078275429
0.05550439514441189,0.4432817078275429
0.05550439514441189,0.4443281707827543
0.055546253662620344,0.4443281707827543
0.055546253662620344,0.44453746337379657
0.05562997069903725,0.44453746337379657
0.05562997069903725,0.44558392632900795
0.05562997069903725,0.44579321892005025
0.05562997069903725,0.44663038928421933
0.05575554625366262,0.44663038928421933
0.05575554625366262,0.4470489744663039
0.055797404771871076,0.4470489744663039
0.055797404771871076,0.44725826705734617
0.0559648388447049,0.44725826705734617
0.0559648388447049,0.4476768522394307
0.0559648388447049,0.44830473001255755
0.05604855588112181,0.44830473001255755
0.05604855588112181,0.4487233151946421
0.05621598995395563,0.4487233151946421
0.05621598995395563,0.44956048555881123
0.05621598995395563,0.44976977814985347
0.05629970699037254,0.44976977814985347
0.05629970699037254,0.4506069485140226
0.05634156550858099,0.4506069485140226
0.05634156550858099,0.45123482628714945
0.056383424026789454,0.45123482628714945
0.056383424026789454,0.451653411469234
0.05659271661783173,0.451653411469234
0.05659271661783173,0.45228128924236083
0.056634575136040186,0.45228128924236083
0.056634575136040186,0.45249058183340307
0.05667643365424864,0.45249058183340307
0.05667643365424864,0.45290916701548767
0.05667643365424864,0.4533277521975722
0.05676015069066555,0.4533277521975722
0.05676015069066555,0.4535370447886145
0.05688572624529092,0.4535370447886145
0.05688572624529092,0.45374633737965675
0.056969443281707825,0.45374633737965675
0.05713687735454165,0.45374633737965675
0.05713687735454165,0.45395562997069905
0.05738802846379238,0.45395562997069905
0.05738802846379238,0.4543742151527836
0.057429886982000834,0.4543742151527836
0.057429886982000834,0.45479280033486813
0.057471745500209295,0.45479280033486813
0.057471745500209295,0.45500209292591043
0.05751360401841775,0.45500209292591043
0.05751360401841775,0.4552113855169527
0.05763917957304311,0.4552113855169527
0.05763917957304311,0.45562997069903727
0.05763917957304311,0.4562578484721641
0.05763917957304311,0.45667643365424865
0.05776475512766848,0.45667643365424865
0.05776475512766848,0.4570950188363332
0.057806613645876935,0.4570950188363332
0.057806613645876935,0.45751360401841773
0.057806613645876935,0.4579321892005023
0.057932189200502304,0.4579321892005023
0.057932189200502304,0.45814148179154457
0.057932189200502304,0.4589786521557137
0.05801590623691921,0.4589786521557137
0.05801590623691921,0.45918794474675595
0.05809962327333612,0.45918794474675595
0.05809962327333612,0.4598158225198828
0.058267057346169944,0.4598158225198828
0.058267057346169944,0.46023440770196733
0.058267057346169944,0.46044370029300963
0.05835077438258686,0.46044370029300963
0.05835077438258686,0.46086228547509417
0.05835077438258686,0.4612808706571787
0.05839263290079531,0.4612808706571787
0.05839263290079531,0.4616994558392633
0.05885307660108832,0.4616994558392633
0.05885307660108832,0.46211804102134785
0.059020510673922146,0.46211804102134785
0.059020510673922146,0.46232733361239015
0.059020510673922146,0.4627459187944747
0.0590623691921306,0.4627459187944747
0.0590623691921306,0.4631645039765592
0.05931352030138133,0.4631645039765592
0.05931352030138133,0.46400167434072837
0.059355378819589785,0.46400167434072837
0.059355378819589785,0.4642109669317706
0.0594390958560067,0.4642109669317706
0.0594390958560067,0.4644202595228129
0.05952281289242361,0.4644202595228129
0.05952281289242361,0.46483884470489745
0.05964838844704898,0.46483884470489745
0.05964838844704898,0.46567601506906653
0.059732105483465886,0.46567601506906653
0.059732105483465886,0.4660946002511511
0.06010883214734199,0.4660946002511511
0.06010883214734199,0.46630389284219337
0.06015069066555044,0.46630389284219337
0.06015069066555044,0.46651318543323567
0.06052741732942654,0.46651318543323567
0.06052741732942654,0.46755964838844705
0.06052741732942654,0.4679782335705316
0.06052741732942654,0.4681875261615739
0.060652992884051904,0.4681875261615739
0.060652992884051904,0.4688154039347007
0.060652992884051904,0.46923398911678527
0.060652992884051904,0.4698618668899121
0.06082042695688573,0.4698618668899121
0.06082042695688573,0.47007115948095435
0.06086228547509418,0.47007115948095435
0.06086228547509418,0.47048974466303894
0.060904143993302635,0.47048974466303894
0.060904143993302635,0.4709083298451235
0.06115529510255337,0.4709083298451235
0.06115529510255337,0.4715362076182503
0.06119715362076183,0.4715362076182503
0.06119715362076183,0.47195479280033487
0.06119715362076183,0.47216408539137716
0.06132272917538719,0.47216408539137716
0.06132272917538719,0.4723733779824194
0.06132272917538719,0.4734198409376308
0.06132272917538719,0.4736291335286731
0.06132272917538719,0.4742570113017999
0.061406446211804105,0.4742570113017999
0.061406446211804105,0.47446630389284217
0.06144830473001256,0.47446630389284217
0.06144830473001256,0.47488488907492676
0.06153202176642947,0.47488488907492676
0.06153202176642947,0.475094181665969
0.06153202176642947,0.47572205943909585
0.06153202176642947,0.4763499372122227
0.06157388028463792,0.4763499372122227
0.06157388028463792,0.476559229803265
0.061615738802846376,0.476559229803265
0.061615738802846376,0.4769778149853495
0.061741314357471745,0.4769778149853495
0.061741314357471745,0.47739640016743407
0.06182503139388865,0.47739640016743407
0.06182503139388865,0.47760569275847636
0.06203432398493093,0.47760569275847636
0.06203432398493093,0.4778149853495186
0.06207618250313939,0.4778149853495186
0.06207618250313939,0.4780242779405609
0.062118041021347846,0.4780242779405609
0.062118041021347846,0.4782335705316032
0.062201758057764754,0.4782335705316032
0.062201758057764754,0.47865215571368774
0.06224361657597321,0.47865215571368774
0.06224361657597321,0.47886144830473
0.06228547509418167,0.47886144830473
0.06228547509418167,0.4790707408957723
0.06241105064880703,0.4790707408957723
0.06241105064880703,0.4794893260778568
0.06241105064880703,0.48011720385098366
0.06241105064880703,0.4805357890330682
0.06249476768522394,0.4805357890330682
0.06249476768522394,0.4809543742151528
0.06249476768522394,0.48116366680619505
0.0625366262034324,0.48116366680619505
0.0625366262034324,0.48137295939723734
0.06257848472164085,0.48137295939723734
0.06257848472164085,0.4820008371703642
0.06262034323984932,0.4820008371703642
0.06262034323984932,0.4822101297614064
0.06278777731268313,0.4822101297614064
0.06278777731268313,0.482628714943491
0.06282963583089159,0.482628714943491
0.06282963583089159,0.4832565927166178
0.06287149434910004,0.4832565927166178
0.06287149434910004,0.4834658853076601
0.0629133528673085,0.4834658853076601
0.0629133528673085,0.48388447048974464
0.06308078694014232,0.48388447048974464
0.06308078694014232,0.4845123482628715
0.06312264545835078,0.4845123482628715
0.06312264545835078,0.484930933444956
0.06316450397655923,0.484930933444956
0.06316450397655923,0.4851402260359983
0.06316450397655923,0.48576810380912516
0.06324822101297614,0.48576810380912516
0.06324822101297614,0.4872331519464211
0.06324822101297614,0.4874424445374634
0.06333193804939305,0.4874424445374634
0.06333193804939305,0.4878610297195479
0.0633737965676015,0.4878610297195479
0.0633737965676015,0.4880703223105902
0.0633737965676015,0.48869820008371706
0.0636668061950607,0.48869820008371706
0.0636668061950607,0.48932607785684384
0.06379238174968606,0.48932607785684384
0.06379238174968606,0.4899539556299707
0.06379238174968606,0.4905818334030975
0.06387609878610297,0.4905818334030975
0.06387609878610297,0.49141900376726666
0.06387609878610297,0.4916282963583089
0.06387609878610297,0.49204688154039344
0.06395981582251989,0.49204688154039344
0.06395981582251989,0.49225617413143574
0.0640435328589368,0.49225617413143574
0.0640435328589368,0.4930933444956049
0.0640435328589368,0.4933026370866471
0.0640435328589368,0.49372122226873166
0.0640435328589368,0.4943491000418585
0.0640435328589368,0.4953955629970699
0.06437840100460444,0.4953955629970699
0.06437840100460444,0.4958141481791545
0.0644202595228129,0.4958141481791545
0.0644202595228129,0.496232733361239
0.06454583507743826,0.496232733361239
0.06454583507743826,0.49665131854332356
0.06462955211385517,0.49665131854332356
0.06462955211385517,0.4972791963164504
0.06462955211385517,0.49769778149853494
0.06471326915027208,0.49769778149853494
0.06471326915027208,0.49790707408957724
0.06475512766848053,0.49790707408957724
0.06475512766848053,0.4983256592716618
0.06475512766848053,0.4987442444537463
0.06492256174131436,0.4987442444537463
0.06492256174131436,0.4989535370447886
0.06496442025952281,0.4989535370447886
0.06496442025952281,0.4991628296358309
0.06496442025952281,0.4997907074089577
0.06517371285056509,0.4997907074089577
0.06517371285056509,0.5004185851820846
0.06529928840519046,0.5004185851820846
0.06529928840519046,0.5006278777731268
0.06529928840519046,0.501465048137296
0.06550858099623273,0.501465048137296
0.06550858099623273,0.5027208036835497
0.06559229803264964,0.5027208036835497
0.06559229803264964,0.5029300962745918
0.0656341565508581,0.5029300962745918
0.0656341565508581,0.5031393888656341
0.06571787358727502,0.5031393888656341
0.06571787358727502,0.5035579740477187
0.06575973210548347,0.5035579740477187
0.06575973210548347,0.5039765592298032
0.06575973210548347,0.5043951444118878
0.06580159062369192,0.5043951444118878
0.06580159062369192,0.5046044370029301
0.06584344914190038,0.5046044370029301
0.06584344914190038,0.5048137295939724
0.0660946002511511,0.5048137295939724
0.0660946002511511,0.5050230221850146
0.06613645876935957,0.5050230221850146
0.06613645876935957,0.5054416073670992
0.06626203432398493,0.5054416073670992
0.06626203432398493,0.5056508999581415
0.0664713269150272,0.5056508999581415
0.0664713269150272,0.506069485140226
0.06651318543323566,0.506069485140226
0.06651318543323566,0.5062787777312683
0.06655504395144411,0.5062787777312683
0.06655504395144411,0.5069066555043952
0.0667643365424864,0.5069066555043952
0.0667643365424864,0.507534533277522
0.06680619506069485,0.507534533277522
0.06680619506069485,0.5079531184596066
0.06701548765173714,0.5079531184596066
0.06701548765173714,0.508371703641691
0.06701548765173714,0.5085809962327333
0.0671410632063625,0.5085809962327333
0.0671410632063625,0.5087902888237756
0.0672247802427794,0.5087902888237756
0.0672247802427794,0.5092088740058602
0.06726663876098786,0.5092088740058602
0.06735035579740477,0.5092088740058602
0.06739221431561322,0.5092088740058602
0.06739221431561322,0.5096274591879447
0.06739221431561322,0.5100460443700293
0.06747593135203014,0.5100460443700293
0.06747593135203014,0.511301799916283
0.06747593135203014,0.5115110925073253
0.06755964838844705,0.5115110925073253
0.06755964838844705,0.5117203850983675
0.0676015069066555,0.5117203850983675
0.0676015069066555,0.5131854332356635
0.0676015069066555,0.5133947258267058
0.06776894097948932,0.5133947258267058
0.06785265801590623,0.5133947258267058
0.06793637505232315,0.5133947258267058
0.06793637505232315,0.513604018417748
0.06797823357053161,0.513604018417748
0.06806195060694852,0.513604018417748
0.06810380912515697,0.513604018417748
0.06810380912515697,0.5140226035998325
0.06818752616157388,0.5140226035998325
0.06818752616157388,0.5144411887819171
0.06827124319799079,0.5144411887819171
0.06827124319799079,0.5146504813729594
0.06831310171619924,0.5146504813729594
0.06831310171619924,0.5156969443281708
0.06831310171619924,0.5165341146923399
0.06852239430724152,0.5165341146923399
0.06852239430724152,0.5169526998744245
0.06856425282544998,0.5169526998744245
0.06856425282544998,0.5171619924654667
0.06889912097111763,0.5171619924654667
0.06889912097111763,0.5182084554206781
0.06898283800753453,0.5182084554206781
0.06898283800753453,0.5186270406027627
0.0691084135621599,0.5186270406027627
0.0691921305985768,0.5186270406027627
0.06931770615320218,0.5186270406027627
0.06931770615320218,0.518836333193805
0.06944328170782754,0.518836333193805
0.06944328170782754,0.5190456257848473
0.069485140226036,0.5190456257848473
0.069485140226036,0.5192549183758894
0.06973629133528673,0.5192549183758894
0.06973629133528673,0.5194642109669317
0.07011301799916284,0.5194642109669317
0.07019673503557974,0.5194642109669317
0.0702385935537882,0.5194642109669317
0.0702385935537882,0.5198827961490163
0.0702385935537882,0.5203013813311009
0.07036416910841356,0.5203013813311009
0.07036416910841356,0.52113855169527
0.07065717873587275,0.52113855169527
0.07065717873587275,0.5213478442863123
0.07065717873587275,0.5219757220594391
0.07065717873587275,0.5221850146504814
0.0706990372540812,0.5221850146504814
0.0706990372540812,0.5226035998325659
0.07095018836333193,0.5226035998325659
0.07095018836333193,0.5228128924236082
0.07120133947258267,0.5228128924236082
0.07120133947258267,0.5230221850146505
0.07124319799079112,0.5230221850146505
0.07124319799079112,0.5236500627877773
0.07145249058183341,0.5236500627877773
0.07145249058183341,0.5244872331519465
0.07157806613645877,0.5244872331519465
0.07157806613645877,0.5246965257429888
0.07161992465466722,0.5246965257429888
0.07161992465466722,0.5255336961071578
0.07170364169108413,0.5255336961071578
0.07170364169108413,0.5257429886982001
0.07170364169108413,0.5261615738802846
0.07174550020929259,0.5261615738802846
0.07174550020929259,0.5265801590623692
0.07174550020929259,0.5269987442444537
0.07178735872750104,0.5269987442444537
0.07178735872750104,0.527208036835496
0.0718292172457095,0.527208036835496
0.0718292172457095,0.5276266220175806
0.07199665131854333,0.5276266220175806
0.07199665131854333,0.5278359146086229
0.0722059439095856,0.5278359146086229
0.0722059439095856,0.5280452071996651
0.07228966094600252,0.5280452071996651
0.07228966094600252,0.528673084972792
0.07237337798241943,0.528673084972792
0.07237337798241943,0.5288823775638343
0.07245709501883633,0.5288823775638343
0.07245709501883633,0.5290916701548766
0.0725826705734617,0.5290916701548766
0.0725826705734617,0.5293009627459188
0.0725826705734617,0.5297195479280034
0.0725826705734617,0.5305567182921724
0.07279196316450398,0.5305567182921724
0.07279196316450398,0.5307660108832147
0.07283382168271244,0.5307660108832147
0.07283382168271244,0.5311845960652993
0.07283382168271244,0.5316031812473838
0.07287568020092089,0.5316031812473838
0.07287568020092089,0.5322310590205107
0.0729593972373378,0.5322310590205107
0.0729593972373378,0.5324403516115529
0.0729593972373378,0.5328589367936375
0.0730431142737547,0.5328589367936375
0.0730431142737547,0.5339053997488489
0.07308497279196316,0.5339053997488489
0.07308497279196316,0.5343239849309335
0.07308497279196316,0.534742570113018
0.07312683131017161,0.534742570113018
0.07312683131017161,0.5349518627040603
0.07325240686479699,0.5349518627040603
0.07325240686479699,0.5351611552951026
0.07329426538300544,0.5351611552951026
0.07329426538300544,0.5357890330682293
0.0734198409376308,0.5357890330682293
0.0734198409376308,0.5366262034323985
0.0734198409376308,0.537044788614483
0.07346169945583926,0.537044788614483
0.07346169945583926,0.5376726663876099
0.07346169945583926,0.5380912515696944
0.07358727501046462,0.5380912515696944
0.07358727501046462,0.5383005441607367
0.07362913352867309,0.5383005441607367
0.07362913352867309,0.5389284219338636
0.07367099204688154,0.5389284219338636
0.07367099204688154,0.5391377145249058
0.07375470908329845,0.5391377145249058
0.07375470908329845,0.539974884889075
0.07375470908329845,0.5401841774801172
0.07379656760150691,0.5401841774801172
0.07379656760150691,0.5406027626622018
0.07379656760150691,0.540812055253244
0.07388028463792382,0.540812055253244
0.07388028463792382,0.5412306404353285
0.07396400167434072,0.5412306404353285
0.07396400167434072,0.5414399330263708
0.07404771871075765,0.5414399330263708
0.07404771871075765,0.5418585182084554
0.07413143574717455,0.5418585182084554
0.07413143574717455,0.54227710339054
0.07417329426538301,0.54227710339054
0.07417329426538301,0.5426956885726245
0.07417329426538301,0.5433235663457514
0.07421515278359146,0.5433235663457514
0.07421515278359146,0.5435328589367936
0.07425701130179992,0.5435328589367936
0.07425701130179992,0.5447886144830473
0.07434072833821682,0.5447886144830473
0.07434072833821682,0.5452071996651319
0.07438258685642528,0.5452071996651319
0.07438258685642528,0.5456257848472164
0.07455002092925911,0.5456257848472164
0.07455002092925911,0.5458350774382587
0.07455002092925911,0.5466722478024278
0.07455002092925911,0.5470908329845123
0.07459187944746756,0.5470908329845123
0.07459187944746756,0.5475094181665969
0.07459187944746756,0.5477187107576392
0.07459187944746756,0.5481372959397237
0.07467559648388447,0.5481372959397237
0.07467559648388447,0.5485558811218083
0.07467559648388447,0.5487651737128506
0.07471745500209293,0.5487651737128506
0.07471745500209293,0.5491837588949351
0.07488488907492674,0.5491837588949351
0.07488488907492674,0.5496023440770197
0.07488488907492674,0.5504395144411888
0.07492674759313521,0.5504395144411888
0.07492674759313521,0.5506488070322311
0.07505232314776057,0.5506488070322311
0.07505232314776057,0.5512766848053579
0.07505232314776057,0.5523231477605692
0.07517789870238593,0.5523231477605692
0.07517789870238593,0.5529510255336961
0.0753034742570113,0.5529510255336961
0.0753034742570113,0.5533696107157806
0.0753034742570113,0.5539974884889075
0.07547090832984513,0.5539974884889075
0.07547090832984513,0.5542067810799498
0.07551276684805358,0.5542067810799498
0.07551276684805358,0.554416073670992
0.07551276684805358,0.5548346588530766
0.07551276684805358,0.5554625366262035
0.07555462536626203,0.5554625366262035
0.07555462536626203,0.5556718292172457
0.07559648388447049,0.5556718292172457
0.07559648388447049,0.555881121808288
0.07563834240267894,0.555881121808288
0.07563834240267894,0.5562997069903726
0.07563834240267894,0.556718292172457
0.07563834240267894,0.5571368773545416
0.07563834240267894,0.557346169945584
0.0757639179573043,0.557346169945584
0.0757639179573043,0.5579740477187107
0.07580577647551277,0.5579740477187107
0.07580577647551277,0.5588112180828798
0.07580577647551277,0.559648388447049
0.07584763499372123,0.559648388447049
0.07584763499372123,0.5598576810380913
0.07597321054834659,0.5598576810380913
0.07597321054834659,0.5602762662201758
0.07597321054834659,0.5604855588112181
0.07601506906655504,0.5604855588112181
0.07601506906655504,0.5606948514022604
0.07609878610297195,0.5606948514022604
0.07609878610297195,0.5613227291753872
0.0761406446211804,0.5613227291753872
0.0761406446211804,0.5621598995395563
0.0761406446211804,0.5623691921305985
0.0761406446211804,0.5627877773126831
0.07622436165759731,0.5627877773126831
0.07622436165759731,0.5636249476768522
0.07626622017580578,0.5636249476768522
0.07626622017580578,0.5640435328589368
0.07626622017580578,0.5642528254499791
0.07630807869401424,0.5642528254499791
0.07630807869401424,0.5646714106320636
0.07639179573043114,0.5646714106320636
0.07639179573043114,0.5652992884051905
0.0764336542486396,0.5652992884051905
0.0764336542486396,0.565717873587275
0.07647551276684805,0.565717873587275
0.07647551276684805,0.5665550439514441
0.07655922980326496,0.5665550439514441
0.07655922980326496,0.5669736291335287
0.07660108832147342,0.5669736291335287
0.07660108832147342,0.567182921724571
0.07672666387609879,0.567182921724571
0.07672666387609879,0.5678107994976977
0.07672666387609879,0.5686479698618669
0.0768103809125157,0.5686479698618669
0.0768103809125157,0.5688572624529091
0.0768103809125157,0.5692758476349937
0.0768103809125157,0.569485140226036
0.07693595646714106,0.569485140226036
0.07693595646714106,0.5703223105902051
0.07693595646714106,0.5705316031812474
0.07697781498534952,0.5705316031812474
0.07697781498534952,0.5707408957722897
0.07710339053997488,0.5707408957722897
0.07710339053997488,0.5709501883633319
0.07714524905818335,0.5709501883633319
0.07714524905818335,0.5713687735454165
0.07714524905818335,0.5715780661364588
0.0771871075763918,0.5715780661364588
0.0771871075763918,0.5722059439095856
0.0771871075763918,0.5726245290916702
0.0771871075763918,0.5730431142737548
0.07731268313101716,0.5730431142737548
0.07731268313101716,0.573252406864797
0.07735454164922562,0.573252406864797
0.07735454164922562,0.5736709920468815
0.07743825868564252,0.5736709920468815
0.07743825868564252,0.5742988698200083
0.07748011720385098,0.5742988698200083
0.07748011720385098,0.5751360401841775
0.07752197572205943,0.5751360401841775
0.07752197572205943,0.5759732105483466
0.07764755127668481,0.5759732105483466
0.07764755127668481,0.5761825031393889
0.07764755127668481,0.5766010883214734
0.07764755127668481,0.5768103809125157
0.07768940979489326,0.5768103809125157
0.07768940979489326,0.577019673503558
0.07777312683131017,0.577019673503558
0.07777312683131017,0.5772289660946003
0.07802427794056091,0.5772289660946003
0.07802427794056091,0.5774382586856426
0.07810799497697782,0.5774382586856426
0.07810799497697782,0.5776475512766848
0.07819171201339473,0.5776475512766848
0.07819171201339473,0.5782754290498117
0.07819171201339473,0.5791125994139807
0.07823357053160318,0.5791125994139807
0.07823357053160318,0.5795311845960653
0.07823357053160318,0.5799497697781498
0.07823357053160318,0.5801590623691921
0.07827542904981163,0.5801590623691921
0.07827542904981163,0.5803683549602344
0.07827542904981163,0.5809962327333612
0.07827542904981163,0.5812055253244035
0.07831728756802009,0.5812055253244035
0.07831728756802009,0.5816241105064881
0.078401004604437,0.5816241105064881
0.078401004604437,0.5822519882796149
0.07844286312264546,0.5822519882796149
0.07844286312264546,0.5824612808706572
0.07852658015906237,0.5824612808706572
0.07861029719547928,0.5824612808706572
0.07873587275010464,0.5824612808706572
0.07873587275010464,0.5826705734616995
0.07890330682293847,0.5826705734616995
0.07890330682293847,0.583089158643784
0.07894516534114693,0.583089158643784
0.07894516534114693,0.5832984512348263
0.07907074089577229,0.5832984512348263
0.07907074089577229,0.5837170364169109
0.07907074089577229,0.5845542067810799
0.07911259941398074,0.5845542067810799
0.07911259941398074,0.5847634993721222
0.0791544579321892,0.5847634993721222
0.0791544579321892,0.585391377145249
0.0791544579321892,0.5856006697362913
0.07919631645039765,0.5856006697362913
0.07919631645039765,0.5862285475094182
0.07919631645039765,0.5864378401004604
0.07919631645039765,0.5870657178735873
0.0792381749686061,0.5870657178735873
0.0792381749686061,0.588321473419841
0.0792381749686061,0.5889493511929678
0.07928003348681456,0.5889493511929678
0.07928003348681456,0.5893679363750524
0.07944746755964839,0.5893679363750524
0.07944746755964839,0.5895772289660945
0.07944746755964839,0.5899958141481791
0.07957304311427375,0.5899958141481791
0.07957304311427375,0.5910422771033905
0.07957304311427375,0.5914608622854751
0.07957304311427375,0.5920887400586019
0.07961490163248221,0.5920887400586019
0.07961490163248221,0.5925073252406865
0.07969861866889912,0.5925073252406865
0.07969861866889912,0.5927166178317288
0.07978233570531604,0.5927166178317288
0.07978233570531604,0.592925910422771
0.07982419422352449,0.592925910422771
0.0799079112599414,0.592925910422771
0.0799079112599414,0.5933444956048556
0.07994976977814985,0.5933444956048556
0.07994976977814985,0.594390958560067
0.07994976977814985,0.595228128924236
0.07994976977814985,0.5954374215152783
0.07999162829635831,0.5954374215152783
0.07999162829635831,0.5960652992884052
0.08007534533277522,0.5960652992884052
0.08007534533277522,0.5962745918794474
0.08015906236919212,0.5962745918794474
0.08015906236919212,0.5973210548346588
0.08015906236919212,0.5977396400167434
0.08020092088740059,0.5977396400167434
0.08020092088740059,0.5979489326077857
0.08024277940560905,0.5979489326077857
0.08024277940560905,0.598158225198828
0.0802846379238175,0.598158225198828
0.0802846379238175,0.5985768103809125
0.08032649644202595,0.5985768103809125
0.08032649644202595,0.5987861029719548
0.08032649644202595,0.5994139807450817
0.08036835496023441,0.5994139807450817
0.08036835496023441,0.5996232733361239
0.08041021347844286,0.5996232733361239
0.08041021347844286,0.5998325659271662
0.08041021347844286,0.6010883214734198
0.08049393051485977,0.6010883214734198
0.08049393051485977,0.6012976140644621
0.0806613645876936,0.6012976140644621
0.0806613645876936,0.6017161992465466
0.08074508162411051,0.6017161992465466
0.08074508162411051,0.6021347844286312
0.08078694014231896,0.6021347844286312
0.08078694014231896,0.6023440770196735
0.08082879866052742,0.6023440770196735
0.08082879866052742,0.602762662201758
0.08091251569694433,0.602762662201758
0.08091251569694433,0.6029719547928003
0.08095437421515278,0.6029719547928003
0.08095437421515278,0.6031812473838426
0.08103809125156969,0.6031812473838426
0.08103809125156969,0.6035998325659272
0.08112180828798661,0.6035998325659272
0.08112180828798661,0.6040184177480117
0.08116366680619506,0.6040184177480117
0.08116366680619506,0.604227710339054
0.08116366680619506,0.6048555881121809
0.08124738384261197,0.6048555881121809
0.08124738384261197,0.60569275847635
0.08141481791544579,0.60569275847635
0.08141481791544579,0.6063206362494767
0.08145667643365424,0.6063206362494767
0.08145667643365424,0.606529928840519
0.08145667643365424,0.6071578066136458
0.08154039347007117,0.6071578066136458
0.08154039347007117,0.6073670992046881
0.08170782754290498,0.6073670992046881
0.08170782754290498,0.6077856843867727
0.08170782754290498,0.6084135621598995
0.08174968606111344,0.6084135621598995
0.08174968606111344,0.6088321473419841
0.08183340309753034,0.6088321473419841
0.08183340309753034,0.6090414399330264
0.08183340309753034,0.6094600251151109
0.08191712013394725,0.6094600251151109
0.08191712013394725,0.6098786102971955
0.08204269568857263,0.6098786102971955
0.08204269568857263,0.6102971954792801
0.08208455420678108,0.6102971954792801
0.08208455420678108,0.6107157806613646
0.08212641272498954,0.6107157806613646
0.08212641272498954,0.6113436584344915
0.08221012976140644,0.6113436584344915
0.08221012976140644,0.6119715362076182
0.08221012976140644,0.6121808287986605
0.0822519882796149,0.6121808287986605
0.0822519882796149,0.6125994139807451
0.0822519882796149,0.6128087065717873
0.0822519882796149,0.6132272917538719
0.0822519882796149,0.6136458769359565
0.0822519882796149,0.614064462118041
0.08233570531603181,0.614064462118041
0.08233570531603181,0.6144830473001256
0.08246128087065718,0.6144830473001256
0.08246128087065718,0.6151109250732524
0.082628714943491,0.6151109250732524
0.082628714943491,0.615529510255337
0.08267057346169945,0.615529510255337
0.08267057346169945,0.6163666806195061
0.08275429049811636,0.6163666806195061
0.08275429049811636,0.6167852658015907
0.08287986605274174,0.6167852658015907
0.08287986605274174,0.6180410213478443
0.08292172457095019,0.6180410213478443
0.08292172457095019,0.6184596065299288
0.08292172457095019,0.6188781917120134
0.08313101716199246,0.6188781917120134
0.08313101716199246,0.6192967768940979
0.08317287568020092,0.6192967768940979
0.08317287568020092,0.6195060694851402
0.08325659271661782,0.6195060694851402
0.08325659271661782,0.6197153620761825
0.08329845123482629,0.6197153620761825
0.08329845123482629,0.6199246546672248
0.08334030975303475,0.6199246546672248
0.08334030975303475,0.6205525324403516
0.08359146086228547,0.6205525324403516
0.08359146086228547,0.6207618250313939
0.08367517789870238,0.6207618250313939
0.08367517789870238,0.6211804102134785
0.08392632900795312,0.6211804102134785
0.08392632900795312,0.6213897028045208
0.08392632900795312,0.6222268731686899
0.08392632900795312,0.6224361657597322
0.08396818752616157,0.6224361657597322
0.08396818752616157,0.6226454583507743
0.08409376308078693,0.6226454583507743
0.08409376308078693,0.6232733361239012
0.08426119715362076,0.6232733361239012
0.08426119715362076,0.623901213897028
0.08426119715362076,0.6243197990791126
0.08442863122645458,0.6243197990791126
0.08442863122645458,0.6247383842611971
0.08451234826287149,0.6247383842611971
0.08451234826287149,0.6251569694432817
0.08451234826287149,0.625366262034324
0.08451234826287149,0.6259941398074508
0.08463792381749687,0.6259941398074508
0.08463792381749687,0.6262034323984931
0.08463792381749687,0.6270406027626622
0.08463792381749687,0.6272498953537045
0.08488907492674759,0.6272498953537045
0.08488907492674759,0.6274591879447468
0.08493093344495604,0.6274591879447468
0.08493093344495604,0.6278777731268314
0.08501465048137295,0.6278777731268314
0.08501465048137295,0.6282963583089158
0.08501465048137295,0.6293428212641272
0.08514022603599833,0.6293428212641272
0.08514022603599833,0.6295521138551695
0.08568438677270825,0.6295521138551695
0.08568438677270825,0.6297614064462118
0.08593553788195898,0.6297614064462118
0.08593553788195898,0.6299706990372541
0.08601925491837589,0.6299706990372541
0.08601925491837589,0.6301799916282964
0.08614483047300125,0.6301799916282964
0.08614483047300125,0.63143574717455
0.08627040602762662,0.63143574717455
0.08627040602762662,0.6316450397655923
0.08635412306404354,0.6316450397655923
0.08635412306404354,0.6318543323566346
0.086395981582252,0.6318543323566346
0.086395981582252,0.6324822101297614
0.0864796986186689,0.6324822101297614
0.0864796986186689,0.6326915027208037
0.08652155713687736,0.6326915027208037
0.08652155713687736,0.632900795311846
0.08677270824612808,0.632900795311846
0.08677270824612808,0.6331100879028883
0.08702385935537882,0.6331100879028883
0.08702385935537882,0.6339472582670573
0.08702385935537882,0.6341565508580996
0.08719129342821264,0.6341565508580996
0.08719129342821264,0.6345751360401842
0.08731686898283801,0.6345751360401842
0.08731686898283801,0.6347844286312264
0.08731686898283801,0.635203013813311
0.08769359564671411,0.635203013813311
0.08769359564671411,0.6354123064043533
0.08781917120133947,0.6354123064043533
0.08781917120133947,0.6356215989953956
0.08794474675596484,0.6356215989953956
0.08794474675596484,0.6358308915864378
0.08798660527417329,0.6358308915864378
0.08798660527417329,0.6360401841774801
0.0880703223105902,0.6360401841774801
0.0880703223105902,0.6362494767685224
0.08832147341984094,0.6362494767685224
0.08832147341984094,0.6364587693595647
0.08836333193804939,0.6364587693595647
0.08836333193804939,0.636668061950607
0.08840519045625785,0.636668061950607
0.08840519045625785,0.6375052323147761
0.08853076601088321,0.6375052323147761
0.08853076601088321,0.6377145249058184
0.08857262452909168,0.6377145249058184
0.08857262452909168,0.638970280452072
0.08874005860192549,0.638970280452072
0.08874005860192549,0.6393888656341565
0.0888237756383424,0.6393888656341565
0.08886563415655085,0.6393888656341565
0.08886563415655085,0.6395981582251988
0.08886563415655085,0.6400167434072834
0.08907492674759314,0.6400167434072834
0.08907492674759314,0.6402260359983256
0.08915864378401005,0.6402260359983256
0.08915864378401005,0.6408539137714525
0.08928421933863541,0.6408539137714525
0.08928421933863541,0.6410632063624948
0.08928421933863541,0.6416910841356216
0.08932607785684386,0.6416910841356216
0.08932607785684386,0.6419003767266639
0.08936793637505232,0.6419003767266639
0.08936793637505232,0.6421096693177062
0.08936793637505232,0.6425282544997907
0.08940979489326077,0.6425282544997907
0.08940979489326077,0.642737547090833
0.08940979489326077,0.6439933026370867
0.08953537044788615,0.6439933026370867
0.08953537044788615,0.6444118878191712
0.08953537044788615,0.6446211804102134
0.0895772289660946,0.6446211804102134
0.0895772289660946,0.6448304730012557
0.0895772289660946,0.6452490581833403
0.0895772289660946,0.6454583507743826
0.08978652155713687,0.6454583507743826
0.08978652155713687,0.6456676433654248
0.08982838007534533,0.6456676433654248
0.08982838007534533,0.6460862285475094
0.08991209711176225,0.6460862285475094
0.08991209711176225,0.6462955211385517
0.08991209711176225,0.6471326915027208
0.08991209711176225,0.6473419840937631
0.0899539556299707,0.6473419840937631
0.0899539556299707,0.6475512766848054
0.08999581414817916,0.6475512766848054
0.08999581414817916,0.6479698618668899
0.09003767266638761,0.6479698618668899
0.09003767266638761,0.6483884470489745
0.09003767266638761,0.6488070322310591
0.09003767266638761,0.6490163248221013
0.09007953118459607,0.6490163248221013
0.09007953118459607,0.6492256174131436
0.09016324822101297,0.6492256174131436
0.09016324822101297,0.6498534951862704
0.09045625784847217,0.6498534951862704
0.09045625784847217,0.6500627877773126
0.09049811636668062,0.6500627877773126
0.09049811636668062,0.6502720803683549
0.09053997488488907,0.6502720803683549
0.09053997488488907,0.6504813729593972
0.09062369192130598,0.6504813729593972
0.09062369192130598,0.651109250732524
0.09062369192130598,0.6515278359146086
0.09066555043951444,0.6515278359146086
0.09066555043951444,0.6519464210966932
0.09070740895772289,0.6519464210966932
0.09070740895772289,0.6521557136877355
0.09079112599413981,0.6521557136877355
0.09079112599413981,0.6527835914608623
0.09100041858518208,0.6527835914608623
0.09100041858518208,0.6529928840519046
0.09112599413980745,0.6529928840519046
0.09112599413980745,0.6538300544160737
0.09150272080368355,0.6538300544160737
0.09150272080368355,0.6544579321892005
0.09150272080368355,0.654876517371285
0.09158643784010045,0.654876517371285
0.09158643784010045,0.6555043951444118
0.09171201339472583,0.6555043951444118
0.09171201339472583,0.6559229803264964
0.09200502302218501,0.6559229803264964
0.09200502302218501,0.656341565508581
0.09200502302218501,0.6567601506906655
0.09217245709501884,0.6567601506906655
0.09217245709501884,0.6571787358727501
0.09225617413143575,0.6571787358727501
0.09225617413143575,0.6573880284637924
0.09233989116785266,0.6573880284637924
0.09233989116785266,0.6575973210548347
0.09233989116785266,0.6580159062369192
0.09233989116785266,0.6582251988279615
0.09238174968606111,0.6582251988279615
0.09238174968606111,0.6586437840100461
0.0926747593135203,0.6586437840100461
0.09275847634993721,0.6586437840100461
0.09292591042277103,0.6586437840100461
0.09292591042277103,0.6590623691921306
0.0929677689409795,0.6590623691921306
0.0929677689409795,0.6594809543742152
0.09334449560485558,0.6594809543742152
0.09334449560485558,0.6596902469652575
0.09359564671410632,0.6596902469652575
0.09359564671410632,0.6598995395562997
0.09363750523231477,0.6598995395562997
0.09363750523231477,0.6603181247383842
0.09367936375052323,0.6603181247383842
0.09367936375052323,0.6607367099204688
0.09372122226873168,0.6607367099204688
0.09372122226873168,0.6609460025115111
0.09376308078694014,0.6609460025115111
0.09376308078694014,0.6615738802846379
0.09384679782335706,0.6615738802846379
0.09384679782335706,0.6617831728756802
0.09401423189619088,0.6617831728756802
0.09401423189619088,0.6622017580577647
0.09401423189619088,0.662411050648807
0.09409794893260778,0.662411050648807
0.09413980745081624,0.662411050648807
0.09413980745081624,0.6626203432398493
0.09434910004185852,0.6626203432398493
0.09434910004185852,0.6630389284219339
0.09434910004185852,0.6636668061950607
0.09434910004185852,0.6645039765592298
0.09434910004185852,0.666178317287568
0.09455839263290079,0.666178317287568
0.09455839263290079,0.6663876098786103
0.09468396818752617,0.6663876098786103
0.09468396818752617,0.6665969024696525
0.09472582670573462,0.6665969024696525
0.09472582670573462,0.6672247802427794
0.09472582670573462,0.6674340728338217
0.09472582670573462,0.6682712431979908
0.0949351192967769,0.6682712431979908
0.0949351192967769,0.6684805357890331
0.0949351192967769,0.6688991209711176
0.0950188363331938,0.6688991209711176
0.0950188363331938,0.6691084135621599
0.0950188363331938,0.669945583926329
0.09526998744244454,0.669945583926329
0.09526998744244454,0.6703641691084136
0.09543742151527836,0.6703641691084136
0.09543742151527836,0.6712013394725826
0.09556299706990373,0.6712013394725826
0.09556299706990373,0.671410632063625
0.0956885726245291,0.671410632063625
0.0956885726245291,0.6720385098367517
0.09610715780661365,0.6720385098367517
0.09610715780661365,0.6724570950188363
0.09631645039765592,0.6724570950188363
0.09631645039765592,0.6728756802009209
0.09635830891586437,0.6728756802009209
0.09635830891586437,0.6730849727919631
0.0964420259522813,0.6730849727919631
0.0964420259522813,0.6732942653830054
0.0965257429886982,0.6732942653830054
0.0965257429886982,0.6735035579740477
0.09660946002511511,0.6735035579740477
0.09660946002511511,0.6747593135203014
0.09660946002511511,0.6749686061113437
0.09681875261615738,0.6749686061113437
0.09681875261615738,0.6753871912934282
0.09686061113436584,0.6753871912934282
0.09686061113436584,0.6755964838844705
0.0969024696525743,0.6755964838844705
0.0969024696525743,0.6758057764755128
0.09694432817078276,0.6758057764755128
0.09694432817078276,0.6764336542486395
0.09698618668899121,0.6764336542486395
0.09698618668899121,0.6768522394307241
0.09702804520719967,0.6768522394307241
0.09702804520719967,0.6772708246128087
0.09711176224361658,0.6772708246128087
0.09711176224361658,0.6774801172038509
0.09732105483465886,0.6774801172038509
0.09732105483465886,0.6778987023859355
0.09732105483465886,0.6781079949769778
0.09736291335286731,0.6781079949769778
0.09736291335286731,0.6783172875680201
0.09748848890749268,0.6783172875680201
0.09748848890749268,0.6787358727501046
0.0977396400167434,0.6787358727501046
0.0977396400167434,0.6795730431142738
0.0977396400167434,0.679782335705316
0.09790707408957723,0.679782335705316
0.09790707408957723,0.6802009208874006
0.09815822519882796,0.6802009208874006
0.09815822519882796,0.6804102134784429
0.09845123482628715,0.6804102134784429
0.09853495186270406,0.6804102134784429
0.09853495186270406,0.6806195060694852
0.09874424445374634,0.6806195060694852
0.09882796149016325,0.6806195060694852
0.0988698200083717,0.6806195060694852
0.0988698200083717,0.6808287986605274
0.09891167852658016,0.6808287986605274
0.09891167852658016,0.681247383842612
0.09891167852658016,0.6814566764336543
0.0991628296358309,0.6814566764336543
0.0991628296358309,0.6816659690246966
0.09920468815403935,0.6816659690246966
0.09920468815403935,0.6822938467978233
0.099539556299707,0.6822938467978233
0.099539556299707,0.6831310171619924
0.099539556299707,0.6833403097530347
0.099539556299707,0.6837588949351193
0.09958141481791545,0.6837588949351193
0.09958141481791545,0.6845960652992884
0.0996232733361239,0.6845960652992884
0.0996232733361239,0.6848053578903307
0.09970699037254081,0.6848053578903307
0.09970699037254081,0.685014650481373
0.09970699037254081,0.6854332356634575
0.09970699037254081,0.6856425282544998
0.09970699037254081,0.6860611134365844
0.09987442444537463,0.6860611134365844
0.09987442444537463,0.6866889912097112
0.09987442444537463,0.6871075763917958
0.09995814148179155,0.6871075763917958
0.09995814148179155,0.6873168689828381
0.1,0.6873168689828381
0.1,0.6877354541649225
0.1,0.6881540393470071
0.10008371703641691,0.6881540393470071
0.10008371703641691,0.6892005023022185
0.10020929259104228,0.6892005023022185
0.10020929259104228,0.689619087484303
0.10037672666387609,0.689619087484303
0.10037672666387609,0.6898283800753453
0.10037672666387609,0.6902469652574299
0.10062787777312683,0.6902469652574299
0.10062787777312683,0.6904562578484722
0.10066973629133529,0.6904562578484722
0.10066973629133529,0.6908748430305567
0.10071159480954374,0.6908748430305567
0.10071159480954374,0.6912934282126413
0.10071159480954374,0.6915027208036836
0.10079531184596065,0.6915027208036836
0.10079531184596065,0.6917120133947259
0.10100460443700293,0.6917120133947259
0.10100460443700293,0.6919213059857681
0.1011301799916283,0.6919213059857681
0.1011301799916283,0.692549183758895
0.1011301799916283,0.6942235244872331
0.10125575554625366,0.6942235244872331
0.10125575554625366,0.6944328170782754
0.10125575554625366,0.69485140226036
0.10138133110087903,0.69485140226036
0.10138133110087903,0.6950606948514022
0.10146504813729594,0.6950606948514022
0.10146504813729594,0.6952699874424445
0.10146504813729594,0.6956885726245291
0.10154876517371285,0.6956885726245291
0.10154876517371285,0.6958978652155714
0.10154876517371285,0.6963164503976559
0.10163248221012976,0.6963164503976559
0.10163248221012976,0.6965257429886982
0.10167434072833821,0.6965257429886982
0.10167434072833821,0.6967350355797405
0.10171619924654668,0.6967350355797405
0.10179991628296359,0.6967350355797405
0.1019673503557974,0.6967350355797405
0.1019673503557974,0.6971536207618251
0.10205106739221431,0.6971536207618251
0.10205106739221431,0.6973629133528673
0.10213478442863122,0.6973629133528673
0.10213478442863122,0.6975722059439096
0.1022603599832566,0.6975722059439096
0.1022603599832566,0.6977814985349519
0.10230221850146505,0.6977814985349519
0.10230221850146505,0.6979907911259942
0.10238593553788196,0.6979907911259942
0.10238593553788196,0.6982000837170365
0.10246965257429887,0.6982000837170365
0.10255336961071577,0.6982000837170365
0.10255336961071577,0.6984093763080786
0.1026370866471327,0.6984093763080786
0.1026370866471327,0.6988279614901632
0.10267894516534115,0.6988279614901632
0.10267894516534115,0.6992465466722478
0.10284637923817497,0.6992465466722478
0.10284637923817497,0.7000837170364169
0.10297195479280033,0.7000837170364169
0.10297195479280033,0.7007115948095437
0.1030975303474257,0.7007115948095437
0.1030975303474257,0.7011301799916283
0.10330682293846798,0.7011301799916283
0.10330682293846798,0.7013394725826706
0.10364169108413562,0.7013394725826706
0.10364169108413562,0.7017580577647551
0.10364169108413562,0.7021766429468397
0.10364169108413562,0.7025952281289243
0.10368354960234408,0.7025952281289243
0.10368354960234408,0.7032231059020511
0.10376726663876099,0.7032231059020511
0.10376726663876099,0.7036416910841357
0.10380912515696944,0.7036416910841357
0.10380912515696944,0.7040602762662201
0.1038509836751779,0.7040602762662201
0.1038509836751779,0.7044788614483047
0.10389284219338635,0.7044788614483047
0.10389284219338635,0.7048974466303893
0.10393470071159482,0.7048974466303893
0.10393470071159482,0.7051067392214315
0.10401841774801172,0.7051067392214315
0.10410213478442863,0.7051067392214315
0.10410213478442863,0.7057346169945584
0.10414399330263709,0.7057346169945584
0.10414399330263709,0.7061532021766429
0.10426956885726245,0.7061532021766429
0.10426956885726245,0.7069903725408121
0.1043114273754709,0.7069903725408121
0.1043114273754709,0.7074089577228966
0.10435328589367937,0.7074089577228966
0.10435328589367937,0.7078275429049812
0.10439514441188782,0.7078275429049812
0.10439514441188782,0.7080368354960235
0.10447886144830473,0.7080368354960235
0.10456257848472164,0.7080368354960235
0.10464629552113855,0.7080368354960235
0.10464629552113855,0.708455420678108
0.10464629552113855,0.7086647132691503
0.104688154039347,0.7086647132691503
0.104688154039347,0.7090832984512349
0.104688154039347,0.7092925910422772
0.10477187107576391,0.7092925910422772
0.10477187107576391,0.7095018836333193
0.10481372959397238,0.7095018836333193
0.10481372959397238,0.7105483465885307
0.10493930514859774,0.7105483465885307
0.10493930514859774,0.7111762243616576
0.10502302218501465,0.7111762243616576
0.10502302218501465,0.7115948095437421
0.1050648807032231,0.7115948095437421
0.1050648807032231,0.712222687316869
0.1050648807032231,0.7126412724989535
0.10510673922143156,0.7126412724989535
0.10510673922143156,0.7132691502720804
0.10510673922143156,0.7134784428631227
0.10519045625784847,0.7134784428631227
0.10519045625784847,0.713687735454165
0.10531603181247384,0.713687735454165
0.10531603181247384,0.7138970280452072
0.10552532440351611,0.7138970280452072
0.10552532440351611,0.7141063206362495
0.10556718292172457,0.7141063206362495
0.10556718292172457,0.7143156132272918
0.1057346169945584,0.7143156132272918
0.1057346169945584,0.7147341984093764
0.10586019254918376,0.7147341984093764
0.10586019254918376,0.7149434910004185
0.10594390958560067,0.7149434910004185
0.10594390958560067,0.7153620761825031
0.10606948514022603,0.7153620761825031
0.10606948514022603,0.7161992465466722
0.10606948514022603,0.7166178317287568
0.10615320217664295,0.7166178317287568
0.10615320217664295,0.7170364169108413
0.10623691921305986,0.7170364169108413
0.10623691921305986,0.7172457095018836
0.10627877773126831,0.7172457095018836
0.10627877773126831,0.7180828798660528
0.10640435328589368,0.7180828798660528
0.10640435328589368,0.7185014650481373
0.10644621180410213,0.7185014650481373
0.10644621180410213,0.7191293428212642
0.10644621180410213,0.7199665131854333
0.10648807032231059,0.7199665131854333
0.10648807032231059,0.72059439095856
0.10652992884051904,0.72059439095856
0.10652992884051904,0.7210129761406446
0.10657178735872751,0.7210129761406446
0.10657178735872751,0.7214315613227291
0.10657178735872751,0.7216408539137714
0.10669736291335287,0.7216408539137714
0.10669736291335287,0.722059439095856
0.10673922143156132,0.722059439095856
0.10673922143156132,0.7222687316868983
0.10678107994976978,0.7222687316868983
0.10678107994976978,0.7228966094600251
0.10678107994976978,0.7237337798241942
0.10682293846797823,0.7237337798241942
0.10682293846797823,0.7239430724152365
0.10699037254081206,0.7239430724152365
0.10699037254081206,0.7245709501883634
0.10703223105902052,0.7245709501883634
0.10703223105902052,0.7249895353704479
0.10703223105902052,0.7258267057346169
0.10711594809543742,0.7258267057346169
0.10711594809543742,0.7260359983256592
0.10745081624110507,0.7260359983256592
0.10745081624110507,0.7262452909167015
0.10757639179573043,0.7262452909167015
0.10757639179573043,0.7264545835077438
0.10774382586856425,0.7264545835077438
0.10774382586856425,0.7266638760987861
0.10782754290498116,0.7266638760987861
0.10782754290498116,0.7270824612808706
0.10782754290498116,0.7272917538719129
0.10791125994139808,0.7272917538719129
0.10791125994139808,0.7275010464629552
0.10791125994139808,0.7283382168271243
0.10795311845960653,0.7283382168271243
0.10795311845960653,0.7285475094181666
0.10799497697781499,0.7285475094181666
0.10799497697781499,0.7287568020092089
0.10812055253244035,0.7287568020092089
0.10812055253244035,0.7293846797823357
0.10812055253244035,0.7306404353285894
0.10837170364169109,0.7306404353285894
0.10837170364169109,0.7308497279196317
0.10841356215989954,0.7308497279196317
0.10841356215989954,0.731059020510674
0.108455420678108,0.731059020510674
0.108455420678108,0.7314776056927584
0.108455420678108,0.7321054834658853
0.108455420678108,0.7323147760569276
0.10895772289660946,0.7323147760569276
0.10895772289660946,0.7327333612390121
0.10908329845123482,0.7327333612390121
0.10908329845123482,0.7329426538300544
0.10916701548765173,0.7329426538300544
0.10916701548765173,0.733361239012139
0.1092088740058602,0.733361239012139
0.1092088740058602,0.7341984093763081
0.1092088740058602,0.7344077019673504
0.10925073252406865,0.7344077019673504
0.10925073252406865,0.7346169945583926
0.1092925910422771,0.7346169945583926
0.1092925910422771,0.7350355797404772
0.1092925910422771,0.7358727501046463
0.10954374215152783,0.7358727501046463
0.10954374215152783,0.7362913352867309
0.10954374215152783,0.7367099204688154
0.10954374215152783,0.7369192130598576
0.10958560066973629,0.7369192130598576
0.10958560066973629,0.7373377982419422
0.10975303474257012,0.7373377982419422
0.10975303474257012,0.7377563834240268
0.10979489326077857,0.7377563834240268
0.10979489326077857,0.7390121389702804
0.11012976140644622,0.7390121389702804
0.11012976140644622,0.7392214315613227
0.11046462955211385,0.7392214315613227
0.11046462955211385,0.739430724152365
0.11054834658853077,0.739430724152365
0.11054834658853077,0.7396400167434073
0.11059020510673923,0.7396400167434073
0.11059020510673923,0.7404771871075764
0.11063206362494768,0.7404771871075764
0.11063206362494768,0.7406864796986187
0.11063206362494768,0.7411050648807033
0.11063206362494768,0.7413143574717455
0.11063206362494768,0.74173294265383
0.11063206362494768,0.7419422352448724
0.11071578066136459,0.7419422352448724
0.11071578066136459,0.7427794056090414
0.11071578066136459,0.743197990791126
0.11071578066136459,0.7434072833821682
0.1107994976977815,0.7434072833821682
0.1107994976977815,0.7442444537463374
0.1107994976977815,0.7444537463373797
0.1108832147341984,0.7444537463373797
0.1108832147341984,0.7446630389284219
0.1108832147341984,0.7450816241105065
0.11100879028882378,0.7450816241105065
0.11109250732524069,0.7450816241105065
0.1112599413980745,0.7450816241105065
0.1112599413980745,0.7455002092925911
0.11151109250732524,0.7455002092925911
0.11151109250732524,0.7461280870657179
0.11180410213478442,0.7461280870657179
0.11180410213478442,0.7463373796567602
0.11213897028045207,0.7463373796567602
0.11213897028045207,0.7465466722478025
0.11218082879866052,0.7465466722478025
0.11218082879866052,0.7467559648388447
0.11268313101716199,0.7467559648388447
0.11268313101716199,0.746965257429887
0.11272498953537045,0.746965257429887
0.11272498953537045,0.7471745500209293
0.11276684805357891,0.7471745500209293
0.11276684805357891,0.7475931352030138
0.11280870657178736,0.7475931352030138
0.11280870657178736,0.7480117203850983
0.11285056508999582,0.7480117203850983
0.11285056508999582,0.7488488907492675
0.11301799916282963,0.7488488907492675
0.11301799916282963,0.7490581833403097
0.11301799916282963,0.7494767685223943
0.11301799916282963,0.7496860611134366
0.11305985768103809,0.7496860611134366
0.11305985768103809,0.7498953537044789
0.11305985768103809,0.7505232314776057
0.11331100879028883,0.7505232314776057
0.11331100879028883,0.7513604018417748
0.11331100879028883,0.7515696944328171
0.11356215989953955,0.7515696944328171
0.11356215989953955,0.7524068647969862
0.11364587693595647,0.7524068647969862
0.11364587693595647,0.7526161573880285
0.11368773545416493,0.7526161573880285
0.11368773545416493,0.7528254499790707
0.11372959397237338,0.7528254499790707
0.11372959397237338,0.753034742570113
0.11377145249058183,0.753034742570113
0.11377145249058183,0.7532440351611553
0.11385516952699874,0.7532440351611553
0.11385516952699874,0.7534533277521975
0.11393888656341565,0.7534533277521975
0.11393888656341565,0.7536626203432398
0.1139807450816241,0.7536626203432398
0.1139807450816241,0.7540812055253244
0.1139807450816241,0.7547090832984512
0.1139807450816241,0.7549183758894935
0.1139807450816241,0.7553369610715781
0.11402260359983257,0.7553369610715781
0.11402260359983257,0.7555462536626203
0.11410632063624948,0.7555462536626203
0.11410632063624948,0.7561741314357472
0.11444118878191711,0.7561741314357472
0.11444118878191711,0.756802009208874
0.11444118878191711,0.7574298869820009
0.11448304730012558,0.7574298869820009
0.11448304730012558,0.75826705734617
0.11452490581833404,0.75826705734617
0.11452490581833404,0.7584763499372122
0.11460862285475094,0.7584763499372122
0.11469233989116785,0.7584763499372122
0.1147341984093763,0.7584763499372122
0.1147341984093763,0.759104227710339
0.11506906655504395,0.759104227710339
0.11506906655504395,0.7593135203013813
0.11527835914608622,0.7593135203013813
0.11527835914608622,0.7595228128924236
0.11532021766429468,0.7595228128924236
0.11532021766429468,0.7597321054834659
0.11548765173712851,0.7597321054834659
0.11548765173712851,0.7601506906655504
0.11548765173712851,0.7603599832565927
0.11561322729175387,0.7603599832565927
0.11561322729175387,0.760569275847635
0.11573880284637923,0.760569275847635
0.11573880284637923,0.7607785684386773
0.11590623691921306,0.7607785684386773
0.11590623691921306,0.7611971536207618
0.11594809543742152,0.7611971536207618
0.11594809543742152,0.7614064462118041
0.11598995395562997,0.7614064462118041
0.11598995395562997,0.7618250313938887
0.11611552951025533,0.7618250313938887
0.11611552951025533,0.7622436165759732
0.11615738802846379,0.7622436165759732
0.11615738802846379,0.7624529091670155
0.11619924654667224,0.7624529091670155
0.11619924654667224,0.7626622017580578
0.11619924654667224,0.7630807869401424
0.11640853913771453,0.7630807869401424
0.11640853913771453,0.7637086647132691
0.11678526580159063,0.7637086647132691
0.11678526580159063,0.7641272498953537
0.11686898283800753,0.7641272498953537
0.11686898283800753,0.7645458350774382
0.11686898283800753,0.7655922980326496
0.11695269987442444,0.7655922980326496
0.11695269987442444,0.7658015906236919
0.1169945583926329,0.7658015906236919
0.1169945583926329,0.7660108832147342
0.1170782754290498,0.7660108832147342
0.1170782754290498,0.7664294683968188
0.11749686061113436,0.7664294683968188
0.11749686061113436,0.766638760987861
0.11787358727501046,0.766638760987861
0.11787358727501046,0.7670573461699456
0.11795730431142737,0.7670573461699456
0.11795730431142737,0.7674759313520302
0.11795730431142737,0.7676852239430724
0.11816659690246965,0.7676852239430724
0.11816659690246965,0.7687316868982838
0.11845960652992885,0.7687316868982838
0.11845960652992885,0.768940979489326
0.11854332356634575,0.768940979489326
0.11854332356634575,0.7693595646714106
0.11862704060276266,0.7693595646714106
0.11862704060276266,0.7695688572624529
0.11879447467559648,0.7695688572624529
0.11879447467559648,0.7701967350355797
0.11879447467559648,0.7706153202176643
0.11883633319380493,0.7706153202176643
0.11883633319380493,0.7708246128087066
0.11892005023022185,0.7708246128087066
0.11892005023022185,0.7710339053997488
0.11900376726663876,0.7710339053997488
0.11900376726663876,0.7712431979907911
0.11900376726663876,0.7716617831728757
0.11900376726663876,0.771871075763918
0.11908748430305567,0.771871075763918
0.11908748430305567,0.7720803683549602
0.11925491837588949,0.7720803683549602
0.11925491837588949,0.7722896609460025
0.11929677689409796,0.7722896609460025
0.11929677689409796,0.7735454164922562
0.11938049393051486,0.7735454164922562
0.11938049393051486,0.7745918794474675
0.11938049393051486,0.7750104646295521
0.11946421096693177,0.7750104646295521
0.11946421096693177,0.7754290498116366
0.11954792800334868,0.7754290498116366
0.11954792800334868,0.7756383424026789
0.1197153620761825,0.7756383424026789
0.1197153620761825,0.7760569275847635
0.11996651318543324,0.7760569275847635
0.11996651318543324,0.7762662201758058
0.12005023022185014,0.7762662201758058
0.12005023022185014,0.7766848053578903
0.12005023022185014,0.7771033905399749
0.12005023022185014,0.777940560904144
0.12013394725826705,0.777940560904144
0.12021766429468397,0.777940560904144
0.12021766429468397,0.7781498534951863
0.12025952281289243,0.7781498534951863
0.12025952281289243,0.7798241942235244
0.12051067392214315,0.7798241942235244
0.12051067392214315,0.780242779405609
0.1205525324403516,0.780242779405609
0.1205525324403516,0.7810799497697781
0.12059439095856006,0.7810799497697781
0.12059439095856006,0.7812892423608204
0.12067810799497698,0.7812892423608204
0.12067810799497698,0.7814985349518627
0.1208455420678108,0.7814985349518627
0.1208455420678108,0.781707827542905
0.12097111762243616,0.781707827542905
0.12097111762243616,0.7819171201339472
0.12138970280452072,0.7819171201339472
0.12138970280452072,0.7823357053160318
0.12151527835914609,0.7823357053160318
0.12151527835914609,0.7827542904981164
0.12155713687735455,0.7827542904981164
0.12155713687735455,0.7831728756802009
0.12168271243197991,0.7831728756802009
0.12168271243197991,0.7833821682712432
0.12168271243197991,0.7838007534533278
0.12172457095018836,0.7838007534533278
0.12172457095018836,0.7842193386354123
0.12180828798660527,0.7842193386354123
0.12180828798660527,0.7846379238174969
0.12189200502302218,0.7846379238174969
0.12189200502302218,0.7850565089995815
0.1219757220594391,0.7850565089995815
0.1219757220594391,0.7856843867727082
0.12205943909585601,0.7856843867727082
0.12205943909585601,0.7858936793637505
0.12235244872331519,0.7858936793637505
0.12235244872331519,0.7865215571368773
0.12247802427794056,0.7865215571368773
0.12247802427794056,0.7867308497279196
0.12251988279614902,0.7867308497279196
0.12251988279614902,0.7869401423189619
0.12260359983256593,0.7869401423189619
0.12260359983256593,0.7873587275010465
0.12277103390539974,0.7873587275010465
0.12277103390539974,0.7875680200920887
0.12285475094181666,0.7875680200920887
0.12285475094181666,0.787777312683131
0.12293846797823357,0.787777312683131
0.12293846797823357,0.7879866052741733
0.12298032649644203,0.7879866052741733
0.12298032649644203,0.7881958978652156
0.12298032649644203,0.7886144830473001
0.12310590205106739,0.7886144830473001
0.12310590205106739,0.7888237756383424
0.1231896190874843,0.7888237756383424
0.1231896190874843,0.789242360820427
0.12323147760569275,0.789242360820427
0.12323147760569275,0.7894516534114693
0.12327333612390122,0.7894516534114693
0.12327333612390122,0.7896609460025115
0.12360820426956885,0.7896609460025115
0.12360820426956885,0.7898702385935538
0.12406864796986186,0.7898702385935538
0.12406864796986186,0.7900795311845961
0.12406864796986186,0.7909167015487651
0.12415236500627878,0.7909167015487651
0.12415236500627878,0.7911259941398074
0.12427794056090415,0.7911259941398074
0.12427794056090415,0.7913352867308497
0.12436165759732105,0.7913352867308497
0.12436165759732105,0.791544579321892
0.12457095018836334,0.791544579321892
0.12457095018836334,0.7917538719129343
0.12457095018836334,0.7921724570950188
0.12478024277940561,0.7921724570950188
0.12478024277940561,0.7930096274591879
0.12478024277940561,0.7932189200502302
0.12478024277940561,0.7938467978233571
0.1250732524068648,0.7938467978233571
0.1250732524068648,0.7942653830054416
0.12528254499790709,0.7942653830054416
0.12528254499790709,0.7946839681875262
0.1254499790707409,0.7946839681875262
0.1254499790707409,0.7948932607785685
0.1255336961071578,0.7948932607785685
0.1255336961071578,0.7951025533696107
0.12557555462536626,0.7951025533696107
0.12557555462536626,0.7957304311427376
0.12570113017999163,0.7957304311427376
0.12570113017999163,0.7963583089158643
0.1262034323984931,0.7963583089158643
0.1262034323984931,0.7967768940979489
0.12628714943491,0.7967768940979489
0.12628714943491,0.7969861866889912
0.12632900795311847,0.7969861866889912
0.12632900795311847,0.7971954792800335
0.12632900795311847,0.797614064462118
0.12645458350774383,0.797614064462118
0.12645458350774383,0.7978233570531603
0.12649644202595228,0.7978233570531603
0.12649644202595228,0.7982419422352449
0.12670573461699455,0.7982419422352449
0.12670573461699455,0.7986605274173294
0.12678945165341146,0.7986605274173294
0.12712431979907912,0.7986605274173294
0.12712431979907912,0.7988698200083717
0.12716617831728758,0.7988698200083717
0.12716617831728758,0.7992884051904563
0.12729175387191294,0.7992884051904563
0.12729175387191294,0.7997069903725408
0.12745918794474675,0.7997069903725408
0.12745918794474675,0.7999162829635831
0.12754290498116366,0.7999162829635831
0.12754290498116366,0.8001255755546254
0.12775219757220593,0.8001255755546254
0.12775219757220593,0.8003348681456677
0.12783591460862284,0.8003348681456677
0.12783591460862284,0.80054416073671
0.1282544997907074,0.80054416073671
0.1282544997907074,0.8007534533277522
0.12842193386354123,0.8007534533277522
0.12842193386354123,0.8009627459187945
0.12858936793637504,0.8009627459187945
0.12858936793637504,0.8013813311008791
0.12858936793637504,0.8015906236919214
0.1287149434910004,0.8015906236919214
0.1287149434910004,0.8020092088740058
0.12904981163666807,0.8020092088740058
0.12904981163666807,0.8026370866471327
0.12921724570950188,0.8026370866471327
0.12921724570950188,0.8032649644202595
0.12921724570950188,0.8034742570113018
0.1293846797823357,0.8034742570113018
0.1293846797823357,0.8036835496023441
0.12963583089158645,0.8036835496023441
0.12963583089158645,0.8043114273754709
0.1296776894097949,0.8043114273754709
0.1296776894097949,0.8045207199665132
0.12971954792800336,0.8045207199665132
0.12971954792800336,0.8047300125575555
0.1297614064462118,0.8047300125575555
0.1297614064462118,0.80514859773964
0.12992884051904563,0.80514859773964
0.12992884051904563,0.8055671829217246
0.12992884051904563,0.8059857681038092
0.13001255755546254,0.8059857681038092
0.13001255755546254,0.8064043532858937
0.13026370866471326,0.8064043532858937
0.13026370866471326,0.806613645876936
0.13043114273754708,0.806613645876936
0.13043114273754708,0.8070322310590206
0.13068229384679783,0.8070322310590206
0.13068229384679783,0.8072415236500627
0.13068229384679783,0.8082879866052741
0.13093344495604856,0.8082879866052741
0.13093344495604856,0.8084972791963164
0.13118459606529928,0.8084972791963164
0.13118459606529928,0.8087065717873587
0.13143574717455003,0.8087065717873587
0.13151946421096694,0.8087065717873587
0.13151946421096694,0.8091251569694433
0.13160318124738385,0.8091251569694433
0.13160318124738385,0.8093344495604856
0.13168689828380076,0.8093344495604856
0.13177061532021767,0.8093344495604856
0.13185433235663457,0.8093344495604856
0.13185433235663457,0.8097530347425701
0.13193804939305148,0.8097530347425701
0.13193804939305148,0.8099623273336124
0.1320217664294684,0.8099623273336124
0.1320217664294684,0.810380912515697
0.13206362494767684,0.810380912515697
0.13206362494767684,0.8105902051067392
0.1321892005023022,0.8105902051067392
0.1321892005023022,0.8107994976977815
0.13223105902051066,0.8107994976977815
0.13223105902051066,0.8110087902888238
0.13252406864796987,0.8110087902888238
0.13252406864796987,0.8112180828798661
0.13260778568438678,0.8112180828798661
0.13260778568438678,0.8118459606529929
0.13269150272080368,0.8118459606529929
0.13269150272080368,0.8124738384261198
0.1328589367936375,0.8124738384261198
0.1328589367936375,0.8126831310171619
0.1329426538300544,0.8126831310171619
0.1329426538300544,0.8131017161992465
0.1329426538300544,0.8133110087902888
0.1329426538300544,0.8141481791544579
0.13298451234826286,0.8141481791544579
0.13298451234826286,0.8145667643365425
0.13298451234826286,0.8147760569275848
0.13331938049393052,0.8147760569275848
0.13331938049393052,0.8151946421096693
0.13336123901213898,0.8151946421096693
0.13336123901213898,0.8156132272917539
0.13336123901213898,0.8158225198827962
0.1335286730849728,0.8158225198827962
0.1335286730849728,0.8160318124738384
0.1336123901213897,0.8160318124738384
0.1336123901213897,0.8168689828380076
0.13390539974884888,0.8168689828380076
0.13390539974884888,0.8170782754290498
0.13415655085809963,0.8170782754290498
0.13415655085809963,0.8172875680200921
0.1341984093763081,0.8172875680200921
0.1341984093763081,0.8174968606111344
0.13424026789451654,0.8174968606111344
0.13424026789451654,0.817915445793219
0.13424026789451654,0.8183340309753034
0.134282126412725,0.8183340309753034
0.134282126412725,0.8193804939305148
0.1344495604855588,0.8193804939305148
0.1344495604855588,0.8197990791125994
0.13449141900376727,0.8197990791125994
0.13449141900376727,0.8200083717036417
0.13499372122226874,0.8200083717036417
0.13499372122226874,0.8204269568857262
0.1351192967768941,0.8204269568857262
0.1351192967768941,0.8208455420678108
0.1351192967768941,0.8212641272498954
0.1351192967768941,0.8216827124319799
0.135203013813311,0.8216827124319799
0.135203013813311,0.8218920050230222
0.1354960234407702,0.8218920050230222
0.1354960234407702,0.8221012976140645
0.13553788195897865,0.8221012976140645
0.13553788195897865,0.8227291753871913
0.1355797404771871,0.8227291753871913
0.1355797404771871,0.8229384679782336
0.13570531603181246,0.8229384679782336
0.13570531603181246,0.8233570531603182
0.13570531603181246,0.8235663457513605
0.13574717455002092,0.8235663457513605
0.13574717455002092,0.8239849309334449
0.13583089158643785,0.8239849309334449
0.13583089158643785,0.8246128087065718
0.13595646714106321,0.8246128087065718
0.13595646714106321,0.8250313938886563
0.13604018417748012,0.8250313938886563
0.13604018417748012,0.8256592716617832
0.13604018417748012,0.8260778568438677
0.13608204269568858,0.8260778568438677
0.13608204269568858,0.82628714943491
0.13616575973210548,0.82628714943491
0.1364169108413562,0.82628714943491
0.1364169108413562,0.8267057346169946
0.13650062787777312,0.8267057346169946
0.13650062787777312,0.8271243197990791
0.13687735454164923,0.8271243197990791
0.13687735454164923,0.8273336123901214
0.13687735454164923,0.827752197572206
0.13687735454164923,0.8279614901632483
0.13687735454164923,0.8287986605274174
0.13687735454164923,0.8290079531184597
0.13704478861448305,0.8290079531184597
0.13704478861448305,0.8296358308915864
0.1370866471326915,0.8296358308915864
0.1370866471326915,0.830054416073671
0.1370866471326915,0.8302637086647132
0.1371703641691084,0.8302637086647132
0.1371703641691084,0.8304730012557555
0.13733779824194223,0.8304730012557555
0.13733779824194223,0.8308915864378401
0.13733779824194223,0.8315194642109669
0.1374633737965676,0.8315194642109669
0.1374633737965676,0.8321473419840938
0.13750523231477604,0.8321473419840938
0.13750523231477604,0.8325659271661783
0.1376726663876099,0.8325659271661783
0.1376726663876099,0.8329845123482629
0.13771452490581834,0.8329845123482629
0.13771452490581834,0.8331938049393052
0.1378401004604437,0.8331938049393052
0.1378401004604437,0.8334030975303475
0.13809125156969443,0.8334030975303475
0.13809125156969443,0.8336123901213897
0.13813311008790288,0.8336123901213897
0.13813311008790288,0.833821682712432
0.13817496860611134,0.833821682712432
0.13817496860611134,0.8342402678945166
0.1382168271243198,0.8342402678945166
0.1382168271243198,0.8344495604855588
0.1382168271243198,0.8348681456676433
0.1382168271243198,0.8350774382586856
0.13834240267894515,0.8350774382586856
0.13834240267894515,0.8352867308497279
0.13834240267894515,0.8357053160318125
0.13888656341565508,0.8357053160318125
0.13888656341565508,0.8359146086228547
0.13892842193386354,0.8359146086228547
0.13892842193386354,0.836123901213897
0.138970280452072,0.836123901213897
0.138970280452072,0.8363331938049393
0.138970280452072,0.8369610715780661
0.13901213897028045,0.8369610715780661
0.13901213897028045,0.837588949351193
0.13901213897028045,0.8377982419422353
0.13901213897028045,0.8382168271243198
0.13917957304311426,0.8382168271243198
0.13917957304311426,0.8386354123064044
0.13922143156132272,0.8386354123064044
0.13922143156132272,0.8392632900795312
0.1393470071159481,0.8392632900795312
0.1393470071159481,0.8401004604437003
0.13947258267057347,0.8401004604437003
0.13947258267057347,0.8405190456257848
0.13955629970699038,0.8405190456257848
0.13959815822519883,0.8405190456257848
0.13959815822519883,0.8409376308078694
0.13964001674340729,0.8409376308078694
0.13964001674340729,0.8411469233989117
0.13968187526161574,0.8411469233989117
0.13968187526161574,0.8415655085809962
0.1398074508162411,0.8415655085809962
0.1398074508162411,0.8424026789451653
0.13984930933444956,0.8424026789451653
0.13984930933444956,0.8434491419003767
0.13993302637086646,0.8434491419003767
0.13993302637086646,0.843658434491419
0.13997488488907492,0.843658434491419
0.13997488488907492,0.8442863122645459
0.13997488488907492,0.8444956048555882
0.14014231896190874,0.8444956048555882
0.14014231896190874,0.8447048974466304
0.14035161155295103,0.8447048974466304
0.14035161155295103,0.8449141900376727
0.1403934700711595,0.8449141900376727
0.1403934700711595,0.845123482628715
0.1404771871075764,0.845123482628715
0.1404771871075764,0.8455420678107995
0.1405609041439933,0.8455420678107995
0.1405609041439933,0.845960652992884
0.14060276266220176,0.845960652992884
0.14060276266220176,0.8461699455839263
0.14081205525324403,0.8461699455839263
0.14089577228966094,0.8461699455839263
0.14089577228966094,0.8465885307660109
0.1409376308078694,0.8465885307660109
0.1409376308078694,0.8467978233570531
0.14097948932607784,0.8467978233570531
0.14097948932607784,0.8472164085391377
0.1411469233989117,0.8472164085391377
0.1411469233989117,0.84742570113018
0.14127249895353705,0.84742570113018
0.14127249895353705,0.8478442863122645
0.14135621598995396,0.8478442863122645
0.14135621598995396,0.8480535789033068
0.14148179154457932,0.8480535789033068
0.14148179154457932,0.8482628714943491
0.14160736709920468,0.8482628714943491
0.14160736709920468,0.8484721640853914
0.14173294265383005,0.8484721640853914
0.14173294265383005,0.848890749267476
0.14181665969024695,0.848890749267476
0.14181665969024695,0.8491000418585182
0.14190037672666386,0.8491000418585182
0.14190037672666386,0.8495186270406028
0.14190037672666386,0.8497279196316451
0.14194223524487234,0.8497279196316451
0.14194223524487234,0.8503557974047719
0.14194223524487234,0.8505650899958141
0.1419840937630808,0.8505650899958141
0.1419840937630808,0.8509836751778987
0.14202595228128925,0.8509836751778987
0.14202595228128925,0.8511929677689409
0.14215152783591462,0.8511929677689409
0.14215152783591462,0.8516115529510255
0.1425282544997907,0.8516115529510255
0.1425282544997907,0.8518208455420678
0.1426119715362076,0.8518208455420678
0.14265383005441606,0.8518208455420678
0.14265383005441606,0.8520301381331101
0.14277940560904143,0.8520301381331101
0.14277940560904143,0.8522394307241523
0.14286312264545836,0.8522394307241523
0.14286312264545836,0.8524487233151946
0.14298869820008372,0.8524487233151946
0.14298869820008372,0.8526580159062369
0.14303055671829218,0.8526580159062369
0.14303055671829218,0.8532858936793638
0.14307241523650063,0.8532858936793638
0.14307241523650063,0.8537044788614483
0.1431142737547091,0.8537044788614483
0.1431142737547091,0.8539137714524906
0.14323984930933445,0.8539137714524906
0.14323984930933445,0.8541230640435329
0.14323984930933445,0.8547509418166597
0.14344914190037672,0.8547509418166597
0.14344914190037672,0.8555881121808288
0.14344914190037672,0.855797404771871
0.14353285893679363,0.855797404771871
0.14353285893679363,0.856425282544998
0.143658434491419,0.856425282544998
0.143658434491419,0.857262452909167
0.14370029300962747,0.857262452909167
0.14370029300962747,0.8578903306822938
0.14370029300962747,0.8580996232733361
0.14378401004604438,0.8580996232733361
0.14378401004604438,0.858727501046463
0.14382586856425283,0.858727501046463
0.14382586856425283,0.8591460862285475
0.14382586856425283,0.8593553788195898
0.14390958560066974,0.8593553788195898
0.14390958560066974,0.8595646714106321
0.1439514441188782,0.8595646714106321
0.1439514441188782,0.8601925491837589
0.14407701967350356,0.8601925491837589
0.14407701967350356,0.8606111343658435
0.14424445374633738,0.8606111343658435
0.14424445374633738,0.8608204269568858
0.1444118878191712,0.8608204269568858
0.1444118878191712,0.8612390121389703
0.14453746337379655,0.8612390121389703
0.14453746337379655,0.8616575973210548
0.14466303892842194,0.8616575973210548
0.14466303892842194,0.8620761825031394
0.14466303892842194,0.8624947676852239
0.1447048974466304,0.8624947676852239
0.1447048974466304,0.8627040602762662
0.14487233151946421,0.8627040602762662
0.14487233151946421,0.8629133528673085
0.14503976559229803,0.8629133528673085
0.14503976559229803,0.8631226454583508
0.14508162411050649,0.8631226454583508
0.14508162411050649,0.8635412306404353
0.14508162411050649,0.8637505232314776
0.14508162411050649,0.8641691084135622
0.14520719966513185,0.8641691084135622
0.14520719966513185,0.8643784010046044
0.1453327752197572,0.8643784010046044
0.1453327752197572,0.8650062787777313
0.1453327752197572,0.8654248639598158
0.1453327752197572,0.8656341565508581
0.14575136040184178,0.8656341565508581
0.14575136040184178,0.8660527417329427
0.1458350774382587,0.8660527417329427
0.1458350774382587,0.866262034323985
0.14587693595646714,0.866262034323985
0.14587693595646714,0.8666806195060694
0.14616994558392632,0.8666806195060694
0.14616994558392632,0.867099204688154
0.14625366262034323,0.867099204688154
0.14633737965676016,0.867099204688154
0.14709083298451234,0.867099204688154
0.14709083298451234,0.8675177898702386
0.14709083298451234,0.8677270824612808
0.14738384261197154,0.8677270824612808
0.14738384261197154,0.8679363750523231
0.14742570113018,0.8679363750523231
0.14742570113018,0.8681456676433654
0.14746755964838845,0.8681456676433654
0.14746755964838845,0.8683549602344077
0.14755127668480536,0.8683549602344077
0.14755127668480536,0.86856425282545
0.14792800334868145,0.86856425282545
0.14792800334868145,0.8687735454164922
0.14801172038509836,0.8687735454164922
0.14801172038509836,0.8689828380075345
0.14801172038509836,0.8694014231896191
0.1481791544579322,0.8694014231896191
0.1481791544579322,0.8698200083717036
0.148807032231059,0.8698200083717036
0.148807032231059,0.8700293009627459
0.14884889074926747,0.8700293009627459
0.14884889074926747,0.8704478861448305
0.14905818334030976,0.8704478861448305
0.14905818334030976,0.8710757639179573
0.14914190037672667,0.8710757639179573
0.14914190037672667,0.8717036416910842
0.14918375889493513,0.8717036416910842
0.14918375889493513,0.8719129342821265
0.14922561741314358,0.8719129342821265
0.14922561741314358,0.872331519464211
0.14960234407701967,0.872331519464211
0.14960234407701967,0.8725408120552532
0.14976977814985348,0.8725408120552532
0.14976977814985348,0.8729593972373378
0.14989535370447887,0.8729593972373378
0.14989535370447887,0.87316868982838
0.14993721222268733,0.87316868982838
0.14993721222268733,0.8744244453746337
0.14997907074089578,0.8744244453746337
0.14997907074089578,0.874633737965676
0.14997907074089578,0.8756802009208874
0.15010464629552114,0.8756802009208874
0.15010464629552114,0.8763080786940143
0.15035579740477187,0.8763080786940143
0.15035579740477187,0.8765173712850565
0.15043951444118878,0.8765173712850565
0.15048137295939723,0.8765173712850565
0.15048137295939723,0.8767266638760988
0.15064880703223105,0.8767266638760988
0.15064880703223105,0.8771452490581834
0.15073252406864798,0.8771452490581834
0.15077438258685644,0.8771452490581834
0.15077438258685644,0.8779824194223524
0.15077438258685644,0.878401004604437
0.15115110925073252,0.878401004604437
0.15115110925073252,0.8786102971954792
0.15140226035998325,0.8786102971954792
0.15140226035998325,0.8788195897865215
0.1515278359146086,0.8788195897865215
0.1515278359146086,0.8790288823775638
0.1515278359146086,0.8796567601506907
0.1515278359146086,0.8804939305148598
0.1517371285056509,0.8804939305148598
0.1517371285056509,0.8813311008790289
0.15194642109669318,0.8813311008790289
0.15194642109669318,0.8817496860611135
0.15198827961490163,0.8817496860611135
0.15198827961490163,0.882168271243198
0.15207199665131854,0.882168271243198
0.15207199665131854,0.8825868564252826
0.1521975722059439,0.8825868564252826
0.1521975722059439,0.883005441607367
0.15240686479698617,0.883005441607367
0.15240686479698617,0.8832147341984093
0.15240686479698617,0.8840519045625785
0.15257429886982002,0.8840519045625785
0.15257429886982002,0.8842611971536207
0.15269987442444538,0.8842611971536207
0.15269987442444538,0.884470489744663
0.1528673084972792,0.884470489744663
0.1528673084972792,0.8848890749267476
0.15307660108832147,0.8848890749267476
0.15307660108832147,0.8850983675177899
0.15320217664294683,0.8850983675177899
0.15320217664294683,0.8853076601088321
0.15324403516115528,0.8853076601088321
0.15324403516115528,0.8855169526998744
0.1533277521975722,0.8855169526998744
0.1533277521975722,0.8857262452909167
0.15395562997069903,0.8857262452909167
0.15395562997069903,0.8863541230640435
0.15399748848890749,0.8863541230640435
0.15399748848890749,0.8867727082461281
0.1542904981163667,0.8867727082461281
0.1542904981163667,0.8869820008371704
0.15454164922561742,0.8869820008371704
0.15454164922561742,0.8874005860192549
0.15458350774382587,0.8874005860192549
0.15458350774382587,0.8876098786102972
0.15470908329845123,0.8876098786102972
0.15470908329845123,0.8878191712013395
0.15487651737128505,0.8878191712013395
0.15487651737128505,0.8880284637923818
0.1549183758894935,0.8880284637923818
0.1549183758894935,0.8882377563834241
0.15496023440770196,0.8882377563834241
0.15496023440770196,0.8884470489744664
0.1550020929259104,0.8884470489744664
0.1550020929259104,0.8886563415655085
0.15516952699874426,0.8886563415655085
0.15516952699874426,0.8888656341565508
0.15525324403516116,0.8888656341565508
0.15525324403516116,0.8890749267475931
0.15537881958978653,0.8890749267475931
0.15537881958978653,0.8892842193386354
0.15542067810799498,0.8892842193386354
0.15542067810799498,0.8894935119296777
0.15546253662620343,0.8894935119296777
0.15546253662620343,0.8901213897028045
0.1555043951444119,0.8901213897028045
0.1555043951444119,0.8903306822938468
0.15562997069903725,0.8903306822938468
0.15562997069903725,0.8909585600669736
0.15604855588112182,0.8909585600669736
0.15604855588112182,0.8913771452490582
0.15609041439933027,0.8913771452490582
0.15609041439933027,0.8915864378401005
0.15663457513604018,0.8915864378401005
0.15663457513604018,0.8917957304311427
0.15676015069066554,0.8917957304311427
0.15676015069066554,0.892005023022185
0.156802009208874,0.892005023022185
0.156802009208874,0.8926329007953119
0.15684386772708245,0.8926329007953119
0.15684386772708245,0.8930514859773964
0.15688572624529093,0.8930514859773964
0.15688572624529093,0.8932607785684387
0.15692758476349938,0.8932607785684387
0.15692758476349938,0.893470071159481
0.1578484721640854,0.893470071159481
0.1578484721640854,0.8938886563415656
0.15818334030975303,0.8938886563415656
0.15818334030975303,0.8947258267057346
0.1583089158643784,0.8947258267057346
0.1583089158643784,0.8951444118878191
0.1584763499372122,0.8951444118878191
0.1584763499372122,0.8955629970699037
0.1586856425282545,0.8955629970699037
0.1586856425282545,0.895772289660946
0.15881121808287987,0.895772289660946
0.15881121808287987,0.8964001674340728
0.15902051067392214,0.8964001674340728
0.15902051067392214,0.8968187526161574
0.15910422771033905,0.8968187526161574
0.15910422771033905,0.897237337798242
0.15918794474675596,0.897237337798242
0.15918794474675596,0.8976559229803265
0.15935537881958978,0.8976559229803265
0.15935537881958978,0.8980745081624111
0.15985768103809125,0.8980745081624111
0.15985768103809125,0.8982838007534534
0.15994139807450816,0.8982838007534534
0.15994139807450816,0.8984930933444956
0.15994139807450816,0.8989116785265802
0.1601925491837589,0.8989116785265802
0.1601925491837589,0.8991209711176225
0.1604855588112181,0.8991209711176225
0.1604855588112181,0.8995395562997069
0.1604855588112181,0.9003767266638761
0.16073670992046882,0.9003767266638761
0.16073670992046882,0.9005860192549183
0.16123901213897027,0.9005860192549183
0.16123901213897027,0.9007953118459606
0.16144830473001257,0.9007953118459606
0.16144830473001257,0.9010046044370029
0.16144830473001257,0.9014231896190875
0.1616994558392633,0.9014231896190875
0.1616994558392633,0.9016324822101298
0.16182503139388865,0.9016324822101298
0.16190874843030556,0.9016324822101298
0.16190874843030556,0.9020510673922143
0.16195060694851401,0.9020510673922143
0.16203432398493092,0.9020510673922143
0.16228547509418167,0.9020510673922143
0.16228547509418167,0.9024696525742989
0.16241105064880704,0.9024696525742989
0.16241105064880704,0.9026789451653412
0.1624529091670155,0.9026789451653412
0.1624529091670155,0.9028882377563834
0.1626203432398493,0.9028882377563834
0.1626203432398493,0.903306822938468
0.16358308915864378,0.903306822938468
0.16358308915864378,0.9035161155295103
0.16362494767685223,0.9035161155295103
0.16362494767685223,0.9039347007115948
0.16416910841356216,0.9039347007115948
0.16416910841356216,0.9043532858936794
0.16425282544997907,0.9043532858936794
0.16425282544997907,0.9045625784847217
0.1644202595228129,0.9045625784847217
0.1644202595228129,0.904771871075764
0.1645039765592298,0.904771871075764
0.1645039765592298,0.9051904562578484
0.1645876935956467,0.9051904562578484
0.1645876935956467,0.9053997488488907
0.16542486395981582,0.9053997488488907
0.16542486395981582,0.905609041439933
0.16559229803264963,0.905609041439933
0.16559229803264963,0.9058183340309753
0.16580159062369193,0.9058183340309753
0.16580159062369193,0.9060276266220176
0.16588530766010884,0.9060276266220176
0.16588530766010884,0.907074089577229
0.16605274173294265,0.907074089577229
0.16605274173294265,0.9072833821682712
0.16617831728756802,0.9072833821682712
0.16617831728756802,0.9074926747593135
0.16617831728756802,0.9079112599413981
0.16617831728756802,0.9081205525324404
0.16634575136040183,0.9081205525324404
0.16634575136040183,0.9083298451234826
0.1664713269150272,0.9083298451234826
0.1664713269150272,0.9089577228966095
0.1667643365424864,0.9089577228966095
0.1667643365424864,0.9091670154876518
0.16718292172457094,0.9091670154876518
0.16718292172457094,0.909376308078694
0.16726663876098785,0.909376308078694
0.16735035579740476,0.909376308078694
0.16735035579740476,0.9106320636249476
0.16747593135203015,0.9106320636249476
0.16747593135203015,0.9108413562159899
0.16802009208874005,0.9108413562159899
0.16802009208874005,0.9114692339891168
0.16810380912515696,0.9114692339891168
0.16810380912515696,0.9120971117622436
0.16831310171619926,0.9120971117622436
0.16831310171619926,0.9127249895353704
0.1683549602344077,0.9127249895353704
0.1683549602344077,0.913143574717455
0.16868982838007535,0.913143574717455
0.16868982838007535,0.9133528673084973
0.1687316868982838,0.9133528673084973
0.1687316868982838,0.9137714524905818
0.16877354541649225,0.9137714524905818
0.16877354541649225,0.9141900376726664
0.16906655504395143,0.9141900376726664
0.16906655504395143,0.9148179154457933
0.16919213059857682,0.9148179154457933
0.16919213059857682,0.9152365006278778
0.16990372540812054,0.9152365006278778
0.16990372540812054,0.9156550858099624
0.169945583926329,0.9156550858099624
0.169945583926329,0.9164922561741314
0.1701548765173713,0.9164922561741314
0.1701548765173713,0.9171201339472582
0.17082461280870656,0.9171201339472582
0.17082461280870656,0.9173294265383005
0.17095018836333195,0.9173294265383005
0.17095018836333195,0.9175387191293428
0.1709920468815404,0.9175387191293428
0.1709920468815404,0.9177480117203851
0.17115948095437422,0.9177480117203851
0.17115948095437422,0.9179573043114274
0.17141063206362495,0.9179573043114274
0.17141063206362495,0.9181665969024696
0.17149434910004185,0.9181665969024696
0.17149434910004185,0.9185851820845542
0.17157806613645876,0.9185851820845542
0.17157806613645876,0.9187944746755965
0.17182921724570951,0.9187944746755965
0.17182921724570951,0.9190037672666388
0.17191293428212642,0.9190037672666388
0.17191293428212642,0.9194223524487233
0.17199665131854333,0.9194223524487233
0.17199665131854333,0.9196316450397656
0.17216408539137715,0.9196316450397656
0.17216408539137715,0.9200502302218502
0.17216408539137715,0.9202595228128925
0.17233151946421096,0.9202595228128925
0.17233151946421096,0.9204688154039347
0.17245709501883633,0.9204688154039347
0.17245709501883633,0.9208874005860193
0.17249895353704478,0.9208874005860193
0.17249895353704478,0.9217245709501883
0.17275010464629553,0.9217245709501883
0.17275010464629553,0.9219338635412306
0.17325240686479698,0.9219338635412306
0.1733361239012139,0.9219338635412306
0.1733361239012139,0.9225617413143574
0.1734198409376308,0.9225617413143574
0.1734198409376308,0.9227710339053997
0.1735035579740477,0.9227710339053997
0.1735035579740477,0.9231896190874843
0.1735035579740477,0.9233989116785266
0.17358727501046464,0.9233989116785266
0.17358727501046464,0.9236082042695689
0.17371285056509,0.9236082042695689
0.17371285056509,0.9240267894516534
0.17388028463792382,0.9240267894516534
0.17388028463792382,0.924445374633738
0.17429886982000836,0.924445374633738
0.17429886982000836,0.9248639598158225
0.17442444537463372,0.9248639598158225
0.17442444537463372,0.9250732524068648
0.17450816241105066,0.9250732524068648
0.17467559648388448,0.9250732524068648
0.17467559648388448,0.9252825449979071
0.17467559648388448,0.9263290079531185
0.17471745500209293,0.9263290079531185
0.17471745500209293,0.926747593135203
0.17475931352030138,0.926747593135203
0.17475931352030138,0.9271661783172875
0.17488488907492675,0.9271661783172875
0.17488488907492675,0.9273754709083298
0.1750104646295521,0.9273754709083298
0.1750104646295521,0.9277940560904144
0.17526161573880283,0.9277940560904144
0.17534533277521977,0.9277940560904144
0.17538719129342822,0.9277940560904144
0.17538719129342822,0.9280033486814567
0.17547090832984513,0.9280033486814567
0.17547090832984513,0.9282126412724989
0.17572205943909586,0.9282126412724989
0.17572205943909586,0.9284219338635412
0.17580577647551276,0.9284219338635412
0.17580577647551276,0.9288405190456258
0.1762662201758058,0.9288405190456258
0.1762662201758058,0.9294683968187526
0.1764336542486396,0.9294683968187526
0.1764336542486396,0.9296776894097949
0.1764336542486396,0.9300962745918795
0.1764336542486396,0.9303055671829217
0.17647551276684806,0.9303055671829217
0.17647551276684806,0.930514859773964
0.17655922980326497,0.930514859773964
0.17655922980326497,0.9307241523650063
0.17676852239430724,0.9307241523650063
0.17676852239430724,0.9309334449560486
0.17693595646714105,0.9309334449560486
0.17693595646714105,0.9311427375470909
0.17714524905818335,0.9311427375470909
0.17714524905818335,0.93197990791126
0.17743825868564253,0.93197990791126
0.17743825868564253,0.932817078275429
0.17752197572205944,0.932817078275429
0.17752197572205944,0.9332356634575136
0.1777312683131017,0.9332356634575136
0.1777312683131017,0.9334449560485559
0.1784847216408539,0.9334449560485559
0.1784847216408539,0.9338635412306404
0.17852658015906236,0.9338635412306404
0.17852658015906236,0.934282126412725
0.17861029719547927,0.934282126412725
0.17861029719547927,0.9347007115948095
0.17928003348681457,0.9347007115948095
0.17928003348681457,0.9349100041858518
0.1795311845960653,0.9349100041858518
0.1795311845960653,0.9351192967768941
0.1798241942235245,0.9351192967768941
0.1798241942235245,0.9353285893679364
0.17986605274173295,0.9353285893679364
0.17986605274173295,0.9361657597321055
0.1799916282963583,0.9361657597321055
0.1799916282963583,0.9370029300962746
0.18007534533277522,0.9370029300962746
0.18007534533277522,0.9372122226873169
0.18070322310590206,0.9372122226873169
0.18070322310590206,0.9374215152783592
0.18095437421515279,0.9374215152783592
0.18095437421515279,0.9376308078694015
0.18099623273336124,0.9376308078694015
0.18099623273336124,0.9380493930514859
0.18116366680619506,0.9380493930514859
0.18116366680619506,0.9384679782335705
0.18128924236082042,0.9384679782335705
0.18128924236082042,0.9386772708246128
0.18133110087902887,0.9386772708246128
0.18141481791544578,0.9386772708246128
0.18229384679782334,0.9386772708246128
0.18229384679782334,0.9393051485977396
0.18241942235244873,0.9393051485977396
0.18241942235244873,0.9397237337798242
0.18241942235244873,0.9399330263708665
0.18258685642528255,0.9399330263708665
0.18258685642528255,0.9401423189619087
0.182628714943491,0.9401423189619087
0.182628714943491,0.940351611552951
0.1832984512348263,0.940351611552951
0.1832984512348263,0.9409794893260779
0.18363331938049393,0.9409794893260779
0.18363331938049393,0.9411887819171202
0.18396818752616156,0.9411887819171202
0.18396818752616156,0.9416073670992047
0.18396818752616156,0.942653830054416
0.18417748011720386,0.942653830054416
0.18417748011720386,0.9430724152365006
0.18480535789033067,0.9430724152365006
0.18480535789033067,0.9434910004185851
0.18480535789033067,0.9437002930096274
0.18493093344495604,0.9437002930096274
0.18493093344495604,0.944118878191712
0.18514022603599833,0.944118878191712
0.18514022603599833,0.9447467559648388
0.18522394307241524,0.9447467559648388
0.18522394307241524,0.9451653411469234
0.1854332356634575,0.9451653411469234
0.1854332356634575,0.9453746337379657
0.18555881121808288,0.9453746337379657
0.18564252825449978,0.9453746337379657
0.18568438677270824,0.9453746337379657
0.18568438677270824,0.945583926329008
0.1858099623273336,0.945583926329008
0.1858099623273336,0.9457932189200502
0.18597739640016744,0.9457932189200502
0.18597739640016744,0.9460025115110925
0.1861029719547928,0.9460025115110925
0.1861029719547928,0.9464210966931771
0.18614483047300126,0.9464210966931771
0.18622854750941817,0.9464210966931771
0.18643784010046044,0.9464210966931771
0.18643784010046044,0.9466303892842194
0.18660527417329426,0.9466303892842194
0.18660527417329426,0.9470489744663039
0.1866471326915027,0.9470489744663039
0.1866471326915027,0.9472582670573462
0.18668899120971116,0.9472582670573462
0.18668899120971116,0.9474675596483885
0.18673084972791962,0.9474675596483885
0.18673084972791962,0.9476768522394308
0.18702385935537882,0.9476768522394308
0.18702385935537882,0.9480954374215153
0.18706571787358728,0.9480954374215153
0.18706571787358728,0.9483047300125576
0.1872331519464211,0.9483047300125576
0.1872331519464211,0.9485140226035998
0.18735872750104646,0.9485140226035998
0.18735872750104646,0.9489326077856843
0.18735872750104646,0.9497697781498535
0.18811218082879866,0.9497697781498535
0.18811218082879866,0.9499790707408958
0.1881540393470071,0.9499790707408958
0.1881540393470071,0.950188363331938
0.18823775638342402,0.950188363331938
0.18823775638342402,0.9503976559229803
0.18853076601088323,0.9503976559229803
0.18853076601088323,0.9508162411050649
0.18861448304730014,0.9508162411050649
0.18861448304730014,0.9512348262871494
0.18869820008371704,0.9512348262871494
0.18878191712013395,0.9512348262871494
0.18878191712013395,0.9514441188781917
0.18894935119296777,0.9514441188781917
0.18894935119296777,0.9526998744244454
0.18899120971117622,0.9526998744244454
0.18899120971117622,0.9529091670154877
0.18915864378401004,0.9529091670154877
0.18915864378401004,0.9535370447886145
0.18915864378401004,0.953955629970699
0.18915864378401004,0.9541649225617413
0.1892005023022185,0.9541649225617413
0.1892005023022185,0.9543742151527836
0.1892842193386354,0.9543742151527836
0.1892842193386354,0.9550020929259104
0.18953537044788615,0.9550020929259104
0.18953537044788615,0.9552113855169527
0.1902469652574299,0.9552113855169527
0.1902469652574299,0.955420678107995
0.19028882377563835,0.955420678107995
0.19028882377563835,0.9558392632900795
0.19045625784847217,0.9558392632900795
0.19045625784847217,0.9560485558811218
0.19053997488488908,0.9560485558811218
0.19053997488488908,0.9562578484721641
0.19053997488488908,0.9568857262452909
0.19058183340309753,0.9568857262452909
0.19058183340309753,0.9573043114273755
0.19058183340309753,0.9575136040184178
0.19066555043951444,0.9575136040184178
0.19066555043951444,0.9579321892005023
0.19091670154876517,0.9579321892005023
0.19091670154876517,0.9581414817915446
0.19129342821264128,0.9581414817915446
0.19129342821264128,0.9583507743825869
0.191544579321892,0.9583507743825869
0.191544579321892,0.9589786521557137
0.19171201339472582,0.9589786521557137
0.19171201339472582,0.959187944746756
0.19175387191293428,0.959187944746756
0.19175387191293428,0.9593972373377982
0.19200502302218503,0.9593972373377982
0.19200502302218503,0.960025115110925
0.19208874005860194,0.960025115110925
0.19208874005860194,0.9604437002930096
0.19309334449560486,0.9604437002930096
0.19309334449560486,0.9608622854750942
0.19338635412306404,0.9608622854750942
0.19338635412306404,0.9610715780661364
0.19401423189619088,0.9610715780661364
0.19401423189619088,0.9612808706571787
0.1949351192967769,0.9612808706571787
0.1949351192967769,0.961490163248221
0.1956048555881122,0.961490163248221
0.1956048555881122,0.9616994558392633
0.19573043114273755,0.9616994558392633
0.19573043114273755,0.9623273336123901
0.19602344077019673,0.9623273336123901
0.19602344077019673,0.962955211385517
0.196232733361239,0.962955211385517
0.1963164503976559,0.962955211385517
0.19719547928003348,0.962955211385517
0.19719547928003348,0.9633737965676015
0.19736291335286732,0.9633737965676015
0.19736291335286732,0.9637923817496861
0.19748848890749268,0.9637923817496861
0.19748848890749268,0.9644202595228129
0.19786521557136877,0.9644202595228129
0.19786521557136877,0.9646295521138551
0.19836751778987025,0.9646295521138551
0.19836751778987025,0.9656760150690665
0.19882796149016324,0.9656760150690665
0.19882796149016324,0.9658853076601088
0.199079112599414,0.9658853076601088
0.199079112599414,0.9665131854332356
0.199079112599414,0.9667224780242779
0.19945583926329008,0.9667224780242779
0.19945583926329008,0.9673503557974048
0.20004185851820847,0.9673503557974048
0.20004185851820847,0.9675596483884471
0.20025115110925074,0.9675596483884471
0.20025115110925074,0.9677689409794893
0.20142318961908748,0.9677689409794893
0.20142318961908748,0.9679782335705316
0.2015069066555044,0.9679782335705316
0.2015069066555044,0.9681875261615739
0.20175805776475514,0.9681875261615739
0.20175805776475514,0.9683968187526162
0.2017999162829636,0.9683968187526162
0.2018836333193805,0.9683968187526162
0.20205106739221432,0.9683968187526162
0.20213478442863123,0.9683968187526162
0.2027208036835496,0.9683968187526162
0.2027208036835496,0.9688154039347007
0.20293009627459188,0.9688154039347007
0.20293009627459188,0.969024696525743
0.20305567182921724,0.969024696525743
0.20305567182921724,0.9692339891167853
0.20397655922980326,0.9692339891167853
0.20397655922980326,0.9694432817078276
0.2046044370029301,0.9694432817078276
0.2046044370029301,0.9696525742988699
0.2061950606948514,0.9696525742988699
0.2061950606948514,0.969861866889912
0.2066555043951444,0.969861866889912
0.2066555043951444,0.9700711594809543
0.20682293846797822,0.9700711594809543
0.20682293846797822,0.9702804520719966
0.20736709920468815,0.9702804520719966
0.20736709920468815,0.9706990372540812
0.207994976977815,0.9706990372540812
0.207994976977815,0.9711176224361657
0.2080786940142319,0.9711176224361657
0.2080786940142319,0.971326915027208
0.20858099623273335,0.971326915027208
0.20858099623273335,0.9715362076182503
0.20866471326915026,0.9715362076182503
0.20866471326915026,0.9717455002092926
0.2087484303055672,0.9717455002092926
0.2088321473419841,0.9717455002092926
0.20916701548765174,0.9717455002092926
0.20925073252406864,0.9717455002092926
0.2101297614064462,0.9717455002092926
0.2101297614064462,0.9723733779824194
0.21017161992465466,0.9723733779824194
0.21017161992465466,0.9725826705734617
0.21067392214315614,0.9725826705734617
0.21067392214315614,0.972791963164504
0.21142737547090834,0.972791963164504
0.21142737547090834,0.9730012557555463
0.21142737547090834,0.9736291335286731
0.21234826287149436,0.9736291335286731
0.21234826287149436,0.9738384261197154
0.21234826287149436,0.9744663038928422
0.21326915027208038,0.9744663038928422
0.21326915027208038,0.9746755964838845
0.21339472582670574,0.9746755964838845
0.21339472582670574,0.9748848890749268
0.21347844286312265,0.9748848890749268
0.213604018417748,0.9748848890749268
0.213604018417748,0.9755127668480535
0.21385516952699873,0.9755127668480535
0.21385516952699873,0.9763499372122227
0.21385516952699873,0.9765592298032649
0.21423189619087485,0.9765592298032649
0.21423189619087485,0.9769778149853495
0.21448304730012557,0.9769778149853495
0.21448304730012557,0.9771871075763918
0.21506906655504396,0.9771871075763918
0.21506906655504396,0.9776056927584763
0.21515278359146087,0.9776056927584763
0.21515278359146087,0.9778149853495186
0.21565508580996232,0.9778149853495186
0.21565508580996232,0.9780242779405609
0.2169945583926329,0.9780242779405609
0.2170782754290498,0.9780242779405609
0.21808287986605274,0.9780242779405609
0.21808287986605274,0.9782335705316032
0.21825031393888655,0.9782335705316032
0.21825031393888655,0.9784428631226455
0.21862704060276267,0.9784428631226455
0.21862704060276267,0.9790707408957723
0.21883633319380494,0.9790707408957723
0.21883633319380494,0.9799079112599414
0.21975722059439096,0.9799079112599414
0.21975722059439096,0.9801172038509837
0.21988279614901632,0.9801172038509837
0.21988279614901632,0.980326496442026
0.2205525324403516,0.980326496442026
0.2205525324403516,0.9805357890330683
0.22063624947676852,0.9805357890330683
0.22063624947676852,0.9807450816241106
0.22193386354123065,0.9807450816241106
0.22201758057764756,0.9807450816241106
0.2224361657597321,0.9807450816241106
0.2224361657597321,0.9813729593972373
0.22444537463373795,0.9813729593972373
0.2245290916701549,0.9813729593972373
0.22528254499790706,0.9813729593972373
0.22528254499790706,0.9815822519882796
0.2273336123901214,0.9815822519882796
0.2273336123901214,0.9820008371703641
0.2273336123901214,0.9822101297614064
0.2279614901632482,0.9822101297614064
0.2279614901632482,0.9832565927166178
0.22858936793637505,0.9832565927166178
0.22858936793637505,0.9834658853076601
0.2289242360820427,0.9834658853076601
0.22900795311845962,0.9834658853076601
0.2292172457095019,0.9834658853076601
0.2292172457095019,0.9838844704897447
0.23076601088321474,0.9838844704897447
0.23076601088321474,0.9847216408539138
0.23122645458350774,0.9847216408539138
0.23122645458350774,0.9849309334449561
0.23151946421096692,0.9849309334449561
0.23151946421096692,0.9857681038091252
0.23214734198409376,0.9857681038091252
0.23214734198409376,0.9859773964001675
0.23696107157806615,0.9859773964001675
0.23704478861448305,0.9859773964001675
0.23984930933444956,0.9859773964001675
0.23993302637086647,0.9859773964001675
0.24051904562578486,0.9859773964001675
0.24060276266220176,0.9859773964001675
0.24512348262871494,0.9859773964001675
0.24512348262871494,0.9861866889912098
0.24570950188363333,0.9861866889912098
0.24570950188363333,0.986395981582252
0.2458350774382587,0.986395981582252
0.2458350774382587,0.9866052741732942
0.24746755964838846,0.9866052741732942
0.24746755964838846,0.9868145667643365
0.2478024277940561,0.9868145667643365
0.2478024277940561,0.9870238593553788
0.2493930514859774,0.9870238593553788
0.2493930514859774,0.9872331519464211
0.25006278777731267,0.9872331519464211
0.2501465048137296,0.9872331519464211
0.25048137295939726,0.9872331519464211
0.25048137295939726,0.9874424445374633
0.25119296776894096,0.9874424445374633
0.25119296776894096,0.9876517371285056
0.25269987442444536,0.9876517371285056
0.25269987442444536,0.9880703223105902
0.25278359146086227,0.9880703223105902
0.25278359146086227,0.9882796149016325
0.2548765173712851,0.9882796149016325
0.2548765173712851,0.9884889074926747
0.2571787358727501,0.9884889074926747
0.2571787358727501,0.9897446630389284
0.2593553788195898,0.9897446630389284
0.2594390958560067,0.9897446630389284
0.26203432398493093,0.9897446630389284
0.26203432398493093,0.990163248221013
0.26395981582251987,0.990163248221013
0.2640435328589368,0.990163248221013
0.26559229803264967,0.990163248221013
0.2656760150690666,0.990163248221013
0.267099204688154,0.990163248221013
0.267182921724571,0.990163248221013
0.2686061113436584,0.990163248221013
0.2686898283800753,0.990163248221013
0.26885726245290914,0.990163248221013
0.2689409794893261,0.990163248221013
0.2700711594809544,0.990163248221013
0.2700711594809544,0.9903725408120553
0.27358727501046465,0.9903725408120553
0.27358727501046465,0.9910004185851821
0.27375470908329846,0.9910004185851821
0.2738384261197154,0.9910004185851821
0.2739640016743407,0.9910004185851821
0.2740477187107576,0.9910004185851821
0.2745500209292591,0.9910004185851821
0.27463373796567603,0.9910004185851821
0.2753453327752198,0.9910004185851821
0.2754290498116367,0.9910004185851821
0.2782335705316032,0.9910004185851821
0.2783172875680201,0.9910004185851821
0.2784847216408539,0.9910004185851821
0.2784847216408539,0.9912097111762244
0.2794056090414399,0.9912097111762244
0.27948932607785687,0.9912097111762244
0.28003348681456675,0.9912097111762244
0.28011720385098365,0.9912097111762244
0.28614483047300127,0.9912097111762244
0.28614483047300127,0.9914190037672667
0.2867727082461281,0.9914190037672667
0.2867727082461281,0.991628296358309
0.28886563415655087,0.991628296358309
0.28886563415655087,0.9922561741314357
0.291084135621599,0.9922561741314357
0.291084135621599,0.9928840519045625
0.2922980326496442,0.9928840519045625
0.2922980326496442,0.993930514859774
0.29259104227710336,0.993930514859774
0.2926747593135203,0.993930514859774
0.2936793637505232,0.993930514859774
0.29376308078694013,0.993930514859774
0.2946421096693177,0.993930514859774
0.2946421096693177,0.9943491000418585
0.2947258267057346,0.9943491000418585
0.2948095437421515,0.9943491000418585
0.29514441188781915,0.9943491000418585
0.29514441188781915,0.9949769778149854
0.2958978652155714,0.9949769778149854
0.2958978652155714,0.9951862704060276
0.29665131854332355,0.9951862704060276
0.29673503557974046,0.9951862704060276
0.2972791963164504,0.9951862704060276
0.2973629133528673,0.9951862704060276
0.2975722059439096,0.9951862704060276
0.2976559229803265,0.9951862704060276
0.3002511511092507,0.9951862704060276
0.3003348681456676,0.9951862704060276
0.30050230221850144,0.9951862704060276
0.3005860192549184,0.9951862704060276
0.3015487651737129,0.9951862704060276
0.3015487651737129,0.9953955629970699
0.3029300962745919,0.9953955629970699
0.3030138133110088,0.9953955629970699
0.3032649644202595,0.9953955629970699
0.30334868145667643,0.9953955629970699
0.3035579740477187,0.9953955629970699
0.3035579740477187,0.9956048555881122
0.30636249476768523,0.9956048555881122
0.30644621180410214,0.9956048555881122
0.308915864378401,0.9956048555881122
0.3089995814148179,0.9956048555881122
0.3125156969443282,0.9956048555881122
0.3126412724989535,0.9956048555881122
0.3166178317287568,0.9956048555881122
0.3167015487651737,0.9956048555881122
0.31845960652992883,0.9956048555881122
0.31854332356634574,0.9956048555881122
0.31879447467559646,0.9956048555881122
0.31887819171201337,0.9956048555881122
0.3200920887400586,0.9956048555881122
0.3200920887400586,0.9960234407701968
0.32289660946002513,0.9960234407701968
0.32289660946002513,0.996232733361239
0.32720803683549604,0.996232733361239
0.32729175387191295,0.996232733361239
0.3280452071996651,0.996232733361239
0.3280452071996651,0.9964420259522813
0.32833821682712433,0.9964420259522813
0.32833821682712433,0.9966513185433236
0.32842193386354124,0.9966513185433236
0.32842193386354124,0.9968606111343659
0.330514859773964,0.9968606111343659
0.3305985768103809,0.9968606111343659
0.3308078694014232,0.9968606111343659
0.3308915864378401,0.9968606111343659
0.33654248639598155,0.9968606111343659
0.33654248639598155,0.9970699037254082
0.338970280452072,0.9970699037254082
0.338970280452072,0.9974884889074926
0.34202595228128924,0.9974884889074926
0.34210966931770614,0.9974884889074926
0.3426538300544161,0.9974884889074926
0.342737547090833,0.9974884889074926
0.34483047300125574,0.9974884889074926
0.34491419003767265,0.9974884889074926
0.34495604855588113,0.9974884889074926
0.34503976559229804,0.9974884889074926
0.35043951444118876,0.9974884889074926
0.35043951444118876,0.9976977814985349
0.35194642109669316,0.9976977814985349
0.352113855169527,0.9976977814985349
0.35311845960652993,0.9976977814985349
0.35320217664294684,0.9976977814985349
0.3538719129342821,0.9976977814985349
0.353955629970699,0.9976977814985349
0.35458350774382585,0.9976977814985349
0.35466722478024276,0.9976977814985349
0.35705316031812473,0.9976977814985349
0.35705316031812473,0.9979070740895772
0.357262452909167,0.9979070740895772
0.35734616994558394,0.9979070740895772
0.35747174550020927,0.9979070740895772
0.3575554625366262,0.9979070740895772
0.36107157806613643,0.9979070740895772
0.36115529510255334,0.9979070740895772
0.36128087065717873,0.9979070740895772
0.36136458769359564,0.9979070740895772
0.36153202176642946,0.9979070740895772
0.36161573880284636,0.9979070740895772
0.36174131435747175,0.9979070740895772
0.36174131435747175,0.9981163666806195
0.3704478861448305,0.9981163666806195
0.3705316031812474,0.9981163666806195
0.37266638760987864,0.9981163666806195
0.37275010464629554,0.9981163666806195
0.3730431142737547,0.9981163666806195
0.3730431142737547,0.9983256592716618
0.3731268313101716,0.9983256592716618
0.3732105483465885,0.9983256592716618
0.373252406864797,0.9983256592716618
0.3733361239012139,0.9983256592716618
0.37392214315613226,0.9983256592716618
0.37400586019254917,0.9983256592716618
0.37534533277521975,0.9983256592716618
0.37542904981163666,0.9983256592716618
0.37655922980326495,0.9983256592716618
0.37664294683968186,0.9983256592716618
0.37798241942235244,0.9983256592716618
0.37806613645876935,0.9983256592716618
0.38237756383424026,0.9983256592716618
0.38246128087065717,0.9983256592716618
0.3869401423189619,0.9983256592716618
0.3870238593553788,0.9983256592716618
0.3887400586019255,0.9983256592716618
0.3888237756383424,0.9983256592716618
0.38953537044788616,0.9983256592716618
0.3896190874843031,0.9983256592716618
0.3910004185851821,0.9983256592716618
0.391084135621599,0.9983256592716618
0.3942653830054416,0.9983256592716618
0.3943491000418585,0.9983256592716618
0.39447467559648386,0.9983256592716618
0.39447467559648386,0.9991628296358309
0.3975722059439096,0.9991628296358309
0.3975722059439096,0.9997907074089577
0.39903725408120555,0.9997907074089577
0.39912097111762246,0.9997907074089577
0.3996232733361239,0.9997907074089577
0.3997069903725408,0.9997907074089577
0.4025115110925073,0.9997907074089577
0.40259522812892423,0.9997907074089577
0.4047718710757639,0.9997907074089577
0.4048555881121808,0.9997907074089577
0.41075763917957303,0.9997907074089577
0.41084135621598994,0.9997907074089577
0.4119296776894098,0.9997907074089577
0.4120133947258267,0.9997907074089577
0.4123901213897028,0.9997907074089577
0.41247383842611973,0.9997907074089577
0.41280870657178736,0.9997907074089577
0.4128924236082043,0.9997907074089577
0.4158643784010046,0.9997907074089577
0.4159480954374215,0.9997907074089577
0.41778987023859354,0.9997907074089577
0.41787358727501045,0.9997907074089577
0.42126412724989537,0.9997907074089577
0.42126412724989537,1.0
0.4213897028045207,1.0
0.4214734198409376,1.0
0.422059439095856,1.0
0.42214315613227293,1.0
0.42314776056927583,1.0
0.42323147760569274,1.0
0.42498953537044787,1.0
0.4250732524068648,1.0
0.425366262034324,1.0
0.4254499790707409,1.0
0.42586856425282543,1.0
0.42595228128924234,1.0
0.4270824612808707,1.0
0.4271661783172876,1.0
0.4275010464629552,1.0
0.42758476349937213,1.0
0.4311845960652993,1.0
0.4312683131017162,1.0
0.4366680619506069,1.0
0.4367517789870239,1.0
0.43779824194223527,1.0
0.4378819589786522,1.0
0.4447886144830473,1.0
0.4449560485558811,1.0
0.4476768522394307,1.0
0.4477605692758476,1.0
0.44834658853076603,1.0
0.44843030556718294,1.0
0.4503976559229803,1.0
0.4504813729593972,1.0
0.45123482628714945,1.0
0.45131854332356636,1.0
0.45629970699037253,1.0
0.45638342402678944,1.0
0.45676015069066556,1.0
0.45684386772708246,1.0
0.4576391795730431,1.0
0.45772289660946003,1.0
0.45805776475512766,1.0
0.45814148179154457,1.0
0.47161992465466723,1.0
0.47170364169108414,1.0
0.4733361239012139,1.0
0.4734198409376308,1.0
0.4790707408957723,1.0
0.4791544579321892,1.0
0.4794893260778568,1.0
0.47957304311427373,1.0
0.4808287986605274,1.0
0.4809125156969443,1.0
0.48229384679782333,1.0
0.48237756383424024,1.0
0.4845123482628715,1.0
0.4845960652992884,1.0
0.4889074926747593,1.0
0.4889912097111762,1.0
0.4899539556299707,1.0
0.4900376726663876,1.0
0.4959815822519883,1.0
0.49610715780661363,1.0
0.5003767266638761,1.0
0.500460443700293,1.0
0.506069485140226,1.0
0.506153202176643,1.0
0.5072833821682713,1.0
0.5073670992046881,1.0
0.5080368354960234,1.0
0.5081205525324404,1.0
0.5094600251151109,1.0
0.5095437421515279,1.0
0.5109669317706154,1.0
0.5110506488070322,1.0
0.5110925073252407,1.0
0.5111762243616575,1.0
0.5119296776894098,1.0
0.5120133947258267,1.0
0.5125575554625367,1.0
0.5126412724989535,1.0
0.5164922561741314,1.0
0.5165759732105484,1.0
0.5175805776475513,1.0
0.5176642946839682,1.0
0.5225617413143575,1.0
0.5226454583507744,1.0
0.5234407701967351,1.0
0.5235244872331519,1.0
0.5257848472164085,1.0
0.5258685642528255,1.0
0.5280033486814567,1.0
0.5280870657178736,1.0
0.5308078694014232,1.0
0.5308915864378401,1.0
0.5368773545416492,1.0
0.537044788614483,1.0
0.5378401004604437,1.0
0.5379238174968606,1.0
0.5423608204269569,1.0
0.5424445374633738,1.0
0.5428212641272498,1.0
0.5429886982000837,1.0
0.5430305567182921,1.0
0.5431142737547091,1.0
0.5472582670573461,1.0
0.5473419840937631,1.0
0.5494349100041859,1.0
0.5495186270406027,1.0
0.5499372122226873,1.0
0.5500209292591042,1.0
0.5574717455002093,1.0
0.5575554625366262,1.0
0.5614064462118041,1.0
0.561490163248221,1.0
0.5653830054416074,1.0
0.5654667224780243,1.0
0.5703223105902051,1.0
0.5704060276266221,1.0
0.5732105483465886,1.0
0.5732942653830054,1.0
0.5739640016743407,1.0
0.5740477187107577,1.0
0.5779824194223524,1.0
0.5780661364587694,1.0
0.5857262452909167,1.0
0.5858099623273336,1.0
0.586856425282545,1.0
0.5869401423189619,1.0
0.5908329845123482,1.0
0.5909167015487652,1.0
0.592465466722478,1.0
0.592549183758895,1.0
0.5968187526161574,1.0
0.5969024696525743,1.0
0.600920887400586,1.0
0.6010046044370029,1.0
0.601381331100879,1.0
0.601465048137296,1.0
0.6022185014650482,1.0
0.602302218501465,1.0
0.6056508999581415,1.0
0.6057346169945584,1.0
0.6069066555043952,1.0
0.606990372540812,1.0
0.608455420678108,1.0
0.608539137714525,1.0
0.6130179991628296,1.0
0.6131017161992466,1.0
0.6133528673084973,1.0
0.6134365843449142,1.0
0.6134784428631227,1.0
0.6135621598995395,1.0
0.6139388865634157,1.0
0.6140226035998325,1.0
0.6160318124738384,1.0
0.6161155295102554,1.0
0.6167434072833822,1.0
0.616827124319799,1.0
0.622059439095856,1.0
0.6221431561322729,1.0
0.6226873168689828,1.0
0.6227710339053998,1.0
0.6238593553788195,1.0
0.6239430724152365,1.0
0.6249895353704479,1.0
0.6250732524068648,1.0
0.6264127249895354,1.0
0.6264964420259522,1.0
0.6290079531184596,1.0
0.6290916701548765,1.0
0.6336542486395982,1.0
0.633737965676015,1.0
0.6369610715780661,1.0
0.637044788614483,1.0
0.6395144411887819,1.0
0.6395981582251988,1.0
0.6414399330263708,1.0
0.6415236500627878,1.0
0.6488907492674759,1.0
0.6489744663038929,1.0
0.6503976559229804,1.0
0.6504813729593972,1.0
0.6532021766429469,1.0
0.6532858936793637,1.0
0.6543323566345751,1.0
0.6544160736709921,1.0
0.6563834240267894,1.0
0.6564671410632064,1.0
0.6565089995814148,1.0
0.6565927166178317,1.0
0.6566345751360402,1.0
0.6567182921724571,1.0
0.6583926329007953,1.0
0.6584763499372123,1.0
0.6648807032231059,1.0
0.6649644202595228,1.0
0.6660527417329426,1.0
0.6661364587693596,1.0
0.6709083298451235,1.0
0.6709920468815403,1.0
0.6805357890330682,1.0
0.6806195060694852,1.0
0.6873587275010464,1.0
0.6874424445374634,1.0
0.6899958141481791,1.0
0.6900795311845961,1.0
0.6929677689409794,1.0
0.6930514859773964,1.0
0.6943072415236501,1.0
0.6943909585600669,1.0
0.6946421096693177,1.0
0.6947258267057346,1.0
0.694767685223943,1.0
0.69485140226036,1.0
0.6961071578066137,1.0
0.6961908748430305,1.0
0.7017161992465467,1.0
0.7017999162829636,1.0
0.7030975303474257,1.0
0.7031812473838426,1.0
0.703306822938468,1.0
0.7033905399748849,1.0
0.7038091251569695,1.0
0.7038928421933863,1.0
0.7082879866052741,1.0
0.7083717036416911,1.0
0.716450397655923,1.0
0.7165341146923399,1.0
0.7177061532021767,1.0
0.7177898702385935,1.0
0.719673503557974,1.0
0.719757220594391,1.0
0.7221431561322729,1.0
0.7222268731686898,1.0
0.7248639598158225,1.0
0.7249476768522394,1.0
0.7259104227710339,1.0
0.7259941398074509,1.0
0.7282544997907074,1.0
0.7283382168271243,1.0
0.7293846797823357,1.0
0.7294683968187526,1.0
0.7299288405190456,1.0
0.7300125575554626,1.0
0.7314776056927584,1.0
0.7315613227291754,1.0
0.7317706153202177,1.0
0.7318543323566346,1.0
0.7351192967768941,1.0
0.735203013813311,1.0
0.7428631226454584,1.0
0.7429468396818752,1.0
0.7457932189200502,1.0
0.7458769359564671,1.0
0.7472582670573462,1.0
0.7473419840937631,1.0
0.7473838426119715,1.0
0.7474675596483884,1.0
0.7527417329426538,1.0
0.7528254499790707,1.0
0.7567601506906656,1.0
0.7568438677270825,1.0
0.7570950188363332,1.0
0.7571787358727501,1.0
0.7588530766010884,1.0
0.7589367936375052,1.0
0.7598158225198828,1.0
0.7598995395562997,1.0
0.7644202595228129,1.0
0.7645039765592299,1.0
0.7654248639598158,1.0
0.7655085809962328,1.0
0.7704897446630389,1.0
0.7705734616994558,1.0
0.7707408957722897,1.0
0.7708246128087066,1.0
0.7730431142737547,1.0
0.7731268313101716,1.0
0.775177898702386,1.0
0.7752616157388028,1.0
0.7786940142318962,1.0
0.7787777312683131,1.0
0.7801172038509837,1.0
0.7802009208874006,1.0
0.7833821682712432,1.0
0.7834658853076601,1.0
0.7847216408539138,1.0
0.7848053578903307,1.0
0.790163248221013,1.0
0.7902469652574299,1.0
0.7906655504395145,1.0
0.7907492674759313,1.0
0.7916701548765174,1.0
0.7917538719129343,1.0
0.792465466722478,1.0
0.7925491837588949,1.0
0.7953955629970699,1.0
0.7954792800334868,1.0
0.7978233570531603,1.0
0.7979070740895773,1.0
0.7993302637086647,1.0
0.7994139807450816,1.0
0.7999162829635831,1.0
0.8,1.0
0.8010883214734198,1.0
0.8011720385098368,1.0
0.8031812473838427,1.0
0.8032649644202595,1.0
0.8055671829217246,1.0
0.8056508999581414,1.0
0.8079531184596065,1.0
0.8080368354960235,1.0
0.8095018836333194,1.0
0.8095856006697363,1.0
0.8110925073252407,1.0
0.8111762243616576,1.0
0.8127249895353704,1.0
0.8128087065717874,1.0
0.8141900376726664,1.0
0.8142737547090833,1.0
0.8157806613645877,1.0
0.8158643784010046,1.0
0.8190874843030557,1.0
0.8191712013394726,1.0
0.8250313938886563,1.0
0.8251151109250733,1.0
0.8260778568438677,1.0
0.8261615738802847,1.0
0.8264964420259523,1.0
0.8265801590623691,1.0
0.8270824612808707,1.0
0.8271661783172876,1.0
0.8273336123901214,1.0
0.8274173294265383,1.0
0.8310590205106739,1.0
0.8311427375470908,1.0
0.8364587693595646,1.0
0.8365424863959816,1.0
0.8384679782335706,1.0
0.8385516952699874,1.0
0.8390121389702805,1.0
0.8390958560066973,1.0
0.8424026789451653,1.0
0.8424863959815823,1.0
0.8493930514859774,1.0
0.8494767685223943,1.0
0.8513185433235664,1.0
0.8514022603599832,1.0
0.8518208455420678,1.0
0.8519045625784847,1.0
0.8536626203432398,1.0
0.8537463373796568,1.0
0.8578484721640854,1.0
0.8579321892005023,1.0
0.858727501046463,1.0
0.8588112180828799,1.0
0.8604855588112181,1.0
0.860569275847635,1.0
0.8607367099204688,1.0
0.8608204269568858,1.0
0.8608622854750941,1.0
0.8609460025115111,1.0
0.861029719547928,1.0
0.8611134365843449,1.0
0.8642528254499791,1.0
0.864336542486396,1.0
0.867099204688154,1.0
0.8671829217245709,1.0
0.8680619506069485,1.0
0.8681456676433654,1.0
0.8701967350355797,1.0
0.8702804520719967,1.0
0.8706990372540812,1.0
0.8707827542904981,1.0
0.8749267475931352,1.0
0.8750104646295521,1.0
0.8795311845960653,1.0
0.8796149016324822,1.0
0.8814148179154458,1.0
0.8814985349518627,1.0
0.8822938467978234,1.0
0.8823775638342403,1.0
0.8840519045625785,1.0
0.8841356215989954,1.0
0.8969861866889912,1.0
0.8970699037254081,1.0
0.897614064462118,1.0
0.897697781498535,1.0
0.8977814985349518,1.0
0.8978652155713688,1.0
0.8984930933444956,1.0
0.8985768103809125,1.0
0.9027208036835496,1.0
0.9028045207199665,1.0
0.9048555881121808,1.0
0.9049393051485978,1.0
0.9052323147760569,1.0
0.9053160318124739,1.0
0.9078694014231896,1.0
0.9079531184596066,1.0
0.9096274591879447,1.0
0.9097111762243617,1.0
0.9110506488070322,1.0
0.9111343658434491,1.0
0.9123064043532859,1.0
0.9123901213897028,1.0
0.9142318961908749,1.0
0.9143156132272917,1.0
0.9150690665550439,1.0
0.9151527835914609,1.0
0.9155713687735454,1.0
0.9156550858099624,1.0
0.9255336961071579,1.0
0.9256174131435747,1.0
0.9277940560904144,1.0
0.9278777731268313,1.0
0.9290079531184596,1.0
0.9290916701548765,1.0
0.9292591042277103,1.0
0.9293428212641273,1.0
0.9293846797823357,1.0
0.9295521138551696,1.0
0.9302218501465048,1.0
0.9303055671829217,1.0
0.9311427375470909,1.0
0.9312264545835077,1.0
0.9316868982838008,1.0
0.9317706153202177,1.0
0.9323566345751361,1.0
0.9324403516115529,1.0
0.9325240686479699,1.0
0.9326077856843867,1.0
0.932817078275429,1.0
0.932900795311846,1.0
0.9339891167852657,1.0
0.9340728338216827,1.0
0.9341146923398912,1.0
0.934198409376308,1.0
0.9343239849309335,1.0
0.9344077019673503,1.0
0.9347844286312265,1.0
0.9349100041858518,1.0
0.9350774382586856,1.0
0.9351611552951026,1.0
0.9353285893679364,1.0
0.9354123064043532,1.0
0.9354541649225617,1.0
0.9355378819589787,1.0
0.9357471745500209,1.0
0.9358308915864378,1.0
0.9359146086228548,1.0
0.9360401841774801,1.0
0.9362494767685224,1.0
0.9363331938049393,1.0
0.9366262034323984,1.0
0.9367936375052324,1.0
0.9369192130598577,1.0
0.9370029300962746,1.0
0.9371285056509,1.0
0.9372959397237338,1.0
0.9376308078694015,1.0
0.9377145249058183,1.0
0.9377563834240268,1.0
0.9378401004604437,1.0
0.9379238174968606,1.0
0.9380493930514859,1.0
0.9380912515696944,1.0
0.9381749686061114,1.0
0.9382168271243198,1.0
0.9383005441607367,1.0
0.9383842611971536,1.0
0.9384679782335705,1.0
0.9385516952699875,1.0
0.9386772708246128,1.0
0.9389284219338635,1.0
0.9391795730431143,1.0
0.9392632900795311,1.0
0.9393888656341566,1.0
0.9395562997069904,1.0
0.9396400167434072,1.0
0.9396818752616157,1.0
0.9399330263708665,1.0
0.9400167434072834,1.0
0.9400586019254918,1.0
0.9402260359983257,1.0
0.9402678945165341,1.0
0.940351611552951,1.0
0.9403934700711595,1.0
0.9405609041439933,1.0
0.9406446211804103,1.0
0.9406864796986186,1.0
0.9408539137714524,1.0
0.9409376308078694,1.0
0.9411887819171202,1.0
0.941272498953537,1.0
0.9414399330263709,1.0
0.9415655085809962,1.0
0.9416492256174132,1.0
0.9418585182084555,1.0
0.9419840937630808,1.0
0.9420678107994978,1.0
0.9421933863541231,1.0
0.9424445374633738,1.0
0.9425282544997907,1.0
0.9426119715362076,1.0
0.942737547090833,1.0
0.9429468396818753,1.0
0.9431142737547091,1.0
0.9433235663457513,1.0
0.9434491419003768,1.0
0.9434910004185851,1.0
0.9437421515278359,1.0
0.9438258685642529,1.0
0.9439933026370867,1.0
0.944118878191712,1.0
0.9442025952281289,1.0
0.9443700293009627,1.0
0.9448304730012558,1.0
0.9451653411469234,1.0
0.9454583507743826,1.0
0.9463792381749686,1.0
0.9466303892842194,1.0
0.9472164085391377,1.0
0.9479280033486814,1.0
0.948890749267476,1.0
0.9496023440770197,1.0
0.9521975722059439,1.0
1.0,1.0
