precision,recall
0.16666666666666666,1.0
0.1735813412773378,1.0
0.17397320128167784,1.0
0.17408095602433782,1.0
0.1742269544924154,1.0
0.1743350238990039,1.0
0.1744241229511189,1.0
0.17446233614488627,1.0
0.1745324371712449,1.0
0.1746025945550886,1.0
0.17464726953724688,1.0
0.1746983546617916,1.0
0.1747686455247083,1.0
0.1747942198646424,1.0
0.17480700984158343,1.0
0.1748261983168679,1.0
0.1748517895045012,1.0
0.17486458790806617,1.0
0.17490299436269127,1.0
0.17490939707874217,1.0
0.17492860803983304,1.0
0.17496063568786846,1.0
0.17498626625160227,1.0
0.17501831501831502,1.0
0.17503754991390996,1.0
0.17505037552665323,1.0
0.1750567890378838,1.0
0.17506320301908915,1.0
0.17507603239163094,1.0
0.175088863644692,1.0
0.1751016967786858,1.0
0.1751209500073303,1.0
0.17512736869112636,1.0
0.17513378784546588,1.0
0.1751530481322629,1.0
0.1751851580259588,1.0
0.17519800528014082,1.0
0.17521727969489165,1.0
0.1752429855125619,1.0
0.1752494131455399,1.0
0.17525584125004584,1.0
0.17529441978207433,1.0
0.1753072830673271,1.0
0.17533301530219075,1.0
0.17533944954128441,1.0
0.1753523194362889,1.0
0.17537806489502275,1.0
0.17538450244099402,1.0
0.17539737895084614,1.0
0.17540381791483112,1.0
0.1754295784990454,1.0
0.17543601982742793,1.0
0.17544890390335255,1.0
0.17546823356591995,1.0
0.17548756748815514,1.0
0.17549401307573642,1.0
0.17550690567146635,1.0
0.17553269654665687,1.0
0.17555204467795862,1.0
0.17556494580194745,1.0
0.1755713970750349,1.0
0.17557784882225408,1.0
0.17558430104365721,1.0
0.1755907537392966,1.0
0.17559720690922456,1.0
0.17560366055349333,1.0
0.17561656926526262,1.0
0.17562947987502298,1.0
0.17564239238319304,1.0
0.17566176470588235,1.0
0.17566822309643737,1.0
0.17567468196190897,1.0
0.17568760111781145,1.0
0.17569406140834712,1.0
0.17570052217400897,1.0
0.17571344513092085,1.0
0.17571990732227574,1.0
0.17573283313104565,1.0
0.17573929674856553,1.0
0.17575869045429465,1.0
0.17576515597410242,1.0
0.17577162196961335,1.0
0.17578455538795482,1.0
0.17579102281089037,1.0
0.17580395908455368,1.0
0.17581042793538654,1.0
0.17581689726229024,1.0
0.1758233670653174,1.0
0.17582983734452048,1.0
0.17583630809995215,1.0
0.17584277933166495,1.0
0.17584925103971147,1.0
0.17585572322414428,1.0
0.17586866902237927,1.0
0.17588161672679084,1.0
0.17588809129394442,1.0
0.17589456633780004,1.0
0.17590104185841035,1.0
0.17591399433010566,1.0
0.17592047128129604,1.0
0.17592694870945175,1.0
0.17593342661462552,1.0
0.17594638385623804,1.0
0.1759593430065552,1.0
0.17596582329760985,1.0
0.1759723040659988,1.0
0.17597878531177488,1.0
0.1759852670349908,1.0
0.1759917492356993,1.0
0.17599823191395314,1.0
0.17600471506980514,1.0
0.17601768281451463,1.0
0.17602416740347776,1.0
0.17603065247025015,1.0
0.1760371380148847,1.0
0.17604362403743415,1.0
0.17605011053795136,1.0
0.176069572907838,1.0
0.1760760613207547,1.0
0.17608255021190344,1.0
0.17609552942910847,1.0
0.17610201975527054,1.0
0.17610851055987617,1.0
0.17611500184297826,1.0
0.17612149360462973,1.0
0.1761279858448835,1.0
0.17614097176140972,1.0
0.17614746543778803,1.0
0.17616045422703977,1.0
0.17616694934001917,1.0
0.17617344493197154,1.0
0.17617994100294984,1.0
0.1761864375530071,1.0
0.17619943209057048,1.0
0.1762059300781826,1.0
0.17621242854508576,1.0
0.1762189274913329,1.0
0.1762254269169771,1.0
0.17624492807082257,1.0
0.17625142941458558,1.0
0.17625793123801092,1.0
0.17626443354115173,1.0
0.1762709363240611,1.0
0.1762774395867921,1.0
0.17628394332939787,1.0
0.17629044755193152,1.0
0.17629695225444617,1.0
0.17630345743699494,1.0
0.17631646924240746,1.0
0.1763229758653775,1.0
0.1763294829685943,1.0
0.17633599055211102,1.0
0.1763490071602569,1.0
0.17635551618499243,1.0
0.1763685356760548,1.0
0.176375046142488,1.0
0.17638155708959355,1.0
0.1763880685174247,1.0
0.17639458042603462,1.0
0.17640109281547664,1.0
0.17640760568580396,1.0
0.17641411903706986,1.0
0.17642063286932763,1.0
0.17642714718263053,1.0
0.17643366197703186,1.0
0.17644017725258493,1.0
0.17644669300934304,1.0
0.1764532092473595,1.0
0.1764597259666876,1.0
0.17646624316738072,1.0
0.17647276084949215,1.0
0.17647927901307528,1.0
0.17648579765818342,1.0
0.17649231678486998,1.0
0.17649883639318828,1.0
0.17650535648319174,1.0
0.17651187705493368,1.0
0.17651839810846756,1.0
0.17652491964384676,1.0
0.17653144166112467,1.0
0.1765379641603547,1.0
0.1765510106048849,1.0
0.1765575345502919,1.0
0.1765640589778648,1.0
0.17657058388765706,1.0
0.1765771092797221,1.0
0.17658363515411338,1.0
0.1765966883500887,1.0
0.1766032156717797,1.0
0.17660974347601094,1.0
0.17662280053230814,1.0
0.17662932978448118,1.0
0.1766358595194085,1.0
0.1766423897371437,1.0
0.1766489204377403,1.0
0.1766554516212519,1.0
0.176661983287732,1.0
0.17666851543723425,1.0
0.17667504806981216,1.0
0.17668158118551935,1.0
0.17668811478440943,1.0
0.176694648866536,1.0
0.17670118343195265,1.0
0.17670771848071304,1.0
0.17671425401287078,1.0
0.17672732652759285,1.0
0.17673386351026446,1.0
0.17674040097654806,1.0
0.17674693892649723,1.0
0.17675347736016572,1.0
0.17676001627760718,1.0
0.17676655567887534,1.0
0.17677309556402382,1.0
0.17677963593310642,1.0
0.17678617678617678,1.0
0.17679271812328867,1.0
0.17679925994449583,1.0
0.17681234503941087,1.0
0.17681888831322626,1.0
0.1768254320713519,1.0
0.1768319763138416,1.0
0.1768385210407491,1.0
0.1768450662521282,1.0
0.17685161194803273,1.0
0.17685815812851644,1.0
0.17686470479363317,1.0
0.17687125194343672,1.0
0.17687779957798097,1.0
0.1768843476973197,1.0
0.17689089630150678,1.0
0.17689744539059607,1.0
0.1769039949646414,1.0
0.17691054502369669,1.0
0.17691709556781576,1.0
0.1769236465970525,1.0
0.17693019811146085,1.0
0.17693675011109466,1.0
0.17694330259600785,1.0
0.17695640902188808,1.0
0.17696296296296296,1.0
0.17696951738953295,1.0
0.17697607230165197,1.0
0.176982627699374,1.0
0.176989183582753,1.0
0.17699573995184292,1.0
0.1770022968066978,1.0
0.17700885414737155,1.0
0.1770154119739182,1.0
0.17702197028639177,1.0
0.17702852908484623,1.0
0.17703508836933565,1.0
0.17704164813991405,1.0
0.1770482083966354,1.0
0.17705476913955384,1.0
0.17706133036872337,1.0
0.17707445428603194,1.0
0.17708758014899373,1.0
0.1770941438102298,1.0
0.17710727259248277,1.0
0.1771138377136079,1.0
0.17712040332147094,1.0
0.17712696941612605,1.0
0.17713353599762735,1.0
0.17714667062138514,1.0
0.17715323866374996,1.0
0.17715980719317762,1.0
0.17716637620972228,1.0
0.17717294571343814,1.0
0.17717951570437943,1.0
0.17718608618260032,1.0
0.17719265714815502,1.0
0.17719922860109777,1.0
0.17720580054148277,1.0
0.1772123729693643,1.0
0.17721894588479656,1.0
0.17722551928783384,1.0
0.17723209317853036,1.0
0.17723866755694043,1.0
0.1772452424231183,1.0
0.17725181777711826,1.0
0.17725839361899462,1.0
0.17726496994880167,1.0
0.1772715467665937,1.0
0.17727812407242505,1.0
0.17728470186635004,1.0
0.17729128014842302,1.0
0.1772978589186983,1.0
0.1773044381772302,1.0
0.1773110179240732,1.0
0.17731759815928153,1.0
0.17732417888290963,1.0
0.17733734179564264,1.0
0.17734392398485635,1.0
0.1773505066627074,1.0
0.1773570898292502,1.0
0.17736367348453913,1.0
0.1773702576286287,1.0
0.1773768422615733,1.0
0.17738342738342738,1.0
0.1773900129942454,1.0
0.17739659909408184,1.0
0.17740318568299113,1.0
0.17740977276102776,1.0
0.17741636032824626,1.0
0.17742294838470107,1.0
0.17742953693044672,1.0
0.17743612596553773,1.0
0.1774427154900286,1.0
0.17744930550397386,1.0
0.17745589600742803,1.0
0.1774624870004457,1.0
0.17746907848308138,1.0
0.17747567045538964,1.0
0.17748226291742505,1.0
0.1774888558692422,1.0
0.17749544931089564,1.0
0.17750204324244,1.0
0.17750863766392985,1.0
0.17751523257541982,1.0
0.17752182797696453,1.0
0.17752842386861856,1.0
0.1775350202504366,1.0
0.17754161712247324,1.0
0.17754821448478317,1.0
0.17755481233742104,1.0
0.17756141068044148,1.0
0.1775680095138992,1.0
0.1775746088378489,1.0
0.1775812086523452,1.0
0.17758780895744286,1.0
0.17759440975319654,1.0
0.177601011039661,1.0
0.17760761281689094,1.0
0.17761421508494107,1.0
0.17762081784386616,1.0
0.17762742109372096,1.0
0.1776340248345602,1.0
0.17764062906643863,1.0
0.17764723378941105,1.0
0.17765383900353227,1.0
0.177660444708857,1.0
0.17766705090544008,1.0
0.1776736575933363,1.0
0.1776802647726005,1.0
0.17769348060545204,1.0
0.17770008925914907,1.0
0.17770669840443337,1.0
0.17771330804135982,1.0
0.17771991816998325,1.0
0.17772652879035858,1.0
0.17773313990254064,1.0
0.17773975150658433,1.0
0.17774636360254456,1.0
0.1777529761904762,1.0
0.17775958927043417,1.0
0.1777662028424734,1.0
0.1777728169066488,1.0
0.17777943146301534,1.0
0.1777860465116279,1.0
0.1777926620525415,1.0
0.17779927808581103,1.0
0.17780589461149152,1.0
0.1778125116296379,1.0
0.17781912914030518,1.0
0.17782574714354832,1.0
0.17783236563942237,1.0
0.17783898462798228,1.0
0.1778456041092831,1.0
0.17785222408337986,1.0
0.17785884455032758,1.0
0.1778654655101813,1.0
0.17787208696299606,1.0
0.17787870890882693,1.0
0.17788533134772896,1.0
0.17789195427975726,1.0
0.17789857770496686,1.0
0.1779052016234129,1.0
0.17791182603515043,1.0
0.1779184509402346,1.0
0.17792507633872048,1.0
0.17793170223066324,1.0
0.17793832861611797,1.0
0.17794495549513983,1.0
0.17795158286778398,1.0
0.17795821073410556,1.0
0.17796483909415972,1.0
0.17797146794800164,1.0
0.1779780972956865,1.0
0.1779847271372695,1.0
0.17799135747280584,1.0
0.1779979883023507,1.0
0.17800461962595931,1.0
0.1780112514436869,1.0
0.17801788375558866,1.0
0.1780245165617199,1.0
0.17803114986213578,1.0
0.1780377836568916,1.0
0.17804441794604262,1.0
0.1780510527296441,1.0
0.17805768800775135,1.0
0.17806432378041964,1.0
0.17807096004770423,1.0
0.17807759680966045,1.0
0.17808423406634363,1.0
0.17809087181780908,1.0
0.17809751006411212,1.0
0.1781041488053081,1.0
0.17811078804145233,1.0
0.17811742777260017,1.0
0.17812406799880703,1.0
0.17813070872012826,1.0
0.1781373499366192,1.0
0.17814399164833525,1.0
0.17815063385533184,1.0
0.17815727655766433,1.0
0.17816391975538817,1.0
0.17817056344855875,1.0
0.1781772076372315,1.0
0.17818385232146186,1.0
0.17819049750130528,1.0
0.1781971431768172,1.0
0.17820378934805312,1.0
0.17821043601506845,1.0
0.17821708317791868,1.0
0.17822373083665932,1.0
0.17823037899134586,1.0
0.1782370276420338,1.0
0.17824367678877864,1.0
0.17825032643163588,1.0
0.17825697657066109,1.0
0.1782636272059098,1.0
0.1782702783374375,1.0
0.1782769299652998,1.0
0.17828358208955225,1.0
0.17829023471025038,1.0
0.17829688782744982,1.0
0.1783035414412061,1.0
0.17831019555157487,1.0
0.17831685015861168,1.0
0.17832350526237217,1.0
0.17833016086291195,1.0
0.17833681696028666,1.0
0.1783434735545519,1.0
0.17835013064576336,1.0
0.17835678823397663,1.0
0.17836344631924742,1.0
0.17837010490163138,1.0
0.1783767639811842,1.0
0.17838342355796155,1.0
0.1783900836320191,1.0
0.17839674420341262,1.0
0.17840340527219775,1.0
0.17841006683843022,1.0
0.17841672890216578,1.0
0.17842339146346017,1.0
0.1784300545223691,1.0
0.17843671807894834,1.0
0.17844338213325367,1.0
0.1784500466853408,1.0
0.17845671173526556,1.0
0.1784633772830837,1.0
0.17847004332885102,1.0
0.17847670987262337,1.0
0.17848337691445648,1.0
0.17849004445440622,1.0
0.17849671249252838,1.0
0.17850338102887883,1.0
0.17851005006351342,1.0
0.17851671959648796,1.0
0.17852338962785833,1.0
0.1785300601576804,1.0
0.17853673118601002,1.0
0.17854340271290312,1.0
0.17855007473841555,1.0
0.17855674726260323,1.0
0.17856342028552208,1.0
0.17857009380722802,1.0
0.17857676782777696,1.0
0.1785834423472248,1.0
0.17859011736562758,1.0
0.17859679288304114,1.0
0.17860346889952153,1.0
0.17861014541512465,1.0
0.17861682242990654,1.0
0.17862349994392313,1.0
0.17863017795723043,1.0
0.17863685646988448,1.0
0.17864353548194123,1.0
0.1786502149934567,1.0
0.17865689500448698,1.0
0.17866357551508805,1.0
0.17867025652531598,1.0
0.1786769380352268,1.0
0.1786836200448766,1.0
0.1786903025543214,1.0
0.17869698556361732,1.0
0.17870366907282043,1.0
0.17871035308198682,1.0
0.17871703759117263,1.0
0.1787237226004339,1.0
0.1787304081098268,1.0
0.17873709411940744,1.0
0.178743780629232,1.0
0.17875046763935654,1.0
0.17875715514983725,1.0
0.17876384316073032,1.0
0.1787705316720919,1.0
0.17877722068397814,1.0
0.17878391019644527,1.0
0.17879060020954946,1.0
0.17879729072334694,1.0
0.17880398173789386,1.0
0.1788106732532465,1.0
0.17881736526946107,1.0
0.1788240577865938,1.0
0.17883075080470096,1.0
0.17883744432383875,1.0
0.17884413834406349,1.0
0.1788508328654314,1.0
0.1788575278879988,1.0
0.17886422341182195,1.0
0.17887091943695718,1.0
0.17887761596346075,1.0
0.178884312991389,1.0
0.17889101052079823,1.0
0.1788977085517448,1.0
0.178904407084285,1.0
0.17891110611847524,1.0
0.17891780565437185,1.0
0.17892450569203117,1.0
0.17893120623150957,1.0
0.17893790727286346,1.0
0.1789446088161492,1.0
0.1789513108614232,1.0
0.1789580134087419,1.0
0.17896471645816167,1.0
0.17897142000973892,1.0
0.17897812406353011,1.0
0.1789848286195917,1.0
0.17899153367798007,1.0
0.17899823923875174,1.0
0.17900494530196315,1.0
0.17901165186767076,1.0
0.17901835893593107,1.0
0.17902506650680056,1.0
0.17903177458033573,1.0
0.1790384831565931,1.0
0.17904519223562917,1.0
0.17905190181750047,1.0
0.17905861190226352,1.0
0.1790653224899749,1.0
0.1790720335806911,1.0
0.17907874517446873,1.0
0.17908545727136432,1.0
0.17909216987143445,1.0
0.17909888297473572,1.0
0.17910559658132474,1.0
0.17911231069125805,1.0
0.1791190253045923,1.0
0.17912574042138413,1.0
0.1791324560416901,1.0
0.17913917216556688,1.0
0.17914588879307114,1.0
0.17915260592425947,1.0
0.17915932355918857,1.0
0.1791660416979151,1.0
0.17917276034049576,1.0
0.17917947948698718,1.0
0.1791861991374461,1.0
0.17919291929192918,1.0
0.1791996399504932,1.0
0.1792063611131948,1.0
0.17921308278009077,1.0
0.17921980495123782,1.0
0.17922652762669267,1.0
0.17923325080651212,1.0
0.1792399744907529,1.0
0.1792466986794718,1.0
0.17925342337272557,1.0
0.17926014857057102,1.0
0.17926687427306495,1.0
0.17928032719222542,1.0
0.17928705440900564,1.0
0.17929378213066155,1.0
0.1793005103572501,1.0
0.179307239088828,1.0
0.17931396832545224,1.0
0.1793206980671796,1.0
0.17932742831406695,1.0
0.17933415906617123,1.0
0.17934089032354927,1.0
0.179347622086258,1.0
0.1793610871278952,1.0
0.17936782040693747,1.0
0.17937455419153808,1.0
0.17938128848175403,1.0
0.1793880232776422,1.0
0.1793947585792596,1.0
0.17940149438666317,1.0
0.17940823069990988,1.0
0.17941496751905675,1.0
0.17942170484416073,1.0
0.17942844267527883,1.0
0.17943518101246808,1.0
0.17944191985578548,1.0
0.17944865920528807,1.0
0.17945539906103286,1.0
0.17946213942307693,1.0
0.17946888029147728,1.0
0.17947562166629102,1.0
0.1794823635475752,1.0
0.17949584882978323,1.0
0.17950259223082124,1.0
0.17950933613855807,1.0
0.1795160805530508,1.0
0.17952282547435658,1.0
0.1795295709025325,1.0
0.17953631683763574,1.0
0.17954306327972344,1.0
0.17954981022885272,1.0
0.1795565576850808,1.0
0.17956330564846482,1.0
0.17957005411906193,1.0
0.1795768030969294,1.0
0.17958355258212433,1.0
0.179590302574704,1.0
0.1795970530747256,1.0
0.17960380408224635,1.0
0.1796105555973235,1.0
0.1796173076200143,1.0
0.17962406015037594,1.0
0.17963081318846574,1.0
0.17963756673434092,1.0
0.1796443207880588,1.0
0.17965107534967664,1.0
0.17965783041925174,1.0
0.1796645859968414,1.0
0.1796713420825029,1.0
0.1796780986762936,1.0
0.17968485577827084,1.0
0.1796916133884919,1.0
0.17969837150701418,1.0
0.179705130133895,1.0
0.1797118892691917,1.0
0.17971864891296171,1.0
0.17972540906526235,1.0
0.17973216972615108,1.0
0.1797389308956852,1.0
0.1797456925739222,1.0
0.17975245476091944,1.0
0.1797592174567344,1.0
0.17976598066142443,1.0
0.17977274437504703,1.0
0.17977950859765962,1.0
0.17978627332931968,1.0
0.17979303857008466,1.0
0.1798065705791593,1.0
0.17981333734758392,1.0
0.17982010462534342,1.0
0.1798268724124953,1.0
0.17983364070909708,1.0
0.17984040951520627,1.0
0.17984717883088042,1.0
0.17985394865617707,1.0
0.17986071899115377,1.0
0.1798674898358681,1.0
0.17987426119037758,1.0
0.17988103305473985,1.0
0.17988780542901245,1.0
0.179894578313253,1.0
0.1799013517075191,1.0
0.17990812561186836,1.0
0.1799149000263584,1.0
0.17992167495104686,1.0
0.17992845038599134,1.0
0.17993522633124953,1.0
0.17994200278687908,1.0
0.17994877975293763,1.0
0.1799555572294829,1.0
0.1799623352165725,1.0
0.1799691137142642,1.0
0.17997589272261563,1.0
0.17998267224168457,1.0
0.17998945227152865,1.0
0.1799962328122057,1.0
0.18000979542628942,1.0
0.18001657749981162,1.0
0.18002336008439773,1.0
0.1800301431801055,1.0
0.18003692678699273,1.0
0.1800437109051172,1.0
0.1800504955345367,1.0
0.18005728067530902,1.0
0.180064066327492,1.0
0.18007085249114343,1.0
0.1800776391663212,1.0
0.18008442635308308,1.0
0.18009121405148695,1.0
0.18009800226159065,1.0
0.18010479098345208,1.0
0.18011158021712906,1.0
0.18011836996267955,1.0
0.18012516022016134,1.0
0.18013195098963242,1.0
0.18013874227115065,1.0
0.18014553406477396,1.0
0.18015232637056028,1.0
0.18015911918856756,1.0
0.1801659125188537,1.0
0.18017270636147667,1.0
0.18017950071649447,1.0
0.180186295583965,1.0
0.18019309096394628,1.0
0.18019988685649632,1.0
0.18020668326167308,1.0
0.18021348017953456,1.0
0.1802202776101388,1.0
0.1802270755535438,1.0
0.18024067297898827,1.0
0.1802474724611438,1.0
0.1802542724563323,1.0
0.18026107296461177,1.0
0.18026787398604038,1.0
0.18027467552067614,1.0
0.18028147756857715,1.0
0.18028828012980153,1.0
0.18029508320440737,1.0
0.18030188679245282,1.0
0.180308690893996,1.0
0.18031549550909504,1.0
0.18032230063780805,1.0
0.18032910628019325,1.0
0.18033591243630873,1.0
0.18034271910621272,1.0
0.1803495262899634,1.0
0.1803563339876189,1.0
0.18036314219923746,1.0
0.18036995092487731,1.0
0.1803767601645966,1.0
0.18038356991845364,1.0
0.18039038018650658,1.0
0.1803971909688137,1.0
0.18040400226543327,1.0
0.1804108140764235,1.0
0.1804176264018427,1.0
0.1804244392417491,1.0
0.18043125259620105,1.0
0.18043806646525679,1.0
0.18044488084897467,1.0
0.18045169574741296,1.0
0.18045851116062997,1.0
0.1804653270886841,1.0
0.18047214353163363,1.0
0.1804789604895369,1.0
0.1804857779624523,1.0
0.1804925959504382,1.0
0.18049941445355294,1.0
0.18050623347185493,1.0
0.18051305300540255,1.0
0.1805266936184683,1.0
0.18053351469810322,1.0
0.18054033629321745,1.0
0.1805471584038694,1.0
0.18055398103011752,1.0
0.18056080417202025,1.0
0.18056762782963606,1.0
0.18057445200302344,1.0
0.18058127669224083,1.0
0.18058810189734673,1.0
0.18059492761839968,1.0
0.18060175385545812,1.0
0.18060858060858062,1.0
0.18061540787782565,1.0
0.1806222356632518,1.0
0.1806290639649176,1.0
0.18063589278288156,1.0
0.18064272211720228,1.0
0.1806495519679383,1.0
0.18065638233514822,1.0
0.18066321321889062,1.0
0.1806700446192241,1.0
0.18067687653620723,1.0
0.18068370896989866,1.0
0.180690541920357,1.0
0.18069737538764089,1.0
0.18070420937180892,1.0
0.1807110438729198,1.0
0.1807178788910322,1.0
0.18072471442620472,1.0
0.18073155047849604,1.0
0.1807383870479649,1.0
0.18074522413466995,1.0
0.1807520617386699,1.0
0.18075889986002344,1.0
0.18076573849878935,1.0
0.1807725776550263,1.0
0.18077941732879305,1.0
0.18078625752014832,1.0
0.1807930982291509,1.0
0.18079993945585954,1.0
0.180806781200333,1.0
0.18081362346263008,1.0
0.18082046624280956,1.0
0.18082730954093024,1.0
0.18083415335705094,1.0
0.18084099769123047,1.0
0.18084784254352762,1.0
0.18085468791400128,1.0
0.18086153380271028,1.0
0.18086838020971344,1.0
0.18087522713506965,1.0
0.1808820745788378,1.0
0.1808889225410767,1.0
0.18089577102184531,1.0
0.18090262002120247,1.0
0.18090946953920714,1.0
0.18091631957591822,1.0
0.1809231701313946,1.0
0.18093002120569524,1.0
0.18093687279887907,1.0
0.18094372491100508,1.0
0.18095743069231934,1.0
0.18096428436162557,1.0
0.18097113855010985,1.0
0.18097799325783115,1.0
0.1809848484848485,1.0
0.18099170423122088,1.0
0.18099856049700735,1.0
0.18100541728226693,1.0
0.18101913241144157,1.0
0.18102599075547474,1.0
0.18103284961921723,1.0
0.1810397090027281,1.0
0.18104656890606646,1.0
0.1810534293292914,1.0
0.181060290272462,1.0
0.18106715173563742,1.0
0.18107401371887671,1.0
0.18108087622223906,1.0
0.18108773924578359,1.0
0.18109460278956943,1.0
0.18110146685365577,1.0
0.18110833143810173,1.0
0.18111519654296654,1.0
0.18112206216830934,1.0
0.1811289283141893,1.0
0.1811357949806657,1.0
0.1811426621677977,1.0
0.18114952987564453,1.0
0.1811563981042654,1.0
0.18116326685371958,1.0
0.18117013612406627,1.0
0.18117700591536479,1.0
0.18118387622767435,1.0
0.18119074706105423,1.0
0.18119761841556373,1.0
0.18120449029126215,1.0
0.18121136268820875,1.0
0.18121823560646286,1.0
0.18122510904608383,1.0
0.18123198300713095,1.0
0.18123885748966354,1.0
0.18124573249374099,1.0
0.18125260801942264,1.0
0.18125948406676784,1.0
0.18126636063583595,1.0
0.18127323772668638,1.0
0.18128011533937854,1.0
0.18128699347397176,1.0
0.18129387213052553,1.0
0.1813007513090992,1.0
0.18130763100975222,1.0
0.18131451123254402,1.0
0.18132139197753405,1.0
0.1813282732447818,1.0
0.18133515503434666,1.0
0.18134203734628815,1.0
0.18134892018066573,1.0
0.1813558035375389,1.0
0.18136957181901003,1.0
0.181376456743727,1.0
0.18138334219117758,1.0
0.18139022816142136,1.0
0.18139711465451785,1.0
0.1814040016705266,1.0
0.18141088920950718,1.0
0.18141777727151914,1.0
0.18142466585662212,1.0
0.18143155496487565,1.0
0.18143844459633934,1.0
0.1814453347510728,1.0
0.18145222542913567,1.0
0.18145911663058753,1.0
0.18146600835548804,1.0
0.18147290060389684,1.0
0.18147979337587358,1.0
0.18148668667147794,1.0
0.18149358049076958,1.0
0.18150047483380816,1.0
0.1815073697006534,1.0
0.18151426509136498,1.0
0.18152116100600257,1.0
0.18152805744462597,1.0
0.18153495440729484,1.0
0.18154185189406893,1.0
0.18154874990500797,1.0
0.18155564844017175,1.0
0.18156254749962,1.0
0.1815694470834125,1.0
0.18157634719160903,1.0
0.18158324782426938,1.0
0.18159014898145334,1.0
0.1815970506632207,1.0
0.18160395286963132,1.0
0.181610855600745,1.0
0.18161775885662157,1.0
0.18162466263732086,1.0
0.18163156694290275,1.0
0.1816384717734271,1.0
0.18164537712895376,1.0
0.18165228300954264,1.0
0.18165918941525358,1.0
0.18166609634614653,1.0
0.18167300380228138,1.0
0.181679911783718,1.0
0.1816868202905164,1.0
0.18169372932273645,1.0
0.18170063888043808,1.0
0.1817075489636813,1.0
0.18171445957252605,1.0
0.1817213707070323,1.0
0.18172828236726,1.0
0.18173519455326917,1.0
0.18174210726511983,1.0
0.18174902050287192,1.0
0.1817559342665855,1.0
0.1817628485563206,1.0
0.18176976337213727,1.0
0.1817766787140955,1.0
0.18178359458225538,1.0
0.18179051097667695,1.0
0.1817974278974203,1.0
0.18180434534454548,1.0
0.18181126331811262,1.0
0.18181818181818182,1.0
0.18182510084481315,1.0
0.18183202039806676,1.0
0.18183894047800275,1.0
0.18184586108468126,1.0
0.18185278221816245,1.0
0.18185970387850645,1.0
0.18186662606577345,1.0
0.1818735487800236,1.0
0.1818804720213171,1.0
0.1818873957897141,1.0
0.18189432008527487,1.0
0.18190124490805953,1.0
0.1819081702581284,1.0
0.1819150961355416,1.0
0.18192202254035944,1.0
0.18192894947264213,1.0
0.18193587693244992,1.0
0.1819428049198431,1.0
0.18194973343488194,1.0
0.1819566624776267,1.0
0.18196359204813772,1.0
0.18197052214647522,1.0
0.18197745277269958,1.0
0.18198438392687108,1.0
0.18199131560905005,1.0
0.18199824781929685,1.0
0.1820051805576718,1.0
0.18201211382423527,1.0
0.1820190476190476,1.0
0.18202598194216923,1.0
0.18203291679366046,1.0
0.18203985217358173,1.0
0.18204678808199345,1.0
0.182053724518956,1.0
0.18206759897877528,1.0
0.1820745370017529,1.0
0.1820814755535231,1.0
0.18208841463414635,1.0
0.18209535424368306,1.0
0.18210229438219377,1.0
0.18210923504973892,1.0
0.18211617624637902,1.0
0.18212311797217456,1.0
0.18213006022718609,1.0
0.1821370030114741,1.0
0.18214394632509912,1.0
0.1821508901681217,1.0
0.18215783454060236,1.0
0.1821647794426017,1.0
0.18217172487418026,1.0
0.18218561732631738,1.0
0.18219256434699713,1.0
0.18219951189749847,1.0
0.18221340858820836,1.0
0.1822203577285382,1.0
0.18222730739893211,1.0
0.18223425759945078,1.0
0.18224120833015486,1.0
0.18224815959110502,1.0
0.18225511138236192,1.0
0.18226206370398626,1.0
0.18226901655603875,1.0
0.18227596993858008,1.0
0.182282923851671,1.0
0.18228987829537216,1.0
0.18229683326974438,1.0
0.18230378877484835,1.0
0.18231770137749456,1.0
0.18232465847515836,1.0
0.18233161610379697,1.0
0.18233857426347122,1.0
0.18234553295424188,1.0
0.18235249217616975,1.0
0.18235945192931569,1.0
0.18236641221374045,1.0
0.18237337302950493,1.0
0.18238033437666998,1.0
0.1823872962552964,1.0
0.18239425866544512,1.0
0.18240122160717695,1.0
0.1824081850805528,1.0
0.18241514908563355,1.0
0.18242211362248015,1.0
0.18242907869115346,1.0
0.1824360442917144,1.0
0.18244301042422392,1.0
0.18244997708874294,1.0
0.1824569442853324,1.0
0.18246391201405332,1.0
0.18247088027496658,1.0
0.18247784906813322,1.0
0.1824848183936142,1.0
0.18249178825147047,1.0
0.1824987586417631,1.0
0.1825057295645531,1.0
0.18251270101990144,1.0
0.1825196730078692,1.0
0.1825266455285174,1.0
0.1825336185819071,1.0
0.18254059216809934,1.0
0.18254756628715518,1.0
0.18255454093913576,1.0
0.1825615161241021,1.0
0.18256849184211532,1.0
0.18257546809323652,1.0
0.18258244487752684,1.0
0.1825894221950474,1.0
0.18259640004585928,1.0
0.1826033784300237,1.0
0.18261035734760175,1.0
0.18261733679865463,1.0
0.1826243167832435,1.0
0.18263129730142955,1.0
0.18263827835327395,1.0
0.18264525993883793,1.0
0.18265224205818265,1.0
0.18265922471136936,1.0
0.1826662078984593,1.0
0.18267319161951368,1.0
0.18268017587459376,1.0
0.1826871606637608,1.0
0.18269414598707606,1.0
0.1827011318446008,1.0
0.18270811823639632,1.0
0.1827151051625239,1.0
0.18272209262304487,1.0
0.1827290806180205,1.0
0.18273606914751214,1.0
0.18274305821158113,1.0
0.18275004781028878,1.0
0.18275703794369644,1.0
0.1827640286118655,1.0
0.18277101981485733,1.0
0.18277801155273327,1.0
0.1827850038255547,1.0
0.18279199663338308,1.0
0.18279898997627975,1.0
0.18280598385430616,1.0
0.1828129782675237,1.0
0.1828199732159939,1.0
0.18282696869977808,1.0
0.18283396471893773,1.0
0.18284096127353436,1.0
0.1828479583636294,1.0
0.18285495598928433,1.0
0.18286195415056067,1.0
0.1828689528475199,1.0
0.18287595208022353,1.0
0.18288295184873307,1.0
0.18288995215311005,1.0
0.18289695299341602,1.0
0.18290395436971252,1.0
0.1829109562820611,1.0
0.18291795873052333,1.0
0.1829249617151608,1.0
0.18293196523603508,1.0
0.18293896929320774,1.0
0.18294597388674044,1.0
0.18295297901669474,1.0
0.1829599846831323,1.0
0.18296699088611473,1.0
0.18297399762570368,1.0
0.1829810049019608,1.0
0.18298801271494772,1.0
0.18299502106472615,1.0
0.18300202995135778,1.0
0.18300903937490423,1.0
0.18301604933542728,1.0
0.18302305983298858,1.0
0.18303007086764989,1.0
0.18303708243947286,1.0
0.18304409454851933,1.0
0.18305110719485096,1.0
0.18305812037852956,1.0
0.18306513409961686,1.0
0.18307214835817465,1.0
0.1830791631542647,1.0
0.1830861784879488,1.0
0.18309319435928878,1.0
0.18310021076834643,1.0
0.18310722771518356,1.0
0.18311424519986202,1.0
0.18312126322244365,1.0
0.18312828178299032,1.0
0.18313530088156382,1.0
0.18314232051822607,1.0
0.18314934069303895,1.0
0.1831563614060643,1.0
0.1831633826573641,1.0
0.1831704044470002,1.0
0.1831774267750345,1.0
0.18318444964152897,1.0
0.1831914730465455,1.0
0.1831984969901461,1.0
0.18320552147239264,1.0
0.18321254649334714,1.0
0.18321957205307154,1.0
0.18322659815162787,1.0
0.1832336247890781,1.0
0.18324065196548417,1.0
0.1832476796809082,1.0
0.18325470793541213,1.0
0.183261736729058,1.0
0.18326876606190787,1.0
0.1832757959340238,1.0
0.1832828263454678,1.0
0.18328985729630198,1.0
0.1832968887865884,1.0
0.18330392081638916,1.0
0.18331095338576636,1.0
0.18331798649478206,1.0
0.18332502014349844,1.0
0.18333205433197758,1.0
0.18333908906028165,1.0
0.18334612432847275,1.0
0.18335316013661307,1.0
0.18336019648476476,1.0
0.18336723337299,1.0
0.18337427080135094,1.0
0.1833813087699098,1.0
0.1833883472787288,1.0
0.1833953863278701,1.0
0.18340242591739597,1.0
0.18340946604736863,1.0
0.1834165067178503,1.0
0.18342354792890322,1.0
0.18343058968058967,1.0
0.18343763197297194,1.0
0.18344467480611226,1.0
0.18345171818007294,1.0
0.1834587620949163,1.0
0.1834658065507046,1.0
0.1834728515475002,1.0
0.18347989708536538,1.0
0.1834869431643625,1.0
0.18349398978455395,1.0
0.183501036946002,1.0
0.18350808464876905,1.0
0.1835151328929175,1.0
0.1835221816785097,1.0
0.18352923100560806,1.0
0.18353628087427495,1.0
0.18354333128457284,1.0
0.18355038223656409,1.0
0.1835574337303112,1.0
0.18356448576587653,1.0
0.18357153834332257,1.0
0.1835785914627118,1.0
0.18358564512410666,1.0
0.18359269932756964,1.0
0.18359975407316323,1.0
0.18360680936094992,1.0
0.18361386519099224,1.0
0.1836209215633527,1.0
0.18362797847809378,1.0
0.18363503593527808,1.0
0.1836420939349681,1.0
0.18364915247722643,1.0
0.18365621156211562,1.0
0.18366327118969825,1.0
0.1836703313600369,1.0
0.18367739207319417,1.0
0.18368445332923267,1.0
0.183691515128215,1.0
0.18369857747020377,1.0
0.18370564035526163,1.0
0.18371270378345125,1.0
0.18371976775483523,1.0
0.18372683226947628,1.0
0.18373389732743703,1.0
0.1837409629287802,1.0
0.18374802907356844,1.0
0.18375509576186447,1.0
0.18376216299373102,1.0
0.18376923076923077,1.0
0.18377629908842646,1.0
0.18378336795138087,1.0
0.1837904373581567,1.0
0.18379750730881675,1.0
0.18380457780342374,1.0
0.18381164884204046,1.0
0.18381872042472974,1.0
0.18382579255155432,1.0
0.18383286522257705,1.0
0.18383993843786073,1.0
0.18384701219746816,1.0
0.1838540865014622,1.0
0.1838611613499057,1.0
0.18386823674286154,1.0
0.18387531268039253,1.0
0.18388238916256158,1.0
0.18388946618943156,1.0
0.18389654376106535,1.0
0.18390362187752587,1.0
0.18391070053887607,1.0
0.1839177797451788,1.0
0.18392485949649703,1.0
0.1839319397928937,1.0
0.1839390206344318,1.0
0.1839461020211742,1.0
0.18395318395318394,1.0
0.18396026643052402,1.0
0.18396734945325735,1.0
0.183974433021447,1.0
0.18398151713515595,1.0
0.18398860179444723,1.0
0.18399568699938385,1.0
0.18400277275002888,1.0
0.18400985904644535,1.0
0.18401694588869633,1.0
0.18402403327684486,1.0
0.18403112121095405,1.0
0.18403820969108697,1.0
0.18404529871730674,1.0
0.18405238828967643,1.0
0.18405947840825918,1.0
0.1840665690731181,1.0
0.18407366028431638,1.0
0.1840807520419171,1.0
0.18408784434598344,1.0
0.18409493719657857,1.0
0.18410203059376565,1.0
0.1841091245376079,1.0
0.18411621902816847,1.0
0.1841233140655106,1.0
0.18413040964969749,1.0
0.18413750578079235,1.0
0.18414460245885844,1.0
0.184151699683959,1.0
0.18415879745615726,1.0
0.1841658957755165,1.0
0.1841729946421,1.0
0.18418009405597102,1.0
0.18418719401719286,1.0
0.18419429452582883,1.0
0.18420139558194226,1.0
0.18420849718559643,1.0
0.1842155993368547,1.0
0.1842227020357804,1.0
0.18422980528243685,1.0
0.18423690907688747,1.0
0.1842440134191956,1.0
0.18425111830942464,1.0
0.18425822374763795,1.0
0.18426532973389895,1.0
0.18427243626827106,1.0
0.18427954335081764,1.0
0.18428665098160218,1.0
0.1842937591606881,1.0
0.18430086788813888,1.0
0.1843079771640179,1.0
0.1843150869883887,1.0
0.18432219736131472,1.0
0.18432930828285946,1.0
0.18433641975308643,1.0
0.18434353177205912,1.0
0.18435064433984102,1.0
0.18435775745649574,1.0
0.18436487112208674,1.0
0.1843719853366776,1.0
0.18437910010033187,1.0
0.18438621541311312,1.0
0.1843933312750849,1.0
0.18440044768631084,1.0
0.18440756464685448,1.0
0.1844146821567795,1.0
0.18442180021614946,1.0
0.184428918825028,1.0
0.18443603798347874,1.0
0.18444315769156533,1.0
0.18445027794935145,1.0
0.18445739875690076,1.0
0.1844645201142769,1.0
0.18447164202154356,1.0
0.1844787644787645,1.0
0.1844930110433238,1.0
0.18450013515078967,1.0
0.18450725980846464,1.0
0.18451438501641243,1.0
0.18452151077469683,1.0
0.1845286370833816,1.0
0.18453576394253052,1.0
0.18454289135220733,1.0
0.18455001931247586,1.0
0.1845571478233999,1.0
0.18456427688504326,1.0
0.18457140649746978,1.0
0.18457853666074325,1.0
0.18458566737492757,1.0
0.18459279864008654,1.0
0.18459993045628403,1.0
0.18460706282358397,1.0
0.18461419574205015,1.0
0.1846213292117465,1.0
0.18462846323273696,1.0
0.1846355978050854,1.0
0.18464273292885575,1.0
0.18464986860411192,1.0
0.18465700483091788,1.0
0.18466414160933756,1.0
0.18467127893943494,1.0
0.18467841682127398,1.0
0.18468555525491864,1.0
0.18469269424043294,1.0
0.18469983377788085,1.0
0.18470697386732643,1.0
0.18471411450883365,1.0
0.18472125570246656,1.0
0.1847283974482892,1.0
0.1847355397463656,1.0
0.18474268259675986,1.0
0.184749825999536,1.0
0.18475696995475813,1.0
0.18476411446249033,1.0
0.18477125952279672,1.0
0.18477840513574137,1.0
0.18479269801980197,1.0
0.18479984529104623,1.0
0.18480699311518528,1.0
0.18481414149228328,1.0
0.18482129042240444,1.0
0.18482843990561293,1.0
0.1848355899419729,1.0
0.18484274053154862,1.0
0.18484989167440422,1.0
0.18485704337060394,1.0
0.18486419562021203,1.0
0.1848713484232927,1.0
0.18487850177991022,1.0
0.18488565569012885,1.0
0.18489281015401285,1.0
0.1848999651716265,1.0
0.18490712074303406,1.0
0.18491427686829986,1.0
0.1849214335474882,1.0
0.1849285907806634,1.0
0.18494290690923165,1.0
0.18495006580475343,1.0
0.1849572252545194,1.0
0.184964385258594,1.0
0.18497154581704153,1.0
0.18497870692992643,1.0
0.18498586859731309,1.0
0.1849930308192659,1.0
0.1850001935958493,1.0
0.1850073569271277,1.0
0.18501452081316555,1.0
0.18502168525402726,1.0
0.18502885024977733,1.0
0.1850360158004802,1.0
0.18504318190620037,1.0
0.18505034856700234,1.0
0.18505751578295054,1.0
0.18506468355410954,1.0
0.18507185188054381,1.0
0.18507902076231794,1.0
0.1850861901994964,1.0
0.18509336019214379,1.0
0.18510053074032465,1.0
0.18510770184410352,1.0
0.185114873503545,1.0
0.18512204571871368,1.0
0.18512921848967415,1.0
0.185136391816491,1.0
0.18514356569922888,1.0
0.1851507401379524,1.0
0.18515791513272623,1.0
0.18516509068361495,1.0
0.18517226679068324,1.0
0.1851794434539958,1.0
0.1851866206736173,1.0
0.1851937984496124,1.0
0.1852009767820458,1.0
0.18520815567098226,1.0
0.1852153351164864,1.0
0.18522251511862303,1.0
0.18522969567745687,1.0
0.18523687679305265,1.0
0.18524405846547512,1.0
0.18525124069478907,1.0
0.18526560682435053,1.0
0.1852727907247276,1.0
0.1852799751822553,1.0
0.18528716019699848,1.0
0.18529434576902196,1.0
0.18530153189839055,1.0
0.1853087185851691,1.0
0.18531590582942248,1.0
0.18532309363121557,1.0
0.18533028199061324,1.0
0.18533747090768038,1.0
0.18534466038248187,1.0
0.18535185041508262,1.0
0.1853590410055476,1.0
0.18536623215394166,1.0
0.1853734238603298,1.0
0.1853806161247769,1.0
0.185387808947348,1.0
0.18539500232810802,1.0
0.18540219626712195,1.0
0.18540939076445478,1.0
0.18541658582017154,1.0
0.18542378143433716,1.0
0.18543097760701674,1.0
0.18543817433827525,1.0
0.18544537162817776,1.0
0.18545256947678931,1.0
0.18545976788417498,1.0
0.18546696685039982,1.0
0.1854741663755289,1.0
0.18548136645962732,1.0
0.1854885671027602,1.0
0.18549576830499262,1.0
0.18550297006638972,1.0
0.18551017238701661,1.0
0.18551737526693846,1.0
0.18552457870622038,1.0
0.1855317827049276,1.0
0.1855389872631252,1.0
0.1855461923808784,1.0
0.18555339805825244,1.0
0.18556060429531243,1.0
0.18556781109212367,1.0
0.18557501844875132,1.0
0.18558222636526062,1.0
0.18558943484171683,1.0
0.1855966438781852,1.0
0.185603853474731,1.0
0.18561106363141947,1.0
0.1856182743483159,1.0
0.18562548562548561,1.0
0.1856326974629939,1.0
0.18563990986090606,1.0
0.1856471228192874,1.0
0.1856543363382033,1.0
0.18566155041771906,1.0
0.18566876505790006,1.0
0.18567598025881163,1.0
0.1856831960205192,1.0
0.1856904123430881,1.0
0.18569762922658375,1.0
0.18570484667107157,1.0
0.1857120646766169,1.0
0.18571928324328527,1.0
0.18572650237114202,1.0
0.18573372206025268,1.0
0.18574094231068264,1.0
0.18574816312249737,1.0
0.18575538449576237,1.0
0.18576260643054313,1.0
0.18576982892690513,1.0
0.18577705198491387,1.0
0.1857842756046349,1.0
0.18579149978613368,1.0
0.18579872452947582,1.0
0.1858059498347268,1.0
0.18581317570195224,1.0
0.18582040213121767,1.0
0.18582762912258868,1.0
0.18583485667613084,1.0
0.18584208479190975,1.0
0.18584931346999106,1.0
0.18585654271044033,1.0
0.18586377251332323,1.0
0.18587100287870537,1.0
0.18587823380665242,1.0
0.18588546529723,1.0
0.18589269735050384,1.0
0.18589992996653956,1.0
0.1859071631454029,1.0
0.18591439688715952,1.0
0.18592163119187516,1.0
0.18592886605961553,1.0
0.18593610149044634,1.0
0.18594333748443337,1.0
0.18595057404164234,1.0
0.18595781116213903,1.0
0.1859650488459892,1.0
0.1859722870932586,1.0
0.18597952590401307,1.0
0.18598676527831842,1.0
0.1859940052162404,1.0
0.1860012457178449,1.0
0.18600848678319773,1.0
0.18601572841236472,1.0
0.18602297060541173,1.0
0.1860302133624046,1.0
0.18603745668340926,1.0
0.18604470056849154,1.0
0.18605919003115265,1.0
0.18606643560886327,1.0
0.18607368175091518,1.0
0.1860809284573743,1.0
0.18608817572830658,1.0
0.186095423563778,1.0
0.1861026719638545,1.0
0.18610992092860204,1.0
0.18611717045808662,1.0
0.18612442055237427,1.0
0.18613167121153096,1.0
0.18613892243562274,1.0
0.1861461742247156,1.0
0.1861534265788756,1.0
0.18616067949816878,1.0
0.1861679329826612,1.0
0.18617518703241895,1.0
0.18618244164750808,1.0
0.1861896968279947,1.0
0.1861969525739449,1.0
0.1862042088854248,1.0
0.1862114657625005,1.0
0.18621872320523813,1.0
0.18622598121370387,1.0
0.18623323978796383,1.0
0.1862404989280842,1.0
0.18624775863413112,1.0
0.18625501890617083,1.0
0.18626227974426945,1.0
0.18626954114849323,1.0
0.18627680311890837,1.0
0.18628406565558112,1.0
0.18629132875857768,1.0
0.1862985924279643,1.0
0.18630585666380722,1.0
0.18631312146617274,1.0
0.18632038683512714,1.0
0.18632765277073665,1.0
0.1863349192730676,1.0
0.18634218634218636,1.0
0.18634945397815914,1.0
0.18635672218105231,1.0
0.1863639909509322,1.0
0.1863712602878652,1.0
0.1863785301919176,1.0
0.18638580066315585,1.0
0.18639307170164626,1.0
0.18640034330745522,1.0
0.18640761548064919,1.0
0.18641488822129454,1.0
0.18642216152945768,1.0
0.18642943540520504,1.0
0.18643670984860308,1.0
0.18644398485971828,1.0
0.18645126043861704,1.0
0.18645853658536585,1.0
0.18646581330003123,1.0
0.18647309058267963,1.0
0.18648036843337756,1.0
0.18648764685219157,1.0
0.18649492583918814,1.0
0.18650220539443382,1.0
0.18650948551799515,1.0
0.1865167662099387,1.0
0.18652404747033105,1.0
0.18653132929923874,1.0
0.18653861169672836,1.0
0.1865458946628665,1.0
0.18655317819771983,1.0
0.1865604623013549,1.0
0.18656774697383835,1.0
0.18657503221523683,1.0
0.186582318025617,1.0
0.1865896044050455,1.0
0.186596891353589,1.0
0.1866041788713142,1.0
0.18661146695828776,1.0
0.18661875561457641,1.0
0.18662604484024686,1.0
0.1866333346353658,1.0
0.186640625,1.0
0.18664791593421617,1.0
0.1866552074380811,1.0
0.18666249951166153,1.0
0.18666979215502422,1.0
0.186677085368236,1.0
0.1866843791513636,1.0
0.18669167350447388,1.0
0.18669896842763364,1.0
0.1867062639209097,1.0
0.1867135599843689,1.0
0.18672085661807808,1.0
0.18672815382210411,1.0
0.18673545159651386,1.0
0.1867427499413742,1.0
0.186750048856752,1.0
0.1867573483427142,1.0
0.1867646483993277,1.0
0.18677194902665936,1.0
0.1867792502247762,1.0
0.18679385433363305,1.0
0.186801157244507,1.0
0.1868084607264339,1.0
0.18681576477948075,1.0
0.18682306940371457,1.0
0.18683037459920232,1.0
0.18683768036601103,1.0
0.18684498670420774,1.0
0.18685229361385944,1.0
0.18685960109503325,1.0
0.18686690914779616,1.0
0.18688152696835764,1.0
0.1868888367362904,1.0
0.18689614707608057,1.0
0.18690345798779534,1.0
0.1869107694715018,1.0
0.18691808152726705,1.0
0.18692539415515824,1.0
0.18693270735524256,1.0
0.18694002112758715,1.0
0.18694733547225917,1.0
0.18695465038932582,1.0
0.18696196587885427,1.0
0.18696928194091175,1.0
0.18697659857556548,1.0
0.18698391578288265,1.0
0.1869912335629305,1.0
0.1869985519157763,1.0
0.1870058708414873,1.0
0.18701319034013072,1.0
0.18702051041177392,1.0
0.18702783105648413,1.0
0.18703515227432865,1.0
0.18704247406537483,1.0
0.18704979642968994,1.0
0.18705711936734135,1.0
0.18706444287839635,1.0
0.18707176696292235,1.0
0.18707909162098668,1.0
0.18708641685265673,1.0
0.18709374265799986,1.0
0.18710106903708346,1.0
0.18710839598997495,1.0
0.18711572351674172,1.0
0.18712305161745124,1.0
0.1871303802921709,1.0
0.1871377095409682,1.0
0.18714503936391055,1.0
0.18715236976106542,1.0
0.1871597007325003,1.0
0.18716703227828266,1.0
0.18717436439848004,1.0
0.1871816970931599,1.0
0.18718903036238982,1.0
0.18719636420623725,1.0
0.18720369862476982,1.0
0.18721103361805502,1.0
0.18721836918616042,1.0
0.1872257053291536,1.0
0.18723304204710217,1.0
0.18724037934007368,1.0
0.187255055651356,1.0
0.18726239466980207,1.0
0.1872697342635416,1.0
0.1872770744326422,1.0
0.18728441517717154,1.0
0.1872917564971973,1.0
0.18729909839278713,1.0
0.18730644086400877,1.0
0.1873137839109299,1.0
0.1873211275336182,1.0
0.18732847173214145,1.0
0.18733581650656733,1.0
0.18734316185696362,1.0
0.18735050778339804,1.0
0.18735785428593835,1.0
0.18736520136465237,1.0
0.18737254901960784,1.0
0.1873798972508726,1.0
0.1873872460585144,1.0
0.1873945954426011,1.0
0.18740194540320051,1.0
0.18740929594038047,1.0
0.18742399874475346,1.0
0.18743135101208222,1.0
0.187438703856263,1.0
0.18744605727736366,1.0
0.18745341127545215,1.0
0.18746076585059637,1.0
0.1874681210028642,1.0
0.18747547673232362,1.0
0.18748283303904256,1.0
0.187490189923089,1.0
0.18749754738453087,1.0
0.18750490542343615,1.0
0.18751226403987284,1.0
0.18751962323390894,1.0
0.18752698300561246,1.0
0.18753434335505142,1.0
0.18754170428229383,1.0
0.18754906578740776,1.0
0.18755642787046123,1.0
0.18756379053152233,1.0
0.18757115377065914,1.0
0.1875785175879397,1.0
0.18758588198343215,1.0
0.18759324695720456,1.0
0.18760061250932505,1.0
0.18760797863986178,1.0
0.18761534534888286,1.0
0.18762271263645644,1.0
0.1876300805026507,1.0
0.18763744894753379,1.0
0.18764481797117386,1.0
0.18765218757363916,1.0
0.18765955775499785,1.0
0.18766692851531816,1.0
0.1876742998546683,1.0
0.1876816717731165,1.0
0.18768904427073105,1.0
0.18769641734758014,1.0
0.18770379100373208,1.0
0.18771116523925513,1.0
0.18771854005421756,1.0
0.18772591544868772,1.0
0.18773329142273387,1.0
0.18774066797642436,1.0
0.1877480451098275,1.0
0.18775542282301164,1.0
0.18776280111604512,1.0
0.1877701799889963,1.0
0.18777755944193358,1.0
0.18778493947492533,1.0
0.18779232008803992,1.0
0.1877997012813458,1.0
0.18780708305491137,1.0
0.18781446540880503,1.0
0.18782184834309526,1.0
0.18782923185785047,1.0
0.18783661595313914,1.0
0.18784400062902973,1.0
0.18785138588559072,1.0
0.18785877172289062,1.0
0.1878661581409979,1.0
0.1878735451399811,1.0
0.18788093271990877,1.0
0.1878883208808494,1.0
0.18789570962287153,1.0
0.18790309894604373,1.0
0.18791048885043457,1.0
0.18792527040314652,1.0
0.18793266205160478,1.0
0.18794005428155608,1.0
0.187947447093069,1.0
0.1879548404862122,1.0
0.18796223446105428,1.0
0.18796962901766395,1.0
0.18797702415610984,1.0
0.18798441987646064,1.0
0.18799181617878502,1.0
0.18799921306315168,1.0
0.18800661052962933,1.0
0.1880140085782867,1.0
0.1880214072091925,1.0
0.18802880642241548,1.0
0.1880362062180244,1.0
0.188043606596088,1.0
0.18805100755667506,1.0
0.18805840909985438,1.0
0.1880658112256947,1.0
0.1880732139342649,1.0
0.18808061722563377,1.0
0.1880880210998701,1.0
0.18809542555704276,1.0
0.18810283059722058,1.0
0.18811023622047243,1.0
0.1881176424268672,1.0
0.18812504921647374,1.0
0.18813245658936095,1.0
0.18813986454559772,1.0
0.188147273085253,1.0
0.18815468220839568,1.0
0.1881620919150947,1.0
0.18816950220541903,1.0
0.1881769130794376,1.0
0.18818432453721937,1.0
0.18819173657883334,1.0
0.18819914920434852,1.0
0.18820656241383385,1.0
0.18821397620735839,1.0
0.18822139058499113,1.0
0.18822880554680113,1.0
0.18823622109285743,1.0
0.18824363722322907,1.0
0.1882510539379851,1.0
0.18825847123719464,1.0
0.18826588912092676,1.0
0.18827330758925054,1.0
0.1882807266422351,1.0
0.18828814627994955,1.0
0.18829556650246304,1.0
0.1883029873098447,1.0
0.18831040870216373,1.0
0.1883178306794892,1.0
0.18832525324189034,1.0
0.18833267638943635,1.0
0.18834010012219637,1.0
0.18834752444023967,1.0
0.18835494934363542,1.0
0.18836237483245288,1.0
0.18836980090676128,1.0
0.18837722756662986,1.0
0.1883846548121279,1.0
0.18839208264332466,1.0
0.18839951106028943,1.0
0.18840694006309147,1.0
0.18841436965180014,1.0
0.18842179982648474,1.0
0.18842923058721459,1.0
0.188436661934059,1.0
0.18844409386708735,1.0
0.18845152638636903,1.0
0.18845895949197333,1.0
0.1884663931839697,1.0
0.18847382746242752,1.0
0.18848126232741616,1.0
0.18849613381726368,1.0
0.1885035704422614,1.0
0.1885110076540677,1.0
0.18852588383838384,1.0
0.18853332281103263,1.0
0.18854820251765914,1.0
0.18855564325177585,1.0
0.18856308457318757,1.0
0.18857052648196385,1.0
0.18857796897817422,1.0
0.18859285573317544,1.0
0.18860029999210548,1.0
0.18860774483874787,1.0
0.18861519027317228,1.0
0.18862263629544826,1.0
0.18863008290564548,1.0
0.18863753010383355,1.0
0.1886449778900821,1.0
0.18865242626446085,1.0
0.18865987522703942,1.0
0.18866732477788747,1.0
0.1886747749170747,1.0
0.18868222564467085,1.0
0.1886896769607456,1.0
0.18869712886536866,1.0
0.1887045813586098,1.0
0.18871203444053872,1.0
0.18871948811122521,1.0
0.18872694237073903,1.0
0.18873439721914995,1.0
0.18874185265652774,1.0
0.18874930868294224,1.0
0.18875676529846325,1.0
0.18876422250316055,1.0
0.18877168029710403,1.0
0.1887791386803635,1.0
0.18878659765300881,1.0
0.18879405721510983,1.0
0.18880151736673648,1.0
0.18880897810795857,1.0
0.18881643943884607,1.0
0.18882390135946886,1.0
0.18883136386989685,1.0
0.1888388269702,1.0
0.1888462906604482,1.0
0.18885375494071147,1.0
0.18886121981105972,1.0
0.18886868527156297,1.0
0.18887615132229119,1.0
0.18888361796331435,1.0
0.18889108519470252,1.0
0.18890602142885382,1.0
0.18891349043175706,1.0
0.18892096002530545,1.0
0.188928430209569,1.0
0.18893590098461782,1.0
0.188943372350522,1.0
0.1889508443073516,1.0
0.18895831685517678,1.0
0.18896578999406763,1.0
0.1889732637240943,1.0
0.1889807380453269,1.0
0.1889882129578356,1.0
0.1889956884616906,1.0
0.18900316455696203,1.0
0.18901064124372008,1.0
0.18901811852203498,1.0
0.18902559639197689,1.0
0.1890330748536161,1.0
0.18904055390702276,1.0
0.18904803355226715,1.0
0.18906299461855017,1.0
0.18907047603972935,1.0
0.1890779580530273,1.0
0.18908544065851438,1.0
0.1890929238562609,1.0
0.18910040764633712,1.0
0.18910789202881342,1.0
0.18911537700376013,1.0
0.18912286257124764,1.0
0.18913034873134624,1.0
0.18913783548412635,1.0
0.18914532282965837,1.0
0.18915281076801266,1.0
0.18916029929925968,1.0
0.1891677884234698,1.0
0.18917527814071347,1.0
0.18918276845106113,1.0
0.18919025935458325,1.0
0.1891977508513503,1.0
0.1892052429414327,1.0
0.18921273562490099,1.0
0.18922022890182566,1.0
0.18922772277227723,1.0
0.1892352172363262,1.0
0.1892427122940431,1.0
0.1892502079454985,1.0
0.1892577041907629,1.0
0.1892652010299069,1.0
0.1892726984630011,1.0
0.18928019649011607,1.0
0.1892876951113224,1.0
0.1892951943266907,1.0
0.1893026941362916,1.0
0.18931019454019574,1.0
0.18931769553847372,1.0
0.18932519713119625,1.0
0.189332699318434,1.0
0.18934020210025757,1.0
0.18934770547673774,1.0
0.18935520944794515,1.0
0.18936271401395055,1.0
0.18937021917482463,1.0
0.18937772493063812,1.0
0.1893852312814618,1.0
0.1893927382273664,1.0
0.1894002457684227,1.0
0.1894077539047015,1.0
0.18941526263627353,1.0
0.18942277196320964,1.0
0.18943028188558061,1.0
0.1894377924034573,1.0
0.18944530351691052,1.0
0.1894528152260111,1.0
0.18946032753082992,1.0
0.18946784043143786,1.0
0.18947535392790577,1.0
0.18948286802030456,1.0
0.18949038270870514,1.0
0.1894978979931784,1.0
0.18950541387379527,1.0
0.1895129303506267,1.0
0.1895204474237436,1.0
0.18952796509321698,1.0
0.18953548335911777,1.0
0.189543002221517,1.0
0.18955052168048558,1.0
0.18955804173609458,1.0
0.189565562388415,1.0
0.18957308363751785,1.0
0.1895806054834742,1.0
0.18958812792635504,1.0
0.1895956509662315,1.0
0.1896031746031746,1.0
0.18961069883725545,1.0
0.1896182236685451,1.0
0.18962574909711474,1.0
0.1896332751230354,1.0
0.18964080174637826,1.0
0.18964832896721442,1.0
0.18965585678561506,1.0
0.18966338520165132,1.0
0.1896709142153944,1.0
0.18967844382691545,1.0
0.18968597403628568,1.0
0.1896935048435763,1.0
0.18970103624885853,1.0
0.1897085682522036,1.0
0.18971610085368273,1.0
0.18972363405336723,1.0
0.18973116785132826,1.0
0.1897387022476372,1.0
0.18974623724236528,1.0
0.18975377283558378,1.0
0.18976130902736407,1.0
0.18976884581777742,1.0
0.1897763832068952,1.0
0.18978392119478868,1.0
0.18979145978152928,1.0
0.18979899896718838,1.0
0.18981407913554743,1.0
0.1898216201183902,1.0
0.18982916170043704,1.0
0.1898367038817593,1.0
0.18984424666242847,1.0
0.18985179004251598,1.0
0.1898593340220933,1.0
0.18986687860123186,1.0
0.1898744237800032,1.0
0.18988196955847872,1.0
0.18988951593672998,1.0
0.1898970629148285,1.0
0.1899046104928458,1.0
0.18991215867085337,1.0
0.1899197074489228,1.0
0.18992725682712566,1.0
0.18993480680553348,1.0
0.18994235738421786,1.0
0.1899499085632504,1.0
0.18995746034270267,1.0
0.18996501272264632,1.0
0.18997256570315296,1.0
0.18998011928429423,1.0
0.1899876734661418,1.0
0.1899952282487673,1.0
0.1900027836322424,1.0
0.19001033961663882,1.0
0.19001789620202825,1.0
0.19002545338848234,1.0
0.19003301117607285,1.0
0.19004056956487153,1.0
0.19004812855495007,1.0
0.19005568814638027,1.0
0.19006324833923385,1.0
0.19007080913358262,1.0
0.19007837052949836,1.0
0.19008593252705283,1.0
0.19009349512631787,1.0
0.19010105832736532,1.0
0.19010862213026697,1.0
0.1901161865350947,1.0
0.19012375154192035,1.0
0.19013131715081577,1.0
0.19014645017510348,1.0
0.19015401759063955,1.0
0.190161585608533,1.0
0.19016915422885572,1.0
0.19017672345167966,1.0
0.19018429327707678,1.0
0.190191863705119,1.0
0.19019943473587836,1.0
0.19020700636942675,1.0
0.1902145786058362,1.0
0.19022215144517876,1.0
0.1902372989329511,1.0
0.19024487358152498,1.0
0.19025244883332007,1.0
0.19026002468840839,1.0
0.19026760114686206,1.0
0.19027517820875314,1.0
0.19028275587415372,1.0
0.19029033414313593,1.0
0.19029791301577187,1.0
0.19030549249213366,1.0
0.19031307257229346,1.0
0.19032065325632344,1.0
0.19032823454429573,1.0
0.19033581643628253,1.0
0.190343398932356,1.0
0.19035098203258835,1.0
0.1903585657370518,1.0
0.19036615004581856,1.0
0.19037373495896087,1.0
0.19038132047655099,1.0
0.19038890659866115,1.0
0.19039649332536362,1.0
0.1904040806567307,1.0
0.19041166859283465,1.0
0.1904192571337478,1.0
0.19042684627954246,1.0
0.19043443603029095,1.0
0.1904420263860656,1.0
0.19044961734693877,1.0
0.19045720891298282,1.0
0.1904648010842701,1.0
0.19047239386087303,1.0
0.19047998724286397,1.0
0.19048758123031534,1.0
0.19049517582329958,1.0
0.1905027710218891,1.0
0.1905103668261563,1.0
0.1905179632361737,1.0
0.19052556025201373,1.0
0.19053315787374886,1.0
0.19054075610145157,1.0
0.19054835493519443,1.0
0.19055595437504985,1.0
0.1905635544210904,1.0
0.19057115507338865,1.0
0.19058635819704828,1.0
0.1905939606685548,1.0
0.19060156374660922,1.0
0.19060916743128417,1.0
0.1906167717226522,1.0
0.19062437662078596,1.0
0.19063198212575805,1.0
0.19063958823764116,1.0
0.19064719495650786,1.0
0.19065480228243087,1.0
0.19066241021548283,1.0
0.19067001875573647,1.0
0.19067762790326442,1.0
0.19068523765813944,1.0
0.19069284802043424,1.0
0.1907004589902215,1.0
0.19070807056757405,1.0
0.19071568275256456,1.0
0.19072329554526585,1.0
0.19073090894575068,1.0
0.19073852295409183,1.0
0.1907461375703621,1.0
0.1907537527946343,1.0
0.1907613686269813,1.0
0.19076898506747583,1.0
0.19077660211619085,1.0
0.19078421977319918,1.0
0.19079183803857366,1.0
0.1907994569123872,1.0
0.19080707639471267,1.0
0.190814696485623,1.0
0.1908223171851911,1.0
0.1908299384934899,1.0
0.19083756041059233,1.0
0.19084518293657135,1.0
0.1908528060714999,1.0
0.19086042981545098,1.0
0.1908680541684976,1.0
0.19087567913071268,1.0
0.1908833047021693,1.0
0.19089093088294048,1.0
0.1908985576730992,1.0
0.19090618507271856,1.0
0.19091381308187158,1.0
0.19092144170063136,1.0
0.19092907092907094,1.0
0.19093670076726343,1.0
0.19094433121528195,1.0
0.19095196227319958,1.0
0.1909595939410895,1.0
0.1909672262190248,1.0
0.19097485910707862,1.0
0.19098249260532416,1.0
0.19099012671383458,1.0
0.19099776143268307,1.0
0.19100539676194284,1.0
0.19101303270168707,1.0
0.19102066925198896,1.0
0.1910283064129218,1.0
0.1910359441845588,1.0
0.1910435825669732,1.0
0.19105122156023832,1.0
0.19105886116442738,1.0
0.1910665013796137,1.0
0.1910741422058706,1.0
0.19108178364327136,1.0
0.1910894256918893,1.0
0.1910970683517978,1.0
0.19110471162307016,1.0
0.19111235550577976,1.0
0.19112,1.0
0.19112764510580424,1.0
0.19113529082326586,1.0
0.1911429371524583,1.0
0.19115058409345495,1.0
0.19115823164632928,1.0
0.19116587981115468,1.0
0.19117352858800465,1.0
0.19118117797695264,1.0
0.1911888279780721,1.0
0.19119647859143657,1.0
0.19120412981711954,1.0
0.1912117816551945,1.0
0.19121943410573497,1.0
0.19122708716881454,1.0
0.1912347408445067,1.0
0.19124239513288505,1.0
0.19125005003402312,1.0
0.19125770554799457,1.0
0.1912653616748729,1.0
0.1912730184147318,1.0
0.19128067576764482,1.0
0.19128833373368564,1.0
0.1912959923129279,1.0
0.19130365150544523,1.0
0.19131131131131132,1.0
0.19131897173059983,1.0
0.19132663276338446,1.0
0.1913342944097389,1.0
0.19134195666973688,1.0
0.19134961954345214,1.0
0.1913572830309584,1.0
0.19136494713232938,1.0
0.19137261184763887,1.0
0.19138027717696066,1.0
0.19138794312036853,1.0
0.19139560967793623,1.0
0.19140327684973762,1.0
0.19141094463584649,1.0
0.1914186130363367,1.0
0.19142628205128207,1.0
0.19143395168075644,1.0
0.19144162192483372,1.0
0.19144929278358777,1.0
0.1914569642570925,1.0
0.19146463634542177,1.0
0.1914723090486495,1.0
0.19147998236684968,1.0
0.19148765630009618,1.0
0.19149533084846299,1.0
0.19150300601202405,1.0
0.19151068179085334,1.0
0.19151835818502486,1.0
0.1915260351946126,1.0
0.19153371281969053,1.0
0.19154139106033274,1.0
0.19154906991661322,1.0
0.19155674938860603,1.0
0.19156442947638522,1.0
0.19157211018002485,1.0
0.19157979149959903,1.0
0.19158747343518184,1.0
0.19159515598684737,1.0
0.19160283915466977,1.0
0.19161052293872313,1.0
0.1916182073390816,1.0
0.19162589235581937,1.0
0.19163357798901054,1.0
0.19164126423872935,1.0
0.19164895110504993,1.0
0.19165663858804652,1.0
0.19166432668779335,1.0
0.19167201540436457,1.0
0.19167970473783447,1.0
0.1916873946882773,1.0
0.1916950852557673,1.0
0.19170277644037875,1.0
0.19171046824218593,1.0
0.19171816066126315,1.0
0.1917258536976847,1.0
0.19173354735152487,1.0
0.19174124162285805,1.0
0.19174893651175856,1.0
0.19175663201830076,1.0
0.191764328142559,1.0
0.19177202488460768,1.0
0.19177972224452114,1.0
0.19178742022237386,1.0
0.1917951188182402,1.0
0.19180281803219462,1.0
0.19181051786431152,1.0
0.1918182183146654,1.0
0.19182591938333066,1.0
0.19183362107038182,1.0
0.19184132337589335,1.0
0.19184902629993977,1.0
0.19186443400393527,1.0
0.19187213878403342,1.0
0.19187984418296453,1.0
0.19188755020080323,1.0
0.191895256837624,1.0
0.1919029640935015,1.0
0.19191067196851025,1.0
0.19191838046272494,1.0
0.19192608957622012,1.0
0.19193379930907045,1.0
0.19194150966135057,1.0
0.19194922063313513,1.0
0.1919569322244988,1.0
0.19196464443551628,1.0
0.19197235726626222,1.0
0.1919800707168113,1.0
0.19198778478723832,1.0
0.19199549947761793,1.0
0.19200321478802493,1.0
0.192010930718534,1.0
0.19201864726921994,1.0
0.19202636444015755,1.0
0.19203408223142157,1.0
0.19204180064308682,1.0
0.1920495196752281,1.0
0.19205723932792024,1.0
0.1920649596012381,1.0
0.19207268049525647,1.0
0.19208040201005025,1.0
0.1920881241456943,1.0
0.1920958469022635,1.0
0.19210357027983274,1.0
0.19211129427847695,1.0
0.19211901889827102,1.0
0.19212674413928987,1.0
0.1921344700016085,1.0
0.1921421964853018,1.0
0.19214992359044478,1.0
0.1921576513171124,1.0
0.19216537966537967,1.0
0.19217310863532155,1.0
0.19218083822701312,1.0
0.19218856844052934,1.0
0.19219629927594528,1.0
0.19220403073333603,1.0
0.19221176281277658,1.0
0.19221949551434203,1.0
0.1922272288381075,1.0
0.19223496278414806,1.0
0.19224269735253882,1.0
0.19225043254335492,1.0
0.1922581683566715,1.0
0.19226590479256367,1.0
0.19227364185110665,1.0
0.19228137953237553,1.0
0.1922891178364456,1.0
0.19229685676339195,1.0
0.19230459631328986,1.0
0.19231233648621454,1.0
0.19232007728224118,1.0
0.19232781870144508,1.0
0.19233556074390146,1.0
0.1923433034096856,1.0
0.1923510466988728,1.0
0.1923587906115383,1.0
0.19236653514775748,1.0
0.1923742803076056,1.0
0.192382026091158,1.0
0.19238977249849004,1.0
0.19239751952967707,1.0
0.19240526718479442,1.0
0.19241301546391754,1.0
0.19242076436712174,1.0
0.19242851389448248,1.0
0.19243626404607517,1.0
0.19244401482197518,1.0
0.19245176622225801,1.0
0.1924595182469991,1.0
0.1924672708962739,1.0
0.1924750241701579,1.0
0.19249053259205542,1.0
0.19249828774022,1.0
0.19250604351329573,1.0
0.19251379991135822,1.0
0.19252155693448303,1.0
0.1925293145827457,1.0
0.1925370728562218,1.0
0.1925448317549869,1.0
0.1925525912791166,1.0
0.19256035142868658,1.0
0.19256811220377237,1.0
0.19257587360444964,1.0
0.19259139828288122,1.0
0.19259916156078685,1.0
0.1926069254645866,1.0
0.19261468999435621,1.0
0.19262245515017135,1.0
0.19263022093210772,1.0
0.1926379873402411,1.0
0.1926457543746472,1.0
0.1926535220354018,1.0
0.19266129032258064,1.0
0.19266905923625952,1.0
0.19267682877651424,1.0
0.19268459894342058,1.0
0.19269236973705436,1.0
0.19270014115749143,1.0
0.19270791320480762,1.0
0.19271568587907878,1.0
0.19272345918038078,1.0
0.19273123310878948,1.0
0.1927390076643808,1.0
0.19274678284723062,1.0
0.19275455865741487,1.0
0.19276233509500948,1.0
0.19277011216009038,1.0
0.1927778898527335,1.0
0.19278566817301485,1.0
0.19279344712101038,1.0
0.19280122669679606,1.0
0.19280900690044792,1.0
0.19281678773204197,1.0
0.19282456919165422,1.0
0.19283235127936071,1.0
0.19284013399523753,1.0
0.19284791733936066,1.0
0.19285570131180627,1.0
0.19286348591265037,1.0
0.1928712711419691,1.0
0.19287905699983854,1.0
0.19288684348633484,1.0
0.1928946306015341,1.0
0.19290241834551253,1.0
0.19291020671834624,1.0
0.19291799572011145,1.0
0.19292578535088428,1.0
0.19293357561074095,1.0
0.1929413664997577,1.0
0.19294915801801074,1.0
0.1929647429425306,1.0
0.19297253634894992,1.0
0.19298033038491053,1.0
0.19298812505048873,1.0
0.1929959203457608,1.0
0.19300371627080304,1.0
0.1930115128256918,1.0
0.19301931001050335,1.0
0.1930271078253141,1.0
0.1930349062702004,1.0
0.19304270534523857,1.0
0.19305050505050506,1.0
0.1930583053860762,1.0
0.19306610635202845,1.0
0.1930739079484382,1.0
0.1930817101753819,1.0
0.19308951303293595,1.0
0.19309731652117684,1.0
0.19310512064018107,1.0
0.19311292539002506,1.0
0.19312073077078534,1.0
0.1931285367825384,1.0
0.19313634342536076,1.0
0.19314415069932897,1.0
0.19315195860451956,1.0
0.19315976714100905,1.0
0.19316757630887407,1.0
0.19317538610819115,1.0
0.19318319653903693,1.0
0.19319100760148794,1.0
0.19319881929562088,1.0
0.19320663162151233,1.0
0.19321444457923895,1.0
0.1932222581688774,1.0
0.1932300723905043,1.0
0.19323788724419638,1.0
0.19324570273003033,1.0
0.19325351884808284,1.0
0.19326133559843062,1.0
0.19326915298115038,1.0
0.1932769709963189,1.0
0.19328478964401294,1.0
0.19329260892430924,1.0
0.19330042883728457,1.0
0.19330824938301575,1.0
0.19331607056157954,1.0
0.1933238923730528,1.0
0.19333171481751235,1.0
0.193339537895035,1.0
0.19334736160569763,1.0
0.19335518594957712,1.0
0.19336301092675032,1.0
0.19337083653729412,1.0
0.1933786627812854,1.0
0.19338648965880115,1.0
0.19339431716991823,1.0
0.1934021453147136,1.0
0.19340997409326424,1.0
0.19341780350564708,1.0
0.19342563355193912,1.0
0.19343346423221733,1.0
0.1934412955465587,1.0
0.19344912749504029,1.0
0.19345696007773908,1.0
0.19346479329473215,1.0
0.19347262714609653,1.0
0.1934804616319093,1.0
0.19348829675224752,1.0
0.19349613250718828,1.0
0.19350396889680868,1.0
0.19351180592118586,1.0
0.19351964358039692,1.0
0.19352748187451901,1.0
0.19353532080362928,1.0
0.19354316036780492,1.0
0.19355100056712307,1.0
0.19355884140166094,1.0
0.1935666828714957,1.0
0.1935745249767046,1.0
0.1935823677173649,1.0
0.19359021109355373,1.0
0.19359805510534847,1.0
0.1936058997528263,1.0
0.19361374503606452,1.0
0.19362159095514042,1.0
0.1936294375101313,1.0
0.1936372847011145,1.0
0.1936451325281673,1.0
0.19365298099136707,1.0
0.1936608300907912,1.0
0.19366867982651698,1.0
0.1936765301986218,1.0
0.1936843812071831,1.0
0.19369223285227827,1.0
0.19370008513398468,1.0
0.1937079380523798,1.0
0.19371579160754104,1.0
0.1937236457995459,1.0
0.1937315006284718,1.0
0.19373935609439624,1.0
0.1937472121973967,1.0
0.19375506893755068,1.0
0.19376292631493572,1.0
0.19377078432962933,1.0
0.19377864298170905,1.0
0.19378650227125244,1.0
0.19379436219833704,1.0
0.1938022227630405,1.0
0.1938100839654403,1.0
0.19381794580561415,1.0
0.1938258082836396,1.0
0.19383367139959432,1.0
0.19384153515355593,1.0
0.19384939954560207,1.0
0.19385726457581046,1.0
0.1938651302442587,1.0
0.19387299655102455,1.0
0.1938808634961857,1.0
0.19388873107981983,1.0
0.1938965993020047,1.0
0.19390446816281806,1.0
0.19391233766233767,1.0
0.19392020780064126,1.0
0.19392807857780664,1.0
0.1939359499939116,1.0
0.19394382204903393,1.0
0.19395169474325147,1.0
0.19395956807664205,1.0
0.19397531666125364,1.0
0.19398319191263041,1.0
0.19399106780349168,1.0
0.1939989443339153,1.0
0.19400682150397922,1.0
0.1940146993137613,1.0
0.19402257776333956,1.0
0.19403045685279188,1.0
0.19403833658219624,1.0
0.1940462169516306,1.0
0.19405409796117293,1.0
0.19406197961090127,1.0
0.1940698619008936,1.0
0.19407774483122792,1.0
0.1940856284019823,1.0
0.19409351261323476,1.0
0.19410139746506339,1.0
0.1941092829575462,1.0
0.19411716909076135,1.0
0.1941250558647869,1.0
0.19413294327970096,1.0
0.19414083133558166,1.0
0.1941487200325071,1.0
0.19415660937055548,1.0
0.19416449934980495,1.0
0.19417238997033365,1.0
0.19418028123221978,1.0
0.19418817313554157,1.0
0.19419606568037717,1.0
0.19420395886680486,1.0
0.19421185269490285,1.0
0.1942197471647494,1.0
0.19422764227642275,1.0
0.1942355380300012,1.0
0.19424343442556305,1.0
0.19425133146318657,1.0
0.19425922914295007,1.0
0.1942671274649319,1.0
0.19427502642921038,1.0
0.19428292603586386,1.0
0.1942908262849707,1.0
0.19429872717660931,1.0
0.19430662871085808,1.0
0.19431453088779535,1.0
0.1943224337074996,1.0
0.19433033717004922,1.0
0.19433824127552266,1.0
0.19434614602399838,1.0
0.19435405141555484,1.0
0.19436195745027052,1.0
0.1943698641282239,1.0
0.1943777714494935,1.0
0.19438567941415785,1.0
0.19439358802229545,1.0
0.19440149727398487,1.0
0.19440940716930463,1.0
0.19441731770833334,1.0
0.19442522889114955,1.0
0.19443314071783185,1.0
0.1944410531884589,1.0
0.19444896630310923,1.0
0.19445688006186154,1.0
0.19446479446479448,1.0
0.19447270951198664,1.0
0.19448062520351678,1.0
0.19448854153946352,1.0
0.19449645851990557,1.0
0.19450437614492164,1.0
0.19451229441459045,1.0
0.19452021332899075,1.0
0.19452813288820128,1.0
0.1945360530923008,1.0
0.19454397394136808,1.0
0.1945518954354819,1.0
0.19455981757472107,1.0
0.19456774035916438,1.0
0.1945756637888907,1.0
0.19458358786397884,1.0
0.1945915125845076,1.0
0.19459943795055595,1.0
0.19460736396220268,1.0
0.1946152906195267,1.0
0.19462321792260692,1.0
0.19463114587152225,1.0
0.19463907446635165,1.0
0.194647003707174,1.0
0.19465493359406827,1.0
0.19466286412711348,1.0
0.19467872713197246,1.0
0.19468665960394427,1.0
0.19469459272238296,1.0
0.19470252648736755,1.0
0.19471046089897714,1.0
0.19472633166238743,1.0
0.19473426801434626,1.0
0.19474220501324638,1.0
0.19475014265916687,1.0
0.19475808095218686,1.0
0.19476601989238546,1.0
0.19477395947984183,1.0
0.19478189971463514,1.0
0.19478984059684454,1.0
0.19479778212654925,1.0
0.19480572430382842,1.0
0.1948136671287613,1.0
0.1948216106014271,1.0
0.19483749949027443,1.0
0.19484544490661446,1.0
0.19485339097100446,1.0
0.19486133768352365,1.0
0.19486928504425138,1.0
0.19487723305326698,1.0
0.19488518171064975,1.0
0.19489313101647904,1.0
0.1949010809708342,1.0
0.19491698282543957,1.0
0.19492493472584857,1.0
0.19493288727510097,1.0
0.1949408404732762,1.0
0.1949487943204537,1.0
0.1949567488167129,1.0
0.19496470396213328,1.0
0.19497265975679426,1.0
0.19498061620077536,1.0
0.19498857329415606,1.0
0.19499653103701586,1.0
0.19500448942943432,1.0
0.19501244847149096,1.0
0.1950204081632653,1.0
0.19502836850483693,1.0
0.1950363294962854,1.0
0.19504429113769034,1.0
0.1950522534291313,1.0
0.1950602163706879,1.0
0.19506817996243977,1.0
0.1950761442044666,1.0
0.19508410909684795,1.0
0.19509207463966355,1.0
0.19510004083299307,1.0
0.19511597517151258,1.0
0.195123943316862,1.0
0.19513191211304418,1.0
0.19513988156013887,1.0
0.1951478516582258,1.0
0.19515582240738472,1.0
0.19516379380769544,1.0
0.1951717658592378,1.0
0.1951797385620915,1.0
0.19518771191633646,1.0
0.19519568592205244,1.0
0.19520366057931937,1.0
0.19521163588821702,1.0
0.19521961184882533,1.0
0.19522758846122415,1.0
0.1952355657254934,1.0
0.19524354364171298,1.0
0.1952515222099628,1.0
0.19525950143032283,1.0
0.19526748130287302,1.0
0.19527546182769331,1.0
0.1952834430048637,1.0
0.19529142483446416,1.0
0.1952994073165747,1.0
0.19530739045127535,1.0
0.19531537423864612,1.0
0.19532335867876707,1.0
0.19533134377171824,1.0
0.19533932951757974,1.0
0.1953473159164316,1.0
0.1953553029683539,1.0
0.19536329067342684,1.0
0.19537127903173046,1.0
0.1953792680433449,1.0
0.19538725770835036,1.0
0.19539524802682698,1.0
0.1954032389988549,1.0
0.19541123062451435,1.0
0.19541922290388547,1.0
0.19542721583704856,1.0
0.19543520942408377,1.0
0.19544320366507137,1.0
0.19545119856009163,1.0
0.1954591941092248,1.0
0.19546719031255114,1.0
0.19547518717015097,1.0
0.19548318468210457,1.0
0.1954911828484923,1.0
0.19549918166939442,1.0
0.19550718114489135,1.0
0.19551518127506343,1.0
0.195523182059991,1.0
0.19553118349975446,1.0
0.1955391855944342,1.0
0.19554718834411067,1.0
0.19555519174886424,1.0
0.19556319580877538,1.0
0.19557120052392452,1.0
0.19557920589439215,1.0
0.1955872119202587,1.0
0.19559521860160473,1.0
0.19560322593851068,1.0
0.19561123393105706,1.0
0.19561924257932448,1.0
0.1956272518833934,1.0
0.1956352618433444,1.0
0.19564327245925806,1.0
0.19565128373121493,1.0
0.19565929565929566,1.0
0.1956673082435808,1.0
0.19567532148415104,1.0
0.19568333538108695,1.0
0.1956913499344692,1.0
0.19569936514437847,1.0
0.19570738101089538,1.0
0.1957153975341007,1.0
0.19572341471407503,1.0
0.1957314325508992,1.0
0.19573945104465382,1.0
0.19574747019541971,1.0
0.1957554900032776,1.0
0.19576351046830828,1.0
0.1957715315905925,1.0
0.19577955337021102,1.0
0.1957875758072447,1.0
0.19579559890177436,1.0
0.19580362265388082,1.0
0.19581164706364493,1.0
0.19581967213114754,1.0
0.19582769785646953,1.0
0.19583572423969178,1.0
0.19584375128089518,1.0
0.19585177898016068,1.0
0.19585980733756916,1.0
0.1958678363532016,1.0
0.19587586602713894,1.0
0.19588389635946213,1.0
0.19589192735025215,1.0
0.19589995899959,1.0
0.19590799130755668,1.0
0.19591602427423324,1.0
0.19592405789970066,1.0
0.19593209218404004,1.0
0.1959401271273324,1.0
0.1959481627296588,1.0
0.19595619899110037,1.0
0.19596423591173817,1.0
0.19597227349165333,1.0
0.19598031173092698,1.0
0.19598835062964026,1.0
0.19599639018787432,1.0
0.1960044304057103,1.0
0.1960124712832294,1.0
0.19602051282051283,1.0
0.19602855501764174,1.0
0.1960365978746974,1.0
0.19604464139176103,1.0
0.19605268556891386,1.0
0.19606073040623717,1.0
0.19606877590381222,1.0
0.19607682206172028,1.0
0.19608486888004267,1.0
0.1960929163588607,1.0
0.1961009644982557,1.0
0.196109013298309,1.0
0.19611706275910193,1.0
0.19612511288071588,1.0
0.19613316366323222,1.0
0.19614121510673235,1.0
0.19614926721129766,1.0
0.1961573199770096,1.0
0.19616537340394957,1.0
0.19617342749219904,1.0
0.19618148224183946,1.0
0.1961895376529523,1.0
0.196197593725619,1.0
0.19620565045992117,1.0
0.1962137078559402,1.0
0.1962217659137577,1.0
0.19622982463345517,1.0
0.1962378840151142,1.0
0.19625400476464305,1.0
0.1962620661326761,1.0
0.19627012816299705,1.0
0.19627819085568746,1.0
0.19628625421082901,1.0
0.19629431822850335,1.0
0.19630238290879212,1.0
0.196310448251777,1.0
0.19631851425753966,1.0
0.19632658092616181,1.0
0.19633464825772518,1.0
0.19634271625231148,1.0
0.19635078491000246,1.0
0.19635885423087987,1.0
0.19636692421502547,1.0
0.19637499486252105,1.0
0.19638306617344842,1.0
0.19639113814788936,1.0
0.19639921078592568,1.0
0.19640728408763924,1.0
0.1964153580531119,1.0
0.1964234326824255,1.0
0.1964315079756619,1.0
0.196439583932903,1.0
0.19644766055423074,1.0
0.19645573783972697,1.0
0.1964638157894737,1.0
0.19647189440355278,1.0
0.19647997368204623,1.0
0.196488053625036,1.0
0.19649613423260404,1.0
0.1965042155048324,1.0
0.19651229744180307,1.0
0.19652038004359806,1.0
0.19652846331029944,1.0
0.1965365472419892,1.0
0.19654463183874948,1.0
0.1965527171006623,1.0
0.1965608030278098,1.0
0.196568889620274,1.0
0.19657697687813708,1.0
0.19658506480148116,1.0
0.1965931533903884,1.0
0.19660124264494094,1.0
0.19660933256522098,1.0
0.19661742315131064,1.0
0.19662551440329218,1.0
0.1966336063212478,1.0
0.1966416989052597,1.0
0.19664979215541012,1.0
0.19665788607178136,1.0
0.19666598065445565,1.0
0.19667407590351527,1.0
0.19668217181904252,1.0
0.19669026840111972,1.0
0.19669836564982915,1.0
0.1967064635652532,1.0
0.19671456214747415,1.0
0.19672266139657443,1.0
0.1967307613126364,1.0
0.1967388618957424,1.0
0.19674696314597487,1.0
0.19675506506341625,1.0
0.1967631676481489,1.0
0.19677127090025534,1.0
0.19677937481981797,1.0
0.19678747940691926,1.0
0.19679558466164174,1.0
0.19680369058406788,1.0
0.19681179717428018,1.0
0.1968199044323612,1.0
0.19682801235839342,1.0
0.19683612095245942,1.0
0.19684423021464179,1.0
0.19685234014502306,1.0
0.19686045074368588,1.0
0.19686856201071282,1.0
0.1968766739461865,1.0
0.19689289982280464,1.0
0.1969010137641144,1.0
0.19690912837420152,1.0
0.1969172436531487,1.0
0.19692535960103863,1.0
0.196933476217954,1.0
0.19694159350397758,1.0
0.19694971145919207,1.0
0.19695783008368029,1.0
0.19696594937752493,1.0
0.19697406934080883,1.0
0.19698218997361477,1.0
0.19699031127602556,1.0
0.19699843324812402,1.0
0.197006555889993,1.0
0.1970146792017153,1.0
0.19702280318337387,1.0
0.19703092783505155,1.0
0.1970390531568312,1.0
0.19704717914879577,1.0
0.19705530581102818,1.0
0.19706343314361133,1.0
0.19707156114662816,1.0
0.1970796898201617,1.0
0.19708781916429485,1.0
0.19709594917911064,1.0
0.19710407986469206,1.0
0.1971122112211221,1.0
0.19712034324848385,1.0
0.1971284759468603,1.0
0.19713660931633453,1.0
0.19714474335698962,1.0
0.1971528780689086,1.0
0.19716101345217463,1.0
0.19716914950687078,1.0
0.19717728623308023,1.0
0.19718542363088606,1.0
0.19720170044161955,1.0
0.19720983985471355,1.0
0.19721797993973667,1.0
0.19722612069677206,1.0
0.197234262125903,1.0
0.19724240422721268,1.0
0.19725054700078437,1.0
0.19725869044670136,1.0
0.19726683456504687,1.0
0.1972749793559042,1.0
0.1972831248193567,1.0
0.19729127095548765,1.0
0.1972994177643804,1.0
0.19730756524611828,1.0
0.19731571340078463,1.0
0.19732386222846288,1.0
0.19733201172923637,1.0
0.1973401619031885,1.0
0.1973483127504027,1.0
0.1973564642709624,1.0
0.19736461646495104,1.0
0.19737276933245207,1.0
0.19738092287354897,1.0
0.1973890770883252,1.0
0.1973972319768643,1.0
0.19740538753924972,1.0
0.19741354377556503,1.0
0.19742170068589374,1.0
0.19742985827031942,1.0
0.19743801652892562,1.0
0.19744617546179594,1.0
0.19745433506901397,1.0
0.1974624953506633,1.0
0.19747065630682759,1.0
0.19748698024303546,1.0
0.1974951432232464,1.0
0.1975033068783069,1.0
0.19751147120830062,1.0
0.19751963621331128,1.0
0.19752780189342262,1.0
0.19753596824871839,1.0
0.19754413527928225,1.0
0.19755230298519805,1.0
0.1975604713665495,1.0
0.19756864042342046,1.0
0.19757681015589465,1.0
0.1975849805640559,1.0
0.1975931516479881,1.0
0.19760132340777503,1.0
0.19760949584350057,1.0
0.19761766895524857,1.0
0.19762584274310294,1.0
0.19763401720714757,1.0
0.19764219234746638,1.0
0.1976503681641433,1.0
0.19765854465726224,1.0
0.19766672182690717,1.0
0.19767489967316204,1.0
0.1976830781961109,1.0
0.19769125739583765,1.0
0.19769943727242634,1.0
0.19770761782596102,1.0
0.1977157990565257,1.0
0.19772398096420443,1.0
0.19773216354908127,1.0
0.19774034681124034,1.0
0.19774853075076568,1.0
0.1977567153677414,1.0
0.19776490066225166,1.0
0.19777308663438056,1.0
0.19778127328421227,1.0
0.19778946061183095,1.0
0.1978058373007659,1.0
0.19781402666225056,1.0
0.19782221670185898,1.0
0.1978304074196754,1.0
0.19783859881578403,1.0
0.19784679089026916,1.0
0.19785498364321505,1.0
0.197863177074706,1.0
0.19787137118482628,1.0
0.19787956597366024,1.0
0.1978877614412922,1.0
0.19789595758780648,1.0
0.1979041544132875,1.0
0.19791235191781956,1.0
0.1979205501014871,1.0
0.19792874896437448,1.0
0.19793694850656615,1.0
0.1979451487281465,1.0
0.19795334962919997,1.0
0.19796155120981107,1.0
0.19796975347006424,1.0
0.19797795641004393,1.0
0.19798616002983466,1.0
0.19799436432952097,1.0
0.19800256930918736,1.0
0.19801077496891836,1.0
0.19801898130879855,1.0
0.19802718832891247,1.0
0.19803539602934472,1.0
0.1980436044101799,1.0
0.19805181347150258,1.0
0.19806002321339744,1.0
0.19806823363594908,1.0
0.19807644473924219,1.0
0.19808465652336138,1.0
0.19809286898839137,1.0
0.19810108213441685,1.0
0.1981175104697931,1.0
0.19812572565931333,1.0
0.19813394153016795,1.0
0.19814215808244173,1.0
0.19815037531621946,1.0
0.19815859323158594,1.0
0.19816681182862594,1.0
0.1981750311074243,1.0
0.19818325106806586,1.0
0.19819147171063548,1.0
0.19819969303521798,1.0
0.19820791504189827,1.0
0.19821613773076124,1.0
0.1982243611018918,1.0
0.19823258515537484,1.0
0.19824080989129533,1.0
0.1982490353097382,1.0
0.1982572614107884,1.0
0.19826548819453088,1.0
0.1982737156610507,1.0
0.19828194381043282,1.0
0.19829017264276227,1.0
0.19829840215812408,1.0
0.1983066323566033,1.0
0.19831486323828498,1.0
0.1983230948032542,1.0
0.19833132705159603,1.0
0.1983395599833956,1.0
0.19834779359873803,1.0
0.1983560278977084,1.0
0.1983642628803919,1.0
0.1983724985468737,1.0
0.19838073489723895,1.0
0.19838897193157282,1.0
0.19839720964996055,1.0
0.19840544805248733,1.0
0.198421926910299,1.0
0.1984301673657544,1.0
0.19843840850568983,1.0
0.19844665033019063,1.0
0.1984548928393421,1.0
0.1984631360332295,1.0
0.1984713799119382,1.0
0.19847962447555353,1.0
0.19848786972416085,1.0
0.19849611565784553,1.0
0.198504362276693,1.0
0.19851260958078856,1.0
0.19852085757021773,1.0
0.19852910624506587,1.0
0.19853735560541844,1.0
0.1985456056513609,1.0
0.19855385638297873,1.0
0.1985621078003574,1.0
0.1985703599035824,1.0
0.1985786126927393,1.0
0.19858686616791354,1.0
0.19859512032919074,1.0
0.1986033751766564,1.0
0.19861163071039614,1.0
0.1986198869304955,1.0
0.1986281438370401,1.0
0.19863640143011557,1.0
0.19864465970980752,1.0
0.19865291867620155,1.0
0.1986611783293834,1.0
0.19866943866943867,1.0
0.19867769969645308,1.0
0.1986859614105123,1.0
0.19869422381170207,1.0
0.19870248690010814,1.0
0.19871075067581617,1.0
0.198719015138912,1.0
0.19872728028948133,1.0
0.19873554612761002,1.0
0.1987438126533838,1.0
0.19875207986688853,1.0
0.19876034776821,1.0
0.19876861635743406,1.0
0.1987768856346466,1.0
0.19878515559993343,1.0
0.19879342625338048,1.0
0.19880169759507366,1.0
0.1988099696250988,1.0
0.19881824234354195,1.0
0.19882651575048896,1.0
0.1988347898460258,1.0
0.19884306463023846,1.0
0.19885134010321293,1.0
0.19885961626503518,1.0
0.19886789311579123,1.0
0.19887617065556712,1.0
0.1988927278025226,1.0
0.1989010074098743,1.0
0.19890928770659005,1.0
0.19891756869275604,1.0
0.1989258503684583,1.0
0.198934132733783,1.0
0.19894241578881625,1.0
0.19895069953364425,1.0
0.19895898396835313,1.0
0.19896726909302906,1.0
0.19897555490775828,1.0
0.198983841412627,1.0
0.19899212860772147,1.0
0.19900041649312786,1.0
0.19900870506893248,1.0
0.1990169943352216,1.0
0.19902528429208147,1.0
0.19903357493959845,1.0
0.19904186627785878,1.0
0.19905015830694883,1.0
0.19905845102695496,1.0
0.19906674443796352,1.0
0.19907503854006084,1.0
0.19908333333333333,1.0
0.1990916288178674,1.0
0.19909992499374948,1.0
0.19910822186106597,1.0
0.19911651941990333,1.0
0.19912481767034798,1.0
0.19913311661248645,1.0
0.1991414162464052,1.0
0.19914971657219074,1.0
0.19915801758992957,1.0
0.1991663192997082,1.0
0.19917462170161324,1.0
0.1991829247957312,1.0
0.19919122858214866,1.0
0.19919953306095223,1.0
0.19920783823222848,1.0
0.19921614409606403,1.0
0.19922445065254554,1.0
0.19923275790175965,1.0
0.199241065843793,1.0
0.19924937447873228,1.0
0.19925768380666417,1.0
0.19926599382767538,1.0
0.1992743045418526,1.0
0.19928261594928262,1.0
0.19929092805005214,1.0
0.19929924084424794,1.0
0.1993075543319568,1.0
0.19931586851326547,1.0
0.19932418338826083,1.0
0.19933249895702962,1.0
0.1993408152196587,1.0
0.19934913217623498,1.0
0.1993657681715764,1.0
0.19937408721051533,1.0
0.19938240694374895,1.0
0.19939072737136418,1.0
0.19939904849344797,1.0
0.19940737031008723,1.0
0.19941569282136895,1.0
0.1994240160273801,1.0
0.1994323399282077,1.0
0.19944066452393872,1.0
0.19944898981466022,1.0
0.1994573158004592,1.0
0.19946564248142273,1.0
0.19947396985763788,1.0
0.19948229792919173,1.0
0.19949062669617135,1.0
0.1994989561586639,1.0
0.19950728631675643,1.0
0.19951561717053617,1.0
0.1995239487200902,1.0
0.1995322809655057,1.0
0.19954061390686992,1.0
0.19954894754426997,1.0
0.1995572818777931,1.0
0.19956561690752653,1.0
0.19957395263355748,1.0
0.19958228905597328,1.0
0.19959062617486112,1.0
0.1995989639903083,1.0
0.19960730250240213,1.0
0.19961564171122995,1.0
0.19962398161687905,1.0
0.19963232221943678,1.0
0.1996406635189905,1.0
0.19964900551562761,1.0
0.19965734820943545,1.0
0.19966569160050146,1.0
0.19967403568891304,1.0
0.19968238047475761,1.0
0.19969072595812262,1.0
0.19969907213909555,1.0
0.19970741901776384,1.0
0.19971576659421503,1.0
0.19972411486853656,1.0
0.199732463840816,1.0
0.19974081351114084,1.0
0.19974916387959865,1.0
0.19975751494627703,1.0
0.19976586671126348,1.0
0.19978257233651112,1.0
0.19979092619694752,1.0
0.19979928075604247,1.0
0.19980763601388365,1.0
0.19981599197055872,1.0
0.19982434862615533,1.0
0.1998327059807612,1.0
0.199841064034464,1.0
0.19984942278735152,1.0
0.19985778223951145,1.0
0.19986614239103154,1.0
0.19987450324199957,1.0
0.19988286479250333,1.0
0.19989122704263063,1.0
0.19989958999246926,1.0
0.19990795364210703,1.0
0.1999163179916318,1.0
0.19992468304113142,1.0
0.1999330487906938,1.0
0.19994141524040673,1.0
0.1999497823903582,1.0
0.19995815024063612,1.0
0.19996651879132837,1.0
0.19997488804252292,1.0
0.19998325799430772,1.0
0.19999162864677075,1.0
0.2,1.0
0.20001674480910916,1.0
0.20002511826516514,1.0
0.20003349242233945,1.0
0.20004186728072013,1.0
0.20005024284039524,1.0
0.20005861910145292,1.0
0.20006699606398123,1.0
0.20007537372806833,1.0
0.20008375209380236,1.0
0.20009213116127142,1.0
0.2001005109305637,1.0
0.20010889140176738,1.0
0.2001172725749707,1.0
0.20013403702772892,1.0
0.20014242030746032,1.0
0.20015080428954424,1.0
0.20015918897406895,1.0
0.20016757436112276,1.0
0.20017596045079392,1.0
0.20018434724317077,1.0
0.20019273473834165,1.0
0.20020112293639486,1.0
0.2002095118374188,1.0
0.20021790144150184,1.0
0.20022629174873235,1.0
0.20023468275919873,1.0
0.2002430744729894,1.0
0.2002514668901928,1.0
0.20025986001089735,1.0
0.20026825383519156,1.0
0.20027664836316386,1.0
0.20028504359490276,1.0
0.20029343953049675,1.0
0.2003018361700344,1.0
0.20031023351360416,1.0
0.20031863156129465,1.0
0.2003270303131944,1.0
0.20033542976939203,1.0
0.2003438299299761,1.0
0.20035223079503522,1.0
0.20036063236465804,1.0
0.20036903463893316,1.0
0.20037743761794927,1.0
0.20038584130179501,1.0
0.20039424569055908,1.0
0.20040265078433017,1.0
0.20041105658319702,1.0
0.2004194630872483,1.0
0.20043627821125934,1.0
0.20044468683139657,1.0
0.20045309615707332,1.0
0.20046150618837844,1.0
0.2004699169254007,1.0
0.20047832836822893,1.0
0.200486740516952,1.0
0.20049515337165877,1.0
0.2005035669324381,1.0
0.2005119811993789,1.0
0.2005203961725701,1.0
0.20052881185210056,1.0
0.20053722823805925,1.0
0.20054564533053515,1.0
0.20055406312961718,1.0
0.20056248163539436,1.0
0.20057090084795567,1.0
0.20057932076739013,1.0
0.20058774139378674,1.0
0.20059616272723457,1.0
0.20060458476782267,1.0
0.2006130075156401,1.0
0.20062143097077595,1.0
0.20062985513331932,1.0
0.20063828000335937,1.0
0.20064670558098519,1.0
0.20065513186628592,1.0
0.20066355885935072,1.0
0.2006719865602688,1.0
0.20068041496912933,1.0
0.2006888440860215,1.0
0.20069727391103456,1.0
0.20070570444425775,1.0
0.2007141356857803,1.0
0.2007225676356915,1.0
0.20073100029408059,1.0
0.2007394336610369,1.0
0.2007478677366497,1.0
0.2007563025210084,1.0
0.20076473801420228,1.0
0.2007731742163207,1.0
0.20078161112745305,1.0
0.2007900487476887,1.0
0.20079848707711703,1.0
0.2008069261158275,1.0
0.20081536586390955,1.0
0.20082380632145258,1.0
0.20083224748854608,1.0
0.20084068936527952,1.0
0.2008491319517424,1.0
0.20085757524802422,1.0
0.2008660192542145,1.0
0.20087446397040276,1.0
0.20088290939667858,1.0
0.2008913555331315,1.0
0.20089980237985117,1.0
0.20090824993692707,1.0
0.20092514718250631,1.0
0.20093359687118886,1.0
0.20094204727058626,1.0
0.20095049838078816,1.0
0.20095895020188426,1.0
0.20096740273396424,1.0
0.20097585597711787,1.0
0.20098430993143482,1.0
0.20099276459700488,1.0
0.2010012199739178,1.0
0.20100967606226336,1.0
0.20101813286213135,1.0
0.2010265903736116,1.0
0.20103504859679389,1.0
0.20104350753176808,1.0
0.20105196717862403,1.0
0.2010604275374516,1.0
0.20106888860834068,1.0
0.2010773503913812,1.0
0.20108581288666302,1.0
0.2010942760942761,1.0
0.20110274001431036,1.0
0.2011112046468558,1.0
0.20111966999200237,1.0
0.20112813604984003,1.0
0.20113660282045884,1.0
0.20114507030394882,1.0
0.20115353850039994,1.0
0.2011620074099023,1.0
0.201170477032546,1.0
0.20117894736842104,1.0
0.2011874184176176,1.0
0.2011958901802257,1.0
0.20120436265633554,1.0
0.20121283584603722,1.0
0.20122130974942093,1.0
0.20122978436657682,1.0
0.20123825969759507,1.0
0.2012467357425659,1.0
0.20125521250157954,1.0
0.2012636899747262,1.0
0.20127216816209612,1.0
0.2012806470637796,1.0
0.20128912667986687,1.0
0.20129760701044827,1.0
0.20130608805561406,1.0
0.20131456981545462,1.0
0.20132305229006026,1.0
0.20133153547952132,1.0
0.2013400193839282,1.0
0.20134850400337126,1.0
0.2013569893379409,1.0
0.2013654753877276,1.0
0.2013739621528217,1.0
0.20138244963331367,1.0
0.201390937829294,1.0
0.20139942674085315,1.0
0.2014079163680816,1.0
0.2014164067110699,1.0
0.20142489776990852,1.0
0.20143338954468804,1.0
0.20144188203549895,1.0
0.2014503752424319,1.0
0.20145886916557743,1.0
0.20146736380502614,1.0
0.20147585916086866,1.0
0.20148435523319558,1.0
0.20149285202209757,1.0
0.20150134952766532,1.0
0.2015183466891607,1.0
0.20152684634526974,1.0
0.20153534671840728,1.0
0.2015438478086641,1.0
0.20155234961613094,1.0
0.20156085214089856,1.0
0.2015693553830577,1.0
0.20157785934269923,1.0
0.20158636401991392,1.0
0.20159486941479263,1.0
0.20160337552742616,1.0
0.2016118823579054,1.0
0.2016203899063212,1.0
0.2016288981727645,1.0
0.20163740715732614,1.0
0.20164591686009706,1.0
0.20165442728116822,1.0
0.20166293842063057,1.0
0.20167996285509265,1.0
0.20168847615027438,1.0
0.20169699016421125,1.0
0.20170550489699426,1.0
0.2017140203487145,1.0
0.20172253651946298,1.0
0.2017310534093308,1.0
0.20173957101840906,1.0
0.20174808934678884,1.0
0.20175660839456128,1.0
0.2017651281618175,1.0
0.20177364864864866,1.0
0.2017821698551459,1.0
0.20179069178140047,1.0
0.20179921442750348,1.0
0.20180773779354622,1.0
0.20181626187961985,1.0
0.20182478668581566,1.0
0.2018333122122249,1.0
0.20184183845893883,1.0
0.20185036542604876,1.0
0.20185889311364597,1.0
0.2018674215218218,1.0
0.20188448050027463,1.0
0.20189301107073437,1.0
0.20190154236213817,1.0
0.20191007437457742,1.0
0.20191860710814352,1.0
0.2019271405629279,1.0
0.20193567473902202,1.0
0.20194420963651732,1.0
0.2019527452555053,1.0
0.20196128159607743,1.0
0.20196981865832522,1.0
0.2019868949482139,1.0
0.20199543417603788,1.0
0.20200397412590368,1.0
0.20201251479790291,1.0
0.20202105619212718,1.0
0.20202959830866807,1.0
0.20203814114761723,1.0
0.2020466847090663,1.0
0.20205522899310696,1.0
0.20206377399983083,1.0
0.20207231972932968,1.0
0.20208086618169516,1.0
0.202089413357019,1.0
0.20209796125539295,1.0
0.20210650987690876,1.0
0.2021150592216582,1.0
0.20212360928973308,1.0
0.20213216008122514,1.0
0.20214071159622626,1.0
0.20214926383482823,1.0
0.2021578167971229,1.0
0.20216637048320216,1.0
0.20217492489315786,1.0
0.20218348002708192,1.0
0.20219203588506623,1.0
0.2022005924672027,1.0
0.2022091497735833,1.0
0.20221770780429998,1.0
0.2022262665594447,1.0
0.20223482603910944,1.0
0.20224338624338625,1.0
0.20225194717236708,1.0
0.20226050882614402,1.0
0.20226907120480908,1.0
0.20227763430845433,1.0
0.20228619813717189,1.0
0.20229476269105381,1.0
0.20230332797019224,1.0
0.20231189397467925,1.0
0.20232046070460705,1.0
0.20232902816006776,1.0
0.20233759634115356,1.0
0.20234616524795662,1.0
0.2023547348805692,1.0
0.20236330523908347,1.0
0.2023718763235917,1.0
0.20238044813418612,1.0
0.20238902067095899,1.0
0.20239759393400264,1.0
0.2024061679234093,1.0
0.20241474263927134,1.0
0.20242331808168107,1.0
0.20243189425073083,1.0
0.202440471146513,1.0
0.20244904876911995,1.0
0.20245762711864407,1.0
0.20246620619517777,1.0
0.20247478599881347,1.0
0.2024833665296436,1.0
0.20249194778776064,1.0
0.20250052977325705,1.0
0.2025091124862253,1.0
0.20251769592675795,1.0
0.20252628009494744,1.0
0.20253486499088635,1.0
0.20254345061466722,1.0
0.20255203696638263,1.0
0.20256062404612515,1.0
0.20256921185398735,1.0
0.2025778003900619,1.0
0.2025863896544414,1.0
0.20259497964721845,1.0
0.20260357036848578,1.0
0.20261216181833602,1.0
0.20262075399686189,1.0
0.20262934690415607,1.0
0.20263794054031128,1.0
0.2026465349054203,1.0
0.20265512999957586,1.0
0.2026637258228707,1.0
0.20267232237539767,1.0
0.20268091965724952,1.0
0.20268951766851906,1.0
0.20269811640929916,1.0
0.20270671587968267,1.0
0.2027153160797624,1.0
0.2027239170096313,1.0
0.20273251866938222,1.0
0.20274112105910808,1.0
0.2027497241789018,1.0
0.20275832802885635,1.0
0.20276693260906467,1.0
0.20277553791961975,1.0
0.20278414396061456,1.0
0.2027927507321421,1.0
0.2028013582342954,1.0
0.20280996646716754,1.0
0.20281857543085152,1.0
0.20282718512544043,1.0
0.20283579555102735,1.0
0.20284440670770537,1.0
0.20285301859556762,1.0
0.20286163121470727,1.0
0.20287024456521738,1.0
0.2028788586471912,1.0
0.20288747346072186,1.0
0.20289608900590259,1.0
0.20290470528282656,1.0
0.20291332229158704,1.0
0.20292194003227723,1.0
0.20293055850499045,1.0
0.20293917770981992,1.0
0.20294779764685894,1.0
0.20295641831620084,1.0
0.20296503971793892,1.0
0.20297366185216653,1.0
0.20298228471897703,1.0
0.20299090831846375,1.0
0.20299953265072015,1.0
0.20300815771583958,1.0
0.20301678351391544,1.0
0.2030254100450412,1.0
0.20303403730931033,1.0
0.20304266530681625,1.0
0.20305129403765246,1.0
0.20305992350191246,1.0
0.20306855369968974,1.0
0.20307718463107788,1.0
0.20308581629617037,1.0
0.20310308182784273,1.0
0.20311171569460976,1.0
0.2031203502954555,1.0
0.2031289856304736,1.0
0.20313762169975766,1.0
0.20314625850340137,1.0
0.20315489604149836,1.0
0.20316353431414236,1.0
0.20317217332142706,1.0
0.20318081306344615,1.0
0.20318945354029344,1.0
0.2031980947520626,1.0
0.20320673669884745,1.0
0.20321537938074175,1.0
0.2032240227978393,1.0
0.20323266695023395,1.0
0.2032413118380195,1.0
0.20324995746128977,1.0
0.2032586038201387,1.0
0.20326725091466008,1.0
0.2032758987449479,1.0
0.203284547311096,1.0
0.2032931966131983,1.0
0.20330184665134882,1.0
0.20331049742564147,1.0
0.2033191489361702,1.0
0.20332780118302907,1.0
0.20333645416631202,1.0
0.20334510788611312,1.0
0.2033537623425264,1.0
0.20336241753564588,1.0
0.20337973013237987,1.0
0.20338838753618252,1.0
0.20339704567706782,1.0
0.20340570455512985,1.0
0.20341436417046277,1.0
0.20342302452316077,1.0
0.203431685613318,1.0
0.2034403474410287,1.0
0.20344901000638704,1.0
0.2034576733094873,1.0
0.20346633735042371,1.0
0.2034750021292905,1.0
0.20348366764618203,1.0
0.2034923339011925,1.0
0.20350100089441628,1.0
0.2035096686259477,1.0
0.20351833709588107,1.0
0.20352700630431078,1.0
0.2035356762513312,1.0
0.2035443469370367,1.0
0.20355301836152176,1.0
0.2035616905248807,1.0
0.20357036342720805,1.0
0.2035790370685982,1.0
0.20358771144914567,1.0
0.20359638656894494,1.0
0.2036050624280905,1.0
0.2036137390266769,1.0
0.20362241636479864,1.0
0.2036310944425503,1.0
0.2036397732600264,1.0
0.20364845281732163,1.0
0.2036571331145305,1.0
0.20366581415174764,1.0
0.20367449592906772,1.0
0.2036831784465854,1.0
0.20369186170439527,1.0
0.20370054570259208,1.0
0.2037092304412705,1.0
0.2037179159205253,1.0
0.2037266021404511,1.0
0.20373528910114275,1.0
0.203743976802695,1.0
0.20375266524520255,1.0
0.20376135442876028,1.0
0.203770044353463,1.0
0.20377873501940547,1.0
0.2037874264266826,1.0
0.2037961185753892,1.0
0.2038048114656202,1.0
0.20381350509747045,1.0
0.2038221994710349,1.0
0.20383089458640843,1.0
0.20383959044368602,1.0
0.2038482870429626,1.0
0.20385698438433314,1.0
0.20386568246789266,1.0
0.20387438129373614,1.0
0.2038830808619586,1.0
0.2038917811726551,1.0
0.20390048222592072,1.0
0.20390918402185046,1.0
0.20391788656053947,1.0
0.2039265898420828,1.0
0.2039352938665756,1.0
0.20394399863411303,1.0
0.2039527041447902,1.0
0.2039614103987023,1.0
0.2039701173959445,1.0
0.20397882513661203,1.0
0.20398753362080008,1.0
0.20399624284860388,1.0
0.20400495282011868,1.0
0.2040136635354398,1.0
0.20402237499466244,1.0
0.20403108719788196,1.0
0.20403980014519366,1.0
0.2040572282724749,1.0
0.20406594345263518,1.0
0.20407465937726904,1.0
0.2040833760464719,1.0
0.20409209346033916,1.0
0.20410081161896626,1.0
0.20410953052244862,1.0
0.20411825017088175,1.0
0.20412697056436108,1.0
0.20413569170298215,1.0
0.2041444135868404,1.0
0.20415313621603146,1.0
0.20416185959065078,1.0
0.20417058371079394,1.0
0.20417930857655656,1.0
0.2041880341880342,1.0
0.20419676054532246,1.0
0.20420548764851695,1.0
0.20421421549771338,1.0
0.20422294409300734,1.0
0.20423167343449455,1.0
0.20424040352227066,1.0
0.2042491343564314,1.0
0.2042578659370725,1.0
0.2042665982642897,1.0
0.2042753313381787,1.0
0.20428406515883535,1.0
0.2042927997263554,1.0
0.20430153504083465,1.0
0.20431027110236893,1.0
0.2043190079110541,1.0
0.20432774546698598,1.0
0.20433648377026045,1.0
0.20435396261922073,1.0
0.20436270316509839,1.0
0.20437144445870226,1.0
0.20438018650012832,1.0
0.20438892928947255,1.0
0.20439767282683094,1.0
0.20440641711229945,1.0
0.20441516214597416,1.0
0.20442390792795107,1.0
0.2044326544583262,1.0
0.20444140173719566,1.0
0.20445014976465553,1.0
0.2044588985408019,1.0
0.20446764806573092,1.0
0.20447639833953868,1.0
0.20448514936232132,1.0
0.20449390113417504,1.0
0.20450265365519602,1.0
0.20451140692548045,1.0
0.20452016094512457,1.0
0.20452891571422457,1.0
0.20453767123287672,1.0
0.20454642750117727,1.0
0.20455518451922253,1.0
0.20456394228710878,1.0
0.20457270080493234,1.0
0.20458146007278954,1.0
0.20459022009077674,1.0
0.20459898085899028,1.0
0.20460774237752655,1.0
0.20461650464648196,1.0
0.2046252676659529,1.0
0.2046340314360358,1.0
0.20464279595682713,1.0
0.20465156122842335,1.0
0.20466032725092093,1.0
0.20466909402441635,1.0
0.20467786154900616,1.0
0.2046866298247869,1.0
0.20469539885185503,1.0
0.2047041686303072,1.0
0.20471293916023994,1.0
0.20472171044174986,1.0
0.20473048247493358,1.0
0.20473925525988773,1.0
0.20474802879670895,1.0
0.2047568030854939,1.0
0.20476557812633925,1.0
0.2047743539193417,1.0
0.20478313046459798,1.0
0.2047919077622048,1.0
0.20480068581225888,1.0
0.20480946461485705,1.0
0.20481824417009603,1.0
0.20482702447807263,1.0
0.20483580553888364,1.0
0.20484458735262595,1.0
0.20485336991939632,1.0
0.2048621532392917,1.0
0.20487093731240888,1.0
0.2048797221388448,1.0
0.2048885077186964,1.0
0.20489729405206056,1.0
0.20490608113903422,1.0
0.20491486897971437,1.0
0.20492365757419798,1.0
0.20493244692258203,1.0
0.20494123702496353,1.0
0.20495002788143954,1.0
0.20495881949210706,1.0
0.2049676118570632,1.0
0.20497640497640499,1.0
0.20498519885022953,1.0
0.20499399347863395,1.0
0.20500278886171536,1.0
0.20501158499957092,1.0
0.2050203818922978,1.0
0.20502917953999314,1.0
0.20503797794275416,1.0
0.20504677710067806,1.0
0.20505557701386207,1.0
0.20506437768240343,1.0
0.2050731791063994,1.0
0.20509078422114435,1.0
0.2050995879120879,1.0
0.2051083923588753,1.0
0.20511719756160385,1.0
0.20512600352037091,1.0
0.2051348102352739,1.0
0.2051436177064102,1.0
0.2051524259338772,1.0
0.20516123491777233,1.0
0.20517004465819305,1.0
0.20517885515523682,1.0
0.20518766640900113,1.0
0.2051964784195834,1.0
0.20520529118708125,1.0
0.20521410471159215,1.0
0.20522291899321365,1.0
0.20523173403204328,1.0
0.2052405498281787,1.0
0.20524936638171742,1.0
0.2052581836927571,1.0
0.20526700176139537,1.0
0.20527582058772986,1.0
0.2052846401718582,1.0
0.20529346051387815,1.0
0.20530228161388733,1.0
0.2053111034719835,1.0
0.20531992608826435,1.0
0.20532874946282767,1.0
0.2053375735957712,1.0
0.20534639848719272,1.0
0.20535522413719,1.0
0.2053640505458609,1.0
0.20537287771330326,1.0
0.20538170563961486,1.0
0.2053905343248936,1.0
0.20539936376923737,1.0
0.20540819397274407,1.0
0.20541702493551162,1.0
0.2054258566576379,1.0
0.20543468913922092,1.0
0.2054435223803586,1.0
0.20545235638114895,1.0
0.20546119114168995,1.0
0.20547002666207964,1.0
0.20547886294241605,1.0
0.20548769998279717,1.0
0.20549653778332114,1.0
0.20550537634408603,1.0
0.2055142156651899,1.0
0.2055230557467309,1.0
0.20554073819151683,1.0
0.20554958055495806,1.0
0.20555842367922905,1.0
0.205567267564428,1.0
0.20557611221065314,1.0
0.20558495761800266,1.0
0.20559380378657488,1.0
0.205602650716468,1.0
0.20561149840778037,1.0
0.20562034686061023,1.0
0.20562919607505595,1.0
0.20563804605121583,1.0
0.20564689678918827,1.0
0.20565574828907157,1.0
0.2056646005509642,1.0
0.2056734535749645,1.0
0.2056823073611709,1.0
0.20569116190968187,1.0
0.20570001722059583,1.0
0.20570887329401127,1.0
0.2057177301300267,1.0
0.20572658772874058,1.0
0.20573544609025146,1.0
0.2057443052146579,1.0
0.2057531651020584,1.0
0.20576202575255156,1.0
0.205770887166236,1.0
0.2057797493432103,1.0
0.2057886122835731,1.0
0.205797475987423,1.0
0.2058063404548587,1.0
0.20581520568597889,1.0
0.20582407168088224,1.0
0.20583293843966743,1.0
0.20584180596243323,1.0
0.20585067424927836,1.0
0.2058595433003016,1.0
0.2058684131156017,1.0
0.2058772836952775,1.0
0.20588615503942775,1.0
0.20589502714815133,1.0
0.20590390002154707,1.0
0.20591277365971383,1.0
0.2059216480627505,1.0
0.20593052323075597,1.0
0.20593939916382914,1.0
0.20594827586206896,1.0
0.20595715332557438,1.0
0.20596603155444435,1.0
0.20597491054877787,1.0
0.20598379030867392,1.0
0.2059926708342315,1.0
0.20600155212554971,1.0
0.20601043418272755,1.0
0.20602820059505844,1.0
0.20603708495040965,1.0
0.20604597007201692,1.0
0.2060548559599793,1.0
0.206063742614396,1.0
0.206081518222989,1.0
0.2060904071773637,1.0
0.2060992968985895,1.0
0.2061081873867656,1.0
0.20611707864199127,1.0
0.20612597066436583,1.0
0.20613486345398851,1.0
0.20614375701095866,1.0
0.20615265133537558,1.0
0.20616154642733864,1.0
0.20617044228694714,1.0
0.20617933891430051,1.0
0.20618823630949812,1.0
0.2061971344726394,1.0
0.20620603340382374,1.0
0.20621493310315062,1.0
0.2062238335707195,1.0
0.20623273480662985,1.0
0.20624163681098115,1.0
0.2062505395838729,1.0
0.2062594431254047,1.0
0.20626834743567604,1.0
0.2062772525147865,1.0
0.20628615836283568,1.0
0.20629506497992314,1.0
0.20630397236614853,1.0
0.20631288052161148,1.0
0.2063217894464116,1.0
0.2063306991406486,1.0
0.2063396096044222,1.0
0.206348520837832,1.0
0.2063574328409778,1.0
0.2063663456139593,1.0
0.2063752591568763,1.0
0.2063841734698285,1.0
0.20639308855291577,1.0
0.20640200440623785,1.0
0.20641092102989458,1.0
0.20641983842398584,1.0
0.20642875658861143,1.0
0.20643767552387124,1.0
0.2064465952298652,1.0
0.20645551570669318,1.0
0.2064644369544551,1.0
0.20647335897325095,1.0
0.20648228176318065,1.0
0.20649120532434417,1.0
0.20650012965684156,1.0
0.20650905476077278,1.0
0.20651798063623789,1.0
0.20652690728333695,1.0
0.20653583470216996,1.0
0.20654476289283707,1.0
0.20655369185543834,1.0
0.20656262159007394,1.0
0.2065715520968439,1.0
0.2065804833758485,1.0
0.2065894154271878,1.0
0.20659834825096207,1.0
0.20660728184727148,1.0
0.2066162162162162,1.0
0.20662515135789655,1.0
0.20663408727241275,1.0
0.20664302395986506,1.0
0.2066519614203538,1.0
0.20666089965397924,1.0
0.20666983866084174,1.0
0.2066787784410416,1.0
0.20668771899467925,1.0
0.206696660321855,1.0
0.20670560242266925,1.0
0.20671454529722247,1.0
0.206723488945615,1.0
0.2067324333679474,1.0
0.20674137856432,1.0
0.2067503245348334,1.0
0.20675927127958804,1.0
0.20676821879868443,1.0
0.20677716709222313,1.0
0.20678611616030468,1.0
0.20679506600302966,1.0
0.2068040166204986,1.0
0.20681296801281218,1.0
0.20682192018007098,1.0
0.20683087312237566,1.0
0.20683982683982685,1.0
0.2068487813325252,1.0
0.20685773660057147,1.0
0.20686669264406632,1.0
0.2068756494631105,1.0
0.20688460705780473,1.0
0.20689356542824977,1.0
0.2069025245745464,1.0
0.20691148449679542,1.0
0.20692044519509767,1.0
0.20692940666955392,1.0
0.20693836892026507,1.0
0.20694733194733195,1.0
0.20695629575085547,1.0
0.20696526033093648,1.0
0.20697422568767598,1.0
0.20698319182117483,1.0
0.20699215873153404,1.0
0.20700112641885451,1.0
0.2070100948832373,1.0
0.20701906412478335,1.0
0.20702803414359375,1.0
0.20703700493976948,1.0
0.2070459765134116,1.0
0.20705494886462125,1.0
0.20706392199349946,1.0
0.20707289590014735,1.0
0.20708187058466607,1.0
0.20709084604715672,1.0
0.2070998222877205,1.0
0.2071087993064586,1.0
0.2071177771034722,1.0
0.2071267556788625,1.0
0.20713573503273075,1.0
0.20714471516517818,1.0
0.20716267776621575,1.0
0.20717166023500846,1.0
0.20718064348278553,1.0
0.2071896275096483,1.0
0.20719861231569817,1.0
0.20720759790103646,1.0
0.2072165842657646,1.0
0.20722557140998396,1.0
0.20723455933379598,1.0
0.2072435480373021,1.0
0.2072525375206038,1.0
0.20726152778380255,1.0
0.20727051882699982,1.0
0.20727951065029718,1.0
0.2072885032537961,1.0
0.20729749663759817,1.0
0.20730649080180494,1.0
0.20731548574651798,1.0
0.20732448147183893,1.0
0.20733347797786938,1.0
0.207342475264711,1.0
0.2073514733324654,1.0
0.20736047218123427,1.0
0.20737847222222222,1.0
0.20738747341464472,1.0
0.20739647538848857,1.0
0.20740547814385554,1.0
0.20741448168084736,1.0
0.20742348599956587,1.0
0.2074324911001129,1.0
0.2074414969825902,1.0
0.2074505036470997,1.0
0.20745951109374322,1.0
0.20746851932262267,1.0
0.20747752833383995,1.0
0.20748653812749696,1.0
0.20749554870369566,1.0
0.207504560062538,1.0
0.20751357220412595,1.0
0.2075225851285615,1.0
0.20753159883594666,1.0
0.20754061332638346,1.0
0.20754962859997395,1.0
0.20755864465682017,1.0
0.2075676614970242,1.0
0.20757667912068817,1.0
0.20758569752791414,1.0
0.2075947167188043,1.0
0.2076037366934608,1.0
0.20761275745198574,1.0
0.2076217789944814,1.0
0.20763080132104988,1.0
0.2076398244317935,1.0
0.20764884832681443,1.0
0.20765787300621497,1.0
0.20766689847009737,1.0
0.20767592471856391,1.0
0.20768495175171695,1.0
0.20769397956965877,1.0
0.20770300817249174,1.0
0.20771203756031822,1.0
0.2077210677332406,1.0
0.20773009869136125,1.0
0.20773913043478262,1.0
0.20774816296360712,1.0
0.2077571962779372,1.0
0.20776623037787537,1.0
0.20777526526352408,1.0
0.20778430093498587,1.0
0.20779333739236322,1.0
0.2078023746357587,1.0
0.2078114126652749,1.0
0.2078204514810143,1.0
0.2078294910830796,1.0
0.20783853147157336,1.0
0.20784757264659823,1.0
0.20785661460825683,1.0
0.20786565735665188,1.0
0.207874700891886,1.0
0.20788374521406194,1.0
0.20789279032328242,1.0
0.20790183621965017,1.0
0.20791088290326792,1.0
0.20791993037423848,1.0
0.2079289786326646,1.0
0.20793802767864913,1.0
0.2079470775122949,1.0
0.20795612813370473,1.0
0.2079651795429815,1.0
0.20797423174022808,1.0
0.2079832847255474,1.0
0.2079923384990423,1.0
0.2080013930608158,1.0
0.20801044841097083,1.0
0.20801950454961035,1.0
0.20802856147683735,1.0
0.20803761919275482,1.0
0.20804667769746582,1.0
0.20805573699107338,1.0
0.20806479707368053,1.0
0.2080738579453904,1.0
0.20808291960630607,1.0
0.20809198205653065,1.0
0.20810104529616724,1.0
0.20811010932531904,1.0
0.2081191741440892,1.0
0.2081282397525809,1.0
0.20813730615089737,1.0
0.2081463733391418,1.0
0.20815544131741745,1.0
0.20816451008582756,1.0
0.20817357964447541,1.0
0.20818264999346434,1.0
0.2081917211328976,1.0
0.20820079306287856,1.0
0.20820986578351056,1.0
0.20821893929489693,1.0
0.2082280135971411,1.0
0.2082370886903465,1.0
0.20824616457461645,1.0
0.20825524125005448,1.0
0.208264318716764,1.0
0.20827339697484853,1.0
0.2082824760244115,1.0
0.20829155586555648,1.0
0.20830063649838695,1.0
0.2083097179230065,1.0
0.20831880013951867,1.0
0.20832788314802703,1.0
0.2083369669486352,1.0
0.20834605154144684,1.0
0.2083551369265655,1.0
0.20837331007413867,1.0
0.20838239783680057,1.0
0.20839148639218422,1.0
0.20840057574039342,1.0
0.2084096658815319,1.0
0.20841875681570338,1.0
0.2084278485430117,1.0
0.20843694106356062,1.0
0.208446034377454,1.0
0.2084551284847956,1.0
0.20846422338568935,1.0
0.2084733190802391,1.0
0.20848241556854874,1.0
0.20849151285072218,1.0
0.20850061092686334,1.0
0.20850970979707614,1.0
0.20851880946146462,1.0
0.20852790992013268,1.0
0.20853701117318435,1.0
0.20854611322072367,1.0
0.20855521606285465,1.0
0.20856431969968134,1.0
0.20858252935783822,1.0
0.20859163537937658,1.0
0.20860074219602706,1.0
0.20860984980789382,1.0
0.208618958215081,1.0
0.20862806741769277,1.0
0.20863717741583337,1.0
0.20864628820960698,1.0
0.20865539979911787,1.0
0.20866451218447027,1.0
0.20867362536576844,1.0
0.2086827393431167,1.0
0.20869185411661936,1.0
0.20870096968638072,1.0
0.20871008605250513,1.0
0.208719203215097,1.0
0.20872832117426063,1.0
0.2087374399301005,1.0
0.20874655948272094,1.0
0.20875567983222648,1.0
0.20876480097872155,1.0
0.2087739229223106,1.0
0.2087830456630981,1.0
0.2087921692011886,1.0
0.2088012935366866,1.0
0.2088104186696967,1.0
0.20881954460032343,1.0
0.20882867132867133,1.0
0.20883779885484505,1.0
0.2088469271789492,1.0
0.20885605630108842,1.0
0.20886518622136738,1.0
0.2088743169398907,1.0
0.20888344845676313,1.0
0.20889258077208936,1.0
0.20890171388597412,1.0
0.20891084779852215,1.0
0.2089199825098382,1.0
0.20892911802002712,1.0
0.20893825432919363,1.0
0.2089473914374426,1.0
0.20896566805160727,1.0
0.20897480755773268,1.0
0.20898394786336003,1.0
0.20899308896859417,1.0
0.20900223087354008,1.0
0.2090113735783027,1.0
0.209020517082987,1.0
0.20903880649254059,1.0
0.2090479523976199,1.0
0.2090570991030409,1.0
0.2090662466089087,1.0
0.2090753949153284,1.0
0.20908454402240503,1.0
0.20909369393024374,1.0
0.20910284463894968,1.0
0.20911199614862794,1.0
0.20912114845938376,1.0
0.20913030157132229,1.0
0.2091394554845487,1.0
0.2091486101991683,1.0
0.2091577657152863,1.0
0.20916692203300793,1.0
0.2091760791524385,1.0
0.20918523707368328,1.0
0.20919439579684765,1.0
0.20920355532203685,1.0
0.20921271564935634,1.0
0.2092218767789114,1.0
0.2092310387108075,1.0
0.20924020144515,1.0
0.20924936498204433,1.0
0.20925852932159594,1.0
0.2092676944639103,1.0
0.2092768604090929,1.0
0.20928602715724923,1.0
0.20929519470848482,1.0
0.2093043630629052,1.0
0.20931353222061594,1.0
0.2093227021817226,1.0
0.20933187294633077,1.0
0.2093410445145461,1.0
0.20935021688647418,1.0
0.20935939006222065,1.0
0.20936856404189125,1.0
0.20937773882559158,1.0
0.2093869144134274,1.0
0.20939609080550442,1.0
0.20940526800192838,1.0
0.20941444600280504,1.0
0.2094236248082402,1.0
0.2094328044183396,1.0
0.20944198483320914,1.0
0.20945116605295458,1.0
0.20946034807768182,1.0
0.2094695309074967,1.0
0.20947871454250516,1.0
0.20948789898281306,1.0
0.20949708422852634,1.0
0.20950627027975094,1.0
0.20951545713659286,1.0
0.20952464479915806,1.0
0.2095338332675525,1.0
0.20954302254188228,1.0
0.2095522126222534,1.0
0.20956140350877192,1.0
0.20957059520154392,1.0
0.2095797877006755,1.0
0.20958898100627277,1.0
0.20959817511844184,1.0
0.20960737003728888,1.0
0.20961656576292007,1.0
0.20962576229544158,1.0
0.20963495963495962,1.0
0.20964415778158044,1.0
0.20965335673541027,1.0
0.20966255649655535,1.0
0.209671757065122,1.0
0.20968095844121648,1.0
0.20969016062494514,1.0
0.2096993636164143,1.0
0.20970856741573032,1.0
0.2097177720229996,1.0
0.2097269774383285,1.0
0.20973618366182345,1.0
0.20974539069359088,1.0
0.2097545985337372,1.0
0.20976380718236895,1.0
0.20977301663959258,1.0
0.20978222690551457,1.0
0.2097914379802415,1.0
0.20980064986387986,1.0
0.20980986255653625,1.0
0.20981907605831723,1.0
0.2098282903693294,1.0
0.20983750548967942,1.0
0.20984672141947386,1.0
0.2098559381588194,1.0
0.20986515570782271,1.0
0.20987437406659054,1.0
0.2098835932352295,1.0
0.20989281321384642,1.0
0.209902034002548,1.0
0.2099204780106322,1.0
0.20992970123022847,1.0
0.20993892526033656,1.0
0.20994815010106335,1.0
0.20995737575251572,1.0
0.20996660221480049,1.0
0.20997582948802462,1.0
0.209985057572295,1.0
0.20999428646771853,1.0
0.21000351617440224,1.0
0.21001274669245307,1.0
0.21002197802197803,1.0
0.2100312101630841,1.0
0.21004044311587833,1.0
0.21004967688046774,1.0
0.21005891145695946,1.0
0.21006814684546055,1.0
0.2100773830460781,1.0
0.21008662005891923,1.0
0.2100958578840911,1.0
0.2101050965217009,1.0
0.21011433597185575,1.0
0.2101235762346629,1.0
0.21013281731022956,1.0
0.21014205919866297,1.0
0.21015130190007036,1.0
0.21016054541455906,1.0
0.2101697897422363,1.0
0.21017903488320944,1.0
0.21018828083758578,1.0
0.2101975276054727,1.0
0.21020677518697756,1.0
0.21021602358220776,1.0
0.21022527279127068,1.0
0.21023452281427377,1.0
0.21024377365132446,1.0
0.21025302530253026,1.0
0.21026227776799858,1.0
0.210271531047837,1.0
0.21028078514215298,1.0
0.2102900400510541,1.0
0.2102992957746479,1.0
0.21030855231304194,1.0
0.21031780966634386,1.0
0.21032706783466126,1.0
0.21033632681810177,1.0
0.21034558661677305,1.0
0.21035484723078277,1.0
0.21036410866023864,1.0
0.21037337090524832,1.0
0.2103826339659196,1.0
0.2103918978423602,1.0
0.2104011625346779,1.0
0.21041042804298044,1.0
0.2104196943673757,1.0
0.21042896150797147,1.0
0.2104382294648756,1.0
0.21044749823819592,1.0
0.21045676782804035,1.0
0.2104660382345168,1.0
0.21047530945773313,1.0
0.21048458149779736,1.0
0.2104938543548174,1.0
0.21050312802890123,1.0
0.21051240252015685,1.0
0.21052167782869227,1.0
0.21053095395461555,1.0
0.21054023089803472,1.0
0.21054950865905786,1.0
0.21055878723779306,1.0
0.21056806663434843,1.0
0.2105773468488321,1.0
0.21058662788135218,1.0
0.21059590973201692,1.0
0.21060519240093445,1.0
0.210614475888213,1.0
0.21062376019396076,1.0
0.21063304531828603,1.0
0.210642331261297,1.0
0.21065161802310203,1.0
0.21066090560380935,1.0
0.21067019400352735,1.0
0.2106794832223643,1.0
0.21068877326042862,1.0
0.21069806411782863,1.0
0.21070735579467278,1.0
0.21071664829106945,1.0
0.2107259416071271,1.0
0.21073523574295416,1.0
0.21074453069865914,1.0
0.21075382647435048,1.0
0.21076312307013675,1.0
0.21077242048612643,1.0
0.2107817187224281,1.0
0.2107910177791503,1.0
0.21080031765640167,1.0
0.21080961835429077,1.0
0.21081891987292622,1.0
0.2108282222124167,1.0
0.2108375253728709,1.0
0.2108468293543974,1.0
0.21085613415710502,1.0
0.21086543978110242,1.0
0.21087474622649838,1.0
0.21088405349340159,1.0
0.2108933615819209,1.0
0.21090267049216507,1.0
0.21091198022424296,1.0
0.21092129077826335,1.0
0.21093060215433515,1.0
0.2109399143525672,1.0
0.21094922737306843,1.0
0.21095854121594773,1.0
0.21096785588131403,1.0
0.2109771713692763,1.0
0.2109864876799435,1.0
0.2109958048134246,1.0
0.21100512276982866,1.0
0.2110144415492647,1.0
0.2110237611518417,1.0
0.21103308157766884,1.0
0.21104240282685513,1.0
0.21105172489950969,1.0
0.21106104779574167,1.0
0.21107037151566022,1.0
0.21107969605937446,1.0
0.2110890214269936,1.0
0.21110767463438343,1.0
0.21111700247437257,1.0
0.21113566062748565,1.0
0.21114499094082814,1.0
0.21115432207884038,1.0
0.21116365404163168,1.0
0.2111729868293114,1.0
0.21118232044198895,1.0
0.2111916548797737,1.0
0.21120099014277505,1.0
0.21121032623110247,1.0
0.2112196631448654,1.0
0.2112290008841733,1.0
0.21123833944913567,1.0
0.21124767883986206,1.0
0.21125701905646196,1.0
0.21126636009904493,1.0
0.21127570196772055,1.0
0.2112850446625984,1.0
0.2112943881837881,1.0
0.21130373253139925,1.0
0.21131307770554156,1.0
0.21132242370632465,1.0
0.2113317705338582,1.0
0.21134111818825194,1.0
0.2113504666696156,1.0
0.21135981597805892,1.0
0.21136916611369166,1.0
0.2113785170766236,1.0
0.21138786886696456,1.0
0.21139722148482434,1.0
0.2114065749303128,1.0
0.21141592920353983,1.0
0.21142528430461524,1.0
0.211434640233649,1.0
0.21144399699075098,1.0
0.21146271298959946,1.0
0.21147207223156592,1.0
0.21148143230204045,1.0
0.21149079320113315,1.0
0.21150015492895402,1.0
0.2115095174856131,1.0
0.2115188808712205,1.0
0.2115282450858863,1.0
0.21153761012972064,1.0
0.21154697600283362,1.0
0.2115563427053354,1.0
0.21156571023733617,1.0
0.21157507859894611,1.0
0.21158444779027544,1.0
0.21159381781143438,1.0
0.21160318866253322,1.0
0.21161256034368217,1.0
0.2116219328549916,1.0
0.21163130619657172,1.0
0.21164068036853295,1.0
0.2116500553709856,1.0
0.21165943120404004,1.0
0.21166880786780667,1.0
0.21167818536239588,1.0
0.21168756368791813,1.0
0.21169694284448382,1.0
0.21170632283220348,1.0
0.21171570365118753,1.0
0.21172508530154652,1.0
0.21173446778339094,1.0
0.2117438510968314,1.0
0.21175323524197837,1.0
0.21176262021894252,1.0
0.21177200602783441,1.0
0.2117813926687647,1.0
0.21179078014184397,1.0
0.21180016844718294,1.0
0.21180955758489228,1.0
0.21181894755508268,1.0
0.21182833835786488,1.0
0.2118377299933496,1.0
0.2118471224616476,1.0
0.21185651576286968,1.0
0.21186590989712664,1.0
0.2118753048645293,1.0
0.21188470066518847,1.0
0.21189409729921505,1.0
0.21190349476671988,1.0
0.2119128930678139,1.0
0.211922292202608,1.0
0.21193169217121313,1.0
0.21194109297374025,1.0
0.21195049461030033,1.0
0.21195989708100435,1.0
0.21196930038596334,1.0
0.2119787045252884,1.0
0.21198810949909047,1.0
0.2119975153074807,1.0
0.21200692195057017,1.0
0.21201632942847,1.0
0.21202573774129133,1.0
0.2120351468891453,1.0
0.21204455687214308,1.0
0.2120539676903959,1.0
0.21206337934401492,1.0
0.2120727918331114,1.0
0.2120822051577966,1.0
0.21209161931818182,1.0
0.2121010343143783,1.0
0.2121198668146504,1.0
0.21212928431894867,1.0
0.21213870265950363,1.0
0.21214812183642662,1.0
0.21215754184982905,1.0
0.21216696269982238,1.0
0.21217638438651806,1.0
0.21218580691002753,1.0
0.2121952302704623,1.0
0.2122046544679339,1.0
0.21221407950255386,1.0
0.21222350537443369,1.0
0.212232932083685,1.0
0.21224235963041932,1.0
0.21225178801474834,1.0
0.21226121723678365,1.0
0.2122706472966369,1.0
0.21228007819441977,1.0
0.21228950993024392,1.0
0.2122989425042211,1.0
0.212308375916463,1.0
0.2123178101670814,1.0
0.21232724525618807,1.0
0.21233668118389476,1.0
0.21234611795031333,1.0
0.21235555555555555,1.0
0.21236499399973333,1.0
0.2123744332829585,1.0
0.21238387340534293,1.0
0.21239331436699857,1.0
0.21240275616803733,1.0
0.21241219880857118,1.0
0.21242164228871205,1.0
0.21243108660857193,1.0
0.21244053176826286,1.0
0.21244997776789684,1.0
0.21245942460758593,1.0
0.21246887228744218,1.0
0.21247832080757773,1.0
0.2124877701681046,1.0
0.212497220369135,1.0
0.212506671410781,1.0
0.21251612329315483,1.0
0.21252557601636865,1.0
0.21253502958053466,1.0
0.21254448398576511,1.0
0.21255393923217225,1.0
0.21256339531986831,1.0
0.2125728522489656,1.0
0.21258231001957645,1.0
0.21259176863181312,1.0
0.21260122808578802,1.0
0.21261068838161348,1.0
0.21262014951940192,1.0
0.2126296114992657,1.0
0.21263907432131732,1.0
0.21264853798566916,1.0
0.2126580024924337,1.0
0.2126674678417234,1.0
0.21267693403365084,1.0
0.2126864010683285,1.0
0.21269586894586895,1.0
0.21270533766638472,1.0
0.21271480722998842,1.0
0.21272427763679266,1.0
0.21273374888691007,1.0
0.21274322098045326,1.0
0.21275269391753496,1.0
0.2127621676982678,1.0
0.21277164232276452,1.0
0.21278111779113784,1.0
0.21279059410350049,1.0
0.21280007125996525,1.0
0.21280954926064494,1.0
0.2128190281056523,1.0
0.21282850779510024,1.0
0.21283798832910153,1.0
0.21284746970776908,1.0
0.21285695193121576,1.0
0.2128664349995545,1.0
0.2128759189128982,1.0
0.21288540367135983,1.0
0.21289488927505235,1.0
0.21290437572408877,1.0
0.21291386301858206,1.0
0.21292335115864527,1.0
0.21293284014439146,1.0
0.21294232997593368,1.0
0.21295182065338503,1.0
0.21296131217685862,1.0
0.21297080454646758,1.0
0.21298029776232505,1.0
0.2129897918245442,1.0
0.21299928673323823,1.0
0.21300878248852034,1.0
0.21301827909050378,1.0
0.2130277765393018,1.0
0.21303727483502766,1.0
0.21304677397779462,1.0
0.21305627396771604,1.0
0.21306577480490524,1.0
0.21307527648947555,1.0
0.21308477902154038,1.0
0.2130942824012131,1.0
0.2131037866286071,1.0
0.21311329170383586,1.0
0.2131227976270128,1.0
0.2131323043982514,1.0
0.21314181201766516,1.0
0.21315132048536758,1.0
0.21316082980147222,1.0
0.2131703399660926,1.0
0.21317985097934233,1.0
0.213189362841335,1.0
0.2131988755521842,1.0
0.21320838911200357,1.0
0.21321790352090678,1.0
0.2132274187790075,1.0
0.21323693488641943,1.0
0.21324645184325627,1.0
0.21325596964963178,1.0
0.2132654883056597,1.0
0.2132750078114538,1.0
0.21328452816712792,1.0
0.21329404937279586,1.0
0.21330357142857143,1.0
0.21331309433456852,1.0
0.21332261809090097,1.0
0.21333214269768272,1.0
0.2133416681550277,1.0
0.2133511944630498,1.0
0.213360721621863,1.0
0.2133702496315813,1.0
0.21337977849231868,1.0
0.2133893082041892,1.0
0.21339883876730684,1.0
0.2134083701817857,1.0
0.21341790244773987,1.0
0.21342743556528343,1.0
0.2134369695345305,1.0
0.21344650435559526,1.0
0.21345604002859186,1.0
0.21346557655363446,1.0
0.2134751139308373,1.0
0.21348465216031456,1.0
0.21349419124218053,1.0
0.21350373117654944,1.0
0.21351327196353562,1.0
0.21352281360325334,1.0
0.21353235609581694,1.0
0.21354189944134078,1.0
0.21355144363993922,1.0
0.21356098869172663,1.0
0.21357053459681746,1.0
0.21358008135532608,1.0
0.213589628967367,1.0
0.21359917743305468,1.0
0.21360872675250359,1.0
0.21361827692582822,1.0
0.21362782795314317,1.0
0.21363737983456293,1.0
0.21364693257020212,1.0
0.2136564861601753,1.0
0.2136660406045971,1.0
0.21367559590358212,1.0
0.2136851520572451,1.0
0.21369470906570062,1.0
0.2137042669290634,1.0
0.21371382564744823,1.0
0.21372338522096976,1.0
0.2137329456497428,1.0
0.21374250693388208,1.0
0.21375206907350244,1.0
0.21376163206871868,1.0
0.21377119591964566,1.0
0.2137807606263982,1.0
0.21379032618909125,1.0
0.21379989260783963,1.0
0.21380945988275832,1.0
0.21381902801396224,1.0
0.21382859700156634,1.0
0.21383816684568563,1.0
0.21384773754643513,1.0
0.2138573091039298,1.0
0.21387645478961503,1.0
0.2138860289180357,1.0
0.2138956039036619,1.0
0.21390517974660878,1.0
0.2139147564469914,1.0
0.213924334004925,1.0
0.21393391242052476,1.0
0.2139434916939059,1.0
0.21395307182518358,1.0
0.21396265281447316,1.0
0.21397223466188983,1.0
0.21398181736754893,1.0
0.21399140093156574,1.0
0.21400098535405562,1.0
0.21401057063513393,1.0
0.214020156774916,1.0
0.2140297437735173,1.0
0.21403933163105318,1.0
0.2140489203476391,1.0
0.21405850992339054,1.0
0.21406810035842294,1.0
0.21407769165285184,1.0
0.21408728380679273,1.0
0.21409687682036116,1.0
0.2141064706936727,1.0
0.21411606542684294,1.0
0.21412566101998745,1.0
0.2141352574732219,1.0
0.2141448547866619,1.0
0.2141544529604231,1.0
0.21416405199462124,1.0
0.214173651889372,1.0
0.2141832526447911,1.0
0.2141928542609943,1.0
0.21420245673809737,1.0
0.2142120600762161,1.0
0.2142216642754663,1.0
0.21423126933596376,1.0
0.2142408752578244,1.0
0.21425048204116406,1.0
0.21426008968609866,1.0
0.21426969819274408,1.0
0.21427930756121624,1.0
0.21428891779163117,1.0
0.21429852888410478,1.0
0.21430814083875308,1.0
0.2143177536556921,1.0
0.2143273673350379,1.0
0.2143369818769065,1.0
0.21434659728141403,1.0
0.21435621354867654,1.0
0.21436583067881018,1.0
0.2143754486719311,1.0
0.21438506752815542,1.0
0.21439468724759939,1.0
0.21440430783037917,1.0
0.21441392927661101,1.0
0.21442355158641116,1.0
0.21443317475989587,1.0
0.21444279879718145,1.0
0.21445242369838421,1.0
0.21446204946362046,1.0
0.21447167609300655,1.0
0.21448130358665887,1.0
0.21449093194469385,1.0
0.21450056116722782,1.0
0.2145101912543773,1.0
0.2145198222062587,1.0
0.2145294540229885,1.0
0.21453908670468322,1.0
0.21454872025145935,1.0
0.21455835466343348,1.0
0.21456798994072213,1.0
0.21457762608344186,1.0
0.21458726309170933,1.0
0.21459690096564113,1.0
0.21460653970535393,1.0
0.21461617931096438,1.0
0.21462581978258916,1.0
0.2146451033243486,1.0
0.21465474639471674,1.0
0.21466439033156617,1.0
0.2146740351350137,1.0
0.21468368080517614,1.0
0.2146933273421703,1.0
0.2147126230171213,1.0
0.2147222721553119,1.0
0.21473192216080175,1.0
0.21474157303370786,1.0
0.21475122477414715,1.0
0.2147608773822366,1.0
0.21477053085809322,1.0
0.21478018520183403,1.0
0.21478984041357607,1.0
0.21479949649343644,1.0
0.21480915344153217,1.0
0.21481881125798039,1.0
0.21482846994289825,1.0
0.21483812949640288,1.0
0.21484778991861145,1.0
0.21485745120964114,1.0
0.2148671133696092,1.0
0.21487677639863284,1.0
0.21488644029682932,1.0
0.21489610506431592,1.0
0.21490577070120992,1.0
0.21491543720762865,1.0
0.21492510458368944,1.0
0.21493477282950968,1.0
0.2149444419452067,1.0
0.21495411193089797,1.0
0.21496378278670086,1.0
0.21497345451273284,1.0
0.21498312710911135,1.0
0.21499280057595394,1.0
0.21500247491337804,1.0
0.2150121501215012,1.0
0.21502182620044102,1.0
0.21503150315031502,1.0
0.21504118097124084,1.0
0.21505085966333604,1.0
0.21507021966150522,1.0
0.21507990096781454,1.0
0.21508958314576393,1.0
0.21509926619547112,1.0
0.21510895011705383,1.0
0.21511863491062988,1.0
0.21512832057631698,1.0
0.21513800711423298,1.0
0.21514769452449567,1.0
0.21515738280722294,1.0
0.21516707196253265,1.0
0.21517676199054267,1.0
0.21519614466513534,1.0
0.2152058373119539,1.0
0.2152155308319445,1.0
0.21522522522522522,1.0
0.21523492049191406,1.0
0.21524461663212902,1.0
0.2152543136459882,1.0
0.21526401153360966,1.0
0.2152737102951115,1.0
0.21528340993061187,1.0
0.2152931104402289,1.0
0.21530281182408076,1.0
0.2153125140822856,1.0
0.2153222172149617,1.0
0.21533192122222722,1.0
0.21534162610420046,1.0
0.2153513318609997,1.0
0.21536103849274318,1.0
0.21537074599954925,1.0
0.21538045438153625,1.0
0.21539016363882252,1.0
0.21539987377152647,1.0
0.21540958477976646,1.0
0.21541929666366097,1.0
0.21542900942332838,1.0
0.2154387230588872,1.0
0.21545815295815296,1.0
0.21546786922209696,1.0
0.2154775863624064,1.0
0.21548730437919994,1.0
0.21549702327259607,1.0
0.21550674304271344,1.0
0.21551646368967073,1.0
0.21552618521358655,1.0
0.21553590761457958,1.0
0.21554563089276854,1.0
0.21555535504827214,1.0
0.21556508008120912,1.0
0.21557480599169826,1.0
0.2155845327798583,1.0
0.21559426044580815,1.0
0.21560398898966654,1.0
0.21561371841155236,1.0
0.21562344871158445,1.0
0.21563317988988176,1.0
0.21564291194656315,1.0
0.2156526448817476,1.0
0.21566237869555405,1.0
0.21567211338810147,1.0
0.21568184895950887,1.0
0.21569158540989528,1.0
0.21570132273937973,1.0
0.21571106094808126,1.0
0.21572080003611901,1.0
0.21573054000361205,1.0
0.21574028085067956,1.0
0.2157500225774406,1.0
0.21575976518401446,1.0
0.21576950867052022,1.0
0.21577925303707718,1.0
0.21578899828380455,1.0
0.21579874441082156,1.0
0.2158084914182475,1.0
0.21581823930620173,1.0
0.2158279880748035,1.0
0.2158377377241722,1.0
0.21584748825442718,1.0
0.21585723966568782,1.0
0.21586699195807355,1.0
0.2158767451317038,1.0
0.215886499186698,1.0
0.21589625412317565,1.0
0.21590600994125622,1.0
0.21591576664105924,1.0
0.21592552422270428,1.0
0.21593528268631085,1.0
0.21594504203199855,1.0
0.215954802259887,1.0
0.2159645633700958,1.0
0.21597432536274466,1.0
0.21598408823795318,1.0
0.21600361663652803,1.0
0.21601338216013383,1.0
0.21602314856677818,1.0
0.2160329158565809,1.0
0.21604268402966179,1.0
0.21605245308614063,1.0
0.21606222302613728,1.0
0.21607199384977163,1.0
0.21608176555716352,1.0
0.2160915381484329,1.0
0.2161013116236997,1.0
0.21611108598308382,1.0
0.21612086122670526,1.0
0.21613063735468405,1.0
0.21614041436714015,1.0
0.21615019226419363,1.0
0.21615997104596454,1.0
0.21616975071257297,1.0
0.216179531264139,1.0
0.21618931270078276,1.0
0.21619909502262444,1.0
0.21620887822978416,1.0
0.21621866232238213,1.0
0.21622844730053853,1.0
0.2162480199140077,1.0
0.21625780754956098,1.0
0.21626759607115376,1.0
0.2162773854789064,1.0
0.2162871757729392,1.0
0.21629696695337255,1.0
0.21630675902032687,1.0
0.2163165519739225,1.0
0.2163263458142799,1.0
0.2163361405415195,1.0
0.21634593615576184,1.0
0.21635573265712732,1.0
0.21636553004573653,1.0
0.21637532832171,1.0
0.21638512748516825,1.0
0.21639492753623188,1.0
0.2164047284750215,1.0
0.21641453030165775,1.0
0.21642433301626127,1.0
0.21643413661895272,1.0
0.21644394110985277,1.0
0.21645374648908217,1.0
0.21646355275676166,1.0
0.21647335991301195,1.0
0.2164831679579539,1.0
0.2164929768917082,1.0
0.21650278671439577,1.0
0.2165125974261374,1.0
0.21652240902705397,1.0
0.2165322215172664,1.0
0.21654203489689552,1.0
0.21655184916606238,1.0
0.21656166432488783,1.0
0.2165714803734929,1.0
0.21658129731199854,1.0
0.21659111514052584,1.0
0.2166009338591958,1.0
0.21661075346812947,1.0
0.21662057396744797,1.0
0.2166303953572724,1.0
0.21664021763772387,1.0
0.21665004080892356,1.0
0.21665986487099262,1.0
0.21666968982405224,1.0
0.21667951566822366,1.0
0.2166893424036281,1.0
0.21669917003038686,1.0
0.2167089985486212,1.0
0.2167188279584524,1.0
0.21672865826000182,1.0
0.2167384894533908,1.0
0.2167483215387407,1.0
0.21675815451617295,1.0
0.2167679883858089,1.0
0.21677782314777005,1.0
0.21678765880217785,1.0
0.21679749534915377,1.0
0.2168073327888193,1.0
0.216817171121296,1.0
0.2168270103467054,1.0
0.21683685046516904,1.0
0.21684669147680857,1.0
0.21685653338174557,1.0
0.21686637618010168,1.0
0.21688606445755787,1.0
0.21689590993690136,1.0
0.21690575631015072,1.0
0.2169156035774277,1.0
0.21692545173885408,1.0
0.21693530079455164,1.0
0.2169451507446422,1.0
0.2169550015892476,1.0
0.2169648533284897,1.0
0.21697470596249036,1.0
0.2169845594913715,1.0
0.216994413915255,1.0
0.2170042692342629,1.0
0.21701412544851706,1.0
0.21702398255813954,1.0
0.21703384056325234,1.0
0.21704369946397747,1.0
0.217053559260437,1.0
0.21706341995275305,1.0
0.21707328154104766,1.0
0.217083144025443,1.0
0.21709300740606116,1.0
0.21710287168302436,1.0
0.21711273685645477,1.0
0.2171226029264746,1.0
0.2171324698932061,1.0
0.2171423377567715,1.0
0.21715220651729308,1.0
0.2171620761748932,1.0
0.21717194672969412,1.0
0.21718181818181817,1.0
0.2171916905313878,1.0
0.21720156377852531,1.0
0.21721143792335318,1.0
0.2172213129659938,1.0
0.21723118890656967,1.0
0.21724106574520324,1.0
0.217250943482017,1.0
0.2172608221171335,1.0
0.21727070165067527,1.0
0.2172805820827649,1.0
0.21729046341352495,1.0
0.21730034564307804,1.0
0.21731022877154682,1.0
0.21732011279905394,1.0
0.2173299977257221,1.0
0.21733988355167394,1.0
0.21734977027703226,1.0
0.21735965790191975,1.0
0.21736954642645923,1.0
0.21737943585077343,1.0
0.21738932617498521,1.0
0.2173992173992174,1.0
0.21740910952359285,1.0
0.21741900254823443,1.0
0.21742889647326508,1.0
0.2174387912988077,1.0
0.2174486870249852,1.0
0.21746848117973694,1.0
0.21747837960855712,1.0
0.21748827893850425,1.0
0.21749817916970138,1.0
0.2175080803022716,1.0
0.21751798233633798,1.0
0.21752788527202369,1.0
0.21753778910945182,1.0
0.21754769384874562,1.0
0.21755759949002823,1.0
0.2175675060334229,1.0
0.21757741347905282,1.0
0.2175873218270413,1.0
0.2175972310775116,1.0
0.21760714123058705,1.0
0.21761705228639097,1.0
0.21762696424504668,1.0
0.2176368771066776,1.0
0.2176467908714071,1.0
0.2176567055393586,1.0
0.21766662111065554,1.0
0.2176765375854214,1.0
0.21768645496377967,1.0
0.21769637324585384,1.0
0.21770629243176745,1.0
0.21771621252164403,1.0
0.2177261335156072,1.0
0.21773605541378052,1.0
0.21774597821628766,1.0
0.2177559019232522,1.0
0.21776582653479787,1.0
0.21777575205104832,1.0
0.21778567847212726,1.0
0.21779560579815846,1.0
0.2178055340292656,1.0
0.21781546316557257,1.0
0.2178253932072031,1.0
0.21783532415428103,1.0
0.2178452560069302,1.0
0.2178551887652745,1.0
0.21786512242943779,1.0
0.21787505699954401,1.0
0.21788499247571708,1.0
0.21789492885808098,1.0
0.2179048661467597,1.0
0.2179148043418772,1.0
0.21793468345192482,1.0
0.21794462436710305,1.0
0.21795456618921633,1.0
0.21796450891838876,1.0
0.2179744525547445,1.0
0.21798439709840778,1.0
0.2179943425495027,1.0
0.2180042889081535,1.0
0.2180142361744844,1.0
0.21802418434861967,1.0
0.2180341334306836,1.0
0.21804408342080045,1.0
0.21805403431909456,1.0
0.21806398612569028,1.0
0.218073938840712,1.0
0.21808389246428408,1.0
0.21809384699653095,1.0
0.21810380243757704,1.0
0.2181137587875468,1.0
0.21812371604656472,1.0
0.2181336742147553,1.0
0.21814363329224307,1.0
0.2181535932791526,1.0
0.21816355417560843,1.0
0.21817351598173515,1.0
0.21818347869765742,1.0
0.21819344232349985,1.0
0.21820340685938713,1.0
0.2182133723054439,1.0
0.2182333059285649,1.0
0.2182432741058786,1.0
0.21825324319386077,1.0
0.21826321319263625,1.0
0.21827318410232982,1.0
0.21828315592306638,1.0
0.21829312865497075,1.0
0.21830310229816785,1.0
0.2183130768527826,1.0
0.21832305231893992,1.0
0.21833302869676477,1.0
0.21834300598638212,1.0
0.21835298418791702,1.0
0.21836296330149443,1.0
0.2183729433272395,1.0
0.2183829242652772,1.0
0.2183929061157327,1.0
0.21840288887873108,1.0
0.2184128725543975,1.0
0.21842285714285714,1.0
0.21843284264423515,1.0
0.21844282905865678,1.0
0.21845281638624725,1.0
0.21846280462713183,1.0
0.21847279378143575,1.0
0.21848278384928438,1.0
0.218492774830803,1.0
0.218502766726117,1.0
0.21851275953535168,1.0
0.21852275325863252,1.0
0.2185327478960849,1.0
0.21854274344783425,1.0
0.21855273991400603,1.0
0.21856273729472578,1.0
0.21857273559011894,1.0
0.2185827348003111,1.0
0.21859273492542777,1.0
0.21860273596559454,1.0
0.21861273792093705,1.0
0.21862274079158087,1.0
0.2186327445776517,1.0
0.21864274927927516,1.0
0.21865275489657698,1.0
0.21866276142968286,1.0
0.21867276887871853,1.0
0.21868277724380977,1.0
0.2186927865250824,1.0
0.21870279672266216,1.0
0.2187128078366749,1.0
0.2187228198672465,1.0
0.21873283281450284,1.0
0.2187428466785698,1.0
0.2187528614595733,1.0
0.2187628771576393,1.0
0.21877289377289377,1.0
0.2187829113054627,1.0
0.21879292975547213,1.0
0.21880294912304804,1.0
0.21881296940831654,1.0
0.2188229906114037,1.0
0.21883301273243566,1.0
0.2188430357715385,1.0
0.2188530597288384,1.0
0.21886308460446155,1.0
0.21887311039853413,1.0
0.21888313711118237,1.0
0.21889316474253254,1.0
0.21890319329271085,1.0
0.21891322276184366,1.0
0.21892325315005728,1.0
0.218933284457478,1.0
0.21894331668423223,1.0
0.21895334983044634,1.0
0.21896338389624673,1.0
0.21897341888175986,1.0
0.21898345478711215,1.0
0.2189934916124301,1.0
0.2190035293578402,1.0
0.21901356802346902,1.0
0.21902360760944303,1.0
0.21903364811588888,1.0
0.2190436895429331,1.0
0.21905373189070237,1.0
0.21906377515932327,1.0
0.2190738193489225,1.0
0.21908386445962677,1.0
0.21909391049156274,1.0
0.21910395744485717,1.0
0.2191140053196368,1.0
0.21912405411602842,1.0
0.21913410383415888,1.0
0.21914415447415495,1.0
0.21915420603614347,1.0
0.21916425852025137,1.0
0.2191743119266055,1.0
0.2191843662553328,1.0
0.21919442150656024,1.0
0.21920447768041473,1.0
0.2192145347770233,1.0
0.21922459279651296,1.0
0.21923465173901074,1.0
0.2192447116046437,1.0
0.2192547723935389,1.0
0.2192648341058235,1.0
0.2192748967416246,1.0
0.21928496030106934,1.0
0.21929502478428492,1.0
0.21930509019139854,1.0
0.2193151565225374,1.0
0.2193252237778288,1.0
0.21933529195739992,1.0
0.21934536106137814,1.0
0.21935543108989072,1.0
0.21936550204306507,1.0
0.21937557392102847,1.0
0.21938564672390834,1.0
0.21939572045183212,1.0
0.21940579510492722,1.0
0.21941587068332108,1.0
0.21942594718714123,1.0
0.2194360246165151,1.0
0.2194461029715703,1.0
0.21945618225243432,1.0
0.21946626245923476,1.0
0.21947634359209922,1.0
0.2194864256511553,1.0
0.2194965086365307,1.0
0.219506592548353,1.0
0.21951667738675,1.0
0.2195267631518493,1.0
0.21953684984377872,1.0
0.219546937462666,1.0
0.2195570260086389,1.0
0.21956711548182528,1.0
0.21957720588235294,1.0
0.21958729721034975,1.0
0.21959738946594357,1.0
0.2196074826492623,1.0
0.2196175767604339,1.0
0.2196276717995863,1.0
0.21963776776684749,1.0
0.21964786466234543,1.0
0.21965796248620817,1.0
0.21966806123856375,1.0
0.21967816091954023,1.0
0.2196882615292657,1.0
0.2196983630678683,1.0
0.21970846553547616,1.0
0.21971856893221742,1.0
0.2197286732582203,1.0
0.21973877851361295,1.0
0.21974888469852366,1.0
0.21975899181308067,1.0
0.21976909985741228,1.0
0.21977920883164673,1.0
0.21978931873591243,1.0
0.21979942957033766,1.0
0.21980954133505085,1.0
0.21981965403018033,1.0
0.2198297676558546,1.0
0.21983988221220208,1.0
0.2198499976993512,1.0
0.2198601141174305,1.0
0.2198702314665685,1.0
0.2198803497468937,1.0
0.21989046895853467,1.0
0.21990058910162003,1.0
0.21991071017627836,1.0
0.2199208321826383,1.0
0.21993095512082853,1.0
0.21994107899097773,1.0
0.21995120379321456,1.0
0.2199613295276678,1.0
0.21997145619446618,1.0
0.2199815837937385,1.0
0.21999171232561351,1.0
0.2200018417902201,1.0
0.22001197218768706,1.0
0.2200221035181433,1.0
0.2200322357817177,1.0
0.22004236897853918,1.0
0.2200525031087367,1.0
0.2200626381724392,1.0
0.2200727741697757,1.0
0.22008291110087516,1.0
0.22009304896586668,1.0
0.2201031877648793,1.0
0.2201133274980421,1.0
0.2201234681654842,1.0
0.2201336097673347,1.0
0.22014375230372282,1.0
0.22015389577477767,1.0
0.22016404018062852,1.0
0.22017418552140455,1.0
0.22019447900824923,1.0
0.22020462715457645,1.0
0.22021477623634603,1.0
0.2202249262536873,1.0
0.22023507720672966,1.0
0.22024522909560246,1.0
0.22025538192043517,1.0
0.22026553568135718,1.0
0.220275690378498,1.0
0.22028584601198709,1.0
0.22029600258195398,1.0
0.2203061600885282,1.0
0.22031631853183936,1.0
0.22032647791201698,1.0
0.2203366382291907,1.0
0.22034679948349012,1.0
0.22035696167504495,1.0
0.22036712480398488,1.0
0.22037728887043956,1.0
0.22038745387453876,1.0
0.2203976198164122,1.0
0.22040778669618968,1.0
0.220417954514001,1.0
0.22042812326997602,1.0
0.22043829296424453,1.0
0.22044846359693643,1.0
0.22045863516818162,1.0
0.22046880767811,1.0
0.22047898112685155,1.0
0.2204891555145362,1.0
0.22049933084129403,1.0
0.22050950710725495,1.0
0.22051968431254904,1.0
0.22052986245730638,1.0
0.22054004154165704,1.0
0.22055022156573117,1.0
0.22056040252965886,1.0
0.2205705844335703,1.0
0.22058076727759568,1.0
0.2205909510618652,1.0
0.22060113578650908,1.0
0.2206113214516576,1.0
0.22062150805744102,1.0
0.22063169560398965,1.0
0.22064188409143384,1.0
0.22065207351990396,1.0
0.2206622638895303,1.0
0.22067245520044337,1.0
0.22068264745277355,1.0
0.22069284064665126,1.0
0.22070303478220704,1.0
0.2207132298595713,1.0
0.22072342587887467,1.0
0.2207336228402476,1.0
0.22074382074382073,1.0
0.22075401958972463,1.0
0.2207642193780899,1.0
0.22077442010904721,1.0
0.22078462178272723,1.0
0.22079482439926063,1.0
0.22080502795877813,1.0
0.2208152324614105,1.0
0.22082543790728845,1.0
0.2208356442965428,1.0
0.22084585162930437,1.0
0.22085605990570398,1.0
0.2208662691258725,1.0
0.22087647928994084,1.0
0.22088669039803985,1.0
0.2208969024503005,1.0
0.22090711544685376,1.0
0.2209173293878306,1.0
0.220927544273362,1.0
0.22093776010357902,1.0
0.22094797687861273,1.0
0.22095819459859414,1.0
0.22096841326365443,1.0
0.22097863287392472,1.0
0.2209888534295361,1.0
0.2209990749306198,1.0
0.22100929737730698,1.0
0.22101952076972892,1.0
0.22102974510801685,1.0
0.221039970392302,1.0
0.22105019662271572,1.0
0.22106042379938928,1.0
0.2210706519224541,1.0
0.22108088099204146,1.0
0.22109111100828283,1.0
0.22110134197130957,1.0
0.2211115738812532,1.0
0.2211218067382451,1.0
0.2211320405424168,1.0
0.22114227529389985,1.0
0.22115251099282573,1.0
0.22116274763932606,1.0
0.22117298523353238,1.0
0.22118322377557634,1.0
0.22119346326558956,1.0
0.2212037037037037,1.0
0.22121394509005046,1.0
0.22122418742476155,1.0
0.2212344307079687,1.0
0.22124467493980365,1.0
0.22125492012039824,1.0
0.22126516624988424,1.0
0.2212856613560578,1.0
0.22129591033300913,1.0
0.22130616025937935,1.0
0.22131641113530037,1.0
0.2213266629609042,1.0
0.22133691573632278,1.0
0.22134716946168814,1.0
0.22135742413713227,1.0
0.22136767976278726,1.0
0.22137793633878516,1.0
0.2213881938652581,1.0
0.22140871177015756,1.0
0.22141897214884843,1.0
0.22142923347854296,1.0
0.2214394957593734,1.0
0.22146002317497104,1.0
0.2214702883100028,1.0
0.22148055439669959,1.0
0.22149082143519377,1.0
0.22150108942561772,1.0
0.22151135836810384,1.0
0.22152162826278454,1.0
0.2215318991097923,1.0
0.2215421709092595,1.0
0.22155244366131874,1.0
0.22156271736610247,1.0
0.22157299202374328,1.0
0.2215832676343737,1.0
0.22159354419812632,1.0
0.22160382171513382,1.0
0.22161410018552877,1.0
0.22162437960944384,1.0
0.2216346599870118,1.0
0.22164494131836526,1.0
0.22165522360363704,1.0
0.22166550684295988,1.0
0.22167579103646656,1.0
0.2216860761842899,1.0
0.22169636228656273,1.0
0.22170664934341794,1.0
0.2217169373549884,1.0
0.22172722632140704,1.0
0.22173751624280677,1.0
0.22174780711932054,1.0
0.2217580989510814,1.0
0.22176839173822233,1.0
0.22177868548087634,1.0
0.22179927583325595,1.0
0.22180957244324775,1.0
0.22181987000928505,1.0
0.221830168531501,1.0
0.2218404680100288,1.0
0.22185076844500162,1.0
0.22186106983655274,1.0
0.22187137218481542,1.0
0.2218816754899229,1.0
0.22189197975200856,1.0
0.22190228497120565,1.0
0.22191259114764758,1.0
0.22192289828146772,1.0
0.22193320637279948,1.0
0.2219435154217763,1.0
0.22195382542853162,1.0
0.22196413639319892,1.0
0.22197444831591173,1.0
0.22198476119680358,1.0
0.221995075036008,1.0
0.22200538983365858,1.0
0.22201570558988895,1.0
0.2220260223048327,1.0
0.22203633997862354,1.0
0.2220466586113951,1.0
0.22205697820328113,1.0
0.22206729875441533,1.0
0.22207762026493144,1.0
0.22208794273496327,1.0
0.22209826616464462,1.0
0.22210859055410934,1.0
0.22211891590349123,1.0
0.2221292422129242,1.0
0.22213956948254218,1.0
0.2221498977124791,1.0
0.22216022690286882,1.0
0.22217055705384545,1.0
0.2221808881655429,1.0
0.22219122023809523,1.0
0.22220155327163651,1.0
0.2222118872663008,1.0
0.2222222222222222,1.0
0.22223255813953488,1.0
0.22224289501837294,1.0
0.22225323285887058,1.0
0.22226357166116203,1.0
0.22227391142538147,1.0
0.22228425215166317,1.0
0.22229459384014144,1.0
0.22230493649095054,1.0
0.22231528010422483,1.0
0.22232562468009864,1.0
0.22233597021870638,1.0
0.22234631672018243,1.0
0.2223566641846612,1.0
0.2223670126122772,1.0
0.22237736200316485,1.0
0.2223877123574587,1.0
0.22239806367529324,1.0
0.22240841595680305,1.0
0.2224187692021227,1.0
0.22242912341138682,1.0
0.22243947858472998,1.0
0.22244983472228688,1.0
0.2224601918241922,1.0
0.22247054989058063,1.0
0.2224809089215869,1.0
0.22249126891734575,1.0
0.222501629877992,1.0
0.2225119918036604,1.0
0.22252235469448584,1.0
0.22253271855060314,1.0
0.22254308337214718,1.0
0.22255344915925288,1.0
0.22256381591205515,1.0
0.22257418363068895,1.0
0.22258455231528929,1.0
0.22259492196599115,1.0
0.22260529258292955,1.0
0.22261566416623957,1.0
0.2226260367160563,1.0
0.2226364102325148,1.0
0.22264678471575022,1.0
0.22265716016589776,1.0
0.22266753658309255,1.0
0.22267791396746983,1.0
0.22268829231916482,1.0
0.22269867163831275,1.0
0.22270905192504895,1.0
0.22271943317950868,1.0
0.22272981540182735,1.0
0.22274019859214023,1.0
0.22275058275058274,1.0
0.22276096787729033,1.0
0.22277135397239836,1.0
0.22278174103604234,1.0
0.22279212906835774,1.0
0.22280251806948007,1.0
0.22281290803954487,1.0
0.2228232989786877,1.0
0.2228336908870441,1.0
0.2228440837647498,1.0
0.2228544776119403,1.0
0.22286487242875133,1.0
0.22287526821531858,1.0
0.22288566497177778,1.0
0.2228960626982646,1.0
0.22290646139491485,1.0
0.22291686106186434,1.0
0.2229272616992488,1.0
0.2229376633072042,1.0
0.22294806588586627,1.0
0.22295846943537098,1.0
0.2229688739558542,1.0
0.22297927944745194,1.0
0.22298968591030008,1.0
0.2230000933445347,1.0
0.22301050175029172,1.0
0.22302091112770725,1.0
0.22303132147691734,1.0
0.22304173279805808,1.0
0.22305214509126559,1.0
0.22306255835667602,1.0
0.22307297259442552,1.0
0.22308338780465028,1.0
0.22309380398748657,1.0
0.2231042211430706,1.0
0.22311463927153863,1.0
0.22312505837302699,1.0
0.22313547844767198,1.0
0.22314589949560995,1.0
0.22315632151697726,1.0
0.22316674451191032,1.0
0.22318759342301944,1.0
0.2231980193394684,1.0
0.22320844623002897,1.0
0.22321887409483765,1.0
0.223229302934031,1.0
0.22323973274774564,1.0
0.22325016353611812,1.0
0.22326059529928508,1.0
0.2232710280373832,1.0
0.22328146175054908,1.0
0.22329189643891953,1.0
0.2233023321026312,1.0
0.2233127687418209,1.0
0.2233232063566254,1.0
0.22333364494718144,1.0
0.22334408451362595,1.0
0.22335452505609574,1.0
0.22336496657472768,1.0
0.22337540906965872,1.0
0.22338585254102575,1.0
0.22339629698896576,1.0
0.22340674241361574,1.0
0.2234171888151127,1.0
0.22342763619359365,1.0
0.22343808454919567,1.0
0.22344853388205585,1.0
0.22345898419231128,1.0
0.22346943548009915,1.0
0.2234798877455566,1.0
0.2234903409888208,1.0
0.223500795210029,1.0
0.22352170658682635,1.0
0.22353216374269005,1.0
0.22355308099003415,1.0
0.22356354108178925,1.0
0.22357400215244957,1.0
0.22358446420215256,1.0
0.2235949272310356,1.0
0.22360539123923623,1.0
0.22361585622689192,1.0
0.22363678914111865,1.0
0.2236472570679648,1.0
0.22365772597481628,1.0
0.2236681958618107,1.0
0.2236786667290857,1.0
0.22368913857677902,1.0
0.22369961140502834,1.0
0.22371008521397134,1.0
0.22372056000374585,1.0
0.2237310357744896,1.0
0.22374151252634045,1.0
0.22375199025943618,1.0
0.22376246897391466,1.0
0.22377294866991382,1.0
0.22378342934757153,1.0
0.22379391100702575,1.0
0.22380439364841445,1.0
0.22381487727187557,1.0
0.2238253618775472,1.0
0.2238358474655673,1.0
0.223846334036074,1.0
0.2238568215892054,1.0
0.22386731012509956,1.0
0.22387779964389468,1.0
0.2238882901457289,1.0
0.2238987816307404,1.0
0.22390927409906744,1.0
0.22391976755084825,1.0
0.22393026198622112,1.0
0.22394075740532435,1.0
0.22395125380829622,1.0
0.22397224956639947,1.0
0.2239827489218076,1.0
0.223993249261638,1.0
0.22400375058602906,1.0
0.2240142528951193,1.0
0.22402475618904727,1.0
0.2240352604679514,1.0
0.22404576573197035,1.0
0.22405627198124267,1.0
0.22406677921590695,1.0
0.22407728743610186,1.0
0.22408779664196604,1.0
0.22409830683363818,1.0
0.22410881801125704,1.0
0.2241193301749613,1.0
0.22412984332488978,1.0
0.22414035746118122,1.0
0.22415087258397448,1.0
0.2241613886934084,1.0
0.22417190578962184,1.0
0.22418242387275372,1.0
0.22419294294294295,1.0
0.22420346300032848,1.0
0.22421398404504927,1.0
0.22422450607724437,1.0
0.22423502909705276,1.0
0.2242455531046135,1.0
0.2242560781000657,1.0
0.22426660408354845,1.0
0.2242771310552009,1.0
0.22428765901516218,1.0
0.22429818796357148,1.0
0.22430871790056806,1.0
0.2243192488262911,1.0
0.22432978074087986,1.0
0.22434031364447365,1.0
0.22435084753721182,1.0
0.22436138241923365,1.0
0.22437191829067857,1.0
0.22438245515168592,1.0
0.22439299300239515,1.0
0.2244035318429457,1.0
0.22441407167347704,1.0
0.2244246124941287,1.0
0.22443515430504016,1.0
0.22444569710635098,1.0
0.2244562408982008,1.0
0.22446678568072911,1.0
0.22447733145407564,1.0
0.22448787821838,1.0
0.2244984259737819,1.0
0.224508974720421,1.0
0.2245195244584371,1.0
0.2245300751879699,1.0
0.22454062690915927,1.0
0.22455117962214494,1.0
0.22456173332706678,1.0
0.22457228802406468,1.0
0.2245828437132785,1.0
0.22459340039484818,1.0
0.22460395806891365,1.0
0.2246145167356149,1.0
0.2246250763950919,1.0
0.2246356370474847,1.0
0.22464619869293337,1.0
0.22465676133157797,1.0
0.22466732496355857,1.0
0.22467788958901533,1.0
0.22468845520808842,1.0
0.22469902182091797,1.0
0.22472015802840747,1.0
0.22473072762334792,1.0
0.22474129821260583,1.0
0.22475186979632156,1.0
0.22476244237463544,1.0
0.2247730159476878,1.0
0.2247835905156191,1.0
0.22479416607856975,1.0
0.22480474263668015,1.0
0.22481532019009082,1.0
0.2248258987389422,1.0
0.2248364782833749,1.0
0.2248470588235294,1.0
0.22485764035954633,1.0
0.22486822289156627,1.0
0.22487880641972985,1.0
0.22488939094417773,1.0
0.2248999764650506,1.0
0.22491056298248918,1.0
0.2249211504966342,1.0
0.2249317390076264,1.0
0.2249423285156066,1.0
0.22495291902071562,1.0
0.2249635105230943,1.0
0.2249741030228835,1.0
0.22498469652022413,1.0
0.22499529101525712,1.0
0.2250058865081234,1.0
0.22501648299896393,1.0
0.22502708048791975,1.0
0.22503767897513188,1.0
0.22504827846074138,1.0
0.2250588789448893,1.0
0.2250694804277168,1.0
0.225080082909365,1.0
0.22509068638997504,1.0
0.2251012908696881,1.0
0.22511189634864545,1.0
0.2251225028269883,1.0
0.22513311030485794,1.0
0.22514371878239564,1.0
0.22515432825974271,1.0
0.22516493873704052,1.0
0.22517555021443048,1.0
0.2251861626920539,1.0
0.22519677617005232,1.0
0.22520739064856712,1.0
0.22521800612773982,1.0
0.2252286226077119,1.0
0.2252392400886249,1.0
0.2252498585706204,1.0
0.22526047805384,1.0
0.22527109853842528,1.0
0.2252817200245179,1.0
0.22529234251225952,1.0
0.22530296600179187,1.0
0.22531359049325664,1.0
0.22532421598679556,1.0
0.22533484248255045,1.0
0.22534546998066313,1.0
0.22535609848127536,1.0
0.22536672798452903,1.0
0.22538798999952828,1.0
0.2253986225115577,1.0
0.22540925602679623,1.0
0.22541989054538591,1.0
0.22543052606746874,1.0
0.22544116259318675,1.0
0.225451800122682,1.0
0.22546243865609664,1.0
0.22547307819357273,1.0
0.22548371873525247,1.0
0.22549436028127803,1.0
0.2255050028317916,1.0
0.2255156463869354,1.0
0.2255262909468517,1.0
0.2255369365116828,1.0
0.225547583081571,1.0
0.22555823065665864,1.0
0.2255688792370881,1.0
0.22557952882300175,1.0
0.225590179414542,1.0
0.22560083101185135,1.0
0.22561148361507224,1.0
0.22562213722434718,1.0
0.22563279183981866,1.0
0.2256434474616293,1.0
0.2256541040899216,1.0
0.22566476172483824,1.0
0.22567542036652183,1.0
0.225686080015115,1.0
0.2256967406707605,1.0
0.225707402333601,1.0
0.22571806500377928,1.0
0.2257287286814381,1.0
0.22573939336672022,1.0
0.2257500590597685,1.0
0.22576072576072576,1.0
0.2257713934697349,1.0
0.22578206218693886,1.0
0.2257927319124805,1.0
0.22580340264650284,1.0
0.22581407438914883,1.0
0.2258247471405615,1.0
0.22583542090088388,1.0
0.22584609567025904,1.0
0.22585677144883007,1.0
0.2258674482367401,1.0
0.22587812603413226,1.0
0.22588880484114976,1.0
0.2258994846579358,1.0
0.22591016548463358,1.0
0.22592084732138634,1.0
0.22593153016833742,1.0
0.2259422140256301,1.0
0.22595289889340775,1.0
0.22596358477181366,1.0
0.2259742716609913,1.0
0.22598495956108405,1.0
0.22599564847223536,1.0
0.22600633839458872,1.0
0.2260170293282876,1.0
0.22602772127347556,1.0
0.22603841423029614,1.0
0.22604910819889293,1.0
0.22605980317940955,1.0
0.2260704991719896,1.0
0.22608119617677674,1.0
0.22609189419391473,1.0
0.22610259322354723,1.0
0.226113293265818,1.0
0.2261239943208708,1.0
0.22613469638884945,1.0
0.22614539946989776,1.0
0.2261561035641596,1.0
0.22616680867177885,1.0
0.2261775147928994,1.0
0.22618822192766522,1.0
0.22619893007622024,1.0
0.22620963923870846,1.0
0.22622034941527389,1.0
0.2262310606060606,1.0
0.22624177281121266,1.0
0.22625248603087414,1.0
0.22626320026518917,1.0
0.22627391551430195,1.0
0.22628463177835662,1.0
0.2262953490574974,1.0
0.2263060673518685,1.0
0.22631678666161426,1.0
0.22632750698687887,1.0
0.22633822832780673,1.0
0.22634895068454214,1.0
0.22635967405722948,1.0
0.22637039844601317,1.0
0.22638112385103762,1.0
0.2263918502724473,1.0
0.22640257771038666,1.0
0.22641330616500024,1.0
0.22642403563643257,1.0
0.2264347661248282,1.0
0.22644549763033175,1.0
0.22645623015308783,1.0
0.22646696369324107,1.0
0.22647769825093617,1.0
0.22648843382631778,1.0
0.2264991704195307,1.0
0.22650990803071963,1.0
0.22652064666002938,1.0
0.22653138630760478,1.0
0.22654212697359064,1.0
0.22655286865813182,1.0
0.22656361136137323,1.0
0.2265743550834598,1.0
0.22658509982453645,1.0
0.22659584558474818,1.0
0.22660659236424,1.0
0.2266173401631569,1.0
0.22662808898164397,1.0
0.2266388388198463,1.0
0.22664958967790902,1.0
0.22666034155597722,1.0
0.22667109445419611,1.0
0.22668184837271088,1.0
0.22669260331166674,1.0
0.22670335927120897,1.0
0.2267141162514828,1.0
0.22672487425263357,1.0
0.22673563327480661,1.0
0.2267463933181473,1.0
0.226757154382801,1.0
0.22676791646891314,1.0
0.22677867957662917,1.0
0.22678944370609455,1.0
0.22680020885745478,1.0
0.2268109750308554,1.0
0.22682174222644197,1.0
0.22683251044436004,1.0
0.22684327968475526,1.0
0.22685404994777325,1.0
0.22686482123355967,1.0
0.2268755935422602,1.0
0.2268863668740206,1.0
0.2268971412289866,1.0
0.22690791660730397,1.0
0.22691869300911854,1.0
0.22692947043457612,1.0
0.22694024888382255,1.0
0.22695102835700376,1.0
0.22696180885426562,1.0
0.22697259037575412,1.0
0.2269833729216152,1.0
0.22699415649199486,1.0
0.22700494108703914,1.0
0.2270157267068941,1.0
0.2270265133517058,1.0
0.22703730102162034,1.0
0.2270480897167839,1.0
0.2270588794373426,1.0
0.22706967018344265,1.0
0.22708046195523027,1.0
0.22709125475285172,1.0
0.22710204857645325,1.0
0.22711284342618118,1.0
0.22713443620460164,1.0
0.22714523413358687,1.0
0.227156033089284,1.0
0.2271668330718395,1.0
0.22717763408139977,1.0
0.22718843611811135,1.0
0.2271992391821208,1.0
0.22721004327357458,1.0
0.22722084839261936,1.0
0.22723165453940172,1.0
0.22724246171406828,1.0
0.22725326991676575,1.0
0.2272640791476408,1.0
0.22727488940684012,1.0
0.2272857006945105,1.0
0.22729651301079873,1.0
0.22730732635585157,1.0
0.22731814072981588,1.0
0.22732895613283852,1.0
0.22733977256506638,1.0
0.22735059002664637,1.0
0.22736140851772543,1.0
0.22737222803845056,1.0
0.22738304858896874,1.0
0.227393870169427,1.0
0.22740469277997238,1.0
0.22741551642075203,1.0
0.22742634109191298,1.0
0.22743716679360243,1.0
0.22744799352596753,1.0
0.22745882128915548,1.0
0.2274696500833135,1.0
0.22748047990858883,1.0
0.2274913107651288,1.0
0.22750214265308066,1.0
0.22751297557259179,1.0
0.22752380952380952,1.0
0.22753464450688127,1.0
0.22754548052195447,1.0
0.22755631756917655,1.0
0.22756715564869498,1.0
0.2275779947606573,1.0
0.227588834905211,1.0
0.2275996760825037,1.0
0.22761051829268292,1.0
0.22762136153589635,1.0
0.22763220581229157,1.0
0.2276430511220163,1.0
0.22765389746521822,1.0
0.22766474484204507,1.0
0.2276755932526446,1.0
0.22768644269716465,1.0
0.22769729317575296,1.0
0.2277081446885574,1.0
0.22771899723572586,1.0
0.22772985081740624,1.0
0.22774070543374642,1.0
0.22775156108489442,1.0
0.22776241777099818,1.0
0.22777327549220575,1.0
0.22778413424866514,1.0
0.22779499404052445,1.0
0.22780585486793173,1.0
0.22781671673103515,1.0
0.22782757962998285,1.0
0.227838443564923,1.0
0.22784930853600383,1.0
0.22786017454337354,1.0
0.22787104158718047,1.0
0.22788190966757285,1.0
0.22789277878469905,1.0
0.22790364893870738,1.0
0.22791452012974622,1.0
0.22792539235796402,1.0
0.22793626562350922,1.0
0.22794713992653023,1.0
0.22795801526717557,1.0
0.22796889164559378,1.0
0.2279797690619334,1.0
0.227990647516343,1.0
0.22800152700897117,1.0
0.2280124075399666,1.0
0.22802328910947792,1.0
0.2280341717176538,1.0
0.228045055364643,1.0
0.22805594005059424,1.0
0.22806682577565632,1.0
0.22807771253997805,1.0
0.22808860034370823,1.0
0.22809948918699574,1.0
0.2281103790699895,1.0
0.22812126999283838,1.0
0.22813216195569136,1.0
0.2281430549586974,1.0
0.22815394900200553,1.0
0.22816484408576476,1.0
0.22817574021012416,1.0
0.22818663737523281,1.0
0.22819753558123984,1.0
0.22820843482829442,1.0
0.22821933511654566,1.0
0.22823023644614282,1.0
0.22824113881723512,1.0
0.2282520422299718,1.0
0.2282629466845022,1.0
0.2282738521809756,1.0
0.22828475871954132,1.0
0.2282956663003488,1.0
0.2283065749235474,1.0
0.22831748458928658,1.0
0.22832839529771576,1.0
0.22833930704898447,1.0
0.22835021984324222,1.0
0.22836113368063854,1.0
0.228372048561323,1.0
0.22838296448544523,1.0
0.22839388145315487,1.0
0.22840479946460157,1.0
0.22841571851993497,1.0
0.22842663861930487,1.0
0.22843755976286098,1.0
0.22844848195075304,1.0
0.2284594051831309,1.0
0.2284703294601444,1.0
0.2284812547819434,1.0
0.22849218114867773,1.0
0.22850310856049738,1.0
0.22851403701755224,1.0
0.22852496651999235,1.0
0.22853589706796767,1.0
0.22854682866162823,1.0
0.22855776130112412,1.0
0.22856869498660543,1.0
0.22857962971822227,1.0
0.22859056549612478,1.0
0.22860150232046314,1.0
0.22861244019138757,1.0
0.22862337910904829,1.0
0.22863431907359555,1.0
0.22864526008517969,1.0
0.228656202143951,1.0
0.22866714525005982,1.0
0.22867808940365655,1.0
0.2286890346048916,1.0
0.22869998085391538,1.0
0.22871092815087837,1.0
0.22872187649593106,1.0
0.228732825889224,1.0
0.2287437763309077,1.0
0.22875472782113276,1.0
0.2287656803600498,1.0
0.22877663394780942,1.0
0.22878758858456236,1.0
0.22879854427045923,1.0
0.2288095010056508,1.0
0.2288204587902878,1.0
0.22883141762452108,1.0
0.22884237750850137,1.0
0.22885333844237954,1.0
0.22886430042630646,1.0
0.22887526346043302,1.0
0.22888622754491017,1.0
0.22889719267988887,1.0
0.22890815886552004,1.0
0.22891912610195478,1.0
0.22893009438934406,1.0
0.228941063727839,1.0
0.22895203411759069,1.0
0.22896300555875024,1.0
0.22897397805146882,1.0
0.22898495159589763,1.0
0.22899592619218787,1.0
0.2290069018404908,1.0
0.22901787854095768,1.0
0.2290288562937398,1.0
0.22903983509898854,1.0
0.22905081495685523,1.0
0.22906179586749126,1.0
0.22907277783104804,1.0
0.22908376084767704,1.0
0.22909474491752974,1.0
0.2291057300407576,1.0
0.22911671621751223,1.0
0.22912770344794514,1.0
0.22913869173220794,1.0
0.22914968107045225,1.0
0.22916067146282973,1.0
0.22917166290949206,1.0
0.22918265541059094,1.0
0.2291936489662781,1.0
0.22920464357670536,1.0
0.22921563924202445,1.0
0.22922663596238727,1.0
0.2292376337379456,1.0
0.22924863256885136,1.0
0.22925963245525646,1.0
0.22927063339731285,1.0
0.22928163539517252,1.0
0.22929263844898742,1.0
0.22930364255890964,1.0
0.2293146477250912,1.0
0.22932565394768417,1.0
0.22933666122684074,1.0
0.229347669562713,1.0
0.22935867895545314,1.0
0.22936968940521338,1.0
0.22938070091214594,1.0
0.22939171347640308,1.0
0.2294027270981371,1.0
0.22941374177750035,1.0
0.22942475751464517,1.0
0.2294357743097239,1.0
0.22944679216288896,1.0
0.22945781107429286,1.0
0.229468831044088,1.0
0.22947985207242688,1.0
0.22949087415946207,1.0
0.22950189730534606,1.0
0.22951292151023153,1.0
0.22952394677427101,1.0
0.22953497309761722,1.0
0.22954600048042278,1.0
0.22955702892284038,1.0
0.22956805842502281,1.0
0.22957908898712281,1.0
0.22959012060929315,1.0
0.22960115329168668,1.0
0.22961218703445624,1.0
0.22962322183775472,1.0
0.22964529462655003,1.0
0.2296563326123528,1.0
0.2296673716592963,1.0
0.22967841176753354,1.0
0.22968945293721757,1.0
0.22970049516850152,1.0
0.22971153846153847,1.0
0.22972258281648156,1.0
0.22973362823348398,1.0
0.22974467471269894,1.0
0.22975572225427968,1.0
0.2297667708583794,1.0
0.2297778205251515,1.0
0.2297888712547492,1.0
0.22979992304732588,1.0
0.22981097590303498,1.0
0.22982202982202982,1.0
0.2298330848044639,1.0
0.22984414085049068,1.0
0.22985519796026363,1.0
0.2298662561339363,1.0
0.22987731537166226,1.0
0.22988837567359507,1.0
0.22989943703988838,1.0
0.2299104994706958,1.0
0.22992156296617103,1.0
0.22993262752646776,1.0
0.22994369315173974,1.0
0.22995475984214073,1.0
0.22996582759782452,1.0
0.22997689641894495,1.0
0.22998796630565585,1.0
0.2299990372581111,1.0
0.23001010927646465,1.0
0.2300211823608704,1.0
0.23003225651148235,1.0
0.2300433317284545,1.0
0.23005440801194088,1.0
0.23006548536209553,1.0
0.23007656377907257,1.0
0.2300876432630261,1.0
0.23009872381411028,1.0
0.2301098054324793,1.0
0.23012088811828735,1.0
0.23013197187168866,1.0
0.23014305669283752,1.0
0.23015414258188824,1.0
0.23016522953899513,1.0
0.23017631756431256,1.0
0.2301874066579949,1.0
0.23019849682019658,1.0
0.23020958805107203,1.0
0.23022068035077575,1.0
0.23023177371946224,1.0
0.23024286815728603,1.0
0.2302539636644017,1.0
0.23026506024096385,1.0
0.2302761578871271,1.0
0.23028725660304608,1.0
0.2302983563888755,1.0
0.2303094572447701,1.0
0.23032055917088454,1.0
0.2303316621673737,1.0
0.23034276623439232,1.0
0.23035387137209526,1.0
0.2303649775806374,1.0
0.23037608486017358,1.0
0.23038719321085877,1.0
0.2303983026328479,1.0
0.23040941312629598,1.0
0.23042052469135801,1.0
0.23043163732818905,1.0
0.23044275103694414,1.0
0.2304538658177784,1.0
0.230464981670847,1.0
0.23047609859630505,1.0
0.23048721659430776,1.0
0.23049833566501038,1.0
0.23050945580856813,1.0
0.2305205770251363,1.0
0.23053169931487022,1.0
0.23054282267792522,1.0
0.23055394711445668,1.0
0.23056507262461998,1.0
0.23057619920857061,1.0
0.23058732686646397,1.0
0.2305984555984556,1.0
0.230609585404701,1.0
0.23062071628535574,1.0
0.23063184824057537,1.0
0.23064298127051555,1.0
0.2306541153753319,1.0
0.23066525055518008,1.0
0.2306763868102158,1.0
0.23068752414059482,1.0
0.2306986625464729,1.0
0.23070980202800578,1.0
0.23072094258534936,1.0
0.23073208421865946,1.0
0.23074322692809196,1.0
0.23075437071380275,1.0
0.23076551557594785,1.0
0.23077666151468315,1.0
0.2307878085301647,1.0
0.23079895662254854,1.0
0.23081010579199074,1.0
0.23082125603864734,1.0
0.23083240736267452,1.0
0.23084355976422843,1.0
0.23085471324346524,1.0
0.23086586780054116,1.0
0.23087702343561248,1.0
0.23088818014883541,1.0
0.2308993379403663,1.0
0.2309104968103615,1.0
0.23093281778637023,1.0
0.2309439798926966,1.0
0.2309551430781129,1.0
0.23096630734277565,1.0
0.23097747268684135,1.0
0.23098863911046652,1.0
0.23099980661380778,1.0
0.2310109751970217,1.0
0.23102214486026496,1.0
0.23103331560369422,1.0
0.23104448742746614,1.0
0.23105566033173752,1.0
0.23106683431666505,1.0
0.23107800938240558,1.0
0.2310891855291159,1.0
0.23110036275695284,1.0
0.23111154106607332,1.0
0.23112272045663426,1.0
0.23113390092879257,1.0
0.23114508248270524,1.0
0.23115626511852927,1.0
0.2311674488364217,1.0
0.23117863363653957,1.0
0.23118981951904002,1.0
0.23120100648408012,1.0
0.23121219453181707,1.0
0.23122338366240805,1.0
0.23124576517278095,1.0
0.2312569575528774,1.0
0.23126815101645692,1.0
0.23127934556367685,1.0
0.23129054119469455,1.0
0.23130173790966743,1.0
0.23131293570875291,1.0
0.23132413459210846,1.0
0.23133533455989155,1.0
0.2313465356122597,1.0
0.23135773774937052,1.0
0.23136894097138153,1.0
0.23138014527845036,1.0
0.23139135067073466,1.0
0.23140255714839209,1.0
0.23141376471158037,1.0
0.23142497336045723,1.0
0.23143618309518044,1.0
0.23144739391590777,1.0
0.23145860582279706,1.0
0.2314698188160062,1.0
0.23148103289569305,1.0
0.23149224806201552,1.0
0.23150346431513155,1.0
0.23151468165519914,1.0
0.2315259000823763,1.0
0.23153711959682108,1.0
0.23154834019869155,1.0
0.23155956188814578,1.0
0.23157078466534192,1.0
0.23158200853043814,1.0
0.23159323348359265,1.0
0.23160445952496364,1.0
0.23161568665470939,1.0
0.23162691487298817,1.0
0.23163814417995832,1.0
0.23164937457577814,1.0
0.23166060606060607,1.0
0.23167183863460047,1.0
0.2316830722979198,1.0
0.23169430705072253,1.0
0.23170554289316717,1.0
0.23171677982541222,1.0
0.23172801784761626,1.0
0.2317392569599379,1.0
0.23175049716253576,1.0
0.2317617384555685,1.0
0.23177298083919476,1.0
0.2317842243135733,1.0
0.23179546887886285,1.0
0.2318067145352222,1.0
0.23181796128281015,1.0
0.23182920912178553,1.0
0.23184045805230724,1.0
0.23185170807453417,1.0
0.23186295918862523,1.0
0.2318742113947394,1.0
0.23188546469303567,1.0
0.23189671908367307,1.0
0.23190797456681067,1.0
0.2319192311426075,1.0
0.23193048881122275,1.0
0.23194174757281552,1.0
0.23195300742754502,1.0
0.23196426837557044,1.0
0.23197553041705102,1.0
0.23198679355214605,1.0
0.23199805778101482,1.0
0.23200932310381664,1.0
0.23202058952071092,1.0
0.23203185703185703,1.0
0.23204312563741442,1.0
0.2320543953375425,1.0
0.2320656661324008,1.0
0.23207693802214882,1.0
0.23208821100694613,1.0
0.2320994850869523,1.0
0.23211076026232694,1.0
0.2321220365332297,1.0
0.23213331389982025,1.0
0.2321445923622583,1.0
0.23215587192070355,1.0
0.23216715257531584,1.0
0.23217843432625493,1.0
0.23218971717368064,1.0
0.23220100111775283,1.0
0.2322122861586314,1.0
0.2322235722964763,1.0
0.23223485953144746,1.0
0.23224614786370484,1.0
0.2322574372934085,1.0
0.23226872782071847,1.0
0.23228001944579485,1.0
0.2322913121687977,1.0
0.2323026059898872,1.0
0.23231390090922352,1.0
0.23232519692696685,1.0
0.23233649404327741,1.0
0.2323477922583155,1.0
0.2323590915722414,1.0
0.23237039198521545,1.0
0.23238169349739798,1.0
0.23239299610894942,1.0
0.23240429982003016,1.0
0.23241560463080066,1.0
0.23242691054142142,1.0
0.23243821755205293,1.0
0.23244952566285576,1.0
0.23246083487399047,1.0
0.23247214518561768,1.0
0.232483456597898,1.0
0.23249476911099218,1.0
0.23250608272506082,1.0
0.23251739744026473,1.0
0.23252871325676464,1.0
0.23254003017472136,1.0
0.23255134819429574,1.0
0.23256266731564856,1.0
0.23257398753894082,1.0
0.23258530886433335,1.0
0.23259663129198715,1.0
0.2326079548220632,1.0
0.2326192794547225,1.0
0.2326306051901261,1.0
0.23264193202843508,1.0
0.2326532599698106,1.0
0.23266458901441373,1.0
0.23267591916240565,1.0
0.2326872504139476,1.0
0.2326985827692008,1.0
0.2327099162283265,1.0
0.23272125079148603,1.0
0.23273258645884073,1.0
0.2327439232305519,1.0
0.232755261106781,1.0
0.23276660008768937,1.0
0.23277794017343856,1.0
0.23278928136419003,1.0
0.23280062366010523,1.0
0.2328119670613458,1.0
0.2328233115680733,1.0
0.2328346571804493,1.0
0.23284600389863547,1.0
0.2328573517227935,1.0
0.2328687006530851,1.0
0.232880050689672,1.0
0.23289140183271592,1.0
0.23290275408237876,1.0
0.23291410743882227,1.0
0.23292546190220836,1.0
0.2329368174726989,1.0
0.23294817415045585,1.0
0.23295953193564115,1.0
0.2329708908284168,1.0
0.23299361193738724,1.0
0.23300497415390617,1.0
0.23301633747866374,1.0
0.2330277019118221,1.0
0.23303906745354339,1.0
0.23305043410398985,1.0
0.23306180186332373,1.0
0.23307317073170733,1.0
0.2330845407093029,1.0
0.23309591179627281,1.0
0.23310728399277944,1.0
0.23311865729898518,1.0
0.23313003171505245,1.0
0.23314140724114374,1.0
0.23315278387742155,1.0
0.2331641616240484,1.0
0.23317554048118685,1.0
0.23318692044899952,1.0
0.23319830152764898,1.0
0.23320968371729794,1.0
0.23322106701810905,1.0
0.23323245143024504,1.0
0.2332438369538687,1.0
0.23325522358914275,1.0
0.23326661133623006,1.0
0.23327800019529343,1.0
0.23328939016649577,1.0
0.23330078125,1.0
0.23331217344596905,1.0
0.23332356675456586,1.0
0.2333349611759535,1.0
0.23334635671029497,1.0
0.23335775335775336,1.0
0.23336915111849174,1.0
0.23338054999267327,1.0
0.23339194998046112,1.0
0.23340335108201846,1.0
0.23341475329750855,1.0
0.23342615662709462,1.0
0.23343756107094,1.0
0.233448966629208,1.0
0.2334717810896653,1.0
0.2334831899921814,1.0
0.2335060111426058,1.0
0.2335174233908411,1.0
0.23354025123417566,1.0
0.2335516668296021,1.0
0.23356308354108618,1.0
0.23357450136879154,1.0
0.23358592031288195,1.0
0.23359734037352106,1.0
0.23360876155087273,1.0
0.23362018384510072,1.0
0.2336316072563689,1.0
0.23364303178484108,1.0
0.2336544574306812,1.0
0.2336658841940532,1.0
0.23367731207512105,1.0
0.23368874107404872,1.0
0.23370017119100026,1.0
0.2337116024261397,1.0
0.23372303477963116,1.0
0.2337344682516388,1.0
0.23374590284232669,1.0
0.2337573385518591,1.0
0.23376877538040022,1.0
0.2337802133281143,1.0
0.23379165239516564,1.0
0.23380309258171852,1.0
0.23381453388793735,1.0
0.2338259763139865,1.0
0.23383741986003034,1.0
0.23384886452623335,1.0
0.23386031031276003,1.0
0.23387175721977485,1.0
0.23388320524744236,1.0
0.23389465439592716,1.0
0.23390610466539385,1.0
0.23391755605600706,1.0
0.23392900856793145,1.0
0.23394046220133177,1.0
0.2339519169563727,1.0
0.23396337283321908,1.0
0.23397482983203566,1.0
0.23398628795298726,1.0
0.2339977471962388,1.0
0.23400920756195515,1.0
0.23402066905030122,1.0
0.23403213166144202,1.0
0.23404359539554248,1.0
0.2340550602527677,1.0
0.23406652623328272,1.0
0.2340779933372526,1.0
0.23410093091621753,1.0
0.23411240139154293,1.0
0.23412387299098392,1.0
0.23413534571470573,1.0
0.23414681956287367,1.0
0.23415829453565304,1.0
0.23416977063320918,1.0
0.2341812478557075,1.0
0.2341927262033134,1.0
0.23420420567619235,1.0
0.2342156862745098,1.0
0.2342271679984313,1.0
0.23423865084812237,1.0
0.2342501348237486,1.0
0.2342616199254756,1.0
0.234273106153469,1.0
0.2342845935078945,1.0
0.23429608198891777,1.0
0.2343075715967046,1.0
0.23431906233142072,1.0
0.23433055419323198,1.0
0.2343420471823042,1.0
0.23435354129880323,1.0
0.23436503654289498,1.0
0.23437653291474542,1.0
0.23438803041452047,1.0
0.23441102879850856,1.0
0.2344225296830537,1.0
0.23443403169618762,1.0
0.23444553483807654,1.0
0.2344570391088866,1.0
0.234468544508784,1.0
0.23448005103793493,1.0
0.2344915586965057,1.0
0.23450306748466257,1.0
0.2345145774025719,1.0
0.23452608845040004,1.0
0.23453760062831336,1.0
0.23454911393647832,1.0
0.23456062837506136,1.0
0.23457214394422898,1.0
0.23458366064414768,1.0
0.23459517847498404,1.0
0.23460669743690465,1.0
0.2346182175300761,1.0
0.23462973875466508,1.0
0.23464126111083827,1.0
0.2346527845987624,1.0
0.2346643092186042,1.0
0.23467583497053046,1.0
0.23468736185470798,1.0
0.23469888987130366,1.0
0.23471041902048437,1.0
0.23472194930241697,1.0
0.2347334807172685,1.0
0.23474501326520586,1.0
0.2347565469463961,1.0
0.2347680817610063,1.0
0.23477961770920347,1.0
0.23479115479115478,1.0
0.23480269300702739,1.0
0.2348142323569884,1.0
0.2348257728412051,1.0
0.23483731445984468,1.0
0.23484885721307447,1.0
0.23486040110106174,1.0
0.23487194612397386,1.0
0.23488349228197816,1.0
0.23489503957524213,1.0
0.23490658800393313,1.0
0.2349181375682187,1.0
0.2349296882682663,1.0
0.2349412401042435,1.0
0.23495279307631786,1.0
0.234964347184657,1.0
0.23497590242942853,1.0
0.2349874588108002,1.0
0.2349990163289396,1.0
0.23501057498401456,1.0
0.23502213477619283,1.0
0.2350336957056422,1.0
0.2350452577725305,1.0
0.23505682097702563,1.0
0.23506838531929547,1.0
0.235079950799508,1.0
0.23509151741783113,1.0
0.2351030851744329,1.0
0.23511465406948134,1.0
0.23512622410314454,1.0
0.23513779527559056,1.0
0.23514936758698754,1.0
0.23516094103750368,1.0
0.23518409135656626,1.0
0.23519566822544918,1.0
0.23520724623412426,1.0
0.23521882538275982,1.0
0.23523040567152423,1.0
0.2352419871005859,1.0
0.23525356967011324,1.0
0.23526515338027476,1.0
0.23527673823123893,1.0
0.23528832422317428,1.0
0.2352999113562494,1.0
0.23531149963063286,1.0
0.2353230890464933,1.0
0.2353346796039994,1.0
0.23534627130331986,1.0
0.23535786414462342,1.0
0.23536945812807883,1.0
0.23538105325385486,1.0
0.2353926495221204,1.0
0.2354042469330443,1.0
0.23541584548679542,1.0
0.23542744518354275,1.0
0.2354390460234552,1.0
0.23545064800670182,1.0
0.2354622511334516,1.0
0.23547385540387364,1.0
0.235485460818137,1.0
0.23549706737641085,1.0
0.23550867507886436,1.0
0.23552028392566668,1.0
0.2355318939169871,1.0
0.23554350505299482,1.0
0.2355551173338592,1.0
0.23556673075974954,1.0
0.23557834533083521,1.0
0.23560157790927022,1.0
0.23561319591695842,1.0
0.23562481507051977,1.0
0.2356364353701238,1.0
0.23564805681594003,1.0
0.2356596794081381,1.0
0.23567130314688764,1.0
0.2356829280323583,1.0
0.2356945540647198,1.0
0.2357061812441419,1.0
0.23571780957079427,1.0
0.2357294390448468,1.0
0.23574106966646932,1.0
0.23575270143583166,1.0
0.23576433435310373,1.0
0.23577596841845547,1.0
0.23578760363205684,1.0
0.23579923999407787,1.0
0.23581087750468857,1.0
0.23582251616405903,1.0
0.23583415597235932,1.0
0.23584579692975963,1.0
0.23585743903643006,1.0
0.23586908229254086,1.0
0.23588072669826224,1.0
0.2358923722537645,1.0
0.23590401895921792,1.0
0.23591566681479287,1.0
0.23592731582065968,1.0
0.2359389659769888,1.0
0.23595061728395061,1.0
0.23596226974171564,1.0
0.23597392335045436,1.0
0.23598557811033732,1.0
0.2359972340215351,1.0
0.23600889108421833,1.0
0.2360205492985576,1.0
0.2360322086647236,1.0
0.23604386918288706,1.0
0.2360555308532187,1.0
0.23606719367588933,1.0
0.23607885765106973,1.0
0.23609052277893072,1.0
0.23610218905964322,1.0
0.23611385649337813,1.0
0.2361255250803064,1.0
0.236137194820599,1.0
0.23614886571442692,1.0
0.23616053776196125,1.0
0.23617221096337304,1.0
0.23618388531883341,1.0
0.2361955608285135,1.0
0.23620723749258454,1.0
0.2362189153112177,1.0
0.2362305942845842,1.0
0.2362422744128554,1.0
0.23625395569620253,1.0
0.236265638134797,1.0
0.23627732172881022,1.0
0.23628900647841353,1.0
0.23630069238377843,1.0
0.2363123794450764,1.0
0.236324067662479,1.0
0.2363357570361577,1.0
0.23634744756628412,1.0
0.23635913925302993,1.0
0.23637083209656673,1.0
0.23638252609706625,1.0
0.23639422125470017,1.0
0.2364059175696403,1.0
0.23641761504205838,1.0
0.23642931367212627,1.0
0.23644101346001584,1.0
0.23645271440589893,1.0
0.23646441650994754,1.0
0.23647611977233357,1.0
0.23648782419322906,1.0
0.23649952977280603,1.0
0.2365112365112365,1.0
0.23652294440869265,1.0
0.23653465346534652,1.0
0.23654636368137036,1.0
0.23655807505693632,1.0
0.23656978759221667,1.0
0.23658150128738364,1.0
0.23659321614260956,1.0
0.23660493215806674,1.0
0.2366166493339276,1.0
0.2366283676703645,1.0
0.2366400871675499,1.0
0.23665180782565626,1.0
0.2366635296448561,1.0
0.23667525262532196,1.0
0.23668697676722644,1.0
0.2366987020707421,1.0
0.23671042853604163,1.0
0.23672215616329767,1.0
0.23673388495268294,1.0
0.23674561490437024,1.0
0.2367573460185323,1.0
0.2367690782953419,1.0
0.236780811734972,1.0
0.2367925463375954,1.0
0.23680428210338506,1.0
0.23681601903251387,1.0
0.2368277571251549,1.0
0.2368394963814811,1.0
0.2368512368016656,1.0
0.2368629783858814,1.0
0.23687472113430172,1.0
0.23688646504709965,1.0
0.23689821012444842,1.0
0.23690995636652123,1.0
0.23692170377349134,1.0
0.2369334523455321,1.0
0.23694520208281677,1.0
0.23695695298551875,1.0
0.23696870505381143,1.0
0.23698045828786826,1.0
0.23699221268786272,1.0
0.23700396825396824,1.0
0.23701572498635845,1.0
0.23702748288520686,1.0
0.2370392419506871,1.0
0.23705100218297281,1.0
0.23706276358223766,1.0
0.23707452614865535,1.0
0.23708628988239963,1.0
0.2370980547836443,1.0
0.23710982085256316,1.0
0.23712158808933004,1.0
0.23713335649411882,1.0
0.23714512606710345,1.0
0.23715689680845783,1.0
0.237168668718356,1.0
0.23718044179697195,1.0
0.23719221604447974,1.0
0.23720399146105348,1.0
0.23721576804686725,1.0
0.23722754580209524,1.0
0.23723932472691162,1.0
0.23725110482149064,1.0
0.23726288608600654,1.0
0.23727466852063367,1.0
0.23728645212554628,1.0
0.2372982369009188,1.0
0.2373100228469256,1.0
0.2373218099637411,1.0
0.23733359825153982,1.0
0.23734538771049624,1.0
0.2373571783407849,1.0
0.23736897014258035,1.0
0.23738076311605724,1.0
0.23739255726139016,1.0
0.23740435257875386,1.0
0.23741614906832298,1.0
0.23742794673027232,1.0
0.23743974556477662,1.0
0.23745154557201073,1.0
0.2374633467521495,1.0
0.2374751491053678,1.0
0.23748695263184055,1.0
0.23749875733174272,1.0
0.2375105632052493,1.0
0.2375223702525353,1.0
0.23753417847377578,1.0
0.23754598786914588,1.0
0.23755779843882066,1.0
0.23756961018297534,1.0
0.2375814231017851,1.0
0.23759323719542516,1.0
0.23760505246407082,1.0
0.23761686890789735,1.0
0.23762868652708014,1.0
0.23764050532179448,1.0
0.23765232529221586,1.0
0.23766414643851969,1.0
0.23768779225947667,1.0
0.23769961693448088,1.0
0.23771144278606965,1.0
0.23772326981441863,1.0
0.23773509801970347,1.0
0.23774692740209982,1.0
0.23775875796178345,1.0
0.23777058969893008,1.0
0.23778242261371554,1.0
0.23779425670631563,1.0
0.23780609197690622,1.0
0.23781792842566324,1.0
0.23782976605276257,1.0
0.2378416048583802,1.0
0.23785344484269216,1.0
0.23786528600587445,1.0
0.23787712834810315,1.0
0.2378889718695544,1.0
0.2379008165704043,1.0
0.23791266245082907,1.0
0.23792450951100488,1.0
0.23793635775110802,1.0
0.23794820717131474,1.0
0.23796005777180138,1.0
0.2379719095527443,1.0
0.23798376251431988,1.0
0.23799561665670452,1.0
0.23800747198007471,1.0
0.23801932848460697,1.0
0.23803118617047775,1.0
0.2380430450378637,1.0
0.23805490508694135,1.0
0.2380667663178874,1.0
0.23807862873087846,1.0
0.23809049232609128,1.0
0.2381023571037026,1.0
0.23811422306388916,1.0
0.23812609020682782,1.0
0.23813795853269537,1.0
0.23814982804166873,1.0
0.23816169873392484,1.0
0.2381735706096406,1.0
0.23818544366899302,1.0
0.23819731791215912,1.0
0.23820919333931598,1.0
0.23823294774631032,1.0
0.23824482672650213,1.0
0.23825670689139325,1.0
0.23826858824116093,1.0
0.23828047077598244,1.0
0.2382923544960351,1.0
0.23830423940149625,1.0
0.23831612549254327,1.0
0.23832801276935356,1.0
0.23833990123210455,1.0
0.23835179088097377,1.0
0.2383636817161387,1.0
0.2383755737377769,1.0
0.23838746694606597,1.0
0.2383993613411835,1.0
0.23841125692330722,1.0
0.23842315369261477,1.0
0.23843505164928389,1.0
0.23844695079349237,1.0
0.23845885112541798,1.0
0.23847075264523857,1.0
0.238482655353132,1.0
0.23849455924927623,1.0
0.23850646433384914,1.0
0.23851837060702874,1.0
0.23853027806899307,1.0
0.2385421867199201,1.0
0.23855409655998802,1.0
0.23856600758937488,1.0
0.23857791980825885,1.0
0.23858983321681815,1.0
0.23860174781523097,1.0
0.23861366360367559,1.0
0.23862558058233033,1.0
0.2386374987513735,1.0
0.23864941811098347,1.0
0.23866133866133865,1.0
0.23867326040261752,1.0
0.2386851833349985,1.0
0.23869710745866013,1.0
0.23870903277378097,1.0
0.2387209592805396,1.0
0.23873288697911463,1.0
0.2387448158696847,1.0
0.23875674595242855,1.0
0.23876867722752487,1.0
0.2387806096951524,1.0
0.23879254335549002,1.0
0.2388044782087165,1.0
0.23881641425501074,1.0
0.23882835149455164,1.0
0.23884028992751813,1.0
0.2388522295540892,1.0
0.23886417037444382,1.0
0.23887611238876114,1.0
0.23888805559722015,1.0
0.2389,1.0
0.23891194559727985,1.0
0.23892389238923892,1.0
0.23893584037605642,1.0
0.23895973993498373,1.0
0.23897169150745223,1.0
0.23898364427549643,1.0
0.23899559823929573,1.0
0.23900755339902957,1.0
0.23901950975487743,1.0
0.23903146730701885,1.0
0.2390434260556334,1.0
0.2390553860009006,1.0
0.2390673471430001,1.0
0.2390793094821116,1.0
0.23909127301841474,1.0
0.23910323775208928,1.0
0.239115203683315,1.0
0.23912717081227167,1.0
0.23913913913913915,1.0
0.2391511086640973,1.0
0.23916307938732606,1.0
0.23917505130900535,1.0
0.23918702442931516,1.0
0.23919899874843553,1.0
0.2392109742665465,1.0
0.23922295098382818,1.0
0.23923492890046064,1.0
0.2392469080166241,1.0
0.23925888833249875,1.0
0.23927086984826482,1.0
0.23928285256410256,1.0
0.2392948364801923,1.0
0.2393068215967144,1.0
0.23931880791384924,1.0
0.2393307954317772,1.0
0.23934278415067875,1.0
0.23935477407073438,1.0
0.23936676519212463,1.0
0.23937875751503007,1.0
0.23939075103963126,1.0
0.23940274576610882,1.0
0.2394147416946435,1.0
0.2394267388254159,1.0
0.23943873715860686,1.0
0.23945073669439712,1.0
0.23946273743296748,1.0
0.23947473937449879,1.0
0.23948674251917196,1.0
0.23949874686716793,1.0
0.2395107524186676,1.0
0.23952275917385202,1.0
0.2395347671329022,1.0
0.2395467762959992,1.0
0.23955878666332414,1.0
0.23957079823505817,1.0
0.23958281101138243,1.0
0.2395948249924782,1.0
0.23960684017852665,1.0
0.23961885656970913,1.0
0.23963087416620693,1.0
0.23964289296820143,1.0
0.239654912975874,1.0
0.2396669341894061,1.0
0.23967895660897917,1.0
0.23969098023477475,1.0
0.23970300506697437,1.0
0.2397150311057596,1.0
0.23972705835131203,1.0
0.23973908680381334,1.0
0.23975111646344524,1.0
0.2397631473303894,1.0
0.23977517940482762,1.0
0.2397872126869417,1.0
0.23979924717691342,1.0
0.2398112828749247,1.0
0.23982331978115745,1.0
0.2398353578957936,1.0
0.2398473972190151,1.0
0.23985943775100402,1.0
0.23987147949194237,1.0
0.23988352244201225,1.0
0.23990761197027516,1.0
0.23991965854883254,1.0
0.23993170633725017,1.0
0.23994375533571033,1.0
0.23995580554439533,1.0
0.23996785696348752,1.0
0.23997990959316925,1.0
0.23999196343362297,1.0
0.24000401848503114,1.0
0.24001607474757622,1.0
0.24002813222144076,1.0
0.24004019090680734,1.0
0.24005225080385853,1.0
0.24006431191277697,1.0
0.24007637423374537,1.0
0.24008843776694638,1.0
0.24010050251256282,1.0
0.24011256847077742,1.0
0.24012463564177305,1.0
0.24013670402573253,1.0
0.24014877362283876,1.0
0.24016084443327468,1.0
0.24017291645722327,1.0
0.24018498969486754,1.0
0.2401970641463905,1.0
0.24020913981197525,1.0
0.24022121669180493,1.0
0.24023329478606265,1.0
0.24024537409493163,1.0
0.24025745461859507,1.0
0.24026953635723625,1.0
0.24028161931103847,1.0
0.24029370348018508,1.0
0.24030578886485943,1.0
0.24031787546524494,1.0
0.24032996328152506,1.0
0.2403420523138833,1.0
0.24035414256250315,1.0
0.24036623402756815,1.0
0.24037832670926196,1.0
0.24039042060776816,1.0
0.24040251572327043,1.0
0.2404146120559525,1.0
0.2404267096059981,1.0
0.240438808373591,1.0
0.240450908358915,1.0
0.240463009562154,1.0
0.24047511198349186,1.0
0.24048721562311254,1.0
0.24049932048119999,1.0
0.2405114265579382,1.0
0.2405235338535112,1.0
0.2405356423681031,1.0
0.240547752101898,1.0
0.24055986305508006,1.0
0.24057197522783344,1.0
0.2405840886203424,1.0
0.24059620323279118,1.0
0.2406083190653641,1.0
0.24062043611824546,1.0
0.24063255439161965,1.0
0.24064467388567112,1.0
0.24065679460058426,1.0
0.2406689165365436,1.0
0.24068103969373364,1.0
0.24069316407233893,1.0
0.2407052896725441,1.0
0.24071741649453374,1.0
0.24072954453849255,1.0
0.24074167380460523,1.0
0.24075380429305654,1.0
0.24076593600403123,1.0
0.24077806893771417,1.0
0.24079020309429017,1.0
0.24080233847394417,1.0
0.24081447507686105,1.0
0.2408266129032258,1.0
0.24083875195322346,1.0
0.240850892227039,1.0
0.2408630337248576,1.0
0.2408751764468643,1.0
0.24088732039324426,1.0
0.2408994655641827,1.0
0.24091161195986488,1.0
0.240923759580476,1.0
0.2409359084262014,1.0
0.24094805849722642,1.0
0.24096020979373645,1.0
0.24097236231591687,1.0
0.24098451606395319,1.0
0.24099667103803088,1.0
0.24100882723833544,1.0
0.24102098466505245,1.0
0.24103314331836756,1.0
0.24104530319846634,1.0
0.24105746430553454,1.0
0.2410696266397578,1.0
0.24108179020132198,1.0
0.24109395499041275,1.0
0.24110612100721604,1.0
0.24111828825191764,1.0
0.2411304567247035,1.0
0.24114262642575957,1.0
0.2411547973552718,1.0
0.2411669695134262,1.0
0.24117914290040887,1.0
0.24119131751640585,1.0
0.24120349336160332,1.0
0.2412156704361874,1.0
0.24122784874034434,1.0
0.2412522090381217,1.0
0.24126439103211472,1.0
0.2412765742564258,1.0
0.24128875871124128,1.0
0.24130094439674765,1.0
0.2413131313131313,1.0
0.2413253194605788,1.0
0.24133750883927668,1.0
0.24134969944941154,1.0
0.24136189129116994,1.0
0.24137408436473856,1.0
0.24138627867030413,1.0
0.24139847420805335,1.0
0.241410670978173,1.0
0.2414228689808499,1.0
0.24143506821627084,1.0
0.24144726868462277,1.0
0.24145947038609258,1.0
0.24147167332086725,1.0
0.24148387748913372,1.0
0.2414960828910791,1.0
0.2415082895268904,1.0
0.2415204973967548,1.0
0.24153270650085937,1.0
0.24154491683939133,1.0
0.24155712841253793,1.0
0.24156934122048637,1.0
0.241581555263424,1.0
0.24159377054153816,1.0
0.24160598705501618,1.0
0.2416182048040455,1.0
0.24163042378881358,1.0
0.2416426440095079,1.0
0.241654865466316,1.0
0.24166708815942542,1.0
0.24167931208902377,1.0
0.2416915372552987,1.0
0.24170376365843788,1.0
0.24171599129862903,1.0
0.2417282201760599,1.0
0.24174045029091829,1.0
0.24175268164339203,1.0
0.24176491423366897,1.0
0.24177714806193706,1.0
0.2417893831283842,1.0
0.2418016194331984,1.0
0.24181385697656765,1.0
0.24182609575868003,1.0
0.24183833577972363,1.0
0.2418505770398866,1.0
0.24186281953935712,1.0
0.24187506327832337,1.0
0.24188730825697363,1.0
0.24189955447549616,1.0
0.2419118019340793,1.0
0.2419240506329114,1.0
0.24193630057218088,1.0
0.24194855175207616,1.0
0.24196080417278573,1.0
0.24197305783449813,1.0
0.24198531273740187,1.0
0.24200982626753786,1.0
0.2420220848951474,1.0
0.2420343447647029,1.0
0.24204660587639312,1.0
0.24205886823040682,1.0
0.24207113182693282,1.0
0.24208339666616,1.0
0.24209566274827726,1.0
0.24210793007347353,1.0
0.24212019864193776,1.0
0.24213246845385902,1.0
0.2421447395094263,1.0
0.24215701180882876,1.0
0.24216928535225546,1.0
0.24218156013989559,1.0
0.24219383617193835,1.0
0.242206113448573,1.0
0.24221839196998884,1.0
0.24223067173637516,1.0
0.24224295274792132,1.0
0.24225523500481672,1.0
0.24226751850725078,1.0
0.242279803255413,1.0
0.2422920892494929,1.0
0.24230437648968,1.0
0.24231666497616391,1.0
0.24232895470913424,1.0
0.24234124568878068,1.0
0.24235353791529293,1.0
0.2423658313888607,1.0
0.24237812610967382,1.0
0.24239042207792208,1.0
0.24240271929379534,1.0
0.2424273174691765,1.0
0.24243961842906434,1.0
0.24245192063733698,1.0
0.2424642240941845,1.0
0.242476528799797,1.0
0.24248883475436459,1.0
0.24250114195807745,1.0
0.24251345041112576,1.0
0.2425257601136998,1.0
0.24253807106598985,1.0
0.2425503832681862,1.0
0.24256269672047923,1.0
0.24257501142305934,1.0
0.242587327376117,1.0
0.2425996445798426,1.0
0.24261196303442673,1.0
0.24262428274005993,1.0
0.24263660369693277,1.0
0.2426489259052359,1.0
0.24266124936515998,1.0
0.24267357407689572,1.0
0.2426859000406339,1.0
0.24269822725656526,1.0
0.24271055572488062,1.0
0.2427228854457709,1.0
0.24273521641942694,1.0
0.2427598821258002,1.0
0.24277221685889944,1.0
0.24278455284552847,1.0
0.24279689008587835,1.0
0.24280922858014026,1.0
0.24282156832850535,1.0
0.24283390933116486,1.0
0.24284625158831002,1.0
0.24285859510013216,1.0
0.24287093986682254,1.0
0.24288328588857258,1.0
0.2428956331655737,1.0
0.24290798169801728,1.0
0.24292033148609488,1.0
0.24293268252999797,1.0
0.24294503482991814,1.0
0.242957388386047,1.0
0.24296974319857614,1.0
0.24298209926769732,1.0
0.2429944565936022,1.0
0.24300681517648257,1.0
0.2430191750165302,1.0
0.24303153611393694,1.0
0.24304389846889465,1.0
0.24305626208159528,1.0
0.24306862695223075,1.0
0.24308099308099307,1.0
0.24310572911366643,1.0
0.24311809901796164,1.0
0.24313047018115205,1.0
0.24314284260342986,1.0
0.2431552162849873,1.0
0.24316759122601658,1.0
0.2431799674267101,1.0
0.24319234488726013,1.0
0.2432047236078591,1.0
0.2432171035886994,1.0
0.24322948482997353,1.0
0.24324186733187395,1.0
0.24325425109459323,1.0
0.24326663611832391,1.0
0.24329140994959012,1.0
0.24330379875751096,1.0
0.24331618882721393,1.0
0.24332858015889183,1.0
0.24334097275273747,1.0
0.24335336660894366,1.0
0.24336576172770336,1.0
0.24337815810920946,1.0
0.24339055575365492,1.0
0.2434029546612328,1.0
0.24341535483213614,1.0
0.24342775626655797,1.0
0.24344015896469148,1.0
0.24345256292672984,1.0
0.24346496815286625,1.0
0.24347737464329391,1.0
0.24348978239820618,1.0
0.24350219141779636,1.0
0.24351460170225778,1.0
0.24352701325178389,1.0
0.24353942606656812,1.0
0.24355184014680395,1.0
0.24356425549268493,1.0
0.24357667210440456,1.0
0.2435890899821565,1.0
0.2436015091261344,1.0
0.24361392953653188,1.0
0.24362635121354273,1.0
0.24363877415736065,1.0
0.2436511983681795,1.0
0.24366362384619308,1.0
0.24367605059159528,1.0
0.24368847860457998,1.0
0.2437009078853412,1.0
0.24371333843407295,1.0
0.2437257702509692,1.0
0.24373820333622404,1.0
0.24375063769003164,1.0
0.2437630733125861,1.0
0.24377551020408164,1.0
0.2437879483647125,1.0
0.24380038779467292,1.0
0.24381282849415728,1.0
0.24382527046335986,1.0
0.24383771370247512,1.0
0.24385015821169745,1.0
0.24386260399122137,1.0
0.24387505104124133,1.0
0.24388749936195192,1.0
0.24389994895354772,1.0
0.2439123998162234,1.0
0.24392485195017358,1.0
0.243937305355593,1.0
0.2439497600326764,1.0
0.24396221598161857,1.0
0.24397467320261437,1.0
0.24398713169585864,1.0
0.24399959146154632,1.0
0.24401205249987232,1.0
0.24402451481103166,1.0
0.24403697839521937,1.0
0.2440494432526305,1.0
0.24406190938346017,1.0
0.24407437678790356,1.0
0.2440868454661558,1.0
0.24409931541841218,1.0
0.24411178664486793,1.0
0.24412425914571836,1.0
0.24413673292115887,1.0
0.24414920797138479,1.0
0.24416168429659155,1.0
0.24417416189697466,1.0
0.24418664077272959,1.0
0.24419912092405194,1.0
0.24421160235113723,1.0
0.24422408505418114,1.0
0.24423656903337934,1.0
0.24424905428892751,1.0
0.24426154082102142,1.0
0.24427402862985684,1.0
0.24428651771562962,1.0
0.24429900807853563,1.0
0.24431149971877078,1.0
0.24432399263653098,1.0
0.24433648683201228,1.0
0.24434898230541066,1.0
0.2443614790569222,1.0
0.24437397708674305,1.0
0.2443864763950693,1.0
0.2443989769820972,1.0
0.24441147884802292,1.0
0.24442398199304277,1.0
0.24443648641735305,1.0
0.2444489921211501,1.0
0.24446149910463033,1.0
0.2444740073679902,1.0
0.2444865169114261,1.0
0.24449902773513457,1.0
0.2445115398393122,1.0
0.24452405322415557,1.0
0.2445365678898613,1.0
0.24454908383662607,1.0
0.24456160106464656,1.0
0.24457411957411956,1.0
0.2445866393652419,1.0
0.2445991604382103,1.0
0.24461168279322174,1.0
0.24462420643047306,1.0
0.24463673135016129,1.0
0.24464925755248335,1.0
0.24466178503763633,1.0
0.24467431380581728,1.0
0.24468684385722334,1.0
0.24469937519205162,1.0
0.24471190781049937,1.0
0.24472444171276378,1.0
0.24473697689904217,1.0
0.24474951336953182,1.0
0.2447620511244301,1.0
0.24477459016393444,1.0
0.24478713048824222,1.0
0.244799672097551,1.0
0.2448122149920582,1.0
0.24482475917196148,1.0
0.24483730463745837,1.0
0.24484985138874654,1.0
0.24487494874948748,1.0
0.24488749935933576,1.0
0.24490005125576628,1.0
0.2449126044389769,1.0
0.24492515890916547,1.0
0.24493771466652997,1.0
0.24495027171126832,1.0
0.24496283004357858,1.0
0.24497538966365873,1.0
0.24498795057170691,1.0
0.24500051276792123,1.0
0.24501307625249988,1.0
0.24502564102564103,1.0
0.24503820708754295,1.0
0.24505077443840395,1.0
0.2450633430784223,1.0
0.2450884842267248,1.0
0.24510105673540578,1.0
0.24511363053403787,1.0
0.24512620562281962,1.0
0.2451387820019496,1.0
0.24515135967162646,1.0
0.24516393863204886,1.0
0.24517651888341543,1.0
0.24518910042592498,1.0
0.24520168325977626,1.0
0.24521426738516808,1.0
0.24522685280229933,1.0
0.2452394395113689,1.0
0.24525202751257572,1.0
0.24526461680611877,1.0
0.24527720739219713,1.0
0.2452897992710098,1.0
0.24530239244275592,1.0
0.24531498690763465,1.0
0.24532758266584515,1.0
0.24534017971758665,1.0
0.24535277806305844,1.0
0.2453653777024598,1.0
0.24537797863599015,1.0
0.2453905808638488,1.0
0.24540318438623523,1.0
0.24541578920334892,1.0
0.24542839531538935,1.0
0.24544100272255612,1.0
0.2454536114250488,1.0
0.24546622142306704,1.0
0.24547883271681054,1.0
0.24549144530647896,1.0
0.2455040591922721,1.0
0.24551667437438982,1.0
0.24552929085303185,1.0
0.24554190862839817,1.0
0.24555452770068867,1.0
0.2455671480701033,1.0
0.24557976973684212,1.0
0.2455923927011051,1.0
0.24560501696309242,1.0
0.24561764252300416,1.0
0.24563026938104052,1.0
0.24564289753740168,1.0
0.24565552699228793,1.0
0.24566815774589953,1.0
0.24568078979843685,1.0
0.24569342315010026,1.0
0.2457186937516071,1.0
0.24573133100185146,1.0
0.24574396955202388,1.0
0.24575660940232485,1.0
0.2457692505529551,1.0
0.24578189300411524,1.0
0.24579453675600596,1.0
0.24580718180882807,1.0
0.24581982816278233,1.0
0.24583247581806955,1.0
0.24585777503344652,1.0
0.24587042659393815,1.0
0.2458957336215326,1.0
0.24590838908903756,1.0
0.2459210458592825,1.0
0.2459337039324686,1.0
0.24594636330879704,1.0
0.24595902398846906,1.0
0.24597168597168598,1.0
0.2459970138495598,1.0
0.2460096797446195,1.0
0.24602234694402966,1.0
0.24603501544799175,1.0
0.24604768525670734,1.0
0.246060356370378,1.0
0.24607302878920534,1.0
0.246085702513391,1.0
0.24609837754313674,1.0
0.24611105387864426,1.0
0.24612373152011538,1.0
0.2461364104677519,1.0
0.2461490907217557,1.0
0.2461617722823287,1.0
0.24617445514967284,1.0
0.2461871393239901,1.0
0.24619982480548255,1.0
0.24621251159435226,1.0
0.24622519969080134,1.0
0.24623788909503194,1.0
0.2462505798072463,1.0
0.24626327182764662,1.0
0.24627596515643524,1.0
0.24628865979381442,1.0
0.2463013557399866,1.0
0.24631405299515413,1.0
0.24632675155951952,1.0
0.2463394514332852,1.0
0.24635215261665377,1.0
0.24636485510982778,1.0
0.24637755891300986,1.0
0.24639026402640263,1.0
0.24640297045020887,1.0
0.24641567818463125,1.0
0.24642838722987262,1.0
0.24644109758613575,1.0
0.24645380925362356,1.0
0.24646652223253895,1.0
0.24647923652308487,1.0
0.2464919521254643,1.0
0.2465046690398803,1.0
0.24651738726653596,1.0
0.2465301068056344,1.0
0.24654282765737875,1.0
0.24655554982197223,1.0
0.2465682732996181,1.0
0.2465809980905197,1.0
0.24659372419488026,1.0
0.24660645161290323,1.0
0.246619180344792,1.0
0.24663191039075003,1.0
0.2466446417509808,1.0
0.2466573744256879,1.0
0.24667010841507486,1.0
0.24668284371934535,1.0
0.246695580338703,1.0
0.24670831827335157,1.0
0.2467210575234948,1.0
0.24673379808933643,1.0
0.24674653997108034,1.0
0.24675928316893042,1.0
0.2467720276830906,1.0
0.2467847735137648,1.0
0.24679752066115704,1.0
0.24681026912547135,1.0
0.24682301890691188,1.0
0.2468357700056827,1.0
0.24684852242198801,1.0
0.24686127615603204,1.0
0.246874031208019,1.0
0.24688678757815327,1.0
0.2468995452666391,1.0
0.24691230427368094,1.0
0.2469250645994832,1.0
0.24693782624425034,1.0
0.24695058920818688,1.0
0.2469633534914974,1.0
0.24697611909438644,1.0
0.24698888601705868,1.0
0.2470016542597188,1.0
0.24701442382257147,1.0
0.24702719470582152,1.0
0.24703996690967375,1.0
0.24705274043433298,1.0
0.24706551528000414,1.0
0.24707829144689214,1.0
0.24709106893520194,1.0
0.2471038477451386,1.0
0.24711662787690716,1.0
0.24712940933071273,1.0
0.24714219210676047,1.0
0.24715497620525553,1.0
0.2471677616264032,1.0
0.2471805483704087,1.0
0.24719333643747737,1.0
0.24720612582781457,1.0
0.2472189165416257,1.0
0.24723170857911622,1.0
0.24724450194049158,1.0
0.24725729662595736,1.0
0.24727009263571909,1.0
0.2472828899699824,1.0
0.24729568862895296,1.0
0.24730848861283644,1.0
0.2473212899218386,1.0
0.24733409255616523,1.0
0.24734689651602215,1.0
0.24735970180161523,1.0
0.24738531635083358,1.0
0.24739812561487082,1.0
0.2474109362054681,1.0
0.24742374812283155,1.0
0.24743656136716727,1.0
0.24744937593868144,1.0
0.24746219183758028,1.0
0.24747500906407002,1.0
0.247487827618357,1.0
0.2475006475006475,1.0
0.24751346871114796,1.0
0.24752629125006476,1.0
0.2475391151176044,1.0
0.24755194031397337,1.0
0.24756476683937823,1.0
0.2475775946940256,1.0
0.24759042387812208,1.0
0.2476032543918744,1.0
0.24761608623548922,1.0
0.24762891940917336,1.0
0.24764175391313362,1.0
0.24765458974757684,1.0
0.24766742691270993,1.0
0.24768026540873983,1.0
0.2476931052358735,1.0
0.247705946394318,1.0
0.2477187888842804,1.0
0.24773163270596776,1.0
0.24774447785958725,1.0
0.2477573243453461,1.0
0.24777017216345157,1.0
0.24778302131411087,1.0
0.24779587179753138,1.0
0.24780872361392045,1.0
0.24782157676348548,1.0
0.24783443124643395,1.0
0.2478601442133112,1.0
0.2478730026976551,1.0
0.24788586251621272,1.0
0.24789872366919166,1.0
0.24791158615679967,1.0
0.2479244499792445,1.0
0.24793731513673395,1.0
0.24795018162947588,1.0
0.24796304945767814,1.0
0.2479759186215487,1.0
0.2479887891212955,1.0
0.24800166095712656,1.0
0.24801453412924993,1.0
0.24802740863787376,1.0
0.24804028448320614,1.0
0.2480531616654553,1.0
0.24806604018482944,1.0
0.24807892004153687,1.0
0.24809180123578586,1.0
0.24810468376778483,1.0
0.24811756763774212,1.0
0.2481304528458662,1.0
0.24814333939236563,1.0
0.24815622727744885,1.0
0.24816911650132448,1.0
0.24818200706420113,1.0
0.24819489896628746,1.0
0.2482077922077922,1.0
0.2482206867889241,1.0
0.24824647997090454,1.0
0.24825937857217084,1.0
0.2482722785138997,1.0
0.24828517979630013,1.0
0.24829808241958115,1.0
0.24831098638395177,1.0
0.24832389168962113,1.0
0.24833679833679834,1.0
0.24834970632569262,1.0
0.24836261565651316,1.0
0.24837552632946924,1.0
0.24838843834477023,1.0
0.24840135170262542,1.0
0.24841426640324427,1.0
0.24842718244683618,1.0
0.24844009983361065,1.0
0.24845301856377724,1.0
0.2484659386375455,1.0
0.24847886005512507,1.0
0.2484917828167256,1.0
0.24850470692255683,1.0
0.24851763237282845,1.0
0.24853055916775033,1.0
0.24854348730753226,1.0
0.24855641679238413,1.0
0.24856934762251587,1.0
0.24858227979813746,1.0
0.24859521331945889,1.0
0.24860814818669025,1.0
0.24862108440004163,1.0
0.24863402195972317,1.0
0.24864696086594504,1.0
0.2486599011189175,1.0
0.24867284271885085,1.0
0.24868578566595534,1.0
0.2486987299604414,1.0
0.2487116756025194,1.0
0.2487246225923998,1.0
0.24873757093029308,1.0
0.24875052061640984,1.0
0.24876347165096058,1.0
0.24877642403415598,1.0
0.24878937776620672,1.0
0.24880233284732348,1.0
0.248815289277717,1.0
0.24882824705759818,1.0
0.24884120618717775,1.0
0.24885416666666665,1.0
0.24886712849627585,1.0
0.24888009167621628,1.0
0.24889305620669896,1.0
0.248906022087935,1.0
0.24891898932013545,1.0
0.24893195790351152,1.0
0.24894492783827438,1.0
0.24895789912463526,1.0
0.24897087176280547,1.0
0.24898384575299634,1.0
0.24899682109541926,1.0
0.2490097977902856,1.0
0.24902277583780685,1.0
0.24903575523819452,1.0
0.24904873599166016,1.0
0.24906171809841535,1.0
0.24907470155867173,1.0
0.249087686372641,1.0
0.24910067254053492,1.0
0.24911366006256516,1.0
0.24912664893894362,1.0
0.24913963916988216,1.0
0.24915263075559263,1.0
0.24916562369628703,1.0
0.2491786179921773,1.0
0.24919161364347553,1.0
0.2492046106503938,1.0
0.24921760901314416,1.0
0.24923060873193886,1.0
0.2492436098069901,1.0
0.2492566122385101,1.0
0.2492696160267112,1.0
0.24928262117180572,1.0
0.24930863553352464,1.0
0.249321644750574,1.0
0.24933465532536658,1.0
0.24934766725811502,1.0
0.24936068054903188,1.0
0.24937369519832986,1.0
0.2493867112062216,1.0
0.24939972857291992,1.0
0.24941274729863758,1.0
0.24942576738358738,1.0
0.24943878882798226,1.0
0.2494518116320351,1.0
0.24946483579595885,1.0
0.24947786131996658,1.0
0.24949088820427132,1.0
0.24950391644908615,1.0
0.24951694605462427,1.0
0.2495299770210988,1.0
0.24954300934872303,1.0
0.2495690780882737,1.0
0.24958211450062684,1.0
0.24959515227498302,1.0
0.24960819141155574,1.0
0.2496212319105585,1.0
0.24963427377220482,1.0
0.24964731699670828,1.0
0.2496603615842826,1.0
0.24967340753514136,1.0
0.24968645484949833,1.0
0.24971255356956204,1.0
0.24972560497569643,1.0
0.2497386577461844,1.0
0.24975171188123987,1.0
0.24976476738107684,1.0
0.24977782424590936,1.0
0.2497908824759515,1.0
0.24980394207141737,1.0
0.24981700303252116,1.0
0.24983006535947713,1.0
0.24984312905249947,1.0
0.24985619411180254,1.0
0.24986926053760067,1.0
0.24988232833010826,1.0
0.24989539748953976,1.0
0.24990846801610964,1.0
0.24992153991003244,1.0
0.24993461317152274,1.0
0.24994768780079515,1.0
0.24996076379806434,1.0
0.24997384116354504,1.0
0.249986919897452,1.0
0.25,1.0
0.2500130814714039,1.0
0.2500261643118786,1.0
0.250039248521639,1.0
0.25005233410090016,1.0
0.250065421049877,1.0
0.2500785093687847,1.0
0.2500915990578383,1.0
0.25010469011725295,1.0
0.25011778254724387,1.0
0.2501308763480264,1.0
0.2501439715198157,1.0
0.2501570680628272,1.0
0.2501701659772763,1.0
0.25018326526337836,1.0
0.2501963659213489,1.0
0.2502094679514034,1.0
0.25022257135375753,1.0
0.2502356761286268,1.0
0.2502487822762269,1.0
0.2502618897967735,1.0
0.2502749986904824,1.0
0.2502881089575694,1.0
0.2503012205982503,1.0
0.25031433361274097,1.0
0.2503274480012574,1.0
0.25034056376401553,1.0
0.25035368090123133,1.0
0.25036679941312096,1.0
0.25037991929990044,1.0
0.25039304056178596,1.0
0.2504061631989938,1.0
0.25041928721174006,1.0
0.2504324126002411,1.0
0.2504455393647133,1.0
0.250458667505373,1.0
0.25047179702243655,1.0
0.2504849279161206,1.0
0.2504980601866415,1.0
0.2505111938342159,1.0
0.2505243288590604,1.0
0.25053746526139165,1.0
0.25055060304142635,1.0
0.2505637421993812,1.0
0.250576882735473,1.0
0.2505900246499187,1.0
0.2506031679429351,1.0
0.25061631261473905,1.0
0.25062945866554764,1.0
0.2506426060955778,1.0
0.2506557549050467,1.0
0.25066890509417133,1.0
0.25068205666316895,1.0
0.25069520961225666,1.0
0.2507083639416518,1.0
0.2507215196515716,1.0
0.25073467674223343,1.0
0.25074783521385463,1.0
0.25076099506665267,1.0
0.250774156300845,1.0
0.2507873189166492,1.0
0.2508004829142827,1.0
0.25081364829396324,1.0
0.2508268150559084,1.0
0.250839983200336,1.0
0.25085315272746367,1.0
0.2508663236375092,1.0
0.2508794959306905,1.0
0.2508926696072254,1.0
0.25090584466733185,1.0
0.2509190211112278,1.0
0.2509321989391313,1.0
0.2509453781512605,1.0
0.2509585587478334,1.0
0.2509717407290682,1.0
0.2509981088463963,1.0
0.2510112949829262,1.0
0.25102448250499104,1.0
0.2510376714128093,1.0
0.2510508617065994,1.0
0.2510640533865798,1.0
0.25107724645296897,1.0
0.2510904409059856,1.0
0.25110363674584824,1.0
0.2511168339727755,1.0
0.25113003258698624,1.0
0.2511432325886991,1.0
0.25115643397813286,1.0
0.25116963675550646,1.0
0.2511828409210388,1.0
0.25119604647494875,1.0
0.2512092534174553,1.0
0.25122246174877755,1.0
0.2512356714691345,1.0
0.25124888257874534,1.0
0.2512620950778292,1.0
0.2512753089666053,1.0
0.25128852424529297,1.0
0.2513017409141114,1.0
0.25131495897328004,1.0
0.25132817842301824,1.0
0.2513413992635455,1.0
0.25135462149508125,1.0
0.2513678451178451,1.0
0.2513810701320566,1.0
0.2513942965379354,1.0
0.2514075243357011,1.0
0.2514207535255736,1.0
0.25143398410777246,1.0
0.25144721608251763,1.0
0.25146044945002893,1.0
0.2514736842105263,1.0
0.2514869203642297,1.0
0.2515001579113591,1.0
0.25151339685213453,1.0
0.25152663718677615,1.0
0.25153987891550406,1.0
0.25155312203853847,1.0
0.2515663665560996,1.0
0.25157961246840777,1.0
0.25159285977568324,1.0
0.2516061084781464,1.0
0.2516193585760177,1.0
0.2516326100695176,1.0
0.2516458629588666,1.0
0.25165911724428525,1.0
0.2516723729259942,1.0
0.25168563000421407,1.0
0.25169888847916555,1.0
0.2517121483510694,1.0
0.25172540962014645,1.0
0.2517386722866175,1.0
0.2517519363507034,1.0
0.25176520181262513,1.0
0.2517784686726037,1.0
0.25179173693086004,1.0
0.2518050065876153,1.0
0.25181827764309056,1.0
0.25183155009750696,1.0
0.2518448239510858,1.0
0.2518580992040483,1.0
0.25187137585661573,1.0
0.25188465390900944,1.0
0.2518979333614509,1.0
0.25191121421416146,1.0
0.25192449646736265,1.0
0.25193778012127604,1.0
0.2519510651761232,1.0
0.2519643516321257,1.0
0.2519776394895053,1.0
0.2519909287484837,1.0
0.2520042194092827,1.0
0.25201751147212403,1.0
0.2520308049372297,1.0
0.25204409980482145,1.0
0.25205739607512134,1.0
0.25207069374835134,1.0
0.25208399282473354,1.0
0.25209729330449004,1.0
0.25211059518784296,1.0
0.2521238984750145,1.0
0.2521372031662269,1.0
0.25215050926170246,1.0
0.2521638167616635,1.0
0.2521771256663324,1.0
0.2521904359759316,1.0
0.25220374769068354,1.0
0.2522170608108108,1.0
0.2522303753365359,1.0
0.2522436912680815,1.0
0.25225700860567024,1.0
0.2522703273495248,1.0
0.252283647499868,1.0
0.2522969690569226,1.0
0.25231029202091143,1.0
0.25232361639205747,1.0
0.25233694217058356,1.0
0.2523502693567128,1.0
0.25237692795267275,1.0
0.2523902593629497,1.0
0.25240359218172215,1.0
0.25241692640921337,1.0
0.25243026204564667,1.0
0.2524435990912453,1.0
0.2524569375462327,1.0
0.2524702774108322,1.0
0.25248361868526736,1.0
0.2524969613697617,1.0
0.2525103054645386,1.0
0.2525236509698219,1.0
0.2525369978858351,1.0
0.2525503462128019,1.0
0.2525636959509462,1.0
0.2525770471004916,1.0
0.2525903996616621,1.0
0.25260375363468146,1.0
0.2526171090197737,1.0
0.2526304658171628,1.0
0.25264382402707275,1.0
0.25265718364972767,1.0
0.25267054468535166,1.0
0.25268390713416894,1.0
0.25269727099640366,1.0
0.25271063627228013,1.0
0.25272400296202263,1.0
0.2527373710658556,1.0
0.2527507405840034,1.0
0.2527641115166905,1.0
0.25277748386414134,1.0
0.2527908576265806,1.0
0.2528042328042328,1.0
0.2528176093973226,1.0
0.25283098740607474,1.0
0.2528443668307139,1.0
0.25285774767146485,1.0
0.25287112992855254,1.0
0.25289789869263746,1.0
0.2529112852000847,1.0
0.2529246731247684,1.0
0.2529380624669137,1.0
0.2529514532267457,1.0
0.2529648454044896,1.0
0.25297823900037064,1.0
0.252991634014614,1.0
0.25300503044744505,1.0
0.25301842829908916,1.0
0.2530318275697718,1.0
0.25304522825971826,1.0
0.25305863036915416,1.0
0.25307203389830507,1.0
0.2530854388473966,1.0
0.2530988452166543,1.0
0.25311225300630397,1.0
0.2531256622165713,1.0
0.2531390728476821,1.0
0.25315248489986225,1.0
0.2531658983733376,1.0
0.25317931326833404,1.0
0.25319272958507766,1.0
0.2532061473237944,1.0
0.2532195664847104,1.0
0.25323298706805175,1.0
0.2532464090740446,1.0
0.2532598325029153,1.0
0.25327325735489004,1.0
0.2532866836301951,1.0
0.2533001113290569,1.0
0.25331354045170185,1.0
0.2533269709983564,1.0
0.2533404029692471,1.0
0.25335383636460046,1.0
0.25336727118464314,1.0
0.2533807074296017,1.0
0.25339414509970304,1.0
0.2534075841951737,1.0
0.25342102471624056,1.0
0.2534344666631305,1.0
0.2534479100360704,1.0
0.25346135483528726,1.0
0.25347480106100795,1.0
0.2534882487134596,1.0
0.2535016977928693,1.0
0.2535151482994641,1.0
0.2535286002334713,1.0
0.25354205359511806,1.0
0.2535555083846317,1.0
0.25356896460223954,1.0
0.25358242224816896,1.0
0.25359588132264743,1.0
0.25360934182590233,1.0
0.25362280375816126,1.0
0.25363626711965176,1.0
0.2536497319106015,1.0
0.25366319813123805,1.0
0.2536766657817892,1.0
0.25369013486248276,1.0
0.2537036053735464,1.0
0.25371707731520815,1.0
0.25373055068769584,1.0
0.25374402549123737,1.0
0.2537575017260609,1.0
0.2537709793923943,1.0
0.2537844584904658,1.0
0.25379793902050357,1.0
0.25381142098273574,1.0
0.2538249043773906,1.0
0.25383838920469637,1.0
0.2538518754648815,1.0
0.2538653631581744,1.0
0.2538788522848034,1.0
0.25389234284499707,1.0
0.25390583483898393,1.0
0.2539193282669926,1.0
0.2539328231292517,1.0
0.2539463194259899,1.0
0.25395981715743593,1.0
0.25397331632381864,1.0
0.2539868169253668,1.0
0.2540003189623093,1.0
0.2540138224348751,1.0
0.2540273273432931,1.0
0.25404083368779246,1.0
0.2540543414686021,1.0
0.2540678506859513,1.0
0.25408136134006915,1.0
0.25409487343118486,1.0
0.25410838695952775,1.0
0.2541219019253271,1.0
0.2541354183288123,1.0
0.2541489361702128,1.0
0.2541759761676774,1.0
0.2541894983242007,1.0
0.25420302191955735,1.0
0.2542165469539771,1.0
0.25423007342768966,1.0
0.25424360134092483,1.0
0.2542571306939123,1.0
0.25427066148688204,1.0
0.2542841937200639,1.0
0.2542977273936878,1.0
0.2543112625079838,1.0
0.254324799063182,1.0
0.2543383370595124,1.0
0.2543518764972052,1.0
0.25436541737649065,1.0
0.2543789596975989,1.0
0.2543925034607603,1.0
0.2544060486662052,1.0
0.254419595314164,1.0
0.2544331434048671,1.0
0.2544466929385451,1.0
0.25446024391542843,1.0
0.25447379633574774,1.0
0.2544873501997337,1.0
0.2545009055076169,1.0
0.2545144622596282,1.0
0.2545415800969581,1.0
0.2545551411827384,1.0
0.25456870371357027,1.0
0.25458226768968456,1.0
0.2545958331113124,1.0
0.25460939997868487,1.0
0.254622968292033,1.0
0.25463653805158815,1.0
0.2546501092575814,1.0
0.25466368191024413,1.0
0.25467725600980756,1.0
0.2546908315565032,1.0
0.2547044085505624,1.0
0.25471798699221665,1.0
0.2547315668816975,1.0
0.2547451482192365,1.0
0.2547587310050653,1.0
0.25477231523941557,1.0
0.25478590092251907,1.0
0.2547994880546075,1.0
0.25481307663591274,1.0
0.25482666666666665,1.0
0.2548402581471012,1.0
0.25485385107744823,1.0
0.25486744545793993,1.0
0.2548810412888083,1.0
0.25489463857028544,1.0
0.2549082373026035,1.0
0.2549218374859948,1.0
0.2549354391206915,1.0
0.254949042206926,1.0
0.25496264674493063,1.0
0.25497625273493785,1.0
0.25498986017718006,1.0
0.25500346907188987,1.0
0.25501707941929974,1.0
0.2550306912196424,1.0
0.2550443044731504,1.0
0.2550579191800566,1.0
0.2550715353405936,1.0
0.2550851529549944,1.0
0.25509877202349174,1.0
0.25511239254631857,1.0
0.2551260145237078,1.0
0.25513963795589256,1.0
0.25515326284310585,1.0
0.2551668891855808,1.0
0.25518051698355054,1.0
0.2551941462372483,1.0
0.2552077769469074,1.0
0.2552214091127611,1.0
0.2552350427350427,1.0
0.2552486778139858,1.0
0.2552623143498237,1.0
0.25527595234279,1.0
0.25528959179311816,1.0
0.25530323270104194,1.0
0.2553168750667949,1.0
0.2553305188906108,1.0
0.2553441641727234,1.0
0.25535781091336646,1.0
0.2553714591127739,1.0
0.25538510877117965,1.0
0.2553987598888176,1.0
0.25541241246592183,1.0
0.2554260665027264,1.0
0.2554397219994654,1.0
0.255453378956373,1.0
0.25546703737368337,1.0
0.25548069725163086,1.0
0.2554943585904497,1.0
0.2555080213903743,1.0
0.25552168565163913,1.0
0.2555353513744786,1.0
0.25554901855912715,1.0
0.2555626872058194,1.0
0.25557635731479006,1.0
0.2555900288862737,1.0
0.255603701920505,1.0
0.2556173764177188,1.0
0.2556310523781499,1.0
0.2556447298020332,1.0
0.2556584086896035,1.0
0.2556720890410959,1.0
0.2556857708567453,1.0
0.2556994541367869,1.0
0.2557131388814557,1.0
0.25572682509098693,1.0
0.2557405127656158,1.0
0.25575420190557757,1.0
0.25576789251110754,1.0
0.2557815845824411,1.0
0.2557952781198137,1.0
0.25580897312346074,1.0
0.2558226695936178,1.0
0.25583636753052047,1.0
0.25585006693440426,1.0
0.25586376780550496,1.0
0.25587747014405826,1.0
0.2558911739502999,1.0
0.25590487922446575,1.0
0.2559185859667916,1.0
0.2559322941775135,1.0
0.2559460038568674,1.0
0.2559597150050892,1.0
0.2559734276224151,1.0
0.25598714170908116,1.0
0.2560008572653236,1.0
0.25601457429137864,1.0
0.25602829278748257,1.0
0.25604201275387173,1.0
0.2560557341907824,1.0
0.25606945709845114,1.0
0.2560831814771144,1.0
0.2560969073270086,1.0
0.25611063464837047,1.0
0.25612436344143663,1.0
0.25613809370644364,1.0
0.25615182544362836,1.0
0.25616555865322754,1.0
0.256179293335478,1.0
0.2561930294906166,1.0
0.25620676711888035,1.0
0.25622050622050624,1.0
0.2562342467957312,1.0
0.25624798884479244,1.0
0.25626173236792704,1.0
0.25627547736537226,1.0
0.25628922383736524,1.0
0.25630297178414335,1.0
0.2563167212059439,1.0
0.2563304721030043,1.0
0.256344224475562,1.0
0.2563579783238545,1.0
0.2563717336481193,1.0
0.2563854904485941,1.0
0.2563992487255165,1.0
0.2564130084791242,1.0
0.2564267697096549,1.0
0.2564405324173465,1.0
0.2564542966024368,1.0
0.2564680622651637,1.0
0.2564818294057652,1.0
0.2564955980244793,1.0
0.256509368121544,1.0
0.2565231396971975,1.0
0.25653691275167784,1.0
0.25655068728522334,1.0
0.25656446329807225,1.0
0.2565782407904629,1.0
0.25659201976263357,1.0
0.25660580021482277,1.0
0.25661958214726893,1.0
0.25663336556021055,1.0
0.25664715045388625,1.0
0.2566609368285346,1.0
0.2566747246843943,1.0
0.2566885140217041,1.0
0.2567023048407027,1.0
0.2567160971416291,1.0
0.2567298909247219,1.0
0.2567436861902203,1.0
0.25675748293836315,1.0
0.2567712811693895,1.0
0.25678508088353846,1.0
0.2567988820810491,1.0
0.25681268476216074,1.0
0.25682648892711246,1.0
0.25684029457614366,1.0
0.2568541017094936,1.0
0.25686791032740175,1.0
0.25688172043010754,1.0
0.2568955320178504,1.0
0.25690934509087,1.0
0.2569231596494058,1.0
0.25693697569369756,1.0
0.25695079322398495,1.0
0.2569646122405077,1.0
0.2569784327435056,1.0
0.2569922547332186,1.0
0.2570060782098865,1.0
0.25701990317374934,1.0
0.25703372962504706,1.0
0.2570475575640198,1.0
0.2570752179059507,1.0
0.2570890503093893,1.0
0.2571028842014636,1.0
0.25711671958241406,1.0
0.2571305564524809,1.0
0.25714439481190465,1.0
0.25715823466092574,1.0
0.2571720759997847,1.0
0.25718591882872216,1.0
0.2571997631479787,1.0
0.257213608957795,1.0
0.25722745625841187,1.0
0.25724130505007,1.0
0.2572551553330103,1.0
0.25726900710747364,1.0
0.2572828603737009,1.0
0.25729671513193325,1.0
0.25731057138241153,1.0
0.257324429125377,1.0
0.2573382883610707,1.0
0.2573521490897339,1.0
0.25736601131160786,1.0
0.2573798750269338,1.0
0.25739374023595324,1.0
0.25740760693890746,1.0
0.2574214751360379,1.0
0.25743534482758623,1.0
0.25744921601379384,1.0
0.2574630886949025,1.0
0.25747696287115374,1.0
0.25749083854278937,1.0
0.2575047157100512,1.0
0.257518594373181,1.0
0.2575324745324206,1.0
0.2575463561880121,1.0
0.2575602393401973,1.0
0.2575741239892183,1.0
0.2575880101353173,1.0
0.25760189777873627,1.0
0.2576157869197175,1.0
0.2576296775585032,1.0
0.2576435696953357,1.0
0.2576574633304573,1.0
0.25767135846411043,1.0
0.2576852550965376,1.0
0.2576991532279812,1.0
0.2577130528586839,1.0
0.2577269539888883,1.0
0.257740856618837,1.0
0.25775476074877274,1.0
0.2577686663789383,1.0
0.25778257350957645,1.0
0.2577964821409302,1.0
0.2578103922732423,1.0
0.25782430390675587,1.0
0.2578382170417139,1.0
0.2578521316783594,1.0
0.2578660478169356,1.0
0.25787996545768566,1.0
0.25789388460085283,1.0
0.25790780524668033,1.0
0.2579217273954116,1.0
0.25793565104729,1.0
0.257949576202559,1.0
0.257963502861462,1.0
0.25797743102424275,1.0
0.2579913606911447,1.0
0.25800529186241156,1.0
0.2580192245382871,1.0
0.25803315871901494,1.0
0.2580470944048391,1.0
0.25806103159600324,1.0
0.25807497029275145,1.0
0.2580889104953276,1.0
0.2581028522039758,1.0
0.2581167954189401,1.0
0.2581307401404646,1.0
0.25814468636879356,1.0
0.25815863410417117,1.0
0.25817258334684173,1.0
0.2581865340970496,1.0
0.25820048635503917,1.0
0.25821444012105493,1.0
0.2582283953953413,1.0
0.2582423521781429,1.0
0.2582563104697043,1.0
0.2582702702702703,1.0
0.2582842315800854,1.0
0.25829819439939455,1.0
0.25831215872844243,1.0
0.25832612456747406,1.0
0.25834009191673424,1.0
0.25835406077646805,1.0
0.2583680311469205,1.0
0.2583820030283366,1.0
0.2584099513250406,1.0
0.25842392774081885,1.0
0.25843790566854175,1.0
0.25845188510845457,1.0
0.2584658660608028,1.0
0.2584798485258318,1.0
0.25849383250378705,1.0
0.25850781799491424,1.0
0.2585218049994589,1.0
0.2585357935176668,1.0
0.25854978354978353,1.0
0.258563775096055,1.0
0.2585777681567269,1.0
0.25859176273204526,1.0
0.2586057588222559,1.0
0.2586197564276049,1.0
0.25863375554833823,1.0
0.2586617583369424,1.0
0.2586757620053056,1.0
0.2586897671900379,1.0
0.25870377389138555,1.0
0.25871778210959495,1.0
0.2587317918449126,1.0
0.25874580309758477,1.0
0.2587598158678581,1.0
0.2587738301559792,1.0
0.2587878459621947,1.0
0.25880186328675114,1.0
0.2588158821298955,1.0
0.2588299024918743,1.0
0.25884392437293463,1.0
0.2588579477733232,1.0
0.2588719726932871,1.0
0.25888599913307325,1.0
0.25890002709292875,1.0
0.2589140565731007,1.0
0.25892808757383623,1.0
0.2589421200953826,1.0
0.2589561541379871,1.0
0.258970189701897,1.0
0.2589842267873598,1.0
0.25899826539462273,1.0
0.25901230552393345,1.0
0.2590263471755394,1.0
0.2590403903496883,1.0
0.2590544350466276,1.0
0.2590684812666052,1.0
0.2590825290098688,1.0
0.2590965782766661,1.0
0.25911062906724514,1.0
0.2591246813818537,1.0
0.25913873522073977,1.0
0.2591527905841514,1.0
0.25916684747233676,1.0
0.2591809058855438,1.0
0.25919496582402085,1.0
0.25920902728801604,1.0
0.2592230902777778,1.0
0.25923715479355436,1.0
0.25925122083559415,1.0
0.25926528840414564,1.0
0.25927935749945735,1.0
0.2592934281217778,1.0
0.2593075002713557,1.0
0.25932157394843963,1.0
0.25933564915327834,1.0
0.2593497258861206,1.0
0.25936380414721527,1.0
0.25937788393681127,1.0
0.25939196525515745,1.0
0.25940604810250284,1.0
0.2594201324790965,1.0
0.2594342183851876,1.0
0.2594483058210252,1.0
0.25946239478685856,1.0
0.2594764852829369,1.0
0.2594905773095096,1.0
0.259504670866826,1.0
0.2595187659551355,1.0
0.25953286257468766,1.0
0.25954696072573197,1.0
0.25956106040851806,1.0
0.25957516162329547,1.0
0.25958926437031404,1.0
0.2596033686498234,1.0
0.25963158180731405,1.0
0.259645690685795,1.0
0.25965980109776643,1.0
0.25967391304347825,1.0
0.2596880265231806,1.0
0.2597021415371236,1.0
0.2597162580855574,1.0
0.25973037616873235,1.0
0.2597444957868986,1.0
0.2597586169403066,1.0
0.2597727396292068,1.0
0.2597868638538495,1.0
0.25980098961448533,1.0
0.2598151169113649,1.0
0.2598292457447387,1.0
0.2598433761148575,1.0
0.25985750802197205,1.0
0.25987164146633307,1.0
0.25988577644819144,1.0
0.2598999129677981,1.0
0.2599140510254039,1.0
0.25992819062125994,1.0
0.2599423317556172,1.0
0.2599564744287269,1.0
0.2599706186408401,1.0
0.2599847643922081,1.0
0.2599989116830821,1.0
0.26001306051371353,1.0
0.26002721088435377,1.0
0.26004136279525414,1.0
0.2600555162466663,1.0
0.2600696712388417,1.0
0.260083827772032,1.0
0.26009798584648885,1.0
0.2601121454624639,1.0
0.2601263066202091,1.0
0.26014046931997603,1.0
0.2601546335620168,1.0
0.26016879934658316,1.0
0.26018296667392726,1.0
0.260197135544301,1.0
0.26021130595795666,1.0
0.2602254779151462,1.0
0.260239651416122,1.0
0.2602538264611362,1.0
0.26026800305044123,1.0
0.26028218118428936,1.0
0.2602963608629331,1.0
0.2603105420866249,1.0
0.2603247248556173,1.0
0.2603389091701629,1.0
0.2603530950305144,1.0
0.2603672824369244,1.0
0.2603814713896458,1.0
0.26039566188893126,1.0
0.2604098539350338,1.0
0.26042404752820625,1.0
0.26043824266870164,1.0
0.260452439356773,1.0
0.26046663759267336,1.0
0.26048083737665595,1.0
0.26049503870897395,1.0
0.2605092415898806,1.0
0.26052344601962923,1.0
0.2605376519984732,1.0
0.26055185952666593,1.0
0.2605660686044609,1.0
0.2605802792321117,1.0
0.26059449140987184,1.0
0.260608705137995,1.0
0.26062292041673485,1.0
0.2606371372463452,1.0
0.2606513556270798,1.0
0.26066557555919256,1.0
0.2606797970429374,1.0
0.2606940200785683,1.0
0.2607082446663393,1.0
0.2607224708065044,1.0
0.26073669849931785,1.0
0.26075092774503383,1.0
0.2607651585439066,1.0
0.2607793908961904,1.0
0.26079362480213963,1.0
0.26080786026200875,1.0
0.2608220972760522,1.0
0.26083633584452454,1.0
0.2608505759676803,1.0
0.2608648176457742,1.0
0.2608790608790609,1.0
0.2608933056677951,1.0
0.26090755201223176,1.0
0.2609217999126256,1.0
0.2609360493692316,1.0
0.26095030038230477,1.0
0.2609645529521001,1.0
0.2609788070788726,1.0
0.2609930627628776,1.0
0.26100732000437016,1.0
0.26102157880360555,1.0
0.26103583916083917,1.0
0.2610501010763263,1.0
0.2610643645503224,1.0
0.26107862958308287,1.0
0.26109289617486336,1.0
0.26110716432591946,1.0
0.2611214340365067,1.0
0.2611357053068809,1.0
0.2611499781372978,1.0
0.2611642525280131,1.0
0.2611785284792828,1.0
0.2611928059913628,1.0
0.26120708506450907,1.0
0.26122136569897764,1.0
0.2612356478950246,1.0
0.2612499316529061,1.0
0.2612642169728784,1.0
0.2612785038551977,1.0
0.26130708230790267,1.0
0.2613213738788011,1.0
0.26133566701307226,1.0
0.2613499617109725,1.0
0.2613642579727586,1.0
0.2613785557986871,1.0
0.26139285518901473,1.0
0.26140715614399823,1.0
0.2614214586638945,1.0
0.2614357627489604,1.0
0.2614500683994528,1.0
0.26146437561562874,1.0
0.2614786843977453,1.0
0.2614929947460595,1.0
0.2615073066608286,1.0
0.2615216201423098,1.0
0.2615359351907603,1.0
0.2615502518064375,1.0
0.2615645699895987,1.0
0.2615788897405015,1.0
0.26159321105940325,1.0
0.26160753394656155,1.0
0.261621858402234,1.0
0.26163618442667835,1.0
0.2616505120201522,1.0
0.2616648411829135,1.0
0.2616791719152199,1.0
0.2616935042173294,1.0
0.26170783808949993,1.0
0.2617221735319895,1.0
0.26173651054505614,1.0
0.261750849128958,1.0
0.2617651892839533,1.0
0.2617795310103002,1.0
0.26179387430825707,1.0
0.26180821917808217,1.0
0.261822565620034,1.0
0.2618369136343709,1.0
0.26185126322135144,1.0
0.26186561438123424,1.0
0.2618799671142779,1.0
0.26189432142074104,1.0
0.2619086773008825,1.0
0.2619230347549611,1.0
0.26193739378323555,1.0
0.2619517543859649,1.0
0.26196611656340807,1.0
0.2619804803158241,1.0
0.2619948456434721,1.0
0.2620092125466111,1.0
0.2620235810255004,1.0
0.26203795108039923,1.0
0.2620523227115669,1.0
0.26206669591926285,1.0
0.26208107070374637,1.0
0.26209544706527704,1.0
0.26210982500411434,1.0
0.2621242045205179,1.0
0.26213858561474734,1.0
0.2621529682870624,1.0
0.2621673525377229,1.0
0.2621817383669886,1.0
0.26219612577511936,1.0
0.26221051476237517,1.0
0.262224905329016,1.0
0.2622392974753019,1.0
0.26225369120149294,1.0
0.2622680865078494,1.0
0.2622824833946314,1.0
0.26229688186209926,1.0
0.26231128191051334,1.0
0.26232568354013397,1.0
0.26234008675122167,1.0
0.2623544915440369,1.0
0.26236889791884027,1.0
0.26238330587589237,1.0
0.26239771541545387,1.0
0.26241212653778556,1.0
0.26242653924314824,1.0
0.2624409535318027,1.0
0.2624553694040099,1.0
0.26246978686003075,1.0
0.26248420590012633,1.0
0.26249862652455774,1.0
0.26251304873358605,1.0
0.26252747252747255,1.0
0.26254189790647836,1.0
0.26255632487086494,1.0
0.26257075342089353,1.0
0.2625851835568257,1.0
0.2625996152789228,1.0
0.2626140485874464,1.0
0.26262848348265816,1.0
0.2626429199648197,1.0
0.26267179769103904,1.0
0.26268623893562043,1.0
0.26270068176819883,1.0
0.26271512618903614,1.0
0.2627295721983944,1.0
0.2627440197965356,1.0
0.26275846898372196,1.0
0.2627729197602156,1.0
0.26278737212627873,1.0
0.2628018260821737,1.0
0.26281628162816284,1.0
0.2628307387645085,1.0
0.2628451974914732,1.0
0.26285965780931947,1.0
0.2628741197183099,1.0
0.262888583218707,1.0
0.26290304831077366,1.0
0.26291751499477245,1.0
0.26293198327096634,1.0
0.26294645313961806,1.0
0.26296092460099063,1.0
0.262975397655347,1.0
0.26298987230295023,1.0
0.2630043485440634,1.0
0.2630188263789497,1.0
0.26303330580787226,1.0
0.2630477868310945,1.0
0.2630622694488796,1.0
0.263076753661491,1.0
0.2630912394691922,1.0
0.2631057268722467,1.0
0.263120215870918,1.0
0.26313470646546977,1.0
0.26314919865616565,1.0
0.2631636924432694,1.0
0.2631781878270449,1.0
0.2631926848077559,1.0
0.2632071833856663,1.0
0.2632216835610401,1.0
0.2632361853341414,1.0
0.26325068870523416,1.0
0.2632651936745826,1.0
0.26327970024245095,1.0
0.26329420840910345,1.0
0.2633087181748044,1.0
0.2633232295398181,1.0
0.26333774250440917,1.0
0.26335225706884197,1.0
0.2633667732333811,1.0
0.26338129099829116,1.0
0.2633958103638368,1.0
0.2634103313302828,1.0
0.26342485389789394,1.0
0.263439378066935,1.0
0.2634539038376709,1.0
0.26346843121036667,1.0
0.26348296018528733,1.0
0.26349749076269785,1.0
0.26351202294286347,1.0
0.2635265567260493,1.0
0.2635410921125207,1.0
0.2635556291025429,1.0
0.2635701676963813,1.0
0.26358470789430133,1.0
0.26359924969656845,1.0
0.2636137931034483,1.0
0.26362833811520636,1.0
0.2636428847321084,1.0
0.26365743295442007,1.0
0.26367198278240717,1.0
0.26368653421633553,1.0
0.2637010872564711,1.0
0.26371564190307983,1.0
0.2637301981564277,1.0
0.26374475601678077,1.0
0.2637593154844052,1.0
0.2637738765595672,1.0
0.263788439242533,1.0
0.2638030035335689,1.0
0.2638175694329413,1.0
0.2638321369409166,1.0
0.26384670605776134,1.0
0.263861276783742,1.0
0.2638758491191252,1.0
0.26389042306417765,1.0
0.263904998619166,1.0
0.26391957578435704,1.0
0.2639341545600177,1.0
0.26394873494641474,1.0
0.26396331694381525,1.0
0.2639779005524862,1.0
0.26399248577269463,1.0
0.2640070726047077,1.0
0.2640362511052166,1.0
0.264050842774247,1.0
0.26406543605615124,1.0
0.2640800309511966,1.0
0.2640946274596507,1.0
0.264109225581781,1.0
0.26412382531785517,1.0
0.26413842666814086,1.0
0.26415302963290577,1.0
0.26416763421241773,1.0
0.2641822404069446,1.0
0.2641968482167542,1.0
0.26421145764211457,1.0
0.2642260686832937,1.0
0.26424068134055967,1.0
0.26425529561418065,1.0
0.2642699115044248,1.0
0.26428452901156035,1.0
0.26429914813585575,1.0
0.26431376887757924,1.0
0.26432839123699936,1.0
0.2643430152143845,1.0
0.26435764081000335,1.0
0.2643722680241244,1.0
0.2643868968570164,1.0
0.26440152730894806,1.0
0.26441615938018814,1.0
0.2644307930710056,1.0
0.26444542838166923,1.0
0.2644600653124481,1.0
0.2644747038636112,1.0
0.2644893440354276,1.0
0.26450398582816653,1.0
0.2645186292420971,1.0
0.26453327427748863,1.0
0.2645479209346105,1.0
0.264562569213732,1.0
0.26457721911512266,1.0
0.26459187063905193,1.0
0.26460652378578947,1.0
0.2646211785556048,1.0
0.26463583494876763,1.0
0.2646504929655478,1.0
0.26466515260621504,1.0
0.2646798138710392,1.0
0.2646944767602903,1.0
0.2647091412742382,1.0
0.2647238074131531,1.0
0.264738475177305,1.0
0.264753144566964,1.0
0.26476781558240053,1.0
0.2647824882238847,1.0
0.264797162491687,1.0
0.2648118383860777,1.0
0.26482651590732736,1.0
0.26484119505570647,1.0
0.26485587583148557,1.0
0.26487055823493544,1.0
0.26488524226632665,1.0
0.26489992792593003,1.0
0.26491461521401644,1.0
0.2649293041308567,1.0
0.26494399467672175,1.0
0.2649586868518827,1.0
0.26497338065661047,1.0
0.2649880760911763,1.0
0.26500277315585136,1.0
0.26501747185090685,1.0
0.2650321721766142,1.0
0.26504687413324457,1.0
0.2650615777210696,1.0
0.2650762829403606,1.0
0.26509098979138923,1.0
0.26510569827442715,1.0
0.2651204083897459,1.0
0.2651351201376172,1.0
0.265149833518313,1.0
0.265164548532105,1.0
0.26517926517926516,1.0
0.2651939834600655,1.0
0.265208703374778,1.0
0.26522342492367473,1.0
0.2652381481070279,1.0
0.26525287292510963,1.0
0.26526759937819233,1.0
0.26528232746654823,1.0
0.26529705719044977,1.0
0.26531178855016935,1.0
0.2653265215459796,1.0
0.26534125617815296,1.0
0.2653559924469621,1.0
0.26537073035267983,1.0
0.26538546989557876,1.0
0.2654002110759318,1.0
0.26541495389401176,1.0
0.26542969835009167,1.0
0.2654444444444444,1.0
0.2654591921773432,1.0
0.265473941549061,1.0
0.26548869255987106,1.0
0.26550344521004665,1.0
0.26551819949986105,1.0
0.26553295542958766,1.0
0.2655477129994998,1.0
0.26556247220987106,1.0
0.2655772330609749,1.0
0.26559199555308505,1.0
0.26560675968647507,1.0
0.2656215254614187,1.0
0.2656362928781898,1.0
0.26565106193706217,1.0
0.26566583263830973,1.0
0.2656806049822064,1.0
0.2656953789690263,1.0
0.2657101545990435,1.0
0.2657249318725321,1.0
0.2657397107897664,1.0
0.26575449135102064,1.0
0.26576927355656915,1.0
0.2657840574066863,1.0
0.2657988429016466,1.0
0.2658136300417246,1.0
0.2658284188271948,1.0
0.26584320925833194,1.0
0.26585800133541065,1.0
0.2658727950587057,1.0
0.2658875904284919,1.0
0.26590238744504424,1.0
0.26591718610863757,1.0
0.26593198641954696,1.0
0.2659467883780474,1.0
0.26596159198441416,1.0
0.2659763972389223,1.0
0.2659912041418471,1.0
0.26600601269346397,1.0
0.2660208228940482,1.0
0.26603563474387526,1.0
0.26605044824322066,1.0
0.26606526339236,1.0
0.26608008019156876,1.0
0.26609489864112273,1.0
0.2661097187412977,1.0
0.2661245404923694,1.0
0.26613936389461373,1.0
0.2661541889483066,1.0
0.26616901565372403,1.0
0.26618384401114203,1.0
0.2661986740208368,1.0
0.26621350568308444,1.0
0.26622833899816123,1.0
0.26624317396634345,1.0
0.2662580105879075,1.0
0.26627284886312974,1.0
0.2662876887922867,1.0
0.2663025303756549,1.0
0.26631737361351093,1.0
0.26633221850613154,1.0
0.2663470650537934,1.0
0.26636191325677333,1.0
0.26637676311534814,1.0
0.2663916146297948,1.0
0.2664064678003903,1.0
0.26642132262741164,1.0
0.2664361791111359,1.0
0.2664510372518403,1.0
0.266465897049802,1.0
0.2664807585052984,1.0
0.26649562161860674,1.0
0.26651048639000446,1.0
0.2665253528197691,1.0
0.2665402209081781,1.0
0.2665550906555091,1.0
0.2665699620620397,1.0
0.26658483512804776,1.0
0.266599709853811,1.0
0.26661458623960715,1.0
0.26662946428571427,1.0
0.26664434399241027,1.0
0.2666592253599732,1.0
0.2666889930788122,1.0
0.2667038794306447,1.0
0.26671876744445683,1.0
0.266733657120527,1.0
0.26674854845913354,1.0
0.266763441460555,1.0
0.2667783361250698,1.0
0.2667932324529566,1.0
0.2668081304444941,1.0
0.2668230300999609,1.0
0.26683793141963585,1.0
0.26686773905272565,1.0
0.2668826453666983,1.0
0.26689755334599485,1.0
0.2669124629908944,1.0
0.26692737430167596,1.0
0.2669422872786189,1.0
0.26695720192200245,1.0
0.2669721182321059,1.0
0.2669870362092088,1.0
0.2670019558535904,1.0
0.26701687716553035,1.0
0.2670318001453082,1.0
0.2670467247932037,1.0
0.26706165110949637,1.0
0.2670765790944662,1.0
0.2670915087483929,1.0
0.2671064400715564,1.0
0.2671213730642366,1.0
0.26713630772671365,1.0
0.26715124405926755,1.0
0.26716618206217846,1.0
0.26718112173572667,1.0
0.2671960630801924,1.0
0.26721100609585596,1.0
0.26722595078299777,1.0
0.2672408971418983,1.0
0.2672558451728381,1.0
0.2672707948760978,1.0
0.26728574625195795,1.0
0.2673006993006993,1.0
0.26731565402260266,1.0
0.26733061041794887,1.0
0.2673455684870188,1.0
0.26736052823009343,1.0
0.26737548964745383,1.0
0.26739045273938106,1.0
0.26740541750615626,1.0
0.26742038394806067,1.0
0.26743535206537555,1.0
0.2674503218583823,1.0
0.2674652933273623,1.0
0.267480266472597,1.0
0.2674952412943679,1.0
0.2675102177929567,1.0
0.267525195968645,1.0
0.2675401758217145,1.0
0.26755515735244706,1.0
0.2675701405611245,1.0
0.26758512544802865,1.0
0.26760011201344164,1.0
0.26761510025764534,1.0
0.2676450817835537,1.0
0.2676600750658226,1.0
0.2676750700280112,1.0
0.2676900666704017,1.0
0.26770506499327656,1.0
0.26772006499691825,1.0
0.26773506668160935,1.0
0.2677500700476324,1.0
0.26776507509527014,1.0
0.2677800818248052,1.0
0.2677950902365206,1.0
0.26781010033069896,1.0
0.26782511210762333,1.0
0.26784012556757664,1.0
0.26785514071084204,1.0
0.26787015753770255,1.0
0.26788517604844136,1.0
0.26790019624334177,1.0
0.267915218122687,1.0
0.2679302416867605,1.0
0.2679452669358457,1.0
0.267960293870226,1.0
0.2679753224901851,1.0
0.2679903527960065,1.0
0.268005384787974,1.0
0.26802041846637126,1.0
0.2680354538314821,1.0
0.26805049088359045,1.0
0.26806552962298025,1.0
0.26808057004993546,1.0
0.2680956121647402,1.0
0.2681106559676786,1.0
0.2681257014590348,1.0
0.2681407486390931,1.0
0.26815579750813784,1.0
0.26817084806645336,1.0
0.2681859003143242,1.0
0.26820095425203483,1.0
0.26821600987986977,1.0
0.26823106719811374,1.0
0.2682461262070514,1.0
0.2682611869069676,1.0
0.2682762492981471,1.0
0.26829131338087486,1.0
0.26830637915543576,1.0
0.2683214466221149,1.0
0.2683365157811973,1.0
0.26835158663296826,1.0
0.26836665917771285,1.0
0.2683817334157165,1.0
0.26839680934726434,1.0
0.268411886972642,1.0
0.2684269662921348,1.0
0.26844204730602844,1.0
0.26845713001460836,1.0
0.2684722144181604,1.0
0.2684873005169701,1.0
0.2685023883113234,1.0
0.26851747780150614,1.0
0.2685325689878042,1.0
0.2685476618705036,1.0
0.2685627564498904,1.0
0.2685778527262507,1.0
0.2685929506998707,1.0
0.26860805037103663,1.0
0.26862315174003487,1.0
0.2686382548071517,1.0
0.2686533595726736,1.0
0.2686684660368871,1.0
0.2686835742000787,1.0
0.26869868406253516,1.0
0.26871379562454306,1.0
0.26872890888638923,1.0
0.26874402384836044,1.0
0.2687591405107436,1.0
0.2687742588738257,1.0
0.2687893789378938,1.0
0.26880450070323486,1.0
0.26881962417013616,1.0
0.26883474933888485,1.0
0.2688498762097682,1.0
0.26886500478307357,1.0
0.26888013505908837,1.0
0.26889526703810007,1.0
0.26891040072039624,1.0
0.2689255361062644,1.0
0.26894067319599235,1.0
0.26895581198986773,1.0
0.2689709524881783,1.0
0.2689860946912121,1.0
0.26900123859925684,1.0
0.26901638421260066,1.0
0.26903153153153153,1.0
0.2690466805563376,1.0
0.26906183128730715,1.0
0.26907698372472827,1.0
0.2690921378688894,1.0
0.26910729372007886,1.0
0.2691224512785851,1.0
0.26913761054469665,1.0
0.2691679342008901,1.0
0.2691830985915493,1.0
0.2692134324994366,1.0
0.26924377324467486,1.0
0.2692589461820231,1.0
0.2692741208295762,1.0
0.2692892971876233,1.0
0.2693044752564536,1.0
0.26931965503635646,1.0
0.2693348365276212,1.0
0.26935001973053724,1.0
0.2693652046453941,1.0
0.26938039127248126,1.0
0.2694107696645052,1.0
0.26942596143002145,1.0
0.26944115490892684,1.0
0.26945635010151137,1.0
0.26947154700806497,1.0
0.2694867456288776,1.0
0.2695019459642394,1.0
0.26951714801444043,1.0
0.269532351779771,1.0
0.26954755726052126,1.0
0.2695627644569817,1.0
0.26957797336944256,1.0
0.26959318399819443,1.0
0.26960839634352785,1.0
0.2696236104057333,1.0
0.2696388261851016,1.0
0.26965404368192336,1.0
0.26966926289648946,1.0
0.2696844838290907,1.0
0.26969970648001806,1.0
0.2697149308495625,1.0
0.2697301569380151,1.0
0.269745384745667,1.0
0.2697606142728094,1.0
0.2697758455197335,1.0
0.2697910784867307,1.0
0.26980631317409226,1.0
0.2698215495821098,1.0
0.2698367877110747,1.0
0.2698520275612787,1.0
0.2698672691330133,1.0
0.26988251242657024,1.0
0.2698977574422414,1.0
0.2699130041803186,1.0
0.2699282526410937,1.0
0.26994350282485874,1.0
0.2699587547319058,1.0
0.26997400836252683,1.0
0.2699892637170142,1.0
0.27000452079566006,1.0
0.2700197795987567,1.0
0.27003504012659657,1.0
0.2700503023794721,1.0
0.2700655663576758,1.0
0.2700808320615002,1.0
0.270096099491238,1.0
0.2701113686471819,1.0
0.2701266395296246,1.0
0.2701419121388591,1.0
0.2701571864751781,1.0
0.2701724625388748,1.0
0.270187740330242,1.0
0.270203019849573,1.0
0.27021830109716094,1.0
0.270233584073299,1.0
0.2702488687782805,1.0
0.2702641552123989,1.0
0.2702794433759475,1.0
0.2702947332692199,1.0
0.2703100248925096,1.0
0.27032531824611034,1.0
0.2703406133303157,1.0
0.27035591014541954,1.0
0.2703712086917157,1.0
0.27038650896949806,1.0
0.2704018109790606,1.0
0.2704171147206973,1.0
0.27043242019470226,1.0
0.2704477274013698,1.0
0.270463036340994,1.0
0.27047834701386925,1.0
0.27049365942028986,1.0
0.2705089735605503,1.0
0.27052428943494505,1.0
0.2705396070437688,1.0
0.270554926387316,1.0
0.27057024746588143,1.0
0.2705855702797599,1.0
0.2706008948292462,1.0
0.27061622111463524,1.0
0.27063154913622206,1.0
0.27064687889430156,1.0
0.270662210389169,1.0
0.2706775436211194,1.0
0.27069287859044816,1.0
0.2707082152974504,1.0
0.2707235537424217,1.0
0.2707388939256573,1.0
0.27075423584745284,1.0
0.2707695795081038,1.0
0.2707849249079059,1.0
0.27080027204715484,1.0
0.27081562092614636,1.0
0.27083097154517627,1.0
0.27084632390454055,1.0
0.27086167800453514,1.0
0.2708770338454561,1.0
0.2708923914275995,1.0
0.27090775075126156,1.0
0.2709231118167385,1.0
0.27093847462432663,1.0
0.2709538391743223,1.0
0.2709692054670221,1.0
0.2709845735027223,1.0
0.2709999432817197,1.0
0.27101531480431085,1.0
0.27103068807079245,1.0
0.2710614398366143,1.0
0.2710768183365483,1.0
0.2710921985815603,1.0
0.27110758057194734,1.0
0.2711229643080066,1.0
0.2711383497900352,1.0
0.2711537370183304,1.0
0.27116912599318954,1.0
0.27118451671491006,1.0
0.27119990918378933,1.0
0.2712153034001249,1.0
0.27123069936421434,1.0
0.2712460970763554,1.0
0.27126149653684567,1.0
0.27127689774598307,1.0
0.2712923007040654,1.0
0.2713077054113906,1.0
0.2713231118682567,1.0
0.2713385200749617,1.0
0.27135393003180375,1.0
0.2713847551970919,1.0
0.2714155873665076,1.0
0.27143100607850934,1.0
0.27144642654243833,1.0
0.27146184875859325,1.0
0.27147727272727273,1.0
0.2714926984487755,1.0
0.2715081259234004,1.0
0.27152355515144627,1.0
0.2715389861332121,1.0
0.2715544188689969,1.0
0.27156985335909967,1.0
0.2715852896038197,1.0
0.2716007276034561,1.0
0.27161616735830824,1.0
0.2716316088686754,1.0
0.271647052134857,1.0
0.2716624971571526,1.0
0.2716779439358617,1.0
0.271693392471284,1.0
0.2717088427637191,1.0
0.27172429481346677,1.0
0.27173974862082695,1.0
0.27175520418609944,1.0
0.27177066150958423,1.0
0.27178612059158136,1.0
0.2718015814323909,1.0
0.2718170440323131,1.0
0.2718325083916482,1.0
0.2718479745106964,1.0
0.2718634423897582,1.0
0.27187891202913395,1.0
0.2718943834291242,1.0
0.2719098565900296,1.0
0.2719253315121507,1.0
0.27194080819578825,1.0
0.2719562866412431,1.0
0.271971766848816,1.0
0.271987248818808,1.0
0.27200273255151997,1.0
0.27201821804725307,1.0
0.2720337053063084,1.0
0.27204919432898705,1.0
0.27206468511559045,1.0
0.2720801776664199,1.0
0.27209567198177675,1.0
0.2721111680619625,1.0
0.27212666590727874,1.0
0.272142165518027,1.0
0.272157666894509,1.0
0.2721731700370265,1.0
0.2721886749458813,1.0
0.2722041816213753,1.0
0.2722196900638104,1.0
0.2722352002734887,1.0
0.27225071225071223,1.0
0.27226622599578326,1.0
0.27228174150900386,1.0
0.27229725879067646,1.0
0.27231277784110336,1.0
0.27232829866058705,1.0
0.27234382124943,1.0
0.2723593456079348,1.0
0.27237487173640407,1.0
0.2723903996351405,1.0
0.27240592930444696,1.0
0.27242146074462625,1.0
0.2724369939559813,1.0
0.27245252893881505,1.0
0.2724680656934307,1.0
0.2724836042201312,1.0
0.2724991445192198,1.0
0.2725146865909998,1.0
0.27253023043577457,1.0
0.27254577605384744,1.0
0.272561323445522,1.0
0.2725768726111016,1.0
0.27259242355089003,1.0
0.27260797626519084,1.0
0.2726235307543079,1.0
0.27263908701854495,1.0
0.2726546450582059,1.0
0.2726702048735947,1.0
0.2726857664650154,1.0
0.2727013298327721,1.0
0.27271689497716894,1.0
0.2727324618985102,1.0
0.2727480305971001,1.0
0.27276360107324316,1.0
0.27277917332724366,1.0
0.27279474735940623,1.0
0.2728103231700354,1.0
0.27282590075943586,1.0
0.27284148012791226,1.0
0.27285706127576953,1.0
0.2728726442033124,1.0
0.27288822891084585,1.0
0.27290381539867486,1.0
0.2729194036671046,1.0
0.2729349937164401,1.0
0.2729505855469866,1.0
0.27296617915904936,1.0
0.27298177455293376,1.0
0.2729973717289453,1.0
0.2730129706873893,1.0
0.27302857142857145,1.0
0.2730441739527973,1.0
0.2730597782603726,1.0
0.2730753843516031,1.0
0.27309099222679467,1.0
0.27310660188625324,1.0
0.2731222133302847,1.0
0.2731378265591951,1.0
0.27315344157329063,1.0
0.27316905837287747,1.0
0.2731846769582619,1.0
0.27320029732975015,1.0
0.2732159194876487,1.0
0.27323154343226397,1.0
0.27324716916390257,1.0
0.273262796682871,1.0
0.2732784259894761,1.0
0.2732940570840245,1.0
0.27330968996682303,1.0
0.2733253246381786,1.0
0.27334096109839817,1.0
0.2733565993477888,1.0
0.2733722393866575,1.0
0.27338788121531155,1.0
0.2734035248340581,1.0
0.27341917024320456,1.0
0.27343481744305825,1.0
0.2734504664339266,1.0
0.27346611721611724,1.0
0.2734817697899376,1.0
0.2734974241556955,1.0
0.27351308031369853,1.0
0.2735287382642546,1.0
0.2735443980076716,1.0
0.27356005954425744,1.0
0.2735757228743201,1.0
0.2735913879981677,1.0
0.2736070549161083,1.0
0.27362272362845036,1.0
0.27363839413550195,1.0
0.2736697405349676,1.0
0.27368541642799865,1.0
0.27370109411697313,1.0
0.2737167736021998,1.0
0.2737324548839874,1.0
0.2737481379626447,1.0
0.2737638228384805,1.0
0.2737795095118038,1.0
0.2737951979829236,1.0
0.273810888252149,1.0
0.2738265803197891,1.0
0.27384227418615315,1.0
0.2738579698515504,1.0
0.27387366731629026,1.0
0.27388936658068214,1.0
0.2739050676450355,1.0
0.27392077050966,1.0
0.27393647517486525,1.0
0.27395218164096097,1.0
0.2739678899082569,1.0
0.2739835999770629,1.0
0.27399931184768894,1.0
0.27401502552044504,1.0
0.2740307409956412,1.0
0.2740464582735876,1.0
0.2740621773545945,1.0
0.27407789823897205,1.0
0.27409362092703077,1.0
0.27410934541908094,1.0
0.27412507171543316,1.0
0.27414079981639794,1.0
0.274156529722286,1.0
0.27417226143340795,1.0
0.2741879949500746,1.0
0.27420373027259687,1.0
0.2742194674012856,1.0
0.2742352063364518,1.0
0.27425094707840664,1.0
0.2742666896274611,1.0
0.27428243398392654,1.0
0.27429818014811413,1.0
0.2743139281203353,1.0
0.2743296779009014,1.0
0.274345429490124,1.0
0.2743611828883147,1.0
0.274376938095785,1.0
0.2743926951128467,1.0
0.2744084539398116,1.0
0.27442421457699157,1.0
0.27443997702469847,1.0
0.2744557412832443,1.0
0.2744715073529412,1.0
0.2744872752341012,1.0
0.27450304492703664,1.0
0.2745188164320598,1.0
0.27453458974948286,1.0
0.2745503648796185,1.0
0.274566141822779,1.0
0.27458192057927705,1.0
0.2745977011494253,1.0
0.27461348353353643,1.0
0.2746292677319232,1.0
0.27464505374489856,1.0
0.27466084157277537,1.0
0.2746766312158666,1.0
0.27469242267448546,1.0
0.2747240110395584,1.0
0.27473980794663905,1.0
0.2747556066705003,1.0
0.27477140721145554,1.0
0.2747872095698183,1.0
0.2748030137459021,1.0
0.2748188197400207,1.0
0.2748346275524878,1.0
0.2748504371836171,1.0
0.2748662486337226,1.0
0.27488206190311815,1.0
0.2748978769921178,1.0
0.27491369390103565,1.0
0.27492951263018583,1.0
0.2749453331798826,1.0
0.27496115555044026,1.0
0.2749769797421731,1.0
0.2749928057553957,1.0
0.2750086335904225,1.0
0.2750244632475681,1.0
0.27504029472714714,1.0
0.27505612802947443,1.0
0.2750719631548647,1.0
0.27508780010363293,1.0
0.27510363887609396,1.0
0.27511947947256293,1.0
0.2751353218933548,1.0
0.27515116613878493,1.0
0.2751670122091684,1.0
0.27518286010482057,1.0
0.27519870982605693,1.0
0.2752145613731928,1.0
0.2752304147465438,1.0
0.2752462699464255,1.0
0.2752621269731536,1.0
0.2752779858270438,1.0
0.2752938465084121,1.0
0.2753097090175742,1.0
0.27532557335484614,1.0
0.275341439520544,1.0
0.2753573075149839,1.0
0.27537317733848193,1.0
0.27538904899135447,1.0
0.2754049224739178,1.0
0.27542079778648837,1.0
0.2754366749293826,1.0
0.2754525539029171,1.0
0.27546843470740845,1.0
0.2754843173431734,1.0
0.27550020181052876,1.0
0.2755160881097913,1.0
0.2755319762412779,1.0
0.27556375800219157,1.0
0.27557965163225284,1.0
0.27559554709580664,1.0
0.27561144439317026,1.0
0.2756273435246611,1.0
0.2756432444905965,1.0
0.27565914729129404,1.0
0.2756750519270713,1.0
0.2756909583982459,1.0
0.2757068667051356,1.0
0.2757227768480582,1.0
0.2757386888273315,1.0
0.2757546026432735,1.0
0.27577051829620225,1.0
0.2757864357864358,1.0
0.2758023551142923,1.0
0.27581827628009004,1.0
0.2758341992841473,1.0
0.2758501241267825,1.0
0.2758660508083141,1.0
0.27588197932906056,1.0
0.2758979096893406,1.0
0.27591384188947277,1.0
0.2759297759297759,1.0
0.27594571181056887,1.0
0.2759616495321705,1.0
0.2759775890948998,1.0
0.27599353049907577,1.0
0.2760094737450176,1.0
0.2760254188330445,1.0
0.27604136576347565,1.0
0.27605731453663046,1.0
0.2760732651528283,1.0
0.27608921761238875,1.0
0.27610517191563133,1.0
0.27612112806287564,1.0
0.2761370860544414,1.0
0.2761530458906485,1.0
0.27616900757181667,1.0
0.2761849710982659,1.0
0.2762009364703162,1.0
0.27621690368828766,1.0
0.2762328727525004,1.0
0.27624884366327473,1.0
0.2762648164209309,1.0
0.2762807910257893,1.0
0.27629676747817034,1.0
0.27631274577839465,1.0
0.2763287259267827,1.0
0.2763447079236553,1.0
0.2763606917693331,1.0
0.27637667746413697,1.0
0.27639266500838783,1.0
0.2764086544024066,1.0
0.2764246456465143,1.0
0.2764566336862813,1.0
0.276472630482583,1.0
0.2764886291302587,1.0
0.27650462962962963,1.0
0.2765206319810174,1.0
0.2765366361847436,1.0
0.27655264224112985,1.0
0.2765686501504978,1.0
0.27658465991316933,1.0
0.27660067152946627,1.0
0.27661668499971054,1.0
0.27663270032422416,1.0
0.27664871750332926,1.0
0.276664736537348,1.0
0.2766807574266026,1.0
0.27669678017141536,1.0
0.27671280477210863,1.0
0.276728831229005,1.0
0.2767448595424269,1.0
0.27676088971269697,1.0
0.2767929556250724,1.0
0.27680899136782344,1.0
0.2768250289687138,1.0
0.2768410684280665,1.0
0.27685710974620464,1.0
0.2768731529234513,1.0
0.2768891979601298,1.0
0.2769052448565633,1.0
0.2769212936130752,1.0
0.276937344229989,1.0
0.2769533967076281,1.0
0.27696945104631615,1.0
0.2769855072463768,1.0
0.2770015653081338,1.0
0.2770176252319109,1.0
0.2770336870180321,1.0
0.2770497506668213,1.0
0.2770658161786025,1.0
0.27708188355369984,1.0
0.2770979527924375,1.0
0.2771140238951398,1.0
0.27713009686213097,1.0
0.2771461716937355,1.0
0.27716224839027787,1.0
0.2771783269520826,1.0
0.2771944073794744,1.0
0.2772104896727779,1.0
0.27722657383231797,1.0
0.2772426598584194,1.0
0.2772587477514072,1.0
0.2772748375116063,1.0
0.2772909291393419,1.0
0.27730702263493906,1.0
0.27732311799872306,1.0
0.2773392152310193,1.0
0.277355314332153,1.0
0.2773714153024498,1.0
0.2773875181422351,1.0
0.2774036228518347,1.0
0.27741972943157406,1.0
0.2774358378817791,1.0
0.2774519482027757,1.0
0.27746806039488964,1.0
0.2774841744584471,1.0
0.27750029039377394,1.0
0.2775164082011965,1.0
0.2775325278810409,1.0
0.27754864943363344,1.0
0.2775647728593006,1.0
0.27758089815836867,1.0
0.2775970253311643,1.0
0.27761315437801404,1.0
0.27762928529924463,1.0
0.2776454180951827,1.0
0.2776615527661553,1.0
0.2776776893124891,1.0
0.27769382773451123,1.0
0.27770996803254866,1.0
0.2777261102069286,1.0
0.27774225425797827,1.0
0.2777584001860249,1.0
0.27777454799139584,1.0
0.2777906976744186,1.0
0.27780684923542065,1.0
0.27782300267472965,1.0
0.2778391579926731,1.0
0.27785531518957896,1.0
0.2778714742657749,1.0
0.27788763522158894,1.0
0.27790379805734894,1.0
0.277919962773383,1.0
0.2779361293700192,1.0
0.2779522978475858,1.0
0.2779684682064111,1.0
0.27798464044682336,1.0
0.2780008145691511,1.0
0.2780169905737228,1.0
0.278033168460867,1.0
0.2780493482309125,1.0
0.27806552988418787,1.0
0.278081713421022,1.0
0.2780978988417438,1.0
0.2781140861466822,1.0
0.27813027533616624,1.0
0.2781464664105251,1.0
0.2781626593700879,1.0
0.27817885421518396,1.0
0.27819505094614266,1.0
0.27821124956329335,1.0
0.2782274500669656,1.0
0.27824365245748894,1.0
0.27825985673519305,1.0
0.2782760629004077,1.0
0.27829227095346265,1.0
0.2783084808946878,1.0
0.2783246927244131,1.0
0.27834090644296866,1.0
0.2783571220506845,1.0
0.27837333954789095,1.0
0.2783895589349181,1.0
0.2784057802120965,1.0
0.2784220033797564,1.0
0.27843822843822846,1.0
0.27845445538784314,1.0
0.2784706842289311,1.0
0.27848691496182315,1.0
0.2785031475868501,1.0
0.27851938210434274,1.0
0.27853561851463216,1.0
0.27855185681804934,1.0
0.27856809701492535,1.0
0.2785843391055915,1.0
0.278600583090379,1.0
0.2786168289696192,1.0
0.27863307674364357,1.0
0.27864932641278356,1.0
0.2786655779773708,1.0
0.27868183143773695,1.0
0.27871434404713297,1.0
0.2787306031968265,1.0
0.2787468642436264,1.0
0.27876312718786467,1.0
0.2787793920298734,1.0
0.27879565876998486,1.0
0.2788119274085312,1.0
0.278828197945845,1.0
0.2788444703822585,1.0
0.27886074471810435,1.0
0.278877020953715,1.0
0.2788932990894233,1.0
0.27890957912556186,1.0
0.27892586106246353,1.0
0.2789421449004612,1.0
0.2789584306398879,1.0
0.2789747182810767,1.0
0.27899100782436065,1.0
0.279007299270073,1.0
0.2790235926185471,1.0
0.27903988787011624,1.0
0.27905618502511387,1.0
0.2790724840838736,1.0
0.27908878504672896,1.0
0.27910508791401367,1.0
0.27913769936320615,1.0
0.2791540079457817,1.0
0.2791703184341221,1.0
0.27918663082856143,1.0
0.2792029451294338,1.0
0.2792192613370734,1.0
0.2792355794518146,1.0
0.2792518994739918,1.0
0.2792682214039394,1.0
0.27928454524199203,1.0
0.2793008709884843,1.0
0.2793171986437507,1.0
0.2793335282081263,1.0
0.27934985968194576,1.0
0.27936619306554406,1.0
0.27938252835925625,1.0
0.27939886556341736,1.0
0.27941520467836256,1.0
0.2794315457044272,1.0
0.2794478886419464,1.0
0.27946423349125576,1.0
0.2794805802526907,1.0
0.27949692892658673,1.0
0.27951327951327953,1.0
0.27952963201310477,1.0
0.27954598642639833,1.0
0.279562342753496,1.0
0.27957870099473375,1.0
0.27959506115044763,1.0
0.27961142322097376,1.0
0.2796277872066483,1.0
0.27964415310780755,1.0
0.2796605209247878,1.0
0.27967689065792556,1.0
0.2796932623075572,1.0
0.2797096358740194,1.0
0.27972601135764885,1.0
0.2797423887587822,1.0
0.2797587680777563,1.0
0.27977514931490804,1.0
0.2797915324705745,1.0
0.27980791754509254,1.0
0.2798243045387994,1.0
0.27984069345203233,1.0
0.27985708428512857,1.0
0.27987347703842547,1.0
0.27988987171226054,1.0
0.2799062683069713,1.0
0.2799226668228953,1.0
0.27993906726037027,1.0
0.279955469619734,1.0
0.2799718739013243,1.0
0.27998828010547905,1.0
0.2800046882325363,1.0
0.2800210982828342,1.0
0.2800375102567108,1.0
0.2800539241545044,1.0
0.28007033997655334,1.0
0.28008675772319597,1.0
0.2801031773947708,1.0
0.28011959899161637,1.0
0.28013602251407127,1.0
0.28015244796247435,1.0
0.2801688753371643,1.0
0.28018530463848,1.0
0.2802017358667605,1.0
0.28021816902234475,1.0
0.2802346041055718,1.0
0.28025104111678106,1.0
0.2802674800563116,1.0
0.2802839209245028,1.0
0.28030036372169426,1.0
0.28031680844822526,1.0
0.2803332551044356,1.0
0.2803497036906648,1.0
0.2803661542072527,1.0
0.28038260665453907,1.0
0.28039906103286383,1.0
0.28041551734256703,1.0
0.28043197558398875,1.0
0.28044843575746903,1.0
0.2804648978633482,1.0
0.28048136190196654,1.0
0.28049782787366445,1.0
0.28051429577878234,1.0
0.2805307656176609,1.0
0.2805472373906406,1.0
0.2805637110980622,1.0
0.2805801867402666,1.0
0.28059666431759456,1.0
0.28061314383038705,1.0
0.2806296252789851,1.0
0.2806461086637298,1.0
0.28067908124302415,1.0
0.2806955704382564,1.0
0.28071206157100054,1.0
0.2807285546415981,1.0
0.28074504965039077,1.0
0.28076154659772007,1.0
0.2807780454839278,1.0
0.2807945463093559,1.0
0.2808110490743462,1.0
0.2808275537792406,1.0
0.28084406042438137,1.0
0.28086056901011053,1.0
0.2808770795367703,1.0
0.2808935920047031,1.0
0.2809266227657573,1.0
0.2809431410595637,1.0
0.2809596612960132,1.0
0.2809761834754484,1.0
0.2809927075982122,1.0
0.2810092336646474,1.0
0.2810257616750971,1.0
0.28104229162990413,1.0
0.28105882352941175,1.0
0.28107535737396316,1.0
0.28109189316390165,1.0
0.2811084308995705,1.0
0.28112497058131325,1.0
0.28114151220947337,1.0
0.2811580557843945,1.0
0.2811746013064203,1.0
0.2811911487758945,1.0
0.2812076981931611,1.0
0.28122424955856384,1.0
0.28125735813515423,1.0
0.28127391534703006,1.0
0.2813070356196644,1.0
0.2813235986811116,1.0
0.2813401636931049,1.0
0.2813567306559887,1.0
0.28137329957010776,1.0
0.2813898704358068,1.0
0.2814064432534307,1.0
0.2814230180233243,1.0
0.2814395947458326,1.0
0.28145617342130064,1.0
0.28147275405007366,1.0
0.28148933663249676,1.0
0.2815059211689153,1.0
0.28152250765967474,1.0
0.2815390961051205,1.0
0.2815556865055981,1.0
0.28157227886145325,1.0
0.2815888731730316,1.0
0.281605469440679,1.0
0.28162206766474124,1.0
0.2816386678455644,1.0
0.28165526998349444,1.0
0.28167187407887756,1.0
0.2816884801320599,1.0
0.2817050881433878,1.0
0.2817216981132076,1.0
0.28173831004186567,1.0
0.2817549239297087,1.0
0.2817715397770832,1.0
0.28178815758433595,1.0
0.28180477735181364,1.0
0.28182139907986314,1.0
0.28183802276883146,1.0
0.2818546484190656,1.0
0.2818712760309126,1.0
0.28190453714083424,1.0
0.2819211706396035,1.0
0.28193780610137487,1.0
0.2819544435264959,1.0
0.28197108291531425,1.0
0.28198772426817753,1.0
0.2820043675854335,1.0
0.28202101286743003,1.0
0.2820376601145151,1.0
0.2820543093270366,1.0
0.2820709605053427,1.0
0.2820876136497816,1.0
0.28210426876070144,1.0
0.28212092583845066,1.0
0.28213758488337765,1.0
0.2821542458958309,1.0
0.282170908876159,1.0
0.2821875738247106,1.0
0.2822042407418345,1.0
0.2822209096278795,1.0
0.28223758048319453,1.0
0.28225425330812853,1.0
0.28227092810303067,1.0
0.28228760486825005,1.0
0.2823042836041359,1.0
0.2823209643110376,1.0
0.28233764698930447,1.0
0.28235433163928614,1.0
0.2823710182613321,1.0
0.28238770685579195,1.0
0.28240439742301554,1.0
0.28242108996335263,1.0
0.2824377844771532,1.0
0.2824711794265445,1.0
0.2824878798628355,1.0
0.28250458227399045,1.0
0.2825212866603595,1.0
0.28253799302229315,1.0
0.28255470136014194,1.0
0.2825714116742563,1.0
0.282588123964987,1.0
0.2826048382326847,1.0
0.2826215544777002,1.0
0.2826382727003845,1.0
0.2826549929010885,1.0
0.2826717150801633,1.0
0.28268843923796,1.0
0.28270516537482987,1.0
0.28272189349112425,1.0
0.2827386235871945,1.0
0.2827720897200687,1.0
0.28278882575757575,1.0
0.28280556377626515,1.0
0.2828223037764887,1.0
0.28283904575859825,1.0
0.2828557897229458,1.0
0.28287253566988335,1.0
0.2828892835997632,1.0
0.2829060335129374,1.0
0.2829227854097584,1.0
0.2829395392905786,1.0
0.2829562951557503,1.0
0.2829730530056263,1.0
0.28298981284055913,1.0
0.2830065746609015,1.0
0.2830233384670063,1.0
0.2830401042592263,1.0
0.2830568720379147,1.0
0.28307364180342437,1.0
0.28309041355610853,1.0
0.28310718729632045,1.0
0.2831239630244134,1.0
0.28314074074074075,1.0
0.28315752044565606,1.0
0.28317430213951283,1.0
0.2831910858226648,1.0
0.2832078714954656,1.0
0.2832246591582691,1.0
0.28325824045529996,1.0
0.28327503409023536,1.0
0.2832918297165896,1.0
0.28330862733471684,1.0
0.28332542694497154,1.0
0.283342228547708,1.0
0.28335903214328073,1.0
0.2833758377320444,1.0
0.2833926453143535,1.0
0.2834094548905629,1.0
0.2834262664610274,1.0
0.2834430800261019,1.0
0.28345989558614143,1.0
0.283476713141501,1.0
0.2834935326925359,1.0
0.28351035423960125,1.0
0.2835271777830525,1.0
0.2835440033232449,1.0
0.28356083086053413,1.0
0.2835776603952757,1.0
0.28359449192782527,1.0
0.2836113254585386,1.0
0.2836281609877716,1.0
0.2836449985158801,1.0
0.28366183804322015,1.0
0.28367867957014786,1.0
0.28369552309701934,1.0
0.28371236862419097,1.0
0.283729216152019,1.0
0.2837460656808599,1.0
0.2837629172110702,1.0
0.2837797707430065,1.0
0.2837966262770254,1.0
0.2838134838134838,1.0
0.2838303433527385,1.0
0.2838472048951464,1.0
0.28386406844106465,1.0
0.28388093399085024,1.0
0.2838978015448604,1.0
0.28391467110345237,1.0
0.2839315426669836,1.0
0.2839484162358115,1.0
0.2839652918102936,1.0
0.2839821693907875,1.0
0.283999048977651,1.0
0.28401593057124175,1.0
0.2840328141719177,1.0
0.28404969978003686,1.0
0.2840665873959572,1.0
0.2840834770200369,1.0
0.2841003686526341,1.0
0.28411726229410716,1.0
0.28413415794481445,1.0
0.2841510556051145,1.0
0.28416795527536576,1.0
0.28418485695592693,1.0
0.2842017606471568,1.0
0.28421866634941406,1.0
0.2842355740630577,1.0
0.28425248378844664,1.0
0.28426939552594005,1.0
0.28428630927589693,1.0
0.28430322503867667,1.0
0.2843201428146385,1.0
0.2843370626041419,1.0
0.2843539844075463,1.0
0.28437090822521127,1.0
0.28438783405749657,1.0
0.2844047619047619,1.0
0.2844216917673671,1.0
0.28443862364567213,1.0
0.28445555754003693,1.0
0.28447249345082165,1.0
0.28448943137838645,1.0
0.2845063713230916,1.0
0.28452331328529745,1.0
0.28454025726536447,1.0
0.28455720326365314,1.0
0.2845741512805241,1.0
0.2845911013163381,1.0
0.2846080533714558,1.0
0.28462500744623814,1.0
0.2846419635410461,1.0
0.2846589216562407,1.0
0.284675881792183,1.0
0.28469284394923433,1.0
0.2847098081277559,1.0
0.28472677432810917,1.0
0.28474374255065554,1.0
0.2847607127957566,1.0
0.284777685063774,1.0
0.2847946593550694,1.0
0.2848116356700048,1.0
0.2848286140089419,1.0
0.28484559437224277,1.0
0.2848625767602695,1.0
0.2848795611733842,1.0
0.2848965476119492,1.0
0.2849135360763268,1.0
0.28493052656687934,1.0
0.2849475190839695,1.0
0.28496451362795966,1.0
0.2849815101992127,1.0
0.28499850879809124,1.0
0.28501550942495824,1.0
0.2850325120801766,1.0
0.2850495167641093,1.0
0.2850665234771195,1.0
0.2850835322195704,1.0
0.2851005429918253,1.0
0.2851175557942475,1.0
0.28513457062720055,1.0
0.28515158749104796,1.0
0.2851686063861534,1.0
0.2851856273128805,1.0
0.28520265027159314,1.0
0.2852196752626552,1.0
0.28523670228643067,1.0
0.2852537313432836,1.0
0.28527076243357813,1.0
0.2852877955576785,1.0
0.28530483071594914,1.0
0.28532186790875436,1.0
0.28533890713645865,1.0
0.2853559483994267,1.0
0.28537299169802305,1.0
0.28539003703261256,1.0
0.2854070844035601,1.0
0.2854241338112306,1.0
0.285441185255989,1.0
0.2854582387382005,1.0
0.28547529425823026,1.0
0.2854923518164436,1.0
0.28550941141320585,1.0
0.2855264730488825,1.0
0.28556060243844134,1.0
0.2855776701930548,1.0
0.2855947399880454,1.0
0.2856118118237791,1.0
0.2856288857006217,1.0
0.28564596161893946,1.0
0.2856630395790984,1.0
0.2856801195814649,1.0
0.28569720162640516,1.0
0.2857142857142857,1.0
0.28573137184547304,1.0
0.2857484600203337,1.0
0.28576555023923444,1.0
0.28578264250254204,1.0
0.28579973681062326,1.0
0.2858168331638452,1.0
0.2858339315625748,1.0
0.2858510320071792,1.0
0.2858681344980256,1.0
0.28588523903548135,1.0
0.28590234561991384,1.0
0.2859194542516905,1.0
0.2859365649311789,1.0
0.2859536776587468,1.0
0.2859707924347618,1.0
0.2859879092595918,1.0
0.2860050281336047,1.0
0.2860221490571685,1.0
0.2860392720306513,1.0
0.2860563970544214,1.0
0.28607352412884685,1.0
0.28609065325429617,1.0
0.2861077844311377,1.0
0.28612491765974013,1.0
0.2861420529404719,1.0
0.28615919027370185,1.0
0.2861763296597988,1.0
0.28619347109913146,1.0
0.286210614592069,1.0
0.28622776013898044,1.0
0.28624490774023487,1.0
0.28626205739620153,1.0
0.28627920910724985,1.0
0.28629636287374916,1.0
0.286313518696069,1.0
0.286330676574579,1.0
0.2863478365096488,1.0
0.2863649985016482,1.0
0.286382162550947,1.0
0.28639932865791523,1.0
0.2864164968229229,1.0
0.28643366704634016,1.0
0.28645083932853715,1.0
0.2864680136698843,1.0
0.2864851900707519,1.0
0.28650236853151045,1.0
0.2865195490525306,1.0
0.2865367316341829,1.0
0.2865539162768382,1.0
0.28657110298086724,1.0
0.2865882917466411,1.0
0.2866054825745306,1.0
0.286622675464907,1.0
0.2866398704181415,1.0
0.28665706743460523,1.0
0.2866742665146697,1.0
0.28669146765870634,1.0
0.28670867086708673,1.0
0.2867258761401824,1.0
0.28674308347836525,1.0
0.28676029288200694,1.0
0.28677750435147953,1.0
0.2867947178871549,1.0
0.28681193348940515,1.0
0.28682915115860247,1.0
0.28684637089511916,1.0
0.2868635926993276,1.0
0.28688081657160014,1.0
0.2868980425123094,1.0
0.2869152705218279,1.0
0.28693250060052844,1.0
0.2869497327487839,1.0
0.28696696696696694,1.0
0.28698420325545076,1.0
0.2870014416146084,1.0
0.2870186820448129,1.0
0.28703592454643756,1.0
0.2870531691198558,1.0
0.287070415765441,1.0
0.28708766448356665,1.0
0.2871049152746064,1.0
0.28712216813893393,1.0
0.2871394230769231,1.0
0.2871566800889477,1.0
0.28717393917538164,1.0
0.2871912003365992,1.0
0.28720846357297425,1.0
0.2872257288848813,1.0
0.2872429962726945,1.0
0.2872602657367883,1.0
0.2872775372775373,1.0
0.287294810895316,1.0
0.2873120865904991,1.0
0.28736392614422324,1.0
0.2873812101527728,1.0
0.2873984962406015,1.0
0.2874157844080847,1.0
0.28743307465559764,1.0
0.28745036698351584,1.0
0.2874676613922147,1.0
0.2874849578820698,1.0
0.2875022564534569,1.0
0.2875195571067517,1.0
0.28753685984233013,1.0
0.2875541646605681,1.0
0.2875714715618417,1.0
0.28758878054652703,1.0
0.2876060916150003,1.0
0.28762340476763787,1.0
0.2876407200048161,1.0
0.2876580373269115,1.0
0.28767535673430067,1.0
0.28769267822736033,1.0
0.28771000180646716,1.0
0.2877273274719981,1.0
0.28774465522433,1.0
0.28776198506384004,1.0
0.28777931699090525,1.0
0.2877966510059029,1.0
0.2878139871092103,1.0
0.2878313253012048,1.0
0.287848665582264,1.0
0.2878660079527654,1.0
0.2878833524130867,1.0
0.2879006989636057,1.0
0.2879180476047002,1.0
0.28793539833674825,1.0
0.28795275116012775,1.0
0.28797010607521695,1.0
0.2879874630823941,1.0
0.2880048221820374,1.0
0.2880221833745253,1.0
0.2880395466602363,1.0
0.28805691203954903,1.0
0.28807427951284215,1.0
0.28809164908049445,1.0
0.2881090207428847,1.0
0.28812639450039196,1.0
0.2881437703533952,1.0
0.2881611483022737,1.0
0.28817852834740654,1.0
0.28819591048917303,1.0
0.2882132947279527,1.0
0.28823068106412497,1.0
0.2882480694980695,1.0
0.2882654600301659,1.0
0.288282852660794,1.0
0.28830024739033366,1.0
0.28831764421916484,1.0
0.2883350431476676,1.0
0.2883524441762221,1.0
0.28836984730520854,1.0
0.28838725253500724,1.0
0.28840465986599867,1.0
0.28842206929856334,1.0
0.2884394808330818,1.0
0.2884568944699348,1.0
0.2884743102095031,1.0
0.2884917280521676,1.0
0.2885091479983093,1.0
0.28852657004830917,1.0
0.28854399420254845,1.0
0.28856142046140837,1.0
0.2885788488252703,1.0
0.2885962792945156,1.0
0.28861371186952584,1.0
0.2886311465506826,1.0
0.2886485833383677,1.0
0.2886660222329628,1.0
0.28868346323484984,1.0
0.28870090634441087,1.0
0.2887183515620279,1.0
0.28873579888808315,1.0
0.28875324832295884,1.0
0.28877069986703735,1.0
0.28878815352070114,1.0
0.2888056092843327,1.0
0.2888230671583147,1.0
0.2888405271430299,1.0
0.288857989238861,1.0
0.28887545344619103,1.0
0.288892919765403,1.0
0.2889103881968799,1.0
0.288927858741005,1.0
0.2889453313981616,1.0
0.288962806168733,1.0
0.2889802830531027,1.0
0.2889977620516543,1.0
0.28901524316477134,1.0
0.2890327263928377,1.0
0.28905021173623713,1.0
0.28906769919535363,1.0
0.28908518877057116,1.0
0.28910268046227383,1.0
0.28912017427084596,1.0
0.2891376701966717,1.0
0.28915516824013554,1.0
0.289172668401622,1.0
0.28919017068151553,1.0
0.28920767508020095,1.0
0.28922518159806293,1.0
0.28924269023548643,1.0
0.28926020099285626,1.0
0.2892777138705576,1.0
0.2892952288689755,1.0
0.2893127459884953,1.0
0.2893302652295022,1.0
0.28934778659238175,1.0
0.28936531007751937,1.0
0.2893828356853007,1.0
0.2894003634161115,1.0
0.2894178932703374,1.0
0.2894354252483644,1.0
0.2894529593505785,1.0
0.2894704955773658,1.0
0.2894880339291124,1.0
0.28950557440620456,1.0
0.28952311700902866,1.0
0.28954066173797116,1.0
0.2895582085934186,1.0
0.2895757575757576,1.0
0.28959330868537486,1.0
0.2896108619226573,1.0
0.28962841728799177,1.0
0.2896459747817653,1.0
0.289663534404365,1.0
0.289681096156178,1.0
0.2896986600375917,1.0
0.28971622604899344,1.0
0.2897337941907707,1.0
0.2897513644633111,1.0
0.2897689368670022,1.0
0.28978651140223194,1.0
0.289804088069388,1.0
0.2898216668688584,1.0
0.28983924780103126,1.0
0.2898744160650367,1.0
0.2898920033976459,1.0
0.2899095928645106,1.0
0.2899271844660194,1.0
0.2899447782025608,1.0
0.28996237407452363,1.0
0.28997997208229653,1.0
0.2899975722262685,1.0
0.2900151745068285,1.0
0.2900327789243657,1.0
0.2900503854792691,1.0
0.29006799417192813,1.0
0.29008560500273206,1.0
0.29010321797207045,1.0
0.29012083308033276,1.0
0.2901384503279087,1.0
0.2901560697151879,1.0
0.2901736912425604,1.0
0.29019131491041605,1.0
0.2902089407191448,1.0
0.2902265686691369,1.0
0.2902441987607824,1.0
0.2902618309944718,1.0
0.2902794653705954,1.0
0.29031474055170736,1.0
0.2903323813574771,1.0
0.29035002430724355,1.0
0.29036766940139774,1.0
0.2903853166403306,1.0
0.2904029660244332,1.0
0.29042061755409676,1.0
0.2904382712297125,1.0
0.2904559270516717,1.0
0.29047358502036597,1.0
0.2904912451361868,1.0
0.29050890739952573,1.0
0.2905265718107747,1.0
0.29054423837032534,1.0
0.2905619070785697,1.0
0.2905795779358998,1.0
0.2905972509427077,1.0
0.29061492609938566,1.0
0.290632603406326,1.0
0.29065028286392114,1.0
0.29066796447256354,1.0
0.29068564823264587,1.0
0.29070333414456073,1.0
0.29072102220870094,1.0
0.2907387124254594,1.0
0.29075640479522913,1.0
0.2907740993184031,1.0
0.2907917959953746,1.0
0.29080949482653684,1.0
0.29082719581228317,1.0
0.2908448989530071,1.0
0.2908626042491021,1.0
0.2908803117009619,1.0
0.29089802130898024,1.0
0.2909157330735509,1.0
0.2909334469950679,1.0
0.2909511630739252,1.0
0.290968881310517,1.0
0.2909866017052375,1.0
0.29100432425848105,1.0
0.291022048970642,1.0
0.2910397758421149,1.0
0.29105750487329435,1.0
0.2910752360645751,1.0
0.2910929694163519,1.0
0.2911107049290197,1.0
0.29112844260297344,1.0
0.29114618243860824,1.0
0.29116392443631933,1.0
0.2911816685965019,1.0
0.2911994149195514,1.0
0.29121716340586334,1.0
0.29123491405583324,1.0
0.29125266686985674,1.0
0.2912704218483297,1.0
0.2912881789916479,1.0
0.2913059383002073,1.0
0.291323699774404,1.0
0.2913414634146341,1.0
0.291359229221294,1.0
0.29137699719477983,1.0
0.2913947673354882,1.0
0.2914125396438156,1.0
0.2914303141201586,1.0
0.291448090764914,1.0
0.29146586957847864,1.0
0.29148365056124936,1.0
0.2915014337136233,1.0
0.29151921903599753,1.0
0.2915370065287693,1.0
0.2915547961923359,1.0
0.2915725880270946,1.0
0.2915903820334432,1.0
0.2916081782117791,1.0
0.2916259765625,1.0
0.2916437770860038,1.0
0.2916615797826883,1.0
0.29167938465295157,1.0
0.2916971916971917,1.0
0.2917150009158068,1.0
0.2917328123091953,1.0
0.2917506258777554,1.0
0.2917684416218857,1.0
0.2917862595419847,1.0
0.29180407963845123,1.0
0.2918219019116839,1.0
0.2918397263620816,1.0
0.29185755299004335,1.0
0.2918753817959682,1.0
0.2918932127802554,1.0
0.291911045943304,1.0
0.29192888128551353,1.0
0.2919467188072834,1.0
0.29196455850901315,1.0
0.2919824003911024,1.0
0.292000244453951,1.0
0.2920180906979587,1.0
0.29203593912352543,1.0
0.29205378973105134,1.0
0.2920716425209365,1.0
0.2920894974935811,1.0
0.2921073546493856,1.0
0.2921252139887503,1.0
0.2921430755120758,1.0
0.29217880511221184,1.0
0.2921966731898239,1.0
0.2922145434529998,1.0
0.29223241590214066,1.0
0.29225029053764756,1.0
0.2922681673599217,1.0
0.2922860463693644,1.0
0.2923039275663771,1.0
0.2923218109513613,1.0
0.29233969652471853,1.0
0.29235758428685066,1.0
0.29237547423815935,1.0
0.29239336637904656,1.0
0.2924112607099143,1.0
0.2924291572311647,1.0
0.2924470559431999,1.0
0.2924649568464222,1.0
0.2924828599412341,1.0
0.292500765228038,1.0
0.2925186727072364,1.0
0.29253658237923225,1.0
0.29255449424442814,1.0
0.292572408303227,1.0
0.29259032455603184,1.0
0.2926082430032458,1.0
0.29262616364527194,1.0
0.2926440864825136,1.0
0.29266201151537424,1.0
0.2926799387442573,1.0
0.2926978681695663,1.0
0.292715799791705,1.0
0.2927337336110771,1.0
0.2927516696280865,1.0
0.29276960784313727,1.0
0.2927875482566334,1.0
0.29280549086897906,1.0
0.29282343568057856,1.0
0.29284138269183624,1.0
0.2928593319031566,1.0
0.2928772833149442,1.0
0.2928952369276038,1.0
0.29291319274154,1.0
0.29293115075715775,1.0
0.29294911097486204,1.0
0.29296707339505795,1.0
0.2929850380181506,1.0
0.2930030048445453,1.0
0.2930209738746474,1.0
0.2930389451088623,1.0
0.2930569185475957,1.0
0.29307489419125315,1.0
0.2930928720402405,1.0
0.2931288343558282,1.0
0.2931468188232407,1.0
0.2931648054976071,1.0
0.29318279437933364,1.0
0.2932007854688267,1.0
0.29321877876649277,1.0
0.2932367742727384,1.0
0.2932547719879703,1.0
0.29327277191259515,1.0
0.2932907740470198,1.0
0.2933087783916513,1.0
0.2933267849468967,1.0
0.2933447937131631,1.0
0.29336280469085774,1.0
0.29338081788038806,1.0
0.2933988332821615,1.0
0.2934168508965856,1.0
0.29343487072406804,1.0
0.29345289276501657,1.0
0.2934709170198391,1.0
0.2934889434889435,1.0
0.29350697217273786,1.0
0.29352500307163043,1.0
0.2935430361860294,1.0
0.2935610715163431,1.0
0.29357910906298,1.0
0.2935971488263488,1.0
0.293615190806858,1.0
0.29363323500491645,1.0
0.29365128142093294,1.0
0.29366933005531654,1.0
0.29368738090847624,1.0
0.2937054339808212,1.0
0.2937234892727608,1.0
0.2937596065170612,1.0
0.293777668470241,1.0
0.29379573264465353,1.0
0.2938137990407084,1.0
0.2938318676588156,1.0
0.293849938499385,1.0
0.29386801156282677,1.0
0.293886086849551,1.0
0.293904164359968,1.0
0.2939222440944882,1.0
0.293940326053522,1.0
0.29395841023748,1.0
0.2939764966467729,1.0
0.2939945852818115,1.0
0.2940126761430066,1.0
0.2940307692307692,1.0
0.2940488645455105,1.0
0.29406696208764155,1.0
0.2940850618575737,1.0
0.29410316385571833,1.0
0.2941212680824869,1.0
0.2941393745382911,1.0
0.29415748322354246,1.0
0.29417559413865285,1.0
0.2941937072840342,1.0
0.29421182266009854,1.0
0.29422994026725785,1.0
0.29424806010592436,1.0
0.29426618217651046,1.0
0.29428430647942844,1.0
0.29430243301509085,1.0
0.29433869278629954,1.0
0.29435682602267127,1.0
0.2943749614934385,1.0
0.2943930991990142,1.0
0.29441123913981143,1.0
0.2944293813162435,1.0
0.29444752572872374,1.0
0.29446567237766547,1.0
0.29448382126348227,1.0
0.29452012574739567,1.0
0.2945382813463198,1.0
0.2945564391837741,1.0
0.29457459926017265,1.0
0.29459276157592945,1.0
0.2946109261314589,1.0
0.2946290929271752,1.0
0.29464726196349283,1.0
0.2946654332408264,1.0
0.2946836067595905,1.0
0.29470178252019985,1.0
0.2947199605230693,1.0
0.2947381407686139,1.0
0.2947563232572486,1.0
0.2947745079893886,1.0
0.2947926949654492,1.0
0.2948108841858456,1.0
0.2948290756509935,1.0
0.29484726936130823,1.0
0.29486546531720564,1.0
0.2948836635191014,1.0
0.2949018639674114,1.0
0.2949200666625517,1.0
0.2949382716049383,1.0
0.2949564787949873,1.0
0.2949746882331152,1.0
0.2949928999197382,1.0
0.2950111138552729,1.0
0.2950293300401358,1.0
0.29504754847474374,1.0
0.2950657691595134,1.0
0.29508399209486164,1.0
0.2951022172812056,1.0
0.2951204447189623,1.0
0.295138674408549,1.0
0.295156906350383,1.0
0.2951751405448817,1.0
0.2951933769924626,1.0
0.2952116156935434,1.0
0.2952298566485418,1.0
0.29524809985787553,1.0
0.29526634532196266,1.0
0.2952845930412212,1.0
0.29530284301606924,1.0
0.295321095246925,1.0
0.29533934973420695,1.0
0.2953576064783334,1.0
0.29537586547972305,1.0
0.29539412673879445,1.0
0.2954123902559664,1.0
0.2954306560316577,1.0
0.2954489240662874,1.0
0.2954671943602746,1.0
0.2954854669140383,1.0
0.29550374172799804,1.0
0.295522018802573,1.0
0.2955402981381827,1.0
0.2955585797352468,1.0
0.29557686359418495,1.0
0.29559514971541695,1.0
0.29561343809936275,1.0
0.2956317287464423,1.0
0.29565002165707566,1.0
0.29566831683168315,1.0
0.29568661427068504,1.0
0.29570491397450177,1.0
0.2957232159435539,1.0
0.29574152017826194,1.0
0.2957598266790467,1.0
0.2957781354463291,1.0
0.29579644648052994,1.0
0.29581475978207034,1.0
0.29583307535137143,1.0
0.2958513931888545,1.0
0.2958697132949409,1.0
0.295888035670052,1.0
0.29590636031460954,1.0
0.29592468722903503,1.0
0.29594301641375037,1.0
0.2959613478691774,1.0
0.29597968159573806,1.0
0.2959980175938545,1.0
0.296016355863949,1.0
0.29603469640644364,1.0
0.29605303922176096,1.0
0.2960713843103235,1.0
0.29608973167255376,1.0
0.29610808130887456,1.0
0.2961264332197087,1.0
0.2961447874054791,1.0
0.2961631438666088,1.0
0.29618150260352094,1.0
0.29619986361663875,1.0
0.2962182269063856,1.0
0.29623659247318496,1.0
0.2962549603174603,1.0
0.2962733304396354,1.0
0.29629170284013395,1.0
0.2963100775193798,1.0
0.2963284544777971,1.0
0.2963468337158097,1.0
0.29636521523384196,1.0
0.2963835990323181,1.0
0.29640198511166255,1.0
0.29642037347229977,1.0
0.2964387641146544,1.0
0.2964571570391512,1.0
0.29647555224621497,1.0
0.2964939497362706,1.0
0.2965123495097431,1.0
0.29653075156705766,1.0
0.2965491559086395,1.0
0.296567562534914,1.0
0.29658597144630666,1.0
0.2966043826432429,1.0
0.2966227961261485,1.0
0.2966412118954492,1.0
0.29665962995157086,1.0
0.29667805029493943,1.0
0.2966964729259811,1.0
0.296714897845122,1.0
0.2967333250527885,1.0
0.2967517545494069,1.0
0.29677018633540375,1.0
0.2967886204112057,1.0
0.2968070567772394,1.0
0.2968254954339318,1.0
0.29684393638170975,1.0
0.2968623796210003,1.0
0.29688082515223063,1.0
0.296899272975828,1.0
0.29691772309221975,1.0
0.2969361755018333,1.0
0.2969546302050963,1.0
0.2969730872024364,1.0
0.29699154649428144,1.0
0.2970284719631978,1.0
0.29704693814112526,1.0
0.2970654066152698,1.0
0.2970838773860598,1.0
0.29710235045392364,1.0
0.29712082581928984,1.0
0.29713930348258705,1.0
0.29715778344424404,1.0
0.29717626570468963,1.0
0.2971947502643528,1.0
0.2972132371236626,1.0
0.2972317262830482,1.0
0.2972502177429389,1.0
0.29726871150376405,1.0
0.2972872075659532,1.0
0.2973057059299359,1.0
0.2973242065961419,1.0
0.2973427095650009,1.0
0.297361214836943,1.0
0.2973797224123981,1.0
0.29739823229179635,1.0
0.297416744475568,1.0
0.2974352589641434,1.0
0.29745377575795307,1.0
0.2974722948574275,1.0
0.29749081626299734,1.0
0.2975093399750934,1.0
0.2975278659941466,1.0
0.2975463943205879,1.0
0.2975649249548484,1.0
0.29758345789735924,1.0
0.29760199314855185,1.0
0.2976205307088576,1.0
0.29763907057870803,1.0
0.29765761275853475,1.0
0.29767615724876956,1.0
0.2976947040498442,1.0
0.29771325316219077,1.0
0.29773180458624127,1.0
0.29775035832242785,1.0
0.2977874727329386,1.0
0.29780603340812767,1.0
0.29782459639718256,1.0
0.2978431617005361,1.0
0.29786172931862104,1.0
0.2978802992518703,1.0
0.297898871500717,1.0
0.2979174460655942,1.0
0.2979360229469352,1.0
0.2979546021451734,1.0
0.2979731836607421,1.0
0.2979917674940751,1.0
0.29801035364560596,1.0
0.29802894211576847,1.0
0.2980475329049966,1.0
0.2980661260137243,1.0
0.2980847214423857,1.0
0.29810331919141503,1.0
0.29812191926124665,1.0
0.29814052165231497,1.0
0.2981591263650546,1.0
0.29817773339990017,1.0
0.2981963427572864,1.0
0.2982149544376482,1.0
0.2982335684414206,1.0
0.2982521847690387,1.0
0.29827080342093765,1.0
0.29828942439755274,1.0
0.29830804769931946,1.0
0.29832667332667334,1.0
0.29834530128004993,1.0
0.2983639315598851,1.0
0.29838256416661463,1.0
0.2984011991006745,1.0
0.2984198363625008,1.0
0.29843847595252965,1.0
0.29845711787119744,1.0
0.29847576211894056,1.0
0.2984944086961954,1.0
0.29851305760339875,1.0
0.2985317088409872,1.0
0.29855036240939764,1.0
0.29856901830906707,1.0
0.29858767654043245,1.0
0.29860633710393103,1.0
0.298625,1.0
0.2986436652290768,1.0
0.29866233279159893,1.0
0.298681002688004,1.0
0.2986996749187297,1.0
0.29871834948421383,1.0
0.29873702638489436,1.0
0.2987557056212093,1.0
0.2987743871935968,1.0
0.29879307110249514,1.0
0.2988117573483427,1.0
0.298830445931578,1.0
0.2988491368526395,1.0
0.298867830111966,1.0
0.29888652570999624,1.0
0.2989052236471692,1.0
0.2989239239239239,1.0
0.2989426265406995,1.0
0.2989613314979352,1.0
0.2989800387960703,1.0
0.2989987484355444,1.0
0.29901746041679705,1.0
0.2990361747402679,1.0
0.2990548914063967,1.0
0.2990736104156234,1.0
0.2990923317683881,1.0
0.29911105546513084,1.0
0.2991297815062919,1.0
0.29914850989231156,1.0
0.2991672406236303,1.0
0.2991859737006888,1.0
0.2992047091239276,1.0
0.29922344689378755,1.0
0.2992421870107096,1.0
0.29926092947513466,1.0
0.2992796742875039,1.0
0.2992984214482586,1.0
0.29931717095784,1.0
0.29933592281668964,1.0
0.29935467702524904,1.0
0.2993734335839599,1.0
0.299392192493264,1.0
0.2994109537536032,1.0
0.29942971736541957,1.0
0.2994484833291552,1.0
0.2994672516452523,1.0
0.29948602231415317,1.0
0.29950479533630037,1.0
0.2995235707121364,1.0
0.2995423484421039,1.0
0.2995611285266458,1.0
0.2995799109662048,1.0
0.299598695761224,1.0
0.29961748291214646,1.0
0.29963627241941554,1.0
0.29965506428347444,1.0
0.2996738585047667,1.0
0.2996926550837358,1.0
0.2997114540208255,1.0
0.2997302553164795,1.0
0.2997490589711418,1.0
0.2997678649852563,1.0
0.2997866733592672,1.0
0.2998054840936186,1.0
0.29982429718875503,1.0
0.2998431126451208,1.0
0.29986193046316056,1.0
0.29988075064331887,1.0
0.29989957318604066,1.0
0.2999183980917708,1.0
0.2999372253609542,1.0
0.29995605499403605,1.0
0.2999748869914616,1.0
0.29999372135367613,1.0
0.3000125580811252,1.0
0.3000313971742543,1.0
0.30005023863350916,1.0
0.30006908245933556,1.0
0.30008792865217937,1.0
0.30010677721248663,1.0
0.30012562814070354,1.0
0.30014448143727623,1.0
0.3001633371026511,1.0
0.3001821951372746,1.0
0.3002010555415934,1.0
0.30021991831605405,1.0
0.30023878346110344,1.0
0.3002576509771885,1.0
0.30027652086475615,1.0
0.3002953931242537,1.0
0.30031426775612824,1.0
0.30033314476082723,1.0
0.3003520241387981,1.0
0.3003709058904885,1.0
0.300389790016346,1.0
0.30040867651681863,1.0
0.3004275653923541,1.0
0.30044645664340064,1.0
0.3004653502704062,1.0
0.30048424627381926,1.0
0.30050314465408806,1.0
0.3005220454116611,1.0
0.30054094854698704,1.0
0.30055985406051455,1.0
0.3005787619526925,1.0
0.3005976722239698,1.0
0.30061658487479553,1.0
0.30063549990561883,1.0
0.300654417316889,1.0
0.3006733371090554,1.0
0.30069225928256765,1.0
0.30071118383787526,1.0
0.300730110775428,1.0
0.3007490400956757,1.0
0.30076797179906833,1.0
0.30078690588605606,1.0
0.3008058423570889,1.0
0.30082478121261724,1.0
0.30084372245309154,1.0
0.3008626660789623,1.0
0.3008816120906801,1.0
0.30090056048869573,1.0
0.3009195112734601,1.0
0.3009384644454242,1.0
0.30095742000503906,1.0
0.3009763779527559,1.0
0.3009953382890261,1.0
0.301014301014301,1.0
0.30103326612903225,1.0
0.30105223363367145,1.0
0.30107120352867045,1.0
0.30109017581448105,1.0
0.30110915049155534,1.0
0.30112812756034535,1.0
0.30114710702130343,1.0
0.30116608887488183,1.0
0.30118507312153303,1.0
0.30120405976170966,1.0
0.3012230487958643,1.0
0.3012420402244499,1.0
0.3012610340479193,1.0
0.3012800302667255,1.0
0.3012990288813217,1.0
0.30131802989216117,1.0
0.3013370332996973,1.0
0.30135603910438347,1.0
0.3013750473066734,1.0
0.30139405790702073,1.0
0.3014130709058794,1.0
0.3014320863037032,1.0
0.3014511041009464,1.0
0.30147012429806297,1.0
0.3014891468955073,1.0
0.30150817189373386,1.0
0.30152719929319705,1.0
0.3015462290943515,1.0
0.3015652612976521,1.0
0.3015842959035536,1.0
0.30160333291251107,1.0
0.30162237232497946,1.0
0.30164141414141415,1.0
0.30166045836227035,1.0
0.30167950498800356,1.0
0.30169855401906925,1.0
0.3017176054559232,1.0
0.30173665929902116,1.0
0.30175571554881897,1.0
0.30177477420577276,1.0
0.30179383527033854,1.0
0.3018128987429726,1.0
0.3018319646241314,1.0
0.3018510329142713,1.0
0.30187010361384886,1.0
0.3018891767233209,1.0
0.3019082522431442,1.0
0.30192733017377565,1.0
0.3019464105156724,1.0
0.30196549326929156,1.0
0.30198457843509036,1.0
0.30200366601352635,1.0
0.3020227560050569,1.0
0.3020418484101397,1.0
0.3020609432292325,1.0
0.3020800404627932,1.0
0.3020991401112797,1.0
0.30211824217515015,1.0
0.3021373466548628,1.0
0.30215645355087584,1.0
0.3021755628636479,1.0
0.30219467459363736,1.0
0.30221378874130295,1.0
0.30223290530710356,1.0
0.302252024291498,1.0
0.3022711456949453,1.0
0.3022902695179046,1.0
0.30230939576083515,1.0
0.3023285244241964,1.0
0.3023476555084478,1.0
0.30236678901404884,1.0
0.3023859249414594,1.0
0.30240506329113925,1.0
0.3024242040635483,1.0
0.30244334725914673,1.0
0.3024624928783946,1.0
0.30248164092175234,1.0
0.3025007913896803,1.0
0.30251994428263895,1.0
0.3025390996010891,1.0
0.3025582573454914,1.0
0.30257741751630673,1.0
0.3025965801139962,1.0
0.30261574513902084,1.0
0.3026349125918419,1.0
0.30265408247292075,1.0
0.3026732547827189,1.0
0.30269242952169784,1.0
0.3027116066903193,1.0
0.30273078628904515,1.0
0.30274996831833734,1.0
0.3027691527786579,1.0
0.302788339670469,1.0
0.30280752899423286,1.0
0.30282672075041195,1.0
0.30284591493946883,1.0
0.30286511156186613,1.0
0.3028843106180666,1.0
0.302903512108533,1.0
0.3029227160337285,1.0
0.30294192239411616,1.0
0.30296113119015916,1.0
0.30298034242232086,1.0
0.30299955609106477,1.0
0.3030187721968544,1.0
0.3030379907401535,1.0
0.30305721172142586,1.0
0.3030764351411354,1.0
0.3030956609997463,1.0
0.3031148892977225,1.0
0.3031341200355285,1.0
0.3031533532136286,1.0
0.3031725888324873,1.0
0.30319182689256935,1.0
0.3032110673943394,1.0
0.30323031033826237,1.0
0.3032495557248033,1.0
0.30326880355442715,1.0
0.3032880538275993,1.0
0.3033073065447851,1.0
0.30332656170644995,1.0
0.3033458193130595,1.0
0.30336507936507934,1.0
0.3033843418629754,1.0
0.3034036068072136,1.0
0.30342287419826,1.0
0.3034421440365807,1.0
0.3034614163226421,1.0
0.30348069105691056,1.0
0.30349996823985265,1.0
0.30351924787193496,1.0
0.3035385299536243,1.0
0.30355781448538754,1.0
0.30357710146769173,1.0
0.30359639090100393,1.0
0.30361568278579143,1.0
0.30363497712252163,1.0
0.3036542739116619,1.0
0.30367357315367993,1.0
0.3036928748490434,1.0
0.3037121789982202,1.0
0.30373148560167823,1.0
0.3037507946598856,1.0
0.30377010617331046,1.0
0.30378942014242116,1.0
0.30380873656768614,1.0
0.303828055449574,1.0
0.3038473767885533,1.0
0.30386670058509285,1.0
0.30388602683966165,1.0
0.3039246867247631,1.0
0.3039440203562341,1.0
0.3039633564476112,1.0
0.3039826949993638,1.0
0.3040020360119616,1.0
0.30402137948587427,1.0
0.30404072542157173,1.0
0.304060073819524,1.0
0.3040794246802011,1.0
0.30411813379161096,1.0
0.30413749204328455,1.0
0.30415685275956456,1.0
0.3041762159409218,1.0
0.30419558158782706,1.0
0.3042149497007513,1.0
0.30423432028016556,1.0
0.304253693326541,1.0
0.304273068840349,1.0
0.30429244682206086,1.0
0.3043118272721483,1.0
0.3043312101910828,1.0
0.30435059557933625,1.0
0.30436998343738053,1.0
0.3043893737656877,1.0
0.30440876656472987,1.0
0.3044281618349793,1.0
0.3044475595769084,1.0
0.3044669597909896,1.0
0.3044863624776956,1.0
0.3045251752708732,1.0
0.30454458537829054,1.0
0.3045639979602244,1.0
0.304583413017148,1.0
0.30460283054953463,1.0
0.3046222505578578,1.0
0.30464167304259115,1.0
0.3046610980042084,1.0
0.30468052544318325,1.0
0.3046999553599898,1.0
0.3047388226289942,1.0
0.30475825998214057,1.0
0.3047776998150156,1.0
0.3047971421280939,1.0
0.3048165869218501,1.0
0.304836034196759,1.0
0.3048554839532955,1.0
0.3048749361919347,1.0
0.3048943909131517,1.0
0.30491384811742184,1.0
0.3049333078052205,1.0
0.30495276997702325,1.0
0.3049722346333057,1.0
0.3049917017745436,1.0
0.3050111714012129,1.0
0.30503064351378956,1.0
0.3050501181127498,1.0
0.3050695951985698,1.0
0.3050890747717259,1.0
0.3051085568326948,1.0
0.3051280413819529,1.0
0.305147528419977,1.0
0.30516701794724405,1.0
0.30518650996423097,1.0
0.3052060044714149,1.0
0.305225501469273,1.0
0.3052450009582828,1.0
0.30526450293892154,1.0
0.305284007411667,1.0
0.3053035143769968,1.0
0.30532302383538884,1.0
0.30534253578732107,1.0
0.30536205023327156,1.0
0.3053815671737185,1.0
0.3054010866091403,1.0
0.30542060854001535,1.0
0.3054401329668222,1.0
0.30545965989003965,1.0
0.3054791893101464,1.0
0.3054987212276215,1.0
0.30551825564294394,1.0
0.3055377925565929,1.0
0.3055573319690478,1.0
0.3055768738807879,1.0
0.30559641829229295,1.0
0.3056159652040425,1.0
0.30563551461651634,1.0
0.3056550665301945,1.0
0.3056746209455569,1.0
0.30569417786308384,1.0
0.30571373728325546,1.0
0.30573329920655234,1.0
0.30575286363345494,1.0
0.30577243056444386,1.0
0.305792,1.0
0.3058115719406042,1.0
0.30583114638673753,1.0
0.3058507233388811,1.0
0.30587030279751615,1.0
0.3058898847631242,1.0
0.30590946923618667,1.0
0.3059290562171853,1.0
0.3059486457066018,1.0
0.30596823770491804,1.0
0.30598783221261605,1.0
0.30600742923017804,1.0
0.3060270287580862,1.0
0.306046630796823,1.0
0.3060662353468708,1.0
0.30608584240871234,1.0
0.3061054519828304,1.0
0.30612506406970785,1.0
0.30614467866982764,1.0
0.30616429578367294,1.0
0.306183915411727,1.0
0.3062035375544732,1.0
0.30622316221239504,1.0
0.30624278938597616,1.0
0.3062624190757003,1.0
0.30628205128205127,1.0
0.30630168600551316,1.0
0.3063213232465701,1.0
0.30634096300570623,1.0
0.30636060528340603,1.0
0.3063802500801539,1.0
0.30639989739643453,1.0
0.3064195472327326,1.0
0.3064391995895331,1.0
0.3064588544673209,1.0
0.30647851186658115,1.0
0.3064981717877991,1.0
0.3065178342314601,1.0
0.3065374991980497,1.0
0.3065571666880534,1.0
0.306576836701957,1.0
0.3065965092402464,1.0
0.30661618430340754,1.0
0.3066358618919266,1.0
0.3066555420062897,1.0
0.3066752246469833,1.0
0.3066949098144939,1.0
0.306714597509308,1.0
0.3067342877319124,1.0
0.30675398048279406,1.0
0.3067736757624398,1.0
0.30679337357133685,1.0
0.30681307390997237,1.0
0.3068327767788338,1.0
0.3068524821784086,1.0
0.3068721901091843,1.0
0.3068919005716488,1.0
0.3069116135662898,1.0
0.30693132909359544,1.0
0.3069510471540537,1.0
0.3069707677481529,1.0
0.3069904908763814,1.0
0.30701021653922766,1.0
0.3070299447371803,1.0
0.3070496754707281,1.0
0.3070694087403599,1.0
0.3071088828898316,1.0
0.30712862377064987,1.0
0.3071483671895089,1.0
0.3071681131468981,1.0
0.3071878616433072,1.0
0.30720761267922586,1.0
0.307227366255144,1.0
0.30724712237155166,1.0
0.3072668810289389,1.0
0.307286642227796,1.0
0.3073064059686133,1.0
0.3073261722518814,1.0
0.3073459410780908,1.0
0.30736571244773236,1.0
0.307385486361297,1.0
0.30740526281927555,1.0
0.3074250418221593,1.0
0.3074448233704395,1.0
0.30746460746460746,1.0
0.30750418329257306,1.0
0.30752397502735407,1.0
0.3075437693099897,1.0
0.307563566140972,1.0
0.3075833655207931,1.0
0.30760316744994526,1.0
0.30762297192892096,1.0
0.3076427789582126,1.0
0.30766258853831296,1.0
0.30768240066971475,1.0
0.30770221535291087,1.0
0.3077220325883944,1.0
0.3077418523766585,1.0
0.30776167471819643,1.0
0.30778149961350165,1.0
0.30780132706306773,1.0
0.3078211570673882,1.0
0.30784098962695705,1.0
0.30786082474226806,1.0
0.30788066241381534,1.0
0.30790050264209307,1.0
0.30792034542759555,1.0
0.30794019077081725,1.0
0.30796003867225263,1.0
0.30797988913239654,1.0
0.3079997421517437,1.0
0.3080195977307891,1.0
0.30803945587002773,1.0
0.3080593165699549,1.0
0.3080791798310658,1.0
0.3080990456538561,1.0
0.3081189140388212,1.0
0.30813878498645686,1.0
0.30815865849725893,1.0
0.30817853457172345,1.0
0.3081984132103464,1.0
0.308218294413624,1.0
0.3082381781820528,1.0
0.308258064516129,1.0
0.30827795341634945,1.0
0.3082978448832107,1.0
0.30831773891720976,1.0
0.3083376355188436,1.0
0.3083575346886092,1.0
0.308377436427004,1.0
0.3083973407345253,1.0
0.30841724761167055,1.0
0.30843715705893743,1.0
0.3084769836658274,1.0
0.30849690082644626,1.0
0.3085168205591787,1.0
0.3085367428645228,1.0
0.3085566677429771,1.0
0.30857659519504005,1.0
0.30859652522121034,1.0
0.3086164578219868,1.0
0.3086363929978684,1.0
0.308656330749354,1.0
0.30867627107694295,1.0
0.3086962139811345,1.0
0.30871615946242814,1.0
0.30873610752132336,1.0
0.30875605815831986,1.0
0.3087959671686163,1.0
0.30881592554291626,1.0
0.3088358864973176,1.0
0.30885585003232063,1.0
0.3088758161484259,1.0
0.30889578484613395,1.0
0.3089157561259456,1.0
0.30893572998836155,1.0
0.308955706433883,1.0
0.30897568546301085,1.0
0.30899566707624654,1.0
0.3090156512740913,1.0
0.30903563805704676,1.0
0.3090556274256145,1.0
0.30907561938029626,1.0
0.309095613921594,1.0
0.30911561105000973,1.0
0.30913561076604557,1.0
0.30915561307020384,1.0
0.3091756179629869,1.0
0.3091956254448974,1.0
0.309215635516438,1.0
0.30923564817811144,1.0
0.3092556634304207,1.0
0.30927568127386884,1.0
0.3092957017089591,1.0
0.30931572473619473,1.0
0.30933575035607924,1.0
0.3093557785691162,1.0
0.3093758093758094,1.0
0.30939584277666254,1.0
0.30941587877217974,1.0
0.3094359173628651,1.0
0.3094559585492228,1.0
0.30947600233175726,1.0
0.3094960487109729,1.0
0.3095160976873745,1.0
0.3095361492614667,1.0
0.30955620343375445,1.0
0.30957626020474277,1.0
0.30959631957493683,1.0
0.3096163815448419,1.0
0.3096364461149634,1.0
0.30965651328580684,1.0
0.30967658305787804,1.0
0.3096966554316827,1.0
0.30971673040772674,1.0
0.30973680798651626,1.0
0.3097568881685575,1.0
0.30977697095435686,1.0
0.3097970563444207,1.0
0.3098171443392556,1.0
0.3098372349393684,1.0
0.3098573281452659,1.0
0.3098774239574551,1.0
0.30989752237644314,1.0
0.30991762340273726,1.0
0.30993772703684486,1.0
0.30995783327927345,1.0
0.3099779421305307,1.0
0.30999805359112437,1.0
0.3100181676615624,1.0
0.31003828434235287,1.0
0.3100584036340039,1.0
0.3100785255370238,1.0
0.31009865005192105,1.0
0.31013890691938206,1.0
0.31017917424045705,1.0
0.31019931182237226,1.0
0.3102194520192183,1.0
0.31023959483150443,1.0
0.31025974025974024,1.0
0.31027988830443537,1.0
0.3103000389660995,1.0
0.3103201922452426,1.0
0.31034034814237466,1.0
0.31036050665800585,1.0
0.3103806677926465,1.0
0.310400831546807,1.0
0.3104209979209979,1.0
0.31044116691573,1.0
0.310461338531514,1.0
0.3104815127688609,1.0
0.3105016896282818,1.0
0.3105218691102879,1.0
0.31054205121539064,1.0
0.3105622359441014,1.0
0.31058242329693186,1.0
0.3106026132743938,1.0
0.3106228058769991,1.0
0.3106430011052597,1.0
0.3106631989596879,1.0
0.31068339944079587,1.0
0.3107036025490961,1.0
0.3107238082851011,1.0
0.3107440166493236,1.0
0.3107642276422764,1.0
0.31078444126447247,1.0
0.3108046575164249,1.0
0.31082487639864687,1.0
0.3108450979116518,1.0
0.31086532205595313,1.0
0.31088554883206454,1.0
0.31090577824049975,1.0
0.31092601028177264,1.0
0.3109462449563972,1.0
0.3109664822648877,1.0
0.3109867222077584,1.0
0.31100696478552364,1.0
0.3110272099986981,1.0
0.31104745784779636,1.0
0.31106770833333336,1.0
0.31108796145582396,1.0
0.3111082172157833,1.0
0.31112847561372664,1.0
0.3111487366501693,1.0
0.31116900032562683,1.0
0.3111892666406148,1.0
0.31120953559564907,1.0
0.31122980719124543,1.0
0.31125008142792,1.0
0.31127035830618893,1.0
0.3112906378265685,1.0
0.31131091998957516,1.0
0.31133120479572557,1.0
0.3113514922455363,1.0
0.3113717823395243,1.0
0.3113920750782065,1.0
0.31141237046209996,1.0
0.3114326684917221,1.0
0.31145296916759013,1.0
0.31147327249022166,1.0
0.3114935784601343,1.0
0.3115138870778459,1.0
0.3115341983438743,1.0
0.3115545122587376,1.0
0.311574828822954,1.0
0.31159514803704186,1.0
0.3116154699015196,1.0
0.3116357944169058,1.0
0.31165612158371925,1.0
0.3116764514024788,1.0
0.3116967838737034,1.0
0.3117171189979123,1.0
0.3117374567756247,1.0
0.31175779720736,1.0
0.3117781402936379,1.0
0.31179848603497784,1.0
0.3118188344318998,1.0
0.3118391854849236,1.0
0.31185953919456955,1.0
0.3118798955613577,1.0
0.3119002545858085,1.0
0.31192061626844236,1.0
0.31194098060978,1.0
0.3119613476103421,1.0
0.3119817172706497,1.0
0.3120020895912237,1.0
0.31202246457258537,1.0
0.312042842215256,1.0
0.31206322251975704,1.0
0.31208360548661007,1.0
0.3121039911163368,1.0
0.3121243794094591,1.0
0.312144770366499,1.0
0.31216516398797856,1.0
0.3121855602744201,1.0
0.31220595922634603,1.0
0.3122263608442789,1.0
0.31224676512874133,1.0
0.3122671720802562,1.0
0.3122875816993464,1.0
0.3123079939865351,1.0
0.3123284089423454,1.0
0.3123488265673008,1.0
0.3123692468619247,1.0
0.31238966982674077,1.0
0.3124100954622728,1.0
0.3124305237690447,1.0
0.31245095474758044,1.0
0.31247138839840427,1.0
0.31249182472204057,1.0
0.3125122637190137,1.0
0.31253270538984823,1.0
0.31255314973506904,1.0
0.31257359675520086,1.0
0.3125940464507687,1.0
0.3126144988222978,1.0
0.3126349538703134,1.0
0.31265541159534094,1.0
0.3126758719979059,1.0
0.312696335078534,1.0
0.31271680083775116,1.0
0.31273726927608325,1.0
0.3127577403940564,1.0
0.3127782141921969,1.0
0.3127986906710311,1.0
0.3128191698310855,1.0
0.3128396516728868,1.0
0.31286013619696174,1.0
0.3128806234038373,1.0
0.3129011132940406,1.0
0.31292160586809875,1.0
0.31294210112653914,1.0
0.3129625990698893,1.0
0.3129830996986768,1.0
0.3130036030134294,1.0
0.31302410901467503,1.0
0.31304461770294173,1.0
0.3130651290787577,1.0
0.3130856431426512,1.0
0.3131061598951507,1.0
0.31312667933678484,1.0
0.31314720146808234,1.0
0.313167726289572,1.0
0.3131882538017829,1.0
0.31320878400524416,1.0
0.3132293169004851,1.0
0.31324985248803516,1.0
0.31327039076842383,1.0
0.31329093174218087,1.0
0.31331147540983606,1.0
0.3133320217719195,1.0
0.3133525708289612,1.0
0.3133731225814914,1.0
0.3133936770300407,1.0
0.3134142341751394,1.0
0.3134347940173183,1.0
0.31345535655710816,1.0
0.31347592179504,1.0
0.3134964897316449,1.0
0.3135170603674541,1.0
0.31353763370299886,1.0
0.31357878847542164,1.0
0.31359936991336307,1.0
0.31361995405316706,1.0
0.31364054089536564,1.0
0.31366113044049104,1.0
0.3136817226890756,1.0
0.3137023176416519,1.0
0.31372291529875246,1.0
0.31374351566091013,1.0
0.3137641187286577,1.0
0.3137847245025284,1.0
0.3138053329830553,1.0
0.31382594417077175,1.0
0.31384655806621126,1.0
0.3138671746699074,1.0
0.3138877939823939,1.0
0.3139084160042047,1.0
0.31392904073587385,1.0
0.31394966817793546,1.0
0.3139702983309239,1.0
0.3139909311953736,1.0
0.31401156677181913,1.0
0.31403220506079527,1.0
0.31405284606283684,1.0
0.31407348977847893,1.0
0.31409413620825666,1.0
0.3141354372123603,1.0
0.3141560917877573,1.0
0.3141767490794319,1.0
0.31419740908792004,1.0
0.3142180718137577,1.0
0.3142387372574811,1.0
0.31425940541962644,1.0
0.3142800763007301,1.0
0.3143007499013288,1.0
0.3143214262219591,1.0
0.31434210526315787,1.0
0.3143627870254622,1.0
0.31438347150940915,1.0
0.31440415871553595,1.0
0.3144248486443801,1.0
0.3144455412964791,1.0
0.31446623667237067,1.0
0.31448693477259265,1.0
0.31450763559768297,1.0
0.31452833914817985,1.0
0.3145490454246215,1.0
0.31456975442754626,1.0
0.31459046615749275,1.0
0.31461118061499965,1.0
0.3146318978006058,1.0
0.3146526177148502,1.0
0.3146733403582719,1.0
0.3146940657314101,1.0
0.3147147938348044,1.0
0.3147355246689941,1.0
0.3147562582345191,1.0
0.3147769945319191,1.0
0.31479773356173407,1.0
0.3148184753245042,1.0
0.3148392198207696,1.0
0.31485996705107083,1.0
0.31488071701594833,1.0
0.3149014697159428,1.0
0.31492222515159507,1.0
0.31494298332344606,1.0
0.31496374423203694,1.0
0.3149845078779089,1.0
0.31500527426160335,1.0
0.3150260433836619,1.0
0.31504681524462613,1.0
0.3150675898450379,1.0
0.3150883671854392,1.0
0.31510914726637207,1.0
0.31512993008837886,1.0
0.31515071565200187,1.0
0.31517150395778365,1.0
0.3151922950062669,1.0
0.3152130887979945,1.0
0.31523388533350927,1.0
0.31525468461335443,1.0
0.31527548663807325,1.0
0.31529629140820903,1.0
0.31531709892430543,1.0
0.315337909186906,1.0
0.3153587221965547,1.0
0.31537953795379536,1.0
0.31540035645917225,1.0
0.3154211777132295,1.0
0.31544200171651154,1.0
0.3154628284695629,1.0
0.3154836579729284,1.0
0.31550449022715266,1.0
0.3155253252327808,1.0
0.3155461629903579,1.0
0.3155670035004293,1.0
0.3155878467635403,1.0
0.31560869278023646,1.0
0.31562954155106354,1.0
0.31565039307656734,1.0
0.31567124735729385,1.0
0.31569210439378925,1.0
0.3157129641865997,1.0
0.3157338267362717,1.0
0.3157546920433518,1.0
0.31577556010838675,1.0
0.31579643093192333,1.0
0.31581730451450857,1.0
0.3158381808566896,1.0
0.3158590599590137,1.0
0.3158799418220283,1.0
0.315900826446281,1.0
0.3159217138323195,1.0
0.3159426039806917,1.0
0.31596349689194553,1.0
0.3159843925666292,1.0
0.316005291005291,1.0
0.3160261922084794,1.0
0.316047096176743,1.0
0.3160680029106304,1.0
0.31608891241069065,1.0
0.31610982467747273,1.0
0.3161307397115257,1.0
0.3161516575133991,1.0
0.31617257808364213,1.0
0.31619350142280456,1.0
0.31621442753143614,1.0
0.3162353564100867,1.0
0.31625628805930633,1.0
0.3162772224796452,1.0
0.31629815967165364,1.0
0.3163190996358822,1.0
0.3163400423728814,1.0
0.316360987883202,1.0
0.3163819361673951,1.0
0.3164028872260115,1.0
0.31642384105960264,1.0
0.3164447976687198,1.0
0.31646575705391444,1.0
0.31648671921573823,1.0
0.31650768415474295,1.0
0.3165286518714806,1.0
0.31654962236650325,1.0
0.3165705956403631,1.0
0.3165915716936125,1.0
0.31661255052680404,1.0
0.3166335321404904,1.0
0.31665451653522436,1.0
0.31667550371155884,1.0
0.31669649367004704,1.0
0.3167174864112422,1.0
0.3167384819356977,1.0
0.3167594802439671,1.0
0.31678048133660414,1.0
0.31680148521416257,1.0
0.31682249187719647,1.0
0.3168645135619073,1.0
0.31688552858469293,1.0
0.31690654639517146,1.0
0.31692756699389757,1.0
0.3169485903814262,1.0
0.31696961655831235,1.0
0.31699064552511114,1.0
0.31701167728237795,1.0
0.31703271183066817,1.0
0.31705374917053747,1.0
0.3170747893025416,1.0
0.31709583222723653,1.0
0.3171168779451782,1.0
0.31713792645692285,1.0
0.3171589777630269,1.0
0.31718003186404675,1.0
0.3172010887605391,1.0
0.3172221484530607,1.0
0.3172432109421685,1.0
0.31726427622841963,1.0
0.3172853443123713,1.0
0.31730641519458097,1.0
0.317327488875606,1.0
0.31734856535600425,1.0
0.31736964463633344,1.0
0.3173907267171516,1.0
0.3174118115990168,1.0
0.31743289928248736,1.0
0.3174539897681217,1.0
0.3174750830564784,1.0
0.3174961791481162,1.0
0.3175172780435938,1.0
0.31753837974347043,1.0
0.3175594842483052,1.0
0.31758059155865737,1.0
0.3176017016750864,1.0
0.31762281459815195,1.0
0.31764393032841376,1.0
0.31766504886643177,1.0
0.31768617021276596,1.0
0.31770729436797657,1.0
0.317728421332624,1.0
0.3177495511072687,1.0
0.3177706836924714,1.0
0.31779181908879284,1.0
0.31781295729679393,1.0
0.31783409831703585,1.0
0.3178552421500798,1.0
0.3178763887964873,1.0
0.3178975382568197,1.0
0.31791869053163885,1.0
0.3179398456215065,1.0
0.31796100352698475,1.0
0.3179821642486357,1.0
0.3180033277870216,1.0
0.318024494142705,1.0
0.3180456633162484,1.0
0.3180668353082146,1.0
0.3180880101191665,1.0
0.3181091877496671,1.0
0.3181303682002796,1.0
0.31815155147156743,1.0
0.31817273756409403,1.0
0.31819392647842304,1.0
0.3182151182151182,1.0
0.31823631277474357,1.0
0.3182575101578632,1.0
0.3182787103650413,1.0
0.3182999133968423,1.0
0.3183211192538308,1.0
0.3183423279365714,1.0
0.318363539445629,1.0
0.3183847537815686,1.0
0.3184059709449554,1.0
0.3184271909363546,1.0
0.31844841375633165,1.0
0.31846963940545225,1.0
0.3184908678842821,1.0
0.31851209919338713,1.0
0.31853333333333333,1.0
0.318554570304687,1.0
0.3185758101080144,1.0
0.3185970527438821,1.0
0.31861829821285675,1.0
0.3186395465155052,1.0
0.3186607976523943,1.0
0.31868205162409124,1.0
0.3187245680741778,1.0
0.3187458305537025,1.0
0.3187670958703049,1.0
0.31878836402455296,1.0
0.31880963501701476,1.0
0.3188309088482584,1.0
0.3188521855188522,1.0
0.31887346502936464,1.0
0.31889474738036444,1.0
0.3189373206061011,1.0
0.31895861148197596,1.0
0.3189799052006142,1.0
0.3190012017625851,1.0
0.3190225011684583,1.0
0.3190438034188034,1.0
0.31906510851419034,1.0
0.319086416455189,1.0
0.3191077272423696,1.0
0.31912904087630245,1.0
0.3191503573575579,1.0
0.31917167668670676,1.0
0.3191929988643196,1.0
0.3192143238909674,1.0
0.31923565176722124,1.0
0.31925698249365225,1.0
0.31927831607083196,1.0
0.31929965249933173,1.0
0.31932099177972334,1.0
0.31934233391257855,1.0
0.31936367889846934,1.0
0.3193850267379679,1.0
0.3194063774316465,1.0
0.31942773098007754,1.0
0.31944908738383365,1.0
0.31947044664348756,1.0
0.3194918087596122,1.0
0.31951317373278054,1.0
0.3195559122525415,1.0
0.31957728580028094,1.0
0.3195986622073579,1.0
0.3196200414743461,1.0
0.31964142360181963,1.0
0.31966280859035257,1.0
0.3196841964405192,1.0
0.31970558715289393,1.0
0.3197269807280514,1.0
0.3197483771665663,1.0
0.3197697764690135,1.0
0.31981258366800536,1.0
0.3198339915657005,1.0
0.3198554023296291,1.0
0.3198768159603669,1.0
0.31989823245848953,1.0
0.31991965182457316,1.0
0.3199410740591938,1.0
0.31996249916292774,1.0
0.32000535798004154,1.0
0.3200267916945747,1.0
0.3200482282805278,1.0
0.320069667738478,1.0
0.3200911100690025,1.0
0.32011255527267857,1.0
0.32013400335008374,1.0
0.32015545430179576,1.0
0.3201769081283924,1.0
0.32019836483045166,1.0
0.3202198244085517,1.0
0.3202412868632708,1.0
0.32026275219518735,1.0
0.32028422040488,1.0
0.32030569149292754,1.0
0.3203271654599088,1.0
0.320348642306403,1.0
0.32037012203298915,1.0
0.32039160464024674,1.0
0.32041309012875535,1.0
0.3204345784990946,1.0
0.3204560697518444,1.0
0.3204775638875847,1.0
0.3204990609068956,1.0
0.32052056081035757,1.0
0.3205420635985509,1.0
0.32056356927205637,1.0
0.3205850778314546,1.0
0.3206065892773267,1.0
0.3206281036102537,1.0
0.3206496208308167,1.0
0.3206711409395973,1.0
0.320692663937177,1.0
0.32071418982413746,1.0
0.3207357186010606,1.0
0.32075725026852847,1.0
0.3207787848271232,1.0
0.32080032227742716,1.0
0.3208218626200228,1.0
0.32084340585549287,1.0
0.3208649519844201,1.0
0.3208865010073875,1.0
0.32090805292497815,1.0
0.3209511654463626,1.0
0.3209727260513234,1.0
0.3209942895532415,1.0
0.3210158559527009,1.0
0.32103742525028556,1.0
0.3210589974465798,1.0
0.3210805725421679,1.0
0.3211021505376344,1.0
0.3211237314335641,1.0
0.32114531523054174,1.0
0.32116690192915237,1.0
0.3211884915299812,1.0
0.32121008403361345,1.0
0.3212316794406347,1.0
0.3212532777516305,1.0
0.32127487896718665,1.0
0.32129648308788916,1.0
0.32131809011432416,1.0
0.3213397000470778,1.0
0.32136131288673664,1.0
0.3213829286338871,1.0
0.3214045472891161,1.0
0.32142616885301045,1.0
0.32144779332615714,1.0
0.3214694207091435,1.0
0.3215126842069847,1.0
0.3215343203230148,1.0
0.32155595935123493,1.0
0.3215776012922331,1.0
0.3215992461465976,1.0
0.32162089391491655,1.0
0.3216425445977785,1.0
0.3216641981957722,1.0
0.3216858547094863,1.0
0.3217075141395098,1.0
0.3217291764864319,1.0
0.32175084175084173,1.0
0.32177250993332884,1.0
0.32179418103448276,1.0
0.32181585505489324,1.0
0.3218592118558437,1.0
0.321880894637564,1.0
0.3219025803409014,1.0
0.32192426896644655,1.0
0.3218785796105384,0.9997907074089577
0.32190026954177897,0.9997907074089577
0.3219219623963879,0.9997907074089577
0.3219436581749562,0.9997907074089577
0.3219653568780751,0.9997907074089577
0.32198705850633597,0.9997907074089577
0.3220087630603303,0.9997907074089577
0.32203047054064987,0.9997907074089577
0.32205218094788646,0.9997907074089577
0.32207389428263217,0.9997907074089577
0.3220956105454791,0.9997907074089577
0.32211732973701956,0.9997907074089577
0.32213905185784614,0.9997907074089577
0.3221607769085514,0.9997907074089577
0.3221825048897282,0.9997907074089577
0.3222042358019695,0.9997907074089577
0.32222596964586847,0.9997907074089577
0.32224770642201833,0.9997907074089577
0.3222694461310126,0.9997907074089577
0.32229118877344487,0.9997907074089577
0.32231293434990893,0.9997907074089577
0.32233468286099864,0.9997907074089577
0.3223564343073082,0.9997907074089577
0.3223781886894318,0.9997907074089577
0.32239994600796384,0.9997907074089577
0.3224217062634989,0.9997907074089577
0.32244346945663177,0.9997907074089577
0.3224652355879573,0.9997907074089577
0.3224870046580706,0.9997907074089577
0.32250877666756683,0.9997907074089577
0.32253055161704136,0.9997907074089577
0.3225523295070898,0.9997907074089577
0.3225741103383078,0.9997907074089577
0.3225958941112912,0.9997907074089577
0.32261768082663606,0.9997907074089577
0.3226394704849385,0.9997907074089577
0.322661263086795,0.9997907074089577
0.32268305863280194,0.9997907074089577
0.322704857123556,0.9997907074089577
0.3227266585596541,0.9997907074089577
0.3227484629416931,0.9997907074089577
0.3227702702702703,0.9997907074089577
0.32279208054598285,0.9997907074089577
0.3228138937694283,0.9997907074089577
0.3228357099412043,0.9997907074089577
0.3228575290619086,0.9997907074089577
0.3228793511321392,0.9997907074089577
0.32290117615249425,0.9997907074089577
0.32292300412357194,0.9997907074089577
0.32294483504597077,0.9997907074089577
0.32296666892028936,0.9997907074089577
0.32298850574712645,0.9997907074089577
0.3230103455270809,0.9997907074089577
0.323032188260752,0.9997907074089577
0.3230540339487388,0.9997907074089577
0.3230758825916407,0.9997907074089577
0.3230977341900575,0.9997907074089577
0.32311958874458874,0.9997907074089577
0.3231414462558344,0.9997907074089577
0.32316330672439453,0.9997907074089577
0.32318517015086934,0.9997907074089577
0.32320703653585925,0.9997907074089577
0.32322890587996483,0.9997907074089577
0.3232507781837867,0.9997907074089577
0.32327265344792583,0.9997907074089577
0.3232945316729832,0.9997907074089577
0.3233164128595601,0.9997907074089577
0.3233382970082577,0.9997907074089577
0.3233601841196778,0.9997907074089577
0.3233820741944219,0.9997907074089577
0.3234039672330919,0.9997907074089577
0.3234258632362898,0.9997907074089577
0.3234477622046178,0.9997907074089577
0.3234696641386782,0.9997907074089577
0.3234915690390736,0.9997907074089577
0.3235134769064066,0.9997907074089577
0.32353538774128004,0.9997907074089577
0.32355730154429696,0.9997907074089577
0.3235792183160604,0.9997907074089577
0.32360113805717383,0.9997907074089577
0.32362306076824066,0.9997907074089577
0.3236449864498645,0.9997907074089577
0.32368884672719883,0.9997907074089577
0.32371078132411735,0.9997907074089577
0.32373271889400923,0.9997907074089577
0.32375465943747883,0.9997907074089577
0.32377660295513083,0.9997907074089577
0.32379854944756997,0.9997907074089577
0.3238204989154013,0.9997907074089577
0.3238424513592299,0.9997907074089577
0.323864406779661,0.9997907074089577
0.32388636517730013,0.9997907074089577
0.3239083265527529,0.9997907074089577
0.32393029090662506,0.9997907074089577
0.32395225823952256,0.9997907074089577
0.32397422855205155,0.9997907074089577
0.32399620184481825,0.9997907074089577
0.3240181781184291,0.9997907074089577
0.32404015737349073,0.9997907074089577
0.32406213961060987,0.9997907074089577
0.3240841248303935,0.9997907074089577
0.32410611303344866,0.9997907074089577
0.3241281042203827,0.9997907074089577
0.3241500983918029,0.9997907074089577
0.32417209554831705,0.9997907074089577
0.32419409569053276,0.9997907074089577
0.32421609881905794,0.9997907074089577
0.3242381049345008,0.9997907074089577
0.32426011403746946,0.9997907074089577
0.3242821261285724,0.9997907074089577
0.3243041412084182,0.9997907074089577
0.3243261592776156,0.9997907074089577
0.3243481803367735,0.9997907074089577
0.324370204386501,0.9997907074089577
0.3243922314274073,0.9997907074089577
0.3244142614601019,0.9997907074089577
0.32443629448519423,0.9997907074089577
0.32445833050329415,0.9997907074089577
0.3244803695150115,0.9997907074089577
0.32450241152095644,0.9997907074089577
0.3245244565217391,0.9997907074089577
0.32454650451796996,0.9997907074089577
0.32456855551025954,0.9997907074089577
0.3245906094992186,0.9997907074089577
0.324612666485458,0.9997907074089577
0.32463472646958885,0.9997907074089577
0.32465678945222237,0.9997907074089577
0.3247009244154432,0.9997907074089577
0.32472299639725377,0.9997907074089577
0.3247450713800136,0.9997907074089577
0.32476714936433476,0.9997907074089577
0.32478923035082946,0.9997907074089577
0.3248113143401101,0.9997907074089577
0.3248334013327893,0.9997907074089577
0.3248554913294798,0.9997907074089577
0.32487758433079433,0.9997907074089577
0.3248996803373461,0.9997907074089577
0.3249217793497483,0.9997907074089577
0.3249438813686144,0.9997907074089577
0.3249659863945578,0.9997907074089577
0.3249880944281924,0.9997907074089577
0.325010205470132,0.9997907074089577
0.32503231952099065,0.9997907074089577
0.32505443658138267,0.9997907074089577
0.3250765566519224,0.9997907074089577
0.3250986797332244,0.9997907074089577
0.32512080582590347,0.9997907074089577
0.32514293493057445,0.9997907074089577
0.3251650670478524,0.9997907074089577
0.3251872021783526,0.9997907074089577
0.32520934032269044,0.9997907074089577
0.32523148148148145,0.9997907074089577
0.32525362565534144,0.9997907074089577
0.3252757728448863,0.9997907074089577
0.325297923050732,0.9997907074089577
0.32532007627349496,0.9997907074089577
0.32534223251379146,0.9997907074089577
0.32536439177223814,0.9997907074089577
0.32538655404945166,0.9997907074089577
0.32540871934604904,0.9997907074089577
0.32543088766264733,0.9997907074089577
0.32545305899986376,0.9997907074089577
0.32547523335831574,0.9997907074089577
0.3254974107386209,0.9997907074089577
0.32551959114139695,0.9997907074089577
0.3255417745672618,0.9997907074089577
0.32556396101683366,0.9997907074089577
0.32558615049073064,0.9997907074089577
0.32560834298957125,0.9997907074089577
0.3256305385139741,0.9997907074089577
0.3256527370645579,0.9997907074089577
0.32567493864194164,0.9997907074089577
0.32569714324674437,0.9997907074089577
0.3257193508795854,0.9997907074089577
0.3257415615410842,0.9997907074089577
0.32576377523186034,0.9997907074089577
0.3257859919525336,0.9997907074089577
0.3258082117037239,0.9997907074089577
0.3258304344860514,0.9997907074089577
0.32585266030013643,0.9997907074089577
0.32587488914659934,0.9997907074089577
0.32589712102606083,0.9997907074089577
0.32591935593914173,0.9997907074089577
0.3259415938864629,0.9997907074089577
0.3259638348686455,0.9997907074089577
0.3259860788863109,0.9997907074089577
0.32600832594008056,0.9997907074089577
0.32603057603057606,0.9997907074089577
0.3260528291584192,0.9997907074089577
0.3260750853242321,0.9997907074089577
0.32609734452863676,0.9997907074089577
0.3261196067722556,0.9997907074089577
0.32614187205571105,0.9997907074089577
0.3261641403796258,0.9997907074089577
0.32618641174462276,0.9997907074089577
0.32620868615132476,0.9997907074089577
0.32623096360035514,0.9997907074089577
0.32625324409233714,0.9997907074089577
0.32627552762789425,0.9997907074089577
0.326320103832229,0.9997907074089577
0.3263423965022544,0.9997907074089577
0.32636469221835074,0.9997907074089577
0.3263869909811424,0.9997907074089577
0.32640929279125386,0.9997907074089577
0.32643159764930985,0.9997907074089577
0.32645390555593523,0.9997907074089577
0.32647621651175507,0.9997907074089577
0.3264985305173946,0.9997907074089577
0.32654316768063435,0.9997907074089577
0.32656549083948594,0.9997907074089577
0.32658781705065976,0.9997907074089577
0.3266101463147819,0.9997907074089577
0.32663247863247863,0.9997907074089577
0.32665481400437635,0.9997907074089577
0.3266771524311017,0.9997907074089577
0.32669949391328135,0.9997907074089577
0.3267218384515423,0.9997907074089577
0.3267441860465116,0.9997907074089577
0.3267888904090847,0.9997907074089577
0.32681124717794346,0.9997907074089577
0.3268336070060208,0.9997907074089577
0.32685596989394455,0.9997907074089577
0.32687833584234294,0.9997907074089577
0.32690070485184425,0.9997907074089577
0.3269230769230769,0.9997907074089577
0.32694545205666964,0.9997907074089577
0.3269678302532512,0.9997907074089577
0.3269902115134506,0.9997907074089577
0.32701259583789705,0.9997907074089577
0.3270349832272198,0.9997907074089577
0.32705737368204846,0.9997907074089577
0.3270797672030127,0.9997907074089577
0.32710216379074225,0.9997907074089577
0.32712456344586727,0.9997907074089577
0.32714696616901795,0.9997907074089577
0.32716937196082463,0.9997907074089577
0.3271917808219178,0.9997907074089577
0.3272141927529283,0.9997907074089577
0.32723660775448693,0.9997907074089577
0.32725902582722477,0.9997907074089577
0.3272814469717731,0.9997907074089577
0.32730387118876325,0.9997907074089577
0.32732629847882694,0.9997907074089577
0.32734872884259575,0.9997907074089577
0.32737116228070173,0.9997907074089577
0.32741603838245376,0.9997907074089577
0.32743848104736445,0.9997907074089577
0.32746092678914174,0.9997907074089577
0.32748337560841845,0.9997907074089577
0.3275058275058275,0.9997907074089577
0.32752828248200205,0.9997907074089577
0.32755074053757544,0.9997907074089577
0.3275732016731811,0.9997907074089577
0.32759566588945277,0.9997907074089577
0.3276181331870242,0.9997907074089577
0.32764060356652946,0.9997907074089577
0.3276630770286028,0.9997907074089577
0.32768555357387846,0.9997907074089577
0.327708033202991,0.9997907074089577
0.3277305159165752,0.9997907074089577
0.3277530017152659,0.9997907074089577
0.32777549059969807,0.9997907074089577
0.32779798257050713,0.9997907074089577
0.3278204776283283,0.9997907074089577
0.3278429757737973,0.9997907074089577
0.32786547700754975,0.9997907074089577
0.3278879813302217,0.9997907074089577
0.3279104887424492,0.9997907074089577
0.3279329992448685,0.9997907074089577
0.32795551283811614,0.9997907074089577
0.3279780295228287,0.9997907074089577
0.32800054929964295,0.9997907074089577
0.3280230721691959,0.9997907074089577
0.3280455981321247,0.9997907074089577
0.3280681271890667,0.9997907074089577
0.32809065934065934,0.9997907074089577
0.32811319458754035,0.9997907074089577
0.3281357329303476,0.9997907074089577
0.32815827436971906,0.9997907074089577
0.3281808189062929,0.9997907074089577
0.32820336654070764,0.9997907074089577
0.3282259172736018,0.9997907074089577
0.32824847110561395,0.9997907074089577
0.3282710280373832,0.9997907074089577
0.3282935880695485,0.9997907074089577
0.32831615120274915,0.9997907074089577
0.3283387174376246,0.9997907074089577
0.3283612867748144,0.9997907074089577
0.3283838592149584,0.9997907074089577
0.3284064347586966,0.9997907074089577
0.32842901340666897,0.9997907074089577
0.32845159515951594,0.9997907074089577
0.32847418001787804,0.9997907074089577
0.3284967679823958,0.9997907074089577
0.3285193590537102,0.9997907074089577
0.32854195323246216,0.9997907074089577
0.32856455051929295,0.9997907074089577
0.32858715091484386,0.9997907074089577
0.3286097544197565,0.9997907074089577
0.3286323610346725,0.9997907074089577
0.3286549707602339,0.9997907074089577
0.3286775835970827,0.9997907074089577
0.32870019954586116,0.9997907074089577
0.3287228186072117,0.9997907074089577
0.32874544078177687,0.9997907074089577
0.3287680660701996,0.9997907074089577
0.3287906944731227,0.9997907074089577
0.32881332599118945,0.9997907074089577
0.328835960625043,0.9997907074089577
0.328858598375327,0.9997907074089577
0.32888123924268503,0.9997907074089577
0.32890388322776093,0.9997907074089577
0.3289265303311988,0.9997907074089577
0.32894918055364275,0.9997907074089577
0.3289718338957372,0.9997907074089577
0.3289944903581267,0.9997907074089577
0.32901714994145603,0.9997907074089577
0.32903981264637,0.9997907074089577
0.32906247847351383,0.9997907074089577
0.3290851474235327,0.9997907074089577
0.329107819497072,0.9997907074089577
0.32913049469477745,0.9997907074089577
0.32915317301729485,0.9997907074089577
0.32917585446527015,0.9997907074089577
0.3291985390393495,0.9997907074089577
0.3292212267401792,0.9997907074089577
0.3292439175684058,0.9997907074089577
0.32926661152467607,0.9997907074089577
0.32928930860963673,0.9997907074089577
0.3293120088239349,0.9997907074089577
0.32933471216821786,0.9997907074089577
0.32935741864313295,0.9997907074089577
0.3293801282493277,0.9997907074089577
0.32940284098745,0.9997907074089577
0.32942555685814773,0.9997907074089577
0.329448275862069,0.9997907074089577
0.32947099799986207,0.9997907074089577
0.32949372327217546,0.9997907074089577
0.3295164516796579,0.9997907074089577
0.32953918322295805,0.9997907074089577
0.3295619179027251,0.9997907074089577
0.3295846557196081,0.9997907074089577
0.32960739667425654,0.9997907074089577
0.3296301407673199,0.9997907074089577
0.3296528879994479,0.9997907074089577
0.32967563837129055,0.9997907074089577
0.3296983918834978,0.9997907074089577
0.32972114853672,0.9997907074089577
0.32974390833160766,0.9997907074089577
0.32976667126881126,0.9997907074089577
0.3297894373489817,0.9997907074089577
0.32981220657276994,0.9997907074089577
0.3298349789408272,0.9997907074089577
0.3298577544538047,0.9997907074089577
0.3298805331123541,0.9997907074089577
0.3299033149171271,0.9997907074089577
0.32992609986877547,0.9997907074089577
0.32994888796795135,0.9997907074089577
0.329971679215307,0.9997907074089577
0.32999447361149487,0.9997907074089577
0.33001727115716756,0.9997907074089577
0.33004007185297773,0.9997907074089577
0.33006287569957854,0.9997907074089577
0.330085682697623,0.9997907074089577
0.3301084928477645,0.9997907074089577
0.33013130615065656,0.9997907074089577
0.3301541226069528,0.9997907074089577
0.33017694221730715,0.9997907074089577
0.3301997649823737,0.9997907074089577
0.3302225909028066,0.9997907074089577
0.33024541997926027,0.9997907074089577
0.33026825221238937,0.9997907074089577
0.33029108760284864,0.9997907074089577
0.33031392615129307,0.9997907074089577
0.3303367678583777,0.9997907074089577
0.33035961272475795,0.9997907074089577
0.3303824607510893,0.9997907074089577
0.3304053119380274,0.9997907074089577
0.3304281662862281,0.9997907074089577
0.33045102379634755,0.9997907074089577
0.33047388446904186,0.9997907074089577
0.3304967483049675,0.9997907074089577
0.330519615304781,0.9997907074089577
0.3305424854691392,0.9997907074089577
0.330565358798699,0.9997907074089577
0.3305882352941176,0.9997907074089577
0.33061111495605233,0.9997907074089577
0.33065688378210006,0.9997907074089577
0.3306797729475287,0.9997907074089577
0.3307026652821045,0.9997907074089577
0.33072556078648574,0.9997907074089577
0.33074845946133075,0.9997907074089577
0.3307713613072982,0.9997907074089577
0.3307942663250467,0.9997907074089577
0.33081717451523546,0.9997907074089577
0.3308400858785234,0.9997907074089577
0.33086300041557004,0.9997907074089577
0.3308859181270347,0.9997907074089577
0.33090883901357715,0.9997907074089577
0.3309317630758573,0.9997907074089577
0.3309546903145351,0.9997907074089577
0.3309776207302709,0.9997907074089577
0.33100055432372505,0.9997907074089577
0.3310234910955582,0.9997907074089577
0.33104643104643106,0.9997907074089577
0.33106937417700466,0.9997907074089577
0.33109232048794013,0.9997907074089577
0.3311152699798988,0.9997907074089577
0.3311382226535422,0.9997907074089577
0.3311611785095321,0.9997907074089577
0.3311841375485302,0.9997907074089577
0.3312070997711988,0.9997907074089577
0.3312300651782,0.9997907074089577
0.3312530337701962,0.9997907074089577
0.3312760055478502,0.9997907074089577
0.33129898051182466,0.9997907074089577
0.33132195866278263,0.9997907074089577
0.33134494000138726,0.9997907074089577
0.3313679245283019,0.9997907074089577
0.3313909122441901,0.9997907074089577
0.3314139031497155,0.9997907074089577
0.3314368972455422,0.9997907074089577
0.33145989453233415,0.9997907074089577
0.3314828950107557,0.9997907074089577
0.3315058986814712,0.9997907074089577
0.3315289055451454,0.9997907074089577
0.33155191560244307,0.9997907074089577
0.3315749288540293,0.9997907074089577
0.3315979453005692,0.9997907074089577
0.33162096494272825,0.9997907074089577
0.3316439877811719,0.9997907074089577
0.331667013816566,0.9997907074089577
0.33169004304957644,0.9997907074089577
0.33171307548086937,0.9997907074089577
0.3317361111111111,0.9997907074089577
0.3317591499409681,0.9997907074089577
0.3317821919711071,0.9997907074089577
0.3318052372021949,0.9997907074089577
0.3318282856348986,0.9997907074089577
0.33185133726988536,0.9997907074089577
0.33189745014937816,0.9997907074089577
0.33192051139521955,0.9997907074089577
0.33194357584601486,0.9997907074089577
0.33196664350243227,0.9997907074089577
0.33198971436514,0.9997907074089577
0.3320127884348068,0.9997907074089577
0.3320358657121012,0.9997907074089577
0.3320589461976922,0.9997907074089577
0.3320820298922489,0.9997907074089577
0.3321051167964405,0.9997907074089577
0.33212820691093653,0.9997907074089577
0.3321513002364066,0.9997907074089577
0.3321743967735206,0.9997907074089577
0.33219749652294855,0.9997907074089577
0.3322205994853606,0.9997907074089577
0.3322437056614272,0.9997907074089577
0.3322668150518189,0.9997907074089577
0.33228992765720644,0.9997907074089577
0.33231304347826085,0.9997907074089577
0.3323361625156533,0.9997907074089577
0.33235928477005494,0.9997907074089577
0.3323824102421375,0.9997907074089577
0.3324055389325725,0.9997907074089577
0.33242867084203204,0.9997907074089577
0.33245180597118795,0.9997907074089577
0.3324749443207127,0.9997907074089577
0.3324980858912786,0.9997907074089577
0.3325212306835584,0.9997907074089577
0.33254437869822484,0.9997907074089577
0.332567529935951,0.9997907074089577
0.33259068439741,0.9997907074089577
0.3326138420832753,0.9997907074089577
0.33263700299422044,0.9997907074089577
0.3326601671309192,0.9997907074089577
0.3326833344940455,0.9997907074089577
0.3327065050842736,0.9997907074089577
0.3327296789022776,0.9997907074089577
0.3327528559487322,0.9997907074089577
0.33277603622431207,0.9997907074089577
0.33279921972969206,0.9997907074089577
0.3328224064655473,0.9997907074089577
0.33284559643255296,0.9997907074089577
0.33286878963138455,0.9997907074089577
0.33289198606271775,0.9997907074089577
0.3329151857272284,0.9997907074089577
0.33293838862559244,0.9997907074089577
0.3329615947584861,0.9997907074089577
0.3329848041265858,0.9997907074089577
0.3330080167305681,0.9997907074089577
0.3330312325711099,0.9997907074089577
0.333054451648888,0.9997907074089577
0.33307767396457955,0.9997907074089577
0.333100899518862,0.9997907074089577
0.33312412831241284,0.9997907074089577
0.33314736034590975,0.9997907074089577
0.3331705956200307,0.9997907074089577
0.3331938341354537,0.9997907074089577
0.33321707589285715,0.9997907074089577
0.33324032089291944,0.9997907074089577
0.3332635691363192,0.9997907074089577
0.33328682062373544,0.9997907074089577
0.33331007535584706,0.9997907074089577
0.3333333333333333,0.9997907074089577
0.33335659455687366,0.9997907074089577
0.33337985902714773,0.9997907074089577
0.3334031267448353,0.9997907074089577
0.33342639771061633,0.9997907074089577
0.333449671925171,0.9997907074089577
0.3334962301033231,0.9997907074089577
0.3335195140682818,0.9997907074089577
0.3335428012847368,0.9997907074089577
0.33356609175336915,0.9997907074089577
0.33358938547486033,0.9997907074089577
0.33361268244989173,0.9997907074089577
0.3336359826791451,0.9997907074089577
0.33365928616330237,0.9997907074089577
0.3336825929030455,0.9997907074089577
0.33370590289905694,0.9997907074089577
0.333729216152019,0.9997907074089577
0.3337525326626144,0.9997907074089577
0.33377585243152597,0.9997907074089577
0.33382250174703004,0.9997907074089577
0.3338458312949892,0.9997907074089577
0.33386916410399775,0.9997907074089577
0.33389250017473965,0.9997907074089577
0.33391583950789877,0.9997907074089577
0.3339391821041594,0.9997907074089577
0.33396252796420584,0.9997907074089577
0.3339858770887226,0.9997907074089577
0.3340092294783946,0.9997907074089577
0.3340325851339067,0.9997907074089577
0.3340559440559441,0.9997907074089577
0.334079306245192,0.9997907074089577
0.334102671702336,0.9997907074089577
0.3341260404280618,0.9997907074089577
0.3341494124230554,0.9997907074089577
0.3341727876880028,0.9997907074089577
0.33419616622359033,0.9997907074089577
0.33421954803050447,0.9997907074089577
0.3342429331094319,0.9997907074089577
0.3342663214610594,0.9997907074089577
0.3342897130860742,0.9997907074089577
0.3343131079851634,0.9997907074089577
0.33433650615901456,0.9997907074089577
0.33435990760831524,0.9997907074089577
0.33438331233375335,0.9997907074089577
0.3344067203360168,0.9997907074089577
0.3344301316157939,0.9997907074089577
0.33445354617377304,0.9997907074089577
0.33447696401064275,0.9997907074089577
0.33450038512709196,0.9997907074089577
0.3345238095238095,0.9997907074089577
0.3345472372014847,0.9997907074089577
0.33457066816080683,0.9997907074089577
0.3345941024024655,0.9997907074089577
0.3346175399271505,0.9997907074089577
0.33464098073555165,0.9997907074089577
0.3345011210762332,0.9991628296358309
0.33452456029710603,0.9991628296358309
0.3345480028030834,0.9991628296358309
0.334571448594856,0.9991628296358309
0.3345948976731147,0.9991628296358309
0.3346183500385505,0.9991628296358309
0.33464180569185475,0.9991628296358309
0.3346652646337189,0.9991628296358309
0.33468872686483453,0.9991628296358309
0.33471219238589356,0.9991628296358309
0.334735661197588,0.9991628296358309
0.3347591333006101,0.9991628296358309
0.3347826086956522,0.9991628296358309
0.33480608738340695,0.9991628296358309
0.33482956936456726,0.9991628296358309
0.33485305463982606,0.9991628296358309
0.33487654320987653,0.9991628296358309
0.33490003507541216,0.9991628296358309
0.3349235302371264,0.9991628296358309
0.3349470286957132,0.9991628296358309
0.3349705304518664,0.9991628296358309
0.33499403550628026,0.9991628296358309
0.3350175438596491,0.9991628296358309
0.33504105551266755,0.9991628296358309
0.33506457046603033,0.9991628296358309
0.3350880887204324,0.9991628296358309
0.3351116102765689,0.9991628296358309
0.33513513513513515,0.9991628296358309
0.33515866329682675,0.9991628296358309
0.3351821947623394,0.9991628296358309
0.33520572953236905,0.9991628296358309
0.33522926760761185,0.9991628296358309
0.33525280898876403,0.9991628296358309
0.33527635367652225,0.9991628296358309
0.3352999016715831,0.9991628296358309
0.33532345297464355,0.9991628296358309
0.3353470075864007,0.9991628296358309
0.3353705655075518,0.9991628296358309
0.33539412673879443,0.9991628296358309
0.33541769128082627,0.9991628296358309
0.33544125913434514,0.9991628296358309
0.3354648303000492,0.9991628296358309
0.3354884047786367,0.9991628296358309
0.3355119825708061,0.9991628296358309
0.3355355636772561,0.9991628296358309
0.3355591480986856,0.9991628296358309
0.3355827358357936,0.9991628296358309
0.33560632688927944,0.9991628296358309
0.33562992125984253,0.9991628296358309
0.3356535189481825,0.9991628296358309
0.33567711995499927,0.9991628296358309
0.3357007242809929,0.9991628296358309
0.3357243319268636,0.9991628296358309
0.3357479428933118,0.9991628296358309
0.3357715571810381,0.9991628296358309
0.3357951747907435,0.9991628296358309
0.3358187957231289,0.9991628296358309
0.3358424199788955,0.9991628296358309
0.3358660475587449,0.9991628296358309
0.3358896784633786,0.9991628296358309
0.33591331269349844,0.9991628296358309
0.33593695024980647,0.9991628296358309
0.3359605911330049,0.9991628296358309
0.3359842353437962,0.9991628296358309
0.33600788288288286,0.9991628296358309
0.33603153375096784,0.9991628296358309
0.33605518794875405,0.9991628296358309
0.3360788454769447,0.9991628296358309
0.33610250633624333,0.9991628296358309
0.3361261705273534,0.9991628296358309
0.33614983805097876,0.9991628296358309
0.3361735089078234,0.9991628296358309
0.33619718309859153,0.9991628296358309
0.3362208606239876,0.9991628296358309
0.33624454148471616,0.9991628296358309
0.3360574890798929,0.9983256592716618
0.33608116677235256,0.9983256592716618
0.33610484780157834,0.9983256592716618
0.33612853216827565,0.9983256592716618
0.33617591091690746,0.9983256592716618
0.3361996053002537,0.9983256592716618
0.33622330302389514,0.9983256592716618
0.33624700408853797,0.9983256592716618
0.336270708494889,0.9983256592716618
0.3362944162436548,0.9983256592716618
0.33631812733554256,0.9983256592716618
0.33634184177125936,0.9983256592716618
0.3363655595515126,0.9983256592716618
0.33638928067700985,0.9983256592716618
0.336413005148459,0.9983256592716618
0.3364367329665679,0.9983256592716618
0.33646046413204483,0.9983256592716618
0.3364841986455982,0.9983256592716618
0.33650793650793653,0.9983256592716618
0.3365316777197686,0.9983256592716618
0.3365554222818034,0.9983256592716618
0.3365791701947502,0.9983256592716618
0.3366029214593183,0.9983256592716618
0.3366266760762174,0.9983256592716618
0.3366504340461571,0.9983256592716618
0.33667419536984755,0.9983256592716618
0.33669796004799885,0.9983256592716618
0.33672172808132145,0.9983256592716618
0.33674549947052596,0.9983256592716618
0.3367692742163231,0.9983256592716618
0.33679305231942386,0.9983256592716618
0.33681683378053945,0.9983256592716618
0.33684061860038134,0.9983256592716618
0.336864406779661,0.9983256592716618
0.33688819831909034,0.9983256592716618
0.33691199321938126,0.9983256592716618
0.336935791481246,0.9983256592716618
0.336959593105397,0.9983256592716618
0.3369833980925468,0.9983256592716618
0.3370072064434082,0.9983256592716618
0.3370310181586943,0.9983256592716618
0.33705483323911817,0.9983256592716618
0.33707865168539325,0.9983256592716618
0.3371024734982332,0.9983256592716618
0.3371262986783518,0.9983256592716618
0.3371501272264631,0.9983256592716618
0.33717395914328124,0.9983256592716618
0.3371977944295207,0.9983256592716618
0.3372216330858961,0.9983256592716618
0.3372454751131222,0.9983256592716618
0.337269320511914,0.9983256592716618
0.33729316928298686,0.9983256592716618
0.33731702142705605,0.9983256592716618
0.33734087694483733,0.9983256592716618
0.33736473583704646,0.9983256592716618
0.3373885981043995,0.9983256592716618
0.33741246374761263,0.9983256592716618
0.33743633276740237,0.9983256592716618
0.3374602051644853,0.9983256592716618
0.3374840809395783,0.9983256592716618
0.33750796009339845,0.9983256592716618
0.3375318426266629,0.9983256592716618
0.33755572854008914,0.9983256592716618
0.3375796178343949,0.9983256592716618
0.33760351051029797,0.9983256592716618
0.3376274065685164,0.9983256592716618
0.3376513060097685,0.9983256592716618
0.33767520883477276,0.9983256592716618
0.33769911504424777,0.9983256592716618
0.3377230246389125,0.9983256592716618
0.33774693761948593,0.9983256592716618
0.33777085398668744,0.9983256592716618
0.33779477374123645,0.9983256592716618
0.3378186968838527,0.9983256592716618
0.33784262341525606,0.9983256592716618
0.3378665533361666,0.9983256592716618
0.33789048664730464,0.9983256592716618
0.33791442334939076,0.9983256592716618
0.3379383634431456,0.9983256592716618
0.3379623069292901,0.9983256592716618
0.3379862538085453,0.9983256592716618
0.3380341577492736,0.9983256592716618
0.33805811481218995,0.9983256592716618
0.33808207527110357,0.9983256592716618
0.3381060391267366,0.9983256592716618
0.33813000637981144,0.9983256592716618
0.3381539770310506,0.9983256592716618
0.3381779510811769,0.9983256592716618
0.33820192853091324,0.9983256592716618
0.3382259093809828,0.9983256592716618
0.33824989363210894,0.9983256592716618
0.33827388128501523,0.9983256592716618
0.3382978723404255,0.9983256592716618
0.3383218667990638,0.9983256592716618
0.3383458646616541,0.9983256592716618
0.33836986592892104,0.9983256592716618
0.3383938706015891,0.9983256592716618
0.3384178786803831,0.9983256592716618
0.3384418901660281,0.9983256592716618
0.3384659050592493,0.9983256592716618
0.33848992336077205,0.9983256592716618
0.3385139450713221,0.9983256592716618
0.3385379701916253,0.9983256592716618
0.33856199872240755,0.9983256592716618
0.33858603066439524,0.9983256592716618
0.3386100660183148,0.9983256592716618
0.3386341047848928,0.9983256592716618
0.33865814696485624,0.9983256592716618
0.3386821925589321,0.9983256592716618
0.33870624156784773,0.9983256592716618
0.3387302939923306,0.9983256592716618
0.3387543498331084,0.9983256592716618
0.3387784090909091,0.9983256592716618
0.33880247176646067,0.9983256592716618
0.33882653786049155,0.9983256592716618
0.3388746803069054,0.9983256592716618
0.338898756660746,0.9983256592716618
0.33892283643598126,0.9983256592716618
0.33894691963334045,0.9983256592716618
0.33897100625355314,0.9983256592716618
0.33899509629734914,0.9983256592716618
0.3390191897654584,0.9983256592716618
0.3390432866586111,0.9983256592716618
0.3390673869775377,0.9983256592716618
0.3390914907229686,0.9983256592716618
0.3391155978956349,0.9983256592716618
0.33913970849626734,0.9983256592716618
0.3391638225255973,0.9983256592716618
0.3391879399843561,0.9983256592716618
0.3392120608732755,0.9983256592716618
0.33923618519308724,0.9983256592716618
0.33926031294452347,0.9983256592716618
0.3392844441283164,0.9983256592716618
0.3393327167959024,0.9983256592716618
0.3393568582811611,0.9983256592716618
0.33938100320170755,0.9983256592716618
0.3394051515582752,0.9983256592716618
0.33942930335159754,0.9983256592716618
0.3394534585824082,0.9983256592716618
0.33947761725144115,0.9983256592716618
0.3395017793594306,0.9983256592716618
0.3395259449071108,0.9983256592716618
0.3395501138952164,0.9983256592716618
0.3395742863244821,0.9983256592716618
0.3395984621956429,0.9983256592716618
0.33962264150943394,0.9983256592716618
0.3396468242665907,0.9983256592716618
0.33967101046784876,0.9983256592716618
0.3396952001139439,0.9983256592716618
0.3397193932056121,0.9983256592716618
0.33974358974358976,0.9983256592716618
0.33976778972861316,0.9983256592716618
0.339791993161419,0.9983256592716618
0.33981620004274415,0.9983256592716618
0.33984041037332574,0.9983256592716618
0.33986462415390095,0.9983256592716618
0.33988884138520736,0.9983256592716618
0.3399130620679826,0.9983256592716618
0.33993728620296465,0.9983256592716618
0.3399615137908916,0.9983256592716618
0.33998574483250177,0.9983256592716618
0.3400099793285338,0.9983256592716618
0.34003421727972627,0.9983256592716618
0.3400584586868183,0.9983256592716618
0.340082703550549,0.9983256592716618
0.34010695187165774,0.9983256592716618
0.3401312036508842,0.9983256592716618
0.34015545888896814,0.9983256592716618
0.34017971758664955,0.9983256592716618
0.3402039797446687,0.9983256592716618
0.34022824536376606,0.9983256592716618
0.34025251444468224,0.9983256592716618
0.3402767869881581,0.9983256592716618
0.34030106299493473,0.9983256592716618
0.3403253424657534,0.9983256592716618
0.3403739118024832,0.9983256592716618
0.340398201669878,0.9983256592716618
0.34042249500428207,0.9983256592716618
0.3404467918064378,0.9983256592716618
0.3404710920770878,0.9983256592716618
0.3404953958169748,0.9983256592716618
0.3405197030268418,0.9983256592716618
0.340544013707432,0.9983256592716618
0.3405683278594888,0.9983256592716618
0.3405926454837558,0.9983256592716618
0.34061696658097684,0.9983256592716618
0.340641291151896,0.9983256592716618
0.3406656191972575,0.9983256592716618
0.3406899507178059,0.9983256592716618
0.3407142857142857,0.9983256592716618
0.34073862418744194,0.9983256592716618
0.3407629661380197,0.9983256592716618
0.3407873115667643,0.9983256592716618
0.34081166047442124,0.9983256592716618
0.3408360128617363,0.9983256592716618
0.34086036872945547,0.9983256592716618
0.3408847280783249,0.9983256592716618
0.3409090909090909,0.9983256592716618
0.3409334572225002,0.9983256592716618
0.3409578270192995,0.9983256592716618
0.3409822003002359,0.9983256592716618
0.34100657706605664,0.9983256592716618
0.3410309573175091,0.9983256592716618
0.3410553410553411,0.9983256592716618
0.3410797282803003,0.9983256592716618
0.34110411899313503,0.9983256592716618
0.3411285131945934,0.9983256592716618
0.3411529108854241,0.9983256592716618
0.3411773120663758,0.9983256592716618
0.34120171673819744,0.9983256592716618
0.3412261249016382,0.9983256592716618
0.3412505365574474,0.9983256592716618
0.3412749517063748,0.9983256592716618
0.34129937034917,0.9983256592716618
0.3413237924865832,0.9983256592716618
0.34134821811936455,0.9983256592716618
0.3413726472482645,0.9983256592716618
0.3413970798740338,0.9983256592716618
0.3414215159974232,0.9983256592716618
0.34144595561918395,0.9983256592716618
0.3414703987400673,0.9983256592716618
0.34149484536082475,0.9983256592716618
0.34151929548220805,0.9983256592716618
0.3415437491049692,0.9983256592716618
0.34156820622986034,0.9983256592716618
0.3415926668576339,0.9983256592716618
0.34161713098904245,0.9983256592716618
0.34164159862483884,0.9983256592716618
0.34166606976577607,0.9983256592716618
0.34169054441260743,0.9983256592716618
0.3417150225660864,0.9983256592716618
0.34173950422696664,0.9983256592716618
0.341763989396002,0.9983256592716618
0.3417884780739467,0.9983256592716618
0.341812970261555,0.9983256592716618
0.3418374659595815,0.9983256592716618
0.3418619651687809,0.9983256592716618
0.34188646788990823,0.9983256592716618
0.34191097412371874,0.9983256592716618
0.3419354838709677,0.9983256592716618
0.34195999713241093,0.9983256592716618
0.34198451390880413,0.9983256592716618
0.3420090342009034,0.9983256592716618
0.34203355800946506,0.9983256592716618
0.3420580853352456,0.9983256592716618
0.3420826161790017,0.9983256592716618
0.3421071505414904,0.9983256592716618
0.34213168842346864,0.9983256592716618
0.342156229825694,0.9983256592716618
0.34218077474892394,0.9983256592716618
0.34220532319391633,0.9983256592716618
0.34222987516142916,0.9983256592716618
0.3422544306522207,0.9983256592716618
0.3422789896670494,0.9983256592716618
0.34230355220667386,0.9983256592716618
0.342328118271853,0.9983256592716618
0.342352687863346,0.9983256592716618
0.3423772609819121,0.9983256592716618
0.34240183762831095,0.9983256592716618
0.34242641780330224,0.9983256592716618
0.3424510015076459,0.9983256592716618
0.34247558874210227,0.9983256592716618
0.3425001795074316,0.9983256592716618
0.34252477380439467,0.9983256592716618
0.34254937163375226,0.9983256592716618
0.34257397299626546,0.9983256592716618
0.34259857789269554,0.9983256592716618
0.34262318632380406,0.9983256592716618
0.3426477982903527,0.9983256592716618
0.3426724137931034,0.9983256592716618
0.34269703283281844,0.9983256592716618
0.3427216554102601,0.9983256592716618
0.34274628152619097,0.9983256592716618
0.342770911181374,0.9983256592716618
0.34279554437657206,0.9983256592716618
0.3428201811125485,0.9983256592716618
0.34284482139006683,0.9983256592716618
0.34286946520989076,0.9983256592716618
0.3428941125727841,0.9983256592716618
0.34291876347951117,0.9983256592716618
0.34294341793083616,0.9983256592716618
0.3429680759275237,0.9983256592716618
0.3429927374703387,0.9983256592716618
0.343042071197411,0.9983256592716618
0.3430667433831991,0.9983256592716618
0.3430914191181759,0.9983256592716618
0.3431160984031075,0.9983256592716618
0.3431407812387598,0.9983256592716618
0.3431654676258993,0.9983256592716618
0.3431901575652925,0.9983256592716618
0.34321485105770616,0.9983256592716618
0.34323954810390733,0.9983256592716618
0.3432642487046632,0.9983256592716618
0.3432889528607413,0.9983256592716618
0.3433136605729092,0.9983256592716618
0.3433383718419348,0.9983256592716618
0.3433630866685862,0.9983256592716618
0.34338780505363187,0.9983256592716618
0.3434125269978402,0.9983256592716618
0.34343725250198,0.9983256592716618
0.3434619815668203,0.9983256592716618
0.34348671419313026,0.9983256592716618
0.3435114503816794,0.9983256592716618
0.34353619013323733,0.9983256592716618
0.3435609334485739,0.9983256592716618
0.34358568032845926,0.9983256592716618
0.3436104307736637,0.9983256592716618
0.34363518478495786,0.9983256592716618
0.34365994236311237,0.9983256592716618
0.34368470350889835,0.9983256592716618
0.3437094682230869,0.9983256592716618
0.3437342365064495,0.9983256592716618
0.34375900835975787,0.9983256592716618
0.34378378378378377,0.9983256592716618
0.3438085627792994,0.9983256592716618
0.34383334534707705,0.9983256592716618
0.3438581314878893,0.9983256592716618
0.34388292120250885,0.9983256592716618
0.3439077144917087,0.9983256592716618
0.3439325113562622,0.9983256592716618
0.3439573117969426,0.9983256592716618
0.3439821158145237,0.9983256592716618
0.34400692340977934,0.9983256592716618
0.3440317345834836,0.9983256592716618
0.34405654933641083,0.9983256592716618
0.34408136766933567,0.9983256592716618
0.34410618958303274,0.9983256592716618
0.3441310150782772,0.9983256592716618
0.34415584415584416,0.9983256592716618
0.3441806768165091,0.9983256592716618
0.3442055130610478,0.9983256592716618
0.34423035289023596,0.9983256592716618
0.3442551963048499,0.9983256592716618
0.3442800433056658,0.9983256592716618
0.34430489389346036,0.9983256592716618
0.34432974806901034,0.9983256592716618
0.3443546058330927,0.9983256592716618
0.3443794671864847,0.9983256592716618
0.3444043321299639,0.9983256592716618
0.3444292006643079,0.9983256592716618
0.3444540727902946,0.9983256592716618
0.34447894850870225,0.9983256592716618
0.34450382782030914,0.9983256592716618
0.3445287107258938,0.9983256592716618
0.3445535972262352,0.9983256592716618
0.34457848732211227,0.9983256592716618
0.34460338101430427,0.9983256592716618
0.3446282783035908,0.9983256592716618
0.34465317919075145,0.9983256592716618
0.3446780836765662,0.9983256592716618
0.3447029917618153,0.9983256592716618
0.34472790344727905,0.9983256592716618
0.3447528187337381,0.9983256592716618
0.3447777376219733,0.9983256592716618
0.34480266011276567,0.9983256592716618
0.3448275862068966,0.9983256592716618
0.3448525159051475,0.9983256592716618
0.3448774492083002,0.9983256592716618
0.34490238611713664,0.9983256592716618
0.3449273266324391,0.9983256592716618
0.34495227075498985,0.9983256592716618
0.3449772184855717,0.9983256592716618
0.34500216982496745,0.9983256592716618
0.3450271247739602,0.9983256592716618
0.3450520833333333,0.9983256592716618
0.34507704550387036,0.9983256592716618
0.3451020112863551,0.9983256592716618
0.34512698068157155,0.9983256592716618
0.3451519536903039,0.9983256592716618
0.3451769303133367,0.9983256592716618
0.3452019105514546,0.9983256592716618
0.3452268944054426,0.9983256592716618
0.3452518818760857,0.9983256592716618
0.34527687296416937,0.9983256592716618
0.3453018676704792,0.9983256592716618
0.34532686599580104,0.9983256592716618
0.34535186794092093,0.9983256592716618
0.34537687350662516,0.9983256592716618
0.3454018826937002,0.9983256592716618
0.3454268955029329,0.9983256592716618
0.3454519119351101,0.9983256592716618
0.34547693199101903,0.9983256592716618
0.3455019556714472,0.9983256592716618
0.3455269829771822,0.9983256592716618
0.34555201390901186,0.9983256592716618
0.3455770484677244,0.9983256592716618
0.3456020866541081,0.9983256592716618
0.3456521739130435,0.9983256592716618
0.34567722298717296,0.9983256592716618
0.3457022756921293,0.9983256592716618
0.3457273320287019,0.9983256592716618
0.3457523919976805,0.9983256592716618
0.345777455599855,0.9983256592716618
0.34580252283601565,0.9983256592716618
0.3458275937069528,0.9983256592716618
0.34585266821345706,0.9983256592716618
0.34587774635631935,0.9983256592716618
0.34590282813633066,0.9983256592716618
0.3459279135542824,0.9983256592716618
0.34595300261096606,0.9983256592716618
0.34597809530717344,0.9983256592716618
0.34600319164369653,0.9983256592716618
0.34602829162132753,0.9983256592716618
0.346053395240859,0.9983256592716618
0.34607850250308353,0.9983256592716618
0.3461036134087941,0.9983256592716618
0.34612872795878386,0.9983256592716618
0.34615384615384615,0.9983256592716618
0.34617896799477466,0.9983256592716618
0.3462040934823632,0.9983256592716618
0.3462292226174058,0.9983256592716618
0.3462543554006969,0.9983256592716618
0.34627949183303086,0.9983256592716618
0.34630463191520255,0.9983256592716618
0.346329775648007,0.9983256592716618
0.3463549230322393,0.9983256592716618
0.3463800740686951,0.9983256592716618
0.3464052287581699,0.9983256592716618
0.3464303871014598,0.9983256592716618
0.3464555490993608,0.9983256592716618
0.3465058840621822,0.9983256592716618
0.34653105702869597,0.9983256592716618
0.34655623365300786,0.9983256592716618
0.34658141393591513,0.9983256592716618
0.34660659787821535,0.9983256592716618
0.34663178548070633,0.9983256592716618
0.34665697674418605,0.9983256592716618
0.3466821716694527,0.9983256592716618
0.34670737025730486,0.9983256592716618
0.3467325725085411,0.9983256592716618
0.34675777842396044,0.9983256592716618
0.346782988004362,0.9983256592716618
0.3468082012505453,0.9983256592716618
0.3468334181633098,0.9983256592716618
0.3468586387434555,0.9983256592716618
0.3468838629917824,0.9983256592716618
0.3469090909090909,0.9983256592716618
0.34693432249618156,0.9983256592716618
0.3469595577538551,0.9983256592716618
0.34698479668291266,0.9983256592716618
0.3470100392841554,0.9983256592716618
0.34703528555838487,0.9983256592716618
0.3470605355064028,0.9983256592716618
0.3470857891290111,0.9983256592716618
0.34711104642701207,0.9983256592716618
0.34713630740120804,0.9983256592716618
0.3471615720524017,0.9983256592716618
0.347186840381396,0.9983256592716618
0.34723738807599913,0.9983256592716618
0.34726266744321493,0.9983256592716618
0.34728795049144523,0.9983256592716618
0.3473132372214941,0.9983256592716618
0.3473385276341659,0.9983256592716618
0.3473638217302651,0.9983256592716618
0.3473891195105965,0.9983256592716618
0.34741442097596503,0.9983256592716618
0.34743972612717605,0.9983256592716618
0.34746503496503495,0.9983256592716618
0.3474903474903475,0.9983256592716618
0.34751566370391956,0.9983256592716618
0.3475409836065574,0.9983256592716618
0.34756630719906734,0.9983256592716618
0.34759163448225605,0.9983256592716618
0.3476169654569305,0.9983256592716618
0.3476423001238977,0.9983256592716618
0.34766763848396504,0.9983256592716618
0.34769298053794007,0.9983256592716618
0.3477183262866307,0.9983256592716618
0.3477436757308449,0.9983256592716618
0.34776902887139105,0.9983256592716618
0.34779438570907767,0.9983256592716618
0.34781974624471346,0.9983256592716618
0.34784511047910743,0.9983256592716618
0.34787047841306884,0.9983256592716618
0.3478958500474072,0.9983256592716618
0.3479212253829322,0.9983256592716618
0.3479466044204537,0.9983256592716618
0.34797198716078204,0.9983256592716618
0.3479973736047275,0.9983256592716618
0.3480227637531008,0.9983256592716618
0.34804815760671287,0.9983256592716618
0.3480989564328979,0.9983256592716618
0.34812436140709385,0.9983256592716618
0.3481497700897745,0.9983256592716618
0.34817518248175183,0.9983256592716618
0.34820059858383823,0.9983256592716618
0.34822601839684625,0.9983256592716618
0.3482514419215887,0.9983256592716618
0.3482768691588785,0.9983256592716618
0.348302300109529,0.9983256592716618
0.34832773477435375,0.9983256592716618
0.34835317315416636,0.9983256592716618
0.3483786152497809,0.9983256592716618
0.34840406106201155,0.9983256592716618
0.34842951059167276,0.9983256592716618
0.34845496383957925,0.9983256592716618
0.3485058814933879,0.9983256592716618
0.34853134590092066,0.9983256592716618
0.34858228588132123,0.9983256592716618
0.3486077614558211,0.9983256592716618
0.3486332407542757,0.9983256592716618
0.3485856297054309,0.9981163666806195
0.3486111111111111,0.9981163666806195
0.3486365962424154,0.9981163666806195
0.34866208510016083,0.9981163666806195
0.3486875776851649,0.9981163666806195
0.3487130739982451,0.9981163666806195
0.34873857404021935,0.9981163666806195
0.3487640778119058,0.9981163666806195
0.3488150965476887,0.9981163666806195
0.34884061151342255,0.9981163666806195
0.34886613021214335,0.9981163666806195
0.3488916526446704,0.9981163666806195
0.3489171788118232,0.9981163666806195
0.3489427087144216,0.9981163666806195
0.34896824235328555,0.9981163666806195
0.3489937797292353,0.9981163666806195
0.34901932084309134,0.9981163666806195
0.34904486569567444,0.9981163666806195
0.3490704142878056,0.9981163666806195
0.34909596662030595,0.9981163666806195
0.3491215226939971,0.9981163666806195
0.34914708250970056,0.9981163666806195
0.3491726460682384,0.9981163666806195
0.3491982133704327,0.9981163666806195
0.34922378441710605,0.9981163666806195
0.3492493592090809,0.9981163666806195
0.3492749377471803,0.9981163666806195
0.34930052003222734,0.9981163666806195
0.34932610606504544,0.9981163666806195
0.34935169584645814,0.9981163666806195
0.3493772893772894,0.9981163666806195
0.3494028866583633,0.9981163666806195
0.3494284876905041,0.9981163666806195
0.3494540924745365,0.9981163666806195
0.34947970101128534,0.9981163666806195
0.3495053133015757,0.9981163666806195
0.34953092934623275,0.9981163666806195
0.34955654914608225,0.9981163666806195
0.34958217270194986,0.9981163666806195
0.3496078000146617,0.9981163666806195
0.34963343108504397,0.9981163666806195
0.3496590659139233,0.9981163666806195
0.3496847045021264,0.9981163666806195
0.3497103468504803,0.9981163666806195
0.3497359929598123,0.9981163666806195
0.34976164283094974,0.9981163666806195
0.34978729646472057,0.9981163666806195
0.3498129538619526,0.9981163666806195
0.3498386150234742,0.9981163666806195
0.3498642799501137,0.9981163666806195
0.3498899486426999,0.9981163666806195
0.34991562110206176,0.9981163666806195
0.34994129732902846,0.9981163666806195
0.34996697732442944,0.9981163666806195
0.3499926610890944,0.9981163666806195
0.3500183486238532,0.9981163666806195
0.3500440399295361,0.9981163666806195
0.3500697350069735,0.9981163666806195
0.35009543385699604,0.9981163666806195
0.35012113648043464,0.9981163666806195
0.3501725530508848,0.9981163666806195
0.3501982669995594,0.9981163666806195
0.3502239847249761,0.9981163666806195
0.3502497062279671,0.9981163666806195
0.3502754315093647,0.9981163666806195
0.3503011605700015,0.9981163666806195
0.3503268934107103,0.9981163666806195
0.3503526300323244,0.9981163666806195
0.35037837043567704,0.9981163666806195
0.35040411462160176,0.9981163666806195
0.35042986259093245,0.9981163666806195
0.35045561434450323,0.9981163666806195
0.3504813698831484,0.9981163666806195
0.3505071292077025,0.9981163666806195
0.35053289231900037,0.9981163666806195
0.3505586592178771,0.9981163666806195
0.35058442990516797,0.9981163666806195
0.3506102043817086,0.9981163666806195
0.3506359826483347,0.9981163666806195
0.35066176470588234,0.9981163666806195
0.35068755055518785,0.9981163666806195
0.35071334019708783,0.9981163666806195
0.35073913363241893,0.9981163666806195
0.35076493086201826,0.9981163666806195
0.35079073188672305,0.9981163666806195
0.3508165367073709,0.9981163666806195
0.3508423453247995,0.9981163666806195
0.350868157739847,0.9981163666806195
0.3508939739533515,0.9981163666806195
0.3509197939661516,0.9981163666806195
0.350945617779086,0.9981163666806195
0.3509714453929938,0.9981163666806195
0.35099727680871423,0.9981163666806195
0.3510231120270867,0.9981163666806195
0.35104895104895106,0.9981163666806195
0.35107479387514723,0.9981163666806195
0.3511006405065155,0.9981163666806195
0.3511264909438963,0.9981163666806195
0.3511523451881305,0.9981163666806195
0.3511782032400589,0.9981163666806195
0.3512040651005229,0.9981163666806195
0.3512299307703638,0.9981163666806195
0.3512558002504235,0.9981163666806195
0.3512816735415439,0.9981163666806195
0.3513075506445672,0.9981163666806195
0.3513334315603359,0.9981163666806195
0.35135931628969275,0.9981163666806195
0.3513852048334807,0.9981163666806195
0.35141109719254293,0.9981163666806195
0.35143699336772294,0.9981163666806195
0.3514628933598644,0.9981163666806195
0.3514887971698113,0.9981163666806195
0.3515147047984079,0.9981163666806195
0.35154061624649857,0.9981163666806195
0.3515665315149281,0.9981163666806195
0.3515924506045414,0.9981163666806195
0.35161837351618375,0.9981163666806195
0.3516443002507005,0.9981163666806195
0.3516702308089374,0.9981163666806195
0.3516961651917404,0.9981163666806195
0.35172210339995574,0.9981163666806195
0.35174804543442983,0.9981163666806195
0.35177399129600945,0.9981163666806195
0.35179994098554146,0.9981163666806195
0.3518258945038731,0.9981163666806195
0.35185185185185186,0.9981163666806195
0.3518778130303254,0.9981163666806195
0.35190377804014167,0.9981163666806195
0.3519297468821489,0.9981163666806195
0.35195571955719557,0.9981163666806195
0.35198169606613033,0.9981163666806195
0.3520076764098022,0.9981163666806195
0.3520336605890603,0.9981163666806195
0.3520596486047542,0.9981163666806195
0.3520856404577335,0.9981163666806195
0.3521116361488482,0.9981163666806195
0.3521376356789485,0.9981163666806195
0.3521636390488849,0.9981163666806195
0.35218964625950816,0.9981163666806195
0.35221565731166915,0.9981163666806195
0.35224167220621905,0.9981163666806195
0.35226769094400945,0.9981163666806195
0.352293713525892,0.9981163666806195
0.3523197399527187,0.9981163666806195
0.3523457702253417,0.9981163666806195
0.35237180434461357,0.9981163666806195
0.352397842311387,0.9981163666806195
0.35242388412651493,0.9981163666806195
0.35244992979085066,0.9981163666806195
0.3524759793052476,0.9981163666806195
0.3525020326705595,0.9981163666806195
0.35252808988764045,0.9981163666806195
0.35255415095734455,0.9981163666806195
0.3525802158805264,0.9981163666806195
0.35260628465804067,0.9981163666806195
0.3526323572907424,0.9981163666806195
0.3526584337794868,0.9981163666806195
0.3526845141251294,0.9981163666806195
0.35271059832852597,0.9981163666806195
0.3527366863905325,0.9981163666806195
0.3527627783120053,0.9981163666806195
0.35278887409380083,0.9981163666806195
0.3528149737367759,0.9981163666806195
0.35284107724178754,0.9981163666806195
0.3528671846096929,0.9981163666806195
0.3528932958413497,0.9981163666806195
0.35291941093761564,0.9981163666806195
0.35294552989934874,0.9981163666806195
0.35297165272740727,0.9981163666806195
0.35299777942264987,0.9981163666806195
0.3530239099859353,0.9981163666806195
0.3530500444181226,0.9981163666806195
0.3530761827200711,0.9981163666806195
0.3531023248926403,0.9981163666806195
0.35312847093669014,0.9981163666806195
0.3531546208530806,0.9981163666806195
0.353180774642672,0.9981163666806195
0.353206932306325,0.9981163666806195
0.35323309384490037,0.9981163666806195
0.3532592592592593,0.9981163666806195
0.35328542855026296,0.9981163666806195
0.3533116017187731,0.9981163666806195
0.35333777876565164,0.9981163666806195
0.35336395969176054,0.9981163666806195
0.3533901444979622,0.9981163666806195
0.35341633318511934,0.9981163666806195
0.35344252575409474,0.9981163666806195
0.35346872220575154,0.9981163666806195
0.3534949225409532,0.9981163666806195
0.35352112676056335,0.9981163666806195
0.35354733486544593,0.9981163666806195
0.353573546856465,0.9981163666806195
0.35359976273448507,0.9981163666806195
0.35362598250037075,0.9981163666806195
0.35365220615498705,0.9981163666806195
0.35367843369919905,0.9981163666806195
0.3537046651338723,0.9981163666806195
0.35373090045987243,0.9981163666806195
0.35375713967806544,0.9981163666806195
0.3537833827893175,0.9981163666806195
0.35380962979449515,0.9981163666806195
0.35383588069446503,0.9981163666806195
0.3538621354900942,0.9981163666806195
0.35388839418224993,0.9981163666806195
0.3539146567717996,0.9981163666806195
0.35394092325961113,0.9981163666806195
0.3539671936465524,0.9981163666806195
0.3539934679334917,0.9981163666806195
0.3540197461212976,0.9981163666806195
0.3540460282108389,0.9981163666806195
0.35407231420298463,0.9981163666806195
0.3540986040986041,0.9981163666806195
0.3541248978985669,0.9981163666806195
0.35415119560374275,0.9981163666806195
0.35417749721500186,0.9981163666806195
0.3542038027332145,0.9981163666806195
0.35423011215925126,0.9981163666806195
0.35425642549398306,0.9981163666806195
0.354282742738281,0.9981163666806195
0.35430906389301636,0.9981163666806195
0.35433538895906086,0.9981163666806195
0.3543617179372864,0.9981163666806195
0.35438805082856506,0.9981163666806195
0.3544143876337693,0.9981163666806195
0.35444072835377183,0.9981163666806195
0.3544670729894455,0.9981163666806195
0.3544934215416636,0.9981163666806195
0.3545197740112994,0.9981163666806195
0.35454613039922683,0.9981163666806195
0.3545724907063197,0.9981163666806195
0.3545988549334523,0.9981163666806195
0.35462522308149913,0.9981163666806195
0.3546515951513349,0.9981163666806195
0.3546779711438346,0.9981163666806195
0.3547043510598736,0.9981163666806195
0.3547307349003273,0.9981163666806195
0.35475712266607157,0.9981163666806195
0.35478351435798244,0.9981163666806195
0.35480990997693623,0.9981163666806195
0.3548363095238095,0.9981163666806195
0.35486271299947914,0.9981163666806195
0.3548891204048221,0.9981163666806195
0.35491553174071594,0.9981163666806195
0.3549419470080381,0.9981163666806195
0.35496836620766653,0.9981163666806195
0.3549947893404794,0.9981163666806195
0.355021216407355,0.9981163666806195
0.3550476474091721,0.9981163666806195
0.3550740823468096,0.9981163666806195
0.35510052122114666,0.9981163666806195
0.35512696403306276,0.9981163666806195
0.3551534107834376,0.9981163666806195
0.3551798614731511,0.9981163666806195
0.35520631610308356,0.9981163666806195
0.35523277467411546,0.9981163666806195
0.35525923718712754,0.9981163666806195
0.3552857036430008,0.9981163666806195
0.3553121740426166,0.9981163666806195
0.3553386483868564,0.9981163666806195
0.3553651266766021,0.9981163666806195
0.3553916089127357,0.9981163666806195
0.35541809509613953,0.9981163666806195
0.35544458522769623,0.9981163666806195
0.3554710793082886,0.9981163666806195
0.35549757733879983,0.9981163666806195
0.3555240793201133,0.9981163666806195
0.35555058525311267,0.9981163666806195
0.3555770951386818,0.9981163666806195
0.3556036089777049,0.9981163666806195
0.35555555555555557,0.9979070740895772
0.3555820717428593,0.9979070740895772
0.3556085918854415,0.9979070740895772
0.35563511598418734,0.9979070740895772
0.3556881760537113,0.9979070740895772
0.3557147120262608,0.9979070740895772
0.35574125195851675,0.9979070740895772
0.3557677958513655,0.9979070740895772
0.3557943437056936,0.9979070740895772
0.35584745130233597,0.9979070740895772
0.35587401104642485,0.9979070740895772
0.35590057475554226,0.9979070740895772
0.35592714243057627,0.9979070740895772
0.3559802896819471,0.9979070740895772
0.3560068692600612,0.9979070740895772
0.35603345280764637,0.9979070740895772
0.3560600403255918,0.9979070740895772
0.35608663181478717,0.9979070740895772
0.3561132272761222,0.9979070740895772
0.356139826710487,0.9979070740895772
0.35616643011877197,0.9979070740895772
0.35619303750186765,0.9979070740895772
0.35621964886066493,0.9979070740895772
0.356246264196055,0.9979070740895772
0.3562728835089292,0.9979070740895772
0.35629950680017936,0.9979070740895772
0.35632613407069724,0.9979070740895772
0.35635276532137516,0.9979070740895772
0.35637940055310563,0.9979070740895772
0.35640603976678126,0.9979070740895772
0.3564326829632952,0.9979070740895772
0.35645933014354064,0.9979070740895772
0.3564859813084112,0.9979070740895772
0.35651263645880066,0.9979070740895772
0.3565392955956031,0.9979070740895772
0.3565659587197128,0.9979070740895772
0.35659262583202456,0.9979070740895772
0.3566192969334331,0.9979070740895772
0.35664597202483356,0.9979070740895772
0.3566726511071215,0.9979070740895772
0.3566993341811925,0.9979070740895772
0.35672602124794256,0.9979070740895772
0.3567527123082679,0.9979070740895772
0.35677940736306496,0.9979070740895772
0.3568061064132306,0.9979070740895772
0.3568328094596617,0.9979070740895772
0.35685951650325576,0.9979070740895772
0.3568862275449102,0.9979070740895772
0.35691294258552286,0.9979070740895772
0.3569396616259919,0.9979070740895772
0.3569663846672157,0.9979070740895772
0.35699311171009285,0.9979070740895772
0.3570198427555223,0.9979070740895772
0.3570465778044032,0.9979070740895772
0.357073316857635,0.9979070740895772
0.35710005991611743,0.9979070740895772
0.3571268069807505,0.9979070740895772
0.3571535580524345,0.9979070740895772
0.3571803131320698,0.9979070740895772
0.35720707222055736,0.9979070740895772
0.3572338353187982,0.9979070740895772
0.3572606024276937,0.9979070740895772
0.3572873735481454,0.9979070740895772
0.35731414868105515,0.9979070740895772
0.3573409278273252,0.9979070740895772
0.3573677109878579,0.9979070740895772
0.35739449816355595,0.9979070740895772
0.35742128935532236,0.9979070740895772
0.3574480845640603,0.9979070740895772
0.35747488379067327,0.9979070740895772
0.3575016870360651,0.9979070740895772
0.35752849430113975,0.9979070740895772
0.35755530558680165,0.9979070740895772
0.3575821208939553,0.9979070740895772
0.3576089402235056,0.9979070740895772
0.3576357635763576,0.9979070740895772
0.35766259095341685,0.9979070740895772
0.35768942235558887,0.9979070740895772
0.35771625778377975,0.9979070740895772
0.3577430972388956,0.9979070740895772
0.35776994072184287,0.9979070740895772
0.35779678823352845,0.9979070740895772
0.3578236397748593,0.9979070740895772
0.35785049534674274,0.9979070740895772
0.3578773549500863,0.9979070740895772
0.3579042185857979,0.9979070740895772
0.3579310862547857,0.9979070740895772
0.357957957957958,0.9979070740895772
0.3579848336962234,0.9979070740895772
0.35801171347049104,0.9979070740895772
0.35803859728167003,0.9979070740895772
0.3580654851306699,0.9979070740895772
0.3580923770184003,0.9979070740895772
0.3581192729457714,0.9979070740895772
0.3581461729136934,0.9979070740895772
0.3581730769230769,0.9979070740895772
0.35819998497483285,0.9979070740895772
0.35822689706987226,0.9979070740895772
0.35828073339344757,0.9979070740895772
0.358307657623807,0.9979070740895772
0.35833458590109724,0.9979070740895772
0.35836151822623075,0.9979070740895772
0.35841539502367886,0.9979070740895772
0.3584423394978199,0.9979070740895772
0.3584692880234569,0.9979070740895772
0.35849624060150376,0.9979070740895772
0.3585231972328747,0.9979070740895772
0.358550157918484,0.9979070740895772
0.3585019177258028,0.9976977814985349
0.358528880866426,0.9976977814985349
0.35855584806318164,0.9976977814985349
0.3585828193169851,0.9976977814985349
0.358609794628752,0.9976977814985349
0.35863677399939814,0.9976977814985349
0.35866375742983975,0.9976977814985349
0.35869074492099323,0.9976977814985349
0.3587177364737753,0.9976977814985349
0.35874473208910296,0.9976977814985349
0.35877173176789345,0.9976977814985349
0.3587987355110643,0.9976977814985349
0.3588257433195333,0.9976977814985349
0.3588527551942186,0.9976977814985349
0.35887977113603853,0.9976977814985349
0.3589067911459118,0.9976977814985349
0.35893381522475715,0.9976977814985349
0.358960843373494,0.9976977814985349
0.3589878755930416,0.9976977814985349
0.35901491188431994,0.9976977814985349
0.35904195224824886,0.9976977814985349
0.3590689966857487,0.9976977814985349
0.35909604519774013,0.9976977814985349
0.3591230977851439,0.9976977814985349
0.3591501544488812,0.9976977814985349
0.35917721518987344,0.9976977814985349
0.35920428000904225,0.9976977814985349
0.35923134890730973,0.9976977814985349
0.35925842188559803,0.9976977814985349
0.35928549894482964,0.9976977814985349
0.3593125800859275,0.9976977814985349
0.35933966530981454,0.9976977814985349
0.35936675461741424,0.9976977814985349
0.3593938480096502,0.9976977814985349
0.3594209454874463,0.9976977814985349
0.3594480470517267,0.9976977814985349
0.359475152703416,0.9976977814985349
0.3595022624434389,0.9976977814985349
0.3595293762727204,0.9976977814985349
0.3595564941921858,0.9976977814985349
0.3595836162027608,0.9976977814985349
0.35961074230537116,0.9976977814985349
0.35963787250094303,0.9976977814985349
0.3596650067904029,0.9976977814985349
0.35969214517467746,0.9976977814985349
0.35971928765469363,0.9976977814985349
0.35974643423137875,0.9976977814985349
0.35977358490566036,0.9976977814985349
0.3598007396784663,0.9976977814985349
0.3598278985507246,0.9976977814985349
0.3598550615233638,0.9976977814985349
0.3598822285973124,0.9976977814985349
0.35990939977349945,0.9976977814985349
0.35993657505285415,0.9976977814985349
0.35996375443630596,0.9976977814985349
0.35999093792478476,0.9976977814985349
0.3600181255192206,0.9976977814985349
0.3600453172205438,0.9976977814985349
0.36009971294757515,0.9976977814985349
0.36012691697514543,0.9976977814985349
0.3601541251133273,0.9976977814985349
0.3601813373630525,0.9976977814985349
0.3602085537252531,0.9976977814985349
0.3602357742008615,0.9976977814985349
0.36026299879081014,0.9976977814985349
0.36029022749603207,0.9976977814985349
0.3603174603174603,0.9976977814985349
0.3603446972560284,0.9976977814985349
0.3603719383126701,0.9976977814985349
0.36039918348831934,0.9976977814985349
0.36042643278391046,0.9976977814985349
0.3604536862003781,0.9976977814985349
0.36048094373865697,0.9976977814985349
0.36050820539968237,0.9976977814985349
0.36056274109371456,0.9976977814985349
0.36059001512859307,0.9976977814985349
0.3606172932899614,0.9976977814985349
0.36064457557875623,0.9976977814985349
0.36067186199591433,0.9976977814985349
0.3606991525423729,0.9976977814985349
0.3607264472190692,0.9976977814985349
0.3607537460269411,0.9976977814985349
0.36078104896692653,0.9976977814985349
0.3608083560399637,0.9976977814985349
0.3608356672469911,0.9976977814985349
0.3608629825889478,0.9976977814985349
0.36089030206677264,0.9976977814985349
0.36091762568140523,0.9976977814985349
0.36094495343378513,0.9976977814985349
0.3609722853248523,0.9976977814985349
0.36099962135554714,0.9976977814985349
0.3610543058395819,0.9976977814985349
0.3610816542948038,0.9976977814985349
0.3611090068934172,0.9976977814985349
0.36113636363636364,0.9976977814985349
0.3611637245245852,0.9976977814985349
0.36119108955902407,0.9976977814985349
0.36121845874062286,0.9976977814985349
0.36124583207032435,0.9976977814985349
0.3612732095490716,0.9976977814985349
0.3613005911778081,0.9976977814985349
0.3613279769574774,0.9976977814985349
0.36135536688902364,0.9976977814985349
0.36138276097339095,0.9976977814985349
0.36141015921152386,0.9976977814985349
0.3614375616043673,0.9976977814985349
0.3614649681528662,0.9976977814985349
0.3614923788579662,0.9976977814985349
0.36151979372061277,0.9976977814985349
0.361547212741752,0.9976977814985349
0.3615746359223301,0.9976977814985349
0.36160206326329364,0.9976977814985349
0.3616294947655894,0.9976977814985349
0.3616569304301646,0.9976977814985349
0.3616843702579666,0.9976977814985349
0.3617118142499431,0.9976977814985349
0.3617667147302117,0.9976977814985349
0.36182163187855787,0.9976977814985349
0.3618490967056323,0.9976977814985349
0.3618765657025734,0.9976977814985349
0.361904038870331,0.9976977814985349
0.361931516209855,0.9976977814985349
0.36195899772209567,0.9976977814985349
0.36198648340800366,0.9976977814985349
0.36201397326852974,0.9976977814985349
0.3620414673046252,0.9976977814985349
0.3620689655172414,0.9976977814985349
0.36209646790733,0.9976977814985349
0.3621239744758432,0.9976977814985349
0.3621514852237332,0.9976977814985349
0.3621790001519526,0.9976977814985349
0.3622065192614543,0.9976977814985349
0.36223404255319147,0.9976977814985349
0.36226157002811765,0.9976977814985349
0.3622891016871865,0.9976977814985349
0.3623166375313521,0.9976977814985349
0.3623441775615689,0.9976977814985349
0.36237172177879134,0.9976977814985349
0.36239927018397444,0.9976977814985349
0.3624268227780734,0.9976977814985349
0.3624543795620438,0.9976977814985349
0.3624819405368413,0.9976977814985349
0.36250950570342205,0.9976977814985349
0.3625370750627424,0.9976977814985349
0.36256464861575904,0.9976977814985349
0.3625922263634289,0.9976977814985349
0.36261980830670926,0.9976977814985349
0.36264739444655764,0.9976977814985349
0.36267498478393184,0.9976977814985349
0.36270257931979,0.9976977814985349
0.36273017805509056,0.9976977814985349
0.3627577809907922,0.9976977814985349
0.3627853881278539,0.9976977814985349
0.36281299946723494,0.9976977814985349
0.36276449992388493,0.9974884889074926
0.3627921138768364,0.9974884889074926
0.3628197320341047,0.9974884889074926
0.36284735439665017,0.9974884889074926
0.36287498096543325,0.9974884889074926
0.36290261174141475,0.9974884889074926
0.3629302467255559,0.9974884889074926
0.36295788591881806,0.9974884889074926
0.362985529322163,0.9974884889074926
0.36301317693655266,0.9974884889074926
0.3630408287629494,0.9974884889074926
0.36306848480231585,0.9974884889074926
0.3630961450556148,0.9974884889074926
0.3631238095238095,0.9974884889074926
0.3631514782078635,0.9974884889074926
0.3631791511087404,0.9974884889074926
0.36320682822740435,0.9974884889074926
0.36323450956481973,0.9974884889074926
0.36326219512195124,0.9974884889074926
0.3632898848997637,0.9974884889074926
0.36331757889922245,0.9974884889074926
0.363345277121293,0.9974884889074926
0.36337297956694115,0.9974884889074926
0.36340068623713306,0.9974884889074926
0.36342839713283515,0.9974884889074926
0.3634561122550141,0.9974884889074926
0.363483831604637,0.9974884889074926
0.36351155518267103,0.9974884889074926
0.3635392829900839,0.9974884889074926
0.36356701502784344,0.9974884889074926
0.36359475129691793,0.9974884889074926
0.3636224917982757,0.9974884889074926
0.3636502365328857,0.9974884889074926
0.3636779855017169,0.9974884889074926
0.3637057387057387,0.9974884889074926
0.36373349614592076,0.9974884889074926
0.3637612578232331,0.9974884889074926
0.3637890237386459,0.9974884889074926
0.36381679389312976,0.9974884889074926
0.36384456828765555,0.9974884889074926
0.36387234692319437,0.9974884889074926
0.36390012980071773,0.9974884889074926
0.3639279169211973,0.9974884889074926
0.3639557082856052,0.9974884889074926
0.3639835038949137,0.9974884889074926
0.3640113037500955,0.9974884889074926
0.36403910785212346,0.9974884889074926
0.36406691620197085,0.9974884889074926
0.36409472880061117,0.9974884889074926
0.36412254564901825,0.9974884889074926
0.36415036674816625,0.9974884889074926
0.3641781920990296,0.9974884889074926
0.3642060217025829,0.9974884889074926
0.3642338555598013,0.9974884889074926
0.36426169367166006,0.9974884889074926
0.3642895360391348,0.9974884889074926
0.36431738266320135,0.9974884889074926
0.364345233544836,0.9974884889074926
0.3643730886850153,0.9974884889074926
0.36440094808471596,0.9974884889074926
0.36442881174491515,0.9974884889074926
0.3644566796665902,0.9974884889074926
0.3644845518507189,0.9974884889074926
0.3645124282982792,0.9974884889074926
0.36454030901024936,0.9974884889074926
0.36456819398760804,0.9974884889074926
0.36459608323133413,0.9974884889074926
0.3646239767424069,0.9974884889074926
0.36465187452180564,0.9974884889074926
0.36467977657051037,0.9974884889074926
0.36470768288950106,0.9974884889074926
0.36473559347975815,0.9974884889074926
0.36476350834226234,0.9974884889074926
0.36479142747799465,0.9974884889074926
0.3648193508879363,0.9974884889074926
0.364847278573069,0.9974884889074926
0.3648752105343745,0.9974884889074926
0.36490314677283514,0.9974884889074926
0.3649310872894334,0.9974884889074926
0.364959032085152,0.9974884889074926
0.3649869811609741,0.9974884889074926
0.36501493451788314,0.9974884889074926
0.36504289215686275,0.9974884889074926
0.365070854078897,0.9974884889074926
0.36509882028497015,0.9974884889074926
0.3651267907760668,0.9974884889074926
0.36515476555317194,0.9974884889074926
0.3651827446172707,0.9974884889074926
0.36521072796934867,0.9974884889074926
0.3652387156103916,0.9974884889074926
0.3652667075413856,0.9974884889074926
0.36529470376331724,0.9974884889074926
0.36532270427717306,0.9974884889074926
0.3653507090839402,0.9974884889074926
0.36537871818460593,0.9974884889074926
0.36540673158015796,0.9974884889074926
0.3654347492715841,0.9974884889074926
0.3654627712598727,0.9974884889074926
0.36549079754601227,0.9974884889074926
0.3655188281309916,0.9974884889074926
0.36554686301579997,0.9974884889074926
0.3655749022014267,0.9974884889074926
0.3656029456888616,0.9974884889074926
0.3656309934790947,0.9974884889074926
0.36565904557311646,0.9974884889074926
0.36568710197191745,0.9974884889074926
0.3657151626764886,0.9974884889074926
0.36574322768782136,0.9974884889074926
0.36577129700690714,0.9974884889074926
0.3657993706347379,0.9974884889074926
0.3658274485723058,0.9974884889074926
0.36585553082060335,0.9974884889074926
0.36588361738062336,0.9974884889074926
0.36591170825335895,0.9974884889074926
0.3659398034398034,0.9974884889074926
0.3659679029409506,0.9974884889074926
0.3659960067577945,0.9974884889074926
0.3660241148913294,0.9974884889074926
0.36605222734254994,0.9974884889074926
0.36608034411245105,0.9974884889074926
0.36610846520202794,0.9974884889074926
0.36613659061227627,0.9974884889074926
0.3661647203441918,0.9974884889074926
0.36619285439877064,0.9974884889074926
0.36622099277700937,0.9974884889074926
0.36624913547990473,0.9974884889074926
0.36627728250845376,0.9974884889074926
0.36630543386365383,0.9974884889074926
0.3663335895465027,0.9974884889074926
0.36636174955799833,0.9974884889074926
0.36641808257092334,0.9974884889074926
0.3664462555743503,0.9974884889074926
0.36650261458012917,0.9974884889074926
0.3665308005844805,0.9974884889074926
0.36655899092447314,0.9974884889074926
0.3665871856011076,0.9974884889074926
0.3666153846153846,0.9974884889074926
0.36664358796830526,0.9974884889074926
0.3666717956608709,0.9974884889074926
0.36670000769408323,0.9974884889074926
0.3667282240689443,0.9974884889074926
0.3667564447864563,0.9974884889074926
0.366784669847622,0.9974884889074926
0.3668128992534442,0.9974884889074926
0.3668411330049261,0.9974884889074926
0.3668693711030714,0.9974884889074926
0.3668976135488838,0.9974884889074926
0.36692586034336744,0.9974884889074926
0.36695411148752693,0.9974884889074926
0.36698236698236697,0.9974884889074926
0.3670106268288926,0.9974884889074926
0.3670388910281094,0.9974884889074926
0.3670671595810228,0.9974884889074926
0.36709543248863896,0.9974884889074926
0.36712370975196423,0.9974884889074926
0.3671519913720052,0.9974884889074926
0.3671802773497689,0.9974884889074926
0.3672085676862624,0.9974884889074926
0.3672368623824934,0.9974884889074926
0.36726516143946986,0.9974884889074926
0.36729346485819975,0.9974884889074926
0.36732177263969173,0.9974884889074926
0.3673500847849545,0.9974884889074926
0.3673784012949973,0.9974884889074926
0.3674067221708295,0.9974884889074926
0.3674350474134608,0.9974884889074926
0.3674633770239013,0.9974884889074926
0.36749171100316136,0.9974884889074926
0.3675200493522517,0.9974884889074926
0.36754839207218326,0.9974884889074926
0.3675767391639673,0.9974884889074926
0.3676050906286155,0.9974884889074926
0.36763344646713975,0.9974884889074926
0.3676618066805523,0.9974884889074926
0.36769017126986575,0.9974884889074926
0.3677185402360929,0.9974884889074926
0.3677469135802469,0.9974884889074926
0.3677752913033413,0.9974884889074926
0.36780367340638986,0.9974884889074926
0.36783205989040674,0.9974884889074926
0.3678604507564063,0.9974884889074926
0.36788884600540334,0.9974884889074926
0.3679172456384128,0.9974884889074926
0.3679740580605312,0.9974884889074926
0.3680024708516717,0.9974884889074926
0.368030888030888,0.9974884889074926
0.36805930959919686,0.9974884889074926
0.3680877355576151,0.9974884889074926
0.36811616590715995,0.9974884889074926
0.3681446006488491,0.9974884889074926
0.36817303978370025,0.9974884889074926
0.3682014833127318,0.9974884889074926
0.36822993123696207,0.9974884889074926
0.36825838355741,0.9974884889074926
0.3682868402750947,0.9974884889074926
0.3683153013910355,0.9974884889074926
0.3683437669062524,0.9974884889074926
0.36840071113859474,0.9974884889074926
0.3684291898577613,0.9974884889074926
0.36845767298028603,0.9974884889074926
0.36848616050719035,0.9974884889074926
0.3685146524394959,0.9974884889074926
0.3685431487782246,0.9974884889074926
0.36857164952439875,0.9974884889074926
0.368600154679041,0.9974884889074926
0.36862866424317425,0.9974884889074926
0.3686571782178218,0.9974884889074926
0.36868569660400713,0.9974884889074926
0.3687142194027541,0.9974884889074926
0.36874274661508705,0.9974884889074926
0.3687712782420303,0.9974884889074926
0.36879981428460884,0.9974884889074926
0.3688283547438477,0.9974884889074926
0.3688568996207724,0.9974884889074926
0.3688854489164087,0.9974884889074926
0.36891400263178264,0.9974884889074926
0.36894256076792076,0.9974884889074926
0.36897112332584964,0.9974884889074926
0.36899969030659646,0.9974884889074926
0.3690282617111885,0.9974884889074926
0.36905683754065355,0.9974884889074926
0.3690854177960195,0.9974884889074926
0.3691140024783148,0.9974884889074926
0.3691425915885679,0.9974884889074926
0.3691711851278079,0.9974884889074926
0.3691997830970641,0.9974884889074926
0.369228385497366,0.9974884889074926
0.36925699232974357,0.9974884889074926
0.36928560359522705,0.9974884889074926
0.369314219294847,0.9974884889074926
0.3693428394296342,0.9974884889074926
0.36937146400062,0.9974884889074926
0.36940009300883586,0.9974884889074926
0.36942872645531355,0.9974884889074926
0.3694573643410853,0.9974884889074926
0.3694860066671835,0.9974884889074926
0.369514653434641,0.9974884889074926
0.369543304644491,0.9974884889074926
0.36957196029776673,0.9974884889074926
0.3696006203955021,0.9974884889074926
0.3696292849387312,0.9974884889074926
0.3696579539284883,0.9974884889074926
0.36968662736580826,0.9974884889074926
0.369715305251726,0.9974884889074926
0.36974398758727695,0.9974884889074926
0.36977267437349676,0.9974884889074926
0.36980136561142146,0.9974884889074926
0.3698300613020874,0.9974884889074926
0.3698587614465311,0.9974884889074926
0.3698874660457897,0.9974884889074926
0.36991617510090036,0.9974884889074926
0.3699448886129007,0.9974884889074926
0.36997360658282874,0.9974884889074926
0.3700023290117227,0.9974884889074926
0.37003105590062113,0.9974884889074926
0.37005978725056293,0.9974884889074926
0.3700885230625874,0.9974884889074926
0.3701172633377339,0.9974884889074926
0.37014600807704257,0.9974884889074926
0.3701747572815534,0.9974884889074926
0.37020351095230697,0.9974884889074926
0.3702322690903441,0.9974884889074926
0.37026103169670604,0.9974884889074926
0.3702897987724342,0.9974884889074926
0.3703185703185703,0.9974884889074926
0.3703473463361567,0.9974884889074926
0.3703761268262356,0.9974884889074926
0.37040491178985,0.9974884889074926
0.3704337012280429,0.9974884889074926
0.37046249514185775,0.9974884889074926
0.3704912935323383,0.9974884889074926
0.3703934069351578,0.9970699037254082
0.3704222066713319,0.9970699037254082
0.3704510108864697,0.9970699037254082
0.37047981958161597,0.9970699037254082
0.37050863275781615,0.9970699037254082
0.37053745041611574,0.9970699037254082
0.3705662725575607,0.9970699037254082
0.3705950991831972,0.9970699037254082
0.37062393029407187,0.9970699037254082
0.37065276589123164,0.9970699037254082
0.37068160597572364,0.9970699037254082
0.3707104505485954,0.9970699037254082
0.37073929961089497,0.9970699037254082
0.37076815316367034,0.9970699037254082
0.3707970112079701,0.9970699037254082
0.37082587374484316,0.9970699037254082
0.37085474077533864,0.9970699037254082
0.37088361230050604,0.9970699037254082
0.37091248832139523,0.9970699037254082
0.3709413688390563,0.9970699037254082
0.3709702538545398,0.9970699037254082
0.3709991433688965,0.9970699037254082
0.3710280373831776,0.9970699037254082
0.37105693589843447,0.9970699037254082
0.37108583891571895,0.9970699037254082
0.3711147464360832,0.9970699037254082
0.3711436584605796,0.9970699037254082
0.371172574990261,0.9970699037254082
0.37120149602618047,0.9970699037254082
0.3712304215693914,0.9970699037254082
0.37125935162094764,0.9970699037254082
0.3712882861819032,0.9970699037254082
0.37131722525331257,0.9970699037254082
0.3713461688362304,0.9970699037254082
0.3713751169317119,0.9970699037254082
0.37140406954081234,0.9970699037254082
0.37143302666458755,0.9970699037254082
0.37146198830409355,0.9970699037254082
0.37149095446038677,0.9970699037254082
0.3715199251345239,0.9970699037254082
0.371548900327562,0.9970699037254082
0.3715778800405585,0.9970699037254082
0.37160686427457096,0.9970699037254082
0.3716358530306576,0.9970699037254082
0.37166484630987673,0.9970699037254082
0.37169384411328704,0.9970699037254082
0.3717228464419476,0.9970699037254082
0.3717518532969177,0.9970699037254082
0.3717808646792571,0.9970699037254082
0.37180988059002573,0.9970699037254082
0.3718389010302841,0.9970699037254082
0.3718679260010928,0.9970699037254082
0.37189695550351287,0.9970699037254082
0.3719259895386057,0.9970699037254082
0.37195502810743286,0.9970699037254082
0.3719840712110565,0.9970699037254082
0.37201311885053884,0.9970699037254082
0.3720421710269426,0.9970699037254082
0.37207122774133083,0.9970699037254082
0.3720221823010232,0.9968606111343659
0.37205124199343853,0.9968606111343659
0.3720803062260761,0.9968606111343659
0.372109375,0.9968606111343659
0.3721384483162747,0.9968606111343659
0.372167526175965,0.9968606111343659
0.372196608580136,0.9968606111343659
0.3722256955298531,0.9968606111343659
0.3722547870261821,0.9968606111343659
0.37228388307018917,0.9968606111343659
0.3723129836629407,0.9968606111343659
0.37234208880550346,0.9968606111343659
0.37237119849894457,0.9968606111343659
0.3724003127443315,0.9968606111343659
0.37242943154273206,0.9968606111343659
0.3724585548952143,0.9968606111343659
0.37248768280284666,0.9968606111343659
0.37251681526669794,0.9968606111343659
0.3725459522878373,0.9968606111343659
0.3725750938673342,0.9968606111343659
0.3726042400062583,0.9968606111343659
0.37263339070567986,0.9968606111343659
0.37266254596666926,0.9968606111343659
0.37269170579029737,0.9968606111343659
0.37272087017763517,0.9968606111343659
0.37275003912975424,0.9968606111343659
0.3727792126477264,0.9968606111343659
0.3728083907326237,0.9968606111343659
0.3728375733855186,0.9968606111343659
0.37286676060748397,0.9968606111343659
0.3728959523995929,0.9968606111343659
0.3729251487629189,0.9968606111343659
0.37295434969853575,0.9968606111343659
0.37298355520751764,0.9968606111343659
0.373012765290939,0.9968606111343659
0.3730419799498747,0.9968606111343659
0.3730711991853999,0.9968606111343659
0.37310042299859003,0.9968606111343659
0.37312965139052096,0.9968606111343659
0.3731588843622689,0.9968606111343659
0.3731881219149103,0.9968606111343659
0.373217364049522,0.9968606111343659
0.37324661076718124,0.9968606111343659
0.3732758620689655,0.9968606111343659
0.37330511795595267,0.9968606111343659
0.3733343784292209,0.9968606111343659
0.3733636434898487,0.9968606111343659
0.37339291313891504,0.9968606111343659
0.373422187377499,0.9968606111343659
0.37345146620668024,0.9968606111343659
0.37348074962753863,0.9968606111343659
0.3735100376411543,0.9968606111343659
0.37353933024860797,0.9968606111343659
0.3735686274509804,0.9968606111343659
0.37359792924935287,0.9968606111343659
0.37362723564480704,0.9968606111343659
0.37365654663842474,0.9968606111343659
0.37368586223128825,0.9968606111343659
0.3737151824244802,0.9968606111343659
0.3737445072190835,0.9968606111343659
0.3737738366161814,0.9968606111343659
0.37380317061685764,0.9968606111343659
0.3738325092221961,0.9968606111343659
0.373861852433281,0.9968606111343659
0.3738912002511971,0.9968606111343659
0.37392055267702934,0.9968606111343659
0.3739499097118631,0.9968606111343659
0.37397927135678394,0.9968606111343659
0.3740086376128779,0.9968606111343659
0.37403800848123137,0.9968606111343659
0.374067383962931,0.9968606111343659
0.3740967640590638,0.9968606111343659
0.37412614877071715,0.9968606111343659
0.3741555380989788,0.9968606111343659
0.37418493204493675,0.9968606111343659
0.37421433060967946,0.9968606111343659
0.3742437337942956,0.9968606111343659
0.3742731415998743,0.9968606111343659
0.3743025540275049,0.9968606111343659
0.37433197107827726,0.9968606111343659
0.37436139275328145,0.9968606111343659
0.37439081905360794,0.9968606111343659
0.37442024998034745,0.9968606111343659
0.3744496855345912,0.9968606111343659
0.37447912571743064,0.9968606111343659
0.37450857052995756,0.9968606111343659
0.37453801997326414,0.9968606111343659
0.3745674740484429,0.9968606111343659
0.37459693275658673,0.9968606111343659
0.3746263960987887,0.9968606111343659
0.37465586407614254,0.9968606111343659
0.37468533668974197,0.9968606111343659
0.3747148139406813,0.9968606111343659
0.3747442958300551,0.9968606111343659
0.3747737823589582,0.9968606111343659
0.37480327352848597,0.9968606111343659
0.37483276933973403,0.9968606111343659
0.3748622697937982,0.9968606111343659
0.3748917748917749,0.9968606111343659
0.3749212846347607,0.9968606111343659
0.37495079902385264,0.9968606111343659
0.37498031806014803,0.9968606111343659
0.3750098417447445,0.9968606111343659
0.37503937007874016,0.9968606111343659
0.3750689030632333,0.9968606111343659
0.37509844069932274,0.9968606111343659
0.3751279829881074,0.9968606111343659
0.37515752993068685,0.9968606111343659
0.3751870815281607,0.9968606111343659
0.3752166377816291,0.9968606111343659
0.37524619869219256,0.9968606111343659
0.37527576426095177,0.9968606111343659
0.37530533448900794,0.9968606111343659
0.37533490937746256,0.9968606111343659
0.3753644889274175,0.9968606111343659
0.3753940731399748,0.9968606111343659
0.3754236620162371,0.9968606111343659
0.37545325555730724,0.9968606111343659
0.3754828537642885,0.9968606111343659
0.3755124566382845,0.9968606111343659
0.375542064180399,0.9968606111343659
0.37557167639173633,0.9968606111343659
0.37560129327340114,0.9968606111343659
0.3756309148264984,0.9968606111343659
0.3756605410521334,0.9968606111343659
0.3756901719514119,0.9968606111343659
0.37571980752543976,0.9968606111343659
0.37574944777532343,0.9968606111343659
0.37577909270216964,0.9968606111343659
0.3758087423070854,0.9968606111343659
0.37583839659117807,0.9968606111343659
0.3758680555555556,0.9968606111343659
0.37589771920132586,0.9968606111343659
0.3759273875295975,0.9968606111343659
0.3759570605414792,0.9968606111343659
0.3759867382380802,0.9968606111343659
0.3760461076898784,0.9968606111343659
0.3760757994472957,0.9968606111343659
0.3761054958938724,0.9968606111343659
0.3761351970307194,0.9968606111343659
0.37616490285894805,0.9968606111343659
0.37619461337966986,0.9968606111343659
0.37625404850304134,0.9968606111343659
0.37628377310791594,0.9968606111343659
0.37631350240973377,0.9968606111343659
0.3763432364096081,0.9968606111343659
0.3763729751086527,0.9968606111343659
0.3764027185079817,0.9968606111343659
0.3764324666087094,0.9968606111343659
0.3764622194119507,0.9968606111343659
0.37649197691882064,0.9968606111343659
0.3765217391304348,0.9968606111343659
0.37655150604790893,0.9968606111343659
0.37658127767235927,0.9968606111343659
0.37661105400490236,0.9968606111343659
0.3766408350466551,0.9968606111343659
0.3766706207987347,0.9968606111343659
0.3767004112622588,0.9968606111343659
0.3767302064383453,0.9968606111343659
0.37676000632811263,0.9968606111343659
0.3767898109326794,0.9968606111343659
0.37681962025316457,0.9968606111343659
0.37684943429068757,0.9968606111343659
0.3768792530463681,0.9968606111343659
0.37690907652132627,0.9968606111343659
0.3769389047166825,0.9968606111343659
0.3769687376335576,0.9968606111343659
0.3769985752730727,0.9968606111343659
0.37702841763634926,0.9968606111343659
0.3770582647245092,0.9968606111343659
0.3770881165386747,0.9968606111343659
0.3771179730799683,0.9968606111343659
0.37714783434951304,0.9968606111343659
0.37717770034843207,0.9968606111343659
0.3772075710778491,0.9968606111343659
0.377237446538888,0.9968606111343659
0.37726732673267327,0.9968606111343659
0.37729721166032953,0.9968606111343659
0.37732710132298186,0.9968606111343659
0.3773569957217557,0.9968606111343659
0.3773868948577767,0.9968606111343659
0.37741679873217115,0.9968606111343659
0.37744670734606545,0.9968606111343659
0.37747662070058646,0.9968606111343659
0.37750653879686136,0.9968606111343659
0.37753646163601773,0.9968606111343659
0.3775663892191835,0.9968606111343659
0.3775963215474869,0.9968606111343659
0.3776262586220566,0.9968606111343659
0.37765620044402154,0.9968606111343659
0.37768614701451114,0.9968606111343659
0.377716098334655,0.9968606111343659
0.3777460544055833,0.9968606111343659
0.3776967005076142,0.9966513185433236
0.37772665979217895,0.9966513185433236
0.37775662382992226,0.9966513185433236
0.3777072590241968,0.9964420259522813
0.3777372262773723,0.9964420259522813
0.3777671982861224,0.9964420259522813
0.3777971750515791,0.9964420259522813
0.37782715657487503,0.9964420259522813
0.37785714285714284,0.9964420259522813
0.37788713389951584,0.9964420259522813
0.37791712970312746,0.9964420259522813
0.37786774628879893,0.996232733361239
0.3778977453159733,0.996232733361239
0.3779277491067884,0.996232733361239
0.37795775766237893,0.996232733361239
0.3779877709838799,0.996232733361239
0.37801778907242695,0.996232733361239
0.37804781192915576,0.996232733361239
0.3780778395552025,0.996232733361239
0.37810787195170387,0.996232733361239
0.3781379091197966,0.996232733361239
0.3781679510606181,0.996232733361239
0.3781979977753059,0.996232733361239
0.37822804926499803,0.996232733361239
0.3782581055308328,0.996232733361239
0.378288166573949,0.996232733361239
0.3783182323954856,0.996232733361239
0.3783483029965822,0.996232733361239
0.3783783783783784,0.996232733361239
0.3784084585420145,0.996232733361239
0.3784686332193687,0.996232733361239
0.37849872773536897,0.996232733361239
0.37852882703777335,0.996232733361239
0.3785589311277239,0.996232733361239
0.37858904000636284,0.996232733361239
0.37861915367483295,0.996232733361239
0.3786492721342773,0.996232733361239
0.3786793953858393,0.996232733361239
0.3787095234306627,0.996232733361239
0.3787396562698918,0.996232733361239
0.37876979390467097,0.996232733361239
0.37879993633614517,0.996232733361239
0.3788300835654596,0.996232733361239
0.37886023559376,0.996232733361239
0.37889039242219213,0.996232733361239
0.37892055405190256,0.996232733361239
0.3789507204840379,0.996232733361239
0.37898089171974525,0.996232733361239
0.379011067760172,0.996232733361239
0.379041248606466,0.996232733361239
0.3790714342597754,0.996232733361239
0.3791016247212488,0.996232733361239
0.37913181999203505,0.996232733361239
0.3791620200732834,0.996232733361239
0.3791922249661436,0.996232733361239
0.3792224346717655,0.996232733361239
0.3792526491912995,0.996232733361239
0.37928286852589643,0.996232733361239
0.3793130926767073,0.996232733361239
0.37934332164488366,0.996232733361239
0.37937355543157725,0.996232733361239
0.3794037940379404,0.996232733361239
0.37943403746512555,0.996232733361239
0.3794642857142857,0.996232733361239
0.3794945387865742,0.996232733361239
0.37952479668314465,0.996232733361239
0.3795550594051511,0.996232733361239
0.379585326953748,0.996232733361239
0.3796155993300901,0.996232733361239
0.3796458765353326,0.996232733361239
0.3796761585706309,0.996232733361239
0.37970644543714105,0.996232733361239
0.37973673713601913,0.996232733361239
0.3797670336684219,0.996232733361239
0.3797973350355063,0.996232733361239
0.3798276412384296,0.996232733361239
0.3798579522783497,0.996232733361239
0.37988826815642457,0.996232733361239
0.37991858887381275,0.996232733361239
0.37994891443167306,0.996232733361239
0.3799792448311647,0.996232733361239
0.3800095800734472,0.996232733361239
0.38003992015968063,0.996232733361239
0.3800702650910252,0.996232733361239
0.3801006148686417,0.996232733361239
0.38013096949369113,0.996232733361239
0.3801613289673349,0.996232733361239
0.3801916932907348,0.996232733361239
0.38022206246505313,0.996232733361239
0.3802524364914523,0.996232733361239
0.3802828153710953,0.996232733361239
0.38031319910514544,0.996232733361239
0.3803435876947663,0.996232733361239
0.3803739811411219,0.996232733361239
0.3804043794453768,0.996232733361239
0.3804347826086957,0.996232733361239
0.3804651906322436,0.996232733361239
0.38049560351718625,0.996232733361239
0.38052602126468943,0.996232733361239
0.3805564438759194,0.996232733361239
0.38058687135204283,0.996232733361239
0.38061730369422675,0.996232733361239
0.38064774090363857,0.996232733361239
0.38067818298144596,0.996232733361239
0.3807086299288171,0.996232733361239
0.3807390817469205,0.996232733361239
0.38076953843692507,0.996232733361239
0.3808,0.996232733361239
0.380830466437315,0.996232733361239
0.38086093775004,0.996232733361239
0.38089141393934545,0.996232733361239
0.38092189500640206,0.996232733361239
0.38095238095238093,0.996232733361239
0.38098287177845364,0.996232733361239
0.38101336748579206,0.996232733361239
0.38104386807556834,0.996232733361239
0.38107437354895524,0.996232733361239
0.3811048839071257,0.996232733361239
0.3811353991512531,0.996232733361239
0.3811659192825112,0.996232733361239
0.38119644430207417,0.996232733361239
0.38122697421111645,0.996232733361239
0.38125750901081296,0.996232733361239
0.381288048702339,0.996232733361239
0.3813185932868701,0.996232733361239
0.38134914276558246,0.996232733361239
0.38137969713965225,0.996232733361239
0.3814102564102564,0.996232733361239
0.381440820578572,0.996232733361239
0.3814713896457766,0.996232733361239
0.381501963613048,0.996232733361239
0.3815325424815646,0.996232733361239
0.381563126252505,0.996232733361239
0.38159371492704824,0.996232733361239
0.3815441353323178,0.9960234407701968
0.38157472738935216,0.9960234407701968
0.3816053243524978,0.9960234407701968
0.381635926222935,0.9960234407701968
0.38166653300184455,0.9960234407701968
0.38169714469040744,0.9960234407701968
0.38172776128980507,0.9960234407701968
0.3817583828012193,0.9960234407701968
0.3817890092258323,0.9960234407701968
0.3818196405648267,0.9960234407701968
0.3818502768193854,0.9960234407701968
0.3818809179906917,0.9960234407701968
0.3819115640799294,0.9960234407701968
0.3819422150882825,0.9960234407701968
0.38197287101693556,0.9960234407701968
0.38200353186707336,0.9960234407701968
0.38203419763988117,0.9960234407701968
0.3820648683365446,0.9960234407701968
0.3820955439582497,0.9960234407701968
0.3821262245061828,0.9960234407701968
0.38215690998153057,0.9960234407701968
0.3821876003854802,0.9960234407701968
0.38221829571921934,0.9960234407701968
0.38224899598393575,0.9960234407701968
0.3822797011808177,0.9960234407701968
0.382310411311054,0.9960234407701968
0.3823411263758335,0.9960234407701968
0.3823718463763458,0.9960234407701968
0.38240257131378064,0.9960234407701968
0.38243330118932817,0.9960234407701968
0.38246403600417905,0.9960234407701968
0.3824947757595242,0.9960234407701968
0.3825255204565549,0.9960234407701968
0.38255627009646304,0.9960234407701968
0.38258702468044054,0.9960234407701968
0.38261778420968,0.9960234407701968
0.3826485486853743,0.9960234407701968
0.38267931810871664,0.9960234407701968
0.3827100924809007,0.9960234407701968
0.3827408718031205,0.9960234407701968
0.38277165607657043,0.9960234407701968
0.3828024453024453,0.9960234407701968
0.3828332394819403,0.9960234407701968
0.382864038616251,0.9960234407701968
0.3828948427065733,0.9960234407701968
0.38292565175410365,0.9960234407701968
0.3829564657600386,0.9960234407701968
0.3829872847255754,0.9960234407701968
0.3830181086519115,0.9960234407701968
0.38304893754024466,0.9960234407701968
0.38307977139177335,0.9960234407701968
0.38311061020769605,0.9960234407701968
0.38314145398921184,0.9960234407701968
0.3831723027375201,0.9960234407701968
0.38320315645382075,0.9960234407701968
0.3832340151393139,0.9960234407701968
0.3832648787952001,0.9960234407701968
0.3832957474226804,0.9960234407701968
0.3833266210229561,0.9960234407701968
0.3833574995972289,0.9960234407701968
0.38338838314670104,0.9960234407701968
0.38341927167257495,0.9960234407701968
0.3834501651760535,0.9960234407701968
0.38348106365834006,0.9960234407701968
0.38351196712063823,0.9960234407701968
0.3835428755641522,0.9960234407701968
0.38357378899008626,0.9960234407701968
0.3836047073996453,0.9960234407701968
0.38350532086423733,0.9956048555881122
0.38353624123196,0.9956048555881122
0.3835671665860345,0.9956048555881122
0.3835980969276671,0.9956048555881122
0.3836290322580645,0.9956048555881122
0.38365997257843376,0.9956048555881122
0.3836909178899823,0.9956048555881122
0.3837218681939179,0.9956048555881122
0.38375282349144885,0.9956048555881122
0.3837837837837838,0.9956048555881122
0.3838147490721317,0.9956048555881122
0.38384571935770195,0.9956048555881122
0.3838766946417043,0.9956048555881122
0.38390767492534905,0.9956048555881122
0.3839386602098466,0.9956048555881122
0.3839696504964081,0.9956048555881122
0.38400064578624477,0.9956048555881122
0.38403164608056833,0.9956048555881122
0.384062651380591,0.9956048555881122
0.38409366168752523,0.9956048555881122
0.38412467700258396,0.9956048555881122
0.3841556973269805,0.9956048555881122
0.3841867226619286,0.9956048555881122
0.38421775300864225,0.9956048555881122
0.38424878836833604,0.9956048555881122
0.3842798287422247,0.9956048555881122
0.38431087413152365,0.9956048555881122
0.3843419245374485,0.9956048555881122
0.3843729799612153,0.9956048555881122
0.3844040404040404,0.9956048555881122
0.38446617635173364,0.9956048555881122
0.38449725185903655,0.9956048555881122
0.38452833239026757,0.9956048555881122
0.3845594179466451,0.9956048555881122
0.384590508529388,0.9956048555881122
0.3846216041397154,0.9956048555881122
0.38465270477884694,0.9956048555881122
0.3847149211484027,0.9956048555881122
0.3847460368812682,0.9956048555881122
0.3847771576478201,0.9956048555881122
0.38480828344928003,0.9956048555881122
0.38483941428687,0.9956048555881122
0.3848705501618123,0.9956048555881122
0.38490169107532973,0.9956048555881122
0.3849328370286454,0.9956048555881122
0.38496398802298293,0.9956048555881122
0.3849951440595662,0.9956048555881122
0.3850263051396196,0.9956048555881122
0.3850574712643678,0.9956048555881122
0.38508864243503604,0.9956048555881122
0.3851198186528497,0.9956048555881122
0.3851509999190349,0.9956048555881122
0.3851821862348178,0.9956048555881122
0.3852133776014252,0.9956048555881122
0.3852445740200842,0.9956048555881122
0.38527577549202235,0.9956048555881122
0.3853069820184675,0.9956048555881122
0.385338193600648,0.9956048555881122
0.3853694102397926,0.9956048555881122
0.38540063193713037,0.9956048555881122
0.3854318586938908,0.9956048555881122
0.3854630905113038,0.9956048555881122
0.3854943273905997,0.9956048555881122
0.38552556933300913,0.9956048555881122
0.38555681633976335,0.9956048555881122
0.3855880684120937,0.9956048555881122
0.3856193255512322,0.9956048555881122
0.38565058775841105,0.9956048555881122
0.38568185503486296,0.9956048555881122
0.3857131273818211,0.9956048555881122
0.38574440480051897,0.9956048555881122
0.3857756872921904,0.9956048555881122
0.38580697485806975,0.9956048555881122
0.38583826749939165,0.9956048555881122
0.3858695652173913,0.9956048555881122
0.38590086801330414,0.9956048555881122
0.38593217588836604,0.9956048555881122
0.3859634888438134,0.9956048555881122
0.38599480688088283,0.9956048555881122
0.3860261300008115,0.9956048555881122
0.3860887914941969,0.9956048555881122
0.3861201298701299,0.9956048555881122
0.3861514733338745,0.9956048555881122
0.3861828218866699,0.9956048555881122
0.3862141755297556,0.9956048555881122
0.3862455342643715,0.9956048555881122
0.386276898091758,0.9956048555881122
0.38630826701315574,0.9956048555881122
0.3863396410298059,0.9956048555881122
0.38637102014295,0.9956048555881122
0.3864024043538299,0.9956048555881122
0.3864337936636881,0.9956048555881122
0.3864651880737672,0.9956048555881122
0.38649658758531036,0.9956048555881122
0.38652799219956124,0.9956048555881122
0.38655940191776367,0.9956048555881122
0.38659081674116214,0.9956048555881122
0.3866222366710013,0.9956048555881122
0.3866536617085264,0.9956048555881122
0.38668509185498295,0.9956048555881122
0.3867165271116169,0.9956048555881122
0.38674796747967477,0.9956048555881122
0.3867794129604033,0.9956048555881122
0.3868108635550496,0.9956048555881122
0.38684231926486135,0.9956048555881122
0.3868737800910865,0.9956048555881122
0.38690524603497356,0.9956048555881122
0.3869367170977713,0.9956048555881122
0.38696819328072884,0.9956048555881122
0.386999674585096,0.9956048555881122
0.3870311610121227,0.9956048555881122
0.3870626525630594,0.9956048555881122
0.38709414923915697,0.9956048555881122
0.3871256510416667,0.9956048555881122
0.38715715797184014,0.9956048555881122
0.3871886700309295,0.9956048555881122
0.3872201872201872,0.9956048555881122
0.3872517095408662,0.9956048555881122
0.3872832369942196,0.9956048555881122
0.3873147695815014,0.9956048555881122
0.38734630730396546,0.9956048555881122
0.38737785016286647,0.9956048555881122
0.38740939815945924,0.9956048555881122
0.38744095129499917,0.9956048555881122
0.38747250957074203,0.9956048555881122
0.387504072987944,0.9956048555881122
0.3875356415478615,0.9956048555881122
0.3875672152517517,0.9956048555881122
0.38759879410087184,0.9956048555881122
0.38763037809647977,0.9956048555881122
0.38766196723983376,0.9956048555881122
0.38769356153219237,0.9956048555881122
0.3877251609748146,0.9956048555881122
0.3877567655689599,0.9956048555881122
0.38778837531588817,0.9956048555881122
0.3878199902168596,0.9956048555881122
0.3878516102731349,0.9956048555881122
0.3878832354859752,0.9956048555881122
0.3879148658566419,0.9956048555881122
0.387946501386397,0.9956048555881122
0.3879781420765027,0.9956048555881122
0.3880097879282219,0.9956048555881122
0.3880414389428175,0.9956048555881122
0.38807309512155325,0.9956048555881122
0.3881047564656931,0.9956048555881122
0.3881364229765013,0.9956048555881122
0.38816809465524277,0.9956048555881122
0.38819977150318263,0.9956048555881122
0.38823145352158656,0.9956048555881122
0.3882631407117205,0.9956048555881122
0.388294833074851,0.9956048555881122
0.3883265306122449,0.9956048555881122
0.3883582333251694,0.9956048555881122
0.38838994121489223,0.9956048555881122
0.3884216542826815,0.9956048555881122
0.38845337252980566,0.9956048555881122
0.38848509595753367,0.9956048555881122
0.38851682456713493,0.9956048555881122
0.3885485583598791,0.9956048555881122
0.3885802973370364,0.9956048555881122
0.38861204149987744,0.9956048555881122
0.3886437908496732,0.9956048555881122
0.38867554538769505,0.9956048555881122
0.3887073051152149,0.9956048555881122
0.38873907003350494,0.9956048555881122
0.38877084014383784,0.9956048555881122
0.38880261544748673,0.9956048555881122
0.38883439594572505,0.9956048555881122
0.3888661816398267,0.9956048555881122
0.38889797253106606,0.9956048555881122
0.3889297686207179,0.9956048555881122
0.38896156991005726,0.9956048555881122
0.3889933764003598,0.9956048555881122
0.38902518809290154,0.9956048555881122
0.38905700498895884,0.9956048555881122
0.38908882708980863,0.9956048555881122
0.3891843246338869,0.9956048555881122
0.38921616756668304,0.9956048555881122
0.389248015710662,0.9956048555881122
0.3892798690671031,0.9956048555881122
0.3893117276372862,0.9956048555881122
0.3893435914224914,0.9956048555881122
0.38937546042399934,0.9956048555881122
0.389407334643091,0.9956048555881122
0.38943921408104787,0.9956048555881122
0.3894710987391518,0.9956048555881122
0.389502988618685,0.9956048555881122
0.38953488372093026,0.9956048555881122
0.3895667840471706,0.9956048555881122
0.3895986895986896,0.9956048555881122
0.3896306003767712,0.9956048555881122
0.3896625163826999,0.9956048555881122
0.3896944376177603,0.9956048555881122
0.38972636408323774,0.9956048555881122
0.3897582957804179,0.9956048555881122
0.3897902327105867,0.9956048555881122
0.38982217487503074,0.9956048555881122
0.38985412227503685,0.9956048555881122
0.3898860749118925,0.9956048555881122
0.38991803278688525,0.9956048555881122
0.38994999590130336,0.9956048555881122
0.3899819642564355,0.9956048555881122
0.3900139378535705,0.9956048555881122
0.390045916693998,0.9956048555881122
0.3900779007790078,0.9956048555881122
0.3901098901098901,0.9956048555881122
0.3901418846879357,0.9956048555881122
0.3901738845144357,0.9956048555881122
0.39020588959068164,0.9956048555881122
0.39023789991796554,0.9956048555881122
0.3902699154975798,0.9956048555881122
0.3903019363308172,0.9956048555881122
0.39033396241897106,0.9956048555881122
0.390365993763335,0.9956048555881122
0.3903980303652031,0.9956048555881122
0.39043007222587,0.9956048555881122
0.39046211934663055,0.9956048555881122
0.39049417172878015,0.9956048555881122
0.39052622937361464,0.9956048555881122
0.3905582922824302,0.9956048555881122
0.3905903604565235,0.9956048555881122
0.39062243389719165,0.9956048555881122
0.39065451260573214,0.9956048555881122
0.39068659658344285,0.9956048555881122
0.39071868583162217,0.9956048555881122
0.3907507803515689,0.9956048555881122
0.3907828801445823,0.9956048555881122
0.3908149852119619,0.9956048555881122
0.3908470955550078,0.9956048555881122
0.39087921117502056,0.9956048555881122
0.39091133207330103,0.9956048555881122
0.39094345825115057,0.9956048555881122
0.39097558970987095,0.9956048555881122
0.3910077264507644,0.9956048555881122
0.39103986847513356,0.9956048555881122
0.39107201578428147,0.9956048555881122
0.3911041683795116,0.9956048555881122
0.39113632626212796,0.9956048555881122
0.39116848943343474,0.9956048555881122
0.39120065789473685,0.9956048555881122
0.3912328316473394,0.9956048555881122
0.3912650106925481,0.9956048555881122
0.391297195031669,0.9956048555881122
0.39132938466600853,0.9956048555881122
0.39136157959687373,0.9956048555881122
0.39139377982557183,0.9956048555881122
0.39142598535341067,0.9956048555881122
0.39145819618169847,0.9956048555881122
0.39149041231174386,0.9956048555881122
0.39152263374485596,0.9956048555881122
0.3915548604823442,0.9956048555881122
0.3915870925255186,0.9956048555881122
0.3916193298756895,0.9956048555881122
0.3916515725341676,0.9956048555881122
0.3916838205022643,0.9956048555881122
0.3917160737812912,0.9956048555881122
0.39174833237256035,0.9956048555881122
0.39178059627738426,0.9956048555881122
0.391812865497076,0.9956048555881122
0.3918451400329489,0.9956048555881122
0.3918774198863168,0.9956048555881122
0.39194199555079506,0.9956048555881122
0.39197429136453527,0.9956048555881122
0.3920065925010301,0.9956048555881122
0.3920388989615955,0.9956048555881122
0.392071210747548,0.9956048555881122
0.3921035278602044,0.9956048555881122
0.39213585030088205,0.9956048555881122
0.3921681780708986,0.9956048555881122
0.3922005111715723,0.9956048555881122
0.3922328496042216,0.9956048555881122
0.39226519337016574,0.9956048555881122
0.39229754247072407,0.9956048555881122
0.3923298969072165,0.9956048555881122
0.39236225668096336,0.9956048555881122
0.3923946217932855,0.9956048555881122
0.39242699224550404,0.9956048555881122
0.39245936803894066,0.9956048555881122
0.39249174917491747,0.9956048555881122
0.39252413565475697,0.9956048555881122
0.39255652747978215,0.9956048555881122
0.39258892465131634,0.9956048555881122
0.3926213271706834,0.9956048555881122
0.3926537350392076,0.9956048555881122
0.39268614825821363,0.9956048555881122
0.39271856682902667,0.9956048555881122
0.39275099075297226,0.9956048555881122
0.39278342003137645,0.9956048555881122
0.3928158546655656,0.9956048555881122
0.39284829465686677,0.9956048555881122
0.3928807400066072,0.9956048555881122
0.39291319071611464,0.9956048555881122
0.39294564678671734,0.9956048555881122
0.3929781082197439,0.9956048555881122
0.3930105750165235,0.9956048555881122
0.3930430471783855,0.9956048555881122
0.3930755247066601,0.9956048555881122
0.39310800760267745,0.9956048555881122
0.3931404958677686,0.9956048555881122
0.39317298950326474,0.9956048555881122
0.3932054885104976,0.9956048555881122
0.39323799289079936,0.9956048555881122
0.3932705026455027,0.9956048555881122
0.39330301777594046,0.9956048555881122
0.39333553828344636,0.9956048555881122
0.39336806416935416,0.9956048555881122
0.39340059543499833,0.9956048555881122
0.39343313208171365,0.9956048555881122
0.3934656741108354,0.9956048555881122
0.39349822152369923,0.9956048555881122
0.3935307743216413,0.9956048555881122
0.3935633325059982,0.9956048555881122
0.3935958960781069,0.9956048555881122
0.39362846503930493,0.9956048555881122
0.39366103939093017,0.9956048555881122
0.39369361913432094,0.9956048555881122
0.3937262042708161,0.9956048555881122
0.3937587948017548,0.9956048555881122
0.3937913907284768,0.9956048555881122
0.3938239920523222,0.9956048555881122
0.3938565987746316,0.9956048555881122
0.3939218284200066,0.9956048555881122
0.3939544513457557,0.9956048555881122
0.3939870796753354,0.9956048555881122
0.3940197134100886,0.9956048555881122
0.3940523525513585,0.9956048555881122
0.3940849971004888,0.9956048555881122
0.3941176470588235,0.9956048555881122
0.3941503024277073,0.9956048555881122
0.3941829632084852,0.9956048555881122
0.3942156294025027,0.9956048555881122
0.3942483010111056,0.9956048555881122
0.3942809780356403,0.9956048555881122
0.3943136604774536,0.9956048555881122
0.3943463483378927,0.9956048555881122
0.39437904161830545,0.9956048555881122
0.3944117403200398,0.9956048555881122
0.39444444444444443,0.9956048555881122
0.3944771539928684,0.9956048555881122
0.3945098689666611,0.9956048555881122
0.39454258936717257,0.9956048555881122
0.3945753151957532,0.9956048555881122
0.39460804645375364,0.9956048555881122
0.3946407831425253,0.9956048555881122
0.3946735252634199,0.9956048555881122
0.3947062728177896,0.9956048555881122
0.394739025806987,0.9956048555881122
0.39477178423236514,0.9956048555881122
0.3948045480952776,0.9956048555881122
0.39483731739707834,0.9956048555881122
0.3948700921391218,0.9956048555881122
0.3949028723227627,0.9956048555881122
0.3949356579493566,0.9956048555881122
0.39496844902025907,0.9956048555881122
0.39500124553682636,0.9956048555881122
0.3950340475004152,0.9956048555881122
0.3950668549123827,0.9956048555881122
0.3950996677740864,0.9956048555881122
0.3951324860868843,0.9956048555881122
0.3951653098521349,0.9956048555881122
0.39519813907119716,0.9956048555881122
0.39523097374543037,0.9956048555881122
0.3952638138761944,0.9956048555881122
0.3952966594648496,0.9956048555881122
0.3953295105127566,0.9956048555881122
0.3953623670212766,0.9956048555881122
0.39539522899177126,0.9956048555881122
0.39542809642560267,0.9956048555881122
0.3954609693241333,0.9956048555881122
0.3954938476887263,0.9956048555881122
0.39552673152074497,0.9956048555881122
0.3955596208215533,0.9956048555881122
0.39559251559251557,0.9956048555881122
0.39562541583499666,0.9956048555881122
0.3956583215503618,0.9956048555881122
0.3956912327399767,0.9956048555881122
0.39572414940520756,0.9956048555881122
0.39575707154742096,0.9956048555881122
0.395789999167984,0.9956048555881122
0.39582293226826426,0.9956048555881122
0.3958558708496297,0.9956048555881122
0.39588881491344874,0.9956048555881122
0.3959217644610903,0.9956048555881122
0.39595471949392375,0.9956048555881122
0.3959876800133189,0.9956048555881122
0.396020646020646,0.9956048555881122
0.39605361751727586,0.9956048555881122
0.3960865945045795,0.9956048555881122
0.39611957698392875,0.9956048555881122
0.3960692871419054,0.9953955629970699
0.39610227367369033,0.9953955629970699
0.3961352657004831,0.9953955629970699
0.39616826322365684,0.9953955629970699
0.3962012662445851,0.9953955629970699
0.3962342747646422,0.9953955629970699
0.396300308307641,0.9953955629970699
0.3963333333333333,0.9953955629970699
0.3963663638636553,0.9953955629970699
0.39639939989998335,0.9953955629970699
0.3964324414436943,0.9953955629970699
0.39646548849616536,0.9953955629970699
0.39649854105877447,0.9953955629970699
0.39656466271991997,0.9953955629970699
0.39659773182121416,0.9953955629970699
0.39663080643816195,0.9953955629970699
0.39666388657214346,0.9953955629970699
0.39669697222453915,0.9953955629970699
0.39673006339673006,0.9953955629970699
0.3967631600900976,0.9953955629970699
0.3967962623060237,0.9953955629970699
0.3968293700458907,0.9953955629970699
0.3968624833110814,0.9953955629970699
0.3968956021029792,0.9953955629970699
0.3969287264229678,0.9953955629970699
0.39696185627243136,0.9953955629970699
0.3969949916527546,0.9953955629970699
0.39702813256532266,0.9953955629970699
0.3970612790115211,0.9953955629970699
0.39709443099273606,0.9953955629970699
0.39712758851035407,0.9953955629970699
0.397160751565762,0.9953955629970699
0.39719392016034744,0.9953955629970699
0.3972270942954982,0.9953955629970699
0.3972602739726027,0.9953955629970699
0.39729345919304987,0.9953955629970699
0.3973266499582289,0.9953955629970699
0.39735984626952964,0.9953955629970699
0.39739304812834225,0.9953955629970699
0.3974262555360575,0.9953955629970699
0.39745946849406655,0.9953955629970699
0.39749268700376095,0.9953955629970699
0.39752591106653296,0.9953955629970699
0.39755914068377496,0.9953955629970699
0.3975923758568801,0.9953955629970699
0.3976256165872419,0.9953955629970699
0.3976588628762542,0.9953955629970699
0.3976084956936199,0.9951862704060276
0.39764174611138986,0.9951862704060276
0.39767500209082546,0.9951862704060276
0.3977082636333222,0.9951862704060276
0.397741530740276,0.9951862704060276
0.39777480341308347,0.9951862704060276
0.39780808165314147,0.9951862704060276
0.3978413654618474,0.9951862704060276
0.39787465484059914,0.9951862704060276
0.39790794979079497,0.9951862704060276
0.3979412503138338,0.9951862704060276
0.39797455641111484,0.9951862704060276
0.3980078680840378,0.9951862704060276
0.398041185334003,0.9951862704060276
0.3980745081624111,0.9951862704060276
0.3981078365706631,0.9951862704060276
0.39814117056016074,0.9951862704060276
0.39817451013230615,0.9951862704060276
0.3982078552885018,0.9951862704060276
0.39824120603015073,0.9951862704060276
0.3982745623586565,0.9951862704060276
0.398307924275423,0.9951862704060276
0.39834129178185473,0.9951862704060276
0.3983746648793566,0.9951862704060276
0.3984414278531926,0.9951862704060276
0.3984748177323389,0.9951862704060276
0.3985082132081797,0.9951862704060276
0.3985416142821222,0.9951862704060276
0.3985750209555742,0.9951862704060276
0.39864185110663986,0.9951862704060276
0.39867527458707136,0.9951862704060276
0.398708703672648,0.9951862704060276
0.3987421383647799,0.9951862704060276
0.39877557866487756,0.9951862704060276
0.3988090245743521,0.9951862704060276
0.398842476094615,0.9951862704060276
0.39887593322707826,0.9951862704060276
0.39890939597315433,0.9951862704060276
0.39894286433425624,0.9951862704060276
0.3989763383117973,0.9951862704060276
0.3990098179071914,0.9951862704060276
0.399043303121853,0.9951862704060276
0.3990767939571968,0.9951862704060276
0.39911029041463825,0.9951862704060276
0.39914379249559306,0.9951862704060276
0.3991773002014775,0.9951862704060276
0.39921081353370835,0.9951862704060276
0.3992443324937028,0.9951862704060276
0.3992778570828785,0.9951862704060276
0.3993113873026537,0.9951862704060276
0.399344923154447,0.9951862704060276
0.39937846463967747,0.9951862704060276
0.3994120117597648,0.9951862704060276
0.39944556451612906,0.9951862704060276
0.3994791229101907,0.9951862704060276
0.3995126869433709,0.9951862704060276
0.399546256617091,0.9951862704060276
0.39957983193277313,0.9951862704060276
0.39961341289183966,0.9951862704060276
0.3996469994957136,0.9951862704060276
0.39968059174581827,0.9951862704060276
0.3997141896435777,0.9951862704060276
0.39974779319041615,0.9951862704060276
0.39978140238775856,0.9951862704060276
0.39981501723703017,0.9951862704060276
0.3998486377396569,0.9951862704060276
0.399882263897065,0.9951862704060276
0.39991589571068126,0.9951862704060276
0.3999495331819329,0.9951862704060276
0.39998317631224767,0.9951862704060276
0.40001682510305375,0.9951862704060276
0.40005047955577994,0.9951862704060276
0.4000841396718553,0.9951862704060276
0.40011780545270953,0.9951862704060276
0.40015147689977276,0.9951862704060276
0.4001851540144757,0.9951862704060276
0.4002188367982493,0.9951862704060276
0.40025252525252525,0.9951862704060276
0.4002862193787356,0.9951862704060276
0.40031991917831283,0.9951862704060276
0.4003536246526901,0.9951862704060276
0.40038733580330077,0.9951862704060276
0.40042105263157896,0.9951862704060276
0.40045477513895905,0.9951862704060276
0.40048850332687613,0.9951862704060276
0.4005222371967655,0.9951862704060276
0.40055597675006316,0.9951862704060276
0.4005897219882056,0.9951862704060276
0.40062347291262956,0.9951862704060276
0.4006572295247725,0.9951862704060276
0.4006909918260723,0.9951862704060276
0.4007247598179673,0.9951862704060276
0.40079231287929873,0.9951862704060276
0.4008260979516143,0.9951862704060276
0.4008598887202833,0.9951862704060276
0.4008936851867465,0.9951862704060276
0.4009274873524452,0.9951862704060276
0.4009612952188211,0.9951862704060276
0.40102892805937423,0.9951862704060276
0.40106275303643724,0.9951862704060276
0.4010965837199494,0.9951862704060276
0.4011304201113548,0.9951862704060276
0.4011642622120982,0.9951862704060276
0.4011981100236247,0.9951862704060276
0.40123196354737994,0.9951862704060276
0.4012658227848101,0.9951862704060276
0.4012996877373618,0.9951862704060276
0.4013335584064821,0.9951862704060276
0.40136743479361864,0.9951862704060276
0.40140131690021946,0.9951862704060276
0.4014352047277332,0.9951862704060276
0.4014690982776089,0.9951862704060276
0.4015369025502449,0.9951862704060276
0.40157081327590577,0.9951862704060276
0.4016047297297297,0.9951862704060276
0.40163865191316833,0.9951862704060276
0.40167257982767357,0.9951862704060276
0.401706513474698,0.9951862704060276
0.4017404528556945,0.9951862704060276
0.4017743979721166,0.9951862704060276
0.40180834882541827,0.9951862704060276
0.401842305417054,0.9951862704060276
0.4018762677484787,0.9951862704060276
0.4019102358211478,0.9951862704060276
0.40194420963651734,0.9951862704060276
0.4019781891960436,0.9951862704060276
0.40201217450118365,0.9951862704060276
0.4020461655533948,0.9951862704060276
0.40208016235413496,0.9951862704060276
0.40211416490486257,0.9951862704060276
0.40214817320703655,0.9951862704060276
0.4020976063604838,0.9949769778149854
0.402131619015395,0.9949769778149854
0.40216563742492173,0.9949769778149854
0.40219966159052456,0.9949769778149854
0.40223369151366445,0.9949769778149854
0.402267727195803,0.9949769778149854
0.4023017686384023,0.9949769778149854
0.4023358158429248,0.9949769778149854
0.4023698688108337,0.9949769778149854
0.40240392754359233,0.9949769778149854
0.40243799204266484,0.9949769778149854
0.40247206230951577,0.9949769778149854
0.40250613834561,0.9949769778149854
0.4025402201524132,0.9949769778149854
0.4025743077313913,0.9949769778149854
0.40260840108401086,0.9949769778149854
0.4026425002117388,0.9949769778149854
0.4026766051160427,0.9949769778149854
0.4027107157983905,0.9949769778149854
0.4025588883240129,0.9943491000418585
0.40259300059317005,0.9943491000418585
0.4026271186440678,0.9943491000418585
0.40266124247817614,0.9943491000418585
0.4026953720969656,0.9943491000418585
0.4027295075019073,0.9943491000418585
0.4027636486944727,0.9943491000418585
0.40279779567613394,0.9943491000418585
0.40283194844836356,0.9943491000418585
0.4029002713704206,0.9943491000418585
0.40293444152319563,0.9943491000418585
0.4029686174724343,0.9943491000418585
0.4028673227010519,0.993930514859774
0.402901501654365,0.993930514859774
0.40293568640760224,0.993930514859774
0.4029698769622401,0.993930514859774
0.4030040733197556,0.993930514859774
0.4030382754816261,0.993930514859774
0.4030724834493295,0.993930514859774
0.4031066972243443,0.993930514859774
0.4031409168081494,0.993930514859774
0.4031751422022243,0.993930514859774
0.4032093734080489,0.993930514859774
0.40324361042710366,0.993930514859774
0.40327785326086957,0.993930514859774
0.403312101910828,0.993930514859774
0.403346356378461,0.993930514859774
0.403380616665251,0.993930514859774
0.40341488277268095,0.993930514859774
0.4034491547022343,0.993930514859774
0.4034834324553951,0.993930514859774
0.4035177160336477,0.993930514859774
0.40355200543847725,0.993930514859774
0.4035863006713691,0.993930514859774
0.4036549086272843,0.993930514859774
0.4036892213532812,0.993930514859774
0.4037235399132874,0.993930514859774
0.403757864308791,0.993930514859774
0.4037921945412805,0.993930514859774
0.4038265306122449,0.993930514859774
0.40386087252317376,0.993930514859774
0.4038952202755571,0.993930514859774
0.4039295738708854,0.993930514859774
0.4039639333106499,0.993930514859774
0.403998298596342,0.993930514859774
0.4040326697294538,0.993930514859774
0.4040670467114779,0.993930514859774
0.40410142954390743,0.993930514859774
0.4041358182282359,0.993930514859774
0.40417021276595744,0.993930514859774
0.4042046131585667,0.993930514859774
0.40423901940755874,0.993930514859774
0.40427343151442924,0.993930514859774
0.4043078494806743,0.993930514859774
0.40434227330779055,0.993930514859774
0.4043767029972752,0.993930514859774
0.4044111385506259,0.993930514859774
0.40444557996934083,0.993930514859774
0.40448002725491866,0.993930514859774
0.40454893943266035,0.993930514859774
0.40458340432782414,0.993930514859774
0.40461787509585073,0.993930514859774
0.4046523517382413,0.993930514859774
0.40468683425649765,0.993930514859774
0.404721322652122,0.993930514859774
0.4047558169266172,0.993930514859774
0.40479031708148655,0.993930514859774
0.4045365396094483,0.9928840519045625
0.4045710387173802,0.9928840519045625
0.40460554371002133,0.9928840519045625
0.40464005458887753,0.9928840519045625
0.4046745713554551,0.9928840519045625
0.4047090940112609,0.9928840519045625
0.4047436225578022,0.9928840519045625
0.40477815699658704,0.9928840519045625
0.40481269732912367,0.9928840519045625
0.404847243556921,0.9928840519045625
0.4048817956814884,0.9928840519045625
0.40491635370433593,0.9928840519045625
0.40495091762697394,0.9928840519045625
0.40498548745091345,0.9928840519045625
0.40502006317766587,0.9928840519045625
0.40505464480874315,0.9928840519045625
0.4050892323456579,0.9928840519045625
0.4051238257899231,0.9928840519045625
0.40515842514305234,0.9928840519045625
0.40519303040655963,0.9928840519045625
0.4052276415819595,0.9928840519045625
0.40526225867076715,0.9928840519045625
0.40529688167449807,0.9928840519045625
0.4053315105946685,0.9928840519045625
0.40536614543279503,0.9928840519045625
0.4054007861903948,0.9928840519045625
0.40543543286898553,0.9928840519045625
0.40547008547008545,0.9928840519045625
0.40550474399521325,0.9928840519045625
0.4055394084458882,0.9928840519045625
0.40538691748610517,0.9922561741314357
0.4054215837181461,0.9922561741314357
0.40545625587958606,0.9922561741314357
0.40549093397194663,0.9922561741314357
0.40552561799674963,0.9922561741314357
0.40556030795551756,0.9922561741314357
0.4055950038497733,0.9922561741314357
0.4056297056810404,0.9922561741314357
0.4056644134508428,0.9922561741314357
0.4056991271607051,0.9922561741314357
0.40573384681215235,0.9922561741314357
0.40576857240671005,0.9922561741314357
0.4058033039459043,0.9922561741314357
0.4058380414312618,0.9922561741314357
0.40587278486430955,0.9922561741314357
0.40590753424657533,0.9922561741314357
0.4059422895795873,0.9922561741314357
0.4059770508648741,0.9922561741314357
0.4060118181039651,0.9922561741314357
0.4060465912983899,0.9922561741314357
0.4060813704496788,0.9922561741314357
0.4061161555593627,0.9922561741314357
0.40615094662897283,0.9922561741314357
0.4061857436600411,0.9922561741314357
0.4062205466540999,0.9922561741314357
0.4062553556126821,0.9922561741314357
0.4062901705373211,0.9922561741314357
0.4063249914295509,0.9922561741314357
0.40635981829090595,0.9922561741314357
0.40639465112292134,0.9922561741314357
0.40642948992713246,0.9922561741314357
0.4064643347050754,0.9922561741314357
0.4064991854582869,0.9922561741314357
0.4065340421883039,0.9922561741314357
0.4065689048966641,0.9922561741314357
0.4066037735849057,0.9922561741314357
0.4066386482545673,0.9922561741314357
0.4066735289071882,0.9922561741314357
0.40670841554430814,0.9922561741314357
0.4067433081674674,0.9922561741314357
0.40677820677820675,0.9922561741314357
0.40681311137806764,0.9922561741314357
0.40684802196859177,0.9922561741314357
0.4068829385513217,0.9922561741314357
0.4069178611278002,0.9922561741314357
0.4069527896995708,0.9922561741314357
0.40698772426817753,0.9922561741314357
0.40702266483516486,0.9922561741314357
0.4070576114020778,0.9922561741314357
0.40709256397046195,0.9922561741314357
0.40712752254186346,0.9922561741314357
0.40716248711782893,0.9922561741314357
0.4071974576999055,0.9922561741314357
0.40723243428964095,0.9922561741314357
0.40707964601769914,0.991628296358309
0.40711462450592883,0.991628296358309
0.4071496090057575,0.991628296358309
0.407184599518735,0.991628296358309
0.40721959604641167,0.991628296358309
0.4072545985903387,0.991628296358309
0.4072896071520674,0.991628296358309
0.4073246217331499,0.991628296358309
0.4073596423351388,0.991628296358309
0.40739466895958726,0.991628296358309
0.40742970160804887,0.991628296358309
0.40746474028207774,0.991628296358309
0.4074997849832287,0.991628296358309
0.40753483571305693,0.991628296358309
0.40756989247311826,0.991628296358309
0.40760495526496904,0.991628296358309
0.40764002409016603,0.991628296358309
0.4076750989502667,0.991628296358309
0.407710179846829,0.991628296358309
0.4077452667814114,0.991628296358309
0.40778035975557275,0.991628296358309
0.4078154587708728,0.991628296358309
0.40785056382887147,0.991628296358309
0.4078856749311295,0.991628296358309
0.4079207920792079,0.991628296358309
0.4079559152746685,0.991628296358309
0.4079910445190735,0.991628296358309
0.40802617981398553,0.991628296358309
0.40806132116096805,0.991628296358309
0.4080964685615848,0.991628296358309
0.4081316220174003,0.991628296358309
0.4081667815299793,0.991628296358309
0.4082019471008874,0.991628296358309
0.4082371187316905,0.991628296358309
0.4082722964239552,0.991628296358309
0.40830748017924856,0.991628296358309
0.40834266999913815,0.991628296358309
0.4083778658851922,0.991628296358309
0.4084130678389794,0.991628296358309
0.40844827586206894,0.991628296358309
0.4084834899560307,0.991628296358309
0.4085187101224349,0.991628296358309
0.4085539363628525,0.991628296358309
0.40858916867885475,0.991628296358309
0.4086244070720138,0.991628296358309
0.408659651543902,0.991628296358309
0.4086949020960925,0.991628296358309
0.4087301587301587,0.991628296358309
0.4087654214476749,0.991628296358309
0.4088006902502157,0.991628296358309
0.40883596513935627,0.991628296358309
0.4087849499482223,0.9914190037672667
0.4088202295676189,0.9914190037672667
0.40885551527705855,0.9914190037672667
0.40889080707811826,0.9914190037672667
0.4089261049723757,0.9914190037672667
0.408961408961409,0.9914190037672667
0.40899671904679674,0.9914190037672667
0.4090320352301183,0.9914190037672667
0.40906735751295337,0.9914190037672667
0.4091026858968823,0.9914190037672667
0.4091380203834859,0.9914190037672667
0.4091733609743457,0.9914190037672667
0.40920870767104356,0.9914190037672667
0.409244060475162,0.9914190037672667
0.4092794193882841,0.9914190037672667
0.4093147844119934,0.9914190037672667
0.40926374006221916,0.9912097111762244
0.4092991098435744,0.9912097111762244
0.4093344857389801,0.9912097111762244
0.4093698677500216,0.9912097111762244
0.4094052558782849,0.9912097111762244
0.40944065012535663,0.9912097111762244
0.4094760504928238,0.9912097111762244
0.4095114569822741,0.9912097111762244
0.40954686959529574,0.9912097111762244
0.4095822883334775,0.9912097111762244
0.40961771319840856,0.9912097111762244
0.4096531441916789,0.9912097111762244
0.4096885813148789,0.9912097111762244
0.40972402456959944,0.9912097111762244
0.40975947395743206,0.9912097111762244
0.4097949294799689,0.9912097111762244
0.4098303911388024,0.9912097111762244
0.40986585893552574,0.9912097111762244
0.40990133287173275,0.9912097111762244
0.40993681294901757,0.9912097111762244
0.4099722991689751,0.9912097111762244
0.4100077915332006,0.9912097111762244
0.41004329004329004,0.9912097111762244
0.4100787947008399,0.9912097111762244
0.41011430550744715,0.9912097111762244
0.41014982246470943,0.9912097111762244
0.4101853455742248,0.9912097111762244
0.410220874837592,0.9912097111762244
0.41025641025641024,0.9912097111762244
0.4102919518322793,0.9912097111762244
0.41032749956679954,0.9912097111762244
0.4103630534615718,0.9912097111762244
0.41039861351819756,0.9912097111762244
0.4104341797382789,0.9912097111762244
0.4104697521234183,0.9912097111762244
0.4105053306752189,0.9912097111762244
0.4105409153952843,0.9912097111762244
0.4105765062852189,0.9912097111762244
0.41061210334662734,0.9912097111762244
0.41064770658111505,0.9912097111762244
0.4106833159902879,0.9912097111762244
0.41071893157575234,0.9912097111762244
0.41075455333911537,0.9912097111762244
0.4107901812819846,0.9912097111762244
0.4108258154059681,0.9912097111762244
0.4108614557126746,0.9912097111762244
0.41089710220371334,0.9912097111762244
0.41093275488069414,0.9912097111762244
0.41096841374522736,0.9912097111762244
0.41100407879892387,0.9912097111762244
0.41103975004339527,0.9912097111762244
0.41107542748025344,0.9912097111762244
0.4111111111111111,0.9912097111762244
0.4111468009375814,0.9912097111762244
0.411182496961278,0.9912097111762244
0.41121819918381525,0.9912097111762244
0.4112539076068079,0.9912097111762244
0.4112896222318715,0.9912097111762244
0.41132534306062185,0.9912097111762244
0.4113610700946756,0.9912097111762244
0.41139680333564976,0.9912097111762244
0.411432542785162,0.9912097111762244
0.4114682884448306,0.9912097111762244
0.41150404031627424,0.9912097111762244
0.41153979840111227,0.9912097111762244
0.4115755627009646,0.9912097111762244
0.41161133321745175,0.9912097111762244
0.4116471099521947,0.9912097111762244
0.41168289290681503,0.9912097111762244
0.4117186820829349,0.9912097111762244
0.41175447748217703,0.9912097111762244
0.41179027910616467,0.9912097111762244
0.41182608695652173,0.9912097111762244
0.4118619010348726,0.9912097111762244
0.41189772134284225,0.9912097111762244
0.41193354788205616,0.9912097111762244
0.41196938065414057,0.9912097111762244
0.41200521966072207,0.9912097111762244
0.4120410649034279,0.9912097111762244
0.4120769163838858,0.9912097111762244
0.4121127741037243,0.9912097111762244
0.41214863806457225,0.9912097111762244
0.4121845082680592,0.9912097111762244
0.4122203847158151,0.9912097111762244
0.41225626740947074,0.9912097111762244
0.41229215635065725,0.9912097111762244
0.41232805154100644,0.9912097111762244
0.4123639529821506,0.9912097111762244
0.41239986067572276,0.9912097111762244
0.4124357746233563,0.9912097111762244
0.4124716948266852,0.9912097111762244
0.4125076212873443,0.9912097111762244
0.4125435540069686,0.9912097111762244
0.412579492987194,0.9912097111762244
0.41261543822965674,0.9912097111762244
0.41265138973599375,0.9912097111762244
0.4126873475078425,0.9912097111762244
0.41272331154684094,0.9912097111762244
0.41275928185462785,0.9912097111762244
0.4127952584328423,0.9912097111762244
0.41283124128312415,0.9912097111762244
0.4128672304071136,0.9912097111762244
0.4129032258064516,0.9912097111762244
0.41293922748277967,0.9912097111762244
0.4129752354377398,0.9912097111762244
0.41301124967297465,0.9912097111762244
0.4130472701901273,0.9912097111762244
0.4130832969908417,0.9912097111762244
0.41311933007676205,0.9912097111762244
0.4131553694495333,0.9912097111762244
0.41319141511080093,0.9912097111762244
0.413227467062211,0.9912097111762244
0.4132635253054101,0.9912097111762244
0.41329958984204557,0.9912097111762244
0.41333566067376504,0.9912097111762244
0.413371737802217,0.9912097111762244
0.4134078212290503,0.9912097111762244
0.41344391095591443,0.9912097111762244
0.4134800069844596,0.9912097111762244
0.4135161093163363,0.9912097111762244
0.41355221795319597,0.9912097111762244
0.4135883328966902,0.9912097111762244
0.4136244541484716,0.9912097111762244
0.41366058171019304,0.9912097111762244
0.413696715583508,0.9912097111762244
0.41373285577007074,0.9912097111762244
0.4137690022715359,0.9912097111762244
0.4138051550895588,0.9912097111762244
0.4138413142257952,0.9912097111762244
0.4138774796819016,0.9912097111762244
0.41391365145953507,0.9912097111762244
0.4139498295603531,0.9912097111762244
0.413986013986014,0.9912097111762244
0.4140222047381764,0.9912097111762244
0.41405840181849973,0.9912097111762244
0.4140946052286439,0.9912097111762244
0.4141308149702693,0.9912097111762244
0.41416703104503716,0.9912097111762244
0.41420325345460907,0.9912097111762244
0.41423948220064727,0.9912097111762244
0.41427571728481455,0.9912097111762244
0.4143119587087744,0.9912097111762244
0.41434820647419074,0.9912097111762244
0.41438446058272815,0.9912097111762244
0.4144207210360518,0.9912097111762244
0.41449326098372136,0.9912097111762244
0.41452954048140045,0.9912097111762244
0.41456582633053224,0.9912097111762244
0.4146021185327847,0.9912097111762244
0.4146384170898266,0.9912097111762244
0.4146747220033272,0.9912097111762244
0.41471103327495623,0.9912097111762244
0.4147473509063841,0.9912097111762244
0.41478367489928186,0.9912097111762244
0.41482000525532103,0.9912097111762244
0.41485634197617377,0.9912097111762244
0.4148926850635129,0.9912097111762244
0.41492903451901175,0.9912097111762244
0.41496539034434415,0.9912097111762244
0.41503812111120847,0.9912097111762244
0.41507449605609115,0.9912097111762244
0.41511087737750896,0.9912097111762244
0.41514726507713884,0.9912097111762244
0.41518365915665817,0.9912097111762244
0.41522005961774505,0.9912097111762244
0.41525646646207803,0.9912097111762244
0.4152928796913364,0.9912097111762244
0.41532929930719986,0.9912097111762244
0.4153657253113489,0.9912097111762244
0.41540215770546446,0.9912097111762244
0.41543859649122805,0.9912097111762244
0.41547504167032195,0.9912097111762244
0.4155114932444288,0.9912097111762244
0.4155479512152321,0.9912097111762244
0.4155844155844156,0.9912097111762244
0.4156208863536639,0.9912097111762244
0.4156573635246621,0.9912097111762244
0.41569384709909596,0.9912097111762244
0.4157303370786517,0.9912097111762244
0.41576683346501625,0.9912097111762244
0.4158033362598771,0.9912097111762244
0.4158398454649223,0.9912097111762244
0.41578854935019316,0.9910004185851821
0.41582506366909633,0.9910004185851821
0.4158615844018971,0.9910004185851821
0.41589811155028544,0.9910004185851821
0.41593464511595224,0.9910004185851821
0.4160077315058865,0.9910004185851821
0.41604428433353835,0.9910004185851821
0.4160808435852373,0.9910004185851821
0.4161174092626769,0.9910004185851821
0.41615398136755144,0.9910004185851821
0.4161905599015558,0.9910004185851821
0.41622714486638535,0.9910004185851821
0.41626373626373625,0.9910004185851821
0.4163003340953051,0.9910004185851821
0.41633693836278907,0.9910004185851821
0.41637354906788604,0.9910004185851821
0.41641016621229443,0.9910004185851821
0.41644678979771327,0.9910004185851821
0.4164834198258422,0.9910004185851821
0.4165200562983814,0.9910004185851821
0.41655669921703176,0.9910004185851821
0.4165933485834946,0.9910004185851821
0.41663000439947206,0.9910004185851821
0.4166666666666667,0.9910004185851821
0.41670333538678167,0.9910004185851821
0.4167400105615209,0.9910004185851821
0.41677669219258867,0.9910004185851821
0.4168133802816901,0.9910004185851821
0.4168500748305309,0.9910004185851821
0.41688677584081707,0.9910004185851821
0.41692348331425555,0.9910004185851821
0.41696019725255373,0.9910004185851821
0.41699691765741964,0.9910004185851821
0.4170336445305619,0.9910004185851821
0.4170703778736898,0.9910004185851821
0.41710711768851305,0.9910004185851821
0.41714386397674214,0.9910004185851821
0.4171806167400881,0.9910004185851821
0.4172173759802626,0.9910004185851821
0.4172541416989778,0.9910004185851821
0.4172909138979466,0.9910004185851821
0.4173276925788824,0.9910004185851821
0.41736447774349933,0.9910004185851821
0.41740126939351196,0.9910004185851821
0.4174380675306356,0.9910004185851821
0.41747487215658613,0.9910004185851821
0.41751168327307997,0.9910004185851821
0.4175485008818342,0.9910004185851821
0.4175853249845665,0.9910004185851821
0.41762215558299526,0.9910004185851821
0.4176589926788392,0.9910004185851821
0.4176958362738179,0.9910004185851821
0.4177326863696515,0.9910004185851821
0.4177695429680607,0.9910004185851821
0.4178064060707668,0.9910004185851821
0.4178432756794917,0.9910004185851821
0.417880151795958,0.9910004185851821
0.41791703442188877,0.9910004185851821
0.41795392355900784,0.9910004185851821
0.4179908192090395,0.9910004185851821
0.41802772137370886,0.9910004185851821
0.4180646300547413,0.9910004185851821
0.4181015452538631,0.9910004185851821
0.4181384669728011,0.9910004185851821
0.4181753952132827,0.9910004185851821
0.41821232997703583,0.9910004185851821
0.41824927126578926,0.9910004185851821
0.41828621908127206,0.9910004185851821
0.41832317342521425,0.9910004185851821
0.41836013429934615,0.9910004185851821
0.41839710170539895,0.9910004185851821
0.41843407564510426,0.9910004185851821
0.4184710561201944,0.9910004185851821
0.4185450366834615,0.9910004185851821
0.4185820367751061,0.9910004185851821
0.4186190434090708,0.9910004185851821
0.4186560565870911,0.9910004185851821
0.4186930763109028,0.9910004185851821
0.41873010258224264,0.9910004185851821
0.41876713540284777,0.9910004185851821
0.41880417477445603,0.9910004185851821
0.41884122069880586,0.9910004185851821
0.41887827317763626,0.9910004185851821
0.4189153322126869,0.9910004185851821
0.4189523978056981,0.9910004185851821
0.41898946995841074,0.9910004185851821
0.4190265486725664,0.9910004185851821
0.4190636339499071,0.9910004185851821
0.4191007257921756,0.9910004185851821
0.41913782420111534,0.9910004185851821
0.41917492917847027,0.9910004185851821
0.41924915884540465,0.9910004185851821
0.41928628353847514,0.9910004185851821
0.41932341480694296,0.9910004185851821
0.4193605526525551,0.9910004185851821
0.4193976970770593,0.9910004185851821
0.41943484808220394,0.9910004185851821
0.4194720056697378,0.9910004185851821
0.41950916984141046,0.9910004185851821
0.41954634059897217,0.9910004185851821
0.4195835179441737,0.9910004185851821
0.4196207018787664,0.9910004185851821
0.41965789240450235,0.9910004185851821
0.4196950895231342,0.9910004185851821
0.41976950354609927,0.9910004185851821
0.41980672045394096,0.9910004185851821
0.41984394396169533,0.9910004185851821
0.4198811740711182,0.9910004185851821
0.4199556541019956,0.9910004185851821
0.4199929040269647,0.9910004185851821
0.4200301605606316,0.9910004185851821
0.42006742370475514,0.9910004185851821
0.42010469346109486,0.9910004185851821
0.41995030173943915,0.9903725408120553
0.41998757433212036,0.9903725408120553
0.42002485354162966,0.9903725408120553
0.42006213936972925,0.9903725408120553
0.4200994318181818,0.9903725408120553
0.42013673088875075,0.9903725408120553
0.42017403658320013,0.9903725408120553
0.42021134890329453,0.9903725408120553
0.4202486678507993,0.9903725408120553
0.42028599342748024,0.9903725408120553
0.42032332563510394,0.9903725408120553
0.4203606644754375,0.9903725408120553
0.42039800995024873,0.9903725408120553
0.4204353620613061,0.9903725408120553
0.4204727208103785,0.9903725408120553
0.42051008619923574,0.9903725408120553
0.42054745822964806,0.9903725408120553
0.4205848369033864,0.9903725408120553
0.42062222222222223,0.9903725408120553
0.4206596141879278,0.9903725408120553
0.42069701280227595,0.9903725408120553
0.4207344180670401,0.9903725408120553
0.4207718299839943,0.9903725408120553
0.4208092485549133,0.9903725408120553
0.42084667378157237,0.9903725408120553
0.4208841056657476,0.9903725408120553
0.42092154420921546,0.9903725408120553
0.4209589894137532,0.9903725408120553
0.4209964412811388,0.9903725408120553
0.42103389981315065,0.9903725408120553
0.4210713650115679,0.9903725408120553
0.42110883687817036,0.9903725408120553
0.42114631541473835,0.9903725408120553
0.42118380062305294,0.9903725408120553
0.4212212925048959,0.9903725408120553
0.42125879106204933,0.9903725408120553
0.4212962962962963,0.9903725408120553
0.42133380820942035,0.9903725408120553
0.4213713268032057,0.9903725408120553
0.4214088520794372,0.9903725408120553
0.42144638403990026,0.9903725408120553
0.421483922686381,0.9903725408120553
0.4215214680206663,0.9903725408120553
0.42155902004454343,0.9903725408120553
0.42159657875980044,0.9903725408120553
0.421634144168226,0.9903725408120553
0.4216717162716093,0.9903725408120553
0.4217092950717405,0.9903725408120553
0.42174688057041,0.9903725408120553
0.42178447276940906,0.9903725408120553
0.4218220716705295,0.9903725408120553
0.4218596772755639,0.9903725408120553
0.4218972895863053,0.9903725408120553
0.42193490860454747,0.9903725408120553
0.42197253433208487,0.9903725408120553
0.42201016677071257,0.9903725408120553
0.4220478059222262,0.9903725408120553
0.4220854517884221,0.9903725408120553
0.42212310437109724,0.9903725408120553
0.42216076367204924,0.9903725408120553
0.42219842969307636,0.9903725408120553
0.42223610243597753,0.9903725408120553
0.4222737819025522,0.9903725408120553
0.42231146809460063,0.9903725408120553
0.4223491610139236,0.9903725408120553
0.4223868606623226,0.9903725408120553
0.4224245670415997,0.9903725408120553
0.42246228015355775,0.9903725408120553
0.4225,0.9903725408120553
0.4225377265827306,0.9903725408120553
0.4225754599035542,0.9903725408120553
0.42261319996427615,0.9903725408120553
0.4226509467667024,0.9903725408120553
0.42268870031263955,0.9903725408120553
0.42272646060389496,0.9903725408120553
0.42276422764227645,0.9903725408120553
0.42280200142959257,0.9903725408120553
0.4228397819676526,0.9903725408120553
0.4228775692582663,0.9903725408120553
0.42291536330324425,0.9903725408120553
0.4229531641043976,0.9903725408120553
0.42299097166353805,0.9903725408120553
0.4230287859824781,0.9903725408120553
0.42306660706303084,0.9903725408120553
0.42310443490701,0.9903725408120553
0.4230528480729679,0.990163248221013
0.4230906814523341,0.990163248221013
0.4231285215991414,0.990163248221013
0.4231663685152057,0.990163248221013
0.42320422220234366,0.990163248221013
0.4232420826623725,0.990163248221013
0.42327994989711015,0.990163248221013
0.4233178239083751,0.990163248221013
0.42335570469798656,0.990163248221013
0.42339359226776446,0.990163248221013
0.42343148661952923,0.990163248221013
0.42346938775510207,0.990163248221013
0.42350729567630474,0.990163248221013
0.42354521038495974,0.990163248221013
0.42358313188289015,0.990163248221013
0.42362106017191975,0.990163248221013
0.423658995253873,0.990163248221013
0.42369693713057494,0.990163248221013
0.4237348858038513,0.990163248221013
0.4237728412755285,0.990163248221013
0.4238108035474335,0.990163248221013
0.42384877262139403,0.990163248221013
0.4238867484992384,0.990163248221013
0.4239247311827957,0.990163248221013
0.4239627206738955,0.990163248221013
0.42400071697436814,0.990163248221013
0.42403872008604465,0.990163248221013
0.4240767300107565,0.990163248221013
0.42415277030661647,0.990163248221013
0.424190800681431,0.990163248221013
0.4242288378766141,0.990163248221013
0.4242668818940005,0.990163248221013
0.424304932735426,0.990163248221013
0.42438105489773953,0.990163248221013
0.424419126222302,0.990163248221013
0.4244572043782523,0.990163248221013
0.42449528936742936,0.990163248221013
0.42453338119167267,0.990163248221013
0.4245714798528224,0.990163248221013
0.4246095853527194,0.990163248221013
0.42464769769320526,0.990163248221013
0.42468581687612206,0.990163248221013
0.42472394290331267,0.990163248221013
0.42476207577662056,0.990163248221013
0.42480021549788993,0.990163248221013
0.4248383620689655,0.990163248221013
0.42487651549169286,0.990163248221013
0.4249146757679181,0.990163248221013
0.424952842899488,0.990163248221013
0.4249910168882501,0.990163248221013
0.42502919773605247,0.990163248221013
0.42506738544474393,0.990163248221013
0.42510558001617393,0.990163248221013
0.42514378145219267,0.990163248221013
0.4251819897546508,0.990163248221013
0.42522020492539997,0.990163248221013
0.4252584269662921,0.990163248221013
0.42529665587918014,0.990163248221013
0.4253348916659175,0.990163248221013
0.4253731343283582,0.990163248221013
0.42541138386835714,0.990163248221013
0.42544964028776977,0.990163248221013
0.4254879035884522,0.990163248221013
0.4255261737722612,0.990163248221013
0.42556445084105426,0.990163248221013
0.4256027347966895,0.990163248221013
0.4256410256410256,0.990163248221013
0.42567932337592224,0.990163248221013
0.42575593952483803,0.990163248221013
0.4257942579425794,0.990163248221013
0.42583258325832585,0.990163248221013
0.42587091547394007,0.990163248221013
0.42590925459128554,0.990163248221013
0.42594760061222653,0.990163248221013
0.4259859535386278,0.990163248221013
0.4260243133723548,0.990163248221013
0.42606268011527376,0.990163248221013
0.42610105376925156,0.990163248221013
0.42613943433615564,0.990163248221013
0.42617782181785424,0.990163248221013
0.4262162162162162,0.990163248221013
0.4262546175331111,0.990163248221013
0.42629302577040906,0.990163248221013
0.4263314409299811,0.990163248221013
0.4263698630136986,0.990163248221013
0.426408292023434,0.990163248221013
0.42644672796106003,0.990163248221013
0.4264851708284504,0.990163248221013
0.4265236206274793,0.990163248221013
0.42656207736002166,0.990163248221013
0.4266005410279531,0.990163248221013
0.42663901163315,0.990163248221013
0.42667748917748916,0.990163248221013
0.42671597366284836,0.990163248221013
0.4267544650911059,0.990163248221013
0.42679296346414075,0.990163248221013
0.42683146878383255,0.990163248221013
0.4268699810520617,0.990163248221013
0.42690850027070926,0.990163248221013
0.4269470264416569,0.990163248221013
0.426985559566787,0.990163248221013
0.42702409964798266,0.990163248221013
0.4270626466871276,0.990163248221013
0.4271397616468039,0.990163248221013
0.4271783295711061,0.990163248221013
0.4272169044608994,0.990163248221013
0.427255486318071,0.990163248221013
0.4272940751445087,0.990163248221013
0.427332670942101,0.990163248221013
0.42737127371273714,0.990163248221013
0.427409883458307,0.990163248221013
0.42744850018070113,0.990163248221013
0.4274871238818108,0.990163248221013
0.4275257545635279,0.990163248221013
0.4275643922277451,0.990163248221013
0.42760303687635576,0.990163248221013
0.4276416885112537,0.990163248221013
0.4276803471343338,0.990163248221013
0.4277190127474912,0.990163248221013
0.42775768535262204,0.990163248221013
0.4277963649516231,0.990163248221013
0.42783505154639173,0.990163248221013
0.4278737451388261,0.990163248221013
0.4279124457308249,0.990163248221013
0.4279511533242876,0.990163248221013
0.42798986792111454,0.990163248221013
0.4280285895232064,0.990163248221013
0.42806731813246474,0.990163248221013
0.4281060537507918,0.990163248221013
0.4281447963800905,0.990163248221013
0.42818354602226444,0.990163248221013
0.42822230267921796,0.990163248221013
0.428261066352856,0.990163248221013
0.4282998370450842,0.990163248221013
0.428338614757809,0.990163248221013
0.42837739949293735,0.990163248221013
0.42841619125237707,0.990163248221013
0.4284549900380366,0.990163248221013
0.428493795851825,0.990163248221013
0.4285326086956522,0.990163248221013
0.42857142857142855,0.990163248221013
0.42864908942647456,0.990163248221013
0.4286879304095687,0.990163248221013
0.428726778432261,0.990163248221013
0.42876563349646546,0.990163248221013
0.4288044956040968,0.990163248221013
0.42884336475707036,0.990163248221013
0.42888224095730215,0.990163248221013
0.42892112420670897,0.990163248221013
0.4289600145072083,0.990163248221013
0.42899891186071815,0.990163248221013
0.42903781626915755,0.990163248221013
0.42907672773444583,0.990163248221013
0.4291156462585034,0.990163248221013
0.42915457184325106,0.990163248221013
0.42919350449061056,0.990163248221013
0.42923244420250406,0.990163248221013
0.4292713909808547,0.990163248221013
0.42931034482758623,0.990163248221013
0.42934930574462293,0.990163248221013
0.42938827373389,0.990163248221013
0.42942724879731325,0.990163248221013
0.4294662309368192,0.990163248221013
0.429505220154335,0.990163248221013
0.42954421645178864,0.990163248221013
0.4295832198311087,0.990163248221013
0.42962223029422447,0.990163248221013
0.42966124784306603,0.990163248221013
0.42970027247956405,0.990163248221013
0.42973930420564993,0.990163248221013
0.4297783430232558,0.990163248221013
0.42981738893431454,0.990163248221013
0.42985644194075956,0.990163248221013
0.4298955020445252,0.990163248221013
0.42993456924754636,0.990163248221013
0.4299736435517586,0.990163248221013
0.43001272495909837,0.990163248221013
0.43005181347150256,0.990163248221013
0.4300909090909091,0.990163248221013
0.4301300118192563,0.990163248221013
0.43016912165848337,0.990163248221013
0.43020823861053015,0.990163248221013
0.4302473626773372,0.990163248221013
0.43028649386084583,0.990163248221013
0.430325632162998,0.990163248221013
0.4303647775857364,0.990163248221013
0.43040393013100436,0.990163248221013
0.4304430898007461,0.990163248221013
0.43033943033943034,0.9897446630389284
0.43037859483072444,0.9897446630389284
0.43041776645126056,0.9897446630389284
0.4304569452029856,0.9897446630389284
0.43049613108784707,0.9897446630389284
0.43053532410779316,0.9897446630389284
0.43057452426477283,0.9897446630389284
0.43061373156073574,0.9897446630389284
0.43065294599763226,0.9897446630389284
0.43069216757741347,0.9897446630389284
0.43073139630203117,0.9897446630389284
0.4307706321734378,0.9897446630389284
0.4308098751935866,0.9897446630389284
0.4308491253644315,0.9897446630389284
0.4308883826879271,0.9897446630389284
0.43092764716602877,0.9897446630389284
0.4309669188006926,0.9897446630389284
0.4310061975938753,0.9897446630389284
0.4310454835475344,0.9897446630389284
0.4310847766636281,0.9897446630389284
0.43112407694411525,0.9897446630389284
0.43116338439095553,0.9897446630389284
0.43120269900610925,0.9897446630389284
0.4312420207915375,0.9897446630389284
0.431281349749202,0.9897446630389284
0.4313206858810653,0.9897446630389284
0.43136002918909055,0.9897446630389284
0.4313993796752417,0.9897446630389284
0.4314387373414834,0.9897446630389284
0.431478102189781,0.9897446630389284
0.43151747422210057,0.9897446630389284
0.43155685344040884,0.9897446630389284
0.43159623984667334,0.9897446630389284
0.4316356334428624,0.9897446630389284
0.4316750342309448,0.9897446630389284
0.4317144422128903,0.9897446630389284
0.43175385739066924,0.9897446630389284
0.43179327976625276,0.9897446630389284
0.43183270934161266,0.9897446630389284
0.43187214611872143,0.9897446630389284
0.4319115900995525,0.9897446630389284
0.43195104128607964,0.9897446630389284
0.4319904996802777,0.9897446630389284
0.4320299652841221,0.9897446630389284
0.43206943809958887,0.9897446630389284
0.432108918128655,0.9897446630389284
0.432148405373298,0.9897446630389284
0.43218789983549627,0.9897446630389284
0.43222740151722877,0.9897446630389284
0.4322669104204753,0.9897446630389284
0.4323064265472164,0.9897446630389284
0.43234594989943315,0.9897446630389284
0.43238548047910763,0.9897446630389284
0.4324250182882224,0.9897446630389284
0.4324645633287609,0.9897446630389284
0.43250411560270713,0.9897446630389284
0.4325436751120461,0.9897446630389284
0.4325832418587633,0.9897446630389284
0.4326228158448449,0.9897446630389284
0.43266239707227816,0.9897446630389284
0.4327019855430506,0.9897446630389284
0.4327415812591508,0.9897446630389284
0.43278118422256795,0.9897446630389284
0.4328604118993135,0.9897446630389284
0.43290003661662396,0.9897446630389284
0.4329396685892154,0.9897446630389284
0.4329793078190807,0.9897446630389284
0.4330189543082135,0.9897446630389284
0.4330586080586081,0.9897446630389284
0.43309826907225935,0.9897446630389284
0.43313793735116324,0.9897446630389284
0.4331776128973161,0.9897446630389284
0.4332172957127153,0.9897446630389284
0.4332569857993587,0.9897446630389284
0.433296683159245,0.9897446630389284
0.43333638779437367,0.9897446630389284
0.43337609970674484,0.9897446630389284
0.43341581889835945,0.9897446630389284
0.43345554537121905,0.9897446630389284
0.43349527912732605,0.9897446630389284
0.43353502016868356,0.9897446630389284
0.4335747684972953,0.9897446630389284
0.433614524115166,0.9897446630389284
0.43365428702430076,0.9897446630389284
0.4336940572267058,0.9897446630389284
0.43373383472438776,0.9897446630389284
0.4337736195193542,0.9897446630389284
0.4338134116136134,0.9897446630389284
0.4338532110091743,0.9897446630389284
0.4338930177080466,0.9897446630389284
0.4339328317122408,0.9897446630389284
0.43397265302376803,0.9897446630389284
0.43401248164464024,0.9897446630389284
0.43405231757687013,0.9897446630389284
0.4340921608224711,0.9897446630389284
0.43413201138345725,0.9897446630389284
0.43417186926184353,0.9897446630389284
0.43421173445964556,0.9897446630389284
0.4342516069788797,0.9897446630389284
0.43429148682156304,0.9897446630389284
0.43433137398971344,0.9897446630389284
0.4343712684853495,0.9897446630389284
0.43441117031049054,0.9897446630389284
0.43445107946715666,0.9897446630389284
0.4344909959573686,0.9897446630389284
0.434530919783148,0.9897446630389284
0.4345708509465172,0.9897446630389284
0.4346107894494991,0.9897446630389284
0.43465073529411763,0.9897446630389284
0.4346906884823973,0.9897446630389284
0.4347306490163633,0.9897446630389284
0.43477061689804175,0.9897446630389284
0.4348105921294594,0.9897446630389284
0.43485057471264366,0.9897446630389284
0.43489056464962295,0.9897446630389284
0.4349305619424262,0.9897446630389284
0.43461856998251586,0.9884889074926747
0.4346585680103074,0.9884889074926747
0.43469857340082835,0.9884889074926747
0.43473858615611194,0.9884889074926747
0.43477860627819204,0.9884889074926747
0.4348186337691033,0.9884889074926747
0.43485866863088113,0.9884889074926747
0.4348987108655617,0.9884889074926747
0.4349387604751819,0.9884889074926747
0.43497881746177935,0.9884889074926747
0.43501888182739246,0.9884889074926747
0.43505895357406044,0.9884889074926747
0.4350990327038231,0.9884889074926747
0.4351391192187212,0.9884889074926747
0.4351792131207961,0.9884889074926747
0.43521931441208994,0.9884889074926747
0.43525942309464566,0.9884889074926747
0.4352995391705069,0.9884889074926747
0.43533966264171814,0.9884889074926747
0.43537979351032446,0.9884889074926747
0.4354199317783719,0.9884889074926747
0.43546007744790705,0.9884889074926747
0.4355002305209774,0.9884889074926747
0.43554039099963116,0.9884889074926747
0.4355805588859172,0.9884889074926747
0.43562073418188524,0.9884889074926747
0.43566091688958586,0.9884889074926747
0.4357011070110701,0.9884889074926747
0.43574130454839005,0.9884889074926747
0.43578150950359845,0.9884889074926747
0.43582172187874874,0.9884889074926747
0.43586194167589515,0.9884889074926747
0.43590216889709277,0.9884889074926747
0.4359424035443973,0.9884889074926747
0.4359826456198652,0.9884889074926747
0.4360228951255539,0.9884889074926747
0.43606315206352136,0.9884889074926747
0.4361034164358264,0.9884889074926747
0.4361436882445286,0.9884889074926747
0.4361839674916882,0.9884889074926747
0.4362242541793664,0.9884889074926747
0.43626454830962497,0.9884889074926747
0.43630484988452656,0.9884889074926747
0.4363451589061345,0.9884889074926747
0.43638547537651295,0.9884889074926747
0.43642579929772685,0.9884889074926747
0.4364661306718418,0.9884889074926747
0.4365064695009242,0.9884889074926747
0.4365468157870413,0.9884889074926747
0.43658716953226107,0.9884889074926747
0.4366275307386521,0.9884889074926747
0.43666789940828404,0.9884889074926747
0.436708275543227,0.9884889074926747
0.43674865914555205,0.9884889074926747
0.436789050217331,0.9884889074926747
0.43682944876063634,0.9884889074926747
0.4367773563962631,0.9882796149016325
0.43681776133209993,0.9882796149016325
0.43685817374410213,0.9882796149016325
0.4368985936343449,0.9882796149016325
0.4369390210049042,0.9882796149016325
0.43697945585785675,0.9882796149016325
0.43701989819528,0.9882796149016325
0.43706034801925214,0.9882796149016325
0.43710080533185225,0.9882796149016325
0.43714127013516013,0.9882796149016325
0.43718174243125635,0.9882796149016325
0.43722222222222223,0.9882796149016325
0.43726270951013985,0.9882796149016325
0.4373032042970921,0.9882796149016325
0.43734370658516253,0.9882796149016325
0.4373842163764357,0.9882796149016325
0.4374247336729968,0.9882796149016325
0.43746525847693163,0.9882796149016325
0.4375057907903271,0.9882796149016325
0.4375463306152706,0.9882796149016325
0.43758687795385043,0.9882796149016325
0.4376274328081557,0.9882796149016325
0.4376679951802762,0.9882796149016325
0.43770856507230255,0.9882796149016325
0.4377491424863261,0.9882796149016325
0.4377897274244391,0.9882796149016325
0.43783031988873433,0.9882796149016325
0.43787091988130566,0.9882796149016325
0.43791152740424744,0.9882796149016325
0.43795214245965497,0.9882796149016325
0.43799276504962437,0.9882796149016325
0.43803339517625234,0.9882796149016325
0.43807403284163654,0.9882796149016325
0.4381146780478753,0.9882796149016325
0.4381553307970678,0.9882796149016325
0.438195991091314,0.9882796149016325
0.43823665893271463,0.9882796149016325
0.43827733432337107,0.9882796149016325
0.43831801726538566,0.9882796149016325
0.4383587077608615,0.9882796149016325
0.43839940581190234,0.9882796149016325
0.4384401114206128,0.9882796149016325
0.4384808245890983,0.9882796149016325
0.4385215453194651,0.9882796149016325
0.43856227361382,0.9882796149016325
0.43860300947427083,0.9882796149016325
0.4386437529029262,0.9882796149016325
0.43868450390189523,0.9882796149016325
0.43872526247328814,0.9882796149016325
0.43876602861921576,0.9882796149016325
0.4388068023417898,0.9882796149016325
0.4387546468401487,0.9880703223105902
0.4387954270843015,0.9880703223105902
0.43883621490983454,0.9880703223105902
0.43873187058386015,0.9876517371285056
0.4387726638772664,0.9876517371285056
0.4388134647572996,0.9876517371285056
0.43885427322607645,0.9876517371285056
0.4388950892857143,0.9876517371285056
0.43893591293833134,0.9876517371285056
0.4389767441860465,0.9876517371285056
0.43901758303097965,0.9876517371285056
0.4390584294752512,0.9876517371285056
0.4390992835209826,0.9876517371285056
0.4391401451702959,0.9876517371285056
0.4391810144253141,0.9876517371285056
0.43922189128816086,0.9876517371285056
0.4392627757609606,0.9876517371285056
0.43930366784583874,0.9876517371285056
0.43934456754492135,0.9876517371285056
0.4393854748603352,0.9876517371285056
0.439426389794208,0.9876517371285056
0.43946731234866826,0.9876517371285056
0.4395082425258452,0.9876517371285056
0.4395491803278688,0.9876517371285056
0.43959012575687006,0.9876517371285056
0.4396310788149804,0.9876517371285056
0.4396720395043324,0.9876517371285056
0.43971300782705924,0.9876517371285056
0.43975398378529496,0.9876517371285056
0.4397949673811743,0.9876517371285056
0.4398359586168329,0.9876517371285056
0.43987695749440714,0.9876517371285056
0.4399179640160343,0.9876517371285056
0.4399589781838523,0.9876517371285056
0.44,0.9876517371285056
0.44004102946661694,0.9876517371285056
0.44008206658584353,0.9876517371285056
0.4401231113598209,0.9876517371285056
0.4401641637906912,0.9876517371285056
0.440205223880597,0.9876517371285056
0.440152999346954,0.9874424445374633
0.4401940660571002,0.9874424445374633
0.4402351404310908,0.9874424445374633
0.4402762224710713,0.9874424445374633
0.44031731217918807,0.9874424445374633
0.4403584095575882,0.9874424445374633
0.4403995146084197,0.9874424445374633
0.4404406273338312,0.9874424445374633
0.4404817477359724,0.9874424445374633
0.44052287581699345,0.9874424445374633
0.4405640115790457,0.9874424445374633
0.44060515502428094,0.9874424445374633
0.44064630615485195,0.9874424445374633
0.4406874649729124,0.9874424445374633
0.44072863148061653,0.9874424445374633
0.4407698056801196,0.9874424445374633
0.4408109875735775,0.9874424445374633
0.44085217716314706,0.9874424445374633
0.4407999252406317,0.9872331519464211
0.4408411214953271,0.9872331519464211
0.4408823254509767,0.9872331519464211
0.44092353710974014,0.9872331519464211
0.4409647564737777,0.9872331519464211
0.44100598354525056,0.9872331519464211
0.4410472183263207,0.9872331519464211
0.44108846081915093,0.9872331519464211
0.4411297110259048,0.9872331519464211
0.44121223458984193,0.9872331519464211
0.4412535079513564,0.9872331519464211
0.441294789035457,0.9872331519464211
0.4413360778443114,0.9872331519464211
0.44137737438008795,0.9872331519464211
0.44141867864495604,0.9872331519464211
0.44145999064108565,0.9872331519464211
0.4415013103706477,0.9872331519464211
0.44154263783581393,0.9872331519464211
0.4415839730387568,0.9872331519464211
0.44162531598164967,0.9872331519464211
0.44166666666666665,0.9872331519464211
0.4417080250959828,0.9872331519464211
0.44174939127177376,0.9872331519464211
0.4417907651962162,0.9872331519464211
0.4418321468714875,0.9872331519464211
0.44187353629976583,0.9872331519464211
0.4418212478920742,0.9870238593553788
0.4418626440550923,0.9870238593553788
0.441904047976012,0.9870238593553788
0.4419454596570143,0.9870238593553788
0.44198687910028117,0.9870238593553788
0.4420283063079951,0.9870238593553788
0.4420697412823397,0.9870238593553788
0.4421111840254992,0.9870238593553788
0.44215263453965875,0.9870238593553788
0.4421940928270042,0.9870238593553788
0.44223555888972244,0.9870238593553788
0.44227703273000096,0.9870238593553788
0.4423185143500281,0.9870238593553788
0.44236000375199325,0.9870238593553788
0.4424015009380863,0.9870238593553788
0.4424430059104982,0.9870238593553788
0.4424845186714205,0.9870238593553788
0.4425260392230459,0.9870238593553788
0.44256756756756754,0.9870238593553788
0.4426091037071797,0.9870238593553788
0.44265064764407736,0.9870238593553788
0.44269219938045623,0.9870238593553788
0.44273375891851297,0.9870238593553788
0.442775326260445,0.9870238593553788
0.4428169014084507,0.9870238593553788
0.4428584843647291,0.9870238593553788
0.4429000751314801,0.9870238593553788
0.4429416737109045,0.9870238593553788
0.4429832801052038,0.9870238593553788
0.44302489431658054,0.9870238593553788
0.44306651634723787,0.9870238593553788
0.4431081461993799,0.9870238593553788
0.4431497838752114,0.9870238593553788
0.4431914293769383,0.9870238593553788
0.4432330827067669,0.9870238593553788
0.4432747438669048,0.9870238593553788
0.4433164128595601,0.9870238593553788
0.4433580896869418,0.9870238593553788
0.4433997743512599,0.9870238593553788
0.44334743770568874,0.9868145667643365
0.4433891292082001,0.9868145667643365
0.4434308285526192,0.9868145667643365
0.44347253574115875,0.9868145667643365
0.44351425077603235,0.9868145667643365
0.4435559736594544,0.9868145667643365
0.44359770439364005,0.9868145667643365
0.44363944298080543,0.9868145667643365
0.4436811894231674,0.9868145667643365
0.4436288349331828,0.9866052741732942
0.4436705882352941,0.9866052741732942
0.44371234939759036,0.9866052741732942
0.44375411842229123,0.9866052741732942
0.4437958953116174,0.9866052741732942
0.44383768006779023,0.9866052741732942
0.443879472693032,0.9866052741732942
0.44392127318956587,0.9866052741732942
0.4439630815596157,0.9866052741732942
0.4440048978054064,0.9866052741732942
0.4440467219291635,0.9866052741732942
0.44408855393311353,0.9866052741732942
0.4441303938194837,0.9866052741732942
0.4441722415905022,0.9866052741732942
0.44421409724839805,0.9866052741732942
0.444255960795401,0.9866052741732942
0.44429783223374175,0.9866052741732942
0.44433971156565183,0.9866052741732942
0.4443815987933635,0.9866052741732942
0.44442349391911,0.9866052741732942
0.4444653969451254,0.9866052741732942
0.4445073078736445,0.9866052741732942
0.44454922670690306,0.9866052741732942
0.4445911534471376,0.9866052741732942
0.4446330880965855,0.9866052741732942
0.44467503065748515,0.9866052741732942
0.4447169811320755,0.9866052741732942
0.4447589395225965,0.9866052741732942
0.4448009058312889,0.9866052741732942
0.44484288006039446,0.9866052741732942
0.4448848622121555,0.9866052741732942
0.44492685228881546,0.9866052741732942
0.44496885029261846,0.9866052741732942
0.4450108562258095,0.9866052741732942
0.44505287009063443,0.9866052741732942
0.44509489188934,0.9866052741732942
0.44513692162417373,0.9866052741732942
0.4451789592973841,0.9866052741732942
0.44522100491122024,0.9866052741732942
0.44526305846793235,0.9866052741732942
0.4452106555828453,0.986395981582252
0.44525271610769956,0.986395981582252
0.44529478458049887,0.986395981582252
0.4453368610034962,0.986395981582252
0.4452844452844453,0.9861866889912098
0.44532652868348926,0.9861866889912098
0.4453686200378072,0.9861866889912098
0.445410719349655,0.9861866889912098
0.4454528266212895,0.9861866889912098
0.44549494185496835,0.9861866889912098
0.4455370650529501,0.9861866889912098
0.4455791962174941,0.9861866889912098
0.4456213353508606,0.9861866889912098
0.4456634824553107,0.9861866889912098
0.4457056375331063,0.9861866889912098
0.44574780058651026,0.9861866889912098
0.44578997161778616,0.9861866889912098
0.4458321506291986,0.9861866889912098
0.4458743376230129,0.9861866889912098
0.44582189836282765,0.9859773964001675
0.44586409237175845,0.9859773964001675
0.4459062943681969,0.9859773964001675
0.4459485043544112,0.9859773964001675
0.4459907223326706,0.9859773964001675
0.4460329483052452,0.9859773964001675
0.44607518227440585,0.9859773964001675
0.44611742424242423,0.9859773964001675
0.44615967421157304,0.9859773964001675
0.4462019321841258,0.9859773964001675
0.4462441981623567,0.9859773964001675
0.4462864721485411,0.9859773964001675
0.446328754144955,0.9859773964001675
0.4463710441538753,0.9859773964001675
0.44641334217757983,0.9859773964001675
0.4464556482183472,0.9859773964001675
0.446497962278457,0.9859773964001675
0.44654028436018955,0.9859773964001675
0.44658261446582614,0.9859773964001675
0.44662495259764884,0.9859773964001675
0.44666729875794065,0.9859773964001675
0.4467096529489854,0.9859773964001675
0.4467520151730678,0.9859773964001675
0.44679438543247346,0.9859773964001675
0.4468367637294888,0.9859773964001675
0.44687915006640105,0.9859773964001675
0.44692154444549853,0.9859773964001675
0.4469639468690702,0.9859773964001675
0.447006357339406,0.9859773964001675
0.4470487758587967,0.9859773964001675
0.44709120242953404,0.9859773964001675
0.4471336370539104,0.9859773964001675
0.44717607973421925,0.9859773964001675
0.4472185304727549,0.9859773964001675
0.4472609892718124,0.9859773964001675
0.4473034561336878,0.9859773964001675
0.447345931060678,0.9859773964001675
0.44738841405508073,0.9859773964001675
0.4474309051191946,0.9859773964001675
0.4474734042553192,0.9859773964001675
0.4475159114657547,0.9859773964001675
0.4475584267528026,0.9859773964001675
0.44760095011876483,0.9859773964001675
0.4476434815659445,0.9859773964001675
0.44768602109664546,0.9859773964001675
0.4477285687131724,0.9859773964001675
0.447771124417831,0.9859773964001675
0.4478136882129278,0.9859773964001675
0.44785626010077,0.9859773964001675
0.4478988400836661,0.9859773964001675
0.44794142816392507,0.9859773964001675
0.447984024343857,0.9859773964001675
0.4480266286257727,0.9859773964001675
0.44806924101198403,0.9859773964001675
0.4481118615048036,0.9859773964001675
0.4481544901065449,0.9859773964001675
0.4481971268195224,0.9859773964001675
0.4482397716460514,0.9859773964001675
0.44828242458844797,0.9859773964001675
0.4483250856490293,0.9859773964001675
0.44836775483011326,0.9859773964001675
0.44841043213401865,0.9859773964001675
0.4484531175630652,0.9859773964001675
0.4484958111195735,0.9859773964001675
0.448538512805865,0.9859773964001675
0.44858122262426203,0.9859773964001675
0.4486239405770879,0.9859773964001675
0.44866666666666666,0.9859773964001675
0.44870940089532335,0.9859773964001675
0.4487521432653839,0.9859773964001675
0.448794893779175,0.9859773964001675
0.4488376524390244,0.9859773964001675
0.4488804192472606,0.9859773964001675
0.44892319420621307,0.9859773964001675
0.44896597731821214,0.9859773964001675
0.449008768585589,0.9859773964001675
0.4490515680106758,0.9859773964001675
0.4490943755958055,0.9859773964001675
0.44913719134331204,0.9859773964001675
0.44918001525553014,0.9859773964001675
0.44922284733479545,0.9859773964001675
0.4492656875834446,0.9859773964001675
0.449308536003815,0.9859773964001675
0.44935139259824497,0.9859773964001675
0.44939425736907374,0.9859773964001675
0.44943713031864146,0.9859773964001675
0.4494800114492892,0.9859773964001675
0.44952290076335877,0.9859773964001675
0.44956579826319304,0.9859773964001675
0.4496087039511357,0.9859773964001675
0.44965161782953134,0.9859773964001675
0.44969453990072544,0.9859773964001675
0.44973747016706445,0.9859773964001675
0.4497804086308956,0.9859773964001675
0.44982335529456696,0.9859773964001675
0.44986631016042783,0.9859773964001675
0.449909273230828,0.9859773964001675
0.44995224450811844,0.9859773964001675
0.44999522399465086,0.9859773964001675
0.45003821169277797,0.9859773964001675
0.4500812076048534,0.9859773964001675
0.4501242117332314,0.9859773964001675
0.45016722408026755,0.9859773964001675
0.45021024464831805,0.9859773964001675
0.45025327343974003,0.9859773964001675
0.4502963104568916,0.9859773964001675
0.45033935570213174,0.9859773964001675
0.45038240917782024,0.9859773964001675
0.450425470886318,0.9859773964001675
0.4505116190111887,0.9859773964001675
0.4505547054322877,0.9859773964001675
0.45059780009564804,0.9859773964001675
0.45064090300363496,0.9859773964001675
0.45068401415861475,0.9859773964001675
0.45072713356295446,0.9859773964001675
0.4507702612190221,0.9859773964001675
0.4508133971291866,0.9859773964001675
0.45085654129581776,0.9859773964001675
0.45089969372128635,0.9859773964001675
0.450942854407964,0.9859773964001675
0.45098602335822324,0.9859773964001675
0.4510292005744375,0.9859773964001675
0.45107238605898126,0.9859773964001675
0.4511155798142296,0.9859773964001675
0.45120199214634615,0.9859773964001675
0.45124521072796936,0.9859773964001675
0.45128843758980747,0.9859773964001675
0.4513316727342403,0.9859773964001675
0.45137491616364855,0.9859773964001675
0.45141816788041395,0.9859773964001675
0.451461427886919,0.9859773964001675
0.4515046961855472,0.9859773964001675
0.451547972778683,0.9859773964001675
0.45159125766871167,0.9859773964001675
0.45163455085801935,0.9859773964001675
0.45167785234899327,0.9859773964001675
0.45172116214402147,0.9859773964001675
0.4517644802454929,0.9859773964001675
0.45180780665579745,0.9859773964001675
0.4518511413773259,0.9859773964001675
0.45189448441247004,0.9859773964001675
0.4519378357636224,0.9859773964001675
0.4519811954331766,0.9859773964001675
0.45202456342352715,0.9859773964001675
0.4520679397370694,0.9859773964001675
0.4521113243761996,0.9859773964001675
0.4521547173433151,0.9859773964001675
0.452198118640814,0.9859773964001675
0.4522415282710953,0.9859773964001675
0.4522849462365591,0.9859773964001675
0.45232837253960634,0.9859773964001675
0.45237180718263875,0.9859773964001675
0.45241525016805917,0.9859773964001675
0.4524587014982712,0.9859773964001675
0.4525021611756796,0.9859773964001675
0.4525456292026897,0.9859773964001675
0.4525891055817081,0.9859773964001675
0.4526325903151422,0.9859773964001675
0.4526760834054002,0.9859773964001675
0.4527195848548914,0.9859773964001675
0.45276309466602593,0.9859773964001675
0.45280661284121493,0.9859773964001675
0.45285013938287033,0.9859773964001675
0.4528936742934051,0.9859773964001675
0.45293721757523314,0.9859773964001675
0.45298076923076924,0.9859773964001675
0.4530243292624291,0.9859773964001675
0.45306789767262934,0.9859773964001675
0.45311147446378763,0.9859773964001675
0.4531550596383224,0.9859773964001675
0.4531986531986532,0.9859773964001675
0.4532422551472003,0.9859773964001675
0.45328586548638505,0.9859773964001675
0.45332948421862973,0.9859773964001675
0.45337311134635744,0.9859773964001675
0.4534167468719923,0.9859773964001675
0.45346039079795936,0.9859773964001675
0.45350404312668463,0.9859773964001675
0.45354770386059495,0.9859773964001675
0.4535913730021182,0.9859773964001675
0.4536350505536832,0.9859773964001675
0.45367873651771956,0.9859773964001675
0.453722430896658,0.9859773964001675
0.45376613369293006,0.9859773964001675
0.4538098449089683,0.9859773964001675
0.45385356454720616,0.9859773964001675
0.45389729261007805,0.9859773964001675
0.45394102910001927,0.9859773964001675
0.45398477401946613,0.9859773964001675
0.4540285273708558,0.9859773964001675
0.4540722891566265,0.9859773964001675
0.4541160593792173,0.9859773964001675
0.45420362514462015,0.9859773964001675
0.4542474206923151,0.9859773964001675
0.45429122468659594,0.9859773964001675
0.45433503712990647,0.9859773964001675
0.45437885802469136,0.9859773964001675
0.45442268737339636,0.9859773964001675
0.4544665251784681,0.9859773964001675
0.45451037144235407,0.9859773964001675
0.4545542261675029,0.9859773964001675
0.454598089356364,0.9859773964001675
0.45464196101138776,0.9859773964001675
0.4546858411350256,0.9859773964001675
0.45472972972972975,0.9859773964001675
0.45477362679795347,0.9859773964001675
0.454817532342151,0.9859773964001675
0.45486144636477743,0.9859773964001675
0.4549053688682889,0.9859773964001675
0.45494929985514243,0.9859773964001675
0.454993239327796,0.9859773964001675
0.45503718728870857,0.9859773964001675
0.45508114374034003,0.9859773964001675
0.4551251086851512,0.9859773964001675
0.45516908212560386,0.9859773964001675
0.4552130640641608,0.9859773964001675
0.4552570545032857,0.9859773964001675
0.45530105344544314,0.9859773964001675
0.4553450608930988,0.9859773964001675
0.4553890768487192,0.9859773964001675
0.4554331013147718,0.9859773964001675
0.4554771342937252,0.9859773964001675
0.45552117578804874,0.9859773964001675
0.45556522580021275,0.9859773964001675
0.4556092843326886,0.9859773964001675
0.45565335138794855,0.9859773964001675
0.4556974269684659,0.9859773964001675
0.45574151107671473,0.9859773964001675
0.4557856037151703,0.9859773964001675
0.45582970488630864,0.9859773964001675
0.45587381459260695,0.9859773964001675
0.45591793283654314,0.9859773964001675
0.4559620596205962,0.9859773964001675
0.45600619494724615,0.9859773964001675
0.4560503388189739,0.9859773964001675
0.4560944912382612,0.9859773964001675
0.45613865220759103,0.9859773964001675
0.4561828217294471,0.9859773964001675
0.45622699980631415,0.9859773964001675
0.456271186440678,0.9859773964001675
0.45631538163502516,0.9859773964001675
0.45635958539184346,0.9859773964001675
0.4564037977136214,0.9859773964001675
0.45644801860284856,0.9859773964001675
0.4564922480620155,0.9859773964001675
0.45653648609361375,0.9859773964001675
0.45658073270013566,0.9859773964001675
0.45662498788407485,0.9859773964001675
0.45666925164792554,0.9859773964001675
0.45671352399418325,0.9859773964001675
0.4567578049253442,0.9859773964001675
0.45680209444390574,0.9859773964001675
0.4568463925523662,0.9859773964001675
0.45689069925322473,0.9859773964001675
0.45693501454898156,0.9859773964001675
0.45697933844213795,0.9859773964001675
0.45702367093519597,0.9859773964001675
0.4570680120306588,0.9859773964001675
0.4571123617310305,0.9859773964001675
0.45715672003881613,0.9859773964001675
0.45720108695652173,0.9859773964001675
0.4572454624866544,0.9859773964001675
0.457289846631722,0.9859773964001675
0.45733423939423357,0.9859773964001675
0.45737864077669904,0.9859773964001675
0.45742305078162926,0.9859773964001675
0.4574674694115362,0.9859773964001675
0.4575118966689327,0.9859773964001675
0.45755633255633255,0.9859773964001675
0.45760077707625063,0.9859773964001675
0.4576452302312026,0.9859773964001675
0.4576896920237054,0.9859773964001675
0.45773416245627674,0.9859773964001675
0.4577786415314352,0.9859773964001675
0.45782312925170066,0.9859773964001675
0.45786762561959377,0.9859773964001675
0.4579121306376361,0.9859773964001675
0.45795664430835037,0.9859773964001675
0.45800116663426016,0.9859773964001675
0.45804569761789016,0.9859773964001675
0.45809023726176584,0.9859773964001675
0.45813478556841386,0.9859773964001675
0.4581793425403618,0.9859773964001675
0.45822390818013814,0.9859773964001675
0.45826848249027236,0.9859773964001675
0.4583130654732951,0.9859773964001675
0.4583576571317377,0.9859773964001675
0.45840225746813273,0.9859773964001675
0.45844686648501365,0.9859773964001675
0.45849148418491487,0.9859773964001675
0.4585361105703718,0.9859773964001675
0.458580745643921,0.9859773964001675
0.4586253894080997,0.9859773964001675
0.4586700418654464,0.9859773964001675
0.4587147030185005,0.9859773964001675
0.45875937286980234,0.9859773964001675
0.45880405142189323,0.9859773964001675
0.4588487386773157,0.9859773964001675
0.4588934346386129,0.9859773964001675
0.4589381393083293,0.9859773964001675
0.4589828526890101,0.9859773964001675
0.4590275747832018,0.9859773964001675
0.4590723055934516,0.9859773964001675
0.4591170451223078,0.9859773964001675
0.4591617933723197,0.9859773964001675
0.45920655034603763,0.9859773964001675
0.4592513160460129,0.9859773964001675
0.4592960904747977,0.9859773964001675
0.4592433697347894,0.9857681038091252
0.4592881521209166,0.9857681038091252
0.4593329432416618,0.9857681038091252
0.4593777430995806,0.9857681038091252
0.4594225516972298,0.9857681038091252
0.4594673690371671,0.9857681038091252
0.45951219512195124,0.9857681038091252
0.4595570299541419,0.9857681038091252
0.4596018735362998,0.9857681038091252
0.45964672587098665,0.9857681038091252
0.4596915869607652,0.9857681038091252
0.45973645680819913,0.9857681038091252
0.4597813354158532,0.9857681038091252
0.4598262227862931,0.9857681038091252
0.45987111892208554,0.9857681038091252
0.45991602382579827,0.9857681038091252
0.4597049916967862,0.9849309334449561
0.4597499023055881,0.9849309334449561
0.45979482169027847,0.9849309334449561
0.45983974985342974,0.9849309334449561
0.45988468679761557,0.9849309334449561
0.45992963252541047,0.9849309334449561
0.4599745870393901,0.9849309334449561
0.460019550342131,0.9849309334449561
0.45996676116922475,0.9847216408539138
0.4600117324990223,0.9847216408539138
0.4600567126234477,0.9847216408539138
0.4601017015450812,0.9847216408539138
0.46014669926650364,0.9847216408539138
0.46019170579029733,0.9847216408539138
0.4602367211190453,0.9847216408539138
0.46028174525533166,0.9847216408539138
0.4603267782017415,0.9847216408539138
0.4603718199608611,0.9847216408539138
0.4604168705352774,0.9847216408539138
0.4604619299275788,0.9847216408539138
0.46025063638143726,0.9838844704897447
0.4602957015568393,0.9838844704897447
0.4603407755581669,0.9838844704897447
0.46038585838801294,0.9838844704897447
0.4604309500489716,0.9838844704897447
0.460476050543638,0.9838844704897447
0.4605211598746082,0.9838844704897447
0.4605662780444793,0.9838844704897447
0.4606114050558495,0.9838844704897447
0.46065654091131797,0.9838844704897447
0.4607016856134849,0.9838844704897447
0.46074683916495146,0.9838844704897447
0.46079200156831995,0.9838844704897447
0.4608371728261935,0.9838844704897447
0.46088235294117647,0.9838844704897447
0.4609275419158741,0.9838844704897447
0.4609727397528927,0.9838844704897447
0.4610179464548397,0.9838844704897447
0.46106316202432324,0.9838844704897447
0.4611083864639529,0.9838844704897447
0.461153619776339,0.9838844704897447
0.461198861964093,0.9838844704897447
0.4612441130298273,0.9838844704897447
0.4612893729761554,0.9838844704897447
0.46133464180569184,0.9838844704897447
0.4613799195210521,0.9838844704897447
0.46142520612485277,0.9838844704897447
0.46147050161971137,0.9838844704897447
0.4615158060082466,0.9838844704897447
0.4615611192930781,0.9838844704897447
0.4616064414768264,0.9838844704897447
0.4616517725621133,0.9838844704897447
0.4616971125515616,0.9838844704897447
0.4617424614477949,0.9838844704897447
0.4617878192534381,0.9838844704897447
0.461833185971117,0.9838844704897447
0.4618785616034584,0.9838844704897447
0.4619239461530903,0.9838844704897447
0.4618181818181818,0.9834658853076601
0.4618635738156084,0.9834658853076601
0.46190897473704906,0.9834658853076601
0.46195438458513566,0.9834658853076601
0.46199980336250124,0.9834658853076601
0.46204523107177975,0.9834658853076601
0.46213611329661686,0.9834658853076601
0.4621815678174486,0.9834658853076601
0.4622270312807397,0.9834658853076601
0.46227250368912937,0.9834658853076601
0.4623179850452578,0.9834658853076601
0.4623634753517662,0.9834658853076601
0.462408974611297,0.9834658853076601
0.46245448282649343,0.9834658853076601
0.4625,0.9834658853076601
0.4624470912491387,0.9832565927166178
0.46249261665682223,0.9832565927166178
0.4625381510288471,0.9832565927166178
0.46258369436786134,0.9832565927166178
0.462629246676514,0.9832565927166178
0.4626748079574552,0.9832565927166178
0.46272037821333595,0.9832565927166178
0.4627659574468085,0.9832565927166178
0.46281154566052607,0.9832565927166178
0.46285714285714286,0.9832565927166178
0.4629027490393142,0.9832565927166178
0.4629483642096965,0.9832565927166178
0.4629939883709471,0.9832565927166178
0.4630396215257244,0.9832565927166178
0.463085263676688,0.9832565927166178
0.46313091482649843,0.9832565927166178
0.46286616037084527,0.9822101297614064
0.4629118169264155,0.9822101297614064
0.46295748248988855,0.9822101297614064
0.4630031570639305,0.9822101297614064
0.46304884065120866,0.9822101297614064
0.46309453325439115,0.9822101297614064
0.46314023487614725,0.9822101297614064
0.46318594551914727,0.9822101297614064
0.46323166518606257,0.9822101297614064
0.4632773938795656,0.9822101297614064
0.46332313160232996,0.9822101297614064
0.46336887835703,0.9822101297614064
0.4634146341463415,0.9822101297614064
0.46346039897294095,0.9822101297614064
0.4635061728395062,0.9822101297614064
0.46355195574871594,0.9822101297614064
0.46349896275807567,0.9820008371703641
0.46339294536113035,0.9815822519882796
0.4634387351778656,0.9815822519882796
0.4634845340448661,0.9815822519882796
0.4635303419648152,0.9815822519882796
0.46357615894039733,0.9815822519882796
0.46362198497429813,0.9815822519882796
0.46366782006920415,0.9815822519882796
0.463713664227803,0.9815822519882796
0.46375951745278354,0.9815822519882796
0.46380537974683544,0.9815822519882796
0.4638512511126496,0.9815822519882796
0.4638971315529179,0.9815822519882796
0.46394302107033336,0.9815822519882796
0.46398891966759004,0.9815822519882796
0.464034827347383,0.9815822519882796
0.46408074411240846,0.9815822519882796
0.46412666996536367,0.9815822519882796
0.46417260490894696,0.9815822519882796
0.4642185489458577,0.9815822519882796
0.46426450207879627,0.9815822519882796
0.4643104643104643,0.9815822519882796
0.4643564356435644,0.9815822519882796
0.4644024160808001,0.9815822519882796
0.4644484056248762,0.9815822519882796
0.4644944042784986,0.9815822519882796
0.464540412044374,0.9815822519882796
0.4645864289252105,0.9815822519882796
0.4646324549237171,0.9815822519882796
0.4646784900426038,0.9815822519882796
0.4647245342845818,0.9815822519882796
0.4647705876523635,0.9815822519882796
0.464816650148662,0.9815822519882796
0.46486272177619187,0.9815822519882796
0.46490880253766853,0.9815822519882796
0.46495489243580845,0.9815822519882796
0.46500099147332935,0.9815822519882796
0.46504709965294994,0.9815822519882796
0.4650932169773899,0.9815822519882796
0.46513934344937025,0.9815822519882796
0.4651854790716128,0.9815822519882796
0.4652316238468406,0.9815822519882796
0.4652777777777778,0.9815822519882796
0.4653239408671495,0.9815822519882796
0.46537011311768206,0.9815822519882796
0.4654162945321028,0.9815822519882796
0.46546248511314015,0.9815822519882796
0.4655086848635236,0.9815822519882796
0.46555489378598375,0.9815822519882796
0.46560111188325226,0.9815822519882796
0.46564733915806195,0.9815822519882796
0.46559428060768543,0.9813729593972373
0.4656405163853029,0.9813729593972373
0.4656867613467077,0.9813729593972373
0.46573301549463647,0.9813729593972373
0.46577927883182674,0.9813729593972373
0.4658255513610173,0.9813729593972373
0.46587183308494784,0.9813729593972373
0.4659181240063593,0.9813729593972373
0.46596442412799366,0.9813729593972373
0.4660107334525939,0.9813729593972373
0.46605705198290426,0.9813729593972373
0.46610337972167,0.9813729593972373
0.46614971667163735,0.9813729593972373
0.4661960628355538,0.9813729593972373
0.46624241821616785,0.9813729593972373
0.4662887828162291,0.9813729593972373
0.4663351566384883,0.9813729593972373
0.46638153968569723,0.9813729593972373
0.4664279319606088,0.9813729593972373
0.46652074420455675,0.9813729593972373
0.4665671641791045,0.9813729593972373
0.46661359339237735,0.9813729593972373
0.4666600318471338,0.9813729593972373
0.4667064795461332,0.9813729593972373
0.4667529364921362,0.9813729593972373
0.46679940268790443,0.9813729593972373
0.4668458781362007,0.9813729593972373
0.4668923628397889,0.9813729593972373
0.466938856801434,0.9813729593972373
0.466985360023902,0.9813729593972373
0.46703187250996014,0.9813729593972373
0.46707839426237674,0.9813729593972373
0.4671249252839211,0.9813729593972373
0.4671714655773638,0.9813729593972373
0.4672180151454763,0.9813729593972373
0.4672645739910314,0.9813729593972373
0.46731114211680286,0.9813729593972373
0.46735771952556565,0.9813729593972373
0.4674043062200957,0.9813729593972373
0.46745090220317015,0.9813729593972373
0.4674975074775673,0.9813729593972373
0.46754412204606643,0.9813729593972373
0.46759074591144795,0.9813729593972373
0.46763737907649344,0.9813729593972373
0.46768402154398564,0.9813729593972373
0.46773067331670826,0.9813729593972373
0.4677773343974461,0.9813729593972373
0.46782400478898534,0.9813729593972373
0.46787068449411295,0.9813729593972373
0.4679173735156172,0.9813729593972373
0.4679640718562874,0.9813729593972373
0.46801077951891407,0.9813729593972373
0.4680574965062887,0.9813729593972373
0.46810422282120395,0.9813729593972373
0.46815095846645366,0.9813729593972373
0.46819770344483275,0.9813729593972373
0.4682444577591372,0.9813729593972373
0.46829122141216417,0.9813729593972373
0.4683379944067119,0.9813729593972373
0.4683847767455799,0.9813729593972373
0.4684315684315684,0.9813729593972373
0.4684783694674793,0.9813729593972373
0.4685251798561151,0.9813729593972373
0.4685719996002798,0.9813729593972373
0.4686188287027783,0.9813729593972373
0.4686656671664168,0.9813729593972373
0.4687125149940024,0.9813729593972373
0.4687593721883435,0.9813729593972373
0.4686,0.9807450816241106
0.46864686468646866,0.9807450816241106
0.46869373874774956,0.9807450816241106
0.468740622186656,0.9807450816241106
0.4687875150060024,0.9807450816241106
0.4688344172086043,0.9807450816241106
0.46888132879727834,0.9807450816241106
0.4689282497748424,0.9807450816241106
0.46897518014411527,0.9807450816241106
0.46902211990791715,0.9807450816241106
0.4690690690690691,0.9807450816241106
0.46916299559471364,0.9807450816241106
0.46920997296485434,0.9807450816241106
0.4692569597436411,0.9807450816241106
0.46930395593390084,0.9807450816241106
0.46935096153846156,0.9807450816241106
0.46939797656015225,0.9807450816241106
0.46944500100180325,0.9807450816241106
0.46949203486624586,0.9807450816241106
0.46953907815631263,0.9807450816241106
0.46958613087483714,0.9807450816241106
0.4696331930246542,0.9807450816241106
0.4696802646085998,0.9807450816241106
0.46972734562951085,0.9807450816241106
0.46977443609022557,0.9807450816241106
0.46982153599358334,0.9807450816241106
0.46986864534242456,0.9807450816241106
0.46991576413959085,0.9807450816241106
0.469962892387925,0.9807450816241106
0.4700100300902708,0.9807450816241106
0.4700571772494734,0.9807450816241106
0.4701043338683788,0.9807450816241106
0.47015149994983446,0.9807450816241106
0.47019867549668876,0.9807450816241106
0.4702458605117913,0.9807450816241106
0.4702930549979928,0.9807450816241106
0.47034025895814513,0.9807450816241106
0.47038747239510137,0.9807450816241106
0.47043469531171567,0.9807450816241106
0.47048192771084335,0.9807450816241106
0.4705291695953409,0.9807450816241106
0.4705764209680659,0.9807450816241106
0.4706236818318771,0.9807450816241106
0.47057051024507834,0.9805357890330683
0.47061778001004523,0.9805357890330683
0.47066505927265423,0.9805357890330683
0.4706118758163368,0.980326496442026
0.47065916398713825,0.980326496442026
0.4707064616621445,0.980326496442026
0.4707537688442211,0.980326496442026
0.4708010855362348,0.980326496442026
0.47084841174105346,0.980326496442026
0.4708957474615462,0.980326496442026
0.47094309270058315,0.980326496442026
0.4709904474610357,0.980326496442026
0.47103781174577636,0.980326496442026
0.47108518555767875,0.980326496442026
0.4711325688996178,0.980326496442026
0.47117996177446936,0.980326496442026
0.4712273641851107,0.980326496442026
0.47127477613442,0.980326496442026
0.4713221976252767,0.980326496442026
0.47136962866056153,0.980326496442026
0.47131642512077293,0.9801172038509837
0.4713638651233015,0.9801172038509837
0.4714113146768673,0.9801172038509837
0.4714587737843552,0.9801172038509837
0.47140555779299237,0.9799079112599414
0.4714530258785621,0.9799079112599414
0.4715005035246727,0.9799079112599414
0.4715479907342129,0.9799079112599414
0.4715954875100725,0.9799079112599414
0.4716429938551425,0.9799079112599414
0.47169050977231514,0.9799079112599414
0.4717380352644836,0.9799079112599414
0.47178557033454255,0.9799079112599414
0.4718331149853875,0.9799079112599414
0.47188066921991534,0.9799079112599414
0.4719282330410241,0.9799079112599414
0.4719758064516129,0.9799079112599414
0.4720233894545821,0.9799079112599414
0.4720709820528332,0.9799079112599414
0.47211858424926895,0.9799079112599414
0.47216619604679305,0.9799079112599414
0.47221381744831065,0.9799079112599414
0.47226144845672785,0.9799079112599414
0.47230908907495206,0.9799079112599414
0.47235673930589184,0.9799079112599414
0.47240439915245686,0.9799079112599414
0.472452068617558,0.9799079112599414
0.47223904704219666,0.9790707408957723
0.4722867238768299,0.9790707408957723
0.4723344103392569,0.9790707408957723
0.4723821064323942,0.9790707408957723
0.47242981215915975,0.9790707408957723
0.47247752752247246,0.9790707408957723
0.47231763992725806,0.9784428631226455
0.4723653632413863,0.9784428631226455
0.47241309620048505,0.9784428631226455
0.4724608388074785,0.9784428631226455
0.4725085910652921,0.9784428631226455
0.47255635297685233,0.9784428631226455
0.47260412454508693,0.9784428631226455
0.4726519057729249,0.9784428631226455
0.47269969666329625,0.9784428631226455
0.4727474972191324,0.9784428631226455
0.47269417475728154,0.9782335705316032
0.4727419844239911,0.9782335705316032
0.47278980376289703,0.9782335705316032
0.47283763277693475,0.9782335705316032
0.47288547146904086,0.9782335705316032
0.4728321359910958,0.9780242779405609
0.4728799838089456,0.9780242779405609
0.47292784131160814,0.9780242779405609
0.4729757085020243,0.9780242779405609
0.47302358538313594,0.9780242779405609
0.47307147195788624,0.9780242779405609
0.4731193682292194,0.9780242779405609
0.473167274200081,0.9780242779405609
0.4732151898734177,0.9780242779405609
0.47326311525217746,0.9780242779405609
0.4733110503393092,0.9780242779405609
0.47335899513776336,0.9780242779405609
0.47340694965049135,0.9780242779405609
0.4734549138804458,0.9780242779405609
0.4735028878305806,0.9780242779405609
0.47355087150385083,0.9780242779405609
0.47359886490321274,0.9780242779405609
0.47364686803162376,0.9780242779405609
0.4736948808920426,0.9780242779405609
0.47374290348742903,0.9780242779405609
0.4737909358207442,0.9780242779405609
0.47383897789495033,0.9780242779405609
0.47388702971301083,0.9780242779405609
0.47393509127789046,0.9780242779405609
0.473983162592555,0.9780242779405609
0.47407933448310846,0.9780242779405609
0.47412743506493504,0.9780242779405609
0.4741755454084221,0.9780242779405609
0.4742236655165415,0.9780242779405609
0.4742717953922663,0.9780242779405609
0.47431993503857084,0.9780242779405609
0.4743680844584306,0.9780242779405609
0.4744162436548223,0.9780242779405609
0.4744644126307239,0.9780242779405609
0.47451259138911456,0.9780242779405609
0.4745607799329745,0.9780242779405609
0.4746089782652854,0.9780242779405609
0.47465718638903,0.9780242779405609
0.4747054043071922,0.9780242779405609
0.4747536320227573,0.9780242779405609
0.4748018695387116,0.9780242779405609
0.4748501168580429,0.9780242779405609
0.47489837398373985,0.9780242779405609
0.4749466409187926,0.9780242779405609
0.47499491766619234,0.9780242779405609
0.4750432042289316,0.9780242779405609
0.47509150061000405,0.9780242779405609
0.4751398068124047,0.9780242779405609
0.47518812283912953,0.9780242779405609
0.47523644869317605,0.9780242779405609
0.47528478437754274,0.9780242779405609
0.47533312989522936,0.9780242779405609
0.475381485249237,0.9780242779405609
0.4754298504425679,0.9780242779405609
0.4754782254782255,0.9780242779405609
0.4755266103592144,0.9780242779405609
0.4755750050885406,0.9780242779405609
0.4756234096692112,0.9780242779405609
0.4755700325732899,0.9778149853495186
0.475618446503105,0.9778149853495186
0.47566687029118304,0.9778149853495186
0.47571530394053557,0.9778149853495186
0.47576374745417516,0.9778149853495186
0.4758122008351156,0.9778149853495186
0.47586066408637195,0.9778149853495186
0.47590913721096056,0.9778149853495186
0.4759576202118989,0.9778149853495186
0.4760061130922058,0.9778149853495186
0.47605461585490116,0.9778149853495186
0.47610312850300623,0.9778149853495186
0.47615165103954343,0.9778149853495186
0.4760982570584038,0.9776056927584763
0.4761467889908257,0.9776056927584763
0.47619533081863596,0.9776056927584763
0.4760885082084226,0.9771871075763918
0.476137058943504,0.9771871075763918
0.476185619581846,0.9771871075763918
0.476234190126479,0.9771871075763918
0.47628277058043456,0.9771871075763918
0.47633136094674555,0.9771871075763918
0.47637996122844606,0.9771871075763918
0.4764285714285714,0.9771871075763918
0.47647719155015816,0.9771871075763918
0.4765258215962441,0.9771871075763918
0.4765744615698683,0.9771871075763918
0.47662311147407105,0.9771871075763918
0.4766717713118938,0.9771871075763918
0.4767204410863794,0.9771871075763918
0.4767691208005718,0.9771871075763918
0.47671568627450983,0.9769778149853495
0.4767643754468389,0.9769778149853495
0.47681307456588357,0.9769778149853495
0.476861783634692,0.9769778149853495
0.47691050265631385,0.9769778149853495
0.47695923163379994,0.9769778149853495
0.47700797057020233,0.9769778149853495
0.47690106295993456,0.9765592298032649
0.47694981089645305,0.9765592298032649
0.47699856879983643,0.9765592298032649
0.4770473366731418,0.9765592298032649
0.4770961145194274,0.9765592298032649
0.4771449023417527,0.9765592298032649
0.4771937001431786,0.9765592298032649
0.4772425079267669,0.9765592298032649
0.477291325695581,0.9765592298032649
0.47734015345268543,0.9765592298032649
0.4772866789441375,0.9763499372122227
0.47707267144319343,0.9755127668480535
0.4771215068072474,0.9755127668480535
0.4771703521703522,0.9755127668480535
0.477219207535579,0.9755127668480535
0.47726807290600043,0.9755127668480535
0.47731694828469023,0.9755127668480535
0.47736583367472346,0.9755127668480535
0.47720520438479663,0.9748848890749268
0.47725409836065574,0.9748848890749268
0.47730300235679884,0.9748848890749268
0.47735191637630664,0.9748848890749268
0.47744977449774495,0.9748848890749268
0.4773962070732957,0.9746755964838845
0.47744515070740207,0.9746755964838845
0.47749410437814005,0.9746755964838845
0.4775430680885972,0.9746755964838845
0.4774894882576146,0.9744663038928422
0.4775384615384615,0.9744663038928422
0.47758744486614013,0.9744663038928422
0.4776364382437423,0.9744663038928422
0.47768544167436133,0.9744663038928422
0.47773445516109175,0.9744663038928422
0.47778347870702925,0.9744663038928422
0.47783251231527096,0.9744663038928422
0.47788155598891513,0.9744663038928422
0.4779306097310614,0.9744663038928422
0.4779796735448106,0.9744663038928422
0.4780287474332649,0.9744663038928422
0.4780778313995277,0.9744663038928422
0.47812692544670365,0.9744663038928422
0.47817602957789873,0.9744663038928422
0.4782251437962202,0.9744663038928422
0.4782742681047766,0.9744663038928422
0.4783234025066776,0.9744663038928422
0.4783725470050344,0.9744663038928422
0.4784217016029593,0.9744663038928422
0.47847086630356594,0.9744663038928422
0.47852004110996915,0.9744663038928422
0.47856922602528523,0.9744663038928422
0.4784083898827884,0.9738384261197154
0.47835475578406167,0.9736291335286731
0.4784039489921843,0.9736291335286731
0.478453152319243,0.9736291335286731
0.4785023657683604,0.9736291335286731
0.47855158934266023,0.9736291335286731
0.47860082304526746,0.9736291335286731
0.47865006687930856,0.9736291335286731
0.4786993208479111,0.9736291335286731
0.47874858495420397,0.9736291335286731
0.4787978592013174,0.9736291335286731
0.4788471435923829,0.9736291335286731
0.47889643813053323,0.9736291335286731
0.4789457428189025,0.9736291335286731
0.47899505766062606,0.9736291335286731
0.4790443826588405,0.9736291335286731
0.4790937178166838,0.9736291335286731
0.47914306313729527,0.9736291335286731
0.4791924186238154,0.9736291335286731
0.479241784279386,0.9736291335286731
0.4792911601071502,0.9736291335286731
0.47934054611025245,0.9736291335286731
0.4793899422918384,0.9736291335286731
0.47943934865505516,0.9736291335286731
0.4792783505154639,0.9730012557555463
0.4792246623363233,0.972791963164504
0.47927407712930503,0.972791963164504
0.4793235021140559,0.972791963164504
0.4793729372937294,0.972791963164504
0.47942238267148013,0.972791963164504
0.4794718382504642,0.972791963164504
0.47952130403383886,0.972791963164504
0.47957078002476267,0.972791963164504
0.47962026622639564,0.972791963164504
0.47966976264189887,0.972791963164504
0.4797192692744349,0.972791963164504
0.4797687861271676,0.972791963164504
0.4798183132032621,0.972791963164504
0.47986785050588476,0.972791963164504
0.4799173980382034,0.972791963164504
0.47996695580338705,0.972791963164504
0.480016523804606,0.972791963164504
0.48006610204503203,0.972791963164504
0.48011569052783803,0.972791963164504
0.48006198347107437,0.9725826705734617
0.48011158177497676,0.9725826705734617
0.4801611903285803,0.9725826705734617
0.48021080913506253,0.9725826705734617
0.48026043819760234,0.9725826705734617
0.4803100775193798,0.9725826705734617
0.4803597271035766,0.9725826705734617
0.4804093869533754,0.9725826705734617
0.4804590570719603,0.9725826705734617
0.4805087374625168,0.9725826705734617
0.48055842812823163,0.9725826705734617
0.4806081290722929,0.9725826705734617
0.48065784029788994,0.9725826705734617
0.48060411709941037,0.9723733779824194
0.48065383819573765,0.9723733779824194
0.4804926006416227,0.9717455002092926
0.4805423307803767,0.9717455002092926
0.48059207121416003,0.9717455002092926
0.4806418219461698,0.9717455002092926
0.4806915829796045,0.9717455002092926
0.4807413543176641,0.9717455002092926
0.4807911359635498,0.9717455002092926
0.48084092792046396,0.9717455002092926
0.48089073019161055,0.9717455002092926
0.4809405427801947,0.9717455002092926
0.480990365689423,0.9717455002092926
0.4810401989225031,0.9717455002092926
0.4810900424826443,0.9717455002092926
0.481139896373057,0.9717455002092926
0.48118976059695306,0.9717455002092926
0.4812396351575456,0.9717455002092926
0.48128952005804915,0.9717455002092926
0.48133941530167945,0.9717455002092926
0.4813893208916537,0.9717455002092926
0.4814392368311904,0.9717455002092926
0.48148916312350926,0.9717455002092926
0.48153909977183157,0.9717455002092926
0.4816390041493776,0.9717455002092926
0.48168897188505033,0.9717455002092926
0.4817389499896244,0.9717455002092926
0.4817889384663277,0.9717455002092926
0.4818389373183894,0.9717455002092926
0.48188894654903996,0.9717455002092926
0.48193896616151133,0.9717455002092926
0.4819889961590366,0.9717455002092926
0.4820390365448505,0.9717455002092926
0.4821391484942887,0.9717455002092926
0.4821892200643888,0.9717455002092926
0.4822393020357291,0.9717455002092926
0.4821855198919705,0.9715362076182503
0.48223561188447955,0.9715362076182503
0.48228571428571426,0.9715362076182503
0.48223192019950123,0.971326915027208
0.4822820326301569,0.971326915027208
0.4823321554770318,0.971326915027208
0.48238228874337385,0.971326915027208
0.48243243243243245,0.971326915027208
0.4824825865474582,0.971326915027208
0.48253275109170307,0.971326915027208
0.4825829260684205,0.971326915027208
0.48263311148086524,0.971326915027208
0.4826833073322933,0.971326915027208
0.4827335136259621,0.971326915027208
0.48278373036513056,0.971326915027208
0.4828339575530587,0.971326915027208
0.4827801477473728,0.9711176224361657
0.48283038501560877,0.9711176224361657
0.4828806327401394,0.9711176224361657
0.48277297803684815,0.9706990372540812
0.48282323547782635,0.9706990372540812
0.48287350338365437,0.9706990372540812
0.482923781757601,0.9706990372540812
0.48297407060293657,0.9706990372540812
0.48302436992293274,0.9706990372540812
0.48307467972086243,0.9706990372540812
0.483125,0.9706990372540812
0.48317533076362124,0.9706990372540812
0.4832256720150031,0.9706990372540812
0.4832760237574242,0.9706990372540812
0.4833263859941642,0.9706990372540812
0.48337675872850444,0.9706990372540812
0.4834271419637273,0.9706990372540812
0.48347753570311686,0.9706990372540812
0.4835279399499583,0.9706990372540812
0.483474090292983,0.970489744663039
0.48342022940563084,0.9702804520719966
0.48347064344561475,0.9702804520719966
0.4835210680016688,0.9702804520719966
0.4835715030770836,0.9702804520719966
0.48362194867515124,0.9702804520719966
0.48367240479916535,0.9702804520719966
0.4837228714524207,0.9702804520719966
0.48377334863821353,0.9702804520719966
0.4838238363598414,0.9702804520719966
0.48387433462060325,0.9702804520719966
0.4839248434237996,0.9702804520719966
0.483975362772732,0.9702804520719966
0.4840258926707037,0.9702804520719966
0.4840764331210191,0.9702804520719966
0.48402255639097747,0.9700711594809543
0.4840731070496084,0.9700711594809543
0.48412366826822645,0.9700711594809543
0.48417424005014104,0.9700711594809543
0.48422482239866277,0.9700711594809543
0.48417093302685194,0.969861866889912
0.4842215256008359,0.969861866889912
0.4842721287490856,0.969861866889912
0.4843227424749164,0.969861866889912
0.4843733667816452,0.969861866889912
0.4844240016725904,0.969861866889912
0.48447464715107164,0.969861866889912
0.4845253032204099,0.969861866889912
0.48457596988392765,0.969861866889912
0.48462664714494874,0.969861866889912
0.48467733500679844,0.969861866889912
0.48472803347280335,0.969861866889912
0.48467412909300134,0.9696525742988699
0.48472483783218245,0.9696525742988699
0.48477555718321647,0.9696525742988699
0.48482628714943493,0.9696525742988699
0.4848770277341706,0.9696525742988699
0.4849277789407578,0.9696525742988699
0.48497854077253216,0.9696525742988699
0.4850293132328308,0.9696525742988699
0.48508009632499216,0.9696525742988699
0.48513089005235605,0.9696525742988699
0.4851816944182637,0.9696525742988699
0.48523250942605783,0.9696525742988699
0.48528333507908245,0.9696525742988699
0.485334171380683,0.9696525742988699
0.4853850183342064,0.9696525742988699
0.48543587594300086,0.9696525742988699
0.485486744210416,0.9696525742988699
0.485537623139803,0.9696525742988699
0.4855885127345142,0.9696525742988699
0.4856394129979036,0.9696525742988699
0.48569032393332634,0.9696525742988699
0.4857412455441392,0.9696525742988699
0.4857921778337003,0.9696525742988699
0.4858431208053691,0.9696525742988699
0.48589407446250654,0.9696525742988699
0.48594503880847495,0.9696525742988699
0.485996013846638,0.9696525742988699
0.4860469995803609,0.9696525742988699
0.4860979960130102,0.9696525742988699
0.48614900314795384,0.9696525742988699
0.48620002098856124,0.9696525742988699
0.4862510495382032,0.9696525742988699
0.48630208880025194,0.9696525742988699
0.48635313877808106,0.9696525742988699
0.48640419947506564,0.9696525742988699
0.4864552708945821,0.9696525742988699
0.4865063530400084,0.9696525742988699
0.4865574459147238,0.9696525742988699
0.486608549522109,0.9696525742988699
0.4865546218487395,0.9694432817078276
0.4866057358966278,0.9694432817078276
0.48665686068501784,0.9694432817078276
0.4867079962172954,0.9694432817078276
0.48675914249684743,0.9694432817078276
0.4868102995270625,0.9694432817078276
0.4868614673113307,0.9694432817078276
0.4869126458530432,0.9694432817078276
0.48696383515559294,0.9694432817078276
0.4870150352223741,0.9694432817078276
0.48706624605678234,0.9694432817078276
0.48711746766221475,0.9694432817078276
0.48716870004206986,0.9694432817078276
0.48721994319974754,0.9694432817078276
0.48727119713864925,0.9694432817078276
0.4873224618621778,0.9694432817078276
0.48726851851851855,0.9692339891167853
0.4873197937493423,0.9692339891167853
0.48737107977267946,0.9692339891167853
0.4874223765919377,0.9692339891167853
0.48747368421052634,0.9692339891167853
0.487525002631856,0.9692339891167853
0.4875763318593388,0.9692339891167853
0.48762767189638834,0.9692339891167853
0.48767902274641955,0.9692339891167853
0.4877303844128489,0.9692339891167853
0.48778175689909414,0.9692339891167853
0.48783314020857477,0.9692339891167853
0.48788453434471135,0.9692339891167853
0.48793593931092616,0.9692339891167853
0.4879873551106428,0.9692339891167853
0.4880387817472863,0.9692339891167853
0.4880902192242833,0.9692339891167853
0.48814166754506166,0.9692339891167853
0.4881931267130508,0.9692339891167853
0.4882445967316816,0.9692339891167853
0.4882960776043863,0.9692339891167853
0.4883475693345988,0.9692339891167853
0.48839907192575405,0.9692339891167853
0.48834511127518193,0.969024696525743
0.4883966244725738,0.969024696525743
0.4884481485388754,0.969024696525743
0.4884996834775269,0.969024696525743
0.4884457106679329,0.9688154039347007
0.4884972562262558,0.9688154039347007
0.48854881266490763,0.9688154039347007
0.48860037998733374,0.9688154039347007
0.4886519581969809,0.9688154039347007
0.4887035472972973,0.9688154039347007
0.48859556494192186,0.9683968187526162
0.48864716443130213,0.9683968187526162
0.4886987748204478,0.9683968187526162
0.4887503961128129,0.9683968187526162
0.48880202831185293,0.9683968187526162
0.4888536714210248,0.9683968187526162
0.488905325443787,0.9683968187526162
0.4889569903835993,0.9683968187526162
0.4890086662439231,0.9683968187526162
0.4890603530282211,0.9683968187526162
0.4891120507399577,0.9683968187526162
0.4891637593825986,0.9683968187526162
0.4892154789596109,0.9683968187526162
0.48926720947446334,0.9683968187526162
0.48931895093062605,0.9683968187526162
0.48942246668077005,0.9683968187526162
0.48947424098169895,0.9683968187526162
0.48952602623783326,0.9683968187526162
0.4895778224526505,0.9683968187526162
0.48962962962962964,0.9683968187526162
0.4897332768839966,0.9683968187526162
0.48978511696834975,0.9683968187526162
0.48973110311242857,0.9681875261615739
0.48978295394388566,0.9681875261615739
0.4898348157560356,0.9681875261615739
0.48988668855236683,0.9681875261615739
0.4899385723363694,0.9681875261615739
0.4899904671115348,0.9681875261615739
0.49004237288135594,0.9681875261615739
0.4899883462231169,0.9679782335705316
0.4900402627675355,0.9679782335705316
0.4900921903147187,0.9679782335705316
0.49003815175922,0.9677689409794893
0.4900900900900901,0.9677689409794893
0.49014203943184226,0.9677689409794893
0.4901939997879784,0.9677689409794893
0.4902459711620017,0.9677689409794893
0.490297953557417,0.9677689409794893
0.49034994697773066,0.9677689409794893
0.4904019514264503,0.9677689409794893
0.49045396690708526,0.9677689409794893
0.49050599342314627,0.9677689409794893
0.49055803097814554,0.9677689409794893
0.4906100795755968,0.9677689409794893
0.4906621392190153,0.9677689409794893
0.49071420991191766,0.9677689409794893
0.4907662916578221,0.9677689409794893
0.4908183844602484,0.9677689409794893
0.4908704883227176,0.9677689409794893
0.49092260324875253,0.9677689409794893
0.49097472924187724,0.9677689409794893
0.4910268663056175,0.9677689409794893
0.49107901444350044,0.9677689409794893
0.4911311736590547,0.9677689409794893
0.4911833439558105,0.9677689409794893
0.4912355253372995,0.9677689409794893
0.4912877178070548,0.9677689409794893
0.4913399213686112,0.9677689409794893
0.4913921360255048,0.9677689409794893
0.49144436178127326,0.9677689409794893
0.4914965986394558,0.9677689409794893
0.49144254278728605,0.9675596483884471
0.4914947905592175,0.9675596483884471
0.4915470494417863,0.9675596483884471
0.4915993194385368,0.9675596483884471
0.491651600553015,0.9675596483884471
0.49170389278876836,0.9675596483884471
0.4916498244867567,0.9673503557974048
0.4917021276595745,0.9673503557974048
0.4917544419619108,0.9673503557974048
0.4918067673973186,0.9673503557974048
0.4918591039693519,0.9673503557974048
0.49191145168156664,0.9673503557974048
0.49196381053752,0.9673503557974048
0.49201618054077073,0.9673503557974048
0.49206856169487917,0.9673503557974048
0.49212095400340716,0.9673503557974048
0.492173357469918,0.9673503557974048
0.4922257720979766,0.9673503557974048
0.49227819789114924,0.9673503557974048
0.4923306348530038,0.9673503557974048
0.4923830829871098,0.9673503557974048
0.49222080136402385,0.9667224780242779
0.49227326015133754,0.9667224780242779
0.49232573012150926,0.9667224780242779
0.4923782112781153,0.9667224780242779
0.49243070362473346,0.9667224780242779
0.492483207164943,0.9667224780242779
0.4925357219023246,0.9667224780242779
0.4925882478404607,0.9667224780242779
0.4926407849829352,0.9667224780242779
0.4926933333333333,0.9667224780242779
0.49263921484958395,0.9665131854332356
0.4924767900971081,0.9658853076601088
0.49252934898612594,0.9658853076601088
0.4925819190948874,0.9658853076601088
0.4926345004269855,0.9658853076601088
0.4926870929860147,0.9658853076601088
0.4927396967755712,0.9658853076601088
0.49279231179925254,0.9658853076601088
0.4927381460914139,0.9656760150690665
0.49279077218840117,0.9656760150690665
0.49284340952787864,0.9656760150690665
0.49289605811344944,0.9656760150690665
0.492948717948718,0.9656760150690665
0.4930013890372903,0.9656760150690665
0.4930540713827741,0.9656760150690665
0.4931067649887785,0.9656760150690665
0.49315946985891407,0.9656760150690665
0.4932121859967932,0.9656760150690665
0.4932649134060295,0.9656760150690665
0.4933176520902384,0.9656760150690665
0.4930466409927257,0.9646295521138551
0.49309939017866694,0.9646295521138551
0.49315215065268564,0.9646295521138551
0.4932049224184056,0.9646295521138551
0.4932577054794521,0.9646295521138551
0.493310499839452,0.9646295521138551
0.49336330550203383,0.9646295521138551
0.49341612247082756,0.9646295521138551
0.4934689507494647,0.9646295521138551
0.49352179034157834,0.9646295521138551
0.4935746412508032,0.9646295521138551
0.4936275034807754,0.9646295521138551
0.49368037703513284,0.9646295521138551
0.493626138189609,0.9644202595228129
0.4936790229269338,0.9644202595228129
0.49373191899710706,0.9644202595228129
0.49378482640377197,0.9644202595228129
0.4938377451505734,0.9644202595228129
0.49389067524115754,0.9644202595228129
0.49394361667917247,0.9644202595228129
0.4939965694682676,0.9644202595228129
0.4940495336120939,0.9644202595228129
0.4941025091143041,0.9644202595228129
0.493939718974579,0.9637923817496861
0.49399270542801976,0.9637923817496861
0.49404570325072417,0.9637923817496861
0.49409871244635195,0.9637923817496861
0.4939901266366173,0.9633737965676015
0.49404314693570894,0.9633737965676015
0.4940961786174324,0.9633737965676015
0.49414922168545355,0.9633737965676015
0.49420227614344,0.9633737965676015
0.4941479652099216,0.9631645039765593
0.49409364261168387,0.962955211385517
0.49414670819460854,0.962955211385517
0.4941997851772288,0.962955211385517
0.4942528735632184,0.962955211385517
0.4943059733562527,0.962955211385517
0.4943590845600086,0.962955211385517
0.49441220717816464,0.962955211385517
0.49446534121440083,0.962955211385517
0.49451848667239895,0.962955211385517
0.4945716435558422,0.962955211385517
0.4946248118684154,0.962955211385517
0.494677991613805,0.962955211385517
0.49473118279569894,0.962955211385517
0.49478438541778685,0.962955211385517
0.49483759948375994,0.962955211385517
0.49489082499731096,0.962955211385517
0.49494406196213425,0.962955211385517
0.4949973103819258,0.962955211385517
0.495050570260383,0.962955211385517
0.4951038416012052,0.962955211385517
0.495157124408093,0.962955211385517
0.4952104186847487,0.962955211385517
0.4953170416621811,0.962955211385517
0.49537037037037035,0.962955211385517
0.4954237105631528,0.962955211385517
0.49547706224423865,0.962955211385517
0.49553042541733977,0.962955211385517
0.49558380008616976,0.962955211385517
0.49542075207412994,0.9623273336123901
0.4954741379310345,0.9623273336123901
0.4955275352947516,0.9623273336123901
0.49558094416900195,0.9623273336123901
0.4956343645575078,0.9623273336123901
0.4956877964639931,0.9623273336123901
0.49574123989218327,0.9623273336123901
0.49579469484580546,0.9623273336123901
0.4956315392082839,0.9616994558392633
0.49568500539374327,0.9616994558392633
0.49573848311576224,0.9616994558392633
0.4957919723780751,0.9616994558392633
0.4957375633970001,0.961490163248221
0.4957910641053313,0.961490163248221
0.49584457636265517,0.961490163248221
0.4958981001727116,0.961490163248221
0.49595163553924215,0.961490163248221
0.49600518246599007,0.961490163248221
0.49605874095670016,0.961490163248221
0.49611231101511877,0.961490163248221
0.49616589264499406,0.961490163248221
0.49621948585007564,0.961490163248221
0.49627309063411473,0.961490163248221
0.4963267070008643,0.961490163248221
0.49638033495407885,0.961490163248221
0.4964339744975146,0.961490163248221
0.4964876256349292,0.961490163248221
0.49654128837008216,0.961490163248221
0.4965949627067344,0.961490163248221
0.49654054054054053,0.9612808706571787
0.4965942264028544,0.9612808706571787
0.49664792387543255,0.9612808706571787
0.49670163296204173,0.9612808706571787
0.49675535366645035,0.9612808706571787
0.49680908599242835,0.9612808706571787
0.4968628299437473,0.9612808706571787
0.49691658552418044,0.9612808706571787
0.49697035273750273,0.9612808706571787
0.49702413158749054,0.9612808706571787
0.49707792207792206,0.9612808706571787
0.4971317242125771,0.9612808706571787
0.49718553799523707,0.9612808706571787
0.49723936342968494,0.9612808706571787
0.4972932005197055,0.9612808706571787
0.497347049269085,0.9612808706571787
0.49740090968161144,0.9612808706571787
0.4974547817610744,0.9612808706571787
0.49750866551126516,0.9612808706571787
0.4975625609359766,0.9612808706571787
0.4976164680390032,0.9612808706571787
0.4976703868241413,0.9612808706571787
0.49772431729518857,0.9612808706571787
0.4976698818684296,0.9610715780661364
0.4977238239757208,0.9610715780661364
0.49777777777777776,0.9610715780661364
0.4978317432784042,0.9610715780661364
0.49788572048140517,0.9610715780661364
0.49793970939058774,0.9610715780661364
0.49799371000976034,0.9610715780661364
0.4980477223427332,0.9610715780661364
0.49810174639331817,0.9610715780661364
0.4981557821653287,0.9610715780661364
0.49820982966258004,0.9610715780661364
0.4982638888888889,0.9610715780661364
0.4983179598480738,0.9610715780661364
0.49837204254395484,0.9610715780661364
0.4984261369803539,0.9610715780661364
0.49848024316109424,0.9610715780661364
0.498425795244816,0.9608622854750942
0.4984799131378936,0.9608622854750942
0.4985340427842328,0.9608622854750942
0.4985881841876629,0.9608622854750942
0.4986423373520148,0.9608622854750942
0.498696502281121,0.9608622854750942
0.49875067897881586,0.9608622854750942
0.49880486744893526,0.9608622854750942
0.49869593566615955,0.9604437002930096
0.4987501358547984,0.9604437002930096
0.49880434782608696,0.9604437002930096
0.4988585715838678,0.9604437002930096
0.4989128071319852,0.9604437002930096
0.4989670544742851,0.9604437002930096
0.49902131361461505,0.9604437002930096
0.4990755845568244,0.9604437002930096
0.499129867304764,0.9604437002930096
0.49918416186228654,0.9604437002930096
0.4992384682332463,0.9604437002930096
0.49929278642149927,0.9604437002930096
0.4993471164309032,0.9604437002930096
0.49940145826531723,0.9604437002930096
0.4994558119286025,0.9604437002930096
0.4995101774246217,0.9604437002930096
0.49956455475723927,0.9604437002930096
0.4996189439303212,0.9604437002930096
0.4996733449477352,0.9604437002930096
0.49972775781335077,0.9604437002930096
0.499782182531039,0.9604437002930096
0.4998366191046727,0.9604437002930096
0.49989106753812634,0.9604437002930096
0.4999455278352762,0.9604437002930096
0.5,0.9604437002930096
0.4998910200523104,0.960025115110925
0.49994550408719346,0.960025115110925
0.5,0.960025115110925
0.4998364409551848,0.9593972373377982
0.49989094874591056,0.9593972373377982
0.4999454684262188,0.9593972373377982
0.5,0.9593972373377982
0.5000545434711465,0.9593972373377982
0.5001090988435523,0.9593972373377982
0.500163666121113,0.9593972373377982
0.500109122653863,0.959187944746756
0.5001637018443741,0.959187944746756
0.5001091464745688,0.9589786521557137
0.5001637375832333,0.9589786521557137
0.5002183406113537,0.9589786521557137
0.5002729555628344,0.9589786521557137
0.5003275824415812,0.9589786521557137
0.5001638448935009,0.9583507743825869
0.5002184837229626,0.9583507743825869
0.5002731344914236,0.9583507743825869
0.5003277972027972,0.9583507743825869
0.5003824718609988,0.9583507743825869
0.5004371584699454,0.9583507743825869
0.5004918570335556,0.9583507743825869
0.5004372540445999,0.9581414817915446
0.5004919645785504,0.9581414817915446
0.5005466870763176,0.9581414817915446
0.5006014215418262,0.9581414817915446
0.5006561679790026,0.9581414817915446
0.5007109263917752,0.9581414817915446
0.5007656967840735,0.9581414817915446
0.5008204791598293,0.9581414817915446
0.5008752735229759,0.9581414817915446
0.5009300798774483,0.9581414817915446
0.5008754650908295,0.9579321892005023
0.5009302834628434,0.9579321892005023
0.5009851138353766,0.9579321892005023
0.50103995621237,0.9579321892005023
0.5010948105977666,0.9579321892005023
0.5011496769955108,0.9579321892005023
0.5012045554095489,0.9579321892005023
0.5010952902519168,0.9575136040184178
0.5011501807426881,0.9575136040184178
0.501205083260298,0.9575136040184178
0.501150432781856,0.9573043114273755
0.5010410958904109,0.9568857262452909
0.501096010521701,0.9568857262452909
0.5009319153601579,0.9562578484721641
0.5008771929824561,0.9560485558811218
0.5009870585654749,0.9560485558811218
0.5009323242294614,0.9558392632900795
0.500987275120667,0.9558392632900795
0.5010422380691169,0.9558392632900795
0.5010972130787799,0.9558392632900795
0.5011522001536267,0.9558392632900795
0.5010426956426298,0.955420678107995
0.5010976948408342,0.955420678107995
0.5010429245800856,0.9552113855169527
0.5010979358805446,0.9552113855169527
0.5011529592621061,0.9552113855169527
0.5012079947287503,0.9552113855169527
0.5012630422844591,0.9552113855169527
0.5013181019332161,0.9552113855169527
0.5013731736790069,0.9552113855169527
0.5014282575258185,0.9552113855169527
0.5014833534776398,0.9552113855169527
0.5015384615384615,0.9552113855169527
0.5015935817122761,0.9552113855169527
0.5016487140030776,0.9552113855169527
0.5017038584148621,0.9552113855169527
0.5017590149516271,0.9552113855169527
0.5018141836173722,0.9552113855169527
0.5018693644160985,0.9552113855169527
0.5019245573518091,0.9552113855169527
0.5019797624285086,0.9552113855169527
0.5019249807501925,0.9550020929259104
0.501980198019802,0.9550020929259104
0.5020354274397624,0.9550020929259104
0.5020906690140845,0.9550020929259104
0.5021459227467812,0.9550020929259104
0.5022011886418666,0.9550020929259104
0.5022564667033572,0.9550020929259104
0.502092050209205,0.9543742151527836
0.5021473406012553,0.9543742151527836
0.5022026431718062,0.9543742151527836
0.502147813635863,0.9541649225617413
0.5022031284423882,0.9541649225617413
0.5021482868789248,0.953955629970699
0.5020385674931129,0.9535370447886145
0.501873897707231,0.9529091670154877
0.501929225002756,0.9529091670154877
0.5019845644983462,0.9529091670154877
0.5020399161980372,0.9529091670154877
0.5020952801058668,0.9529091670154877
0.5020403661630087,0.9526998744244454
0.5020957423339951,0.9526998744244454
0.5019309279488028,0.9520719966513186
0.5017660044150111,0.9514441188781917
0.501821393089745,0.9514441188781917
0.5018767939942592,0.9514441188781917
0.5019322071326047,0.9514441188781917
0.5019876325088339,0.9514441188781917
0.5019326339039205,0.9512348262871494
0.5020435214845907,0.9512348262871494
0.5020989836500221,0.9512348262871494
0.5021544580709314,0.9512348262871494
0.5020444247983202,0.9508162411050649
0.5020999115826702,0.9508162411050649
0.5021554106333591,0.9508162411050649
0.5020453289110005,0.9503976559229803
0.5021008403361344,0.9503976559229803
0.5021563640384828,0.9503976559229803
0.502211900022119,0.9503976559229803
0.5022674482911182,0.9503976559229803
0.5023230088495575,0.9503976559229803
0.5023785817015156,0.9503976559229803
0.5024341668510732,0.9503976559229803
0.5023791081110989,0.950188363331938
0.5024347056219566,0.950188363331938
0.5024903154399557,0.950188363331938
0.5024352446313926,0.9499790707408958
0.5024908668216539,0.9499790707408958
0.5024357838795395,0.9497697781498535
0.5024914184475695,0.9497697781498535
0.502547065337763,0.9497697781498535
0.5026027245542142,0.9497697781498535
0.502658396101019,0.9497697781498535
0.5027140799822754,0.9497697781498535
0.5027697762020829,0.9497697781498535
0.5028254847645429,0.9497697781498535
0.5028812056737588,0.9497697781498535
0.5029369389338357,0.9497697781498535
0.5029926845488805,0.9497697781498535
0.5030484425230018,0.9497697781498535
0.5031042128603104,0.9497697781498535
0.5031599955649185,0.9497697781498535
0.5032157906409404,0.9497697781498535
0.503271598092492,0.9497697781498535
0.5033274179236912,0.9497697781498535
0.5033832501386578,0.9497697781498535
0.5034390947415132,0.9497697781498535
0.5032186459489456,0.9489326077856843
0.5031635031635031,0.9487233151946421
0.5031083481349912,0.9485140226035998
0.5031642056178528,0.9485140226035998
0.5032200755052187,0.9485140226035998
0.5032759578012216,0.9485140226035998
0.5032207907596624,0.9483047300125576
0.5032766855492613,0.9483047300125576
0.503332592757165,0.9483047300125576
0.5033885123875125,0.9483047300125576
0.5034444444444445,0.9483047300125576
0.5033892654739416,0.9480954374215153
0.5034452100466771,0.9480954374215153
0.5033900188951873,0.947886144830473
0.5033348154735438,0.9476768522394308
0.503390772651473,0.9476768522394308
0.5034467422726262,0.9476768522394308
0.5035027243411543,0.9476768522394308
0.50355871886121,0.9476768522394308
0.5036147258369481,0.9476768522394308
0.503670745272525,0.9476768522394308
0.5037267771720992,0.9476768522394308
0.5036715620827771,0.9474675596483885
0.503727606542784,0.9474675596483885
0.5036723792566214,0.9472582670573462
0.5037284362826934,0.9472582670573462
0.503673196794301,0.9470489744663039
0.5037292663920739,0.9470489744663039
0.5036187506959136,0.9466303892842194
0.5036748329621381,0.9466303892842194
0.5037309277202361,0.9466303892842194
0.5037870349743818,0.9466303892842194
0.5038431547287513,0.9466303892842194
0.5037878787878788,0.9464210966931771
0.5038440111420612,0.9464210966931771
0.5039001560062403,0.9464210966931771
0.5039563133845982,0.9464210966931771
0.5040124832813196,0.9464210966931771
0.5040686657005908,0.9464210966931771
0.5041810681235366,0.9464210966931771
0.5042372881355932,0.9464210966931771
0.5041267008699531,0.9460025115110925
0.5041829336307864,0.9460025115110925
0.5042391789379741,0.9460025115110925
0.5042954367957158,0.9460025115110925
0.5042401249721045,0.9457932189200502
0.5042963954915746,0.9457932189200502
0.5043526785714286,0.9457932189200502
0.5044089742158723,0.9457932189200502
0.5044652824291136,0.9457932189200502
0.5044099586915262,0.945583926329008
0.5044662795891023,0.945583926329008
0.5045226130653266,0.945583926329008
0.5045789591244136,0.945583926329008
0.5045236233664694,0.9453746337379657
0.504579982126899,0.9453746337379657
0.5046927374301676,0.9453746337379657
0.5047491339814505,0.9453746337379657
0.5048055431381314,0.9453746337379657
0.5048619649044372,0.9453746337379657
0.5048066174826739,0.9451653411469234
0.5048630519843488,0.9451653411469234
0.5049194991055456,0.9451653411469234
0.5049759588504976,0.9451653411469234
0.50503243122344,0.9451653411469234
0.5050889162286097,0.9451653411469234
0.5049781854793601,0.9447467559648388
0.5050346833743566,0.9447467559648388
0.5050911939129462,0.9447467559648388
0.5050358102059087,0.9445374633737965
0.5049804141018467,0.9443281707827543
0.5049250055965973,0.944118878191712
0.5049815291615358,0.944118878191712
0.505038065382893,0.944118878191712
0.50509461426492,0.944118878191712
0.5051511758118701,0.944118878191712
0.5052077500279987,0.944118878191712
0.5050968970538815,0.9437002930096274
0.5051534842034506,0.9437002930096274
0.5052100840336134,0.9437002930096274
0.5052666965486329,0.9437002930096274
0.5052112518211364,0.9434910004185851
0.5051003250756642,0.9430724152365006
0.5051569506726458,0.9430724152365006
0.505213588967373,0.9430724152365006
0.5052702399641175,0.9430724152365006
0.5053269036671526,0.9430724152365006
0.5053835800807537,0.9430724152365006
0.5054402692091979,0.9430724152365006
0.5054969710567646,0.9430724152365006
0.5055536856277347,0.9430724152365006
0.5056104129263914,0.9430724152365006
0.5056671529570194,0.9430724152365006
0.5057239057239057,0.9430724152365006
0.5057806712313391,0.9430724152365006
0.5058374494836102,0.9430724152365006
0.5058942404850117,0.9430724152365006
0.5059510442398383,0.9430724152365006
0.5058955642897248,0.9428631226454584
0.5058400718778078,0.942653830054416
0.5058968886892059,0.942653830054416
0.5059537182655583,0.942653830054416
0.5060105606111673,0.942653830054416
0.5060674157303371,0.942653830054416
0.5061242836273738,0.942653830054416
0.5058466381830448,0.9416073670992047
0.5057354925775979,0.9411887819171202
0.5057923743111011,0.9411887819171202
0.5058492688413948,0.9411887819171202
0.5059061761727979,0.9411887819171202
0.505963096309631,0.9411887819171202
0.5060200292562169,0.9411887819171202
0.5060769750168805,0.9411887819171202
0.5061339335959483,0.9411887819171202
0.5061909049977488,0.9411887819171202
0.506135314645953,0.9409794893260779
0.5061922990317496,0.9409794893260779
0.5062492962504223,0.9409794893260779
0.5063063063063064,0.9409794893260779
0.5063633292037392,0.9409794893260779
0.5064203649470601,0.9409794893260779
0.5064774135406106,0.9409794893260779
0.5065344749887337,0.9409794893260779
0.5065915492957747,0.9409794893260779
0.5064247069431921,0.940351611552951
0.506481794611656,0.940351611552951
0.5065388951521984,0.940351611552951
0.5065960085691735,0.940351611552951
0.5066531348669373,0.940351611552951
0.5067102740498477,0.940351611552951
0.5067674261222649,0.940351611552951
0.5068245910885505,0.940351611552951
0.5068817689530686,0.940351611552951
0.506938959720185,0.940351611552951
0.5069961633942677,0.940351611552951
0.5070533799796862,0.940351611552951
0.5071106094808127,0.940351611552951
0.5071678519020205,0.940351611552951
0.5072251072476857,0.940351611552951
0.5072823755221858,0.940351611552951
0.5073396567299007,0.940351611552951
0.5072840203274986,0.9401423189619087
0.5073413146600406,0.9401423189619087
0.5072856658759742,0.9399330263708665
0.5073429733393583,0.9399330263708665
0.5074002937521184,0.9399330263708665
0.5074576271186441,0.9399330263708665
0.507514973443327,0.9399330263708665
0.5074593128390597,0.9397237337798242
0.5073479538774588,0.9393051485977396
0.5074053137365744,0.9393051485977396
0.5074626865671642,0.9393051485977396
0.5075200723736288,0.9393051485977396
0.5073529411764706,0.9386772708246128
0.5074103405362598,0.9386772708246128
0.5074677528852681,0.9386772708246128
0.5075251782279054,0.9386772708246128
0.5075826165685831,0.9386772708246128
0.5076400679117148,0.9386772708246128
0.5076975322617161,0.9386772708246128
0.5077550096230047,0.9386772708246128
0.5078125,0.9386772708246128
0.5078700033971237,0.9386772708246128
0.5079275198187996,0.9386772708246128
0.507985049269453,0.9386772708246128
0.5080425917535115,0.9386772708246128
0.508100147275405,0.9386772708246128
0.5081577158395649,0.9386772708246128
0.5082152974504249,0.9386772708246128
0.5082728921124207,0.9386772708246128
0.5083304998299898,0.9386772708246128
0.508388120607572,0.9386772708246128
0.5084457544496089,0.9386772708246128
0.5085034013605442,0.9386772708246128
0.5085610613448237,0.9386772708246128
0.5086764205512079,0.9386772708246128
0.5087341197822142,0.9386772708246128
0.5086783891094725,0.9384679782335705
0.5087361016564557,0.9384679782335705
0.5087938273005786,0.9384679782335705
0.5088515660463006,0.9384679782335705
0.508795823402565,0.9382586856425282
0.5087400681044267,0.9380493930514859
0.5087978204109433,0.9380493930514859
0.5088555858310627,0.9380493930514859
0.5089133643692517,0.9380493930514859
0.5089711560299796,0.9380493930514859
0.5088596092685143,0.9376308078694015
0.508917414517778,0.9376308078694015
0.5088616223585549,0.9374215152783592
0.5089194409726168,0.9374215152783592
0.5089772727272728,0.9374215152783592
0.509035117627003,0.9374215152783592
0.5090929756762901,0.9374215152783592
0.5091508468796181,0.9374215152783592
0.5092087312414734,0.9374215152783592
0.5091529277998863,0.9372122226873169
0.5092108255628838,0.9372122226873169
0.5092687364949392,0.9372122226873169
0.509326660600546,0.9372122226873169
0.5093845978841998,0.9372122226873169
0.5094425483503981,0.9372122226873169
0.5095005120036409,0.9372122226873169
0.5095584888484297,0.9372122226873169
0.5096164788892682,0.9372122226873169
0.5096744821306625,0.9372122226873169
0.5097324985771201,0.9372122226873169
0.5097905282331512,0.9372122226873169
0.5098485711032676,0.9372122226873169
0.5099066271919837,0.9372122226873169
0.509964696503815,0.9372122226873169
0.5100227790432802,0.9372122226873169
0.5099669666249004,0.9370029300962746
0.5100250626566416,0.9370029300962746
0.5100831719266264,0.9370029300962746
0.5098597971047533,0.9361657597321055
0.5099179206566348,0.9361657597321055
0.509976057462091,0.9361657597321055
0.5100342075256556,0.9361657597321055
0.5098106319872233,0.9353285893679364
0.5098687963491157,0.9353285893679364
0.5098128708352351,0.9351192967768941
0.5098710487276047,0.9351192967768941
0.5099292398995663,0.9351192967768941
0.5099874443556671,0.9351192967768941
0.5100456621004567,0.9351192967768941
0.5101038931384861,0.9351192967768941
0.5101621374743092,0.9351192967768941
0.5102203951124814,0.9351192967768941
0.510164458656921,0.9349100041858518
0.5102227298686465,0.9349100041858518
0.5102810143934201,0.9349100041858518
0.5103393122358049,0.9349100041858518
0.5103976234003657,0.9349100041858518
0.5104559478916695,0.9349100041858518
0.5105142857142857,0.9349100041858518
0.5104583380957823,0.9347007115948095
0.5105166895290352,0.9347007115948095
0.5105750543043329,0.9347007115948095
0.510633432426252,0.9347007115948095
0.5106918238993711,0.9347007115948095
0.5107502287282708,0.9347007115948095
0.510808646917534,0.9347007115948095
0.5108670784717456,0.9347007115948095
0.5109255233954925,0.9347007115948095
0.5109839816933639,0.9347007115948095
0.5110424533699508,0.9347007115948095
0.5111009384298466,0.9347007115948095
0.5111594368776468,0.9347007115948095
0.5112179487179487,0.9347007115948095
0.511276473955352,0.9347007115948095
0.5113350125944585,0.9347007115948095
0.5113935646398717,0.9347007115948095
0.5113376087952359,0.9344914190037673
0.5112816401328599,0.934282126412725
0.511340206185567,0.934282126412725
0.5113987856570054,0.934282126412725
0.5112868110461786,0.9338635412306404
0.5113454045381618,0.9338635412306404
0.5112333791838606,0.9334449560485559
0.5112919867018227,0.9334449560485559
0.5113506076587938,0.9334449560485559
0.5114092420593969,0.9334449560485559
0.5114678899082569,0.9334449560485559
0.5115265512100011,0.9334449560485559
0.511585225969259,0.9334449560485559
0.5116439141906619,0.9334449560485559
0.5117026158788435,0.9334449560485559
0.5117613310384395,0.9334449560485559
0.5118200596740877,0.9334449560485559
0.5118788017904281,0.9334449560485559
0.5119375573921029,0.9334449560485559
0.5119963264837561,0.9334449560485559
0.5120551090700345,0.9334449560485559
0.5121139051555862,0.9334449560485559
0.512172714745062,0.9334449560485559
0.5122315378431147,0.9334449560485559
0.5122903744543993,0.9334449560485559
0.5122343480758185,0.9332356634575136
0.5122931985294118,0.9332356634575136
0.5123520625071815,0.9332356634575136
0.51241094001379,0.9332356634575136
0.5124698310539019,0.9332356634575136
0.5125287356321839,0.9332356634575136
0.5124166475051736,0.932817078275429
0.5124755662872255,0.932817078275429
0.5125344986200552,0.932817078275429
0.512310170271514,0.93197990791126
0.5123691174778506,0.93197990791126
0.512428078250863,0.93197990791126
0.5124870525952353,0.93197990791126
0.5125460405156538,0.93197990791126
0.5126050420168067,0.93197990791126
0.5126640571033848,0.93197990791126
0.5127230857800806,0.93197990791126
0.5126108487849822,0.9315613227291754
0.5124985600737242,0.9311427375470909
0.5125576036866359,0.9311427375470909
0.5126166609056343,0.9311427375470909
0.5126757317354229,0.9311427375470909
0.5127348161807076,0.9311427375470909
0.5127939142461964,0.9311427375470909
0.5127377521613833,0.9309334449560486
0.5127968641918377,0.9309334449560486
0.5128559898535685,0.9309334449560486
0.5129151291512916,0.9309334449560486
0.5129742820897244,0.9309334449560486
0.5129181084198385,0.9307241523650063
0.5129772753489446,0.9307241523650063
0.5130364559298569,0.9307241523650063
0.5130956501673013,0.9307241523650063
0.513154858066005,0.9307241523650063
0.5132140796306982,0.9307241523650063
0.5131578947368421,0.930514859773964
0.513217130324368,0.930514859773964
0.5132763795890095,0.930514859773964
0.5132201824269714,0.9303055671829217
0.5132794457274826,0.9303055671829217
0.5132232359394849,0.9300962745918795
0.5131107774055678,0.9296776894097949
0.5130545286506469,0.9294683968187526
0.5131138070479492,0.9294683968187526
0.513173099144904,0.9294683968187526
0.5132324049462614,0.9294683968187526
0.513291724456773,0.9294683968187526
0.5131229043820095,0.9288405190456258
0.5131822386679001,0.9288405190456258
0.5132415866774603,0.9288405190456258
0.5133009484154523,0.9288405190456258
0.5133603238866397,0.9288405190456258
0.5134197130957889,0.9288405190456258
0.5134791160476686,0.9288405190456258
0.5135385327470493,0.9288405190456258
0.5135979631987039,0.9288405190456258
0.5136574074074074,0.9288405190456258
0.5137168653779373,0.9288405190456258
0.513776337115073,0.9288405190456258
0.5136637332098194,0.9284219338635412
0.5137232194557035,0.9284219338635412
0.5137827194811212,0.9284219338635412
0.5137263987026526,0.9282126412724989
0.5137859128822985,0.9282126412724989
0.5138454408527401,0.9282126412724989
0.5139049826187717,0.9282126412724989
0.5139645381851895,0.9282126412724989
0.5140241075567918,0.9282126412724989
0.5140836907383795,0.9282126412724989
0.5140273591467656,0.9280033486814567
0.5140869565217391,0.9280033486814567
0.5141465677179963,0.9280033486814567
0.5140902238200162,0.9277940560904144
0.5141498492229181,0.9277940560904144
0.5142691415313225,0.9277940560904144
0.5143288084464555,0.9277940560904144
0.5143884892086331,0.9277940560904144
0.5144481838226761,0.9277940560904144
0.5145078922934077,0.9277940560904144
0.5145676146256529,0.9277940560904144
0.5146273508242396,0.9277940560904144
0.5145146307477938,0.9273754709083298
0.514574381604924,0.9273754709083298
0.5146341463414634,0.9273754709083298
0.5146939249622489,0.9273754709083298
0.5146375464684015,0.9271661783172875
0.5146973393749273,0.9271661783172875
0.5147571461770858,0.9271661783172875
0.5148169668797211,0.9271661783172875
0.5147041729629199,0.926747593135203
0.5147640083701465,0.926747593135203
0.5146511627906977,0.9263290079531185
0.5147110129084778,0.9263290079531185
0.5144286711659297,0.9252825449979071
0.5143721633888049,0.9250732524068648
0.5144320297951583,0.9250732524068648
0.514491910138517,0.9250732524068648
0.5145518044237486,0.9250732524068648
0.5146117126557225,0.9250732524068648
0.5147315709793875,0.9250732524068648
0.5146750524109015,0.9248639598158225
0.5147350029120559,0.9248639598158225
0.5147949673811743,0.9248639598158225
0.5148549458231387,0.9248639598158225
0.5147418715767393,0.924445374633738
0.5148018648018649,0.924445374633738
0.5148618720130551,0.924445374633738
0.5149218932152017,0.924445374633738
0.5149819284131981,0.924445374633738
0.5150419776119403,0.924445374633738
0.5151020408163265,0.924445374633738
0.5151621180312573,0.924445374633738
0.5152222092616354,0.924445374633738
0.5152823145123658,0.924445374633738
0.5153424337883561,0.924445374633738
0.5152293149725755,0.9240267894516534
0.5152894491129785,0.9240267894516534
0.5153495972919342,0.9240267894516534
0.5154097595143591,0.9240267894516534
0.5154699357851722,0.9240267894516534
0.5153567674880299,0.9236082042695689
0.51541695865452,0.9236082042695689
0.515477163882724,0.9236082042695689
0.5155373831775701,0.9236082042695689
0.5154807804650076,0.9233989116785266
0.5155410142556672,0.9233989116785266
0.5156012621245764,0.9233989116785266
0.5155446470313231,0.9231896190874843
0.5154313771335048,0.9227710339053997
0.5154916403601075,0.9227710339053997
0.5155519176800748,0.9227710339053997
0.5154952637118466,0.9225617413143574
0.5155555555555555,0.9225617413143574
0.5156158615042695,0.9225617413143574
0.5154458226070676,0.9219338635412306
0.5155664794007491,0.9219338635412306
0.5156268289827929,0.9219338635412306
0.5156871926949192,0.9219338635412306
0.5157475705420911,0.9219338635412306
0.515807962529274,0.9219338635412306
0.5158683686614358,0.9219338635412306
0.5159287889435465,0.9219338635412306
0.5159892233805786,0.9219338635412306
0.5160496719775071,0.9219338635412306
0.5161101347393088,0.9219338635412306
0.5161706116709632,0.9219338635412306
0.5162311027774522,0.9219338635412306
0.51629160806376,0.9219338635412306
0.5162349079826515,0.9217245709501883
0.516295427901524,0.9217245709501883
0.5163559620119592,0.9217245709501883
0.5164165103189493,0.9217245709501883
0.5164770728274891,0.9217245709501883
0.5165376495425756,0.9217245709501883
0.5165982404692082,0.9217245709501883
0.5164848058195471,0.9213059857681039
0.5163713179204319,0.9208874005860193
0.5164319248826291,0.9208874005860193
0.5163183845973233,0.9204688154039347
0.5163790066924974,0.9204688154039347
0.5164396430248943,0.9204688154039347
0.5165002935995302,0.9204688154039347
0.5164435048155979,0.9202595228128925
0.5165041700927993,0.9202595228128925
0.5165648496240601,0.9202595228128925
0.5166255434144049,0.9202595228128925
0.5166862514688602,0.9202595228128925
0.5166294511693501,0.9200502302218502
0.5165158105089926,0.9196316450397656
0.516576534211145,0.9196316450397656
0.5166372721928277,0.9196316450397656
0.5166980244590781,0.9196316450397656
0.5167587910149359,0.9196316450397656
0.516701952481769,0.9194223524487233
0.516762733796024,0.9194223524487233
0.5168235294117647,0.9194223524487233
0.5167666784327568,0.9192130598576811
0.5167098140738997,0.9190037672666388
0.5167706249264447,0.9190037672666388
0.516831450094162,0.9190037672666388
0.516774573278399,0.9187944746755965
0.5168354132328703,0.9187944746755965
0.5168962675144236,0.9187944746755965
0.5169571361281206,0.9187944746755965
0.5170180190790249,0.9187944746755965
0.5170789163722026,0.9187944746755965
0.5171398280127223,0.9187944746755965
0.5170829406220546,0.9185851820845542
0.5171438670908448,0.9185851820845542
0.5172048079189253,0.9185851820845542
0.5170909948137671,0.9181665969024696
0.5171519509607451,0.9181665969024696
0.5172129214807828,0.9181665969024696
0.5171559957552175,0.9179573043114274
0.5172169811320755,0.9179573043114274
0.5172779808939734,0.9179573043114274
0.5173389950460014,0.9179573043114274
0.5174000235932523,0.9179573043114274
0.5174610665408211,0.9179573043114274
0.5175221238938054,0.9179573043114274
0.5174651876327591,0.9177480117203851
0.5175262598843385,0.9177480117203851
0.5175873465533523,0.9177480117203851
0.5176484476449061,0.9177480117203851
0.5177095631641087,0.9177480117203851
0.517652615420947,0.9175387191293428
0.5177137458667926,0.9175387191293428
0.5176567851659384,0.9173294265383005
0.5177179305457122,0.9173294265383005
0.5177790903721204,0.9173294265383005
0.5178402646502835,0.9173294265383005
0.5177832919768404,0.9171201339472582
0.5178444812101158,0.9171201339472582
0.5179056849072213,0.9171201339472582
0.5179669030732861,0.9171201339472582
0.5180281357134413,0.9171201339472582
0.518089382832821,0.9171201339472582
0.5181506444365614,0.9171201339472582
0.5182119205298014,0.9171201339472582
0.5182732111176819,0.9171201339472582
0.5183345162053465,0.9171201339472582
0.5183958357979416,0.9171201339472582
0.5184571699006152,0.9171201339472582
0.5185185185185185,0.9171201339472582
0.5185798816568047,0.9171201339472582
0.5186412593206297,0.9171201339472582
0.5187026515151515,0.9171201339472582
0.518764058245531,0.9171201339472582
0.5185930838465183,0.9164922561741314
0.5186545066919341,0.9164922561741314
0.5187159440890784,0.9164922561741314
0.5187773960431229,0.9164922561741314
0.5188388625592417,0.9164922561741314
0.5189003436426117,0.9164922561741314
0.5186721991701245,0.9156550858099624
0.5187336969409533,0.9156550858099624
0.5186195445920304,0.9152365006278778
0.5186810580002372,0.9152365006278778
0.5187425860023724,0.9152365006278778
0.5188041286036303,0.9152365006278778
0.5188656858092074,0.9152365006278778
0.5189272576243028,0.9152365006278778
0.5189888440541182,0.9152365006278778
0.5190504451038576,0.9152365006278778
0.5191120607787274,0.9152365006278778
0.5191736910839369,0.9152365006278778
0.5192353360246972,0.9152365006278778
0.5192969956062226,0.9152365006278778
0.5193586698337292,0.9152365006278778
0.5194203587124362,0.9152365006278778
0.5194820622475648,0.9152365006278778
0.5195437804443388,0.9152365006278778
0.5196055133079848,0.9152365006278778
0.5196672608437314,0.9152365006278778
0.5195530726256983,0.9148179154457933
0.5196148359486448,0.9148179154457933
0.5196766139579122,0.9148179154457933
0.5197384066587396,0.9148179154457933
0.5195670274771024,0.9141900376726664
0.5196288365453248,0.9141900376726664
0.5196906603212373,0.9141900376726664
0.5197524988100904,0.9141900376726664
0.5198143520171368,0.9141900376726664
0.5198762199476316,0.9141900376726664
0.5199381026068325,0.9141900376726664
0.52,0.9141900376726664
0.5198856870683496,0.9137714524905818
0.5199476003334524,0.9137714524905818
0.519890424011434,0.9135621598995396
0.5198332340678976,0.9133528673084973
0.519895163211818,0.9133528673084973
0.5198379602049327,0.913143574717455
0.5198999046711154,0.913143574717455
0.5199618639017995,0.913143574717455
0.5200238379022646,0.913143574717455
0.5200858266777924,0.913143574717455
0.5201478302336672,0.913143574717455
0.5202098485751758,0.913143574717455
0.520271881707608,0.913143574717455
0.5203339296362552,0.913143574717455
0.520219491828701,0.9127249895353704
0.5202815557146265,0.9127249895353704
0.520109798305287,0.9120971117622436
0.5201718787300071,0.9120971117622436
0.5202339739763638,0.9120971117622436
0.5202960840496658,0.9120971117622436
0.5203582089552239,0.9120971117622436
0.5204203486983521,0.9120971117622436
0.5202484768844822,0.9114692339891168
0.5203106332138591,0.9114692339891168
0.52037280439718,0.9114692339891168
0.5202008128137701,0.9108413562159899
0.5202630005977287,0.9108413562159899
0.5203252032520326,0.9108413562159899
0.520387420782016,0.9108413562159899
0.5204496531930161,0.9108413562159899
0.520511900490372,0.9108413562159899
0.5205741626794258,0.9108413562159899
0.5206364397655222,0.9108413562159899
0.5206987317540082,0.9108413562159899
0.5207610386502334,0.9108413562159899
0.52082336045955,0.9108413562159899
0.520885697187313,0.9108413562159899
0.5209480488388796,0.9108413562159899
0.5210104154196097,0.9108413562159899
0.5209530651340997,0.9106320636249476
0.5210154472518261,0.9106320636249476
0.5210778443113773,0.9106320636249476
0.5211402563181219,0.9106320636249476
0.5207958767829318,0.909376308078694
0.5208583073603452,0.909376308078694
0.5209207529073253,0.909376308078694
0.5210456889315266,0.909376308078694
0.5209882465819141,0.9091670154876518
0.5210507376754228,0.9091670154876518
0.5211132437619962,0.9091670154876518
0.5211757648470305,0.9091670154876518
0.5212383009359252,0.9091670154876518
0.5213008520340814,0.9091670154876518
0.5213634181469035,0.9091670154876518
0.5214259992797984,0.9091670154876518
0.5214885954381753,0.9091670154876518
0.5215512066274463,0.9091670154876518
0.521613832853026,0.9091670154876518
0.5215563828509667,0.9089577228966095
0.5216190247417728,0.9089577228966095
0.5216816816816817,0.9089577228966095
0.5217443536761173,0.9089577228966095
0.5218070407305059,0.9089577228966095
0.5218697428502764,0.9089577228966095
0.5219324600408605,0.9089577228966095
0.5219951923076923,0.9089577228966095
0.5218227726343634,0.9083298451234826
0.5218855218855218,0.9083298451234826
0.5219482862297053,0.9083298451234826
0.5220110656723599,0.9083298451234826
0.5219535667027547,0.9081205525324404
0.5220163618864293,0.9081205525324404
0.5220791721814463,0.9081205525324404
0.5221419975932611,0.9081205525324404
0.5222048381273318,0.9081205525324404
0.5221473278767453,0.9079112599413981
0.5220322658319287,0.9074926747593135
0.5219747140276941,0.9072833821682712
0.5220375722543352,0.9072833821682712
0.5221004456220644,0.9072833821682712
0.5221633341363527,0.9072833821682712
0.5221057703891098,0.907074089577229
0.5221686746987951,0.907074089577229
0.522231594167972,0.907074089577229
0.522294528802121,0.907074089577229
0.5223574786067253,0.907074089577229
0.5220694645441389,0.9060276266220176
0.5221324327584127,0.9060276266220176
0.5221954161640531,0.9060276266220176
0.5221377729521052,0.9058183340309753
0.5222007722007722,0.9058183340309753
0.5222637866537951,0.9058183340309753
0.5223268163166788,0.9058183340309753
0.5223898611949306,0.9058183340309753
0.5224529212940608,0.9058183340309753
0.5223952674151877,0.905609041439933
0.5224583433953152,0.905609041439933
0.5225214346093467,0.905609041439933
0.5225845410628019,0.905609041439933
0.522647662761203,0.905609041439933
0.5225899975839575,0.9053997488488907
0.5226531351939109,0.9053997488488907
0.5227162880618657,0.9053997488488907
0.5227794561933534,0.9053997488488907
0.5228426395939086,0.9053997488488907
0.522905838269068,0.9053997488488907
0.5229690522243714,0.9053997488488907
0.5230322814653608,0.9053997488488907
0.5230955259975816,0.9053997488488907
0.5231587858265812,0.9053997488488907
0.52322206095791,0.9053997488488907
0.5232853513971211,0.9053997488488907
0.5233486571497702,0.9053997488488907
0.5234119782214156,0.9053997488488907
0.5234753146176185,0.9053997488488907
0.5235386663439429,0.9053997488488907
0.523602033405955,0.9053997488488907
0.5236654158092241,0.9053997488488907
0.523728813559322,0.9053997488488907
0.5237922266618235,0.9053997488488907
0.5238556551223057,0.9053997488488907
0.5237979895845949,0.9051904562578484
0.5238614341085271,0.9051904562578484
0.5239248940036342,0.9051904562578484
0.5238672158953235,0.9049811636668061
0.5238095238095238,0.904771871075764
0.523873000484731,0.904771871075764
0.523936492546358,0.904771871075764
0.5238787878787878,0.9045625784847217
0.5239422960358832,0.9045625784847217
0.5240058195926285,0.9045625784847217
0.5240693585546259,0.9045625784847217
0.52413291292748,0.9045625784847217
0.524075197089145,0.9043532858936794
0.5241387675885493,0.9043532858936794
0.5242023535120709,0.9043532858936794
0.5240868826598714,0.9039347007115948
0.5241504854368932,0.9039347007115948
0.524214103653356,0.9039347007115948
0.5242777373148823,0.9039347007115948
0.5243413864270973,0.9039347007115948
0.524405050995629,0.9039347007115948
0.524468731026108,0.9039347007115948
0.5245324265241681,0.9039347007115948
0.5245961374954452,0.9039347007115948
0.5246598639455783,0.9039347007115948
0.5247236058802089,0.9039347007115948
0.5247873633049818,0.9039347007115948
0.5248511362255438,0.9039347007115948
0.524914924647545,0.9039347007115948
0.5248571775859974,0.9037254081205526
0.524799416484318,0.9035161155295103
0.5248632218844985,0.9035161155295103
0.5248054474708171,0.903306822938468
0.5248692691231911,0.903306822938468
0.5249331063001703,0.903306822938468
0.52499695900742,0.903306822938468
0.5250608272506083,0.903306822938468
0.5251247110354058,0.903306822938468
0.525188610367486,0.903306822938468
0.5252525252525253,0.903306822938468
0.5253164556962026,0.903306822938468
0.5253804017041996,0.903306822938468
0.5254443632822011,0.903306822938468
0.5255083404358943,0.903306822938468
0.5255723331709693,0.903306822938468
0.525636341493119,0.903306822938468
0.525700365408039,0.903306822938468
0.5257644049214277,0.903306822938468
0.5258284600389863,0.903306822938468
0.525892530766419,0.903306822938468
0.5259566171094321,0.903306822938468
0.5260207190737355,0.903306822938468
0.5260848366650415,0.903306822938468
0.526148969889065,0.903306822938468
0.526213118751524,0.903306822938468
0.5262772832581393,0.903306822938468
0.526219512195122,0.9030975303474257
0.526161727039883,0.9028882377563834
0.5262259087582337,0.9028882377563834
0.5262901061363914,0.9028882377563834
0.5263543191800878,0.9028882377563834
0.5264185478950579,0.9028882377563834
0.5263607517695875,0.9026789451653412
0.5264249969486147,0.9026789451653412
0.5263671875,0.9024696525742989
0.5264314491515077,0.9024696525742989
0.5264957264957265,0.9024696525742989
0.5265600195384051,0.9024696525742989
0.5264443630145352,0.9020510673922143
0.526508673344735,0.9020510673922143
0.5265729993891265,0.9020510673922143
0.5266373411534702,0.9020510673922143
0.5267016986435292,0.9020510673922143
0.5267660718650696,0.9020510673922143
0.5268304608238602,0.9020510673922143
0.5269592859762807,0.9020510673922143
0.5270237221814624,0.9020510673922143
0.5269658799070563,0.901841774801172
0.526908023483366,0.9016324822101298
0.5270369464154636,0.9016324822101298
0.5271014315428851,0.9016324822101298
0.527165932452276,0.9016324822101298
0.527230449149431,0.9016324822101298
0.5271725826193391,0.9014231896190875
0.5272371159260619,0.9014231896190875
0.5273016650342801,0.9014231896190875
0.527366229949798,0.9014231896190875
0.5274308106784227,0.9014231896190875
0.5274954072259644,0.9014231896190875
0.5275600195982362,0.9014231896190875
0.5274442538593482,0.9010046044370029
0.5273863497120451,0.9007953118459606
0.5274509803921569,0.9007953118459606
0.5275156269150632,0.9007953118459606
0.5275802892865898,0.9007953118459606
0.5276449675125658,0.9007953118459606
0.5277096615988229,0.9007953118459606
0.5276517473942367,0.9005860192549183
0.5277164581800343,0.9005860192549183
0.5277811848399362,0.9005860192549183
0.5278459273797841,0.9005860192549183
0.5279106858054227,0.9005860192549183
0.5279754601226994,0.9005860192549183
0.5280402503374647,0.9005860192549183
0.5281050564555719,0.9005860192549183
0.5281698784828771,0.9005860192549183
0.5282347164252393,0.9005860192549183
0.5282995702885206,0.9005860192549183
0.5283644400785854,0.9005860192549183
0.5284293258013018,0.9005860192549183
0.5283714075165807,0.9003767266638761
0.5284363100356222,0.9003767266638761
0.5285012285012285,0.9003767266638761
0.5285661629192776,0.9003767266638761
0.52863111329565,0.9003767266638761
0.5286960796362296,0.9003767266638761
0.5287610619469026,0.9003767266638761
0.5285292670929661,0.8995395562997069
0.5284132841328413,0.8991209711176225
0.5284782876122525,0.8991209711176225
0.5285433070866141,0.8991209711176225
0.528608342561831,0.8991209711176225
0.52867339404381,0.8991209711176225
0.5287384615384615,0.8991209711176225
0.5288035450516987,0.8991209711176225
0.5288686445894374,0.8991209711176225
0.5288106377739473,0.8989116785265802
0.5288757542174609,0.8989116785265802
0.5289408866995073,0.8989116785265802
0.5290060352260131,0.8989116785265802
0.5290711998029071,0.8989116785265802
0.5291363804361218,0.8989116785265802
0.5292015771315919,0.8989116785265802
0.5290855311806754,0.8984930933444956
0.529027486749661,0.8982838007534534
0.5290927021696252,0.8982838007534534
0.5291579336703243,0.8982838007534534
0.5290998766954377,0.8980745081624111
0.5291651251695647,0.8980745081624111
0.5292303897385299,0.8980745081624111
0.5292956704082892,0.8980745081624111
0.5293609671848014,0.8980745081624111
0.5294262800740284,0.8980745081624111
0.5294916090819348,0.8980745081624111
0.5295569542144885,0.8980745081624111
0.5296223154776598,0.8980745081624111
0.5296876928774226,0.8980745081624111
0.529753086419753,0.8980745081624111
0.5298184961106309,0.8980745081624111
0.5298839219560385,0.8980745081624111
0.5298258614301593,0.8978652155713688
0.5297677865612648,0.8976559229803265
0.5298332303891291,0.8976559229803265
0.5298986903879417,0.8976559229803265
0.529964166563697,0.8976559229803265
0.5300296589223925,0.8976559229803265
0.5299134734239802,0.897237337798242
0.5299789838051675,0.897237337798242
0.5300445103857567,0.897237337798242
0.5299282710858274,0.8968187526161574
0.5299938157081014,0.8968187526161574
0.5300593765462642,0.8968187526161574
0.5299430833951992,0.8964001674340728
0.5300086622942705,0.8964001674340728
0.5300742574257425,0.8964001674340728
0.530139868795643,0.8964001674340728
0.5302054964100025,0.8964001674340728
0.5302711402748546,0.8964001674340728
0.5300966063908843,0.895772289660946
0.530162269292704,0.895772289660946
0.5302279484638256,0.895772289660946
0.5302936439102961,0.895772289660946
0.5302354399008674,0.8955629970699037
0.5303011525591771,0.8955629970699037
0.5303668815071889,0.8955629970699037
0.5304326267509607,0.8955629970699037
0.5304983882965534,0.8955629970699037
0.530564166150031,0.8955629970699037
0.5304477241721444,0.8951444118878191
0.5305135202183081,0.8951444118878191
0.5305793325890088,0.8951444118878191
0.5306451612903226,0.8951444118878191
0.5307110063283286,0.8951444118878191
0.5305945140871292,0.8947258267057346
0.5306603773584906,0.8947258267057346
0.5307262569832403,0.8947258267057346
0.5307921529674696,0.8947258267057346
0.5305590062111801,0.8938886563415656
0.5306249223506025,0.8938886563415656
0.5306908548707754,0.8938886563415656
0.5307568037778054,0.8938886563415656
0.5308227690778027,0.8938886563415656
0.53088875077688,0.8938886563415656
0.5309547488811537,0.8938886563415656
0.5310207633967425,0.8938886563415656
0.5310867943297687,0.8938886563415656
0.5309701492537313,0.893470071159481
0.5310361985321558,0.893470071159481
0.531102264244837,0.893470071159481
0.5311683463979097,0.893470071159481
0.5312344449975112,0.893470071159481
0.5313005600497822,0.893470071159481
0.5313666915608664,0.893470071159481
0.5314328395369102,0.893470071159481
0.5314990039840638,0.893470071159481
0.5315651849084796,0.893470071159481
0.5316313823163138,0.893470071159481
0.5316975962137253,0.893470071159481
0.5317638266068759,0.893470071159481
0.531830073501931,0.893470071159481
0.5318963369050586,0.893470071159481
0.53196261682243,0.893470071159481
0.5320289132602194,0.893470071159481
0.5320952262246043,0.893470071159481
0.5321615557217652,0.893470071159481
0.5322279017578856,0.893470071159481
0.5322942643391522,0.893470071159481
0.5323606434717546,0.893470071159481
0.5324270391618857,0.893470071159481
0.5323687164774853,0.8932607785684387
0.532435129740519,0.8932607785684387
0.5323767935121647,0.8930514859773964
0.5324432243573746,0.8930514859773964
0.532326510234648,0.8926329007953119
0.5323929596804394,0.8926329007953119
0.5322177822177823,0.892005023022185
0.5322842512801299,0.892005023022185
0.5322258306270298,0.8917957304311427
0.5322923173016865,0.8917957304311427
0.5323588205897052,0.8917957304311427
0.5324253404973135,0.8917957304311427
0.5323669082729318,0.8915864378401005
0.5324334458192725,0.8915864378401005
0.5325,0.8915864378401005
0.5325665708213526,0.8915864378401005
0.5326331582895724,0.8915864378401005
0.5326997624109041,0.8915864378401005
0.5327663831915957,0.8915864378401005
0.5328330206378987,0.8915864378401005
0.532899674756067,0.8915864378401005
0.5329663455523583,0.8915864378401005
0.5330330330330331,0.8915864378401005
0.5330997372043549,0.8915864378401005
0.5331664580725908,0.8915864378401005
0.5332331956440105,0.8915864378401005
0.5331747621432148,0.8913771452490582
0.5332415174658821,0.8913771452490582
0.533183070373153,0.8911678526580159
0.5331246086412023,0.8909585600669736
0.533191382765531,0.8909585600669736
0.5332581736189402,0.8909585600669736
0.5333249812077173,0.8909585600669736
0.5333918055381531,0.8909585600669736
0.5334586466165413,0.8909585600669736
0.5335255044491791,0.8909585600669736
0.5335923790423666,0.8909585600669736
0.5336592704024069,0.8909585600669736
0.5337261785356068,0.8909585600669736
0.5337931034482759,0.8909585600669736
0.5336176618163573,0.8903306822938468
0.5336846066992849,0.8903306822938468
0.5337515683814303,0.8903306822938468
0.5338185468691178,0.8903306822938468
0.5337600401606426,0.8901213897028045
0.5338270365256684,0.8901213897028045
0.5336514314414867,0.8894935119296777
0.533718447821173,0.8894935119296777
0.5336598844511429,0.8892842193386354
0.533726918728803,0.8892842193386354
0.5336683417085427,0.8890749267475931
0.5337353938937053,0.8890749267475931
0.5338024629303845,0.8890749267475931
0.533869548824934,0.8890749267475931
0.5338109602815485,0.8888656341565508
0.5338780641106222,0.8888656341565508
0.5339451848126728,0.8888656341565508
0.5338865836791148,0.8886563415655085
0.5339537223340041,0.8886563415655085
0.5340208778769966,0.8886563415655085
0.5340880503144654,0.8886563415655085
0.5341552396527866,0.8886563415655085
0.5340966280825364,0.8884470489744664
0.5341638354095886,0.8884470489744664
0.5341052101686383,0.8882377563834241
0.5341724354940214,0.8882377563834241
0.5341137965760322,0.8880284637923818
0.5341810399093542,0.8880284637923818
0.5341223873079829,0.8878191712013395
0.5341896486588591,0.8878191712013395
0.5342569269521411,0.8878191712013395
0.534324222194231,0.8878191712013395
0.5343915343915344,0.8878191712013395
0.5343328713619756,0.8876098786102972
0.5344002016129032,0.8876098786102972
0.5344675488342785,0.8876098786102972
0.5345349130325183,0.8876098786102972
0.5344762384974159,0.8874005860192549
0.5345436207766011,0.8874005860192549
0.5344262295081967,0.8869820008371704
0.5344936309749022,0.8869820008371704
0.534561049445005,0.8869820008371704
0.5346284849249401,0.8869820008371704
0.5346959374211456,0.8869820008371704
0.5347634069400631,0.8869820008371704
0.5348308934881373,0.8869820008371704
0.5347721822541966,0.8867727082461281
0.5348396869477404,0.8867727082461281
0.534907208685772,0.8867727082461281
0.5349747474747475,0.8867727082461281
0.5350423033211265,0.8867727082461281
0.5351098762313715,0.8867727082461281
0.535177466211949,0.8867727082461281
0.5352450732693279,0.8867727082461281
0.53512762193581,0.8863541230640435
0.5351952483255402,0.8863541230640435
0.5350189633375474,0.8857262452909167
0.5350866101909217,0.8857262452909167
0.5351542741527567,0.8857262452909167
0.5352219552295434,0.8857262452909167
0.5352896534277763,0.8857262452909167
0.5353573687539532,0.8857262452909167
0.5354251012145749,0.8857262452909167
0.5354928508161457,0.8857262452909167
0.5355606175651734,0.8857262452909167
0.5356284014681686,0.8857262452909167
0.5356962025316455,0.8857262452909167
0.5357640207621218,0.8857262452909167
0.5358318561661181,0.8857262452909167
0.5358997087501582,0.8857262452909167
0.53596757852077,0.8857262452909167
0.5360354654844839,0.8857262452909167
0.5359766911578414,0.8855169526998744
0.5360445964778918,0.8855169526998744
0.536112519006589,0.8855169526998744
0.5360537320998606,0.8853076601088321
0.5361216730038023,0.8853076601088321
0.5360628723539105,0.8850983675177899
0.536130831643002,0.8850983675177899
0.5361988081653354,0.8850983675177899
0.5362668019274663,0.8850983675177899
0.5362079898541534,0.8848890749267476
0.5362760020294267,0.8848890749267476
0.536344031460104,0.8848890749267476
0.5364120781527532,0.8848890749267476
0.5364801421139449,0.8848890749267476
0.5365482233502538,0.8848890749267476
0.5364305661335365,0.884470489744663
0.536498667005205,0.884470489744663
0.5365667851701371,0.884470489744663
0.5366349206349207,0.884470489744663
0.5367030734061468,0.884470489744663
0.5366442271052966,0.8842611971536207
0.5367123983739838,0.8842611971536207
0.5367805869648076,0.8842611971536207
0.536848792884371,0.8842611971536207
0.5367899351887152,0.8840519045625785
0.5368581596339603,0.8840519045625785
0.5369264014236685,0.8840519045625785
0.5369946605644547,0.8840519045625785
0.5370629370629371,0.8840519045625785
0.5368273756519527,0.8832147341984093
0.5367684478371502,0.883005441607367
0.5368367476778216,0.883005441607367
0.5369050649020107,0.883005441607367
0.5369733995163548,0.883005441607367
0.5370417515274949,0.883005441607367
0.5371101209420751,0.883005441607367
0.5370511841100076,0.8827961490163249
0.5369922322679231,0.8825868564252826
0.5370606214977076,0.8825868564252826
0.5371290281492803,0.8825868564252826
0.5371974522292994,0.8825868564252826
0.5370795107033639,0.882168271243198
0.5371479546323435,0.882168271243198
0.5372164160081571,0.882168271243198
0.5370984191738909,0.8817496860611135
0.5371669004207573,0.8817496860611135
0.5371078806426932,0.8815403934700712
0.5370488458104834,0.8813311008790289
0.5371173469387756,0.8813311008790289
0.5371858655440745,0.8813311008790289
0.5372544016330697,0.8813311008790289
0.5373229552124538,0.8813311008790289
0.537391526288923,0.8813311008790289
0.5372734235384222,0.8809125156969443
0.5371552604698672,0.8804939305148598
0.5372238539139318,0.8804939305148598
0.5372924648786718,0.8804939305148598
0.5373610933708008,0.8804939305148598
0.5374297393970363,0.8804939305148598
0.5374984029640987,0.8804939305148598
0.5372619199795475,0.8796567601506907
0.5370843989769821,0.8790288823775638
0.5370251950377286,0.8788195897865215
0.5370938859043234,0.8788195897865215
0.5371625943456569,0.8788195897865215
0.5372313203684749,0.8788195897865215
0.5371721049264235,0.8786102971954792
0.5372408497568467,0.8786102971954792
0.5373096121848202,0.8786102971954792
0.5373783922171019,0.8786102971954792
0.5374471898604533,0.8786102971954792
0.5375160051216389,0.8786102971954792
0.5375848380074273,0.8786102971954792
0.5375256147540983,0.878401004604437
0.5375944665044191,0.878401004604437
0.537663335895465,0.878401004604437
0.5377322229340167,0.878401004604437
0.537801127626858,0.878401004604437
0.5378700499807766,0.878401004604437
0.5379389900025634,0.878401004604437
0.538007947699013,0.878401004604437
0.5380769230769231,0.878401004604437
0.5381459161430953,0.878401004604437
0.5380274464537642,0.8779824194223524
0.5377903246503272,0.8771452490581834
0.5378593429158111,0.8771452490581834
0.537997432605905,0.8771452490581834
0.5379381178585184,0.8769359564671411
0.5378787878787878,0.8767266638760988
0.5379478618209836,0.8767266638760988
0.5380169535062933,0.8767266638760988
0.5380860629415543,0.8767266638760988
0.5381551901336074,0.8767266638760988
0.5380958499293331,0.8765173712850565
0.5381649961449498,0.8765173712850565
0.5383033419023137,0.8765173712850565
0.5382439902301067,0.8763080786940143
0.5383131910516843,0.8763080786940143
0.5383824096695384,0.8763080786940143
0.538451646090535,0.8763080786940143
0.5385209003215434,0.8763080786940143
0.5385901723694366,0.8763080786940143
0.538659462241091,0.8763080786940143
0.5384813384813385,0.8756802009208874
0.5385506500193075,0.8756802009208874
0.5386199794026777,0.8756802009208874
0.5386893266383417,0.8756802009208874
0.5383921669672764,0.874633737965676
0.5383326890864579,0.8744244453746337
0.5384020618556701,0.8744244453746337
0.5380448800619035,0.87316868982838
0.5381142783438669,0.87316868982838
0.5380546955624355,0.8729593972373378
0.5381241130176752,0.8729593972373378
0.5381935483870968,0.8729593972373378
0.5382630016776359,0.8729593972373378
0.5381437975990706,0.8725408120552532
0.5382132713658663,0.8725408120552532
0.5382827630729503,0.8725408120552532
0.5383522727272727,0.8725408120552532
0.5384218003357871,0.8725408120552532
0.538362180315164,0.872331519464211
0.5384317271670327,0.872331519464211
0.5385012919896641,0.872331519464211
0.5385708747900245,0.872331519464211
0.538640475575084,0.872331519464211
0.5387100943518159,0.872331519464211
0.5387797311271976,0.872331519464211
0.5388493859082094,0.872331519464211
0.5389190587018361,0.872331519464211
0.5389887495150653,0.872331519464211
0.5388694864829906,0.8719129342821265
0.5389391979301423,0.8719129342821265
0.5388795445723897,0.8717036416910842
0.5389492753623188,0.8717036416910842
0.538889607868513,0.8714943491000419
0.5388299249288118,0.8712850565089996
0.5387702265372168,0.8710757639179573
0.5388399792853443,0.8710757639179573
0.5389097500971125,0.8710757639179573
0.5388500388500389,0.8708664713269151
0.5387903121357337,0.8706571787358728
0.5387305699481866,0.8704478861448305
0.5388003627412877,0.8704478861448305
0.5388701736201088,0.8704478861448305
0.5389400025916807,0.8704478861448305
0.5390098496630379,0.8704478861448305
0.5390797148412184,0.8704478861448305
0.538960197069882,0.8700293009627459
0.5390300829875518,0.8700293009627459
0.5389703021657373,0.8698200083717036
0.5390402075226978,0.8698200083717036
0.5391101310156959,0.8698200083717036
0.5391800726517904,0.8698200083717036
0.5392500324380434,0.8698200083717036
0.5393200103815209,0.8698200083717036
0.5393900064892927,0.8698200083717036
0.539460020768432,0.8698200083717036
0.5395300532260159,0.8698200083717036
0.5396001038691249,0.8698200083717036
0.5396701727048435,0.8698200083717036
0.5397402597402597,0.8698200083717036
0.5398103649824653,0.8698200083717036
0.5398804884385555,0.8698200083717036
0.5399506301156295,0.8698200083717036
0.5400207900207901,0.8698200083717036
0.5399012217312191,0.8694014231896191
0.5399714025737684,0.8694014231896191
0.5400416016640666,0.8694014231896191
0.5401118190092316,0.8694014231896191
0.5401820546163849,0.8694014231896191
0.5400624349635796,0.8689828380075345
0.5400026017952387,0.8687735454164922
0.5400728597449909,0.8687735454164922
0.5401431359791802,0.8687735454164922
0.5400832899531494,0.86856425282545
0.5401535858388651,0.86856425282545
0.5402239000260349,0.86856425282545
0.5402942325218071,0.86856425282545
0.5403645833333334,0.86856425282545
0.5404349524677693,0.86856425282545
0.540505339932274,0.86856425282545
0.5405757457340107,0.86856425282545
0.5406461698801459,0.86856425282545
0.5407166123778502,0.86856425282545
0.5406567630961688,0.8683549602344077
0.5407272253355924,0.8683549602344077
0.5407977059436914,0.8683549602344077
0.5407378438274019,0.8681456676433654
0.5408083441981747,0.8681456676433654
0.5407484678576086,0.8679363750523231
0.5408189880020866,0.8679363750523231
0.5407590974305465,0.8677270824612808
0.5408296373597704,0.8677270824612808
0.5409001956947163,0.8677270824612808
0.5409707724425887,0.8677270824612808
0.5410413676105964,0.8677270824612808
0.5411119812059515,0.8677270824612808
0.54118261323587,0.8677270824612808
0.5412532637075718,0.8677270824612808
0.5411933672803239,0.8675177898702386
0.5410735274911845,0.867099204688154
0.5411442006269592,0.867099204688154
0.5412148922273025,0.867099204688154
0.5412856022994512,0.867099204688154
0.5413563308506468,0.867099204688154
0.5414270778881338,0.867099204688154
0.5414978434191609,0.867099204688154
0.5415686274509804,0.867099204688154
0.5416394299908485,0.867099204688154
0.5417102510460251,0.867099204688154
0.541781090623774,0.867099204688154
0.5418519487313628,0.867099204688154
0.5419228253760627,0.867099204688154
0.5419937205651492,0.867099204688154
0.5420646343059008,0.867099204688154
0.5421355666056006,0.867099204688154
0.5422065174715351,0.867099204688154
0.5422774869109948,0.867099204688154
0.5423484749312737,0.867099204688154
0.5424905067434856,0.867099204688154
0.5425615505500262,0.867099204688154
0.5426326129666011,0.867099204688154
0.5425127734835582,0.8666806195060694
0.542583857442348,0.8666806195060694
0.5426549600314506,0.8666806195060694
0.5427260812581913,0.8666806195060694
0.542797221129899,0.8666806195060694
0.5428683796539067,0.8666806195060694
0.5429395568375508,0.8666806195060694
0.543010752688172,0.8666806195060694
0.542890870933893,0.866262034323985
0.5429620884166338,0.866262034323985
0.5429021254263973,0.8660527417329427
0.5429733630757119,0.8660527417329427
0.5430446194225722,0.8660527417329427
0.5429246521396692,0.8656341565508581
0.5429959301562295,0.8656341565508581
0.5430672268907563,0.8656341565508581
0.5431385423506238,0.8656341565508581
0.5432098765432098,0.8656341565508581
0.5432812294758965,0.8656341565508581
0.5433526011560693,0.8656341565508581
0.5434239915911181,0.8656341565508581
0.5434954007884363,0.8656341565508581
0.5435668287554212,0.8656341565508581
0.5436382754994742,0.8656341565508581
0.5435782831602471,0.8654248639598158
0.5434582511505588,0.8650062787777313
0.5432780847145487,0.8643784010046044
0.5433495592685172,0.8643784010046044
0.5434210526315789,0.8643784010046044
0.5434925648111594,0.8643784010046044
0.5434324822321663,0.8641691084135622
0.5435040147426615,0.8641691084135622
0.5435755660874144,0.8641691084135622
0.5436471362738644,0.8641691084135622
0.5435269327011721,0.8637505232314776
0.5434668071654373,0.8635412306404353
0.5433465085638999,0.8631226454583508
0.543418105152194,0.8631226454583508
0.5433579335793358,0.8629133528673085
0.5434295505469883,0.8629133528673085
0.5435011863959927,0.8629133528673085
0.5435728411338168,0.8629133528673085
0.5436445147679325,0.8629133528673085
0.5435843333772913,0.8627040602762662
0.5436560274333949,0.8627040602762662
0.5437277404036407,0.8627040602762662
0.5437994722955145,0.8627040602762662
0.5438712231165062,0.8627040602762662
0.5438110319345474,0.8624947676852239
0.5438828032202718,0.8624947676852239
0.5437623762376238,0.8620761825031394
0.5437021388962239,0.8618668899120971
0.5436418856463753,0.8616575973210548
0.5437136819862652,0.8616575973210548
0.5437854972922995,0.8616575973210548
0.5438573315719947,0.8616575973210548
0.5437367864693446,0.8612390121389703
0.5438086427910664,0.8612390121389703
0.5438805181073222,0.8612390121389703
0.5439524124256444,0.8612390121389703
0.5438318127727092,0.8608204269568858
0.5439037291721767,0.8608204269568858
0.5439756645946303,0.8608204269568858
0.544047619047619,0.8608204269568858
0.5441195925386956,0.8608204269568858
0.5440592749404605,0.8606111343658435
0.5441312690220987,0.8606111343658435
0.5442032821598729,0.8606111343658435
0.5442753143613501,0.8606111343658435
0.5443473656341011,0.8606111343658435
0.5442266949152542,0.8601925491837589
0.5442987683750496,0.8601925491837589
0.5443708609271524,0.8601925491837589
0.5444429725791495,0.8601925491837589
0.5443826179120297,0.8599832565927166
0.5443222472505631,0.8597739640016744
0.5442618605883912,0.8595646714106321
0.5443339960238569,0.8595646714106321
0.5442735949098622,0.8593553788195898
0.5443457510274426,0.8593553788195898
0.5444179262795015,0.8593553788195898
0.5443575122662777,0.8591460862285475
0.5442366361586417,0.858727501046463
0.5443088352348103,0.858727501046463
0.544127405441274,0.8580996232733361
0.5441996283514733,0.8580996232733361
0.544271870436745,0.8580996232733361
0.5442113648433351,0.8578903306822938
0.5440297516270421,0.857262452909167
0.5441020191285866,0.857262452909167
0.543859649122807,0.856425282544998
0.5439319420443972,0.856425282544998
0.544004254187716,0.856425282544998
0.5440765855604308,0.856425282544998
0.5438946528332003,0.855797404771871
0.5439670081149395,0.855797404771871
0.5440393826503459,0.855797404771871
0.5439787092481704,0.8555881121808288
0.5437358540806817,0.8547509418166597
0.5438082556591212,0.8547509418166597
0.5438806765215075,0.8547509418166597
0.5439531166755461,0.8547509418166597
0.5440255761289463,0.8547509418166597
0.5440980548894218,0.8547509418166597
0.5439157670265228,0.8541230640435329
0.5438549720074647,0.8539137714524906
0.5439274763364884,0.8539137714524906
0.544,0.8539137714524906
0.544072543005734,0.8539137714524906
0.5440117364630568,0.8537044788614483
0.5440843003868214,0.8537044788614483
0.5440234791889007,0.853495186270406
0.5439626417611741,0.8532858936793638
0.544035228182546,0.8532858936793638
0.5439743760843454,0.8530766010883215
0.5439135077415911,0.8528673084972792
0.5438526231477774,0.8526580159062369
0.5439252336448598,0.8526580159062369
0.543864334357057,0.8524487233151946
0.5439369658119658,0.8524487233151946
0.5440096166688927,0.8524487233151946
0.5440822869356131,0.8524487233151946
0.5440213760855044,0.8522394307241523
0.5440940673436665,0.8522394307241523
0.5441667780302017,0.8522394307241523
0.5441058540497193,0.8520301381331101
0.5441785857505681,0.8520301381331101
0.5442513368983958,0.8520301381331101
0.5443241075010028,0.8520301381331101
0.5442631719711153,0.8518208455420678
0.5443359636217734,0.8518208455420678
0.5444816053511705,0.8518208455420678
0.5444206582820444,0.8516115529510255
0.5444935099692225,0.8516115529510255
0.544566381156317,0.8516115529510255
0.5446392718511578,0.8516115529510255
0.5447121820615797,0.8516115529510255
0.5447851117954211,0.8516115529510255
0.5448580610605249,0.8516115529510255
0.5449310298647382,0.8516115529510255
0.5450040182159122,0.8516115529510255
0.5450770261219022,0.8516115529510255
0.5449551118853008,0.8511929677689409
0.5450281425891182,0.8511929677689409
0.5451011928695886,0.8511929677689409
0.5451742627345845,0.8511929677689409
0.5451132859632658,0.8509836751778987
0.5451863770447841,0.8509836751778987
0.5450643776824035,0.8505650899958141
0.5451374916163648,0.8505650899958141
0.5450764690099276,0.8503557974047719
0.5448933029123607,0.8497279196316451
0.5449664429530201,0.8497279196316451
0.544905356423681,0.8495186270406028
0.5447831341479791,0.8491000418585182
0.5448562986838571,0.8491000418585182
0.5449294828744123,0.8491000418585182
0.5448683503492746,0.848890749267476
0.5449415558242644,0.848890749267476
0.5450147809728567,0.848890749267476
0.5449536352640774,0.8486814566764337
0.5448924731182796,0.8484721640853914
0.5449657211990859,0.8484721640853914
0.545038988975531,0.8484721640853914
0.54511227645556,0.8484721640853914
0.5450511027434104,0.8482628714943491
0.5451244115669133,0.8482628714943491
0.5451977401129944,0.8482628714943491
0.5452710883896139,0.8482628714943491
0.5452099031216362,0.8480535789033068
0.5452832727762078,0.8480535789033068
0.54535666218035,0.8480535789033068
0.5454300713420379,0.8480535789033068
0.5453688745288099,0.8478442863122645
0.5454423051030025,0.8478442863122645
0.5455157554538109,0.8478442863122645
0.5454545454545454,0.8476349937212223
0.5453933189655172,0.84742570113018
0.5454667924019938,0.84742570113018
0.5455402856372945,0.84742570113018
0.5456137986794233,0.84742570113018
0.5455525606469003,0.8472164085391377
0.545626095161073,0.8472164085391377
0.5456996495012133,0.8472164085391377
0.5457732236753404,0.8472164085391377
0.5458468176914779,0.8472164085391377
0.5457243053682223,0.8467978233570531
0.5457979225684608,0.8467978233570531
0.5457366432811657,0.8465885307660109
0.5458102820132236,0.8465885307660109
0.5456876771494129,0.8461699455839263
0.545835020926151,0.8461699455839263
0.5459087226573048,0.8461699455839263
0.5459824442943957,0.8461699455839263
0.5460561858454889,0.8461699455839263
0.5461299473186546,0.8461699455839263
0.546203728721967,0.8461699455839263
0.5461424131874071,0.845960652992884
0.5462162162162162,0.845960652992884
0.5460935387942687,0.8455420678107995
0.546167365148033,0.8455420678107995
0.5462412114656571,0.8455420678107995
0.5461798512508451,0.8453327752197572
0.5461184744387341,0.845123482628715
0.5461923441092926,0.845123482628715
0.5462662337662337,0.845123482628715
0.5462048437288595,0.8449141900376727
0.5462787550744249,0.8449141900376727
0.5462173501150359,0.8447048974466304
0.5462912831618841,0.8447048974466304
0.5463652362258021,0.8447048974466304
0.5464392093149201,0.8447048974466304
0.546513202437373,0.8447048974466304
0.5465872156013001,0.8447048974466304
0.546525802519301,0.8444956048555882
0.5465998374424276,0.8444956048555882
0.5466738924265004,0.8444956048555882
0.5467479674796748,0.8444956048555882
0.5468220626101098,0.8444956048555882
0.5467606397397669,0.8442863122645459
0.5465762711864407,0.843658434491419
0.5466503932736643,0.843658434491419
0.546588905465889,0.8434491419003767
0.5466630493760174,0.8434491419003767
0.54673721340388,0.8434491419003767
0.5464295411349444,0.8424026789451653
0.5465037338764427,0.8424026789451653
0.5462573019970113,0.8415655085809962
0.5463315217391305,0.8415655085809962
0.5464057616523984,0.8415655085809962
0.5464800217450394,0.8415655085809962
0.5463567156063078,0.8411469233989117
0.5464309993201903,0.8411469233989117
0.5463693228175143,0.8409376308078694
0.5464436284509724,0.8409376308078694
0.5463202285403347,0.8405190456257848
0.5463945578231293,0.8405190456257848
0.5465432770821992,0.8405190456257848
0.5464815570981353,0.8403097530347425
0.546419820310373,0.8401004604437003
0.5464942137508509,0.8401004604437003
0.5465686274509803,0.8401004604437003
0.5466430614190385,0.8401004604437003
0.5465195477455388,0.8396818752616158
0.5463959667529636,0.8392632900795312
0.5464704279095122,0.8392632900795312
0.5465449093635001,0.8392632900795312
0.5466194111232279,0.8392632900795312
0.5465576005453306,0.8390539974884889
0.5464957731115353,0.8388447048974467
0.5464339288149461,0.8386354123064044
0.5465084560829242,0.8386354123064044
0.5464465966443869,0.8384261197153621
0.5463847203274216,0.8382168271243198
0.5464592713876382,0.8382168271243198
0.5465338427947598,0.8382168271243198
0.5466084345571175,0.8382168271243198
0.5466830466830467,0.8382168271243198
0.5465592572364828,0.8377982419422353
0.546497337156903,0.837588949351193
0.546311475409836,0.8369610715780661
0.5463861183221752,0.8369610715780661
0.5462001093493712,0.8363331938049393
0.5461380724538619,0.836123901213897
0.5462127426852611,0.836123901213897
0.5461506905510735,0.8359146086228547
0.5462253829321663,0.8359146086228547
0.5461633155519081,0.8357053160318125
0.5462380300957592,0.8357053160318125
0.5463127650841428,0.8357053160318125
0.5463875205254516,0.8357053160318125
0.5464622964280826,0.8357053160318125
0.546537092800438,0.8357053160318125
0.546611909650924,0.8357053160318125
0.5466867469879518,0.8357053160318125
0.546761604819937,0.8357053160318125
0.5468364831552999,0.8357053160318125
0.5469113820024654,0.8357053160318125
0.546986301369863,0.8357053160318125
0.5470612412659268,0.8357053160318125
0.5471362016990956,0.8357053160318125
0.5470120614035088,0.8352867308497279
0.546949965729952,0.8350774382586856
0.5470249520153551,0.8350774382586856
0.5470999588646648,0.8350774382586856
0.5471749862863412,0.8350774382586856
0.5471128788917844,0.8348681456676433
0.5469886129784607,0.8344495604855588
0.5469264544456641,0.8342402678945166
0.5470015095375326,0.8342402678945166
0.5468771448181194,0.833821682712432
0.5469522240527183,0.833821682712432
0.5468900178497872,0.8336123901213897
0.5469651194726723,0.8336123901213897
0.5469028979535778,0.8334030975303475
0.546978021978022,0.8334030975303475
0.5470531666437698,0.8334030975303475
0.5471283319593295,0.8334030975303475
0.5472035179332142,0.8334030975303475
0.5472787245739418,0.8334030975303475
0.5473539518900343,0.8334030975303475
0.547291723948309,0.8331938049393052
0.5473669737384848,0.8331938049393052
0.5474422442244224,0.8331938049393052
0.547517535414661,0.8331938049393052
0.547455295735901,0.8329845123482629
0.5475306094373367,0.8329845123482629
0.5474683544303798,0.8327752197572206
0.5474060822898033,0.8325659271661783
0.5474814203137902,0.8325659271661783
0.5475567790777701,0.8325659271661783
0.5476321585903083,0.8325659271661783
0.5477075588599752,0.8325659271661783
0.5475829775513015,0.8321473419840938
0.5476584022038568,0.8321473419840938
0.547471406917459,0.8315194642109669
0.5475468577728776,0.8315194642109669
0.5476223294279807,0.8315194642109669
0.5476978218913703,0.8315194642109669
0.5475106881809405,0.8308915864378401
0.5473858463236309,0.8304730012557555
0.5474613686534217,0.8304730012557555
0.547536911825583,0.8304730012557555
0.5476124758487442,0.8304730012557555
0.547688060731539,0.8304730012557555
0.5476256212037548,0.8302637086647132
0.5477012287726081,0.8302637086647132
0.547776857221762,0.8302637086647132
0.5477144040878331,0.830054416073671
0.5475894460560851,0.8296358308915864
0.5476651008565903,0.8296358308915864
0.5474775397373877,0.8290079531184597
0.5475532209012994,0.8290079531184597
0.547628922991843,0.8290079531184597
0.5477046460176991,0.8290079531184597
0.5477803899875536,0.8290079531184597
0.5477178423236515,0.8287986605274174
0.5474674785496817,0.8279614901632483
0.5474048442906574,0.827752197572206
0.5472795237435969,0.8273336123901214
0.547216837441152,0.8271243197990791
0.5472926187508655,0.8271243197990791
0.5473684210526316,0.8271243197990791
0.5474442443551738,0.8271243197990791
0.5475200886672208,0.8271243197990791
0.5475959539975059,0.8271243197990791
0.5476718403547672,0.8271243197990791
0.5477477477477477,0.8271243197990791
0.5478236761851955,0.8271243197990791
0.547899625675863,0.8271243197990791
0.5477742338094578,0.8267057346169946
0.547926203356915,0.8267057346169946
0.5478007492715415,0.82628714943491
0.5478767693588676,0.82628714943491
0.5479528105482304,0.82628714943491
0.5480288728484175,0.82628714943491
0.5481049562682215,0.82628714943491
0.5481810608164399,0.82628714943491
0.5482571865018747,0.82628714943491
0.5484095013196277,0.82628714943491
0.5483467629897194,0.8260778568438677
0.5484229540086147,0.8260778568438677
0.5482974287699791,0.8256592716617832
0.5481090100111234,0.8250313938886563
0.5481852315394243,0.8250313938886563
0.5482614742698192,0.8250313938886563
0.5481357818586533,0.8246128087065718
0.5482120495338806,0.8246128087065718
0.5482883384358475,0.8246128087065718
0.5483646485734168,0.8246128087065718
0.5481759955444166,0.8239849309334449
0.5482523325442139,0.8239849309334449
0.5483286908077994,0.8239849309334449
0.548202842017275,0.8235663457513605
0.5482792253030514,0.8235663457513605
0.548216276477146,0.8233570531603182
0.5480903261778645,0.8229384679782336
0.548166736372508,0.8229384679782336
0.5482431678750698,0.8229384679782336
0.5483196206944638,0.8229384679782336
0.5482566248256625,0.8227291753871913
0.5483331008508857,0.8227291753871913
0.548144013396595,0.8221012976140645
0.5482205163991626,0.8221012976140645
0.5481574539363484,0.8218920050230222
0.548233980175904,0.8218920050230222
0.5483105277855348,0.8218920050230222
0.5483870967741935,0.8218920050230222
0.548463687150838,0.8218920050230222
0.5485402989244308,0.8218920050230222
0.5486169321039397,0.8218920050230222
0.5486935866983373,0.8218920050230222
0.548630519843488,0.8216827124319799
0.5487071977638015,0.8216827124319799
0.548783897120492,0.8216827124319799
0.5486577181208053,0.8212641272498954
0.5485946021535449,0.8210548346588531
0.5485314685314685,0.8208455420678108
0.5484051482932288,0.8204269568857262
0.5484818805093046,0.8204269568857262
0.5485586342009516,0.8204269568857262
0.5486354093771868,0.8204269568857262
0.5485090298194036,0.8200083717036417
0.5485858302996359,0.8200083717036417
0.5486626522895953,0.8200083717036417
0.5487394957983194,0.8200083717036417
0.5488163608348509,0.8200083717036417
0.5488932474082376,0.8200083717036417
0.5489701555275326,0.8200083717036417
0.5490470852017937,0.8200083717036417
0.5491240364400841,0.8200083717036417
0.5492010092514719,0.8200083717036417
0.5492780036450301,0.8200083717036417
0.5493550196298373,0.8200083717036417
0.5494320572149769,0.8200083717036417
0.5493688639551192,0.8197990791125994
0.5494459250946837,0.8197990791125994
0.5493194892661709,0.8193804939305148
0.5493965759191692,0.8193804939305148
0.5494736842105263,0.8193804939305148
0.5495508141493542,0.8193804939305148
0.5496279657447705,0.8193804939305148
0.5493116043832538,0.8183340309753034
0.5493887874104257,0.8183340309753034
0.5493254637436762,0.8181247383842613
0.5492621222768799,0.817915445793219
0.5491353859131168,0.8174968606111344
0.5492125984251969,0.8174968606111344
0.5491492054563353,0.8172875680200921
0.5492264416315049,0.8172875680200921
0.5491630327753552,0.8170782754290498
0.5492402926280248,0.8170782754290498
0.5493175742225974,0.8170782754290498
0.5493948775682522,0.8170782754290498
0.5494722026741731,0.8170782754290498
0.5495495495495496,0.8170782754290498
0.549626918203576,0.8170782754290498
0.5495635032385243,0.8168689828380076
0.5496408956485002,0.8168689828380076
0.5497183098591549,0.8168689828380076
0.5497957458797014,0.8168689828380076
0.5498732037193576,0.8168689828380076
0.5499506833873468,0.8168689828380076
0.5500281848928974,0.8168689828380076
0.5501057082452431,0.8168689828380076
0.5498519249753209,0.8160318124738384
0.5499294781382228,0.8160318124738384
0.5500070531809846,0.8160318124738384
0.5499435665914221,0.8158225198827962
0.550021165514322,0.8158225198827962
0.5500987863392605,0.8158225198827962
0.5501764290755117,0.8158225198827962
0.5502540937323546,0.8158225198827962
0.5501905972045743,0.8156132272917539
0.5500635503459963,0.8151946421096693
0.5501412429378532,0.8151946421096693
0.5500776945896313,0.814985349518627
0.5500141282848262,0.8147760569275848
0.5500918468277519,0.8147760569275848
0.5501695873374788,0.8147760569275848
0.5502473498233216,0.8147760569275848
0.5503251342946,0.8147760569275848
0.550402940760639,0.8147760569275848
0.5504807692307693,0.8147760569275848
0.5505586197143261,0.8147760569275848
0.5506364922206506,0.8147760569275848
0.5505729240345169,0.8145667643365425
0.5504457336918069,0.8141481791544579
0.5505236343051231,0.8141481791544579
0.5503963759909399,0.8137295939723734
0.5502690455961484,0.8133110087902888
0.5502053533493839,0.8131017161992465
0.5500779147187987,0.8126831310171619
0.5501558515160102,0.8126831310171619
0.5502338104010203,0.8126831310171619
0.5501700680272109,0.8124738384261198
0.55024805102764,0.8124738384261198
0.5503260561383612,0.8124738384261198
0.5504040833687792,0.8124738384261198
0.550482132728304,0.8124738384261198
0.5502908213931054,0.8118459606529929
0.5503688989784336,0.8118459606529929
0.5504469987228607,0.8118459606529929
0.5502555366269165,0.8112180828798661
0.5503336646315491,0.8112180828798661
0.5504118148253337,0.8112180828798661
0.5503479619372248,0.8110087902888238
0.5504261363636364,0.8110087902888238
0.5505043330018469,0.8110087902888238
0.5505825518613242,0.8110087902888238
0.5506607929515418,0.8110087902888238
0.5507390562819784,0.8110087902888238
0.550817341862118,0.8110087902888238
0.5508956497014501,0.8110087902888238
0.5508317929759704,0.8107994976977815
0.550910125142207,0.8107994976977815
0.5508462523111933,0.8105902051067392
0.5509246088193457,0.8105902051067392
0.5510029876227059,0.8105902051067392
0.5510813887307912,0.8105902051067392
0.5510175039134766,0.810380912515697
0.5510959294050669,0.810380912515697
0.5509681093394078,0.8099623273336124
0.5510465612985903,0.8099623273336124
0.5511250356023925,0.8099623273336124
0.5510611024070645,0.8097530347425701
0.5511396011396011,0.8097530347425701
0.5512181222396353,0.8097530347425701
0.5511541749786264,0.8095437421515278
0.5510902094912355,0.8093344495604856
0.5511687571265679,0.8093344495604856
0.551247327156094,0.8093344495604856
0.5514045344360473,0.8093344495604856
0.5514831717056474,0.8093344495604856
0.5515618314077878,0.8093344495604856
0.5514978601997147,0.8091251569694433
0.5515765444428592,0.8091251569694433
0.5516552511415526,0.8091251569694433
0.5515272623465601,0.8087065717873587
0.5516847515705311,0.8087065717873587
0.5517635299157504,0.8087065717873587
0.5518423307626392,0.8087065717873587
0.5519211541208399,0.8087065717873587
0.552,0.8087065717873587
0.5520788684097728,0.8087065717873587
0.552157759359817,0.8087065717873587
0.5520937544661998,0.8084972791963164
0.5521726700971984,0.8084972791963164
0.5522516082916369,0.8084972791963164
0.5523305690591936,0.8084972791963164
0.5524095524095524,0.8084972791963164
0.5524885583524027,0.8084972791963164
0.5525675868974396,0.8084972791963164
0.5525035765379113,0.8082879866052741
0.5525826298469023,0.8082879866052741
0.5526617057813394,0.8082879866052741
0.5527408043509374,0.8082879866052741
0.5528199255654166,0.8082879866052741
0.5528990694345025,0.8082879866052741
0.5529782359679267,0.8082879866052741
0.5526579739217653,0.8072415236500627
0.5525938664373746,0.8070322310590206
0.5526730686541493,0.8070322310590206
0.5527522935779816,0.8070322310590206
0.552831541218638,0.8070322310590206
0.5529108115858905,0.8070322310590206
0.5529901046895167,0.8070322310590206
0.5530694205393001,0.8070322310590206
0.5530053077033424,0.8068229384679783
0.5529411764705883,0.806613645876936
0.5530205194432487,0.806613645876936
0.5530998851894374,0.806613645876936
0.5531792737189608,0.806613645876936
0.5532586850416308,0.806613645876936
0.553194544149318,0.8064043532858937
0.5532739804709936,0.8064043532858937
0.5533534396093638,0.8064043532858937
0.5534329215742603,0.8064043532858937
0.5535124263755208,0.8064043532858937
0.5535919540229886,0.8064043532858937
0.5536715045265125,0.8064043532858937
0.5536073584363322,0.8061950606948514
0.553543193905419,0.8059857681038092
0.5536227717078781,0.8059857681038092
0.5537023723939611,0.8059857681038092
0.5536381938452689,0.8057764755127669
0.5535739968358981,0.8055671829217246
0.5534455474032514,0.80514859773964
0.5535251798561152,0.80514859773964
0.5536048352280903,0.80514859773964
0.5536845135290731,0.80514859773964
0.553764214768965,0.80514859773964
0.5536357091432685,0.8047300125575555
0.5537154377880185,0.8047300125575555
0.5536511594411637,0.8045207199665132
0.5537309132814751,0.8045207199665132
0.5536666186428468,0.8043114273754709
0.5537463976945245,0.8043114273754709
0.5535534092547211,0.8036835496023441
0.5536332179930796,0.8036835496023441
0.5537130497476568,0.8036835496023441
0.5537929045284107,0.8036835496023441
0.553872782345305,0.8036835496023441
0.5539526832083093,0.8036835496023441
0.5540326071273987,0.8036835496023441
0.553968253968254,0.8034742570113018
0.5540482032039256,0.8034742570113018
0.5541281755196305,0.8034742570113018
0.5542081709253646,0.8034742570113018
0.5542881894311291,0.8034742570113018
0.5542238267148014,0.8032649644202595
0.5540306269864201,0.8026370866471327
0.5541106776477388,0.8026370866471327
0.5541907514450867,0.8026370866471327
0.5542708483884955,0.8026370866471327
0.5543509684880024,0.8026370866471327
0.5541576283441794,0.8020092088740058
0.5542377784205959,0.8020092088740058
0.5543179516852307,0.8020092088740058
0.5543981481481481,0.8020092088740058
0.5544783678194183,0.8020092088740058
0.5545586107091173,0.8020092088740058
0.5546388768273267,0.8020092088740058
0.5547191661841343,0.8020092088740058
0.5547994787896338,0.8020092088740058
0.554670528602462,0.8015906236919214
0.5547508690614137,0.8015906236919214
0.5548312327973345,0.8015906236919214
0.554911619820342,0.8015906236919214
0.5548471236052746,0.8013813311008791
0.5547180750833454,0.8009627459187945
0.5547984923166135,0.8009627459187945
0.5548789328693635,0.8009627459187945
0.5549593967517401,0.8009627459187945
0.5550398839738941,0.8009627459187945
0.5549753408761242,0.8007534533277522
0.5550558537646888,0.8007534533277522
0.5551363900174114,0.8007534533277522
0.5552169496444638,0.8007534533277522
0.5552975326560232,0.8007534533277522
0.555232980113224,0.80054416073671
0.5553135888501742,0.80054416073671
0.5553942209960796,0.80054416073671
0.5554748765611386,0.80054416073671
0.5555555555555556,0.80054416073671
0.555636257989541,0.80054416073671
0.555716983873311,0.80054416073671
0.555797733217088,0.80054416073671
0.5558785060311001,0.80054416073671
0.5559593023255814,0.80054416073671
0.5560401221107719,0.80054416073671
0.5559755742948531,0.8003348681456677
0.5560564199505599,0.8003348681456677
0.5561372891215823,0.8003348681456677
0.5560727272727273,0.8001255755546254
0.5561536223450684,0.8001255755546254
0.5562345409573695,0.8001255755546254
0.5563154831199069,0.8001255755546254
0.5563964488429631,0.8001255755546254
0.5564774381368268,0.8001255755546254
0.5564128694133061,0.7999162829635831
0.5564938846825859,0.7999162829635831
0.5565749235474006,0.7999162829635831
0.5565103408097873,0.7997069903725408
0.5565914056809905,0.7997069903725408
0.5566724941724942,0.7997069903725408
0.5567536062946233,0.7997069903725408
0.5568347420577091,0.7997069903725408
0.5567055393586006,0.7992884051904563
0.556786703601108,0.7992884051904563
0.5568678915135608,0.7992884051904563
0.5569491031063147,0.7992884051904563
0.5568198395331875,0.7988698200083717
0.5569010796615115,0.7988698200083717
0.5568364220049613,0.7986605274173294
0.5569176882661997,0.7986605274173294
0.5569989782513501,0.7986605274173294
0.5570802919708029,0.7986605274173294
0.557161629434954,0.7986605274173294
0.5572429906542056,0.7986605274173294
0.557324375638966,0.7986605274173294
0.5574057843996494,0.7986605274173294
0.5574872169466764,0.7986605274173294
0.5576501534414731,0.7986605274173294
0.5575855013154049,0.7984512348262871
0.5575208302879696,0.7982419422352449
0.5576023391812865,0.7982419422352449
0.5576838719110981,0.7982419422352449
0.5577654284878619,0.7982419422352449
0.5578470089220419,0.7982419422352449
0.5579286132241077,0.7982419422352449
0.5578639356254572,0.7980326496442026
0.5577992390986245,0.7978233570531603
0.5578808722376701,0.7978233570531603
0.5578161592505855,0.797614064462118
0.557897818767384,0.797614064462118
0.5579795021961933,0.797614064462118
0.5580612095475179,0.797614064462118
0.557931741614179,0.7971954792800335
0.5578669791971872,0.7969861866889912
0.5579487179487179,0.7969861866889912
0.5578839390386869,0.7967768940979489
0.5579657042356735,0.7967768940979489
0.558047493403694,0.7967768940979489
0.5579178885630498,0.7963583089158643
0.5579997067018625,0.7963583089158643
0.5580815488413025,0.7963583089158643
0.5581634149919319,0.7963583089158643
0.5582453051643192,0.7963583089158643
0.5583272193690388,0.7963583089158643
0.5584091576166715,0.7963583089158643
0.5584911199178042,0.7963583089158643
0.5585731062830299,0.7963583089158643
0.5586551167229482,0.7963583089158643
0.5587371512481645,0.7963583089158643
0.5588192098692907,0.7963583089158643
0.5589012925969448,0.7963583089158643
0.5588364918466284,0.7961490163248222
0.55877167205407,0.7959397237337799
0.5587068332108743,0.7957304311427376
0.5587889476778366,0.7957304311427376
0.5588710862854623,0.7957304311427376
0.5589532490443987,0.7957304311427376
0.5587586409766142,0.7951025533696107
0.5588408355398646,0.7951025533696107
0.5587759305575989,0.7948932607785685
0.5588581518540318,0.7948932607785685
0.5589403973509933,0.7948932607785685
0.5588754783632617,0.7946839681875262
0.558957750625644,0.7946839681875262
0.559040047114252,0.7946839681875262
0.559122367839788,0.7946839681875262
0.5592047128129602,0.7946839681875262
0.5590748379493223,0.7942653830054416
0.5591572123176661,0.7942653830054416
0.5592396109637489,0.7942653830054416
0.559322033898305,0.7942653830054416
0.5594044811320755,0.7942653830054416
0.5594869526758072,0.7942653830054416
0.55935702698717,0.7938467978233571
0.5594395280235989,0.7938467978233571
0.5595220534002066,0.7938467978233571
0.5596046031277663,0.7938467978233571
0.5596871772170577,0.7938467978233571
0.5597697756788665,0.7938467978233571
0.5598523985239853,0.7938467978233571
0.5599350457632123,0.7938467978233571
0.5597400679367892,0.7932189200502302
0.5596750369276219,0.7930096274591879
0.5594147206621342,0.7921724570950188
0.5594974131559497,0.7921724570950188
0.5595801301005322,0.7921724570950188
0.5596628715067278,0.7921724570950188
0.559745637385389,0.7921724570950188
0.5598284277473746,0.7921724570950188
0.5596981802041722,0.7917538719129343
0.5596330275229358,0.791544579321892
0.5597158502293917,0.791544579321892
0.5597986974541148,0.791544579321892
0.559881569207994,0.791544579321892
0.5599644655019248,0.791544579321892
0.5600473863468088,0.791544579321892
0.5599822274881516,0.7913352867308497
0.5600651755295512,0.7913352867308497
0.5601481481481482,0.7913352867308497
0.5600829752555935,0.7911259941398074
0.5601659751037344,0.7911259941398074
0.5602489995553579,0.7911259941398074
0.5603320486214053,0.7911259941398074
0.5602668643439584,0.7909167015487651
0.560349940688019,0.7909167015487651
0.5604330416728459,0.7909167015487651
0.5603026257231865,0.7904981163666807
0.5601721323638522,0.7900795311845961
0.560106856634016,0.7898702385935538
0.5601899955469793,0.7898702385935538
0.5602731591448931,0.7898702385935538
0.5603563474387527,0.7898702385935538
0.5604395604395604,0.7898702385935538
0.5605227981583246,0.7898702385935538
0.5606060606060606,0.7898702385935538
0.5606893477937899,0.7898702385935538
0.5607726597325409,0.7898702385935538
0.5608559964333482,0.7898702385935538
0.5609393579072532,0.7898702385935538
0.561022744165304,0.7898702385935538
0.5609574784418674,0.7896609460025115
0.5610408921933085,0.7896609460025115
0.5611243307555027,0.7896609460025115
0.561207794139521,0.7896609460025115
0.5612912823564415,0.7896609460025115
0.5613747954173486,0.7896609460025115
0.5614583333333333,0.7896609460025115
0.5615418961154933,0.7896609460025115
0.561625483774933,0.7896609460025115
0.5615602203364597,0.7894516534114693
0.5616438356164384,0.7894516534114693
0.5615785554728221,0.789242360820427
0.561662198391421,0.789242360820427
0.5615969015343364,0.7890330682293847
0.5615315852205006,0.7888237756383424
0.5616152585307703,0.7888237756383424
0.561698956780924,0.7888237756383424
0.5616336264719034,0.7886144830473001
0.5617173524150268,0.7886144830473001
0.5618011033248844,0.7886144830473001
0.5618848792126454,0.7886144830473001
0.5617541766109785,0.7881958978652156
0.561688796061465,0.7879866052741733
0.5617726051924798,0.7879866052741733
0.561707207879421,0.787777312683131
0.5617910447761194,0.787777312683131
0.561874906702493,0.787777312683131
0.5618094953717527,0.7875680200920887
0.561893385097805,0.7875680200920887
0.5619772998805257,0.7875680200920887
0.5619118745332338,0.7873587275010465
0.5619958171496863,0.7873587275010465
0.5620797848498431,0.7873587275010465
0.5621637776449492,0.7873587275010465
0.5622477955462561,0.7873587275010465
0.562116908357004,0.7869401423189619
0.562200956937799,0.7869401423189619
0.5622850306564977,0.7869401423189619
0.5622195632665271,0.7867308497279196
0.562303664921466,0.7867308497279196
0.5622381807301018,0.7865215571368773
0.5623223103396678,0.7865215571368773
0.5624064651302005,0.7865215571368773
0.5624906451130071,0.7865215571368773
0.5622941000299491,0.7858936793637505
0.5623783136138985,0.7858936793637505
0.5624625524266027,0.7858936793637505
0.5625468164794007,0.7858936793637505
0.562631105783638,0.7858936793637505
0.5627154203506669,0.7858936793637505
0.5627997601918465,0.7858936793637505
0.5628841253185429,0.7858936793637505
0.5628185907046477,0.7856843867727082
0.5629029839556156,0.7856843867727082
0.5629874025194961,0.7856843867727082
0.5627906976744186,0.7850565089995815
0.562875150060024,0.7850565089995815
0.5629596277952874,0.7850565089995815
0.5628940258180727,0.7848472164085392
0.562828404143522,0.7846379238174969
0.5629129129129129,0.7846379238174969
0.5629974470641237,0.7846379238174969
0.5628661559260928,0.7842193386354123
0.5629507211538461,0.7842193386354123
0.5630353117956424,0.7842193386354123
0.5629696423204088,0.7840100460443701
0.5629039531038629,0.7838007534533278
0.5629885748647023,0.7838007534533278
0.5628571428571428,0.7833821682712432
0.5627913972025869,0.7831728756802009
0.5628760529482552,0.7831728756802009
0.5629607341657891,0.7831728756802009
0.5630454408666867,0.7831728756802009
0.562979683972912,0.7829635830891587
0.5629139072847682,0.7827542904981164
0.562998645190426,0.7827542904981164
0.5628670380966722,0.7823357053160318
0.5629518072289157,0.7823357053160318
0.5630366018978762,0.7823357053160318
0.5631214221150949,0.7823357053160318
0.5629897528631705,0.7819171201339472
0.5630746043707611,0.7819171201339472
0.5631594814591498,0.7819171201339472
0.5632443841399065,0.7819171201339472
0.5633293124246079,0.7819171201339472
0.5634142663248379,0.7819171201339472
0.563499245852187,0.7819171201339472
0.5635842510182532,0.7819171201339472
0.5636692818346409,0.7819171201339472
0.5637543383129622,0.7819171201339472
0.5638394204648355,0.7819171201339472
0.5637735849056604,0.781707827542905
0.563858695652174,0.781707827542905
0.5639438321002567,0.781707827542905
0.5640289942615524,0.781707827542905
0.5639631475607915,0.7814985349518627
0.56404833836858,0.7814985349518627
0.5641335549176613,0.7814985349518627
0.5642187972197038,0.7814985349518627
0.5643040652863835,0.7814985349518627
0.5642382103990327,0.7812892423608204
0.56432350718065,0.7812892423608204
0.564408829755065,0.7812892423608204
0.5643429608347195,0.7810799497697781
0.5644283121597096,0.7810799497697781
0.5641646489104116,0.780242779405609
0.564250037838656,0.780242779405609
0.564118092354277,0.7798241942235244
0.5642035130224107,0.7798241942235244
0.5642889595638346,0.7798241942235244
0.564374431990306,0.7798241942235244
0.5644599303135889,0.7798241942235244
0.5645454545454546,0.7798241942235244
0.5646310046976815,0.7798241942235244
0.5643669446550417,0.7789870238593554
0.5641025641025641,0.7781498534951863
0.5641881638846737,0.7781498534951863
0.5641220215510699,0.777940560904144
0.5642933049946866,0.777940560904144
0.5643789857273004,0.777940560904144
0.5644646924829158,0.777940560904144
0.5643323712593042,0.7775219757220594
0.5641999696094818,0.7771033905399749
0.5641337386018237,0.7768940979489326
0.5640674874601003,0.7766848053578903
0.5639349247377223,0.7762662201758058
0.5640206812652068,0.7762662201758058
0.564106463878327,0.7762662201758058
0.5640401581989656,0.7760569275847635
0.5641259698767686,0.7760569275847635
0.5642118076688983,0.7760569275847635
0.5642976715872774,0.7760569275847635
0.5643835616438356,0.7760569275847635
0.5644694778505099,0.7760569275847635
0.5645554202192449,0.7760569275847635
0.5644891122278057,0.7758476349937212
0.5644227840389887,0.7756383424026789
0.5645087585681645,0.7756383424026789
0.564594759293114,0.7756383424026789
0.5646807862258114,0.7756383424026789
0.5647668393782384,0.7756383424026789
0.5647005029721079,0.7754290498116366
0.5647865853658537,0.7754290498116366
0.5648726940082329,0.7754290498116366
0.5647399725484216,0.7750104646295521
0.5648261134838316,0.7750104646295521
0.5649122807017544,0.7750104646295521
0.5647794903097818,0.7745918794474675
0.5644471594379963,0.7735454164922562
0.564533374064457,0.7735454164922562
0.5646196150320807,0.7735454164922562
0.5644865525672371,0.7731268313101716
0.5643534087435035,0.7727082461280871
0.5642201834862385,0.7722896609460025
0.5643064688790335,0.7722896609460025
0.5642398286937902,0.7720803683549602
0.5643261434908979,0.7720803683549602
0.5644124847001224,0.7720803683549602
0.5644988523335883,0.7720803683549602
0.5645852464034282,0.7720803683549602
0.5645185978876474,0.771871075763918
0.5646050214329456,0.771871075763918
0.564691471443883,0.771871075763918
0.564624808575804,0.7716617831728757
0.5644914215686274,0.7712431979907911
0.5644246974107553,0.7710339053997488
0.5645111860251303,0.7710339053997488
0.5645977011494253,0.7710339053997488
0.5645309625996321,0.7708246128087066
0.5646175072819255,0.7708246128087066
0.5647040785035266,0.7708246128087066
0.5646373255635638,0.7706153202176643
0.5647239263803681,0.7706153202176643
0.5645903651426818,0.7701967350355797
0.5643898695318496,0.7695688572624529
0.5644765121277249,0.7695688572624529
0.5645631813296484,0.7695688572624529
0.5646498771498771,0.7695688572624529
0.5647365996006758,0.7695688572624529
0.5646697388632872,0.7693595646714106
0.5647564910124443,0.7693595646714106
0.5648432698217578,0.7693595646714106
0.5647763946519133,0.7691502720803683
0.5647094989240701,0.768940979489326
0.5648831488314883,0.768940979489326
0.5648162386590804,0.7687316868982838
0.5649031067363888,0.7687316868982838
0.5649900015382249,0.7687316868982838
0.565076923076923,0.7687316868982838
0.5651638713648254,0.7687316868982838
0.5652508464142814,0.7687316868982838
0.5653378482376481,0.7687316868982838
0.5654248768472906,0.7687316868982838
0.5650901247881682,0.7676852239430724
0.5651771956856703,0.7676852239430724
0.5652642934196332,0.7676852239430724
0.5653514180024661,0.7676852239430724
0.5654385694465854,0.7676852239430724
0.5655257477644157,0.7676852239430724
0.5654587509637625,0.7674759313520302
0.5653246953570877,0.7670573461699456
0.5654119099043505,0.7670573461699456
0.56549915136553,0.7670573461699456
0.5654320987654321,0.7668480535789033
0.565365025466893,0.766638760987861
0.5654523000926212,0.766638760987861
0.5655396016674387,0.766638760987861
0.5656269302038295,0.766638760987861
0.5657142857142857,0.766638760987861
0.5658016682113067,0.766638760987861
0.5658890777073999,0.766638760987861
0.5659765142150803,0.766638760987861
0.5660639777468707,0.766638760987861
0.5661514683153014,0.766638760987861
0.5660844025351677,0.7664294683968188
0.5661719233147805,0.7664294683968188
0.5662594711612804,0.7664294683968188
0.5663470460872255,0.7664294683968188
0.5664346481051817,0.7664294683968188
0.5665222772277227,0.7664294683968188
0.5666099334674299,0.7664294683968188
0.5666976168368926,0.7664294683968188
0.5667853273487077,0.7664294683968188
0.5668730650154798,0.7664294683968188
0.566960829849822,0.7664294683968188
0.5668266997057457,0.7660108832147342
0.5669144981412639,0.7660108832147342
0.5670023237800155,0.7660108832147342
0.5669352339634335,0.7658015906236919
0.5670230900356423,0.7658015906236919
0.5669559826410415,0.7655922980326496
0.5670438691675709,0.7655922980326496
0.5671317829457364,0.7655922980326496
0.5667959658650117,0.7645458350774382
0.5666614930932795,0.7641272498953537
0.5667494566904688,0.7641272498953537
0.5668374476013042,0.7641272498953537
0.5667029041776673,0.7637086647132691
0.5667909288598943,0.7637086647132691
0.5668789808917197,0.7637086647132691
0.5669670602858918,0.7637086647132691
0.567055167055167,0.7637086647132691
0.5671433012123096,0.7637086647132691
0.5672314627700917,0.7637086647132691
0.5673196517412935,0.7637086647132691
0.5674078681387031,0.7637086647132691
0.5674961119751166,0.7637086647132691
0.5672942274778279,0.7630807869401424
0.5673825085589791,0.7630807869401424
0.5674708171206225,0.7630807869401424
0.5675591531755916,0.7630807869401424
0.5676475167367274,0.7630807869401424
0.5677359078168794,0.7630807869401424
0.567601246105919,0.7626622017580578
0.5675338837825207,0.7624529091670155
0.5676223122468058,0.7624529091670155
0.5675549322113137,0.7622436165759732
0.567643391521197,0.7622436165759732
0.5675759937646142,0.762034323984931
0.5675085749922045,0.7618250313938887
0.5675970684547014,0.7618250313938887
0.5676855895196506,0.7618250313938887
0.5677741381999688,0.7618250313938887
0.5677067082683307,0.7616157388028464
0.5676392572944297,0.7614064462118041
0.5677278401997503,0.7614064462118041
0.5676603714687061,0.7611971536207618
0.5677489853262566,0.7611971536207618
0.5676814988290398,0.7609878610297196
0.5676139912554653,0.7607785684386773
0.567702639387787,0.7607785684386773
0.5677913152139956,0.7607785684386773
0.5678800187470707,0.7607785684386773
0.56796875,0.7607785684386773
0.5679012345679012,0.760569275847635
0.5679899968740232,0.760569275847635
0.568078786931374,0.760569275847635
0.5681676047529706,0.760569275847635
0.5681000781860829,0.7603599832565927
0.5681889271191742,0.7603599832565927
0.5682778038479587,0.7603599832565927
0.5683667083854819,0.7603599832565927
0.5682991707088093,0.7601506906655504
0.5681640319298795,0.7597321054834659
0.5682529743268628,0.7597321054834659
0.5683419445749178,0.7597321054834659
0.5684309426871281,0.7597321054834659
0.5685199686765857,0.7597321054834659
0.5684523809523809,0.7595228128924236
0.568541438195206,0.7595228128924236
0.5684738326543404,0.7593135203013813
0.5685629211722301,0.7593135203013813
0.5686520376175549,0.7593135203013813
0.5687411820034488,0.7593135203013813
0.5688303543430543,0.7593135203013813
0.5689195546495217,0.7593135203013813
0.5688519447929736,0.759104227710339
0.5689411764705883,0.759104227710339
0.5690304361468466,0.759104227710339
0.5691197238349286,0.759104227710339
0.5692090395480226,0.759104227710339
0.569298383299325,0.759104227710339
0.5693877551020409,0.759104227710339
0.569477154969383,0.759104227710339
0.5695665829145728,0.759104227710339
0.5693637077769049,0.7584763499372122
0.5694531741043369,0.7584763499372122
0.5696321911348633,0.7584763499372122
0.5697217418644868,0.7584763499372122
0.569811320754717,0.7584763499372122
0.5697436703884259,0.75826705734617
0.5698332809059453,0.75826705734617
0.5695624803273528,0.7574298869820009
0.5696521328506218,0.7574298869820009
0.5695843828715366,0.7572205943909586
0.5695166115572351,0.7570113017999163
0.5694488188976378,0.756802009208874
0.5692453127461793,0.7561741314357472
0.569335014182162,0.7561741314357472
0.569424743892829,0.7561741314357472
0.5695145018915511,0.7561741314357472
0.5696042881917074,0.7561741314357472
0.5696941028066856,0.7561741314357472
0.5697839457498817,0.7561741314357472
0.5698738170347003,0.7561741314357472
0.5699637166745544,0.7561741314357472
0.569760101010101,0.7555462536626203
0.5698500394632992,0.7555462536626203
0.5699400063151248,0.7555462536626203
0.5698720985315017,0.7553369610715781
0.5699620972836387,0.7553369610715781
0.569826224328594,0.7549183758894935
0.5697582556486017,0.7547090832984512
0.5695542206765729,0.7540812055253244
0.5694861660079051,0.7538719129342821
0.5694180898165718,0.7536626203432398
0.5695081448679424,0.7536626203432398
0.5694400506168934,0.7534533277521975
0.5695301376364499,0.7534533277521975
0.569620253164557,0.7534533277521975
0.5695521443266339,0.7532440351611553
0.5696422918645141,0.7532440351611553
0.5697324679436442,0.7532440351611553
0.5696643445218492,0.753034742570113
0.5697545526524149,0.753034742570113
0.5696864111498258,0.7528254499790707
0.5697766513543482,0.7528254499790707
0.5697084917617237,0.7526161573880285
0.5697987640627475,0.7526161573880285
0.56973058637084,0.7524068647969862
0.5698208907909336,0.7524068647969862
0.5699112238427394,0.7524068647969862
0.5696383248730964,0.7515696944328171
0.569728700618753,0.7515696944328171
0.5698191050460172,0.7515696944328171
0.5699095381685447,0.7515696944328171
0.57,0.7515696944328171
0.5700904905540563,0.7515696944328171
0.570181009844395,0.7515696944328171
0.5701127521041766,0.7513604018417748
0.5698395042110281,0.7505232314776057
0.5699300699300699,0.7505232314776057
0.5700206644412653,0.7505232314776057
0.5701112877583466,0.7505232314776057
0.5702019398950549,0.7505232314776057
0.57029262086514,0.7505232314776057
0.5703833306823605,0.7505232314776057
0.57017823042648,0.7498953537044789
0.5701098201496101,0.7496860611134366
0.5702005730659025,0.7496860611134366
0.5701321445629677,0.7494767685223943
0.5699952221691352,0.7490581833403097
0.5699267282574069,0.7488488907492675
0.5700175242950454,0.7488488907492675
0.5701083492670491,0.7488488907492675
0.570199203187251,0.7488488907492675
0.5702900860694932,0.7488488907492675
0.5701530612244898,0.7484303055671829
0.5700159489633174,0.7480117203850983
0.5701068750996969,0.7480117203850983
0.5700382897255903,0.747802427794056
0.5699696824636987,0.7475931352030138
0.5700606447494414,0.7475931352030138
0.5699233716475096,0.7471745500209293
0.5700143701101709,0.7471745500209293
0.5699457042478442,0.746965257429887
0.5700367353457914,0.746965257429887
0.5699680511182109,0.7467559648388447
0.5700591148745806,0.7467559648388447
0.5701502077341003,0.7467559648388447
0.5702413297107239,0.7467559648388447
0.5703324808184144,0.7467559648388447
0.5704236610711431,0.7467559648388447
0.570514870482891,0.7467559648388447
0.5706061090676475,0.7467559648388447
0.5706973768394114,0.7467559648388447
0.57078867381219,0.7467559648388447
0.57088,0.7467559648388447
0.5709713554168667,0.7467559648388447
0.5710627400768246,0.7467559648388447
0.5709940771570354,0.7465466722478025
0.5710854947166186,0.7465466722478025
0.5710168134507606,0.7463373796567602
0.571108263933376,0.7463373796567602
0.5711997437129586,0.7463373796567602
0.5712912528035886,0.7463373796567602
0.5713827912193559,0.7463373796567602
0.5714743589743589,0.7463373796567602
0.5715659560827056,0.7463373796567602
0.5716575825585123,0.7463373796567602
0.5717492384159051,0.7463373796567602
0.5716805644644003,0.7461280870657179
0.5717722534081796,0.7461280870657179
0.5718639717677254,0.7461280870657179
0.5719557195571956,0.7461280870657179
0.5720474967907574,0.7461280870657179
0.572139303482587,0.7461280870657179
0.57223113964687,0.7461280870657179
0.5723230052978006,0.7461280870657179
0.5721169290073884,0.7455002092925911
0.5722088353413655,0.7455002092925911
0.5723007712082262,0.7455002092925911
0.5723927366222079,0.7455002092925911
0.5724847315975571,0.7455002092925911
0.5725767561485292,0.7455002092925911
0.5726688102893891,0.7455002092925911
0.5725313605660984,0.7450816241105065
0.5726234518256393,0.7450816241105065
0.5727155727155727,0.7450816241105065
0.5728077232502011,0.7450816241105065
0.5728999034438365,0.7450816241105065
0.5730843528654218,0.7450816241105065
0.5731766221220416,0.7450816241105065
0.573268921095008,0.7450816241105065
0.5733612497986793,0.7450816241105065
0.5732237796036733,0.7446630389284219
0.573155011279407,0.7444537463373797
0.5732473811442386,0.7444537463373797
0.5733397807865893,0.7444537463373797
0.5732709979042399,0.7442444537463374
0.5729956444587837,0.7434072833821682
0.5730880929332043,0.7434072833821682
0.5731805712441504,0.7434072833821682
0.5731116849580374,0.743197990791126
0.5729738456570875,0.7427794056090414
0.5726978998384491,0.7419422352448724
0.572790434642107,0.7419422352448724
0.5728829993535876,0.7419422352448724
0.5728139647648295,0.74173294265383
0.5726758286176232,0.7413143574717455
0.5726067270375161,0.7411050648807033
0.5724684568100938,0.7406864796986187
0.5723992881410775,0.7404771871075764
0.5724919093851133,0.7404771871075764
0.5724227221233209,0.7402678945165341
0.5723535124635805,0.7400586019254919
0.5722842803950138,0.7398493093344496
0.5722150259067358,0.7396400167434073
0.5723076923076923,0.7396400167434073
0.5722384191771946,0.739430724152365
0.5723311193908959,0.739430724152365
0.5724238496435515,0.739430724152365
0.5723545616593745,0.7392214315613227
0.5724473257698541,0.7392214315613227
0.5725401199546117,0.7392214315613227
0.5726329442282749,0.7392214315613227
0.5727257986054808,0.7392214315613227
0.5728186831008758,0.7392214315613227
0.5729115977291159,0.7392214315613227
0.573004542504867,0.7392214315613227
0.5730975174428038,0.7392214315613227
0.5730282375851996,0.7390121389702804
0.5731212465508846,0.7390121389702804
0.5732142857142857,0.7390121389702804
0.573307355090112,0.7390121389702804
0.5734004546930822,0.7390121389702804
0.5734935845379243,0.7390121389702804
0.5735867446393762,0.7390121389702804
0.5736799350121852,0.7390121389702804
0.5737731556711082,0.7390121389702804
0.5733571893298633,0.7377563834240268
0.5734504636408004,0.7377563834240268
0.5733116354759967,0.7373377982419422
0.5734049479166666,0.7373377982419422
0.5734982907374248,0.7373377982419422
0.5735916639531098,0.7373377982419422
0.5736850675785703,0.7373377982419422
0.5736156351791531,0.7371285056508999
0.5735461801596351,0.7369192130598576
0.5736396220267188,0.7369192130598576
0.573570148280919,0.7367099204688154
0.5734311328443358,0.7362913352867309
0.5733615911313987,0.7360820426956886
0.5732920267405838,0.7358727501046463
0.5733855185909981,0.7358727501046463
0.5734790409394879,0.7358727501046463
0.5735725938009788,0.7358727501046463
0.5736661771904062,0.7358727501046463
0.5737597911227154,0.7358727501046463
0.5738534356128611,0.7358727501046463
0.5735750449126246,0.7350355797404772
0.5735053903952957,0.7348262871494349
0.5734357131187714,0.7346169945583926
0.5735294117647058,0.7346169945583926
0.5734597156398105,0.7344077019673504
0.57355344883949,0.7344077019673504
0.5734837338564656,0.7341984093763081
0.5732046458367414,0.733361239012139
0.5732984293193717,0.733361239012139
0.5731587561374796,0.7329426538300544
0.5732525781633655,0.7329426538300544
0.5733464309102816,0.7329426538300544
0.5732765678729327,0.7327333612390121
0.5733704552898788,0.7327333612390121
0.5734643734643735,0.7327333612390121
0.5735583224115334,0.7327333612390121
0.5734884483041127,0.7325240686479698
0.5734185512946575,0.7323147760569276
0.5735125389280445,0.7323147760569276
0.5736065573770491,0.7323147760569276
0.573700606656829,0.7323147760569276
0.5737946867825516,0.7323147760569276
0.5738887977693948,0.7323147760569276
0.573982939632546,0.7323147760569276
0.5740771123872026,0.7323147760569276
0.5741713160485724,0.7323147760569276
0.5742655506318727,0.7323147760569276
0.5743598161523309,0.7323147760569276
0.5744541126251848,0.7323147760569276
0.5745484400656814,0.7323147760569276
0.5744785679093447,0.7321054834658853
0.5742688136707197,0.7314776056927584
0.5741988496302383,0.7312683131017162
0.5741288625904011,0.731059020510674
0.5742232451093211,0.731059020510674
0.5741532390660967,0.7308497279196317
0.5742476566354218,0.7308497279196317
0.5741776315789474,0.7306404353285894
0.574272084224379,0.7306404353285894
0.5743665679499835,0.7306404353285894
0.5744610827711042,0.7306404353285894
0.5745556287030942,0.7306404353285894
0.5746502057613169,0.7306404353285894
0.5747448139611459,0.7306404353285894
0.5745346730357437,0.7300125575554626
0.5743243243243243,0.7293846797823357
0.5742541618592385,0.7291753871912934
0.5741839762611276,0.7289660946002512
0.574113767518549,0.7287568020092089
0.5742084432717678,0.7287568020092089
0.574303150255649,0.7287568020092089
0.5743978884856483,0.7287568020092089
0.5743276687015344,0.7285475094181666
0.5744224422442245,0.7285475094181666
0.5743522033338835,0.7283382168271243
0.5744470122152525,0.7283382168271243
0.5741658407664354,0.7275010464629552
0.5740954898397489,0.7272917538719129
0.5741903502974224,0.7272917538719129
0.5742852421087423,0.7272917538719129
0.5742148760330579,0.7270824612808706
0.5740740740740741,0.7266638760987861
0.5741690094261618,0.7266638760987861
0.5742639761826,0.7266638760987861
0.5741935483870968,0.7264545835077438
0.5742885506287227,0.7264545835077438
0.5743835843124276,0.7264545835077438
0.5744786494538232,0.7264545835077438
0.5745737460685317,0.7264545835077438
0.5745033112582781,0.7262452909167015
0.5745984434509025,0.7262452909167015
0.574693607154687,0.7262452909167015
0.5747888023852907,0.7262452909167015
0.5747183565275017,0.7260359983256592
0.5748135874067937,0.7260359983256592
0.5749088498508452,0.7260359983256592
0.5750041438753523,0.7260359983256592
0.5750994694960212,0.7260359983256592
0.575194826728569,0.7260359983256592
0.5752902155887231,0.7260359983256592
0.5753856360922209,0.7260359983256592
0.5754810882548109,0.7260359983256592
0.5754106520657043,0.7258267057346169
0.5755061400597411,0.7258267057346169
0.5756016597510374,0.7258267057346169
0.5753197143331672,0.7249895353704479
0.5751786010965276,0.7245709501883634
0.5752741774675972,0.7245709501883634
0.5750623441396508,0.7239430724152365
0.5751579647489192,0.7239430724152365
0.5752536171628139,0.7239430724152365
0.5753493013972056,0.7239430724152365
0.5754450174679754,0.7239430724152365
0.5753743760399335,0.7237337798241942
0.5754701281411216,0.7237337798241942
0.5753287830863992,0.7233151946421097
0.5751873438801,0.7228966094600251
0.5749750083305565,0.7222687316868983
0.5750708215297451,0.7222687316868983
0.575,0.722059439095856
0.575095849308218,0.722059439095856
0.5749541437385359,0.7216408539137714
0.5750500333555704,0.7216408539137714
0.5751459549624687,0.7216408539137714
0.5752419085752419,0.7216408539137714
0.5751710328716836,0.7214315613227291
0.5750292104823903,0.7210129761406446
0.5751252086811353,0.7210129761406446
0.5749832999331997,0.72059439095856
0.575079338566895,0.72059439095856
0.5748663101604278,0.7199665131854333
0.574962393448103,0.7199665131854333
0.5746780398059876,0.7191293428212642
0.5744645247657296,0.7185014650481373
0.574560669456067,0.7185014650481373
0.5744894543019752,0.718292172457095
0.5744182153021932,0.7180828798660528
0.5745144005358339,0.7180828798660528
0.5746106179869369,0.7180828798660528
0.5747068676716918,0.7180828798660528
0.5745643431635389,0.7176642946839682
0.5744217230975528,0.7172457095018836
0.5745180217937972,0.7172457095018836
0.5744466800804829,0.7170364169108413
0.5745430152607748,0.7170364169108413
0.574639382757464,0.7170364169108413
0.5745680254990774,0.7168271243197991
0.574496644295302,0.7166178317287568
0.5745930525255916,0.7166178317287568
0.5746894931184962,0.7166178317287568
0.5746180963572268,0.7164085391377145
0.5745466756212223,0.7161992465466722
0.574403762176688,0.7157806613645877
0.574260752688172,0.7153620761825031
0.5743572508822047,0.7153620761825031
0.5744537815126051,0.7153620761825031
0.5745503445957304,0.7153620761825031
0.5744788164088769,0.7151527835914608
0.5744072641668068,0.7149434910004185
0.5745038681466532,0.7149434910004185
0.5746005046257359,0.7149434910004185
0.574528936742934,0.7147341984093764
0.574625609961299,0.7147341984093764
0.5747223157186132,0.7147341984093764
0.5748190540313078,0.7147341984093764
0.5747474747474748,0.714524905818334
0.5746758713588146,0.7143156132272918
0.5747726507241495,0.7143156132272918
0.5748694626915951,0.7143156132272918
0.574966307277628,0.7143156132272918
0.5750631844987363,0.7143156132272918
0.5749915739804516,0.7141063206362495
0.57508848811731,0.7141063206362495
0.5750168577208361,0.7138970280452072
0.575113808801214,0.7138970280452072
0.5752107925801012,0.7138970280452072
0.5753078090740429,0.7138970280452072
0.5754048582995951,0.7138970280452072
0.5755019402733255,0.7138970280452072
0.5754303071211609,0.713687735454165
0.5755274261603376,0.713687735454165
0.575624577987846,0.713687735454165
0.5757217626202937,0.713687735454165
0.5756501182033097,0.7134784428631227
0.5757473399763553,0.7134784428631227
0.5758445945945946,0.7134784428631227
0.575772934617334,0.7132691502720804
0.5755578093306288,0.7126412724989535
0.5756551141166526,0.7126412724989535
0.5755115846440048,0.712222687316869
0.5752961082910322,0.7115948095437421
0.5753934675918091,0.7115948095437421
0.5752497037413239,0.7111762243616576
0.5753471046393498,0.7111762243616576
0.5754445385266723,0.7111762243616576
0.5752287360216876,0.7105483465885307
0.575326215895611,0.7105483465885307
0.5754237288135593,0.7105483465885307
0.5755212747923377,0.7105483465885307
0.5751611808618935,0.7095018836333193
0.5752587816052944,0.7095018836333193
0.5751866938221317,0.7092925910422772
0.5752843320319131,0.7092925910422772
0.5753820033955858,0.7092925910422772
0.5753098998132111,0.7090832984512349
0.575165619160863,0.7086647132691503
0.5752633367312266,0.7086647132691503
0.5751911639762107,0.708455420678108
0.5750467448580656,0.7080368354960235
0.5751445086705202,0.7080368354960235
0.575242305730318,0.7080368354960235
0.5754379996598061,0.7080368354960235
0.5755358965634569,0.7080368354960235
0.575633826782372,0.7080368354960235
0.5755616065350578,0.7078275429049812
0.5756595744680851,0.7078275429049812
0.5755150689596459,0.7074089577228966
0.5756130790190735,0.7074089577228966
0.5754684838160137,0.7069903725408121
0.5755665360368035,0.7069903725408121
0.5752770673486786,0.7061532021766429
0.57537517053206,0.7061532021766429
0.5754733071806243,0.7061532021766429
0.5755714773114978,0.7061532021766429
0.5754266211604095,0.7057346169945584
0.5755248335893497,0.7057346169945584
0.5753073770491803,0.7051067392214315
0.5755039289374786,0.7051067392214315
0.575602255253716,0.7051067392214315
0.5757006151742994,0.7051067392214315
0.5756280977610665,0.7048974466303893
0.5757264957264957,0.7048974466303893
0.5755813953488372,0.7044788614483047
0.5756798358132376,0.7044788614483047
0.5756072528224427,0.7042695688572624
0.5755346449957228,0.7040602762662201
0.5756331279945243,0.7040602762662201
0.5755604997432826,0.7038509836751778
0.5754878466278671,0.7036416910841357
0.5755863721965417,0.7036416910841357
0.5754410001712622,0.7032231059020511
0.5755395683453237,0.7032231059020511
0.5756381702929587,0.7032231059020511
0.5754199520054851,0.7025952281289243
0.5755186010629179,0.7025952281289243
0.5754458161865569,0.702385935537882
0.5753730063453953,0.7021766429468397
0.5752273117172757,0.7017580577647551
0.5751544269045985,0.7015487651737129
0.5750815170756821,0.7013394725826706
0.5751802265705458,0.7013394725826706
0.5752789699570815,0.7013394725826706
0.5753777472527473,0.7013394725826706
0.5754765584750129,0.7013394725826706
0.5755754036413604,0.7013394725826706
0.5756742827692837,0.7013394725826706
0.5757731958762886,0.7013394725826706
0.5758721429798934,0.7013394725826706
0.5757992437263665,0.7011301799916283
0.5758982293278322,0.7011301799916283
0.5759972489683631,0.7011301799916283
0.5760963026655203,0.7011301799916283
0.5761953904368765,0.7011301799916283
0.5762945123000172,0.7011301799916283
0.5761486835312338,0.7007115948095437
0.5762478485370052,0.7007115948095437
0.5763470476846273,0.7007115948095437
0.5764462809917356,0.7007115948095437
0.5762273901808785,0.7000837170364169
0.5763266712611992,0.7000837170364169
0.5764259865586765,0.7000837170364169
0.5765253360910031,0.7000837170364169
0.5763793103448276,0.6996651318543323
0.5762331838565022,0.6992465466722478
0.5763325858202518,0.6992465466722478
0.576432022084196,0.6992465466722478
0.5765314926660915,0.6992465466722478
0.5766309975837073,0.6992465466722478
0.5764848066298343,0.6988279614901632
0.5765843550336729,0.6988279614901632
0.5764380722059077,0.6984093763080786
0.5765376641326884,0.6984093763080786
0.5766372904786591,0.6984093763080786
0.5765641202903561,0.6982000837170365
0.5766637856525497,0.6982000837170365
0.5767634854771784,0.6982000837170365
0.5769629885852646,0.6982000837170365
0.576889811451306,0.6979907911259942
0.5769896193771626,0.6979907911259942
0.5770894618446097,0.6979907911259942
0.5770162686050536,0.6977814985349519
0.5771161502509953,0.6977814985349519
0.5770429362880887,0.6975722059439096
0.5771428571428572,0.6975722059439096
0.5772428126082438,0.6975722059439096
0.5773428027022346,0.6975722059439096
0.5772695772695773,0.6973629133528673
0.5773696066539594,0.6973629133528673
0.5774696707105719,0.6973629133528673
0.5773964291905009,0.6971536207618251
0.57749653259362,0.6971536207618251
0.5775966707126756,0.6971536207618251
0.5774501300954032,0.6967350355797405
0.5775503122831367,0.6967350355797405
0.577650529238244,0.6967350355797405
0.5777507809788268,0.6967350355797405
0.5778510675229995,0.6967350355797405
0.5780517450946345,0.6967350355797405
0.5781521361583883,0.6967350355797405
0.5780788605176307,0.6965257429886982
0.5781792911744267,0.6965257429886982
0.5781059947871416,0.6963164503976559
0.5783069702763776,0.6963164503976559
0.5781603199443575,0.6958978652155714
0.5780869565217391,0.6956885726245291
0.5781875108714559,0.6956885726245291
0.5782881002087683,0.6956885726245291
0.5781413156978767,0.6952699874424445
0.5780678851174935,0.6950606948514022
0.5781685236768802,0.6950606948514022
0.5782691972836497,0.6950606948514022
0.5781957506095438,0.69485140226036
0.5782964640306567,0.69485140226036
0.578397212543554,0.69485140226036
0.5784979961665796,0.69485140226036
0.5783510545581314,0.6944328170782754
0.5782775453277545,0.6942235244872331
0.5783783783783784,0.6942235244872331
0.5784792465992327,0.6942235244872331
0.5785801500087214,0.6942235244872331
0.578285913772037,0.693386354123064
0.5779912663755459,0.692549183758895
0.5777700104858441,0.6919213059857681
0.5778710015731515,0.6919213059857681
0.577972027972028,0.6919213059857681
0.5780730897009967,0.6919213059857681
0.5779993004547045,0.6917120133947259
0.5781004023089032,0.6917120133947259
0.5782015395381386,0.6917120133947259
0.5783027121609798,0.6917120133947259
0.5784039201960098,0.6917120133947259
0.5785051636618239,0.6917120133947259
0.5784313725490197,0.6915027208036836
0.5785326562773595,0.6915027208036836
0.5786339754816112,0.6915027208036836
0.5785601681555439,0.6912934282126413
0.5784124759067811,0.6908748430305567
0.5785138450753593,0.6908748430305567
0.5784399649430324,0.6906655504395144
0.5783660589060309,0.6904562578484722
0.5784674732596878,0.6904562578484722
0.5783935461241669,0.6902469652574299
0.5784950008770391,0.6902469652574299
0.5785964912280702,0.6902469652574299
0.5786980171959993,0.6902469652574299
0.5787995787995788,0.6902469652574299
0.5789011760575742,0.6902469652574299
0.579002808988764,0.6902469652574299
0.5788549350193186,0.6898283800753453
0.5787809590725452,0.689619087484303
0.5788826423049894,0.689619087484303
0.5789843612721841,0.689619087484303
0.5790861159929701,0.689619087484303
0.5791879064862014,0.689619087484303
0.5790399155969755,0.6892005023022185
0.5791417516707703,0.6892005023022185
0.5792436235708004,0.6892005023022185
0.5793455313159747,0.6892005023022185
0.5789751716851559,0.6881540393470071
0.5790771398379712,0.6881540393470071
0.5791791439140391,0.6881540393470071
0.5791050035236082,0.6879447467559648
0.5790308370044053,0.6877354541649225
0.5788824255244139,0.6873168689828381
0.578984485190409,0.6873168689828381
0.5789102451066831,0.6871075763917958
0.5790123456790124,0.6871075763917958
0.5791144822720057,0.6871075763917958
0.578965943179813,0.6866889912097112
0.5788916343099189,0.6864796986186689
0.5788172992056487,0.6862704060276266
0.5787429378531074,0.6860611134365844
0.5788451350874095,0.6860611134365844
0.5789473684210527,0.6860611134365844
0.5790496378731673,0.6860611134365844
0.5791519434628976,0.6860611134365844
0.5790031813361611,0.6856425282544998
0.5789287608272936,0.6854332356634575
0.5787798408488064,0.685014650481373
0.5787053413512557,0.6848053578903307
0.5788077127189103,0.6848053578903307
0.5789101203113942,0.6848053578903307
0.5788356043178199,0.6845960652992884
0.5789380530973451,0.6845960652992884
0.5786397449521785,0.6837588949351193
0.5787422497785651,0.6837588949351193
0.5785929470139997,0.6833403097530347
0.5785182559376107,0.6831310171619924
0.5782192266761262,0.6822938467978233
0.5783218023771509,0.6822938467978233
0.5784244144783535,0.6822938467978233
0.5785270629991127,0.6822938467978233
0.5786297479588215,0.6822938467978233
0.5787324693768862,0.6822938467978233
0.5788352272727273,0.6822938467978233
0.5789380216657787,0.6822938467978233
0.5790408525754884,0.6822938467978233
0.57881642082815,0.6816659690246966
0.5789193032349804,0.6816659690246966
0.5788444444444445,0.6814566764336543
0.5789473684210527,0.6814566764336543
0.5790503290058687,0.6814566764336543
0.5791533262184276,0.6814566764336543
0.5792563600782779,0.6814566764336543
0.5793594306049822,0.6814566764336543
0.5794625378181171,0.6814566764336543
0.5793876824492702,0.681247383842612
0.5792378917378918,0.6808287986605274
0.5793410507569011,0.6808287986605274
0.5792661204132525,0.6806195060694852
0.5793693212185996,0.6806195060694852
0.5795758331848155,0.6806195060694852
0.5796791443850268,0.6806195060694852
0.5797824924228918,0.6806195060694852
0.579885877318117,0.6806195060694852
0.5799892990904227,0.6806195060694852
0.5800927577595434,0.6806195060694852
0.5800178412132025,0.6804102134784429
0.5802248795288238,0.6804102134784429
0.5803284541235273,0.6804102134784429
0.5804320657025531,0.6804102134784429
0.5805357142857143,0.6804102134784429
0.580639399892838,0.6804102134784429
0.5807431225437656,0.6804102134784429
0.5808468822583527,0.6804102134784429
0.5809506790564689,0.6804102134784429
0.580875781948168,0.6802009208874006
0.5809796210225241,0.6802009208874006
0.5810834972286787,0.6802009208874006
0.5811874105865522,0.6802009208874006
0.5812913611160794,0.6802009208874006
0.5813953488372093,0.6802009208874006
0.5814993737699051,0.6802009208874006
0.5814244810307803,0.6799916282963583
0.5813495614820118,0.679782335705316
0.581453634085213,0.679782335705316
0.5815577439570278,0.679782335705316
0.5816618911174785,0.679782335705316
0.5817660755866022,0.679782335705316
0.5816911501254031,0.6795730431142738
0.5815412186379928,0.6791544579321892
0.5813911796342776,0.6787358727501046
0.5814954276492738,0.6787358727501046
0.581599713055954,0.6787358727501046
0.5817040358744394,0.6787358727501046
0.5818083961248655,0.6787358727501046
0.581912793827382,0.6787358727501046
0.5820172290021536,0.6787358727501046
0.5818671454219031,0.6783172875680201
0.581971628658646,0.6783172875680201
0.5820761494252874,0.6783172875680201
0.5821807077420513,0.6783172875680201
0.582105641394179,0.6781079949769778
0.5822102425876011,0.6781079949769778
0.5821351545650612,0.6778987023859355
0.581984897518878,0.6774801172038509
0.582089552238806,0.6774801172038509
0.5821942446043166,0.6774801172038509
0.5822989746357259,0.6774801172038509
0.5824037423533646,0.6774801172038509
0.5825085477775779,0.6774801172038509
0.5824334053275738,0.6772708246128087
0.5825382538253825,0.6772708246128087
0.5826431400792221,0.6772708246128087
0.5825679812713849,0.6770615320217664
0.582492795389049,0.6768522394307241
0.5825977301387137,0.6768522394307241
0.5824472877996035,0.6764336542486395
0.5825522710886806,0.6764336542486395
0.5823264201983769,0.6758057764755128
0.5824314574314574,0.6758057764755128
0.5823561248421433,0.6755964838844705
0.5824612053410321,0.6755964838844705
0.5823858509294351,0.6753871912934282
0.5824909747292418,0.6753871912934282
0.5824155984834808,0.675177898702386
0.5823401950162513,0.6749686061113437
0.582445367527542,0.6749686061113437
0.5825505780346821,0.6749686061113437
0.5826558265582655,0.6749686061113437
0.5827611131189013,0.6749686061113437
0.5828664377372131,0.6749686061113437
0.5827910339840926,0.6747593135203014
0.582338038364097,0.6735035579740477
0.5824434389140272,0.6735035579740477
0.5825488776249095,0.6735035579740477
0.5824732934999095,0.6732942653830054
0.5825787758058675,0.6732942653830054
0.5826842963231299,0.6732942653830054
0.5826086956521739,0.6730849727919631
0.5827142598296793,0.6730849727919631
0.582819862268938,0.6730849727919631
0.5827442450607214,0.6728756802009209
0.5828498912255258,0.6728756802009209
0.5827742520398912,0.6726663876098786
0.5826985854189336,0.6724570950188363
0.582804280790858,0.6724570950188363
0.5829100145137881,0.6724570950188363
0.583015786608601,0.6724570950188363
0.5831215970961887,0.6724570950188363
0.5832274459974587,0.6724570950188363
0.5831517792302106,0.672247802427794
0.5830760849827492,0.6720385098367517
0.5831819832909553,0.6720385098367517
0.5832879200726612,0.6720385098367517
0.5833938953488372,0.6720385098367517
0.5834999091404688,0.6720385098367517
0.5836059614685569,0.6720385098367517
0.5837120523541174,0.6720385098367517
0.5838181818181818,0.6720385098367517
0.5839243498817966,0.6720385098367517
0.584030556566024,0.6720385098367517
0.5841368018919411,0.6720385098367517
0.5839097196942119,0.671410632063625
0.5840160203895868,0.671410632063625
0.584122359796067,0.671410632063625
0.5842287379348025,0.671410632063625
0.5841530054644809,0.6712013394725826
0.5842594279468027,0.6712013394725826
0.584365889212828,0.6712013394725826
0.5844723892837617,0.6712013394725826
0.5841692504103593,0.6703641691084136
0.5842758117475374,0.6703641691084136
0.5843824119686188,0.6703641691084136
0.5844890510948905,0.6703641691084136
0.5845957291476547,0.6703641691084136
0.5845198977729098,0.6701548765173713
0.5844440387073215,0.669945583926329
0.5845507669831994,0.669945583926329
0.5846575342465753,0.669945583926329
0.5847643405188162,0.669945583926329
0.5848711858213046,0.669945583926329
0.5849780701754386,0.669945583926329
0.5850849936026321,0.669945583926329
0.5847814157673312,0.6691084135621599
0.5847054518843762,0.6688991209711176
0.5848124428179323,0.6688991209711176
0.5849194729136163,0.6688991209711176
0.5847674844379348,0.6684805357890331
0.5846914484526643,0.6682712431979908
0.5847985347985348,0.6682712431979908
0.5849056603773585,0.6682712431979908
0.5850128252106999,0.6682712431979908
0.5851200293201393,0.6682712431979908
0.5852272727272727,0.6682712431979908
0.58492296404989,0.6674340728338217
0.5848468170977802,0.6672247802427794
0.584618208516887,0.6665969024696525
0.5847255369928401,0.6665969024696525
0.5846492838780757,0.6663876098786103
0.5847566574839302,0.6663876098786103
0.5848640705363704,0.6663876098786103
0.5849715230571376,0.6663876098786103
0.5848952590959207,0.666178317287568
0.585002756846168,0.666178317287568
0.585110294117647,0.666178317287568
0.5852178709321566,0.666178317287568
0.5853254873115116,0.666178317287568
0.5854331432775428,0.666178317287568
0.5848222508749309,0.6645039765592298
0.584516129032258,0.6636668061950607
0.5842862412393951,0.6630389284219339
0.5841328413284133,0.6626203432398493
0.5842406348034693,0.6626203432398493
0.5843484680693983,0.6626203432398493
0.5844563411482371,0.6626203432398493
0.5845642540620384,0.6626203432398493
0.5846722068328717,0.6626203432398493
0.5845954931658662,0.662411050648807
0.58470349159431,0.662411050648807
0.5849196082055073,0.662411050648807
0.5848428835489834,0.6622017580577647
0.584689349112426,0.6617831728756802
0.5847974847420011,0.6617831728756802
0.5849056603773585,0.6617831728756802
0.5850138760407031,0.6617831728756802
0.5851221317542561,0.6617831728756802
0.5850453451786045,0.6615738802846379
0.5851536467974824,0.6615738802846379
0.5852619885206444,0.6615738802846379
0.5851851851851851,0.6613645876935956
0.5851083533987775,0.6611552951025533
0.5850314931456095,0.6609460025115111
0.5851398925328887,0.6609460025115111
0.5850630096367679,0.6607367099204688
0.5851714550509731,0.6607367099204688
0.5850176154274059,0.6603181247383842
0.5851261127596439,0.6603181247383842
0.585049156000742,0.660108832147342
0.5849721706864563,0.6598995395562997
0.585080719985155,0.6598995395562997
0.585003711952487,0.6596902469652575
0.5851123074067199,0.6596902469652575
0.5852209431860379,0.6596902469652575
0.5853296193129062,0.6596902469652575
0.5854383358098069,0.6596902469652575
0.5855470926992383,0.6596902469652575
0.5856558900037161,0.6596902469652575
0.585578888682401,0.6594809543742152
0.5856877323420074,0.6594809543742152
0.5857966164714631,0.6594809543742152
0.5859055410933433,0.6594809543742152
0.5860145062302399,0.6594809543742152
0.5861235119047619,0.6594809543742152
0.5862325581395349,0.6594809543742152
0.5863416449572013,0.6594809543742152
0.5864507723804206,0.6594809543742152
0.586559940431869,0.6594809543742152
0.5864829640662819,0.6592716617831729
0.5864059590316574,0.6590623691921306
0.5865151797355187,0.6590623691921306
0.5863610955841252,0.6586437840100461
0.5864703689899367,0.6586437840100461
0.5865796831314073,0.6586437840100461
0.5866890380313199,0.6586437840100461
0.5867984337124743,0.6586437840100461
0.587017347509793,0.6586437840100461
0.5871268656716417,0.6586437840100461
0.5872364247061019,0.6586437840100461
0.5873460246360582,0.6586437840100461
0.587455665484413,0.6586437840100461
0.5875653472740852,0.6586437840100461
0.5876750700280112,0.6586437840100461
0.5877848337691446,0.6586437840100461
0.5876307922272048,0.6582251988279615
0.5877406092319193,0.6582251988279615
0.5876635514018692,0.6580159062369192
0.587509349289454,0.6575973210548347
0.5874322049747522,0.6573880284637924
0.5875420875420876,0.6573880284637924
0.5876520112254443,0.6573880284637924
0.5875748502994012,0.6571787358727501
0.5877948333957319,0.6571787358727501
0.5876404494382023,0.6567601506906655
0.5877505150777299,0.6567601506906655
0.5878606219557887,0.6567601506906655
0.5879707700955593,0.6567601506906655
0.5880809595202399,0.6567601506906655
0.5879265091863517,0.656341565508581
0.5878492405775361,0.6561322729175387
0.5877719429857464,0.6559229803264964
0.5878821984618271,0.6559229803264964
0.5879924953095684,0.6559229803264964
0.5881028335522612,0.6559229803264964
0.5882132132132132,0.6559229803264964
0.58832363431575,0.6559229803264964
0.5884340968832145,0.6559229803264964
0.5885446009389671,0.6559229803264964
0.5883900056359196,0.6555043951444118
0.588500563697858,0.6555043951444118
0.5886111633151663,0.6555043951444118
0.5887218045112782,0.6555043951444118
0.588489749858943,0.654876517371285
0.5886004514672686,0.654876517371285
0.5887111947318909,0.654876517371285
0.5885563711650669,0.6544579321892005
0.5883239171374764,0.6538300544160737
0.5884347334714636,0.6538300544160737
0.5885455915599096,0.6538300544160737
0.588656491426418,0.6538300544160737
0.5887674330946099,0.6538300544160737
0.5888784165881245,0.6538300544160737
0.5889894419306184,0.6538300544160737
0.5891005091457665,0.6538300544160737
0.5892116182572614,0.6538300544160737
0.5893227692888134,0.6538300544160737
0.589012648669058,0.6529928840519046
0.5891238670694864,0.6529928840519046
0.5892351274787535,0.6529928840519046
0.5893464299206649,0.6529928840519046
0.5892688456451918,0.6527835914608623
0.5893801965230536,0.6527835914608623
0.5894915894915895,0.6527835914608623
0.5896030245746692,0.6527835914608623
0.5897145017961808,0.6527835914608623
0.5898260211800302,0.6527835914608623
0.589593188268685,0.6521557136877355
0.5897047691143074,0.6521557136877355
0.5898163922014007,0.6521557136877355
0.5897387353275274,0.6519464210966932
0.5898504071198637,0.6519464210966932
0.5897727272727272,0.6517371285056509
0.5896950179958326,0.6515278359146086
0.5898067449791587,0.6515278359146086
0.5896512509476877,0.651109250732524
0.5894177887350655,0.6504813729593972
0.5895295902883156,0.6504813729593972
0.5896414342629482,0.6504813729593972
0.5895635673624289,0.6502720803683549
0.5896754602391345,0.6502720803683549
0.5895975702353834,0.6500627877773126
0.5897095120561989,0.6500627877773126
0.5896315989365742,0.6498534951862704
0.5897435897435898,0.6498534951862704
0.5898556231003039,0.6498534951862704
0.5899676990309709,0.6498534951862704
0.5900798175598632,0.6498534951862704
0.5901919787112716,0.6498534951862704
0.5903041825095057,0.6498534951862704
0.5904164289788933,0.6498534951862704
0.5901826484018264,0.6492256174131436
0.5902949571836347,0.6492256174131436
0.5904073087171678,0.6492256174131436
0.5903293356177423,0.6490163248221013
0.5904417364813405,0.6490163248221013
0.5903637402399543,0.6488070322310591
0.5902076586016384,0.6483884470489745
0.5901295731707317,0.6481791544579322
0.5900514579759862,0.6479698618668899
0.5901639344262295,0.6479698618668899
0.5900857959961868,0.6477605692758477
0.5900076277650649,0.6475512766848054
0.5901201602136181,0.6475512766848054
0.5900419687142312,0.6473419840937631
0.5901545506582713,0.6473419840937631
0.5900763358778626,0.6471326915027208
0.5897631779984721,0.6462955211385517
0.5896848137535816,0.6460862285475094
0.5897974780282766,0.6460862285475094
0.589910185362125,0.6460862285475094
0.5897533932326515,0.6456676433654248
0.5898661567877629,0.6456676433654248
0.5897877223178428,0.6454583507743826
0.5899005355776588,0.6454583507743826
0.590013392003061,0.6454583507743826
0.5901262916188289,0.6454583507743826
0.5902392344497608,0.6454583507743826
0.5903522205206738,0.6454583507743826
0.5902737890101474,0.6452490581833403
0.5901168358552001,0.6448304730012557
0.5900383141762452,0.6446211804102134
0.5901513699942518,0.6446211804102134
0.5900728248371023,0.6444118878191712
0.5899156441717791,0.6439933026370867
0.5900287631831256,0.6439933026370867
0.5901419255849636,0.6439933026370867
0.5902551314022636,0.6439933026370867
0.5897829844440177,0.642737547090833
0.5897041874759893,0.6425282544997907
0.5898174831892411,0.6425282544997907
0.5896598116471267,0.6421096693177062
0.5895809304113803,0.6419003767266639
0.5896942895597,0.6419003767266639
0.5896153846153847,0.6416910841356216
0.5897287939988459,0.6416910841356216
0.5894919168591224,0.6410632063624948
0.5894128970163619,0.6408539137714525
0.5895263765883711,0.6408539137714525
0.5896398998652032,0.6408539137714525
0.5897534668721109,0.6408539137714525
0.5896744365247544,0.6406446211804102
0.5895953757225434,0.6404353285893679
0.5895162844478705,0.6402260359983256
0.5896299151888974,0.6402260359983256
0.5897435897435898,0.6402260359983256
0.5896644812957964,0.6400167434072834
0.5897782063645131,0.6400167434072834
0.589891975308642,0.6400167434072834
0.590005788153579,0.6400167434072834
0.5901196449247395,0.6400167434072834
0.5902335456475584,0.6400167434072834
0.5900753041127631,0.6395981582251988
0.5899961375048282,0.6393888656341565
0.5901101023758933,0.6393888656341565
0.5903381642512078,0.6393888656341565
0.5902589872439119,0.6391795730431142
0.5901797796249758,0.638970280452072
0.5902938901778809,0.638970280452072
0.5904080448655966,0.638970280452072
0.5905222437137331,0.638970280452072
0.5906364867479202,0.638970280452072
0.590160759248499,0.6377145249058184
0.5902750871755134,0.6377145249058184
0.5901956985080411,0.6375052323147761
0.5903100775193798,0.6375052323147761
0.5904245008722621,0.6375052323147761
0.5905389685924777,0.6375052323147761
0.5903801396431342,0.6370866471326915
0.590221187427241,0.636668061950607
0.59033572676111,0.636668061950607
0.5902562111801242,0.6364587693595647
0.5903708017860609,0.6364587693595647
0.5902912621359223,0.6362494767685224
0.5904059040590406,0.6362494767685224
0.5905205905205905,0.6362494767685224
0.590635321546532,0.6362494767685224
0.5907500971628449,0.6362494767685224
0.5908649173955296,0.6362494767685224
0.5909797822706065,0.6362494767685224
0.5909002527707564,0.6360401841774801
0.5910151691948659,0.6360401841774801
0.5911301303248395,0.6360401841774801
0.5910505836575876,0.6358308915864378
0.5911655964195369,0.6358308915864378
0.5910860256909303,0.6356215989953956
0.5912010901304263,0.6356215989953956
0.591316199376947,0.6356215989953956
0.5914313534566699,0.6356215989953956
0.5913517724970783,0.6354123064043533
0.5914669783752192,0.6354123064043533
0.5915822291504287,0.6354123064043533
0.5916975248489573,0.6354123064043533
0.5916179337231969,0.635203013813311
0.5917332813413921,0.635203013813311
0.5918486739469578,0.635203013813311
0.5919641115662181,0.635203013813311
0.5920795942255169,0.635203013813311
0.5921951219512195,0.635203013813311
0.5923106947697112,0.635203013813311
0.592426312707398,0.635203013813311
0.5925419757907068,0.635203013813311
0.5926576840460848,0.635203013813311
0.5924985348700919,0.6347844286312264
0.5924189136381399,0.6345751360401842
0.5925346882939222,0.6345751360401842
0.5926505082095387,0.6345751360401842
0.5927663734115347,0.6345751360401842
0.5926070799921768,0.6341565508580996
0.5927230046948356,0.6341565508580996
0.5928389747603209,0.6341565508580996
0.5929549902152642,0.6341565508580996
0.5930710510863183,0.6341565508580996
0.5929913860610807,0.6339472582670573
0.5926724137931034,0.6331100879028883
0.5927885557515187,0.6331100879028883
0.592904743237946,0.6331100879028883
0.593020976279161,0.6331100879028883
0.5931372549019608,0.6331100879028883
0.5932535791331633,0.6331100879028883
0.5933699489996077,0.6331100879028883
0.5932901706886404,0.632900795311846
0.5934065934065934,0.632900795311846
0.5935230618253189,0.632900795311846
0.5936395759717314,0.632900795311846
0.5937561358727665,0.632900795311846
0.593872741555381,0.632900795311846
0.5939893930465527,0.632900795311846
0.593909626719057,0.6326915027208037
0.59402633130281,0.6326915027208037
0.5939465408805031,0.6324822101297614
0.5940632986042854,0.6324822101297614
0.5941801022414471,0.6324822101297614
0.593940586267952,0.6318543323566346
0.5940574576938213,0.6318543323566346
0.5939775634717576,0.6316450397655923
0.5940944881889764,0.6316450397655923
0.5942114589486119,0.6316450397655923
0.5941315478534857,0.63143574717455
0.5942485719913335,0.63143574717455
0.5943656422379827,0.63143574717455
0.5944827586206897,0.63143574717455
0.5940027618859736,0.6301799916282964
0.5941199684293607,0.6301799916282964
0.5942372212354451,0.6301799916282964
0.5943545203316226,0.6301799916282964
0.5942744323790721,0.6299706990372541
0.594391785150079,0.6299706990372541
0.594509184278096,0.6299706990372541
0.5944290794152509,0.6297614064462118
0.5945465323058684,0.6297614064462118
0.5946640316205534,0.6297614064462118
0.5947815773868353,0.6297614064462118
0.5948991696322657,0.6297614064462118
0.5950168083844176,0.6297614064462118
0.5951344936708861,0.6297614064462118
0.5950544015825915,0.6295521138551695
0.5951721408785121,0.6295521138551695
0.5952899267761725,0.6295521138551695
0.5954077593032462,0.6295521138551695
0.5955256384874282,0.6295521138551695
0.5956435643564356,0.6295521138551695
0.5957615369380075,0.6295521138551695
0.595879556259905,0.6295521138551695
0.5959976223499108,0.6295521138551695
0.5961157352358304,0.6295521138551695
0.5962338949454906,0.6295521138551695
0.5963521015067407,0.6295521138551695
0.5964703549474519,0.6295521138551695
0.5965886552955176,0.6295521138551695
0.5965086292402301,0.6293428212641272
0.5966269841269841,0.6293428212641272
0.5967453859892836,0.6293428212641272
0.5968638348551012,0.6293428212641272
0.5964633419431751,0.6282963583089158
0.5963029218843172,0.6278777731268314
0.5964214711729622,0.6278777731268314
0.5965400676078744,0.6278777731268314
0.5963795504276904,0.6274591879447468
0.5964982093115798,0.6274591879447468
0.5964179104477612,0.6272498953537045
0.5965366242038217,0.6272498953537045
0.5966553852279515,0.6272498953537045
0.5967741935483871,0.6272498953537045
0.5968930491933878,0.6272498953537045
0.597011952191235,0.6272498953537045
0.5971309025702332,0.6272498953537045
0.5970506177760064,0.6270406027626622
0.5967291583566016,0.6262034323984931
0.5966487133453022,0.6259941398074508
0.5967677573822825,0.6259941398074508
0.5968868489323488,0.6259941398074508
0.5970059880239521,0.6259941398074508
0.5967645296584781,0.625366262034324
0.5966839792249301,0.6251569694432817
0.5965227817745803,0.6247383842611971
0.5966420147911253,0.6247383842611971
0.5967612954818072,0.6247383842611971
0.5966,0.6243197990791126
0.5967193438687738,0.6243197990791126
0.5968387354941976,0.6243197990791126
0.596958174904943,0.6243197990791126
0.5970776621297038,0.6243197990791126
0.5969162995594713,0.623901213897028
0.5968355697977168,0.6236919213059857
0.5967548076923077,0.6234826287149435
0.5966740132238029,0.6232733361239012
0.5967935871743487,0.6232733361239012
0.5969132090599318,0.6232733361239012
0.5970328789093825,0.6232733361239012
0.5971525967515541,0.6232733361239012
0.5970718010429201,0.6230640435328589
0.5969909729187562,0.6228547509418166
0.5969101123595506,0.6226454583507743
0.5970299016656633,0.6226454583507743
0.5971497390606182,0.6226454583507743
0.5972696245733788,0.6226454583507743
0.5971887550200803,0.6224361657597322
0.5973086965254067,0.6224361657597322
0.5972278023302531,0.6222268731686899
0.5969039002814636,0.6213897028045208
0.5968228433541122,0.6211804102134785
0.5969428801287209,0.6211804102134785
0.5970629651981493,0.6211804102134785
0.5971830985915493,0.6211804102134785
0.5973032803380962,0.6211804102134785
0.5974235104669887,0.6211804102134785
0.5975437890074492,0.6211804102134785
0.5973816717019134,0.6207618250313939
0.5975020145044319,0.6207618250313939
0.5976224058029418,0.6207618250313939
0.5975413139862958,0.6205525324403516
0.5976617617415844,0.6205525324403516
0.5977822580645161,0.6205525324403516
0.5979028029844726,0.6205525324403516
0.5980233965308592,0.6205525324403516
0.5981440387331047,0.6205525324403516
0.5982647296206618,0.6205525324403516
0.5980214011710074,0.6199246546672248
0.5981421647819063,0.6199246546672248
0.5980609977782266,0.6197153620761825
0.5981818181818181,0.6197153620761825
0.5981006263891695,0.6195060694851402
0.5982215036378334,0.6195060694851402
0.5983424297554073,0.6195060694851402
0.5982612211888395,0.6192967768940979
0.5983822042467138,0.6192967768940979
0.5983009708737864,0.6190874843030557
0.598219704632814,0.6188781917120134
0.5983407527316876,0.6188781917120134
0.59846184982797,0.6188781917120134
0.598582995951417,0.6188781917120134
0.5987041911318081,0.6188781917120134
0.598825435398947,0.6188781917120134
0.5986628849270664,0.6184596065299288
0.5985815602836879,0.6182503139388865
0.5985002026753141,0.6180410213478443
0.5986215284816542,0.6180410213478443
0.5981327379744267,0.6167852658015907
0.598254161591555,0.6167852658015907
0.5983756345177665,0.6167852658015907
0.5984971567831032,0.6167852658015907
0.5983340105648111,0.6163666806195061
0.5984555984555985,0.6163666806195061
0.5985772357723578,0.6163666806195061
0.5984139894265962,0.6159480954374215
0.5982506102522376,0.615529510255337
0.5983723296032554,0.615529510255337
0.598208833706493,0.6151109250732524
0.5983306188925082,0.6151109250732524
0.5984524536754225,0.6151109250732524
0.5985743380855397,0.6151109250732524
0.598696272153188,0.6151109250732524
0.5984508764777823,0.6144830473001256
0.5985728848114169,0.6144830473001256
0.598694942903752,0.6144830473001256
0.5988170507852335,0.6144830473001256
0.5986533360538665,0.614064462118041
0.5987755102040816,0.614064462118041
0.5988977342314759,0.614064462118041
0.5987339187257504,0.6136458769359565
0.5986519607843137,0.6134365843449142
0.5985699693564862,0.6132272917538719
0.598405885959534,0.6128087065717873
0.598323793949305,0.6125994139807451
0.598159509202454,0.6121808287986605
0.5982818572305175,0.6121808287986605
0.5981996726677578,0.6119715362076182
0.5979529170931422,0.6113436584344915
0.5980753480753481,0.6113436584344915
0.5981978292033586,0.6113436584344915
0.5981155264235969,0.6111343658434492
0.5980331899200984,0.6109250732524069
0.5979508196721312,0.6107157806613646
0.5980733756917401,0.6107157806613646
0.5979909799097991,0.6105064880703223
0.5979085503383227,0.6102971954792801
0.5980311730926989,0.6102971954792801
0.5978662289700452,0.6098786102971955
0.5979889185306793,0.6098786102971955
0.5981116584564861,0.6098786102971955
0.5982344487784849,0.6098786102971955
0.5981519507186859,0.6096693177061532
0.5980694187718217,0.6094600251151109
0.5981922760887428,0.6094600251151109
0.5983151838915143,0.6094600251151109
0.5981500513874615,0.6090414399330264
0.5980674342105263,0.6088321473419841
0.5981904174377956,0.6088321473419841
0.5983134512546278,0.6088321473419841
0.5982308167043818,0.6086228547509418
0.5981481481481481,0.6084135621598995
0.5982712492282363,0.6084135621598995
0.5980230642504119,0.6077856843867727
0.5978574371652245,0.6073670992046881
0.5979806305378117,0.6073670992046881
0.5981038746908491,0.6073670992046881
0.5982271696557411,0.6073670992046881
0.5983505154639175,0.6073670992046881
0.5982676840585688,0.6071578066136458
0.5983910891089109,0.6071578066136458
0.5985145450794306,0.6071578066136458
0.5982658959537572,0.606529928840519
0.5981829444559158,0.6063206362494767
0.5983064849235853,0.6063206362494767
0.5980574498863401,0.60569275847635
0.5981810665564283,0.60569275847635
0.5983047343394666,0.60569275847635
0.598428453267163,0.60569275847635
0.5985522233712512,0.60569275847635
0.5983860955927995,0.6052741732942654
0.5982198302628855,0.6048555881121809
0.598343685300207,0.6048555881121809
0.5984675916338786,0.6048555881121809
0.598217985909656,0.604227710339054
0.5981347150259068,0.6040184177480117
0.5982587064676617,0.6040184177480117
0.5980920779759435,0.6035998325659272
0.5982161377307612,0.6035998325659272
0.5983402489626556,0.6035998325659272
0.5982568997717369,0.6033905399748849
0.5981735159817352,0.6031812473838426
0.5982976956612,0.6031812473838426
0.598421926910299,0.6031812473838426
0.5983385254413291,0.6029719547928003
0.5984628167843788,0.6029719547928003
0.5983793891543736,0.602762662201758
0.5985037406483791,0.602762662201758
0.5986281438370401,0.602762662201758
0.5984612185485548,0.6023440770196735
0.598585690515807,0.6023440770196735
0.5985021843145413,0.6021347844286312
0.5986267166042447,0.6021347844286312
0.5984596169858452,0.6017161992465466
0.5985842181969603,0.6017161992465466
0.5987088713036235,0.6017161992465466
0.5985416666666666,0.6012976140644621
0.5986663888310064,0.6012976140644621
0.5987911629845769,0.6012976140644621
0.5989159891598916,0.6012976140644621
0.5990408673894912,0.6012976140644621
0.5989572471324296,0.6010883214734198
0.5990821860659157,0.6010883214734198
0.5992071771333194,0.6010883214734198
0.5987048255692501,0.5998325659271662
0.5986209778520686,0.5996232733361239
0.5987460815047022,0.5996232733361239
0.5986622073578596,0.5994139807450817
0.5987873719422956,0.5994139807450817
0.5985355648535565,0.5987861029719548
0.5984515589035363,0.5985768103809125
0.5985768103809125,0.5985768103809125
0.5984087102177554,0.598158225198828
0.5985340314136126,0.598158225198828
0.5984499371596146,0.5979489326077857
0.5985753195055521,0.5979489326077857
0.5984911986588433,0.5977396400167434
0.5986166422133724,0.5977396400167434
0.5984483120150975,0.5973210548346588
0.5980268681780017,0.5962745918794474
0.5981524249422633,0.5962745918794474
0.5982780344393113,0.5962745918794474
0.598193656794791,0.5960652992884052
0.5983193277310924,0.5960652992884052
0.5984450514814037,0.5960652992884052
0.5981917577796467,0.5954374215152783
0.5983175604626709,0.5954374215152783
0.5982330668910392,0.595228128924236
0.5978947368421053,0.594390958560067
0.5974710221285564,0.5933444956048556
0.5975969645868465,0.5933444956048556
0.597427245887811,0.592925910422771
0.5976793248945148,0.592925910422771
0.5978054441865372,0.592925910422771
0.5977205571971296,0.5927166178317288
0.5978467384420519,0.5927166178317288
0.597972972972973,0.5927166178317288
0.5978880675818374,0.5925073252406865
0.59801436417406,0.5925073252406865
0.5981407141347982,0.5925073252406865
0.5980557903634827,0.5922980326496442
0.5979708306911858,0.5920887400586019
0.5980972515856237,0.5920887400586019
0.5980122647494185,0.5918794474675596
0.5979272419627749,0.5916701548765174
0.5978421832028771,0.5914608622854751
0.5976719576719577,0.5910422771033905
0.5972457627118644,0.5899958141481791
0.597372324645052,0.5899958141481791
0.5974989402289106,0.5899958141481791
0.597625609497562,0.5899958141481791
0.5974549310710499,0.5895772289660945
0.5973695375477301,0.5893679363750524
0.597496286866115,0.5893679363750524
0.597623089983022,0.5893679363750524
0.5977499469327107,0.5893679363750524
0.5978768577494692,0.5893679363750524
0.5977060322854716,0.5889493511929678
0.5978330146590185,0.5889493511929678
0.5977475563110922,0.5887400586019255
0.5976620616365569,0.5885307660108832
0.5975765306122449,0.588321473419841
0.5970625798212005,0.5870657178735873
0.5971896955503513,0.5870657178735873
0.5969322539412015,0.5864378401004604
0.5968463669294695,0.5862285475094182
0.5965884861407249,0.5856006697362913
0.5967157176370228,0.5856006697362913
0.5966296928327645,0.585391377145249
0.5963713980789754,0.5847634993721222
0.5964987190435526,0.5847634993721222
0.5964125560538116,0.5845542067810799
0.5965399401964973,0.5845542067810799
0.5964537491988892,0.5843449141900376
0.5963675213675214,0.5841356215989953
0.5962812566787775,0.5839263290079532
0.596194955109021,0.5837170364169109
0.5960222412318221,0.5832984512348263
0.5961497326203209,0.5832984512348263
0.5962772785622593,0.5832984512348263
0.5964048790926599,0.5832984512348263
0.596318493150685,0.583089158643784
0.5964461571397988,0.583089158643784
0.5962732919254659,0.5826705734616995
0.596401028277635,0.5826705734616995
0.596528819370045,0.5826705734616995
0.5966566652378912,0.5826705734616995
0.5967845659163987,0.5826705734616995
0.5966981132075472,0.5824612808706572
0.5968260776324255,0.5824612808706572
0.596954096954097,0.5824612808706572
0.5970821712078953,0.5824612808706572
0.597338484653359,0.5824612808706572
0.5974667239158437,0.5824612808706572
0.5975950182520936,0.5824612808706572
0.5975085910652921,0.5822519882796149
0.5976369495166488,0.5822519882796149
0.5973774720550301,0.5816241105064881
0.5975059127069448,0.5816241105064881
0.5976344086021506,0.5816241105064881
0.5974612736660929,0.5812055253244035
0.5975898429094039,0.5812055253244035
0.597503228583728,0.5809962327333612
0.5972431617488693,0.5803683549602344
0.5971563981042654,0.5801590623691921
0.5972850678733032,0.5801590623691921
0.597198275862069,0.5799497697781498
0.5970245795601552,0.5795311845960653
0.5969376752210481,0.579321892005023
0.5968507333908541,0.5791125994139807
0.5969795037756203,0.5791125994139807
0.5966313971064565,0.5782754290498117
0.5963699222126189,0.5776475512766848
0.5964988113248325,0.5776475512766848
0.5966277561608301,0.5776475512766848
0.5965405405405405,0.5774382586856426
0.5966695501730104,0.5774382586856426
0.5967986156175643,0.5774382586856426
0.5967113803548247,0.5772289660946003
0.5968405107119671,0.5772289660946003
0.5969696969696969,0.5772289660946003
0.5970989391643213,0.5772289660946003
0.5972282373321784,0.5772289660946003
0.5973575915096383,0.5772289660946003
0.5974870017331022,0.5772289660946003
0.5973997833152763,0.577019673503558
0.5975292587776333,0.577019673503558
0.5976587903750271,0.577019673503558
0.5975715524718127,0.5768103809125157
0.5977011494252874,0.5768103809125157
0.5976138828633406,0.5766010883214734
0.5974392361111112,0.5761825031393889
0.5973518558714999,0.5759732105483466
0.5974815458098133,0.5759732105483466
0.5976112920738328,0.5759732105483466
0.5977410947002606,0.5759732105483466
0.5973913043478261,0.5751360401841775
0.5975212002609263,0.5751360401841775
0.597170837867247,0.5742988698200083
0.5973008271658685,0.5742988698200083
0.5972131504463314,0.5740895772289661
0.5971254355400697,0.5738802846379238
0.5970376824221303,0.5736709920468815
0.5971677559912854,0.5736709920468815
0.5972978862497276,0.5736709920468815
0.5971223021582733,0.573252406864797
0.5972525076319233,0.573252406864797
0.597164667393675,0.5730431142737548
0.5972949389179756,0.5730431142737548
0.5974252672921667,0.5730431142737548
0.5975556525534701,0.5730431142737548
0.5974678017900021,0.5728338216827125
0.5973799126637555,0.5726245290916702
0.5972040192223679,0.5722059439095856
0.5971160148568931,0.5719966513185433
0.597027972027972,0.5717873587275011
0.5969398907103826,0.5715780661364588
0.5970703979011805,0.5715780661364588
0.5969822873387273,0.5713687735454165
0.5968059505578648,0.5709501883633319
0.5969365426695843,0.5709501883633319
0.5968483256730138,0.5707408957722897
0.5969789842381786,0.5707408957722897
0.5971097000218962,0.5707408957722897
0.5972404730617609,0.5707408957722897
0.5971522453450164,0.5705316031812474
0.5972830850131463,0.5705316031812474
0.5971948279640588,0.5703223105902051
0.5968414125904804,0.569485140226036
0.5969723562966214,0.569485140226036
0.597103357472021,0.569485140226036
0.5972344161545216,0.569485140226036
0.5971459934138309,0.5692758476349937
0.596969031407863,0.5688572624529091
0.5968804920913884,0.5686479698618669
0.5970116457921336,0.5686479698618669
0.5971428571428572,0.5686479698618669
0.5970542976478347,0.5684386772708246
0.5969656992084432,0.5682293846797823
0.5968770617989884,0.56802009208874
0.5967883853937528,0.5678107994976977
0.5965221219458507,0.567182921724571
0.5966534566270365,0.567182921724571
0.5967848491521691,0.567182921724571
0.5969162995594713,0.567182921724571
0.596827495042961,0.5669736291335287
0.5969590127809608,0.5669736291335287
0.5967813051146384,0.5665550439514441
0.5969128996692392,0.5665550439514441
0.5970445522717247,0.5665550439514441
0.5968667255075022,0.5661364587693596
0.5966887417218543,0.565717873587275
0.5968204901744314,0.565717873587275
0.5967314487632509,0.5655085809962327
0.5966423680141374,0.5652992884051905
0.5967741935483871,0.5652992884051905
0.5966850828729282,0.5650899958141482
0.5965959328028294,0.5648807032231059
0.5965067433119611,0.5646714106320636
0.5966386554621849,0.5646714106320636
0.5967706259677062,0.5646714106320636
0.5965921664084974,0.5642528254499791
0.5967242142540947,0.5642528254499791
0.5966349346911667,0.5640435328589368
0.5964562569213732,0.5636249476768522
0.5965883916703589,0.5636249476768522
0.5964095744680851,0.5632063624947676
0.596230598669623,0.5627877773126831
0.5963628298957641,0.5627877773126831
0.5964951197870453,0.5627877773126831
0.5963160230803374,0.5623691921305985
0.5962264150943396,0.5621598995395563
0.5958675849811154,0.5613227291753872
0.596,0.5613227291753872
0.5959102022671705,0.5611134365843449
0.5958203646064918,0.5609041439933027
0.5957304869913276,0.5606948514022604
0.5958629893238434,0.5606948514022604
0.5959955506117909,0.5606948514022604
0.5959056519804183,0.5604855588112181
0.5960382817716448,0.5604855588112181
0.5959483526268923,0.5602762662201758
0.5957683741648107,0.5598576810380913
0.5959010915571397,0.5598576810380913
0.5960338680926917,0.5598576810380913
0.5961667038110096,0.5598576810380913
0.5960766830138208,0.559648388447049
0.5962095875139354,0.559648388447049
0.595849140816782,0.5588112180828798
0.5956686760437597,0.5583926329007953
0.5954880500335046,0.5579740477187107
0.59562109025916,0.5579740477187107
0.5953498770400178,0.557346169945584
0.5954830053667263,0.557346169945584
0.595616193245359,0.557346169945584
0.5957494407158836,0.557346169945584
0.595658984112777,0.5571368773545416
0.5954779494067607,0.556718292172457
0.5953873712494402,0.5565089995814149
0.5952967525195969,0.5562997069903726
0.5951153932332511,0.555881121808288
0.5952487673688929,0.555881121808288
0.5951580363147276,0.5556718292172457
0.5952914798206278,0.5556718292172457
0.5952007176496973,0.5554625366262035
0.5953342305966801,0.5554625366262035
0.5950617283950618,0.5548346588530766
0.5948798562766674,0.554416073670992
0.5947888589398024,0.5542067810799498
0.5949224893282409,0.5542067810799498
0.5948314606741573,0.5539974884889075
0.594965160710272,0.5539974884889075
0.5950989208633094,0.5539974884889075
0.5952327411738251,0.5539974884889075
0.5953666216824112,0.5539974884889075
0.5950934053567409,0.5533696107157806
0.5949110560684531,0.5529510255336961
0.5950450450450451,0.5529510255336961
0.5951790943906285,0.5529510255336961
0.5953132041460117,0.5529510255336961
0.5950394588500564,0.5523231477605692
0.5951736580965269,0.5523231477605692
0.5953079178885631,0.5523231477605692
0.595442238267148,0.5523231477605692
0.59498531737068,0.5512766848053579
0.5947106690777577,0.5506488070322311
0.594845127741352,0.5506488070322311
0.5949796472184532,0.5506488070322311
0.595114227550328,0.5506488070322311
0.5950226244343891,0.5504395144411888
0.5951572754016746,0.5504395144411888
0.5947904869762174,0.5496023440770197
0.5946068434171765,0.5491837588949351
0.5947416137805984,0.5491837588949351
0.5948764452505101,0.5491837588949351
0.5950113378684807,0.5491837588949351
0.595146291676117,0.5491837588949351
0.59505444646098,0.5489744663038928
0.5949625595643295,0.5487651737128506
0.5950975941897413,0.5487651737128506
0.5950056753688989,0.5485558811218083
0.5948217124687712,0.5481372959397237
0.5949568378009995,0.5481372959397237
0.5950920245398773,0.5481372959397237
0.5949079336212776,0.5477187107576392
0.5948158253751705,0.5475094181665969
0.594631483166515,0.5470908329845123
0.5947667804323095,0.5470908329845123
0.594582290006829,0.5466722478024278
0.5942128047391205,0.5458350774382587
0.5941203281677302,0.5456257848472164
0.5942557556416685,0.5456257848472164
0.594391244870041,0.5456257848472164
0.5945267958950969,0.5456257848472164
0.5946624087591241,0.5456257848472164
0.594569929272188,0.5454164922561742
0.5944774075764491,0.5452071996651319
0.5946131020314996,0.5452071996651319
0.5944279515871204,0.5447886144830473
0.5945637277295569,0.5447886144830473
0.5946995659127257,0.5447886144830473
0.5946069469835467,0.544579321892005
0.5945142857142857,0.5443700293009628
0.594421582075903,0.5441607367099205
0.5943288360393323,0.5439514441188782
0.5942360475754803,0.5437421515278359
0.5941432166552276,0.5435328589367936
0.594279176201373,0.5435328589367936
0.5941863126573587,0.5433235663457514
0.5943223443223443,0.5433235663457514
0.5940435280641466,0.5426956885726245
0.5939505041246563,0.5424863959815822
0.593857437542975,0.54227710339054
0.5939935809261806,0.54227710339054
0.593900481540931,0.5420678107994977
0.5938073394495413,0.5418585182084554
0.5939435650378527,0.5418585182084554
0.5940798531436439,0.5418585182084554
0.593986688088134,0.5416492256174131
0.5938934802571166,0.5414399330263708
0.5940298507462687,0.5414399330263708
0.5941662838768949,0.5414399330263708
0.5940730530668504,0.5412306404353285
0.5942095588235294,0.5412306404353285
0.5943461273270513,0.5412306404353285
0.5941595769142332,0.540812055253244
0.594296228150874,0.540812055253244
0.5944329422590292,0.540812055253244
0.5943396226415094,0.5406027626622018
0.5941528545119705,0.5401841774801172
0.594289661524292,0.5401841774801172
0.5941962229387379,0.539974884889075
0.5938220378054403,0.5391377145249058
0.5939589578049342,0.5391377145249058
0.5940959409594095,0.5391377145249058
0.5940023068050749,0.5389284219338636
0.5941393631748961,0.5389284219338636
0.5938582313553452,0.5383005441607367
0.5939953810623556,0.5383005441607367
0.5939015939015939,0.5380912515696944
0.5940388170055453,0.5380912515696944
0.5941761035359371,0.5380912515696944
0.5943134535367545,0.5380912515696944
0.5941258094357077,0.5376726663876099
0.594031922276197,0.5374633737965676
0.5939379916705229,0.5372540812055253
0.5938440175885211,0.537044788614483
0.5939814814814814,0.537044788614483
0.5938874739523038,0.5368354960234407
0.5937934228809634,0.5366262034323985
0.5936051899907322,0.5362076182503139
0.593416782568382,0.5357890330682293
0.5935543705077673,0.5357890330682293
0.5936920222634509,0.5357890330682293
0.5938297378798423,0.5357890330682293
0.5935468895078923,0.5351611552951026
0.5936846993266776,0.5351611552951026
0.5935903390617743,0.5349518627040603
0.5937282229965157,0.5349518627040603
0.5938661710037175,0.5349518627040603
0.5940041831280501,0.5349518627040603
0.5939098093909809,0.534742570113018
0.5940478958381772,0.534742570113018
0.5938590369853455,0.5343239849309335
0.5937645416472778,0.5341146923398912
0.593670002327205,0.5339053997488489
0.5938081936685289,0.5339053997488489
0.5933348869727336,0.5328589367936375
0.5934731934731935,0.5328589367936375
0.5936115644672418,0.5328589367936375
0.5934219734079776,0.5324403516115529
0.5933271115258982,0.5322310590205107
0.5934655775962661,0.5322310590205107
0.5936041083099907,0.5322310590205107
0.5935092225075881,0.5320217664294684
0.5934142923867352,0.5318124738384261
0.5933193179163747,0.5316031812473838
0.5934579439252337,0.5316031812473838
0.5933629352652489,0.5313938886563415
0.5932678821879382,0.5311845960652993
0.5930776426566885,0.5307660108832147
0.5932163742690059,0.5307660108832147
0.5931211979410388,0.5305567182921724
0.5932600046805523,0.5305567182921724
0.5933988764044944,0.5305567182921724
0.5935378131585108,0.5305567182921724
0.5936768149882904,0.5305567182921724
0.5938158819395642,0.5305567182921724
0.5934349355216881,0.5297195479280034
0.5932441942294159,0.5293009627459188
0.5931487564523698,0.5290916701548766
0.5932879605726356,0.5290916701548766
0.5934272300469483,0.5290916701548766
0.5935665649213431,0.5290916701548766
0.5934711131986848,0.5288823775638343
0.593610523843082,0.5288823775638343
0.59375,0.5288823775638343
0.5936545240893067,0.528673084972792
0.5937940761636107,0.528673084972792
0.5939336938631554,0.528673084972792
0.5936470588235294,0.5280452071996651
0.5937867733584373,0.5280452071996651
0.5939265536723164,0.5280452071996651
0.5938309394866965,0.5278359146086229
0.5939707960433349,0.5278359146086229
0.594110718492344,0.5278359146086229
0.5942507068803016,0.5278359146086229
0.5943907612538298,0.5278359146086229
0.5945308816595946,0.5278359146086229
0.5944352746993633,0.5276266220175806
0.5945754716981132,0.5276266220175806
0.5947157348431233,0.5276266220175806
0.5948560641812175,0.5276266220175806
0.5949964597592636,0.5276266220175806
0.5948051948051948,0.527208036835496
0.5949456778460085,0.527208036835496
0.5948499881880464,0.5269987442444537
0.5949905482041588,0.5269987442444537
0.5948948239186953,0.5267894516534115
0.5947990543735224,0.5265801590623692
0.5946073793755913,0.5261615738802846
0.5947480482611781,0.5261615738802846
0.5945562130177515,0.5257429886982001
0.5944602272727273,0.5255336961071578
0.5946009945536349,0.5255336961071578
0.5947418285172904,0.5255336961071578
0.594357515410147,0.5246965257429888
0.5944984586198719,0.5246965257429888
0.5944022770398482,0.5244872331519465
0.5945432977461447,0.5244872331519465
0.5946843853820598,0.5244872331519465
0.5948255399952528,0.5244872331519465
0.5946331037758252,0.5240686479698619
0.594440484675695,0.5236500627877773
0.5945817490494296,0.5236500627877773
0.5947230805799857,0.5236500627877773
0.5948644793152639,0.5236500627877773
0.5950059453032105,0.5236500627877773
0.5951474785918173,0.5236500627877773
0.5950511539376636,0.5234407701967351
0.5949547834364588,0.5232314776056928
0.594858367055463,0.5230221850146505
0.595,0.5230221850146505
0.59490354846392,0.5228128924236082
0.5950452596474511,0.5228128924236082
0.5951870383607338,0.5228128924236082
0.5953288846520496,0.5228128924236082
0.5954707985697258,0.5228128924236082
0.5956127801621364,0.5228128924236082
0.595754829477701,0.5228128924236082
0.5956583969465649,0.5226035998325659
0.5958005249343832,0.5226035998325659
0.5959427207637231,0.5226035998325659
0.5960849844831702,0.5226035998325659
0.5962273161413563,0.5226035998325659
0.5963697157869596,0.5226035998325659
0.5965121834687052,0.5226035998325659
0.59631931166348,0.5221850146504814
0.596461869471671,0.5221850146504814
0.59636537541846,0.5219757220594391
0.5960756161761187,0.5213478442863123
0.5959789372905696,0.52113855169527
0.5961216183864018,0.52113855169527
0.5962643678160919,0.52113855169527
0.5964071856287425,0.52113855169527
0.5965500718735026,0.52113855169527
0.5966930265995687,0.52113855169527
0.5968360498561841,0.52113855169527
0.5969791416926397,0.52113855169527
0.5967857999520269,0.5207199665131854
0.5965922726181906,0.5203013813311009
0.5967354776764282,0.5203013813311009
0.5968787515006002,0.5203013813311009
0.5970220941402498,0.5203013813311009
0.5969252942589479,0.5200920887400586
0.596828447861605,0.5198827961490163
0.5966346153846154,0.5194642109669317
0.5967780716518394,0.5194642109669317
0.5970651912436854,0.5194642109669317
0.5972088546679499,0.5194642109669317
0.597352587244284,0.5194642109669317
0.5974963890226288,0.5194642109669317
0.5976402600529738,0.5194642109669317
0.5977842003853564,0.5194642109669317
0.5979282100698626,0.5194642109669317
0.5980722891566265,0.5194642109669317
0.5982164376958303,0.5194642109669317
0.5983606557377049,0.5194642109669317
0.5982638051603569,0.5192549183758894
0.5984081041968162,0.5192549183758894
0.5985524728588661,0.5192549183758894
0.5986969111969112,0.5192549183758894
0.5988414192614048,0.5192549183758894
0.5989859971028488,0.5192549183758894
0.5991306447717942,0.5192549183758894
0.5990338164251208,0.5190456257848473
0.5991785455424016,0.5190456257848473
0.5990816819719671,0.518836333193805
0.5992264926275078,0.518836333193805
0.5993713733075435,0.518836333193805
0.5995163240628779,0.518836333193805
0.5994194484760522,0.5186270406027627
0.5995644810065328,0.5186270406027627
0.5997095837366893,0.5186270406027627
0.5998547567175018,0.5186270406027627
0.6001453136352628,0.5186270406027627
0.6002906976744186,0.5186270406027627
0.6004361521686455,0.5186270406027627
0.6005816771691711,0.5186270406027627
0.600387972841901,0.5182084554206781
0.6005335920446278,0.5182084554206781
0.6006792819019893,0.5182084554206781
0.6001943162496964,0.5171619924654667
0.6003401360544217,0.5171619924654667
0.6004860267314702,0.5171619924654667
0.6006319883325231,0.5171619924654667
0.600778020909312,0.5171619924654667
0.6009241245136187,0.5171619924654667
0.6010702991972756,0.5171619924654667
0.6012165450121655,0.5171619924654667
0.6013628620102215,0.5171619924654667
0.6012658227848101,0.5169526998744245
0.6014122230338447,0.5169526998744245
0.6013151485630784,0.5167434072833822
0.6012180267965895,0.5165341146923399
0.601364522417154,0.5165341146923399
0.6015110894467462,0.5165341146923399
0.6016577279375914,0.5165341146923399
0.6018044379419654,0.5165341146923399
0.6019512195121951,0.5165341146923399
0.6015625,0.5156969443281708
0.6010755316548522,0.5146504813729594
0.6012224938875306,0.5146504813729594
0.6011249694301786,0.5144411887819171
0.6012720156555773,0.5144411887819171
0.6014191338390017,0.5144411887819171
0.6012239902080784,0.5140226035998325
0.6013712047012733,0.5140226035998325
0.6015184913054127,0.5140226035998325
0.60132320509679,0.513604018417748
0.6014705882352941,0.513604018417748
0.601765571358509,0.513604018417748
0.6019131714495953,0.513604018417748
0.6018155053974484,0.5133947258267058
0.6019631901840491,0.5133947258267058
0.6021109474717722,0.5133947258267058
0.6024066797642437,0.5133947258267058
0.6025546548759518,0.5133947258267058
0.6027027027027027,0.5133947258267058
0.6028508232981077,0.5133947258267058
0.6029990167158309,0.5133947258267058
0.6029014015244653,0.5131854332356635
0.6022167487684729,0.5117203850983675
0.6023651145602366,0.5117203850983675
0.602267126663381,0.5115110925073253
0.6024155780133104,0.5115110925073253
0.6025641025641025,0.5115110925073253
0.6024660912453761,0.511301799916283
0.6018770066683131,0.5100460443700293
0.6020256916996047,0.5100460443700293
0.6021744502100321,0.5100460443700293
0.6019777503090235,0.5096274591879447
0.6018793273986153,0.5094181665969024
0.6017808558001484,0.5092088740058602
0.6019297377535874,0.5092088740058602
0.6022277227722772,0.5092088740058602
0.6023768259470166,0.5092088740058602
0.6022783556215948,0.5089995814148179
0.6021798365122616,0.5087902888237756
0.6023290386521308,0.5087902888237756
0.6024783147459727,0.5087902888237756
0.6023797719385225,0.5085809962327333
0.6025291346392264,0.5085809962327333
0.6026785714285714,0.5085809962327333
0.6028280823616968,0.5085809962327333
0.6027295285359802,0.508371703641691
0.60253227408143,0.5079531184596066
0.6026818971939409,0.5079531184596066
0.6028315946348733,0.5079531184596066
0.6029813664596273,0.5079531184596066
0.6031312127236581,0.5079531184596066
0.6032811334824758,0.5079531184596066
0.6031824962705122,0.5077438258685643
0.6030838099975131,0.507534533277522
0.6032338308457711,0.507534533277522
0.6029375155588748,0.5069066555043952
0.6030876494023905,0.5069066555043952
0.6032378580323786,0.5069066555043952
0.6033881415047334,0.5069066555043952
0.603538499875405,0.5069066555043952
0.6036889332003988,0.5069066555043952
0.6035901271503366,0.5066973629133529
0.6034912718204489,0.5064880703223106
0.6033923671738588,0.5062787777312683
0.6035429141716567,0.5062787777312683
0.6034439730471675,0.506069485140226
0.6035946080878682,0.506069485140226
0.6033966033966034,0.5056508999581415
0.6035473394953784,0.5056508999581415
0.6036981509245377,0.5056508999581415
0.6038490377405649,0.5056508999581415
0.604,0.5056508999581415
0.6041510377594399,0.5056508999581415
0.6040520260130064,0.5054416073670992
0.6042031523642732,0.5054416073670992
0.6043543543543544,0.5054416073670992
0.60450563204005,0.5054416073670992
0.6044066099148723,0.5052323147760569
0.6043075381918357,0.5050230221850146
0.6044589178356713,0.5050230221850146
0.604359809571536,0.5048137295939724
0.6045112781954888,0.5048137295939724
0.6046628227625972,0.5048137295939724
0.60481444332999,0.5048137295939724
0.6049661399548533,0.5048137295939724
0.6051179126944305,0.5048137295939724
0.6052697616060226,0.5048137295939724
0.6051706827309237,0.5046044370029301
0.6053226211398444,0.5046044370029301
0.6052235057759919,0.5043951444118878
0.605375533785481,0.5043951444118878
0.6052763819095477,0.5041858518208455
0.6051771801960292,0.5039765592298032
0.6049786271058587,0.5035579740477187
0.6051307847082495,0.5035579740477187
0.6050314465408805,0.5033486814566764
0.6049320583794665,0.5031393888656341
0.6050843191542915,0.5031393888656341
0.6052366565961732,0.5031393888656341
0.6051372450264417,0.5029300962745918
0.6052896725440806,0.5029300962745918
0.6051902242378433,0.5027208036835497
0.6053427419354839,0.5027208036835497
0.6054953365263424,0.5027208036835497
0.6048977530926534,0.501465048137296
0.6050505050505051,0.501465048137296
0.6052033341752968,0.501465048137296
0.605356240525518,0.501465048137296
0.605509224159717,0.501465048137296
0.6056622851365016,0.501465048137296
0.6052631578947368,0.5006278777731268
0.6051632498101747,0.5004185851820846
0.6053164556962025,0.5004185851820846
0.6054697391744746,0.5004185851820846
0.6056231003039514,0.5004185851820846
0.6053231939163498,0.4997907074089577
0.6054766734279919,0.4997907074089577
0.6056302307887396,0.4997907074089577
0.6057838660578386,0.4997907074089577
0.6059375792945952,0.4997907074089577
0.6060913705583756,0.4997907074089577
0.6057912115824232,0.4991628296358309
0.6056910569105691,0.4989535370447886
0.6058449809402795,0.4989535370447886
0.6057447890188103,0.4987442444537463
0.6058988049834731,0.4987442444537463
0.6060528992878942,0.4987442444537463
0.6062070719918595,0.4987442444537463
0.6063613231552163,0.4987442444537463
0.6062611351488928,0.4985349518627041
0.6061608961303462,0.4983256592716618
0.6059602649006622,0.49790707408957724
0.6061146496815286,0.49790707408957724
0.6060142711518859,0.49769778149853494
0.6061687484068315,0.49769778149853494
0.606323304436512,0.49769778149853494
0.6061224489795919,0.4972791963164504
0.6058207812101097,0.49665131854332356
0.6059754851889684,0.49665131854332356
0.6061302681992338,0.49665131854332356
0.6060296371997956,0.49644202595228126
0.605928954766164,0.496232733361239
0.6060838445807771,0.496232733361239
0.6062388136026592,0.496232733361239
0.6063938618925832,0.496232733361239
0.6062931696085956,0.4960234407701967
0.6061924257932446,0.4958141481791545
0.6063475812643973,0.4958141481791545
0.606145966709347,0.4953955629970699
0.6063012295081968,0.4953955629970699
0.606456571867794,0.4953955629970699
0.6066119938493081,0.4953955629970699
0.6067674955139708,0.4953955629970699
0.6069230769230769,0.4953955629970699
0.6070787381379841,0.4953955629970699
0.6072344792201129,0.4953955629970699
0.6073903002309469,0.4953955629970699
0.6068859198355602,0.4943491000418585
0.6065826690665981,0.49372122226873166
0.6063802418317469,0.4933026370866471
0.6062789500772002,0.4930933444956049
0.6058732612055642,0.49225617413143574
0.6060293738727133,0.49225617413143574
0.6061855670103092,0.49225617413143574
0.6060840422789379,0.49204688154039344
0.6062403300670449,0.49204688154039344
0.6063966984782048,0.49204688154039344
0.6061935483870968,0.4916282963583089
0.6060918946824987,0.49141900376726666
0.6058884297520661,0.49100041858518206
0.6056847545219638,0.4905818334030975
0.6059979317476732,0.4905818334030975
0.6056921086675291,0.4899539556299707
0.6055900621118012,0.48974466303892844
0.6054879627232721,0.48953537044788614
0.6053858104609011,0.48932607785684384
0.6055426055426055,0.48932607785684384
0.605699481865285,0.48932607785684384
0.6058564394920964,0.48932607785684384
0.6055497925311203,0.48869820008371706
0.6057068741893644,0.48869820008371706
0.6058640373637779,0.48869820008371706
0.6060212821178302,0.48869820008371706
0.6061786085150571,0.48869820008371706
0.60633601661906,0.48869820008371706
0.6064935064935065,0.48869820008371706
0.6066510782021304,0.48869820008371706
0.6063442537701508,0.4880703223105902
0.6062418725617685,0.4878610297195479
0.6063995837669095,0.4878610297195479
0.6062971636742128,0.4876517371285056
0.6061946902654868,0.4874424445374634
0.6063525123665712,0.4874424445374634
0.6065104166666667,0.4874424445374634
0.6064079187288356,0.4872331519464211
0.6056889352818372,0.48576810380912516
0.6058470373270687,0.48576810380912516
0.6060052219321149,0.48576810380912516
0.6056963679122027,0.4851402260359983
0.6055933089388396,0.484930933444956
0.6057516339869281,0.484930933444956
0.6056485355648535,0.4847216408539138
0.6055453832069055,0.4845123482628715
0.6057038199895343,0.4845123482628715
0.6053940822204765,0.48388447048974464
0.605552645364065,0.48388447048974464
0.6057112915902542,0.48388447048974464
0.6058700209643606,0.48388447048974464
0.6060288335517693,0.48388447048974464
0.6058221872541306,0.4834658853076601
0.6059811122770199,0.4834658853076601
0.6058777223825768,0.4832565927166178
0.6060367454068242,0.4832565927166178
0.6059333158309268,0.48304730012557556
0.6058298319327731,0.48283800753453326
0.6057262936695561,0.482628714943491
0.6058854440357331,0.482628714943491
0.6056782334384858,0.4822101297614064
0.6058374967131213,0.4822101297614064
0.6059968437664387,0.4822101297614064
0.606156274664562,0.4822101297614064
0.6063157894736843,0.4822101297614064
0.606212161095025,0.4820008371703642
0.6063717746182201,0.4820008371703642
0.6062681063997893,0.4817915445793219
0.6061643835616438,0.48158225198827964
0.6060606060606061,0.48137295939723734
0.6062203479177649,0.48137295939723734
0.6061165304508305,0.48116366680619505
0.6062763713080169,0.48116366680619505
0.6061725138485887,0.4809543742151528
0.6059646344681974,0.4805357890330682
0.6061246040126715,0.4805357890330682
0.6062846580406654,0.4805357890330682
0.6060766182298547,0.48011720385098366
0.6057641459545214,0.4794893260778568
0.6055555555555555,0.4790707408957723
0.6057157978301138,0.4790707408957723
0.6058761249338275,0.4790707408957723
0.6060365369340747,0.4790707408957723
0.6059322033898306,0.47886144830473
0.6060927152317881,0.47886144830473
0.6059883412824589,0.47865215571368774
0.6061489530877286,0.47865215571368774
0.6059400689472288,0.4782335705316032
0.6061007957559682,0.4782335705316032
0.6062616078535421,0.4782335705316032
0.6061571125265393,0.4780242779405609
0.6063180249535439,0.4780242779405609
0.6062134891131173,0.4778149853495186
0.6063745019920319,0.4778149853495186
0.6062699256110521,0.47760569275847636
0.6064310390645762,0.47760569275847636
0.6065922381711856,0.47760569275847636
0.6067535229992024,0.47760569275847636
0.6069148936170212,0.47760569275847636
0.6070763500931099,0.47760569275847636
0.6069717935071847,0.47739640016743407
0.6071333510779877,0.47739640016743407
0.6072949946751863,0.47739640016743407
0.6070857751731487,0.4769778149853495
0.6072475353050892,0.4769778149853495
0.607409381663113,0.4769778149853495
0.6075713143161824,0.4769778149853495
0.6073619631901841,0.476559229803265
0.6075240128068303,0.476559229803265
0.607419268748332,0.4763499372122227
0.6075814201815269,0.4763499372122227
0.6074766355140186,0.4761406446211804
0.6073717948717948,0.47593135203013814
0.607266898209992,0.47572205943909585
0.606951871657754,0.475094181665969
0.6068467504680396,0.47488488907492676
0.6070090957731408,0.47488488907492676
0.6071715279636072,0.47488488907492676
0.6069611780455154,0.47446630389284217
0.6071237279057311,0.47446630389284217
0.6070184837931958,0.4742570113017999
0.6071811361200429,0.4742570113017999
0.6073438756365586,0.4742570113017999
0.6070278969957081,0.4736291335286731
0.6069224577408103,0.4734198409376308
0.6063944116066631,0.4723733779824194
0.6062886320881483,0.47216408539137716
0.6064516129032258,0.47216408539137716
0.6066146813659586,0.47216408539137716
0.6067778375470683,0.47216408539137716
0.6066720473500135,0.47195479280033487
0.6064602960969044,0.4715362076182503
0.6066235864297254,0.4715362076182503
0.6065176407217883,0.471326915027208
0.6064116379310345,0.4711176224361658
0.6063055780113177,0.4709083298451235
0.6064690026954178,0.4709083298451235
0.6066325155028309,0.4709083298451235
0.6067961165048543,0.4709083298451235
0.6069598057728621,0.4709083298451235
0.6071235833783054,0.4709083298451235
0.6072874493927125,0.4709083298451235
0.6071814254859611,0.4706990372540812
0.60707534431542,0.47048974466303894
0.6072393300918423,0.47048974466303894
0.607027027027027,0.47007115948095435
0.6071911327385779,0.47007115948095435
0.6070849107625743,0.4698618668899121
0.607249120908845,0.4698618668899121
0.6074134199134199,0.4698618668899121
0.6075778078484438,0.4698618668899121
0.6077422847861397,0.4698618668899121
0.6074234624762936,0.46923398911678527
0.6073170731707317,0.46902469652574297
0.6072106261859582,0.4688154039347007
0.6068909386869235,0.4681875261615739
0.6070556309362279,0.4681875261615739
0.6072204125950055,0.4681875261615739
0.6073852837360847,0.4681875261615739
0.6072786529060293,0.4679782335705316
0.6070652173913044,0.46755964838844705
0.6065306122448979,0.46651318543323567
0.6066956995100707,0.46651318543323567
0.6068608766675742,0.46651318543323567
0.6070261437908496,0.46651318543323567
0.6071915009534187,0.46651318543323567
0.6073569482288829,0.46651318543323567
0.6075224856909239,0.46651318543323567
0.6076881134133042,0.46651318543323567
0.6078538314698664,0.46651318543323567
0.6080196399345336,0.46651318543323567
0.6079126875852661,0.46630389284219337
0.6080786026200873,0.46630389284219337
0.607971607971608,0.4660946002511511
0.6081376297105406,0.4660946002511511
0.6083037421469544,0.4660946002511511
0.6084699453551913,0.4660946002511511
0.6086362394096748,0.4660946002511511
0.6088026243849098,0.4660946002511511
0.6089691003554827,0.4660946002511511
0.6091356673960613,0.4660946002511511
0.6093023255813953,0.4660946002511511
0.6094690749863164,0.4660946002511511
0.6093621680810293,0.4658853076601088
0.6092552026286966,0.46567601506906653
0.6094220761435223,0.46567601506906653
0.6095890410958904,0.46567601506906653
0.6091607240811848,0.46483884470489745
0.6093278463648834,0.46483884470489745
0.6094950603732162,0.46483884470489745
0.6096623661817183,0.46483884470489745
0.60944795385883,0.4644202595228129
0.6096153846153847,0.4644202595228129
0.6097829073921407,0.4644202595228129
0.6096756459593183,0.4642109669317706
0.6098432774264504,0.4642109669317706
0.61001100110011,0.4642109669317706
0.6099037138927098,0.46400167434072837
0.6100715465052284,0.46400167434072837
0.6099642169006331,0.46379238174968607
0.6098568281938326,0.46358308915864377
0.6097493803359956,0.4633737965676015
0.6096418732782369,0.4631645039765592
0.6098098649765775,0.4631645039765592
0.6099779492833517,0.4631645039765592
0.6101461262751585,0.4631645039765592
0.6103143960286818,0.4631645039765592
0.6104827586206897,0.4631645039765592
0.6106512141280354,0.4631645039765592
0.6104362230811706,0.4627459187944747
0.6106048053024027,0.4627459187944747
0.6103896103896104,0.46232733361239015
0.6102819237147595,0.46211804102134785
0.6104506497097042,0.46211804102134785
0.6106194690265486,0.46211804102134785
0.6107883817427386,0.46211804102134785
0.6109573879358052,0.46211804102134785
0.6108497093827844,0.46190874843030555
0.6107419712070875,0.4616994558392633
0.6109111049570756,0.4616994558392633
0.6110803324099723,0.4616994558392633
0.6112496536436686,0.4616994558392633
0.6114190687361419,0.4616994558392633
0.611588577765456,0.4616994558392633
0.6117581808097615,0.4616994558392633
0.6119278779472954,0.4616994558392633
0.6120976692563818,0.4616994558392633
0.6122675548154316,0.4616994558392633
0.6124375347029428,0.4616994558392633
0.6126076089975007,0.4616994558392633
0.612392331203112,0.4612808706571787
0.6125625347415231,0.4612808706571787
0.6123470522803115,0.46086228547509417
0.6122392211404729,0.4606529928840519
0.6121313299944352,0.46044370029300963
0.6123016977456165,0.46044370029300963
0.6124721603563474,0.46044370029300963
0.6123642439431913,0.46023440770196733
0.6121482307049317,0.4598158225198828
0.6123188405797102,0.4598158225198828
0.6124895455812657,0.4598158225198828
0.6126603457891802,0.4598158225198828
0.6128312412831242,0.4598158225198828
0.6125069793411502,0.45918794474675595
0.6126780228986317,0.45918794474675595
0.6128491620111732,0.45918794474675595
0.6127409891031014,0.4589786521557137
0.6129122414756848,0.4589786521557137
0.6130835896002237,0.4589786521557137
0.6128671328671329,0.4585600669736291
0.612650433809124,0.45814148179154457
0.6125419932810751,0.4579321892005023
0.6127135256230748,0.4579321892005023
0.6128851540616247,0.4579321892005023
0.6130568786775007,0.4579321892005023
0.6128399215026633,0.45751360401841773
0.6127313516545149,0.4573043114273755
0.6126227208976157,0.4570950188363332
0.6127946127946128,0.4570950188363332
0.6126859388156048,0.4568857262452909
0.6125772038180798,0.45667643365424865
0.6127492277450154,0.45667643365424865
0.6129213483146068,0.45667643365424865
0.613093565608317,0.45667643365424865
0.6128760191172337,0.4562578484721641
0.612549240292628,0.45562997069903727
0.612331081081081,0.4552113855169527
0.6125035201351732,0.4552113855169527
0.6126760563380281,0.4552113855169527
0.6128486897717667,0.4552113855169527
0.612739571589628,0.45500209292591043
0.6129123202706512,0.45500209292591043
0.6128031584884377,0.45479280033486813
0.6129760225669958,0.45479280033486813
0.6127575500987863,0.4543742151527836
0.6129305477131564,0.4543742151527836
0.6127118644067797,0.45395562997069905
0.6128849957615146,0.45395562997069905
0.6130582249858677,0.45395562997069905
0.6132315521628499,0.45395562997069905
0.6134049773755657,0.45395562997069905
0.6135785007072135,0.45395562997069905
0.6137521222410866,0.45395562997069905
0.6136427964902349,0.45374633737965675
0.6138165345413363,0.45374633737965675
0.6139903709997168,0.45374633737965675
0.6141643059490085,0.45374633737965675
0.6143383394729385,0.45374633737965675
0.6146867025800964,0.45374633737965675
0.6145774248440159,0.4535370447886145
0.6147517730496453,0.4535370447886145
0.6149262202043133,0.4535370447886145
0.6151007663922793,0.4535370447886145
0.6149914821124361,0.4533277521975722
0.6151661459812553,0.4533277521975722
0.6153409090909091,0.4533277521975722
0.6151222285389426,0.45290916701548767
0.615012794995735,0.45269987442444537
0.6149032992036405,0.45249058183340307
0.6150782361308678,0.45249058183340307
0.6149686966420034,0.45228128924236083
0.6151437517791062,0.45228128924236083
0.6148148148148148,0.451653411469234
0.6149900256483328,0.451653411469234
0.6151653363740023,0.451653411469234
0.615340747077274,0.451653411469234
0.6155162578436966,0.451653411469234
0.6156918687589158,0.451653411469234
0.6154724521838424,0.45123482628714945
0.615648201027984,0.45123482628714945
0.6153186624749929,0.4506069485140226
0.615494568324757,0.4506069485140226
0.6150543789353177,0.44976977814985347
0.6152304609218436,0.44976977814985347
0.6154066437571593,0.44976977814985347
0.6152964766542538,0.44956048555881123
0.6150759529951275,0.4491419003767267
0.6148551763693719,0.4487233151946421
0.6150315547905909,0.4487233151946421
0.6152080344332855,0.4487233151946421
0.6153846153846154,0.4487233151946421
0.6155612977318403,0.4487233151946421
0.6154508902929351,0.44851402260359985
0.615340419419707,0.44830473001255755
0.6155172413793103,0.44830473001255755
0.6156941649899397,0.44830473001255755
0.6155836687751581,0.44809543742151525
0.6154731090020132,0.447886144830473
0.6153624856156502,0.4476768522394307
0.6151410477835348,0.44725826705734617
0.6153181687302044,0.44725826705734617
0.6154953917050692,0.44725826705734617
0.6156727167963123,0.44725826705734617
0.615850144092219,0.44725826705734617
0.6157394061689248,0.4470489744663039
0.615916955017301,0.4470489744663039
0.6156953260242354,0.44663038928421933
0.6158730158730159,0.44663038928421933
0.6160508083140878,0.44663038928421933
0.6162287034363269,0.44663038928421933
0.6157849089332177,0.44579321892005025
0.6156737998843262,0.44558392632900795
0.6151172893136403,0.44453746337379657
0.6152954808806489,0.44453746337379657
0.6154737757171834,0.44453746337379657
0.6153623188405797,0.4443281707827543
0.6155407364453465,0.4443281707827543
0.6149825783972126,0.4432817078275429
0.6151611966308452,0.4432817078275429
0.6153399186519466,0.4432817078275429
0.6152281313571636,0.44307241523650065
0.6154069767441861,0.44307241523650065
0.6155859261413201,0.44307241523650065
0.6154741128563118,0.44286312264545835
0.6153622345068374,0.44265383005441605
0.6155413271245634,0.44265383005441605
0.6157205240174672,0.44265383005441605
0.615608619685498,0.4424445374633738
0.6154966501602097,0.4422352448723315
0.6153846153846154,0.44202595228128927
0.6155639755173419,0.44202595228128927
0.6157434402332361,0.44202595228128927
0.615923009623797,0.44202595228128927
0.6161026837806302,0.44202595228128927
0.616282462795448,0.44202595228128927
0.6161704611792177,0.44181665969024697
0.6157218001168907,0.44097948932607783
0.6153846153846154,0.44035161155295105
0.6155646576945583,0.44035161155295105
0.6157448053848406,0.44035161155295105
0.615519765739385,0.43993302637086645
0.6157000585823081,0.43993302637086645
0.6158804570758863,0.43993302637086645
0.6160609613130129,0.43993302637086645
0.6162415713866901,0.43993302637086645
0.6164222873900294,0.43993302637086645
0.6166031094162511,0.43993302637086645
0.6164906103286385,0.4397237337798242
0.6166715585559143,0.4397237337798242
0.6168526130358192,0.4397237337798242
0.6170337738619677,0.4397237337798242
0.6172150411280846,0.4397237337798242
0.6173964149280047,0.4397237337798242
0.6175778953556731,0.4397237337798242
0.6177594825051456,0.4397237337798242
0.6179411764705882,0.4397237337798242
0.6177163037080635,0.4393051485977396
0.6178981454224316,0.4393051485977396
0.6177856301531213,0.43909585600669737
0.6179675994108984,0.43909585600669737
0.6181496758986447,0.43909585600669737
0.6183318597111701,0.43909585600669737
0.6182193396226415,0.4388865634156551
0.6184016514302566,0.4388865634156551
0.6182890855457227,0.43867727082461283
0.6179509890758783,0.438049393051486
0.6178381571175429,0.4378401004604437
0.6180206794682422,0.4378401004604437
0.6179078014184397,0.43763080786940145
0.6180904522613065,0.43763080786940145
0.6182732111176819,0.43763080786940145
0.6184560780834073,0.43763080786940145
0.6186390532544379,0.43763080786940145
0.6188221367268423,0.43763080786940145
0.6187092954410894,0.43742151527835915
0.6185963873260291,0.43721222268731685
0.6183703703703703,0.4367936375052323
0.6182572614107884,0.43658434491419
0.6184405573673288,0.43658434491419
0.6186239620403321,0.43658434491419
0.61880747552655,0.43658434491419
0.6186943620178041,0.43637505232314777
0.6188780053428317,0.43637505232314777
0.619061757719715,0.43637505232314777
0.6192456192456193,0.43637505232314777
0.6194295900178253,0.43637505232314777
0.6192033293697978,0.43595646714106323
0.6189767995240928,0.43553788195897863
0.6191609639988099,0.43553788195897863
0.6193452380952381,0.43553788195897863
0.6195296219112831,0.43553788195897863
0.6197141155449672,0.43553788195897863
0.6198987190944295,0.43553788195897863
0.6196721311475409,0.4351192967768941
0.6194452728899493,0.43470071159480955
0.6189907435055241,0.4338635412306404
0.6191756272401434,0.4338635412306404
0.6190618464296385,0.43365424863959817
0.6192468619246861,0.43365424863959817
0.6187911430281269,0.43281707827542903
0.6184486373165619,0.4321892005023022
0.6186339125224686,0.4321892005023022
0.6188192987713516,0.4321892005023022
0.6190047961630696,0.4321892005023022
0.6191904047976012,0.4321892005023022
0.619376124775045,0.4321892005023022
0.6192619261926192,0.43197990791125995
0.6194477791116446,0.43197990791125995
0.6196337436205344,0.43197990791125995
0.6198198198198198,0.43197990791125995
0.6200060078101532,0.43197990791125995
0.6198918269230769,0.43177061532021765
0.6197775773970544,0.4315613227291754
0.6199639206253759,0.4315613227291754
0.6201503759398497,0.4315613227291754
0.619578313253012,0.430514859773964
0.619764989454655,0.430514859773964
0.6199517781796263,0.430514859773964
0.6201386795296955,0.430514859773964
0.6199095022624435,0.43009627459187943
0.6195652173913043,0.4294683968187526
0.6197523406825732,0.4294683968187526
0.6199395770392749,0.4294683968187526
0.6201269265639165,0.4294683968187526
0.6198971877834896,0.42904981163666805
0.6200846944948578,0.42904981163666805
0.6199697428139183,0.4288405190456258
0.6198547215496368,0.4286312264545835
0.6197396306388132,0.4284219338635412
0.6195092396243562,0.4280033486814567
0.6196969696969697,0.4280033486814567
0.6195816914216429,0.4277940560904144
0.6197695573074591,0.4277940560904144
0.619423368740516,0.4271661783172876
0.6196114146933819,0.4271661783172876
0.6197995748557547,0.4271661783172876
0.6199878493317132,0.4271661783172876
0.6201762382254634,0.4271661783172876
0.6200607902735562,0.4269568857262453
0.6202493159014898,0.4269568857262453
0.6204379562043796,0.4269568857262453
0.6202069385270846,0.42653830054416075
0.6199756394640682,0.42611971536207616
0.6201644837039293,0.42611971536207616
0.6203534430225472,0.42611971536207616
0.620237732398659,0.4259104227710339
0.6200060994205551,0.4254918375889494
0.6201952410006101,0.4254918375889494
0.61996336996337,0.4250732524068648
0.6198473282442748,0.42486395981582253
0.6200366524129505,0.42486395981582253
0.6202260922700886,0.42486395981582253
0.6204156479217604,0.42486395981582253
0.620605319474167,0.42486395981582253
0.6207951070336392,0.42486395981582253
0.620563035495716,0.424445374633738
0.620752984389348,0.424445374633738
0.6209430496019596,0.424445374633738
0.6208269525267994,0.4242360820426957
0.6205945448973338,0.42381749686061115
0.6207847946045371,0.42381749686061115
0.6209751609935602,0.42381749686061115
0.6211656441717791,0.42381749686061115
0.6213562442467014,0.42381749686061115
0.6215469613259669,0.42381749686061115
0.6217377955173472,0.42381749686061115
0.6219287469287469,0.42381749686061115
0.6216963736939152,0.42339891167852656
0.6214637146371463,0.422980326496442
0.6216548754229468,0.422980326496442
0.6213054187192119,0.4223524487233152
0.6214967662457653,0.4223524487233152
0.6216882316697474,0.4223524487233152
0.6218798151001541,0.4223524487233152
0.6220715166461159,0.4223524487233152
0.6222633364168979,0.4223524487233152
0.6224552745219001,0.4223524487233152
0.6223387843258253,0.42214315613227293
0.6222222222222222,0.42193386354123064
0.6218721037998146,0.4213059857681038
0.6217552533992583,0.42109669317706155
0.6219474497681607,0.42109669317706155
0.621830550401979,0.42088740058601926
0.6220228889576245,0.42088740058601926
0.6219059405940595,0.42067810799497696
0.6220984215413184,0.42067810799497696
0.6219814241486068,0.4204688154039347
0.6216299969011466,0.4198409376308079
0.6218226906385617,0.4198409376308079
0.622015503875969,0.4198409376308079
0.6222084367245657,0.4198409376308079
0.6219739292364991,0.41942235244872333
0.6218565662837628,0.41921305985768104
0.6220496894409938,0.41921305985768104
0.6218147917961466,0.4187944746755965
0.6220080820640348,0.4187944746755965
0.6222014925373134,0.4187944746755965
0.6223950233281493,0.4187944746755965
0.6225886745488488,0.4187944746755965
0.6227824463118581,0.4187944746755965
0.6229763387297634,0.4187944746755965
0.6226238703645995,0.41816659690246966
0.6228179551122195,0.41816659690246966
0.6230121608980356,0.41816659690246966
0.6232064878353087,0.41816659690246966
0.6234009360374415,0.41816659690246966
0.6235955056179775,0.41816659690246966
0.6233603997501561,0.4177480117203851
0.6235551390190566,0.4177480117203851
0.62375,0.4177480117203851
0.6239449828071272,0.4177480117203851
0.6241400875547217,0.4177480117203851
0.624022521113544,0.4175387191293428
0.6242177722152691,0.4175387191293428
0.6241001564945227,0.4173294265383005
0.623982467125861,0.4171201339472583
0.6241778891324773,0.4171201339472583
0.6243734335839599,0.4171201339472583
0.6245691005954246,0.4171201339472583
0.6247648902821317,0.4171201339472583
0.6249608027594857,0.4171201339472583
0.6251568381430364,0.4171201339472583
0.6253529965484782,0.4171201339472583
0.625549278091651,0.4171201339472583
0.62574568288854,0.4171201339472583
0.6259422110552764,0.4171201339472583
0.626138862708137,0.4171201339472583
0.6259038038352719,0.41670154876517373
0.6261006289308176,0.41670154876517373
0.6262975778546713,0.41670154876517373
0.6264946507237256,0.41670154876517373
0.6266918476550205,0.41670154876517373
0.6265743073047859,0.41649225617413144
0.6267716535433071,0.41649225617413144
0.6269691241335854,0.41649225617413144
0.6271667191931926,0.41649225617413144
0.626813880126183,0.4158643784010046
0.6266961186494162,0.41565508580996235
0.6264603725923586,0.41523650062787776
0.6266582438408086,0.41523650062787776
0.6268562401263823,0.41523650062787776
0.6270543615676359,0.41523650062787776
0.6272526082832753,0.41523650062787776
0.627134724857685,0.4150272080368355
0.6273331224296109,0.4150272080368355
0.6272151898734177,0.4148179154457932
0.6268609439341146,0.4141900376726664
0.6270595690747782,0.4141900376726664
0.6272583201267828,0.4141900376726664
0.6269035532994924,0.41356215989953954
0.6267851475721993,0.4133528673084973
0.626984126984127,0.4133528673084973
0.6271832327723087,0.4133528673084973
0.6273824650571792,0.4133528673084973
0.6275818239593264,0.4133528673084973
0.6277813095994914,0.4133528673084973
0.6279809220985691,0.4133528673084973
0.6281806615776081,0.4133528673084973
0.6278255332696594,0.41272498953537046
0.6280254777070063,0.41272498953537046
0.627906976744186,0.41251569694432816
0.6281070745697896,0.41251569694432816
0.6283072999681224,0.41251569694432816
0.6281887755102041,0.4123064043532859
0.6283891547049442,0.4123064043532859
0.6282705807275047,0.4120971117622436
0.6284711139482924,0.4120971117622436
0.6281150159744409,0.4114692339891168
0.6279961649089166,0.41125994139807454
0.6281969309462916,0.41125994139807454
0.627959053103007,0.41084135621598994
0.62816,0.41084135621598994
0.6280409731113956,0.4106320636249477
0.6282420749279539,0.4106320636249477
0.6284433055733504,0.4106320636249477
0.6286446651714194,0.4106320636249477
0.6288461538461538,0.4106320636249477
0.6290477717217057,0.4106320636249477
0.6289288005131495,0.4104227710339054
0.6291305742701315,0.4104227710339054
0.6293324775353016,0.4104227710339054
0.6292134831460674,0.4102134784428631
0.6290944123314065,0.41000418585182086
0.6292964985544491,0.41000418585182086
0.6294987146529563,0.41000418585182086
0.6297010607521697,0.41000418585182086
0.6299035369774919,0.41000418585182086
0.630106143454487,0.41000418585182086
0.6303088803088803,0.41000418585182086
0.6300708306503542,0.4095856006697363
0.629951690821256,0.409376308078694
0.6291155584247902,0.4079112599413981
0.6293186955117857,0.4079112599413981
0.6290791599353797,0.4074926747593135
0.6288393145813126,0.40707408957722896
0.6290426908150065,0.40707408957722896
0.6292461986412164,0.40707408957722896
0.6294498381877023,0.40707408957722896
0.6293298802201359,0.4068647969861867
0.6292098445595855,0.4066555043951444
0.6294136702299967,0.4066555043951444
0.6296176279974076,0.4066555043951444
0.6298217179902755,0.4066555043951444
0.6295815763866364,0.4062369192130599
0.6294613887086308,0.4060276266220176
0.6291003572588503,0.40539974884889074
0.6293047433398311,0.40539974884889074
0.6295092622684433,0.40539974884889074
0.6293888166449935,0.4051904562578485
0.6290270094370323,0.40456257848472166
0.6292317708333334,0.40456257848472166
0.6289902280130293,0.40414399330263706
0.6291951775822744,0.40414399330263706
0.6294002607561929,0.40414399330263706
0.6296054776654711,0.40414399330263706
0.6298108284409655,0.40414399330263706
0.6289637136319058,0.40267894516534114
0.6288423806409418,0.4024696525742989
0.6287209682695453,0.4022603599832566
0.6289267015706806,0.4022603599832566
0.6288052373158756,0.4020510673922143
0.6286836935166994,0.40184177480117206
0.6288896167703898,0.40184177480117206
0.6290956749672346,0.40184177480117206
0.6293018682399213,0.40184177480117206
0.6291803278688525,0.40163248221012976
0.6293866841587406,0.40163248221012976
0.6295931758530183,0.40163248221012976
0.6294716114210699,0.40142318961908746
0.6296782665791202,0.40142318961908746
0.6298850574712643,0.40142318961908746
0.6300919842312747,0.40142318961908746
0.6299704239237595,0.4012138970280452
0.6301775147928994,0.4012138970280452
0.6303847418612298,0.4012138970280452
0.6302631578947369,0.4010046044370029
0.6304705495228694,0.4010046044370029
0.630348913759052,0.4007953118459607
0.6302271978926572,0.4005860192549184
0.6301054018445322,0.4003767266638761
0.6303130148270181,0.4003767266638761
0.6301911667765326,0.40016743407283384
0.6300692383778437,0.39995814148179154
0.6299472295514512,0.39974884889074924
0.6301550643352029,0.39974884889074924
0.6303630363036303,0.39974884889074924
0.629996696399075,0.39912097111762246
0.629507112140258,0.3982838007534533
0.6297154202514891,0.3982838007534533
0.6295928500496525,0.3980745081624111
0.6294701986754967,0.3978652155713688
0.6293474660483603,0.3976559229803265
0.6289787798408488,0.39702804520719964
0.6291873963515755,0.39702804520719964
0.6293961512939615,0.39702804520719964
0.6296050448058413,0.39702804520719964
0.6298140770252324,0.39702804520719964
0.6300232480903354,0.39702804520719964
0.6302325581395349,0.39702804520719964
0.6304420073113991,0.39702804520719964
0.6306515957446809,0.39702804520719964
0.6305287662121716,0.3968187526161574
0.6304058549567532,0.3966094600251151
0.6302828618968386,0.39640016743407286
0.6304926764314248,0.39640016743407286
0.6307026307026307,0.39640016743407286
0.6309127248501,0.39640016743407286
0.6306666666666667,0.39598158225198826
0.6308769589863288,0.39598158225198826
0.6306306306306306,0.3955629970699037
0.6302605210420842,0.3949351192967769
0.6304710992315402,0.3949351192967769
0.6301003344481605,0.39430724152365004
0.629976580796253,0.3940979489326078
0.6298527443105756,0.3938886563415655
0.6293565683646113,0.3930514859773964
0.6295675494468655,0.3930514859773964
0.6291946308724832,0.3924236082042696
0.6290701577710641,0.3922143156132273
0.6292813969106783,0.3922143156132273
0.6291568693315418,0.39200502302218504
0.6293682795698925,0.39200502302218504
0.6292436974789916,0.39179573043114274
0.6289942818701648,0.3913771452490582
0.6288694481830417,0.3911678526580159
0.6287445304611242,0.3909585600669736
0.6289562289562289,0.3909585600669736
0.6291680700572584,0.3909585600669736
0.6290431266846361,0.39074926747593136
0.6292551398719245,0.39074926747593136
0.6294672960215779,0.39074926747593136
0.6296795952782462,0.39074926747593136
0.6298920377867746,0.39074926747593136
0.6301046236922039,0.39074926747593136
0.6299797434166104,0.39053997488488906
0.629854778790949,0.3903306822938468
0.6300675675675675,0.3903306822938468
0.630280500168976,0.3903306822938468
0.6304935767410412,0.3903306822938468
0.6307067974298275,0.3903306822938468
0.6309201623815968,0.3903306822938468
0.6311336717428088,0.3903306822938468
0.6313473256601219,0.3903306822938468
0.6309725516773975,0.38970280452072
0.6311864406779661,0.38970280452072
0.6310613767378772,0.3894935119296777
0.6312754409769336,0.3894935119296777
0.6314896504920258,0.3894935119296777
0.631704005431093,0.3894935119296777
0.631453804347826,0.38907492674759314
0.6316683656133197,0.38907492674759314
0.630915900578822,0.38781917120133946
0.6311307901907357,0.38781917120133946
0.6313458262350937,0.38781917120133946
0.6312201772324472,0.3876098786102972
0.6310944425502898,0.3874005860192549
0.6313096862210096,0.3874005860192549
0.631525076765609,0.3874005860192549
0.631740614334471,0.3874005860192549
0.6319562990781836,0.3874005860192549
0.632172131147541,0.3874005860192549
0.6323881106935428,0.3874005860192549
0.6326042378673957,0.3874005860192549
0.6328205128205128,0.3874005860192549
0.6330369357045144,0.3874005860192549
0.632408359027064,0.38635412306404354
0.6320301783264746,0.3857262452909167
0.6322469982847342,0.3857262452909167
0.632120796156486,0.3855169526998744
0.6318681318681318,0.38509836751778986
0.6320851940913775,0.38509836751778986
0.6319587628865979,0.3848890749267476
0.6321760055001718,0.3848890749267476
0.6323933975240715,0.3848890749267476
0.6321403991741225,0.384470489744663
0.632013769363167,0.3842611971536208
0.6318870523415978,0.3840519045625785
0.6321047192559421,0.3840519045625785
0.6323225361819435,0.3840519045625785
0.6318150448585231,0.3832147341984094
0.631560773480663,0.3827961490163248
0.6317789291882556,0.3827961490163248
0.6319972356599862,0.3827961490163248
0.6322156930521949,0.3827961490163248
0.6324343015214384,0.3827961490163248
0.6319252077562327,0.3819589786521557
0.6321440942154486,0.3819589786521557
0.632016632016632,0.3817496860611134
0.6322357019064124,0.3817496860611134
0.6324549237170597,0.3817496860611134
0.6326742976066597,0.3817496860611134
0.6328938237335184,0.3817496860611134
0.633113502256161,0.3817496860611134
0.6333333333333333,0.3817496860611134
0.632695652173913,0.38070322310590204
0.6323119777158774,0.3800753453327752
0.6325322187391152,0.3800753453327752
0.632404181184669,0.37986605274173296
0.6322760543743464,0.37965676015069066
0.6321478382147838,0.37944746755964837
0.6320195326124869,0.3792381749686061
0.6316340782122905,0.3786102971954793
0.6318546978693678,0.3786102971954793
0.6320754716981132,0.3786102971954793
0.6319468717231738,0.378401004604437
0.6321678321678321,0.378401004604437
0.6320391745365512,0.37819171201339474
0.6319104268719384,0.37798241942235244
0.632131606580329,0.37798241942235244
0.6320028011204482,0.37777312683131015
0.6322241681260946,0.37777312683131015
0.6324456902592852,0.37777312683131015
0.6321879382889201,0.3773545416492256
0.6319298245614036,0.37693595646714106
0.6318006318006318,0.37672666387609877
0.6320224719101124,0.37672666387609877
0.6318932209343169,0.3765173712850565
0.631634446397188,0.376098786102972
0.6315049226441631,0.3758894935119297
0.6317270488920155,0.3758894935119297
0.6314677930306231,0.37547090832984514
0.6316901408450705,0.37547090832984514
0.6315604085945755,0.37526161573880285
0.6317829457364341,0.37526161573880285
0.6320056397603102,0.37526161573880285
0.6322284908321579,0.37526161573880285
0.6324514991181658,0.37526161573880285
0.6319321794418933,0.37442444537463376
0.6321554770318021,0.37442444537463376
0.632378932484977,0.37442444537463376
0.6326025459688827,0.37442444537463376
0.6328263176512203,0.37442444537463376
0.6326963906581741,0.37421515278359146
0.6325663716814159,0.37400586019254917
0.6327903682719547,0.37400586019254917
0.63266029047113,0.3737965676015069
0.6325301204819277,0.3735872750104646
0.6323998582063098,0.3733779824194223
0.6326241134751773,0.3733779824194223
0.6323633782824698,0.3729593972373378
0.6325878594249201,0.3729593972373378
0.6324573863636364,0.37275010464629554
0.6326820603907638,0.37275010464629554
0.6329068941009239,0.37275010464629554
0.6331318876644152,0.37275010464629554
0.633357041251778,0.37275010464629554
0.6335823550337958,0.37275010464629554
0.6334519572953736,0.37254081205525325
0.6336774652901388,0.37254081205525325
0.6335470085470085,0.37233151946421095
0.6337727110794442,0.37233151946421095
0.6333808844507846,0.3717036416910841
0.6332500891901534,0.37149434910004187
0.6334760885082085,0.37149434910004187
0.6337022491967155,0.37149434910004187
0.6339285714285714,0.37149434910004187
0.6337977849231868,0.37128505650899957
0.6335359313550233,0.370866471326915
0.6332737030411449,0.3704478861448305
0.6335003579098067,0.3704478861448305
0.6337271750805585,0.3704478861448305
0.6339541547277937,0.3704478861448305
0.6341812970261556,0.3704478861448305
0.6344086021505376,0.3704478861448305
0.6342775188239512,0.3702385935537882
0.6341463414634146,0.37002930096274594
0.6340150699677072,0.36982000837170365
0.6342426417803302,0.36982000837170365
0.6341113105924596,0.36961071578066135
0.6339798850574713,0.3694014231896191
0.6335850413520316,0.36877354541649227
0.6338129496402878,0.36877354541649227
0.6340410219503418,0.36877354541649227
0.6339092872570194,0.36856425282544997
0.6341375585163845,0.36856425282544997
0.6343659942363112,0.36856425282544997
0.6345945945945946,0.36856425282544997
0.6348233597692863,0.36856425282544997
0.6350522899386946,0.36856425282544997
0.6352813852813853,0.36856425282544997
0.6355106459761819,0.36856425282544997
0.6353790613718412,0.3683549602344077
0.6356085229324666,0.3683549602344077
0.6358381502890174,0.3683549602344077
0.6360679436212504,0.3683549602344077
0.6359363702096891,0.3681456676433654
0.6352770735240855,0.36709920468815405
0.6351449275362319,0.36688991209711175
0.6348803480783176,0.3664713269150272
0.6347479143997098,0.3662620343239849
0.634978229317852,0.3662620343239849
0.6352087114337568,0.3662620343239849
0.6350762527233116,0.36605274173294267
0.6355377906976745,0.36605274173294267
0.6357688113413305,0.36605274173294267
0.636,0.36605274173294267
0.6356024754277394,0.3654248639598158
0.635469774217043,0.36521557136877353
0.6357012750455373,0.36521557136877353
0.635932944606414,0.36521557136877353
0.6361647830842143,0.36521557136877353
0.6363967906637491,0.36521557136877353
0.6366289675300985,0.36521557136877353
0.6363636363636364,0.364796986186689
0.6365960555149744,0.364796986186689
0.6368286445012787,0.364796986186689
0.6370614035087719,0.364796986186689
0.636928702010969,0.3645876935956467
0.6367959034381858,0.36437840100460445
0.637028905964142,0.36437840100460445
0.6372620790629575,0.36437840100460445
0.6371292566825338,0.36416910841356215
0.636996336996337,0.3639598158225199
0.6372297544888238,0.3639598158225199
0.6374633431085044,0.3639598158225199
0.6376971030436377,0.3639598158225199
0.6375641966250917,0.3637505232314776
0.6374311926605505,0.3635412306404353
0.6376651982378855,0.3635412306404353
0.6378993756885788,0.3635412306404353
0.6381337252020574,0.3635412306404353
0.6383682469680264,0.3635412306404353
0.638235294117647,0.36333193804939307
0.6384700257447591,0.36333193804939307
0.6387049300956585,0.36333193804939307
0.63894000736106,0.36333193804939307
0.6391752577319587,0.36333193804939307
0.6389093588798821,0.36291335286730847
0.6387762624401032,0.3627040602762662
0.6385097749907783,0.3622854750941817
0.6387453874538745,0.3622854750941817
0.6389811738648948,0.3622854750941817
0.6392171344165436,0.3622854750941817
0.6388170055452865,0.36165759732105485
0.6390532544378699,0.36165759732105485
0.6389197188309286,0.36144830473001255
0.6391561806069578,0.36144830473001255
0.6393928174750092,0.36144830473001255
0.6391256020748425,0.361029719547928
0.6389918458117124,0.3608204269568857
0.6387240356083086,0.36040184177480117
0.6383215744522837,0.35977396400167433
0.638187221396731,0.3595646714106321
0.6384243775548123,0.3595646714106321
0.6386617100371748,0.3595646714106321
0.6388992190405355,0.3595646714106321
0.6391369047619048,0.3595646714106321
0.6393747673985858,0.3595646714106321
0.6392405063291139,0.3593553788195898
0.6394785847299814,0.3593553788195898
0.6397168405365127,0.3593553788195898
0.6399552739470742,0.3593553788195898
0.6401938851603282,0.3593553788195898
0.6404326743752331,0.3593553788195898
0.6406716417910447,0.3593553788195898
0.6409107876073161,0.3593553788195898
0.6411501120238984,0.3593553788195898
0.6413896152409414,0.3593553788195898
0.6416292974588939,0.3593553788195898
0.6414953271028038,0.3591460862285475
0.6417352281226627,0.3591460862285475
0.6419753086419753,0.3591460862285475
0.6418413173652695,0.35893679363750525
0.641707225758143,0.35872750104646295
0.6419475655430712,0.35872750104646295
0.6418134132633946,0.35851820845542065
0.6415448068991376,0.3580996232733361
0.6417854463615904,0.3580996232733361
0.6416510318949343,0.35789033068229387
0.6418918918918919,0.35789033068229387
0.642132932782576,0.35789033068229387
0.6419984973703982,0.35768103809125157
0.6418639609169485,0.35747174550020927
0.6417293233082707,0.357262452909167
0.6419706656637834,0.357262452909167
0.6422121896162528,0.357262452909167
0.6420775310500565,0.35705316031812473
0.6423192771084337,0.35705316031812473
0.6421845574387948,0.3568438677270825
0.6424265259984928,0.3568438677270825
0.6420218785364014,0.35621598995395565
0.6418867924528302,0.35600669736291335
0.6416163141993958,0.3555881121808288
0.6418587079712883,0.3555881121808288
0.6417233560090703,0.3553788195897865
0.6419659735349716,0.3553788195897865
0.6422087745839636,0.3553788195897865
0.6420734014377601,0.35516952699874427
0.6419379258137774,0.35496023440770197
0.6418023475956077,0.35475094181665967
0.6422887457370215,0.35475094181665967
0.6425322213798332,0.35475094181665967
0.6427758816837316,0.35475094181665967
0.6426403641881638,0.35454164922561743
0.642504743833017,0.35433235663457513
0.6427486712224754,0.35433235663457513
0.6422053231939163,0.35349518627040605
0.6420692278432865,0.35328589367936375
0.6423135464231354,0.35328589367936375
0.6425580510087552,0.35328589367936375
0.6424219345011424,0.35307660108832145
0.6426666666666667,0.35307660108832145
0.6419847328244275,0.35203013813311007
0.6418480336006109,0.35182084554206783
0.6417112299465241,0.35161155295102553
0.6419564386702331,0.35161155295102553
0.6414083429008802,0.35077438258685645
0.641271056661562,0.35056508999581415
0.6415166602834164,0.35056508999581415
0.6417624521072797,0.35056508999581415
0.6416251437332311,0.35035579740477185
0.6418711656441718,0.35035579740477185
0.6421173762945915,0.35035579740477185
0.6423637759017652,0.35035579740477185
0.6426103646833013,0.35035579740477185
0.6428571428571429,0.35035579740477185
0.6431041106415675,0.35035579740477185
0.6428296808919647,0.3499372122226873
0.6430769230769231,0.3499372122226873
0.6429395921508272,0.349727919631645
0.6431870669745958,0.349727919631645
0.6430496726992684,0.34951862704060277
0.6429121725731896,0.34930933444956047
0.6426368542791057,0.34889074926747593
0.6428846895487852,0.34889074926747593
0.6431327160493827,0.34889074926747593
0.6427191966010043,0.3482628714943491
0.64258114374034,0.34805357890330685
0.6423047177107502,0.34763499372122225
0.6425531914893617,0.34763499372122225
0.6428018575851393,0.34763499372122225
0.6430507162214479,0.34763499372122225
0.6432997676219985,0.34763499372122225
0.6435490120108485,0.34763499372122225
0.6434108527131783,0.34742570113018
0.6436603334625824,0.34742570113018
0.6439100077579519,0.34742570113018
0.6433566433566433,0.34658853076601087
0.6432180334240186,0.34637923817496863
0.6434681181959565,0.34637923817496863
0.6437183975106963,0.34637923817496863
0.6433021806853583,0.3457513604018418
0.6435527853525517,0.3457513604018418
0.6434138737334373,0.3455420678107995
0.6429964884900508,0.34491419003767265
0.6428571428571429,0.3447048974466304
0.6431081608746584,0.3447048974466304
0.643359375,0.3447048974466304
0.643220007815553,0.3444956048555881
0.6434714620797498,0.3444956048555881
0.643723113023074,0.3444956048555881
0.6435837245696401,0.3442863122645458
0.6438356164383562,0.3442863122645458
0.644087705559906,0.3442863122645458
0.6443399921660791,0.3442863122645458
0.6440611524892199,0.34386772708246127
0.6437818752451941,0.34344914190037673
0.6440345368916798,0.34344914190037673
0.6442873969375736,0.34344914190037673
0.6445404556166536,0.34344914190037673
0.6442610062893082,0.3430305567182922
0.6445143531262288,0.3430305567182922
0.6443745082612117,0.3428212641272499
0.6440944881889764,0.34240267894516535
0.6443481685703033,0.34240267894516535
0.6440677966101694,0.3419840937630808
0.6439274447949527,0.3417748011720385
0.6433649289099526,0.3409376308078694
0.6436191228763335,0.3409376308078694
0.6438735177865612,0.3409376308078694
0.6435917721518988,0.34051904562578483
0.6438464582508904,0.34051904562578483
0.6437054631828979,0.3403097530347426
0.643960396039604,0.3403097530347426
0.6442155309033281,0.3403097530347426
0.6444708680142688,0.3403097530347426
0.6440476190476191,0.33968187526161575
0.6439063120285827,0.33947258267057345
0.6441620333598094,0.33947258267057345
0.6437375745526839,0.3388447048974466
0.6435958631662689,0.33863541230640437
0.6434540389972145,0.3384261197153621
0.643312101910828,0.3382168271243198
0.6431700517722023,0.33800753453327753
0.6430278884462152,0.33779824194223523
0.6428856117975289,0.337588949351193
0.6427432216905901,0.3373796567601507
0.6429996011168727,0.3373796567601507
0.6427145708582834,0.33696107157806615
0.6425718849840255,0.33675177898702385
0.6424290850978825,0.33654248639598155
0.6421431427429029,0.336123901213897
0.6424,0.336123901213897
0.6421136909527622,0.3357053160318125
0.6419703644373248,0.3354960234407702
0.6415396952686447,0.3348681456676434
0.6417970316887285,0.3348681456676434
0.6420545746388443,0.3348681456676434
0.641910879164994,0.3346588530766011
0.6417670682730924,0.3344495604855588
0.6413349416968235,0.33382168271243196
0.6415929203539823,0.33382168271243196
0.6413043478260869,0.3334030975303474
0.6415626258558196,0.3334030975303474
0.6418211120064464,0.3334030975303474
0.6412429378531074,0.33256592716617833
0.6415018167137666,0.33256592716617833
0.6413570274636511,0.33235663457513603
0.6416161616161616,0.33235663457513603
0.6418755052546483,0.33235663457513603
0.6421350586332389,0.33235663457513603
0.641845406717928,0.3319380493930515
0.6417004048582996,0.3317287568020092
0.6419603078169299,0.3317287568020092
0.6418152350081038,0.33151946421096695
0.6420753952168626,0.33151946421096695
0.6423357664233577,0.33151946421096695
0.6421906693711967,0.33131017161992465
0.6420454545454546,0.33110087902888236
0.6416091019910606,0.33047300125575557
0.6421309475396503,0.33047300125575557
0.6416938110749185,0.32984512348262873
0.6419551934826884,0.32984512348262873
0.6422167889160554,0.32984512348262873
0.6419249592169658,0.32942653830054414
0.6417788657690738,0.3292172457095019
0.6416326530612245,0.3290079531184596
0.6414863209473254,0.32879866052741735
0.641748366013072,0.32879866052741735
0.6414554374488961,0.32838007534533276
0.6413087934560328,0.3281707827542905
0.6411620294599017,0.3279614901632482
0.6410151453131396,0.3277521975722059
0.6412776412776413,0.3277521975722059
0.6411306841458418,0.3275429049811637
0.6413934426229508,0.3275429049811637
0.6416564165641656,0.3275429049811637
0.6413623307345097,0.32712431979907913
0.6410677618069816,0.32670573461699454
0.6413311421528348,0.32670573461699454
0.6411837237977805,0.3264964420259523
0.6414473684210527,0.3264964420259523
0.6417112299465241,0.3264964420259523
0.6419753086419753,0.3264964420259523
0.6422396047756278,0.3264964420259523
0.642504118616145,0.3264964420259523
0.642356819118253,0.32628714943491
0.6426215993404781,0.32628714943491
0.6421791167973586,0.32565927166178316
0.6418835192069393,0.3252406864796986
0.6421487603305785,0.3252406864796986
0.6420008267879289,0.3250313938886563
0.6422663358147229,0.3250313938886563
0.6425320645428216,0.3250313938886563
0.6423841059602649,0.3248221012976141
0.6420878210439105,0.32440351611552953
0.64235391628678,0.32440351611552953
0.642620232172471,0.32440351611552953
0.6424720033181253,0.32419422352448724
0.6427385892116183,0.32419422352448724
0.6430053964300539,0.32419422352448724
0.6428571428571429,0.32398493093344494
0.6431242210220192,0.32398493093344494
0.6433915211970075,0.32398493093344494
0.6436590436590437,0.32398493093344494
0.6439267886855241,0.32398493093344494
0.6441947565543071,0.32398493093344494
0.6444629475437136,0.32398493093344494
0.6447313619325281,0.32398493093344494
0.6445833333333333,0.3237756383424027
0.6444351813255523,0.3235663457513604
0.6442869057547956,0.3233570531603181
0.6433946488294314,0.3221012976140645
0.643245503973233,0.3218920050230222
0.6430962343096235,0.32168271243197993
0.6429468396818753,0.32147341984093764
0.6432160804020101,0.32147341984093764
0.6434855467113532,0.32147341984093764
0.643336127409891,0.32126412724989534
0.6430369127516778,0.3208455420678108
0.6433067561896769,0.3208455420678108
0.6428571428571429,0.32021766429468396
0.6427070197562,0.3200083717036417
0.642406394615061,0.3195897865215571
0.6426767676767676,0.3195897865215571
0.6422250316055625,0.3189619087484303
0.642495784148398,0.3189619087484303
0.6423450021088148,0.31875261615738804
0.6421940928270042,0.31854332356634574
0.6424651751794006,0.31854332356634574
0.6423141891891891,0.3183340309753035
0.6421630756231517,0.3181247383842612
0.6424344885883347,0.3181247383842612
0.6419805332204824,0.31749686061113436
0.6418289585097375,0.3172875680200921
0.6416772554002541,0.3170782754290498
0.6415254237288136,0.3168689828380075
0.6413734633319204,0.3166596902469653
0.6412213740458015,0.316450397655923
0.6414934238438693,0.316450397655923
0.6411889596602972,0.31603181247383844
0.6414613423959218,0.31603181247383844
0.6417339566510837,0.31603181247383844
0.641429179072735,0.3156132272917539
0.6412765957446809,0.3154039347007116
0.6409710391822828,0.31498534951862706
0.6408180656156796,0.31477605692758476
0.6410912190963342,0.31477605692758476
0.64136460554371,0.31477605692758476
0.6416382252559727,0.31477605692758476
0.64133219470538,0.3143574717455002
0.6411789833404528,0.3141481791544579
0.6408721675929885,0.3137295939723734
0.6407185628742516,0.3135203013813311
0.639948564080583,0.3124738384261197
0.6397941680960549,0.31226454583507746
0.6396396396396397,0.31205525324403516
0.6393301846285959,0.3116366680619506
0.6388650042992261,0.3110087902888238
0.6391397849462366,0.3110087902888238
0.6389845094664371,0.3107994976977815
0.6392595781317262,0.3107994976977815
0.6391042204995694,0.31059020510673924
0.6387931034482759,0.31017161992465464
0.6386373436826218,0.3099623273336124
0.6384814495254529,0.3097530347425701
0.6387570133793699,0.3097530347425701
0.6390328151986183,0.3097530347425701
0.6393088552915767,0.3097530347425701
0.6395851339671564,0.3097530347425701
0.6394293125810635,0.30954374215152786
0.6397058823529411,0.30954374215152786
0.6395499783643445,0.30933444956048556
0.6393939393939394,0.30912515696944326
0.6392377652663491,0.308915864378401
0.6395147313691508,0.308915864378401
0.6393584742089293,0.3087065717873587
0.6392020815264527,0.3084972791963165
0.6394793926247289,0.3084972791963165
0.6397569444444444,0.3084972791963165
0.640034737299175,0.3084972791963165
0.6403127715030409,0.3084972791963165
0.6398434101783385,0.30786940142318964
0.639686684073107,0.30766010883214734
0.6399651719634306,0.30766010883214734
0.6402439024390244,0.30766010883214734
0.6408020924149956,0.30766010883214734
0.6410815525512429,0.30766010883214734
0.6413612565445026,0.30766010883214734
0.6410480349344978,0.3072415236500628
0.6413280908693753,0.3072415236500628
0.6416083916083916,0.3072415236500628
0.6418889374726716,0.3072415236500628
0.6415754923413567,0.30682293846797826
0.6418563922942206,0.30682293846797826
0.6415425065731815,0.30640435328589366
0.6418237615081105,0.30640435328589366
0.6415094339622641,0.3059857681038091
0.641352063213345,0.3057764755127668
0.6411945542380325,0.3055671829217246
0.6414762741652021,0.3055671829217246
0.6413186813186813,0.3053578903306823
0.6411609498680739,0.30514859773964004
0.6414430268367796,0.30514859773964004
0.6412852112676056,0.30493930514859774
0.6415675913694407,0.30493930514859774
0.6418502202643172,0.30493930514859774
0.6421330982811811,0.30493930514859774
0.6415011037527594,0.30410213478442866
0.6417844522968198,0.30410213478442866
0.6420680512593901,0.30410213478442866
0.6414342629482072,0.3032649644202595
0.6412754650132861,0.3030556718292172
0.6415595923792645,0.3030556718292172
0.6414007092198581,0.302846379238175
0.6412416851441242,0.3026370866471327
0.6410825199645075,0.30242779405609044
0.6413670661340435,0.30242779405609044
0.6416518650088809,0.30242779405609044
0.6419369169258108,0.30242779405609044
0.6422222222222222,0.30242779405609044
0.642507781236105,0.30242779405609044
0.6427935943060499,0.30242779405609044
0.6426346239430352,0.30221850146504814
0.6429207479964381,0.30221850146504814
0.643207126948775,0.30221850146504814
0.6437806509139545,0.30221850146504814
0.6440677966101694,0.30221850146504814
0.643908969210174,0.30200920887400584
0.6441964285714286,0.30200920887400584
0.6444841447074587,0.30200920887400584
0.6447721179624665,0.30200920887400584
0.6444543828264758,0.3015906236919213
0.6447427293064877,0.3015906236919213
0.6444245409762651,0.30117203850983676
0.6447132616487455,0.30117203850983676
0.6445540116539669,0.30096274591879446
0.6443946188340807,0.3007534533277522
0.6442350829968596,0.3005441607367099
0.644524236983842,0.3005441607367099
0.6442048517520216,0.3001255755546254
0.6444943820224719,0.3001255755546254
0.6443345323741008,0.2999162829635831
0.6446243814664867,0.2999162829635831
0.6449144914491449,0.2999162829635831
0.645204862674471,0.2999162829635831
0.644404332129964,0.2988698200083717
0.6440831074977417,0.29845123482628716
0.6443741527338455,0.29845123482628716
0.6446654611211573,0.29845123482628716
0.6445047489823609,0.29824194223524486
0.644343891402715,0.2980326496442026
0.6446355817111815,0.2980326496442026
0.6444746376811594,0.2978233570531603
0.6443135478024468,0.297614064462118
0.6446056210335449,0.297614064462118
0.6448979591836734,0.297614064462118
0.6442526124488869,0.29677689409794894
0.6445454545454545,0.29677689409794894
0.6448385629831742,0.29677689409794894
0.6445152480655439,0.2963583089158644
0.644808743169399,0.2963583089158644
0.6444849589790337,0.2959397237337798
0.6443228454172366,0.29573043114273756
0.6446167883211679,0.29573043114273756
0.6441297396071265,0.2951025533696107
0.6439670932358318,0.2948932607785684
0.6436413540713632,0.2944746755964839
0.6434782608695652,0.2942653830054416
0.6437728937728938,0.2942653830054416
0.6436097114063216,0.29405609041439934
0.6439046746104491,0.29405609041439934
0.6441999082989455,0.29405609041439934
0.6440366972477064,0.29384679782335704
0.6438733363928407,0.2936375052323148
0.6441689623507806,0.2936375052323148
0.6444648598989435,0.2936375052323148
0.6441379310344828,0.2932189200502302
0.6444342226310947,0.2932189200502302
0.6447307869305108,0.2932189200502302
0.6450276243093923,0.2932189200502302
0.6447004608294931,0.29280033486814566
0.6445366528354081,0.29259104227710336
0.6443726937269373,0.2923817496860611
0.6446700507614214,0.2923817496860611
0.6449676823638042,0.2923817496860611
0.6452655889145497,0.2923817496860611
0.6455637707948244,0.2923817496860611
0.6458622283865002,0.2923817496860611
0.6461609620721555,0.2923817496860611
0.6464599722350763,0.2923817496860611
0.6467592592592593,0.2923817496860611
0.6464318813716404,0.2919631645039766
0.645939675174014,0.29133528673084974
0.6462395543175488,0.29133528673084974
0.6465397120297259,0.29133528673084974
0.6457169459962756,0.29028882377563836
0.6453867660764212,0.28987023859355376
0.6456876456876457,0.28987023859355376
0.6459888059701493,0.28987023859355376
0.6456582633053222,0.2894516534114692
0.6459598318542737,0.2894516534114692
0.6462616822429906,0.2894516534114692
0.6465638148667602,0.2894516534114692
0.6468662301216089,0.2894516534114692
0.6471689284043051,0.2894516534114692
0.6474719101123596,0.2894516534114692
0.6473067915690867,0.289242360820427
0.6469760900140648,0.2888237756383424
0.6472795497185742,0.2888237756383424
0.6475832942280619,0.2888237756383424
0.6474178403755868,0.28861448304730014
0.6477219351808361,0.28861448304730014
0.6480263157894737,0.28861448304730014
0.647695202257761,0.28819589786521554
0.648,0.28819589786521554
0.647834274952919,0.2879866052741733
0.6481394253414979,0.2879866052741733
0.648444863336475,0.2879866052741733
0.6487505893446488,0.2879866052741733
0.6490566037735849,0.2879866052741733
0.6493629070316187,0.2879866052741733
0.6496694995278565,0.2879866052741733
0.6499763816721776,0.2879866052741733
0.649645390070922,0.28756802009208876
0.6499526963103122,0.28756802009208876
0.6496212121212122,0.28714943491000416
0.649928943628612,0.28714943491000416
0.6502369668246446,0.28714943491000416
0.6500711237553343,0.2869401423189619
0.6503795066413662,0.2869401423189619
0.6509971509971509,0.2869401423189619
0.6513064133016627,0.2869401423189619
0.6511406844106464,0.2867308497279196
0.6514503090822634,0.2867308497279196
0.6517602283539486,0.2867308497279196
0.6520704426463588,0.2867308497279196
0.6523809523809524,0.2867308497279196
0.6526917579799905,0.2867308497279196
0.6530028598665396,0.2867308497279196
0.6533142584644731,0.2867308497279196
0.6536259541984732,0.2867308497279196
0.6539379474940334,0.2867308497279196
0.6537726838586437,0.2865215571368774
0.6540850453893932,0.2865215571368774
0.6539196940726577,0.2863122645458351
0.6542324246771879,0.2863122645458351
0.6537356321839081,0.28568438677270824
0.654048873981792,0.28568438677270824
0.6543624161073825,0.28568438677270824
0.6541966426858513,0.28547509418166594
0.6538646183389343,0.2850565089995814
0.654178674351585,0.2850565089995814
0.6544930321960596,0.2850565089995814
0.6543269230769231,0.28484721640853916
0.6546416546416547,0.28484721640853916
0.6544754571703562,0.28463792381749686
0.6547905633124699,0.28463792381749686
0.6551059730250481,0.28463792381749686
0.655421686746988,0.28463792381749686
0.6557377049180327,0.28463792381749686
0.6560540279787748,0.28463792381749686
0.6563706563706564,0.28463792381749686
0.6558724021266312,0.28401004604437
0.6555394291243348,0.2835914608622855
0.6558567279767668,0.2835914608622855
0.6555232558139535,0.28317287568020094
0.6558410082404266,0.28317287568020094
0.6564774381368268,0.28317287568020094
0.6567961165048544,0.28317287568020094
0.6571151044196212,0.28317287568020094
0.6569484936831875,0.28296358308915864
0.6561130053580126,0.28191712013394726
0.6564327485380117,0.28191712013394726
0.6567528035104827,0.28191712013394726
0.6570731707317073,0.28191712013394726
0.6565705911089399,0.2812892423608204
0.656891495601173,0.2812892423608204
0.6562193927522038,0.28045207199665134
0.6565409113179814,0.28045207199665134
0.6568627450980392,0.28045207199665134
0.657184894556155,0.28045207199665134
0.6575073601570167,0.28045207199665134
0.6578301423662248,0.28045207199665134
0.6581532416502947,0.28045207199665134
0.6584766584766585,0.28045207199665134
0.6588003933136677,0.28045207199665134
0.6591244466305952,0.28045207199665134
0.6586206896551724,0.2798241942235245
0.6584524396254312,0.2796149016324822
0.6587771203155819,0.2796149016324822
0.6586087814504193,0.2794056090414399
0.65893385982231,0.2794056090414399
0.6585968379446641,0.27898702385935537
0.6589223924864063,0.27898702385935537
0.6584158415841584,0.2783591460862285
0.6590683845391476,0.2783591460862285
0.6588993554784334,0.2781498534951863
0.6583912611717975,0.27752197572205944
0.6582215598609041,0.27731268313101715
0.6585487077534792,0.27731268313101715
0.6583789159622079,0.2771033905399749
0.6587064676616915,0.2771033905399749
0.6590343454454952,0.2771033905399749
0.6593625498007968,0.2771033905399749
0.6596910812157449,0.2771033905399749
0.6600199401794616,0.2771033905399749
0.6603491271820449,0.2771033905399749
0.6606786427145709,0.2771033905399749
0.6605092361457813,0.2768940979489326
0.6608391608391608,0.2768940979489326
0.6611694152923538,0.2768940979489326
0.6615,0.2768940979489326
0.6618309154577289,0.2768940979489326
0.6616616616616616,0.2766848053578903
0.6619929894842264,0.2766848053578903
0.6618236472945892,0.27647551276684806
0.6616541353383458,0.27626622017580577
0.6619859578736209,0.27626622017580577
0.6623181133968891,0.27626622017580577
0.6626506024096386,0.27626622017580577
0.6629834254143646,0.27626622017580577
0.6628140703517588,0.2760569275847635
0.6631473102061337,0.2760569275847635
0.6628082536487166,0.2756383424026789
0.6631419939577039,0.2756383424026789
0.6626323751891074,0.2750104646295521
0.6629667003027245,0.2750104646295521
0.663301362948006,0.2750104646295521
0.6629610914603336,0.27459187944746755
0.6632962588473206,0.27459187944746755
0.663631765300961,0.27459187944746755
0.6634615384615384,0.2743825868564253
0.6641337386018237,0.2743825868564253
0.6644703497212366,0.2743825868564253
0.6648073022312373,0.2743825868564253
0.665144596651446,0.2743825868564253
0.6654822335025381,0.2743825868564253
0.665312341289995,0.274173294265383
0.665650406504065,0.274173294265383
0.6659888154550077,0.274173294265383
0.6663275686673449,0.274173294265383
0.6666666666666666,0.274173294265383
0.6664969450101833,0.2739640016743407
0.6668364747834946,0.2739640016743407
0.6664966853646099,0.27354541649225617
0.6668367346938775,0.27354541649225617
0.6664964249233912,0.2731268313101716
0.6668369954011242,0.2731268313101716
0.6666666666666666,0.2729175387191293
0.6658124038954383,0.27187107576391795
0.6656410256410257,0.2716617831728757
0.6659825551564905,0.2716617831728757
0.6666666666666666,0.2716617831728757
0.6664953751284687,0.2714524905818334
0.6668380462724935,0.2714524905818334
0.6671810699588477,0.2714524905818334
0.667524446731858,0.2714524905818334
0.6671818650180319,0.27103390539974886
0.6675257731958762,0.27103390539974886
0.6671826625386997,0.27061532021766427
0.6675271037687145,0.27061532021766427
0.6671834625322998,0.2701967350355797
0.6675284384694933,0.2701967350355797
0.6673564407656493,0.2699874424445375
0.6677018633540373,0.2699874424445375
0.6680476437079234,0.2699874424445375
0.6678756476683938,0.2697781498534952
0.6682218766200103,0.2697781498534952
0.6685684647302904,0.2697781498534952
0.6683964711987546,0.2695688572624529
0.6682242990654206,0.26935956467141065
0.6678794178794178,0.2689409794893261
0.6682267290691628,0.2689409794893261
0.668054110301769,0.2687316868982838
0.6684018740239459,0.2687316868982838
0.6680562793121417,0.26831310171619926
0.6684045881126173,0.26831310171619926
0.6680584551148225,0.26789451653411467
0.6678851174934726,0.2676852239430724
0.668234064785789,0.2676852239430724
0.6680606377417668,0.2674759313520301
0.6684100418410042,0.2674759313520301
0.6687598116169545,0.2674759313520301
0.669109947643979,0.2674759313520301
0.6694604504976427,0.2674759313520301
0.6698113207547169,0.2674759313520301
0.670162558993183,0.2674759313520301
0.670514165792235,0.2674759313520301
0.6703412073490813,0.2672666387609879
0.6699947451392538,0.2668480535789033
0.6698212407991588,0.26663876098786105
0.6701735928458706,0.26663876098786105
0.669826224328594,0.26622017580577645
0.6693037974683544,0.26559229803264967
0.6691292875989446,0.26538300544160737
0.6694825765575502,0.26538300544160737
0.6693079767564712,0.26517371285056507
0.669661733615222,0.26517371285056507
0.6700158646218932,0.26517371285056507
0.6703703703703704,0.26517371285056507
0.6701958708311275,0.2649644202595228
0.670021186440678,0.2647551276684805
0.6696712619300106,0.264336542486396
0.6693205944798302,0.26391795730431145
0.6691449814126395,0.26370866471326915
0.6695005313496281,0.26370866471326915
0.6693248272195641,0.26349937212222685
0.6696808510638298,0.26349937212222685
0.6695050558807877,0.2632900795311846
0.6698615548455804,0.2632900795311846
0.6691568836712913,0.26245290916701547
0.6695141484249867,0.26245290916701547
0.6689839572192513,0.26182503139388863
0.6693418940609952,0.26182503139388863
0.6691648822269807,0.2616157388028464
0.6695232994108195,0.2616157388028464
0.669882100750268,0.2616157388028464
0.6702412868632708,0.2616157388028464
0.6700643776824035,0.2614064462118041
0.6698872785829307,0.26119715362076185
0.6697099892588615,0.26098786102971955
0.6700698549167114,0.26098786102971955
0.6697149004841313,0.260569275847635
0.6695371367061357,0.2603599832565927
0.6698976844372644,0.2603599832565927
0.6695417789757412,0.25994139807450817
0.6693635382955772,0.25973210548346587
0.6697247706422018,0.25973210548346587
0.6700863930885529,0.25973210548346587
0.6699081577525662,0.2595228128924236
0.6697297297297298,0.25931352030138133
0.6700919415900487,0.25931352030138133
0.6704545454545454,0.25931352030138133
0.6700975081256771,0.2588949351192968
0.6693811074918566,0.25805776475512765
0.6697447039652363,0.25805776475512765
0.6692056583242655,0.2574298869820008
0.6690255851932498,0.25722059439095857
0.6693899782135077,0.25722059439095857
0.6697547683923706,0.25722059439095857
0.6701199563794984,0.25722059439095857
0.6704855428259684,0.25722059439095857
0.6708515283842795,0.25722059439095857
0.6703116457080371,0.25659271661783173
0.6706783369803063,0.25659271661783173
0.6701369863013699,0.2559648388447049
0.6705043859649122,0.2559648388447049
0.6708721886999451,0.2559648388447049
0.6712403951701427,0.2559648388447049
0.671059857221307,0.25575554625366265
0.6706981858163826,0.25533696107157805
0.6705170517051705,0.2551276684805358
0.6703357182168409,0.2549183758894935
0.670704845814978,0.2549183758894935
0.6703417861080485,0.25449979070740897
0.670711527854385,0.25449979070740897
0.6710816777041942,0.25449979070740897
0.6714522363335174,0.25449979070740897
0.6710889994472085,0.2540812055253244
0.6714601769911505,0.2540812055253244
0.6718317653569452,0.2540812055253244
0.6722037652270211,0.2540812055253244
0.6725761772853186,0.2540812055253244
0.6729490022172949,0.2540812055253244
0.6725860155382908,0.25366262034323983
0.6729594669627984,0.25366262034323983
0.6733333333333333,0.25366262034323983
0.6737076153418566,0.25366262034323983
0.6740823136818688,0.25366262034323983
0.674457429048414,0.25366262034323983
0.6748329621380846,0.25366262034323983
0.675208913649025,0.25366262034323983
0.6755852842809364,0.25366262034323983
0.6759620747350809,0.25366262034323983
0.6750559284116331,0.25261615738802845
0.6754336877448237,0.25261615738802845
0.6752519596864501,0.2524068647969862
0.6747055524397083,0.25177898702385937
0.6743402582818642,0.2513604018417748
0.6741573033707865,0.25115110925073253
0.6739741427768409,0.25094181665969023
0.6737907761529809,0.250732524068648
0.6736072031513787,0.2505232314776057
0.6739864864864865,0.2505232314776057
0.6743661971830985,0.2505232314776057
0.6739988719684151,0.25010464629552115
0.6738148984198645,0.24989535370447885
0.6741953698475438,0.24989535370447885
0.6740112994350282,0.24968606111343658
0.6738270209157716,0.2494767685223943
0.6742081447963801,0.2494767685223943
0.6745897000565931,0.2494767685223943
0.67440543601359,0.24926747593135204
0.6747875354107649,0.24926747593135204
0.6751700680272109,0.24926747593135204
0.6748013620885358,0.24884889074926747
0.6751845542305508,0.24884889074926747
0.675,0.2486395981582252
0.6753837407617965,0.2486395981582252
0.6751990898748578,0.24843030556718293
0.6750142287990893,0.24822101297614063
0.6753986332574032,0.24822101297614063
0.674843126069595,0.24759313520301382
0.6752283105022832,0.24759313520301382
0.6756139348943461,0.24759313520301382
0.676,0.24759313520301382
0.6758147512864494,0.24738384261197155
0.6762013729977117,0.24738384261197155
0.6760160274756726,0.24717455002092925
0.6758304696449027,0.24696525742988698
0.6762177650429799,0.24696525742988698
0.6760321100917431,0.2467559648388447
0.6764199655765921,0.2467559648388447
0.6762342135476463,0.24654667224780244
0.6758620689655173,0.24612808706571787
0.6762507188039103,0.24612808706571787
0.6766398158803222,0.24612808706571787
0.6764536557282671,0.2459187944746756
0.6768433179723502,0.2459187944746756
0.6772334293948127,0.2459187944746756
0.6766743648960739,0.24529091670154876
0.6761133603238867,0.24466303892842192
0.6759259259259259,0.24445374633737965
0.6757382744643892,0.24424445374633738
0.6761297798377752,0.24424445374633738
0.6759420289855073,0.2440351611552951
0.675754060324826,0.2438258685642528
0.675,0.24298869820008373
0.675392670157068,0.24298869820008373
0.6757857974388825,0.24298869820008373
0.6754079254079254,0.24257011301799916
0.6752186588921283,0.2423608204269569
0.67561260210035,0.2423608204269569
0.6754232340922358,0.24215152783591462
0.6752336448598131,0.24194223524487232
0.6750438340151957,0.24173294265383005
0.6748538011695906,0.24152365006278778
0.6752486834406085,0.24152365006278778
0.6748681898066784,0.2411050648807032
0.675263774912075,0.2411050648807032
0.6756598240469208,0.2411050648807032
0.676056338028169,0.2411050648807032
0.6756756756756757,0.24068647969861867
0.6760728982951205,0.24068647969861867
0.6758823529411765,0.2404771871075764
0.6762801648028252,0.2404771871075764
0.6755162241887905,0.2396400167434073
0.6753246753246753,0.239430724152365
0.6751329001772003,0.23922143156132272
0.6749408983451537,0.23901213897028045
0.6747486694263749,0.23880284637923818
0.6735905044510386,0.2375470908329845
0.6739904988123515,0.2375470908329845
0.6737967914438503,0.23733779824194223
0.6734086853063652,0.2369192130598577
0.6738095238095239,0.2369192130598577
0.6736152471709351,0.2367099204688154
0.6730310262529833,0.23608204269568858
0.6728358208955224,0.23587275010464628
0.6732377538829152,0.23587275010464628
0.6736401673640168,0.23587275010464628
0.6734449760765551,0.235663457513604
0.6732495511669659,0.23545416492256174
0.6728579988016776,0.23503557974047717
0.6726618705035972,0.2348262871494349
0.6730653869226155,0.2348262871494349
0.673469387755102,0.2348262871494349
0.6728803367408298,0.2341984093763081
0.6726835138387485,0.2339891167852658
0.6724864539434076,0.23377982419422352
0.672289156626506,0.23357053160318125
0.6716958358479179,0.2329426538300544
0.6721014492753623,0.2329426538300544
0.6725075528700907,0.2329426538300544
0.6719128329297821,0.23231477605692757
0.6723198061780739,0.23231477605692757
0.6727272727272727,0.23231477605692757
0.6717325227963525,0.2312683131017162
0.6721411192214112,0.2312683131017162
0.671941570298235,0.23105902051067392
0.6717417783191231,0.23084972791963165
0.6715417428397319,0.23064043532858935
0.6719512195121952,0.23064043532858935
0.6717510677242221,0.23043114273754708
0.6715506715506715,0.23022185014650481
0.6719609040928528,0.23022185014650481
0.671760391198044,0.23001255755546254
0.6711573790569504,0.2293846797823357
0.6715686274509803,0.2293846797823357
0.6719803801348866,0.2293846797823357
0.6717791411042945,0.22917538719129343
0.6715776550030693,0.22896609460025116
0.6711739397664414,0.2285475094181666
0.6715867158671587,0.2285475094181666
0.6713846153846154,0.22833821682712432
0.6707768187422934,0.22771033905399748
0.6711906230721777,0.22771033905399748
0.6709876543209876,0.22750104646295521
0.6714021000617665,0.22750104646295521
0.6711990111248455,0.22729175387191294
0.670995670995671,0.22708246128087065
0.6707920792079208,0.22687316868982838
0.6703841387856257,0.22645458350774383
0.6701797892126472,0.22624529091670154
0.6699751861042184,0.22603599832565927
0.6697703289882061,0.225826705734617
0.6701863354037267,0.225826705734617
0.6699813548788067,0.22561741314357472
0.6695706285003111,0.22519882796149016
0.6693648816936488,0.22498953537044789
0.6689526184538653,0.22457095018836334
0.6685393258426966,0.22415236500627878
0.668125,0.22373377982419423
0.6677096370463079,0.22331519464210967
0.667501565435191,0.2231059020510674
0.6670846394984326,0.22268731686898283
0.6668757841907151,0.22247802427794056
0.666247642991829,0.22185014650481372
0.6666666666666666,0.22185014650481372
0.6670862177470107,0.22185014650481372
0.6666666666666666,0.22143156132272918
0.6670870113493065,0.22143156132272918
0.6664560960202148,0.22080368354960234
0.6668773704171934,0.22080368354960234
0.6672991777356104,0.22080368354960234
0.6670886075949367,0.22059439095856007
0.6675110829639012,0.22059439095856007
0.6679340937896071,0.22059439095856007
0.6683576410906785,0.22059439095856007
0.6687817258883249,0.22059439095856007
0.6692063492063492,0.22059439095856007
0.6696315120711563,0.22059439095856007
0.6683673469387755,0.21933863541230642
0.6687938736439055,0.21933863541230642
0.6685823754789272,0.21912934282126412
0.6690095846645367,0.21912934282126412
0.6694373401534527,0.21912934282126412
0.6698656429942419,0.21912934282126412
0.6692307692307692,0.2185014650481373
0.6696600384862091,0.2185014650481373
0.6694480102695763,0.218292172457095
0.6698779704560052,0.218292172457095
0.6703084832904884,0.218292172457095
0.6707395498392283,0.218292172457095
0.6703155183515775,0.21787358727501047
0.6707474226804123,0.21787358727501047
0.669683257918552,0.21682712431979909
0.6701164294954722,0.21682712431979909
0.6696891191709845,0.21640853913771452
0.669260700389105,0.21598995395562998
0.6696950032446464,0.21598995395562998
0.6701298701298701,0.21598995395562998
0.6697009102730819,0.2155713687735454
0.6701366297983083,0.2155713687735454
0.6705729166666666,0.2155713687735454
0.6710097719869706,0.2155713687735454
0.6714471968709257,0.2155713687735454
0.6708033964728936,0.2149434910004186
0.6712418300653594,0.2149434910004186
0.6699475065616798,0.21368773545416492
0.670387393302692,0.21368773545416492
0.6708278580814717,0.21368773545416492
0.6703947368421053,0.21326915027208038
0.6708360763660303,0.21326915027208038
0.6706192358366272,0.21305985768103808
0.6704021094264997,0.2128505650899958
0.670844327176781,0.2128505650899958
0.6701916721744877,0.212222687316869
0.6706349206349206,0.212222687316869
0.671078755790867,0.212222687316869
0.6708609271523179,0.2120133947258267
0.6713055003313453,0.2120133947258267
0.6717506631299734,0.2120133947258267
0.6721964167219642,0.2120133947258267
0.6726427622841965,0.2120133947258267
0.6724252491694352,0.21180410213478443
0.6719893546240852,0.2113855169526999
0.6717709720372836,0.2111762243616576
0.6713333333333333,0.21075763917957305
0.6711140760507005,0.21054834658853078
0.670894526034713,0.21033905399748848
0.6713426853707415,0.21033905399748848
0.6697986577181209,0.20887400586019256
0.6702484889187375,0.20887400586019256
0.6706989247311828,0.20887400586019256
0.6711499663752521,0.20887400586019256
0.67092866756393,0.20866471326915026
0.6713804713804714,0.20866471326915026
0.671832884097035,0.20866471326915026
0.6716115981119353,0.208455420678108
0.6720647773279352,0.208455420678108
0.6718433490884538,0.20824612808706572
0.6711772665764547,0.20761825031393888
0.6705084745762712,0.20699037254081207
0.670061099796334,0.2065717873587275
0.670516304347826,0.2065717873587275
0.6709721278042148,0.2065717873587275
0.6707482993197279,0.20636249476768523
0.6712049012933968,0.20636249476768523
0.6716621253405994,0.20636249476768523
0.67053998632946,0.20531603181247385
0.6703146374829001,0.20510673922143155
0.6707734428473648,0.20510673922143155
0.6705479452054794,0.20489744663038928
0.6710075394105551,0.20489744663038928
0.6714677640603567,0.20489744663038928
0.6710164835164835,0.20447886144830474
0.6707903780068728,0.20426956885726244
0.671251719394773,0.20426956885726244
0.6717136958017894,0.20426956885726244
0.6721763085399449,0.20426956885726244
0.6712707182320442,0.20343239849309336
0.6710435383552177,0.20322310590205106
0.6715076071922544,0.20322310590205106
0.671280276816609,0.2030138133110088
0.6710526315789473,0.20280452071996652
0.6708246708246708,0.20259522812892425
0.6701388888888888,0.2019673503557974
0.6689895470383276,0.20092088740058603
0.6694560669456067,0.20092088740058603
0.6692254012561061,0.20071159480954373
0.6689944134078212,0.20050230221850146
0.6687631027253669,0.2002930096274592
0.6682995101469559,0.19987442444537462
0.6673684210526316,0.19903725408120554
0.6678370786516854,0.19903725408120554
0.6669014084507042,0.19820008371703643
0.6666666666666666,0.19799079112599413
0.6664315937940761,0.19778149853495186
0.666196189131969,0.1975722059439096
0.6666666666666666,0.1975722059439096
0.6664310954063605,0.19736291335286732
0.6669024045261669,0.19736291335286732
0.667374380750177,0.19736291335286732
0.6678470254957507,0.19736291335286732
0.6673758865248227,0.19694432817078275
0.6678495386799148,0.19694432817078275
0.6683238636363636,0.19694432817078275
0.668088130774698,0.19673503557974048
0.6678520625889047,0.1965257429886982
0.6683274021352313,0.1965257429886982
0.6676176890156919,0.19589786521557137
0.6680942184154176,0.19589786521557137
0.6685714285714286,0.19589786521557137
0.6690493209435311,0.19589786521557137
0.6695278969957081,0.19589786521557137
0.6700071581961345,0.19589786521557137
0.6688218390804598,0.19485140226036
0.6685837526959022,0.19464210966931772
0.6683453237410072,0.19443281707827542
0.6688264938804895,0.19443281707827542
0.6685878962536023,0.19422352448723315
0.669069935111752,0.19422352448723315
0.6695526695526696,0.19422352448723315
0.6700361010830325,0.19422352448723315
0.6695589298626174,0.1938049393051486
0.6700434153400868,0.1938049393051486
0.6705286024619841,0.1938049393051486
0.6710144927536232,0.1938049393051486
0.6702977487291213,0.19317706153202177
0.6700581395348837,0.1929677689409795
0.6705454545454546,0.1929677689409795
0.6703056768558951,0.1927584763499372
0.6707938820101966,0.1927584763499372
0.6712827988338192,0.1927584763499372
0.6717724288840262,0.1927584763499372
0.6722627737226278,0.1927584763499372
0.6720233747260774,0.19254918375889493
0.672514619883041,0.19254918375889493
0.6730065837600585,0.19254918375889493
0.6722873900293255,0.1919213059857681
0.6727806309611152,0.1919213059857681
0.6725403817914831,0.19171201339472582
0.6722997795738428,0.19150272080368355
0.6727941176470589,0.19150272080368355
0.673289183222958,0.19150272080368355
0.6730486008836525,0.19129342821264128
0.6723247232472325,0.19066555043951444
0.672821270310192,0.19066555043951444
0.6733185513673319,0.19066555043951444
0.6728349370836417,0.1902469652574299
0.6733333333333333,0.1902469652574299
0.6738324684951816,0.1902469652574299
0.6743323442136498,0.1902469652574299
0.674090571640683,0.1900376726663876
0.674591381872214,0.1900376726663876
0.6741071428571429,0.18961908748430306
0.6746090841399851,0.18961908748430306
0.6751117734724292,0.18961908748430306
0.6756152125279642,0.18961908748430306
0.6753731343283582,0.1894097948932608
0.6758775205377147,0.1894097948932608
0.675392670157068,0.18899120971117622
0.6751497005988024,0.18878191712013395
0.6756554307116105,0.18878191712013395
0.6754122938530734,0.18857262452909168
0.6751687921980495,0.18836333193804938
0.674924924924925,0.1881540393470071
0.6754320060105184,0.1881540393470071
0.6742081447963801,0.18710757639179573
0.6747169811320755,0.18710757639179573
0.6744712990936556,0.18689828380075346
0.674225245653817,0.18668899120971116
0.6747352496217852,0.18668899120971116
0.6752460257380772,0.18668899120971116
0.6757575757575758,0.18668899120971116
0.6762699014404853,0.18668899120971116
0.6767830045523521,0.18668899120971116
0.6765375854214123,0.1864796986186689
0.6762917933130699,0.18627040602762662
0.6768060836501901,0.18627040602762662
0.6773211567732116,0.18627040602762662
0.6778370144706778,0.18627040602762662
0.6783536585365854,0.18627040602762662
0.6788710907704043,0.18627040602762662
0.6793893129770993,0.18627040602762662
0.6799083269671505,0.18627040602762662
0.6804281345565749,0.18627040602762662
0.6809487375669472,0.18627040602762662
0.6814701378254211,0.18627040602762662
0.6819923371647509,0.18627040602762662
0.681504221028396,0.18585182084554205
0.6810146041506533,0.1854332356634575
0.6807692307692308,0.18522394307241524
0.6812933025404158,0.18522394307241524
0.6808018504240555,0.18480535789033067
0.6805555555555556,0.1845960652992884
0.6793183578621224,0.18354960234407702
0.6798449612403101,0.18354960234407702
0.6803723816912335,0.18354960234407702
0.6809006211180124,0.18354960234407702
0.6814296814296814,0.18354960234407702
0.6819595645412131,0.18354960234407702
0.6812159002338269,0.18292172457095018
0.6809672386895476,0.1827124319799079
0.6814988290398126,0.1827124319799079
0.68125,0.18250313938886564
0.6817826426896012,0.18250313938886564
0.6823161189358372,0.18250313938886564
0.682850430696946,0.18250313938886564
0.682601880877743,0.18229384679782334
0.6831372549019608,0.18229384679782334
0.6836734693877551,0.18229384679782334
0.6842105263157895,0.18229384679782334
0.6832151300236406,0.18145667643365423
0.6837539432176656,0.18145667643365423
0.6842936069455406,0.18145667643365423
0.6837944664031621,0.1810380912515697
0.6830427892234548,0.18041021347844285
0.6835844567803331,0.18041021347844285
0.6841269841269841,0.18041021347844285
0.6846703733121525,0.18041021347844285
0.6844197138314785,0.18020092088740058
0.684964200477327,0.18020092088740058
0.6855095541401274,0.18020092088740058
0.6860557768924302,0.18020092088740058
0.6858054226475279,0.1799916282963583
0.6855546687948922,0.17978233570531604
0.6861022364217252,0.17978233570531604
0.6866506794564349,0.17978233570531604
0.6864,0.17957304311427374
0.6869495596477182,0.17957304311427374
0.686698717948718,0.17936375052323147
0.6872493985565357,0.17936375052323147
0.687800963081862,0.17936375052323147
0.6883534136546184,0.17936375052323147
0.6889067524115756,0.17936375052323147
0.6894609814963797,0.17936375052323147
0.6892109500805152,0.1791544579321892
0.6897663174858985,0.1791544579321892
0.6903225806451613,0.1791544579321892
0.6900726392251816,0.17894516534114693
0.6898222940226171,0.17873587275010464
0.6903799514955538,0.17873587275010464
0.6909385113268608,0.17873587275010464
0.691497975708502,0.17873587275010464
0.6920583468395461,0.17873587275010464
0.6915584415584416,0.1783172875680201
0.6910569105691057,0.17789870238593553
0.6916192026037429,0.17789870238593553
0.6921824104234527,0.17789870238593553
0.6919315403422983,0.17768940979489325
0.6916802610114192,0.17748011720385098
0.6911764705882353,0.17706153202176642
0.6917416189697465,0.17706153202176642
0.6914893617021277,0.17685223943072415
0.6920556920556921,0.17685223943072415
0.6926229508196722,0.17685223943072415
0.6923707957342083,0.17664294683968187
0.6921182266009852,0.1764336542486396
0.6926869350862778,0.1764336542486396
0.6932565789473685,0.1764336542486396
0.6930041152263374,0.17622436165759733
0.6927512355848435,0.17601506906655504
0.6924979389942292,0.17580577647551276
0.693069306930693,0.17580577647551276
0.6936416184971098,0.17580577647551276
0.6942148760330579,0.17580577647551276
0.6947890818858561,0.17580577647551276
0.695364238410596,0.17580577647551276
0.6951118475559238,0.1755964838844705
0.6956882255389718,0.1755964838844705
0.6962655601659751,0.1755964838844705
0.6960132890365448,0.17538719129342822
0.6955074875207987,0.17496860611134366
0.6960865945045795,0.17496860611134366
0.6958333333333333,0.17475931352030138
0.6964136780650542,0.17475931352030138
0.6969949916527546,0.17475931352030138
0.697577276524645,0.17475931352030138
0.6981605351170569,0.17475931352030138
0.6976549413735343,0.17434072833821682
0.6982397317686505,0.17434072833821682
0.697986577181208,0.17413143574717455
0.6985726280436608,0.17413143574717455
0.6991596638655462,0.17413143574717455
0.6989066442388562,0.17392214315613228
0.6983993260320135,0.1735035579740477
0.6989881956155143,0.1735035579740477
0.69957805907173,0.1735035579740477
0.700168918918919,0.1735035579740477
0.7007607776838546,0.1735035579740477
0.700507614213198,0.17329426538300544
0.7002540220152413,0.17308497279196317
0.7008474576271186,0.17308497279196317
0.7014418999151824,0.17308497279196317
0.7009345794392523,0.1726663876098786
0.7001703577512777,0.17203850983675179
0.6999147485080989,0.17182921724570951
0.6996587030716723,0.17161992465466722
0.6994022203245089,0.17141063206362495
0.7,0.17141063206362495
0.699486301369863,0.1709920468815404
0.6989708404802745,0.17057346169945584
0.6987124463519313,0.17036416910841357
0.697934595524957,0.16973629133528673
0.6985357450473729,0.16973629133528673
0.6982758620689655,0.16952699874424446
0.6980155306298533,0.16931770615320219
0.6986183074265976,0.16931770615320219
0.6983578219533275,0.1691084135621599
0.6980968858131488,0.16889912097111762
0.6987012987012987,0.16889912097111762
0.6984402079722704,0.16868982838007535
0.6979166666666666,0.16827124319799078
0.6985230234578628,0.16827124319799078
0.6979982593559617,0.16785265801590624
0.6986062717770035,0.16785265801590624
0.6983435047951178,0.16764336542486397
0.6978165938864629,0.1672247802427794
0.6984265734265734,0.1672247802427794
0.6976336546888694,0.16659690246965259
0.6982456140350877,0.16659690246965259
0.6974494283201407,0.16596902469652575
0.6980633802816901,0.16596902469652575
0.6977973568281939,0.16575973210548348
0.6984126984126984,0.16575973210548348
0.6981465136804943,0.16555043951444118
0.6978798586572438,0.1653411469233989
0.6976127320954907,0.16513185433235664
0.6973451327433628,0.16492256174131437
0.6970770593445527,0.16471326915027207
0.6976950354609929,0.16471326915027207
0.6971580817051509,0.16429468396818753
0.6977777777777778,0.16429468396818753
0.697239536954586,0.16387609878610296
0.696969696969697,0.1636668061950607
0.6975914362176628,0.1636668061950607
0.6973214285714285,0.16345751360401842
0.6970509383378016,0.16324822101297615
0.6967799642218246,0.16303892842193388
0.696236559139785,0.1626203432398493
0.6956912028725314,0.16220175805776477
0.6954177897574124,0.16199246546672247
0.6951438848920863,0.1617831728756802
0.6957695769576958,0.1617831728756802
0.6954954954954955,0.16157388028463793
0.6961226330027052,0.16157388028463793
0.6967509025270758,0.16157388028463793
0.6973803071364046,0.16157388028463793
0.6980108499095841,0.16157388028463793
0.6986425339366515,0.16157388028463793
0.699909338168631,0.16157388028463793
0.6996370235934665,0.16136458769359566
0.6988171064604186,0.16073670992046882
0.6982680036463081,0.16031812473838425
0.698905109489051,0.16031812473838425
0.6986301369863014,0.16010883214734198
0.6980786825251601,0.15969024696525744
0.6987179487179487,0.15969024696525744
0.6984417965169569,0.15948095437421514
0.6981651376146789,0.15927166178317287
0.6988062442607897,0.15927166178317287
0.6985294117647058,0.1590623691921306
0.6982520699172033,0.15885307660108833
0.6976958525345622,0.15843449141900376
0.6962962962962963,0.15738802846379238
0.696014828544949,0.1571787358727501
0.6957328385899815,0.15696944328170784
0.6954503249767874,0.15676015069066554
0.6940298507462687,0.15571368773545416
0.6934579439252336,0.15529510255336962
0.6931711880261927,0.15508580996232732
0.6928838951310862,0.15487651737128505
0.692018779342723,0.15424863959815824
0.6911487758945386,0.1536207618250314
0.6908576814326107,0.15341146923398913
0.6902738432483475,0.15299288405190456
0.6909262759924386,0.15299288405190456
0.6906338694418165,0.1527835914608623
0.6903409090909091,0.15257429886982002
0.6900473933649289,0.15236500627877772
0.6907020872865275,0.15236500627877772
0.691358024691358,0.15236500627877772
0.6920152091254753,0.15236500627877772
0.69267364414843,0.15236500627877772
0.6920877025738799,0.15194642109669318
0.6927480916030534,0.15194642109669318
0.6934097421203438,0.15194642109669318
0.6931166347992351,0.1517371285056509
0.69377990430622,0.1517371285056509
0.6931927133269415,0.15131854332356634
0.6928982725527831,0.15110925073252407
0.6935638808837656,0.15110925073252407
0.6932692307692307,0.1508999581414818
0.6926782273603083,0.15048137295939723
0.6920849420849421,0.1500627877773127
0.6917874396135266,0.14985349518627042
0.6924564796905223,0.14985349518627042
0.6931268151016456,0.14985349518627042
0.6928294573643411,0.14964420259522812
0.6935014548981572,0.14964420259522812
0.6941747572815534,0.14964420259522812
0.6955252918287937,0.14964420259522812
0.6952288218111002,0.14943491000418585
0.695906432748538,0.14943491000418585
0.6965853658536585,0.14943491000418585
0.6962890625,0.14922561741314358
0.6956947162426614,0.148807032231059
0.6963761018609207,0.148807032231059
0.6970588235294117,0.148807032231059
0.6977428851815506,0.148807032231059
0.6984282907662083,0.148807032231059
0.6991150442477876,0.148807032231059
0.6979269496544916,0.1479698618668899
0.6976284584980237,0.14776056927584763
0.6973293768545994,0.14755127668480536
0.697029702970297,0.1473419840937631
0.6977205153617443,0.1473419840937631
0.6974206349206349,0.1471326915027208
0.6971201588877854,0.14692339891167852
0.6968190854870775,0.14671410632063625
0.6965174129353234,0.14650481372959398
0.6962151394422311,0.14629552113855168
0.6969092721834497,0.14629552113855168
0.6976047904191617,0.14629552113855168
0.6973026973026973,0.1460862285475094
0.698,0.1460862285475094
0.6986986986986987,0.1460862285475094
0.6974874371859296,0.1452490581833403
0.6981891348088531,0.1452490581833403
0.6978851963746223,0.14503976559229803
0.6975806451612904,0.14483047300125576
0.6966632962588474,0.14420259522812892
0.6963562753036437,0.14399330263708665
0.6970618034447822,0.14399330263708665
0.6977687626774848,0.14399330263708665
0.698477157360406,0.14399330263708665
0.698170731707317,0.14378401004604438
0.698880976602238,0.14378401004604438
0.6985743380855397,0.14357471745500208
0.6976506639427987,0.14294683968187527
0.6973415132924335,0.14273754709083297
0.6960985626283368,0.14190037672666386
0.6957862281603289,0.1416910841356216
0.6954732510288066,0.14148179154457932
0.6961894953656025,0.14148179154457932
0.6958762886597938,0.14127249895353705
0.695562435500516,0.14106320636249478
0.6962809917355371,0.14106320636249478
0.6959669079627715,0.14085391377145248
0.6966873706004141,0.14085391377145248
0.696058091286307,0.14043532858936794
0.6967808930425753,0.14043532858936794
0.6964656964656964,0.14022603599832567
0.6958333333333333,0.1398074508162411
0.6955161626694474,0.13959815822519883
0.6962421711899791,0.13959815822519883
0.696969696969697,0.13959815822519883
0.6976987447698745,0.13959815822519883
0.6970649895178197,0.13917957304311426
0.6967471143756558,0.138970280452072
0.6964285714285714,0.13876098786102972
0.6971608832807571,0.13876098786102972
0.6968421052631579,0.13855169526998745
0.6975763962065332,0.13855169526998745
0.6972573839662447,0.13834240267894515
0.6966173361522199,0.1379238174968606
0.6959745762711864,0.13750523231477604
0.6946808510638298,0.13666806195060696
0.6954206602768903,0.13666806195060696
0.6961620469083155,0.13666806195060696
0.6969050160085379,0.13666806195060696
0.6976495726495726,0.13666806195060696
0.6973262032085561,0.13645876935956466
0.6980728051391863,0.13645876935956466
0.6988210075026795,0.13645876935956466
0.6984978540772532,0.1362494767685224
0.6981740064446831,0.13604018417748012
0.6989247311827957,0.13604018417748012
0.6996770721205597,0.13604018417748012
0.6993534482758621,0.13583089158643785
0.6990291262135923,0.13562159899539555
0.6997840172786177,0.13562159899539555
0.7005405405405405,0.13562159899539555
0.7002164502164502,0.13541230640435328
0.6998916576381365,0.135203013813311
0.6995661605206074,0.13499372122226874
0.6992399565689468,0.13478442863122644
0.7,0.13478442863122644
0.6986899563318777,0.13394725826705733
0.6994535519125683,0.13394725826705733
0.6984649122807017,0.13331938049393052
0.6981339187705817,0.13311008790288822
0.6978021978021978,0.13290079531184595
0.6974697469746974,0.13269150272080368
0.697136563876652,0.1324822101297614
0.6979051819184123,0.1324822101297614
0.6975717439293598,0.13227291753871914
0.6983425414364641,0.13227291753871914
0.6991150442477876,0.13227291753871914
0.698781838316722,0.13206362494767684
0.6995565410199557,0.13206362494767684
0.7003329633740288,0.13206362494767684
0.7011111111111111,0.13206362494767684
0.700445434298441,0.1316450397655923
0.7012263099219621,0.1316450397655923
0.7020089285714286,0.1316450397655923
0.7027932960893855,0.1316450397655923
0.703579418344519,0.1316450397655923
0.702914798206278,0.13122645458350773
0.7037037037037037,0.13122645458350773
0.7044943820224719,0.13122645458350773
0.7052868391451068,0.13122645458350773
0.706081081081081,0.13122645458350773
0.7068771138669673,0.13122645458350773
0.7076749435665914,0.13122645458350773
0.7084745762711865,0.13122645458350773
0.7092760180995475,0.13122645458350773
0.7089467723669309,0.13101716199246546
0.7082860385925085,0.13059857681038092
0.7090909090909091,0.13059857681038092
0.7098976109215017,0.13059857681038092
0.7092360319270239,0.13017999162829635
0.7100456621004566,0.13017999162829635
0.7097142857142857,0.12997069903725408
0.7105263157894737,0.12997069903725408
0.7101947308132875,0.1297614064462118
0.7110091743119266,0.1297614064462118
0.711825487944891,0.1297614064462118
0.7114942528735633,0.12955211385516952
0.7123130034522439,0.12955211385516952
0.7131336405529954,0.12955211385516952
0.7139561707035755,0.12955211385516952
0.7147806004618937,0.12955211385516952
0.7144508670520231,0.12934282126412724
0.7161066048667439,0.12934282126412724
0.7177700348432056,0.12934282126412724
0.7171129220023282,0.1289242360820427
0.717948717948718,0.1289242360820427
0.7187864644107351,0.1289242360820427
0.719626168224299,0.1289242360820427
0.7204678362573099,0.1289242360820427
0.7198124267291911,0.12850565089995813
0.7206572769953051,0.12850565089995813
0.7203290246768508,0.12829635830891586
0.7211764705882353,0.12829635830891586
0.7208480565371025,0.1280870657178736
0.7216981132075472,0.1280870657178736
0.7213695395513577,0.12787777312683132
0.7222222222222222,0.12787777312683132
0.7230769230769231,0.12787777312683132
0.7239336492890995,0.12787777312683132
0.7247924080664294,0.12787777312683132
0.7244655581947743,0.12766848053578903
0.7241379310344828,0.12745918794474675
0.725,0.12745918794474675
0.7246722288438617,0.12724989535370448
0.7255369928400954,0.12724989535370448
0.7252090800477897,0.1270406027626622
0.7242206235011991,0.12641272498953537
0.7250900360144058,0.12641272498953537
0.7244283995186522,0.1259941398074508
0.7237635705669482,0.12557555462536626
0.7246376811594203,0.12557555462536626
0.7255139056831923,0.12557555462536626
0.725181598062954,0.125366262034324
0.7260606060606061,0.125366262034324
0.7257281553398058,0.1251569694432817
0.7266099635479951,0.1251569694432817
0.7274939172749392,0.1251569694432817
0.7271619975639464,0.12494767685223943
0.7268292682926829,0.12473838426119715
0.726161369193154,0.1243197990791126
0.7254901960784313,0.12390121389702805
0.7251533742331289,0.12369192130598577
0.7248157248157249,0.12348262871494349
0.7257072570725708,0.12348262871494349
0.7253694581280788,0.12327333612390122
0.7250308261405672,0.12306404353285894
0.7246913580246913,0.12285475094181666
0.7243510506798516,0.12264545835077438
0.7236679058240396,0.12222687316868983
0.7245657568238213,0.12222687316868983
0.724223602484472,0.12201758057764756
0.7238805970149254,0.12180828798660527
0.7247820672478207,0.12180828798660527
0.7256857855361596,0.12180828798660527
0.725,0.12138970280452072
0.7259073842302879,0.12138970280452072
0.7255639097744361,0.12118041021347845
0.726474278544542,0.12118041021347845
0.7273869346733668,0.12118041021347845
0.7270440251572327,0.12097111762243616
0.7279596977329975,0.12097111762243616
0.7276166456494325,0.12076182503139389
0.7272727272727273,0.1205525324403516
0.7269279393173198,0.12034323984930934
0.7278481012658228,0.12034323984930934
0.7271573604060914,0.11992465466722478
0.7268106734434562,0.1197153620761825
0.7264631043256997,0.11950606948514023
0.7261146496815286,0.11929677689409796
0.7257653061224489,0.11908748430305567
0.7254150702426565,0.1188781917120134
0.7263427109974424,0.1188781917120134
0.7259923175416133,0.11866889912097112
0.7269230769230769,0.11866889912097112
0.7265725288831836,0.11845960652992885
0.7255154639175257,0.117831728756802
0.7248062015503876,0.11741314357471745
0.7244501940491591,0.11720385098367518
0.7237354085603113,0.11678526580159063
0.7233766233766233,0.11657597321054834
0.7222946544980443,0.11594809543742152
0.7232375979112271,0.11594809543742152
0.7221494102228048,0.11532021766429468
0.7210526315789474,0.11469233989116785
0.7220026350461133,0.11469233989116785
0.7212681638044914,0.1142737547090833
0.7222222222222222,0.1142737547090833
0.7231788079470198,0.1142737547090833
0.7217043941411452,0.11343658434491419
0.7226666666666667,0.11343658434491419
0.7236315086782377,0.11343658434491419
0.7228915662650602,0.11301799916282963
0.7221476510067114,0.11259941398074508
0.7217741935483871,0.11239012138970281
0.7227456258411844,0.11239012138970281
0.7212449255751014,0.1115529510255337
0.7208672086720868,0.11134365843449141
0.7204884667571235,0.11113436584344914
0.7214673913043478,0.11113436584344914
0.7210884353741497,0.11092507325240686
0.7199453551912568,0.11029719547928003
0.7209302325581395,0.11029719547928003
0.7205479452054795,0.11008790288823776
0.7197802197802198,0.10966931770615321
0.71900826446281,0.10925073252406865
0.7186206896551725,0.10904143993302637
0.7182320441988951,0.1088321473419841
0.7178423236514523,0.10862285475094181
0.7188365650969529,0.10862285475094181
0.7184466019417476,0.10841356215989954
0.7180555555555556,0.10820426956885726
0.7190542420027817,0.10820426956885726
0.7166900420757363,0.1069485140226036
0.7162921348314607,0.10673922143156132
0.7172995780590717,0.10673922143156132
0.7183098591549296,0.10673922143156132
0.7193229901269393,0.10673922143156132
0.7189265536723164,0.10652992884051904
0.7199434229137199,0.10652992884051904
0.7195467422096318,0.10632063624947677
0.717948717948718,0.10548346588530766
0.717546362339515,0.10527417329426539
0.7171428571428572,0.1050648807032231
0.7167381974248928,0.10485558811218083
0.7177650429799427,0.10485558811218083
0.7161383285302594,0.10401841774801172
0.7171717171717171,0.10401841774801172
0.7182080924855492,0.10401841774801172
0.7178002894356006,0.10380912515696944
0.7188405797101449,0.10380912515696944
0.7180232558139535,0.10339053997488488
0.7190684133915575,0.10339053997488488
0.7201166180758017,0.10339053997488488
0.7211678832116788,0.10339053997488488
0.7203513909224012,0.10297195479280033
0.7214076246334311,0.10297195479280033
0.7209985315712188,0.10276266220175806
0.7205882352941176,0.10255336961071577
0.7216494845360825,0.10255336961071577
0.7227138643067846,0.10255336961071577
0.7218934911242604,0.10213478442863122
0.7210682492581603,0.10171619924654668
0.7198211624441133,0.10108832147341984
0.71898355754858,0.10066973629133529
0.7200598802395209,0.10066973629133529
0.7183734939759037,0.09983256592716618
0.7194570135746606,0.09983256592716618
0.7205438066465257,0.09983256592716618
0.7201210287443268,0.0996232733361239
0.7212121212121212,0.0996232733361239
0.7190839694656489,0.09857681038091251
0.7177914110429447,0.09794893260778569
0.717357910906298,0.0977396400167434
0.7160493827160493,0.09711176224361658
0.7171561051004637,0.09711176224361658
0.7167182662538699,0.0969024696525743
0.7178294573643411,0.0969024696525743
0.717391304347826,0.09669317706153202
0.7169517884914464,0.09648388447048975
0.7180685358255452,0.09648388447048975
0.7167449139280125,0.09585600669736291
0.7154088050314465,0.09522812892423609
0.7136075949367089,0.09439095856006698
0.7147385103011094,0.09439095856006698
0.7158730158730159,0.09439095856006698
0.7154213036565977,0.09418166596902469
0.7165605095541401,0.09418166596902469
0.7161084529505582,0.09397237337798242
0.7156549520766773,0.09376308078694014
0.7152,0.09355378819589787
0.7163461538461539,0.09355378819589787
0.7158908507223114,0.09334449560485558
0.7170418006430869,0.09334449560485558
0.715670436187399,0.09271661783172876
0.7168284789644013,0.09271661783172876
0.7163695299837926,0.09250732524068649
0.7159090909090909,0.0922980326496442
0.7154471544715447,0.09208874005860193
0.7166123778501629,0.09208874005860193
0.7177814029363785,0.09208874005860193
0.7189542483660131,0.09208874005860193
0.7201309328968903,0.09208874005860193
0.7213114754098361,0.09208874005860193
0.7208538587848933,0.09187944746755965
0.7220394736842105,0.09187944746755965
0.7232289950576606,0.09187944746755965
0.7244224422442245,0.09187944746755965
0.7239669421487603,0.09167015487651738
0.7251655629139073,0.09167015487651738
0.724709784411277,0.09146086228547509
0.7237936772046589,0.09104227710339054
0.7228714524207012,0.09062369192130598
0.7224080267558528,0.09041439933026371
0.7219430485762144,0.09020510673922143
0.7214765100671141,0.08999581414817916
0.7226890756302521,0.08999581414817916
0.7222222222222222,0.08978652155713687
0.7212837837837838,0.08936793637505232
0.7193877551020408,0.08853076601088321
0.7206132879045997,0.08853076601088321
0.7196581196581197,0.08811218082879867
0.718213058419244,0.08748430305567183
0.7194492254733219,0.08748430305567183
0.7206896551724138,0.08748430305567183
0.7197231833910035,0.08706571787358727
0.7209705372616985,0.08706571787358727
0.7204861111111112,0.086856425282545
0.7217391304347827,0.086856425282545
0.7212543554006968,0.08664713269150272
0.7225130890052356,0.08664713269150272
0.7215411558669002,0.08622854750941816
0.7228070175438597,0.08622854750941816
0.721830985915493,0.08580996232733361
0.7183600713012478,0.08434491419003767
0.7178571428571429,0.08413562159899539
0.7173524150268337,0.08392632900795312
0.7163375224416517,0.08350774382586856
0.7137681159420289,0.08246128087065718
0.7150635208711433,0.08246128087065718
0.7163636363636363,0.08246128087065718
0.7158469945355191,0.0822519882796149
0.7142857142857143,0.08162411050648807
0.7155963302752294,0.08162411050648807
0.7169117647058824,0.08162411050648807
0.7182320441988951,0.08162411050648807
0.7171903881700554,0.08120552532440352
0.7166666666666667,0.08099623273336123
0.7179962894248608,0.08099623273336123
0.7169459962756052,0.08057764755127668
0.7148217636022514,0.07974047718710757
0.7137476459510358,0.07932189200502303
0.7150943396226415,0.07932189200502303
0.7164461247637051,0.07932189200502303
0.7178030303030303,0.07932189200502303
0.7191650853889943,0.07932189200502303
0.7180952380952381,0.07890330682293847
0.7194656488549618,0.07890330682293847
0.7208413001912046,0.07890330682293847
0.7222222222222222,0.07890330682293847
0.7216890595009597,0.07869401423189619
0.7211538461538461,0.07848472164085392
0.720616570327553,0.07827542904981163
0.7195357833655706,0.07785684386772708
0.7209302325581395,0.07785684386772708
0.7203883495145631,0.07764755127668481
0.7192982456140351,0.07722896609460025
0.71875,0.07701967350355797
0.7181996086105675,0.0768103809125157
0.7159763313609467,0.07597321054834659
0.7148514851485148,0.07555462536626203
0.7162698412698413,0.07555462536626203
0.7176938369781312,0.07555462536626203
0.716566866267465,0.07513604018417748
0.716,0.07492674759313521
0.7154308617234469,0.07471745500209293
0.7168674698795181,0.07471745500209293
0.7157258064516129,0.07429886982000837
0.7171717171717171,0.07429886982000837
0.7186234817813765,0.07429886982000837
0.7169042769857433,0.07367099204688154
0.7183673469387755,0.07367099204688154
0.7177914110429447,0.07346169945583926
0.7192622950819673,0.07346169945583926
0.7186858316221766,0.07325240686479699
0.720164609053498,0.07325240686479699
0.7178423236514523,0.07241523650062788
0.7172557172557172,0.0722059439095856
0.71875,0.0722059439095856
0.7181628392484343,0.07199665131854333
0.7175732217573222,0.07178735872750104
0.7169811320754716,0.07157806613645877
0.7163865546218487,0.07136877354541649
0.7157894736842105,0.07115948095437422
0.7172995780590717,0.07115948095437422
0.718816067653277,0.07115948095437422
0.7203389830508474,0.07115948095437422
0.7197452229299363,0.07095018836333193
0.7191489361702128,0.07074089577228966
0.7185501066098081,0.07053160318124739
0.7200854700854701,0.07053160318124739
0.721627408993576,0.07053160318124739
0.7198275862068966,0.06990372540812055
0.7192224622030238,0.06969443281707828
0.7207792207792207,0.06969443281707828
0.720173535791757,0.069485140226036
0.7195652173913043,0.06927584763499373
0.7183406113537117,0.06885726245290917
0.7199124726477024,0.06885726245290917
0.7192982456140351,0.06864796986186689
0.7208791208791209,0.06864796986186689
0.7224669603524229,0.06864796986186689
0.7240618101545254,0.06864796986186689
0.7228381374722838,0.06822938467978233
0.7244444444444444,0.06822938467978233
0.7260579064587973,0.06822938467978233
0.7254464285714286,0.06802009208874006
0.727069351230425,0.06802009208874006
0.7258426966292135,0.0676015069066555
0.7274774774774775,0.0676015069066555
0.7291196388261851,0.0676015069066555
0.7307692307692307,0.0676015069066555
0.7324263038548753,0.0676015069066555
0.7340909090909091,0.0676015069066555
0.7357630979498861,0.0676015069066555
0.7374429223744292,0.0676015069066555
0.7391304347826086,0.0676015069066555
0.7408256880733946,0.0676015069066555
0.7425287356321839,0.0676015069066555
0.7419354838709677,0.06739221431561322
0.7413394919168591,0.06718292172457095
0.7430555555555556,0.06718292172457095
0.7406542056074766,0.06634575136040184
0.7423887587822015,0.06634575136040184
0.7417840375586855,0.06613645876935957
0.7399527186761229,0.06550858099623273
0.7393364928909952,0.06529928840519046
0.7410926365795725,0.06529928840519046
0.7428571428571429,0.06529928840519046
0.738498789346247,0.06383424026789451
0.7402912621359223,0.06383424026789451
0.7420924574209246,0.06383424026789451
0.7432762836185819,0.06362494767685224
0.7450980392156863,0.06362494767685224
0.7469287469287469,0.06362494767685224
0.7463054187192119,0.06341565508580996
0.7481481481481481,0.06341565508580996
0.75,0.06341565508580996
0.7487562189054726,0.0629970699037254
0.7506234413965087,0.0629970699037254
0.7525,0.0629970699037254
0.7543859649122807,0.0629970699037254
0.7562814070351759,0.0629970699037254
0.7581863979848866,0.0629970699037254
0.7575757575757576,0.06278777731268313
0.7569620253164557,0.06257848472164085
0.7588832487309645,0.06257848472164085
0.7608142493638677,0.06257848472164085
0.7627551020408163,0.06257848472164085
0.7647058823529411,0.06257848472164085
0.7666666666666667,0.06257848472164085
0.7660668380462725,0.06236919213059858
0.7642487046632125,0.061741314357471745
0.7662337662337663,0.061741314357471745
0.7682291666666666,0.061741314357471745
0.7702349869451697,0.061741314357471745
0.7690288713910761,0.06132272917538719
0.7710526315789473,0.06132272917538719
0.7730870712401056,0.06132272917538719
0.7751322751322751,0.06132272917538719
0.7771883289124668,0.06132272917538719
0.776,0.060904143993302635
0.7754010695187166,0.06069485140226036
0.7774798927613941,0.06069485140226036
0.7744565217391305,0.05964838844704898
0.776566757493188,0.05964838844704898
0.7786885245901639,0.05964838844704898
0.7808219178082192,0.05964838844704898
0.782967032967033,0.05964838844704898
0.7799442896935933,0.05860192549183759
0.7793296089385475,0.05839263290079531
0.7787114845938375,0.058183340309753036
0.7768361581920904,0.057555462536626203
0.7790368271954674,0.057555462536626203
0.7784090909090909,0.057346169945583926
0.7806267806267806,0.057346169945583926
0.7828571428571428,0.057346169945583926
0.7816091954022989,0.05692758476349937
0.7838616714697406,0.05692758476349937
0.7807017543859649,0.055881121808287984
0.7800586510263929,0.05567182921724571
0.7823529411764706,0.05567182921724571
0.7846607669616519,0.05567182921724571
0.7869822485207101,0.05567182921724571
0.7863501483679525,0.05546253662620343
0.7886904761904762,0.05546253662620343
0.7910447761194029,0.05546253662620343
0.7934131736526946,0.05546253662620343
0.7921686746987951,0.05504395144411888
0.7915407854984894,0.054834658853076604
0.790273556231003,0.05441607367099205
0.7926829268292683,0.05441607367099205
0.7914110429447853,0.053997488488907494
0.7938461538461539,0.053997488488907494
0.7962962962962963,0.053997488488907494
0.7950310559006211,0.05357890330682294
0.7975077881619937,0.05357890330682294
0.8,0.05357890330682294
0.8025078369905956,0.05357890330682294
0.8050314465408805,0.05357890330682294
0.807570977917981,0.05357890330682294
0.810126582278481,0.05357890330682294
0.8126984126984127,0.05357890330682294
0.8121019108280255,0.05336961071578066
0.8146964856230032,0.05336961071578066
0.8173076923076923,0.05336961071578066
0.8167202572347267,0.053160318124738384
0.8193548387096774,0.053160318124738384
0.8175895765472313,0.05253244035161155
0.8169934640522876,0.052323147760569275
0.819672131147541,0.052323147760569275
0.8223684210526315,0.052323147760569275
0.8250825082508251,0.052323147760569275
0.8278145695364238,0.052323147760569275
0.8266666666666667,0.05190456257848472
0.825503355704698,0.051485977396400165
0.8282828282828283,0.051485977396400165
0.831081081081081,0.051485977396400165
0.8338983050847457,0.051485977396400165
0.8333333333333334,0.05127668480535789
0.8361774744027304,0.05127668480535789
0.839041095890411,0.05127668480535789
0.8384879725085911,0.05106739221431561
0.8413793103448276,0.05106739221431561
0.8408304498269896,0.05085809962327334
0.8397212543554007,0.050439514441188785
0.8426573426573427,0.050439514441188785
0.8421052631578947,0.05023022185014651
0.8450704225352113,0.05023022185014651
0.8480565371024735,0.05023022185014651
0.851063829787234,0.05023022185014651
0.8505338078291815,0.05002092925910423
0.85,0.04981163666806195
0.8494623655913979,0.049602344077019675
0.8489208633093526,0.0493930514859774
0.851985559566787,0.0493930514859774
0.855072463768116,0.0493930514859774
0.8540145985401459,0.04897446630389284
0.8523985239852399,0.04834658853076601
0.8555555555555555,0.04834658853076601
0.8587360594795539,0.04834658853076601
0.8582089552238806,0.04813729593972373
0.8576779026217228,0.047928003348681456
0.8609022556390977,0.047928003348681456
0.8641509433962264,0.047928003348681456
0.8631178707224335,0.0475094181665969
0.861003861003861,0.04667224780242779
0.8604651162790697,0.046462955211385513
0.8599221789883269,0.04625366262034324
0.86328125,0.04625366262034324
0.8622047244094488,0.04583507743825869
0.8616600790513834,0.04562578484721641
0.8605577689243028,0.045207199665131856
0.864,0.045207199665131856
0.8634538152610441,0.04499790707408958
0.8629032258064516,0.0447886144830473
0.8617886178861789,0.044370029300962746
0.8600823045267489,0.043742151527835914
0.859504132231405,0.043532858936793636
0.8589211618257261,0.04332356634575136
0.8625,0.04332356634575136
0.8607594936708861,0.04269568857262453
0.864406779661017,0.04269568857262453
0.8680851063829788,0.04269568857262453
0.8717948717948718,0.04269568857262453
0.8755364806866953,0.04269568857262453
0.8793103448275862,0.04269568857262453
0.8787878787878788,0.04248639598158225
0.8782608695652174,0.04227710339053997
0.8820960698689956,0.04227710339053997
0.88,0.04143993302637087
0.8839285714285714,0.04143993302637087
0.8878923766816144,0.04143993302637087
0.8873873873873874,0.04123064043532859
0.8868778280542986,0.041021347844286314
0.8909090909090909,0.041021347844286314
0.8949771689497716,0.041021347844286314
0.8935185185185185,0.04039347007115948
0.897196261682243,0.040184177480117204
0.9014084507042254,0.040184177480117204
0.9009433962264151,0.03997488488907493
0.9052132701421801,0.03997488488907493
0.9095238095238095,0.03997488488907493
0.9138755980861244,0.03997488488907493
0.9134615384615384,0.03976559229803265
0.9178743961352657,0.03976559229803265
0.9223300970873787,0.03976559229803265
0.926829268292683,0.03976559229803265
0.9264705882352942,0.03955629970699037
0.9310344827586207,0.03955629970699037
0.9356435643564357,0.03955629970699037
0.935,0.03913771452490582
0.9396984924623115,0.03913771452490582
0.9444444444444444,0.03913771452490582
0.9441624365482234,0.03892842193386354
0.9438775510204082,0.03871912934282126
0.9487179487179487,0.03871912934282126
0.9484536082474226,0.038509836751778985
0.9481865284974094,0.03830054416073671
0.9476439790575916,0.03788195897865215
0.9473684210526315,0.037672666387609875
0.9470899470899471,0.037463373796567605
0.9521276595744681,0.037463373796567605
0.9508196721311475,0.03641691084135622
0.9505494505494505,0.03620761825031394
0.9502762430939227,0.03599832565927166
0.95,0.035789033068229385
0.9497206703910615,0.03557974047718711
0.9491525423728814,0.03516115529510255
0.9485714285714286,0.034742570113018
0.9482758620689655,0.03453327752197572
0.9479768786127167,0.03432398493093344
0.9467455621301775,0.033486814566764334
0.9464285714285714,0.033277521975722056
0.9461077844311377,0.033068229384679786
0.9457831325301205,0.03285893679363751
0.9451219512195121,0.03244035161155295
0.9447852760736196,0.032231059020510676
0.9444444444444444,0.0320217664294684
0.9440993788819876,0.03181247383842612
0.94375,0.031603181247383844
0.9433962264150944,0.031393888656341566
0.9426751592356688,0.03097530347425701
0.9415584415584416,0.03034742570113018
0.9407894736842105,0.029928840519045624
0.9403973509933775,0.02971954792800335
0.9383561643835616,0.028673084972791963
0.9375,0.028254499790707408
0.935251798561151,0.027208036835496024
0.9347826086956522,0.026998744244453747
0.9416058394160584,0.026998744244453747
0.9402985074626866,0.026370866471326915
0.9393939393939394,0.02595228128924236
0.937984496124031,0.02532440351611553
0.9375,0.025115110925073254
0.937007874015748,0.024905818334030976
0.9365079365079365,0.0246965257429887
0.9349593495934959,0.024068647969861866
0.9333333333333333,0.023440770196735034
0.9327731092436975,0.023231477605692757
0.9322033898305084,0.023022185014650483
0.9292035398230089,0.021975722059439096
0.9285714285714286,0.021766429468396818
0.9272727272727272,0.021347844286312263
0.9252336448598131,0.020719966513185435
0.9245283018867925,0.020510673922143157
0.9238095238095239,0.02030138133110088
0.9230769230769231,0.020092088740058602
0.92,0.019254918375889492
0.9191919191919192,0.019045625784847215
0.9175257731958762,0.018627040602762664
0.9166666666666666,0.018417748011720386
0.9139784946236559,0.017789870238593554
0.9120879120879121,0.017371285056509
0.9111111111111111,0.01716199246546672
0.9047619047619048,0.01590623691921306
0.9036144578313253,0.015696944328170783
0.9024390243902439,0.015487651737128506
0.9012345679012346,0.015278359146086228
0.8987341772151899,0.014859773964001675
0.8947368421052632,0.014231896190874843
0.8933333333333333,0.014022603599832565
0.8904109589041096,0.013604018417748012
0.8888888888888888,0.013394725826705735
0.8873239436619719,0.013185433235663457
0.8823529411764706,0.012557555462536627
0.8805970149253731,0.01234826287149435
0.8787878787878788,0.012138970280452072
0.8769230769230769,0.011929677689409795
0.875,0.011720385098367517
0.8688524590163934,0.011092507325240687
0.8666666666666667,0.010883214734198409
0.8596491228070176,0.010255336961071579
0.8571428571428571,0.010046044370029301
0.8490566037735849,0.009418166596902469
0.8461538461538461,0.009208874005860193
0.84,0.008790288823775638
0.8367346938775511,0.00858099623273336
0.8222222222222222,0.007743825868564253
0.813953488372093,0.007325240686479699
0.8095238095238095,0.007115948095437421
0.8048780487804879,0.006906655504395145
0.8,0.006697362913352867
0.7894736842105263,0.006278777731268313
0.7647058823529411,0.0054416073670992045
0.7575757575757576,0.005232314776056928
0.75,0.0050230221850146506
0.7419354838709677,0.004813729593972373
0.7333333333333333,0.0046044370029300966
0.7142857142857143,0.004185851820845542
0.6923076923076923,0.0037672666387609877
0.72,0.0037672666387609877
0.6842105263157895,0.0027208036835496023
0.7222222222222222,0.0027208036835496023
0.7647058823529411,0.0027208036835496023
0.7142857142857143,0.002092925910422771
0.7692307692307693,0.002092925910422771
0.7777777777777778,0.0014650481372959396
0.75,0.0012557555462536626
0.7142857142857143,0.0010464629552113854
0.8333333333333334,0.0010464629552113854
0.75,0.0006278777731268313
1.0,0.0006278777731268313
1.0,0.0
