fpr,tpr
0.0,0.0
5.99880023995201e-05,0.0
0.0001199760047990402,0.0
0.0002399520095980804,0.00029994001199760045
0.0004799040191961608,0.00029994001199760045
0.0004799040191961608,0.0008998200359928015
0.0005398920215956809,0.0008998200359928015
0.0005398920215956809,0.0014997000599880025
0.0005998800239952009,0.0014997000599880025
0.0005998800239952009,0.0020995800839832034
0.0005998800239952009,0.002999400119976005
0.0007798440311937612,0.002999400119976005
0.0007798440311937612,0.003599280143971206
0.0008398320335932814,0.003599280143971206
0.0008398320335932814,0.003899220155968806
0.0009598080383923216,0.003899220155968806
0.0009598080383923216,0.004499100179964007
0.0009598080383923216,0.005098980203959208
0.0009598080383923216,0.00629874025194961
0.0009598080383923216,0.0065986802639472104
0.0009598080383923216,0.008098380323935212
0.0009598080383923216,0.008398320335932814
0.0009598080383923216,0.009298140371925615
0.0009598080383923216,0.009898020395920816
0.0009598080383923216,0.010797840431913617
0.0010197960407918416,0.010797840431913617
0.0010197960407918416,0.011697660467906419
0.0010197960407918416,0.01259748050389922
0.0010797840431913618,0.01259748050389922
0.0010797840431913618,0.013197360527894421
0.0010797840431913618,0.013497300539892022
0.0010797840431913618,0.014397120575884824
0.0010797840431913618,0.014697060587882423
0.0010797840431913618,0.015296940611877625
0.0010797840431913618,0.015596880623875225
0.0011997600479904018,0.015596880623875225
0.0011997600479904018,0.015896820635872826
0.0011997600479904018,0.016496700659868028
0.0011997600479904018,0.016796640671865627
0.0013797240551889623,0.016796640671865627
0.0013797240551889623,0.01739652069586083
0.0015596880623875225,0.01739652069586083
0.0015596880623875225,0.01769646070785843
0.0015596880623875225,0.020395920815836834
0.0015596880623875225,0.020995800839832032
0.0016796640671865627,0.020995800839832032
0.0016796640671865627,0.021595680863827234
0.0017396520695860827,0.021595680863827234
0.0017396520695860827,0.022195560887822437
0.0017396520695860827,0.022795440911817635
0.0017396520695860827,0.023395320935812838
0.0017396520695860827,0.02399520095980804
0.0017396520695860827,0.02459508098380324
0.001799640071985603,0.02459508098380324
0.0019196160767846432,0.02459508098380324
0.0019196160767846432,0.02579484103179364
0.0019196160767846432,0.02669466106778644
0.0019196160767846432,0.028194361127774445
0.0019196160767846432,0.029394121175764846
0.0019196160767846432,0.03089382123575285
0.0019196160767846432,0.03239352129574085
0.001979604079184163,0.03239352129574085
0.001979604079184163,0.03329334133173365
0.002039592081583683,0.03329334133173365
0.002039592081583683,0.03389322135572886
0.0020995800839832034,0.03389322135572886
0.0020995800839832034,0.03419316136772645
0.0021595680863827236,0.03419316136772645
0.0021595680863827236,0.03629274145170966
0.0022195560887822434,0.03629274145170966
0.0022195560887822434,0.03749250149970006
0.0022195560887822434,0.03809238152369526
0.0022195560887822434,0.03839232153569286
0.0022795440911817636,0.03839232153569286
0.0022795440911817636,0.03869226154769046
0.0022795440911817636,0.04019196160767846
0.0023995200959808036,0.04019196160767846
0.0023995200959808036,0.04109178164367126
0.0023995200959808036,0.042891421715656866
0.0023995200959808036,0.04409118176364727
0.0023995200959808036,0.04439112177564487
0.002519496100779844,0.04439112177564487
0.002519496100779844,0.04469106178764247
0.002639472105578884,0.04469106178764247
0.002639472105578884,0.04559088182363527
0.002639472105578884,0.04619076184763048
0.0026994601079784043,0.04619076184763048
0.0026994601079784043,0.046790641871625675
0.0026994601079784043,0.04769046190761848
0.0027594481103779245,0.04769046190761848
0.0027594481103779245,0.04889022195560888
0.0028794241151769645,0.04889022195560888
0.0028794241151769645,0.04919016196760648
0.002999400119976005,0.04919016196760648
0.002999400119976005,0.04979004199160168
0.0033593281343731254,0.04979004199160168
0.0033593281343731254,0.05008998200359928
0.0033593281343731254,0.050689862027594484
0.0033593281343731254,0.05098980203959208
0.0034793041391721654,0.05098980203959208
0.0034793041391721654,0.05128974205158968
0.003779244151169766,0.05128974205158968
0.003779244151169766,0.05188962207558488
0.004079184163167366,0.05188962207558488
0.004079184163167366,0.052189562087582485
0.004079184163167366,0.052789442111577684
0.004439112177564487,0.052789442111577684
0.004439112177564487,0.05338932213557288
0.004559088182363527,0.05338932213557288
0.004559088182363527,0.053689262147570485
0.004919016196760648,0.053689262147570485
0.004919016196760648,0.05398920215956809
0.005158968206358729,0.05398920215956809
0.005158968206358729,0.05458908218356329
0.005458908218356329,0.05458908218356329
0.005458908218356329,0.05488902219556089
0.005458908218356329,0.05548890221955609
0.005578884223155369,0.05548890221955609
0.005578884223155369,0.05668866226754649
0.005638872225554889,0.05668866226754649
0.005638872225554889,0.05788842231553689
0.005638872225554889,0.05818836232753449
0.005638872225554889,0.059088182363527295
0.005758848230353929,0.059088182363527295
0.005758848230353929,0.05968806238752249
0.0058788242351529695,0.05968806238752249
0.0058788242351529695,0.059988002399520096
0.00593881223755249,0.059988002399520096
0.00593881223755249,0.060587882423515295
0.00599880023995201,0.060587882423515295
0.00599880023995201,0.0632873425314937
0.006058788242351529,0.0632873425314937
0.006058788242351529,0.0647870425914817
0.006058788242351529,0.0653869226154769
0.00623875224955009,0.0653869226154769
0.00623875224955009,0.06598680263947211
0.00623875224955009,0.06688662267546491
0.00623875224955009,0.0674865026994601
0.00629874025194961,0.0674865026994601
0.00629874025194961,0.0683863227354529
0.00635872825434913,0.0683863227354529
0.00635872825434913,0.06868626274745052
0.00647870425914817,0.06868626274745052
0.00647870425914817,0.06898620275944811
0.00653869226154769,0.06898620275944811
0.00653869226154769,0.06928614277144571
0.0065986802639472104,0.06928614277144571
0.0065986802639472104,0.07108578284343131
0.006658668266346731,0.07108578284343131
0.006658668266346731,0.07168566286742652
0.006838632273545291,0.07168566286742652
0.006838632273545291,0.07198560287942411
0.006838632273545291,0.07258548290341932
0.006838632273545291,0.07408518296340731
0.006838632273545291,0.07618476304739052
0.006838632273545291,0.07678464307138572
0.006958608278344331,0.07678464307138572
0.006958608278344331,0.07768446310737852
0.006958608278344331,0.07828434313137372
0.007078584283143371,0.07828434313137372
0.007078584283143371,0.07888422315536893
0.007078584283143371,0.07918416316736653
0.0071385722855428916,0.07918416316736653
0.0071385722855428916,0.07948410317936412
0.0071385722855428916,0.08008398320335933
0.0071385722855428916,0.08128374325134972
0.0071385722855428916,0.08158368326334733
0.0071385722855428916,0.08248350329934014
0.007258548290341932,0.08248350329934014
0.007258548290341932,0.08308338332333533
0.007318536292741451,0.08308338332333533
0.007318536292741451,0.08368326334733053
0.007378524295140972,0.08368326334733053
0.007378524295140972,0.08398320335932813
0.007378524295140972,0.08488302339532093
0.007438512297540492,0.08488302339532093
0.007438512297540492,0.08548290341931614
0.007498500299940012,0.08548290341931614
0.007498500299940012,0.08608278344331134
0.007498500299940012,0.08728254349130174
0.007558488302339532,0.08728254349130174
0.007558488302339532,0.08788242351529695
0.007558488302339532,0.08878224355128975
0.007558488302339532,0.08968206358728255
0.007558488302339532,0.09088182363527295
0.007558488302339532,0.09208158368326334
0.007558488302339532,0.09328134373125375
0.007558488302339532,0.09358128374325135
0.0076184763047390525,0.09358128374325135
0.0076184763047390525,0.09448110377924415
0.007678464307138573,0.09448110377924415
0.007678464307138573,0.09508098380323936
0.007858428314337133,0.09508098380323936
0.007858428314337133,0.09538092381523695
0.008038392321535692,0.09538092381523695
0.008038392321535692,0.09598080383923216
0.008098380323935212,0.09598080383923216
0.008098380323935212,0.09658068386322735
0.008098380323935212,0.09688062387522496
0.008218356328734253,0.09688062387522496
0.008218356328734253,0.09718056388722256
0.008278344331133773,0.09718056388722256
0.008278344331133773,0.09778044391121776
0.008278344331133773,0.09808038392321536
0.008398320335932814,0.09808038392321536
0.008398320335932814,0.09838032393521295
0.008518296340731854,0.09838032393521295
0.008518296340731854,0.09928014397120576
0.008578284343131374,0.09928014397120576
0.008578284343131374,0.10047990401919617
0.008578284343131374,0.10137972405518897
0.008638272345530894,0.10137972405518897
0.008638272345530894,0.10167966406718656
0.008758248350329933,0.10167966406718656
0.008758248350329933,0.10257948410317937
0.008758248350329933,0.10377924415116976
0.008818236352729453,0.10377924415116976
0.008818236352729453,0.10407918416316736
0.008878224355128974,0.10407918416316736
0.008878224355128974,0.10437912417516497
0.008938212357528494,0.10437912417516497
0.008938212357528494,0.10467906418716257
0.008998200359928014,0.10467906418716257
0.008998200359928014,0.10647870425914817
0.009058188362327534,0.10647870425914817
0.009058188362327534,0.10677864427114576
0.009178164367126575,0.10677864427114576
0.009178164367126575,0.10797840431913618
0.009298140371925615,0.10797840431913618
0.009298140371925615,0.10857828434313137
0.009298140371925615,0.10947810437912417
0.009298140371925615,0.11097780443911218
0.009298140371925615,0.11127774445110977
0.009298140371925615,0.11307738452309538
0.009298140371925615,0.11367726454709058
0.009298140371925615,0.11427714457108579
0.009298140371925615,0.11457708458308338
0.009358128374325135,0.11457708458308338
0.009358128374325135,0.11547690461907618
0.009358128374325135,0.11637672465506899
0.009358128374325135,0.11757648470305938
0.009358128374325135,0.117876424715057
0.009418116376724656,0.117876424715057
0.009418116376724656,0.11817636472705459
0.009478104379124176,0.11817636472705459
0.009478104379124176,0.11907618476304739
0.009478104379124176,0.1205758848230354
0.009478104379124176,0.12117576484703059
0.009478104379124176,0.1235752849430114
0.009658068386322735,0.1235752849430114
0.009658068386322735,0.1247750449910018
0.009718056388722255,0.1247750449910018
0.009718056388722255,0.125374925014997
0.009718056388722255,0.1265746850629874
0.009718056388722255,0.1274745050989802
0.009718056388722255,0.1277744451109778
0.009778044391121775,0.1277744451109778
0.009778044391121775,0.1280743851229754
0.009778044391121775,0.1286742651469706
0.009778044391121775,0.1292741451709658
0.009838032393521295,0.1292741451709658
0.009838032393521295,0.129874025194961
0.009838032393521295,0.1307738452309538
0.009898020395920816,0.1307738452309538
0.009898020395920816,0.131373725254949
0.009898020395920816,0.13197360527894422
0.009898020395920816,0.13227354529094182
0.009958008398320336,0.13227354529094182
0.009958008398320336,0.132873425314937
0.010017996400719856,0.132873425314937
0.010017996400719856,0.13407318536292742
0.010017996400719856,0.13437312537492502
0.010077984403119376,0.13437312537492502
0.010077984403119376,0.1346730653869226
0.010077984403119376,0.13647270545890822
0.010077984403119376,0.1367726454709058
0.010077984403119376,0.13737252549490103
0.010137972405518897,0.13737252549490103
0.010137972405518897,0.13767246550689863
0.010197960407918417,0.13767246550689863
0.010197960407918417,0.13827234553089382
0.010377924415116977,0.13827234553089382
0.010377924415116977,0.138872225554889
0.010377924415116977,0.13917216556688664
0.010497900419916016,0.13917216556688664
0.010497900419916016,0.14007198560287942
0.010497900419916016,0.14067186562687461
0.010557888422315536,0.14067186562687461
0.010557888422315536,0.14127174565086983
0.010557888422315536,0.14307138572285544
0.010617876424715057,0.14307138572285544
0.010617876424715057,0.14367126574685063
0.010617876424715057,0.14397120575884823
0.010677864427114577,0.14397120575884823
0.010677864427114577,0.14427114577084582
0.010797840431913617,0.14427114577084582
0.010797840431913617,0.14517096580683864
0.010797840431913617,0.14577084583083383
0.010917816436712658,0.14577084583083383
0.010917816436712658,0.14607078584283142
0.011097780443911218,0.14607078584283142
0.011097780443911218,0.14637072585482905
0.011157768446310739,0.14637072585482905
0.011157768446310739,0.14667066586682664
0.011157768446310739,0.14727054589082184
0.011337732453509297,0.14727054589082184
0.011337732453509297,0.14787042591481703
0.011517696460707858,0.14787042591481703
0.011517696460707858,0.14817036592681462
0.011577684463107378,0.14817036592681462
0.011577684463107378,0.14847030593881225
0.011577684463107378,0.15026994601079785
0.011577684463107378,0.15236952609478105
0.011577684463107378,0.15356928614277143
0.011577684463107378,0.15446910617876425
0.011577684463107378,0.15566886622675466
0.011577684463107378,0.15596880623875226
0.011577684463107378,0.15656868626274745
0.011577684463107378,0.15746850629874026
0.011577684463107378,0.15776844631073786
0.011577684463107378,0.15836832633473305
0.011637672465506899,0.15836832633473305
0.011637672465506899,0.15896820635872824
0.011637672465506899,0.15986802639472106
0.011697660467906419,0.15986802639472106
0.011697660467906419,0.16016796640671865
0.011757648470305939,0.16016796640671865
0.011757648470305939,0.16106778644271147
0.01181763647270546,0.16106778644271147
0.01181763647270546,0.16136772645470907
0.01187762447510498,0.16136772645470907
0.01187762447510498,0.16166766646670666
0.01187762447510498,0.16286742651469707
0.01187762447510498,0.16346730653869226
0.01187762447510498,0.16406718656268746
0.01187762447510498,0.16436712657468505
0.01187762447510498,0.16556688662267546
0.01187762447510498,0.16586682663467306
0.0119376124775045,0.16586682663467306
0.0119376124775045,0.16616676664667065
0.012117576484703059,0.16616676664667065
0.012117576484703059,0.16646670665866828
0.012177564487102579,0.16646670665866828
0.012177564487102579,0.16706658668266347
0.012177564487102579,0.16736652669466107
0.012177564487102579,0.16826634673065388
0.012237552489502099,0.16826634673065388
0.012237552489502099,0.16886622675464907
0.01229754049190162,0.16886622675464907
0.01229754049190162,0.16976604679064186
0.01235752849430114,0.16976604679064186
0.01235752849430114,0.17036592681463708
0.01241751649670066,0.17036592681463708
0.01241751649670066,0.17066586682663468
0.01247750449910018,0.17066586682663468
0.01247750449910018,0.17126574685062987
0.01247750449910018,0.17276544691061788
0.01247750449910018,0.17336532693461307
0.01247750449910018,0.1736652669466107
0.01259748050389922,0.1736652669466107
0.01259748050389922,0.1739652069586083
0.01259748050389922,0.17456508698260348
0.01259748050389922,0.17516496700659867
0.01259748050389922,0.17666466706658668
0.01259748050389922,0.17696460707858427
0.01265746850629874,0.17696460707858427
0.01265746850629874,0.1775644871025795
0.01271745650869826,0.1775644871025795
0.01271745650869826,0.1778644271145771
0.012837432513497301,0.1778644271145771
0.012837432513497301,0.1793641271745651
0.012837432513497301,0.1796640671865627
0.01289742051589682,0.1796640671865627
0.01289742051589682,0.1811637672465507
0.01289742051589682,0.1829634073185363
0.0131373725254949,0.1829634073185363
0.0131373725254949,0.1835632873425315
0.013317336532693461,0.1835632873425315
0.013317336532693461,0.1838632273545291
0.013377324535092982,0.1838632273545291
0.013377324535092982,0.1841631673665267
0.013377324535092982,0.1847630473905219
0.013377324535092982,0.1850629874025195
0.013497300539892022,0.1850629874025195
0.013497300539892022,0.1853629274145171
0.013497300539892022,0.1859628074385123
0.013797240551889621,0.1859628074385123
0.013797240551889621,0.18626274745050989
0.013857228554289142,0.18626274745050989
0.013857228554289142,0.1865626874625075
0.014037192561487702,0.1865626874625075
0.014037192561487702,0.1871625674865027
0.014937012597480504,0.1871625674865027
0.014937012597480504,0.1874625074985003
0.015116976604679064,0.1874625074985003
0.015116976604679064,0.1877624475104979
0.015236952609478105,0.1877624475104979
0.015236952609478105,0.1892621475704859
0.015356928614277145,0.1892621475704859
0.015356928614277145,0.1895620875824835
0.015356928614277145,0.1904619076184763
0.015476904619076184,0.1904619076184763
0.015476904619076184,0.1913617276544691
0.015596880623875225,0.1913617276544691
0.015716856628674267,0.1913617276544691
0.015716856628674267,0.1916616676664667
0.015776844631073785,0.1916616676664667
0.015776844631073785,0.1928614277144571
0.015956808638272344,0.1928614277144571
0.015956808638272344,0.1931613677264547
0.015956808638272344,0.19406118776244752
0.016076784643071385,0.19406118776244752
0.016076784643071385,0.1946610677864427
0.016076784643071385,0.19586082783443312
0.016076784643071385,0.19766046790641872
0.016076784643071385,0.19826034793041392
0.016076784643071385,0.19976004799040192
0.016136772645470907,0.19976004799040192
0.016136772645470907,0.20035992801439712
0.016136772645470907,0.20125974805038993
0.016136772645470907,0.20185962807438512
0.016136772645470907,0.20245950809838031
0.016136772645470907,0.20365926814637073
0.016136772645470907,0.20395920815836832
0.016196760647870425,0.20395920815836832
0.016196760647870425,0.20515896820635873
0.016256748650269947,0.20515896820635873
0.016256748650269947,0.20605878824235152
0.016376724655068987,0.20605878824235152
0.016376724655068987,0.20695860827834434
0.016436712657468506,0.20695860827834434
0.016436712657468506,0.20755848830233953
0.016496700659868028,0.20755848830233953
0.016496700659868028,0.20815836832633472
0.016496700659868028,0.20935812837432513
0.016496700659868028,0.21055788842231554
0.016496700659868028,0.21085782843431314
0.016676664667066587,0.21085782843431314
0.016676664667066587,0.21175764847030593
0.016676664667066587,0.21325734853029393
0.016676664667066587,0.21385722855428915
0.016916616676664668,0.21385722855428915
0.016916616676664668,0.21445710857828434
0.017036592681463708,0.21445710857828434
0.017036592681463708,0.21595680863827235
0.017036592681463708,0.21625674865026995
0.017036592681463708,0.21745650869826036
0.01715656868626275,0.21745650869826036
0.01715656868626275,0.21865626874625074
0.01715656868626275,0.21895620875824834
0.017216556688662267,0.21895620875824834
0.017216556688662267,0.21925614877024596
0.017336532693461307,0.21925614877024596
0.017336532693461307,0.21985602879424115
0.01739652069586083,0.21985602879424115
0.01739652069586083,0.22015596880623875
0.017456508698260348,0.22015596880623875
0.017456508698260348,0.22075584883023394
0.017636472705458907,0.22075584883023394
0.017636472705458907,0.22105578884223157
0.01769646070785843,0.22105578884223157
0.01769646070785843,0.22165566886622676
0.01769646070785843,0.22225554889022195
0.01781643671265747,0.22225554889022195
0.01781643671265747,0.22255548890221954
0.01781643671265747,0.22315536892621476
0.017876424715056988,0.22315536892621476
0.017876424715056988,0.22345530893821236
0.01805638872225555,0.22345530893821236
0.01805638872225555,0.22375524895020996
0.01829634073185363,0.22375524895020996
0.01829634073185363,0.22405518896220755
0.01847630473905219,0.22405518896220755
0.01847630473905219,0.22435512897420515
0.01853629274145171,0.22435512897420515
0.01853629274145171,0.22465506898620277
0.01859628074385123,0.22465506898620277
0.01859628074385123,0.22525494901019796
0.01865626874625075,0.22525494901019796
0.01865626874625075,0.22585482903419316
0.01865626874625075,0.22645470905818837
0.01871625674865027,0.22645470905818837
0.01871625674865027,0.22675464907018597
0.01877624475104979,0.22675464907018597
0.01877624475104979,0.22705458908218357
0.01883623275344931,0.22705458908218357
0.01883623275344931,0.22735452909418116
0.01889622075584883,0.22735452909418116
0.01889622075584883,0.22825434913017398
0.01895620875824835,0.22825434913017398
0.01895620875824835,0.23005398920215958
0.019076184763047392,0.23005398920215958
0.019076184763047392,0.23035392921415718
0.01913617276544691,0.23035392921415718
0.01913617276544691,0.23065386922615477
0.01919616076784643,0.23065386922615477
0.01919616076784643,0.23095380923815237
0.01931613677264547,0.23095380923815237
0.01931613677264547,0.23245350929814038
0.01943611277744451,0.23245350929814038
0.01943611277744451,0.23305338932213557
0.01943611277744451,0.23335332933413316
0.019496100779844032,0.23335332933413316
0.019496100779844032,0.23485302939412117
0.01955608878224355,0.23485302939412117
0.01955608878224355,0.235752849430114
0.01955608878224355,0.23635272945410918
0.01955608878224355,0.2375524895020996
0.01955608878224355,0.23815236952609478
0.01955608878224355,0.23845230953809238
0.019616076784643072,0.23845230953809238
0.019616076784643072,0.2393521295740852
0.019736052789442113,0.2393521295740852
0.019736052789442113,0.24055188962207558
0.01979604079184163,0.24055188962207558
0.01979604079184163,0.2411517696460708
0.019856028794241153,0.2411517696460708
0.019856028794241153,0.2414517096580684
0.019856028794241153,0.24205158968206358
0.019856028794241153,0.24265146970605878
0.020155968806238753,0.24265146970605878
0.020155968806238753,0.243251349730054
0.02021595680863827,0.243251349730054
0.02021595680863827,0.2438512297540492
0.02021595680863827,0.244751049790042
0.02021595680863827,0.24595080983803239
0.020275944811037793,0.24595080983803239
0.020275944811037793,0.2465506898620276
0.02033593281343731,0.2465506898620276
0.02033593281343731,0.2468506298740252
0.02033593281343731,0.24805038992201559
0.020395920815836834,0.24805038992201559
0.020395920815836834,0.2486502699460108
0.020575884823035392,0.2486502699460108
0.020575884823035392,0.2489502099580084
0.020575884823035392,0.2495500899820036
0.020695860827834433,0.2495500899820036
0.020695860827834433,0.2498500299940012
0.020755848830233955,0.2498500299940012
0.020755848830233955,0.2501499700059988
0.020815836832633473,0.2501499700059988
0.020815836832633473,0.2516496700659868
0.020815836832633473,0.2519496100779844
0.020815836832633473,0.2525494901019796
0.020935812837432514,0.2525494901019796
0.020935812837432514,0.2528494301139772
0.020995800839832032,0.2528494301139772
0.020995800839832032,0.2540491901619676
0.021055788842231554,0.2540491901619676
0.021055788842231554,0.25464907018596283
0.021055788842231554,0.2555488902219556
0.021055788842231554,0.2561487702459508
0.021055788842231554,0.25674865026994603
0.021115776844631073,0.25674865026994603
0.021115776844631073,0.2573485302939412
0.021115776844631073,0.2576484703059388
0.021175764847030595,0.2576484703059388
0.021175764847030595,0.25824835032993404
0.021175764847030595,0.2600479904019196
0.021175764847030595,0.26094781043791243
0.021175764847030595,0.2615476904619076
0.021235752849430113,0.2615476904619076
0.021235752849430113,0.26184763047390525
0.021535692861427716,0.26184763047390525
0.021535692861427716,0.26244751049790044
0.021595680863827234,0.26244751049790044
0.021595680863827234,0.26304739052189563
0.021775644871025793,0.26304739052189563
0.021775644871025793,0.2633473305338932
0.021835632873425315,0.2633473305338932
0.021835632873425315,0.264247150569886
0.021895620875824834,0.264247150569886
0.021895620875824834,0.2654469106178764
0.021895620875824834,0.26604679064187164
0.021895620875824834,0.2663467306538692
0.021955608878224356,0.2663467306538692
0.021955608878224356,0.26664667066586684
0.022015596880623874,0.26664667066586684
0.022015596880623874,0.2669466106778644
0.022315536892621477,0.2669466106778644
0.022315536892621477,0.26724655068986203
0.022375524895020996,0.26724655068986203
0.022375524895020996,0.26754649070185965
0.022375524895020996,0.26814637072585484
0.022375524895020996,0.2684463107378524
0.022435512897420518,0.2684463107378524
0.022435512897420518,0.2693461307738452
0.022435512897420518,0.2699460107978404
0.022495500899820036,0.2699460107978404
0.022495500899820036,0.2705458908218356
0.022495500899820036,0.27114577084583086
0.022495500899820036,0.2714457108578284
0.022495500899820036,0.27234553089382124
0.022615476904619077,0.27234553089382124
0.022615476904619077,0.2726454709058188
0.022735452909418117,0.2726454709058188
0.022735452909418117,0.27444511097780444
0.022795440911817635,0.27444511097780444
0.022795440911817635,0.27504499100179963
0.022795440911817635,0.27534493101379726
0.023035392921415716,0.27534493101379726
0.023035392921415716,0.27654469106178764
0.023155368926214757,0.27654469106178764
0.023155368926214757,0.27714457108578283
0.023155368926214757,0.277744451109778
0.023575284943011397,0.277744451109778
0.023575284943011397,0.27894421115776846
0.023695260947810437,0.27894421115776846
0.023695260947810437,0.2798440311937612
0.023695260947810437,0.28104379124175166
0.02375524895020996,0.28104379124175166
0.02375524895020996,0.28164367126574685
0.02411517696460708,0.28164367126574685
0.02411517696460708,0.28224355128974205
0.02411517696460708,0.28284343131373724
0.02411517696460708,0.2840431913617277
0.02411517696460708,0.28434313137372524
0.0241751649670066,0.28434313137372524
0.0241751649670066,0.28464307138572287
0.02429514097180564,0.28464307138572287
0.02429514097180564,0.28524295140971806
0.02429514097180564,0.2855428914217157
0.02441511697660468,0.2855428914217157
0.02441511697660468,0.2876424715056989
0.02453509298140372,0.2876424715056989
0.02453509298140372,0.2882423515296941
0.02453509298140372,0.28854229154169164
0.02453509298140372,0.2891421715656869
0.02453509298140372,0.2903419316136773
0.02465506898620276,0.2903419316136773
0.02465506898620276,0.29094181163767247
0.0247750449910018,0.29094181163767247
0.0247750449910018,0.29154169166166766
0.02489502099580084,0.29154169166166766
0.02489502099580084,0.2918416316736653
0.02495500899820036,0.2918416316736653
0.02495500899820036,0.29214157168566285
0.0250749850029994,0.29214157168566285
0.0250749850029994,0.29364127174565086
0.0250749850029994,0.29424115176964605
0.02513497300539892,0.29424115176964605
0.02513497300539892,0.2948410317936413
0.02531493701259748,0.2948410317936413
0.02531493701259748,0.29514097180563886
0.025374925014997,0.29514097180563886
0.025374925014997,0.29574085182963405
0.02549490101979604,0.29574085182963405
0.02549490101979604,0.2960407918416317
0.025674865026994603,0.2960407918416317
0.025674865026994603,0.29634073185362925
0.02573485302939412,0.29634073185362925
0.02573485302939412,0.29664067186562687
0.02591481703659268,0.29664067186562687
0.02591481703659268,0.29724055188962206
0.02591481703659268,0.29784043191361725
0.02591481703659268,0.2981403719256149
0.025974805038992202,0.2981403719256149
0.025974805038992202,0.2984403119376125
0.025974805038992202,0.2996400719856029
0.025974805038992202,0.30083983203359327
0.025974805038992202,0.30143971205758846
0.02615476904619076,0.30143971205758846
0.02615476904619076,0.3032393521295741
0.026214757048590283,0.3032393521295741
0.026214757048590283,0.3047390521895621
0.026214757048590283,0.3053389322135573
0.026214757048590283,0.3056388722255549
0.0262747450509898,0.3056388722255549
0.0262747450509898,0.30713857228554287
0.0262747450509898,0.3077384523095381
0.0262747450509898,0.3086382723455309
0.026334733053389323,0.3086382723455309
0.026334733053389323,0.3089382123575285
0.026394721055788842,0.3089382123575285
0.026394721055788842,0.3092381523695261
0.026394721055788842,0.31073785242951407
0.026454709058188364,0.31073785242951407
0.026454709058188364,0.3110377924415117
0.026574685062987404,0.3110377924415117
0.026574685062987404,0.3113377324535093
0.026634673065386923,0.3113377324535093
0.026634673065386923,0.3116376724655069
0.026754649070185963,0.3116376724655069
0.026754649070185963,0.3119376124775045
0.026754649070185963,0.3125374925014997
0.026874625074985004,0.3125374925014997
0.026874625074985004,0.3137372525494901
0.026874625074985004,0.3140371925614877
0.026934613077384522,0.3140371925614877
0.027054589082183562,0.3140371925614877
0.027054589082183562,0.3152369526094781
0.027114577084583084,0.3152369526094781
0.027114577084583084,0.3155368926214757
0.027174565086982603,0.3155368926214757
0.027174565086982603,0.3161367726454709
0.027234553089382125,0.3161367726454709
0.027234553089382125,0.31643671265746853
0.027294541091781643,0.31643671265746853
0.027294541091781643,0.3173365326934613
0.027354529094181165,0.3173365326934613
0.027354529094181165,0.3176364727054589
0.027474505098980202,0.3176364727054589
0.027474505098980202,0.3179364127174565
0.027474505098980202,0.3188362327534493
0.027594481103779243,0.3188362327534493
0.027594481103779243,0.3194361127774445
0.027654469106178765,0.3194361127774445
0.027654469106178765,0.32003599280143974
0.027714457108578283,0.32003599280143974
0.027714457108578283,0.3203359328134373
0.028014397120575886,0.3203359328134373
0.028014397120575886,0.3209358128374325
0.028194361127774445,0.3209358128374325
0.028194361127774445,0.32213557288542294
0.028314337132573485,0.32213557288542294
0.028314337132573485,0.3230353929214157
0.028374325134973004,0.3230353929214157
0.028374325134973004,0.3233353329334133
0.028554289142171566,0.3233353329334133
0.028554289142171566,0.3239352129574085
0.028554289142171566,0.32483503299340133
0.028554289142171566,0.3254349130173965
0.028674265146970607,0.3254349130173965
0.028674265146970607,0.32633473305338934
0.028734253149370125,0.32633473305338934
0.028734253149370125,0.32693461307738453
0.028794241151769647,0.32693461307738453
0.028794241151769647,0.3275344931013797
0.028854229154169166,0.3275344931013797
0.028854229154169166,0.32783443311337734
0.028914217156568688,0.32783443311337734
0.028914217156568688,0.3281343731253749
0.028914217156568688,0.3290341931613677
0.028914217156568688,0.3296340731853629
0.029094181163767247,0.3296340731853629
0.029094181163767247,0.3302339532093581
0.029514097180563886,0.3302339532093581
0.029514097180563886,0.3323335332933413
0.029514097180563886,0.3332333533293341
0.02957408518296341,0.3332333533293341
0.02957408518296341,0.3344331133773245
0.029754049190161967,0.3344331133773245
0.029754049190161967,0.33503299340131976
0.029874025194961008,0.33503299340131976
0.029874025194961008,0.3353329334133173
0.02993401319736053,0.3353329334133173
0.02993401319736053,0.33623275344931014
0.02993401319736053,0.33683263347330533
0.030053989202159567,0.33683263347330533
0.030053989202159567,0.3374325134973005
0.030053989202159567,0.3380323935212957
0.030173965206958607,0.3380323935212957
0.03023395320935813,0.3380323935212957
0.03023395320935813,0.34013197360527897
0.03023395320935813,0.34043191361727654
0.03035392921415717,0.34043191361727654
0.03035392921415717,0.34073185362927416
0.03035392921415717,0.3416316736652669
0.030413917216556688,0.3416316736652669
0.03053389322135573,0.3416316736652669
0.03053389322135573,0.34193161367726455
0.03053389322135573,0.34343131373725255
0.03059388122375525,0.34343131373725255
0.03059388122375525,0.34403119376124774
0.03065386922615477,0.34403119376124774
0.03065386922615477,0.34433113377324537
0.030833833233353328,0.34433113377324537
0.030833833233353328,0.34463107378524294
0.03089382123575285,0.34463107378524294
0.03089382123575285,0.34493101379724056
0.03101379724055189,0.34493101379724056
0.03101379724055189,0.34553089382123575
0.03125374925014997,0.34553089382123575
0.03125374925014997,0.34613077384523094
0.03125374925014997,0.34643071385722857
0.03131373725254949,0.34643071385722857
0.03131373725254949,0.34673065386922614
0.03137372525494901,0.34673065386922614
0.03137372525494901,0.3473305338932214
0.03137372525494901,0.34763047390521895
0.03155368926214757,0.34763047390521895
0.03155368926214757,0.34853029394121177
0.03161367726454709,0.34853029394121177
0.03161367726454709,0.34883023395320933
0.03167366526694661,0.34883023395320933
0.03167366526694661,0.3494301139772046
0.03191361727654469,0.3494301139772046
0.03191361727654469,0.34973005398920215
0.03203359328134373,0.34973005398920215
0.03203359328134373,0.35062987402519497
0.03203359328134373,0.3509298140371926
0.03203359328134373,0.3515296940611878
0.03203359328134373,0.35182963407318535
0.03221355728854229,0.35182963407318535
0.03221355728854229,0.35242951409718054
0.03221355728854229,0.35272945410917816
0.03227354529094181,0.35272945410917816
0.03227354529094181,0.35392921415716855
0.03239352129574085,0.35392921415716855
0.03239352129574085,0.35482903419316136
0.03245350929814037,0.35482903419316136
0.03245350929814037,0.355128974205159
0.03269346130773845,0.355128974205159
0.03269346130773845,0.35542891421715656
0.032753449310137975,0.35542891421715656
0.032753449310137975,0.35692861427714456
0.032753449310137975,0.3572285542891422
0.032933413317336534,0.3572285542891422
0.032933413317336534,0.3578284343131374
0.03323335332933414,0.3578284343131374
0.03323335332933414,0.35812837432513495
0.03323335332933414,0.3587282543491302
0.03329334133173365,0.3587282543491302
0.03329334133173365,0.3593281343731254
0.03329334133173365,0.36052789442111577
0.03329334133173365,0.36112777444511096
0.033413317336532695,0.36112777444511096
0.033413317336532695,0.36172765446910615
0.033413317336532695,0.36322735452909416
0.03347330533893221,0.36322735452909416
0.03347330533893221,0.3644271145770846
0.03353329334133173,0.3644271145770846
0.03353329334133173,0.36472705458908217
0.033593281343731254,0.36472705458908217
0.033593281343731254,0.3659268146370726
0.033653269346130776,0.3659268146370726
0.033653269346130776,0.3665266946610678
0.03377324535092981,0.3665266946610678
0.03377324535092981,0.36682663467306537
0.03377324535092981,0.3677264547090582
0.033833233353329335,0.3677264547090582
0.033833233353329335,0.3683263347330534
0.03389322135572886,0.3683263347330534
0.03389322135572886,0.36892621475704857
0.03395320935812837,0.36892621475704857
0.03395320935812837,0.3692261547690462
0.034013197360527894,0.3692261547690462
0.034013197360527894,0.3698260347930414
0.034073185362927416,0.3698260347930414
0.034073185362927416,0.3707258548290342
0.034253149370125975,0.3707258548290342
0.034253149370125975,0.3710257948410318
0.0343131373725255,0.3710257948410318
0.0343131373725255,0.3713257348530294
0.034433113377324534,0.3713257348530294
0.034433113377324534,0.371625674865027
0.03455308938212358,0.371625674865027
0.03455308938212358,0.3719256148770246
0.034913017396520696,0.3719256148770246
0.034913017396520696,0.3722255548890222
0.035092981403719255,0.3722255548890222
0.035092981403719255,0.3728254349130174
0.035272945410917814,0.3728254349130174
0.035272945410917814,0.373125374925015
0.035332933413317336,0.373125374925015
0.035332933413317336,0.3737252549490102
0.035512897420515895,0.3737252549490102
0.035512897420515895,0.3740251949610078
0.035572885422915416,0.3740251949610078
0.035572885422915416,0.376124775044991
0.035572885422915416,0.3770245950809838
0.03569286142771446,0.3770245950809838
0.03569286142771446,0.3773245350929814
0.035752849430113975,0.3773245350929814
0.035752849430113975,0.377624475104979
0.0358128374325135,0.377624475104979
0.0358128374325135,0.3788242351529694
0.035932813437312534,0.3788242351529694
0.035932813437312534,0.3797240551889622
0.035932813437312534,0.3809238152369526
0.035992801439712056,0.3809238152369526
0.035992801439712056,0.3812237552489502
0.036172765446910615,0.3812237552489502
0.036172765446910615,0.38242351529694063
0.03629274145170966,0.38242351529694063
0.03629274145170966,0.3842231553689262
0.03629274145170966,0.38452309538092383
0.03635272945410918,0.38452309538092383
0.03635272945410918,0.3848230353929214
0.036412717456508696,0.3848230353929214
0.036412717456508696,0.385122975404919
0.03647270545890822,0.385122975404919
0.03647270545890822,0.3854229154169166
0.0367126574685063,0.3854229154169166
0.0367126574685063,0.3878224355128974
0.0367126574685063,0.3887222555488902
0.03677264547090582,0.3887222555488902
0.03677264547090582,0.38962207558488304
0.03677264547090582,0.3899220155968806
0.036832633473305336,0.3899220155968806
0.036832633473305336,0.3908218356328734
0.03695260947810438,0.3908218356328734
0.03695260947810438,0.3914217156568686
0.03695260947810438,0.39232153569286143
0.03695260947810438,0.3929214157168566
0.03695260947810438,0.3935212957408518
0.0370125974805039,0.3935212957408518
0.0370125974805039,0.39382123575284944
0.03707258548290342,0.39382123575284944
0.03707258548290342,0.39532093581283745
0.03707258548290342,0.395620875824835
0.03719256148770246,0.395620875824835
0.03719256148770246,0.39592081583683264
0.03725254949010198,0.39592081583683264
0.03725254949010198,0.397120575884823
0.03743251349730054,0.397120575884823
0.03743251349730054,0.3977204559088182
0.03749250149970006,0.3977204559088182
0.03749250149970006,0.39802039592081584
0.03749250149970006,0.39952009598080385
0.03767246550689862,0.39952009598080385
0.03767246550689862,0.3998200359928014
0.03779244151169766,0.3998200359928014
0.03779244151169766,0.40011997600479904
0.03785242951409718,0.40011997600479904
0.03785242951409718,0.40071985602879423
0.03785242951409718,0.40101979604079185
0.03797240551889622,0.40101979604079185
0.03797240551889622,0.40161967606478705
0.03797240551889622,0.40251949610077986
0.03797240551889622,0.40311937612477505
0.03803239352129574,0.40311937612477505
0.03803239352129574,0.4034193161367726
0.0382123575284943,0.4034193161367726
0.0382123575284943,0.40401919616076787
0.0382123575284943,0.40431913617276544
0.03833233353329334,0.40431913617276544
0.03833233353329334,0.40641871625674864
0.03833233353329334,0.4070185962807438
0.03839232153569286,0.4070185962807438
0.03839232153569286,0.40731853629274145
0.03863227354529094,0.40731853629274145
0.03863227354529094,0.40851829634073183
0.03863227354529094,0.40941811637672465
0.03893221355728854,0.40941811637672465
0.03893221355728854,0.4097180563887223
0.03929214157168566,0.4097180563887223
0.03929214157168566,0.41001799640071984
0.03935212957408518,0.41001799640071984
0.03935212957408518,0.41061787642471503
0.039472105578884226,0.41061787642471503
0.039472105578884226,0.4112177564487103
0.039472105578884226,0.41151769646070785
0.039652069586082785,0.41151769646070785
0.039652069586082785,0.4118176364727055
0.03971205758848231,0.4118176364727055
0.03971205758848231,0.41211757648470304
0.0400119976004799,0.41211757648470304
0.0400119976004799,0.41241751649670066
0.04019196160767846,0.41241751649670066
0.04019196160767846,0.41271745650869823
0.04025194961007798,0.41271745650869823
0.04025194961007798,0.4133173365326935
0.040311937612477505,0.4133173365326935
0.040311937612477505,0.41361727654469105
0.04037192561487703,0.41361727654469105
0.04037192561487703,0.4148170365926815
0.040731853629274145,0.4148170365926815
0.040731853629274145,0.41511697660467906
0.040911817636472704,0.41511697660467906
0.040911817636472704,0.4154169166166767
0.040971805638872226,0.4154169166166767
0.040971805638872226,0.41601679664067187
0.04109178164367126,0.41601679664067187
0.04109178164367126,0.41721655668866225
0.041151769646070785,0.41721655668866225
0.041151769646070785,0.41811637672465507
0.041151769646070785,0.41931613677264545
0.041151769646070785,0.4196160767846431
0.041331733653269344,0.4196160767846431
0.041331733653269344,0.4205158968206359
0.041391721655668866,0.4205158968206359
0.041391721655668866,0.42081583683263346
0.04145170965806839,0.42081583683263346
0.04145170965806839,0.4211157768446311
0.04151169766046791,0.4211157768446311
0.04151169766046791,0.42141571685662865
0.04151169766046791,0.4220155968806239
0.04151169766046791,0.42231553689262147
0.041571685662867425,0.42231553689262147
0.041571685662867425,0.42351529694061185
0.04187162567486503,0.42351529694061185
0.04187162567486503,0.42441511697660467
0.041991601679664065,0.42441511697660467
0.041991601679664065,0.42501499700059986
0.04211157768446311,0.42501499700059986
0.04211157768446311,0.4253149370125975
0.04211157768446311,0.42651469706058787
0.04217156568686263,0.42651469706058787
0.04217156568686263,0.42861427714457107
0.04217156568686263,0.4292141571685663
0.042231553689262145,0.4292141571685663
0.042231553689262145,0.4301139772045591
0.04229154169166167,0.4301139772045591
0.04229154169166167,0.43071385722855426
0.04229154169166167,0.4316136772645471
0.04241151769646071,0.4316136772645471
0.04241151769646071,0.43221355728854227
0.04241151769646071,0.4325134973005399
0.04253149370125975,0.4325134973005399
0.04253149370125975,0.4331133773245351
0.04295140971805639,0.4331133773245351
0.04295140971805639,0.4337132573485303
0.04295140971805639,0.4340131973605279
0.04313137372525495,0.4340131973605279
0.04313137372525495,0.4346130773845231
0.04313137372525495,0.4352129574085183
0.04313137372525495,0.4355128974205159
0.04313137372525495,0.4361127774445111
0.043311337732453506,0.4361127774445111
0.043311337732453506,0.4364127174565087
0.04337132573485303,0.4364127174565087
0.04337132573485303,0.4385122975404919
0.04337132573485303,0.4388122375524895
0.04343131373725255,0.4388122375524895
0.04343131373725255,0.4391121775644871
0.04361127774445111,0.4391121775644871
0.04361127774445111,0.4397120575884823
0.04367126574685063,0.4397120575884823
0.04367126574685063,0.4409118176364727
0.04385122975404919,0.4409118176364727
0.043971205758848234,0.4409118176364727
0.043971205758848234,0.4412117576484703
0.04403119376124775,0.4412117576484703
0.04403119376124775,0.4415116976604679
0.04409118176364727,0.4415116976604679
0.04409118176364727,0.4424115176964607
0.04427114577084583,0.4424115176964607
0.04427114577084583,0.4430113977204559
0.04439112177564487,0.4430113977204559
0.04439112177564487,0.4439112177564487
0.04439112177564487,0.4451109778044391
0.04445110977804439,0.4451109778044391
0.04445110977804439,0.44631073785242953
0.04445110977804439,0.4466106778644271
0.044631073785242954,0.4466106778644271
0.044631073785242954,0.4469106178764247
0.04469106178764247,0.4469106178764247
0.04481103779244151,0.4469106178764247
0.04481103779244151,0.4475104979004199
0.04493101379724055,0.4475104979004199
0.04493101379724055,0.44781043791241754
0.04493101379724055,0.4496100779844031
0.045050989802039594,0.4496100779844031
0.045050989802039594,0.4502099580083983
0.045050989802039594,0.4505098980203959
0.045050989802039594,0.45140971805638874
0.045290941811637675,0.45140971805638874
0.045290941811637675,0.45200959808038393
0.045290941811637675,0.4523095380923815
0.045470905818836234,0.4523095380923815
0.045470905818836234,0.4526094781043791
0.04559088182363527,0.4526094781043791
0.04559088182363527,0.45290941811637675
0.04577084583083383,0.45290941811637675
0.045950809838032396,0.45290941811637675
0.046130773845230955,0.45290941811637675
0.046130773845230955,0.4532093581283743
0.046130773845230955,0.45410917816436713
0.046130773845230955,0.45500899820035995
0.046130773845230955,0.45650869826034796
0.046130773845230955,0.45710857828434315
0.046130773845230955,0.4574085182963407
0.04619076184763048,0.4574085182963407
0.04619076184763048,0.4580083983203359
0.046370725854829035,0.4580083983203359
0.046370725854829035,0.45830833833233353
0.046370725854829035,0.46040791841631673
0.04649070185962807,0.46040791841631673
0.04649070185962807,0.4610077984403119
0.04649070185962807,0.4616076784643071
0.046610677864427116,0.4616076784643071
0.046610677864427116,0.46280743851229755
0.04691061787642471,0.46280743851229755
0.04691061787642471,0.46460707858428313
0.04709058188362328,0.46460707858428313
0.04709058188362328,0.46490701859628075
0.04715056988602279,0.46490701859628075
0.04715056988602279,0.46550689862027594
0.04715056988602279,0.46610677864427114
0.04715056988602279,0.46640671865626876
0.047210557888422315,0.46640671865626876
0.047210557888422315,0.46700659868026395
0.047210557888422315,0.46760647870425914
0.04727054589082184,0.46760647870425914
0.04727054589082184,0.46790641871625677
0.04733053389322136,0.46790641871625677
0.04733053389322136,0.46820635872825433
0.047450509898020396,0.46820635872825433
0.047450509898020396,0.4688062387522495
0.04757048590281943,0.4688062387522495
0.04757048590281943,0.46910617876424715
0.047750449910018,0.46910617876424715
0.047870425914817036,0.46910617876424715
0.04793041391721656,0.46910617876424715
0.04793041391721656,0.47000599880023997
0.04817036592681464,0.47000599880023997
0.04817036592681464,0.47060587882423516
0.04823035392921416,0.47060587882423516
0.04823035392921416,0.471505698860228
0.04841031793641272,0.471505698860228
0.04841031793641272,0.47270545890821836
0.048530293941211756,0.47270545890821836
0.048530293941211756,0.47360527894421117
0.048530293941211756,0.47420515896820636
0.04859028194361128,0.47420515896820636
0.04859028194361128,0.47540491901619675
0.04907018596280744,0.47540491901619675
0.04907018596280744,0.47600479904019194
0.04907018596280744,0.4766046790641872
0.04919016196760648,0.4766046790641872
0.04931013797240552,0.4766046790641872
0.04949010197960408,0.4766046790641872
0.04949010197960408,0.47690461907618475
0.0495500899820036,0.47690461907618475
0.0495500899820036,0.4772045590881824
0.04967006598680264,0.4772045590881824
0.04967006598680264,0.47780443911217757
0.0498500299940012,0.47780443911217757
0.0498500299940012,0.47810437912417514
0.04991001799640072,0.47810437912417514
0.04991001799640072,0.47900419916016795
0.05020995800839832,0.47900419916016795
0.05020995800839832,0.4793041391721656
0.05026994601079784,0.4793041391721656
0.05026994601079784,0.4802039592081584
0.05032993401319736,0.4802039592081584
0.05032993401319736,0.48050389922015596
0.050749850029994,0.48050389922015596
0.050749850029994,0.4829034193161368
0.05080983803239352,0.4829034193161368
0.05080983803239352,0.48320335932813435
0.05098980203959208,0.48320335932813435
0.05098980203959208,0.483503299340132
0.05098980203959208,0.4844031193761248
0.051109778044391124,0.4844031193761248
0.051109778044391124,0.48470305938812236
0.05116976604679064,0.48470305938812236
0.05116976604679064,0.48530293941211755
0.05128974205158968,0.48530293941211755
0.05128974205158968,0.4856028794241152
0.05128974205158968,0.48680263947210556
0.05146970605878824,0.48680263947210556
0.05146970605878824,0.4874025194961008
0.05188962207558488,0.4874025194961008
0.05188962207558488,0.4877024595080984
0.051949610077984404,0.4877024595080984
0.051949610077984404,0.488002399520096
0.051949610077984404,0.489502099580084
0.05248950209958008,0.489502099580084
0.05248950209958008,0.4901019796040792
0.052609478104379125,0.4901019796040792
0.052609478104379125,0.491001799640072
0.052609478104379125,0.4913017396520696
0.052789442111577684,0.4913017396520696
0.052789442111577684,0.4916016796640672
0.05314937012597481,0.4916016796640672
0.05314937012597481,0.4922015596880624
0.053269346130773845,0.4922015596880624
0.05338932213557288,0.4922015596880624
0.053449310137972404,0.4922015596880624
0.053449310137972404,0.49250149970005996
0.05356928614277145,0.49250149970005996
0.05356928614277145,0.4931013797240552
0.05362927414517096,0.4931013797240552
0.05362927414517096,0.4934013197360528
0.05398920215956809,0.4934013197360528
0.05398920215956809,0.4937012597480504
0.05398920215956809,0.4952009598080384
0.05404919016196761,0.4952009598080384
0.05404919016196761,0.495500899820036
0.054109178164367125,0.495500899820036
0.054109178164367125,0.4958008398320336
0.05416916616676665,0.4958008398320336
0.05416916616676665,0.49610077984403117
0.054349130173965206,0.49610077984403117
0.054349130173965206,0.4967006598680264
0.054349130173965206,0.497000599880024
0.054529094181163765,0.497000599880024
0.054529094181163765,0.4976004799040192
0.054529094181163765,0.4982003599280144
0.054529094181163765,0.4988002399520096
0.05458908218356329,0.4988002399520096
0.05470905818836233,0.4988002399520096
0.05470905818836233,0.4991001799640072
0.054769046190761846,0.4991001799640072
0.054769046190761846,0.4994001199760048
0.054949010197960405,0.4994001199760048
0.054949010197960405,0.4997000599880024
0.05524895020995801,0.4997000599880024
0.05524895020995801,0.5
0.05536892621475705,0.5
0.05536892621475705,0.5002999400119976
0.055428914217156566,0.5002999400119976
0.055428914217156566,0.5005998800239952
0.05560887822435513,0.5005998800239952
0.05560887822435513,0.5011997600479904
0.05614877024595081,0.5011997600479904
0.05614877024595081,0.5017996400719856
0.05626874625074985,0.5017996400719856
0.05626874625074985,0.5020995800839833
0.05632873425314937,0.5020995800839833
0.05632873425314937,0.5023995200959808
0.056508698260347934,0.5023995200959808
0.056508698260347934,0.502999400119976
0.056508698260347934,0.5035992801439712
0.05656868626274745,0.5035992801439712
0.05656868626274745,0.5041991601679664
0.05656868626274745,0.504499100179964
0.05728854229154169,0.504499100179964
0.05728854229154169,0.5053989202159568
0.05734853029394121,0.5053989202159568
0.05734853029394121,0.5056988602279544
0.05752849430113977,0.5056988602279544
0.05752849430113977,0.505998800239952
0.057828434313137375,0.505998800239952
0.057828434313137375,0.5062987402519497
0.05812837432513497,0.5062987402519497
0.05812837432513497,0.5068986202759448
0.058428314337132574,0.5068986202759448
0.058428314337132574,0.5071985602879424
0.058488302339532096,0.5071985602879424
0.058488302339532096,0.5077984403119377
0.05860827834433113,0.5077984403119377
0.05860827834433113,0.5086982603479304
0.05872825434913018,0.5086982603479304
0.05872825434913018,0.5095980803839232
0.05872825434913018,0.5098980203959208
0.05878824235152969,0.5098980203959208
0.05878824235152969,0.5101979604079184
0.05878824235152969,0.5107978404319136
0.058848230353929214,0.5107978404319136
0.058848230353929214,0.5110977804439112
0.05914817036592682,0.5110977804439112
0.05914817036592682,0.5119976004799041
0.05914817036592682,0.5131973605278944
0.059328134373125375,0.5131973605278944
0.059328134373125375,0.5137972405518896
0.0593881223755249,0.5137972405518896
0.0593881223755249,0.5140971805638872
0.05986802639472106,0.5140971805638872
0.05986802639472106,0.5143971205758848
0.059928014397120574,0.5143971205758848
0.059928014397120574,0.5149970005998801
0.060167966406718655,0.5149970005998801
0.060167966406718655,0.5152969406118776
0.060167966406718655,0.5170965806838632
0.060167966406718655,0.5176964607078585
0.0602879424115177,0.5176964607078585
0.06064787042591482,0.5176964607078585
0.06064787042591482,0.5182963407318536
0.06070785842831434,0.5182963407318536
0.06070785842831434,0.519496100779844
0.06070785842831434,0.5197960407918416
0.061007798440311935,0.5197960407918416
0.061007798440311935,0.5206958608278345
0.06106778644271146,0.5206958608278345
0.06106778644271146,0.5212957408518296
0.06112777444511098,0.5212957408518296
0.06112777444511098,0.5215956808638272
0.0611877624475105,0.5215956808638272
0.0611877624475105,0.5221955608878225
0.06130773845230954,0.5221955608878225
0.06130773845230954,0.5227954409118176
0.061667666466706655,0.5227954409118176
0.061667666466706655,0.5230953809238152
0.06172765446910618,0.5230953809238152
0.06172765446910618,0.5233953209358129
0.06172765446910618,0.5242951409718056
0.0617876424715057,0.5242951409718056
0.0617876424715057,0.5248950209958009
0.06196760647870426,0.5248950209958009
0.06196760647870426,0.5260947810437913
0.06214757048590282,0.5260947810437913
0.06214757048590282,0.5263947210557889
0.06226754649070186,0.5263947210557889
0.06226754649070186,0.526994601079784
0.06232753449310138,0.526994601079784
0.06232753449310138,0.5272945410917816
0.06256748650269946,0.5272945410917816
0.06256748650269946,0.5293941211757649
0.06256748650269946,0.5296940611877624
0.0626874625074985,0.5296940611877624
0.0626874625074985,0.5302939412117577
0.06274745050989802,0.5302939412117577
0.06274745050989802,0.5305938812237553
0.06286742651469707,0.5305938812237553
0.06286742651469707,0.5308938212357528
0.06286742651469707,0.531493701259748
0.06304739052189562,0.531493701259748
0.06304739052189562,0.5317936412717457
0.0632873425314937,0.5317936412717457
0.0632873425314937,0.5323935212957408
0.06334733053389321,0.5323935212957408
0.06334733053389321,0.5326934613077384
0.0638872225554889,0.5326934613077384
0.0638872225554889,0.5335932813437313
0.0638872225554889,0.5338932213557288
0.0638872225554889,0.5344931013797241
0.06394721055788842,0.5344931013797241
0.06394721055788842,0.5347930413917217
0.06406718656268746,0.5347930413917217
0.06406718656268746,0.5368926214757048
0.06406718656268746,0.5371925614877024
0.06406718656268746,0.5380923815236952
0.06412717456508699,0.5380923815236952
0.06412717456508699,0.5383923215356928
0.06418716256748651,0.5383923215356928
0.06418716256748651,0.5389922015596881
0.06442711457708458,0.5389922015596881
0.06442711457708458,0.5395920815836832
0.0644871025794841,0.5395920815836832
0.0644871025794841,0.5401919616076785
0.06460707858428315,0.5401919616076785
0.06460707858428315,0.5419916016796641
0.06460707858428315,0.5428914217156569
0.06466706658668267,0.5428914217156569
0.06466706658668267,0.5431913617276545
0.06466706658668267,0.5437912417516497
0.06472705458908218,0.5437912417516497
0.06472705458908218,0.5440911817636472
0.06490701859628074,0.5440911817636472
0.06490701859628074,0.5449910017996401
0.06508698260347931,0.5449910017996401
0.06508698260347931,0.5452909418116376
0.06514697060587882,0.5452909418116376
0.06514697060587882,0.5461907618476305
0.06532693461307738,0.5461907618476305
0.06532693461307738,0.5464907018596281
0.06550689862027595,0.5464907018596281
0.06550689862027595,0.5467906418716256
0.06556688662267547,0.5467906418716256
0.06556688662267547,0.5473905218956209
0.06556688662267547,0.5482903419316136
0.06592681463707259,0.5482903419316136
0.06592681463707259,0.5488902219556089
0.06598680263947211,0.5488902219556089
0.06598680263947211,0.5503899220155969
0.06598680263947211,0.5506898620275945
0.06598680263947211,0.5518896220755849
0.06598680263947211,0.55248950209958
0.06598680263947211,0.5530893821235753
0.06598680263947211,0.5551889622075585
0.06598680263947211,0.5560887822435513
0.06598680263947211,0.5566886622675465
0.06598680263947211,0.556988602279544
0.06598680263947211,0.5581883623275345
0.06598680263947211,0.5587882423515297
0.06604679064187162,0.5587882423515297
0.06604679064187162,0.5590881823635273
0.06610677864427114,0.5590881823635273
0.06610677864427114,0.5605878824235153
0.06616676664667066,0.5605878824235153
0.06616676664667066,0.5608878224355129
0.06640671865626875,0.5608878224355129
0.06640671865626875,0.5617876424715057
0.06652669466106778,0.5617876424715057
0.06652669466106778,0.5620875824835033
0.06652669466106778,0.5632873425314937
0.06652669466106778,0.563887222555489
0.06670665866826635,0.563887222555489
0.06670665866826635,0.5641871625674865
0.06676664667066587,0.5641871625674865
0.06676664667066587,0.5647870425914817
0.06682663467306539,0.5647870425914817
0.06694661067786442,0.5647870425914817
0.06700659868026394,0.5647870425914817
0.06700659868026394,0.5650869826034793
0.06706658668266346,0.5650869826034793
0.06706658668266346,0.5656868626274745
0.06718656268746251,0.5656868626274745
0.06718656268746251,0.5665866826634673
0.06724655068986203,0.5665866826634673
0.06724655068986203,0.5689862027594481
0.06772645470905819,0.5689862027594481
0.06772645470905819,0.5701859628074385
0.06772645470905819,0.5710857828434314
0.06802639472105579,0.5710857828434314
0.06802639472105579,0.5713857228554289
0.06814637072585483,0.5713857228554289
0.06814637072585483,0.5716856628674265
0.06826634673065386,0.5716856628674265
0.06826634673065386,0.5719856028794241
0.068626274745051,0.5719856028794241
0.068626274745051,0.5722855428914218
0.06874625074985002,0.5722855428914218
0.06874625074985002,0.5725854829034193
0.06880623875224955,0.5725854829034193
0.06880623875224955,0.5737852429514098
0.06880623875224955,0.5746850629874025
0.06886622675464907,0.5746850629874025
0.06886622675464907,0.5752849430113978
0.06892621475704859,0.5752849430113978
0.06892621475704859,0.5755848830233953
0.06910617876424716,0.5755848830233953
0.06910617876424716,0.5761847630473905
0.06946610677864427,0.5761847630473905
0.06946610677864427,0.5770845830833833
0.06946610677864427,0.5782843431313738
0.06964607078584283,0.5782843431313738
0.06964607078584283,0.5785842831433713
0.06970605878824235,0.5785842831433713
0.06982603479304139,0.5785842831433713
0.06982603479304139,0.5788842231553689
0.06994601079784044,0.5788842231553689
0.06994601079784044,0.5794841031793642
0.07006598680263947,0.5794841031793642
0.07006598680263947,0.5797840431913617
0.07012597480503899,0.5797840431913617
0.07012597480503899,0.5800839832033593
0.07036592681463708,0.5800839832033593
0.07036592681463708,0.5803839232153569
0.07060587882423515,0.5803839232153569
0.07060587882423515,0.5806838632273545
0.0707258548290342,0.5806838632273545
0.0707258548290342,0.5812837432513497
0.07078584283143372,0.5812837432513497
0.07078584283143372,0.5815836832633473
0.07084583083383324,0.5815836832633473
0.07084583083383324,0.5818836232753449
0.07090581883623276,0.5818836232753449
0.07090581883623276,0.5824835032993402
0.07096580683863227,0.5824835032993402
0.07096580683863227,0.5833833233353329
0.07114577084583083,0.5833833233353329
0.07114577084583083,0.5836832633473306
0.0713257348530294,0.5836832633473306
0.0713257348530294,0.5839832033593282
0.0713257348530294,0.584883023395321
0.07138572285542892,0.584883023395321
0.07138572285542892,0.5851829634073186
0.07138572285542892,0.5857828434313137
0.07138572285542892,0.5860827834433113
0.071625674865027,0.5860827834433113
0.071625674865027,0.5869826034793041
0.07186562687462507,0.5869826034793041
0.07198560287942411,0.5869826034793041
0.07210557888422316,0.5869826034793041
0.07210557888422316,0.5872825434913017
0.07210557888422316,0.590881823635273
0.07216556688662268,0.590881823635273
0.07216556688662268,0.5914817036592681
0.07228554289142172,0.5914817036592681
0.07228554289142172,0.5920815836832634
0.07228554289142172,0.592381523695261
0.07240551889622075,0.592381523695261
0.07264547090581884,0.592381523695261
0.07264547090581884,0.5926814637072585
0.07276544691061787,0.5926814637072585
0.07276544691061787,0.5929814037192561
0.07276544691061787,0.593881223755249
0.07276544691061787,0.5959808038392321
0.073125374925015,0.5959808038392321
0.073125374925015,0.5962807438512298
0.07348530293941212,0.5962807438512298
0.07348530293941212,0.5965806838632274
0.07360527894421116,0.5965806838632274
0.07360527894421116,0.596880623875225
0.07390521895620876,0.596880623875225
0.07390521895620876,0.5971805638872225
0.07396520695860828,0.5971805638872225
0.07396520695860828,0.5974805038992201
0.07408518296340731,0.5974805038992201
0.07408518296340731,0.5989802039592081
0.07408518296340731,0.5992801439712058
0.07486502699460108,0.5992801439712058
0.07486502699460108,0.6001799640071985
0.0749250149970006,0.6001799640071985
0.0749250149970006,0.6004799040191962
0.07510497900419916,0.6004799040191962
0.07510497900419916,0.6010797840431914
0.07528494301139772,0.6010797840431914
0.07528494301139772,0.6013797240551889
0.07534493101379725,0.6013797240551889
0.07534493101379725,0.6016796640671865
0.0755248950209958,0.6016796640671865
0.0755248950209958,0.6019796040791842
0.07564487102579484,0.6019796040791842
0.07564487102579484,0.6022795440911818
0.07594481103779244,0.6022795440911818
0.07594481103779244,0.6031793641271745
0.076124775044991,0.6031793641271745
0.076124775044991,0.6052789442111578
0.076124775044991,0.6055788842231554
0.07618476304739052,0.6055788842231554
0.07618476304739052,0.6064787042591482
0.07630473905218957,0.6064787042591482
0.07630473905218957,0.6070785842831433
0.07630473905218957,0.6073785242951409
0.0764247150569886,0.6073785242951409
0.0764247150569886,0.6076784643071386
0.07660467906418716,0.6076784643071386
0.07660467906418716,0.6082783443311338
0.07666466706658669,0.6082783443311338
0.07666466706658669,0.6085782843431313
0.07678464307138572,0.6085782843431313
0.07678464307138572,0.6091781643671266
0.07678464307138572,0.6097780443911218
0.0770245950809838,0.6097780443911218
0.0770245950809838,0.6100779844031193
0.07708458308338333,0.6100779844031193
0.07708458308338333,0.610377924415117
0.07714457108578285,0.610377924415117
0.07714457108578285,0.6106778644271146
0.07720455908818237,0.6106778644271146
0.07720455908818237,0.6109778044391122
0.07738452309538092,0.6109778044391122
0.07738452309538092,0.6112777444511098
0.07744451109778044,0.6112777444511098
0.07744451109778044,0.611877624475105
0.07744451109778044,0.6121775644871026
0.07744451109778044,0.6130773845230953
0.07762447510497901,0.6130773845230953
0.07762447510497901,0.613377324535093
0.07768446310737852,0.613377324535093
0.07768446310737852,0.6139772045590882
0.07774445110977804,0.6139772045590882
0.07774445110977804,0.614877024595081
0.07816436712657468,0.614877024595081
0.07816436712657468,0.6154769046190762
0.07828434313137372,0.6154769046190762
0.07828434313137372,0.6160767846430714
0.07834433113377325,0.6160767846430714
0.07834433113377325,0.616376724655069
0.07840431913617277,0.616376724655069
0.07840431913617277,0.6166766646670666
0.07840431913617277,0.6172765446910617
0.07846430713857229,0.6172765446910617
0.07846430713857229,0.617876424715057
0.07864427114577084,0.617876424715057
0.07864427114577084,0.6187762447510498
0.07864427114577084,0.619376124775045
0.07876424715056989,0.619376124775045
0.07876424715056989,0.6205758848230354
0.07876424715056989,0.620875824835033
0.07882423515296941,0.620875824835033
0.07882423515296941,0.6220755848830234
0.07888422315536893,0.6220755848830234
0.07888422315536893,0.622375524895021
0.07888422315536893,0.6229754049190162
0.07888422315536893,0.6232753449310138
0.07900419916016797,0.6232753449310138
0.07900419916016797,0.6241751649670066
0.07900419916016797,0.6256748650269947
0.07918416316736653,0.6256748650269947
0.07918416316736653,0.6262747450509898
0.07924415116976605,0.6262747450509898
0.07924415116976605,0.6271745650869825
0.07948410317936412,0.6271745650869825
0.07960407918416317,0.6271745650869825
0.07972405518896221,0.6271745650869825
0.07972405518896221,0.628374325134973
0.07996400719856028,0.628374325134973
0.07996400719856028,0.6292741451709658
0.08008398320335933,0.6292741451709658
0.08032393521295741,0.6292741451709658
0.08032393521295741,0.6301739652069586
0.08056388722255549,0.6301739652069586
0.08056388722255549,0.6313737252549491
0.08056388722255549,0.6316736652669466
0.08074385122975405,0.6316736652669466
0.08074385122975405,0.6325734853029394
0.08080383923215356,0.6325734853029394
0.08080383923215356,0.6337732453509298
0.0809238152369526,0.6337732453509298
0.0809238152369526,0.6340731853629274
0.08104379124175165,0.6340731853629274
0.08104379124175165,0.6346730653869226
0.08122375524895022,0.6346730653869226
0.08122375524895022,0.6349730053989202
0.08128374325134972,0.6349730053989202
0.08128374325134972,0.6352729454109178
0.08134373125374925,0.6352729454109178
0.08134373125374925,0.635872825434913
0.08140371925614877,0.635872825434913
0.08140371925614877,0.6361727654469106
0.08146370725854829,0.6361727654469106
0.08146370725854829,0.6364727054589082
0.08164367126574686,0.6364727054589082
0.08164367126574686,0.6367726454709058
0.08170365926814636,0.6367726454709058
0.08170365926814636,0.637372525494901
0.08182363527294541,0.637372525494901
0.08188362327534493,0.637372525494901
0.08188362327534493,0.6385722855428915
0.08188362327534493,0.638872225554889
0.08188362327534493,0.6400719856028795
0.0820635872825435,0.6400719856028795
0.0820635872825435,0.640371925614877
0.08212357528494302,0.640371925614877
0.08212357528494302,0.6406718656268746
0.08218356328734253,0.6406718656268746
0.08218356328734253,0.6412717456508699
0.08242351529694061,0.6412717456508699
0.08242351529694061,0.6415716856628674
0.08254349130173966,0.6415716856628674
0.08254349130173966,0.641871625674865
0.08266346730653869,0.641871625674865
0.08266346730653869,0.6421715656868626
0.08266346730653869,0.6430713857228554
0.08314337132573485,0.6430713857228554
0.08314337132573485,0.643371325734853
0.08320335932813437,0.643371325734853
0.08320335932813437,0.6442711457708459
0.08320335932813437,0.6445710857828434
0.0832633473305339,0.6445710857828434
0.0832633473305339,0.644871025794841
0.08344331133773246,0.644871025794841
0.08344331133773246,0.6451709658068386
0.08356328734253149,0.6451709658068386
0.08356328734253149,0.6454709058188363
0.08368326334733053,0.6454709058188363
0.08374325134973006,0.6454709058188363
0.08374325134973006,0.6457708458308339
0.0838632273545291,0.6457708458308339
0.08398320335932813,0.6457708458308339
0.0841631673665267,0.6457708458308339
0.0841631673665267,0.6460707858428314
0.08428314337132574,0.6460707858428314
0.08494301139772045,0.6460707858428314
0.08494301139772045,0.6466706658668266
0.08494301139772045,0.6469706058788243
0.08500299940011997,0.6469706058788243
0.08500299940011997,0.6475704859028194
0.08512297540491902,0.6475704859028194
0.08512297540491902,0.647870425914817
0.08512297540491902,0.6487702459508098
0.08518296340731854,0.6487702459508098
0.08518296340731854,0.6496700659868027
0.08518296340731854,0.6511697660467907
0.08554289142171566,0.6511697660467907
0.08554289142171566,0.6514697060587883
0.0856628674265147,0.6514697060587883
0.0856628674265147,0.6520695860827834
0.08572285542891421,0.6520695860827834
0.08572285542891421,0.652369526094781
0.08578284343131373,0.652369526094781
0.08578284343131373,0.6532693461307738
0.08590281943611278,0.6532693461307738
0.08590281943611278,0.6535692861427714
0.08602279544091182,0.6535692861427714
0.08602279544091182,0.6541691661667667
0.08614277144571086,0.6541691661667667
0.08614277144571086,0.6550689862027594
0.0862627474505099,0.6550689862027594
0.0862627474505099,0.6556688662267547
0.08680263947210558,0.6556688662267547
0.08680263947210558,0.6559688062387522
0.08692261547690462,0.6559688062387522
0.08692261547690462,0.6565686862627474
0.08704259148170367,0.6565686862627474
0.08704259148170367,0.6568686262747451
0.0871625674865027,0.6568686262747451
0.0871625674865027,0.6571685662867427
0.0874625074985003,0.6571685662867427
0.0874625074985003,0.6577684463107378
0.08758248350329934,0.6577684463107378
0.08758248350329934,0.6580683863227355
0.08758248350329934,0.6601679664067187
0.08764247150569886,0.6601679664067187
0.08764247150569886,0.6607678464307138
0.0877624475104979,0.6607678464307138
0.0877624475104979,0.6610677864427115
0.0877624475104979,0.6622675464907019
0.08788242351529695,0.6622675464907019
0.08788242351529695,0.6628674265146971
0.08788242351529695,0.6631673665266946
0.08794241151769647,0.6631673665266946
0.08794241151769647,0.6634673065386922
0.08794241151769647,0.6640671865626875
0.08800239952009598,0.6640671865626875
0.08800239952009598,0.6646670665866826
0.0880623875224955,0.6646670665866826
0.0880623875224955,0.6652669466106779
0.08842231553689262,0.6652669466106779
0.08842231553689262,0.6658668266346731
0.08854229154169166,0.6658668266346731
0.08890221955608878,0.6658668266346731
0.08890221955608878,0.6661667666466706
0.08902219556088782,0.6661667666466706
0.08902219556088782,0.6667666466706659
0.08902219556088782,0.6676664667066586
0.08914217156568686,0.6676664667066586
0.08914217156568686,0.6685662867426515
0.08926214757048591,0.6685662867426515
0.08926214757048591,0.668866226754649
0.08974205158968207,0.668866226754649
0.08974205158968207,0.6700659868026395
0.08980203959208158,0.6700659868026395
0.08980203959208158,0.6706658668266346
0.08992201559688062,0.6706658668266346
0.08992201559688062,0.6709658068386323
0.08998200359928014,0.6709658068386323
0.08998200359928014,0.6715656868626275
0.09010197960407919,0.6715656868626275
0.09010197960407919,0.671865626874625
0.09040191961607678,0.671865626874625
0.09040191961607678,0.6721655668866227
0.09052189562087583,0.6721655668866227
0.09052189562087583,0.6730653869226155
0.09052189562087583,0.6736652669466107
0.09052189562087583,0.6742651469706059
0.09052189562087583,0.6757648470305939
0.09052189562087583,0.6760647870425914
0.0907618476304739,0.6760647870425914
0.0907618476304739,0.6772645470905819
0.09082183563287342,0.6772645470905819
0.09082183563287342,0.6787642471505699
0.09100179964007199,0.6787642471505699
0.09100179964007199,0.6793641271745651
0.09106178764247151,0.6793641271745651
0.09106178764247151,0.6796640671865627
0.09124175164967006,0.6796640671865627
0.09124175164967006,0.6799640071985603
0.09130173965206959,0.6799640071985603
0.09142171565686863,0.6799640071985603
0.09154169166166766,0.6799640071985603
0.09154169166166766,0.6814637072585483
0.09172165566886623,0.6814637072585483
0.09172165566886623,0.6817636472705458
0.09190161967606479,0.6817636472705458
0.09190161967606479,0.6823635272945411
0.09196160767846431,0.6823635272945411
0.09196160767846431,0.6826634673065387
0.09202159568086382,0.6826634673065387
0.09202159568086382,0.6829634073185363
0.09208158368326334,0.6829634073185363
0.09208158368326334,0.6835632873425315
0.09208158368326334,0.6844631073785243
0.09214157168566287,0.6844631073785243
0.09214157168566287,0.6847630473905219
0.09280143971205759,0.6847630473905219
0.09280143971205759,0.6850629874025195
0.09328134373125375,0.6850629874025195
0.09328134373125375,0.6853629274145171
0.0934613077384523,0.6853629274145171
0.0934613077384523,0.6856628674265147
0.09358128374325135,0.6856628674265147
0.09358128374325135,0.6868626274745051
0.09358128374325135,0.6877624475104979
0.09406118776244751,0.6877624475104979
0.09406118776244751,0.6880623875224955
0.09412117576484703,0.6880623875224955
0.09412117576484703,0.6886622675464907
0.09430113977204559,0.6886622675464907
0.09442111577684463,0.6886622675464907
0.09448110377924415,0.6886622675464907
0.09448110377924415,0.6889622075584882
0.0946010797840432,0.6889622075584882
0.0946010797840432,0.6904619076184763
0.09466106778644272,0.6904619076184763
0.09466106778644272,0.6907618476304739
0.09472105578884223,0.6907618476304739
0.09472105578884223,0.6910617876424715
0.09472105578884223,0.6919616076784643
0.09478104379124175,0.6919616076784643
0.09478104379124175,0.6928614277144571
0.09478104379124175,0.6937612477504499
0.09484103179364127,0.6937612477504499
0.09484103179364127,0.6940611877624475
0.09484103179364127,0.6946610677864428
0.09484103179364127,0.6952609478104379
0.09496100779844031,0.6952609478104379
0.09496100779844031,0.6958608278344331
0.09508098380323936,0.6958608278344331
0.09508098380323936,0.6961607678464307
0.09526094781043791,0.6961607678464307
0.09526094781043791,0.6967606478704259
0.09532093581283743,0.6967606478704259
0.09532093581283743,0.6970605878824235
0.09532093581283743,0.6985602879424115
0.09544091181763648,0.6985602879424115
0.09544091181763648,0.6991601679664067
0.09568086382723455,0.6991601679664067
0.09568086382723455,0.6994601079784043
0.0958008398320336,0.6994601079784043
0.0958008398320336,0.7003599280143972
0.09586082783443312,0.7003599280143972
0.09586082783443312,0.7006598680263947
0.09592081583683264,0.7006598680263947
0.09592081583683264,0.7009598080383923
0.09604079184163167,0.7009598080383923
0.09604079184163167,0.7015596880623876
0.09610077984403119,0.7015596880623876
0.09610077984403119,0.7021595680863827
0.09616076784643071,0.7021595680863827
0.09616076784643071,0.7027594481103779
0.09616076784643071,0.7033593281343731
0.09628074385122976,0.7033593281343731
0.09628074385122976,0.7036592681463707
0.09646070785842832,0.7036592681463707
0.09646070785842832,0.7039592081583683
0.09652069586082783,0.7039592081583683
0.09652069586082783,0.7045590881823636
0.0967006598680264,0.7045590881823636
0.0967006598680264,0.7051589682063587
0.0967006598680264,0.7060587882423516
0.09700059988002399,0.7060587882423516
0.09700059988002399,0.7063587282543491
0.09706058788242351,0.7063587282543491
0.09706058788242351,0.7069586082783443
0.09718056388722256,0.7069586082783443
0.09718056388722256,0.707258548290342
0.0973005398920216,0.707258548290342
0.0973005398920216,0.7078584283143371
0.0973005398920216,0.7081583683263347
0.09742051589682063,0.7081583683263347
0.09742051589682063,0.7093581283743251
0.09742051589682063,0.7096580683863227
0.0976004799040192,0.7096580683863227
0.0976004799040192,0.710257948410318
0.09772045590881824,0.710257948410318
0.09778044391121776,0.710257948410318
0.09778044391121776,0.7108578284343131
0.09778044391121776,0.7114577084583084
0.09784043191361727,0.7114577084583084
0.09784043191361727,0.711757648470306
0.09790041991601679,0.711757648470306
0.09790041991601679,0.7126574685062987
0.09802039592081584,0.7126574685062987
0.09802039592081584,0.7129574085182964
0.09814037192561488,0.7129574085182964
0.09874025194961007,0.7129574085182964
0.09874025194961007,0.713257348530294
0.09874025194961007,0.7138572285542891
0.09892021595680864,0.7138572285542891
0.09892021595680864,0.7141571685662867
0.0991001799640072,0.7141571685662867
0.0991001799640072,0.714757048590282
0.09952009598080384,0.714757048590282
0.09952009598080384,0.7150569886022795
0.0997000599880024,0.7150569886022795
0.0997000599880024,0.7156568686262748
0.0997000599880024,0.7159568086382724
0.09976004799040192,0.7159568086382724
0.09976004799040192,0.7162567486502699
0.09988002399520096,0.7162567486502699
0.09988002399520096,0.7165566886622675
0.1,0.7165566886622675
0.1,0.7168566286742651
0.1005998800239952,0.7168566286742651
0.1005998800239952,0.7183563287342531
0.10089982003599281,0.7183563287342531
0.10089982003599281,0.7186562687462508
0.10101979604079184,0.7186562687462508
0.10101979604079184,0.7192561487702459
0.10107978404319136,0.7192561487702459
0.10107978404319136,0.7195560887822435
0.10125974805038992,0.7195560887822435
0.10125974805038992,0.7201559688062388
0.10167966406718656,0.7201559688062388
0.10167966406718656,0.7213557288542292
0.10179964007198561,0.7213557288542292
0.10179964007198561,0.7231553689262148
0.10197960407918416,0.7231553689262148
0.10197960407918416,0.7234553089382123
0.10227954409118177,0.7234553089382123
0.10227954409118177,0.7237552489502099
0.1023995200959808,0.7237552489502099
0.1023995200959808,0.7258548290341932
0.10251949610077984,0.7258548290341932
0.10251949610077984,0.7264547090581883
0.10263947210557889,0.7264547090581883
0.10263947210557889,0.7276544691061788
0.10287942411517696,0.7276544691061788
0.10287942411517696,0.7279544091181763
0.10287942411517696,0.7285542891421716
0.10293941211757648,0.7285542891421716
0.10293941211757648,0.7288542291541692
0.10323935212957408,0.7288542291541692
0.10335932813437312,0.7288542291541692
0.10359928014397121,0.7288542291541692
0.10359928014397121,0.7291541691661668
0.10371925614877024,0.7291541691661668
0.10371925614877024,0.7300539892021596
0.10389922015596881,0.7300539892021596
0.10389922015596881,0.73125374925015
0.10407918416316736,0.73125374925015
0.10407918416316736,0.7318536292741452
0.10407918416316736,0.7321535692861427
0.10407918416316736,0.7330533893221356
0.10437912417516497,0.7330533893221356
0.10437912417516497,0.7333533293341332
0.10449910017996401,0.7333533293341332
0.10449910017996401,0.7336532693461307
0.10461907618476304,0.7336532693461307
0.10461907618476304,0.734253149370126
0.10473905218956209,0.734253149370126
0.10473905218956209,0.7360527894421116
0.10473905218956209,0.7363527294541091
0.10473905218956209,0.7369526094781044
0.10491901619676065,0.7369526094781044
0.10491901619676065,0.7378524295140971
0.10503899220155968,0.7378524295140971
0.10503899220155968,0.7384523095380924
0.10503899220155968,0.73875224955009
0.10521895620875825,0.73875224955009
0.10521895620875825,0.7390521895620876
0.1053389322135573,0.7390521895620876
0.1053389322135573,0.7393521295740851
0.10635872825434912,0.7393521295740851
0.10635872825434912,0.740251949610078
0.10641871625674865,0.740251949610078
0.10641871625674865,0.7405518896220756
0.10641871625674865,0.7414517096580684
0.10677864427114576,0.7414517096580684
0.10677864427114576,0.7423515296940612
0.10683863227354529,0.7423515296940612
0.10695860827834433,0.7423515296940612
0.10701859628074385,0.7423515296940612
0.10701859628074385,0.7435512897420515
0.1071385722855429,0.7435512897420515
0.1071385722855429,0.7453509298140372
0.10719856028794242,0.7453509298140372
0.10719856028794242,0.7456508698260348
0.10755848830233954,0.7456508698260348
0.10755848830233954,0.74625074985003
0.10773845230953809,0.74625074985003
0.10773845230953809,0.7465506898620275
0.1080383923215357,0.7465506898620275
0.1080383923215357,0.7468506298740252
0.10809838032393522,0.7468506298740252
0.10809838032393522,0.7471505698860228
0.1083383323335333,0.7471505698860228
0.10845830833833234,0.7471505698860228
0.10845830833833234,0.7474505098980204
0.10881823635272946,0.7474505098980204
0.10881823635272946,0.747750449910018
0.1098380323935213,0.747750449910018
0.1098380323935213,0.7483503299340132
0.11025794841031794,0.7483503299340132
0.11025794841031794,0.7486502699460108
0.11031793641271746,0.7486502699460108
0.11031793641271746,0.7489502099580084
0.11037792441511697,0.7489502099580084
0.11037792441511697,0.749250149970006
0.11037792441511697,0.7498500299940012
0.11037792441511697,0.7501499700059988
0.1107378524295141,0.7501499700059988
0.1107378524295141,0.7504499100179964
0.11085782843431313,0.7504499100179964
0.11085782843431313,0.7510497900419916
0.11127774445110977,0.7510497900419916
0.11127774445110977,0.7513497300539892
0.11145770845830834,0.7513497300539892
0.11145770845830834,0.7516496700659868
0.11151769646070786,0.7516496700659868
0.11151769646070786,0.752249550089982
0.11157768446310738,0.752249550089982
0.11157768446310738,0.7528494301139772
0.11229754049190162,0.7528494301139772
0.11229754049190162,0.7534493101379725
0.11289742051589682,0.7534493101379725
0.11289742051589682,0.75374925014997
0.11343731253749251,0.75374925014997
0.11343731253749251,0.7540491901619676
0.11409718056388722,0.7540491901619676
0.11409718056388722,0.7543491301739652
0.11409718056388722,0.7549490101979605
0.11415716856628674,0.7549490101979605
0.11415716856628674,0.755248950209958
0.11445710857828434,0.755248950209958
0.11445710857828434,0.7558488302339532
0.1149370125974805,0.7558488302339532
0.1149370125974805,0.756748650269946
0.1149370125974805,0.7573485302939412
0.11499700059988002,0.7573485302939412
0.11499700059988002,0.7576484703059388
0.11499700059988002,0.7588482303539292
0.11499700059988002,0.7594481103779244
0.11499700059988002,0.759748050389922
0.11499700059988002,0.7609478104379124
0.11505698860227954,0.7609478104379124
0.11505698860227954,0.762747450509898
0.11511697660467907,0.762747450509898
0.11511697660467907,0.7633473305338933
0.11511697660467907,0.7654469106178764
0.11511697660467907,0.765746850629874
0.11547690461907618,0.765746850629874
0.11547690461907618,0.7660467906418716
0.11559688062387523,0.7660467906418716
0.11559688062387523,0.7669466106778644
0.11577684463107378,0.7669466106778644
0.11577684463107378,0.7678464307138573
0.11595680863827235,0.7678464307138573
0.11595680863827235,0.7681463707258548
0.11601679664067187,0.7681463707258548
0.11601679664067187,0.7684463107378524
0.11601679664067187,0.7690461907618477
0.11601679664067187,0.7693461307738453
0.11607678464307139,0.7693461307738453
0.11607678464307139,0.7705458908218357
0.11619676064787042,0.7705458908218357
0.11619676064787042,0.7714457108578284
0.11661667666466706,0.7714457108578284
0.11661667666466706,0.771745650869826
0.11697660467906419,0.771745650869826
0.11697660467906419,0.7720455908818237
0.11709658068386322,0.7720455908818237
0.11709658068386322,0.7723455308938212
0.11733653269346131,0.7723455308938212
0.11733653269346131,0.7726454709058188
0.11745650869826035,0.7726454709058188
0.11745650869826035,0.7729454109178164
0.1176364727054589,0.7729454109178164
0.1176364727054589,0.7732453509298141
0.11775644871025795,0.7732453509298141
0.11775644871025795,0.7735452909418117
0.11793641271745652,0.7735452909418117
0.11793641271745652,0.7738452309538092
0.11817636472705459,0.7738452309538092
0.11817636472705459,0.7744451109778044
0.11853629274145171,0.7744451109778044
0.11853629274145171,0.7753449310137972
0.11853629274145171,0.7780443911217756
0.11883623275344932,0.7780443911217756
0.11883623275344932,0.7783443311337732
0.11889622075584882,0.7783443311337732
0.11889622075584882,0.7786442711457708
0.11937612477504499,0.7786442711457708
0.11937612477504499,0.7798440311937612
0.11949610077984403,0.7798440311937612
0.11949610077984403,0.7801439712057588
0.1196760647870426,0.7801439712057588
0.1196760647870426,0.7804439112177565
0.11991601679664067,0.7804439112177565
0.11991601679664067,0.7807438512297541
0.11997600479904019,0.7807438512297541
0.11997600479904019,0.7810437912417516
0.12021595680863827,0.7810437912417516
0.12021595680863827,0.7813437312537492
0.12027594481103779,0.7813437312537492
0.12027594481103779,0.7816436712657469
0.12039592081583683,0.7816436712657469
0.12039592081583683,0.7825434913017396
0.12045590881823635,0.7825434913017396
0.12045590881823635,0.7831433713257349
0.1205758848230354,0.7831433713257349
0.1205758848230354,0.7837432513497301
0.1205758848230354,0.785242951409718
0.1205758848230354,0.7864427114577085
0.12069586082783443,0.7864427114577085
0.12069586082783443,0.7870425914817036
0.12069586082783443,0.7873425314937013
0.12099580083983204,0.7873425314937013
0.12099580083983204,0.7876424715056989
0.12111577684463107,0.7876424715056989
0.12111577684463107,0.7885422915416916
0.12117576484703059,0.7885422915416916
0.12117576484703059,0.7888422315536893
0.12123575284943011,0.7888422315536893
0.12123575284943011,0.7891421715656869
0.12135572885422916,0.7891421715656869
0.12135572885422916,0.7900419916016796
0.12153569286142771,0.7900419916016796
0.12153569286142771,0.7906418716256749
0.12183563287342532,0.7906418716256749
0.12183563287342532,0.7909418116376725
0.12195560887822436,0.7909418116376725
0.12195560887822436,0.79124175164967
0.12207558488302339,0.79124175164967
0.12207558488302339,0.7915416916616677
0.1226754649070186,0.7915416916616677
0.1226754649070186,0.7921415716856629
0.12291541691661667,0.7921415716856629
0.12291541691661667,0.792741451709658
0.12333533293341331,0.792741451709658
0.12333533293341331,0.7930413917216557
0.12345530893821235,0.7930413917216557
0.12345530893821235,0.7936412717456509
0.1235752849430114,0.7936412717456509
0.1235752849430114,0.794241151769646
0.12411517696460708,0.794241151769646
0.12411517696460708,0.7945410917816437
0.12459508098380324,0.7945410917816437
0.12459508098380324,0.7951409718056389
0.12489502099580084,0.7951409718056389
0.12489502099580084,0.7960407918416317
0.12489502099580084,0.7966406718656269
0.12513497300539891,0.7966406718656269
0.12513497300539891,0.7972405518896221
0.12519496100779845,0.7972405518896221
0.12519496100779845,0.7975404919016197
0.12525494901019796,0.7975404919016197
0.12525494901019796,0.7978404319136173
0.1253149370125975,0.7978404319136173
0.1253149370125975,0.7981403719256148
0.12555488902219555,0.7981403719256148
0.12555488902219555,0.7987402519496101
0.12615476904619077,0.7987402519496101
0.12615476904619077,0.7993401319736053
0.12621475704859028,0.7993401319736053
0.12621475704859028,0.7996400719856028
0.12633473305338933,0.7996400719856028
0.12633473305338933,0.7999400119976005
0.12645470905818837,0.7999400119976005
0.12645470905818837,0.8002399520095981
0.12675464907018597,0.8002399520095981
0.12675464907018597,0.8005398920215957
0.12675464907018597,0.8017396520695861
0.1271145770845831,0.8017396520695861
0.1271145770845831,0.8020395920815837
0.1272345530893821,0.8020395920815837
0.1272345530893821,0.8026394721055788
0.1272345530893821,0.8032393521295741
0.12729454109178165,0.8032393521295741
0.12729454109178165,0.8035392921415717
0.12735452909418116,0.8035392921415717
0.12735452909418116,0.8038392321535693
0.1274745050989802,0.8038392321535693
0.1274745050989802,0.8044391121775645
0.12759448110377924,0.8044391121775645
0.12759448110377924,0.8047390521895621
0.12783443311337733,0.8047390521895621
0.12795440911817638,0.8047390521895621
0.12795440911817638,0.8050389922015597
0.12801439712057588,0.8050389922015597
0.12801439712057588,0.8056388722255549
0.12813437312537493,0.8056388722255549
0.12813437312537493,0.8068386322735452
0.12825434913017397,0.8068386322735452
0.12825434913017397,0.8071385722855429
0.12855428914217157,0.8071385722855429
0.12855428914217157,0.8080383923215357
0.1286742651469706,0.8080383923215357
0.1286742651469706,0.8107378524295141
0.12885422915416916,0.8107378524295141
0.1289742051589682,0.8107378524295141
0.12915416916616676,0.8107378524295141
0.12915416916616676,0.8110377924415118
0.12939412117576485,0.8110377924415118
0.12939412117576485,0.8116376724655069
0.12963407318536294,0.8116376724655069
0.12963407318536294,0.8122375524895021
0.12969406118776244,0.8122375524895021
0.12969406118776244,0.8125374925014996
0.129874025194961,0.8125374925014996
0.129874025194961,0.8140371925614877
0.12999400119976004,0.8140371925614877
0.12999400119976004,0.8143371325734853
0.13011397720455908,0.8143371325734853
0.13011397720455908,0.8146370725854829
0.13011397720455908,0.8152369526094781
0.13017396520695862,0.8152369526094781
0.13017396520695862,0.8158368326334733
0.13029394121175764,0.8158368326334733
0.13029394121175764,0.8164367126574685
0.13047390521895622,0.8164367126574685
0.13047390521895622,0.8170365926814637
0.13047390521895622,0.8179364127174565
0.13053389322135572,0.8179364127174565
0.13053389322135572,0.8185362927414517
0.13053389322135572,0.8188362327534493
0.13071385722855428,0.8188362327534493
0.13071385722855428,0.8197360527894421
0.13083383323335332,0.8197360527894421
0.1310137972405519,0.8197360527894421
0.1310137972405519,0.8200359928014397
0.1310737852429514,0.8200359928014397
0.1310737852429514,0.8203359328134373
0.13125374925014996,0.8203359328134373
0.13125374925014996,0.8206358728254349
0.13257348530293941,0.8206358728254349
0.13257348530293941,0.8212357528494301
0.13299340131973605,0.8212357528494301
0.13299340131973605,0.8221355728854229
0.13305338932213556,0.8221355728854229
0.13305338932213556,0.8224355128974206
0.1331733653269346,0.8224355128974206
0.1331733653269346,0.8245350929814037
0.13323335332933414,0.8245350929814037
0.13323335332933414,0.825134973005399
0.13329334133173365,0.825134973005399
0.13329334133173365,0.8254349130173965
0.1337132573485303,0.8254349130173965
0.1337132573485303,0.8263347330533893
0.13377324535092983,0.8263347330533893
0.13377324535092983,0.8278344331133773
0.13389322135572884,0.8278344331133773
0.13389322135572884,0.8284343131373725
0.13407318536292742,0.8284343131373725
0.13407318536292742,0.8287342531493701
0.13419316136772647,0.8287342531493701
0.13431313737252548,0.8287342531493701
0.1346130773845231,0.8287342531493701
0.1346130773845231,0.8302339532093581
0.1346130773845231,0.8308338332333534
0.1346130773845231,0.831133773245351
0.13485302939412117,0.831133773245351
0.13485302939412117,0.8314337132573485
0.1349730053989202,0.8314337132573485
0.1349730053989202,0.8317336532693461
0.1352129574085183,0.8317336532693461
0.1352129574085183,0.8320335932813437
0.1352729454109178,0.8320335932813437
0.1352729454109178,0.8329334133173365
0.13533293341331734,0.8329334133173365
0.13533293341331734,0.8332333533293341
0.13557288542291543,0.8332333533293341
0.13557288542291543,0.8335332933413317
0.13569286142771445,0.8335332933413317
0.13569286142771445,0.8341331733653269
0.13569286142771445,0.8344331133773245
0.13611277744451108,0.8344331133773245
0.13611277744451108,0.8350329934013198
0.13611277744451108,0.8359328134373125
0.13611277744451108,0.8362327534493101
0.13623275344931013,0.8362327534493101
0.13623275344931013,0.8368326334733054
0.13635272945410917,0.8368326334733054
0.13635272945410917,0.8377324535092981
0.1364127174565087,0.8377324535092981
0.1364127174565087,0.8380323935212958
0.13647270545890822,0.8380323935212958
0.13647270545890822,0.8383323335332934
0.13659268146370726,0.8383323335332934
0.13659268146370726,0.8392321535692862
0.13659268146370726,0.8404319136172765
0.13665266946610677,0.8404319136172765
0.13665266946610677,0.8416316736652669
0.1367126574685063,0.8416316736652669
0.1367126574685063,0.8425314937012598
0.1369526094781044,0.8425314937012598
0.1369526094781044,0.8428314337132573
0.1369526094781044,0.8437312537492502
0.1370725854829034,0.8437312537492502
0.1370725854829034,0.8446310737852429
0.13749250149970005,0.8446310737852429
0.13749250149970005,0.8455308938212358
0.13755248950209958,0.8455308938212358
0.13755248950209958,0.8464307138572286
0.1376124775044991,0.8464307138572286
0.1376124775044991,0.8467306538692262
0.13767246550689863,0.8467306538692262
0.13767246550689863,0.8470305938812237
0.13773245350929814,0.8470305938812237
0.13773245350929814,0.8473305338932213
0.13779244151169767,0.8473305338932213
0.13779244151169767,0.847630473905219
0.13785242951409718,0.847630473905219
0.13785242951409718,0.8479304139172166
0.1379124175164967,0.8479304139172166
0.1379124175164967,0.8482303539292142
0.13809238152369527,0.8482303539292142
0.13809238152369527,0.849130173965207
0.13815236952609478,0.849130173965207
0.13815236952609478,0.8497300539892022
0.1382123575284943,0.8497300539892022
0.1382123575284943,0.850629874025195
0.13839232153569286,0.850629874025195
0.13839232153569286,0.8509298140371926
0.13839232153569286,0.8515296940611877
0.13869226154769046,0.8515296940611877
0.13869226154769046,0.8530293941211757
0.1388122375524895,0.8530293941211757
0.13893221355728855,0.8530293941211757
0.1390521895620876,0.8530293941211757
0.1390521895620876,0.8533293341331734
0.1390521895620876,0.8542291541691661
0.1390521895620876,0.8545290941811637
0.1391121775644871,0.8545290941811637
0.1391121775644871,0.8548290341931614
0.1394121175764847,0.8548290341931614
0.1394121175764847,0.8557288542291541
0.13947210557888423,0.8557288542291541
0.13947210557888423,0.8563287342531494
0.13953209358128374,0.8563287342531494
0.13953209358128374,0.856628674265147
0.1397120575884823,0.856628674265147
0.1397120575884823,0.8569286142771446
0.13983203359328134,0.8569286142771446
0.13983203359328134,0.8572285542891421
0.13989202159568087,0.8572285542891421
0.13989202159568087,0.8575284943011398
0.14001199760047991,0.8575284943011398
0.14001199760047991,0.8578284343131374
0.14037192561487702,0.8578284343131374
0.14037192561487702,0.8587282543491301
0.1406118776244751,0.8587282543491301
0.1406118776244751,0.8599280143971205
0.1411517696460708,0.8599280143971205
0.1411517696460708,0.8602279544091181
0.1415116976604679,0.8602279544091181
0.1415116976604679,0.8623275344931014
0.14157168566286743,0.8623275344931014
0.14157168566286743,0.862627474505099
0.14169166166766647,0.862627474505099
0.14169166166766647,0.8632273545290942
0.14187162567486503,0.8632273545290942
0.14187162567486503,0.8635272945410918
0.14211157768446311,0.8635272945410918
0.14211157768446311,0.8638272345530894
0.1424115176964607,0.8638272345530894
0.1424115176964607,0.864127174565087
0.14247150569886022,0.864127174565087
0.14247150569886022,0.8644271145770845
0.1426514697060588,0.8644271145770845
0.1426514697060588,0.8647270545890822
0.1426514697060588,0.865626874625075
0.1427114577084583,0.865626874625075
0.1427114577084583,0.8662267546490702
0.14277144571085784,0.8662267546490702
0.14277144571085784,0.8665266946610678
0.1429514097180564,0.8665266946610678
0.1429514097180564,0.8668266346730654
0.14343131373725254,0.8668266346730654
0.14355128974205159,0.8668266346730654
0.14361127774445112,0.8668266346730654
0.14373125374925014,0.8668266346730654
0.14373125374925014,0.8680263947210558
0.14379124175164967,0.8680263947210558
0.14379124175164967,0.8692261547690462
0.14415116976604678,0.8692261547690462
0.14415116976604678,0.8698260347930414
0.1445110977804439,0.8698260347930414
0.1445110977804439,0.870125974805039
0.14529094181163768,0.870125974805039
0.14529094181163768,0.8704259148170366
0.1453509298140372,0.8704259148170366
0.1453509298140372,0.8707258548290342
0.14547090581883623,0.8707258548290342
0.14547090581883623,0.8710257948410318
0.14583083383323336,0.8710257948410318
0.14583083383323336,0.871625674865027
0.14619076184763047,0.871625674865027
0.14619076184763047,0.8722255548890222
0.14619076184763047,0.873125374925015
0.14625074985003,0.873125374925015
0.14625074985003,0.8737252549490102
0.14625074985003,0.874625074985003
0.1466106778644271,0.874625074985003
0.1466106778644271,0.8749250149970006
0.1466106778644271,0.8758248350329934
0.1469106178764247,0.8758248350329934
0.1469106178764247,0.8770245950809838
0.14697060587882424,0.8770245950809838
0.14697060587882424,0.8773245350929814
0.14739052189562088,0.8773245350929814
0.14739052189562088,0.8782243551289742
0.14793041391721656,0.8782243551289742
0.1480503899220156,0.8782243551289742
0.1488902219556089,0.8782243551289742
0.14901019796040793,0.8782243551289742
0.14913017396520695,0.8782243551289742
0.149250149970006,0.8782243551289742
0.14937012597480503,0.8782243551289742
0.14937012597480503,0.8785242951409719
0.14949010197960408,0.8785242951409719
0.15002999400119976,0.8785242951409719
0.15002999400119976,0.879124175164967
0.15008998200359927,0.879124175164967
0.15008998200359927,0.8794241151769646
0.15020995800839831,0.8794241151769646
0.15020995800839831,0.8797240551889622
0.15032993401319736,0.8797240551889622
0.15032993401319736,0.8800239952009599
0.1506898620275945,0.8800239952009599
0.1506898620275945,0.880623875224955
0.15080983803239353,0.880623875224955
0.15080983803239353,0.8809238152369526
0.15128974205158968,0.8809238152369526
0.15128974205158968,0.8815236952609478
0.15152969406118777,0.8815236952609478
0.15152969406118777,0.8818236352729454
0.15176964607078583,0.8818236352729454
0.15176964607078583,0.8833233353329334
0.15176964607078583,0.883623275344931
0.15188962207558487,0.883623275344931
0.15188962207558487,0.8842231553689263
0.1523095380923815,0.8842231553689263
0.1523095380923815,0.8848230353929214
0.15242951409718056,0.8848230353929214
0.15242951409718056,0.885122975404919
0.15260947810437914,0.885122975404919
0.15260947810437914,0.8854229154169166
0.15272945410917815,0.8854229154169166
0.15272945410917815,0.8863227354529094
0.15290941811637673,0.8863227354529094
0.15290941811637673,0.886622675464907
0.15296940611877624,0.886622675464907
0.15296940611877624,0.8869226154769047
0.15332933413317337,0.8869226154769047
0.15332933413317337,0.8872225554889022
0.15356928614277143,0.8872225554889022
0.15356928614277143,0.8875224955008998
0.15398920215956807,0.8875224955008998
0.15398920215956807,0.888122375524895
0.15398920215956807,0.8893221355728854
0.15446910617876425,0.8893221355728854
0.1545890821835633,0.8893221355728854
0.1549490101979604,0.8893221355728854
0.1549490101979604,0.8917216556688662
0.15518896220755848,0.8917216556688662
0.15518896220755848,0.8923215356928614
0.15536892621475704,0.8923215356928614
0.15536892621475704,0.8929214157168567
0.15536892621475704,0.8932213557288542
0.15542891421715657,0.8932213557288542
0.15554889022195562,0.8932213557288542
0.15578884223155368,0.8932213557288542
0.15578884223155368,0.8938212357528494
0.1558488302339532,0.8938212357528494
0.1558488302339532,0.8941211757648471
0.1561487702459508,0.8941211757648471
0.1561487702459508,0.8944211157768446
0.15650869826034794,0.8944211157768446
0.156748650269946,0.8944211157768446
0.15716856628674264,0.8944211157768446
0.15716856628674264,0.8953209358128374
0.15752849430113977,0.8953209358128374
0.15752849430113977,0.8956208758248351
0.15782843431313737,0.8956208758248351
0.15782843431313737,0.8959208158368326
0.15800839832033595,0.8959208158368326
0.15812837432513496,0.8959208158368326
0.1587882423515297,0.8959208158368326
0.1587882423515297,0.8965206958608278
0.1596880623875225,0.8965206958608278
0.1596880623875225,0.8968206358728255
0.1596880623875225,0.8980203959208158
0.15974805038992201,0.8980203959208158
0.15974805038992201,0.8986202759448111
0.15986802639472106,0.8986202759448111
0.15986802639472106,0.8989202159568086
0.15992801439712057,0.8989202159568086
0.15992801439712057,0.8998200359928015
0.15992801439712057,0.9001199760047991
0.15992801439712057,0.9010197960407919
0.1603479304139172,0.9010197960407919
0.1603479304139172,0.901619676064787
0.1603479304139172,0.9022195560887822
0.1603479304139172,0.9028194361127775
0.16064787042591483,0.9028194361127775
0.16064787042591483,0.903119376124775
0.16082783443311338,0.903119376124775
0.16082783443311338,0.9037192561487702
0.1614877024595081,0.9037192561487702
0.16160767846430713,0.9037192561487702
0.1617876424715057,0.9037192561487702
0.1617876424715057,0.9040191961607679
0.1620275944811038,0.9040191961607679
0.1620275944811038,0.9052189562087583
0.1620275944811038,0.9055188962207559
0.16262747450509898,0.9055188962207559
0.16262747450509898,0.9058188362327535
0.1626874625074985,0.9058188362327535
0.1626874625074985,0.906118776244751
0.16274745050989803,0.906118776244751
0.16274745050989803,0.9067186562687463
0.16286742651469707,0.9067186562687463
0.16286742651469707,0.907618476304739
0.16310737852429513,0.907618476304739
0.16310737852429513,0.909118176364727
0.16316736652669467,0.909118176364727
0.16316736652669467,0.9097180563887223
0.16334733053389322,0.9097180563887223
0.16334733053389322,0.9100179964007199
0.1638272345530894,0.9100179964007199
0.1638272345530894,0.9103179364127174
0.1639472105578884,0.9103179364127174
0.1639472105578884,0.9112177564487103
0.1641871625674865,0.9112177564487103
0.1641871625674865,0.9115176964607079
0.1644271145770846,0.9115176964607079
0.16454709058188363,0.9115176964607079
0.16466706658668268,0.9115176964607079
0.16466706658668268,0.912117576484703
0.16466706658668268,0.9142171565686863
0.16484703059388123,0.9142171565686863
0.16484703059388123,0.9148170365926814
0.16508698260347932,0.9148170365926814
0.16508698260347932,0.915116976604679
0.16526694661067787,0.915116976604679
0.16526694661067787,0.9154169166166767
0.16526694661067787,0.9160167966406718
0.16556688662267546,0.9160167966406718
0.16556688662267546,0.9163167366526694
0.1659868026394721,0.9163167366526694
0.1659868026394721,0.9169166166766647
0.1659868026394721,0.9172165566886623
0.16604679064187164,0.9172165566886623
0.16616676664667065,0.9172165566886623
0.16616676664667065,0.9175164967006598
0.16706658668266347,0.9175164967006598
0.16706658668266347,0.9178164367126574
0.16790641871625675,0.9178164367126574
0.16790641871625675,0.9181163767246551
0.16790641871625675,0.9193161367726455
0.16844631073785243,0.9193161367726455
0.16844631073785243,0.9196160767846431
0.16904619076184763,0.9196160767846431
0.16904619076184763,0.9208158368326335
0.16910617876424716,0.9208158368326335
0.16910617876424716,0.9211157768446311
0.1698860227954409,0.9211157768446311
0.1698860227954409,0.9217156568686262
0.17006598680263948,0.9217156568686262
0.17006598680263948,0.9220155968806238
0.1704259148170366,0.9220155968806238
0.1704259148170366,0.9223155368926215
0.1704259148170366,0.9232153569286142
0.1704259148170366,0.9247150569886022
0.17066586682663468,0.9247150569886022
0.17066586682663468,0.9262147570485902
0.17066586682663468,0.9265146970605879
0.17096580683863227,0.9265146970605879
0.17096580683863227,0.9274145170965807
0.17108578284343132,0.9274145170965807
0.17108578284343132,0.9286142771445711
0.17150569886022796,0.9286142771445711
0.17150569886022796,0.9289142171565686
0.17228554289142173,0.9289142171565686
0.17240551889622074,0.9289142171565686
0.17246550689862028,0.9289142171565686
0.17246550689862028,0.9307138572285543
0.17258548290341932,0.9307138572285543
0.17258548290341932,0.9310137972405519
0.17270545890821837,0.9310137972405519
0.17270545890821837,0.9325134973005399
0.17276544691061788,0.9325134973005399
0.17276544691061788,0.9334133173365327
0.17276544691061788,0.9346130773845231
0.17306538692261547,0.9346130773845231
0.17306538692261547,0.9352129574085183
0.17318536292741452,0.9352129574085183
0.17318536292741452,0.9355128974205159
0.17324535092981402,0.9355128974205159
0.17324535092981402,0.9358128374325135
0.1734853029394121,0.9358128374325135
0.1734853029394121,0.936112777444511
0.1737852429514097,0.936112777444511
0.1737852429514097,0.9367126574685063
0.17390521895620875,0.9367126574685063
0.17390521895620875,0.9370125974805039
0.17420515896820635,0.9370125974805039
0.17420515896820635,0.9373125374925015
0.1743251349730054,0.9373125374925015
0.1743251349730054,0.937612477504499
0.17438512297540493,0.937612477504499
0.17438512297540493,0.9382123575284943
0.17450509898020397,0.9382123575284943
0.17450509898020397,0.9388122375524895
0.17480503899220157,0.9388122375524895
0.17480503899220157,0.9397120575884823
0.17480503899220157,0.9400119976004799
0.1752249550089982,0.9400119976004799
0.17534493101379725,0.9400119976004799
0.17534493101379725,0.9403119376124776
0.17540491901619676,0.9403119376124776
0.17540491901619676,0.9406118776244751
0.1755848830233953,0.9406118776244751
0.1755848830233953,0.9409118176364727
0.1758248350329934,0.9409118176364727
0.1758248350329934,0.9424115176964607
0.1758248350329934,0.9427114577084583
0.17618476304739053,0.9427114577084583
0.17618476304739053,0.9433113377324535
0.17630473905218957,0.9433113377324535
0.17630473905218957,0.9439112177564487
0.17672465506898621,0.9439112177564487
0.17672465506898621,0.9442111577684463
0.17678464307138572,0.9442111577684463
0.17678464307138572,0.9448110377924415
0.1770245950809838,0.9448110377924415
0.1770245950809838,0.9454109178164367
0.17744451109778045,0.9454109178164367
0.17744451109778045,0.9457108578284343
0.17750449910017996,0.9457108578284343
0.17750449910017996,0.946010797840432
0.1775644871025795,0.946010797840432
0.1775644871025795,0.9463107378524295
0.17816436712657469,0.9463107378524295
0.17816436712657469,0.94751049790042
0.17828434313137373,0.94751049790042
0.17828434313137373,0.9478104379124175
0.17834433113377324,0.9478104379124175
0.17834433113377324,0.9481103779244151
0.17846430713857228,0.9481103779244151
0.17846430713857228,0.9496100779844031
0.179124175164967,0.9496100779844031
0.179124175164967,0.9499100179964007
0.17918416316736652,0.9499100179964007
0.17918416316736652,0.9502099580083984
0.17960407918416316,0.9502099580083984
0.17960407918416316,0.9511097780443911
0.1797240551889622,0.9511097780443911
0.1797240551889622,0.9523095380923815
0.18068386322735452,0.9523095380923815
0.18068386322735452,0.9535092981403719
0.18074385122975406,0.9535092981403719
0.18074385122975406,0.9541091781643671
0.18074385122975406,0.9556088782243551
0.1815236952609478,0.9556088782243551
0.1815236952609478,0.9559088182363528
0.1818236352729454,0.9559088182363528
0.1818236352729454,0.9562087582483503
0.18188362327534494,0.9562087582483503
0.18188362327534494,0.9565086982603479
0.18194361127774444,0.9565086982603479
0.18194361127774444,0.9568086382723455
0.18212357528494302,0.9568086382723455
0.18212357528494302,0.9574085182963408
0.18224355128974204,0.9574085182963408
0.18248350329934013,0.9574085182963408
0.18248350329934013,0.9580083983203359
0.18284343131373726,0.9580083983203359
0.18284343131373726,0.9592081583683263
0.18320335932813436,0.9592081583683263
0.18320335932813436,0.9595080983803239
0.1833233353329334,0.9595080983803239
0.18344331133773245,0.9595080983803239
0.18392321535692863,0.9595080983803239
0.18392321535692863,0.9598080383923215
0.18392321535692863,0.9607078584283143
0.1841631673665267,0.9607078584283143
0.1841631673665267,0.9610077984403119
0.1841631673665267,0.9616076784643072
0.18464307138572286,0.9616076784643072
0.18464307138572286,0.9619076184763048
0.18488302339532092,0.9619076184763048
0.18488302339532092,0.9625074985002999
0.18500299940011997,0.9625074985002999
0.18560287942411519,0.9625074985002999
0.18560287942411519,0.9628074385122976
0.18602279544091183,0.9628074385122976
0.18614277144571087,0.9628074385122976
0.18674265146970606,0.9628074385122976
0.18674265146970606,0.9643071385722856
0.18788242351529694,0.9643071385722856
0.18788242351529694,0.9646070785842832
0.1880623875224955,0.9646070785842832
0.1880623875224955,0.9649070185962807
0.18818236352729453,0.9649070185962807
0.1883623275344931,0.9649070185962807
0.1883623275344931,0.9655068986202759
0.18884223155368926,0.9655068986202759
0.18884223155368926,0.9658068386322736
0.18932213557288544,0.9658068386322736
0.18944211157768445,0.9658068386322736
0.19028194361127773,0.9658068386322736
0.19028194361127773,0.9661067786442712
0.19196160767846432,0.9661067786442712
0.19196160767846432,0.967006598680264
0.19196160767846432,0.9673065386922616
0.19202159568086383,0.9673065386922616
0.19202159568086383,0.9676064787042592
0.19208158368326333,0.9676064787042592
0.19208158368326333,0.9682063587282543
0.19214157168566287,0.9682063587282543
0.19214157168566287,0.968506298740252
0.19244151169766047,0.968506298740252
0.1925614877024595,0.968506298740252
0.19298140371925615,0.968506298740252
0.19298140371925615,0.9688062387522496
0.19352129574085183,0.9688062387522496
0.19352129574085183,0.9691061787642472
0.19388122375524894,0.9691061787642472
0.19388122375524894,0.9706058788242351
0.19406118776244752,0.9706058788242351
0.19406118776244752,0.9712057588482303
0.19412117576484703,0.9712057588482303
0.19412117576484703,0.9724055188962207
0.19412117576484703,0.973005398920216
0.19448110377924416,0.973005398920216
0.19448110377924416,0.9742051589682064
0.1946010797840432,0.9742051589682064
0.19472105578884222,0.9742051589682064
0.19472105578884222,0.974505098980204
0.19592081583683263,0.974505098980204
0.19592081583683263,0.9748050389922016
0.19766046790641872,0.9748050389922016
0.19778044391121777,0.9748050389922016
0.19994001199760048,0.9748050389922016
0.19994001199760048,0.9754049190161967
0.20035992801439712,0.9754049190161967
0.20035992801439712,0.9763047390521895
0.2006598680263947,0.9763047390521895
0.20077984403119375,0.9763047390521895
0.2008998200359928,0.9763047390521895
0.2008998200359928,0.9769046190761848
0.2008998200359928,0.9772045590881824
0.20173965206958608,0.9772045590881824
0.20173965206958608,0.97750449910018
0.20353929214157168,0.97750449910018
0.20353929214157168,0.9778044391121775
0.2038992201559688,0.9778044391121775
0.2038992201559688,0.9784043191361728
0.20407918416316737,0.9784043191361728
0.20407918416316737,0.9787042591481704
0.20461907618476305,0.9787042591481704
0.20461907618476305,0.979004199160168
0.20515896820635873,0.979004199160168
0.20515896820635873,0.9793041391721655
0.20521895620875824,0.9793041391721655
0.20521895620875824,0.9796040791841631
0.20533893221355728,0.9796040791841631
0.20533893221355728,0.9799040191961608
0.20617876424715056,0.9799040191961608
0.20617876424715056,0.980503899220156
0.20617876424715056,0.9814037192561488
0.20731853629274144,0.9814037192561488
0.20743851229754048,0.9814037192561488
0.20875824835032994,0.9814037192561488
0.20887822435512898,0.9814037192561488
0.20965806838632273,0.9814037192561488
0.20965806838632273,0.982003599280144
0.20977804439112177,0.982003599280144
0.20977804439112177,0.9823035392921415
0.2104379124175165,0.9823035392921415
0.2104379124175165,0.9838032393521295
0.21091781643671265,0.9838032393521295
0.2110377924415117,0.9838032393521295
0.21127774445110978,0.9838032393521295
0.21139772045590882,0.9838032393521295
0.21307738452309538,0.9838032393521295
0.21319736052789443,0.9838032393521295
0.21331733653269347,0.9838032393521295
0.2134373125374925,0.9838032393521295
0.2145770845830834,0.9838032393521295
0.2145770845830834,0.9841031793641272
0.21571685662867426,0.9841031793641272
0.2158368326334733,0.9841031793641272
0.21865626874625074,0.9841031793641272
0.21865626874625074,0.9844031193761248
0.21871625674865028,0.9844031193761248
0.21871625674865028,0.9859028194361128
0.21895620875824834,0.9859028194361128
0.21907618476304738,0.9859028194361128
0.21961607678464307,0.9859028194361128
0.21961607678464307,0.9862027594481104
0.21985602879424115,0.9862027594481104
0.2199760047990402,0.9862027594481104
0.22093581283743252,0.9862027594481104
0.22093581283743252,0.9868026394721056
0.22105578884223157,0.9868026394721056
0.22123575284943012,0.9868026394721056
0.22135572885422916,0.9868026394721056
0.2217756448710258,0.9868026394721056
0.22189562087582484,0.9868026394721056
0.22291541691661668,0.9868026394721056
0.22303539292141572,0.9868026394721056
0.22441511697660468,0.9868026394721056
0.22441511697660468,0.9871025794841032
0.22579484103179365,0.9871025794841032
0.22579484103179365,0.9880023995200959
0.22645470905818837,0.9880023995200959
0.2265746850629874,0.9880023995200959
0.2280743851229754,0.9880023995200959
0.2280743851229754,0.9883023395320936
0.22813437312537493,0.9883023395320936
0.22813437312537493,0.9886022795440912
0.22819436112777444,0.9886022795440912
0.22819436112777444,0.9898020395920816
0.22873425314937013,0.9898020395920816
0.22873425314937013,0.9901019796040792
0.22975404919016196,0.9901019796040792
0.22975404919016196,0.9904019196160768
0.23227354529094182,0.9904019196160768
0.23227354529094182,0.9907018596280743
0.2340131973605279,0.9907018596280743
0.2340131973605279,0.991001799640072
0.23437312537492502,0.991001799640072
0.23437312537492502,0.9916016796640672
0.23479304139172166,0.9916016796640672
0.23479304139172166,0.9919016196760648
0.2349130173965207,0.9919016196760648
0.23923215356928615,0.9919016196760648
0.2393521295740852,0.9919016196760648
0.24097180563887222,0.9919016196760648
0.24109178164367126,0.9919016196760648
0.243251349730054,0.9919016196760648
0.243251349730054,0.9922015596880623
0.2435512897420516,0.9922015596880623
0.2435512897420516,0.99250149970006
0.24445110977804438,0.99250149970006
0.24445110977804438,0.9928014397120576
0.24589082183563288,0.9928014397120576
0.24601079784043192,0.9928014397120576
0.2505098980203959,0.9928014397120576
0.250629874025195,0.9928014397120576
0.250749850029994,0.9928014397120576
0.250749850029994,0.9931013797240552
0.25092981403719256,0.9931013797240552
0.25092981403719256,0.9937012597480503
0.2513497300539892,0.9937012597480503
0.2513497300539892,0.994001199760048
0.25176964607078584,0.994001199760048
0.25176964607078584,0.9943011397720456
0.25242951409718056,0.9943011397720456
0.2525494901019796,0.9943011397720456
0.2574085182963407,0.9943011397720456
0.2575284943011398,0.9943011397720456
0.2605278944211158,0.9943011397720456
0.2606478704259148,0.9943011397720456
0.26130773845230953,0.9943011397720456
0.26142771445710855,0.9943011397720456
0.26244751049790044,0.9943011397720456
0.26244751049790044,0.9946010797840432
0.26292741451709656,0.9946010797840432
0.26304739052189563,0.9946010797840432
0.26346730653869227,0.9946010797840432
0.26346730653869227,0.9949010197960408
0.26670665866826637,0.9949010197960408
0.2668266346730654,0.9949010197960408
0.267126574685063,0.9949010197960408
0.26724655068986203,0.9949010197960408
0.2680863827234553,0.9949010197960408
0.2680863827234553,0.9952009598080384
0.2695860827834433,0.9952009598080384
0.26970605878824233,0.9952009598080384
0.273125374925015,0.9952009598080384
0.27324535092981406,0.9952009598080384
0.2754649070185963,0.9952009598080384
0.27558488302339534,0.9952009598080384
0.2769646070785843,0.9952009598080384
0.2770845830833833,0.9952009598080384
0.277744451109778,0.9952009598080384
0.277744451109778,0.9958008398320336
0.2798440311937612,0.9958008398320336
0.2799640071985603,0.9958008398320336
0.2811037792441512,0.9958008398320336
0.28128374325134975,0.9958008398320336
0.28188362327534494,0.9958008398320336
0.28200359928014396,0.9958008398320336
0.2820635872825435,0.9958008398320336
0.2820635872825435,0.9961007798440312
0.2845230953809238,0.9961007798440312
0.2845230953809238,0.9967006598680264
0.2851829634073185,0.9967006598680264
0.2853029394121176,0.9967006598680264
0.2861427714457109,0.9967006598680264
0.2861427714457109,0.997000599880024
0.2916016796640672,0.997000599880024
0.2917216556688662,0.997000599880024
0.2946010797840432,0.997000599880024
0.2947210557888422,0.997000599880024
0.29652069586082785,0.997000599880024
0.29652069586082785,0.9982003599280144
0.30155968806238753,0.9982003599280144
0.30167966406718655,0.9982003599280144
0.3038992201559688,0.9982003599280144
0.30401919616076784,0.9982003599280144
0.3049790041991602,0.9982003599280144
0.3050989802039592,0.9982003599280144
0.305998800239952,0.9982003599280144
0.30611877624475103,0.9982003599280144
0.3065386922615477,0.9982003599280144
0.30665866826634675,0.9982003599280144
0.30851829634073186,0.9982003599280144
0.30851829634073186,0.998500299940012
0.31211757648470306,0.998500299940012
0.3122375524895021,0.998500299940012
0.31715656868626274,0.998500299940012
0.31715656868626274,0.9988002399520096
0.3211757648470306,0.9988002399520096
0.32129574085182966,0.9988002399520096
0.3233353329334133,0.9988002399520096
0.32345530893821234,0.9988002399520096
0.3247750449910018,0.9988002399520096
0.32489502099580087,0.9988002399520096
0.3256148770245951,0.9988002399520096
0.32573485302939414,0.9988002399520096
0.3272345530893821,0.9988002399520096
0.32735452909418117,0.9988002399520096
0.328374325134973,0.9988002399520096
0.32849430113977207,0.9988002399520096
0.3309538092381524,0.9988002399520096
0.3309538092381524,0.9994001199760048
0.33215356928614276,0.9994001199760048
0.33227354529094183,0.9994001199760048
0.33353329334133175,0.9994001199760048
0.33365326934613077,0.9994001199760048
0.3404919016196761,0.9994001199760048
0.3406118776244751,0.9994001199760048
0.34217156568686263,0.9994001199760048
0.34229154169166165,0.9994001199760048
0.34529094181163766,0.9994001199760048
0.34541091781643674,0.9994001199760048
0.3479304139172166,0.9994001199760048
0.3479304139172166,0.9997000599880024
0.3491901619676065,0.9997000599880024
0.3493101379724055,0.9997000599880024
0.3524895020995801,0.9997000599880024
0.35260947810437915,0.9997000599880024
0.3540491901619676,0.9997000599880024
0.35416916616676664,0.9997000599880024
0.3575884823035393,0.9997000599880024
0.3577084583083383,0.9997000599880024
0.3618476304739052,0.9997000599880024
0.36196760647870424,0.9997000599880024
0.36868626274745053,0.9997000599880024
0.36880623875224955,0.9997000599880024
0.3698260347930414,0.9997000599880024
0.36994601079784045,0.9997000599880024
0.370245950809838,0.9997000599880024
0.3703659268146371,0.9997000599880024
0.3710857828434313,0.9997000599880024
0.37120575884823037,0.9997000599880024
0.37126574685062985,0.9997000599880024
0.3713857228554289,0.9997000599880024
0.37150569886022794,0.9997000599880024
0.371625674865027,0.9997000599880024
0.37426514697060587,0.9997000599880024
0.37438512297540494,0.9997000599880024
0.37498500299940013,0.9997000599880024
0.37510497900419915,0.9997000599880024
0.37810437912417516,0.9997000599880024
0.37822435512897423,0.9997000599880024
0.3842231553689262,0.9997000599880024
0.3843431313737253,0.9997000599880024
0.3854229154169166,0.9997000599880024
0.38554289142171566,0.9997000599880024
0.38704259148170367,0.9997000599880024
0.3871625674865027,0.9997000599880024
0.3886622675464907,0.9997000599880024
0.38878224355128976,0.9997000599880024
0.4020995800839832,0.9997000599880024
0.40221955608878224,0.9997000599880024
0.4068986202759448,0.9997000599880024
0.4070185962807438,0.9997000599880024
0.4143371325734853,0.9997000599880024
0.41445710857828433,0.9997000599880024
0.41631673665266944,0.9997000599880024
0.4164367126574685,0.9997000599880024
0.41871625674865026,0.9997000599880024
0.41871625674865026,1.0
0.4221355728854229,1.0
0.42225554889022193,1.0
0.42351529694061185,1.0
0.4236352729454109,1.0
0.42555488902219557,1.0
0.4256748650269946,1.0
0.42759448110377923,1.0
0.4277144571085783,1.0
0.4289142171565687,1.0
0.4290341931613677,1.0
0.4355128974205159,1.0
0.4356328734253149,1.0
0.43653269346130774,1.0
0.43665266946610676,1.0
0.43767246550689864,1.0
0.43779244151169766,1.0
0.43953209358128376,1.0
0.43965206958608277,1.0
0.4407918416316737,1.0
0.4409118176364727,1.0
0.4411517696460708,1.0
0.44127174565086985,1.0
0.44625074985003,1.0
0.446370725854829,1.0
0.4470905818836233,1.0
0.44733053389322136,1.0
0.4496100779844031,1.0
0.4497300539892022,1.0
0.45842831433713255,1.0
0.4585482903419316,1.0
0.4596880623875225,1.0
0.45980803839232154,1.0
0.4603479304139172,1.0
0.46046790641871627,1.0
0.46082783443311337,1.0
0.46094781043791244,1.0
0.4632273545290942,1.0
0.4633473305338932,1.0
0.46400719856028794,1.0
0.464127174565087,1.0
0.4660467906418716,1.0
0.46616676664667067,1.0
0.47120575884823035,1.0
0.4713257348530294,1.0
0.4748650269946011,1.0
0.4749850029994001,1.0
0.4758248350329934,1.0
0.47594481103779246,1.0
0.4789442111577685,1.0
0.4790641871625675,1.0
0.48086382723455307,1.0
0.48098380323935214,1.0
0.48620275944811037,1.0
0.48632273545290944,1.0
0.49844031193761246,1.0
0.49856028794241153,1.0
0.4993401319736053,1.0
0.49946010797840434,1.0
0.5006598680263947,1.0
0.5007798440311938,1.0
0.5082783443311337,1.0
0.5083983203359328,1.0
0.5086382723455309,1.0
0.5087582483503299,1.0
0.5121775644871026,1.0
0.5122975404919016,1.0
0.5128374325134973,1.0
0.5129574085182963,1.0
0.519256148770246,1.0
0.519376124775045,1.0
0.5202759448110378,1.0
0.5203959208158369,1.0
0.5226754649070185,1.0
0.5227954409118176,1.0
0.5244151169766047,1.0
0.5245350929814038,1.0
0.5293341331733653,1.0
0.5294541091781644,1.0
0.5382723455308939,1.0
0.5383923215356928,1.0
0.5405518896220756,1.0
0.5406718656268746,1.0
0.5460707858428314,1.0
0.5461907618476305,1.0
0.546370725854829,1.0
0.5484103179364127,1.0
0.5485902819436113,1.0
0.5536892621475705,1.0
0.5538092381523695,1.0
0.5551289742051589,1.0
0.555248950209958,1.0
0.5635872825434913,1.0
0.5637072585482903,1.0
0.564127174565087,1.0
0.5642471505698861,1.0
0.5647270545890822,1.0
0.5648470305938812,1.0
0.5649070185962808,1.0
0.5650269946010797,1.0
0.5652069586082783,1.0
0.5653269346130774,1.0
0.5722855428914218,1.0
0.5724055188962207,1.0
0.5743251349730054,1.0
0.5744451109778045,1.0
0.5751049790041992,1.0
0.5752249550089982,1.0
0.577744451109778,1.0
0.5778644271145771,1.0
0.583623275344931,1.0
0.58374325134973,1.0
0.5845830833833233,1.0
0.5847030593881224,1.0
0.5848230353929215,1.0
0.5849430113977204,1.0
0.5886622675464906,1.0
0.5887822435512897,1.0
0.6016196760647871,1.0
0.6017396520695861,1.0
0.6085782843431313,1.0
0.6086982603479304,1.0
0.6108578284343131,1.0
0.6109778044391122,1.0
0.6152369526094781,1.0
0.6153569286142772,1.0
0.6160767846430714,1.0
0.6161967606478704,1.0
0.6185962807438512,1.0
0.6187162567486503,1.0
0.6191361727654469,1.0
0.6192561487702459,1.0
0.6200959808038392,1.0
0.6202159568086383,1.0
0.6217156568686263,1.0
0.6218356328734254,1.0
0.6232753449310138,1.0
0.6233953209358128,1.0
0.6270545890821836,1.0
0.6271745650869825,1.0
0.6338332333533293,1.0
0.6340731853629274,1.0
0.6350329934013197,1.0
0.6351529694061188,1.0
0.635872825434913,1.0
0.635992801439712,1.0
0.6361127774445111,1.0
0.6362327534493102,1.0
0.6362927414517097,1.0
0.6364127174565087,1.0
0.6409118176364728,1.0
0.6410317936412717,1.0
0.6460707858428314,1.0
0.6461907618476305,1.0
0.6510497900419916,1.0
0.6511697660467907,1.0
0.6524895020995801,1.0
0.6526094781043791,1.0
0.6536292741451709,1.0
0.65374925014997,1.0
0.6545290941811638,1.0
0.6546490701859629,1.0
0.6561487702459509,1.0
0.6562687462507498,1.0
0.6625674865026995,1.0
0.6626874625074985,1.0
0.6652669466106779,1.0
0.6653869226154769,1.0
0.6662267546490702,1.0
0.6664667066586683,1.0
0.6724055188962208,1.0
0.6725254949010198,1.0
0.6729454109178165,1.0
0.6730653869226155,1.0
0.6737252549490101,1.0
0.6738452309538092,1.0
0.6821835632873425,1.0
0.6823035392921416,1.0
0.6835632873425315,1.0
0.6836832633473305,1.0
0.6881823635272946,1.0
0.6883023395320936,1.0
0.6894421115776844,1.0
0.6895620875824835,1.0
0.689622075584883,1.0
0.689742051589682,1.0
0.6917816436712657,1.0
0.6919016196760648,1.0
0.6922015596880624,1.0
0.6923215356928615,1.0
0.6935212957408519,1.0
0.6936412717456508,1.0
0.6947810437912417,1.0
0.6949010197960408,1.0
0.6972405518896221,1.0
0.6973605278944212,1.0
0.6979004199160168,1.0
0.6980203959208159,1.0
0.698500299940012,1.0
0.6987402519496101,1.0
0.7043191361727654,1.0
0.7044391121775645,1.0
0.704619076184763,1.0
0.7047390521895621,1.0
0.7049790041991602,1.0
0.7050989802039592,1.0
0.7052189562087583,1.0
0.7053389322135573,1.0
0.7065986802639472,1.0
0.7067186562687463,1.0
0.7092381523695261,1.0
0.7093581283743251,1.0
0.7128374325134973,1.0
0.7129574085182964,1.0
0.7187162567486503,1.0
0.7188362327534493,1.0
0.7214157168566286,1.0
0.7215356928614277,1.0
0.7247150569886023,1.0
0.7248350329934014,1.0
0.7284943011397721,1.0
0.728614277144571,1.0
0.7298140371925614,1.0
0.7299340131973605,1.0
0.7302939412117576,1.0
0.7304139172165567,1.0
0.7345530893821236,1.0
0.7346730653869226,1.0
0.7362927414517096,1.0
0.7364127174565087,1.0
0.73875224955009,1.0
0.7388722255548891,1.0
0.7436112777444511,1.0
0.7437312537492502,1.0
0.744631073785243,1.0
0.744751049790042,1.0
0.746370725854829,1.0
0.7464907018596281,1.0
0.7475104979004199,1.0
0.747630473905219,1.0
0.7563887222555489,1.0
0.756508698260348,1.0
0.7650269946010798,1.0
0.7651469706058788,1.0
0.7654469106178764,1.0
0.7655668866226755,1.0
0.7742651469706059,1.0
0.774385122975405,1.0
0.7747450509898021,1.0
0.774865026994601,1.0
0.7783443311337732,1.0
0.7784643071385723,1.0
0.7794841031793641,1.0
0.7796040791841632,1.0
0.7831433713257349,1.0
0.7832633473305339,1.0
0.7859028194361127,1.0
0.7860227954409118,1.0
0.7904019196160768,1.0
0.7905218956208758,1.0
0.7911817636472706,1.0
0.7913017396520696,1.0
0.7916016796640671,1.0
0.7917216556688662,1.0
0.7938812237552489,1.0
0.794001199760048,1.0
0.7994601079784043,1.0
0.7995800839832033,1.0
0.8026994601079784,1.0
0.8028194361127774,1.0
0.8043191361727654,1.0
0.8044391121775645,1.0
0.8110977804439112,1.0
0.8112177564487103,1.0
0.8131373725254949,1.0
0.813257348530294,1.0
0.8167366526694662,1.0
0.8168566286742651,1.0
0.8195560887822435,1.0
0.8196760647870426,1.0
0.8205158968206359,1.0
0.8206358728254349,1.0
0.8277144571085783,1.0
0.8278344331133773,1.0
0.8299340131973605,1.0
0.8300539892021596,1.0
0.8323935212957408,1.0
0.8325134973005399,1.0
0.8333533293341332,1.0
0.8334733053389323,1.0
0.8335932813437312,1.0
0.8337132573485303,1.0
0.8398920215956809,1.0
0.84001199760048,1.0
0.84625074985003,1.0
0.8463707258548291,1.0
0.8473905218956209,1.0
0.8475104979004199,1.0
0.8496100779844031,1.0
0.8497300539892022,1.0
0.8521895620875825,1.0
0.8523095380923815,1.0
0.8538092381523695,1.0
0.8539292141571686,1.0
0.8548890221955608,1.0
0.8550089982003599,1.0
0.8561487702459508,1.0
0.8562687462507499,1.0
0.8632873425314938,1.0
0.8634073185362927,1.0
0.8656868626274745,1.0
0.8658068386322736,1.0
0.8661667666466707,1.0
0.8662867426514697,1.0
0.8686262747450509,1.0
0.86874625074985,1.0
0.8696460707858429,1.0
0.8697660467906418,1.0
0.8703659268146371,1.0
0.8704859028194362,1.0
0.8734853029394121,1.0
0.8736052789442111,1.0
0.8804439112177564,1.0
0.8805638872225555,1.0
0.8830833833233354,1.0
0.8832033593281343,1.0
0.8840431913617277,1.0
0.8841631673665267,1.0
0.8859028194361128,1.0
0.8861427714457109,1.0
0.8916616676664667,1.0
0.8917816436712658,1.0
0.8932213557288542,1.0
0.8933413317336533,1.0
0.8971205758848231,1.0
0.897240551889622,1.0
0.8991601679664067,1.0
0.8992801439712058,1.0
0.9081583683263348,1.0
0.9082783443311337,1.0
0.9130773845230954,1.0
0.9131973605278945,1.0
0.9139772045590882,1.0
0.9140971805638872,1.0
0.9229154169166167,1.0
0.9230353929214157,1.0
0.9230953809238153,1.0
0.9233353329334133,1.0
0.9262147570485902,1.0
0.9263347330533893,1.0
0.9264547090581884,1.0
0.9266946610677864,1.0
0.9296940611877624,1.0
0.9298140371925615,1.0
0.9301739652069586,1.0
0.9302939412117577,1.0
0.9350329934013197,1.0
0.9351529694061188,1.0
0.9352129574085183,1.0
0.9353329334133174,1.0
0.9353929214157168,1.0
0.9355128974205159,1.0
0.935632873425315,1.0
0.9357528494301139,1.0
0.9359928014397121,1.0
0.936112777444511,1.0
0.9365926814637072,1.0
0.9367126574685063,1.0
0.937372525494901,1.0
0.937612477504499,1.0
0.9379124175164967,1.0
0.9380323935212957,1.0
0.9384523095380923,1.0
0.9385722855428914,1.0
0.9392321535692861,1.0
0.9393521295740852,1.0
0.9395920815836832,1.0
0.9397120575884823,1.0
0.9398920215956809,1.0
0.9400119976004799,1.0
0.9400719856028794,1.0
0.9401919616076785,1.0
0.9403119376124776,1.0
0.9404319136172765,1.0
0.9406118776244751,1.0
0.9407318536292741,1.0
0.9409118176364727,1.0
0.9410317936412718,1.0
0.9412717456508698,1.0
0.9413917216556689,1.0
0.9416916616676665,1.0
0.9420515896820636,1.0
0.9423515296940612,1.0
0.9425314937012598,1.0
0.9425914817036593,1.0
0.9428314337132574,1.0
0.9430713857228554,1.0
0.9434313137372525,1.0
0.9435512897420516,1.0
0.9439112177564487,1.0
0.9440311937612478,1.0
0.9440911817636473,1.0
0.9442711457708458,1.0
0.9444511097780444,1.0
0.9445710857828434,1.0
0.944751049790042,1.0
0.9450509898020396,1.0
0.9452309538092382,1.0
0.9455308938212358,1.0
0.946010797840432,1.0
0.9461907618476305,1.0
0.9463107378524295,1.0
0.9463707258548291,1.0
0.946490701859628,1.0
0.9466706658668267,1.0
0.9470305938812238,1.0
0.9472105578884223,1.0
0.9474505098980204,1.0
0.94751049790042,1.0
0.9476904619076185,1.0
0.9484103179364127,1.0
0.9485302939412118,1.0
0.9488302339532093,1.0
0.9490701859628075,1.0
0.9496100779844031,1.0
0.9500899820035993,1.0
0.9503299340131973,1.0
0.9510497900419916,1.0
0.9518296340731853,1.0
0.9527294541091782,1.0
0.9541691661667666,1.0
0.9569886022795441,1.0
1.0,1.0
