precision,recall
0.16666666666666666,1.0
0.1722087867795244,1.0
0.17273094804932282,1.0
0.17290570619182516,1.0
0.17302824744355574,1.0
0.17316850744756307,1.0
0.173291421618333,1.0
0.17341451040081177,1.0
0.17344971074799553,1.0
0.17346731628095818,1.0
0.173502538071066,1.0
0.17353777416734362,1.0
0.17355539758302022,1.0
0.17357302457850904,1.0
0.17360828931328728,1.0
0.17364356838041048,1.0
0.1736612132913322,1.0
0.1736965138733611,1.0
0.17371416954665583,1.0
0.17373182880959642,1.0
0.17374949166327774,1.0
0.17376715810879512,1.0
0.17378482814724425,1.0
0.17380250177972134,1.0
0.17383785983114639,1.0
0.1738555442522889,1.0
0.17387323227184862,1.0
0.1738909238909239,1.0
0.17390861911061362,1.0
0.17396172638436483,1.0
0.17397943601750993,1.0
0.17401486610324815,1.0
0.1740325865580448,1.0
0.17405031062226295,1.0
0.1740680382970055,1.0
0.17408576958337577,1.0
0.17410350448247758,1.0
0.17412124299541518,1.0
0.17413898512329326,1.0
0.17415673086721695,1.0
0.17417448022829188,1.0
0.1741922332076241,1.0
0.1742277500254868,1.0
0.17424551386623166,1.0
0.17426328132966248,1.0
0.17428105241688763,1.0
0.17429882712901582,1.0
0.17431660546715627,1.0
0.17433438743241864,1.0
0.17435217302591308,1.0
0.17436996224875012,1.0
0.17438775510204083,1.0
0.17440555158689663,1.0
0.17442335170442946,1.0
0.17444115545575176,1.0
0.17445896284197632,1.0
0.17447677386421645,1.0
0.17449458852358588,1.0
0.1745124068211988,1.0
0.17453022875816993,1.0
0.17454805433561435,1.0
0.1745658835546476,1.0
0.17458371641638573,1.0
0.17460155292194524,1.0
0.17461939307244304,1.0
0.17465508431272356,1.0
0.17467293540474244,1.0
0.17469079014617192,1.0
0.17470864853813126,1.0
0.1747265105817401,1.0
0.17474437627811862,1.0
0.17476224562838735,1.0
0.1747801186336674,1.0
0.17479799529508028,1.0
0.17481587561374795,1.0
0.17483375959079284,1.0
0.17485164722733784,1.0
0.1748695385245063,1.0
0.17488743348342203,1.0
0.17490533210520928,1.0
0.17492323439099283,1.0
0.17494114034189784,1.0
0.17495904995904996,1.0
0.1749769632435753,1.0
0.17499488019660045,1.0
0.17501280081925244,1.0
0.17503072511265874,1.0
0.17504865307794734,1.0
0.17506658471624667,1.0
0.17508452002868558,1.0
0.17510245901639343,1.0
0.17512040168050005,1.0
0.17513834802213568,1.0
0.17515629804243107,1.0
0.1751742517425174,1.0
0.1751922091235264,1.0
0.17521017018659013,1.0
0.17522813493284117,1.0
0.17524610336341262,1.0
0.175264075479438,1.0
0.1752820512820513,1.0
0.1753000307723869,1.0
0.1753180139515798,1.0
0.17533600082076536,1.0
0.1753539913810794,1.0
0.17537198563365827,1.0
0.17538998357963875,1.0
0.17540798522015807,1.0
0.17542599055635394,1.0
0.17544399958936455,1.0
0.17546201232032854,1.0
0.17548002875038504,1.0
0.17549804888067366,1.0
0.17551607271233438,1.0
0.1755341002465078,1.0
0.17555213148433488,1.0
0.17557016642695705,1.0
0.17558820507551628,1.0
0.17560624743115497,1.0
0.17562429349501593,1.0
0.17564234326824255,1.0
0.17566039675197861,1.0
0.17567845394736842,1.0
0.1756965148555567,1.0
0.17571457947768868,1.0
0.17573264781491002,1.0
0.17575071986836693,1.0
0.175768795639206,1.0
0.17578687512857435,1.0
0.17580495833761958,1.0
0.1758230452674897,1.0
0.17584113591933326,1.0
0.17585923029429923,1.0
0.1758773283935371,1.0
0.17589543021819679,1.0
0.17591353576942872,1.0
0.17593164504838377,1.0
0.17594975805621332,1.0
0.1759678747940692,1.0
0.17598599526310368,1.0
0.17600411946446962,1.0
0.1760222473993202,1.0
0.17604037906880923,1.0
0.17605851447409085,1.0
0.1760766536163198,1.0
0.17609479649665122,1.0
0.17611294311624073,1.0
0.17613109347624445,1.0
0.176149247577819,1.0
0.17616740542212142,1.0
0.17618556701030927,1.0
0.17620373234354056,1.0
0.1762219014229738,1.0
0.17624007424976798,1.0
0.1762582508250825,1.0
0.17627643115007735,1.0
0.17629461522591294,1.0
0.17631280305375013,1.0
0.1763309946347503,1.0
0.17634918997007532,1.0
0.1763673890608875,1.0
0.17638559190834968,1.0
0.17640379851362512,1.0
0.17642200887787757,1.0
0.17644022300227133,1.0
0.17645844088797108,1.0
0.17647666253614208,1.0
0.17649488794795,1.0
0.17651311712456105,1.0
0.17653135006714182,1.0
0.1765495867768595,1.0
0.1765678272548817,1.0
0.1765860715023765,1.0
0.17660431952051256,1.0
0.17662257131045886,1.0
0.176640826873385,1.0
0.17665908621046103,1.0
0.17667734932285745,1.0
0.17669561621174523,1.0
0.17671388687829592,1.0
0.1767321613236815,1.0
0.17675043954907435,1.0
0.1767687215556475,1.0
0.17678700734457434,1.0
0.17680529691702876,1.0
0.1768235902741852,1.0
0.17684188741721854,1.0
0.17686018834730416,1.0
0.1768784930656179,1.0
0.1768968015733361,1.0
0.1769151138716356,1.0
0.17693342996169376,1.0
0.17695174984468834,1.0
0.17697007352179767,1.0
0.1769884009942005,1.0
0.17700673226307612,1.0
0.1770250673296043,1.0
0.1770434061949653,1.0
0.17706174886033982,1.0
0.17708009532690913,1.0
0.17709844559585491,1.0
0.17711679966835941,1.0
0.1771351575456053,1.0
0.17715351922877579,1.0
0.17717188471905454,1.0
0.17719025401762573,1.0
0.177208627125674,1.0
0.17722700404438452,1.0
0.17724538477494295,1.0
0.1772637693185354,1.0
0.17728215767634856,1.0
0.17730054984956944,1.0
0.17731894583938576,1.0
0.17733734564698558,1.0
0.1773557492735575,1.0
0.1773741567202906,1.0
0.1773925679883745,1.0
0.17741098307899927,1.0
0.1774294019933555,1.0
0.1774478247326342,1.0
0.177466251298027,1.0
0.17748468169072593,1.0
0.17750311591192355,1.0
0.1775215539628129,1.0
0.17753999584458757,1.0
0.17755844155844155,1.0
0.1775768911055694,1.0
0.17759534448716616,1.0
0.17761380170442737,1.0
0.17763226275854901,1.0
0.17765072765072765,1.0
0.1776691963821603,1.0
0.1776876689540445,1.0
0.17770614536757826,1.0
0.17772462562396008,1.0
0.17774310972438898,1.0
0.1777615976700645,1.0
0.17778008946218662,1.0
0.1777985851019559,1.0
0.1778170845905733,1.0
0.17783558792924037,1.0
0.17785409511915912,1.0
0.17787260616153205,1.0
0.1778911210575622,1.0
0.17790963980845306,1.0
0.17792816241540865,1.0
0.1779466888796335,1.0
0.1779652192023326,1.0
0.1779837533847115,1.0
0.17800229142797624,1.0
0.17802083333333332,1.0
0.1780393791019898,1.0
0.17805792873515316,1.0
0.17807648223403147,1.0
0.17809503959983328,1.0
0.1781136008337676,1.0
0.17813216593704398,1.0
0.17815073491087252,1.0
0.17816930775646372,1.0
0.17818788447502867,1.0
0.17820646506777893,1.0
0.17822504953592658,1.0
0.17824363788068417,1.0
0.17826223010326483,1.0
0.17828082620488211,1.0
0.17829942618675013,1.0
0.17831803005008348,1.0
0.17833663779609726,1.0
0.17835524942600708,1.0
0.1783738649410291,1.0
0.17839248434237995,1.0
0.17841110763127674,1.0
0.17842973480893715,1.0
0.1784483658765793,1.0
0.17846700083542189,1.0
0.17848563968668407,1.0
0.17850428243158553,1.0
0.1785229290713465,1.0
0.17854157960718764,1.0
0.17856023404033017,1.0
0.1785788923719958,1.0
0.17859755460340684,1.0
0.17861622073578595,1.0
0.17863489077035644,1.0
0.17865356470834204,1.0
0.17867224255096706,1.0
0.1786909242994563,1.0
0.17870960995503504,1.0
0.1787282995189291,1.0
0.17874699299236482,1.0
0.17876569037656903,1.0
0.1787843916727691,1.0
0.17880309688219292,1.0
0.17882180600606884,1.0
0.17884051904562578,1.0
0.17885923600209314,1.0
0.17887795687670086,1.0
0.17889668167067937,1.0
0.17891541038525963,1.0
0.17893414302167313,1.0
0.17895287958115183,1.0
0.17897162006492826,1.0
0.17899036447423544,1.0
0.1790091128103069,1.0
0.1790278650743767,1.0
0.17904662126767942,1.0
0.17906538139145012,1.0
0.17908414544692444,1.0
0.1791029134353385,1.0
0.17912168535792894,1.0
0.1791404612159329,1.0
0.1791592410105881,1.0
0.17917802474313274,1.0
0.1791968124148055,1.0
0.17921560402684564,1.0
0.17923439958049292,1.0
0.1792531990769876,1.0
0.17927200251757056,1.0
0.179290809903483,1.0
0.17930962123596683,1.0
0.17932843651626443,1.0
0.17934725574561863,1.0
0.17936607892527287,1.0
0.1793849060564711,1.0
0.1794037371404577,1.0
0.17942257217847768,1.0
0.17944141117177656,1.0
0.17946025412160033,1.0
0.17947910102919554,1.0
0.17949795189580928,1.0
0.17951680672268908,1.0
0.1795356655110831,1.0
0.17955452826223997,1.0
0.17957339497740885,1.0
0.17959226565783942,1.0
0.17961114030478192,1.0
0.17963001891948707,1.0
0.17964890150320614,1.0
0.1796677880571909,1.0
0.17968667858269372,1.0
0.1797055730809674,1.0
0.17972447155326532,1.0
0.1797433740008414,1.0
0.17976228042495004,1.0
0.1797811908268462,1.0
0.1798001052077854,1.0
0.17981902356902357,1.0
0.17983794591181732,1.0
0.1798568722374237,1.0
0.1798758025471003,1.0
0.17989473684210527,1.0
0.17991367512369724,1.0
0.1799326173931354,1.0
0.17995156365167947,1.0
0.1799705139005897,1.0
0.1799894681411269,1.0
0.18000842637455236,1.0
0.18002738860212789,1.0
0.18004635482511588,1.0
0.18006532504477926,1.0
0.18008429926238145,1.0
0.18010327747918642,1.0
0.18012225969645868,1.0
0.18014124591546327,1.0
0.18016023613746573,1.0
0.1801792303637322,1.0
0.1801982285955293,1.0
0.18021723083412422,1.0
0.18023623708078465,1.0
0.18025524733677883,1.0
0.18027426160337554,1.0
0.18029327988184407,1.0
0.18031230217345431,1.0
0.18033132847947664,1.0
0.18035035880118194,1.0
0.18036939313984168,1.0
0.1803884314967279,1.0
0.18040747387311307,1.0
0.18042652027027026,1.0
0.18044557068947312,1.0
0.18046462513199577,1.0
0.1804836835991129,1.0
0.1805027460920997,1.0
0.18052181261223196,1.0
0.18054088316078598,1.0
0.18055995773903857,1.0
0.1805790363482671,1.0
0.18059811898974956,1.0
0.18061720566476433,1.0
0.18063629637459042,1.0
0.1806553911205074,1.0
0.18067448990379534,1.0
0.18069359272573482,1.0
0.18071269958760705,1.0
0.18073181049069373,1.0
0.1807509254362771,1.0
0.18077004442563993,1.0
0.1807891674600656,1.0
0.1808082945408379,1.0
0.18082742566924134,1.0
0.18084656084656084,1.0
0.18086570007408193,1.0
0.1808848433530906,1.0
0.1809039906848735,1.0
0.18092314207071777,1.0
0.18094229751191107,1.0
0.18096145700974164,1.0
0.18098062056549824,1.0
0.18099978818047024,1.0
0.18101895985594746,1.0
0.18103813559322035,1.0
0.18105731539357983,1.0
0.18107649925831745,1.0
0.18109568718872524,1.0
0.1811148791860958,1.0
0.18113407525172232,1.0
0.18115327538689846,1.0
0.1811724795929185,1.0
0.18119168787107717,1.0
0.18121090022266992,1.0
0.18123011664899258,1.0
0.18124933715134162,1.0
0.181268561731014,1.0
0.1812877903893073,1.0
0.18130702312751962,1.0
0.1813262599469496,1.0
0.18134550084889645,1.0
0.18136474583465986,1.0
0.18138399490554022,1.0
0.18140324806283833,1.0
0.1814225053078556,1.0
0.18144176664189404,1.0
0.1814610320662561,1.0
0.18148030158224487,1.0
0.18149957519116397,1.0
0.18151885289431757,1.0
0.18153813469301042,1.0
0.18155742058854776,1.0
0.18157671058223546,1.0
0.18159600467537987,1.0
0.18161530286928798,1.0
0.1816346051652673,1.0
0.18165391156462585,1.0
0.18167322206867226,1.0
0.1816925366787157,1.0
0.18171185539606594,1.0
0.1817311782220332,1.0
0.18175050515792832,1.0
0.18176983620506276,1.0
0.18178917136474843,1.0
0.18180851063829787,1.0
0.18182785402702414,1.0
0.1818472015322409,1.0
0.18186655315526232,1.0
0.18188590889740314,1.0
0.1819052687599787,1.0
0.18192463274430487,1.0
0.18194400085169807,1.0
0.1819633730834753,1.0
0.1819827494409541,1.0
0.18200212992545262,1.0
0.1820215145382895,1.0
0.18204090328078398,1.0
0.1820602961542559,1.0
0.18207969316002556,1.0
0.18209909429941395,1.0
0.18211849957374254,1.0
0.18213790898433338,1.0
0.18215732253250905,1.0
0.1821767402195928,1.0
0.1821961620469083,1.0
0.18221558801577994,1.0
0.1822350181275325,1.0
0.18225445238349153,1.0
0.18227389078498293,1.0
0.18229333333333334,1.0
0.18231278002986986,1.0
0.1823322308759202,1.0
0.18235168587281264,1.0
0.182371145021876,1.0
0.1823906083244397,1.0
0.1824100757818337,1.0
0.18242954739538855,1.0
0.18244902316643535,1.0
0.18246850309630577,1.0
0.18248798718633208,1.0
0.18250747543784707,1.0
0.18252696785218414,1.0
0.1825464644306772,1.0
0.18256596517466084,1.0
0.18258547008547008,1.0
0.18260497916444066,1.0
0.18262449241290873,1.0
0.18264400983221118,1.0
0.18266353142368533,1.0
0.18268305718866917,1.0
0.18270258712850118,1.0
0.18272212124452047,1.0
0.18274165953806673,1.0
0.18276120201048016,1.0
0.1827807486631016,1.0
0.18280029949727244,1.0
0.1828198545143346,1.0
0.18283941371563067,1.0
0.18285897710250373,1.0
0.1828785446762975,1.0
0.18289811643835616,1.0
0.18291769239002462,1.0
0.18293727253264824,1.0
0.18295685686757307,1.0
0.1829764453961456,1.0
0.18299603811971304,1.0
0.18301563503962304,1.0
0.18303523615722395,1.0
0.1830548414738646,1.0
0.18307445099089448,1.0
0.1830940647096636,1.0
0.18311368263152256,1.0
0.18313330475782255,1.0
0.18315293108991534,1.0
0.18317256162915327,1.0
0.18319219637688927,1.0
0.18321183533447685,1.0
0.18323147850327007,1.0
0.18325112588462364,1.0
0.18327077747989276,1.0
0.1832904332904333,1.0
0.18331009331760162,1.0
0.18332975756275477,1.0
0.1833494260272503,1.0
0.18336909871244636,1.0
0.18338877561970168,1.0
0.18340845675037562,1.0
0.18342814210582806,1.0
0.1834478316874195,1.0
0.183467525496511,1.0
0.18348722353446426,1.0
0.18350692580264147,1.0
0.18352663230240548,1.0
0.18354634303511974,1.0
0.18356605800214823,1.0
0.18358577720485553,1.0
0.1836055006446068,1.0
0.18362522832276781,1.0
0.18364496024070492,1.0
0.18366469639978505,1.0
0.18368443680137575,1.0
0.1837041814468451,1.0
0.18372393033756182,1.0
0.18374368347489517,1.0
0.18376344086021507,1.0
0.1837832024948919,1.0
0.18380296838029683,1.0
0.18382273851780145,1.0
0.18384251290877796,1.0
0.18386229155459924,1.0
0.18388207445663868,1.0
0.1839018616162703,1.0
0.1839216530348687,1.0
0.18394144871380907,1.0
0.18396124865446717,1.0
0.1839810528582194,1.0
0.18400086132644272,1.0
0.1840206740605147,1.0
0.18404049106181347,1.0
0.18406031233171782,1.0
0.18408013787160707,1.0
0.18409996768286113,1.0
0.1841198017668606,1.0
0.18413964012498654,1.0
0.18415948275862068,1.0
0.18417932966914538,1.0
0.1841991808579435,1.0
0.18421903632639863,1.0
0.18423889607589478,1.0
0.18425876010781672,1.0
0.1842786284235497,1.0
0.18429850102447967,1.0
0.1843183779119931,1.0
0.18433825908747709,1.0
0.1843581445523193,1.0
0.18437803430790808,1.0
0.1843979283556323,1.0
0.18441782669688142,1.0
0.18443772933304553,1.0
0.18445763626551537,1.0
0.1844775474956822,1.0
0.1844974630249379,1.0
0.184517382854675,1.0
0.18453730698628656,1.0
0.1845572354211663,1.0
0.1845771681607085,1.0
0.18459710520630807,1.0
0.18461704655936048,1.0
0.1846369922212619,1.0
0.18465694219340897,1.0
0.18467689647719904,1.0
0.18469685507403005,1.0
0.18471681798530049,1.0
0.18473678521240947,1.0
0.18475675675675676,1.0
0.18477673261974267,1.0
0.18479671280276816,1.0
0.18481669730723477,1.0
0.18483668613454468,1.0
0.18485667928610058,1.0
0.18487667676330594,1.0
0.18489667856756464,1.0
0.18491668470028133,1.0
0.18493669516286115,1.0
0.18495670995670996,1.0
0.18497672908323412,1.0
0.18499675254384065,1.0
0.1850167803399372,1.0
0.185036812472932,1.0
0.18505684894423388,1.0
0.18507688975525233,1.0
0.18509693490739737,1.0
0.18511698440207972,1.0
0.18513703824071065,1.0
0.18515709642470207,1.0
0.18517715895546646,1.0
0.185197225834417,1.0
0.18521729706296738,1.0
0.18523737264253198,1.0
0.18525745257452575,1.0
0.18527753686036427,1.0
0.18529762550146373,1.0
0.18531771849924095,1.0
0.18533781585511333,1.0
0.1853579175704989,1.0
0.18537802364681635,1.0
0.18539813408548492,1.0
0.1854182488879245,1.0
0.18543836805555555,1.0
0.18545849158979924,1.0
0.18547861949207728,1.0
0.185498751763812,1.0
0.1855188884064264,1.0
0.18553902942134404,1.0
0.18555917480998915,1.0
0.1855793245737865,1.0
0.1855994787141616,1.0
0.18561963723254046,1.0
0.18563980013034978,1.0
0.18565996740901683,1.0
0.18568013906996958,1.0
0.18570031511463653,1.0
0.18572049554444686,1.0
0.18574068036083036,1.0
0.1857608695652174,1.0
0.18578106315903903,1.0
0.1858012611437269,1.0
0.18582146352071327,1.0
0.18584167029143106,1.0
0.18586188145731375,1.0
0.18588209701979552,1.0
0.1859023169803111,1.0
0.1859225413402959,1.0
0.18594277010118596,1.0
0.18596300326441784,1.0
0.1859832408314289,1.0
0.18600348280365694,1.0
0.18602372918254054,1.0
0.18604397996951882,1.0
0.18606423516603157,1.0
0.18608449477351915,1.0
0.18610475879342264,1.0
0.18612502722718363,1.0
0.1861453000762444,1.0
0.18616557734204792,1.0
0.18618585902603768,1.0
0.18620614512965789,1.0
0.18622643565435326,1.0
0.18624673060156932,1.0
0.18626702997275205,1.0
0.18628733376934817,1.0
0.18630764199280497,1.0
0.18632795464457044,1.0
0.1863482717260931,1.0
0.18636859323882224,1.0
0.18638891918420766,1.0
0.18640924956369984,1.0
0.18642958437874987,1.0
0.1864499236308095,1.0
0.18647026732133115,1.0
0.1864906154517678,1.0
0.18651096802357306,1.0
0.18653132503820127,1.0
0.1865516864971073,1.0
0.18657205240174674,1.0
0.1865924227535757,1.0
0.1866127975540511,1.0
0.18663317680463035,1.0
0.1866535605067715,1.0
0.18667394866193338,1.0
0.18669434127157528,1.0
0.1867147383371572,1.0
0.18673513986013987,1.0
0.18675554584198448,1.0
0.186775956284153,1.0
0.186796371188108,1.0
0.18681679055531264,1.0
0.18683721438723078,1.0
0.18685764268532692,1.0
0.18687807545106616,1.0
0.18689851268591426,1.0
0.18691895439133763,1.0
0.18693940056880332,1.0
0.186959851219779,1.0
0.18698030634573304,1.0
0.18700076594813436,1.0
0.1870212300284526,1.0
0.18704169858815803,1.0
0.18706217162872155,1.0
0.18708264915161466,1.0
0.18710313115830962,1.0
0.1871236176502792,1.0
0.18714410862899694,1.0
0.1871646040959369,1.0
0.18718510405257394,1.0
0.1872056085003834,1.0
0.18722611744084136,1.0
0.18724663087542456,1.0
0.18726714880561035,1.0
0.1872876712328767,1.0
0.1873081981587023,1.0
0.18732872958456648,1.0
0.18734926551194914,1.0
0.18736980594233088,1.0
0.187390350877193,1.0
0.18741090031801733,1.0
0.18743145426628646,1.0
0.1874520127234836,1.0
0.18747257569109257,1.0
0.18749314317059793,1.0
0.18751371516348475,1.0
0.1875342916712389,1.0
0.1875548726953468,1.0
0.18757545823729557,1.0
0.187596048298573,1.0
0.18761664288066748,1.0
0.18763724198506807,1.0
0.1876578456132645,1.0
0.1876784537667472,1.0
0.18769906644700715,1.0
0.18771968365553604,1.0
0.18774030539382622,1.0
0.18776093166337068,1.0
0.1877815624656631,1.0
0.1878021978021978,1.0
0.18782283767446972,1.0
0.1878434820839745,1.0
0.18786413103220842,1.0
0.18788478452066842,1.0
0.18790544255085212,1.0
0.18792610512425775,1.0
0.18794677224238426,1.0
0.1879674439067312,1.0
0.1879881201187988,1.0
0.188008800880088,1.0
0.18802948619210033,1.0
0.18805017605633803,1.0
0.18807087047430396,1.0
0.18809156944750166,1.0
0.18811227297743532,1.0
0.18813298106560986,1.0
0.18815369371353077,1.0
0.18817441092270426,1.0
0.18819513269463717,1.0
0.188215859030837,1.0
0.18823658993281198,1.0
0.18825732540207094,1.0
0.18827806544012338,1.0
0.1882988100484795,1.0
0.18831955922865012,1.0
0.1883403129821468,1.0
0.18836107131048166,1.0
0.18838183421516755,1.0
0.188402601697718,1.0
0.18842337375964718,1.0
0.18844415040246995,1.0
0.1884649316277018,1.0
0.18848571743685893,1.0
0.1885065078314582,1.0
0.1885273028130171,1.0
0.18854810238305383,1.0
0.18856890654308728,1.0
0.18858971529463694,1.0
0.18861052863922304,1.0
0.18863134657836644,1.0
0.1886521691135887,1.0
0.188672996246412,1.0
0.1886938279783593,1.0
0.18871466431095407,1.0
0.1887355052457206,1.0
0.1887563507841838,1.0
0.1887772009278692,1.0
0.18879805567830313,1.0
0.18881891503701248,1.0
0.18883977900552487,1.0
0.18886064758536855,1.0
0.1888815207780725,1.0
0.18890239858516636,1.0
0.1889232810081804,1.0
0.18894416804864567,1.0
0.18896505970809377,1.0
0.18898595598805706,1.0
0.18900685689006858,1.0
0.189027762415662,1.0
0.18904867256637167,1.0
0.18906958734373272,1.0
0.18909050674928082,1.0
0.1891114307845524,1.0
0.18913235945108456,1.0
0.18915329275041506,1.0
0.18917423068408235,1.0
0.1891951732536256,1.0
0.18921612046058459,1.0
0.18923707230649983,1.0
0.1892580287929125,1.0
0.1892789899213645,1.0
0.1892999556933983,1.0
0.18932092611055723,1.0
0.1893419011743851,1.0
0.18936288088642658,1.0
0.18938386524822695,1.0
0.18940485426133216,1.0
0.18942584792728884,1.0
0.18944684624764438,1.0
0.18946784922394677,1.0
0.18948885685774475,1.0
0.1895098691505877,1.0
0.18953088610402574,1.0
0.18955190771960959,1.0
0.18957293399889075,1.0
0.18959396494342134,1.0
0.18961500055475425,1.0
0.18963604083444296,1.0
0.18965708578404172,1.0
0.18967813540510545,1.0
0.1896991896991897,1.0
0.1897202486678508,1.0
0.1897413123126457,1.0
0.18976238063513212,1.0
0.1897834536368684,1.0
0.1898045313194136,1.0
0.18982561368432746,1.0
0.18984670073317042,1.0
0.1898677924675036,1.0
0.18988888888888888,1.0
0.18990998999888878,1.0
0.18993109579906645,1.0
0.1899522062909859,1.0
0.18997332147621165,1.0
0.18999444135630905,1.0
0.1900155659328441,1.0
0.19003669520738353,1.0
0.19005782918149466,1.0
0.19007896785674563,1.0
0.19010011123470522,1.0
0.19012125931694293,1.0
0.19014241210502894,1.0
0.1901635696005341,1.0
0.19018473180503004,1.0
0.19020589872008903,1.0
0.19022707034728406,1.0
0.1902482466881888,1.0
0.19026942774437763,1.0
0.19029061351742568,1.0
0.19031180400890868,1.0
0.19033299922040317,1.0
0.1903541991534863,1.0
0.190375403809736,1.0
0.19039661319073084,1.0
0.19041782729805015,1.0
0.1904390461332739,1.0
0.19046026969798283,1.0
0.19048149799375835,1.0
0.1905027310221826,1.0
0.19052396878483835,1.0
0.19054521128330917,1.0
0.1905664585191793,1.0
0.19058771049403367,1.0
0.19060896720945794,1.0
0.1906302286670385,1.0
0.19065149486836233,1.0
0.1906727658150173,1.0
0.19069404150859184,1.0
0.19071532195067514,1.0
0.19073660714285715,1.0
0.19075789708672844,1.0
0.19077919178388034,1.0
0.19080049123590487,1.0
0.19082179544439482,1.0
0.1908431044109436,1.0
0.19086441813714541,1.0
0.1908857366245951,1.0
0.1909070598748883,1.0
0.19092838788962127,1.0
0.19094972067039107,1.0
0.1909710582187954,1.0
0.1909924005364327,1.0
0.1910137476249022,1.0
0.19103509948580372,1.0
0.19105645612073785,1.0
0.1910778175313059,1.0
0.19109918371910992,1.0
0.19112055468575262,1.0
0.1911419304328375,1.0
0.19116331096196867,1.0
0.1911846962747511,1.0
0.19120608637279032,1.0
0.19122748125769273,1.0
0.19124888093106535,1.0
0.19127028539451596,1.0
0.191291694649653,1.0
0.19131310869808574,1.0
0.1913345275414241,1.0
0.19135595118127868,1.0
0.1913773796192609,1.0
0.19139881285698288,1.0
0.19142025089605735,1.0
0.1914416937380979,1.0
0.1914631413847188,1.0
0.19148459383753502,1.0
0.19150605109816227,1.0
0.19152751316821698,1.0
0.1915489800493163,1.0
0.19157045174307813,1.0
0.19159192825112106,1.0
0.19161340957506448,1.0
0.19163489571652836,1.0
0.19165638667713356,1.0
0.19167788245850156,1.0
0.19169938306225462,1.0
0.1917208884900157,1.0
0.1917423987434085,1.0
0.19176391382405744,1.0
0.1917854337335877,1.0
0.19180695847362514,1.0
0.19182848804579639,1.0
0.19185002245172877,1.0
0.19187156169305042,1.0
0.19189310577139007,1.0
0.19191465468837732,1.0
0.1919362084456424,1.0
0.19195776704481635,1.0
0.19197933048753088,1.0
0.19200089877541848,1.0
0.19202247191011235,1.0
0.19204404989324644,1.0
0.19206563272645538,1.0
0.19208722041137463,1.0
0.1921088129496403,1.0
0.19213041034288927,1.0
0.19215201259275916,1.0
0.19217361970088834,1.0
0.1921952316689159,1.0
0.1922168484984816,1.0
0.19223847019122609,1.0
0.19226009674879063,1.0
0.19228172817281727,1.0
0.1923033644649488,1.0
0.19232500562682872,1.0
0.1923466516601013,1.0
0.19236830256641152,1.0
0.19238995834740516,1.0
0.19241161900472867,1.0
0.19243328454002928,1.0
0.19245495495495496,1.0
0.1924766302511544,1.0
0.1924983104302771,1.0
0.1925199954939732,1.0
0.19254168544389363,1.0
0.19256338028169015,1.0
0.1925850800090151,1.0
0.1926067846275217,1.0
0.19262849413886385,1.0
0.1926502085446962,1.0
0.1926719278466742,1.0
0.19269365204645394,1.0
0.19271538114569237,1.0
0.19273711514604713,1.0
0.19275885404917664,1.0
0.19278059785673998,1.0
0.1928023465703971,1.0
0.19282410019180865,1.0
0.19284585872263596,1.0
0.19286762216454126,1.0
0.19288939051918735,1.0
0.19291116378823794,1.0
0.19293294197335742,1.0
0.19295472507621092,1.0
0.1929765130984643,1.0
0.1929983060417843,1.0
0.19302010390783828,1.0
0.19304190669829435,1.0
0.1930637144148215,1.0
0.19308552705908938,1.0
0.19310734463276835,1.0
0.19312916713752967,1.0
0.1931509945750452,1.0
0.19317282694698767,1.0
0.1931946642550305,1.0
0.19321650650084793,1.0
0.1932383536861149,1.0
0.19326020581250708,1.0
0.19328206288170097,1.0
0.19330392489537382,1.0
0.19332579185520363,1.0
0.1933476637628691,1.0
0.1933695406200498,1.0
0.19339142242842594,1.0
0.19341330918967858,1.0
0.19343520090548952,1.0
0.19345709757754131,1.0
0.19347899920751727,1.0
0.19350090579710144,1.0
0.19352281734797872,1.0
0.19354473386183466,1.0
0.19356665534035564,1.0
0.1935885817852288,1.0
0.19361051319814207,1.0
0.19363244958078404,1.0
0.19365439093484418,1.0
0.1936763372620127,1.0
0.1936982885639805,1.0
0.19372024484243935,1.0
0.19374220609908174,1.0
0.19376417233560092,1.0
0.1937861435536909,1.0
0.1938081197550465,1.0
0.19383010094136327,1.0
0.19385208711433757,1.0
0.19387407827566647,1.0
0.19389607442704787,1.0
0.19391807557018043,1.0
0.1939400817067635,1.0
0.19396209283849733,1.0
0.19398410896708285,1.0
0.19400613009422182,1.0
0.1940281562216167,1.0
0.19405018735097082,1.0
0.19409426462237364,1.0
0.1941163107678328,1.0
0.194138361922072,1.0
0.19416041808679846,1.0
0.19418247926372004,1.0
0.19420454545454546,1.0
0.1942266166609842,1.0
0.19424869288474653,1.0
0.19427077412754348,1.0
0.19429286039108687,1.0
0.19431495167708926,1.0
0.19433704798726403,1.0
0.19435914932332538,1.0
0.19438125568698816,1.0
0.19440336707996814,1.0
0.1944254835039818,1.0
0.1944476049607464,1.0
0.19446973145197996,1.0
0.19449186297940138,1.0
0.19451399954473025,1.0
0.19453614114968695,1.0
0.1945582877959927,1.0
0.19458043948536946,1.0
0.19460259621953996,1.0
0.19462475800022777,1.0
0.1946469248291572,1.0
0.1946690967080533,1.0
0.19469127363864205,1.0
0.1947134556226501,1.0
0.19473564266180493,1.0
0.19475783475783476,1.0
0.19478003191246865,1.0
0.19480223412743644,1.0
0.19482444140446875,1.0
0.194846653745297,1.0
0.19486887115165336,1.0
0.19489109362527085,1.0
0.1949133211678832,1.0
0.19493555378122504,1.0
0.1949577914670317,1.0
0.19498003422703936,1.0
0.19500228206298495,1.0
0.19502453497660618,1.0
0.19504679296964164,1.0
0.19506905604383062,1.0
0.19509132420091324,1.0
0.19511359744263043,1.0
0.19513587577072392,1.0
0.19515815918693616,1.0
0.19518044769301052,1.0
0.19520274129069104,1.0
0.19522503998172264,1.0
0.19524734376785102,1.0
0.19526965265082266,1.0
0.19529196663238488,1.0
0.19531428571428572,1.0
0.1953366098982741,1.0
0.19535893918609967,1.0
0.195381273579513,1.0
0.19540361308026527,1.0
0.19542595769010862,1.0
0.19544830741079597,1.0
0.19547066224408097,1.0
0.19549302219171813,1.0
0.19551538725546277,1.0
0.19553775743707094,1.0
0.19556013273829959,1.0
0.19558251316090638,1.0
0.19560489870664988,1.0
0.19562728937728938,1.0
0.195649685174585,1.0
0.19567208610029768,1.0
0.19569449215618917,1.0
0.19571690334402198,1.0
0.1957393196655595,1.0
0.19576174112256586,1.0
0.19578416771680604,1.0
0.19580659945004583,1.0
0.1958290363240518,1.0
0.19585147834059133,1.0
0.19587392550143268,1.0
0.1958963778083448,1.0
0.19591883526309756,1.0
0.1959412978674616,1.0
0.19596376562320836,1.0
0.19598623853211009,1.0
0.1960087165959399,1.0
0.19603119981647166,1.0
0.1960536881954801,1.0
0.1960761817347407,1.0
0.19609868043602982,1.0
0.19612118430112463,1.0
0.19614369333180307,1.0
0.1961662075298439,1.0
0.19618872689702674,1.0
0.19621125143513204,1.0
0.19623378114594098,1.0
0.19625631603123564,1.0
0.1962788560927989,1.0
0.19630140133241442,1.0
0.19632395175186673,1.0
0.19634650735294118,1.0
0.19636906813742389,1.0
0.1963916341071018,1.0
0.1964142052637628,1.0
0.1964367816091954,1.0
0.1964593631451891,1.0
0.19648194987353415,1.0
0.19650454179602161,1.0
0.19652713891444343,1.0
0.1965497412305923,1.0
0.19657234874626178,1.0
0.1965949614632463,1.0
0.196617579383341,1.0
0.19664020250834197,1.0
0.19666283084004604,1.0
0.1966854643802509,1.0
0.19670810313075507,1.0
0.1967307470933579,1.0
0.19675339626985955,1.0
0.19677605066206103,1.0
0.19679871027176415,1.0
0.19682137510077163,1.0
0.19684404515088688,1.0
0.1968667204239143,1.0
0.196889400921659,1.0
0.19691208664592694,1.0
0.196934777598525,1.0
0.1969574737812608,1.0
0.19698017519594282,1.0
0.1970028818443804,1.0
0.19702559372838369,1.0
0.19704831084976362,1.0
0.1970710332103321,1.0
0.19709376081190175,1.0
0.19711649365628606,1.0
0.19713923174529935,1.0
0.1971619750807568,1.0
0.19718472366447445,1.0
0.19720747749826908,1.0
0.19723023658395844,1.0
0.19725300092336104,1.0
0.1972757705182962,1.0
0.19729854537058417,1.0
0.19732132548204595,1.0
0.19734411085450346,1.0
0.19736690148977942,1.0
0.1973896973896974,1.0
0.19741249855608178,1.0
0.19743530499075784,1.0
0.19745811669555172,1.0
0.19748093367229028,1.0
0.19750375592280134,1.0
0.19752658344891355,1.0
0.19754941625245637,1.0
0.19757225433526013,1.0
0.19759509769915598,1.0
0.19761794634597596,1.0
0.1976408002775529,1.0
0.19766365949572057,1.0
0.19768652400231349,1.0
0.19770939379916705,1.0
0.19773226888811754,1.0
0.19775514927100207,1.0
0.1977780349496586,1.0
0.19780092592592594,1.0
0.1978238222016437,1.0
0.19784672377865248,1.0
0.19786963065879357,1.0
0.19789254284390922,1.0
0.1979154603358425,1.0
0.19793838313643733,1.0
0.19796131124753852,1.0
0.19798424467099165,1.0
0.19800718340864326,1.0
0.19803012746234067,1.0
0.19805307683393208,1.0
0.19807603152526657,1.0
0.19809899153819405,1.0
0.19812195687456527,1.0
0.1981449275362319,1.0
0.19816790352504637,1.0
0.19819088484286213,1.0
0.1982138714915333,1.0
0.19823686347291497,1.0
0.1982598607888631,1.0
0.19828286344123447,1.0
0.19830587143188674,1.0
0.19832888476267843,1.0
0.1983519034354689,1.0
0.1983749274521184,1.0
0.19839795681448805,1.0
0.1984209915244398,1.0
0.1984440315838365,1.0
0.19846707699454186,1.0
0.19849012775842045,1.0
0.19851318387733766,1.0
0.19853624535315986,1.0
0.19855931218775416,1.0
0.1985823843829886,1.0
0.19860546194073214,1.0
0.19862854486285447,1.0
0.1986516331512263,1.0
0.19867472680771914,1.0
0.19869782583420534,1.0
0.19872093023255813,1.0
0.1987440400046517,1.0
0.198767155152361,1.0
0.19879027567756194,1.0
0.19881340158213123,1.0
0.19883653286794647,1.0
0.1988596695368862,1.0
0.19888281159082974,1.0
0.19890595903165736,1.0
0.19892911186125015,1.0
0.1989522700814901,1.0
0.1989754336942601,1.0
0.19899860270144387,1.0
0.19902177710492605,1.0
0.19904495690659213,1.0
0.1990681421083285,1.0
0.19909133271202237,1.0
0.19911452871956192,1.0
0.19913773013283617,1.0
0.199160936953735,1.0
0.19918414918414917,1.0
0.1992073668259704,1.0
0.19923058988109116,1.0
0.19925381835140493,1.0
0.19927705223880596,1.0
0.1993002915451895,1.0
0.19932353627245158,1.0
0.1993467864224892,1.0
0.19937004199720018,1.0
0.19939330299848326,1.0
0.19941656942823804,1.0
0.19943984128836503,1.0
0.19946311858076565,1.0
0.19948640130734213,1.0
0.19950968946999767,1.0
0.1995329830706363,1.0
0.199556282111163,1.0
0.1995795865934836,1.0
0.1996028965195048,1.0
0.19962621189113422,1.0
0.19964953271028038,1.0
0.19967285897885267,1.0
0.1996961906987614,1.0
0.19971952787191774,1.0
0.19974287050023376,1.0
0.19976621858562243,1.0
0.19978957212999765,1.0
0.19981293113527418,1.0
0.19983629560336763,1.0
0.1998596655361946,1.0
0.19988304093567252,1.0
0.19990642180371973,1.0
0.1999298081422555,1.0
0.19995319995319996,1.0
0.19997659723847414,1.0
0.2,1.0
0.20002340823970038,1.0
0.200046821959499,1.0
0.20007024116132052,1.0
0.2000936658470905,1.0
0.20011709601873537,1.0
0.20014053167818247,1.0
0.20016397282736004,1.0
0.20018741946819726,1.0
0.20021087160262419,1.0
0.20023432923257176,1.0
0.20025779235997188,1.0
0.2002812609867573,1.0
0.2003047351148617,1.0
0.20032821474621967,1.0
0.20035169988276672,1.0
0.2003751905264392,1.0
0.2003986866791745,1.0
0.20042218834291076,1.0
0.20044569551958716,1.0
0.2004692082111437,1.0
0.20049272641952134,1.0
0.20051625014666197,1.0
0.20053977939450834,1.0
0.20056331416500411,1.0
0.2005868544600939,1.0
0.2006104002817232,1.0
0.20063395163183845,1.0
0.20065750851238698,1.0
0.20068107092531706,1.0
0.2007046388725778,1.0
0.20072821235611935,1.0
0.20075179137789265,1.0
0.20077537593984962,1.0
0.20079896604394312,1.0
0.20082256169212692,1.0
0.20084616288635562,1.0
0.20086976962858485,1.0
0.20089338192077114,1.0
0.20091699976487185,1.0
0.2009406231628454,1.0
0.20096425211665098,1.0
0.20098788662824885,1.0
0.2010115266996001,1.0
0.20103517233266674,1.0
0.20105882352941176,1.0
0.20108248029179904,1.0
0.20110614262179335,1.0
0.20112981052136047,1.0
0.20115348399246705,1.0
0.20117716303708064,1.0
0.20120084765716978,1.0
0.20122453785470387,1.0
0.2012482336316533,1.0
0.2012719349899894,1.0
0.20129564193168434,1.0
0.20131935445871127,1.0
0.2013430725730443,1.0
0.2013667962766584,1.0
0.2013905255715296,1.0
0.20141426045963465,1.0
0.20143800094295145,1.0
0.20146174702345868,1.0
0.20148549870313606,1.0
0.20150925598396416,1.0
0.20153301886792452,1.0
0.20155678735699964,1.0
0.2015805614531729,1.0
0.20160434115842868,1.0
0.20162812647475223,1.0
0.2016519174041298,1.0
0.2016757139485485,1.0
0.20169951610999645,1.0
0.2017233238904627,1.0
0.2017471372919372,1.0
0.20177095631641087,1.0
0.20179478096587555,1.0
0.20181861124232403,1.0
0.2018424471477501,1.0
0.20186628868414835,1.0
0.20189013585351448,1.0
0.201913988657845,1.0
0.20193784709913742,1.0
0.2019617111793902,1.0
0.20198558090060276,1.0
0.2020094562647754,1.0
0.20203333727390946,1.0
0.2020572239300071,1.0
0.20208111623507155,1.0
0.2021050141911069,1.0
0.20212891780011827,1.0
0.20215282706411167,1.0
0.20217674198509406,1.0
0.20220066256507335,1.0
0.20222458880605845,1.0
0.20224852071005917,1.0
0.20227245827908627,1.0
0.20229640151515152,1.0
0.20232035042026755,1.0
0.202344304996448,1.0
0.20236826524570753,1.0
0.20239223117006158,1.0
0.20241620277152672,1.0
0.20244018005212036,1.0
0.20246416301386091,1.0
0.20248815165876777,1.0
0.20251214598886125,1.0
0.2025361460061626,1.0
0.2025601517126941,1.0
0.2025841631104789,1.0
0.2026081802015412,1.0
0.2026322029879061,1.0
0.20265623147159967,1.0
0.20268026565464894,1.0
0.20270430553908195,1.0
0.20272835112692764,1.0
0.20275240242021592,1.0
0.2027764594209777,1.0
0.2028005221312448,1.0
0.20282459055305008,1.0
0.2028486646884273,1.0
0.2028727445394112,1.0
0.20289683010803752,1.0
0.2029209213963429,1.0
0.20294501840636503,1.0
0.2029691211401425,1.0
0.20299322959971494,1.0
0.20301734378712283,1.0
0.20304146370440776,1.0
0.20306558935361216,1.0
0.20308972073677956,1.0
0.20311385785595437,1.0
0.20313800071318197,1.0
0.2031621493105088,1.0
0.20318630364998216,1.0
0.20321046373365043,1.0
0.20323462956356286,1.0
0.20325880114176975,1.0
0.20328297847032234,1.0
0.2033071615512729,1.0
0.2033313503866746,1.0
0.20335554497858163,1.0
0.20337974532904915,1.0
0.2034039514401333,1.0
0.2034281633138912,1.0
0.20345238095238094,1.0
0.20347660435766163,1.0
0.2035008335317933,1.0
0.20352506847683696,1.0
0.2035493091948547,1.0
0.20357355568790947,1.0
0.20359780795806529,1.0
0.2036220660073871,1.0
0.2036463298379409,1.0
0.20367059945179358,1.0
0.20369487485101312,1.0
0.20371915603766838,1.0
0.20374344301382927,1.0
0.2037677357815667,1.0
0.20379203434295254,1.0
0.20381633870005963,1.0
0.20384064885496184,1.0
0.20386496480973398,1.0
0.20388928656645192,1.0
0.20391361412719247,1.0
0.2039379474940334,1.0
0.20396228666905358,1.0
0.20398663165433278,1.0
0.20401098245195176,1.0
0.20403533906399235,1.0
0.20405970149253733,1.0
0.20408406973967042,1.0
0.20410844380747642,1.0
0.2041328236980411,1.0
0.2041572094134512,1.0
0.20418160095579452,1.0
0.20420599832715974,1.0
0.2042304015296367,1.0
0.20425481056531614,1.0
0.20427922543628974,1.0
0.20430364614465032,1.0
0.20432807269249162,1.0
0.20435250508190841,1.0
0.20437694331499642,1.0
0.2044013873938524,1.0
0.20442583732057415,1.0
0.20445029309726043,1.0
0.204474754726011,1.0
0.20449922220892666,1.0
0.20452369554810915,1.0
0.20454817474566128,1.0
0.20457265980368686,1.0
0.20459715072429066,1.0
0.20462164750957854,1.0
0.2046461501616573,1.0
0.20467065868263473,1.0
0.2046951730746197,1.0
0.2047196933397221,1.0
0.20474421948005272,1.0
0.20476875149772347,1.0
0.20479328939484723,1.0
0.20481783317353788,1.0
0.20484238283591033,1.0
0.20486693838408054,1.0
0.20489149982016544,1.0
0.20491606714628297,1.0
0.20494064036455212,1.0
0.20496521947709284,1.0
0.20498980448602616,1.0
0.20501439539347407,1.0
0.2050389922015597,1.0
0.205063594912407,1.0
0.20508820352814114,1.0
0.20511281805088813,1.0
0.2051374384827752,1.0
0.20516206482593038,1.0
0.20518669708248288,1.0
0.20521133525456292,1.0
0.20523597934430166,1.0
0.20526062935383138,1.0
0.20528528528528528,1.0
0.2053099471407977,1.0
0.2053346149225039,1.0
0.20535928863254024,1.0
0.20538396827304412,1.0
0.20540865384615384,1.0
0.2054333453540089,1.0
0.2054580427987497,1.0
0.20548274618251774,1.0
0.2055074555074555,1.0
0.20553217077570654,1.0
0.20555689198941543,1.0
0.20558161915072778,1.0
0.2056063522617902,1.0
0.20563109132475033,1.0
0.2056558363417569,1.0
0.2056805873149597,1.0
0.20570534424650938,1.0
0.20573010713855786,1.0
0.2057548759932579,1.0
0.2057796508127634,1.0
0.2058044315992293,1.0
0.20582921835481152,1.0
0.20585401108166707,1.0
0.20587880978195397,1.0
0.2059036144578313,1.0
0.2059284251114592,1.0
0.2059532417449988,1.0
0.20597806436061228,1.0
0.20600289296046287,1.0
0.2060277275467149,1.0
0.20605256812153364,1.0
0.2060774146870855,1.0
0.20610226724553787,1.0
0.20612712579905923,1.0
0.20615199034981907,1.0
0.20617686089998793,1.0
0.20620173745173745,1.0
0.20622662000724026,1.0
0.20625150856867006,1.0
0.20627640313820156,1.0
0.20630130371801061,1.0
0.20632621031027407,1.0
0.20635112291716975,1.0
0.20637604154087671,1.0
0.20640096618357487,1.0
0.20642589684744533,1.0
0.2064508335346702,1.0
0.20647577624743266,1.0
0.20650072498791686,1.0
0.20652567975830816,1.0
0.20655064056079284,1.0
0.20657560739755831,1.0
0.20660058027079303,1.0
0.2066255591826865,1.0
0.20665054413542927,1.0
0.20667553513121295,1.0
0.20670053217223028,1.0
0.20672553526067497,1.0
0.20675054439874183,1.0
0.20677555958862673,1.0
0.20680058083252661,1.0
0.20682560813263948,1.0
0.20685064149116436,1.0
0.20687568091030142,1.0
0.20690072639225182,1.0
0.20692577793921782,1.0
0.20695083555340277,1.0
0.206975899237011,1.0
0.20700096899224807,1.0
0.20702604482132042,1.0
0.20705112672643566,1.0
0.2070762147098025,1.0
0.20710130877363064,1.0
0.2071264089201309,1.0
0.20715151515151514,1.0
0.20717662746999635,1.0
0.20720174587778856,1.0
0.20722687037710683,1.0
0.20725200097016735,1.0
0.2072771376591874,1.0
0.20730228044638524,1.0
0.20732742933398035,1.0
0.20735258432419315,1.0
0.20737774541924522,1.0
0.20740291262135924,1.0
0.20742808593275883,1.0
0.20745326535566885,1.0
0.20747845089231517,1.0
0.20750364254492473,1.0
0.20752884031572555,1.0
0.20755404420694681,1.0
0.20757925422081866,1.0
0.2076044703595724,1.0
0.2076296926254404,1.0
0.20768015554745411,1.0
0.20770539620807,1.0
0.20773064300474048,1.0
0.20775589593970337,1.0
0.20778115501519756,1.0
0.20780642023346305,1.0
0.20783169159674084,1.0
0.20785696910727317,1.0
0.20788225276730324,1.0
0.20790754257907543,1.0
0.20793283854483513,1.0
0.2079581406668289,1.0
0.20798344894730436,1.0
0.20800876338851024,1.0
0.2080340839926963,1.0
0.20805941076211346,1.0
0.20808474369901375,1.0
0.20811008280565027,1.0
0.20813542808427718,1.0
0.20816077953714981,1.0
0.20818613716652454,1.0
0.20821150097465888,1.0
0.20823687096381138,1.0
0.20826224713624178,1.0
0.20828762949421084,1.0
0.2083130180399805,1.0
0.20833841277581372,1.0
0.20836381370397464,1.0
0.20838922082672845,1.0
0.20841463414634145,1.0
0.20844005366508112,1.0
0.2084654793852159,1.0
0.20849091130901548,1.0
0.2085163494387506,1.0
0.2085417937766931,1.0
0.20856724432511595,1.0
0.2085927010862932,1.0
0.2086181640625,1.0
0.2086436332560127,1.0
0.20866910866910868,1.0
0.20869459030406642,1.0
0.2087200781631656,1.0
0.20874557224868695,1.0
0.2087710725629123,1.0
0.20879657910812463,1.0
0.20882209188660802,1.0
0.20884761090064768,1.0
0.20887313615252995,1.0
0.20889866764454224,1.0
0.2089242053789731,1.0
0.20894974935811225,1.0
0.20897529958425043,1.0
0.20900085605967958,1.0
0.20902641878669276,1.0
0.2090519877675841,1.0
0.2090775630046489,1.0
0.20910314450018352,1.0
0.20912873225648557,1.0
0.20915432627585362,1.0
0.2091799265605875,1.0
0.20920553311298812,1.0
0.2092311459353575,1.0
0.20925676502999876,1.0
0.20928239039921626,1.0
0.20930802204531537,1.0
0.20933365997060266,1.0
0.20935930417738577,1.0
0.20938495466797355,1.0
0.2094106114446759,1.0
0.20943627450980393,1.0
0.20946194386566983,1.0
0.20948761951458691,1.0
0.20951330145886968,1.0
0.20953898970083373,1.0
0.20956468424279584,1.0
0.20959038508707384,1.0
0.20961609223598676,1.0
0.20964180569185475,1.0
0.20966752545699915,1.0
0.20969325153374233,1.0
0.2097189839244079,1.0
0.20974472263132057,1.0
0.20977046765680618,1.0
0.20979621900319176,1.0
0.20982197667280542,1.0
0.20984774066797643,1.0
0.20987351099103524,1.0
0.20989928764431343,1.0
0.2099250706301437,1.0
0.20995085995085996,1.0
0.20997665560879714,1.0
0.21000245760629146,1.0
0.21002826594568022,1.0
0.21005408062930186,1.0
0.210079901659496,1.0
0.2101057290386034,1.0
0.21013156276896594,1.0
0.21015740285292672,1.0
0.21018324929282992,1.0
0.21020910209102092,1.0
0.21023496124984623,1.0
0.21026082677165353,1.0
0.21028669865879168,1.0
0.21031257691361063,1.0
0.21033846153846153,1.0
0.2103643525356967,1.0
0.21039024990766958,1.0
0.2104161536567348,1.0
0.21044206378524813,1.0
0.21046798029556651,1.0
0.21049390319004804,1.0
0.210519832471052,1.0
0.21054576814093878,1.0
0.21057171020207,1.0
0.21059765865680838,1.0
0.21062361350751788,1.0
0.21064957475656354,1.0
0.21067554240631164,1.0
0.21070151645912957,1.0
0.21072749691738593,1.0
0.2107534837834505,1.0
0.21077947705969413,1.0
0.21080547674848896,1.0
0.21083148285220824,1.0
0.2108574953732264,1.0
0.21088351431391905,1.0
0.21090953967666295,1.0
0.2109355714638361,1.0
0.21096160967781755,1.0
0.21098765432098765,1.0
0.21101370539572786,1.0
0.21103976290442084,1.0
0.2110658268494504,1.0
0.21109189723320157,1.0
0.21111797405806054,1.0
0.21114405732641464,1.0
0.21117014704065243,1.0
0.21119624320316363,1.0
0.21122234581633914,1.0
0.21124845488257107,1.0
0.21127457040425268,1.0
0.21130069238377844,1.0
0.21132682082354395,1.0
0.2113529557259461,1.0
0.21137909709338282,1.0
0.21140524492825333,1.0
0.21143139923295806,1.0
0.21145756000989854,1.0
0.21148372726147754,1.0
0.211509900990099,1.0
0.21153608119816808,1.0
0.2115622678880911,1.0
0.2115884610622756,1.0
0.21161466072313026,1.0
0.21164086687306502,1.0
0.21166707951449096,1.0
0.2116932986498204,1.0
0.2117195242814668,1.0
0.21174575641184487,1.0
0.21177199504337052,1.0
0.21179824017846077,1.0
0.21182449181953397,1.0
0.21185074996900954,1.0
0.21187701462930822,1.0
0.21190328580285184,1.0
0.2119295634920635,1.0
0.21195584769936748,1.0
0.21198213842718927,1.0
0.21200843567795558,1.0
0.2120347394540943,1.0
0.2120610497580345,1.0
0.2120873665922065,1.0
0.21211368995904184,1.0
0.2121400198609732,1.0
0.2121663563004345,1.0
0.21219269927986095,1.0
0.21221904880168882,1.0
0.2122454048683557,1.0
0.21227176748230034,1.0
0.21229813664596273,1.0
0.21232451236178407,1.0
0.21235089463220677,1.0
0.2123772834596744,1.0
0.21240367884663186,1.0
0.21243008079552517,1.0
0.2124564893088016,1.0
0.2124829043889096,1.0
0.21250932603829892,1.0
0.21253575425942048,1.0
0.21256218905472637,1.0
0.21258863042666998,1.0
0.2126150783777059,1.0
0.21264153291028992,1.0
0.21266799402687905,1.0
0.2127209360219069,1.0
0.21274741690526577,1.0
0.21277390438247012,1.0
0.21280039845598306,1.0
0.212826899128269,1.0
0.2128534064017935,1.0
0.21287992027902342,1.0
0.21290644076242682,1.0
0.21293296785447297,1.0
0.2129595015576324,1.0
0.21298604187437686,1.0
0.21301258880717935,1.0
0.2130391423585141,1.0
0.2130657025308565,1.0
0.2130922693266833,1.0
0.21311884274847237,1.0
0.2131454227987029,1.0
0.21317200947985532,1.0
0.2131986027944112,1.0
0.2132252027448534,1.0
0.21325180933366608,1.0
0.21327842256333457,1.0
0.2133050424363455,1.0
0.21333166895518663,1.0
0.21335830212234708,1.0
0.21338494194031715,1.0
0.21341158841158842,1.0
0.21343824153865368,1.0
0.213464901324007,1.0
0.21349156777014366,1.0
0.21351824087956023,1.0
0.21354492065475447,1.0
0.21357160709822545,1.0
0.21359830021247345,1.0
0.213625,1.0
0.21365170646330792,1.0
0.21367841960490122,1.0
0.21370513942728522,1.0
0.21373186593296647,1.0
0.21375859912445277,1.0
0.2137853390042532,1.0
0.21381208557487802,1.0
0.21383883883883884,1.0
0.21386559879864847,1.0
0.21389236545682103,1.0
0.21391913881587182,1.0
0.2139459188783175,1.0
0.21397270564667584,1.0
0.21399949912346605,1.0
0.2140262993112085,1.0
0.21405310621242485,1.0
0.21407991982963798,1.0
0.2141067401653721,1.0
0.2141335672221526,1.0
0.21416040100250627,1.0
0.214187241508961,1.0
0.21421408874404613,1.0
0.2142409427102921,1.0
0.2142678034102307,1.0
0.21429467084639497,1.0
0.21432154502131928,1.0
0.2143484259375392,1.0
0.21437531359759157,1.0
0.21440220800401455,1.0
0.21442910915934754,1.0
0.21445601706613127,1.0
0.21448293172690763,1.0
0.21450985314421991,1.0
0.2145367813206126,1.0
0.21456371625863152,1.0
0.21459065796082372,1.0
0.21461760642973754,1.0
0.21464456166792265,1.0
0.2146715236779299,1.0
0.21469849246231157,1.0
0.21472546802362105,1.0
0.21475245036441318,1.0
0.21477943948724393,1.0
0.21480643539467068,1.0
0.21483343808925204,1.0
0.2148604475735479,1.0
0.21488746385011945,1.0
0.21491448692152917,1.0
0.21494151679034085,1.0
0.2149685534591195,1.0
0.2149955969304315,1.0
0.2150226472068445,1.0
0.2150497042909274,1.0
0.21507676818525043,1.0
0.21510383889238516,1.0
0.21513091641490434,1.0
0.2151580007553821,1.0
0.21518509191639384,1.0
0.2152121899005163,1.0
0.21523929471032746,1.0
0.2152664063484066,1.0
0.21529352481733435,1.0
0.2153206501196926,1.0
0.21534778225806453,1.0
0.21537492123503466,1.0
0.21540206705318882,1.0
0.21542921971511408,1.0
0.2154563792233989,1.0
0.21548354558063296,1.0
0.2155107187894073,1.0
0.21553789885231428,1.0
0.21556508577194752,1.0
0.215592279550902,1.0
0.2156194801917739,1.0
0.2156466876971609,1.0
0.21567390206966178,1.0
0.21570112331187682,1.0
0.21572835142640748,1.0
0.21575558641585657,1.0
0.21578282828282827,1.0
0.21581007702992802,1.0
0.21583733265976257,1.0
0.21586459517494,1.0
0.21589186457806972,1.0
0.21591914087176248,1.0
0.21594642405863027,1.0
0.2159737141412865,1.0
0.2160010111223458,1.0
0.2160283150044242,1.0
0.21605562579013907,1.0
0.216082943482109,1.0
0.21611026808295397,1.0
0.2161375995952953,1.0
0.21616493802175563,1.0
0.21619228336495888,1.0
0.21621963562753035,1.0
0.21624699481209667,1.0
0.21627436092128574,1.0
0.21630173395772687,1.0
0.21632911392405063,1.0
0.216356500822889,1.0
0.21638389465687516,1.0
0.2164112954286438,1.0
0.2164387031408308,1.0
0.21646611779607347,1.0
0.21649353939701038,1.0
0.2165209679462815,1.0
0.21654840344652812,1.0
0.21657584590039286,1.0
0.21660329531051964,1.0
0.2166307516795538,1.0
0.21665821501014199,1.0
0.21668568530493218,1.0
0.21671316256657366,1.0
0.21674064679771718,1.0
0.21676813800101472,1.0
0.21679563617911962,1.0
0.21682314133468664,1.0
0.21685065347037177,1.0
0.2168781725888325,1.0
0.2169056986927275,1.0
0.21693323178471693,1.0
0.21696077186746224,1.0
0.21698831894362622,1.0
0.21701587301587302,1.0
0.2170434340868682,1.0
0.21707100215927855,1.0
0.21709857723577236,1.0
0.21712615931901919,1.0
0.21715374841168997,1.0
0.217181344516457,1.0
0.2172089476359939,1.0
0.2172365577729757,1.0
0.21726417493007882,1.0
0.21729179910998092,1.0
0.21731943031536113,1.0
0.2173470685488999,1.0
0.21737471381327905,1.0
0.21740236611118177,1.0
0.2174300254452926,1.0
0.2174576918182975,1.0
0.2174853652328837,1.0
0.21751304569173985,1.0
0.217540733197556,1.0
0.21756842775302354,1.0
0.21759612936083525,1.0
0.2176238380236852,1.0
0.21765155374426898,1.0
0.2176792765252834,1.0
0.21770700636942675,1.0
0.21773474327939865,1.0
0.2177624872579001,1.0
0.2177902383076335,1.0
0.21781799643130256,1.0
0.21784576163161248,1.0
0.21787353391126976,1.0
0.2179013132729823,1.0
0.2179290997194593,1.0
0.21795689325341155,1.0
0.217984693877551,1.0
0.21801250159459115,1.0
0.21804031640724675,1.0
0.21806813831823402,1.0
0.21809596733027053,1.0
0.2181238034460753,1.0
0.21815164666836864,1.0
0.21817949699987232,1.0
0.2182073544433095,1.0
0.21823521900140466,1.0
0.2182630906768838,1.0
0.21829096947247414,1.0
0.21831885539090445,1.0
0.2183467484349048,1.0
0.21837464860720673,1.0
0.21840255591054314,1.0
0.21843047034764826,1.0
0.21845839192125782,1.0
0.21848632063410892,1.0
0.21851425648894005,1.0
0.21854219948849105,1.0
0.21857014963550325,1.0
0.21859810693271936,1.0
0.21862607138288345,1.0
0.21865404298874105,1.0
0.21868202175303902,1.0
0.21871000767852572,1.0
0.21873800076795086,1.0
0.21876600102406554,1.0
0.21879400844962232,1.0
0.21882202304737516,1.0
0.2188500448200794,1.0
0.21887807377049182,1.0
0.21890610990137058,1.0
0.21893415321547527,1.0
0.218990261404408,1.0
0.21901832628476228,1.0
0.21904639835939502,1.0
0.21907447763107293,1.0
0.2191025641025641,1.0
0.21913065777663804,1.0
0.21915875865606566,1.0
0.21918686674361934,1.0
0.21921498204207285,1.0
0.2192431045542014,1.0
0.21927123428278164,1.0
0.21929937123059157,1.0
0.21932751540041068,1.0
0.2193556667950199,1.0
0.21938382541720153,1.0
0.21941199126973937,1.0
0.2194401643554186,1.0
0.2194683446770258,1.0
0.21949653223734908,1.0
0.2195247270391779,1.0
0.2195529290853032,1.0
0.21958113837851728,1.0
0.219609354921614,1.0
0.2196375787173885,1.0
0.21966580976863753,1.0
0.21969404807815915,1.0
0.2197222936487529,1.0
0.21975054648321976,1.0
0.21977880658436214,1.0
0.21980707395498392,1.0
0.21983534859789042,1.0
0.21986363051588834,1.0
0.2198919197117859,1.0
0.21992021618839275,1.0
0.21994851994851994,1.0
0.21997683099498005,1.0
0.220005149330587,1.0
0.2200334749581563,1.0
0.22006180788050475,1.0
0.22009014810045074,1.0
0.220118495620814,1.0
0.22014685044441581,1.0
0.22017521257407885,1.0
0.22020358201262724,1.0
0.2202319587628866,1.0
0.22026034282768397,1.0
0.2202887342098479,1.0
0.22031713291220834,1.0
0.2203455389375967,1.0
0.2203739522888459,1.0
0.2204023729687903,1.0
0.2204308009802657,1.0
0.2204592363261094,1.0
0.2204876790091601,1.0
0.22051612903225806,1.0
0.22054458639824492,1.0
0.22057305110996386,1.0
0.22060152317025947,1.0
0.2206300025819778,1.0
0.22065848934796642,1.0
0.22068698347107438,1.0
0.22071548495415214,1.0
0.22074399380005166,1.0
0.2207725100116264,1.0
0.22080103359173125,1.0
0.22082956454322264,1.0
0.22085810286895838,1.0
0.22088664857179785,1.0
0.22091520165460185,1.0
0.2209437621202327,1.0
0.22097232997155417,1.0
0.22100090521143154,1.0
0.2210294878427315,1.0
0.22105807786832235,1.0
0.22108667529107373,1.0
0.2211152801138569,1.0
0.2211438923395445,1.0
0.22117251197101073,1.0
0.22120113901113125,1.0
0.22122977346278316,1.0
0.22125841532884516,1.0
0.22128706461219733,1.0
0.2213157213157213,1.0
0.22134438544230023,1.0
0.22137305699481866,1.0
0.22140173597616272,1.0
0.22143042238922,1.0
0.2214591162368796,1.0
0.22148781752203214,1.0
0.22151652624756968,1.0
0.2215452424163858,1.0
0.2215739660313756,1.0
0.22160269709543567,1.0
0.22163143561146414,1.0
0.22166018158236056,1.0
0.22168893501102607,1.0
0.22171769590036325,1.0
0.22174646425327624,1.0
0.22177524007267066,1.0
0.2218040233614536,1.0
0.22183281412253375,1.0
0.22186161235882124,1.0
0.22189041807322774,1.0
0.22191923126866642,1.0
0.22194805194805195,1.0
0.22197688011430056,1.0
0.22200571577032996,1.0
0.22203455891905938,1.0
0.22206340956340956,1.0
0.2220922677063028,1.0
0.22212113335066286,1.0
0.22215000649941505,1.0
0.22217888715548623,1.0
0.22220777532180472,1.0
0.2222366710013004,1.0
0.22226557419690468,1.0
0.22229448491155046,1.0
0.22232340314817223,1.0
0.22235232890970597,1.0
0.22238126219908913,1.0
0.2224102030192608,1.0
0.22243915137316153,1.0
0.2224681072637334,1.0
0.22249707069392005,1.0
0.22252604166666667,1.0
0.2225550201849199,1.0
0.22258400625162802,1.0
0.22261299986974079,1.0
0.2226420010422095,1.0
0.22267100977198698,1.0
0.22270002606202763,1.0
0.22272904991528736,1.0
0.22275808133472366,1.0
0.22278712032329553,1.0
0.2228161668839635,1.0
0.22284522101968965,1.0
0.22287428273343765,1.0
0.22293242890686146,1.0
0.22296151337247228,1.0
0.22299060542797494,1.0
0.22301970507634086,1.0
0.22304881232054294,1.0
0.22307792716355568,1.0
0.2231070496083551,1.0
0.2231361796579188,1.0
0.2231653173152259,1.0
0.22319446258325715,1.0
0.22322361546499478,1.0
0.2232527759634226,1.0
0.223281944081526,1.0
0.2233111198222919,1.0
0.22334030318870884,1.0
0.22336949418376684,1.0
0.22339869281045752,1.0
0.2234278990717741,1.0
0.2234571129707113,1.0
0.22348633451026545,1.0
0.22351556369343448,1.0
0.2235448005232178,1.0
0.22357404500261643,1.0
0.223603297134633,1.0
0.22363255692227166,1.0
0.22366182436853815,1.0
0.22369109947643978,1.0
0.22372038224898547,1.0
0.22374967268918566,1.0
0.22377897080005238,1.0
0.22380827658459926,1.0
0.22383759004584153,1.0
0.2238669111867959,1.0
0.2238962400104808,1.0
0.22392557651991615,1.0
0.22395492071812345,1.0
0.2239842726081258,1.0
0.22401363219294795,1.0
0.22404299947561615,1.0
0.22407237445915826,1.0
0.22410175714660371,1.0
0.2241311475409836,1.0
0.22416054564533053,1.0
0.22418995146267873,1.0
0.224219364996064,1.0
0.2242782152230971,1.0
0.2243076519228245,1.0
0.22433709635074822,1.0
0.22436654850991203,1.0
0.22439600840336135,1.0
0.22442547603414315,1.0
0.22445495140530602,1.0
0.22448443451990016,1.0
0.2245139253809774,1.0
0.2245434239915911,1.0
0.2245729303547963,1.0
0.22460244447364963,1.0
0.22463196635120924,1.0
0.22466149599053503,1.0
0.2246910333946884,1.0
0.22472057856673242,1.0
0.22475013150973172,1.0
0.2247796922267526,1.0
0.22480926072086294,1.0
0.2248388369951322,1.0
0.22486842105263158,1.0
0.22489801289643374,1.0
0.22492761252961305,1.0
0.22495721995524548,1.0
0.22498683517640863,1.0
0.2250164581961817,1.0
0.2250460890176455,1.0
0.22507572764388253,1.0
0.22510537407797682,1.0
0.2251350283230141,1.0
0.2251646903820817,1.0
0.22519436025826856,1.0
0.22522403795466525,1.0
0.22525372347436404,1.0
0.22528341682045874,1.0
0.22531311799604484,1.0
0.2253428270042194,1.0
0.22537254384808122,1.0
0.22540226853073067,1.0
0.22543200105526975,1.0
0.2254617414248021,1.0
0.22549148964243304,1.0
0.22552124571126947,1.0
0.22555100963441996,1.0
0.2255807814149947,1.0
0.2256105610561056,1.0
0.22564034856086612,1.0
0.2256701439323914,1.0
0.2256999471737982,1.0
0.225729758288205,1.0
0.22575957727873183,1.0
0.22578940414850046,1.0
0.22581923890063424,1.0
0.22584908153825822,1.0
0.22587893206449908,1.0
0.22590879048248513,1.0
0.2259386567953464,1.0
0.22596853100621447,1.0
0.2259984131182227,1.0
0.22602830313450603,1.0
0.22605820105820107,1.0
0.2260881068924461,1.0
0.22611802064038106,1.0
0.22614794230514754,1.0
0.22617787188988883,1.0
0.22620780939774984,1.0
0.22623775483187716,1.0
0.22626770819541903,1.0
0.2262976694915254,1.0
0.2263276387233479,1.0
0.22635761589403974,1.0
0.22638760100675587,1.0
0.2264175940646529,1.0
0.2264475950708891,1.0
0.22647760402862444,1.0
0.22650762094102053,1.0
0.22653764581124072,1.0
0.22656767864244995,1.0
0.2265977194378149,1.0
0.2266277682005039,1.0
0.226657824933687,1.0
0.22668788964053588,1.0
0.22671796232422392,1.0
0.22674804298792622,1.0
0.22677813163481952,1.0
0.22680822826808228,1.0
0.2268383328908946,1.0
0.22686844550643834,1.0
0.22689856611789697,1.0
0.22692869472845573,1.0
0.22695883134130146,1.0
0.22698897595962278,1.0
0.22701912858661,1.0
0.22704928922545503,1.0
0.22707945787935158,1.0
0.22710963455149502,1.0
0.2271398192450824,1.0
0.22717001196331252,1.0
0.2272002127093858,1.0
0.22723042148650446,1.0
0.22726063829787235,1.0
0.22729086314669503,1.0
0.22732109603617984,1.0
0.22735133696953572,1.0
0.2273815859499734,1.0
0.22741184298070527,1.0
0.22744210806494544,1.0
0.22747238120590976,1.0
0.22750266240681577,1.0
0.2275329516708827,1.0
0.22756324900133157,1.0
0.227593554401385,1.0
0.22762386787426744,1.0
0.227654189423205,1.0
0.22768451905142553,1.0
0.22771485676215855,1.0
0.2277452025586354,1.0
0.22777555644408903,1.0
0.2278059184217542,1.0
0.22783628849486734,1.0
0.22786666666666666,1.0
0.22789705294039206,1.0
0.22792744731928513,1.0
0.2279578498065893,1.0
0.22798826040554962,1.0
0.22801867911941295,1.0
0.2280491059514278,1.0
0.22807954090484453,1.0
0.2281099839829151,1.0
0.22814043518889335,1.0
0.2281708945260347,1.0
0.22820136199759647,1.0
0.2282318376068376,1.0
0.22826232135701882,1.0
0.22829281325140263,1.0
0.22832331329325317,1.0
0.22835382148583644,1.0
0.22838433783242015,1.0
0.22841486233627373,1.0
0.22844539500066835,1.0
0.228475935828877,1.0
0.22850648482417435,1.0
0.22853704198983685,1.0
0.2285676073291427,1.0
0.22859818084537187,1.0
0.22862876254180603,1.0
0.22865935242172866,1.0
0.228689950488425,1.0
0.22872055674518202,1.0
0.22875117119528846,1.0
0.22878179384203481,1.0
0.22881242468871335,1.0
0.2288430637386181,1.0
0.22887371099504486,1.0
0.2289043664612912,1.0
0.2289350301406564,1.0
0.2289657020364416,1.0
0.22899638215194962,1.0
0.22902707049048512,1.0
0.22905776705535452,1.0
0.22908847184986594,1.0
0.2291191848773294,1.0
0.2291499061410566,1.0
0.229180635644361,1.0
0.22921137339055794,1.0
0.22924211938296446,1.0
0.22927287362489937,1.0
0.22930363611968335,1.0
0.22933440687063875,1.0
0.22936518588108978,1.0
0.22939597315436241,1.0
0.2294267686937844,1.0
0.22945757250268528,1.0
0.2294883845843964,1.0
0.22951920494225087,1.0
0.22955003357958362,1.0
0.22958087049973133,1.0
0.2296117157060325,1.0
0.22964256920182746,1.0
0.22967343099045828,1.0
0.22970430107526882,1.0
0.22973517945960478,1.0
0.22976606614681366,1.0
0.22979696114024473,1.0
0.22982786444324907,1.0
0.22985877605917956,1.0
0.22988969599139092,1.0
0.2299206242432396,1.0
0.22995156081808396,1.0
0.22998250571928408,1.0
0.2300134589502019,1.0
0.2300444205142011,1.0
0.23007539041464728,1.0
0.23010636865490777,1.0
0.23013735523835174,1.0
0.23016835016835016,1.0
0.23019935344827586,1.0
0.23023036508150344,1.0
0.23026138507140934,1.0
0.23029241342137177,1.0
0.2303234501347709,1.0
0.23035449521498855,1.0
0.23038554866540847,1.0
0.2304166104894162,1.0
0.23044768069039914,1.0
0.23047875927174646,1.0
0.2305098462368492,1.0
0.23054094158910024,1.0
0.23057204533189424,1.0
0.23060315746862772,1.0
0.23063427800269906,1.0
0.23066540693750845,1.0
0.2306965442764579,1.0
0.23072769002295127,1.0
0.23075884418039427,1.0
0.23079000675219447,1.0
0.2308211777417612,1.0
0.23085235715250574,1.0
0.2308835449878411,1.0
0.23091474125118228,1.0
0.23094594594594595,1.0
0.23097715907555075,1.0
0.23100838064341714,1.0
0.2310396106529674,1.0
0.23107084910762574,1.0
0.23110209601081813,1.0
0.2311333513659724,1.0
0.23116461517651832,1.0
0.23119588744588745,1.0
0.23122716817751318,1.0
0.23125845737483086,1.0
0.23128975504127758,1.0
0.23132106118029236,1.0
0.2313523757953161,1.0
0.2313836988897915,1.0
0.23141503046716316,1.0
0.23144637053087758,1.0
0.23147771908438305,1.0
0.23150907613112978,1.0
0.23154044167456983,1.0
0.2315718157181572,1.0
0.23160319826534762,1.0
0.2316345893195988,1.0
0.23166598888437034,1.0
0.23169739696312364,1.0
0.23172881355932204,1.0
0.2317602386764307,1.0
0.23179167231791672,1.0
0.23182311448724904,1.0
0.23185456518789851,1.0
0.23188602442333786,1.0
0.23191749219704166,1.0
0.23194896851248642,1.0
0.23198045337315054,1.0
0.23201194678251424,1.0
0.23204344874405974,1.0
0.23207495926127106,1.0
0.23210647833763412,1.0
0.23213800597663678,1.0
0.23216954218176877,1.0
0.23220108695652175,1.0
0.23223264030438917,1.0
0.23226420222886654,1.0
0.23229577273345114,1.0
0.2323273518216422,1.0
0.23235893949694086,1.0
0.23239053576285015,1.0
0.23242214062287503,1.0
0.2324537540805223,1.0
0.2324853761393008,1.0
0.23251700680272108,1.0
0.23254864607429582,1.0
0.23258029395753946,1.0
0.2326119504559684,1.0
0.232643615573101,1.0
0.23267528931245746,1.0
0.2327069716775599,1.0
0.23273866267193244,1.0
0.23277036229910106,1.0
0.23280207056259367,1.0
0.23283378746594005,1.0
0.23286551301267203,1.0
0.23289724720632324,1.0
0.23292899005042933,1.0
0.2329607415485278,1.0
0.23299250170415814,1.0
0.23302427052086175,1.0
0.2330560480021819,1.0
0.23308783415166393,1.0
0.233119628972855,1.0
0.23315143246930423,1.0
0.2331832446445627,1.0
0.2332150655021834,1.0
0.2332468950457213,1.0
0.23327873327873327,1.0
0.23331058020477816,1.0
0.2333424358274167,1.0
0.23337430015021166,1.0
0.23340617317672768,1.0
0.23343805491053135,1.0
0.23346994535519125,1.0
0.2335018445142779,1.0
0.23353375239136376,1.0
0.23356566899002323,1.0
0.2335975943138327,1.0
0.23362952836637046,1.0
0.23366147115121685,1.0
0.23369342267195406,1.0
0.2337253829321663,1.0
0.23375735193543976,1.0
0.2337893296853625,1.0
0.2338213161855247,1.0
0.23385331143951835,1.0
0.23388531545093746,1.0
0.23391732822337805,1.0
0.23394934976043805,1.0
0.23398138006571742,1.0
0.234013419142818,1.0
0.23404546699534373,1.0
0.23407752362690043,1.0
0.23410958904109588,1.0
0.23414166324153993,1.0
0.23417374623184434,1.0
0.23420583801562286,1.0
0.23423793859649122,1.0
0.23427004797806716,1.0
0.2343021661639704,1.0
0.23433429315782256,1.0
0.2343664289632474,1.0
0.23439857358387053,1.0
0.23443072702331963,1.0
0.23446288928522432,1.0
0.23449506037321624,1.0
0.23452724029092906,1.0
0.23455942904199836,1.0
0.23459162663006178,1.0
0.23462383305875892,1.0
0.23465604833173143,1.0
0.23468827245262291,1.0
0.23472050542507897,1.0
0.23475274725274725,1.0
0.23478499793927737,1.0
0.23481725748832097,1.0
0.23484952590353167,1.0
0.23488180318856514,1.0
0.23491408934707902,1.0
0.23494638438273302,1.0
0.23497868829918878,1.0
0.23501100110011,1.0
0.23504332278916243,1.0
0.23507565337001377,1.0
0.23510799284633374,1.0
0.23514034122179417,1.0
0.2351726985000688,1.0
0.23520506468483346,1.0
0.235237439779766,1.0
0.23526982378854625,1.0
0.23530221671485613,1.0
0.2353346185623795,1.0
0.23536702933480236,1.0
0.23539944903581267,1.0
0.23543187766910043,1.0
0.23546431523835767,1.0
0.2354967617472785,1.0
0.235529217199559,1.0
0.23556168159889732,1.0
0.23559415494899366,1.0
0.23562663725355026,1.0
0.23565912851627138,1.0
0.23569162874086333,1.0
0.23572413793103447,1.0
0.23575665609049523,1.0
0.23578918322295805,1.0
0.23582171933213744,1.0
0.23585426442174992,1.0
0.23588681849551416,1.0
0.23591938155715075,1.0
0.23595195361038243,1.0
0.235984534658934,1.0
0.23601712470653224,1.0
0.23604972375690608,1.0
0.23608233181378643,1.0
0.23611494888090634,1.0
0.23614757496200084,1.0
0.23618021006080708,1.0
0.23621285418106427,1.0
0.2362455073265137,1.0
0.23627816950089867,1.0
0.2363108407079646,1.0
0.236343520951459,1.0
0.2363762102351314,1.0
0.23640890856273344,1.0
0.23644161593801882,1.0
0.23647433236474333,1.0
0.23650705784666481,1.0
0.23653979238754325,1.0
0.23657253599114064,1.0
0.2366052886612211,1.0
0.2366380504015508,1.0
0.23667082121589808,1.0
0.23670360110803323,1.0
0.23673639008172878,1.0
0.2367691881407592,1.0
0.2368019952889012,1.0
0.2368348115299335,1.0
0.23686763686763687,1.0
0.23690047130579428,1.0
0.23693331484819077,1.0
0.23696616749861343,1.0
0.23699902926085148,1.0
0.23703190013869627,1.0
0.23706478013594118,1.0
0.2370976692563818,1.0
0.23713056750381573,1.0
0.23716347488204273,1.0
0.23719639139486468,1.0
0.23722931704608552,1.0
0.2372622518395113,1.0
0.23729519577895028,1.0
0.23732814886821274,1.0
0.2373611111111111,1.0
0.23739408251145994,1.0
0.23742706307307584,1.0
0.2374600527997777,1.0
0.23749305169538631,1.0
0.23752605976372482,1.0
0.23755907700861828,1.0
0.23759210343389406,1.0
0.23762513904338153,1.0
0.23765818384091225,1.0
0.2376912378303199,1.0
0.23772430101544026,1.0
0.2377573734001113,1.0
0.23779045498817308,1.0
0.23782354578346784,1.0
0.23785664578983995,1.0
0.23788975501113585,1.0
0.23792287345120422,1.0
0.23795600111389584,1.0
0.23798913800306365,1.0
0.23802228412256268,1.0
0.23805543947625019,1.0
0.23808860406798552,1.0
0.2381217779016302,1.0
0.23815496098104794,1.0
0.23818815331010454,1.0
0.23822135489266796,1.0
0.2382545657326084,1.0
0.23828778583379812,1.0
0.23832101520011156,1.0
0.23835425383542538,1.0
0.23838750174361836,1.0
0.23842075892857142,1.0
0.2384540253941677,1.0
0.23848730114429248,1.0
0.23852058618283323,1.0
0.2385538805136795,1.0
0.23858718414072316,1.0
0.23862049706785815,1.0
0.23865381929898058,1.0
0.23868715083798883,1.0
0.23872049168878334,1.0
0.23875384185526682,1.0
0.23878720134134415,1.0
0.2388205701509223,1.0
0.23885394828791054,1.0
0.2388873357562203,1.0
0.23892073255976512,1.0
0.23895413870246085,1.0
0.23898755418822543,1.0
0.23902097902097902,1.0
0.23905441320464402,1.0
0.23908785674314492,1.0
0.23912130964040856,1.0
0.23915477190036383,1.0
0.23918824352694193,1.0
0.23922172452407614,1.0
0.2392552148957021,1.0
0.2392887146457575,1.0
0.23932222377818232,1.0
0.23935574229691878,1.0
0.2393892702059112,1.0
0.2394228075091062,1.0
0.23945635421045258,1.0
0.23948991031390135,1.0
0.23952347582340575,1.0
0.23955705074292122,1.0
0.23959063507640543,1.0
0.23962422882781828,1.0
0.23965783200112187,1.0
0.2396914446002805,1.0
0.23972506662926077,1.0
0.23975869809203143,1.0
0.2397923389925635,1.0
0.2398259893348302,1.0
0.23985964912280702,1.0
0.23989331836047165,1.0
0.239926997051804,1.0
0.23996068520078628,1.0
0.2399943828114029,1.0
0.24002808988764046,1.0
0.24006180643348785,1.0
0.24009553245293622,1.0
0.24012926794997894,1.0
0.24016301292861159,1.0
0.24019676739283205,1.0
0.24023053134664044,1.0
0.2402643047940391,1.0
0.24029808773903263,1.0
0.2403318801856279,1.0
0.24036568213783405,1.0
0.2403994935996624,1.0
0.24043331457512662,1.0
0.24046714506824257,1.0
0.24050098508302842,1.0
0.24053483462350458,1.0
0.24056869369369369,1.0
0.24060256229762073,1.0
0.24063644043931287,1.0
0.2406703281227996,1.0
0.24070422535211267,1.0
0.2407381321312861,1.0
0.2408059743553614,1.0
0.24083990980834272,1.0
0.2408738548273432,1.0
0.24090780941640824,1.0
0.24094177357958552,1.0
0.240975747320925,1.0
0.24100973064447892,1.0
0.24104372355430184,1.0
0.24107772605445055,1.0
0.2411117381489842,1.0
0.24114575984196415,1.0
0.24117979113745414,1.0
0.24121383203952013,1.0
0.24124788255223037,1.0
0.24128194267965553,1.0
0.2413160124258684,1.0
0.2413500917949442,1.0
0.24138418079096044,1.0
0.2414182794179969,1.0
0.24145238768013563,1.0
0.24148650558146106,1.0
0.24152063312605992,1.0
0.2415547703180212,1.0
0.24158891716143624,1.0
0.2416230736603987,1.0
0.24165723981900453,1.0
0.241691415641352,1.0
0.24172560113154173,1.0
0.2417597962936766,1.0
0.24179400113186192,1.0
0.24182821565020518,1.0
0.2418624398528163,1.0
0.2418966737438075,1.0
0.24193091732729333,1.0
0.24196517060739062,1.0
0.24199943358821863,1.0
0.2420337062738989,1.0
0.24206798866855525,1.0
0.24210228077631393,1.0
0.2421365826013035,1.0
0.2421708941476548,1.0
0.24220521541950113,1.0
0.24223954642097803,1.0
0.24227388715622342,1.0
0.24230823762937756,1.0
0.2423425978445831,1.0
0.24237696780598497,1.0
0.2424113475177305,1.0
0.24244573698396935,1.0
0.24248013620885359,1.0
0.24251454519653753,1.0
0.24254896395117798,1.0
0.242583392476934,1.0
0.24261783077796706,1.0
0.242652278858441,1.0
0.242686736722522,1.0
0.24272120437437864,1.0
0.24275568181818183,1.0
0.24279016905810485,1.0
0.2428246660983234,1.0
0.24285917294301548,1.0
0.24289368959636157,1.0
0.24292821606254442,1.0
0.2429627523457492,1.0
0.24299729845016352,1.0
0.24303185437997724,1.0
0.24306642013938273,1.0
0.24310099573257468,1.0
0.24313558116375017,1.0
0.2431701764371087,1.0
0.24320478155685213,1.0
0.24323939652718474,1.0
0.24327402135231316,1.0
0.24330865603644647,1.0
0.2433433005837961,1.0
0.2433779549985759,1.0
0.24341261928500213,1.0
0.24344729344729343,1.0
0.2434819774896709,1.0
0.24351667141635794,1.0
0.24355137523158044,1.0
0.2435860889395667,1.0
0.2436208125445474,1.0
0.24365554605075562,1.0
0.24369028946242693,1.0
0.2437250427837992,1.0
0.24375980601911282,1.0
0.24379457917261055,1.0
0.2438293622485376,1.0
0.24386415525114155,1.0
0.24389895818467247,1.0
0.24393377105338282,1.0
0.24396859386152747,1.0
0.2440034266133638,1.0
0.2440382693131515,1.0
0.24407312196515282,1.0
0.24410798457363234,1.0
0.24414285714285713,1.0
0.24417773967709672,1.0
0.24421263218062303,1.0
0.24424753465771046,1.0
0.2442824471126358,1.0
0.24431736954967834,1.0
0.24435230197311983,1.0
0.24438724438724438,1.0
0.24442219679633867,1.0
0.24445715920469174,1.0
0.24449213161659514,1.0
0.24452711403634284,1.0
0.24456210646823126,1.0
0.24459710891655934,1.0
0.2446321213856284,1.0
0.2446671438797423,1.0
0.24470217640320732,1.0
0.24473721896033224,1.0
0.24477227155542824,1.0
0.24480733419280906,1.0
0.24484240687679082,1.0
0.24487748961169223,1.0
0.24491258240183433,1.0
0.2449476852515408,1.0
0.24498279816513763,1.0
0.2450179211469534,1.0
0.24505305420131918,1.0
0.24508819733256848,1.0
0.24512335054503728,1.0
0.2451585138430641,1.0
0.24519368723098997,1.0
0.24522887071315827,1.0
0.24526406429391504,1.0
0.24529926797760873,1.0
0.2453344817685903,1.0
0.24536970567121322,1.0
0.24540493968983343,1.0
0.24544018382880942,1.0
0.24547543809250216,1.0
0.2455107024852751,1.0
0.24554597701149425,1.0
0.2455812616755281,1.0
0.24561655648174763,1.0
0.2456518614345264,1.0
0.24568717653824038,1.0
0.24572250179726815,1.0
0.2457578372159908,1.0
0.2457931827987919,1.0
0.24582853855005754,1.0
0.2458639044741764,1.0
0.24589928057553956,1.0
0.2459346668585408,1.0
0.2459700633275763,1.0
0.24600546998704476,1.0
0.24604088684134753,1.0
0.2460763138948884,1.0
0.24611175115207373,1.0
0.2461471986173124,1.0
0.24618265629501584,1.0
0.24621812418959804,1.0
0.2462536023054755,1.0
0.2462890906470673,1.0
0.24632458921879505,1.0
0.24636009802508288,1.0
0.24639561707035756,1.0
0.2464311463590483,1.0
0.24646668589558696,1.0
0.2465022356844079,1.0
0.24653779572994808,1.0
0.24657336603664695,1.0
0.2466089466089466,1.0
0.24664453745129167,1.0
0.24668013856812934,1.0
0.24671574996390935,1.0
0.24675137164308403,1.0
0.2467870036101083,1.0
0.24682264586943964,1.0
0.24685829842553805,1.0
0.24689396128286623,1.0
0.24692963444588933,1.0
0.24696531791907514,1.0
0.24700101170689406,1.0
0.24703671581381903,1.0
0.24707243024432557,1.0
0.24710815500289185,1.0
0.24714389009399856,1.0
0.24717963552212902,1.0
0.24721539129176914,1.0
0.2472511574074074,1.0
0.24728693387353495,1.0
0.24732272069464545,1.0
0.2473585178752352,1.0
0.24739432541980313,1.0
0.24743014333285074,1.0
0.24746597161888212,1.0
0.24750181028240406,1.0
0.24753765932792585,1.0
0.24757351875995945,1.0
0.24760938858301942,1.0
0.24764526880162296,1.0
0.24768115942028984,1.0
0.24771706044354255,1.0
0.24775297187590606,1.0
0.24778889372190807,1.0
0.24782482598607888,1.0
0.24786076867295143,1.0
0.2478967217870612,1.0
0.24793268533294646,1.0
0.247968659315148,1.0
0.24800464373820927,1.0
0.24804063860667636,1.0
0.24807664392509798,1.0
0.24811265969802554,1.0
0.24814868593001307,1.0
0.2481847226256172,1.0
0.24822076978939725,1.0
0.24825682742591518,1.0
0.24829289553973558,1.0
0.24832897413542576,1.0
0.24836506321755558,1.0
0.24840116279069768,1.0
0.24843727285942724,1.0
0.2484733934283222,1.0
0.24850952450196306,1.0
0.2485456660849331,1.0
0.24858181818181818,1.0
0.24861798079720687,1.0
0.24865415393569038,1.0
0.24869033760186263,1.0
0.2487265318003202,1.0
0.2487627365356623,1.0
0.2487989518124909,1.0
0.2488351776354106,1.0
0.24887141400902868,1.0
0.24890766093795513,1.0
0.24894391842680264,1.0
0.2489801864801865,1.0
0.24901646510272477,1.0
0.24905275429903817,1.0
0.24908905407375018,1.0
0.2491253644314869,1.0
0.2491616853768771,1.0
0.24919801691455234,1.0
0.24923435904914687,1.0
0.24927071178529756,1.0
0.24930707512764405,1.0
0.2493434490808287,1.0
0.24937983364949656,1.0
0.24945263465187564,1.0
0.2494890510948905,1.0
0.2495254781719959,1.0
0.24956191588785046,1.0
0.2495983642471155,1.0
0.24963482325445516,1.0
0.24967129291453616,1.0
0.24970777323202806,1.0
0.2497442642116031,1.0
0.24978076585793627,1.0
0.24981727817570532,1.0
0.24985380116959063,1.0
0.24989033484427547,1.0
0.24992687920444576,1.0
0.24996343425479012,1.0
0.25,1.0
0.25003657644476956,1.0
0.2500731635937957,1.0
0.25010976145177816,1.0
0.2501463700234192,1.0
0.2501829893134241,1.0
0.2502196193265007,1.0
0.2502929115407147,1.0
0.2503295737512817,1.0
0.25036624670377966,1.0
0.2504029304029304,1.0
0.2504396248534584,1.0
0.25047633006009085,1.0
0.2505130460275579,1.0
0.2505497727605923,1.0
0.25058651026392964,1.0
0.25062325854230827,1.0
0.25066001760046935,1.0
0.2506967874431568,1.0
0.2507335680751174,1.0
0.2507703595011005,1.0
0.25080716172585854,1.0
0.2508439747541465,1.0
0.25088079859072226,1.0
0.2509176332403465,1.0
0.25095447870778265,1.0
0.250991334997797,1.0
0.25102820211515864,1.0
0.25106508006463935,1.0
0.2511019688510138,1.0
0.25113886847905953,1.0
0.25117577895355675,1.0
0.25121270027928855,1.0
0.2512496324610409,1.0
0.2512865755036024,1.0
0.2513235294117647,1.0
0.2513604941903221,1.0
0.2513974698440718,1.0
0.25143445637781375,1.0
0.2514714537963508,1.0
0.2515084621044886,1.0
0.25154548130703563,1.0
0.25158251140880317,1.0
0.25161955241460543,1.0
0.2516566043292593,1.0
0.2516936671575847,1.0
0.25173074090440417,1.0
0.2517678255745433,1.0
0.25180492117283043,1.0
0.2518420277040967,1.0
0.2518791451731761,1.0
0.25191627358490565,1.0
0.25195341294412504,1.0
0.2519905632556768,1.0
0.2520277245244064,1.0
0.25206489675516225,1.0
0.2521020799527954,1.0
0.2521392741221599,1.0
0.2521764792681127,1.0
0.2522136953955136,1.0
0.2522509225092251,1.0
0.2522881606141128,1.0
0.252325409715045,1.0
0.2523626698168931,1.0
0.2523999409245311,1.0
0.25243722304283606,1.0
0.25247451617668787,1.0
0.25251182033096925,1.0
0.25254913551056596,1.0
0.25258646172036653,1.0
0.2526237989652624,1.0
0.2526611472501478,1.0
0.25269850657992016,1.0
0.25273587695947947,1.0
0.2527732583937287,1.0
0.252810650887574,1.0
0.25284805444592395,1.0
0.2528854690736904,1.0
0.25292289477578805,1.0
0.2529603315571344,1.0
0.2529977794226499,1.0
0.25303523837725794,1.0
0.2530727084258848,1.0
0.2531101895734597,1.0
0.2531476818249148,1.0
0.2531851851851852,1.0
0.2532226996592088,1.0
0.2532602252519265,1.0
0.2532977619682822,1.0
0.25333530981322266,1.0
0.25337286879169757,1.0
0.25341043890865955,1.0
0.2534480201690642,1.0
0.25348561257787006,1.0
0.2535232161400386,1.0
0.2535608308605341,1.0
0.2535984567443241,1.0
0.25363609379637875,1.0
0.25367374202167137,1.0
0.2537114014251782,1.0
0.25374907201187824,1.0
0.2537867537867538,1.0
0.2538244467547898,1.0
0.25386215092097447,1.0
0.2538998662902986,1.0
0.2539375928677563,1.0
0.2539753306583445,1.0
0.25401307966706305,1.0
0.2540508398989148,1.0
0.25408861135890576,1.0
0.2541263940520446,1.0
0.2541641879833432,1.0
0.25420199315781644,1.0
0.254239809580482,1.0
0.25427763725636066,1.0
0.2543154761904762,1.0
0.25435332638785535,1.0
0.2543911878535278,1.0
0.2544290605925264,1.0
0.25446694460988684,1.0
0.2545048399106478,1.0
0.25454274649985104,1.0
0.25458066438254134,1.0
0.25461859356376637,1.0
0.25465653404857697,1.0
0.2546944858420268,1.0
0.25473244894917274,1.0
0.25477042337507455,1.0
0.25480840912479497,1.0
0.25484640620339993,1.0
0.25488441461595823,1.0
0.25492243436754175,1.0
0.2549604654632254,1.0
0.25499850790808715,1.0
0.2550365617072079,1.0
0.2550746268656716,1.0
0.25511270338856545,1.0
0.2551507912809794,1.0
0.2551888905480066,1.0
0.2552270011947431,1.0
0.25526512322628825,1.0
0.2553032566477442,1.0
0.25534140146421636,1.0
0.2553795576808129,1.0
0.25541772530264534,1.0
0.2554559043348281,1.0
0.2554940947824787,1.0
0.2555322966507177,1.0
0.25557050994466873,1.0
0.25560873466945855,1.0
0.2556469708302169,1.0
0.2556852184320766,1.0
0.2557234774801736,1.0
0.2557617479796468,1.0
0.2558000299356384,1.0
0.25583832335329343,1.0
0.25587662823776014,1.0
0.2559149445941899,1.0
0.255953272427737,1.0
0.255991611743559,1.0
0.2560299625468165,1.0
0.25606832484267306,1.0
0.25610669863629554,1.0
0.25614508393285373,1.0
0.2561834807375206,1.0
0.2562218890554723,1.0
0.25626030889188783,1.0
0.2562987402519496,1.0
0.256337183140843,1.0
0.25637563756375636,1.0
0.25641410352588145,1.0
0.256452581032413,1.0
0.2564910700885487,1.0
0.2565295706994896,1.0
0.25656808287043986,1.0
0.2566066066066066,1.0
0.2566451419132002,1.0
0.2566836887954341,1.0
0.2567222472585249,1.0
0.2567608173076923,1.0
0.2567993989481593,1.0
0.2568379921851518,1.0
0.256876597023899,1.0
0.2569152134696332,1.0
0.2569538415275898,1.0
0.2569924812030075,1.0
0.25703113250112797,1.0
0.25706979542719616,1.0
0.25710846998646003,1.0
0.25714715618417094,1.0
0.25718585402558314,1.0
0.25722456351595424,1.0
0.25726328466054493,1.0
0.2573020174646191,1.0
0.25734076193344374,1.0
0.25737951807228915,1.0
0.2574182858864287,1.0
0.2574570653811389,1.0
0.25749585656169954,1.0
0.2575346594333936,1.0
0.25757347400150715,1.0
0.25761230027132953,1.0
0.25765113824815317,1.0
0.2576899879372738,1.0
0.2577288493439904,1.0
0.2577677224736048,1.0
0.2578066073314225,1.0
0.25784550392275196,1.0
0.25788441225290476,1.0
0.2579233323271959,1.0
0.2579622641509434,1.0
0.2580012077294686,1.0
0.258040163068096,1.0
0.25807913017215345,1.0
0.25811810904697174,1.0
0.2581570996978852,1.0
0.25819610213023114,1.0
0.25823511634935026,1.0
0.2582741423605864,1.0
0.25831318016928656,1.0
0.2583522297808012,1.0
0.2583912912004838,1.0
0.2584303644336912,1.0
0.25846944948578343,1.0
0.2585085463621237,1.0
0.25854765506807864,1.0
0.258586775609018,1.0
0.25862590799031476,1.0
0.25866505221734526,1.0
0.25870420829548896,1.0
0.25874337623012866,1.0
0.2587825560266505,1.0
0.25882174769044375,1.0
0.25886095122690095,1.0
0.25890016664141796,1.0
0.2589393939393939,1.0
0.25897863312623126,1.0
0.25901788420733557,1.0
0.2590571471881158,1.0
0.25909642207398426,1.0
0.2591357088703563,1.0
0.2591750075826509,1.0
0.25921431821629,1.0
0.25925364077669905,1.0
0.2592929752693066,1.0
0.2593323216995448,1.0
0.25937168007284866,1.0
0.25941105039465695,1.0
0.2594504326704114,1.0
0.2594898269055572,1.0
0.2595292331055429,1.0
0.2595686512758202,1.0
0.25960808142184416,1.0
0.2596475235490732,1.0
0.25968697766296917,1.0
0.25972644376899695,1.0
0.25976592187262504,1.0
0.259805411979325,1.0
0.259844914094572,1.0
0.2598844282238443,1.0
0.25992395437262356,1.0
0.2599634925463949,1.0
0.26000304275064656,1.0
0.26004260499087034,1.0
0.2600821792725613,1.0
0.26012176560121764,1.0
0.2601613639823413,1.0
0.26020097442143725,1.0
0.260240596924014,1.0
0.2602802314955833,1.0
0.2603198781416603,1.0
0.2603595368677636,1.0
0.2603992076794149,1.0
0.2604388905821396,1.0
0.26047858558146625,1.0
0.2605182926829268,1.0
0.26055801189205674,1.0
0.2605977432143946,1.0
0.2606374866554827,1.0
0.26067724222086636,1.0
0.2607170099160946,1.0
0.26075678974671956,1.0
0.26079658171829695,1.0
0.26083638583638585,1.0
0.2608762021065486,1.0
0.26091603053435114,1.0
0.26095587112536267,1.0
0.2609957238851558,1.0
0.26103558881930655,1.0
0.2610754659333944,1.0
0.2611153552330023,1.0
0.26115525672371637,1.0
0.2611951704111264,1.0
0.2612350963008254,1.0
0.26127503439841004,1.0
0.2613149847094801,1.0
0.2613549472396391,1.0
0.2613949219944937,1.0
0.26143490897965427,1.0
0.2614749082007344,1.0
0.26151491966335116,1.0
0.2615549433731252,1.0
0.2615949793356804,1.0
0.2616350275566442,1.0
0.2616750880416475,1.0
0.2617151607963247,1.0
0.2617552458263134,1.0
0.2617953431372549,1.0
0.2618354527347939,1.0
0.2618755746245786,1.0
0.26191570881226056,1.0
0.2619558553034948,1.0
0.2619960141039399,1.0
0.2620361852192579,1.0
0.26207636865511424,1.0
0.2621165644171779,1.0
0.26215677251112135,1.0
0.26219699294262044,1.0
0.26223722571735464,1.0
0.2622774708410068,1.0
0.26231772831926325,1.0
0.26235799815781397,1.0
0.26239828036235224,1.0
0.2624385749385749,1.0
0.26247888189218244,1.0
0.2625192012288787,1.0
0.26255953295437084,1.0
0.26259987707437,1.0
0.26264023359459043,1.0
0.2626806025207501,1.0
0.26272098385857034,1.0
0.26276137761377616,1.0
0.26280178379209596,1.0
0.26284220239926176,1.0
0.2628826334410091,1.0
0.2629230769230769,1.0
0.2629635328512079,1.0
0.26300400123114803,1.0
0.26304448206864706,1.0
0.26308497536945813,1.0
0.263125481139338,1.0
0.26316599938404683,1.0
0.2632065301093485,1.0
0.2632470733210105,1.0
0.26328762902480357,1.0
0.2633281972265023,1.0
0.26336877793188473,1.0
0.2634093711467324,1.0
0.2634499768768306,1.0
0.2634905951279679,1.0
0.26353122590593675,1.0
0.26357186921653303,1.0
0.26361252506555605,1.0
0.263653193458809,1.0
0.26369387440209846,1.0
0.26373456790123456,1.0
0.26377527396203115,1.0
0.26381599259030564,1.0
0.26385672379187897,1.0
0.26389746757257565,1.0
0.2639382239382239,1.0
0.26397899289465554,1.0
0.26401977444770586,1.0
0.26406056860321386,1.0
0.2641013753670221,1.0
0.2641421947449768,1.0
0.2641830267429278,1.0
0.26422387136672854,1.0
0.264264728622236,1.0
0.2643055985153109,1.0
0.26434648105181746,1.0
0.26438737623762376,1.0
0.26442828407860125,1.0
0.2644692045806252,1.0
0.2645101377495744,1.0
0.2645510835913313,1.0
0.264592042111782,1.0
0.2646330133168164,1.0
0.2646739972123277,1.0
0.26471499380421315,1.0
0.2647560030983733,1.0
0.26479702510071274,1.0
0.2648380598171393,1.0
0.2648791072535648,1.0
0.2649201674159045,1.0
0.2649612403100775,1.0
0.2650023259420065,1.0
0.26504342431761785,1.0
0.2650845354428416,1.0
0.26512565932361154,1.0
0.265166795965865,1.0
0.26520794537554315,1.0
0.2652491075585907,1.0
0.2652902825209562,1.0
0.26533147026859183,1.0
0.2653726708074534,1.0
0.26541388414350053,1.0
0.26545511028269647,1.0
0.26549634923100823,1.0
0.2655376009944065,1.0
0.26557886557886556,1.0
0.2656201429903637,1.0
0.2656614332348826,1.0
0.26570273631840796,1.0
0.26574405224692893,1.0
0.26578538102643856,1.0
0.26582672266293356,1.0
0.26586807716241445,1.0
0.26590944453088533,1.0
0.26595082477435417,1.0
0.2659922178988327,1.0
0.26603362391033625,1.0
0.26607504281488403,1.0
0.2661164746184989,1.0
0.2661579193272076,1.0
0.2661993769470405,1.0
0.26624084748403176,1.0
0.2662823309442194,1.0
0.266323827333645,1.0
0.2663653366583541,1.0
0.266406858924396,1.0
0.2664483941378235,1.0
0.2664899423046936,1.0
0.26653150343106674,1.0
0.26657307752300735,1.0
0.26661466458658345,1.0
0.26665626462786707,1.0
0.26669787765293385,1.0
0.26673950366786325,1.0
0.2667811426787387,1.0
0.26682279469164716,1.0
0.2668644597126796,1.0
0.26690613774793065,1.0
0.26694782880349893,1.0
0.26698953288548666,1.0
0.26703125,1.0
0.26707298015314895,1.0
0.2671147233510472,1.0
0.2671564795998124,1.0
0.267198248905566,1.0
0.26724003127443313,1.0
0.267281826712543,1.0
0.2673236352260285,1.0
0.2673654568210263,1.0
0.26740729150367704,1.0
0.2674491392801252,1.0
0.267491000156519,1.0
0.26753287413901067,1.0
0.26757476123375606,1.0
0.26761666144691515,1.0
0.26765857478465155,1.0
0.2677005012531328,1.0
0.2677424408585305,1.0
0.2677843936070197,1.0
0.2678263595047798,1.0
0.26786833855799375,1.0
0.2679103307728484,1.0
0.26795233615553465,1.0
0.26799435471224714,1.0
0.2680363864491844,1.0
0.268078431372549,1.0
0.2681204894885472,1.0
0.2681625608033893,1.0
0.2682046453232894,1.0
0.26824674305446555,1.0
0.26828885400313973,1.0
0.26833097817553775,1.0
0.26837311557788945,1.0
0.26841526621642847,1.0
0.2684574300973924,1.0
0.26849960722702276,1.0
0.26854179761156505,1.0
0.26858400125726856,1.0
0.2686262181703867,1.0
0.26866844835717657,1.0
0.2687106918238994,1.0
0.26875294857682025,1.0
0.26879521862220823,1.0
0.2688375019663363,1.0
0.26887979861548145,1.0
0.26892210857592447,1.0
0.26896443185395025,1.0
0.26900676845584764,1.0
0.26904911838790935,1.0
0.26909148165643204,1.0
0.2691338582677165,1.0
0.2691762482280674,1.0
0.2692186515437933,1.0
0.2692610682212069,1.0
0.26930349826662464,1.0
0.2693459416863672,1.0
0.26938839848675916,1.0
0.26943086867412896,1.0
0.26947335225480923,1.0
0.26951584923513644,1.0
0.2695583596214511,1.0
0.2696008834200978,1.0
0.2696434206374251,1.0
0.2696859712797854,1.0
0.26972853535353536,1.0
0.2697711128650355,1.0
0.26981370382065045,1.0
0.2698563082267488,1.0
0.2698989260897031,1.0
0.26994155741589004,1.0
0.26998420221169034,1.0
0.27002686048348873,1.0
0.2700695322376738,1.0
0.2701122174806385,1.0
0.27015491621877963,1.0
0.27019762845849804,1.0
0.27024035420619863,1.0
0.2702830934682904,1.0
0.27032584625118633,1.0
0.27036861256130357,1.0
0.2704113924050633,1.0
0.27045418578889063,1.0
0.27049699271921496,1.0
0.2705398132024695,1.0
0.27058264724509185,1.0
0.27062549485352333,1.0
0.2706683560342097,1.0
0.2707112307936005,1.0
0.27075411913814956,1.0
0.2707970210743147,1.0
0.2708399366085578,1.0
0.27088286574734505,1.0
0.2709258084971465,1.0
0.27096876486443633,1.0
0.27101173485569297,1.0
0.27105471847739887,1.0
0.27109771573604063,1.0
0.27114072663810884,1.0
0.27118375119009835,1.0
0.2712267893985082,1.0
0.27126984126984127,1.0
0.2713129068106049,1.0
0.27135598602731026,1.0
0.2713990789264729,1.0
0.27144218551461247,1.0
0.2714853057982526,1.0
0.2715284397839212,1.0
0.2715715874781503,1.0
0.27161474888747617,1.0
0.271657924018439,1.0
0.2717011128775835,1.0
0.2717443154714581,1.0
0.2717875318066158,1.0
0.27183076188961347,1.0
0.2718740057270124,1.0
0.2719172633253779,1.0
0.27196053469127945,1.0
0.2720038198312908,1.0
0.27204711875198984,1.0
0.2720904314599586,1.0
0.27213375796178346,1.0
0.2721770982640548,1.0
0.27222045237336734,1.0
0.2722638202963199,1.0
0.27230720203951564,1.0
0.27235059760956176,1.0
0.2723940070130698,1.0
0.2724374302566555,1.0
0.27248086734693877,1.0
0.2725243182905438,1.0
0.2725677830940989,1.0
0.2726112617642367,1.0
0.2726547543075941,1.0
0.2726982607308122,1.0
0.2727417810405362,1.0
0.2727853152434158,1.0
0.27282886334610473,1.0
0.2728724253552611,1.0
0.2729160012775471,1.0
0.2729595911196295,1.0
0.2730031948881789,1.0
0.27304681258987057,1.0
0.27309044423138384,1.0
0.2731340898194023,1.0
0.2731777493606138,1.0
0.27322142286171064,1.0
0.2732651103293892,1.0
0.2733088117703502,1.0
0.27335252719129877,1.0
0.2733962565989442,1.0
0.27344,1.0
0.2734837574011842,1.0
0.27352752880921893,1.0
0.2735713142308308,1.0
0.27361511367275054,1.0
0.27365892714171336,1.0
0.2737027546444587,1.0
0.2737465961877303,1.0
0.2737904517782762,1.0
0.2738343214228489,1.0
0.27387820512820515,1.0
0.27392210290110597,1.0
0.2739660147483168,1.0
0.27400994067660733,1.0
0.2740538806927518,1.0
0.27409783480352845,1.0
0.2741418030157202,1.0
0.2741857853361142,1.0
0.2742297817715019,1.0
0.2742737923286792,1.0
0.27431781701444624,1.0
0.2743618558356076,1.0
0.27440590879897236,1.0
0.2744499759113538,1.0
0.27449405717956954,1.0
0.2745381526104418,1.0
0.2745822622107969,1.0
0.27462638598746586,1.0
0.2746705239472838,1.0
0.2747146760970905,1.0
0.2747588424437299,1.0
0.2748030229940505,1.0
0.2748472177549051,1.0
0.27489142673315103,1.0
0.27493564993564995,1.0
0.27497988736926793,1.0
0.2750241390408754,1.0
0.2750684049573475,1.0
0.2751126851255634,1.0
0.27515697955240703,1.0
0.27520128824476653,1.0
0.27524561120953456,1.0
0.27528994845360827,1.0
0.27533429998388914,1.0
0.27537866580728326,1.0
0.27542304593070105,1.0
0.2753062540296583,0.9994148624926857
0.2753506367886506,0.9994148624926857
0.27539503386004516,0.9994148624926857
0.275439445250766,0.9994148624926857
0.27548387096774196,0.9994148624926857
0.2755283110179061,0.9994148624926857
0.2755727654081962,0.9994148624926857
0.2756172341455543,0.9994148624926857
0.27566171723692706,0.9994148624926857
0.27570621468926554,0.9994148624926857
0.27575072650952537,0.9994148624926857
0.27579525270466654,0.9994148624926857
0.27583979328165376,0.9994148624926857
0.275884348247456,0.9994148624926857
0.27592891760904686,0.9994148624926857
0.27597350137340443,0.9994148624926857
0.27601809954751133,0.9994148624926857
0.2760627121383546,0.9994148624926857
0.27610733915292596,0.9994148624926857
0.2761519805982215,0.9994148624926857
0.27619663648124193,0.9994148624926857
0.2762413068089924,0.9994148624926857
0.2762859915884827,0.9994148624926857
0.27633069082672707,0.9994148624926857
0.27637540453074433,0.9994148624926857
0.27642013270755783,0.9994148624926857
0.2764648753641955,0.9994148624926857
0.27650963250768984,0.9994148624926857
0.2765544041450777,0.9994148624926857
0.2765991902834008,0.9994148624926857
0.2766439909297052,0.9994148624926857
0.27668880609104163,0.9994148624926857
0.2767336357744653,0.9994148624926857
0.27677847998703614,0.9994148624926857
0.2768233387358185,0.9994148624926857
0.27686821202788137,0.9994148624926857
0.27691309987029833,0.9994148624926857
0.27695800227014755,0.9994148624926857
0.2770029192345118,0.9994148624926857
0.2770478507704785,0.9994148624926857
0.27709279688513955,0.9994148624926857
0.27713775758559145,0.9994148624926857
0.2771827328789354,0.9994148624926857
0.27722772277227725,0.9994148624926857
0.2772727272727273,0.9994148624926857
0.27731774638740053,0.9994148624926857
0.2773627801234167,0.9994148624926857
0.27740782848789997,0.9994148624926857
0.2774528914879792,0.9994148624926857
0.277497969130788,0.9994148624926857
0.2775430614234644,0.9994148624926857
0.2775881683731513,0.9994148624926857
0.2776332899869961,0.9994148624926857
0.2776784262721509,0.9994148624926857
0.27772357723577235,0.9994148624926857
0.27776874288502196,0.9994148624926857
0.2778139232270657,0.9994148624926857
0.27785911826907433,0.9994148624926857
0.27790432801822323,0.9994148624926857
0.27794955248169245,0.9994148624926857
0.2779947916666667,0.9994148624926857
0.27804004558033535,0.9994148624926857
0.2780853142298925,0.9994148624926857
0.27813059762253706,0.9994148624926857
0.2781758957654723,0.9994148624926857
0.2782212086659065,0.9994148624926857
0.27826653633105247,0.9994148624926857
0.27831187876812774,0.9994148624926857
0.27835723598435463,0.9994148624926857
0.27840260798696004,0.9994148624926857
0.2784479947831757,0.9994148624926857
0.27849339638023807,0.9994148624926857
0.2785388127853881,0.9994148624926857
0.2785842440058718,0.9994148624926857
0.2786296900489396,0.9994148624926857
0.27867515092184697,0.9994148624926857
0.27872062663185376,0.9994148624926857
0.2787661171862249,0.9994148624926857
0.27881162259222986,0.9994148624926857
0.27885714285714286,0.9994148624926857
0.278902677988243,0.9994148624926857
0.278948227992814,0.9994148624926857
0.2789937928781444,0.9994148624926857
0.2790393726515275,0.9994148624926857
0.27908496732026145,0.9994148624926857
0.27913057689164894,0.9994148624926857
0.2791762013729977,0.9994148624926857
0.2792218407716201,0.9994148624926857
0.27926749509483323,0.9994148624926857
0.2793131643499591,0.9994148624926857
0.2793588485443245,0.9994148624926857
0.2794045476852609,0.9994148624926857
0.27945026178010474,0.9994148624926857
0.27949599083619703,0.9994148624926857
0.2795417348608838,0.9994148624926857
0.2795874938615158,0.9994148624926857
0.2796332678454486,0.9994148624926857
0.27967905682004257,0.9994148624926857
0.27972486079266295,0.9994148624926857
0.27977067977067976,0.9994148624926857
0.2798165137614679,0.9994148624926857
0.279862362772407,0.9994148624926857
0.2799082268108817,0.9994148624926857
0.27995410588428127,0.9994148624926857
0.28,0.9994148624926857
0.280045909165437,0.9994148624926857
0.2800918333879961,0.9994148624926857
0.2801377726750861,0.9994148624926857
0.28018372703412076,0.9994148624926857
0.28022969647251844,0.9994148624926857
0.28027568099770267,0.9994148624926857
0.2803216806171016,0.9994148624926857
0.28036769533814837,0.9994148624926857
0.28041372516828106,0.9994148624926857
0.28045977011494255,0.9994148624926857
0.28050583018558056,0.9994148624926857
0.28055190538764785,0.9994148624926857
0.28059799572860195,0.9994148624926857
0.2806441012159054,0.9994148624926857
0.28069022185702547,0.9994148624926857
0.2807363576594346,0.9994148624926857
0.2807825086306099,0.9994148624926857
0.2808286747780335,0.9994148624926857
0.28087485610919255,0.9994148624926857
0.28092105263157896,0.9994148624926857
0.2809672643526896,0.9994148624926857
0.28101349128002634,0.9994148624926857
0.2810597334210959,0.9994148624926857
0.28110599078341014,0.9994148624926857
0.2811522633744856,0.9994148624926857
0.28119855120184395,0.9994148624926857
0.2812448542730117,0.9994148624926857
0.28129117259552044,0.9994148624926857
0.2813375061769066,0.9994148624926857
0.2813838550247117,0.9994148624926857
0.28143021914648214,0.9994148624926857
0.2814765985497693,0.9994148624926857
0.28152299324212954,0.9994148624926857
0.2815694032311243,0.9994148624926857
0.2816158285243199,0.9994148624926857
0.2816622691292876,0.9994148624926857
0.28170872505360384,0.9994148624926857
0.2817551963048499,0.9994148624926857
0.28180168289061214,0.9994148624926857
0.28184818481848184,0.9994148624926857
0.28189470209605544,0.9994148624926857
0.2819412347309343,0.9994148624926857
0.2819877827307248,0.9994148624926857
0.2820343461030383,0.9994148624926857
0.28208092485549136,0.9994148624926857
0.2821275189957053,0.9994148624926857
0.2821741285313068,0.9994148624926857
0.2822207534699273,0.9994148624926857
0.28226739381920346,0.9994148624926857
0.28231404958677686,0.9994148624926857
0.2823607207802943,0.9994148624926857
0.2824074074074074,0.9994148624926857
0.2824541094757731,0.9994148624926857
0.28250082699305323,0.9994148624926857
0.28254755996691483,0.9994148624926857
0.2825943084050298,0.9994148624926857
0.2826410723150753,0.9994148624926857
0.28268785170473354,0.9994148624926857
0.2827346465816918,0.9994148624926857
0.2827814569536424,0.9994148624926857
0.2828282828282828,0.9994148624926857
0.2828751242133157,0.9994148624926857
0.28292198111644856,0.9994148624926857
0.2829688535453943,0.9994148624926857
0.28301574150787073,0.9994148624926857
0.28306264501160094,0.9994148624926857
0.2831095640643129,0.9994148624926857
0.28315649867374004,0.9994148624926857
0.2832034488476206,0.9994148624926857
0.28325041459369815,0.9994148624926857
0.28329739591972136,0.9994148624926857
0.2833443928334439,0.9994148624926857
0.28339140534262486,0.9994148624926857
0.2834384334550282,0.9994148624926857
0.28348547717842326,0.9994148624926857
0.28353253652058436,0.9994148624926857
0.28357961148929106,0.9994148624926857
0.28362670209232815,0.9994148624926857
0.28367380833748546,0.9994148624926857
0.2837209302325581,0.9994148624926857
0.2837680677853464,0.9994148624926857
0.2838152210036557,0.9994148624926857
0.28386238989529666,0.9994148624926857
0.2839095744680851,0.9994148624926857
0.28395677472984204,0.9994148624926857
0.28400399068839377,0.9994148624926857
0.2840512223515716,0.9994148624926857
0.28409846972721225,0.9994148624926857
0.2841457328231575,0.9994148624926857
0.2841930116472546,0.9994148624926857
0.28424030620735563,0.9994148624926857
0.28428761651131823,0.9994148624926857
0.28433494256700514,0.9994148624926857
0.28438228438228436,0.9994148624926857
0.2844296419650291,0.9994148624926857
0.2844770153231179,0.9994148624926857
0.28452440446443444,0.9994148624926857
0.2845718093968677,0.9994148624926857
0.284619230128312,0.9994148624926857
0.2846666666666667,0.9994148624926857
0.2847141190198366,0.9994148624926857
0.2847615871957319,0.9994148624926857
0.2848090712022678,0.9994148624926857
0.2848565710473649,0.9994148624926857
0.2849040867389491,0.9994148624926857
0.28495161828495164,0.9994148624926857
0.28499916569330885,0.9994148624926857
0.2850467289719626,0.9994148624926857
0.28509430812885994,0.9994148624926857
0.28514190317195326,0.9994148624926857
0.2851895141092002,0.9994148624926857
0.2852371409485638,0.9994148624926857
0.28528478369801236,0.9994148624926857
0.2853324423655195,0.9994148624926857
0.28538011695906434,0.9994148624926857
0.285427807486631,0.9994148624926857
0.28547551395620924,0.9994148624926857
0.2855232363757941,0.9994148624926857
0.2855709747533857,0.9994148624926857
0.28561872909699,0.9994148624926857
0.2856664994146178,0.9994148624926857
0.2857142857142857,0.9994148624926857
0.28576208800401537,0.9994148624926857
0.285809906291834,0.9994148624926857
0.28585774058577407,0.9994148624926857
0.28590559089387346,0.9994148624926857
0.2859534572241755,0.9994148624926857
0.28600133958472873,0.9994148624926857
0.28604923798358733,0.9994148624926857
0.28609715242881073,0.9994148624926857
0.28614508292846375,0.9994148624926857
0.28619302949061665,0.9994148624926857
0.2862409921233451,0.9994148624926857
0.28628897083473015,0.9994148624926857
0.2863369656328583,0.9994148624926857
0.2863849765258216,0.9994148624926857
0.28643300352171724,0.9994148624926857
0.2864810466286481,0.9994148624926857
0.28652910585472235,0.9994148624926857
0.2865771812080537,0.9994148624926857
0.2866252726967612,0.9994148624926857
0.28667338032896944,0.9994148624926857
0.28672150411280845,0.9994148624926857
0.2867696440564137,0.9994148624926857
0.28681780016792613,0.9994148624926857
0.2868659724554921,0.9994148624926857
0.2869141609272636,0.9994148624926857
0.28696236559139787,0.9994148624926857
0.2870105864560578,0.9994148624926857
0.28705882352941176,0.9994148624926857
0.28710707681963354,0.9994148624926857
0.2871553463349025,0.9994148624926857
0.2872036320834034,0.9994148624926857
0.2872519340733266,0.9994148624926857
0.28730025231286793,0.9994148624926857
0.2873485868102288,0.9994148624926857
0.287396937573616,0.9994148624926857
0.287445304611242,0.9994148624926857
0.2874936879313247,0.9994148624926857
0.28754208754208754,0.9994148624926857
0.28759050345175957,0.9994148624926857
0.2876389356685753,0.9994148624926857
0.2876873842007748,0.9994148624926857
0.28773584905660377,0.9994148624926857
0.2877843302443134,0.9994148624926857
0.2878328277721604,0.9994148624926857
0.28788134164840723,0.9994148624926857
0.28792987188132163,0.9994148624926857
0.2879784184791772,0.9994148624926857
0.28802698145025296,0.9994148624926857
0.28807556080283353,0.9994148624926857
0.2881241565452092,0.9994148624926857
0.2881727686856757,0.9994148624926857
0.2882213972325346,0.9994148624926857
0.2882700421940928,0.9994148624926857
0.28831870357866307,0.9994148624926857
0.2883673813945636,0.9994148624926857
0.28841607565011823,0.9994148624926857
0.28846478635365647,0.9994148624926857
0.2885135135135135,0.9994148624926857
0.2885622571380301,0.9994148624926857
0.28861101723555255,0.9994148624926857
0.28865979381443296,0.9994148624926857
0.2887085868830291,0.9994148624926857
0.28875739644970416,0.9994148624926857
0.28880622252282717,0.9994148624926857
0.28885506511077286,0.9994148624926857
0.2889039242219215,0.9994148624926857
0.2889527998646591,0.9994148624926857
0.2890016920473773,0.9994148624926857
0.2890506007784735,0.9994148624926857
0.2890995260663507,0.9994148624926857
0.2891484679194176,0.9994148624926857
0.28919742634608875,0.9994148624926857
0.2892464013547841,0.9994148624926857
0.28929539295392953,0.9994148624926857
0.28934440115195664,0.9994148624926857
0.2893934259573026,0.9994148624926857
0.28944246737841045,0.9994148624926857
0.2894915254237288,0.9994148624926857
0.2895406001017122,0.9994148624926857
0.28958969142082064,0.9994148624926857
0.2896387993895201,0.9994148624926857
0.28968792401628224,0.9994148624926857
0.2897370653095844,0.9994148624926857
0.28978622327790976,0.9994148624926857
0.28983539792974716,0.9994148624926857
0.2898845892735913,0.9994148624926857
0.2899337973179426,0.9994148624926857
0.28998302207130733,0.9994148624926857
0.2900322635421973,0.9994148624926857
0.29008152173913043,0.9994148624926857
0.2901307966706302,0.9994148624926857
0.29018008834522596,0.9994148624926857
0.2902293967714528,0.9994148624926857
0.2902787219578518,0.9994148624926857
0.29032806391296956,0.9994148624926857
0.2903774226453587,0.9994148624926857
0.29042679816357764,0.9994148624926857
0.2904761904761905,0.9994148624926857
0.2905255995917673,0.9994148624926857
0.290575025518884,0.9994148624926857
0.29062446826612215,0.9994148624926857
0.2906739278420694,0.9994148624926857
0.2907234042553192,0.9994148624926857
0.29077289751447055,0.9994148624926857
0.2908224076281287,0.9994148624926857
0.2908719346049046,0.9994148624926857
0.2909214784534151,0.9994148624926857
0.2909710391822828,0.9994148624926857
0.2910206168001363,0.9994148624926857
0.29107021131561006,0.9994148624926857
0.2911198227373445,0.9994148624926857
0.2911694510739857,0.9994148624926857
0.29121909633418586,0.9994148624926857
0.291268758526603,0.9994148624926857
0.29131843765990106,0.9994148624926857
0.2913681337427499,0.9994148624926857
0.29141784678382526,0.9994148624926857
0.29146757679180885,0.9994148624926857
0.2915173237753883,0.9994148624926857
0.29156708774325707,0.9994148624926857
0.29161686870411474,0.9994148624926857
0.2916666666666667,0.9994148624926857
0.29171648163962427,0.9994148624926857
0.2917663136317048,0.9994148624926857
0.2918161626516316,0.9994148624926857
0.291866028708134,0.9994148624926857
0.291915911809947,0.9994148624926857
0.29196581196581195,0.9994148624926857
0.292015729184476,0.9994148624926857
0.2920656634746922,0.9994148624926857
0.29211561484521975,0.9994148624926857
0.2921655833048238,0.9994148624926857
0.29221556886227545,0.9994148624926857
0.2922655715263518,0.9994148624926857
0.29231559130583606,0.9994148624926857
0.2923656282095173,0.9994148624926857
0.29241568224619074,0.9994148624926857
0.2924657534246575,0.9994148624926857
0.29251584175372497,0.9994148624926857
0.29256594724220625,0.9994148624926857
0.2926160698989207,0.9994148624926857
0.29266620973269364,0.9994148624926857
0.29271636675235646,0.9994148624926857
0.29276654096674665,0.9994148624926857
0.2928167323847077,0.9994148624926857
0.29286694101508914,0.9994148624926857
0.2929171668667467,0.9994148624926857
0.29296740994854203,0.9994148624926857
0.29301767026934294,0.9994148624926857
0.2930679478380233,0.9994148624926857
0.2931182426634632,0.9994148624926857
0.29316855475454856,0.9994148624926857
0.29321888412017166,0.9994148624926857
0.2932692307692308,0.9994148624926857
0.29331959471063024,0.9994148624926857
0.2933699759532807,0.9994148624926857
0.2934203745060986,0.9994148624926857
0.2934707903780069,0.9994148624926857
0.29352122357793436,0.9994148624926857
0.2935716741148161,0.9994148624926857
0.29362214199759323,0.9994148624926857
0.2936726272352132,0.9994148624926857
0.2937231298366294,0.9994148624926857
0.2937736498108015,0.9994148624926857
0.29382418716669534,0.9994148624926857
0.2938747419132829,0.9994148624926857
0.29392531405954225,0.9994148624926857
0.29397590361445786,0.9994148624926857
0.2940265105870201,0.9994148624926857
0.2940771349862259,0.9994148624926857
0.294127776821078,0.9994148624926857
0.2941784361005856,0.9994148624926857
0.294229112833764,0.9994148624926857
0.29427980702963474,0.9994148624926857
0.2943305186972256,0.9994148624926857
0.2943812478455705,0.9994148624926857
0.2944319944837097,0.9994148624926857
0.2944827586206897,0.9994148624926857
0.29453354026556305,0.9994148624926857
0.29458433942738876,0.9994148624926857
0.294635156115232,0.9994148624926857
0.2946859903381642,0.9994148624926857
0.29473684210526313,0.9994148624926857
0.2947877114256127,0.9994148624926857
0.2948385983083031,0.9994148624926857
0.2948895027624309,0.9994148624926857
0.2949404247970989,0.9994148624926857
0.2949913644214162,0.9994148624926857
0.2950423216444982,0.9994148624926857
0.2950932964754665,0.9994148624926857
0.2951442889234491,0.9994148624926857
0.29519529899758035,0.9994148624926857
0.29524632670700085,0.9994148624926857
0.29529737206085754,0.9994148624926857
0.29534843506830366,0.9994148624926857
0.29539951573849876,0.9994148624926857
0.2954506140806089,0.9994148624926857
0.2955017301038062,0.9994148624926857
0.2955528638172694,0.9994148624926857
0.2956040152301835,0.9994148624926857
0.29565518435173965,0.9994148624926857
0.29570637119113574,0.9994148624926857
0.2957575757575758,0.9994148624926857
0.29580879806027016,0.9994148624926857
0.2958600381084358,0.9994148624926857
0.2959112959112959,0.9994148624926857
0.2959625714780801,0.9994148624926857
0.29606517594037096,0.9994148624926857
0.2961165048543689,0.9994148624926857
0.29616785156927344,0.9994148624926857
0.29621921609434615,0.9994148624926857
0.29627059843885517,0.9994148624926857
0.2963219986120749,0.9994148624926857
0.2963734166232865,0.9994148624926857
0.29642485248177713,0.9994148624926857
0.29647630619684084,0.9994148624926857
0.2965277777777778,0.9994148624926857
0.29657926723389477,0.9994148624926857
0.29663077457450504,0.9994148624926857
0.29668229980892824,0.9994148624926857
0.29673384294649063,0.9994148624926857
0.29678540399652475,0.9994148624926857
0.29683698296836986,0.9994148624926857
0.29688857987137146,0.9994148624926857
0.29694019471488176,0.9994148624926857
0.2969918275082594,0.9994148624926857
0.2970434782608696,0.9994148624926857
0.29709514698208384,0.9994148624926857
0.2971468336812804,0.9994148624926857
0.2971985383678441,0.9994148624926857
0.29725026105116603,0.9994148624926857
0.29730200174064403,0.9994148624926857
0.29735376044568246,0.9994148624926857
0.2974055371756921,0.9994148624926857
0.29745733194009055,0.9994148624926857
0.2975091447483017,0.9994148624926857
0.2975609756097561,0.9994148624926857
0.29761282453389093,0.9994148624926857
0.2976646915301499,0.9994148624926857
0.2977165766079833,0.9994148624926857
0.297768479776848,0.9994148624926857
0.2978204010462075,0.9994148624926857
0.2978723404255319,0.9994148624926857
0.2979242979242979,0.9994148624926857
0.29797627355198886,0.9994148624926857
0.29802826731809456,0.9994148624926857
0.29808027923211167,0.9994148624926857
0.2981323093035434,0.9994148624926857
0.2981843575418994,0.9994148624926857
0.29823642395669636,0.9994148624926857
0.2982885085574572,0.9994148624926857
0.2983406113537118,0.9994148624926857
0.2983927323549965,0.9994148624926857
0.2984448715708544,0.9994148624926857
0.29849702901083536,0.9994148624926857
0.2985492046844957,0.9994148624926857
0.2986013986013986,0.9994148624926857
0.29865361077111385,0.9994148624926857
0.2987058412032179,0.9994148624926857
0.298758089907294,0.9994148624926857
0.2988103568929321,0.9994148624926857
0.2988626421697288,0.9994148624926857
0.2989149457472874,0.9994148624926857
0.2989672676352179,0.9994148624926857
0.29901960784313725,0.9994148624926857
0.2990719663806689,0.9994148624926857
0.2991243432574431,0.9994148624926857
0.29917673848309684,0.9994148624926857
0.299229152067274,0.9994148624926857
0.299281584019625,0.9994148624926857
0.2993340343498072,0.9994148624926857
0.29938650306748466,0.9994148624926857
0.29943899018232817,0.9994148624926857
0.29949149570401545,0.9994148624926857
0.2995440196422308,0.9994148624926857
0.2995965620066655,0.9994148624926857
0.29964912280701755,0.9994148624926857
0.29970170205299174,0.9994148624926857
0.29975429975429974,0.9994148624926857
0.29980691592066,0.9994148624926857
0.29985955056179775,0.9994148624926857
0.29991220368744514,0.9994148624926857
0.29996487530734106,0.9994148624926857
0.3000175654312313,0.9994148624926857
0.3000702740688686,0.9994148624926857
0.3001230012300123,0.9994148624926857
0.30017574692442883,0.9994148624926857
0.30022851116189136,0.9994148624926857
0.30028129395218,0.9994148624926857
0.30033409530508176,0.9994148624926857
0.3003869152303904,0.9994148624926857
0.30043975373790677,0.9994148624926857
0.30049261083743845,0.9994148624926857
0.3005454865387999,0.9994148624926857
0.30059838085181273,0.9994148624926857
0.30065129378630523,0.9994148624926857
0.30070422535211266,0.9994148624926857
0.3007571755590773,0.9994148624926857
0.30081014441704823,0.9994148624926857
0.3008631319358816,0.9994148624926857
0.30091613812544044,0.9994148624926857
0.30096916299559473,0.9994148624926857
0.30102220655622136,0.9994148624926857
0.3010752688172043,0.9994148624926857
0.3011283497884344,0.9994148624926857
0.30118144947980957,0.9994148624926857
0.3012345679012346,0.9994148624926857
0.30128770506262126,0.9994148624926857
0.3013408609738885,0.9994148624926857
0.3013940356449621,0.9994148624926857
0.3014472290857748,0.9994148624926857
0.3015004413062666,0.9994148624926857
0.3015536723163842,0.9994148624926857
0.3016069221260816,0.9994148624926857
0.3016601907453197,0.9994148624926857
0.3017134781840664,0.9994148624926857
0.3017667844522968,0.9994148624926857
0.30182010955999294,0.9994148624926857
0.30187345351714384,0.9994148624926857
0.3019268163337458,0.9994148624926857
0.30198019801980197,0.9994148624926857
0.30203359858532275,0.9994148624926857
0.30208701804032545,0.9994148624926857
0.3021404563948346,0.9994148624926857
0.3021939136588818,0.9994148624926857
0.30224738984250576,0.9994148624926857
0.3023008849557522,0.9994148624926857
0.3023543990086741,0.9994148624926857
0.3024079320113314,0.9994148624926857
0.3024614839737914,0.9994148624926857
0.30251505490612823,0.9994148624926857
0.3025686448184234,0.9994148624926857
0.3026222537207654,0.9994148624926857
0.30267588162325004,0.9994148624926857
0.3027295285359802,0.9994148624926857
0.30278319446906576,0.9994148624926857
0.3028368794326241,0.9994148624926857
0.30289058343677955,0.9994148624926857
0.3029443064916637,0.9994148624926857
0.3029980486074153,0.9994148624926857
0.3030518097941803,0.9994148624926857
0.3031055900621118,0.9994148624926857
0.3031593894213703,0.9994148624926857
0.3032132078821232,0.9994148624926857
0.30326704545454547,0.9994148624926857
0.303320902148819,0.9994148624926857
0.30337477797513324,0.9994148624926857
0.3034286729436845,0.9994148624926857
0.3034825870646766,0.9994148624926857
0.30353652034832057,0.9994148624926857
0.3035904728048347,0.9994148624926857
0.30364444444444444,0.9994148624926857
0.30369843527738266,0.9994148624926857
0.3037524453138894,0.9994148624926857
0.303806474564212,0.9994148624926857
0.3038605230386052,0.9994148624926857
0.30391459074733096,0.9994148624926857
0.3039686777006585,0.9994148624926857
0.3040227839088644,0.9994148624926857
0.30407690938223253,0.9994148624926857
0.3041310541310541,0.9994148624926857
0.30418521816562777,0.9994148624926857
0.30423940149625933,0.9994148624926857
0.30429360413326206,0.9994148624926857
0.30434782608695654,0.9994148624926857
0.30440206736767067,0.9994148624926857
0.30445632798573974,0.9994148624926857
0.30451060795150653,0.9994148624926857
0.304564907275321,0.9994148624926857
0.3046192259675406,0.9994148624926857
0.30467356403853013,0.9994148624926857
0.3047279214986619,0.9994148624926857
0.3047822983583155,0.9994148624926857
0.30483669462787794,0.9994148624926857
0.3048911103177437,0.9994148624926857
0.3049455454383146,0.9994148624926857
0.305,0.9994148624926857
0.30505447401321667,0.9994148624926857
0.3051089674883887,0.9994148624926857
0.3051634804359478,0.9994148624926857
0.3052180128663331,0.9994148624926857
0.30527256478999104,0.9994148624926857
0.3053271362173758,0.9994148624926857
0.3053817271589487,0.9994148624926857
0.3054363376251788,0.9994148624926857
0.30549096762654265,0.9994148624926857
0.3053667262969589,0.9988297249853716
0.3054213633923779,0.9988297249853716
0.30547602004294916,0.9988297249853716
0.30553069625917306,0.9988297249853716
0.3055853920515575,0.9988297249853716
0.3056401074306177,0.9988297249853716
0.3056948424068768,0.9988297249853716
0.3057495969908651,0.9988297249853716
0.30580437119312076,0.9988297249853716
0.3058591650241892,0.9988297249853716
0.30591397849462365,0.9988297249853716
0.30596881161498474,0.9988297249853716
0.3060236643958408,0.9988297249853716
0.3060785368477676,0.9988297249853716
0.30613342898134865,0.9988297249853716
0.3061883408071749,0.9988297249853716
0.306243272335845,0.9988297249853716
0.3062982235779652,0.9988297249853716
0.30635319454414933,0.9988297249853716
0.30640818524501884,0.9988297249853716
0.3064631956912029,0.9988297249853716
0.3065182258933381,0.9988297249853716
0.30657327586206895,0.9988297249853716
0.3066283456080474,0.9988297249853716
0.3066834351419332,0.9988297249853716
0.3067385444743935,0.9988297249853716
0.30679367361610355,0.9988297249853716
0.3068488225777458,0.9988297249853716
0.3069039913700108,0.9988297249853716
0.30695918000359645,0.9988297249853716
0.30701438848920864,0.9988297249853716
0.30706961683756073,0.9988297249853716
0.30712486505937386,0.9988297249853716
0.307180133165377,0.9988297249853716
0.3072354211663067,0.9988297249853716
0.3072907290729073,0.9988297249853716
0.30734605689593086,0.9988297249853716
0.30740140464613724,0.9988297249853716
0.30745677233429397,0.9988297249853716
0.30751215997117637,0.9988297249853716
0.3075675675675676,0.9988297249853716
0.30762299513425845,0.9988297249853716
0.3076784426820476,0.9988297249853716
0.30773391022174146,0.9988297249853716
0.30778939776415437,0.9988297249853716
0.3078449053201082,0.9988297249853716
0.3079004329004329,0.9988297249853716
0.30795598051596607,0.9988297249853716
0.3080115481775532,0.9988297249853716
0.3080671358960477,0.9988297249853716
0.30812274368231046,0.9988297249853716
0.30817837154721067,0.9988297249853716
0.30823401950162516,0.9988297249853716
0.3082896875564385,0.9988297249853716
0.30834537572254334,0.9988297249853716
0.3082204155374887,0.9982445874780573
0.30827611131189014,0.9982445874780573
0.30833182721850716,0.9982445874780573
0.3083875632682574,0.9982445874780573
0.30844331947206655,0.9982445874780573
0.308499095840868,0.9982445874780573
0.3085548923856032,0.9982445874780573
0.30861070911722144,0.9982445874780573
0.3086665460466799,0.9982445874780573
0.3087224031849439,0.9982445874780573
0.30877828054298645,0.9982445874780573
0.30883417813178854,0.9982445874780573
0.3088900959623393,0.9982445874780573
0.30894603404563564,0.9982445874780573
0.3090019923926825,0.9982445874780573
0.3090579710144927,0.9982445874780573
0.30911396992208734,0.9982445874780573
0.3091699891264951,0.9982445874780573
0.3092260286387529,0.9982445874780573
0.30928208846990574,0.9982445874780573
0.3093381686310063,0.9982445874780573
0.3093942691331157,0.9982445874780573
0.30945038998730273,0.9982445874780573
0.3095065312046444,0.9982445874780573
0.3095626927962257,0.9982445874780573
0.30961887477313976,0.9982445874780573
0.30967507714648757,0.9982445874780573
0.30973129992737836,0.9982445874780573
0.30978754312692935,0.9982445874780573
0.3098438067562659,0.9982445874780573
0.30990009082652137,0.9982445874780573
0.30995639534883723,0.9982445874780573
0.31001272033436306,0.9982445874780573
0.31006906579425664,0.9982445874780573
0.3101254317396837,0.9982445874780573
0.31018181818181817,0.9982445874780573
0.3102382251318421,0.9982445874780573
0.3102946526009458,0.9982445874780573
0.31035110060032745,0.9982445874780573
0.3104075691411936,0.9982445874780573
0.31046405823475887,0.9982445874780573
0.3105205678922461,0.9982445874780573
0.3105770981248862,0.9982445874780573
0.31063364894391843,0.9982445874780573
0.3106902203605901,0.9982445874780573
0.31074681238615665,0.9982445874780573
0.31080342503188196,0.9982445874780573
0.3108600583090379,0.9982445874780573
0.31091671222890466,0.9982445874780573
0.3109733868027707,0.9982445874780573
0.31103008204193255,0.9982445874780573
0.3110867979576951,0.9982445874780573
0.3111435345613715,0.9982445874780573
0.3112002918642831,0.9982445874780573
0.31125706987775953,0.9982445874780573
0.3113138686131387,0.9982445874780573
0.31137068808176677,0.9982445874780573
0.3114275282949982,0.9982445874780573
0.31148438926419575,0.9982445874780573
0.3115412710007305,0.9982445874780573
0.31159817351598174,0.9982445874780573
0.31165509682133724,0.9982445874780573
0.31171204092819293,0.9982445874780573
0.3117690058479532,0.9982445874780573
0.3118259915920307,0.9982445874780573
0.31188299817184645,0.9982445874780573
0.3119400255988298,0.9982445874780573
0.31199707388441844,0.9982445874780573
0.3120541430400585,0.9982445874780573
0.31211123307720456,0.9982445874780573
0.3121683440073193,0.9982445874780573
0.3122254758418741,0.9982445874780573
0.3122826285923485,0.9982445874780573
0.31233980227023067,0.9982445874780573
0.31239699688701705,0.9982445874780573
0.31245421245421245,0.9982445874780573
0.3125114489833303,0.9982445874780573
0.31256870648589224,0.9982445874780573
0.31262598497342864,0.9982445874780573
0.312683284457478,0.9982445874780573
0.31274060494958755,0.9982445874780573
0.3127979464613128,0.9982445874780573
0.3128553090042179,0.9982445874780573
0.31291269258987525,0.9982445874780573
0.3129700972298661,0.9982445874780573
0.3130275229357798,0.9982445874780573
0.3129014498073041,0.9976594499707431
0.3129588839941263,0.9976594499707431
0.31301633926932254,0.9976594499707431
0.31307381564450976,0.9976594499707431
0.31313131313131315,0.9976594499707431
0.31318883174136664,0.9976594499707431
0.3132463714863127,0.9976594499707431
0.3133039323778023,0.9976594499707431
0.31336151442749494,0.9976594499707431
0.3134191176470588,0.9976594499707431
0.3134767420481706,0.9976594499707431
0.3135343876425156,0.9976594499707431
0.3135920544417877,0.9976594499707431
0.31364974245768945,0.9976594499707431
0.3137074517019319,0.9976594499707431
0.31376518218623484,0.9976594499707431
0.3138229339223265,0.9976594499707431
0.31388070692194403,0.9976594499707431
0.313938501196833,0.9976594499707431
0.3139963167587477,0.9976594499707431
0.3140541536194511,0.9976594499707431
0.3141120117907148,0.9976594499707431
0.31416989128431916,0.9976594499707431
0.3142277921120531,0.9976594499707431
0.3142857142857143,0.9976594499707431
0.31434365781710916,0.9976594499707431
0.3144016227180527,0.9976594499707431
0.31445960900036884,0.9976594499707431
0.31451761667589007,0.9976594499707431
0.3145756457564576,0.9976594499707431
0.3146336962539214,0.9976594499707431
0.3146917681801403,0.9976594499707431
0.3147498615469817,0.9976594499707431
0.314807976366322,0.9976594499707431
0.31486611265004616,0.9976594499707431
0.314924270410048,0.9976594499707431
0.3149824496582302,0.9976594499707431
0.3150406504065041,0.9976594499707431
0.3150988726667899,0.9976594499707431
0.31515711645101663,0.9976594499707431
0.3152153817711222,0.9976594499707431
0.31527366863905326,0.9976594499707431
0.3153319770667653,0.9976594499707431
0.31539030706622273,0.9976594499707431
0.3154486586493987,0.9976594499707431
0.31550703182827533,0.9976594499707431
0.3155654266148436,0.9976594499707431
0.3156238430211033,0.9976594499707431
0.31568228105906315,0.9976594499707431
0.31574074074074077,0.9976594499707431
0.31579922207816263,0.9976594499707431
0.3158577250833642,0.9976594499707431
0.31591624976838983,0.9976594499707431
0.31597479614529284,0.9976594499707431
0.3160333642261353,0.9976594499707431
0.3160919540229885,0.9976594499707431
0.3161505655479325,0.9976594499707431
0.31620919881305637,0.9976594499707431
0.3162678538304582,0.9976594499707431
0.3163265306122449,0.9976594499707431
0.3163852291705326,0.9976594499707431
0.3164439495174462,0.9976594499707431
0.31650269166511974,0.9976594499707431
0.31656145562569626,0.9976594499707431
0.3166202414113278,0.9976594499707431
0.3166790490341753,0.9976594499707431
0.31673787850640905,0.9976594499707431
0.3167967298402081,0.9976594499707431
0.3168556030477606,0.9976594499707431
0.31691449814126393,0.9976594499707431
0.3169734151329243,0.9976594499707431
0.3170323540349572,0.9976594499707431
0.31709131485958714,0.9976594499707431
0.3171502976190476,0.9976594499707431
0.3172093023255814,0.9976594499707431
0.31726832899144025,0.9976594499707431
0.3173273776288852,0.9976594499707431
0.31738644825018614,0.9976594499707431
0.31744554086762244,0.9976594499707431
0.31750465549348234,0.9976594499707431
0.3175637921400633,0.9976594499707431
0.3176229508196721,0.9976594499707431
0.31768213154462455,0.9976594499707431
0.3177413343272456,0.9976594499707431
0.31780055917986955,0.9976594499707431
0.31785980611483966,0.9976594499707431
0.3179190751445087,0.9976594499707431
0.3179783662812383,0.9976594499707431
0.31803767953739975,0.9976594499707431
0.3180970149253731,0.9976594499707431
0.3181563724575481,0.9976594499707431
0.31821575214632325,0.9976594499707431
0.3182751540041068,0.9976594499707431
0.3183345780433159,0.9976594499707431
0.3183940242763772,0.9976594499707431
0.31845349271572654,0.9976594499707431
0.31851298337380907,0.9976594499707431
0.3185724962630792,0.9976594499707431
0.31863203139600077,0.9976594499707431
0.3186915887850467,0.9976594499707431
0.3187511684426996,0.9976594499707431
0.318810770381451,0.9976594499707431
0.3188703946138021,0.9976594499707431
0.31893004115226337,0.9976594499707431
0.31898971000935455,0.9976594499707431
0.3190494011976048,0.9976594499707431
0.31910911472955267,0.9976594499707431
0.31916885061774614,0.9976594499707431
0.3192286088747426,0.9976594499707431
0.3192883895131086,0.9976594499707431
0.3193481925454205,0.9976594499707431
0.31940801798426377,0.9976594499707431
0.31946786584223347,0.9976594499707431
0.319527736131934,0.9976594499707431
0.31958762886597936,0.9976594499707431
0.31964754405699286,0.9976594499707431
0.3197074817176074,0.9976594499707431
0.31976744186046513,0.9976594499707431
0.319827424498218,0.9976594499707431
0.3198874296435272,0.9976594499707431
0.3199474573090636,0.9976594499707431
0.3200075075075075,0.9976594499707431
0.3200675802515487,0.9976594499707431
0.3201276755538866,0.9976594499707431
0.32018779342723,0.9976594499707431
0.3202479338842975,0.9976594499707431
0.32030809693781703,0.9976594499707431
0.32036828260052613,0.9976594499707431
0.32042849088517195,0.9976594499707431
0.32048872180451127,0.9976594499707431
0.3205489753713104,0.9976594499707431
0.32060925159834525,0.9976594499707431
0.32066955049840135,0.9976594499707431
0.3207298720842739,0.9976594499707431
0.32079021636876764,0.9976594499707431
0.320850583364697,0.9976594499707431
0.32091097308488614,0.9976594499707431
0.3209713855421687,0.9976594499707431
0.3210318207493881,0.9976594499707431
0.3210922787193974,0.9976594499707431
0.32115275946505933,0.9976594499707431
0.3212132629992464,0.9976594499707431
0.3212737893348408,0.9976594499707431
0.32133433848473425,0.9976594499707431
0.32139491046182844,0.9976594499707431
0.3214555052790347,0.9976594499707431
0.321516122949274,0.9976594499707431
0.3215767634854772,0.9976594499707431
0.3216374269005848,0.9976594499707431
0.32169811320754715,0.9976594499707431
0.3217588224193244,0.9976594499707431
0.3218195545488864,0.9976594499707431
0.32188030960921277,0.9976594499707431
0.32194108761329304,0.9976594499707431
0.32200188857412654,0.9976594499707431
0.32206271250472235,0.9976594499707431
0.3221235594180994,0.9976594499707431
0.32218442932728647,0.9976594499707431
0.32224532224532226,0.9976594499707431
0.3223062381852552,0.9976594499707431
0.3223671771601437,0.9976594499707431
0.32242813918305596,0.9976594499707431
0.32248912426707016,0.9976594499707431
0.3225501324252743,0.9976594499707431
0.3226111636707663,0.9976594499707431
0.3226722180166541,0.9976594499707431
0.3227332954760553,0.9976594499707431
0.3227943960620977,0.9976594499707431
0.32285551978791893,0.9976594499707431
0.3229166666666667,0.9976594499707431
0.3229778367114984,0.9976594499707431
0.32303902993558165,0.9976594499707431
0.323100246352094,0.9976594499707431
0.3231614859742229,0.9976594499707431
0.3232227488151659,0.9976594499707431
0.32328403488813046,0.9976594499707431
0.32334534420633415,0.9976594499707431
0.32340667678300455,0.9976594499707431
0.32346803263137924,0.9976594499707431
0.3235294117647059,0.9976594499707431
0.3235908141962422,0.9976594499707431
0.3236522399392559,0.9976594499707431
0.32371368900702485,0.9976594499707431
0.3237751614128371,0.9976594499707431
0.3238366571699905,0.9976594499707431
0.3238981762917933,0.9976594499707431
0.32395971879156377,0.9976594499707431
0.3240212846826302,0.9976594499707431
0.32408287397833113,0.9976594499707431
0.32414448669201523,0.9976594499707431
0.32420612283704126,0.9976594499707431
0.32426778242677823,0.9976594499707431
0.3243294654746053,0.9976594499707431
0.3243911719939117,0.9976594499707431
0.32445290199809707,0.9976594499707431
0.324514655500571,0.9976594499707431
0.3245764325147535,0.9976594499707431
0.32463823305407463,0.9976594499707431
0.32470005713197486,0.9976594499707431
0.32476190476190475,0.9976594499707431
0.3248237759573252,0.9976594499707431
0.3248856707317073,0.9976594499707431
0.3249475890985325,0.9976594499707431
0.32500953107129243,0.9976594499707431
0.32507149666348906,0.9976594499707431
0.3251334858886346,0.9976594499707431
0.3251954987602518,0.9976594499707431
0.32525753529187335,0.9976594499707431
0.32531959549704254,0.9976594499707431
0.32538167938931295,0.9976594499707431
0.3254437869822485,0.9976594499707431
0.32550591828942343,0.9976594499707431
0.3255680733244224,0.9976594499707431
0.32563025210084034,0.9976594499707431
0.3256924546322827,0.9976594499707431
0.3257546809323653,0.9976594499707431
0.3258169310147143,0.9976594499707431
0.32587920489296635,0.9976594499707431
0.3259415025807685,0.9976594499707431
0.3260038240917782,0.9976594499707431
0.32606616943966343,0.9976594499707431
0.32612853863810254,0.9976594499707431
0.3261909317007844,0.9976594499707431
0.32625334864140837,0.9976594499707431
0.3263157894736842,0.9976594499707431
0.3263782542113323,0.9976594499707431
0.3264407428680835,0.9976594499707431
0.32650325545767905,0.9976594499707431
0.3265657919938709,0.9976594499707431
0.32662835249042144,0.9976594499707431
0.3266909369611037,0.9976594499707431
0.32675354541970103,0.9976594499707431
0.32681617788000766,0.9976594499707431
0.3268788343558282,0.9976594499707431
0.32694151486097794,0.9976594499707431
0.3270042194092827,0.9976594499707431
0.3270669480145789,0.9976594499707431
0.32712970069071373,0.9976594499707431
0.3271924774515448,0.9976594499707431
0.3272552783109405,0.9976594499707431
0.3273181032827798,0.9976594499707431
0.3273809523809524,0.9976594499707431
0.32744382561935853,0.9976594499707431
0.32750672301190936,0.9976594499707431
0.3275696445725264,0.9976594499707431
0.3276325903151422,0.9976594499707431
0.3276955602536998,0.9976594499707431
0.327758554402153,0.9976594499707431
0.32782157277446644,0.9976594499707431
0.3278846153846154,0.9976594499707431
0.3279476822465859,0.9976594499707431
0.3280107733743748,0.9976594499707431
0.3280738887819896,0.9976594499707431
0.32813702848344883,0.9976594499707431
0.32820019249278154,0.9976594499707431
0.32826338082402773,0.9976594499707431
0.3283265934912382,0.9976594499707431
0.3283898305084746,0.9976594499707431
0.3284530918898093,0.9976594499707431
0.3285163776493256,0.9976594499707431
0.32857968780111774,0.9976594499707431
0.32864302235929066,0.9976594499707431
0.32870638133796026,0.9976594499707431
0.32876976475125336,0.9976594499707431
0.32883317261330763,0.9976594499707431
0.3288966049382716,0.9976594499707431
0.32896006174030484,0.9976594499707431
0.3290235430335778,0.9976594499707431
0.32908704883227174,0.9976594499707431
0.32915057915057916,0.9976594499707431
0.3292141340027032,0.9976594499707431
0.3292777134028583,0.9976594499707431
0.32934131736526945,0.9976594499707431
0.32940494590417313,0.9976594499707431
0.3294685990338164,0.9976594499707431
0.3295322767684577,0.9976594499707431
0.32959597912236616,0.9976594499707431
0.3296597061098221,0.9976594499707431
0.329723457745117,0.9976594499707431
0.32978723404255317,0.9976594499707431
0.3298510350164442,0.9976594499707431
0.32991486068111453,0.9976594499707431
0.32997871105089993,0.9976594499707431
0.33004258614014714,0.9976594499707431
0.33010648596321396,0.9976594499707431
0.3301704105344694,0.9976594499707431
0.33023435986829364,0.9976594499707431
0.3302983339790779,0.9976594499707431
0.3303623328812246,0.9976594499707431
0.33042635658914726,0.9976594499707431
0.3304904051172708,0.9976594499707431
0.330554478480031,0.9976594499707431
0.3306185766918751,0.9976594499707431
0.33068269976726145,0.9976594499707431
0.33074684772065954,0.9976594499707431
0.33081102056655026,0.9976594499707431
0.33087521831942557,0.9976594499707431
0.3309394409937888,0.9976594499707431
0.3310036886041545,0.9976594499707431
0.33106796116504855,0.9976594499707431
0.331132258691008,0.9976594499707431
0.3311965811965812,0.9976594499707431
0.33126092869632795,0.9976594499707431
0.3313253012048193,0.9976594499707431
0.33138969873663754,0.9976594499707431
0.33145412130637636,0.9976594499707431
0.33151856892864084,0.9976594499707431
0.33158304161804747,0.9976594499707431
0.33164753938922387,0.9976594499707431
0.3317120622568093,0.9976594499707431
0.33177661023545435,0.9976594499707431
0.33184118333982093,0.9976594499707431
0.33190578158458245,0.9976594499707431
0.33197040498442365,0.9976594499707431
0.3320350535540409,0.9976594499707431
0.3320997273081418,0.9976594499707431
0.33216442626144554,0.9976594499707431
0.3322291504286828,0.9976594499707431
0.3322938998245956,0.9976594499707431
0.33235867446393763,0.9976594499707431
0.33242347436147396,0.9976594499707431
0.3324882995319813,0.9976594499707431
0.3325531499902477,0.9976594499707431
0.33261802575107297,0.9976594499707431
0.3326829268292683,0.9976594499707431
0.3327478532396565,0.9976594499707431
0.33281280499707205,0.9976594499707431
0.3328777821163608,0.9976594499707431
0.3329427846123804,0.9976594499707431
0.3330078125,0.9976594499707431
0.3330728657941004,0.9976594499707431
0.33313794450957407,0.9976594499707431
0.333203048661325,0.9976594499707431
0.33326817826426897,0.9976594499707431
0.3333333333333333,0.9976594499707431
0.3333985138834572,0.9976594499707431
0.33346371992959123,0.9976594499707431
0.333528951486698,0.9976594499707431
0.3335942085697515,0.9976594499707431
0.3336594911937378,0.9976594499707431
0.33372479937365435,0.9976594499707431
0.33379013312451056,0.9976594499707431
0.33385549246132756,0.9976594499707431
0.3339208773991383,0.9976594499707431
0.3339862879529873,0.9976594499707431
0.33405172413793105,0.9976594499707431
0.33411718596903783,0.9976594499707431
0.3341826734613877,0.9976594499707431
0.33424818663007255,0.9976594499707431
0.33431372549019606,0.9976594499707431
0.3343792900568739,0.9976594499707431
0.3344448803452334,0.9976594499707431
0.33451049637041397,0.9976594499707431
0.3345761381475667,0.9976594499707431
0.33464180569185475,0.9976594499707431
0.3347074990184531,0.9976594499707431
0.3347732181425486,0.9976594499707431
0.33483896307934014,0.9976594499707431
0.3349047338440385,0.9976594499707431
0.3349705304518664,0.9976594499707431
0.33503635291805856,0.9976594499707431
0.3351022012578616,0.9976594499707431
0.3351680754865343,0.9976594499707431
0.3352339756193472,0.9976594499707431
0.3352999016715831,0.9976594499707431
0.3353658536585366,0.9976594499707431
0.3354978354978355,0.9976594499707431
0.33556386538083055,0.9976594499707431
0.33562992125984253,0.9976594499707431
0.3356960031502264,0.9976594499707431
0.3357621110673493,0.9976594499707431
0.33582824502659053,0.9976594499707431
0.3358944050433412,0.9976594499707431
0.3359605911330049,0.9976594499707431
0.33602680331099727,0.9976594499707431
0.3360930415927459,0.9976594499707431
0.33615930599369087,0.9976594499707431
0.3362255965292842,0.9976594499707431
0.33629191321499013,0.9976594499707431
0.3363582560662853,0.9976594499707431
0.3364246250986582,0.9976594499707431
0.33649102032761,0.9976594499707431
0.33655744176865376,0.9976594499707431
0.3366238894373149,0.9976594499707431
0.3366903633491311,0.9976594499707431
0.3367568635196524,0.9976594499707431
0.33682338996444094,0.9976594499707431
0.33688994269907135,0.9976594499707431
0.33695652173913043,0.9976594499707431
0.3370231271002174,0.9976594499707431
0.33708975879794384,0.9976594499707431
0.33715641684793357,0.9976594499707431
0.3372231012658228,0.9976594499707431
0.33728981206726016,0.9976594499707431
0.3373565492679066,0.9976594499707431
0.3374233128834356,0.9976594499707431
0.33749010292953285,0.9976594499707431
0.33755691942189664,0.9976594499707431
0.33762376237623765,0.9976594499707431
0.33769063180827885,0.9976594499707431
0.33775752773375595,0.9976594499707431
0.3378244501684169,0.9976594499707431
0.3378913991280222,0.9976594499707431
0.3379583746283449,0.9976594499707431
0.3380253766851705,0.9976594499707431
0.3380924053142971,0.9976594499707431
0.3381594605315351,0.9976594499707431
0.33822654235270777,0.9976594499707431
0.3382936507936508,0.9976594499707431
0.33836078587021234,0.9976594499707431
0.3384279475982533,0.9976594499707431
0.338495135993647,0.9976594499707431
0.3385623510722796,0.9976594499707431
0.3386295928500497,0.9976594499707431
0.33869686134286847,0.9976594499707431
0.33876415656666004,0.9976594499707431
0.3388314785373609,0.9976594499707431
0.3388988272709203,0.9976594499707431
0.3389662027833002,0.9976594499707431
0.33903360509047525,0.9976594499707431
0.3391010342084328,0.9976594499707431
0.33916849015317285,0.9976594499707431
0.33923597294070834,0.9976594499707431
0.33930348258706466,0.9976594499707431
0.33937101910828027,0.9976594499707431
0.33943858252040615,0.9976594499707431
0.3395061728395062,0.9976594499707431
0.33957379008165706,0.9976594499707431
0.3396414342629482,0.9976594499707431
0.33970910539948196,0.9976594499707431
0.33977680350737344,0.9976594499707431
0.33984452860275066,0.9976594499707431
0.3399122807017544,0.9976594499707431
0.33998005982053836,0.9976594499707431
0.34004786597526926,0.9976594499707431
0.3401156991821265,0.9976594499707431
0.3401835594573025,0.9976594499707431
0.3402514468170026,0.9976594499707431
0.3403193612774451,0.9976594499707431
0.34038730285486124,0.9976594499707431
0.3404552715654952,0.9976594499707431
0.3405232674256042,0.9976594499707431
0.34059129045145825,0.9976594499707431
0.34065934065934067,0.9976594499707431
0.34072741806554757,0.9976594499707431
0.3407955226863882,0.9976594499707431
0.34086365453818473,0.9976594499707431
0.34093181363727254,0.9976594499707431
0.341,0.9976594499707431
0.34106821364272855,0.9976594499707431
0.34093637454981995,0.9970743124634289
0.341004602761657,0.9970743124634289
0.3410728582866293,0.9970743124634289
0.34114114114114114,0.9970743124634289
0.34120945134160996,0.9970743124634289
0.34127778890446625,0.9970743124634289
0.34134615384615385,0.9970743124634289
0.3414145461831296,0.9970743124634289
0.3414829659318637,0.9970743124634289
0.34155141310883946,0.9970743124634289
0.34161988773055335,0.9970743124634289
0.3416883898135151,0.9970743124634289
0.3417569193742479,0.9970743124634289
0.34182547642928784,0.9970743124634289
0.3418940609951846,0.9970743124634289
0.3419626730885009,0.9970743124634289
0.34203131272581294,0.9970743124634289
0.3420999799237101,0.9970743124634289
0.3421686746987952,0.9970743124634289
0.3422373970676843,0.9970743124634289
0.34230614704700685,0.9970743124634289
0.3423749246534057,0.9970743124634289
0.342443729903537,0.9970743124634289
0.34251256281407033,0.9970743124634289
0.3425814234016888,0.9970743124634289
0.3426503116830887,0.9970743124634289
0.34271922767497986,0.9970743124634289
0.3427881713940857,0.9970743124634289
0.34285714285714286,0.9970743124634289
0.3429261420809016,0.9970743124634289
0.34299516908212563,0.9970743124634289
0.3428628951077109,0.9964891749561147
0.34293193717277487,0.9964891749561147
0.34300100704934544,0.9964891749561147
0.34307010475423044,0.9964891749561147
0.3431392303042515,0.9964891749561147
0.34320838371624346,0.9964891749561147
0.34327756500705503,0.9964891749561147
0.34334677419354837,0.9964891749561147
0.3434160112925993,0.9964891749561147
0.3434852763210972,0.9964891749561147
0.34355456929594513,0.9964891749561147
0.3436238902340597,0.9964891749561147
0.3436932391523713,0.9964891749561147
0.343762616067824,0.9964891749561147
0.3438320209973753,0.9964891749561147
0.34390145395799676,0.9964891749561147
0.3439709149666734,0.9964891749561147
0.34404040404040404,0.9964891749561147
0.34410992119620126,0.9964891749561147
0.3441794664510914,0.9964891749561147
0.3442490398221144,0.9964891749561147
0.3443186413263243,0.9964891749561147
0.34438827098078867,0.9964891749561147
0.344457928802589,0.9964891749561147
0.34452761480882055,0.9964891749561147
0.34459732901659246,0.9964891749561147
0.3446670714430277,0.9964891749561147
0.3447368421052632,0.9964891749561147
0.3448066410204495,0.9964891749561147
0.3448764682057513,0.9964891749561147
0.34494632367834716,0.9964891749561147
0.3450162074554295,0.9964891749561147
0.34508611955420465,0.9964891749561147
0.34515605999189297,0.9964891749561147
0.3452260287857288,0.9964891749561147
0.3452960259529603,0.9964891749561147
0.3453660515108497,0.9964891749561147
0.3454361054766734,0.9964891749561147
0.34550618786772164,0.9964891749561147
0.3455762987012987,0.9964891749561147
0.34564643799472294,0.9964891749561147
0.3457166057653268,0.9964891749561147
0.34578680203045686,0.9964891749561147
0.3458570268074736,0.9964891749561147
0.3459272801137518,0.9964891749561147
0.3459975619666802,0.9964891749561147
0.3460678723836619,0.9964891749561147
0.3461382113821138,0.9964891749561147
0.3462085789794674,0.9964891749561147
0.34627897519316797,0.9964891749561147
0.3463494000406752,0.9964891749561147
0.346419853539463,0.9964891749561147
0.3464903357070193,0.9964891749561147
0.34656084656084657,0.9964891749561147
0.3466313861184612,0.9964891749561147
0.34670195439739415,0.9964891749561147
0.34677255141519037,0.9964891749561147
0.3468431771894094,0.9964891749561147
0.34691383173762474,0.9964891749561147
0.3469845150774246,0.9964891749561147
0.34705522722641124,0.9964891749561147
0.3471259682022014,0.9964891749561147
0.3471967380224261,0.9964891749561147
0.3472675367047308,0.9964891749561147
0.34733836426677545,0.9964891749561147
0.3474092207262342,0.9964891749561147
0.34748010610079577,0.9964891749561147
0.34755102040816327,0.9964891749561147
0.3476219636660543,0.9964891749561147
0.3476929358922009,0.9964891749561147
0.3477639371043496,0.9964891749561147
0.3478349673202614,0.9964891749561147
0.34790602655771197,0.9964891749561147
0.34797711483449123,0.9964891749561147
0.34804823216840386,0.9964891749561147
0.348119378577269,0.9964891749561147
0.34819055407892047,0.9964891749561147
0.34826175869120657,0.9964891749561147
0.3483329924319902,0.9964891749561147
0.3484042553191489,0.9964891749561147
0.348475547370575,0.9964891749561147
0.3485468686041752,0.9964891749561147
0.34861821903787105,0.9964891749561147
0.3486895986895987,0.9964891749561147
0.34876100757730905,0.9964891749561147
0.34883244571896765,0.9964891749561147
0.3489039131325548,0.9964891749561147
0.34897540983606556,0.9964891749561147
0.34904693584750973,0.9964891749561147
0.34911849118491184,0.9964891749561147
0.34919007586631123,0.9964891749561147
0.3492616899097621,0.9964891749561147
0.34933333333333333,0.9964891749561147
0.3494050061551087,0.9964891749561147
0.34947670839318695,0.9964891749561147
0.3495484400656814,0.9964891749561147
0.34962020119072057,0.9964891749561147
0.34969199178644766,0.9964891749561147
0.34976381187102074,0.9964891749561147
0.34983566146261297,0.9964891749561147
0.34990754057941237,0.9964891749561147
0.3499794492396219,0.9964891749561147
0.3500513874614594,0.9964891749561147
0.3501233552631579,0.9964891749561147
0.35019535266296525,0.9964891749561147
0.3502673796791444,0.9964891749561147
0.3503394363299733,0.9964891749561147
0.35041152263374487,0.9964891749561147
0.35048363860876725,0.9964891749561147
0.35055578427336354,0.9964891749561147
0.35062795964587196,0.9964891749561147
0.3507001647446458,0.9964891749561147
0.35077239958805356,0.9964891749561147
0.3508446641944788,0.9964891749561147
0.3509169585823202,0.9964891749561147
0.35098928276999175,0.9964891749561147
0.3510616367759225,0.9964891749561147
0.3511340206185567,0.9964891749561147
0.3512064343163539,0.9964891749561147
0.3512788778877888,0.9964891749561147
0.35135135135135137,0.9964891749561147
0.3514238547255468,0.9964891749561147
0.35149638802889577,0.9964891749561147
0.35156895127993393,0.9964891749561147
0.35164154449721247,0.9964891749561147
0.3517141676992978,0.9964891749561147
0.35178682090477176,0.9964891749561147
0.3518595041322314,0.9964891749561147
0.3519322174002893,0.9964891749561147
0.35200496072757337,0.9964891749561147
0.3520777341327269,0.9964891749561147
0.3521505376344086,0.9964891749561147
0.35222337125129266,0.9964891749561147
0.3522962350020687,0.9964891749561147
0.35236912890544175,0.9964891749561147
0.3524420529801324,0.9964891749561147
0.35251500724487683,0.9964891749561147
0.3525879917184265,0.9964891749561147
0.35266100641954856,0.9964891749561147
0.35252692626346316,0.9959040374488005
0.35259995856639736,0.9959040374488005
0.35267302113551596,0.9959040374488005
0.3527461139896373,0.9959040374488005
0.35261194029850745,0.9953188999414863
0.35268505079825835,0.9953188999414863
0.3527581916217337,0.9953188999414863
0.35283136278780336,0.9953188999414863
0.35269709543568467,0.994733762434172
0.35277028429134677,0.994733762434172
0.352843503528435,0.994733762434172
0.3529167531658709,0.994733762434172
0.35299003322259137,0.994733762434172
0.3530633437175493,0.994733762434172
0.3531366846697133,0.994733762434172
0.3532100560980677,0.994733762434172
0.35328345802161265,0.994733762434172
0.35335689045936397,0.994733762434172
0.3532224532224532,0.9941486249268578
0.3532959035142441,0.9941486249268578
0.353369384359401,0.9941486249268578
0.3534428957769919,0.9941486249268578
0.3535164377861007,0.9941486249268578
0.3533818938605619,0.9935634874195436
0.35345545378850957,0.9935634874195436
0.35352904434728294,0.9935634874195436
0.3536026655560183,0.9935634874195436
0.35367631743386796,0.9935634874195436
0.35375,0.9935634874195436
0.3538237132735987,0.9935634874195436
0.3538974572738641,0.9935634874195436
0.3539712320200125,0.9935634874195436
0.3540450375312761,0.9935634874195436
0.35411887382690305,0.9935634874195436
0.3541927409261577,0.9935634874195436
0.3542666388483205,0.9935634874195436
0.35434056761268784,0.9935634874195436
0.3544145272385723,0.9935634874195436
0.3544885177453027,0.9935634874195436
0.35456253915222385,0.9935634874195436
0.35463659147869675,0.9935634874195436
0.3547106747440986,0.9935634874195436
0.35478478896782284,0.9935634874195436
0.354858934169279,0.9935634874195436
0.354933110367893,0.9935634874195436
0.35500731758310683,0.9935634874195436
0.35508155583437895,0.9935634874195436
0.3551558251411839,0.9935634874195436
0.35523012552301253,0.9935634874195436
0.35530445699937224,0.9935634874195436
0.3553788195897865,0.9935634874195436
0.35545321331379526,0.9935634874195436
0.3555276381909548,0.9935634874195436
0.3556020942408377,0.9935634874195436
0.3556765814830331,0.9935634874195436
0.35575109993714643,0.9935634874195436
0.35582564962279967,0.9935634874195436
0.3559002305596311,0.9935634874195436
0.3559748427672956,0.9935634874195436
0.35604948626546445,0.9935634874195436
0.3561241610738255,0.9935634874195436
0.35619886721208305,0.9935634874195436
0.35627360469995806,0.9935634874195436
0.35634837355718785,0.9935634874195436
0.35642317380352645,0.9935634874195436
0.3564980054587445,0.9935634874195436
0.35657286854262915,0.9935634874195436
0.35664776307498425,0.9935634874195436
0.35672268907563026,0.9935634874195436
0.35679764656440427,0.9935634874195436
0.35687263556116017,0.9935634874195436
0.35694765608576834,0.9935634874195436
0.35702270815811604,0.9935634874195436
0.35709779179810724,0.9935634874195436
0.3571729070256626,0.9935634874195436
0.35724805386071956,0.9935634874195436
0.3573232323232323,0.9935634874195436
0.357398442433172,0.9935634874195436
0.35747368421052633,0.9935634874195436
0.35754895767530004,0.9935634874195436
0.35762426284751475,0.9935634874195436
0.3576995997472088,0.9935634874195436
0.3577749683944374,0.9935634874195436
0.3578503688092729,0.9935634874195436
0.3579258010118044,0.9935634874195436
0.35800126502213786,0.9935634874195436
0.35807676086039647,0.9935634874195436
0.3581522885467201,0.9935634874195436
0.35822784810126584,0.9935634874195436
0.3583034395442076,0.9935634874195436
0.3583790628957366,0.9935634874195436
0.3584547181760608,0.9935634874195436
0.35853040540540543,0.9935634874195436
0.3586061246040127,0.9935634874195436
0.35868187579214195,0.9935634874195436
0.3587576589900697,0.9935634874195436
0.3588334742180896,0.9935634874195436
0.3589093214965124,0.9935634874195436
0.358985200845666,0.9935634874195436
0.35906111228589555,0.9935634874195436
0.35913705583756345,0.9935634874195436
0.3592130315210493,0.9935634874195436
0.3592890393567499,0.9935634874195436
0.3593650793650794,0.9935634874195436
0.3594411515664691,0.9935634874195436
0.3595172559813678,0.9935634874195436
0.3595933926302414,0.9935634874195436
0.3596695615335734,0.9935634874195436
0.3597457627118644,0.9935634874195436
0.35982199618563254,0.9935634874195436
0.3598982619754133,0.9935634874195436
0.3599745601017596,0.9935634874195436
0.36005089058524176,0.9935634874195436
0.3601272534464475,0.9935634874195436
0.3602036487059822,0.9935634874195436
0.3602800763844685,0.9935634874195436
0.3603565365025467,0.9935634874195436
0.36043302908087455,0.9935634874195436
0.36050955414012736,0.9935634874195436
0.3605861117009981,0.9935634874195436
0.3606627017841971,0.9935634874195436
0.36073932441045253,0.9935634874195436
0.36081597960051,0.9935634874195436
0.3608926673751328,0.9935634874195436
0.36096938775510207,0.9935634874195436
0.36104614076121627,0.9935634874195436
0.3611229264142918,0.9935634874195436
0.36119974473516275,0.9935634874195436
0.36127659574468085,0.9935634874195436
0.3613534794637157,0.9935634874195436
0.3614303959131545,0.9935634874195436
0.3615073451139025,0.9935634874195436
0.36158432708688243,0.9935634874195436
0.36166134185303517,0.9935634874195436
0.36173838943331915,0.9935634874195436
0.3618154698487108,0.9935634874195436
0.3618925831202046,0.9935634874195436
0.3619697292688126,0.9935634874195436
0.362046908315565,0.9935634874195436
0.3621241202815099,0.9935634874195436
0.3622013651877133,0.9935634874195436
0.36227864305525925,0.9935634874195436
0.36235595390524966,0.9935634874195436
0.3624332977588047,0.9935634874195436
0.3625106746370623,0.9935634874195436
0.36258808456117875,0.9935634874195436
0.36266552755232806,0.9935634874195436
0.36274300363170264,0.9935634874195436
0.3628205128205128,0.9935634874195436
0.3628980551399872,0.9935634874195436
0.3629756306113724,0.9935634874195436
0.3630532392559333,0.9935634874195436
0.36313088109495295,0.9935634874195436
0.36320855614973263,0.9935634874195436
0.3632862644415918,0.9935634874195436
0.3633640059918682,0.9935634874195436
0.3634417808219178,0.9935634874195436
0.363519588953115,0.9935634874195436
0.3635974304068523,0.9935634874195436
0.3636753052045406,0.9935634874195436
0.36375321336760924,0.9935634874195436
0.3638311549175059,0.9935634874195436
0.3639091298756965,0.9935634874195436
0.3639871382636656,0.9935634874195436
0.36406518010291594,0.9935634874195436
0.3641432554149689,0.9935634874195436
0.3642213642213642,0.9935634874195436
0.36429950654366017,0.9935634874195436
0.3643776824034335,0.9935634874195436
0.36445589182227944,0.9935634874195436
0.36453413482181196,0.9935634874195436
0.3646124114236633,0.9935634874195436
0.3646907216494845,0.9935634874195436
0.36476906552094523,0.9935634874195436
0.36484744305973354,0.9935634874195436
0.3649258542875564,0.9935634874195436
0.3650042992261393,0.9935634874195436
0.36508277789722643,0.9935634874195436
0.36516129032258066,0.9935634874195436
0.3652398365239837,0.9935634874195436
0.3653184165232358,0.9935634874195436
0.3653970303421562,0.9935634874195436
0.36547567800258285,0.9935634874195436
0.36555435952637244,0.9935634874195436
0.36563307493540054,0.9935634874195436
0.3657118242515615,0.9935634874195436
0.3657906074967686,0.9935634874195436
0.3658694246929541,0.9935634874195436
0.36594827586206896,0.9935634874195436
0.3660271610260832,0.9935634874195436
0.36610608020698576,0.9935634874195436
0.36618503342678455,0.9935634874195436
0.36626402070750647,0.9935634874195436
0.3663430420711974,0.9935634874195436
0.36642209753992233,0.9935634874195436
0.3665011871357652,0.9935634874195436
0.36658031088082904,0.9935634874195436
0.36665946879723604,0.9935634874195436
0.3667386609071274,0.9935634874195436
0.3668178872326636,0.9935634874195436
0.3668971477960242,0.9935634874195436
0.3669764426194078,0.9935634874195436
0.3670557717250324,0.9935634874195436
0.3671351351351351,0.9935634874195436
0.3672145328719723,0.9935634874195436
0.3672939649578196,0.9935634874195436
0.36737343141497186,0.9935634874195436
0.3674529322657433,0.9935634874195436
0.36753246753246754,0.9935634874195436
0.3676120372374973,0.9935634874195436
0.36769164140320487,0.9935634874195436
0.3677712800519818,0.9935634874195436
0.3678509532062392,0.9935634874195436
0.36793066088840737,0.9935634874195436
0.3680104031209363,0.9935634874195436
0.3680901799262953,0.9935634874195436
0.3681699913269731,0.9935634874195436
0.3682498373454782,0.9935634874195436
0.3683297180043384,0.9935634874195436
0.3684096333261011,0.9935634874195436
0.3684895833333333,0.9935634874195436
0.3685695680486217,0.9935634874195436
0.3686495874945723,0.9935634874195436
0.36872964169381106,0.9935634874195436
0.3688097306689835,0.9935634874195436
0.36888985444275474,0.9935634874195436
0.36897001303780963,0.9935634874195436
0.36883286242121277,0.9929783499122293
0.36891304347826087,0.9929783499122293
0.3689932594042183,0.9929783499122293
0.3690735102218356,0.9929783499122293
0.369153795953883,0.9929783499122293
0.3692341166231506,0.9929783499122293
0.3693144722524483,0.9929783499122293
0.369394862864606,0.9929783499122293
0.36947528848247335,0.9929783499122293
0.36955574912891986,0.9929783499122293
0.3696362448268351,0.9929783499122293
0.3697167755991285,0.9929783499122293
0.36979734146872956,0.9929783499122293
0.3698779424585876,0.9929783499122293
0.36995857859167214,0.9929783499122293
0.37003924989097253,0.9929783499122293
0.37011995637949835,0.9929783499122293
0.3702006980802792,0.9929783499122293
0.3702814750163648,0.9929783499122293
0.370362287210825,0.9929783499122293
0.3704431346867496,0.9929783499122293
0.3705240174672489,0.9929783499122293
0.37060493557545315,0.9929783499122293
0.3706858890345129,0.9929783499122293
0.3707668778675989,0.9929783499122293
0.3708479020979021,0.9929783499122293
0.3709289617486339,0.9929783499122293
0.3710100568430258,0.9929783499122293
0.3710911874043298,0.9929783499122293
0.371172353455818,0.9929783499122293
0.3712535550207832,0.9929783499122293
0.3713347921225383,0.9929783499122293
0.37141606478441674,0.9929783499122293
0.3714973730297723,0.9929783499122293
0.3715787168819794,0.9929783499122293
0.37166009636443276,0.9929783499122293
0.37174151150054763,0.9929783499122293
0.3718229623137599,0.9929783499122293
0.37190444882752577,0.9929783499122293
0.3719859710653222,0.9929783499122293
0.3720675290506468,0.9929783499122293
0.37214912280701756,0.9929783499122293
0.37223075235797326,0.9929783499122293
0.3723124177270733,0.9929783499122293
0.37239411893789776,0.9929783499122293
0.3724758560140474,0.9929783499122293
0.3725576289791438,0.9929783499122293
0.3726394378568292,0.9929783499122293
0.37272128267076654,0.9929783499122293
0.3728031634446397,0.9929783499122293
0.3728850802021534,0.9929783499122293
0.372967032967033,0.9929783499122293
0.37304902176302485,0.9929783499122293
0.37313104661389623,0.9929783499122293
0.37321310754343523,0.9929783499122293
0.37329520457545096,0.9929783499122293
0.37337733773377335,0.9929783499122293
0.3734595070422535,0.9929783499122293
0.37354171252476337,0.9929783499122293
0.37362395420519595,0.9929783499122293
0.37370623210746534,0.9929783499122293
0.3737885462555066,0.9929783499122293
0.37387089667327605,0.9929783499122293
0.373953283384751,0.9929783499122293
0.3740357064139299,0.9929783499122293
0.3741181657848324,0.9929783499122293
0.37420066152149944,0.9929783499122293
0.37428319364799295,0.9929783499122293
0.3743657621883962,0.9929783499122293
0.3744483671668138,0.9929783499122293
0.37453100860737143,0.9929783499122293
0.37461368653421634,0.9929783499122293
0.3746964009715169,0.9929783499122293
0.3747791519434629,0.9929783499122293
0.3748619394742655,0.9929783499122293
0.3749447635881573,0.9929783499122293
0.37502762430939224,0.9929783499122293
0.3751105216622458,0.9929783499122293
0.3751934556710148,0.9929783499122293
0.3752764263600177,0.9929783499122293
0.3753594337535943,0.9929783499122293
0.3754424778761062,0.9929783499122293
0.3755255587519363,0.9929783499122293
0.3756086764054892,0.9929783499122293
0.37569183086119107,0.9929783499122293
0.3757750221434898,0.9929783499122293
0.37585825027685493,0.9929783499122293
0.37594151528577757,0.9929783499122293
0.37602481719477066,0.9929783499122293
0.3761081560283688,0.9929783499122293
0.37619153181112835,0.9929783499122293
0.3762749445676275,0.9929783499122293
0.3763583943224662,0.9929783499122293
0.3764418811002662,0.9929783499122293
0.37652540492567116,0.9929783499122293
0.37660896582334663,0.9929783499122293
0.37669256381798,0.9929783499122293
0.37677619893428066,0.9929783499122293
0.3768598711969798,0.9929783499122293
0.3769435806308307,0.9929783499122293
0.3770273272606088,0.9929783499122293
0.3771111111111111,0.9929783499122293
0.37719493220715716,0.9929783499122293
0.37727879057358826,0.9929783499122293
0.377362686235268,0.9929783499122293
0.37744661921708184,0.9929783499122293
0.3775305895439377,0.9929783499122293
0.37761459724076546,0.9929783499122293
0.37769864233251726,0.9929783499122293
0.3777827248441674,0.9929783499122293
0.37786684480071253,0.9929783499122293
0.3779510022271715,0.9929783499122293
0.3780351971485854,0.9929783499122293
0.3781194295900178,0.9929783499122293
0.3782036995765545,0.9929783499122293
0.3782880071333036,0.9929783499122293
0.3783723522853958,0.9929783499122293
0.37845673505798394,0.9929783499122293
0.37854115547624356,0.9929783499122293
0.3786256135653726,0.9929783499122293
0.3787101093505914,0.9929783499122293
0.37879464285714287,0.9929783499122293
0.37887921411029246,0.9929783499122293
0.3789638231353283,0.9929783499122293
0.37904846995756086,0.9929783499122293
0.3791331546023235,0.9929783499122293
0.37921787709497207,0.9929783499122293
0.3793026374608851,0.9929783499122293
0.3793874357254639,0.9929783499122293
0.37947227191413235,0.9929783499122293
0.37955714605233726,0.9929783499122293
0.3796420581655481,0.9929783499122293
0.3797270082792571,0.9929783499122293
0.3798119964189794,0.9929783499122293
0.379897022610253,0.9929783499122293
0.3799820868786386,0.9929783499122293
0.38006718924972005,0.9929783499122293
0.38015232974910396,0.9929783499122293
0.3802375084024199,0.9929783499122293
0.38032272523532046,0.9929783499122293
0.38040798027348127,0.9929783499122293
0.3804932735426009,0.9929783499122293
0.38057860506840097,0.9929783499122293
0.3806639748766263,0.9929783499122293
0.38074938299304467,0.9929783499122293
0.38083482944344704,0.9929783499122293
0.3809203142536476,0.9929783499122293
0.38100583744948363,0.9929783499122293
0.3810913990568156,0.9929783499122293
0.3811769991015274,0.9929783499122293
0.38126263760952595,0.9929783499122293
0.38134831460674157,0.9929783499122293
0.3814340301191279,0.9929783499122293
0.38151978417266186,0.9929783499122293
0.38160557679334384,0.9929783499122293
0.3816914080071975,0.9929783499122293
0.38177727784027,0.9929783499122293
0.38186318631863186,0.9929783499122293
0.3819491334683772,0.9929783499122293
0.3820351193156236,0.9929783499122293
0.382121143886512,0.9929783499122293
0.3822072072072072,0.9929783499122293
0.38229330930389727,0.9929783499122293
0.38237945020279407,0.9929783499122293
0.382465629930133,0.9929783499122293
0.3825518485121731,0.9929783499122293
0.3826381059751973,0.9929783499122293
0.38272440234551197,0.9929783499122293
0.38281073764944734,0.9929783499122293
0.3828971119133574,0.9929783499122293
0.38298352516361994,0.9929783499122293
0.38306997742663657,0.9929783499122293
0.3831564687288327,0.9929783499122293
0.38324299909665765,0.9929783499122293
0.3833295685565846,0.9929783499122293
0.3834161771351107,0.9929783499122293
0.3835028248587571,0.9929783499122293
0.3835895117540687,0.9929783499122293
0.38367623784761473,0.9929783499122293
0.3837630031659882,0.9929783499122293
0.3838498077358064,0.9929783499122293
0.38393665158371043,0.9929783499122293
0.3840235347363657,0.9929783499122293
0.3841104572204617,0.9929783499122293
0.38419741906271226,0.9929783499122293
0.3842844202898551,0.9929783499122293
0.3843714609286523,0.9929783499122293
0.38445854100589033,0.9929783499122293
0.3845456605483798,0.9929783499122293
0.3846328195829556,0.9929783499122293
0.384720018136477,0.9929783499122293
0.3848072562358277,0.9929783499122293
0.3848945339079156,0.9929783499122293
0.3849818511796733,0.9929783499122293
0.3850692080780576,0.9929783499122293
0.3851566046300499,0.9929783499122293
0.38524404086265607,0.9929783499122293
0.38533151680290645,0.9929783499122293
0.385419032477856,0.9929783499122293
0.38550658791458425,0.9929783499122293
0.3855941831401954,0.9929783499122293
0.3856818181818182,0.9929783499122293
0.3857694930666061,0.9929783499122293
0.38585720782173716,0.9929783499122293
0.3859449624744144,0.9929783499122293
0.38603275705186535,0.9929783499122293
0.38612059158134243,0.9929783499122293
0.3862084660901229,0.9929783499122293
0.38629638060550875,0.9929783499122293
0.38638433515482695,0.9929783499122293
0.3864723297654293,0.9929783499122293
0.3865603644646925,0.9929783499122293
0.38664843928001824,0.9929783499122293
0.3867365542388332,0.9929783499122293
0.38682470936858904,0.9929783499122293
0.3869129046967624,0.9929783499122293
0.3870011402508552,0.9929783499122293
0.38708941605839414,0.9929783499122293
0.38717773214693135,0.9929783499122293
0.3872660885440438,0.9929783499122293
0.38735448527733396,0.9929783499122293
0.38744292237442923,0.9929783499122293
0.3875313998629824,0.9929783499122293
0.38761991777067156,0.9929783499122293
0.38770847612519993,0.9929783499122293
0.38779707495429616,0.9929783499122293
0.3878857142857143,0.9929783499122293
0.38797439414723367,0.9929783499122293
0.38806311456665904,0.9929783499122293
0.3881518755718207,0.9929783499122293
0.38824067719057426,0.9929783499122293
0.3883295194508009,0.9929783499122293
0.3884184023804074,0.9929783499122293
0.388507326007326,0.9929783499122293
0.38859629035951454,0.9929783499122293
0.3886852954649565,0.9929783499122293
0.38877434135166095,0.9929783499122293
0.3888634280476627,0.9929783499122293
0.3889525555810222,0.9929783499122293
0.3890417239798258,0.9929783499122293
0.3891309332721853,0.9929783499122293
0.38922018348623855,0.9929783499122293
0.3893094746501491,0.9929783499122293
0.3893988067921065,0.9929783499122293
0.3894881799403259,0.9929783499122293
0.38957759412304865,0.9929783499122293
0.3896670493685419,0.9929783499122293
0.38975654570509877,0.9929783499122293
0.38984608316103836,0.9929783499122293
0.3899356617647059,0.9929783499122293
0.3900252815444725,0.9929783499122293
0.39011494252873563,0.9929783499122293
0.3902046447459186,0.9929783499122293
0.39029438822447104,0.9929783499122293
0.39038417299286865,0.9929783499122293
0.39047399907961344,0.9929783499122293
0.3905638665132336,0.9929783499122293
0.3906537753222836,0.9929783499122293
0.39074372553534426,0.9929783499122293
0.39083371718102256,0.9929783499122293
0.39092375028795207,0.9929783499122293
0.39101382488479264,0.9929783499122293
0.3911039410002305,0.9929783499122293
0.39119409866297833,0.9929783499122293
0.39128429790177544,0.9929783499122293
0.39137453874538747,0.9929783499122293
0.3914648212226067,0.9929783499122293
0.39155514536225194,0.9929783499122293
0.3916455111931687,0.9929783499122293
0.391735918744229,0.9929783499122293
0.3918263680443316,0.9929783499122293
0.3919168591224019,0.9929783499122293
0.392007392007392,0.9929783499122293
0.39209796672828096,0.9929783499122293
0.3921885833140744,0.9929783499122293
0.3922792417938049,0.9929783499122293
0.3923699421965318,0.9929783499122293
0.39246068455134137,0.9929783499122293
0.39255146888734677,0.9929783499122293
0.3926422952336881,0.9929783499122293
0.39273316361953253,0.9929783499122293
0.39282407407407405,0.9929783499122293
0.39291502662653394,0.9929783499122293
0.39300602130616025,0.9929783499122293
0.3930970581422284,0.9929783499122293
0.3931881371640408,0.9929783499122293
0.393279258400927,0.9929783499122293
0.39337042188224386,0.9929783499122293
0.39346162763737536,0.9929783499122293
0.39355287569573283,0.9929783499122293
0.3936441660867548,0.9929783499122293
0.3937354988399072,0.9929783499122293
0.39382687398468325,0.9929783499122293
0.39391829155060354,0.9929783499122293
0.3940097515672162,0.9929783499122293
0.39410125406409663,0.9929783499122293
0.39419279907084787,0.9929783499122293
0.39428438661710036,0.9929783499122293
0.3943760167325122,0.9929783499122293
0.39446768944676897,0.9929783499122293
0.39455940478958385,0.9929783499122293
0.3946511627906977,0.9929783499122293
0.394742963479879,0.9929783499122293
0.39483480688692413,0.9929783499122293
0.39492669304165695,0.9929783499122293
0.39501862197392923,0.9929783499122293
0.3951105937136205,0.9929783499122293
0.3952026082906381,0.9929783499122293
0.3952946657349173,0.9929783499122293
0.39538676607642126,0.9929783499122293
0.395478909345141,0.9929783499122293
0.39557109557109554,0.9929783499122293
0.395663324784332,0.9929783499122293
0.39575559701492535,0.9929783499122293
0.3958479122929788,0.9929783499122293
0.3959402706486234,0.9929783499122293
0.39603267211201865,0.9929783499122293
0.396125116713352,0.9929783499122293
0.39621760448283916,0.9929783499122293
0.39631013545072397,0.9929783499122293
0.3964027096472787,0.9929783499122293
0.3964953271028037,0.9929783499122293
0.39658798784762794,0.9929783499122293
0.3966806919121085,0.9929783499122293
0.39677343932663084,0.9929783499122293
0.396866230121609,0.9929783499122293
0.3969590643274854,0.9929783499122293
0.3970519419747309,0.9929783499122293
0.39714486309384506,0.9929783499122293
0.3972378277153558,0.9929783499122293
0.3973308358698197,0.9929783499122293
0.397423887587822,0.9929783499122293
0.39751698289997656,0.9929783499122293
0.39761012183692596,0.9929783499122293
0.39770330442934143,0.9929783499122293
0.3977965307079231,0.9929783499122293
0.39788980070339974,0.9929783499122293
0.39798311444652906,0.9929783499122293
0.3980764719680976,0.9929783499122293
0.3981698732989207,0.9929783499122293
0.39826331846984275,0.9929783499122293
0.3983568075117371,0.9929783499122293
0.398450340455506,0.9929783499122293
0.3985439173320808,0.9929783499122293
0.39863753817242187,0.9929783499122293
0.3987312030075188,0.9929783499122293
0.39882491186839014,0.9929783499122293
0.3989186647860837,0.9929783499122293
0.3990124617916765,0.9929783499122293
0.3991063029162747,0.9929783499122293
0.3992001881910139,0.9929783499122293
0.3992941176470588,0.9929783499122293
0.39938809131560365,0.9929783499122293
0.3994821092278719,0.9929783499122293
0.39957617141511653,0.9929783499122293
0.39967027790861986,0.9929783499122293
0.39976442873969376,0.9929783499122293
0.3998586239396795,0.9929783499122293
0.39995286353994813,0.9929783499122293
0.4000471475719001,0.9929783499122293
0.4001414760669653,0.9929783499122293
0.40023584905660375,0.9929783499122293
0.4003302665723048,0.9929783499122293
0.40042472864558754,0.9929783499122293
0.40051923530800093,0.9929783499122293
0.4006137865911237,0.9929783499122293
0.4007083825265643,0.9929783499122293
0.4008030231459613,0.9929783499122293
0.4008977084809828,0.9929783499122293
0.40099243856332706,0.9929783499122293
0.4010872134247223,0.9929783499122293
0.40118203309692674,0.9929783499122293
0.4012768976117285,0.9929783499122293
0.4013718070009461,0.9929783499122293
0.4014667612964277,0.9929783499122293
0.40156176053005205,0.9929783499122293
0.40165680473372783,0.9929783499122293
0.4017518939393939,0.9929783499122293
0.4018470281790196,0.9929783499122293
0.40194220748460446,0.9929783499122293
0.40203743188817814,0.9929783499122293
0.40213270142180096,0.9929783499122293
0.4022280161175634,0.9929783499122293
0.40232337600758655,0.9929783499122293
0.4024187811240218,0.9929783499122293
0.40251423149905124,0.9929783499122293
0.4026097271648873,0.9929783499122293
0.4027052681537731,0.9929783499122293
0.4028008544979824,0.9929783499122293
0.40289648622981955,0.9929783499122293
0.4029921633816196,0.9929783499122293
0.40308788598574824,0.9929783499122293
0.40318365407460205,0.9929783499122293
0.40327946768060835,0.9929783499122293
0.40337532683622535,0.9929783499122293
0.403471231573942,0.9929783499122293
0.4035671819262782,0.9929783499122293
0.403663177925785,0.9929783499122293
0.403759219605044,0.9929783499122293
0.4038553069966683,0.9929783499122293
0.4039514401333016,0.9929783499122293
0.40404761904761904,0.9929783499122293
0.40414384377232676,0.9929783499122293
0.404240114340162,0.9929783499122293
0.40433643078389325,0.9929783499122293
0.4044327931363203,0.9929783499122293
0.40452920143027415,0.9929783499122293
0.4046256556986171,0.9929783499122293
0.40472215597424277,0.9929783499122293
0.4048187022900763,0.9929783499122293
0.4049152946790742,0.9929783499122293
0.40501193317422435,0.9929783499122293
0.4051086178085462,0.9929783499122293
0.4052053486150907,0.9929783499122293
0.4053021256269405,0.9929783499122293
0.40539894887720973,0.9929783499122293
0.4054958183990442,0.9929783499122293
0.4055927342256214,0.9929783499122293
0.4056896963901506,0.9929783499122293
0.40578670492587277,0.9929783499122293
0.40588375986606073,0.9929783499122293
0.40598086124401916,0.9929783499122293
0.40607800909308445,0.9929783499122293
0.40617520344662517,0.9929783499122293
0.40627244433804166,0.9929783499122293
0.4063697318007663,0.9929783499122293
0.4064670658682635,0.9929783499122293
0.4065644465740297,0.9929783499122293
0.4066618739515936,0.9929783499122293
0.4067593480345158,0.9929783499122293
0.40685686885638933,0.9929783499122293
0.40695443645083934,0.9929783499122293
0.40705205085152313,0.9929783499122293
0.4071497120921305,0.9929783499122293
0.4072474202063835,0.9929783499122293
0.4073451752280365,0.9929783499122293
0.40744297719087635,0.9929783499122293
0.4075408261287224,0.9929783499122293
0.4076387220754264,0.9929783499122293
0.40773666506487266,0.9929783499122293
0.4078346551309781,0.9929783499122293
0.4079326923076923,0.9929783499122293
0.40803077662899734,0.9929783499122293
0.4081289081289081,0.9929783499122293
0.40822708684147224,0.9929783499122293
0.40832531280076995,0.9929783499122293
0.40842358604091455,0.9929783499122293
0.408521906596052,0.9929783499122293
0.4086202745003612,0.9929783499122293
0.4087186897880539,0.9929783499122293
0.4088171524933751,0.9929783499122293
0.4089156626506024,0.9929783499122293
0.40901422029404677,0.9929783499122293
0.40911282545805205,0.9929783499122293
0.40921147817699544,0.9929783499122293
0.409310178485287,0.9929783499122293
0.4094089264173703,0.9929783499122293
0.409507722007722,0.9929783499122293
0.40960656529085204,0.9929783499122293
0.4097054563013037,0.9929783499122293
0.4098043950736537,0.9929783499122293
0.40990338164251205,0.9929783499122293
0.41000241604252236,0.9929783499122293
0.4101014983083615,0.9929783499122293
0.41020062847474015,0.9929783499122293
0.4102998065764023,0.9929783499122293
0.41039903264812577,0.9929783499122293
0.4104983067247218,0.9929783499122293
0.41059762884103557,0.9929783499122293
0.4106969990319458,0.9929783499122293
0.41079641733236505,0.9929783499122293
0.41089588377723973,0.9929783499122293
0.41099539840155,0.9929783499122293
0.4110949612403101,0.9929783499122293
0.411194572328568,0.9929783499122293
0.4112942317014057,0.9929783499122293
0.41139393939393937,0.9929783499122293
0.4114936954413191,0.9929783499122293
0.41159349987872906,0.9929783499122293
0.4116933527413877,0.9929783499122293
0.4117932540645474,0.9929783499122293
0.41189320388349515,0.9929783499122293
0.41199320223355185,0.9929783499122293
0.41209324915007284,0.9929783499122293
0.4121933446684479,0.9929783499122293
0.41229348882410105,0.9929783499122293
0.4123936816524909,0.9929783499122293
0.4124939231891104,0.9929783499122293
0.412594213469487,0.9929783499122293
0.41269455252918286,0.9929783499122293
0.4127949404037947,0.9929783499122293
0.41289537712895374,0.9929783499122293
0.4129958627403261,0.9929783499122293
0.41309639727361247,0.9929783499122293
0.4131969807645483,0.9929783499122293
0.413297613248904,0.9929783499122293
0.4133982947624848,0.9929783499122293
0.4134990253411306,0.9929783499122293
0.4135998050207165,0.9929783499122293
0.4137006338371526,0.9929783499122293
0.4138015118263838,0.9929783499122293
0.4139024390243902,0.9929783499122293
0.4140034154671871,0.9929783499122293
0.4141044411908248,0.9929783499122293
0.41420551623138885,0.9929783499122293
0.414306640625,0.9929783499122293
0.41440781440781443,0.9929783499122293
0.4145090376160234,0.9929783499122293
0.4146103102858539,0.9929783499122293
0.41471163245356796,0.9929783499122293
0.41481300415546324,0.9929783499122293
0.4149144254278729,0.9929783499122293
0.41501589630716557,0.9929783499122293
0.4151174168297456,0.9929783499122293
0.41521898703205284,0.9929783499122293
0.4153206069505629,0.9929783499122293
0.41542227662178705,0.9929783499122293
0.4155239960822723,0.9929783499122293
0.4156257653686015,0.9929783499122293
0.41572758451739344,0.9929783499122293
0.4158294535653026,0.9929783499122293
0.41593137254901963,0.9929783499122293
0.4160333415052709,0.9929783499122293
0.416135360470819,0.9929783499122293
0.4162374294824626,0.9929783499122293
0.4163395485770363,0.9929783499122293
0.41644171779141104,0.9929783499122293
0.4165439371624939,0.9929783499122293
0.4166462067272281,0.9929783499122293
0.4167485265225933,0.9929783499122293
0.4168508965856055,0.9929783499122293
0.41695331695331694,0.9929783499122293
0.4170557876628164,0.9929783499122293
0.4171583087512291,0.9929783499122293
0.4172608802557167,0.9929783499122293
0.4173635022134776,0.9929783499122293
0.4174661746617466,0.9929783499122293
0.41756889763779526,0.9929783499122293
0.41767167117893184,0.9929783499122293
0.4177744953225012,0.9929783499122293
0.41787737010588527,0.9929783499122293
0.41798029556650246,0.9929783499122293
0.4180832717418083,0.9929783499122293
0.41818629866929524,0.9929783499122293
0.4182893763864925,0.9929783499122293
0.41839250493096647,0.9929783499122293
0.4184956843403206,0.9929783499122293
0.41859891465219534,0.9929783499122293
0.41870219590426844,0.9929783499122293
0.4188055281342547,0.9929783499122293
0.4189089113799062,0.9929783499122293
0.41901234567901235,0.9929783499122293
0.41911583106939987,0.9929783499122293
0.4192193675889328,0.9929783499122293
0.4193229552755127,0.9929783499122293
0.41917943648047457,0.9923932124049152
0.419283065512979,0.9923932124049152
0.41938674579624136,0.9923932124049152
0.41949047736829087,0.9923932124049152
0.4195942602671945,0.9923932124049152
0.41969809453105666,0.9923932124049152
0.4198019801980198,0.9923932124049152
0.4199059173062639,0.9923932124049152
0.42000990589400694,0.9923932124049152
0.4201139459995046,0.9923932124049152
0.42021803766105054,0.9923932124049152
0.42032218091697643,0.9923932124049152
0.42042637580565195,0.9923932124049152
0.4205306223654848,0.9923932124049152
0.42063492063492064,0.9923932124049152
0.42073927065244354,0.9923932124049152
0.42084367245657567,0.9923932124049152
0.4209481260858774,0.9923932124049152
0.42105263157894735,0.9923932124049152
0.42115718897442267,0.9923932124049152
0.42126179831097865,0.9923932124049152
0.4213664596273292,0.9923932124049152
0.42147117296222664,0.9923932124049152
0.42157593835446183,0.9923932124049152
0.42168075584286424,0.9923932124049152
0.42178562546630194,0.9923932124049152
0.4218905472636816,0.9923932124049152
0.42199552127394874,0.9923932124049152
0.4221005475360876,0.9923932124049152
0.4222056260891212,0.9923932124049152
0.42231075697211157,0.9923932124049152
0.4224159402241594,0.9923932124049152
0.4225211758844046,0.9923932124049152
0.4226264639920259,0.9923932124049152
0.42273180458624127,0.9923932124049152
0.4228371977063077,0.9923932124049152
0.4229426433915212,0.9923932124049152
0.42304814168121724,0.9923932124049152
0.4231536926147705,0.9923932124049152
0.4232592962315947,0.9923932124049152
0.42336495257114326,0.9923932124049152
0.42347066167290887,0.9923932124049152
0.42357642357642356,0.9923932124049152
0.42368223832125906,0.9923932124049152
0.4237881059470265,0.9923932124049152
0.42389402649337665,0.9923932124049152
0.424,0.9923932124049152
0.42410602650662665,0.9923932124049152
0.4242121060530265,0.9923932124049152
0.42431823867900925,0.9923932124049152
0.4244244244244244,0.9923932124049152
0.42453066332916145,0.9923932124049152
0.4246369554331497,0.9923932124049152
0.42474330077635863,0.9923932124049152
0.4248496993987976,0.9923932124049152
0.4249561513405162,0.9923932124049152
0.42506265664160403,0.9923932124049152
0.42516921534219104,0.9923932124049152
0.42527582748244735,0.9923932124049152
0.4253824931025834,0.9923932124049152
0.42548921224284997,0.9923932124049152
0.4255959849435383,0.9923932124049152
0.42570281124497994,0.9923932124049152
0.4258096911875471,0.9923932124049152
0.42591662481165243,0.9923932124049152
0.4260236121577493,0.9923932124049152
0.42613065326633165,0.9923932124049152
0.42623774817793414,0.9923932124049152
0.4263448969331322,0.9923932124049152
0.4264520995725421,0.9923932124049152
0.42655935613682094,0.9923932124049152
0.4266666666666667,0.9923932124049152
0.4267740312028183,0.9923932124049152
0.42688144978605586,0.9923932124049152
0.4269889224572004,0.9923932124049152
0.4270964492571141,0.9923932124049152
0.4273116654069035,0.9923932124049152
0.4274193548387097,0.9923932124049152
0.42752709856314597,0.9923932124049152
0.4276348966212809,0.9923932124049152
0.4277427490542245,0.9923932124049152
0.42785065590312815,0.9923932124049152
0.427958617209185,0.9923932124049152
0.42806663301362946,0.9923932124049152
0.42817470335773794,0.9923932124049152
0.42828282828282827,0.9923932124049152
0.4283910078302602,0.9923932124049152
0.4284992420414351,0.9923932124049152
0.4286075309577963,0.9923932124049152
0.4287158746208291,0.9923932124049152
0.42882427307206067,0.9923932124049152
0.4289327263530602,0.9923932124049152
0.4290412345054389,0.9923932124049152
0.4291497975708502,0.9923932124049152
0.42925841559098965,0.9923932124049152
0.4293670886075949,0.9923932124049152
0.42947581666244616,0.9923932124049152
0.42958459979736574,0.9923932124049152
0.4296934380542184,0.9923932124049152
0.4298023314749113,0.9923932124049152
0.4299112801013942,0.9923932124049152
0.4300202839756592,0.9923932124049152
0.4301293431397413,0.9923932124049152
0.4302384576357179,0.9923932124049152
0.4303476275057092,0.9923932124049152
0.4304568527918782,0.9923932124049152
0.4305661335364306,0.9923932124049152
0.43067546978161503,0.9923932124049152
0.4307848615697231,0.9923932124049152
0.43089430894308944,0.9923932124049152
0.4310038119440915,0.9923932124049152
0.43111337061515,0.9923932124049152
0.4312229849987287,0.9923932124049152
0.4313326551373347,0.9923932124049152
0.4314423810735182,0.9923932124049152
0.4315521628498728,0.9923932124049152
0.43166200050903536,0.9923932124049152
0.4317718940936864,0.9923932124049152
0.4318818436465495,0.9923932124049152
0.43199184921039224,0.9923932124049152
0.43210191082802546,0.9923932124049152
0.4322120285423038,0.9923932124049152
0.4323222023961254,0.9923932124049152
0.43243243243243246,0.9923932124049152
0.4325427186942107,0.9923932124049152
0.4326530612244898,0.9923932124049152
0.4327634600663435,0.9923932124049152
0.4328739152628892,0.9923932124049152
0.4329844268572887,0.9923932124049152
0.4330949948927477,0.9923932124049152
0.43320561941251595,0.9923932124049152
0.43331630045988756,0.9923932124049152
0.4334270380782009,0.9923932124049152
0.4335378323108384,0.9923932124049152
0.4336486832012273,0.9923932124049152
0.4337595907928389,0.9923932124049152
0.43387055512918904,0.9923932124049152
0.43398157625383826,0.9923932124049152
0.4340926542103916,0.9923932124049152
0.43420378904249873,0.9923932124049152
0.43431498079385406,0.9923932124049152
0.4344262295081967,0.9923932124049152
0.43453753522931077,0.9923932124049152
0.43464889800102513,0.9923932124049152
0.43476031786721353,0.9923932124049152
0.4348717948717949,0.9923932124049152
0.434983329058733,0.9923932124049152
0.43509492047203696,0.9923932124049152
0.43520656915576084,0.9923932124049152
0.4353182751540041,0.9923932124049152
0.43543003851091144,0.9923932124049152
0.43554185927067285,0.9923932124049152
0.4356537374775238,0.9923932124049152
0.4357656731757451,0.9923932124049152
0.4358776664096633,0.9923932124049152
0.4359897172236504,0.9923932124049152
0.43610182566212397,0.9923932124049152
0.43621399176954734,0.9923932124049152
0.4363262155904296,0.9923932124049152
0.4364384971693258,0.9923932124049152
0.43655083655083654,0.9923932124049152
0.43666323377960864,0.9923932124049152
0.4367756889003348,0.9923932124049152
0.43688820195775374,0.9923932124049152
0.43700077299665036,0.9923932124049152
0.43711340206185567,0.9923932124049152
0.43696829079659705,0.9918080748976009
0.4370809695719443,0.9918080748976009
0.4371937064740779,0.9918080748976009
0.4373065015479876,0.9918080748976009
0.4374193548387097,0.9918080748976009
0.4375322663913268,0.9918080748976009
0.43764523625096824,0.9918080748976009
0.4377582644628099,0.9918080748976009
0.4378713510720744,0.9918080748976009
0.437984496124031,0.9918080748976009
0.43809769966399587,0.9918080748976009
0.4382109617373319,0.9918080748976009
0.4383242823894492,0.9918080748976009
0.43843766166580445,0.9918080748976009
0.4385510996119017,0.9918080748976009
0.4386645962732919,0.9918080748976009
0.4387781516955734,0.9918080748976009
0.4388917659243915,0.9918080748976009
0.439005439005439,0.9918080748976009
0.43911917098445596,0.9918080748976009
0.4392329619072299,0.9918080748976009
0.4393468118195957,0.9918080748976009
0.4394607207674358,0.9918080748976009
0.4395746887966805,0.9918080748976009
0.4396887159533074,0.9918080748976009
0.439802802283342,0.9918080748976009
0.4399169478328575,0.9918080748976009
0.4400311526479751,0.9918080748976009
0.4401454167748637,0.9918080748976009
0.44025974025974024,0.9918080748976009
0.4401143154065991,0.9912229373902867
0.4402286902286902,0.9912229373902867
0.4403431245126072,0.9912229373902867
0.4404576183047322,0.9912229373902867
0.4405721716514954,0.9912229373902867
0.44068678459937566,0.9912229373902867
0.4408014571948998,0.9912229373902867
0.4409161894846434,0.9912229373902867
0.4410309815152304,0.9912229373902867
0.44114583333333335,0.9912229373902867
0.44126074498567336,0.9912229373902867
0.4413757165190203,0.9912229373902867
0.44149074798019283,0.9912229373902867
0.4416058394160584,0.9912229373902867
0.4417209908735332,0.9912229373902867
0.44183620239958266,0.9912229373902867
0.441951474041221,0.9912229373902867
0.4420668058455115,0.9912229373902867
0.4421821978595667,0.9912229373902867
0.4422976501305483,0.9912229373902867
0.4424131627056673,0.9912229373902867
0.4425287356321839,0.9912229373902867
0.4426443689574079,0.9912229373902867
0.4427600627286984,0.9912229373902867
0.44287581699346407,0.9912229373902867
0.4429916317991632,0.9912229373902867
0.44310750719330366,0.9912229373902867
0.4432234432234432,0.9912229373902867
0.4433394399371892,0.9912229373902867
0.44345549738219897,0.9912229373902867
0.44357161560617964,0.9912229373902867
0.4436877946568884,0.9912229373902867
0.4438040345821326,0.9912229373902867
0.4439203354297694,0.9912229373902867
0.44403669724770645,0.9912229373902867
0.4441531200839014,0.9912229373902867
0.44426960398636245,0.9912229373902867
0.44438614900314793,0.9912229373902867
0.4445027551823668,0.9912229373902867
0.44461942257217846,0.9912229373902867
0.44473615122079285,0.9912229373902867
0.44485294117647056,0.9912229373902867
0.444969792487523,0.9912229373902867
0.44508670520231214,0.9912229373902867
0.445203679369251,0.9912229373902867
0.44532071503680337,0.9912229373902867
0.4454378122534841,0.9912229373902867
0.445554971067859,0.9912229373902867
0.44567219152854515,0.9912229373902867
0.4457894736842105,0.9912229373902867
0.44590681758357464,0.9912229373902867
0.4460242232754081,0.9912229373902867
0.44614169080853305,0.9912229373902867
0.44625922023182296,0.9912229373902867
0.4463768115942029,0.9912229373902867
0.44649446494464945,0.9912229373902867
0.44661218033219086,0.9912229373902867
0.4467299578059072,0.9912229373902867
0.4468477974149301,0.9912229373902867
0.44696569920844326,0.9912229373902867
0.4470836632356822,0.9912229373902867
0.44720168954593453,0.9912229373902867
0.44731977818853974,0.9912229373902867
0.4474379292128896,0.9912229373902867
0.447556142668428,0.9912229373902867
0.4476744186046512,0.9912229373902867
0.4477927570711076,0.9912229373902867
0.4479111581173982,0.9912229373902867
0.4480296217931764,0.9912229373902867
0.44814814814814813,0.9912229373902867
0.448266737232072,0.9912229373902867
0.4483853890947591,0.9912229373902867
0.4485041037860736,0.9912229373902867
0.4486228813559322,0.9912229373902867
0.4487417218543046,0.9912229373902867
0.44886062533121357,0.9912229373902867
0.4489795918367347,0.9912229373902867
0.4490986214209968,0.9912229373902867
0.44921771413418193,0.9912229373902867
0.4493368700265252,0.9912229373902867
0.4494560891483152,0.9912229373902867
0.44957537154989385,0.9912229373902867
0.4496947172816565,0.9912229373902867
0.44981412639405205,0.9912229373902867
0.449933598937583,0.9912229373902867
0.4497874601487779,0.9906377998829725
0.44990698910443794,0.9906377998829725
0.450026581605529,0.9906377998829725
0.45014623770273865,0.9906377998829725
0.45026595744680853,0.9906377998829725
0.45038574088853417,0.9906377998829725
0.4505055880787653,0.9906377998829725
0.45062549906840565,0.9906377998829725
0.4507454739084132,0.9906377998829725
0.4508655126498003,0.9906377998829725
0.45098561534363346,0.9906377998829725
0.45110578204103385,0.9906377998829725
0.451226012793177,0.9906377998829725
0.45134630765129297,0.9906377998829725
0.4514666666666667,0.9906377998829725
0.4515870898906375,0.9906377998829725
0.45170757737459977,0.9906377998829725
0.45182812917000265,0.9906377998829725
0.4519487453283502,0.9906377998829725
0.4520694259012016,0.9906377998829725
0.45219017094017094,0.9906377998829725
0.4523109804969276,0.9906377998829725
0.45243185462319613,0.9906377998829725
0.4525527933707565,0.9906377998829725
0.45267379679144387,0.9906377998829725
0.452794864937149,0.9906377998829725
0.45291599785981806,0.9906377998829725
0.45303719561145306,0.9906377998829725
0.45315845824411133,0.9906377998829725
0.4532797858099063,0.9906377998829725
0.45340117836100696,0.9906377998829725
0.4535226359496384,0.9906377998829725
0.45364415862808144,0.9906377998829725
0.4537657464486733,0.9906377998829725
0.45388739946380696,0.9906377998829725
0.4540091177259319,0.9906377998829725
0.4541309012875536,0.9906377998829725
0.45425275020123423,0.9906377998829725
0.4543746645195921,0.9906377998829725
0.454496644295302,0.9906377998829725
0.4546186895810956,0.9906377998829725
0.45474080042976095,0.9906377998829725
0.45486297689414296,0.9906377998829725
0.45498521902714323,0.9906377998829725
0.4551075268817204,0.9906377998829725
0.45522990051089,0.9906377998829725
0.45535233996772456,0.9906377998829725
0.45547484530535376,0.9906377998829725
0.45559741657696445,0.9906377998829725
0.45572005383580083,0.9906377998829725
0.45584275713516426,0.9906377998829725
0.45596552652841366,0.9906377998829725
0.4560883620689655,0.9906377998829725
0.4562112638102937,0.9906377998829725
0.4563342318059299,0.9906377998829725
0.45645726610946347,0.9906377998829725
0.4563106796116505,0.9900526623756583
0.45643377394119233,0.9900526623756583
0.4565569347004857,0.9900526623756583
0.45668016194331984,0.9900526623756583
0.45680345572354214,0.9900526623756583
0.4569268160950581,0.9900526623756583
0.45705024311183146,0.9900526623756583
0.45690353958389623,0.9894675248683441
0.457027027027027,0.9894675248683441
0.4568802379021357,0.9888823873610298
0.4570037858301785,0.9888823873610298
0.45685691100892617,0.9882972498537156
0.4569805194805195,0.9882972498537156
0.4571041948579161,0.9882972498537156
0.45722793719545207,0.9882972498537156
0.45735174654752236,0.9882972498537156
0.45747562296858074,0.9882972498537156
0.45759956651314004,0.9882972498537156
0.45772357723577234,0.9882972498537156
0.4578476551911087,0.9882972498537156
0.4579718004338395,0.9882972498537156
0.4580960130187144,0.9882972498537156
0.45822029300054257,0.9882972498537156
0.45834464043419265,0.9882972498537156
0.4584690553745928,0.9882972498537156
0.4585935378767309,0.9882972498537156
0.45871808799565456,0.9882972498537156
0.4588427057864711,0.9882972498537156
0.4589673913043478,0.9882972498537156
0.4590921446045121,0.9882972498537156
0.45921696574225124,0.9882972498537156
0.4593418547729127,0.9882972498537156
0.45946681175190424,0.9882972498537156
0.4595918367346939,0.9882972498537156
0.45971692977681,0.9882972498537156
0.45984209093384154,0.9882972498537156
0.4599673202614379,0.9882972498537156
0.4600926178153092,0.9882972498537156
0.4602179836512262,0.9882972498537156
0.4603434178250204,0.9882972498537156
0.4604689203925845,0.9882972498537156
0.46059449140987185,0.9882972498537156
0.4607201309328969,0.9882972498537156
0.46084583901773535,0.9882972498537156
0.46097161572052403,0.9882972498537156
0.4610974610974611,0.9882972498537156
0.4612233752048061,0.9882972498537156
0.4613493580988801,0.9882972498537156
0.46147540983606555,0.9882972498537156
0.46172772006560964,0.9882972498537156
0.46185397867104183,0.9882972498537156
0.46198030634573306,0.9882972498537156
0.4621067031463748,0.9882972498537156
0.46223316912972084,0.9882972498537156
0.46235970435258694,0.9882972498537156
0.46248630887185105,0.9882972498537156
0.46261298274445356,0.9882972498537156
0.4624657534246575,0.9877121123464014
0.46259249109345024,0.9877121123464014
0.46271929824561403,0.9877121123464014
0.46284617493830543,0.9877121123464014
0.46297312122874384,0.9877121123464014
0.4631001371742112,0.9877121123464014
0.4632272228320527,0.9877121123464014
0.46335437825967607,0.9877121123464014
0.4634816035145524,0.9877121123464014
0.4636088986542159,0.9877121123464014
0.46373626373626375,0.9877121123464014
0.4638636988183567,0.9877121123464014
0.4639912039582188,0.9877121123464014
0.4641187792136376,0.9877121123464014
0.46424642464246424,0.9877121123464014
0.4643741403026135,0.9877121123464014
0.4645019262520638,0.9877121123464014
0.4646297825488577,0.9877121123464014
0.4647577092511013,0.9877121123464014
0.464885706416965,0.9877121123464014
0.4650137741046832,0.9877121123464014
0.4648663543675944,0.9871269748390872
0.4649944873208379,0.9871269748390872
0.46484698097601324,0.9865418373317729
0.46497517926089355,0.9865418373317729
0.4651034482758621,0.9865418373317729
0.4652317880794702,0.9865418373317729
0.46536019873033396,0.9865418373317729
0.4654886802871342,0.9865418373317729
0.4656172328086164,0.9865418373317729
0.4654696132596685,0.9859566998244588
0.46559823155567837,0.9859566998244588
0.46572692095080154,0.9859566998244588
0.46585568150400886,0.9859566998244588
0.46598451327433627,0.9859566998244588
0.4661134163208852,0.9859566998244588
0.46624239070282236,0.9859566998244588
0.46637143647938,0.9859566998244588
0.46650055370985605,0.9859566998244588
0.46662974245361394,0.9859566998244588
0.4667590027700831,0.9859566998244588
0.4668883347187587,0.9859566998244588
0.46674057649667405,0.9853715623171445
0.4668699750485168,0.9853715623171445
0.4669994453688297,0.9853715623171445
0.46712898751733706,0.9853715623171445
0.4672586015538291,0.9853715623171445
0.46738828753816264,0.9853715623171445
0.46751804553026094,0.9853715623171445
0.46764787559011384,0.9853715623171445
0.4675,0.9847864248098304
0.46762989719366493,0.9847864248098304
0.4677598665925514,0.9847864248098304
0.46788990825688076,0.9847864248098304
0.46802002224694106,0.9847864248098304
0.46815020862308765,0.9847864248098304
0.4682804674457429,0.9847864248098304
0.4684107987753966,0.9847864248098304
0.4682628062360802,0.9842012873025161
0.468114731272626,0.9836161497952018
0.4682451253481894,0.9836161497952018
0.4683755920869323,0.9836161497952018
0.4685061315496098,0.9836161497952018
0.4686367437970449,0.9836161497952018
0.4687674288901283,0.9836161497952018
0.4688981868898187,0.9836161497952018
0.46875,0.9830310122878877
0.4688808261233603,0.9830310122878877
0.46901172529313234,0.9830310122878877
0.469142697570511,0.9830310122878877
0.4692737430167598,0.9830310122878877
0.4694048616932104,0.9830310122878877
0.46925656791503634,0.9824458747805734
0.46938775510204084,0.9824458747805734
0.46951901565995524,0.9824458747805734
0.46965034965034963,0.9824458747805734
0.4697817571348629,0.9824458747805734
0.46963336132101874,0.9818607372732592
0.46976483762597987,0.9818607372732592
0.469896387566508,0.9818607372732592
0.4700280112044818,0.9818607372732592
0.47015970860184925,0.9818607372732592
0.4702914798206278,0.9818607372732592
0.4701429772918419,0.981275599765945
0.4702748177229389,0.981275599765945
0.4704067321178121,0.981275599765945
0.47053872053872053,0.981275599765945
0.47067078304799326,0.981275599765945
0.4708029197080292,0.981275599765945
0.4709351305812974,0.981275599765945
0.47106741573033706,0.981275599765945
0.4711997752177578,0.981275599765945
0.47133220910623946,0.981275599765945
0.47146471745853247,0.981275599765945
0.47159730033745784,0.981275599765945
0.47172995780590715,0.981275599765945
0.471862689926843,0.981275599765945
0.4719954967632986,0.981275599765945
0.4721283783783784,0.981275599765945
0.4722613348352577,0.981275599765945
0.4723943661971831,0.981275599765945
0.4725274725274725,0.981275599765945
0.4726606538895152,0.981275599765945
0.47279391034677193,0.981275599765945
0.47292724196277497,0.981275599765945
0.47306064880112836,0.981275599765945
0.4731941309255079,0.981275599765945
0.47332768839966133,0.981275599765945
0.47346132128740825,0.981275599765945
0.4735950296526405,0.981275599765945
0.47372881355932206,0.981275599765945
0.4738626730714891,0.981275599765945
0.4739966082532504,0.981275599765945
0.4741306191687871,0.981275599765945
0.4742647058823529,0.981275599765945
0.4743988684582744,0.981275599765945
0.47453310696095075,0.981275599765945
0.47466742145485424,0.981275599765945
0.47480181200453003,0.981275599765945
0.4749362786745964,0.981275599765945
0.47507082152974506,0.981275599765945
0.47520544063474074,0.981275599765945
0.47505668934240364,0.9806904622586308
0.4751913807768642,0.9806904622586308
0.4753261486103233,0.9806904622586308
0.4754609929078014,0.9806904622586308
0.47559591373439275,0.9806904622586308
0.4754470621629293,0.9801053247513165
0.47558205565019873,0.9801053247513165
0.4757171258165294,0.9801053247513165
0.4758522727272727,0.9801053247513165
0.4759874964478545,0.9801053247513165
0.47612279704377486,0.9801053247513165
0.4762581745806085,0.9801053247513165
0.4761092150170648,0.9795201872440024
0.47624466571834995,0.9795201872440024
0.4763801935116676,0.9795201872440024
0.4762311414745232,0.9789350497366881
0.47636674259681094,0.9789350497366881
0.4765024209626887,0.9789350497366881
0.47663817663817665,0.9789350497366881
0.47648902821316613,0.978349912229374
0.4766248574686431,0.978349912229374
0.4767607641859139,0.978349912229374
0.47661152310325156,0.9777647747220597
0.47674750356633383,0.9777647747220597
0.4768835616438356,0.9777647747220597
0.47701969740222666,0.9777647747220597
0.47715591090805254,0.9777647747220597
0.4772922022279349,0.9777647747220597
0.4774285714285714,0.9777647747220597
0.4772792226350386,0.9771796372147454
0.4774156660949114,0.9771796372147454
0.4775521875893623,0.9771796372147454
0.4776887871853547,0.9771796372147454
0.47782546494992845,0.9771796372147454
0.47796222095020036,0.9771796372147454
0.4778127683939307,0.9765944997074313
0.47766323024054985,0.976009362200117
0.4778000572901747,0.976009362200117
0.47793696275071634,0.976009362200117
0.47807394668959585,0.976009362200117
0.4782110091743119,0.976009362200117
0.4783481502724405,0.976009362200117
0.4784853700516351,0.976009362200117
0.478622668579627,0.976009362200117
0.47876004592422505,0.976009362200117
0.4788975021533161,0.976009362200117
0.479035037334865,0.976009362200117
0.4791726515369147,0.976009362200117
0.4793103448275862,0.976009362200117
0.47916067835584936,0.9754242246928028
0.47929844738355376,0.9754242246928028
0.4791486914006327,0.9748390871854886
0.47928653624856155,0.9748390871854886
0.47942446043165465,0.9748390871854886
0.47956246401842256,0.9748390871854886
0.47970054707745463,0.9748390871854886
0.4798387096774194,0.9748390871854886
0.47997695188706424,0.9748390871854886
0.47982708933717577,0.9742539496781744
0.4799654078985298,0.9742539496781744
0.4801038062283737,0.9742539496781744
0.4802422843957312,0.9742539496781744
0.4803808424697057,0.9742539496781744
0.48023088023088023,0.9736688121708601
0.480080831408776,0.973083674663546
0.48021946289344497,0.973083674663546
0.4803581744656268,0.973083674663546
0.4804969661947414,0.973083674663546
0.48034682080924856,0.9724985371562317
0.4801965886094247,0.9719133996489175
0.48033545401966454,0.9719133996489175
0.48047439976858547,0.9719133996489175
0.48061342592592593,0.9719133996489175
0.4804630969609262,0.9713282621416033
0.4806022003474233,0.9713282621416033
0.4807413843035042,0.9713282621416033
0.48088064889918886,0.9713282621416033
0.48101999420457836,0.9713282621416033
0.4808695652173913,0.970743124634289
0.48100898811249637,0.970743124634289
0.4811484918793503,0.970743124634289
0.48128807658833767,0.970743124634289
0.4814277423099246,0.970743124634289
0.4815674891146589,0.970743124634289
0.4817073170731707,0.970743124634289
0.48184722625617193,0.970743124634289
0.48169668797210924,0.9701579871269749
0.4818366753850625,0.9701579871269749
0.4819767441860465,0.9701579871269749
0.4821168944460599,0.9701579871269749
0.48225712623618383,0.9701579871269749
0.4823974396275822,0.9701579871269749
0.48253783469150174,0.9701579871269749
0.4826783114992722,0.9701579871269749
0.48281887012230634,0.9701579871269749
0.4829595106321002,0.9701579871269749
0.4831002331002331,0.9701579871269749
0.48324103759836784,0.9701579871269749
0.48309037900874635,0.9695728496196606
0.48323126275882183,0.9695728496196606
0.48337222870478413,0.9695728496196606
0.4835132769185877,0.9695728496196606
0.48336252189141854,0.9689877121123464
0.4835036496350365,0.9689877121123464
0.48364485981308414,0.9689877121123464
0.48378615249780893,0.9689877121123464
0.48392752776154296,0.9689877121123464
0.4840689856767027,0.9689877121123464
0.4842105263157895,0.9689877121123464
0.4843521497513893,0.9689877121123464
0.4844938560561732,0.9689877121123464
0.48463564530289727,0.9689877121123464
0.4844847775175644,0.9684025746050322
0.4843338213762811,0.967817437097718
0.4844756883421207,0.967817437097718
0.48461763844125405,0.967817437097718
0.4847596717467761,0.967817437097718
0.4849017883318675,0.967817437097718
0.4850439882697947,0.967817437097718
0.4848929304781461,0.9672322995904038
0.4850352112676056,0.9672322995904038
0.4851775755796889,0.9672322995904038
0.48502642395772166,0.9666471620830895
0.4851688693098385,0.9666471620830895
0.48531139835487663,0.9666471620830895
0.4854540111666177,0.9666471620830895
0.4853027630805409,0.9660620245757753
0.48544545721846516,0.9660620245757753
0.48558823529411765,0.9660620245757753
0.4857310973815828,0.9660620245757753
0.4858740435550324,0.9660620245757753
0.48601707388872534,0.9660620245757753
0.48616018845700826,0.9660620245757753
0.48630338733431516,0.9660620245757753
0.48644667059516794,0.9660620245757753
0.48629531388152075,0.9654768870684611
0.486438679245283,0.9654768870684611
0.4865821291654379,0.9654768870684611
0.48672566371681414,0.9654768870684611
0.4868692829743287,0.9654768870684611
0.487012987012987,0.9654768870684611
0.4871567759078831,0.9654768870684611
0.4873006497341996,0.9654768870684611
0.4874446085672083,0.9654768870684611
0.4872931442080378,0.9648917495611469
0.48743718592964824,0.9648917495611469
0.4875813128326434,0.9648917495611469
0.48772552499260574,0.9648917495611469
0.4878698224852071,0.9648917495611469
0.48801420538620893,0.9648917495611469
0.4881586737714624,0.9648917495611469
0.4883032277169085,0.9648917495611469
0.4884478672985782,0.9648917495611469
0.4885925925925926,0.9648917495611469
0.488737403675163,0.9648917495611469
0.4888823006225912,0.9648917495611469
0.4890272835112693,0.9648917495611469
0.4891723524176802,0.9648917495611469
0.48931750741839763,0.9648917495611469
0.4894627485900861,0.9648917495611469
0.4896080760095012,0.9648917495611469
0.48975348975348976,0.9648917495611469
0.4898989898989899,0.9648917495611469
0.4900445765230312,0.9648917495611469
0.48989298454221164,0.9643066120538326
0.4897413024085638,0.9637214745465185
0.4898869720404521,0.9637214745465185
0.4897351978577804,0.9631363370392042
0.48927933293627157,0.9613809245172615
0.4894250819183795,0.9613809245172615
0.48957091775923717,0.9613809245172615
0.48971684053651265,0.9613809245172615
0.4898628503279666,0.9613809245172615
0.49000894721145244,0.9613809245172615
0.49015513126491644,0.9613809245172615
0.4903014025663981,0.9613809245172615
0.49044776119402983,0.9613809245172615
0.4902956106300388,0.9607957870099474
0.490442054958184,0.9607957870099474
0.490588586794144,0.9607957870099474
0.4907352062163778,0.9607957870099474
0.49088191330343794,0.9607957870099474
0.4910287081339713,0.9607957870099474
0.4911755907867185,0.9607957870099474
0.49132256134051466,0.9607957870099474
0.4914696198742891,0.9607957870099474
0.49161676646706587,0.9607957870099474
0.4917640011979635,0.9607957870099474
0.4916117435590174,0.9602106495026331
0.49175906502846867,0.9602106495026331
0.4919064748201439,0.9602106495026331
0.49205397301349324,0.9602106495026331
0.4922015596880624,0.9602106495026331
0.49234923492349236,0.9602106495026331
0.4924969987995198,0.9602106495026331
0.4926448513959772,0.9602106495026331
0.4927927927927928,0.9602106495026331
0.492940823069991,0.9602106495026331
0.4930889423076923,0.9602106495026331
0.4932371505861136,0.9602106495026331
0.49338544798556827,0.9602106495026331
0.49353383458646616,0.9602106495026331
0.4936823104693141,0.9602106495026331
0.4938308757147156,0.9602106495026331
0.49397953040337145,0.9602106495026331
0.4941282746160795,0.9602106495026331
0.49427710843373496,0.9602106495026331
0.49442603193733053,0.9602106495026331
0.4945750452079566,0.9602106495026331
0.49472414832680134,0.9602106495026331
0.4945717732207479,0.9596255119953189
0.4947209653092006,0.9596255119953189
0.4948702474351237,0.9596255119953189
0.4947177784485361,0.9590403744880047
0.4948671497584541,0.9590403744880047
0.4950166112956811,0.9590403744880047
0.49516616314199396,0.9590403744880047
0.49531580537926867,0.9590403744880047
0.4954655380894801,0.9590403744880047
0.49561536135470213,0.9590403744880047
0.4957652752571083,0.9590403744880047
0.49591527987897127,0.9590403744880047
0.4960653753026634,0.9590403744880047
0.496215561610657,0.9590403744880047
0.49636583888552394,0.9590403744880047
0.4965162072099364,0.9590403744880047
0.49666666666666665,0.9590403744880047
0.49681721733858747,0.9590403744880047
0.4966646452395391,0.9584552369806905
0.4968152866242038,0.9584552369806905
0.4969660194174757,0.9584552369806905
0.4968133535660091,0.9578700994733762
0.49696417729204617,0.9578700994733762
0.4971150926207106,0.9578700994733762
0.49726609963547996,0.9578700994733762
0.49741719841993315,0.9578700994733762
0.49756838905775075,0.9578700994733762
0.49771967163271513,0.9578700994733762
0.4978710462287105,0.9578700994733762
0.49802251292972316,0.9578700994733762
0.49817407181984175,0.9578700994733762
0.4983257229832572,0.9578700994733762
0.4984774665042631,0.9578700994733762
0.49862930246725556,0.9578700994733762
0.4987812309567337,0.9578700994733762
0.4989332520572996,0.9578700994733762
0.49908536585365854,0.9578700994733762
0.4992375724306191,0.9578700994733762
0.49938987187309336,0.9578700994733762
0.49954226426609705,0.9578700994733762
0.4996947496947497,0.9578700994733762
0.4998473282442748,0.9578700994733762
0.49969456322541234,0.957284961966062
0.4998472349526428,0.957284961966062
0.5,0.957284961966062
0.5001528584530724,0.957284961966062
0.5003058103975535,0.957284961966062
0.5004588559192413,0.957284961966062
0.5006119951040392,0.957284961966062
0.5007652280379553,0.957284961966062
0.5006123698714023,0.9566998244587478
0.5007656967840735,0.9566998244587478
0.5009191176470589,0.9566998244587478
0.5010726325467362,0.9566998244587478
0.5012262415695892,0.9566998244587478
0.5013799448022079,0.9566998244587478
0.5015337423312883,0.9566998244587478
0.501687634243633,0.9566998244587478
0.501841620626151,0.9566998244587478
0.5019957015658582,0.9566998244587478
0.5021498771498771,0.9566998244587478
0.5023041474654378,0.9566998244587478
0.5024585125998771,0.9566998244587478
0.5026129726406394,0.9566998244587478
0.5027675276752768,0.9566998244587478
0.5029221777914488,0.9566998244587478
0.5030769230769231,0.9566998244587478
0.5032317636195752,0.9566998244587478
0.5033866995073891,0.9566998244587478
0.503541730828457,0.9566998244587478
0.5036968576709797,0.9566998244587478
0.5038520801232665,0.9566998244587478
0.5040073982737361,0.9566998244587478
0.5041628122109159,0.9566998244587478
0.5043183220234423,0.9566998244587478
0.5044739278000617,0.9566998244587478
0.5046296296296297,0.9566998244587478
0.5047854276011114,0.9566998244587478
0.5049413218035824,0.9566998244587478
0.505097312326228,0.9566998244587478
0.5052533992583437,0.9566998244587478
0.5051004636785162,0.9561146869514335
0.5049474335188621,0.9555295494441194
0.5051036189297866,0.9555295494441194
0.505259900990099,0.9555295494441194
0.5051067780872794,0.9549444119368051
0.5046468401486989,0.9531889994148625
0.5048032228075612,0.9531889994148625
0.5049597024178549,0.9531889994148625
0.5051162790697674,0.9531889994148625
0.505272952853598,0.9531889994148625
0.505429723859758,0.9531889994148625
0.505586592178771,0.9531889994148625
0.5052795031055901,0.952018724400234
0.5054364709537124,0.952018724400234
0.5052827843380981,0.9514335868929198
0.5049751243781094,0.9502633118782914
0.5051321928460342,0.9502633118782914
0.5052893590541382,0.9502633118782914
0.5054466230936819,0.9502633118782914
0.5056039850560399,0.9502633118782914
0.5054500155714731,0.9496781743709772
0.505607476635514,0.9496781743709772
0.5057650358367093,0.9496781743709772
0.5059226932668329,0.9496781743709772
0.5057686311194263,0.949093036863663
0.5059263880224579,0.949093036863663
0.5060842433697348,0.949093036863663
0.5059300873907615,0.9485078993563487
0.5060880424601936,0.9485078993563487
0.5062460961898814,0.9485078993563487
0.50640424867229,0.9485078993563487
0.5065625,0.9485078993563487
0.5060994682514858,0.946752486834406
0.5062578222778473,0.946752486834406
0.5064162754303599,0.946752486834406
0.506574827802129,0.946752486834406
0.5067334794863765,0.946752486834406
0.5068922305764411,0.946752486834406
0.5070510811657788,0.946752486834406
0.5072100313479624,0.946752486834406
0.5073690812166823,0.946752486834406
0.5075282308657465,0.946752486834406
0.5076874803890806,0.946752486834406
0.5078468298807282,0.946752486834406
0.5076923076923077,0.9461673493270919
0.5078517587939698,0.9461673493270919
0.5080113100848256,0.9461673493270919
0.5078566939032055,0.9455822118197776
0.5080163470606728,0.9455822118197776
0.5081761006289308,0.9455822118197776
0.5083359547027367,0.9455822118197776
0.5084959093769666,0.9455822118197776
0.5086559647466163,0.9455822118197776
0.5085012594458438,0.9449970743124634
0.5086614173228347,0.9449970743124634
0.5088216761184625,0.9449970743124634
0.5089820359281437,0.9449970743124634
0.5091424968474149,0.9449970743124634
0.5093030589719332,0.9449970743124634
0.5094637223974764,0.9449970743124634
0.5096244872199432,0.9449970743124634
0.509469696969697,0.9444119368051492
0.5093148089674772,0.943826799297835
0.5094756790903348,0.943826799297835
0.5096366508688783,0.943826799297835
0.5097977243994943,0.943826799297835
0.5099588997786911,0.943826799297835
0.5101201771030993,0.943826799297835
0.5102815564694717,0.943826799297835
0.5101265822784811,0.9432416617905208
0.5102880658436214,0.9432416617905208
0.5104496516782774,0.9432416617905208
0.5102945834653152,0.9426565242832066
0.5101394169835235,0.9420713867758923
0.5103011093502378,0.9420713867758923
0.5104629042485732,0.9420713867758923
0.5106248017760863,0.9420713867758923
0.5107868020304569,0.9420713867758923
0.5109489051094891,0.9420713867758923
0.5111111111111111,0.9420713867758923
0.5112734201333756,0.9420713867758923
0.51143583227446,0.9420713867758923
0.511598347632666,0.9420713867758923
0.5117609663064209,0.9420713867758923
0.510672188595094,0.9379754242246928
0.5108349267049076,0.9379754242246928
0.5109977685686962,0.9379754242246928
0.5111607142857143,0.9379754242246928
0.511323763955343,0.9379754242246928
0.51148691767709,0.9379754242246928
0.5116501755505904,0.9379754242246928
0.5118135376756067,0.9379754242246928
0.5119770041520281,0.9379754242246928
0.5115089514066496,0.9362200117027502
0.5116725295810681,0.9362200117027502
0.5115163147792706,0.9356348741954359
0.51168,0.9356348741954359
0.5118437900128041,0.9356348741954359
0.5120076849183477,0.9356348741954359
0.5121716848174247,0.9356348741954359
0.5118589743589743,0.9344645991808075
0.512023084321898,0.9344645991808075
0.5121872995509942,0.9344645991808075
0.5123516201475778,0.9344645991808075
0.5125160462130937,0.9344645991808075
0.5126805778491171,0.9344645991808075
0.5128452151573539,0.9344645991808075
0.5130099582396402,0.9344645991808075
0.5131748071979434,0.9344645991808075
0.5133397621343619,0.9344645991808075
0.5131832797427652,0.9338794616734932
0.5133483435188163,0.9338794616734932
0.5135135135135135,0.9338794616734932
0.5136787898294174,0.9338794616734932
0.5138441725692209,0.9338794616734932
0.5140096618357488,0.9338794616734932
0.5141752577319587,0.9338794616734932
0.514340960360941,0.9338794616734932
0.5141843971631206,0.9332943241661791
0.5143502096098033,0.9332943241661791
0.5145161290322581,0.9332943241661791
0.5146821555340433,0.9332943241661791
0.5148482892188508,0.9332943241661791
0.5150145301905069,0.9332943241661791
0.5151808785529716,0.9332943241661791
0.5153473344103393,0.9332943241661791
0.515513897866839,0.9332943241661791
0.5156805690268348,0.9332943241661791
0.5158473479948253,0.9332943241661791
0.5160142348754448,0.9332943241661791
0.5161812297734628,0.9332943241661791
0.5160246034315312,0.9327091866588648
0.5161917098445595,0.9327091866588648
0.5163589245221898,0.9327091866588648
0.5162022034996759,0.9321240491515506
0.5160453808752026,0.9315389116442364
0.5158884565499352,0.9309537741369222
0.5160557898151151,0.9309537741369222
0.5162232316677482,0.9309537741369222
0.516390782213567,0.9309537741369222
0.5165584415584416,0.9309537741369222
0.5167262098083794,0.9309537741369222
0.5168940870695257,0.9309537741369222
0.5170620734481638,0.9309537741369222
0.5172301690507152,0.9309537741369222
0.5170731707317073,0.930368636629608
0.5172413793103449,0.930368636629608
0.5174096973641393,0.930368636629608
0.517578125,0.930368636629608
0.5177466623249756,0.930368636629608
0.5179153094462541,0.930368636629608
0.5180840664711632,0.930368636629608
0.5177698076296054,0.9291983616149795
0.5179386823222439,0.9291983616149795
0.5181076672104404,0.9291983616149795
0.5182767624020888,0.9291983616149795
0.5184459680052237,0.9291983616149795
0.5186152841280209,0.9291983616149795
0.5187847108787977,0.9291983616149795
0.5189542483660131,0.9291983616149795
0.518796992481203,0.9286132241076653
0.5186396337475474,0.9280280866003511
0.5184821720641152,0.9274429490930368
0.518651832460733,0.9274429490930368
0.5188216039279869,0.9274429490930368
0.5189914865749836,0.9274429490930368
0.5191614805109728,0.9274429490930368
0.5193315858453473,0.9274429490930368
0.5195018026876433,0.9274429490930368
0.519672131147541,0.9274429490930368
0.5195145949491636,0.9268578115857227
0.5196850393700787,0.9268578115857227
0.5195274040039383,0.9262726740784084
0.5196979645436638,0.9262726740784084
0.5195402298850574,0.9256875365710943
0.5197109067017083,0.9256875365710943
0.5198816956950378,0.9256875365710943
0.5200525969756739,0.9256875365710943
0.52022361065439,0.9256875365710943
0.5200657894736842,0.92510239906378
0.5199078644290885,0.9245172615564657
0.5197498354180382,0.9239321240491516
0.5195917023378334,0.9233469865418373
0.5197628458498024,0.9233469865418373
0.5199341021416803,0.9233469865418373
0.5201054713249835,0.9233469865418373
0.5202769535113749,0.9233469865418373
0.5204485488126649,0.9233469865418373
0.5206202573408116,0.9233469865418373
0.5204620462046204,0.9227618490345231
0.520633872565203,0.9227618490345231
0.5208058124174373,0.9227618490345231
0.5209778658738025,0.9227618490345231
0.5208195637805684,0.9221767115272089
0.5209917355371901,0.9221767115272089
0.5211640211640212,0.9221767115272089
0.5213364207740655,0.9221767115272089
0.5215089344804765,0.9221767115272089
0.5216815623965574,0.9221767115272089
0.5218543046357615,0.9221767115272089
0.5216959258032461,0.9215915740198947
0.5218687872763419,0.9215915740198947
0.5220417633410673,0.9215915740198947
0.5218832891246684,0.9210064365125804
0.5217247097844113,0.9204212990052663
0.5218978102189781,0.9204212990052663
0.5217391304347826,0.919836161497952
0.5219123505976095,0.919836161497952
0.5220856858186649,0.919836161497952
0.5219269102990033,0.9192510239906378
0.5221003655699568,0.9192510239906378
0.5219414893617021,0.9186658864833236
0.5221150648486864,0.9186658864833236
0.52228875582169,0.9186658864833236
0.5224625623960066,0.9186658864833236
0.5223035952063915,0.9180807489760093
0.5224775224775224,0.9180807489760093
0.522651565622918,0.9180807489760093
0.5221740580193398,0.9163253364540667
0.5220146764509673,0.9157401989467525
0.5221888555221889,0.9157401989467525
0.5223631508678238,0.9157401989467525
0.5225375626043406,0.9157401989467525
0.5227120908483633,0.9157401989467525
0.5228867357166722,0.9157401989467525
0.5230614973262032,0.9157401989467525
0.5232363757940488,0.9157401989467525
0.5234113712374582,0.9157401989467525
0.5235864837738374,0.9157401989467525
0.5237617135207496,0.9157401989467525
0.5239370605959156,0.9157401989467525
0.5234584450402144,0.9139847864248098
0.523298692591351,0.9133996489174956
0.5234741784037559,0.9133996489174956
0.523649781952365,0.9133996489174956
0.5238255033557047,0.9133996489174956
0.5240013427324606,0.9133996489174956
0.5241773002014775,0.9133996489174956
0.5243533758817601,0.9133996489174956
0.5245295698924731,0.9133996489174956
0.5242098184263618,0.9122293739028672
0.5243861419441641,0.9122293739028672
0.5242261103633916,0.9116442363955529
0.5240659710535174,0.9110590988882388
0.5242424242424243,0.9110590988882388
0.5244189962950488,0.9110590988882388
0.5245956873315364,0.9110590988882388
0.5247724974721941,0.9110590988882388
0.5246122724207687,0.9104739613809245
0.524451939291737,0.9098888238736103
0.5246288798920378,0.9098888238736103
0.524805939925751,0.9098888238736103
0.524983119513842,0.9098888238736103
0.52516041877744,0.9098888238736103
0.5253378378378378,0.9098888238736103
0.5255153768164921,0.9098888238736103
0.5253549695740365,0.9093036863662961
0.5255326344267839,0.9093036863662961
0.5257104194857916,0.9093036863662961
0.5258883248730964,0.9093036863662961
0.5260663507109005,0.9093036863662961
0.5259058584490349,0.9087185488589818
0.5260840108401084,0.9087185488589818
0.5262622839715351,0.9087185488589818
0.5264406779661017,0.9087185488589818
0.5266191929467616,0.9087185488589818
0.5264586160108549,0.9081334113516677
0.5262979300984052,0.9075482738443534
0.5264765784114053,0.9075482738443534
0.5266553480475382,0.9075482738443534
0.5268342391304348,0.9075482738443534
0.526673462453279,0.9069631363370392
0.5268524813052345,0.9069631363370392
0.5270316218973138,0.9069631363370392
0.5267097652262674,0.9057928613224108
0.5268890401633765,0.9057928613224108
0.5267279536942459,0.9052077238150965
0.5269073569482289,0.9052077238150965
0.5267461669505963,0.9046225863077824
0.5269256987048399,0.9046225863077824
0.5271053528810092,0.9046225863077824
0.526944065484311,0.9040374488004681
0.5271238485158649,0.9040374488004681
0.5273037542662116,0.9040374488004681
0.5274837828610447,0.9040374488004681
0.5276639344262295,0.9040374488004681
0.5278442090878032,0.9040374488004681
0.5280246069719754,0.9040374488004681
0.5282051282051282,0.9040374488004681
0.5283857729138167,0.9040374488004681
0.5285665412247691,0.9040374488004681
0.528747433264887,0.9040374488004681
0.5289284491612462,0.9040374488004681
0.5287671232876713,0.9034523112931538
0.5289482699554642,0.9034523112931538
0.5291295407813571,0.9034523112931538
0.5289681179293795,0.9028671737858397
0.5291495198902606,0.9028671737858397
0.5293310463121784,0.9028671737858397
0.529512697323267,0.9028671737858397
0.5296944730518366,0.9028671737858397
0.5298763736263736,0.9028671737858397
0.5297148746135348,0.9022820362785254
0.5298969072164949,0.9022820362785254
0.5300790649707804,0.9022820362785254
0.5299174690508941,0.9016968987712113
0.5300997592019264,0.9016968987712113
0.5302821748107364,0.9016968987712113
0.5304647160068847,0.9016968987712113
0.5306473829201102,0.9016968987712113
0.5308301756803306,0.9016968987712113
0.531013094417643,0.9016968987712113
0.5308514305411927,0.901111761263897
0.5310344827586206,0.901111761263897
0.5312176612625044,0.901111761263897
0.531055900621118,0.9005266237565828
0.5312392129789437,0.9005266237565828
0.5314226519337016,0.9005266237565828
0.5316062176165803,0.9005266237565828
0.5317899101589495,0.9005266237565828
0.5319737296923609,0.9005266237565828
0.5321576763485477,0.9005266237565828
0.5319958491871325,0.8999414862492686
0.5321799307958478,0.8999414862492686
0.5323641398407754,0.8999414862492686
0.5325484764542936,0.8999414862492686
0.5327329407689643,0.8999414862492686
0.532917532917533,0.8999414862492686
0.5331022530329289,0.8999414862492686
0.5332871012482663,0.8999414862492686
0.5334720776968436,0.8999414862492686
0.5336571825121443,0.8999414862492686
0.5334953141270392,0.8993563487419544
0.5338659256686349,0.8993563487419544
0.5337039610840861,0.8987712112346401
0.5338894681960376,0.8987712112346401
0.5340751043115438,0.8987712112346401
0.5339130434782609,0.898186073727326
0.5337508698677801,0.8976009362200117
0.533588583362339,0.8970157987126974
0.5334261838440112,0.8964306612053833
0.533611981887844,0.8964306612053833
0.5334494773519164,0.895845523698069
0.533635413035901,0.895845523698069
0.5334728033472803,0.8952603861907549
0.533658876874782,0.8952603861907549
0.5338450802512212,0.8952603861907549
0.5336823734729493,0.8946752486834406
0.5338687150837989,0.8946752486834406
0.5340551868669228,0.8946752486834406
0.5342417889587701,0.8946752486834406
0.5344285214959804,0.8946752486834406
0.5346153846153846,0.8946752486834406
0.5348023784540049,0.8946752486834406
0.5349895031490552,0.8946752486834406
0.5351767588379419,0.8946752486834406
0.5353641456582633,0.8946752486834406
0.5355516637478108,0.8946752486834406
0.535739313244569,0.8946752486834406
0.5359270942867157,0.8946752486834406
0.5361150070126227,0.8946752486834406
0.5363030515608559,0.8946752486834406
0.5364912280701755,0.8946752486834406
0.5366795366795367,0.8946752486834406
0.5368679775280899,0.8946752486834406
0.5370565507551809,0.8946752486834406
0.5372452565003514,0.8946752486834406
0.5374340949033392,0.8946752486834406
0.5376230661040787,0.8946752486834406
0.5378121702427013,0.8946752486834406
0.5380014074595355,0.8946752486834406
0.5381907778951074,0.8946752486834406
0.5383802816901408,0.8946752486834406
0.5382176822824938,0.8940901111761264
0.5384073291050036,0.8940901111761264
0.538597109622841,0.8940901111761264
0.538787023977433,0.8940901111761264
0.5389770723104056,0.8940901111761264
0.5391672547635851,0.8940901111761264
0.5393575714789975,0.8940901111761264
0.5390321441186859,0.892919836161498
0.5392226148409894,0.892919836161498
0.5388967468175389,0.8917495611468695
0.5387336399009551,0.8911644236395553
0.5389242745930644,0.8911644236395553
0.5387610619469027,0.890579286132241
0.5389518413597734,0.890579286132241
0.5391427559334042,0.890579286132241
0.5393338058114813,0.890579286132241
0.5391705069124424,0.8899941486249269
0.5390070921985816,0.8894090111176126
0.5388435615466477,0.8888238736102985
0.5386799148332151,0.8882387361029842
0.5388711395101171,0.8882387361029842
0.5390625,0.8882387361029842
0.5392539964476021,0.8882387361029842
0.5394456289978679,0.8882387361029842
0.5396373977959474,0.8882387361029842
0.5398293029871978,0.8882387361029842
0.5400213447171825,0.8882387361029842
0.5402135231316726,0.8882387361029842
0.5404058383766465,0.8882387361029842
0.5402421652421653,0.88765359859567
0.5404346277164233,0.88765359859567
0.5406272273699216,0.88765359859567
0.5408199643493761,0.88765359859567
0.5410128388017118,0.88765359859567
0.5408490902604353,0.8870684610883558
0.5410421127765882,0.8870684610883558
0.541235273116744,0.8870684610883558
0.5410714285714285,0.8864833235810415
0.5412647374062165,0.8864833235810415
0.541458184417441,0.8864833235810415
0.5416517697533071,0.8864833235810415
0.5418454935622318,0.8864833235810415
0.5420393559928444,0.8864833235810415
0.5422333571939871,0.8864833235810415
0.542621776504298,0.8864833235810415
0.5428161949122179,0.8864833235810415
0.543010752688172,0.8864833235810415
0.5428468985299391,0.8858981860737273
0.5430416068866571,0.8858981860737273
0.5423850574712644,0.8835576360444705
0.5425799496945742,0.8835576360444705
0.5427749820273184,0.8835576360444705
0.54297015462064,0.8835576360444705
0.5431654676258992,0.8835576360444705
0.5433609211946744,0.8835576360444705
0.5435565154787617,0.8835576360444705
0.5437522506301764,0.8835576360444705
0.5439481268011528,0.8835576360444705
0.5441441441441441,0.8835576360444705
0.5443403028118241,0.8835576360444705
0.5445366029570862,0.8835576360444705
0.5447330447330447,0.8835576360444705
0.544929628293035,0.8835576360444705
0.5451263537906137,0.8835576360444705
0.5453232213795594,0.8835576360444705
0.5455202312138728,0.8835576360444705
0.5457173834477774,0.8835576360444705
0.5459146782357195,0.8835576360444705
0.546112115732369,0.8835576360444705
0.5457835685848715,0.882387361029842
0.5459811730629979,0.882387361029842
0.545816733067729,0.8818022235225278
0.5460144927536232,0.8818022235225278
0.5462123957955781,0.8818022235225278
0.5458832063837504,0.8806319485078994
0.5453885257806826,0.8788765359859567
0.5455866327642572,0.8788765359859567
0.5457848837209303,0.8788765359859567
0.5459832788077063,0.8788765359859567
0.5461818181818182,0.8788765359859567
0.5460167333575846,0.8782913984786425
0.5462154294032023,0.8782913984786425
0.5464142701128504,0.8782913984786425
0.5460837887067396,0.877121123464014
0.5462827988338192,0.877121123464014
0.5464819540648924,0.877121123464014
0.5466812545587163,0.877121123464014
0.5468807004742795,0.877121123464014
0.5470802919708029,0.877121123464014
0.5472800292077401,0.877121123464014
0.5474799123447772,0.877121123464014
0.5476799415418341,0.877121123464014
0.5478801169590644,0.877121123464014
0.5480804387568555,0.877121123464014
0.5482809070958303,0.877121123464014
0.548481522136846,0.877121123464014
0.5486822840409956,0.877121123464014
0.5488831929696082,0.877121123464014
0.5487179487179488,0.8765359859566998
0.548919017955295,0.8765359859566998
0.5487536656891495,0.8759508484493856
0.5485881921525486,0.8753657109420714
0.5487894350696992,0.8753657109420714
0.5486238532110091,0.8747805734347571
0.5484581497797357,0.874195435927443
0.5486595666544253,0.874195435927443
0.5484937545922116,0.8736102984201287
0.5486953325983095,0.8736102984201287
0.5488970588235295,0.8736102984201287
0.5490989334314086,0.8736102984201287
0.5493009565857248,0.8736102984201287
0.5491350754508649,0.8730251609128145
0.5493372606774669,0.8730251609128145
0.549171270718232,0.8724400234055003
0.5493736182756079,0.8724400234055003
0.5492075193512717,0.871854885898186
0.5490412979351033,0.8712697483908719
0.5488749538915529,0.8706846108835576
0.5485418973791066,0.8695143358689292
0.5487444608567208,0.8695143358689292
0.5489471739933506,0.8695143358689292
0.5486136783733826,0.8683440608543007
0.5488165680473372,0.8683440608543007
0.5486496485386607,0.8677589233469866
0.5488527017024426,0.8677589233469866
0.5490559052202888,0.8677589233469866
0.5488888888888889,0.8671737858396723
0.549092256391256,0.8671737858396723
0.5487578791249537,0.8660035108250439
0.5485905044510386,0.8654183733177296
0.5487940630797774,0.8654183733177296
0.5489977728285078,0.8654183733177296
0.5492016338655774,0.8654183733177296
0.549034175334324,0.8648332358104155
0.5492382014121144,0.8648332358104155
0.5490706319702602,0.8642480983031012
0.5492748233544068,0.8642480983031012
0.5491071428571429,0.863662960795787
0.5493114998139189,0.863662960795787
0.5491437081161579,0.8630778232884728
0.5493482309124768,0.8630778232884728
0.5495529061102832,0.8630778232884728
0.5493850167722698,0.8624926857811586
0.5495898583146905,0.8624926857811586
0.5494218575158523,0.8619075482738443
0.5492537313432836,0.8613224107665302
0.5494587532661441,0.8613224107665302
0.5492905153099328,0.8607372732592159
0.5494957041464326,0.8607372732592159
0.5497010463378177,0.8607372732592159
0.5495327102803739,0.8601521357519017
0.5497382198952879,0.8601521357519017
0.5495697717919941,0.8595669982445875
0.5497754491017964,0.8595669982445875
0.5499812804193186,0.8595669982445875
0.5498127340823971,0.8589818607372732
0.550018733608093,0.8589818607372732
0.5498500749625187,0.8583967232299591
0.5496812898387702,0.8578115857226448
0.5498874718679669,0.8578115857226448
0.550093808630394,0.8578115857226448
0.5503003003003003,0.8578115857226448
0.5505069470521967,0.8578115857226448
0.5503380916604057,0.8572264482153306
0.5505449079293498,0.8572264482153306
0.5503759398496241,0.8566413107080164
0.550582925911997,0.8566413107080164
0.5507900677200903,0.8566413107080164
0.5509973654497554,0.8566413107080164
0.5508283132530121,0.8560561732007022
0.5506591337099812,0.8554710356933879
0.5508666164280331,0.8554710356933879
0.5510742555597437,0.8554710356933879
0.5512820512820513,0.8554710356933879
0.5514900037721614,0.8554710356933879
0.5516981132075471,0.8554710356933879
0.5519063797659494,0.8554710356933879
0.551737160120846,0.8548858981860737
0.5519455987910843,0.8548858981860737
0.5516068052930057,0.8537156231714453
0.5514372163388804,0.8531304856641311
0.5516458569807038,0.8531304856641311
0.5518546555639667,0.8531304856641311
0.5520636122680803,0.8531304856641311
0.5522727272727272,0.8531304856641311
0.5524820007578628,0.8531304856641311
0.5526914329037149,0.8531304856641311
0.552521805081532,0.8525453481568168
0.552731411229135,0.8525453481568168
0.5529411764705883,0.8525453481568168
0.5531511009870919,0.8525453481568168
0.5533611849601215,0.8525453481568168
0.5535714285714286,0.8525453481568168
0.5537818320030407,0.8525453481568168
0.5539923954372623,0.8525453481568168
0.5542031190566755,0.8525453481568168
0.55441400304414,0.8525453481568168
0.5542443852303007,0.8519602106495027
0.5544554455445545,0.8519602106495027
0.5542857142857143,0.8513750731421884
0.5541158536585366,0.8507899356348742
0.5543271063667556,0.8507899356348742
0.5545385202135774,0.8507899356348742
0.5547500953834414,0.8507899356348742
0.5549618320610687,0.8507899356348742
0.5551737304314623,0.8507899356348742
0.5553857906799083,0.8507899356348742
0.5555980129919755,0.8507899356348742
0.5554281345565749,0.85020479812756
0.555640535372849,0.85020479812756
0.5558530986993114,0.85020479812756
0.5556831228473019,0.8496196606202457
0.555895865237366,0.8496196606202457
0.5557257755649176,0.8490345231129316
0.5559386973180077,0.8490345231129316
0.556151782292066,0.8490345231129316
0.5563650306748467,0.8490345231129316
0.556578442654392,0.8490345231129316
0.5564082885648504,0.8484493856056173
0.5566218809980806,0.8484493856056173
0.5568356374807988,0.8484493856056173
0.5570495582020746,0.8484493856056173
0.5572636433512682,0.8484493856056173
0.5574778931180315,0.8484493856056173
0.5573076923076923,0.8478642480983031
0.5575221238938053,0.8478642480983031
0.5577367205542725,0.8478642480983031
0.5579514824797843,0.8478642480983031
0.5577812018489985,0.8472791105909889
0.5579961464354528,0.8472791105909889
0.5582112567463376,0.8472791105909889
0.5580408792903973,0.8466939730836747
0.5582561728395061,0.8466939730836747
0.5580856812041682,0.8461088355763604
0.5583011583011583,0.8461088355763604
0.5585168018539977,0.8461088355763604
0.5587326120556414,0.8461088355763604
0.5589485890993429,0.8461088355763604
0.5591647331786543,0.8461088355763604
0.5589941972920697,0.8455236980690463
0.5588235294117647,0.844938560561732
0.5590398761130468,0.844938560561732
0.5592563903950426,0.844938560561732
0.5594730724525377,0.844938560561732
0.5596899224806201,0.844938560561732
0.55990694067468,0.844938560561732
0.5601241272304112,0.844938560561732
0.5603414823438106,0.844938560561732
0.56,0.8437682855471036
0.5602175602175602,0.8437682855471036
0.5604352895452779,0.8437682855471036
0.5606531881804043,0.8437682855471036
0.5608712563204978,0.8437682855471036
0.5610894941634241,0.8437682855471036
0.5613079019073569,0.8437682855471036
0.5615264797507789,0.8437682855471036
0.5617452278924815,0.8437682855471036
0.5619641465315667,0.8437682855471036
0.5621832358674463,0.8437682855471036
0.5624024960998439,0.8437682855471036
0.5626219274287944,0.8437682855471036
0.5628415300546448,0.8437682855471036
0.5626708317063647,0.8431831480397893
0.562890625,0.8431831480397893
0.5631105900742478,0.8431831480397893
0.5629397967161845,0.8425980105324752
0.5627688697692609,0.8420128730251609
0.5625978090766823,0.8414277355178467
0.562426614481409,0.8408425980105325
0.5626468285043069,0.8408425980105325
0.5628672150411281,0.8408425980105325
0.5626959247648903,0.8402574605032183
0.5629165033320267,0.8402574605032183
0.5631372549019608,0.8402574605032183
0.5629658689682229,0.839672322995904
0.5627943485086342,0.8390871854885898
0.5630153121319199,0.8390871854885898
0.5632364493322859,0.8390871854885898
0.5634577603143418,0.8390871854885898
0.5636792452830188,0.8390871854885898
0.5639009044435705,0.8390871854885898
0.5637293469708891,0.8385020479812756
0.5639512003148367,0.8385020479812756
0.5641732283464567,0.8385020479812756
0.5643954312721544,0.8385020479812756
0.5646178092986603,0.8385020479812756
0.5642744479495269,0.8373317729666472
0.5644970414201184,0.8373317729666472
0.5643251775848461,0.8367466354593329
0.5641531780497434,0.8361614979520188
0.5643759873617693,0.8361614979520188
0.5645989727380482,0.8361614979520188
0.5644268774703557,0.8355763604447045
0.564650059311981,0.8355763604447045
0.564873417721519,0.8355763604447045
0.5650969529085873,0.8355763604447045
0.5653206650831354,0.8355763604447045
0.5655445544554455,0.8355763604447045
0.5657686212361331,0.8355763604447045
0.5659928656361475,0.8355763604447045
0.5662172878667724,0.8355763604447045
0.5664418881396271,0.8355763604447045
0.5666666666666667,0.8355763604447045
0.5668916236601826,0.8355763604447045
0.5667196187450357,0.8349912229373903
0.5665474771553437,0.8344060854300761
0.5667726550079492,0.8344060854300761
0.5669980119284295,0.8344060854300761
0.5672235481304694,0.8344060854300761
0.5674492638280939,0.8344060854300761
0.5676751592356688,0.8344060854300761
0.5675029868578255,0.8338209479227618
0.5677290836653387,0.8338209479227618
0.5679553607014747,0.8338209479227618
0.5681818181818182,0.8338209479227618
0.5684084563222975,0.8338209479227618
0.568635275339186,0.8338209479227618
0.5688622754491018,0.8338209479227618
0.5690894568690096,0.8338209479227618
0.5693168198162205,0.8338209479227618
0.5691446842525979,0.8332358104154476
0.5693722510995601,0.8332358104154476
0.5696,0.8332358104154476
0.569827931172469,0.8332358104154476
0.5700560448358687,0.8332358104154476
0.5702843412094514,0.8332358104154476
0.5701121794871795,0.8326506729081334
0.569939879759519,0.8320655354008192
0.5703971119133574,0.8320655354008192
0.5706260032102729,0.8320655354008192
0.5708550782818146,0.8320655354008192
0.5706827309236948,0.8314803978935049
0.5709120128565689,0.8314803978935049
0.5711414790996785,0.8314803978935049
0.5713711298753519,0.8314803978935049
0.5716009654062751,0.8314803978935049
0.5714285714285714,0.8308952603861908
0.571658615136876,0.8308952603861908
0.5714861055175191,0.8303101228788765
0.5713134568896051,0.8297249853715624
0.5711406690850463,0.8291398478642481
0.5713709677419355,0.8291398478642481
0.5716014521984671,0.8291398478642481
0.5718321226795803,0.8291398478642481
0.5716592652402099,0.8285547103569338
0.5718901453957996,0.8285547103569338
0.5721212121212121,0.8285547103569338
0.5723524656426839,0.8285547103569338
0.5725839061868176,0.8285547103569338
0.5728155339805825,0.8285547103569338
0.5730473492513153,0.8285547103569338
0.5732793522267207,0.8285547103569338
0.5735115431348724,0.8285547103569338
0.5737439222042139,0.8285547103569338
0.5732251521298174,0.8267992978349912
0.573051948051948,0.826214160327677
0.5732846122614698,0.826214160327677
0.5735174654752234,0.826214160327677
0.5737505079236083,0.826214160327677
0.5739837398373984,0.826214160327677
0.5742171614477429,0.826214160327677
0.5744507729861676,0.826214160327677
0.5746845746845747,0.826214160327677
0.5749185667752443,0.826214160327677
0.5751527494908351,0.826214160327677
0.5753871230643847,0.826214160327677
0.575621687729311,0.826214160327677
0.5758564437194127,0.826214160327677
0.5760913912688699,0.826214160327677
0.5763265306122449,0.826214160327677
0.5765618619844834,0.826214160327677
0.576797385620915,0.826214160327677
0.5770331017572538,0.826214160327677
0.5772690106295993,0.826214160327677
0.5775051124744376,0.826214160327677
0.5777414075286416,0.826214160327677
0.5779778960294719,0.826214160327677
0.5782145782145782,0.826214160327677
0.5784514543219992,0.826214160327677
0.578688524590164,0.826214160327677
0.5789257892578926,0.826214160327677
0.579163248564397,0.826214160327677
0.5794009027492819,0.826214160327677
0.5796387520525451,0.826214160327677
0.579876796714579,0.826214160327677
0.580115036976171,0.826214160327677
0.5803534730785039,0.826214160327677
0.5801809210526315,0.8256290228203628
0.5804195804195804,0.8256290228203628
0.5806584362139918,0.8256290228203628
0.5808974886784685,0.8256290228203628
0.5811367380560132,0.8256290228203628
0.5813761845900288,0.8256290228203628
0.5816158285243199,0.8256290228203628
0.5818556701030928,0.8256290228203628
0.5820957095709571,0.8256290228203628
0.5819232356582749,0.8250438853130486
0.5821635012386458,0.8250438853130486
0.5824039653035935,0.8250438853130486
0.5826446280991735,0.8250438853130486
0.5828854898718479,0.8250438853130486
0.5831265508684863,0.8250438853130486
0.5833678113363674,0.8250438853130486
0.5836092715231788,0.8250438853130486
0.5834368530020704,0.8244587478057344
0.583091587235806,0.823288472791106
0.5829187396351575,0.8227033352837917
0.5831605143094152,0.8227033352837917
0.583402489626556,0.8227033352837917
0.5836446658364467,0.8227033352837917
0.5838870431893688,0.8227033352837917
0.5837141670128791,0.8221181977764774
0.5839567747298421,0.8221181977764774
0.5841995841995842,0.8221181977764774
0.5840266222961731,0.8215330602691633
0.5842696629213483,0.8215330602691633
0.5845129059117402,0.8215330602691633
0.5847563515201999,0.8215330602691633
0.5845833333333333,0.820947922761849
0.5848270112546895,0.820947922761849
0.5844806007509387,0.8197776477472206
0.5843071786310517,0.8191925102399064
0.584133611691023,0.8186073727325922
0.5843776106934002,0.8186073727325922
0.5846218136230673,0.8186073727325922
0.584866220735786,0.8186073727325922
0.5851108322877457,0.8186073727325922
0.5853556485355649,0.8186073727325922
0.5856006697362913,0.8186073727325922
0.5858458961474037,0.8186073727325922
0.585498742665549,0.8174370977179637
0.5857442348008386,0.8174370977179637
0.5859899328859061,0.8174370977179637
0.5862358371800251,0.8174370977179637
0.5864819479429051,0.8174370977179637
0.5867282654346913,0.8174370977179637
0.5869747899159664,0.8174370977179637
0.5868011769651114,0.8168519602106495
0.5870479394449117,0.8168519602106495
0.5872949095498528,0.8168519602106495
0.5875420875420876,0.8168519602106495
0.5873684210526315,0.8162668227033353
0.5871946082561078,0.815681685196021
0.5874420564686051,0.815681685196021
0.5876897133220911,0.815681685196021
0.5879375790805568,0.815681685196021
0.5881856540084388,0.815681685196021
0.5884339383706205,0.815681685196021
0.5886824324324325,0.815681685196021
0.5885086607520068,0.8150965476887069
0.5887573964497042,0.8150965476887069
0.5890063424947146,0.8150965476887069
0.5886584849767245,0.8139262726740784
0.5889077053344624,0.8139262726740784
0.589157136806438,0.8139262726740784
0.589406779661017,0.8139262726740784
0.58965663416702,0.8139262726740784
0.5899067005937235,0.8139262726740784
0.5901569792108613,0.8139262726740784
0.5899830220713073,0.8133411351667642
0.5898089171974522,0.81275599765945
0.5896346644010195,0.8121708601521358
0.5898852528686783,0.8121708601521358
0.5901360544217688,0.8121708601521358
0.5903870693321991,0.8121708601521358
0.5906382978723405,0.8121708601521358
0.5904640272456364,0.8115857226448215
0.590289608177172,0.8110005851375073
0.5905411163187048,0.8110005851375073
0.5901918976545842,0.8098303101228789
0.590443686006826,0.8098303101228789
0.5906956892872386,0.8098303101228789
0.5909479077711358,0.8098303101228789
0.5912003417343016,0.8098303101228789
0.5914529914529915,0.8098303101228789
0.5917058572039333,0.8098303101228789
0.5915312232677502,0.8092451726155646
0.5913564398801883,0.8086600351082505
0.5916095890410958,0.8086600351082505
0.5918629550321199,0.8086600351082505
0.5921165381319623,0.8086600351082505
0.591941705957994,0.8080748976009362
0.5921955403087479,0.8080748976009362
0.592020592020592,0.807489760093622
0.592274678111588,0.807489760093622
0.592528982395878,0.807489760093622
0.5923539518900344,0.8069046225863078
0.5921787709497207,0.8063194850789935
0.592433361994841,0.8063194850789935
0.5926881720430107,0.8063194850789935
0.5929432013769363,0.8063194850789935
0.5931984502798106,0.8063194850789935
0.5934539190353144,0.8063194850789935
0.5937096079276174,0.8063194850789935
0.5939655172413794,0.8063194850789935
0.5942216472617508,0.8063194850789935
0.59404659188956,0.8057343475716794
0.5938713854121709,0.8051492100643651
0.5941278065630398,0.8051492100643651
0.5943844492440604,0.8051492100643651
0.5946413137424373,0.8051492100643651
0.5948984003458712,0.8051492100643651
0.5951557093425606,0.8051492100643651
0.5949805279099957,0.8045640725570509
0.5952380952380952,0.8045640725570509
0.5950627977479428,0.8039789350497367
0.5953206239168111,0.8039789350497367
0.5947939262472886,0.802223522527794
0.5950520833333334,0.802223522527794
0.5953104646113765,0.802223522527794
0.5955690703735882,0.802223522527794
0.5958279009126467,0.802223522527794
0.5960869565217392,0.802223522527794
0.5963462374945628,0.802223522527794
0.5966057441253264,0.802223522527794
0.5968654767087506,0.802223522527794
0.5971254355400697,0.802223522527794
0.5973856209150327,0.802223522527794
0.597646033129904,0.802223522527794
0.5974705625817706,0.8016383850204798
0.5977312390924956,0.8016383850204798
0.5979921431689219,0.8016383850204798
0.5982532751091703,0.8016383850204798
0.598514635211883,0.8016383850204798
0.5987762237762237,0.8016383850204798
0.5990380411018802,0.8016383850204798
0.5993000874890638,0.8016383850204798
0.5995623632385121,0.8016383850204798
0.5986842105263158,0.7987126974839087
0.5989469065379552,0.7987126974839087
0.5992098331870062,0.7987126974839087
0.5994729907773386,0.7987126974839087
0.5991208791208791,0.7975424224692803
0.5993843447669305,0.7975424224692803
0.5996480422349318,0.7975424224692803
0.5994718309859155,0.796957284961966
0.5992954645530604,0.7963721474546518
0.5995594713656388,0.7963721474546518
0.5998237108858528,0.7963721474546518
0.599647266313933,0.7957870099473376
0.5994706660785178,0.7952018724400234
0.5992939099735216,0.7946167349327092
0.5995584988962472,0.7946167349327092
0.5993816254416962,0.794031597425395
0.5996464869642069,0.794031597425395
0.5999115826702034,0.794031597425395
0.6001769128704113,0.794031597425395
0.6,0.7934464599180807
0.600265604249668,0.7934464599180807
0.600088573959256,0.7928613224107666
0.5999113867966327,0.7922761849034523
0.600177304964539,0.7922761849034523
0.6004434589800444,0.7922761849034523
0.6002661934338953,0.791691047396138
0.6000887705281847,0.7911059098888239
0.599911190053286,0.7905207723815096
0.6001776988005331,0.7905207723815096
0.6004444444444444,0.7905207723815096
0.6007114273010227,0.7905207723815096
0.6005338078291815,0.7899356348741955
0.6008010680907877,0.7899356348741955
0.6010685663401603,0.7899356348741955
0.600890868596882,0.7893504973668812
0.6007130124777184,0.788765359859567
0.6003568242640499,0.7875950848449386
0.6006247211066488,0.7875950848449386
0.6004464285714286,0.7870099473376243
0.6007146047342564,0.7870099473376243
0.6009830205540662,0.7870099473376243
0.6008046490835941,0.7864248098303102
0.6010733452593918,0.7864248098303102
0.6013422818791946,0.7864248098303102
0.6016114592658908,0.7864248098303102
0.6018808777429467,0.7864248098303102
0.6021505376344086,0.7864248098303102
0.601972209771403,0.7858396723229959
0.6017937219730942,0.7852545348156816
0.6020637056976222,0.7852545348156816
0.6018850987432675,0.7846693973083675
0.6021553659631792,0.7846693973083675
0.6024258760107817,0.7846693973083675
0.6026966292134831,0.7846693973083675
0.6029676258992805,0.7846693973083675
0.6027890238416554,0.7840842598010532
0.603060306030603,0.7840842598010532
0.6033318325078794,0.7840842598010532
0.6036036036036037,0.7840842598010532
0.6038756196484903,0.7840842598010532
0.6036970243462579,0.7834991222937391
0.6035182679296346,0.7829139847864248
0.6033393501805054,0.7823288472791106
0.6036117381489842,0.7823288472791106
0.6034327009936766,0.7817437097717964
0.6037053773158608,0.7817437097717964
0.6035262206148282,0.7811585722644822
0.6033469018543646,0.7805734347571679
0.6036199095022624,0.7805734347571679
0.6038931643277501,0.7805734347571679
0.6041666666666666,0.7805734347571679
0.6039873130946987,0.7799882972498537
0.6038077969174978,0.7794031597425395
0.6040816326530613,0.7794031597425395
0.6039019963702359,0.7788180222352252
0.6041761234679982,0.7788180222352252
0.6039963669391463,0.7782328847279111
0.6042707860063607,0.7782328847279111
0.6040909090909091,0.7776477472205968
0.6039108685766258,0.7770626097132827
0.6041856232939036,0.7770626097132827
0.6040054619936277,0.7764774722059684
0.6038251366120219,0.7758923346986542
0.6041002277904328,0.7758923346986542
0.6039197812215132,0.77530719719134
0.6037391700866394,0.7747220596840257
0.603558394160584,0.7741369221767115
0.6033774532177089,0.7735517846693973
0.6031963470319635,0.7729666471620831
0.6030150753768844,0.7723815096547688
0.603290676416819,0.7723815096547688
0.6035665294924554,0.7723815096547688
0.6038426349496798,0.7723815096547688
0.6036613272311213,0.7717963721474547
0.6039377289377289,0.7717963721474547
0.6037562986715529,0.7712112346401404
0.6035747021081577,0.7706260971328263
0.6033929390187988,0.770040959625512
0.6032110091743119,0.7694558221181977
0.6034878384580082,0.7694558221181977
0.6037649219467401,0.7694558221181977
0.6035829122645843,0.7688706846108836
0.6034007352941176,0.7682855471035693
0.6036781609195402,0.7682855471035693
0.6033133916244823,0.7671152720889409
0.6031307550644567,0.7665301345816267
0.6034085674804238,0.7665301345816267
0.6036866359447005,0.7665301345816267
0.6035039188566159,0.7659449970743125
0.6037822878228782,0.7659449970743125
0.6035994462390402,0.7653598595669983
0.6038781163434903,0.7653598595669983
0.6041570438799077,0.7653598595669983
0.6044362292051756,0.7653598595669983
0.6042533518261674,0.764774722059684
0.6045328399629972,0.764774722059684
0.6043498380379454,0.7641895845523698
0.6041666666666666,0.7636044470450556
0.6044465030106531,0.7636044470450556
0.6047265987025023,0.7636044470450556
0.6045433472415391,0.7630193095377413
0.6048237476808905,0.7630193095377413
0.6046403712296984,0.7624341720304272
0.6049210770659239,0.7624341720304272
0.6047375754760799,0.7618490345231129
0.6045539033457249,0.7612638970157987
0.604370060437006,0.7606787595084845
0.6041860465116279,0.7600936220011703
0.6044671940437413,0.7600936220011703
0.6047486033519553,0.7600936220011703
0.6050302748020494,0.7600936220011703
0.6053122087604846,0.7600936220011703
0.6055944055944056,0.7600936220011703
0.605410447761194,0.7595084844938561
0.6056929538030797,0.7595084844938561
0.6059757236227824,0.7595084844938561
0.6057916861279776,0.7589233469865418
0.6060747663551402,0.7589233469865418
0.6063581112669472,0.7589233469865418
0.6061739943872778,0.7583382094792276
0.6059897051941975,0.7577530719719134
0.6062734082397003,0.7577530719719134
0.6060889929742389,0.7571679344645992
0.6059044048734771,0.7565827969572849
0.6061884669479606,0.7565827969572849
0.6064727954971857,0.7565827969572849
0.6061032863849766,0.7554125219426565
0.6059182714889619,0.7548273844353423
0.605733082706767,0.7542422469280281
0.6060178655383168,0.7542422469280281
0.6063029162746942,0.7542422469280281
0.6061176470588235,0.7536571094207138
0.6064030131826742,0.7536571094207138
0.6062176165803109,0.7530719719133997
0.6065032987747409,0.7530719719133997
0.6067892503536068,0.7530719719133997
0.6066037735849057,0.7524868344060854
0.6064181217555451,0.7519016968987712
0.6062322946175638,0.751316559391457
0.6065186584789797,0.751316559391457
0.6068052930056711,0.751316559391457
0.6066193853427896,0.7507314218841428
0.6064333017975402,0.7501462843768285
0.6062470421202082,0.7495611468695144
0.6060606060606061,0.7489760093622001
0.605873993368072,0.748390871854886
0.6056872037914692,0.7478057343475717
0.6055002370791844,0.7472205968402574
0.6053130929791272,0.7466354593329433
0.6056003796867584,0.7466354593329433
0.6054131054131054,0.746050321825629
0.6052256532066508,0.7454651843183148
0.6050380228136882,0.7448800468110006
0.6053257251545411,0.7448800468110006
0.6056137012369173,0.7448800468110006
0.6059019514516897,0.7448800468110006
0.6061904761904762,0.7448800468110006
0.6060028585040496,0.7442949093036864
0.6062917063870352,0.7442949093036864
0.6061039580352885,0.7437097717963721
0.6059160305343512,0.743124634289058
0.6062052505966588,0.743124634289058
0.606494746895893,0.743124634289058
0.6067845198279981,0.743124634289058
0.6065965583173997,0.7425394967817437
0.6064084170253468,0.7419543592744295
0.6062200956937799,0.7413692217671153
0.6060315940641455,0.740784084259801
0.6056540488739818,0.7396138092451726
0.6054650047938639,0.7390286717378584
0.6052757793764988,0.7384435342305442
0.6050863723608445,0.73785839672323
0.6048967834853577,0.7372732592159157
0.6051873198847262,0.7372732592159157
0.6054781355117732,0.7372732592159157
0.6052884615384615,0.7366881217086015
0.6049085659287776,0.7355178466939731
0.6051998074145402,0.7355178466939731
0.605009633911368,0.7349327091866589
0.6053012048192771,0.7349327091866589
0.6055930568948891,0.7349327091866589
0.6054027978774723,0.7343475716793446
0.6052123552123552,0.7337624341720305
0.6050217286335103,0.7331772966647162
0.6048309178743961,0.732592159157402
0.6046399226679555,0.7320070216500878
0.6044487427466151,0.7314218841427735
0.6047411707789067,0.7314218841427735
0.6045498547918683,0.7308367466354593
0.6043583535108958,0.7302516091281451
0.6041666666666666,0.7296664716208309
0.603974793989336,0.7290813341135167
0.6037827352085354,0.7284961966062025
0.604075691411936,0.7284961966062025
0.6038834951456311,0.7279110590988882
0.6041767848470131,0.7279110590988882
0.6044703595724004,0.7279110590988882
0.6042780748663101,0.727325921591574
0.6040856031128404,0.7267407840842598
0.6043795620437956,0.7267407840842598
0.6046738072054528,0.7267407840842598
0.604968339016074,0.7267407840842598
0.604775828460039,0.7261556465769455
0.6045831301803998,0.7255705090696314
0.6048780487804878,0.7255705090696314
0.6046852122986823,0.7249853715623171
0.60498046875,0.7249853715623171
0.6047874938935027,0.724400234055003
0.6044009779951101,0.7232299590403745
0.6046966731898239,0.7232299590403745
0.6045031815956926,0.7226448215330603
0.6041156295933366,0.7214745465184318
0.6044117647058823,0.7214745465184318
0.6047081902893575,0.7214745465184318
0.6045142296368989,0.7208894090111176
0.6048109965635738,0.7208894090111176
0.6046168958742633,0.7203042715038034
0.6044226044226044,0.7197191339964891
0.604228121927237,0.719133996489175
0.6040334481062469,0.7185488589818607
0.6043307086614174,0.7185488589818607
0.604135893648449,0.7179637214745466
0.6044334975369459,0.7179637214745466
0.604043392504931,0.716793446459918
0.6043413912185496,0.716793446459918
0.6046396841066141,0.716793446459918
0.6044444444444445,0.7162083089526039
0.6042490118577075,0.7156231714452896
0.6040533860603065,0.7150380339379754
0.6043521266073195,0.7150380339379754
0.6046511627906976,0.7150380339379754
0.6044554455445544,0.7144528964306612
0.6047548291233283,0.7144528964306612
0.6045589692765114,0.713867758923347
0.6043629152206247,0.7132826214160327
0.6041666666666666,0.7126974839087186
0.603970223325062,0.7121123464014043
0.6037735849056604,0.7115272088940902
0.604073522106309,0.7115272088940902
0.6043737574552683,0.7115272088940902
0.6041770263550472,0.7109420713867759
0.6044776119402985,0.7109420713867759
0.6040836653386454,0.7097717963721475
0.6036889332003988,0.708601521357519
0.6034912718204489,0.7080163838502048
0.6037924151696606,0.7080163838502048
0.6033966033966034,0.7068461088355764
0.6028014007003502,0.7050906963136337
0.6031031031031031,0.7050906963136337
0.6034051076614922,0.7050906963136337
0.6032064128256514,0.7045055588063195
0.6035087719298246,0.7045055588063195
0.6033099297893681,0.7039204212990052
0.6031108881083793,0.7033352837916911
0.6034136546184738,0.7033352837916911
0.6037167252636866,0.7033352837916911
0.6040201005025125,0.7033352837916911
0.604323780794369,0.7033352837916911
0.6041247484909457,0.7027501462843768
0.6039255158530448,0.7021650087770626
0.6042296072507553,0.7021650087770626
0.6045340050377834,0.7021650087770626
0.6043346774193549,0.7015798712697484
0.6041351487644983,0.7009947337624342
0.6039354187689203,0.70040959625512
0.6042402826855123,0.70040959625512
0.6045454545454545,0.70040959625512
0.6048509348155634,0.70040959625512
0.6051567239635995,0.70040959625512
0.6049570055639858,0.6998244587478057
0.6052631578947368,0.6998244587478057
0.6055696202531645,0.6998244587478057
0.6058763931104356,0.6998244587478057
0.606183476938672,0.6998244587478057
0.6059837728194726,0.6992393212404915
0.6062912227295789,0.6992393212404915
0.6060913705583756,0.6986541837331773
0.6058913153885221,0.6980690462258631
0.6056910569105691,0.6974839087185488
0.6054905948144382,0.6968987712112347
0.6057985757884028,0.6968987712112347
0.6055979643765903,0.6963136337039204
0.6053971486761711,0.6957284961966061
0.6057055527254203,0.6957284961966061
0.6060142711518859,0.6957284961966061
0.606323304436512,0.6957284961966061
0.6061224489795919,0.695143358689292
0.6059213884635017,0.6945582211819777
0.6062308478038815,0.6945582211819777
0.6065406234031682,0.6945582211819777
0.6063394683026585,0.6939730836746636
0.6061381074168798,0.6933879461673493
0.6064483111566018,0.6933879461673493
0.6067588325652842,0.6933879461673493
0.6065573770491803,0.6928028086600351
0.6068682726806766,0.6928028086600351
0.6071794871794872,0.6928028086600351
0.6074910210364289,0.6928028086600351
0.6072895277207392,0.6922176711527209
0.6070878274268104,0.6916325336454067
0.6068859198355602,0.6910473961380924
0.6066838046272494,0.6904622586307783
0.6062789500772002,0.6892919836161499
0.6065911431513903,0.6892919836161499
0.6069036579082947,0.6892919836161499
0.606701030927835,0.6887068461088356
0.6064981949458483,0.6881217086015213
0.6068111455108359,0.6881217086015213
0.6071244192049561,0.6881217086015213
0.6074380165289256,0.6881217086015213
0.6077519379844961,0.6881217086015213
0.6080661840744571,0.6881217086015213
0.6083807553026384,0.6881217086015213
0.6086956521739131,0.6881217086015213
0.6080870917573873,0.6863662960795787
0.6078838174273858,0.6857811585722645
0.6081992734820966,0.6857811585722645
0.6079958463136034,0.6851960210649503
0.6077922077922078,0.684610883557636
0.6081081081081081,0.684610883557636
0.608424336973479,0.684610883557636
0.6087408949011447,0.684610883557636
0.6090577824049974,0.684610883557636
0.6088541666666667,0.6840257460503218
0.6091714434601355,0.6840257460503218
0.6089676746611054,0.6834406085430076
0.6092853416797078,0.6834406085430076
0.6090814196242171,0.6828554710356934
0.6088772845953002,0.6822703335283792
0.6086729362591432,0.6816851960210649
0.6089911134343963,0.6816851960210649
0.6093096234309623,0.6816851960210649
0.6096284667713239,0.6816851960210649
0.6094240837696335,0.6811000585137508
0.6097433211105291,0.6811000585137508
0.610062893081761,0.6811000585137508
0.6098584163607761,0.6805149210064365
0.6101783840503673,0.6805149210064365
0.6095638465580662,0.6787595084844938
0.6098843322818086,0.6787595084844938
0.6096791162546028,0.6781743709771796
0.61,0.6781743709771796
0.6089709762532981,0.6752486834406085
0.6092925026399155,0.6752486834406085
0.6090861067089276,0.6746635459332944
0.6094080338266384,0.6746635459332944
0.6097303014278159,0.6746635459332944
0.6100529100529101,0.6746635459332944
0.6096398305084746,0.6734932709186658
0.6094329623741388,0.6729081334113517
0.6097560975609756,0.6729081334113517
0.6095490716180372,0.6723229959040374
0.6098726114649682,0.6723229959040374
0.6101964949548593,0.6723229959040374
0.6105207226354942,0.6723229959040374
0.6108452950558214,0.6723229959040374
0.6111702127659574,0.6723229959040374
0.61149547631719,0.6723229959040374
0.6118210862619808,0.6723229959040374
0.6121470431539691,0.6723229959040374
0.6124733475479744,0.6723229959040374
0.6122666666666666,0.6717378583967232
0.612059765208111,0.671152720889409
0.612386545648692,0.671152720889409
0.6121794871794872,0.6705675833820948
0.6119722073757349,0.6699824458747806
0.6122994652406417,0.6699824458747806
0.6118843683083511,0.6688121708601521
0.6122121049812533,0.6688121708601521
0.612540192926045,0.6688121708601521
0.6128686327077748,0.6688121708601521
0.6131974248927039,0.6688121708601521
0.6135265700483091,0.6688121708601521
0.6131112305212252,0.6676418958455237
0.6134408602150537,0.6676418958455237
0.6137708445400754,0.6676418958455237
0.6141011840688912,0.6676418958455237
0.6138933764135702,0.6670567583382094
0.6142241379310345,0.6670567583382094
0.6140161725067386,0.6664716208308953
0.6127636560302866,0.66296079578701
0.6130952380952381,0.66296079578701
0.6128857606930157,0.6623756582796957
0.6132177681473456,0.6623756582796957
0.6130081300813008,0.6617905207723815
0.6133405639913232,0.6617905207723815
0.6136733586543679,0.6617905207723815
0.6140065146579805,0.6617905207723815
0.6143400325909831,0.6617905207723815
0.6141304347826086,0.6612053832650673
0.6144643828167482,0.6612053832650673
0.6147986942328618,0.6612053832650673
0.6151333696243876,0.6612053832650673
0.6154684095860566,0.6612053832650673
0.6158038147138964,0.6612053832650673
0.6161395856052344,0.6612053832650673
0.6164757228587016,0.6612053832650673
0.6168122270742358,0.6612053832650673
0.6171490988530858,0.6612053832650673
0.6174863387978142,0.6612053832650673
0.6172772006560963,0.660620245757753
0.6176148796498906,0.660620245757753
0.6174055829228243,0.6600351082504389
0.6177437020810514,0.6600351082504389
0.6173245614035088,0.6588648332358105
0.6176631925397696,0.6588648332358105
0.6180021953896817,0.6588648332358105
0.6183415705656233,0.6588648332358105
0.6181318681318682,0.6582796957284962
0.6184716877405168,0.6582796957284962
0.6188118811881188,0.6582796957284962
0.6191524490919097,0.6582796957284962
0.6189427312775331,0.657694558221182
0.6192837465564738,0.657694558221182
0.6190738699007717,0.6571094207138678
0.619415333701048,0.6571094207138678
0.619757174392936,0.6571094207138678
0.6195472114853672,0.6565242832065535
0.6198895027624309,0.6565242832065535
0.6194690265486725,0.6553540081919251
0.6198118428334256,0.6553540081919251
0.6193905817174515,0.6541837331772966
0.6197339246119734,0.6541837331772966
0.620077648363838,0.6541837331772966
0.6204217536071032,0.6541837331772966
0.6207662409772349,0.6541837331772966
0.6211111111111111,0.6541837331772966
0.6209005002779322,0.6535985956699825
0.6212458286985539,0.6535985956699825
0.6215915414579856,0.6535985956699825
0.621380846325167,0.6530134581626682
0.6217270194986072,0.6530134581626682
0.6215161649944259,0.652428320655354
0.6218627997769102,0.652428320655354
0.6222098214285714,0.652428320655354
0.6225572305974316,0.652428320655354
0.6223463687150838,0.6518431831480398
0.6226942425936277,0.6518431831480398
0.62248322147651,0.6512580456407255
0.6222719641857862,0.6506729081334114
0.6226203807390818,0.6506729081334114
0.62296918767507,0.6506729081334114
0.6233183856502242,0.6506729081334114
0.6231071228266966,0.6500877706260971
0.6234567901234568,0.6500877706260971
0.6238068500842223,0.6500877706260971
0.6235955056179775,0.6495026331187829
0.6239460370994941,0.6495026331187829
0.623734533183352,0.6489174956114687
0.6235227912211593,0.6483323581041545
0.6233108108108109,0.6477472205968403
0.6236619718309859,0.6477472205968403
0.6234498308906427,0.647162083089526
0.6238014664410604,0.647162083089526
0.623589164785553,0.6465769455822118
0.6239412761151891,0.6465769455822118
0.6237288135593221,0.6459918080748976
0.6235161107970605,0.6454066705675834
0.623868778280543,0.6454066705675834
0.6236559139784946,0.6448215330602691
0.6234428086070215,0.644236395552955
0.6237960339943343,0.644236395552955
0.6235827664399093,0.6436512580456407
0.6239364719228587,0.6436512580456407
0.6235093696763203,0.6424809830310123
0.6238636363636364,0.6424809830310123
0.6236498010233087,0.641895845523698
0.624004550625711,0.641895845523698
0.624359704040979,0.641895845523698
0.6239316239316239,0.6407255705090696
0.6242873432155074,0.6407255705090696
0.6240730176839704,0.6401404330017554
0.6238584474885844,0.6395552954944412
0.6234285714285714,0.6383850204798127
0.6232132647226987,0.6377998829724986
0.6229977116704806,0.6372147454651843
0.6225658648339061,0.6360444704505559
0.622349570200573,0.6354593329432416
0.6221330275229358,0.6348741954359275
0.6224899598393574,0.6348741954359275
0.6222732491389208,0.6342890579286132
0.6220562894887995,0.633703920421299
0.6224137931034482,0.633703920421299
0.6227717078780909,0.633703920421299
0.622554660529344,0.6331187829139848
0.6229130685089235,0.6331187829139848
0.6226958525345622,0.6325336454066706
0.622478386167147,0.6319485078993563
0.6228373702422145,0.6319485078993563
0.6224018475750578,0.6307782328847279
0.6219653179190752,0.6296079578700995
0.6217466743782534,0.6290228203627852
0.6213086276780544,0.6278525453481568
0.6216685979142526,0.6278525453481568
0.6214492753623189,0.6272674078408426
0.6218097447795824,0.6272674078408426
0.6215902495647128,0.6266822703335284
0.6213704994192799,0.6260971328262142
0.621150493898896,0.6255119953188999
0.6215116279069768,0.6255119953188999
0.6218731820826061,0.6255119953188999
0.6222351571594877,0.6255119953188999
0.6217948717948718,0.6243417203042715
0.6221574344023324,0.6243417203042715
0.6219369894982497,0.6237565827969573
0.6217162872154116,0.6231714452896431
0.6220794392523364,0.6231714452896431
0.6224430157802455,0.6231714452896431
0.6228070175438597,0.6231714452896431
0.6231714452896431,0.6231714452896431
0.6235362997658079,0.6231714452896431
0.6233157586408905,0.6225863077823288
0.6226525821596244,0.6208308952603862
0.6224310041103934,0.620245757753072
0.6222091656874266,0.6196606202457577
0.6225749559082893,0.6196606202457577
0.6221306650971159,0.6184903452311293
0.6219081272084805,0.6179052077238151
0.6216853270477313,0.6173200702165009
0.6220518867924528,0.6173200702165009
0.6218289085545723,0.6167349327091867
0.6216056670602125,0.6161497952018724
0.6219728292971057,0.6161497952018724
0.6223404255319149,0.6161497952018724
0.6221170904790065,0.6155646576945583
0.6224852071005917,0.6155646576945583
0.6228537596210776,0.6155646576945583
0.6226303317535545,0.614979520187244
0.6229994072317724,0.614979520187244
0.6227758007117438,0.6143943826799297
0.6231454005934718,0.6143943826799297
0.6235154394299287,0.6143943826799297
0.6232917409387998,0.6138092451726156
0.6236623067776457,0.6138092451726156
0.6234384295062463,0.6132241076653013
0.6238095238095238,0.6132241076653013
0.6235854675402025,0.6126389701579871
0.6231365533691116,0.6114686951433587
0.6229116945107399,0.6108835576360445
0.6232835820895523,0.6108835576360445
0.6230585424133811,0.6102984201287303
0.6234309623430963,0.6102984201287303
0.6232057416267942,0.609713282621416
0.6229802513464991,0.6091281451141018
0.6227544910179641,0.6085430076067876
0.6220755848830234,0.6067875950848449
0.6224489795918368,0.6067875950848449
0.6222222222222222,0.6062024575775308
0.6219951923076923,0.6056173200702165
0.621312462372065,0.6038619075482738
0.6216867469879518,0.6038619075482738
0.6220614828209765,0.6038619075482738
0.6218335343787696,0.6032767700409596
0.6222088111044055,0.6032767700409596
0.6219806763285024,0.6026916325336454
0.6217522658610272,0.6021064950263312
0.6221281741233373,0.6021064950263312
0.6225045372050817,0.6021064950263312
0.6228813559322034,0.6021064950263312
0.6226529376135675,0.6015213575190169
0.623030303030303,0.6015213575190169
0.6228016979987872,0.6009362200117028
0.6223436551305404,0.5997659449970744
0.6221142162818954,0.5991808074897601
0.6224924012158055,0.5991808074897601
0.6222627737226277,0.5985956699824458
0.6220328667072429,0.5980105324751317
0.6218026796589525,0.5974253949678174
0.6215722120658135,0.5968402574605032
0.6219512195121951,0.5968402574605032
0.6217205613178768,0.596255119953189
0.6221001221001221,0.596255119953189
0.6224801466096518,0.596255119953189
0.6228606356968215,0.596255119953189
0.6226299694189602,0.5956699824458748
0.6230110159118727,0.5956699824458748
0.6233925290875689,0.5956699824458748
0.6231617647058824,0.5950848449385605
0.6235438381361128,0.5950848449385605
0.6233128834355828,0.5944997074312464
0.623695518723143,0.5944997074312464
0.6234643734643734,0.5939145699239321
0.6232329440688383,0.593329432416618
0.6230012300123001,0.5927442949093037
0.6233846153846154,0.5927442949093037
0.6237684729064039,0.5927442949093037
0.6235366605052373,0.5921591574019894
0.623921085080148,0.5921591574019894
0.6236890808143122,0.5915740198946753
0.6240740740740741,0.5915740198946753
0.6238418777022854,0.590988882387361
0.6236093943139679,0.5904037448800468
0.6239950525664811,0.5904037448800468
0.6243811881188119,0.5904037448800468
0.6247678018575852,0.5904037448800468
0.6251548946716233,0.5904037448800468
0.624922504649721,0.5898186073727326
0.6253101736972705,0.5898186073727326
0.6256983240223464,0.5898186073727326
0.6260869565217392,0.5898186073727326
0.6258545680546923,0.5892334698654184
0.6262437810945274,0.5892334698654184
0.626633478531425,0.5892334698654184
0.6264009962640099,0.5886483323581042
0.6261682242990654,0.58806319485079
0.6259351620947631,0.5874780573434757
0.6257018091079226,0.5868929198361615
0.6260923845193508,0.5868929198361615
0.6264834478450968,0.5868929198361615
0.62625,0.5863077823288473
0.626641651031895,0.5863077823288473
0.6264080100125157,0.585722644821533
0.6261740763932373,0.5851375073142189
0.6265664160401002,0.5851375073142189
0.6269592476489029,0.5851375073142189
0.6273525721455459,0.5851375073142189
0.6277463904582549,0.5851375073142189
0.6275125628140703,0.5845523698069046
0.627906976744186,0.5845523698069046
0.6276729559748427,0.5839672322995904
0.6274386406544997,0.5833820947922762
0.6272040302267002,0.582796957284962
0.6269691241335854,0.5822118197776478
0.626733921815889,0.5816266822703335
0.6264984227129338,0.5810415447630193
0.6262626262626263,0.5804564072557051
0.6266582438408086,0.5804564072557051
0.6270543615676359,0.5804564072557051
0.6268184693232132,0.5798712697483909
0.6265822784810127,0.5792861322410766
0.6269791006966434,0.5792861322410766
0.6273764258555133,0.5792861322410766
0.6271401395053899,0.5787009947337625
0.6266666666666667,0.577530719719134
0.6270648030495553,0.577530719719134
0.6268277177368087,0.5769455822118198
0.6272264631043257,0.5769455822118198
0.6276257161043921,0.5769455822118198
0.6273885350318471,0.5763604447045055
0.6277884002549394,0.5763604447045055
0.6281887755102041,0.5763604447045055
0.6285896617740906,0.5763604447045055
0.6289910600255428,0.5763604447045055
0.6293929712460063,0.5763604447045055
0.6297953964194374,0.5763604447045055
0.6295585412667947,0.5757753071971914
0.6299615877080665,0.5757753071971914
0.629724535554132,0.5751901696898771
0.6294871794871795,0.5746050321825629
0.6298909557408595,0.5746050321825629
0.6296534017971759,0.5740198946752487
0.630057803468208,0.5740198946752487
0.6304627249357326,0.5740198946752487
0.6302250803858521,0.5734347571679345
0.6306306306306306,0.5734347571679345
0.6310367031551836,0.5734347571679345
0.6314432989690721,0.5734347571679345
0.6312056737588653,0.5728496196606202
0.6316129032258064,0.5728496196606202
0.632020658489348,0.5728496196606202
0.6315449256625727,0.5716793446459918
0.6319534282018111,0.5716793446459918
0.6323624595469256,0.5716793446459918
0.6321243523316062,0.5710942071386775
0.6318859364873622,0.5705090696313634
0.632295719844358,0.5705090696313634
0.6320571057754705,0.5699239321240491
0.6324675324675325,0.5699239321240491
0.6322287199480182,0.569338794616735
0.6326397919375812,0.569338794616735
0.6324007807417046,0.5687536571094207
0.6328125,0.5687536571094207
0.6332247557003258,0.5687536571094207
0.6329856584093873,0.5681685196021065
0.6333985649054142,0.5681685196021065
0.6331592689295039,0.5675833820947923
0.6326797385620915,0.5664131070801638
0.6324395029431,0.5658279695728496
0.6328534031413613,0.5658279695728496
0.6326129666011788,0.5652428320655354
0.6323722149410222,0.5646576945582212
0.6327868852459017,0.5646576945582212
0.6325459317585301,0.564072557050907
0.6329612606697308,0.564072557050907
0.6322368421052632,0.5623171445289643
0.6326530612244898,0.5623171445289643
0.6321687541199736,0.5611468695143359
0.6319261213720316,0.5605617320070216
0.6316831683168317,0.5599765944997074
0.631439894319683,0.5593914569923932
0.6318572372769332,0.5593914569923932
0.6322751322751323,0.5593914569923932
0.6320317670416943,0.558806319485079
0.6324503311258278,0.558806319485079
0.6322067594433399,0.5582211819777648
0.6326259946949602,0.5582211819777648
0.6323822163238222,0.5576360444704506
0.6328021248339973,0.5576360444704506
0.6332225913621262,0.5576360444704506
0.6336436170212766,0.5576360444704506
0.633399866932801,0.5570509069631363
0.6338215712383488,0.5570509069631363
0.6335776149233844,0.5564657694558222
0.6333333333333333,0.5558806319485079
0.6341789052069426,0.5558806319485079
0.633934535738143,0.5552954944411936
0.6336898395721925,0.5547103569338795
0.6341137123745819,0.5547103569338795
0.6345381526104418,0.5547103569338795
0.6349631614199598,0.5547103569338795
0.6347184986595175,0.5541252194265652
0.6351441985244802,0.5541252194265652
0.6355704697986577,0.5541252194265652
0.6353257219610476,0.553540081919251
0.6350806451612904,0.5529549444119368
0.6355077336919973,0.5529549444119368
0.635016835016835,0.5517846693973084
0.6354447439353099,0.5517846693973084
0.6358732299393122,0.5517846693973084
0.6356275303643725,0.5511995318899942
0.6360567184334909,0.5511995318899942
0.6364864864864865,0.5511995318899942
0.6369168356997972,0.5511995318899942
0.6373477672530447,0.5511995318899942
0.6368563685636857,0.5500292568753657
0.6372881355932203,0.5500292568753657
0.6370420624151968,0.5494441193680515
0.6374745417515275,0.5494441193680515
0.6379076086956522,0.5494441193680515
0.6383412644459552,0.5494441193680515
0.638095238095238,0.5488589818607372
0.6378488767869299,0.5482738443534231
0.638283378746594,0.5482738443534231
0.6380368098159509,0.5476887068461088
0.6384720327421555,0.5476887068461088
0.6382252559726962,0.5471035693387947
0.6386612021857924,0.5471035693387947
0.6390977443609023,0.5471035693387947
0.6395348837209303,0.5471035693387947
0.6392881587953456,0.5465184318314804
0.6390410958904109,0.5459332943241662
0.6387936943111721,0.545348156816852
0.6392318244170097,0.545348156816852
0.6396705559368565,0.545348156816852
0.6394230769230769,0.5447630193095377
0.6398625429553264,0.5447630193095377
0.640302613480055,0.5447630193095377
0.6400550584996559,0.5441778818022235
0.6398071625344353,0.5435927442949093
0.6395589248793935,0.5430076067875951
0.6393103448275862,0.5424224692802808
0.6390614216701174,0.5418373317729667
0.6395027624309392,0.5418373317729667
0.6399447131997236,0.5418373317729667
0.6396957123098201,0.5412521942656524
0.639446366782007,0.5406670567583383
0.639196675900277,0.540081919251024
0.638946638946639,0.5394967817437097
0.6386962552011096,0.5389116442363956
0.6384455239417072,0.5383265067290813
0.6374391092553932,0.5359859566998244
0.637883008356546,0.5359859566998244
0.6376306620209059,0.5354008191925103
0.6380753138075314,0.5354008191925103
0.6385205861828332,0.5354008191925103
0.6389664804469274,0.5354008191925103
0.639412997903564,0.5354008191925103
0.6391608391608392,0.534815681685196
0.6396081175647306,0.534815681685196
0.6400560224089635,0.534815681685196
0.6395511921458625,0.5336454066705676
0.639298245614035,0.5330602691632533
0.6390449438202247,0.5324751316559392
0.6387912860154603,0.5318899941486249
0.6385372714486639,0.5313048566413107
0.6389866291344124,0.5313048566413107
0.6394366197183099,0.5313048566413107
0.6391825229034531,0.5307197191339965
0.6389280677009873,0.5301345816266823
0.6386732533521524,0.5295494441193681
0.6384180790960452,0.5289643066120538
0.637906647807638,0.5277940315974254
0.6373937677053825,0.5266237565827969
0.6353276353276354,0.5219426565242832
0.6357804704205274,0.5219426565242832
0.6355206847360912,0.521357519016969
0.635260528194147,0.5207723815096548
0.635,0.5201872440023405
0.6347390993566834,0.5196021064950264
0.6342161775232641,0.5184318314803978
0.6339541547277937,0.5178466939730837
0.6336917562724015,0.5172615564657694
0.6341463414634146,0.5172615564657694
0.6346015793251975,0.5172615564657694
0.6343390804597702,0.5166764189584553
0.6340762041696621,0.516091281451141
0.6345323741007194,0.516091281451141
0.6340057636887608,0.5149210064365126
0.6344628695025234,0.5149210064365126
0.6341991341991342,0.5143358689291984
0.6346570397111914,0.5143358689291984
0.634393063583815,0.5137507314218841
0.6348517715112075,0.5137507314218841
0.6345875542691751,0.51316559391457
0.6350470673425054,0.51316559391457
0.6347826086956522,0.5125804564072557
0.6345177664974619,0.5119953188999414
0.634978229317852,0.5119953188999414
0.6347131445170661,0.5114101813926273
0.6351744186046512,0.5114101813926273
0.6349090909090909,0.510825043885313
0.6346433770014556,0.5102399063779989
0.6343772760378733,0.5096547688706846
0.6348396501457726,0.5096547688706846
0.6345733041575492,0.5090696313633704
0.6343065693430657,0.5084844938560562
0.6340394448502557,0.507899356348742
0.6337719298245614,0.5073142188414277
0.6335040234089246,0.5067290813341135
0.6332357247437774,0.5061439438267993
0.6329670329670329,0.5055588063194851
0.6326979472140762,0.5049736688121709
0.6318883174136665,0.5032182562902282
0.6316176470588235,0.502633118782914
0.6313465783664459,0.5020479812755998
0.6318114874815906,0.5020479812755998
0.6315401621223287,0.5014628437682855
0.6320058997050148,0.5014628437682855
0.6317343173431734,0.5008777062609713
0.6314623338257016,0.5002925687536571
0.631189948263119,0.49970743124634287
0.6309171597633136,0.49912229373902867
0.6313841598815693,0.49912229373902867
0.6318518518518519,0.49912229373902867
0.631578947368421,0.49853715623171446
0.6320474777448071,0.49853715623171446
0.6317743132887899,0.49795201872440026
0.6315007429420505,0.497366881217086
0.6312267657992565,0.4967817437097718
0.6316964285714286,0.4967817437097718
0.6314221891288161,0.4961966062024576
0.6311475409836066,0.49561146869514333
0.6316181953765846,0.49561146869514333
0.6313432835820896,0.4950263311878291
0.6310679611650486,0.4944411936805149
0.6315396113602392,0.4944411936805149
0.631264023934181,0.4938560561732007
0.6309880239520959,0.49327091866588646
0.6307116104868914,0.49268578115857226
0.631184407796102,0.49268578115857226
0.6309077269317329,0.49210064365125805
0.6313813813813813,0.49210064365125805
0.6311044327573253,0.49151550614394385
0.630827067669173,0.4909303686366296
0.6305492851768246,0.4903452311293154
0.6310240963855421,0.4903452311293154
0.6307460437076111,0.4897600936220012
0.6312217194570136,0.4897600936220012
0.630943396226415,0.489174956114687
0.6314199395770392,0.489174956114687
0.6311413454270597,0.4885898186073727
0.6308623298033282,0.4880046811000585
0.6305828917486752,0.4874195435927443
0.6303030303030303,0.48683440608543005
0.6307808946171342,0.48683440608543005
0.6312594840667678,0.48683440608543005
0.6317388003037205,0.48683440608543005
0.6314589665653495,0.48624926857811585
0.6311787072243346,0.48566413107080164
0.6308980213089802,0.48507899356348744
0.6303353658536586,0.483908718548859
0.6300533943554538,0.48332358104154477
0.6297709923664122,0.48273844353423057
0.6302521008403361,0.48273844353423057
0.6299694189602446,0.4821533060269163
0.6294027565084227,0.4809830310122879
0.6291187739463602,0.4803978935049737
0.6288343558282209,0.47981275599765943
0.6293169608595549,0.47981275599765943
0.6287471176018448,0.478642480983031
0.6284615384615385,0.47805734347571677
0.6278890600924499,0.47688706846108836
0.6273148148148148,0.4757167934464599
0.6270270270270271,0.4751316559391457
0.6267387944358578,0.4745465184318315
0.6264501160092807,0.4739613809245173
0.6269349845201239,0.4739613809245173
0.6266460108443067,0.473376243417203
0.6263565891472869,0.4727911059098888
0.626066718386346,0.4722059684025746
0.6257763975155279,0.4716208308952604
0.6254856254856255,0.47103569338794615
0.6259720062208398,0.47103569338794615
0.6256809338521401,0.47045055588063195
0.6261682242990654,0.47045055588063195
0.6258768511301637,0.46986541837331774
0.6263650546021841,0.46986541837331774
0.6260733801717409,0.4692802808660035
0.62578125,0.4686951433586893
0.6254886630179828,0.4681100058513751
0.6246081504702194,0.4663545933294324
0.6250980392156863,0.4663545933294324
0.6255886970172685,0.4663545933294324
0.6260801256873527,0.4663545933294324
0.6257861635220126,0.4657694558221182
0.6254917387883556,0.465184318314804
0.6251968503937008,0.46459918080748974
0.6243093922651933,0.46284376828554713
0.6248025276461295,0.46284376828554713
0.6245059288537549,0.46225863077823287
0.625,0.46225863077823287
0.6247030878859857,0.46167349327091867
0.6235107227958697,0.4593329432416618
0.6229116945107399,0.45816266822703333
0.6223107569721116,0.4569923932124049
0.6220095693779905,0.4564072557050907
0.62170790103751,0.45582211819777646
0.6222044728434505,0.45582211819777646
0.6227018385291767,0.45582211819777646
0.622097678142514,0.45465184318314805
0.6217948717948718,0.45406670567583385
0.6214915797914996,0.4534815681685196
0.6219903691813804,0.4534815681685196
0.6216867469879518,0.4528964306612054
0.6221864951768489,0.4528964306612054
0.6218825422365245,0.4523112931538912
0.6209677419354839,0.4505558806319485
0.6214689265536724,0.4505558806319485
0.6219709208400647,0.4505558806319485
0.6213592233009708,0.44938560561732005
0.6210526315789474,0.44880046811000585
0.6215559157212318,0.44880046811000585
0.6203252032520326,0.446459918080749
0.6200162733930025,0.44587478057343477
0.6205211726384365,0.44587478057343477
0.6210268948655256,0.44587478057343477
0.6207177814029364,0.4452896430661205
0.6200980392156863,0.4441193680514921
0.6197874080130826,0.4435342305441779
0.6202945990180033,0.4435342305441779
0.61998361998362,0.44294909303686364
0.6196721311475409,0.44236395552954944
0.6193601312551271,0.44177881802223523
0.6198686371100164,0.44177881802223523
0.6192434210526315,0.44060854300760677
0.6189300411522634,0.44002340550029256
0.6194398682042833,0.44002340550029256
0.6191261335531739,0.43943826799297836
0.6188118811881188,0.43885313048566416
0.6193228736581338,0.43885313048566416
0.618693134822167,0.4376828554710357
0.6174273858921162,0.4353423054417788
0.617109634551495,0.4347571679344646
0.6176226101413134,0.4347571679344646
0.6173044925124792,0.43417203042715036
0.6169858451290591,0.43358689291983615
0.6166666666666667,0.43300175541252195
0.6171809841534612,0.43300175541252195
0.6168614357262103,0.43241661790520775
0.6165413533834586,0.4318314803978935
0.617056856187291,0.4318314803978935
0.6175732217573222,0.4318314803978935
0.6180904522613065,0.4318314803978935
0.6186085498742665,0.4318314803978935
0.6191275167785235,0.4318314803978935
0.6196473551637279,0.4318314803978935
0.619327731092437,0.4312463428905793
0.6183656276326874,0.4294909303686366
0.6188870151770658,0.4294909303686366
0.6185654008438819,0.4289057928613224
0.6190878378378378,0.4289057928613224
0.6196111580726965,0.4289057928613224
0.6201353637901861,0.4289057928613224
0.6206604572396275,0.4289057928613224
0.6211864406779661,0.4289057928613224
0.6208651399491094,0.4283206553540082
0.6205432937181664,0.42773551784669395
0.6202209005947323,0.42715038033937974
0.6198979591836735,0.42656524283206554
0.6204255319148936,0.42656524283206554
0.620954003407155,0.42656524283206554
0.6214833759590793,0.42656524283206554
0.621160409556314,0.42598010532475133
0.6208368915456874,0.4253949678174371
0.6205128205128205,0.42480983031012287
0.6201881950384944,0.42422469280280867
0.6207191780821918,0.42422469280280867
0.6212510711225364,0.42422469280280867
0.6217838765008576,0.42422469280280867
0.6223175965665236,0.42422469280280867
0.622852233676976,0.42422469280280867
0.6233877901977644,0.42422469280280867
0.6239242685025818,0.42422469280280867
0.6236003445305771,0.42363955529549446
0.6232758620689656,0.4230544177881802
0.6238136324417601,0.4230544177881802
0.6234887737478411,0.422469280280866
0.6240276577355229,0.422469280280866
0.6237024221453287,0.4218841427735518
0.6242424242424243,0.4218841427735518
0.6247833622183708,0.4218841427735518
0.6244579358196011,0.4212990052662376
0.6241319444444444,0.42071386775892333
0.6238053866203301,0.42012873025160913
0.6234782608695653,0.4195435927442949
0.622822299651568,0.41837331772966646
0.6224934612031386,0.41778818022235226
0.6221640488656196,0.41720304271503805
0.622707423580786,0.41720304271503805
0.6237970253718286,0.41720304271503805
0.6234676007005254,0.4166179052077238
0.6231375985977213,0.4160327677004096
0.6224758560140474,0.4148624926857812
0.6221441124780316,0.4142773551784669
0.6218117854001759,0.4136922176711527
0.6214788732394366,0.4131070801638385
0.6211453744493393,0.4125219426565243
0.6216931216931217,0.4125219426565243
0.6213592233009708,0.41193680514921005
0.6219081272084805,0.41193680514921005
0.6224580017683466,0.41193680514921005
0.6221238938053097,0.41135166764189585
0.6217891939769707,0.41076653013458164
0.6211180124223602,0.4095962551199532
0.6216696269982238,0.4095962551199532
0.6213333333333333,0.409011117612639
0.6218861209964412,0.409011117612639
0.6215494211932324,0.40842598010532477
0.6212121212121212,0.4078408425980105
0.6208742194469223,0.4072557050906963
0.6201966041108132,0.4060854300760679
0.6207513416815742,0.4060854300760679
0.621307072515667,0.4060854300760679
0.6218637992831542,0.4060854300760679
0.6211849192100538,0.40491515506143944
0.6217430368373764,0.40491515506143944
0.6214028776978417,0.40433001755412523
0.6210621062106211,0.403744880046811
0.6216216216216216,0.403744880046811
0.6212804328223624,0.40315974253949677
0.6209386281588448,0.40257460503218256
0.6205962059620597,0.40198946752486836
0.620253164556962,0.4014043300175541
0.6208144796380091,0.4014043300175541
0.6213768115942029,0.4014043300175541
0.6206896551724138,0.4002340550029257
0.62,0.39906377998829723
0.6196542311191993,0.398478642480983
0.6193078324225865,0.3978935049736688
0.6189608021877848,0.3973083674663546
0.6195255474452555,0.3973083674663546
0.6188299817184644,0.39613809245172615
0.6184812442817932,0.39555295494441195
0.6190476190476191,0.39555295494441195
0.618698441796517,0.39496781743709775
0.618348623853211,0.3943826799297835
0.6179981634527089,0.3937975424224693
0.6176470588235294,0.3932124049151551
0.6172953081876725,0.3926272674078408
0.6169429097605893,0.3920421299005266
0.616589861751152,0.3914569923932124
0.6162361623616236,0.3908718548858982
0.6155268022181146,0.38970157987126974
0.6144578313253012,0.3879461673493271
0.6150278293135436,0.3879461673493271
0.6146703806870938,0.38736102984201287
0.6143122676579925,0.38677589233469867
0.6139534883720931,0.3861907548273844
0.6135940409683427,0.3856056173200702
0.6132339235787512,0.385020479812756
0.6138059701492538,0.385020479812756
0.6134453781512605,0.3844353423054418
0.6130841121495327,0.38385020479812754
0.6127221702525725,0.38326506729081333
0.6132958801498127,0.38326506729081333
0.612933458294283,0.38267992978349913
0.6135084427767354,0.38267992978349913
0.6140845070422535,0.38267992978349913
0.6146616541353384,0.38267992978349913
0.6142991533396049,0.3820947922761849
0.6148775894538606,0.3820947922761849
0.6145146088595664,0.38150965476887067
0.6150943396226415,0.38150965476887067
0.6143667296786389,0.38033937975424226
0.6136363636363636,0.3791691047396138
0.6132701421800948,0.3785839672322996
0.6138519924098672,0.3785839672322996
0.6134852801519468,0.3779988297249854
0.6131178707224335,0.3774136922176711
0.6127497621313035,0.3768285547103569
0.6120114394661582,0.3756582796957285
0.6116412213740458,0.37507314218841425
0.6112702960840497,0.37448800468110005
0.6118546845124283,0.37448800468110005
0.6114832535885167,0.37390286717378585
0.6120689655172413,0.37390286717378585
0.6116970278044104,0.37331772966647164
0.6113243761996161,0.3727325921591574
0.611911623439001,0.3727325921591574
0.6125,0.3727325921591574
0.6130895091434071,0.3727325921591574
0.6136801541425819,0.3727325921591574
0.6133076181292189,0.3721474546518432
0.6138996138996139,0.3721474546518432
0.6144927536231884,0.3721474546518432
0.6133720930232558,0.3703920421299005
0.6139670223084384,0.3703920421299005
0.6145631067961165,0.3703920421299005
0.6138132295719845,0.3692217671152721
0.6130604288499025,0.36805149210064364
0.6126829268292683,0.36746635459332944
0.61328125,0.36746635459332944
0.6125244618395304,0.366296079578701
0.6121449559255632,0.36571094207138677
0.611764705882353,0.36512580456407256
0.6123650637880275,0.36512580456407256
0.611984282907662,0.36454066705675836
0.6116027531956736,0.3639555295494441
0.6122047244094488,0.3639555295494441
0.6118226600985222,0.3633703920421299
0.611439842209073,0.3627852545348157
0.6120434353405726,0.3627852545348157
0.6132542037586548,0.3627852545348157
0.6138613861386139,0.3627852545348157
0.6144697720515362,0.3627852545348157
0.6150793650793651,0.3627852545348157
0.6146971201588878,0.3622001170275015
0.6153081510934394,0.3622001170275015
0.6149253731343284,0.36161497952018723
0.6155378486055777,0.36161497952018723
0.6151545363908275,0.361029842012873
0.6147704590818364,0.3604447045055588
0.6153846153846154,0.3604447045055588
0.616,0.3604447045055588
0.6156156156156156,0.35985956699824456
0.6162324649298597,0.35985956699824456
0.6158475426278837,0.35927442949093036
0.6164658634538153,0.35927442949093036
0.6160804020100502,0.35868929198361615
0.6167002012072434,0.35868929198361615
0.6173212487411883,0.35868929198361615
0.6179435483870968,0.35868929198361615
0.6185671039354188,0.35868929198361615
0.6181818181818182,0.35810415447630195
0.6177957532861477,0.3575190169689877
0.6174089068825911,0.3569338794616735
0.6180344478216818,0.3569338794616735
0.6186612576064908,0.3569338794616735
0.6192893401015228,0.3569338794616735
0.6189024390243902,0.3563487419543593
0.6195320447609359,0.3563487419543593
0.620162932790224,0.3563487419543593
0.6193877551020408,0.3551784669397308
0.6200204290091931,0.3551784669397308
0.6196319018404908,0.3545933294324166
0.6202661207778914,0.3545933294324166
0.6209016393442623,0.3545933294324166
0.6215384615384615,0.3545933294324166
0.62217659137577,0.3545933294324166
0.6228160328879754,0.3545933294324166
0.6234567901234568,0.3545933294324166
0.6230690010298661,0.3540081919251024
0.622680412371134,0.3534230544177882
0.6222910216718266,0.35283791691047395
0.6229338842975206,0.35283791691047395
0.6235780765253361,0.35283791691047395
0.6242236024844721,0.35283791691047395
0.6234439834024896,0.35166764189584554
0.6240913811007269,0.35166764189584554
0.6247401247401247,0.35166764189584554
0.6253902185223725,0.35166764189584554
0.6246089676746611,0.3504973668812171
0.6252609603340292,0.3504973668812171
0.6248693834900731,0.34991222937390287
0.6255230125523012,0.34991222937390287
0.625130890052356,0.34932709186658867
0.6247379454926625,0.3487419543592744
0.6253934942287513,0.3487419543592744
0.625,0.3481568168519602
0.6246056782334385,0.347571679344646
0.6252631578947369,0.347571679344646
0.6259220231822972,0.347571679344646
0.6265822784810127,0.347571679344646
0.6272439281942978,0.347571679344646
0.6268498942917548,0.3469865418373318
0.6275132275132275,0.3469865418373318
0.6271186440677966,0.34640140433001754
0.6267232237539767,0.34581626682270333
0.6263269639065817,0.34523112931538913
0.6269925611052072,0.34523112931538913
0.6265957446808511,0.3446459918080749
0.6261980830670927,0.34406085430076067
0.6257995735607675,0.34347571679344646
0.6254002134471718,0.34289057928613226
0.625,0.342305441778818
0.6256684491978609,0.342305441778818
0.6252676659528907,0.3417203042715038
0.6259378349410504,0.3417203042715038
0.6255364806866953,0.3411351667641896
0.6262083780880774,0.3411351667641896
0.6258064516129033,0.3405500292568754
0.6264800861141012,0.3405500292568754
0.6260775862068966,0.3399648917495611
0.6256742179072277,0.3393797542422469
0.6263498920086393,0.3393797542422469
0.625945945945946,0.3387946167349327
0.6266233766233766,0.3387946167349327
0.6262188515709642,0.3382094792276185
0.6268980477223427,0.3382094792276185
0.6260869565217392,0.33703920421299005
0.6256800870511425,0.33645406670567585
0.6252723311546841,0.3358689291983616
0.6248636859323882,0.3352837916910474
0.6244541484716157,0.3346986541837332
0.6251366120218579,0.3346986541837332
0.62472647702407,0.334113516676419
0.624315443592552,0.3335283791691047
0.6239035087719298,0.3329432416617905
0.6245883644346871,0.3329432416617905
0.6252747252747253,0.3329432416617905
0.6259625962596259,0.3329432416617905
0.6255506607929515,0.3323581041544763
0.6251378169790518,0.3317729666471621
0.6247240618101545,0.33118782913984784
0.6243093922651933,0.33060269163253364
0.6238938053097345,0.33001755412521944
0.6245847176079734,0.33001755412521944
0.6241685144124168,0.32943241661790523
0.6237513873473918,0.328847279110591
0.6244444444444445,0.328847279110591
0.625139043381535,0.328847279110591
0.6258351893095768,0.328847279110591
0.6254180602006689,0.32826214160327677
0.6261160714285714,0.32826214160327677
0.6256983240223464,0.32767700409596257
0.6252796420581656,0.3270918665886483
0.6240179573512907,0.3253364540667057
0.6235955056179775,0.32475131655939143
0.6242969628796401,0.32475131655939143
0.625,0.32475131655939143
0.6257046223224352,0.32475131655939143
0.6252821670428894,0.32416617905207723
0.6259887005649718,0.32416617905207723
0.6255656108597285,0.323581041544763
0.6242905788876277,0.32182562902282036
0.625,0.32182562902282036
0.6257110352673493,0.32182562902282036
0.6264236902050114,0.32182562902282036
0.6271379703534777,0.32182562902282036
0.6278538812785388,0.32182562902282036
0.6274285714285714,0.32124049151550615
0.6270022883295194,0.32065535400819195
0.6261467889908257,0.3194850789935635
0.6257175660160735,0.3188999414862493
0.6264367816091954,0.3188999414862493
0.6271576524741082,0.3188999414862493
0.6278801843317973,0.3188999414862493
0.6274509803921569,0.318314803978935
0.6270207852193995,0.3177296664716208
0.6277456647398844,0.3177296664716208
0.6284722222222222,0.3177296664716208
0.6280417149478563,0.3171445289643066
0.6276102088167054,0.3165593914569924
0.6283391405342624,0.3165593914569924
0.627906976744186,0.31597425394967815
0.6274738067520372,0.31538911644236395
0.6282051282051282,0.31538911644236395
0.6289381563593932,0.31538911644236395
0.6296728971962616,0.31538911644236395
0.6292397660818714,0.31480397893504974
0.6288056206088993,0.31421884142773554
0.6295427901524033,0.31421884142773554
0.6291079812206573,0.3136337039204213
0.6298472385428907,0.3136337039204213
0.6305882352941177,0.3136337039204213
0.6313309776207303,0.3136337039204213
0.6308962264150944,0.3130485664131071
0.6304604486422668,0.3124634289057929
0.6312056737588653,0.3124634289057929
0.6319526627218935,0.3124634289057929
0.631079478054567,0.3112931538911644
0.6306413301662708,0.3107080163838502
0.6302021403091558,0.310122878876536
0.6297619047619047,0.30953774136922174
0.6305125148986889,0.30953774136922174
0.6312649164677804,0.30953774136922174
0.6320191158900836,0.30953774136922174
0.6311377245508982,0.30836746635459333
0.63189448441247,0.30836746635459333
0.631452581032413,0.30778232884727913
0.6322115384615384,0.30778232884727913
0.6329723225030084,0.30778232884727913
0.6337349397590362,0.30778232884727913
0.6332931242460796,0.30719719133996487
0.6328502415458938,0.30661205383265067
0.6324062877871826,0.30602691632533646
0.6331719128329297,0.30602691632533646
0.6339393939393939,0.30602691632533646
0.633495145631068,0.30544177881802226
0.6342648845686513,0.30544177881802226
0.6338199513381995,0.304856641310708
0.6345919610231425,0.304856641310708
0.6353658536585366,0.304856641310708
0.6349206349206349,0.3042715038033938
0.6344743276283619,0.3036863662960796
0.6340269277845777,0.3031012287887654
0.633578431372549,0.3025160912814511
0.6343558282208589,0.3025160912814511
0.6339066339066339,0.3019309537741369
0.6334563345633456,0.3013458162668227
0.6330049261083743,0.30076067875950846
0.6337854500616523,0.30076067875950846
0.6333333333333333,0.30017554125219426
0.6341161928306551,0.30017554125219426
0.6336633663366337,0.29959040374488005
0.6344485749690211,0.29959040374488005
0.6339950372208437,0.29900526623756585
0.6335403726708074,0.2984201287302516
0.6343283582089553,0.2984201287302516
0.635118306351183,0.2984201287302516
0.6346633416458853,0.2978349912229374
0.6354556803995006,0.2978349912229374
0.635,0.2972498537156232
0.6345431789737171,0.296664716208309
0.6340852130325815,0.2960795787009947
0.6348808030112923,0.2960795787009947
0.6344221105527639,0.2954944411936805
0.6339622641509434,0.2949093036863663
0.6347607052896725,0.2949093036863663
0.6355611601513241,0.2949093036863663
0.63510101010101,0.2943241661790521
0.6346396965865992,0.29373902867173785
0.6354430379746835,0.29373902867173785
0.6362484157160964,0.29373902867173785
0.6370558375634517,0.29373902867173785
0.6378653113087674,0.29373902867173785
0.638676844783715,0.29373902867173785
0.6382165605095541,0.29315389116442364
0.639030612244898,0.29315389116442364
0.6385696040868455,0.29256875365710944
0.639386189258312,0.29256875365710944
0.6402048655569782,0.29256875365710944
0.6410256410256411,0.29256875365710944
0.6418485237483954,0.29256875365710944
0.6426735218508998,0.29256875365710944
0.6422136422136422,0.2919836161497952
0.6430412371134021,0.2919836161497952
0.6438709677419355,0.2919836161497952
0.6447028423772609,0.2919836161497952
0.6455368693402329,0.2919836161497952
0.6450777202072538,0.291398478642481
0.6459143968871596,0.291398478642481
0.6467532467532467,0.291398478642481
0.64629388816645,0.29081334113516677
0.6471354166666666,0.29081334113516677
0.6466753585397653,0.29022820362785257
0.6475195822454308,0.29022820362785257
0.6470588235294118,0.2896430661205383
0.6479057591623036,0.2896430661205383
0.6474442988204456,0.2890579286132241
0.6482939632545932,0.2890579286132241
0.6478318002628121,0.2884727911059099
0.6486842105263158,0.2884727911059099
0.6482213438735178,0.2878876535985957
0.6477572559366754,0.28730251609128143
0.6486129458388376,0.28730251609128143
0.6481481481481481,0.28671737858396723
0.6490066225165563,0.28671737858396723
0.648074369189907,0.28554710356933877
0.648936170212766,0.28554710356933877
0.6484687083888149,0.28496196606202456
0.6493333333333333,0.28496196606202456
0.650200267022697,0.28496196606202456
0.6510695187165776,0.28496196606202456
0.6506024096385542,0.28437682855471036
0.6501340482573726,0.28379169104739616
0.6510067114093959,0.28379169104739616
0.6505376344086021,0.2832065535400819
0.6514131897711979,0.2832065535400819
0.6522911051212938,0.2832065535400819
0.6513513513513514,0.2820362785254535
0.6508795669824087,0.2814511410181393
0.6517615176151762,0.2814511410181393
0.6526458616010855,0.2814511410181393
0.6517006802721088,0.2802808660035108
0.6525885558583107,0.2802808660035108
0.6534788540245566,0.2802808660035108
0.6543715846994536,0.2802808660035108
0.6538987688098495,0.2796957284961966
0.6547945205479452,0.2796957284961966
0.6556927297668038,0.2796957284961966
0.6552197802197802,0.2791105909888824
0.6547455295735901,0.27852545348156815
0.6556473829201102,0.27852545348156815
0.6565517241379311,0.27852545348156815
0.6574585635359116,0.27852545348156815
0.6583679114799447,0.27852545348156815
0.6578947368421053,0.27794031597425395
0.6588072122052705,0.27794031597425395
0.6597222222222222,0.27794031597425395
0.6606397774687065,0.27794031597425395
0.6615598885793872,0.27794031597425395
0.6610878661087866,0.27735517846693974
0.6620111731843575,0.27735517846693974
0.6629370629370629,0.27735517846693974
0.6638655462184874,0.27735517846693974
0.664796633941094,0.27735517846693974
0.6657303370786517,0.27735517846693974
0.6666666666666666,0.27735517846693974
0.6676056338028169,0.27735517846693974
0.6685472496473907,0.27735517846693974
0.6661931818181818,0.2744294909303686
0.6671408250355618,0.2744294909303686
0.6680911680911681,0.2744294909303686
0.6690442225392297,0.2744294909303686
0.67,0.2744294909303686
0.670958512160229,0.2744294909303686
0.671919770773639,0.2744294909303686
0.672883787661406,0.2744294909303686
0.6724137931034483,0.2738443534230544
0.6719424460431654,0.2732592159157402
0.6729106628242075,0.2732592159157402
0.6719653179190751,0.27208894090111174
0.6729377713458755,0.27208894090111174
0.672463768115942,0.27150380339379754
0.6734397677793904,0.27150380339379754
0.6729651162790697,0.27091866588648333
0.6739446870451238,0.27091866588648333
0.6749271137026239,0.27091866588648333
0.6744525547445256,0.27033352837916913
0.6754385964912281,0.27033352837916913
0.6764275256222547,0.27033352837916913
0.6759530791788856,0.26974839087185487
0.6754772393538914,0.26916325336454067
0.6764705882352942,0.26916325336454067
0.6759941089837997,0.26857811585722646
0.6755162241887905,0.2679929783499122
0.6750369276218612,0.267407840842598
0.6745562130177515,0.2668227033352838
0.674074074074074,0.2662375658279696
0.6735905044510386,0.26565242832065533
0.674591381872214,0.26565242832065533
0.6741071428571429,0.2650672908133411
0.6736214605067065,0.2644821533060269
0.672645739910314,0.26331187829139846
0.6711711711711712,0.26155646576945585
0.6721804511278195,0.26155646576945585
0.6716867469879518,0.2609713282621416
0.6726998491704375,0.2609713282621416
0.6737160120845922,0.2609713282621416
0.6747352496217852,0.2609713282621416
0.6757575757575758,0.2609713282621416
0.6767830045523521,0.2609713282621416
0.6778115501519757,0.2609713282621416
0.6773211567732116,0.2603861907548274
0.676829268292683,0.2598010532475132
0.6778625954198473,0.2598010532475132
0.6788990825688074,0.2598010532475132
0.678407350689127,0.2592159157401989
0.6794478527607362,0.2592159157401989
0.6804915514592934,0.2592159157401989
0.6815384615384615,0.2592159157401989
0.6825885978428351,0.2592159157401989
0.6820987654320988,0.2586307782328847
0.6831530139103554,0.2586307782328847
0.6842105263157895,0.2586307782328847
0.6852713178294574,0.2586307782328847
0.6863354037267081,0.2586307782328847
0.6858475894245724,0.2580456407255705
0.6869158878504673,0.2580456407255705
0.6879875195007801,0.2580456407255705
0.6890625,0.2580456407255705
0.6901408450704225,0.2580456407255705
0.6896551724137931,0.2574605032182563
0.6907378335949764,0.2574605032182563
0.6918238993710691,0.2574605032182563
0.6929133858267716,0.2574605032182563
0.694006309148265,0.2574605032182563
0.6951026856240127,0.2574605032182563
0.6962025316455697,0.2574605032182563
0.6973058637083994,0.2574605032182563
0.6968253968253968,0.25687536571094205
0.6979332273449921,0.25687536571094205
0.697452229299363,0.25629022820362785
0.6985645933014354,0.25629022820362785
0.6996805111821086,0.25629022820362785
0.7008,0.25629022820362785
0.7019230769230769,0.25629022820362785
0.7030497592295345,0.25629022820362785
0.702572347266881,0.25570509069631364
0.7020933977455717,0.25511995318899944
0.7032258064516129,0.25511995318899944
0.7027463651050081,0.2545348156816852
0.7038834951456311,0.2545348156816852
0.7014681892332789,0.2516091281451141
0.7,0.24985371562317144
0.7011494252873564,0.24985371562317144
0.7006578947368421,0.24926857811585723
0.700164744645799,0.248683440608543
0.6996699669966997,0.2480983031012288
0.6991735537190082,0.24751316559391456
0.6986754966887417,0.24692802808660036
0.6981757877280266,0.24634289057928613
0.6993355481727574,0.24634289057928613
0.7004991680532446,0.24634289057928613
0.7016666666666667,0.24634289057928613
0.7028380634390651,0.24634289057928613
0.7040133779264214,0.24634289057928613
0.7051926298157454,0.24634289057928613
0.7063758389261745,0.24634289057928613
0.7075630252100841,0.24634289057928613
0.7087542087542088,0.24634289057928613
0.7099494097807757,0.24634289057928613
0.7111486486486487,0.24634289057928613
0.7123519458544839,0.24634289057928613
0.7135593220338983,0.24634289057928613
0.7130730050933786,0.24575775307197192
0.7120954003407155,0.2445874780573435
0.7133105802047781,0.2445874780573435
0.7128205128205128,0.24400234055002926
0.7123287671232876,0.24341720304271502
0.7135506003430532,0.24341720304271502
0.7147766323024055,0.24341720304271502
0.7160068846815835,0.24341720304271502
0.7172413793103448,0.24341720304271502
0.7167530224525043,0.24283206553540082
0.7162629757785467,0.2422469280280866
0.7157712305025996,0.24166179052077238
0.7170138888888888,0.24166179052077238
0.7182608695652174,0.24166179052077238
0.7172774869109948,0.24049151550614395
0.7167832167832168,0.23990637799882972
0.7180385288966725,0.23990637799882972
0.7175438596491228,0.2393212404915155
0.7170474516695958,0.23873610298420128
0.7165492957746479,0.23815096547688708
0.7160493827160493,0.23756582796957285
0.7173144876325088,0.23756582796957285
0.7185840707964601,0.23756582796957285
0.7198581560283688,0.23756582796957285
0.7193605683836589,0.23698069046225864
0.7206405693950177,0.23698069046225864
0.7201426024955436,0.2363955529549444
0.7196428571428571,0.2358104154476302
0.7186379928315412,0.23464014043300174
0.718132854578097,0.23405500292568754
0.7176258992805755,0.2334698654183733
0.7189189189189189,0.2334698654183733
0.7184115523465704,0.2328847279110591
0.7179023508137432,0.23229959040374487
0.717391304347826,0.23171445289643067
0.7168784029038112,0.23112931538911644
0.7163636363636363,0.23054417788180223
0.7158469945355191,0.229959040374488
0.7171532846715328,0.229959040374488
0.716636197440585,0.2293739028671738
0.7161172161172161,0.22878876535985956
0.7140221402214022,0.2264482153306027
0.7153419593345656,0.2264482153306027
0.7148148148148148,0.22586307782328846
0.7142857142857143,0.22527794031597426
0.7137546468401487,0.22469280280866002
0.7150837988826816,0.22469280280866002
0.7145522388059702,0.22410766530134582
0.7158878504672898,0.22410766530134582
0.7153558052434457,0.2235225277940316
0.7148217636022514,0.22293739028671739
0.7161654135338346,0.22293739028671739
0.7175141242937854,0.22293739028671739
0.7169811320754716,0.22235225277940315
0.7164461247637051,0.22176711527208895
0.7178030303030303,0.22176711527208895
0.7172675521821632,0.22118197776477472
0.7167300380228137,0.2205968402574605
0.7161904761904762,0.22001170275014628
0.7175572519083969,0.22001170275014628
0.7170172084130019,0.21942656524283208
0.7164750957854407,0.21884142773551785
0.7153846153846154,0.2176711527208894
0.7148362235067437,0.21708601521357518
0.7142857142857143,0.21650087770626097
0.7137330754352031,0.21591574019894674
0.7151162790697675,0.21591574019894674
0.7145631067961165,0.21533060269163254
0.7159533073929961,0.21533060269163254
0.7153996101364523,0.2147454651843183
0.716796875,0.2147454651843183
0.7162426614481409,0.2141603276770041
0.7156862745098039,0.21357519016968987
0.7151277013752456,0.21299005266237567
0.7165354330708661,0.21299005266237567
0.7159763313609467,0.21240491515506144
0.7154150197628458,0.21181977764774723
0.7148514851485148,0.211234640140433
0.7142857142857143,0.2106495026331188
0.7157057654075547,0.2106495026331188
0.7151394422310757,0.21006436512580456
0.7145708582834331,0.20947922761849033
0.714,0.20889409011117613
0.7134268537074149,0.2083089526038619
0.7128514056224899,0.2077238150965477
0.7122736418511066,0.20713867758923346
0.7116935483870968,0.20655354008191926
0.7111111111111111,0.20596840257460503
0.7105263157894737,0.20538326506729082
0.7119675456389453,0.20538326506729082
0.7113821138211383,0.2047981275599766
0.7107942973523421,0.20421299005266239
0.7122448979591837,0.20421299005266239
0.7116564417177914,0.20362785254534815
0.7110655737704918,0.20304271503803395
0.7104722792607803,0.20245757753071972
0.7119341563786008,0.20245757753071972
0.7134020618556701,0.20245757753071972
0.7122153209109731,0.20128730251609128
0.7110187110187111,0.20011702750146285
0.7104166666666667,0.19953188999414861
0.7118997912317327,0.19953188999414861
0.710691823899371,0.19836161497952018
0.7121848739495799,0.19836161497952018
0.7115789473684211,0.19777647747220597
0.7109704641350211,0.19719133996489174
0.7103594080338267,0.19660620245757754
0.7097457627118644,0.1960210649502633
0.7091295116772823,0.1954359274429491
0.7106382978723405,0.1954359274429491
0.7100213219616205,0.19485078993563487
0.7115384615384616,0.19485078993563487
0.7130620985010707,0.19485078993563487
0.7145922746781116,0.19485078993563487
0.7139784946236559,0.19426565242832067
0.7155172413793104,0.19426565242832067
0.7142857142857143,0.1930953774136922
0.7136659436008677,0.192510239906378
0.7152173913043478,0.192510239906378
0.7167755991285403,0.192510239906378
0.7161572052401747,0.19192510239906377
0.7155361050328227,0.19133996489174956
0.7171052631578947,0.19133996489174956
0.7164835164835165,0.19075482738443533
0.7158590308370044,0.19016968987712113
0.7152317880794702,0.1895845523698069
0.7146017699115044,0.1889994148624927
0.7161862527716186,0.1889994148624927
0.7155555555555555,0.18841427735517846
0.7171492204899778,0.18841427735517846
0.71875,0.18841427735517846
0.7181208053691275,0.18782913984786426
0.7174887892376681,0.18724400234055003
0.7168539325842697,0.18665886483323582
0.7162162162162162,0.1860737273259216
0.7142857142857143,0.18431831480397892
0.7116704805491991,0.18197776477472205
0.7110091743119266,0.18139262726740785
0.7103448275862069,0.18080748976009361
0.7096774193548387,0.1802223522527794
0.7083333333333334,0.17905207723815098
0.7099767981438515,0.17905207723815098
0.7093023255813954,0.17846693973083674
0.7079439252336449,0.1772966647162083
0.7096018735362998,0.1772966647162083
0.7082352941176471,0.17612638970157987
0.7099056603773585,0.17612638970157987
0.7115839243498818,0.17612638970157987
0.7132701421800948,0.17612638970157987
0.7125890736342043,0.17554125219426564
0.7119047619047619,0.17495611468695144
0.711217183770883,0.1743709771796372
0.7105263157894737,0.173785839672323
0.709832134292566,0.17320070216500877
0.708433734939759,0.17203042715038033
0.7101449275362319,0.17203042715038033
0.7094430992736077,0.17144528964306613
0.7087378640776699,0.1708601521357519
0.708029197080292,0.1702750146284377
0.7073170731707317,0.16968987712112346
0.7090464547677262,0.16968987712112346
0.7107843137254902,0.16968987712112346
0.7125307125307125,0.16968987712112346
0.7142857142857143,0.16968987712112346
0.7135802469135802,0.16910473961380926
0.7153465346534653,0.16910473961380926
0.7146401985111662,0.16851960210649503
0.713216957605985,0.1673493270918666
0.7125,0.16676418958455236
0.7142857142857143,0.16676418958455236
0.7121212121212122,0.16500877706260972
0.7139240506329114,0.16500877706260972
0.7157360406091371,0.16500877706260972
0.7142857142857143,0.16383850204798128
0.7161125319693095,0.16383850204798128
0.7153846153846154,0.16325336454066705
0.7172236503856041,0.16325336454066705
0.7164948453608248,0.16266822703335285
0.7183462532299741,0.16266822703335285
0.7176165803108808,0.16208308952603862
0.7168831168831169,0.1614979520187244
0.7161458333333334,0.16091281451141018
0.7180156657963447,0.16091281451141018
0.7172774869109948,0.16032767700409598
0.7165354330708661,0.15974253949678174
0.7150395778364116,0.1585722644821533
0.7142857142857143,0.15798712697483908
0.713527851458886,0.15740198946752487
0.712,0.15623171445289644
0.7112299465240641,0.1556465769455822
0.7131367292225201,0.1556465769455822
0.7150537634408602,0.1556465769455822
0.7142857142857143,0.155061439438268
0.7135135135135136,0.15447630193095377
0.7154471544715447,0.15447630193095377
0.7146739130434783,0.15389116442363956
0.7138964577656676,0.15330602691632533
0.7131147540983607,0.15272088940901113
0.7150684931506849,0.15272088940901113
0.7142857142857143,0.1521357519016969
0.7134986225895317,0.1515506143943827
0.7154696132596685,0.1515506143943827
0.7146814404432132,0.15096547688706846
0.7138888888888889,0.15038033937975423
0.713091922005571,0.14979520187244003
0.7150837988826816,0.14979520187244003
0.7142857142857143,0.1492100643651258
0.7134831460674157,0.1486249268578116
0.7154929577464789,0.1486249268578116
0.7146892655367232,0.14803978935049736
0.7138810198300283,0.14745465184318315
0.7130681818181818,0.14686951433586892
0.7122507122507122,0.14628437682855472
0.7114285714285714,0.1456992393212405
0.7106017191977078,0.14511410181392628
0.7126436781609196,0.14511410181392628
0.7146974063400576,0.14511410181392628
0.7167630057803468,0.14511410181392628
0.7159420289855073,0.14452896430661205
0.7151162790697675,0.14394382679929785
0.7142857142857143,0.14335868929198362
0.7134502923976608,0.14277355178466938
0.7126099706744868,0.14218841427735518
0.711764705882353,0.14160327677004095
0.7138643067846607,0.14160327677004095
0.7130177514792899,0.14101813926272674
0.712166172106825,0.1404330017554125
0.7113095238095238,0.1398478642480983
0.7104477611940299,0.13926272674078408
0.7095808383233533,0.13867758923346987
0.7087087087087087,0.13809245172615564
0.7078313253012049,0.13750731421884144
0.7069486404833837,0.1369221767115272
0.706060606060606,0.136337039204213
0.7051671732522796,0.13575190169689877
0.7073170731707317,0.13575190169689877
0.709480122324159,0.13575190169689877
0.7116564417177914,0.13575190169689877
0.7107692307692308,0.13516676418958457
0.7129629629629629,0.13516676418958457
0.7151702786377709,0.13516676418958457
0.7142857142857143,0.13458162668227033
0.7133956386292835,0.1339964891749561
0.7147335423197492,0.1334113516676419
0.7138364779874213,0.13282621416032767
0.7129337539432177,0.13224107665301346
0.7151898734177216,0.13224107665301346
0.7142857142857143,0.13165593914569923
0.7165605095541401,0.13165593914569923
0.7188498402555911,0.13165593914569923
0.717948717948718,0.13107080163838503
0.7202572347266881,0.13107080163838503
0.7225806451612903,0.13107080163838503
0.7216828478964401,0.1304856641310708
0.724025974025974,0.1304856641310708
0.7263843648208469,0.1304856641310708
0.7245901639344262,0.12931538911644236
0.7236842105263158,0.12873025160912815
0.7260726072607261,0.12873025160912815
0.7284768211920529,0.12873025160912815
0.7308970099667774,0.12873025160912815
0.73,0.12814511410181392
0.7290969899665551,0.12755997659449972
0.7315436241610739,0.12755997659449972
0.734006734006734,0.12755997659449972
0.7331081081081081,0.1269748390871855
0.735593220338983,0.1269748390871855
0.7346938775510204,0.12638970157987128
0.7337883959044369,0.12580456407255705
0.7363013698630136,0.12580456407255705
0.7353951890034365,0.12521942656524282
0.7379310344827587,0.12521942656524282
0.740484429065744,0.12521942656524282
0.7430555555555556,0.12521942656524282
0.7456445993031359,0.12521942656524282
0.7482517482517482,0.12521942656524282
0.7473684210526316,0.12463428905792862
0.7464788732394366,0.1240491515506144
0.7491166077738516,0.1240491515506144
0.75177304964539,0.1240491515506144
0.7508896797153025,0.12346401404330018
0.7535714285714286,0.12346401404330018
0.7526881720430108,0.12287887653598596
0.7517985611510791,0.12229373902867174
0.7509025270758123,0.12170860152135751
0.75,0.1211234640140433
0.7527272727272727,0.1211234640140433
0.7554744525547445,0.1211234640140433
0.7545787545787546,0.12053832650672908
0.7573529411764706,0.12053832650672908
0.7564575645756457,0.11995318899941486
0.7555555555555555,0.11936805149210064
0.7546468401486989,0.11878291398478642
0.7574626865671642,0.11878291398478642
0.7565543071161048,0.1181977764774722
0.7537878787878788,0.11644236395552955
0.752851711026616,0.11585722644821533
0.7519083969465649,0.11527208894090112
0.7509578544061303,0.1146869514335869
0.75,0.11410181392627268
0.752895752895753,0.11410181392627268
0.751937984496124,0.11351667641895846
0.75,0.11234640140433001
0.7490196078431373,0.1117612638970158
0.7480314960629921,0.11117612638970158
0.746031746031746,0.11000585137507314
0.7450199203187251,0.10942071386775892
0.7429718875502008,0.10825043885313049
0.7398373983739838,0.10649502633118783
0.7428571428571429,0.10649502633118783
0.7418032786885246,0.10590988882387362
0.7448559670781894,0.10590988882387362
0.7479338842975206,0.10590988882387362
0.7468879668049793,0.1053247513165594
0.7458333333333333,0.10473961380924517
0.7447698744769874,0.10415447630193095
0.7436974789915967,0.10356933879461673
0.7468354430379747,0.10356933879461673
0.7457627118644068,0.10298420128730251
0.7446808510638298,0.1023990637799883
0.7435897435897436,0.10181392627267408
0.7467811158798283,0.10181392627267408
0.7434782608695653,0.10005851375073142
0.74235807860262,0.0994733762434172
0.7412280701754386,0.09888823873610299
0.7400881057268722,0.09830310122878877
0.7389380530973452,0.09771796372147455
0.7377777777777778,0.09713282621416033
0.7410714285714286,0.09713282621416033
0.7443946188340808,0.09713282621416033
0.7432432432432432,0.0965476887068461
0.746606334841629,0.0965476887068461
0.7454545454545455,0.09596255119953188
0.7488584474885844,0.09596255119953188
0.7522935779816514,0.09596255119953188
0.7557603686635944,0.09596255119953188
0.7546296296296297,0.09537741369221767
0.7581395348837209,0.09537741369221767
0.7616822429906542,0.09537741369221767
0.7652582159624414,0.09537741369221767
0.7630331753554502,0.09420713867758923
0.7607655502392344,0.0930368636629608
0.7644230769230769,0.0930368636629608
0.7598039215686274,0.09069631363370392
0.7635467980295566,0.09069631363370392
0.7623762376237624,0.0901111761263897
0.76,0.08894090111176127
0.7575757575757576,0.08777062609713282
0.7614213197969543,0.08777062609713282
0.7602040816326531,0.0871854885898186
0.7589743589743589,0.08660035108250438
0.7577319587628866,0.08601521357519017
0.7564766839378239,0.08543007606787595
0.7552083333333334,0.08484493856056173
0.7591623036649214,0.08484493856056173
0.7578947368421053,0.08425980105324751
0.7566137566137566,0.0836746635459333
0.7553191489361702,0.08308952603861908
0.7540106951871658,0.08250438853130486
0.7526881720430108,0.08191925102399064
0.7513513513513513,0.08133411351667642
0.75,0.0807489760093622
0.7486338797814208,0.08016383850204799
0.7472527472527473,0.07957870099473376
0.7513812154696132,0.07957870099473376
0.75,0.07899356348741954
0.7486033519553073,0.07840842598010532
0.7471910112359551,0.0778232884727911
0.7457627118644068,0.07723815096547688
0.7443181818181818,0.07665301345816267
0.7428571428571429,0.07606787595084845
0.7471264367816092,0.07606787595084845
0.7456647398843931,0.07548273844353423
0.7441860465116279,0.07489760093622001
0.7411764705882353,0.07372732592159158
0.7396449704142012,0.07314218841427736
0.7380952380952381,0.07255705090696314
0.7365269461077845,0.07197191339964892
0.7349397590361446,0.07138677589233469
0.7393939393939394,0.07138677589233469
0.7378048780487805,0.07080163838502047
0.7361963190184049,0.07021650087770626
0.7345679012345679,0.06963136337039204
0.7329192546583851,0.06904622586307782
0.7295597484276729,0.06787595084844938
0.7207792207792207,0.0649502633118783
0.7189542483660131,0.06436512580456408
0.7171052631578947,0.06377998829724986
0.7152317880794702,0.06319485078993564
0.7133333333333334,0.06260971328262141
0.7114093959731543,0.0620245757753072
0.7094594594594594,0.06143943826799298
0.7142857142857143,0.06143943826799298
0.7123287671232876,0.060854300760678756
0.7172413793103448,0.060854300760678756
0.7152777777777778,0.06026916325336454
0.7132867132867133,0.05968402574605032
0.7112676056338029,0.0590988882387361
0.7092198581560284,0.058513750731421885
0.7071428571428572,0.05792861322410767
0.7028985507246377,0.05675833820947923
0.7007299270072993,0.056173200702165006
0.6985294117647058,0.05558806319485079
0.7037037037037037,0.05558806319485079
0.7014925373134329,0.05500292568753657
0.6992481203007519,0.05441778818022235
0.696969696969697,0.053832650672908135
0.6946564885496184,0.05324751316559392
0.6923076923076923,0.0526623756582797
0.689922480620155,0.052077238150965474
0.6875,0.051492100643651256
0.6850393700787402,0.05090696313633704
0.6825396825396826,0.05032182562902282
0.6774193548387096,0.049151550614394385
0.6829268292682927,0.049151550614394385
0.6885245901639344,0.049151550614394385
0.6833333333333333,0.04798127559976594
0.680672268907563,0.047396138092451724
0.6779661016949152,0.046811000585137506
0.6752136752136753,0.04622586307782329
0.6724137931034483,0.04564072557050907
0.6695652173913044,0.04505558806319485
0.6666666666666666,0.044470450555880635
0.672566371681416,0.044470450555880635
0.6696428571428571,0.04388531304856641
0.6605504587155964,0.042129900526623756
0.6574074074074074,0.04154476301930954
0.6542056074766355,0.04095962551199532
0.6509433962264151,0.0403744880046811
0.6476190476190476,0.03978935049736688
0.6442307692307693,0.03920421299005266
0.6407766990291263,0.03861907548273844
0.6372549019607843,0.038033937975424224
0.63,0.03686366296079579
0.6262626262626263,0.03627852545348157
0.6326530612244898,0.03627852545348157
0.625,0.03510825043885313
0.631578947368421,0.03510825043885313
0.6276595744680851,0.03452311293153891
0.6236559139784946,0.03393797542422469
0.6195652173913043,0.033352837916910474
0.6153846153846154,0.032767700409596257
0.6111111111111112,0.03218256290228204
0.625,0.03218256290228204
0.632183908045977,0.03218256290228204
0.627906976744186,0.03159742539496782
0.6235294117647059,0.0310122878876536
0.6190476190476191,0.030427150380339378
0.6265060240963856,0.030427150380339378
0.6341463414634146,0.030427150380339378
0.6419753086419753,0.030427150380339378
0.6329113924050633,0.029256875365710942
0.6410256410256411,0.029256875365710942
0.6363636363636364,0.028671737858396724
0.6447368421052632,0.028671737858396724
0.6533333333333333,0.028671737858396724
0.6621621621621622,0.028671737858396724
0.6575342465753424,0.028086600351082503
0.6619718309859155,0.027501462843768285
0.6714285714285714,0.027501462843768285
0.6666666666666666,0.026916325336454067
0.6617647058823529,0.02633118782913985
0.6716417910447762,0.02633118782913985
0.6818181818181818,0.02633118782913985
0.676923076923077,0.025746050321825628
0.6875,0.025746050321825628
0.6825396825396826,0.02516091281451141
0.6721311475409836,0.02399063779988297
0.6833333333333333,0.02399063779988297
0.6779661016949152,0.023405500292568753
0.6896551724137931,0.023405500292568753
0.7017543859649122,0.023405500292568753
0.7142857142857143,0.023405500292568753
0.7090909090909091,0.022820362785254535
0.7358490566037735,0.022820362785254535
0.7307692307692307,0.022235225277940317
0.74,0.021650087770626096
0.7551020408163265,0.021650087770626096
0.7446808510638298,0.02047981275599766
0.7391304347826086,0.01989467524868344
0.7333333333333333,0.01930953774136922
0.7272727272727273,0.018724400234055003
0.7209302325581395,0.018139262726740785
0.7073170731707317,0.016968987712112346
0.6842105263157895,0.015213575190169689
0.6571428571428571,0.013458162668227034
0.6363636363636364,0.012287887653598596
0.625,0.011702750146284377
0.5862068965517241,0.00994733762434172
0.5384615384615384,0.008191925102399064
0.5,0.007021650087770626
0.4782608695652174,0.006436512580456407
0.42857142857142855,0.0052662375658279695
0.4117647058823529,0.004095962551199532
0.23076923076923078,0.0017554125219426564
0.18181818181818182,0.0011702750146284377
0.1,0.0005851375073142189
0.0,0.0
0.0,0.0
0.0,0.0
1.0,0.0
