CDR3,Antigen,HLA,Label,label,predict,predict_prob
CACSLRSQGTDTQYF,NLVPMVATV,A*02:01,1,1,1,0.999746
CADLDGTSSYEQYF,RYPLTFGWCF,A*24:02,1,1,1,0.99981505
CAGKSTGELFF,QYIKWPWYI,A*24:02,1,1,1,0.99971586
CAGRDHTDTQYF,CTELKLNDY,A*01:01,1,1,1,0.99977833
CAIGGDGSYEQYF,CTELKLNDY,A*01:01,1,1,1,0.99977833
CAIMSSGRADGELFF,NLNCCSVPV,A*02:01,1,1,1,0.9997737
CAIQDAGASYEQYF,LLWNGPMAV,A*02:01,1,1,1,0.99980074
CAIQGFSGPLHF,ILNAMIAKI,A*02:01,1,1,1,0.9997793
CAIQGFSGPLHF,ILNAMITKI,A*02:01,1,1,1,0.9998098
CAIRDRLNTEAFF,RLGPYLEFL,A*02:01,1,1,1,0.8160868
CAIRQFDANTGELFF,KLLEIAPNC,A*02:01,1,1,1,0.7994986
CAISAGEGYEQYF,LLWNGPMAV,A*02:01,1,1,1,0.6735275
CAISARDQNTGELFF,KMVTVCPNT,A*02:01,1,1,1,0.8098647
CAISARDQNTGELFF,KLLEIAPNC,A*02:01,1,1,1,0.7994986
CAISARDQNTGELFF,CFLLILPNC,A*02:01,1,1,1,0.71703583
CAISARDQNTGELFF,NDMLVCANI,A*02:01,1,1,1,0.8094361
CAISARDQNTGELFF,KVKEVCPNV,A*02:01,1,1,1,0.8011397
CAISARDQNTGELFF,THLMVLCCV,A*02:01,1,1,1,0.8105611
CAISARDQNTGELFF,RTMEVCYNT,A*02:01,1,1,1,0.8192986
CAISDLAGEPKTQETQYF,LLWNGPMAV,A*02:01,1,1,1,0.7312956
CAISDLDSNQPQHF,KMVAVFYTT,A*02:01,1,1,1,0.8185484
CAISDLSITGGDNYGYTF,VLFGLGFAI,A*02:01,1,1,1,0.81325847
CAISDWSTYEQYF,VLFGLGFAI,A*02:01,1,1,1,0.81325847
CAISEEGTGFYGYTF,CTELKLNDY,A*01:01,1,1,1,0.63826215
CAISEGAAYGYTF,LLWNGPMAV,A*02:01,1,1,1,0.7312956
CAISEGGAYEQYF,LLWNGPMAV,A*02:01,1,1,1,0.7312956
CAISELDWGVSSPLHF,GMGPLLATV,A*02:01,1,1,0,0.021318864
CAISESGTAYNEQFF,LLWNGPMAV,A*02:01,1,1,0,0.028293157
CAISESIGLDEQYF,CTELKLNDY,A*01:01,1,1,0,0.008059445
CAISESNGADTQYF,CTELKLSDY,A*01:01,1,1,0,0.008488052
CAISESNGADTQYF,CTELKLNDY,A*01:01,1,1,0,0.008059445
CAISESPSGALGQF,LLWNGPMAV,A*02:01,1,1,0,0.028293157
CAISESQGPGGETQYF,CTELKLNDY,A*01:01,1,1,0,0.008059445
CAISESQGPGGETQYF,CTELKLSDY,A*01:01,1,1,0,0.008488052
CAISETGGGQPQHF,ALSPVIPLI,A*02:01,1,1,0,0.023560015
CAISETGGGQPQHF,ALSPVIPHI,A*02:01,1,1,0,0.021907665
CAISETTGINEQFF,ELAGIGILTV,A*02:01,1,1,0,0.016121222
CAISEVGTGSSGNTIYF,GQFLTPNSH,B*15:01,1,1,0,0.02804966
CAISEVGVGQPQHF,ELAGIGILTV,A*02:01,1,1,0,0.016121222
CAISGWTGEGSEQYF,CTELKLNDY,A*01:01,1,1,0,0.022689868
CAISPGGEQFF,ILTGLNYEV,A*02:01,1,1,0,4.3332322e-20
CAISPGGEQFF,ILTGLNYEA,A*02:01,1,1,0,1.9286708e-20
CAISRQGARQETQYF,TSTLQEQIGW,B*57:01,1,1,0,2.1305788e-22
CAISSDRTDEQYF,KLVALGINAV,A*02:01,1,1,0,1.280984e-20
CAISVEGTGLGYGYTF,LLWNGPMAV,A*02:01,1,1,1,0.990261
CAITSGQGNNEQYF,GQFLTPNSH,B*15:01,1,1,1,0.987613
CAIVYRGQPSGANVLTF,RFPLTFGWCF,A*24:02,1,1,1,0.98994267
CANGQGDYEQYF,LLAGTLAVV,A*02:01,1,1,1,0.9883582
CANGQGDYEQYF,LLAGTLAGV,A*02:01,1,1,1,0.9871264
CANRGPQGANYGYTF,RFPLTFGWCF,A*24:02,1,1,1,0.98994267
CARGSGGETQYF,LLFALYFSA,A*02:01,1,1,0,0.0028473455
CARRSRGENNGGVF,VLFGLGFAI,A*02:01,1,1,0,0.004204677
CARSTGGDSYGYTF,LLWNGPMAV,A*02:01,1,1,0,0.02115825
CARTGAGGNTIYF,VMPFSIVYI,A*02:01,1,1,0,0.004607332
CARTSGQGVFMNTEAFF,ILNAMIAKI,A*02:01,1,1,0,0.006267844
CASALSWEGLAESYEQYF,KLSALGINAV,A*02:01,1,1,0,0.012526329
CASAPGGGYEQYF,LLWNGPMAV,A*02:01,1,1,0,0.02115825
CASAPGLNYEQYF,ILNAMIAKI,A*02:01,1,1,0,0.0010367839
CASAPGPVYEQYF,KLWASPLHV,A*02:01,1,1,0,0.0015453222
CASASGQGYEQYF,NYNYLYRLF,A*24:02,1,1,0,0.0009238079
CASASRLADTDTQYF,RFPLTFGWCF,A*24:02,1,1,0,0.00061200577
CASAWSGVGNQPQHF,VYFLQSINF,A*24:02,1,1,0,0.0006742396
CASDSGSGQPQHF,LLFGMPPCL,A*02:01,1,1,0,0.0009675278
CASFGGAGQPQHF,LLWNGPMAV,A*02:01,1,1,0,0.0015928707
CASGAQAGTGAYGYTF,LLWNGPMAV,A*02:01,1,1,0,0.0015928707
CASGAQHTEAFF,ILTGLNYEV,A*02:01,1,1,0,0.001182615
CASGAQHTEAFF,ILTGLNYEA,A*02:01,1,1,0,0.0013798323
CASGDRAMPQHF,LLWNGPMAV,A*02:01,1,1,0,0.011434158
CASGEENTGELFF,YLQPRTFLL,A*02:01,1,1,0,0.00614366
CASGFTFQGSPEAFF,IMDQVPFSV,A*02:01,1,1,0,0.00525116
CASGFTFQGSPEAFF,ITDQVPFSV,A*02:01,1,1,0,0.0052668946
CASGGLSYGYTF,LLSIIFFPA,A*02:01,1,1,0,0.0064116656
CASGGSSYEQYF,VAANIVLTV,A*02:01,1,1,0,0.006623419
CASGLDTQYF,FLYNLLTRV,A*02:01,1,1,1,0.99733573
CASGPATSAEQETQYF,SPRWYFYYL,B*07:02,1,1,1,0.9960853
CASGPFRDSVLTLVANVLTF,KRPIPIKYKAM,B*07:02,1,1,1,0.9975159
CASGPFRDSVLTLVANVLTF,RPIPIKYKAM,B*07:02,1,1,1,0.9970182
CASGPFRDSVLTLVANVLTF,QKRPIPIKYKAM,B*07:02,1,1,1,0.9972824
CASGPGTAYGYTF,LLWNGPMAV,A*02:01,1,1,1,0.998401
CASGPTGGAAETQYF,FEDLRVLSF,B*37:01,1,1,1,0.9749878
CASGQGAYEQYF,LLWNGPMAV,A*02:01,1,1,1,0.98976266
CASGRGPNYGYTF,LLWNGPMAV,A*02:01,1,1,1,0.98976266
CASGRLVTGGGTGANVLTF,FEDLRVLSF,B*37:01,1,1,1,0.9749878
CASGRLVTGGGTGANVLTF,FEDLRVSSF,B*37:01,1,1,1,0.9700687
CASGRSGEDYGYTF,LLSIISFPA,A*02:01,1,1,1,0.98965365
CASGSGGEHF,SPRWYFYYL,B*07:02,1,1,1,0.96856403
CASGTAGGPSTDTQYF,MTLHGFMMY,A*30:02,1,1,1,0.9822333
CASGTGTPYNEQF,LLWNGPMAV,A*02:01,1,1,1,0.98976266
CASGTLNSNQPQHF,ILTGLNYEV,A*02:01,1,1,1,0.9922719
CASGTLNSNQPQHF,ILTGLNYEA,A*02:01,1,1,1,0.99077386
CASIGGYGQPQHF,LLWNGPMAV,A*02:01,1,1,0,0.13967569
CASIKTGGAPETQYF,NLVPMVATV,A*02:01,1,1,0,0.11343282
CASILGLTTYNEQFF,AVGSYVYSV,A*02:01,1,1,0,0.106273234
CASISTDSLNTEAFF,RPPIFIRRL,B*07:02,1,1,0,0.045740306
CASKGDSPHQPQHF,FEDLRLLSF,B*37:01,1,1,0,0.059636347
CASKPGQDYTGELFF,LLWNGPMAV,A*02:01,1,1,0,0.13967569
CASKRMTGEAGQPQHF,RLGPYLEFL,A*02:01,1,1,0,0.0984018
CASKSWDMAYEQYF,ALSPVIPHI,A*02:01,1,1,0,0.12330822
CASLEAGGETQYF,YVLTWIVGA,A*02:01,1,1,0,0.10932868
CASLGLQETQYF,FLTVFSHFM,A*02:01,1,1,0,0.00071852293
CASLNPGSYEQYF,LLWNGPMAV,A*02:01,1,1,0,0.0013010789
CASMRGAHTGELFF,ELAGIGILTV,A*02:01,1,1,0,0.0010393223
CASMRPTSYEQYF,KLNTITPVV,A*02:01,1,1,0,0.0007457873
CASMTNNQPQHF,MLNIPSINV,A*02:01,1,1,0,0.0006840413
CASMTRLGDSNEKLFF,RFPLTFGWCF,A*24:02,1,1,0,0.00045783242
CASNGAGGYEQYF,LLWNGPMAV,A*02:01,1,1,0,0.0013010789
CASNLGGDNEQFF,FMLYLLTLM,A*02:01,1,1,1,0.99999523
CASNLRDTGNEQFF,VAANIVLTV,A*02:01,1,1,1,0.99999666
CASNPPGLAATGELFF,CTELKLSDY,A*01:01,1,1,1,0.9999964
CASNPPVRLGLTEAFF,RYPLTFGWCF,A*24:02,1,1,1,0.99999714
CASNPVAGLPGEQYF,NLVPMVATV,A*02:01,1,1,1,0.99999666
CASNQGLYEQYF,NLNCCSVPV,A*02:01,1,1,1,0.99999595
CASNRDRDYGYTF,LLWNGPMAV,A*02:01,1,1,1,0.99999595
CASNREVSTDTQYF,VMPFSIVYIV,A*02:01,1,1,1,0.9999969
CASNRGYNEQFF,ILTGLNYEV,A*02:01,1,1,1,0.999997
CASNRGYNEQFF,ILTGLNYEA,A*02:01,1,1,1,0.99999654
CASNSGGYNEQFF,ELAGIGILTV,A*02:01,1,1,1,0.99999464
CASNWGGRGNTGELFF,FEDLRVLSF,B*37:01,1,1,1,0.999985
CASPTSGKDPDTQYF,SLLMPILTL,A*02:01,1,1,1,0.99999547
CASQDSYEQYF,KRPIPIKYKAM,B*07:02,1,1,1,0.9999864
CASQDSYEQYF,RPIPIKYKAM,B*07:02,1,1,1,0.9999802
CASQDSYEQYF,QKRPIPIKYKAM,B*07:02,1,1,1,0.9996233
CASQIQGYTEAF,NLVPMVATV,A*02:01,1,1,1,0.9998324
CASQPWFNTGELFF,VVMSWAPPV,A*02:01,1,1,0,1.9017436e-05
CASQPWFNTGELFF,VVLSWAPPV,A*02:01,1,1,0,1.894082e-05
CASRAGSTEAFF,SPRWYFYYL,B*07:02,1,1,0,1.4466473e-05
CASRASGGYNEQFF,VYIGDPAQL,A*24:02,1,1,0,2.7951519e-05
CASRDRGVGSPLHF,LLWNGPMAV,A*02:01,1,1,1,0.9950003
CASREALEQAEAF,IVCPICSQK,A*11:01,1,1,1,0.9937577
CASREGLEDTEAFF,LIIPFIHLI,A*02:01,1,1,1,0.99646854
CASREGTEAIDTEAFF,VLFHRAFLV,A*02:01,1,1,1,0.99488515
CASREQGMNTEAFF,MIISHLYLI,A*02:01,1,1,1,0.9937714
CASRETGGRAGFADTQYF,QSRGDENRGW,B*57:01,1,1,1,0.9967192
CASRFVAPSDGYNEQFF,GQFLTPNSH,B*15:01,1,1,1,0.9949759
CASRGAVDTQYF,RYRIGNYKL,A*24:02,1,1,0,3.0035876e-06
CASRGGGGFYEQYF,VLNYFKPYL,A*02:01,1,1,0,3.3153933e-06
CASRGGRRNTEAFF,RFPLTFGWCF,A*24:02,1,1,0,2.2302058e-06
CASRGQGNTEAFF,LLWNGPMAV,A*02:01,1,1,0,3.2107216e-06
CASRGQNTGELFF,RTMEVCYNT,A*02:01,1,1,0,2.1412734e-06
CASRGQNTGELFF,THLMVLCCV,A*02:01,1,1,1,0.9998733
CASRGQNTGELFF,CFVECAPVC,A*02:01,1,1,1,0.9998733
CASRGQNTGELFF,AEMEFCPCC,A*02:01,1,1,1,0.9998882
CASRGQNTGELFF,NMINFAPNI,A*02:01,1,1,1,0.9998971
CASRGQNTGELFF,KMVTVCPNT,A*02:01,1,1,1,0.9998933
CASRGQNTGELFF,GCQEICPAC,A*02:01,1,1,1,0.9998882
CASRGQNTGELFF,NMIHFAPNV,A*02:01,1,1,1,0.9999616
CASRGQNTGELFF,KLLEIAPNC,A*02:01,1,1,1,0.9999666
CASRGQNTGELFF,CFLLILPNC,A*02:01,1,1,1,0.9999628
CASRGQNTGELFF,EIQEFCPNT,A*02:01,1,1,1,0.9999529
CASRGQNTGELFF,LVLEVDPNI,A*02:01,1,1,1,0.99997354
CASRGQNTGELFF,NDMLVCANI,A*02:01,1,1,1,0.99995553
CASRGQNTGELFF,KVKEVCPNV,A*02:01,1,1,1,0.99995995
CASRGQTPEAFF,RFPLTFGWCF,A*24:02,1,1,1,0.9969118
CASRGSGASTGELFF,ALYGFVPVL,A*02:01,1,1,1,0.99663806
CASRILAGVLYEQYF,LLWNGPMAV,A*02:01,1,1,1,0.99641836
CASRIWTGGDLNTEAFF,RPPIFIRRL,B*07:02,1,1,1,0.9934562
CASRLGESSYNEQFF,CTELKLSDY,A*01:01,1,1,1,0.9950958
CASRLGGLGEQYF,RFPLTFGWCF,A*24:02,1,1,1,0.9969118
CASRLGLGDREDEKLFF,RPPIFIRRL,B*07:02,1,1,1,0.9999931
CASRLHGGTPSYEQYF,ALSPVIPHI,A*02:01,1,1,1,0.9999976
CASRLPTTDEKLFF,RPIPIKYKAM,B*07:02,1,1,1,0.99999213
CASRLPTTDEKLFF,KRPIPIKYKAM,B*07:02,1,1,1,0.9999925
CASRLPTTDEKLFF,QKRPIPIKYKAM,B*07:02,1,1,1,0.9999963
CASRMGSTAFF,LLSIIFFPA,A*02:01,1,1,1,0.99999833
CASRMGSTAFF,ILNVDIFTL,A*02:01,1,1,1,0.9999988
CASRMGSTAFF,LLSIISFPA,A*02:01,1,1,1,0.99999833
CASRMGSTAFF,ILNVDVFTL,A*02:01,1,1,1,0.9999989
CASRMGTSGSTDTQYF,ALYGFVPVL,A*02:01,1,1,1,0.99999714
CASRPGGGGYTF,IMDQVPFSV,A*02:01,1,1,1,0.9999976
CASRPGGGSYNEQFF,RLGPYLEFL,A*02:01,1,1,1,0.9999969
CASRPGLAGGRPEQYF,LLFGYPVYV,A*02:01,1,1,1,0.9999975
CASRPGLMSAQPEQYF,LLFGYPVYV,A*02:01,1,1,1,0.9999975
CASRPGQGRNGTSGVTYEQYF,RFPLTFGWCF,A*24:02,1,1,0,0.030074226
CASRPGTNTEAF,LLWNGPMAV,A*02:01,1,1,0,0.03448497
CASRPLSGGAPDTQYF,CTELKLSDY,A*01:01,1,1,0,0.01696246
CASRPLTGGNQPQHF,SPRWYFYYL,B*07:02,1,1,0,0.015295146
CASRPPHYNSPLHF,FEDLRVSSF,B*37:01,1,1,0,0.02177639
CASRPQGLGNTIYF,ELAGIGILTV,A*02:01,1,1,0,0.037202775
CASRPQQGKGSYEQYF,LLWNGPMAV,A*02:01,1,1,0,0.03448497
CASRPRQVETQYF,MIISHLYLI,A*02:01,1,1,0,0.030634882
CASRPTGMGQPQHFGF,ELAGIGILTV,A*02:01,1,1,0,2.8672997e-05
CASRQDRDYQETQYF,HPVGEADYFEY,B*35:08,1,1,0,1.8318715e-05
CASRRQATNEKLFF,VMPFSIVYIV,A*02:01,1,1,0,2.8716919e-05
CASRSGGANEQFF,CTELKLSDY,A*01:01,1,1,0,3.1507957e-06
CASRSLAEKGETQYF,FEDLRVSSF,B*37:01,1,1,0,8.301594e-06
CASRSLAEKGETQYF,FEDLRVLSF,B*37:01,1,1,0,1.4176673e-05
CASRSLGQGAEKLFFGF,EAAGIGILTV,A*02:01,1,1,0,3.521889e-05
CASRSQNYYGYTF,AEMEFCPCC,A*02:01,1,1,0,4.3398344e-05
CASRSQNYYGYTF,CFVECAPVC,A*02:01,1,1,1,0.99246806
CASRSQNYYGYTF,CFLLILPNC,A*02:01,1,1,1,0.99549145
CASRSQNYYGYTF,EIQEFCPNT,A*02:01,1,1,1,0.98789203
CASRSQNYYGYTF,KLLEIAPNC,A*02:01,1,1,1,0.9952029
CASRSQNYYGYTF,RTMEVCYNT,A*02:01,1,1,1,0.99376065
CASRSQNYYGYTF,NMINFAPNI,A*02:01,1,1,1,0.994303
CASRSQNYYGYTF,KVKEVCPNV,A*02:01,1,1,1,0.9929287
CASRSQNYYGYTF,GCQEICPAC,A*02:01,1,1,1,0.99471587
CASRSRGGHSPLHF,GMGPLLATV,A*02:01,1,1,1,0.9999683
CASRSSDPYEQYF,VLFGLGFAI,A*02:01,1,1,1,0.99996054
CASRTGTSGGFPNTGELFF,MLYQHLLPL,A*02:01,1,1,1,0.9999776
CASRTRQEAFF,GILGFVFTL,A*02:01,1,1,1,0.99996483
CASRTSSYNSPLHF,FEDLRVSSF,B*37:01,1,1,1,0.9999404
CASRVRGPYNEQFF,IVCPICSQK,A*11:01,1,1,1,0.999974
CASRVSGSHEQYVF,LLWNGPMAV,A*02:01,1,1,1,0.9999683
CASSAAGEAYEQYF,LLWNGPMAV,A*02:01,1,1,0,0.00015545094
CASSAAGTPAYEQYF,LLWNGPMAV,A*02:01,1,1,0,0.00015545094
CASSAAPAYEQYF,LLWNGPMAV,A*02:01,1,1,0,0.00015545094
CASSAASGGAYEQYF,LLWNGPMAV,A*02:01,1,1,0,0.00015545094
CASSADRTQNYGYTF,LLAGTLAGV,A*02:01,1,1,0,0.00013386004
CASSADRTQNYGYTF,KMVAVFYTT,A*02:01,1,1,0,0.00014535041
CASSAGGAYEQYF,LLWNGPMAV,A*02:01,1,1,0,0.00015545094
CASSAGGDTEAFF,ILTGLNYEA,A*02:01,1,1,0,0.00013122335
CASSAGGDTEAFF,ILTGLNYEV,A*02:01,1,1,0,0.00013443374
CASSAGGTEAFF,KMVAVFYTT,A*02:01,1,1,0,0.00014535041
CASSAGGVGYNEQFF,LLWNGPMAV,A*02:01,1,1,0,0.00015545094
CASSAGLFPEQFF,LLFGYPVYV,A*02:01,1,1,0,0.00012237279
CASSAGQGYEQYF,KLWASPLHV,A*02:01,1,1,0,4.880549e-09
CASSAGQNAYEQYF,LLWNGPMAV,A*02:01,1,1,0,5.2884976e-09
CASSAGTGSYEQYF,LLWNGPMAV,A*02:01,1,1,0,5.2884976e-09
CASSAGTGYTEAFF,LLWNGPMAV,A*02:01,1,1,0,5.2884976e-09
CASSAGTIYNEQFF,RLGPYLEFL,A*02:01,1,1,1,0.994474
CASSAGTPYNEQFF,LLWNGPMAV,A*02:01,1,1,1,0.99176276
CASSAGTSGSGSTYEQYF,VYFLQSINF,A*24:02,1,1,1,0.98848104
CASSAGWISYEQYF,LLWNGPMAV,A*02:01,1,1,1,0.99176276
CASSAGYGQPQHFGF,ELAGIGILTV,A*02:01,1,1,1,0.9941307
CASSALAGGPDNEQFF,LPRWYFYYL,B*07:02,1,1,1,0.995529
CASSALTGNEQFF,FEDLRVLSF,B*37:01,1,1,1,0.9954202
CASSALVAFSTDTQYF,QYIKWPWYI,A*24:02,1,1,1,0.99651575
CASSANQGYEQYF,NLNCCSVPV,A*02:01,1,1,1,0.99425346
CASSAPGQGNEKLFF,KMVAVFYTT,A*02:01,1,1,1,0.9955172
CASSAPTGELFF,HPVGEADYFEY,B*35:08,1,1,1,0.9963966
CASSARSGELFF,HPVGEADYFEY,B*35:08,1,1,0,0.00033707567
CASSARTGELFF,HPVGEADYFEY,B*35:08,1,1,0,0.00033707567
CASSASEPSGETQYF,RLGPYLEFL,A*02:01,1,1,0,0.00032586584
CASSASGGAYNEQFF,RPPIFIRRL,B*07:02,1,1,0,0.00071120495
CASSASGGRDYGYTF,MLYQHLLPL,A*02:01,1,1,0,0.00035543944
CASSASRNTDGTDTQYF,LLWNGPMAV,A*02:01,1,1,0,0.00044198227
CASSATGDATDTQYF,CTELKLNDY,A*01:01,1,1,0,0.00036531338
CASSATGTVNTEAFF,RLGPYLEFL,A*02:01,1,1,1,0.5044531
CASSATKNIQYF,FEDLRVSSF,B*37:01,1,1,0,0.49515584
CASSATKNIQYF,FEDLRVLSF,B*37:01,1,1,1,0.50849074
CASSATKNIQYF,FEDLRLLSF,B*37:01,1,1,1,0.5086668
CASSAWDRSSGANVLTF,NLVPMVATV,A*02:01,1,1,0,0.49370083
CASSAYNEQF,LLWNGPMAV,A*02:01,1,1,1,0.51396817
CASSDDIVTDTQYF,FLYNLLTRV,A*02:01,1,1,1,0.5159436
CASSDFGTGMNEQYF,RYPLTFGWCF,A*24:02,1,1,1,0.53446686
CASSDFQAINQPQHF,GILGFVFTL,A*02:01,1,1,0,0.49142173
CASSDGGKDGYTF,KLVALGINAV,A*02:01,1,1,0,0.48067
CASSDGPSYEQYVF,LLWNGPMAV,A*02:01,1,1,1,0.51396817
CASSDGRADTQYF,VLFHRAFLV,A*02:01,1,1,1,0.50046265
CASSDGTGKPYEQYF,RYPLTFGW,A*24:02,1,1,1,0.5272295
CASSDGTNSYEQYF,LLWNGPMAV,A*02:01,1,1,1,0.51396817
CASSDHLGGQGNTIYF,RPPIFIRRL,B*07:02,1,1,0,6.6210987e-10
CASSDLSQGAGYTF,RYPLTFGWCF,A*24:02,1,1,0,2.6138436e-10
CASSDMAGDGYTF,ELAGIGILTV,A*02:01,1,1,0,4.4683085e-10
CASSDMAGNQPQHF,LLWNGPMAV,A*02:01,1,1,0,1.0507544e-09
CASSDPGHQLYGYTF,QYDPVAALF,A*24:02,1,1,0,6.8510175e-10
CASSDPNDYEQYF,NLNCCSVPV,A*02:01,1,1,0,6.119779e-10
CASSDQETQYF,VAANIVLTV,A*02:01,1,1,0,6.173779e-10
CASSDREVYGYTF,LLWNGPMAV,A*02:01,1,1,0,1.0507544e-09
CASSDSGADGYTF,RYRIGNYKL,A*24:02,1,1,0,5.3399757e-10
CASSDSHTGAYGYTF,LLWNGPMAV,A*02:01,1,1,0,1.0507544e-09
CASSDSPGLAYEQYF,LLWNGPMAV,A*02:01,1,1,0,2.0572041e-07
CASSDSPGVGYNEQFF,CTELKLSDY,A*01:01,1,1,0,1.0461973e-08
CASSDSRGTEAF,LLWNGPMAV,A*02:01,1,1,0,2.0572041e-07
CASSDSSFGVGLGNEQFF,CTELKLSDY,A*01:01,1,1,0,1.0461973e-08
CASSDTAGSSYNEQF,RLPGVLPRA,A*02:01,1,1,0,7.865277e-08
CASSDTPDLNTEAFF,CFLLILPNC,A*02:01,1,1,0,1.3692961e-07
CASSDTPDLNTEAFF,NMIHFAPNV,A*02:01,1,1,0,1.0329714e-09
CASSDTPDLNTEAFF,EIQEFCPNT,A*02:01,1,1,0,1.3128455e-09
CASSDTPDLNTEAFF,KLLEIAPNC,A*02:01,1,1,0,1.1483694e-09
CASSDTPDLNTEAFF,AEMEFCPCC,A*02:01,1,1,0,0.0009062471
CASSDTPDLNTEAFF,THLMVLCCV,A*02:01,1,1,0,0.0005208932
CASSDTPDLNTEAFF,GCQEICPAC,A*02:01,1,1,0,0.0007278763
CASSDTPDLNTEAFF,CFVECAPVC,A*02:01,1,1,0,0.0007676347
CASSDTPDLNTEAFF,KVKEVCPNV,A*02:01,1,1,0,0.00069554127
CASSDTPDLNTEAFF,RTMEVCYNT,A*02:01,1,1,0,0.00024042706
CASSDWGGETQYF,ALYGSVPVL,A*02:01,1,1,0,0.00024585074
CASSDYNEQFF,LLWNGPMAV,A*02:01,1,1,0,0.00034275875
CASSEAAGRANYGYTF,LLWNGPMAV,A*02:01,1,1,0,0.00034275875
CASSEAEAGAYTQYF,LLSIIFFPA,A*02:01,1,1,0,0.00029102998
CASSEAELLSSYNEQFFGF,ELAGIGILTV,A*02:01,1,1,0,0.0002159531
CASSEALYEQYF,LLWNGPMAV,A*02:01,1,1,1,0.9999691
CASSEAPSDYEQYF,RFPLTFGWCF,A*24:02,1,1,1,0.99998987
CASSEAPSDYEQYF,RYPLTFGW,A*24:02,1,1,1,0.99997866
CASSEDRGNSPLHF,FLYNPLTRV,A*02:01,1,1,1,0.99997544
CASSEEGLAGTGELFF,LLWNGPMAV,A*02:01,1,1,1,0.9999691
CASSEFRDRNQPQHF,KMVAVFYNT,A*02:01,1,1,1,0.99998546
CASSEFRDRNQPQHF,KMVAVFYTT,A*02:01,1,1,1,0.999982
CASSEFTRSYEQYF,MIISHLYLI,A*02:01,1,1,1,0.99998105
CASSEGDRETGELFF,MTLHGFMMY,A*30:02,1,1,0,0.002436263
CASSEGENQPQHF,CTELKLSDY,A*01:01,1,1,0,0.0012559155
CASSEGGVPYNEQFF,LLWNGPMAV,A*02:01,1,1,0,0.0073299436
CASSEGGYTEAFF,NLNCCSVPV,A*02:01,1,1,0,0.0037736506
CASSEGIYGYTF,LLWNGPMAV,A*02:01,1,1,0,0.0073299436
CASSEGLAGGPAGELFF,LLWNGPMAV,A*02:01,1,1,0,0.0073299436
CASSEGLGWEQFF,FLIYLDVSV,A*02:01,1,1,0,0.009033695
CASSEGPGQGSYEQYF,LLWNGPMAV,A*02:01,1,1,0,0.0073299436
CASSEGQGRWYEQYF,ILTGLNYEA,A*02:01,1,1,0,0.0063248896
CASSEGQGRWYEQYF,ILTGLNYEV,A*02:01,1,1,0,2.8846005e-05
CASSEGQGYEQYF,NYNYLYRLF,A*24:02,1,1,0,3.2892433e-05
CASSEGQNTEAFF,ILTGLNYEV,A*02:01,1,1,0,2.8846005e-05
CASSEGQNTEAFF,ILTGLNYEA,A*02:01,1,1,0,3.1722044e-05
CASSEGSEAFF,LMFWASSSI,A*02:01,1,1,0,3.6227062e-05
CASSEGTEAYEQYF,LLWNGPMAV,A*02:01,1,1,0,3.743835e-05
CASSEGTGGLNAFF,FEDLRVLSF,B*37:01,1,1,0,3.3988174e-05
CASSEGWVDTQYF,VLFHRAFLV,A*02:01,1,1,0,3.2621592e-05
CASSEGYGGGQYF,LLAMTVPNV,A*02:01,1,1,0,0.003966264
CASSEGYWGTGRDTQYF,MTLHGFMMY,A*30:02,1,1,0,0.0038665507
CASSEHRDHEQFF,KMVAVFYNT,A*02:01,1,1,0,0.003560355
CASSEISSGGPFLDTQYF,ALYGFVPVL,A*02:01,1,1,0,0.004481685
CASSEKPDTQYF,LLAGTLAGV,A*02:01,1,1,0,0.004320699
CASSEKPDTQYF,LLAGTLAVV,A*02:01,1,1,1,0.9805463
CASSEKPLSSYNEQFF,SPRWYFYYL,B*07:02,1,1,1,0.98162293
CASSELDGRLF,SPRWYFYYL,B*07:02,1,1,1,0.98162293
CASSELGGAGTGELF,NLVPMVATV,A*02:01,1,1,1,0.9793062
CASSELITSTDTQYF,SPRWYFYYL,B*07:02,1,1,1,0.98162293
CASSELPGPPGEQYF,SPRWYFYYL,B*07:02,1,1,1,0.98162293
CASSEPGHHEQYF,LLWNGPMAV,A*02:01,1,1,0,0.0008316866
CASSEPRTSGISYNEQFF,KRPIPIKYKAM,B*07:02,1,1,0,0.0012679658
CASSEPRTSGISYNEQFF,QKRPIPIKYKAM,B*07:02,1,1,0,0.0011470906
CASSEPRTSGISYNEQFF,RPIPIKYKAM,B*07:02,1,1,0,0.0012195053
CASSEPTSGELFF,FTSDYYQLY,A*01:01,1,1,0,0.0014273023
CASSERGDTDLYGYTF,CTELKLSDY,A*01:01,1,1,0,0.0015064549
CASSERGHYGYTF,LMFWASSSI,A*02:01,1,1,0,0.0005881458
CASSERVAGGSTGELF,KLSALGINAV,A*02:01,1,1,0,2.1900585e-05
CASSESENSYGYTF,MTLHGFMMY,A*30:02,1,1,0,2.236458e-05
CASSESFPASGGSTDTQYF,MLNIPSINV,A*02:01,1,1,0,1.4427715e-05
CASSESGAAYTGELFF,YVLTWIVGA,A*02:01,1,1,0,3.224635e-05
CASSESGSPSYYEQYF,CTELKLSDY,A*01:01,1,1,0,2.6000514e-05
CASSESGTGYEQFF,LLWNGPMAV,A*02:01,1,1,0,1.5533733e-05
CASSESQGYEQYF,NYNYLYRLF,A*24:02,1,1,0,2.2269574e-05
CASSESRDRIHYGYTF,VYGIRLEHF,A*24:02,1,1,0,2.54268e-05
CASSETGATNYGYTGF,NLVPMVATV,A*02:01,1,1,0,1.718051e-05
CASSETGGYEQYF,NYNYLYRLF,A*24:02,1,1,0,2.2269574e-05
CASSETSGLIDEKLFF,SLAPLSPRA,A*02:01,1,1,0,1.8609586e-05
CASSETSGLIDEKLFF,SLAPLSPRV,A*02:01,1,1,0,1.4154544e-05
CASSEVEGPGELFF,LLFALHFSA,A*02:01,1,1,0,2.5969612e-05
CASSEVEGPGELFF,LLAILTYYV,A*02:01,1,1,0,4.856418e-07
CASSEVEGPGELFF,LLSIIFFPA,A*02:01,1,1,0,4.8652254e-07
CASSEVEGPGELFF,LLFALYFSA,A*02:01,1,1,0,4.726695e-07
CASSEVGQGFNGYTF,VAANIVLTV,A*02:01,1,1,0,3.784549e-07
CASSEVQGGRDTQYF,VVLSWAPPV,A*02:01,1,1,0,3.825408e-07
CASSEVSVLYEQYF,VVMSWAPPV,A*02:01,1,1,0,3.807708e-07
CASSEVSVLYEQYF,VVLSWAPPV,A*02:01,1,1,0,3.825408e-07
CASSEWAGQPQHF,VVLSWAPPV,A*02:01,1,1,0,3.825408e-07
CASSEWAGQPQHF,VVMSWAPPV,A*02:01,1,1,0,3.807708e-07
CASSEWDTEAFF,NLFNRYPAL,A*02:01,1,1,0,4.1255763e-07
CASSEWGPGGYTF,LLWNGPMAV,A*02:01,1,1,0,0.10556114
CASSEYQEPYNEQFF,KLNTITPVV,A*02:01,1,1,0,0.32024372
CASSFAPGQGIEKLFF,VVMSWAPPV,A*02:01,1,1,0,0.30785084
CASSFAPGQGIEKLFF,VVLSWAPPV,A*02:01,1,1,0,0.31468323
CASSFATEAF,GILGFVFTL,A*02:01,1,1,0,0.42713076
CASSFDLAGVNYEQYF,LLWNGPMAV,A*02:01,1,1,0,0.10556114
CASSFEGQETQYF,KLVALGINAV,A*02:01,1,1,0,0.21514735
CASSFFHNNEQFF,GILGFVFTL,A*02:01,1,1,0,0.42713076
CASSFGASYGYTF,LLWNGPMAV,A*02:01,1,1,0,0.10556114
CASSFGGGGQPQHF,ELAGIGILTV,A*02:01,1,1,0,0.23120329
CASSFGGLARNEQFF,ELAGIGILTV,A*02:01,1,1,0,0.23120329
CASSFGGLGTEAFFGF,EAAGIGILTV,A*02:01,1,1,0,0.021617109
CASSFGGLYGYTF,KMVAVFYNT,A*02:01,1,1,0,0.021269765
CASSFGGLYGYTF,KMVAVFYTT,A*02:01,1,1,0,0.022811526
CASSFGGLYGYTF,MMPFSIVYI,A*02:01,1,1,0,5.9039695e-07
CASSFGGRAGDTDTQYF,CTELKLSDY,A*01:01,1,1,0,7.92892e-07
CASSFGGSSYEQYF,VVLSWAPPV,A*02:01,1,1,0,5.1128677e-07
CASSFGGYEQYF,KLVALGINAV,A*02:01,1,1,0,7.833774e-07
CASSFGIGPQYF,FLYNPLTRV,A*02:01,1,1,0,5.70567e-07
CASSFGIPYEQYF,LLWNGPMAV,A*02:01,1,1,0,0.00032287734
CASSFGNEQFF,VAANIVLTV,A*02:01,1,1,0,0.00040699827
CASSFGNSYEQYF,VAANIVLTV,A*02:01,1,1,0,0.00040699827
CASSFGPGYEQYF,VVLSWAPPV,A*02:01,1,1,0,0.00049860904
CASSFGPGYEQYF,VVMSWAPPV,A*02:01,1,1,0,0.00049014646
CASSFGPSYGYTF,VVMSWAPPV,A*02:01,1,1,0,0.00049014646
CASSFGPSYGYTF,VVLSWAPPV,A*02:01,1,1,0,0.00049860904
CASSFGPVEQYF,LLFGMPPCL,A*02:01,1,1,0,0.00054190785
CASSFGPYGYTF,VVMSWAPPV,A*02:01,1,1,0,0.00049014646
CASSFGPYGYTF,VVLSWAPPV,A*02:01,1,1,0,0.00049860904
CASSFGQEEGQPQHF,SLAPLSPRV,A*02:01,1,1,0,0.16137648
CASSFGQNYEQYF,KLWASPLHV,A*02:01,1,1,0,0.16551292
CASSFGRLSGANVLTF,CTELKLSDY,A*01:01,1,1,0,0.14044371
CASSFGSGNTIYF,LLFALHFSA,A*02:01,1,1,0,0.18497805
CASSFGTSGTYEQYF,LLWNGPMAV,A*02:01,1,1,0,0.15292504
CASSFGVGQPQHF,LMFWASSSI,A*02:01,1,1,0,0.14212398
CASSFHPGQDRGNSPLHF,QYIKWPWYI,A*24:02,1,1,0,0.10244471
CASSFITSGFPYEQYF,KLSALGINAV,A*02:01,1,1,0,0.1644174
CASSFLADGELFF,MTLHGFMMY,A*30:02,1,1,1,0.9981584
CASSFLAGPQETQYF,KLSALGINAV,A*02:01,1,1,1,0.9972899
CASSFLGTGLNEQYF,KLVALGINAV,A*02:01,1,1,1,0.9972186
CASSFLQVTEAF,NLVPMVATV,A*02:01,1,1,1,0.9977191
CASSFLSGANLYNEQFF,ALSKGVHFV,A*02:01,1,1,1,0.99798524
CASSFLTGELFF,CTELKLSDY,A*01:01,1,1,1,0.998637
CASSFLTGPKGDYTF,SPRWYFYYL,B*07:02,1,1,1,0.99812704
CASSFLTPGQVHSGNTIYF,LLWNGPMAV,A*02:01,1,1,1,0.99702626
CASSFMETQYF,ALSPVIPHI,A*02:01,1,1,1,0.9978853
CASSFMGQGESGYTF,LLSIISFPA,A*02:01,1,1,0,2.250669e-05
CASSFMGQGESGYTF,LLSIIFFPA,A*02:01,1,1,0,2.718624e-05
CASSFMTEAGELFF,ILNAMIAKI,A*02:01,1,1,0,2.593924e-05
CASSFNSLDRSFFSGNTIYF,SPRWYFYYL,B*07:02,1,1,0,1.5604375e-05
CASSFPGTGGNIQYF,KLSALGINAV,A*02:01,1,1,0,3.9851602e-05
CASSFPLGGSPQLVTQYF,RQLLFVVEV,A*02:01,1,1,0,2.0158663e-05
CASSFPPGGVGTEKLFF,RYPLTFGW,A*24:02,1,1,0,2.3927068e-05
CASSFPVSDPSTDTQYF,KMVAVFYTT,A*02:01,1,1,1,0.9262171
CASSFQGYTEAFFGF,NLVPMVATV,A*02:01,1,1,1,0.92266023
CASSFRDEDPGNTIYF,YHSIEWAI,B*38:01,1,1,1,0.93735653
CASSFRDSSYEQYF,ALSPVIPHI,A*02:01,1,1,1,0.92476696
CASSFRGEAFF,AVGSYVYSV,A*02:01,1,1,1,0.9109147
CASSFRGLNQPQHF,VYFLQSINF,A*24:02,1,1,1,0.87572443
CASSFRQTLAVYEQYF,LLSIISFPA,A*02:01,1,1,1,0.9400704
CASSFRQTLAVYEQYF,LLSIIFFPA,A*02:01,1,1,1,0.9249244
CASSFSGTFEAFF,ALSPVIPHI,A*02:01,1,1,1,0.92476696
CASSFSVRDMGTEAFF,CTELKLSDY,A*01:01,1,1,0,1.0792591e-05
CASSFSVWDSNQPQHF,KLNTITPVV,A*02:01,1,1,0,1.9573781e-05
CASSFTSGSGHEQYF,VVLSWAPPV,A*02:01,1,1,0,2.3446304e-05
CASSFTSGSGHEQYF,VVMSWAPPV,A*02:01,1,1,0,2.2925453e-06
CASSFTVAGEQYF,ALSPVIPHI,A*02:01,1,1,0,2.1148824e-06
CASSFTWTSGGATDTQYF,FLRGRAYGL,B*08:01,1,1,0,5.557996e-06
CASSFVGLAGNEQFF,RYPLTFGW,A*24:02,1,1,0,2.7861959e-06
CASSFVRDSPHRDTEAFF,KMVAVFYTT,A*02:01,1,1,0,3.5264281e-06
CASSFWAGGWTEAFF,MLNIPSINV,A*02:01,1,1,0,2.666883e-06
CASSFWDRVSGANVLTFGF,NLVPMVATV,A*02:01,1,1,0,2.433889e-06
CASSFWGADTQYF,LLWNGPMAV,A*02:01,1,1,0,2.4095264e-06
CASSFWGLPHQETQYF,KMVAVFYTT,A*02:01,1,1,0,3.5264281e-06
CASSFWRDGATNEKLFF,KMVAVFYTT,A*02:01,1,1,0,3.5264281e-06
CASSFYGREAF,LLWNGPMAV,A*02:01,1,1,0,2.4095264e-06
CASSGAAGTSAYNEQFF,ALSPVIPHI,A*02:01,1,1,0,0.002132146
CASSGAAGTSAYNEQFF,ALSPVIPLI,A*02:01,1,1,0,0.0024551935
CASSGAGGYEQYF,LLWNGPMAV,A*02:01,1,1,0,0.0009604824
CASSGASYEQYF,CTELKLSDY,A*01:01,1,1,0,0.001617098
CASSGDAAGAYGYTF,LLWNGPMAV,A*02:01,1,1,0,0.0009604824
CASSGDRNQPQHF,KLSALGINAV,A*02:01,1,1,0,0.0012733102
CASSGELTDTQYF,VLNYFEPYL,A*02:01,1,1,0,0.33104697
CASSGFRGELFF,ILTGLNYEV,A*02:01,1,1,0,0.291395
CASSGFSNQPQHF,MMPFSIVYI,A*02:01,1,1,0,0.27748698
CASSGGGAEAFF,ILTGLNYEA,A*02:01,1,1,0,0.3349296
CASSGGGAEAFF,ILTGLNYEV,A*02:01,1,1,0,0.291395
CASSGGGAGNEQFF,LIIPFIHLI,A*02:01,1,1,0,0.27053776
CASSGGGGGAYEQYF,LLWNGPMAV,A*02:01,1,1,0,0.2238783
CASSGGGGRGYNEQFF,LIIPFIHLI,A*02:01,1,1,0,0.27053776
CASSGGLYSTDTQYF,GQVMVVAPR,B*27:05,1,1,0,0.2360141
CASSGGLYSTDTQYF,LRVMMLAPF,B*27:05,1,1,0,3.4637655e-05
CASSGGLYSTDTQYF,TRLALIAPK,B*27:05,1,1,0,2.5157433e-05
CASSGGLYSTDTQYF,GQMWLLAPR,B*27:05,1,1,0,1.2496653e-05
CASSGGLYSTDTQYF,GKTELLAPF,B*27:05,1,1,0,3.2938387e-05
CASSGGQGAYEQYF,LLWNGPMAV,A*02:01,1,1,0,4.013964e-05
CASSGGVSYNEQFF,LLWNGPMAV,A*02:01,1,1,0,4.013964e-05
CASSGLAGGPFGMETQYF,ILTGLNYEA,A*02:01,1,1,0,2.4095418e-05
CASSGLAGGPFGMETQYF,ILTGLNYEV,A*02:01,1,1,1,0.99146444
CASSGLINGNTIYF,FEDLRLLSF,B*37:01,1,1,1,0.9932829
CASSGLINGNTIYF,FEDLRVLSF,B*37:01,1,1,1,0.9933342
CASSGLRGPNEQFF,LLWNGPMAV,A*02:01,1,1,1,0.98798835
CASSGPRGYTF,ILNAMITKI,A*02:01,1,1,1,0.9908591
CASSGQGAYEQFF,LLWNGPMAV,A*02:01,1,1,1,0.98798835
CASSGQGAYITDTQYF,ALSPVIPLI,A*02:01,1,1,1,0.99270755
CASSGQGGDEQYF,ILTGLNYEA,A*02:01,1,1,1,0.90893173
CASSGQGGDEQYF,ILTGLNYEV,A*02:01,1,1,1,0.9075889
CASSGQGIAYEQYF,LLWNGPMAV,A*02:01,1,1,1,0.8513813
CASSGRDRNF,LLSIISFPA,A*02:01,1,1,1,0.90083694
CASSGRDRNF,LLSIIFFPA,A*02:01,1,1,1,0.8983165
CASSGRDRQNTEAF,LLWNGPMAV,A*02:01,1,1,1,0.8513813
CASSGRDSPSDEQFF,SPRWYFYYL,B*07:02,1,1,1,0.89984334
CASSGSGASTDTQYF,KMVAVFYNT,A*02:01,1,1,1,0.8931928
CASSGSGGFTEAFF,LLAMTVPNV,A*02:01,1,1,1,0.86063504
CASSGSSVETQYF,LIIPFIHLI,A*02:01,1,1,1,0.87888145
CASSGVRATEAFF,FEDLRVLSF,B*37:01,1,1,0,1.3477586e-07
CASSGVRATEAFF,FEDLRLLSF,B*37:01,1,1,0,1.3888051e-07
CASSHASGQGDSYEQYF,RFPLTFGWCF,A*24:02,1,1,0,1.12094504e-07
CASSHDAGASTGELFF,LLWNGPMAV,A*02:01,1,1,0,5.474127e-07
CASSHETGELFF,YVLTWIVGA,A*02:01,1,1,0,2.5607642e-07
CASSHGASYEQYVF,LLWNGPMAV,A*02:01,1,1,0,5.474127e-07
CASSHGGGFAYEQYF,LLWNGPMAV,A*02:01,1,1,1,0.99886477
CASSHGTAYGYTF,LLWNGPMAV,A*02:01,1,1,1,0.99886477
CASSHGTETYEQYF,SVYGDTLEK,A*11:01,1,1,1,0.9987766
CASSHLAGGAGEQFF,LLWNGPMAV,A*02:01,1,1,1,0.99886477
CASSHLLAAYNEQFF,CTELKLSDY,A*01:01,1,1,0,0.019858928
CASSHLQGSEKLFF,CTELKLSDY,A*01:01,1,1,0,0.019858928
CASSHRDSQETQYF,RYPLTFGW,A*24:02,1,1,0,0.018897228
CASSHRTSGRAEEQYF,RFPLTFGWCF,A*24:02,1,1,0,0.016623987
CASSHSGYEQF,LLWNGPMAV,A*02:01,1,1,0,0.018847885
CASSIAAGNTIYF,KLVALGINAV,A*02:01,1,1,0,0.02897831
CASSIAGGLYEQFF,VYIGDPAQL,A*02:01,1,1,0,0.03175806
CASSIAGGSLHEQYF,SPRWYFYYL,B*07:02,1,1,0,0.01481392
CASSIAPGNEQYF,LLFGMPPCL,A*02:01,1,1,0,0.026422588
CASSIAVSLAKNIQYF,VMPFSIVYIV,A*02:01,1,1,0,0.02386259
CASSIAVSLAKNIQYF,VLNYFKPYL,A*02:01,1,1,0,8.0866386e-07
CASSIEGPTGELF,VAANIVLTV,A*02:01,1,1,0,1.0200663e-06
CASSIFGQREQYF,GILGFVFTL,A*02:01,1,1,0,1.1874735e-06
CASSIFPNPGNTIYF,VAANIVLTV,A*02:01,1,1,0,1.0200663e-06
CASSIFTRRGYEQYF,ILNVDVFTL,A*02:01,1,1,0,5.4260806e-07
CASSIFTRRGYEQYF,ILNVDIFTL,A*02:01,1,1,0,0.00695753
CASSIGDYEQYF,RLGPYLEFL,A*02:01,1,1,0,0.0077047334
CASSIGGYGYTF,FLYNPLTRV,A*02:01,1,1,0,0.0024264904
CASSIGLGGTSEQFF,LLWNGPMAV,A*02:01,1,1,0,0.0021163316
CASSIGLNQPQHF,KLVALGINAV,A*02:01,1,1,0,0.0036079956
CASSIGQAYYEQYF,FEDLRVLSF,B*37:01,1,1,0,0.007123738
CASSIGRSEQFF,FEDLRLLSF,B*37:01,1,1,0,0.0076198075
CASSIGSGMNSPLHF,FEDLRLLSF,B*37:01,1,1,0,0.0076198075
CASSIGTGGNYGYTF,FEDLRVLSF,B*37:01,1,1,0,0.007123738
CASSIGVRAFF,FEDLRVSSF,B*37:01,1,1,0,0.0071775443
CASSIGVRAFF,FEDLRVLSF,B*37:01,1,1,0,0.007123738
CASSIGVRAFF,FEDLRLLSF,B*37:01,1,1,0,1.4547142e-07
CASSIIAGSSYNEQFF,LVLEVDPNI,A*02:01,1,1,0,3.9672397e-08
CASSIIAGSSYNEQFF,EIQEFCPNT,A*02:01,1,1,0,9.14873e-08
CASSIIAGSSYNEQFF,CFVECAPVC,A*02:01,1,1,0,8.360862e-08
CASSIIAGSSYNEQFF,KVKEVCPNV,A*02:01,1,1,0,4.841361e-08
CASSIIAGSSYNEQFF,KMVTVCPNT,A*02:01,1,1,0,5.7288652e-08
CASSIIAGSSYNEQFF,NMIHFAPNV,A*02:01,1,1,0,6.6524215e-08
CASSIIAGSSYNEQFF,NMINFAPNI,A*02:01,1,1,0,5.9299385e-08
CASSIIAGSSYNEQFF,KLLEIAPNC,A*02:01,1,1,0,6.691669e-08
CASSIIAGSSYNEQFF,RTMEVCYNT,A*02:01,1,1,0,5.3795027e-08
CASSIIAGSSYNEQFF,AEMEFCPCC,A*02:01,1,1,1,0.98809916
CASSIIAGSSYNEQFF,GCQEICPAC,A*02:01,1,1,1,0.9893617
CASSIIAGSSYNEQFF,NDMLVCANI,A*02:01,1,1,1,0.9912348
CASSILGASNQPQHF,THLMVLCCV,A*02:01,1,1,1,0.9881819
CASSILGASNQPQHF,LVLEVDPNI,A*02:01,1,1,1,0.9915167
CASSILGASNQPQHF,RTMEVCYNT,A*02:01,1,1,1,0.9894462
CASSILGASNQPQHF,CFLLILPNC,A*02:01,1,1,1,0.99046516
CASSILGASNQPQHF,KVKEVCPNV,A*02:01,1,1,1,0.9910059
CASSILGASNQPQHF,GCQEICPAC,A*02:01,1,1,1,0.9466817
CASSILGASNQPQHF,AEMEFCPCC,A*02:01,1,1,1,0.9494866
CASSILGASNQPQHF,EIQEFCPNT,A*02:01,1,1,1,0.94364357
CASSILGASNQPQHF,CFVECAPVC,A*02:01,1,1,1,0.946767
CASSILGASNQPQHF,KLLEIAPNC,A*02:01,1,1,1,0.9438726
CASSILQGLGGSNQPQHF,SPRWYFYYL,B*07:02,1,1,1,0.99999726
CASSILQGRSYEQYF,FEDLRLLSF,B*37:01,1,1,1,0.9999974
CASSINRASEAFF,CTELKLSDY,A*01:01,1,1,1,0.9999974
CASSIPAGGAYGYTF,LLWNGPMAV,A*02:01,1,1,1,0.99999845
CASSIPDGTQYF,FEDLRLLSF,B*37:01,1,1,1,0.9999974
CASSIPSRTTNYGYTF,RLGPYLEFL,A*02:01,1,1,1,0.99999857
CASSIQGNSNQPQHF,RLGPYLEFL,A*02:01,1,1,1,0.99999857
CASSIQGRGDTEAFF,LLWNGPMAV,A*02:01,1,1,1,0.99999845
CASSIRSSTEAF,GILGFVFTL,A*02:01,1,1,0,0.0011742937
CASSIRVSGANVLTF,LMFWASSSI,A*02:01,1,1,0,0.0011615112
CASSISGGSYEQYF,RLGPYLEFL,A*02:01,1,1,0,0.000893052
CASSISPSGFNGYTF,FEDLRVLSF,B*37:01,1,1,0,0.0017098628
CASSISPSSYEQYF,KLWASPLHV,A*02:01,1,1,0,0.0009003171
CASSISSGRTYEQYF,FEDLRVLSF,B*37:01,1,1,0,0.0017098628
CASSISSGVAYEQYF,RPPIFIRRL,B*07:02,1,1,0,0.0041369256
CASSISSTGELF,RLPGVLPRA,A*02:01,1,1,0,0.0042116586
CASSISTSGYEQFF,NLNCCSVPV,A*02:01,1,1,0,0.00406224
CASSITWMNTEAFF,KMVAVFYTT,A*02:01,1,1,0,0.0037389658
CASSIVDGYEQYF,NLNCCSVPV,A*02:01,1,1,0,0.00406224
CASSIVGQGYEQYF,NLNCCSVPV,A*02:01,1,1,0,0.00406224
CASSIVKLAGGTYEQYF,CTELKLSDY,A*01:01,1,1,0,0.09414632
CASSIVQRTNTEAFF,FEDLRLLSF,B*37:01,1,1,0,0.044066194
CASSIVSSSYNEQFF,VAANIVLTV,A*02:01,1,1,0,0.070996314
CASSIYGAGYTEAFF,GILGFVFTL,A*02:01,1,1,0,0.036093466
CASSIYRRRQGALAGPDTQYF,FEDLRVSSF,B*37:01,1,1,0,0.021580985
CASSIYSVNEQF,GILGFVFTL,A*02:01,1,1,0,0.036093466
CASSKDRNQPQHF,KLSALGINAV,A*02:01,1,1,0,0.11456152
CASSKQGEAEAFF,LLWNGPMAV,A*02:01,1,1,0,2.8097194e-08
CASSKRNEQFF,RFPLTFGWCF,A*24:02,1,1,0,2.6484736e-08
CASSKTSGSPYNEQF,NLVPMVATV,A*02:01,1,1,0,2.2695549e-08
CASSLAAQGQRVTGELFF,KMVAVFYTT,A*02:01,1,1,0,7.492541e-08
CASSLADLYSYEQYF,KMVAVFYTT,A*02:01,1,1,0,7.492541e-08
CASSLAGDRGRNSPLHF,KMVAVFYTT,A*02:01,1,1,1,0.9999635
CASSLAGESSYNEQFF,VVLSWAPPV,A*02:01,1,1,1,0.999972
CASSLAGGGEQYF,YVLDHLIVV,A*02:01,1,1,1,0.9999685
CASSLAGGPLHEQFF,SPRWYFYYL,B*07:02,1,1,1,0.99996054
CASSLAGGSEQFF,SPRWYFYYL,B*07:02,1,1,1,0.99996054
CASSLAGGTGETQYF,CTELKLSDY,A*01:01,1,1,1,0.99998105
CASSLAGQGANEKLF,KLSALGINAV,A*02:01,1,1,1,0.9999708
CASSLAGSTGELFF,VYIGDPAQL,A*24:02,1,1,1,0.9999621
CASSLAGTSPPFF,RFPLTFGWCF,A*24:02,1,1,1,0.99996316
CASSLAGTTVYNEQFF,RPIPIKYKAM,B*07:02,1,1,1,0.99995446
CASSLAGVEQYF,SPRWYFYYL,B*07:02,1,1,1,0.839102
CASSLAKMDLPLAKNIQYF,NLFNRYPAL,A*02:01,1,1,1,0.8702003
CASSLALDEQFF,IPSINVHHY,B*35:01,1,1,1,0.8506424
CASSLAPGSYEQYF,LLWNGPMAV,A*02:01,1,1,1,0.88735163
CASSLAQGKAFF,FEDLRVSSF,B*37:01,1,1,0,1.3642296e-05
CASSLAQGSYEQYF,LLWNGPMAV,A*02:01,1,1,0,1.6501655e-05
CASSLASGGALYNEQF,LLWNGPMAV,A*02:01,1,1,0,1.6501655e-05
CASSLASGRATELF,HTMLCMCCK,A*11:01,1,1,0,9.326179e-06
CASSLASGYEQYF,NYNYLYRLF,A*24:02,1,1,0,1.8144625e-05
CASSLASWGNEKLF,RPRGEVRFL,B*07:02,1,1,0,2.4715366e-05
CASSLATEQFF,AVGSYVYSV,A*02:01,1,1,1,0.99249387
CASSLAVGETRNSPLHF,KMVAVFYTT,A*02:01,1,1,1,0.9929127
CASSLAVGQPGEEEQYF,KMVAVFYTT,A*02:01,1,1,0,7.1306935e-08
CASSLAVHNEQFF,FEDLRLLSF,B*37:01,1,1,0,1.3779106e-07
CASSLAVHNEQFF,FEDLRVLSF,B*37:01,1,1,0,1.4779228e-07
CASSLAYSYEQYF,YLEPGPVTA,A*02:01,1,1,0,5.4257708e-08
CASSLDGGLTDTQYF,IVCPICSQK,A*11:01,1,1,0,9.466583e-08
CASSLDGPTQYF,LLFALHFSA,A*02:01,1,1,0,6.075891e-08
CASSLDIEAFF,YLQPRTFLL,A*02:01,1,1,0,0.00028742268
CASSLDLAGGFYEQYF,LLAGTLAVV,A*02:01,1,1,0,0.00029478816
CASSLDLDSDGYTF,MTLHGFMMY,A*30:02,1,1,0,0.00019034688
CASSLDLDWGQSYNEQFF,VVMSWAPPV,A*02:01,1,1,0,0.00023048013
CASSLDLDWGQSYNEQFF,VVLSWAPPV,A*02:01,1,1,0,0.00023883232
CASSLDRAIGVTYEQYF,VLFGLGFAI,A*02:01,1,1,0,0.00028139807
CASSLDRVTGELF,NLVPMVATV,A*02:01,1,1,0,0.0002485278
CASSLDSPPGVTEAFF,CTELKLSDY,A*01:01,1,1,0,0.00023012023
CASSLDYNEQFF,NLNCCSVPV,A*02:01,1,1,0,2.7855364e-08
CASSLEAAPGRYGYTF,CTELKLSDY,A*01:01,1,1,0,2.0280385e-08
CASSLEDSANYGYTF,KLWASPLHV,A*02:01,1,1,0,4.3407116e-08
CASSLEFGADTQYF,LMFWASSSI,A*02:01,1,1,0,3.3349828e-08
CASSLEGEKLFF,LLSIIFFPA,A*02:01,1,1,0,4.235221e-08
CASSLEGTGLTDTQYF,ELAGIGILTV,A*02:01,1,1,0,4.1674923e-08
CASSLEGYTEAFFGF,NLVPMVATV,A*02:01,1,1,0,2.6141254e-08
CASSLEPQDTQYF,CTELKLSDY,A*01:01,1,1,0,2.0280385e-08
CASSLEQFLSGPAETQYF,KMVAVFYTT,A*02:01,1,1,0,4.018478e-08
CASSLERGPYYEQYF,LLWNGPMAV,A*02:01,1,1,0,0.00011846468
CASSLESTANTEAFF,FLYNLLTRV,A*02:01,1,1,0,8.413087e-05
CASSLETGGWETQYF,KLNTITPVV,A*02:01,1,1,0,8.048528e-05
CASSLETGRNIQYF,SPRWYFYYL,B*07:02,1,1,0,4.9479142e-05
CASSLEVARLAGEGYEQYF,RFPLTFGWCF,A*24:02,1,1,0,4.6557136e-07
CASSLEVLAGVYEQYF,LLWNGPMAV,A*02:01,1,1,0,1.2031805e-06
CASSLFGGFTEAFFGF,NLVPMVATV,A*02:01,1,1,0,5.953749e-07
CASSLFNQETQYF,YVLDHLIVV,A*02:01,1,1,0,7.8794784e-07
CASSLFPGGNTGELFFGF,ELAGIGILTV,A*02:01,1,1,0,1.3144017e-06
CASSLFVGGPGNEQF,NLVPMVATV,A*02:01,1,1,0,5.953749e-07
CASSLGAEQYF,LLFGMTPCL,A*02:01,1,1,0,0.00015715668
CASSLGAGSYEQYF,VLFHRAFLV,A*02:01,1,1,0,0.00020977185
CASSLGDRGPQPQHF,AVGSYVYSV,A*02:01,1,1,0,0.00018188696
CASSLGETIYGYTF,QYIKWPWYI,A*24:02,1,1,0,0.00019691316
CASSLGFGYEQFF,MLNIPSINV,A*02:01,1,1,0,0.00017162994
CASSLGGAAYNEQF,LLWNGPMAV,A*02:01,1,1,0,0.00028214915
CASSLGGAGSQPQHF,LLWNGPMAV,A*02:01,1,1,0,0.00028214915
CASSLGGAPYNEQF,LLWNGPMAV,A*02:01,1,1,1,0.9988481
CASSLGGDEQYF,NLFNRYPAL,A*02:01,1,1,1,0.99889946
CASSLGGGADEQFF,KTWGQYWQV,A*02:01,1,1,1,0.9991036
CASSLGGGAYEQYF,ILTGLNYEA,A*02:01,1,1,1,0.99898773
CASSLGGGAYEQYF,ILTGLNYEV,A*02:01,1,1,1,0.99901724
CASSLGGGEGGSSYEQYF,RPPIFIRRL,B*07:02,1,1,0,6.393998e-07
CASSLGGGELFF,KTWGQYWQV,A*02:01,1,1,0,5.3715513e-07
CASSLGGIGSTGNQPQHF,SVYGDTLEK,A*11:01,1,1,0,4.7366044e-07
CASSLGGIPVNEQFF,LLWNGPMAV,A*02:01,1,1,0,1.6228956e-06
CASSLGGLGQPQHF,ELAGIGILTV,A*02:01,1,1,0,1.2807508e-06
CASSLGGLVYNEQFF,FLYNPLTRV,A*02:01,1,1,0,1.3556172e-06
CASSLGGLVYNEQFF,SLAPLSPRV,A*02:01,1,1,0,6.110122e-07
CASSLGGLVYNEQFF,FLYNLLTRV,A*02:01,1,1,0,0.004382478
CASSLGGPAEQYF,VVMSWAPPV,A*02:01,1,1,0,0.002693926
CASSLGGPAEQYF,VVLSWAPPV,A*02:01,1,1,0,0.0025534178
CASSLGGPGAFF,LLFGMTPCL,A*02:01,1,1,0,0.0028128484
CASSLGGQGAYEQYF,LLWNGPMAV,A*02:01,1,1,0,0.0036983623
CASSLGGSYTF,VVLSWAPPV,A*02:01,1,1,0,0.0025534178
CASSLGGTEAFF,KMVAVFYTT,A*02:01,1,1,0,5.1540133e-06
CASSLGHFEGNQPQHF,KMVAVFYTT,A*02:01,1,1,0,5.1540133e-06
CASSLGIYGYTF,LLWNGPMAV,A*02:01,1,1,0,2.4622032e-06
CASSLGLADPNNEQFF,LLFGYPVYV,A*02:01,1,1,0,2.1664605e-06
CASSLGLAGDNEQFF,RYPLTFGW,A*24:02,1,1,0,2.9375678e-06
CASSLGLAGDNEQFF,RFPLTFGWCF,A*24:02,1,1,0,3.5485518e-06
CASSLGNGGWAEAFF,AVGSYVYSV,A*02:01,1,1,0,3.2263083e-06
CASSLGNTEAFF,FLYNPLTRV,A*02:01,1,1,0,1.7530238e-06
CASSLGPAYNEQFF,MLNIPSINV,A*02:01,1,1,0,3.1056652e-06
CASSLGPGKSSKTQYF,FEDLRVSSF,B*37:01,1,1,0,4.940809e-06
CASSLGPMEENIQYF,ILNVDVFTL,A*02:01,1,1,0,0.1556295
CASSLGPMEENIQYF,ILNVDIFTL,A*02:01,1,1,0,0.15118808
CASSLGPNSPLHF,ILNAMIAKI,A*02:01,1,1,0,0.24900952
CASSLGPNSPLHF,ILNAMITKI,A*02:01,1,1,0,0.24896812
CASSLGPSLYEQYF,SLAPLSPRA,A*02:01,1,1,0,0.15160532
CASSLGPSLYEQYF,SLAPLSPRV,A*02:01,1,1,0,0.16998321
CASSLGPTTYKSSYEQYF,FEDLRVSSF,B*37:01,1,1,0,2.7214256e-07
CASSLGPYEQYF,LLWNGPMAV,A*02:01,1,1,0,1.8430583e-06
CASSLGQFNTEAF,IVCPICSQK,A*11:01,1,1,0,2.1517842e-07
CASSLGQGASIEQYF,LLWNGPMAV,A*02:01,1,1,0,1.8430583e-06
CASSLGQGRVEQYF,GQFLTPNSH,B*15:01,1,1,0,5.003548e-07
CASSLGQGTYEQYF,LLFALYFSA,A*02:01,1,1,0,9.175342e-07
CASSLGQGTYEQYF,LLFALHFSA,A*02:01,1,1,0,0.08920427
CASSLGQGWETQYF,ILNVDVFTL,A*02:01,1,1,0,0.12442764
CASSLGQGWETQYF,ILNVDIFTL,A*02:01,1,1,0,0.124107435
CASSLGQTVTQETQYF,FLYNLLTRV,A*02:01,1,1,0,0.042241424
CASSLGRGNSPLHF,VYGIRLEHF,A*24:02,1,1,0,0.045896217
CASSLGRGVQFF,FEDLRLLSF,B*37:01,1,1,0,0.075510494
CASSLGSGTQYF,KLVALGINAV,A*02:01,1,1,0,0.07187643
CASSLGTAITDTQYF,KLSALGINAV,A*02:01,1,1,0,1.1052938e-11
CASSLGTGVTEIF,VVMSWAPPV,A*02:01,1,1,0,9.77812e-12
CASSLGTGVTEIF,VVLSWAPPV,A*02:01,1,1,0,1.1424739e-11
CASSLGTLNEQFF,ALSPVIPLI,A*02:01,1,1,0,1.0606743e-11
CASSLGTPTEAFF,FEDLRVLSF,B*37:01,1,1,0,0.0033656862
CASSLGTSSTDTQYF,VLNYFKPYL,A*02:01,1,1,0,0.0024144873
CASSLGVFTGAGNQPQHF,SPRWYFYYL,B*07:02,1,1,0,0.0014763887
CASSLGVGTEAFF,ELAGIGILTV,A*02:01,1,1,0,0.0025274938
CASSLIDSPYEQYF,VLNYFKPYL,A*02:01,1,1,0,0.0024144873
CASSLIDSPYEQYF,VLNYFEPYL,A*02:01,1,1,0,0.0026952568
CASSLIDTGELFF,RLGPYLEFL,A*02:01,1,1,0,0.0020942232
CASSLIEGLSEQYF,FEDLRLLSF,B*37:01,1,1,0,0.017801514
CASSLIGGAQNIQYF,VLNYFEPYL,A*02:01,1,1,0,0.021220328
CASSLILDSPLHF,MTLHGFMMY,A*30:02,1,1,0,0.008876216
CASSLIQGAVDTQYF,LLFGMPPCL,A*02:01,1,1,0,0.023752946
CASSLISEATGLEAFF,RLVPYLEFL,A*02:01,1,1,0,0.013963062
CASSLISRTQYF,RFPLTFGWCF,A*24:02,1,1,0,0.011579666
CASSLITGGAKNIQYF,SPRWYFYYL,B*07:02,1,1,0,0.00017466805
CASSLKTGGSTEAFF,SPRWYFYYL,B*07:02,1,1,0,0.00017466805
CASSLLAGYNEQFF,FEDLRLLSF,B*37:01,1,1,0,0.0003391745
CASSLLGNTEAFF,MLYQHLLPL,A*02:01,1,1,0,0.00015120361
CASSLLGQSTNEKLFF,VLNYFKPYL,A*02:01,1,1,0,0.00016363889
CASSLLKGTLHF,FEDLRVSSF,B*37:01,1,1,0,0.0002476195
CASSLLLSREQFF,SPRWYFYYL,B*07:02,1,1,0,3.545721e-05
CASSLLVEQF,NLVPMVATV,A*02:01,1,1,0,3.8962942e-05
CASSLLWRNNEQFF,FEDLRLLSF,B*37:01,1,1,0,7.1567636e-05
CASSLLWRNNEQFF,FEDLRVLSF,B*37:01,1,1,0,7.375074e-05
CASSLMGAEAFF,NLFNRYPAL,A*02:01,1,1,0,4.8553742e-05
CASSLNREGNTEAFF,ALYGFVPVL,A*02:01,1,1,0,6.174656e-05
CASSLNRGLNTGELFF,KMVAVFYTT,A*02:01,1,1,0,4.7632562e-05
CASSLPDNNEQFF,KMVAVFYNT,A*02:01,1,1,0,7.765073e-05
CASSLPDNNEQFF,KMVAVFYTT,A*02:01,1,1,0,0.000116742776
CASSLPGAGHIQYF,VYIGDPAQL,A*24:02,1,1,0,6.851624e-05
CASSLPGANVLTF,CTELKLSDY,A*01:01,1,1,0,2.1074544e-05
CASSLPGGPRETQYF,ILTGLNYEV,A*02:01,1,1,1,0.9637322
CASSLPGGPRETQYF,ILTGLNYEA,A*02:01,1,1,1,0.96261996
CASSLPLAGARAYEQYF,RFPLTFGWCF,A*24:02,1,1,1,0.9674439
CASSLPPADMRDTQYF,LLFGMPPCL,A*02:01,1,1,1,0.96910536
CASSLPRGYGYTF,RFPLTFGWCF,A*24:02,1,1,1,0.9674439
CASSLQASGRETQYF,ILTGLNYEV,A*02:01,1,1,1,0.9637322
CASSLQASGRETQYF,ILTGLNYEA,A*02:01,1,1,1,0.96261996
CASSLQGGYGGGYTF,ELAGIGILTV,A*02:01,1,1,1,0.94107985
CASSLQNTGELFF,YLQPRTFLL,A*02:01,1,1,1,0.9490829
CASSLRDSSYEQYF,LLWNGPMAV,A*02:01,1,1,0,0.00036000647
CASSLREAGELFF,FLYNPLTRV,A*02:01,1,1,0,0.00041089102
CASSLRGEKNNYGYTF,GMGPLLATV,A*02:01,1,1,0,0.00049571524
CASSLRGLNQPQHF,VYFLQSINF,A*24:02,1,1,0,0.00047702173
CASSLRGPTGYTF,LLWNGPMAV,A*02:01,1,1,0,0.00036000647
CASSLRSGTGELFF,FEDLRLLSF,B*37:01,1,1,0,0.001232743
CASSLRTDRF,KTFPPTEPK,A*03:01,1,1,0,0.0010003156
CASSLRTGPRADTQYF,RFPLTFGWCF,A*24:02,1,1,0,5.9897536e-07
CASSLSFGTEAFF,ELAGIGILTV,A*02:01,1,1,0,1.0130292e-06
CASSLSGGFYEQYFGF,EAAGIGILTV,A*02:01,1,1,0,1.0313693e-06
CASSLSGGPQHF,LMFWASSSI,A*02:01,1,1,0,1.1961855e-06
CASSLSGQGATNEKLFF,MLYQHLLPL,A*02:01,1,1,0,5.387614e-07
CASSLSGVAYGYTF,ILTGLNYEV,A*02:01,1,1,0,6.8408116e-07
CASSLSGVAYGYTF,ILTGLNYEA,A*02:01,1,1,0,8.15812e-07
CASSLSLGGQYNGYTF,LLWNGPMAV,A*02:01,1,1,0,6.172597e-07
CASSLSPGYTEAFF,YVLTWIVGA,A*02:01,1,1,0,7.569807e-07
CASSLSPTDTQYF,KMVAVFYTT,A*02:01,1,1,1,0.9985689
CASSLSSATGELF,LLWNGPMAV,A*02:01,1,1,1,0.99851483
CASSLSSGPYNEQFF,VVMSWAPPV,A*02:01,1,1,1,0.9986499
CASSLSSGPYNEQFF,VVLSWAPPV,A*02:01,1,1,1,0.99862945
CASSLSTVFTDTQYF,ELAGIGILTV,A*02:01,1,1,1,0.99867576
CASSLSWEDENTDTQYF,KMVAVFYTT,A*02:01,1,1,1,0.9985689
CASSLSWGETQYF,MTLHGFMMY,A*30:02,1,1,1,0.9985843
CASSLSWLDSQETQYF,KMVAVFYTT,A*02:01,1,1,1,0.9985689
CASSLSYEQYF,FLTVFSHFM,A*02:01,1,1,1,0.9987159
CASSLTALGAAYVYTF,LLWNGPMAV,A*02:01,1,1,1,0.99851483
CASSLTGETEKLF,RLPGVLPRA,A*02:01,1,1,0,3.2320793e-06
CASSLTGGGNYGYTF,MTLHGFMMY,A*30:02,1,1,0,6.046121e-06
CASSLTGHNQPQHF,FEDLRLLSF,B*37:01,1,1,0,5.6309823e-06
CASSLTGQGAFF,FEDLRVLSF,B*37:01,1,1,0,4.9677533e-06
CASSLTGQGAFF,FEDLRLLSF,B*37:01,1,1,0,5.6309823e-06
CASSLTGQGAFF,FEDLRVSSF,B*37:01,1,1,0,2.362311e-06
CASSLTGRETQYF,MTLHGFMMY,A*30:02,1,1,0,6.046121e-06
CASSLTGSAEAFF,MMPFSIVYI,A*02:01,1,1,0,4.6111913e-06
CASSLTGTGSYNEQFF,CTELKLSDY,A*01:01,1,1,0,2.2957113e-06
CASSLTQNEQFF,FEDLRVLSF,B*37:01,1,1,0,4.9677533e-06
CASSLVAGPYSQETQYF,MMPFSIVYI,A*02:01,1,1,0,4.6111913e-06
CASSLVAGPYSQETQYF,VMPFSIVYI,A*02:01,1,1,0,3.8323453e-08
CASSLVDSGLYEQYF,KLVALGINAV,A*02:01,1,1,0,7.702534e-08
CASSLVESEQFF,MLNIPSINV,A*02:01,1,1,0,6.484155e-08
CASSLVGAEAFF,LLSIISFPA,A*02:01,1,1,0,1.0186678e-07
CASSLVGAEAFF,LLSIIFFPA,A*02:01,1,1,0,1.4220136e-07
CASSLVGEGRGREQYF,QYIKWPWYI,A*24:02,1,1,0,1.3246776e-07
CASSLVGGRSGSEQFF,QSRGDENRGW,B*57:01,1,1,0,2.0749847e-07
CASSLVPGNHNEQFF,FEDLRLLSF,B*37:01,1,1,0,1.0629972e-07
CASSLVPSGQANTEAFF,KMVAVFYTT,A*02:01,1,1,0,8.9492005e-08
CASSLVPSGQANTEAFF,LLAMTVPNV,A*02:01,1,1,0,2.5099169e-08
CASSLVRADGETQYF,KMVAVFYTT,A*02:01,1,1,0,0.0003309702
CASSLVRDRHTEAFF,LLAILTYYV,A*02:01,1,1,0,0.0002393936
CASSLVSGREETQYF,KMVAVFYTT,A*02:01,1,1,0,0.0003309702
CASSLVTGTGWGYTF,NLVPMVATV,A*02:01,1,1,0,0.00030885087
CASSLWAGETQYF,NLNCCSVPV,A*02:01,1,1,0,0.00039589853
CASSLWASGKWSTDTQYF,CTELKLSDY,A*01:01,1,1,0,0.21765587
CASSLWGAGELFF,VLFGLGFAI,A*02:01,1,1,0,0.2193876
CASSLWGRALSYEQYF,FEDLRVSSF,B*37:01,1,1,0,0.21847543
CASSLWGTEAFF,RPPIFIRRL,B*07:02,1,1,0,0.20877063
CASSLYGELYYGYTF,SLLWMNPFV,A*02:01,1,1,0,0.26387325
CASSLYGGESQETQYF,VVLSWAPPV,A*02:01,1,1,0,0.21992029
CASSLYGGESQETQYF,VVMSWAPPV,A*02:01,1,1,0,0.22016346
CASSLYRGLYEQYF,VYGIRLEHF,A*24:02,1,1,0,0.1958012
CASSLYTAVETQYF,QYDPVAALF,A*24:02,1,1,1,0.5487476
CASSLYVYSYEQYF,NLFNRYPAL,A*02:01,1,1,1,0.6592276
CASSMAAGTHEQYF,ALSPVIPHI,A*02:01,1,1,1,0.6296377
CASSMAGEQYF,ELAGIGILTV,A*02:01,1,1,1,0.6032653
CASSMAGSSYEQYF,GMGPLLATV,A*02:01,1,1,1,0.5905321
CASSMAQGARSPLHF,FEDLRVLSF,B*37:01,1,1,0,9.1773285e-07
CASSMAQGARSPLHF,FEDLRLLSF,B*37:01,1,1,0,7.419968e-07
CASSMGGVGTEAFF,ALSPVIPHI,A*02:01,1,1,0,3.00112e-07
CASSMGRDGYTF,FEDLRVLSF,B*37:01,1,1,0,4.83516e-08
CASSMGRDGYTF,FEDLRLLSF,B*37:01,1,1,0,5.31161e-08
CASSMGTGPRETQYF,FEDLRVLSF,B*37:01,1,1,0,4.83516e-08
CASSMGTYSNQPQHF,FEDLRVLSF,B*37:01,1,1,0,4.83516e-08
CASSMGTYSNQPQHF,FEDLRVSSF,B*37:01,1,1,0,3.838205e-08
CASSMLGVLRGANVLTF,FEDLRLLSF,B*37:01,1,1,0,5.31161e-08
CASSMLVANYGYTF,FEDLRLLSF,B*37:01,1,1,0,4.606942e-09
CASSMSAMGTEAFF,FEDLRVLSF,B*37:01,1,1,0,3.8624157e-09
CASSMSAMGTEAFF,FEDLRLLSF,B*37:01,1,1,0,4.606942e-09
CASSMSAMGTEAFF,FEDLRVSSF,B*37:01,1,1,0,2.5921092e-09
CASSMSGWGDTQYF,ILNAMIAKI,A*02:01,1,1,0,1.3726951e-08
CASSNARGYGYTF,FLYNPLTRV,A*02:01,1,1,0,1.7084378e-08
CASSNLGGTDTQYF,LLFGMTPCL,A*02:01,1,1,0,6.8229444e-09
CASSNQETQYF,ALYGFVPVL,A*02:01,1,1,0,4.3904693e-09
CASSNVLAGGRDTQYF,ALYGFVPVL,A*02:01,1,1,0,4.3904693e-09
CASSPAAVNYGYTF,RFPLTFGWCF,A*24:02,1,1,0,2.1354547e-09
CASSPAGGYEQYVF,LLWNGPMAV,A*02:01,1,1,0,0.0022340363
CASSPAGQGAGTGELF,LLWNGPMAV,A*02:01,1,1,0,0.0022340363
CASSPAGTDYGYTF,KLNTITPVV,A*02:01,1,1,0,0.002187478
CASSPAPAYEQYF,KLWASPLHV,A*02:01,1,1,0,0.0020257486
CASSPAPAYEQYF,LLWNGPMAV,A*02:01,1,1,0,0.0022340363
CASSPAVGTGDEKLFF,FMLYLLTLM,A*02:01,1,1,0,0.0018545646
CASSPDGGHSTDTQYF,LLWNGPMAV,A*02:01,1,1,0,0.0022340363
CASSPDLNPYEQYF,VVLSWAPPV,A*02:01,1,1,0,0.002121603
CASSPDLNPYEQYF,VVMSWAPPV,A*02:01,1,1,0,0.0020823812
CASSPDPYEQYF,LLFGMTPCL,A*02:01,1,1,0,0.0024539863
CASSPDPYEQYF,LLFGMPPCL,A*02:01,1,1,0,0.00219851
CASSPDRFYEQYF,KLWASPLHV,A*02:01,1,1,0,0.0004175826
CASSPDVGHEKLFF,ELAGIGILTV,A*02:01,1,1,0,0.00046281907
CASSPEGVGGGEQYF,KLSALGINAV,A*02:01,1,1,0,0.00036317817
CASSPENSNQPQHF,LLWNGPMAV,A*02:01,1,1,0,0.00039391304
CASSPEPGSHEQYF,ELAGIGILTV,A*02:01,1,1,0,0.00046281907
CASSPESSGGDNEQFF,LLWNGPMAV,A*02:01,1,1,0,0.00039391304
CASSPFLTGSNTEAFF,VAANIVLTV,A*02:01,1,1,0,0.00028156818
CASSPGAAYEQYF,LLWNGPMAV,A*02:01,1,1,0,0.00039391304
CASSPGGATEAFF,LLWNGPMAV,A*02:01,1,1,0,0.112042576
CASSPGGGAYEQYF,RPIPIKYKAM,B*07:02,1,1,0,0.08084482
CASSPGGGELFF,KMVAVFYNT,A*02:01,1,1,0,0.10107276
CASSPGGGELFF,KMVAVFYTT,A*02:01,1,1,0,0.097520836
CASSPGGGYEQYF,NLNCCSVPV,A*02:01,1,1,0,0.092393115
CASSPGGTEAFF,ELAGIGILTV,A*02:01,1,1,0,0.13027757
CASSPGGVSYNEQF,LLWNGPMAV,A*02:01,1,1,0,0.112042576
CASSPGGYYGYTF,LLSIIFFPA,A*02:01,1,1,0,0.08922106
CASSPGLAGGWEQYF,NLVPMVATV,A*02:01,1,1,0,0.09237923
CASSPGLDYEQYF,MLNIPSINV,A*02:01,1,1,0,0.074374005
CASSPGLSYEQYVF,LLWNGPMAV,A*02:01,1,1,0,0.112042576
CASSPGLYSTDTQYF,TRLALIAPK,B*27:05,1,1,0,0.08249728
CASSPGLYSTDTQYF,GQVMVVAPR,B*27:05,1,1,0,0.070374146
CASSPGLYSTDTQYF,LRVMMLAPF,B*27:05,1,1,0,1.5557167e-05
CASSPGLYSTDTQYF,GQMWLLAPR,B*27:05,1,1,0,7.5438147e-06
CASSPGLYSTDTQYF,GKTELLAPF,B*27:05,1,1,0,1.5470338e-05
CASSPGLYTQYF,FLYNPLTRV,A*02:01,1,1,0,1.189582e-05
CASSPGPNQPQHF,YHSIEWAI,B*38:01,1,1,0,1.1128568e-05
CASSPGQAEPQHF,LLAGTLAGV,A*02:01,1,1,0,1.48521995e-05
CASSPGQAEPQHF,LLAGTLAVV,A*02:01,1,1,0,1.2434551e-05
CASSPGQGIDSPLHF,NLNCCSVPV,A*02:01,1,1,0,1.100914e-05
CASSPGQGLAYEQYF,NLNCCSVPV,A*02:01,1,1,0,1.100914e-05
CASSPGQGYEQYF,KLWASPLHV,A*02:01,1,1,0,0.0011040042
CASSPGQGYEQYF,LLWNGPMAV,A*02:01,1,1,0,0.001232766
CASSPGQSPTNEKLFF,ELAGIGILTV,A*02:01,1,1,0,0.0011453889
CASSPGQVSYEQYF,LLWNGPMAV,A*02:01,1,1,0,0.001232766
CASSPGRTQYF,FLYNLLTRV,A*02:01,1,1,0,0.00086852536
CASSPGSAVYNEQFF,SPRWYFYYL,B*07:02,1,1,0,0.000485525
CASSPGTAADTQYF,FEDLRVLSF,B*37:01,1,1,0,0.00091890385
CASSPGTAAGLTYEQYF,RFPLTFGWCF,A*24:02,1,1,0,0.008130671
CASSPGTANQPQHF,LLWNGPMAV,A*02:01,1,1,0,0.009394489
CASSPGTAYEQYF,KLWASPLHV,A*02:01,1,1,0,0.009377468
CASSPGTDYTGELFF,CTELKLSDY,A*01:01,1,1,0,0.0076865964
CASSPGTEAFF,RFPLTFGWCF,A*24:02,1,1,0,0.008130671
CASSPGTGAGYGYTF,LLWNGPMAV,A*02:01,1,1,0,0.009394489
CASSPGTGGYTEAF,LLWNGPMAV,A*02:01,1,1,0,0.009394489
CASSPGTGHTGELF,NLVPMVATV,A*02:01,1,1,0,0.008388189
CASSPGTGYEQYF,KLWASPLHV,A*02:01,1,1,0,0.009377468
CASSPGTSYEQYF,ALYGSVPVL,A*02:01,1,1,0,0.009568021
CASSPGTTTNEKLFF,VLNYFEPYL,A*02:01,1,1,0,0.009510517
CASSPGWGNYGYTF,LLWNGPMAV,A*02:01,1,1,0,0.009394489
CASSPHLRKGLEPQHF,RYPLTFGWCF,A*24:02,1,1,0,0.008660047
CASSPHSGGDPRNEQFF,YVLTWIVGA,A*02:01,1,1,0,0.007922635
CASSPIAGGRKNIQYF,SPRWYFYYL,B*07:02,1,1,0,0.0060504926
CASSPIETAKNIQYF,SPRWYFYYL,B*07:02,1,1,0,8.613105e-06
CASSPIGGGSNEQFF,ELAGIGILTV,A*02:01,1,1,0,1.5247224e-05
CASSPITGTSLANEQFF,VLFGLGFAI,A*02:01,1,1,0,1.47249175e-05
CASSPITNTGELFF,KMVAVFYNT,A*02:01,1,1,0,1.0621988e-05
CASSPITNTGELFF,KMVAVFYTT,A*02:01,1,1,0,1.3089992e-05
CASSPKAGILETQYF,RPPIFIRRL,B*07:02,1,1,0,9.637703e-06
CASSPKLQGAWAEKLF,NLVPMVATV,A*02:01,1,1,0,9.109879e-06
CASSPLAGRAEQFF,SPRWYFYYL,B*07:02,1,1,0,8.613105e-06
CASSPLAGVGTFRSYEQYF,HTMLCMCCK,A*11:01,1,1,0,6.7641845e-06
CASSPLGGVDTQYF,IVCPICSQK,A*11:01,1,1,0,6.1842434e-06
CASSPLGLAEQETQYF,VLFHRAFLV,A*02:01,1,1,0,1.41019045e-05
CASSPLHLRDGPKTPLHF,FEDLRVSSF,B*37:01,1,1,0,6.1799983e-06
CASSPLNSGTGNEQFF,TSTLQEQIGW,B*57:01,1,1,0,1.1340387e-05
CASSPLRGPADRTGTEAFF,YVLDHLIVV,A*02:01,1,1,0,1.0867917e-05
CASSPLRGPYEQYF,VVLSWAPPV,A*02:01,1,1,0,1.0172229e-05
CASSPLRGPYEQYF,VVMSWAPPV,A*02:01,1,1,0,9.800759e-06
CASSPLTATDTQYF,QYDPVAALF,A*24:02,1,1,0,1.3754971e-05
CASSPLTGSAERKETQYF,SPRWYFYYL,B*07:02,1,1,0,8.613105e-06
CASSPLTSNYGYTF,SPRWYFYYL,B*07:02,1,1,0,8.613105e-06
CASSPLVGLAGEKETQYF,SPRWYFYYL,B*07:02,1,1,0,8.613105e-06
CASSPMGQSYEQYF,ILTGLNYEA,A*02:01,1,1,0,1.5938293e-05
CASSPMGQSYEQYF,ILTGLNYEV,A*02:01,1,1,0,1.4568076e-05
CASSPMNEQFF,LLWNGPMAV,A*02:01,1,1,0,1.5021195e-05
CASSPMTGAEQFF,VVMSWAPPV,A*02:01,1,1,0,0.0004976528
CASSPMTGAEQFF,VVLSWAPPV,A*02:01,1,1,0,0.0005484144
CASSPMTGDGTQYF,CTELKLSDY,A*01:01,1,1,0,0.00024394701
CASSPNLQGAWGYTF,LLWNGPMAV,A*02:01,1,1,0,0.0012839877
CASSPNSAGGTEAF,LLWNGPMAV,A*02:01,1,1,0,0.0012839877
CASSPPAGGQGAYEQYF,LLWNGPMAV,A*02:01,1,1,0,0.0012839877
CASSPPAGSYNEQF,NLVPMVATV,A*02:01,1,1,0,0.00048989535
CASSPPGRSYNEQFF,QSRGDENRGW,B*57:01,1,1,0,0.0007212084
CASSPPGSKAYGYTF,MTLHGFMMY,A*30:02,1,1,0,0.00034835376
CASSPPLWGVYGYTF,KMVAVFYTT,A*02:01,1,1,0,2.3484212e-10
CASSPQGDSASSGNTIYF,KLSALGINAV,A*02:01,1,1,0,5.5858356e-11
CASSPQGQGESGANVLTF,MLNIPSINV,A*02:01,1,1,0,8.345109e-11
CASSPQGYEQYF,RFPLTFGWCF,A*24:02,1,1,0,4.0887117e-11
CASSPQTGAVTEAF,LLWNGPMAV,A*02:01,1,1,0,4.893986e-11
CASSPQTGTIYGYTGF,NLVPMVATV,A*02:01,1,1,0,5.6641872e-11
CASSPQTSGSSFAGELFF,ALSKGVHFV,A*02:01,1,1,0,2.198873e-11
CASSPRAYNEQFF,ILTGLNYEV,A*02:01,1,1,0,1.9855094e-10
CASSPRAYNEQFF,ILTGLNYEA,A*02:01,1,1,0,1.7837722e-10
CASSPRIGGPREGYTF,VVLSWAPPV,A*02:01,1,1,0,0.0049940697
CASSPRIGGPREGYTF,VVMSWAPPV,A*02:01,1,1,0,0.004837337
CASSPRLAGGKYNEQFF,FLYNPLTRV,A*02:01,1,1,0,0.0019406325
CASSPRQGNNSPLHF,FEDLRVLSF,B*37:01,1,1,0,0.005119761
CASSPRQGNNSPLHF,FEDLRLLSF,B*37:01,1,1,0,0.0055006384
CASSPRQGVYEQYF,RFPLTFGWCF,A*24:02,1,1,0,0.0030795906
CASSPRRTGYTGELF,LLWNGPMAV,A*02:01,1,1,0,0.0025645967
CASSPRSAVEQYF,GILGFVFTL,A*02:01,1,1,0,0.0057354188
CASSPRYSSGELFF,RFPLTFGWCF,A*24:02,1,1,0,0.0030795906
CASSPSGGTAYEQYF,LLWNGPMAV,A*02:01,1,1,0,0.0025645967
CASSPSGSGTGTYEQYF,KMVAVFYTT,A*02:01,1,1,1,0.9359836
CASSPSGTGFYEQYF,FLYNPLTRV,A*02:01,1,1,1,0.92969537
CASSPSLQVAQHF,ILTGLNYEA,A*02:01,1,1,1,0.94144255
CASSPSLQVAQHF,ILTGLNYEV,A*02:01,1,1,1,0.9371062
CASSPSPGEAYGYTF,LLWNGPMAV,A*02:01,1,1,1,0.9303231
CASSPSPGSEQYF,LLFGMTPCL,A*02:01,1,1,1,0.94485116
CASSPSQGYGYTF,KLWASPLHV,A*02:01,1,1,1,0.91628605
CASSPSSGGITDTQYF,ILTGLNYEV,A*02:01,1,1,1,0.9396544
CASSPSSGGITDTQYF,ILTGLNYEA,A*02:01,1,1,1,0.9522519
CASSPSTGTGGIYEQYF,RFPLTFGWCF,A*24:02,1,1,1,0.9332846
CASSPSTGYGYTF,NLNCCSVPV,A*02:01,1,1,1,0.92503786
CASSPSTSGASYEQYVF,LLWNGPMAV,A*02:01,1,1,1,0.9147093
CASSPSWLSGVTQYF,VAANIVLTV,A*02:01,1,1,1,0.9237458
CASSPSWLSGVTQYF,ELAGIGILTV,A*02:01,1,1,1,0.93798184
CASSPTAGELFF,FEDLRLLSF,B*37:01,1,1,1,0.94281906
CASSPTEGGSSTYEQYF,RFPLTFGWCF,A*24:02,1,1,1,0.9985581
CASSPTFVAGANVLTF,LLWNGPMAV,A*02:01,1,1,1,0.9982652
CASSPTGLVYEQF,RLPGVLPRA,A*02:01,1,1,1,0.998324
CASSPTGNEQFF,FLIYLDVSV,A*02:01,1,1,1,0.9983246
CASSPTGRVQPQHF,FEDLRVSSF,B*37:01,1,1,1,0.99856335
CASSPTGSYGYTF,ILNAMIAKI,A*02:01,1,1,1,0.99830556
CASSPTGTGGSDTQYF,LLAILTYYV,A*02:01,1,1,1,0.99887806
CASSPTMHYEQYF,LLWNGPMAV,A*02:01,1,1,1,0.9982652
CASSPTPAGGAYEQYF,LLWNGPMAV,A*02:01,1,1,1,0.9982652
CASSPTPGTGETQYF,MMPFSIVYI,A*02:01,1,1,1,0.9982486
CASSPTQREQYF,FEDLRVLSF,B*37:01,1,1,1,0.99840826
CASSPTRLVSSYNEQFF,FEDLRVSSF,B*37:01,1,1,1,0.99856335
CASSPTSGGYEQYF,KLNTITPVV,A*02:01,1,1,1,0.9983158
CASSPTSGIYEQYF,RYPLTFGWCF,A*24:02,1,1,1,0.81859416
CASSPTSGSYEQYF,RFPLTFGWCF,A*24:02,1,1,1,0.8001678
CASSPTTGADTQYF,TSTLQEQIGW,B*57:01,1,1,1,0.8731759
CASSPTTRTRYYGYTF,NLVPMVATV,A*02:01,1,1,1,0.8877981
CASSPTTRTRYYGYTF,GILGFVFTL,A*02:01,1,1,1,0.9331262
CASSPVAGGAYNEQF,NLVPMVATV,A*02:01,1,1,1,0.8877981
CASSPVGYEQYF,ALYGFVPVL,A*02:01,1,1,1,0.8924091
CASSPVTGGIYGYTGF,NLVPMVATV,A*02:01,1,1,1,0.8877981
CASSPVTGTGTYGYTF,NLVPMVATV,A*02:01,1,1,1,0.8877981
CASSPVVTPTTDTQYF,VVLSWAPPV,A*02:01,1,1,0,0.0041139345
CASSPWDRANTGELF,LLWNGPMAV,A*02:01,1,1,0,0.0040010097
CASSPWEMNTEAFF,KMVAVFYNT,A*02:01,1,1,0,0.003664593
CASSPWEMNTEAFF,KMVAVFYTT,A*02:01,1,1,0,0.004703631
CASSPWTGIPYNSPLHF,VAANIVLTV,A*02:01,1,1,0,0.0032976104
CASSPWTGTLNTEAF,NLVPMVATV,A*02:01,1,1,0,0.004156986
CASSPWTLNEQYF,ALYGFVPVL,A*02:01,1,1,0,8.954697e-06
CASSPYGQGGRDTEAFF,ILNAMIAKI,A*02:01,1,1,0,4.807971e-06
CASSPYRTGNIQYF,ELAGIGILTV,A*02:01,1,1,0,1.2339527e-05
CASSPYSNQPQHF,NLNCCSVPV,A*02:01,1,1,0,9.104997e-06
CASSPYTDRQENYGYTF,FEDLRVSSF,B*37:01,1,1,0,9.430749e-06
CASSQAASGDSYEQYF,RFPLTFGWCF,A*24:02,1,1,0,4.460974e-06
CASSQAENYGYTF,LLWNGPMAV,A*02:01,1,1,0,7.840995e-06
CASSQAGEQYF,LLAILTYYV,A*02:01,1,1,0,2.9982073e-06
CASSQAGTSYEQYF,LLWNGPMAV,A*02:01,1,1,0,7.840995e-06
CASSQAHTGELFF,ALYGFVPVL,A*02:01,1,1,0,8.954697e-06
CASSQALAYEQYF,LLWNGPMAV,A*02:01,1,1,0,7.840995e-06
CASSQARGGAETQYF,TSTLQEQIGW,B*57:01,1,1,0,0.0143968295
CASSQASLVMTGGDEQYF,FEDLRVSSF,B*37:01,1,1,0,0.019934317
CASSQASLVMTGGDEQYF,FEDLRLLSF,B*37:01,1,1,0,0.017861867
CASSQATGYEQYF,KLWASPLHV,A*02:01,1,1,0,0.0070050326
CASSQAVNTGELFF,KTWGQYWQV,A*02:01,1,1,0,0.016000398
CASSQDAGLYNQPQHF,FEDLRVSSF,B*37:01,1,1,0,0.019934317
CASSQDAGTAHVGEQFF,SPRWYFYYL,B*07:02,1,1,0,0.0113714505
CASSQDEGYEQYF,FLYNLLTRV,A*02:01,1,1,0,0.005596922
CASSQDGAGTPFTEAFF,CTELKLNDY,A*01:01,1,1,0,0.009031254
CASSQDGFSGTYTF,RPPIFIRRL,B*07:02,1,1,0,0.02330606
CASSQDGISTGDQPQHF,CTELKLNDY,A*01:01,1,1,0,0.009031254
CASSQDGVQHF,ALYGSVPVL,A*02:01,1,1,0,0.014231435
CASSQDGVQHF,ALYGFVPVL,A*02:01,1,1,0,4.1709907e-05
CASSQDHRVMRLDAGELFF,VLFGLGFAI,A*02:01,1,1,0,3.3046115e-05
CASSQDIWTSGYTF,RPPIFIRRL,B*07:02,1,1,0,4.4545824e-05
CASSQDLGGAYEQYF,LLWNGPMAV,A*02:01,1,1,0,4.3707685e-05
CASSQDLGSYNSPLHF,FEDLRVSSF,B*37:01,1,1,0,5.278399e-05
CASSQDLGTGNTIYF,MMPFSIVYI,A*02:01,1,1,0,3.0995736e-05
CASSQDMGGYNQPQHF,FEDLRVSSF,B*37:01,1,1,0,5.278399e-05
CASSQDNPYGANTEAFF,CTELKLNDY,A*01:01,1,1,0,2.8746319e-05
CASSQDPFAVLNTEAF,NLVPMVATV,A*02:01,1,1,0,2.542263e-05
CASSQDPGFGGGSYEQYF,RFPLTFGWCF,A*24:02,1,1,0,2.9326135e-05
CASSQDPGIQETQYF,IVCPICSQK,A*11:01,1,1,0,2.8547658e-05
CASSQDPGQGYNEQFF,FEDLRVSSF,B*37:01,1,1,1,0.9894553
CASSQDQGAYNQPQHF,FEDLRVSSF,B*37:01,1,1,1,0.9894553
CASSQDRFTDPYGYTF,RPPIFIRRL,B*07:02,1,1,1,0.9851269
CASSQDRGGLTGELFF,RPPIFIRRL,B*07:02,1,1,1,0.9851269
CASSQDRGKDTQYF,FLTVFSHFM,A*02:01,1,1,1,0.9944272
CASSQDRGNEQFF,FLIYLDVSV,A*02:01,1,1,1,0.99367565
CASSQDRGQGGSYEQYF,RFPLTFGWCF,A*24:02,1,1,1,0.9918608
CASSQDRNYGYTF,KLSALGINAV,A*02:01,1,1,1,0.993779
CASSQDRPNYYGYTF,RPIPIKYKAM,B*07:02,1,1,0,5.2273797e-05
CASSQDTGAGGSHEQYF,RYPLTFGW,A*24:02,1,1,0,3.4315777e-05
CASSQDTGYEQYF,FLYNLLTRV,A*02:01,1,1,0,1.8882298e-05
CASSQDVAGGYGYTF,LLWNGPMAV,A*02:01,1,1,0,2.1142605e-05
CASSQDVSRLAHLSTDTQNF,NLVPMVATV,A*02:01,1,1,0,0.01633271
CASSQDWAASNSPLHF,LLFALYFSA,A*02:01,1,1,0,0.018466165
CASSQDWAASNSPLHF,LLFALHFSA,A*02:01,1,1,0,0.02207343
CASSQDWGNEQFF,LMFWASSSI,A*02:01,1,1,0,0.015365182
CASSQDWGNEQFF,LLFGMTPCL,A*02:01,1,1,0,0.019481545
CASSQDYWGGGADTQYF,QYIKWPWYI,A*24:02,1,1,0,0.0092404615
CASSQEAFNYEQYF,RPPIFIRRL,B*07:02,1,1,0,0.009564227
CASSQEAGAYNQPQHF,FEDLRVSSF,B*37:01,1,1,0,0.011812458
CASSQEAGGGTGELF,LLWNGPMAV,A*02:01,1,1,0,0.015343548
CASSQEAGTGTYEQYF,RPPIFIRRL,B*07:02,1,1,0,0.026762154
CASSQEAYNYEQYF,RPPIFIRRL,B*07:02,1,1,0,0.026762154
CASSQEDGFTEAFF,CTELKLSDY,A*01:01,1,1,0,0.01813388
CASSQEGEAHNEQFF,CTELKLSDY,A*01:01,1,1,0,0.01813388
CASSQEGIEQF,RYRIGNYKL,A*24:02,1,1,0,0.01849944
CASSQEGRGAFF,LLWNGPMAV,A*02:01,1,1,0,0.015343548
CASSQEGSAGLETQYF,LLWNGPMAV,A*02:01,1,1,0,0.14780167
CASSQEGTAYEQYF,VAANIVLTV,A*02:01,1,1,0,0.15460536
CASSQEHERGPQHF,RPPIFIRRL,B*07:02,1,1,0,0.11984498
CASSQEHLGLVGEQFF,RFPLTFGWCF,A*24:02,1,1,0,0.16127622
CASSQEIGSEQPQHFGF,ELAGIGILTV,A*02:01,1,1,0,0.14059027
CASSQEPSGFYEQYF,NLNCCSVPV,A*02:01,1,1,0,0.1583121
CASSQEQLGGEQYF,LMFWASSSI,A*02:01,1,1,0,0.11974715
CASSQESVSYNEQFF,LLWNGPMAV,A*02:01,1,1,0,0.14780167
CASSQETGSYEQYF,RPPIFIRRL,B*07:02,1,1,1,0.9993249
CASSQEVGLAGETQYF,ELAGIGILTV,A*02:01,1,1,1,0.9997377
CASSQEVGSSYNSPLHF,SLAPLSPRA,A*02:01,1,1,1,0.99978846
CASSQEVGSSYNSPLHF,SLAPLSPRV,A*02:01,1,1,1,0.99983203
CASSQEVMTALQPDYGYTF,VLFGLGFAI,A*02:01,1,1,1,0.999681
CASSQEWGRGTDTQYF,RPPIFIRRL,B*07:02,1,1,1,0.9993249
CASSQGAAYEQYF,LLWNGPMAV,A*02:01,1,1,1,0.99975866
CASSQGGGGTDTQYF,ALYGSVPVL,A*02:01,1,1,1,0.9996444
CASSQGGSPLHF,SPRWYFYYL,B*07:02,1,1,1,0.9994475
CASSQGPGTGFEGYTF,LLSIIFFPA,A*02:01,1,1,1,0.99964094
CASSQGPNFNEKLFF,KMVAVFYNT,A*02:01,1,1,1,0.99972874
CASSQGPNFNEKLFF,KMVAVFYTT,A*02:01,1,1,1,0.99966943
CASSQGPNYEQYF,KLWASPLHV,A*02:01,1,1,1,0.9997093
CASSQGPPGSGGGNEQFF,ALSPVIPLI,A*02:01,1,1,1,0.9997118
CASSQGPTTDTQYF,FEDLRVSSF,B*37:01,1,1,1,0.9964109
CASSQGQANEKLF,LLWNGPMAV,A*02:01,1,1,1,0.9963232
CASSQGQGLQETQYF,SLLWMNPFV,A*02:01,1,1,1,0.99819607
CASSQGQGSLQYF,FLIYLDVSV,A*02:01,1,1,1,0.99774075
CASSQGSDEQYF,ILTGLNYEV,A*02:01,1,1,1,0.99787116
CASSQGSGANVLTF,ALYGSVPVL,A*02:01,1,1,1,0.9975509
CASSQGSGANVLTF,ALYGFVPVL,A*02:01,1,1,1,0.9969405
CASSQGSGQPQHF,ELAGIGILTV,A*02:01,1,1,1,0.9980793
CASSQGTGGIVDIQYF,SLAPLSPRV,A*02:01,1,1,0,0.05361792
CASSQGTGGIVDIQYF,SLAPLSPRA,A*02:01,1,1,0,0.04558762
CASSQGTSGNEQF,LLWNGPMAV,A*02:01,1,1,0,0.04951323
CASSQGTSGTDTQYF,FLYNLLTRV,A*02:01,1,1,0,0.043343335
CASSQGTSRDRNQPQHF,VMPFSIVYIV,A*02:01,1,1,0,0.038223017
CASSQGWGVETQYF,RLVPYLEFL,A*02:01,1,1,0,0.04013529
CASSQLGNEQF,LLWNGPMAV,A*02:01,1,1,0,0.04951323
CASSQLPGLAGVNEQF,IVCPICSQK,A*11:01,1,1,0,0.0390496
CASSQLPRGGYTF,FEDLRLLSF,B*37:01,1,1,0,0.0001354469
CASSQNPGQGIYSPLHF,SLLWMNPFV,A*02:01,1,1,0,8.3569874e-05
CASSQQGSEQYF,NLNCCSVPV,A*02:01,1,1,0,0.00010140244
CASSQQGSHEQYVF,LLWNGPMAV,A*02:01,1,1,0,0.00011299191
CASSQRSGTGELFF,FEDLRLLSF,B*37:01,1,1,0,0.0001354469
CASSQSGGGEQFF,QYIKWPWYI,A*24:02,1,1,0,0.000106472005
CASSQSGTGLETQYF,HTMLCMCCK,A*11:01,1,1,0,7.9998244e-05
CASSQSPGAGGTEAFF,RFPLTFGWCF,A*24:02,1,1,0,8.479835e-05
CASSQSPGGEQF,RLPGVLPRA,A*02:01,1,1,0,0.000106026215
CASSQSRDRVDF,TTDPSFLGRY,A*01:01,1,1,0,6.136232e-05
CASSQTAGGYEQYF,LLWNGPMAV,A*02:01,1,1,0,0.3725226
CASSQTATTGPGSPLHF,LLWNGPMAV,A*02:01,1,1,0,0.3725226
CASSQTEGGAYGYTF,LLWNGPMAV,A*02:01,1,1,0,0.3725226
CASSQTGAEELFF,GILGFVFTL,A*02:01,1,1,0,0.18044238
CASSQTGRELFF,FEDLRVLSF,B*37:01,1,1,0,0.11391015
CASSQTGSHEQYF,LLWNGPMAV,A*02:01,1,1,0,0.3725226
CASSQTLSYEQYF,LLWNGPMAV,A*02:01,1,1,0,0.3725226
CASSQTSGGTYEQYF,RFPLTFGWCF,A*24:02,1,1,0,0.17970765
CASSQTSGTGNYEQYF,LLWNGPMAV,A*02:01,1,1,0,0.0015816657
CASSQVDYNEQFF,FEDLRVLSF,B*37:01,1,1,0,0.005013447
CASSQVDYNEQFF,FEDLRLLSF,B*37:01,1,1,0,0.004672481
CASSQVEGYEQYF,NLNCCSVPV,A*02:01,1,1,0,0.0021569189
CASSQVGGSYPREQFF,ALSPVIPHI,A*02:01,1,1,0,0.001961866
CASSQVGSTEAFF,ELAGIGILTV,A*02:01,1,1,0,0.001775717
CASSQVLGFSYEQYF,NLFNRYPAL,A*02:01,1,1,0,0.002212808
CASSQVPGGYEQYF,NLNCCSVPV,A*02:01,1,1,1,0.99967265
CASSQVPGSYEQYF,KLNTITPVV,A*02:01,1,1,1,0.9997414
CASSQVRDRDINYGYTF,KMVAVFYTT,A*02:01,1,1,1,0.9997098
CASSQVSGGSYEQYF,NLNCCSVPV,A*02:01,1,1,1,0.99967265
CASSQVVVGYGYTF,KLWASPLHV,A*02:01,1,1,1,0.99960035
CASSQWGGNEQFF,LLAMTVPNV,A*02:01,1,1,1,0.99965954
CASSRAAGPQETQYF,SPRWYFYYL,B*07:02,1,1,1,0.99960405
CASSRAVSGNTIYF,KLSALGINAV,A*02:01,1,1,0,0.040870443
CASSRDGFEKLFF,AVGSYVYSV,A*02:01,1,1,0,0.017685719
CASSRDGPSSYEQYF,ILNAMIAKI,A*02:01,1,1,0,0.023706045
CASSRDSGWNSNQPQHF,LLWNGPMAV,A*02:01,1,1,0,0.03247987
CASSRERGPGELFF,RYPLTFGWCF,A*24:02,1,1,0,0.010094822
CASSRFPTGSNNEQF,SPRWYFYYL,B*07:02,1,1,0,0.012632625
CASSRGDPAYEQYF,LLWNGPMAV,A*02:01,1,1,0,0.03247987
CASSRGGAPYNEQFF,LLWNGPMAV,A*02:01,1,1,0,0.03247987
CASSRGGGTEAFF,ILTGLNYEV,A*02:01,1,1,0,0.020544007
CASSRGGGTEAFF,ILTGLNYEA,A*02:01,1,1,0,0.026970744
CASSRGGHEQYF,NLNCCSVPV,A*02:01,1,1,0,0.020859113
CASSRGGLTDTQYF,RLGPYLEFL,A*02:01,1,1,0,4.8029033e-05
CASSRGRNTEAFF,LLWNGPMAV,A*02:01,1,1,0,0.000235191
CASSRGTGGYEQFF,MLNIPSINV,A*02:01,1,1,0,8.927192e-05
CASSRGTYNEQFF,CTELKLSDY,A*01:01,1,1,0,7.342423e-05
CASSRIANNNNEQFF,VLNYFEPYL,A*02:01,1,1,0,0.00011524933
CASSRIANNNNEQFF,VLNYFKPYL,A*02:01,1,1,0,3.6216872e-05
CASSRKGDSPLHF,RLGPYLEFL,A*02:01,1,1,0,1.1538694e-05
CASSRLQGANSPLHF,FEDLRVLSF,B*37:01,1,1,0,1.26623e-05
CASSRLSGTGDSPLHF,KMVAVFYTT,A*02:01,1,1,0,3.4003377e-05
CASSRPLNQPQHF,VVLSWAPPV,A*02:01,1,1,0,1.7956168e-05
CASSRQPMNTEAFF,ALYGFVPVL,A*02:01,1,1,0,1.7862436e-05
CASSRRDRGDTQYF,RFPLTFGWCF,A*24:02,1,1,0,1.3318906e-05
CASSRTGEHQPQHF,CTELKLSDY,A*01:01,1,1,0,2.1726964e-06
CASSRTGGAPEKLF,NLVPMVATV,A*02:01,1,1,0,0.0018288515
CASSRTGRNQPQHF,FEDLRLLSF,B*37:01,1,1,0,0.003239287
CASSRTGSLNYGYTF,FLTVFSHFM,A*02:01,1,1,0,0.001972187
CASSRVTSGHNEQF,RLPGVLPRA,A*02:01,1,1,0,0.0023371319
CASSRYGGPSDNEQFF,KMVAVFYTT,A*02:01,1,1,0,0.00222569
CASSRYGGPSDNEQFF,KMVAVFYNT,A*02:01,1,1,0,0.0017108285
CASSSAGGYEQYVF,LLWNGPMAV,A*02:01,1,1,0,0.0011329758
CASSSAGTSYEQYF,LLWNGPMAV,A*02:01,1,1,0,0.0011329758
CASSSALAYEQYF,LLWNGPMAV,A*02:01,1,1,0,0.10790191
CASSSAVIRGLDWCYTF,VLFGLGFAI,A*02:01,1,1,0,0.09245062
CASSSDGGGFNEQFF,FTSDYYQLY,A*01:01,1,1,0,0.07718563
CASSSDINYGYTF,FLYNPLTRV,A*02:01,1,1,0,0.10540907
CASSSDLRTNYNEQFF,FLYNLLTRV,A*02:01,1,1,0,0.09377134
CASSSDRGEQFF,VMPFSIVYIV,A*02:01,1,1,0,0.09044773
CASSSEGQASSYEQYF,CLGGLLTMV,A*02:01,1,1,0,5.964483e-06
CASSSGGAWYTF,ILNAMIAKI,A*02:01,1,1,0,5.443825e-06
CASSSGGAWYTF,MIISHLYLI,A*02:01,1,1,0,6.7904907e-06
CASSSGGAWYTF,ILNAMITKI,A*02:01,1,1,0,4.7384206e-06
CASSSGGGNEQFF,VAANIVLTV,A*02:01,1,1,0,5.984471e-06
CASSSGLAGGPKHYEQYF,VVLSWAPPV,A*02:01,1,1,0,5.449913e-06
CASSSGLAGGPKHYEQYF,VVMSWAPPV,A*02:01,1,1,0,5.315478e-06
CASSSGLAYEQYF,LLWNGPMAV,A*02:01,1,1,0,7.3826814e-06
CASSSGNPSTDTQYF,NMINFAPNI,A*02:01,1,1,0,7.3183946e-06
CASSSGNPSTDTQYF,NMIHFAPNV,A*02:01,1,1,0,6.5619915e-06
CASSSGNPSTDTQYF,AEMEFCPCC,A*02:01,1,1,0,9.539259e-06
CASSSGNPSTDTQYF,CFVECAPVC,A*02:01,1,1,0,5.7224606e-06
CASSSGNPSTDTQYF,KLLEIAPNC,A*02:01,1,1,0,6.4375213e-06
CASSSGNPSTDTQYF,EIQEFCPNT,A*02:01,1,1,0,6.409446e-05
CASSSGNPSTDTQYF,GCQEICPAC,A*02:01,1,1,0,3.3697997e-05
CASSSGPNGAYEQYF,LLWNGPMAV,A*02:01,1,1,0,1.7414217e-05
CASSSGPTMGGKLFF,ELAGIGILTV,A*02:01,1,1,0,3.019637e-05
CASSSGQTNYGYTF,VYGIRLEHF,A*24:02,1,1,1,0.9983517
CASSSGRTEHNEQF,LLWNGPMAV,A*02:01,1,1,1,0.99899775
CASSSGTSLTLTYNEQFF,KLVALGINAV,A*02:01,1,1,1,0.9990397
CASSSILGGEAYNEQFF,SPRWYFYYL,B*07:02,1,1,1,0.998398
CASSSITTTGAKDGYTF,SPRWYFYYL,B*07:02,1,1,1,0.998398
CASSSKWRNTQYF,RYPLTFGWCF,A*24:02,1,1,0,2.2396912e-10
CASSSLAGEVNEQFF,QYIKWPWYI,A*24:02,1,1,0,2.900765e-10
CASSSLAVPELFF,FEDLRLLSF,B*37:01,1,1,0,7.526222e-10
CASSSLGDSYEQYF,LLFGMTPCL,A*02:01,1,1,0,3.183498e-10
CASSSLGEQFF,ALYGFVPVL,A*02:01,1,1,0,0.008160307
CASSSLLAGGFYEQFF,SPRWYFYYL,B*07:02,1,1,0,0.0066838223
CASSSLMGGTDEQFF,FEDLRLLSF,B*37:01,1,1,0,0.010557191
CASSSLRVGAGPGQPQHF,FEDLRVSSF,B*37:01,1,1,0,0.008058683
CASSSLTGNQPQHF,SPRWYFYYL,B*07:02,1,1,0,0.0066838223
CASSSLTSGAYNEQFF,SPRWYFYYL,B*07:02,1,1,0,0.0066838223
CASSSNRAGHGNEQFF,RYPLTFGW,A*24:02,1,1,0,0.007080893
CASSSNRGGPGAQHF,RYPLTFGW,A*24:02,1,1,1,0.9997435
CASSSPGGETQYF,ELAGIGILTV,A*02:01,1,1,1,0.9998437
CASSSPGQGYYEQYF,VLFHRAFLV,A*02:01,1,1,1,0.9998086
CASSSPTVPTSGGAVGEQFF,SPRWYFYYL,B*07:02,1,1,1,0.9996278
CASSSPVTGTPGYNEQF,SVYGDTLEK,A*11:01,1,1,1,0.99969244
CASSSPWGGTTDTSTDTQYF,KMVAVFYTT,A*02:01,1,1,1,0.999795
CASSSQGGAKNEQYF,ILNVDIFTL,A*02:01,1,1,0,0.005811815
CASSSQGGAKNEQYF,ILNVDVFTL,A*02:01,1,1,0,0.0065087825
CASSSQGLSTEAF,LLWNGPMAV,A*02:01,1,1,0,0.02799769
CASSSQTGPYSNQPQHF,VMPFSIVYI,A*02:01,1,1,0,0.020648794
CASSSQTGPYSNQPQHF,MMPFSIVYI,A*02:01,1,1,0,0.018952094
CASSSRDNVPETQYF,RYPLTFGW,A*24:02,1,1,0,0.015363827
CASSSRDRSSSTEAFF,ITDQVPFSV,A*02:01,1,1,0,0.01476784
CASSSRDRSSSTEAFF,IMDQVPFSV,A*02:01,1,1,1,0.99974555
CASSSRDRVFEAFF,RYPLTFGW,A*24:02,1,1,1,0.99977106
CASSSRIEGTEAFF,LLWNGPMAV,A*02:01,1,1,1,0.9997781
CASSSRLAGGGETQYF,RFPLTFGWCF,A*24:02,1,1,1,0.99977547
CASSSRLSSGYTF,VVMSWAPPV,A*02:01,1,1,0,0.005516228
CASSSRLSSGYTF,VVLSWAPPV,A*02:01,1,1,0,0.0060045
CASSSRQGAGDTQYF,VVLSWAPPV,A*02:01,1,1,0,0.0060045
CASSSRQGAGDTQYF,VVMSWAPPV,A*02:01,1,1,0,0.005516228
CASSSRSGQPQHF,GILGFVFTL,A*02:01,1,1,0,0.0063636797
CASSSRSSYEQYFGF,EAAGIGILTV,A*02:01,1,1,0,3.437992e-05
CASSSRTSGRSADTQYF,RFPLTFGWCF,A*24:02,1,1,0,1.505415e-05
CASSSSGGLDTQYF,KMVAVFYTT,A*02:01,1,1,0,4.051854e-05
CASSSSGTGAYEQYF,LLWNGPMAV,A*02:01,1,1,0,5.458564e-05
CASSSSGTGGYGYTF,LLWNGPMAV,A*02:01,1,1,0,5.458564e-05
CASSSSGYEQYF,CTELKLSDY,A*01:01,1,1,0,4.2221327e-06
CASSSSPGLDNEQFF,NLVPMVATV,A*02:01,1,1,0,1.4726927e-05
CASSSSSGGAFNEQFF,KRPIPIKYKAM,B*07:02,1,1,0,0.000107417356
CASSSSSGGAFNEQFF,QKRPIPIKYKAM,B*07:02,1,1,0,0.0008837503
CASSSSSGGAFNEQFF,RPIPIKYKAM,B*07:02,1,1,0,0.0006501408
CASSSTGREAFF,FEDLRVLSF,B*37:01,1,1,0,8.429108e-05
CASSSTGTRGSYEQYF,LLWNGPMAV,A*02:01,1,1,0,0.0010907755
CASSSTNGYTF,NLVPMVATV,A*02:01,1,1,0,0.00027151138
CASSSTSGRARDTQYF,CTELKLSDY,A*01:01,1,1,0,2.9704539e-05
CASSSTSGRETQYF,HTMLCMCCK,A*11:01,1,1,0,0.00041307558
CASSSVGVDTQYF,VAANIVLTV,A*02:01,1,1,0,0.00024143781
CASSSVTGTGNYGYTFGF,NLVPMVATV,A*02:01,1,1,0,0.00027151138
CASSSWTGWYEQYF,VLNYFEPYL,A*02:01,1,1,0,0.0015229754
CASSSYPGLAPVQETQYF,SPRWYFYYL,B*07:02,1,1,0,4.606875e-06
CASSSYTQRGLDYTGELFF,QYIKWPWYI,A*24:02,1,1,0,5.1092407e-05
CASSTALAASYEQYF,ITDQVPFSV,A*02:01,1,1,0,5.755754e-06
CASSTALAASYEQYF,IMDQVPFSV,A*02:01,1,1,0,9.984941e-06
CASSTGATGSNNEQF,LLWNGPMAV,A*02:01,1,1,0,1.6099013e-05
CASSTGGTSGGRNTGELFF,ILTGLNYEA,A*02:01,1,1,0,2.6246074e-05
CASSTGGTSGGRNTGELFF,ILTGLNYEV,A*02:01,1,1,0,2.541606e-05
CASSTGISYEQYF,KMVAVFYTT,A*02:01,1,1,0,2.6564921e-05
CASSTGPTGLYEQYF,RQLLFVVEV,A*02:01,1,1,0,5.649621e-05
CASSTGTGGRFGKNIQYF,HTMLCMCCK,A*11:01,1,1,0,4.95998e-05
CASSTGTVSYEQYF,LLWNGPMAV,A*02:01,1,1,0,0.00015398879
CASSTLIGSGNTIYF,FLTVFSHFM,A*02:01,1,1,0,7.561197e-05
CASSTLTGAETQYF,GILGFVFTL,A*02:01,1,1,0,9.797395e-05
CASSTPGGHSYEQYF,IVCPICSQK,A*11:01,1,1,0,2.913352e-05
CASSTQGQPQHF,VVLSWAPPV,A*02:01,1,1,0,8.9628214e-05
CASSTRAGTEQF,GILGFVFTL,A*02:01,1,1,0,9.797395e-05
CASSTRGAYEQYF,GILGFVFTL,A*02:01,1,1,0,9.797395e-05
CASSTRLARNNEQFF,MTLHGFMMY,A*30:02,1,1,1,0.5708538
CASSTRSGQPQHF,GILGFVFTL,A*02:01,1,1,1,0.7422766
CASSTSSTGAYGYTF,LLWNGPMAV,A*02:01,1,1,0,0.4317434
CASSTTEAYEQYF,ITDQVPFSV,A*02:01,1,1,0,2.0324634e-07
CASSTTEAYEQYF,IMDQVPFSV,A*02:01,1,1,0,3.699822e-07
CASSTTGGGNYEQYF,IMDQVPFSV,A*02:01,1,1,0,3.699822e-07
CASSTTGGGNYEQYF,ITDQVPFSV,A*02:01,1,1,0,2.0324634e-07
CASSTTGTGLLEQYF,ELAGIGILTV,A*02:01,1,1,0,1.4773001e-06
CASSTYPAFEQYF,SLLMPILTL,A*02:01,1,1,0,7.641537e-06
CASSVAAGASYGYTF,LLWNGPMAV,A*02:01,1,1,0,4.616339e-06
CASSVAAGGAYEQYF,NLNCCSVPV,A*02:01,1,1,0,7.195672e-07
CASSVAEEQF,RQLLFVVEV,A*02:01,1,1,0,6.9660683e-07
CASSVAGGLYEQYF,VYIGDPAQL,A*02:01,1,1,0,0.005257564
CASSVASGGYTDTQYF,ILTGLNYEV,A*02:01,1,1,0,0.0130309975
CASSVASGGYTDTQYF,ILTGLNYEA,A*02:01,1,1,0,0.0106394375
CASSVATYSTDTQYF,GKTELLAPF,B*27:05,1,1,0,0.004413663
CASSVATYSTDTQYF,TRLALIAPK,B*27:05,1,1,0,0.005576122
CASSVATYSTDTQYF,LRVMMLAPF,B*27:05,1,1,0,0.004567213
CASSVATYSTDTQYF,GQVMVVAPR,B*27:05,1,1,0,0.005226647
CASSVATYSTDTQYF,GQMWLLAPR,B*27:05,1,1,0,0.002516537
CASSVATYSTDTQYF,TRLALIAPK,B*27:09,1,1,0,0.0134349605
CASSVDFGRTYNEQFF,LLAMTVPNV,A*02:01,1,1,0,0.010072194
CASSVDGGGGGYNEQF,LLWNGPMAV,A*02:01,1,1,0,0.017507907
CASSVDGGSQPQHF,LLWNGPMAV,A*02:01,1,1,0,0.017507907
CASSVDPGQSYEQYF,ILTGLNYEV,A*02:01,1,1,0,0.017841643
CASSVDRVADTQYF,GMGPLLATV,A*02:01,1,1,0,0.008820092
CASSVDWGSGDEQYF,KLSALGINAV,A*02:01,1,1,0,0.016345179
CASSVEGAHPIQETQYF,AVGSYVYSV,A*02:01,1,1,0,0.010606127
CASSVEGSGETQYF,AVGSYVYSV,A*02:01,1,1,0,0.010606127
CASSVEGSSYNEQFF,LMFWASSSI,A*02:01,1,1,0,0.012624617
CASSVEGSTEAFF,AVGSYVYSV,A*02:01,1,1,0,0.010606127
CASSVESSGSPYQFF,CTELKLNDY,A*01:01,1,1,0,0.005249984
CASSVESSGSPYQFF,CTELKLSDY,A*01:01,1,1,0,0.004522924
CASSVETGGLDTQYF,VVLSWAPPV,A*02:01,1,1,0,0.013571134
CASSVETGGLDTQYF,ALSPVIPHI,A*02:01,1,1,0,0.00030006
CASSVETGGLDTQYF,ALSPVIPLI,A*02:01,1,1,0,0.0004201927
CASSVETTDYGYTF,KLVALGINAV,A*02:01,1,1,0,0.00078783784
CASSVGAGPSYEQYF,CTELKLSDY,A*01:01,1,1,0,0.00012231099
CASSVGAGPTYEQYF,CTELKLSDY,A*01:01,1,1,0,0.00012231099
CASSVGATGAYEQYF,QYIKWPWYI,A*24:02,1,1,1,0.99379855
CASSVGDFNYGYTF,NLFNRYPAL,A*02:01,1,1,1,0.9932407
CASSVGEGTEAFF,NLNCCSVPV,A*02:01,1,1,1,0.9922484
CASSVGETQYF,RQLLFVVEV,A*02:01,1,1,1,0.99443936
CASSVGGAFYNEQFF,LLWNGPMAV,A*02:01,1,1,1,0.9913078
CASSVGGAVYNEQFF,LLWNGPMAV,A*02:01,1,1,1,0.9913078
CASSVGGDIGIGYTF,ILTGLNYEV,A*02:01,1,1,1,0.99259186
CASSVGGGEVEAFF,KLWASPLHV,A*02:01,1,1,1,0.9910821
CASSVGGGGNEQF,KLSALGINAV,A*02:01,1,1,0,0.053693447
CASSVGGGHQPQHF,ILTGLNYEV,A*02:01,1,1,0,0.05754066
CASSVGGGHQPQHF,ILTGLNYEA,A*02:01,1,1,0,0.058579158
CASSVGGGREQF,LLWNGPMAV,A*02:01,1,1,0,0.06353952
CASSVGGGSNQPQHF,KLWASPLHV,A*02:01,1,1,0,0.061027814
CASSVGGGSSYEQYF,ILTGLNYEA,A*02:01,1,1,0,0.058579158
CASSVGGGSSYEQYF,ILTGLNYEV,A*02:01,1,1,0,0.05754066
CASSVGGGYEQYF,KLWASPLHV,A*02:01,1,1,0,0.0024966302
CASSVGGQGYNEQFF,LLWNGPMAV,A*02:01,1,1,0,0.0025968913
CASSVGGSPYNEQFF,LLWNGPMAV,A*02:01,1,1,0,0.0025968913
CASSVGGTGYNEQFF,LLWNGPMAV,A*02:01,1,1,0,0.0025968913
CASSVGGTNYNEQFF,LLWNGPMAV,A*02:01,1,1,0,0.0025968913
CASSVGGVPYNEQF,LLWNGPMAV,A*02:01,1,1,0,0.0025968913
CASSVGGVSYNEQFF,LLWNGPMAV,A*02:01,1,1,0,0.0025968913
CASSVGGVTYNEQF,LLWNGPMAV,A*02:01,1,1,0,0.0025968913
CASSVGLAEPLDEQFF,FEDLRVSSF,B*37:01,1,1,0,0.0029948244
CASSVGLEAYEQYF,LLWNGPMAV,A*02:01,1,1,0,0.0025968913
CASSVGLPYEQYF,NLVPMVATV,A*02:01,1,1,0,0.00077713496
CASSVGLYSTDTQYF,GQVMVVAPR,B*27:05,1,1,0,0.0013900448
CASSVGLYSTDTQYF,GQMWLLAPR,B*27:05,1,1,0,0.00039781755
CASSVGLYSTDTQYF,GKTELLAPF,B*27:05,1,1,0,0.0008437776
CASSVGLYSTDTQYF,LRVMMLAPF,B*27:09,1,1,0,0.0008919954
CASSVGLYSTDTQYF,TRLALIAPK,B*27:05,1,1,0,0.001251091
CASSVGLYSTDTQYF,LRVMMLAPF,B*27:05,1,1,0,0.00053993927
CASSVGNTEAFF,YVLTWIVGA,A*02:01,1,1,0,0.0013359438
CASSVGQGSYEQYF,RPIPIKYKAM,B*07:02,1,1,0,0.0008007011
CASSVGRDSSGNQPQHF,CTELKLSDY,A*01:01,1,1,0,0.00029229125
CASSVGRGSGEQYF,CTELKLSDY,A*01:01,1,1,0,0.00029229125
CASSVGSGEQYF,KMVAVFYNT,A*02:01,1,1,0,0.4770952
CASSVGSGGRPSSYNEQFF,ITDQVPFSV,A*02:01,1,1,0,0.4370905
CASSVGSGGRPSSYNEQFF,IMDQVPFSV,A*02:01,1,1,0,0.46385026
CASSVGSQETQYF,ILTGLNYEV,A*02:01,1,1,1,0.509168
CASSVGSTEAFF,ILTGLNYEV,A*02:01,1,1,1,0.509168
CASSVGTGAYEQYF,FEDLRLLSF,B*37:01,1,1,0,0.42008227
CASSVGTGAYEQYF,FEDLRVLSF,B*37:01,1,1,0,0.41973564
CASSVGTGYEQYF,FLIYLDVSV,A*02:01,1,1,0,0.49104095
CASSVLGNHYTNGELFF,SPRWYFYYL,B*07:02,1,1,0,0.000515083
CASSVLNTGELFF,GCQEICPAC,A*02:01,1,1,0,0.001467583
CASSVLNTGELFF,NDMLVCANI,A*02:01,1,1,0,0.00078407634
CASSVLNTGELFF,NMINFAPNI,A*02:01,1,1,0,0.0017717571
CASSVLNTGELFF,LVLEVDPNI,A*02:01,1,1,0,0.0022380883
CASSVLNTGELFF,KVKEVCPNV,A*02:01,1,1,0,0.00089846354
CASSVLNTGELFF,THLMVLCCV,A*02:01,1,1,0,0.0011189064
CASSVLNTGELFF,KMVTVCPNT,A*02:01,1,1,0,0.006038769
CASSVLNTGELFF,NMIHFAPNV,A*02:01,1,1,0,0.0058123437
CASSVLNTGELFF,RTMEVCYNT,A*02:01,1,1,0,0.0062114745
CASSVLNTGELFF,KLLEIAPNC,A*02:01,1,1,0,0.0046723993
CASSVLNTGELFF,CFVECAPVC,A*02:01,1,1,0,0.03077244
CASSVLNTGELFF,EIQEFCPNT,A*02:01,1,1,0,0.036101826
CASSVLNTGELFF,AEMEFCPCC,A*02:01,1,1,0,0.043650873
CASSVLNTGELFF,CFLLILPNC,A*02:01,1,1,0,0.036387667
CASSVPGQGVLEQYF,LLSIIFFPA,A*02:01,1,1,0,0.035680182
CASSVPGTPNTEAFF,LLSIISFPA,A*02:01,1,1,0,0.0366584
CASSVQSTDTQYF,RLGPYLEFL,A*02:01,1,1,0,7.197337e-11
CASSVQSTDTQYF,RLVPYLEFL,A*02:01,1,1,0,3.3243464e-11
CASSVRADTQYF,CTELKLSDY,A*01:01,1,1,0,2.8288693e-11
CASSVSALGSDTQYF,KLSALGINAV,A*02:01,1,1,0,3.3225478e-10
CASSVSATGELF,GILGFVFTL,A*02:01,1,1,0,3.988906e-10
CASSVSGGAYEQYF,LLWNGPMAV,A*02:01,1,1,0,2.156642e-06
CASSVSGSGTGELFF,KMVAVFYNT,A*02:01,1,1,0,7.657029e-07
CASSVSQGGYEQYF,NLNCCSVPV,A*02:01,1,1,0,7.0989927e-07
CASSVSSGLYYEQYF,CTELKLSDY,A*01:01,1,1,0,9.3179324e-08
CASSVSTNYEQYF,KLWASPLHV,A*02:01,1,1,0,2.4303777e-06
CASSVTFRTGPMYGYTF,MTLHGFMMY,A*30:02,1,1,0,8.1105145e-10
CASSVVATGGRGTDTQYF,FEDLRVSSF,B*37:01,1,1,0,6.64137e-11
CASSVVATGGRGTDTQYF,FEDLRVLSF,B*37:01,1,1,0,2.8367594e-10
CASSVVGARTDTQYF,KMVAVFYNT,A*02:01,1,1,0,1.7619559e-09
CASSVVGTGAYEQYVF,LLWNGPMAV,A*02:01,1,1,0,7.457635e-09
CASSVWDSLTGELFF,NLNCCSVPV,A*02:01,1,1,0,1.0466698e-09
CASSVYPAPSDNSPLHF,SPRWYFYYL,B*07:02,1,1,0,1.4395862e-10
CASSVYSGGYNEQFF,GILGFVFTL,A*02:01,1,1,0,3.8450905e-09
CASSVYSTDTQYF,RLGPYLEFL,A*02:01,1,1,0,3.7239312e-10
CASSWDNGGYTF,NLNCCSVPV,A*02:01,1,1,0,0.0034799534
CASSWDPTYNEQF,KLSALGINAV,A*02:01,1,1,0,0.0028216813
CASSWETETEAFF,VLFGLGFAI,A*02:01,1,1,0,0.0039107907
CASSWGGETQYF,KLSALGINAV,A*02:01,1,1,0,0.0028216813
CASSWGLLSNQPQHFGF,ELAGIGILTV,A*02:01,1,1,0,0.0028794813
CASSWGPGYEQYF,VVLSWAPPV,A*02:01,1,1,0,0.0036021394
CASSWGPGYEQYF,VVMSWAPPV,A*02:01,1,1,0,0.0033515126
CASSWGSSPAETQYF,LLFGMPPCL,A*02:01,1,1,0,1.0285629e-05
CASSWGTGGNQPQHF,FEDLRLLSF,B*37:01,1,1,0,2.1614542e-05
CASSWGTGGNQPQHF,FEDLRVLSF,B*37:01,1,1,0,1.3014324e-05
CASSWGWRSNQPQHF,FEDLRVLSF,B*37:01,1,1,0,0.00048464697
CASSWLNTEAFF,FMLYLLTLM,A*02:01,1,1,0,0.0008907401
CASSWNGLAGDEQFF,QYIKWPWYI,A*24:02,1,1,0,0.0013530942
CASSWRRGTDTQYF,ALYGFVPVL,A*02:01,1,1,0,0.00091996347
CASSWTSGRPEQYF,CTELKLSDY,A*01:01,1,1,0,0.00018646155
CASSWVGGADTQYF,LLAILTYYV,A*02:01,1,1,0,0.0038641272
CASSYARGYNEQFF,VLNYFEPYL,A*02:01,1,1,0,0.0025371038
CASSYARGYNEQFF,SLLWMNPFV,A*02:01,1,1,0,0.0014025198
CASSYASGGYEQYF,NLNCCSVPV,A*02:01,1,1,0,0.0010186707
CASSYASTGTLNYGYTF,FLYNPLTRV,A*02:01,1,1,0,0.02294321
CASSYASTGTLNYGYTF,FLYNLLTRV,A*02:01,1,1,0,0.017407812
CASSYATEVAGETQYF,NLVPMVATV,A*02:01,1,1,0,0.01790334
CASSYATGIPDTQYF,NLVPMVATV,A*02:01,1,1,0,0.01790334
CASSYEGALSYEQYF,ALSPVIPHI,A*02:01,1,1,0,0.022198545
CASSYFKGAGELF,LLWNGPMAV,A*02:01,1,1,0,0.07210973
CASSYFLEQYF,ALSPVIPHI,A*02:01,1,1,0,0.022198545
CASSYFRGSLSEQYF,ELAGIGILTV,A*02:01,1,1,0,0.02861028
CASSYGGAYEQYF,NLNCCSVPV,A*02:01,1,1,0,0.0217648
CASSYGGGYEQYF,NLNCCSVPV,A*02:01,1,1,0,5.4630316e-05
CASSYGGISYGYTF,NLNCCSVPV,A*02:01,1,1,0,5.4630316e-05
CASSYGGLGQPQHFGF,ELAGIGILTV,A*02:01,1,1,0,8.4950254e-05
CASSYGGNSPLHF,VVMSWAPPV,A*02:01,1,1,0,4.368444e-05
CASSYGGNSPLHF,VVLSWAPPV,A*02:01,1,1,0,4.9117854e-05
CASSYGHPGEQYF,KMVAVFYTT,A*02:01,1,1,0,5.4268923e-05
CASSYGLEQYF,RLVPYLEFL,A*02:01,1,1,0,2.6013831e-05
CASSYGPLSGAGYTFGF,ELAGIGILTV,A*02:01,1,1,0,8.4950254e-05
CASSYGQGYEQYF,NLNCCSVPV,A*02:01,1,1,0,5.4630316e-05
CASSYGTAYGYTF,LLWNGPMAV,A*02:01,1,1,0,1.1646094e-05
CASSYGTGSADTQYF,FEDLRVLSF,B*37:01,1,1,0,2.2968183e-07
CASSYGTGYEAFF,KLWASPLHV,A*02:01,1,1,0,5.1596317e-07
CASSYGVNTEAFF,FMLYLLTLM,A*02:01,1,1,0,2.6337952e-07
CASSYGVSGQFYGYTF,LLWNGPMAV,A*02:01,1,1,0,1.7183007e-08
CASSYHGQGAVDTQYF,MTLHGFMMY,A*30:02,1,1,0,2.8002871e-08
CASSYITGTGSYGYTF,NLVPMVATV,A*02:01,1,1,0,1.604433e-08
CASSYLGMGQPQHFGF,EAAGIGILTV,A*02:01,1,1,0,3.2062612e-08
CASSYLGSGANVLTF,KLSALGINAV,A*02:01,1,1,0,2.2950289e-08
CASSYLGTSAPIDEQFF,CTELKLSDY,A*01:01,1,1,0,3.6101394e-08
CASSYNQGPYDNNEQFF,VMPFSIVYI,A*02:01,1,1,1,0.97712415
CASSYNQGPYDNNEQFF,MMPFSIVYI,A*02:01,1,1,1,0.97732985
CASSYNQGYEQYF,ILNAMIAKI,A*02:01,1,1,1,0.97787595
CASSYQHEQYF,VLFGLGFAI,A*02:01,1,1,1,0.9761928
CASSYQTGAGGYGYTGF,NLVPMVATV,A*02:01,1,1,0,0.16967334
CASSYQTGPYSNQPQHF,VMPFSIVYI,A*02:01,1,1,0,0.18071665
CASSYQTGPYSNQPQHF,MMPFSIVYI,A*02:01,1,1,0,0.18212381
CASSYRVSPYNEQF,LLWNGPMAV,A*02:01,1,1,0,0.18417272
CASSYSAWNEQFF,CTELKLSDY,A*01:01,1,1,0,0.15118158
CASSYSDAGGYYEQYF,ILNAMITKI,A*02:01,1,1,0,0.18621854
CASSYSDAGGYYEQYF,FLYNLLTRV,A*02:01,1,1,0,0.18214995
CASSYSDRSSYEQYF,NLNCCSVPV,A*02:01,1,1,0,3.981383e-09
CASSYSFGGAPAQETQYF,CLGGLLTMV,A*02:01,1,1,0,1.6240446e-09
CASSYSGAEQYF,LLFGMPPCL,A*02:01,1,1,0,4.479566e-09
CASSYSGGNRKNTQNF,VLFGLGFAI,A*02:01,1,1,0,7.359822e-09
CASSYSGQGYTF,ALYGFVPVL,A*02:01,1,1,0,2.9480882e-09
CASSYSGTSGGAYEQYF,LLWNGPMAV,A*02:01,1,1,0,1.0212529e-08
CASSYSIGNTEAFF,ELAGIGILTV,A*02:01,1,1,0,7.734713e-09
CASSYSLAAEAFF,NLNCCSVPV,A*02:01,1,1,0,3.981383e-09
CASSYSLAGEFF,ILTGLNYEA,A*02:01,1,1,0,1.880526e-08
CASSYSLAGEFF,ILTGLNYEV,A*02:01,1,1,0,2.3059545e-08
CASSYSLAGGEETQYF,RFPLTFGWCF,A*24:02,1,1,0,1.025179e-09
CASSYSNGGYGYTF,NLNCCSVPV,A*02:01,1,1,0,3.981383e-09
CASSYSNGYEQYF,ILNAMIAKI,A*02:01,1,1,0,3.9707353e-09
CASSYSQGVYTGELFF,ELAGIGILTV,A*02:01,1,1,1,0.9995646
CASSYSRLAGYNEQFF,LLFGYPVYV,A*02:01,1,1,1,0.9995747
CASSYSSDFWGDQPQHF,VVMSWAPPV,A*02:01,1,1,1,0.99963915
CASSYSSDFWGDQPQHF,VVLSWAPPV,A*02:01,1,1,1,0.9996406
CASSYSSDRSSYEQYF,ALSPVIPLI,A*02:01,1,1,1,0.999696
CASSYSSDRSSYEQYF,ALSPVIPHI,A*02:01,1,1,1,0.99971586
CASSYSSGTEAFF,ALYGSVPVL,A*02:01,1,1,1,0.99961144
CASSYSSGYFLFF,NLNCCSVPV,A*02:01,1,1,1,0.9999926
CASSYSTGAGETQYF,NLVPMVATV,A*02:01,1,1,1,0.99999607
CASSYSTGGTDTQYF,LLSIIFFPA,A*02:01,1,1,1,0.9999969
CASSYSTGGTDTQYF,LLSIISFPA,A*02:01,1,1,1,0.9999975
CASSYSVKGQDYSYEQYF,NLNCCSVPV,A*02:01,1,1,1,0.9999926
CASSYSWGEQFF,VVLSWAPPV,A*02:01,1,1,1,0.999997
CASSYSWGEQFF,VVMSWAPPV,A*02:01,1,1,1,0.99961936
CASSYSYRGTNEKLFF,SPRWYFYYL,B*07:02,1,1,1,0.9995378
CASSYTEAYEQYF,LLWNGPMAV,A*02:01,1,1,1,0.99934584
CASSYTGAYEQYVF,LLWNGPMAV,A*02:01,1,1,1,0.99934584
CASSYTGFLNTGELFF,RFPLTFGWCF,A*24:02,1,1,1,0.9996427
CASSYVGNTGELFF,SLLMWITQC,A*02:01,1,1,1,0.9992138
CASSYWPTTGESTDTQYF,RPIPIKYKAM,B*07:02,1,1,0,0.00010760639
CASTATFGVTEAFF,LIIPFIHLI,A*02:01,1,1,0,5.6252786e-05
CASTEGQGGEQYF,AVGSYVYSV,A*02:01,1,1,0,3.3952052e-05
CASTGGGAPYNEQFF,LLWNGPMAV,A*02:01,1,1,0,5.6477464e-05
CASTGGRSSYNEQFF,QSRGDENRGW,B*57:01,1,1,0,0.00013146219
CASTGQNPEAFF,GILGFVFTL,A*02:01,1,1,0,4.7671645e-05
CASTGSYGYTFGSGTRLTVTF,KAFSPEVIPMF,B*57:01,1,1,1,0.97884434
CASTGTDSYEQYF,ALYGFVPVL,A*02:01,1,1,1,0.98171335
CASTGTGGFSYNEQF,LLWNGPMAV,A*02:01,1,1,1,0.98457193
CASTGTSGALYNEQFFGF,NLVPMVATV,A*02:01,1,1,1,0.98014724
CASTGTSGRAETQYF,FEDLRVLSF,B*37:01,1,1,1,0.9835914
CASTLAGGPYEQYF,NLNCCSVPV,A*02:01,1,1,1,0.97814035
CASTLGTVEAFF,FEDLRLLSF,B*37:01,1,1,1,0.98066163
CASTLSGGAVFEQYF,LLWNGPMAV,A*02:01,1,1,1,0.98457193
CASTLTGFAEAFF,VAANIVLTV,A*02:01,1,1,0,0.08758221
CASTNTVQLYMNTEAFF,SPRWYFYYL,B*07:02,1,1,0,0.074376404
CASTNYAGGDRGYTF,FEDLRLLSF,B*37:01,1,1,0,0.088081375
CASTNYAGGDRGYTF,FEDLRVLSF,B*37:01,1,1,0,0.08213652
CASTNYAGGDRGYTF,FEDLRVSSF,B*37:01,1,1,0,0.069734015
CASTPEGSYNEQF,LLWNGPMAV,A*02:01,1,1,0,0.08838281
CASTPGQNEQYF,RFPLTFGWCF,A*24:02,1,1,0,1.0427645e-05
CASTPGTEAFF,KLWASPLHV,A*02:01,1,1,0,1.1594466e-05
CASTPGTESYEQYF,LLWNGPMAV,A*02:01,1,1,0,9.952279e-06
CASTPTGNTEAFF,YHSIEWAI,B*38:01,1,1,0,2.7568956e-05
CASTPWGAEAFF,QYIKWPWYI,A*24:02,1,1,0,1.6882665e-05
CASTQGDTGELFF,ELAGIGILTV,A*02:01,1,1,0,0.080250494
CASTRELSYNEQFF,LMFWASSSI,A*02:01,1,1,0,0.072601125
CASTRQGDSYEQYF,CTELKLSDY,A*01:01,1,1,0,0.18747163
CASTSLGQGHISNYGYTF,RYPLTFGWCF,A*24:02,1,1,0,0.067348436
CASTSMGAGAANTEAFF,VMHANYIFW,A*24:02,1,1,0,0.061642397
CASTSTGTGAYGYTF,LLWNGPMAV,A*02:01,1,1,0,0.13534158
CASTSVMTDSIYGYTF,CTELKLSDY,A*01:01,1,1,0,5.758549e-06
CASTTGGSLPPEAF,LLWNGPMAV,A*02:01,1,1,0,2.6780128e-06
CASTVRQGSNQPQHF,LLAILTYYV,A*02:01,1,1,0,1.0859989e-06
CASTWGRASTDTQYF,RLQSLQTYV,A*02:01,1,1,0,1.4127854e-06
CASTYGGLNEQYF,ELAGIGILTV,A*02:01,1,1,0,1.7523769e-06
CASWGGANYGYTF,FEDLRVLSF,B*37:01,1,1,0,4.9733612e-06
CASWGGANYGYTF,FEDLRLLSF,B*37:01,1,1,0,4.9833743e-06
CASYFFALFTDTQYF,VVMSWAPPV,A*02:01,1,1,0,1.6069711e-06
CASYFFALFTDTQYF,VVLSWAPPV,A*02:01,1,1,0,1.5811162e-06
CASYPGTSGSYEQYF,VAANIVLTV,A*02:01,1,1,0,0.0007276145
CASYPSDGYNEQFF,VSDGGPNLY,A*01:01,1,1,0,0.0005905579
CASYVGLNTEAFF,RLVPYLEFL,A*02:01,1,1,0,0.0002971239
CATAGTGGLF,NLVPMVATV,A*02:01,1,1,0,0.00044689377
CATAKEGLAYEQFF,KLVALGINAV,A*02:01,1,1,0,0.00076234003
CATAPGTGRTLKLIF,RPPIFIRRL,B*07:02,1,1,0,0.00048210882
CATASDLQGDRSTEAFF,KRPIPIKYKAM,B*07:02,1,1,0,0.0013140431
CATASDLQGDRSTEAFF,QKRPIPIKYKAM,B*07:02,1,1,0,7.1219205e-05
CATASDLQGDRSTEAFF,RPIPIKYKAM,B*07:02,1,1,0,6.97266e-05
CATGGGISYEQYF,LLWNGPMAV,A*02:01,1,1,0,3.105467e-05
CATGPRGSSYNEQF,RLPGVLPRA,A*02:01,1,1,0,1.794634e-05
CATGRDRAYEQYF,LLWNGPMAV,A*02:01,1,1,0,3.105467e-05
CATHGVSSRETQYF,ITDQVPFSV,A*02:01,1,1,0,2.3043927e-05
CATHGVSSRETQYF,IMDQVPFSV,A*02:01,1,1,0,0.016679645
CATKPPGTDEQFF,CTELKLSDY,A*01:01,1,1,0,0.006299372
CATQGTSGYTDTQYF,FEDLRVLSF,B*37:01,1,1,0,0.008776187
CATQRANTGELFF,YLQPRTFLL,A*02:01,1,1,0,0.016565995
CATRGQSYEQYF,VYGIRLEHF,A*24:02,1,1,0,0.016040305
CATRKSYNSPLHF,LLFGYPVYV,A*02:01,1,1,0,0.005910195
CATSAGPEMYEQYF,LLWNGPMAV,A*02:01,1,1,0,0.034584023
CATSASTGLEQFF,LLWNGPMAV,A*02:01,1,1,0,0.034584023
CATSAVTRGNQPQHF,HTMLCMCCK,A*11:01,1,1,0,0.028187027
CATSDFNHGYTF,CTELKLSDY,A*01:01,1,1,0,0.11424767
CATSDLGGLTGELFF,RYPLTFGW,A*24:02,1,1,0,0.063665636
CATSDLQGVRGVNEQF,TAFTIPSI,B*51:01,1,1,0,0.042420812
CATSDLTQDEQYF,SPRWYFYYL,B*07:02,1,1,0,0.083079785
CATSDLTRDEQFF,SPRWYFYYL,B*07:02,1,1,0,0.083079785
CATSDPGTTNTGELFF,ILTGLNYEA,A*02:01,1,1,0,0.048200894
CATSDPGTTNTGELFF,ILTGLNYEV,A*02:01,1,1,0,0.050384313
CATSDPRDWTGEANQPQHF,VYGIRLEHF,A*24:02,1,1,0,0.08520454
CATSDRDRDTGELFF,CTELKLSDY,A*01:01,1,1,0,0.11424767
CATSDSGLAGDYNEQF,KLSALGINAV,A*02:01,1,1,0,0.05311074
CATSEGLQYEQYF,ALYGFVPVL,A*02:01,1,1,1,0.99953425
CATSGGPAYEQYF,LLWNGPMAV,A*02:01,1,1,1,0.99938333
CATSGGTSYEQF,LLWNGPMAV,A*02:01,1,1,1,0.99938333
CATSGRRDEQFF,RFPLTFGWCF,A*24:02,1,1,1,0.9996455
CATSGRTGGGEQYF,LLWNGPMAV,A*02:01,1,1,1,0.99938333
CATSGSGNYEQYF,LLWNGPMAV,A*02:01,1,1,1,0.99938333
CATSGSYEQYF,ELAGIGILTV,A*02:01,1,1,1,0.99959105
CATSGTGGHEQYF,LLWNGPMAV,A*02:01,1,1,1,0.7310364
CATSGTGGTGELFF,LLFALYFSA,A*02:01,1,1,1,0.7405219
CATSGTGGTGELFF,LLFALHFSA,A*02:01,1,1,1,0.73489285
CATSLGQAYGYTF,LLWNGPMAV,A*02:01,1,1,1,0.7310364
CATSPGLAGAYQETQYF,NLVPMVATV,A*02:01,1,1,1,0.7335933
CATSPRGGHEQYF,LLWNGPMAV,A*02:01,1,1,1,0.7310364
CATSPSAGGYGYTF,LLWNGPMAV,A*02:01,1,1,1,0.7310364
CATSPSLGTQYF,VMPFSIVYI,A*02:01,1,1,1,0.7356862
CATSPSLGTQYF,MMPFSIVYI,A*02:01,1,1,1,0.74228954
CATSRAMNTEAFF,LLWNGPMAV,A*02:01,1,1,1,0.7310364
CATSRDGLAGANSPLHF,FEDLRVSSF,B*37:01,1,1,1,0.79729486
CATSRDQEGANQPQHF,LLWNGPMAV,A*02:01,1,1,0,0.00011664373
CATSRDRGLTEAFF,ILTGLNYEV,A*02:01,1,1,0,9.951875e-05
CATSRDRGLTEAFF,ILTGLNYEA,A*02:01,1,1,0,0.00010730781
CATSRDRGPYGYTF,VSDGGPNLY,A*01:01,1,1,0,6.205528e-05
CATSRDRGTDTFF,KLVALGINAV,A*02:01,1,1,0,0.00012339988
CATSRESGNGKLF,LLWNGPMAV,A*02:01,1,1,0,0.00011664373
CATSREWPANRHQETQYF,CTELKLSDY,A*01:01,1,1,0,2.6416728e-05
CATSRGQGYEQYF,LLWNGPMAV,A*02:01,1,1,0,0.00011664373
CATSRGTGAGEQYF,RLGPYLEFL,A*02:01,1,1,0,5.7705172e-05
CATSRPTDWVETQYF,VLFHRAFLV,A*02:01,1,1,0,5.8900223e-05
CATSRQANTDTQYF,LLWNGPMAV,A*02:01,1,1,0,0.000117539304
CATSRRQGTTTRTYEQYF,RFPLTFGWCF,A*24:02,1,1,0,3.9330997e-05
CATSRTGTGSTEAFF,LLWNGPMAV,A*02:01,1,1,0,0.000117539304
CATSRVTGGFYEQYF,RFPLTFGWCF,A*24:02,1,1,0,3.9330997e-05
CATSRWTGNEQFF,NLFNRYPAL,A*02:01,1,1,0,8.209896e-05
CATSSGTAYEQYF,LLWNGPMAV,A*02:01,1,1,0,0.000117539304
CATSSSGAYEQYF,LLWNGPMAV,A*02:01,1,1,0,0.000117539304
CATSTGGGYEQYF,LLWNGPMAV,A*02:01,1,1,0,0.000117539304
CATSVTGGNSPLHF,LLWNGPMAV,A*02:01,1,1,0,0.008334774
CATSYERNTEAFF,LLWNGPMAV,A*02:01,1,1,0,0.008334774
CATTERDQETQYF,RLQSLQTYV,A*02:01,1,1,0,0.007206778
CATVHRGFTDTQYF,VYIGDPAQL,A*24:02,1,1,0,0.006471802
CAVDSSGVTDTQYF,LLWNGPMAV,A*02:01,1,1,0,0.008334774
CAWGVLFIGRGVGDYGYTF,VLFGLGFAI,A*02:01,1,1,0,0.0073880847
CAWKFRDSTYEQYF,QYDPVAALF,A*24:02,1,1,0,0.0084430445
CAWSAGLAYEQYF,LLWNGPMAV,A*02:01,1,1,0,0.008334774
CAWSALAGGPSNEQFF,CTELKLSDY,A*01:01,1,1,0,0.009417632
CAWSETGLGTGELF,EAAGIGILTV,A*02:01,1,1,0,0.007386784
CAWSETGLGTGELF,ELAGIGILTV,A*02:01,1,1,0,0.025503661
CAWSHSGGYEQYF,ILNAMIAKI,A*02:01,1,1,0,0.02665601
CAWSISDSSRVEAFF,NLVPMVATV,A*02:01,1,1,0,0.022606965
CAWSPTSGRDTQYF,CTELKLSDY,A*01:01,1,1,0,0.02459725
CAWSSRDSMTDTQYF,NLVPMVATV,A*02:01,1,1,0,0.022606965
CAWSSRGQMTDTQF,NLVPMVATV,A*02:01,1,1,0,0.022606965
CAWSSSVNTEAFF,ILNAMIAKI,A*02:01,1,1,0,0.02665601
CAWSVPGVGGNEQF,KLSALGINAV,A*02:01,1,1,0,5.5656955e-07
CAWSVRGIGGNTIYF,KLSALGINAV,A*02:01,1,1,0,5.5656955e-07
CAWSVSDLAKNIQYFGF,NLVPMVATV,A*02:01,1,1,0,2.1964917e-07
CAWSVSGLGYGYTF,ELAGIGILTV,A*02:01,1,1,0,0.2064931
CAWSVSVYYGYTF,ILNVDIFTL,A*02:01,1,1,0,0.12975967
CAWSVSVYYGYTF,ILNVDVFTL,A*02:01,1,1,0,0.12858501
CAWSVTGVTEAFF,NYNYLYRLF,A*24:02,1,1,0,0.13593571
CAWSWTVNTEAFF,FLTVFSHFM,A*02:01,1,1,0,0.1738979
CAWVSGTHVVTF,RYPLTFGW,A*24:02,1,1,0,0.17128627
CAYLDRAKSTGELFF,RFPLTFGWCF,A*24:02,1,1,0,0.1652584
CAYLTGFEQYF,CTELKLSDY,A*01:01,1,1,0,0.12277874
CGGGYMGTEAFF,DATYQRTRALVR,A*68:01,1,1,0,0.14912823
CGSGIQNTGELFF,YLQPRTFLL,A*02:01,1,1,0,0.167305
CGSRRDGGKKAFF,TTDPSFLGRY,A*01:01,1,1,0,0.079967484
CGTGSIDTQF,GILGFVFTL,A*02:01,1,1,0,3.0721888e-16
CRASSPRTGGEQYF,RLGPYLEFL,A*02:01,1,1,0,2.6037434e-17
CSAAMFTPLLEAF,SVYGDTLEK,A*11:01,1,1,0,6.3760753e-18
CSAETGRDLEAFF,LLAMTVPNV,A*02:01,1,1,0,4.44874e-18
CSAFSGAAFVTDTQYF,NLVPMVATV,A*02:01,1,1,0,2.3111221e-17
CSAGEGEGQPQHF,LLWNGPMAV,A*02:01,1,1,0,2.895459e-17
CSAGGLAGEETQYF,CTELKLNDY,A*01:01,1,1,0,3.090984e-17
CSAGIPGQVFSSNEKLFF,ILNAMIAKI,A*02:01,1,1,0,2.520652e-17
CSAGLGLPYEQYF,LLWNGPMAV,A*02:01,1,1,0,0.006013301
CSAGVYEQYF,NLNCCSVPV,A*02:01,1,1,0,0.0027340127
CSAHPRDVQETQYF,KMVAVFYTT,A*02:01,1,1,0,0.00936915
CSAIGPRGTDTQYF,LLWNGPMAV,A*02:01,1,1,0,0.006013301
CSAKPPRLAGVGAGELFF,RFPLTFGWCF,A*24:02,1,1,0,0.002164704
CSALQGLTPEAFFGF,ELAGIGILTV,A*02:01,1,1,1,0.99999857
CSALRLDTDTQYF,KLSALGINAV,A*02:01,1,1,1,0.9999981
CSALSSETSGPYEQYF,SPRWYFYYL,B*07:02,1,1,1,0.999997
CSALTGLGNYGYTF,SLLWMNPFV,A*02:01,1,1,1,0.99999917
CSALTGNQPQHF,ELAGIGILTV,A*02:01,1,1,1,0.99999857
CSALTGSSYEQYF,YVLDHLIVV,A*02:01,1,1,0,0.00056400587
CSALTPALAGGVPETQYF,RLQSLQTYV,A*02:01,1,1,0,0.00057732634
CSANRGATEAFF,LLWNGPMAV,A*02:01,1,1,0,0.00054782716
CSAPASGGGNEQF,LLWNGPMAV,A*02:01,1,1,0,0.00054782716
CSAPGGSGANVLTF,NLNCCSVPV,A*02:01,1,1,0,0.0006986474
CSAPKEEPYGYTF,SLAPLSPRA,A*02:01,1,1,0,0.00051184813
CSAPKEEPYGYTF,SLAPLSPRV,A*02:01,1,1,0,0.00042869465
CSAPKILRDLPQETQYF,HTMLCMCCK,A*11:01,1,1,1,0.99968016
CSAPLAGGPNEQF,LLWNGPMAV,A*02:01,1,1,1,0.9997265
CSAPRRQDEQFF,LLWNGPMAV,A*02:01,1,1,1,0.9997265
CSAPSGGGLNEQFF,LLWNGPMAV,A*02:01,1,1,1,0.9997265
CSAPTGGGSNEQYF,LLWNGPMAV,A*02:01,1,1,1,0.9997265
CSAPTSGGPNEQF,LLWNGPMAV,A*02:01,1,1,1,0.9997265
CSAQVGGNYNSPLHF,SPRWYFYYL,B*07:02,1,1,1,0.99954945
CSARAQGAAKNIQYF,TSTLQEQIGW,B*57:01,1,1,1,0.9995827
CSARASGAYEQYF,NLNCCSVPV,A*02:01,1,1,1,0.99970335
CSARAYRGYNSPLHF,FEDLRLLSF,B*37:01,1,1,1,0.99949706
CSARAYRGYNSPLHF,FEDLRVSSF,B*37:01,1,1,1,0.999551
CSARAYRGYNSPLHF,FEDLRVLSF,B*37:01,1,1,1,0.9994748
CSARDGGLAGEQKVGDTQYF,LLFGYPVYV,A*02:01,1,1,1,0.9997701
CSARDGLNEQFFGF,ELAGIGILTV,A*02:01,1,1,1,0.99982065
CSARDGQVYSNQPQHF,FEDLRLLSF,B*37:01,1,1,1,0.99949706
CSARDGQVYSNQPQHF,FEDLRVLSF,B*37:01,1,1,1,0.9994748
CSARDLAGNSNQPQHF,SVYGDTLEK,A*11:01,1,1,1,0.9667489
CSARDLGGGGDEQFF,NLNCCSVPV,A*02:01,1,1,1,0.9839138
CSARDNLRANYGYTF,NLVPMVATV,A*02:01,1,1,1,0.9807794
CSARDQDRAYEQYF,QYIKWPWYI,A*24:02,1,1,1,0.973738
CSARDRIGNTIYF,NLVPMVATV,A*02:01,1,1,1,0.9807794
CSARDRSGTLGGELFF,KRPIPIKYKAM,B*07:02,1,1,1,0.97805655
CSARDRSGTLGGELFF,QKRPIPIKYKAM,B*07:02,1,1,1,0.98026925
CSARDRSGTLGGELFF,RPIPIKYKAM,B*07:02,1,1,1,0.98451406
CSARDVGISYEQYF,KLWASPLHV,A*02:01,1,1,1,0.98782396
CSARDVLAGGSDTQYFGF,NLVPMVATV,A*02:01,1,1,1,0.9807794
CSAREGLAAGELFF,NLNCCSVPV,A*02:01,1,1,1,0.9839138
CSAREHREPYEQYF,CTELKLSDY,A*01:01,1,1,1,0.98717916
CSARENWDLSTDTQYFGF,ELAGIGILTV,A*02:01,1,1,0,0.0002003775
CSAREPGRQFAFAALHF,FEDLRVSSF,B*37:01,1,1,0,0.00039257438
CSAREVRDLYNEQFF,VVMSWAPPV,A*02:01,1,1,0,0.0002018523
CSAREVRDLYNEQFF,VVLSWAPPV,A*02:01,1,1,0,0.00021360998
CSARGAGVPYEQYF,MLNIPSINV,A*02:01,1,1,0,0.00017241662
CSARGDLLPEAFF,VVMSWAPPV,A*02:01,1,1,0,0.0002018523
CSARGGTDGYTF,ILNVDIFTL,A*02:01,1,1,0,0.00022646072
CSARGLAGTYEQYF,RYPLTFGW,A*24:02,1,1,0,0.00029356842
CSARGTSGETYTQYF,CTELKLSDY,A*01:01,1,1,0,0.00025723543
CSARHPGVSTDTQYF,ELAGIGILTV,A*02:01,1,1,0,0.0002003775
CSARISTSSSYEQYF,VVLSWAPPV,A*02:01,1,1,1,0.8870891
CSARISTSSSYEQYF,VVMSWAPPV,A*02:01,1,1,1,0.89153755
CSARMVSYEQYF,CTELKLSDY,A*01:01,1,1,1,0.8794648
CSARPGLAGGYEQYF,ALYGFVPVL,A*02:01,1,1,1,0.8607637
CSARPGQFYSNQPQHF,FEDLRVLSF,B*37:01,1,1,1,0.8142531
CSARPGQFYSNQPQHF,FEDLRLLSF,B*37:01,1,1,1,0.836485
CSARQRDLSYEQYF,TSTLQEQIGW,B*57:01,1,1,1,0.8827749
CSARRADTEAFF,CTELKLSDY,A*01:01,1,1,0,0.00015571072
CSARSGGTEAFF,FLTVFSHFM,A*02:01,1,1,0,0.0002622936
CSARTDRGNNYGYTF,NLNCCSVPV,A*02:01,1,1,0,0.0002776061
CSARTISQGAHYEQYF,QYIKWPWYI,A*24:02,1,1,0,0.00035343738
CSARTWTGNTIYF,ILNVDIFTL,A*02:01,1,1,0,0.00046109813
CSARTWTGNTIYF,ILNVDVFTL,A*02:01,1,1,0,0.00045450524
CSARVTSGSYEQYF,NLNCCSVPV,A*02:01,1,1,0,0.0002776061
CSARWDRVSSSTDTQYF,VLFHRAFLV,A*02:01,1,1,0,0.00025340993
CSASASLTSGANVLTF,VLFGLGFAI,A*02:01,1,1,0,0.00034599195
CSASDSLTISGFF,SLAPLSPRV,A*02:01,1,1,0,0.00027377153
CSASLKADEQF,LLWNGPMAV,A*02:01,1,1,0,4.3038362e-08
CSASMEAASTYEQYF,LLWNGPMAV,A*02:01,1,1,0,4.3038362e-08
CSASPGYNEQFF,VVLSWAPPV,A*02:01,1,1,0,1.6979449e-08
CSASQAAAYEQYF,LLWNGPMAV,A*02:01,1,1,0,4.3038362e-08
CSASSPDREADGYTF,VLNYFEPYL,A*02:01,1,1,0,2.7847769e-08
CSASSPDREADGYTF,VLNYFKPYL,A*02:01,1,1,0,2.9057751e-11
CSASVSGGPLDTQYF,MIISHLYLI,A*02:01,1,1,0,4.4614143e-12
CSATEAGGPGNEQF,LLWNGPMAV,A*02:01,1,1,0,7.888552e-11
CSATGTSGYNEQFF,FEDLRLLSF,B*37:01,1,1,0,2.1325727e-13
CSATLDRNYGYTF,LLAGTLAVV,A*02:01,1,1,0,1.3103869e-12
CSATLDRNYGYTF,LLAGTLAGV,A*02:01,1,1,0,1.947264e-12
CSATPNTEAF,IVCPICSQK,A*11:01,1,1,0,0.0042440533
CSAVLPGLAGYNEQFF,LLWNGPMAV,A*02:01,1,1,0,0.0073398207
CSAWWGAEQYF,LLWNGPMAV,A*02:01,1,1,0,0.0073398207
CSAYSTGQGIYEQYF,RFPLTFGWCF,A*24:02,1,1,0,0.0029426143
CSDGTGDGYTF,KLNTITPVV,A*02:01,1,1,0,0.0054732542
CSGLVPGFDSPLHF,VVLSWAPPV,A*02:01,1,1,0,0.004996623
CSIRSSYEAF,GILGFVFTL,A*02:01,1,1,0,0.005889069
CSIRSSYEQF,GILGFVFTL,A*02:01,1,1,0,0.005889069
CSLATGGDTQF,SLLMWITQA,A*02:01,1,1,0,0.0066749826
CSLFSQQPQF,GILGFVFTL,A*02:01,1,1,0,8.969208e-09
CSLTGGLNSPLF,SLLMWITQA,A*02:01,1,1,0,1.22072565e-08
CSPAVHRVANNEQLF,SPRWYFYYL,B*07:02,1,1,0,1.9987447e-09
CSSIRSSDTQF,GILGFVFTL,A*02:01,1,1,0,8.969208e-09
CSSLAGPYNEQF,GILGFVFTL,A*02:01,1,1,0,8.969208e-09
CSSPRSALEQF,GILGFVFTL,A*02:01,1,1,0,8.969208e-09
CSSVFGTSYEQF,GILGFVFTL,A*02:01,1,1,0,8.969208e-09
CSSVRSAYEQF,GILGFVFTL,A*02:01,1,1,0,8.969208e-09
CSSVRSDEKLF,GILGFVFTL,A*02:01,1,1,0,8.969208e-09
CSTRSTGELF,GILGFVFTL,A*02:01,1,1,0,4.6035857e-05
CSVAGGPGDTQF,GILGFVFTL,A*02:01,1,1,0,4.6035857e-05
CSVAGGTEAFF,FMLYLLTLM,A*02:01,1,1,0,5.055526e-05
CSVATGGDTQF,SLLMWITQA,A*02:01,1,1,0,5.4128443e-05
CSVATSGGSNEQF,LLWNGPMAV,A*02:01,1,1,0,9.860962e-05
CSVDGSNQPQF,SLLMWITQC,A*02:01,1,1,0,6.782107e-05
CSVDGSNQPQF,SLLMWITQA,A*02:01,1,1,0,5.4128443e-05
CSVDPGQFYNEQFF,QYIKWPWYI,A*24:02,1,1,0,0.0057813614
CSVDRRADEQF,LLWNGPMAV,A*02:01,1,1,0,0.007370736
CSVDRRSDEAFF,LLWNGPMAV,A*02:01,1,1,0,0.007370736
CSVEAGGVSEAFF,KLNTITPVV,A*02:01,1,1,0,0.0041921535
CSVEDPMGVGTEAFF,QYIKWPWYI,A*24:02,1,1,0,0.0057813614
CSVEEWDTSGNTIYF,RLVPYLEFL,A*02:01,1,1,0,0.0015777204
CSVEGLAGPSYNEQFF,FEDLRLLSF,B*37:01,1,1,0,0.0044205035
CSVEGNQPQF,GILGFVFTL,A*02:01,1,1,0,0.0053691673
CSVEGPGGRIANTEAFF,NLNCCSVPV,A*02:01,1,1,0,3.8704004e-10
CSVELTTYEQYF,MIISHLYLI,A*02:01,1,1,0,4.3316672e-10
CSVERGGDEQFF,KMVAVFYTT,A*02:01,1,1,0,4.769681e-10
CSVESMDRNYEQYF,VLFGLGFAI,A*02:01,1,1,0,5.521636e-10
CSVGGGEGNYEQYF,VLFHRAFLV,A*02:01,1,1,0,3.8678838e-10
CSVGTYSNQPQHF,ALYGFVPVL,A*02:01,1,1,0,4.0773673e-10
CSVNRGIGNTEAFF,LLWNGPMAV,A*02:01,1,1,0,6.5362515e-10
CSVPLGVVNNEQF,SVYGDTLEK,A*11:01,1,1,0,1.5958734e-10
CSVPSRGYAGELF,LLWNGPMAV,A*02:01,1,1,0,9.931435e-09
CSVQRRADEQF,LLWNGPMAV,A*02:01,1,1,0,9.931435e-09
CSVRGGGDNSPLHF,VVLSWAPPV,A*02:01,1,1,0,6.494302e-09
CSVRGGGDNSPLHF,VVMSWAPPV,A*02:01,1,1,0,6.2646097e-09
CSVRLTDYNEQFF,ILNVDIFTL,A*02:01,1,1,0,5.112704e-09
CSVRLTDYNEQFF,ILNVDVFTL,A*02:01,1,1,0,5.04427e-09
CSVRSTGELF,GILGFVFTL,A*02:01,1,1,0,8.033446e-09
CSVRTATYNEQF,LLWNGPMAV,A*02:01,1,1,0,9.931435e-09
CSVRTPSSYEQYF,NLNCCSVPV,A*02:01,1,1,0,8.304627e-09
CSVTGTEEAF,SLLMWITQA,A*02:01,1,1,0,3.0390746e-07
CSVTGTGGGF,SLLMWITQA,A*02:01,1,1,0,3.0390746e-07
CSVTGTGGGF,SLLMWITQC,A*02:01,1,1,0,4.1945182e-07
CSVTQGDGTDTQYF,NLNCCSVPV,A*02:01,1,1,0,2.2523551e-07
CSVWSFGDRDGYTF,NLVPMVATV,A*02:01,1,1,0,1.5082037e-07
CSVYLNTEAFF,FEDLRVLSF,B*37:01,1,1,0,1.8897602e-07
CSWDFQETQYF,ALYGSVPVL,A*02:01,1,1,0,2.2213662e-07
CSYEAGAETQF,SLLMWITQA,A*02:01,1,1,0,3.0390746e-07
CSYVGAAGELF,SLLMWITQA,A*02:01,1,1,0,3.0390746e-07
CSYVGGKAEAF,SLLMWITQC,A*02:01,1,1,0,4.1945182e-07
CSYVGGKAEAF,SLLMWITQA,A*02:01,1,1,1,0.968221
CTPWGEYTGELFF,SPRWYFYYL,B*07:02,1,1,1,0.9567745
CTSRDLGVWTEAF,GILGFVFTL,A*02:01,1,1,1,0.9685099
CVPPYEKLTF,NLVPMVATV,A*02:01,1,1,1,0.96873647
CVSVGRSGYTF,TTDPSFLGRY,A*01:01,1,1,1,0.9568061
CACSLRSQGTDTQYF,YVLDHLIVV,B*27:05,0,0,1,0.9669917
CACSLRSQGTDTQYF,NMIHFAPNV,A*02:01,0,0,1,0.96967435
CACSLRSQGTDTQYF,NMINFAPNI,A*01:01,0,0,0,3.3414726e-06
CACSLRSQGTDTQYF,KTFPPTEPK,A*02:01,0,0,0,2.0226864e-06
CACSLRSQGTDTQYF,MIISHLYLI,B*08:01,0,0,0,8.049167e-06
CACSLRSQGTDTQYF,LLSIISFPA,A*11:01,0,0,0,2.9133212e-06
CACSLRSQGTDTQYF,FLYNLLTRV,A*68:01,0,0,0,2.3523564e-06
CACSLRSQGTDTQYF,NMIHFAPNV,B*27:05,0,0,0,9.060511e-06
CADLDGTSSYEQYF,KTFPPTEPK,A*68:01,0,0,0,1.1918858e-06
CADLDGTSSYEQYF,TSTLQEQIGW,B*35:08,0,0,0,4.3992914e-06
CADLDGTSSYEQYF,FLIYLDVSV,B*15:01,0,0,0,5.266448e-06
CADLDGTSSYEQYF,LIIPFIHLI,A*11:01,0,0,0,3.446444e-06
CADLDGTSSYEQYF,FLTVFSHFM,A*30:02,0,0,0,3.7202442e-06
CADLDGTSSYEQYF,GQMWLLAPR,B*27:05,0,0,0,8.487655e-06
CADLDGTSSYEQYF,ILNAMIAKI,B*38:01,0,0,0,1.4306431e-05
CADLDGTSSYEQYF,RTMEVCYNT,A*24:02,0,0,0,1.7375467e-05
CADLDGTSSYEQYF,AVGSYVYSV,B*35:01,0,0,0,1.3663439e-05
CAGKSTGELFF,KMVAVFYNT,B*51:01,0,0,0,3.0413987e-05
CAGKSTGELFF,VYIGDPAQL,A*24:02,0,0,0,1.5466885e-05
CAGKSTGELFF,VVLSWAPPV,B*38:01,0,0,0,2.704154e-05
CAGKSTGELFF,LLWNGPMAV,A*24:02,0,0,0,3.6190526e-05
CAGKSTGELFF,ILTGLNYEV,A*11:01,0,0,0,8.185074e-06
CAGKSTGELFF,MIISHLYLI,A*02:01,0,0,0,1.5070843e-05
CAGRDHTDTQYF,TRLALIAPK,A*68:01,0,0,0,1.4495982e-05
CAGRDHTDTQYF,EAAGIGILTV,B*08:01,0,0,0,5.8935282e-05
CAGRDHTDTQYF,ILNAMIAKI,B*57:01,0,0,1,0.9941157
CAGRDHTDTQYF,LMFWASSSI,A*03:01,0,0,1,0.9939884
CAGRDHTDTQYF,SVYGDTLEK,B*27:05,0,0,1,0.9936743
CAGRDHTDTQYF,RLVPYLEFL,A*24:02,0,0,1,0.9924601
CAGRDHTDTQYF,YHSIEWAI,B*07:02,0,0,1,0.9969512
CAGRDHTDTQYF,LLSIISFPA,B*15:01,0,0,1,0.99610174
CAGRDHTDTQYF,IPSINVHHY,B*51:01,0,0,1,0.9964109
CAIGGDGSYEQYF,QSRGDENRGW,B*51:01,0,0,1,0.996754
CAIGGDGSYEQYF,ALYGFVPVL,A*11:01,0,0,1,0.99601716
CAIGGDGSYEQYF,VAANIVLTV,B*51:01,0,0,1,0.9969702
CAIMSSGRADGELFF,SPRWYFYYL,B*37:01,0,0,0,0.46728435
CAIMSSGRADGELFF,KLLEIAPNC,B*07:02,0,0,1,0.5977751
CAIMSSGRADGELFF,VLFGLGFAI,B*15:01,0,0,0,0.48881263
CAIQDAGASYEQYF,TSTLQEQIGW,B*35:01,0,0,1,0.5969817
CAIQDAGASYEQYF,QSRGDENRGW,B*08:01,0,0,1,0.58781195
CAIQDAGASYEQYF,LVLEVDPNI,B*37:01,0,0,1,0.5692597
CAIQDAGASYEQYF,SLAPLSPRA,B*35:01,0,0,1,0.590911
CAIQDAGASYEQYF,MLYQHLLPL,B*35:08,0,0,1,0.6088981
CAIQGFSGPLHF,FMLYLLTLM,A*02:01,0,0,1,0.52478296
CAIQGFSGPLHF,VYIGDPAQL,A*30:02,0,0,1,0.52180177
CAIQGFSGPLHF,FMLYLLTLM,B*35:01,0,0,1,0.53840977
CAIQGFSGPLHF,FLTVFSHFM,B*38:01,0,0,0,1.0017906e-05
CAIQGFSGPLHF,NMIHFAPNV,A*24:02,0,0,0,3.8959456e-06
CAIRDRLNTEAFF,CFLLILPNC,A*02:01,0,0,0,6.0650286e-06
CAIRDRLNTEAFF,LLAILTYYV,A*68:01,0,0,0,5.2029436e-06
CAIRDRLNTEAFF,VSDGGPNLY,B*35:01,0,0,0,1.9749615e-09
CAIRDRLNTEAFF,ILTGLNYEA,B*35:08,0,0,0,2.5333335e-09
CAIRDRLNTEAFF,SLLWMNPFV,A*11:01,0,0,0,9.149471e-10
CAIRDRLNTEAFF,KLSALGINAV,B*35:01,0,0,0,3.1629157e-09
CAIRDRLNTEAFF,RPRGEVRFL,B*27:09,0,0,0,2.4940008e-09
CAIRDRLNTEAFF,MLNIPSINV,B*08:01,0,0,0,9.283217e-08
CAIRDRLNTEAFF,CFVECAPVC,B*15:01,0,0,0,8.106655e-08
CAIRQFDANTGELFF,KLSALGINAV,B*57:01,0,0,0,2.737486e-07
CAIRQFDANTGELFF,CTELKLSDY,B*51:01,0,0,0,2.9673276e-07
CAIRQFDANTGELFF,QYDPVAALF,B*37:01,0,0,0,1.8892015e-07
CAIRQFDANTGELFF,LLSIIFFPA,A*68:01,0,0,0,1.08433724e-07
CAIRQFDANTGELFF,ALSPVIPHI,A*02:01,0,0,0,9.3378766e-08
CAISAGEGYEQYF,VMPFSIVYIV,B*57:01,0,0,0,1.1770648e-05
CAISAGEGYEQYF,KMVAVFYNT,B*37:01,0,0,0,1.3177668e-05
CAISAGEGYEQYF,SLLMWITQA,A*03:01,0,0,0,8.447279e-06
CAISAGEGYEQYF,TTDPSFLGRY,A*03:01,0,0,0,7.239228e-07
CAISAGEGYEQYF,RTMEVCYNT,B*35:08,0,0,0,1.1919201e-05
CAISARDQNTGELFF,GMGPLLATV,B*38:01,0,0,0,7.920775e-06
CAISARDQNTGELFF,RTMEVCYNT,A*24:02,0,0,0,9.7829225e-06
CAISARDQNTGELFF,CFLLILPNC,A*24:02,0,0,0,1.1162325e-05
CAISARDQNTGELFF,NMINFAPNI,B*27:09,0,0,0,1.5212815e-05
CAISDLAGEPKTQETQYF,RTMEVCYNT,B*27:09,0,0,0,1.315247e-05
CAISDLAGEPKTQETQYF,RYPLTFGW,B*15:01,0,0,0,6.858868e-06
CAISDLAGEPKTQETQYF,RPRGEVRFL,A*03:01,0,0,0,5.5234755e-06
CAISDLAGEPKTQETQYF,ILNAMIAKI,B*27:09,0,0,0,0.06710139
CAISDLAGEPKTQETQYF,VLNYFKPYL,B*08:01,0,0,0,0.06740364
CAISDLAGEPKTQETQYF,MIISHLYLI,B*35:01,0,0,0,0.06607285
CAISDLAGEPKTQETQYF,IVCPICSQK,B*15:01,0,0,0,0.058568183
CAISDLAGEPKTQETQYF,FLTVFSHFM,A*11:01,0,0,0,0.05943263
CAISDLDSNQPQHF,MLYQHLLPL,A*24:02,0,0,0,0.055594336
CAISDLDSNQPQHF,ILNAMITKI,A*02:01,0,0,0,0.04363158
CAISDLDSNQPQHF,EIQEFCPNT,B*07:02,0,0,0,4.720533e-06
CAISDLDSNQPQHF,VLFHRAFLV,B*08:01,0,0,0,4.648607e-06
CAISDLDSNQPQHF,RYPLTFGW,B*08:01,0,0,0,3.8061287e-06
CAISDLDSNQPQHF,GILGFVFTL,B*57:01,0,0,0,4.5420575e-06
CAISDLSITGGDNYGYTF,FLIYLDVSV,B*35:08,0,0,0,4.252537e-06
CAISDLSITGGDNYGYTF,ALYGFVPVL,B*27:09,0,0,0,4.4232124e-06
CAISDLSITGGDNYGYTF,NLNCCSVPV,B*35:01,0,0,0,0.11279989
CAISDLSITGGDNYGYTF,VAANIVLTV,B*38:01,0,0,0,0.099215314
CAISDLSITGGDNYGYTF,RLPGVLPRA,B*27:09,0,0,0,0.1191922
CAISDLSITGGDNYGYTF,KLSALGINAV,A*24:02,0,0,0,0.106760345
CAISDLSITGGDNYGYTF,LLFGMPPCL,A*03:01,0,0,0,0.080104075
CAISDLSITGGDNYGYTF,FLYNLLTRV,A*01:01,0,0,0,0.06410041
CAISDWSTYEQYF,CTELKLSDY,B*51:01,0,0,0,0.07147405
CAISDWSTYEQYF,GQMWLLAPR,B*07:02,0,0,0,0.08275884
CAISDWSTYEQYF,NDMLVCANI,A*03:01,0,0,0,0.04517559
CAISDWSTYEQYF,LLAILTYYV,A*30:02,0,0,0,0.00013813812
CAISDWSTYEQYF,KTWGQYWQV,B*27:05,0,0,0,0.00038183117
CAISEEGTGFYGYTF,RPRGEVRFL,B*51:01,0,0,0,0.00020719408
CAISEGAAYGYTF,VMHANYIFW,B*35:01,0,0,0,0.00016974725
CAISEGAAYGYTF,VVLSWAPPV,B*07:02,0,0,0,0.00024399167
CAISEGAAYGYTF,VYGIRLEHF,B*07:02,0,0,0,0.00030059947
CAISEGGAYEQYF,SLLMPILTL,A*24:02,0,0,0,8.036374e-07
CAISEGGAYEQYF,HPVGEADYFEY,B*15:01,0,0,0,2.6663642e-07
CAISEGGAYEQYF,GILGFVFTL,A*02:01,0,0,0,6.975575e-07
CAISEGGAYEQYF,TAFTIPSI,A*68:01,0,0,0,3.4621206e-07
CAISEGGAYEQYF,ALSPVIPLI,A*68:01,0,0,0,4.1365482e-07
CAISEGGAYEQYF,GILGFVFTL,A*30:02,0,0,0,4.400335e-07
CAISELDWGVSSPLHF,RYPLTFGWCF,B*38:01,0,0,0,0.4510763
CAISELDWGVSSPLHF,IVCPICSQK,B*57:01,0,0,1,0.6208707
CAISELDWGVSSPLHF,VLFHRAFLV,B*35:08,0,0,0,0.47127017
CAISELDWGVSSPLHF,RYRIGNYKL,A*24:02,0,0,1,0.7826682
CAISESGTAYNEQFF,VLNYFEPYL,B*27:05,0,0,1,0.55987227
CAISESGTAYNEQFF,LLAMTVPNV,A*30:02,0,0,1,0.6270134
CAISESGTAYNEQFF,RPIPIKYKAM,B*38:01,0,0,1,0.6505151
CAISESGTAYNEQFF,ALSPVIPHI,B*35:08,0,0,0,7.8786746e-07
CAISESGTAYNEQFF,RYPLTFGWCF,B*07:02,0,0,0,3.8835157e-07
CAISESIGLDEQYF,CLGGLLTMV,B*38:01,0,0,0,1.9725367e-07
CAISESIGLDEQYF,EAAGIGILTV,B*35:01,0,0,0,1.3871506e-06
CAISESIGLDEQYF,QSRGDENRGW,A*68:01,0,0,0,7.470664e-07
CAISESIGLDEQYF,VAANIVLTV,B*07:02,0,0,0,2.4679693e-07
CAISESIGLDEQYF,NDMLVCANI,B*08:01,0,0,0,1.7294988e-07
CAISESIGLDEQYF,VLNYFEPYL,A*02:01,0,0,0,1.7835434e-07
CAISESNGADTQYF,CTELKLSDY,B*37:01,0,0,0,1.6910519e-07
CAISESNGADTQYF,RLPGVLPRA,A*11:01,0,0,0,7.657373e-08
CAISESNGADTQYF,VYFLQSINF,B*35:01,0,0,0,8.450579e-08
CAISESNGADTQYF,ILTGLNYEA,B*15:01,0,0,0,1.4788012e-07
CAISESPSGALGQF,LLSIIFFPA,A*01:01,0,0,0,1.6783241e-07
CAISESPSGALGQF,FMLYLLTLM,A*68:01,0,0,0,2.006489e-07
CAISESPSGALGQF,IPSINVHHY,B*37:01,0,0,0,1.75142e-07
CAISESQGPGGETQYF,VSDGGPNLY,A*02:01,0,0,0,1.1668118e-05
CAISESQGPGGETQYF,MLYQHLLPL,B*38:01,0,0,0,1.3863075e-05
CAISESQGPGGETQYF,IPSINVHHY,A*11:01,0,0,0,4.085498e-06
CAISESQGPGGETQYF,GQMWLLAPR,B*07:02,0,0,0,8.415485e-06
CAISESQGPGGETQYF,VVLSWAPPV,B*57:01,0,0,0,1.578792e-05
CAISESQGPGGETQYF,SVYGDTLEK,A*11:01,0,0,0,3.1086283e-06
CAISESQGPGGETQYF,LLAILTYYV,B*35:01,0,0,0,1.649489e-05
CAISESQGPGGETQYF,YLEPGPVTA,B*08:01,0,0,0,2.1538797e-05
CAISETGGGQPQHF,KLLEIAPNC,A*11:01,0,0,0,6.2541044e-06
CAISETGGGQPQHF,LVLEVDPNI,B*07:02,0,0,0,1.854156e-05
CAISETGGGQPQHF,VVLSWAPPV,A*02:01,0,0,0,8.736109e-06
CAISETGGGQPQHF,LLFGMPPCL,B*27:05,0,0,0,2.6148966e-05
CAISETGGGQPQHF,VLNYFEPYL,A*30:02,0,0,0,1.358779e-09
CAISETGGGQPQHF,MMPFSIVYI,B*27:05,0,0,0,3.3098109e-09
CAISETTGINEQFF,LLWNGPMAV,B*35:08,0,0,0,3.1212704e-09
CAISETTGINEQFF,RLQSLQTYV,B*27:05,0,0,0,3.6274834e-09
CAISETTGINEQFF,ILNVDIFTL,A*68:01,0,0,0,7.568097e-10
CAISETTGINEQFF,FTSDYYQLY,B*27:05,0,0,0,3.112353e-09
CAISETTGINEQFF,VAANIVLTV,A*01:01,0,0,0,1.4487596e-09
CAISETTGINEQFF,VVLSWAPPV,B*51:01,0,0,0,6.7099424e-09
CAISETTGINEQFF,KMVTVCPNT,A*03:01,0,0,1,0.9986279
CAISEVGTGSSGNTIYF,VLNYFEPYL,B*38:01,0,0,1,0.9986185
CAISEVGTGSSGNTIYF,LRVMMLAPF,B*57:01,0,0,1,0.9990194
CAISEVGTGSSGNTIYF,AVGSYVYSV,B*35:01,0,0,1,0.99886334
CAISEVGTGSSGNTIYF,TTDPSFLGRY,A*01:01,0,0,1,0.997382
CAISEVGTGSSGNTIYF,VYGIRLEHF,A*01:01,0,0,1,0.99857557
CAISEVGTGSSGNTIYF,SPRWYFYYL,B*15:01,0,0,1,0.99802184
CAISEVGTGSSGNTIYF,QYDPVAALF,B*08:01,0,0,1,0.9987005
CAISEVGVGQPQHF,LVLEVDPNI,A*03:01,0,0,1,0.9990374
CAISEVGVGQPQHF,KTWGQYWQV,B*35:01,0,0,1,0.9999933
CAISEVGVGQPQHF,VVLSWAPPV,B*15:01,0,0,1,0.9999913
CAISEVGVGQPQHF,FLYNLLTRV,A*03:01,0,0,1,0.99999547
CAISEVGVGQPQHF,MTLHGFMMY,B*07:02,0,0,1,0.9999927
CAISEVGVGQPQHF,DATYQRTRALVR,B*38:01,0,0,1,0.99999225
CAISGWTGEGSEQYF,GILGFVFTL,B*07:02,0,0,1,0.99999166
CAISGWTGEGSEQYF,VLFGLGFAI,B*35:01,0,0,1,0.9999949
CAISGWTGEGSEQYF,MLYQHLLPL,B*08:01,0,0,1,0.99999344
CAISGWTGEGSEQYF,LLFALYFSA,B*37:01,0,0,1,0.9999938
CAISGWTGEGSEQYF,VLFGLGFAI,B*35:08,0,0,1,0.9999949
CAISGWTGEGSEQYF,RLPGVLPRA,A*02:01,0,0,1,0.9999957
CAISGWTGEGSEQYF,RTMEVCYNT,B*15:01,0,0,0,0.00021434322
CAISGWTGEGSEQYF,IVCPICSQK,B*38:01,0,0,0,0.00012303096
CAISGWTGEGSEQYF,LLSIIFFPA,B*35:08,0,0,0,0.00035770034
CAISGWTGEGSEQYF,LLFALHFSA,B*27:09,0,0,0,0.00021321703
CAISGWTGEGSEQYF,KVKEVCPNV,B*35:01,0,0,0,1.4100723e-08
CAISPGGEQFF,ALSPVIPHI,B*15:01,0,0,0,1.2772079e-08
CAISPGGEQFF,CFLLILPNC,B*35:01,0,0,0,6.187377e-08
CAISRQGARQETQYF,RFPLTFGWCF,A*24:02,0,0,0,2.7864917e-09
CAISRQGARQETQYF,MMPFSIVYI,B*08:01,0,0,0,0.05288626
CAISRQGARQETQYF,RLVPYLEFL,B*57:01,0,0,0,0.050302994
CAISRQGARQETQYF,LLFGMPPCL,A*30:02,0,0,0,0.047063086
CAISRQGARQETQYF,MMPFSIVYI,A*11:01,0,0,0,0.03942894
CAISRQGARQETQYF,HPVGEADYFEY,B*51:01,0,0,0,0.056743573
CAISRQGARQETQYF,ILNAMIAKI,B*27:05,0,0,0,8.71908e-06
CAISRQGARQETQYF,IMDQVPFSV,B*15:01,0,0,0,5.3898884e-06
CAISRQGARQETQYF,RFPLTFGWCF,A*11:01,0,0,0,7.596306e-06
CAISRQGARQETQYF,GILGFVFTL,B*27:05,0,0,0,9.941549e-06
CAISSDRTDEQYF,MMPFSIVYI,A*03:01,0,0,0,7.737881e-06
CAISSDRTDEQYF,GILGFVFTL,A*01:01,0,0,0,6.8342138e-06
CAISSDRTDEQYF,RPPIFIRRL,A*02:01,0,0,0,5.816695e-06
CAISSDRTDEQYF,YHSIEWAI,B*27:09,0,0,0,9.140319e-06
CAISSDRTDEQYF,ILNAMITKI,A*02:01,0,0,0,6.4825254e-06
CAISSDRTDEQYF,RLPGVLPRA,A*24:02,0,0,0,5.025948e-06
CAISVEGTGLGYGYTF,KLWASPLHV,A*03:01,0,0,0,6.2276486e-06
CAISVEGTGLGYGYTF,FEDLRVSSF,A*68:01,0,0,0,8.5158007e-07
CAISVEGTGLGYGYTF,QKRPIPIKYKAM,B*51:01,0,0,0,4.0386603e-05
CAISVEGTGLGYGYTF,YLEPGPVTA,B*08:01,0,0,0,1.2957976e-05
CAISVEGTGLGYGYTF,IVCPICSQK,B*57:01,0,0,0,5.08363e-06
CAISVEGTGLGYGYTF,MTLHGFMMY,B*35:01,0,0,0,1.1347874e-05
CAISVEGTGLGYGYTF,LVLEVDPNI,B*27:09,0,0,0,1.9605895e-05
CAISVEGTGLGYGYTF,CFVECAPVC,B*35:01,0,0,0,5.263336e-06
CAISVEGTGLGYGYTF,VSDGGPNLY,A*03:01,0,0,0,5.688963e-06
CAISVEGTGLGYGYTF,VMHANYIFW,B*07:02,0,0,0,1.9055758e-05
CAISVEGTGLGYGYTF,VMPFSIVYIV,A*24:02,0,0,0,6.1472574e-06
CAISVEGTGLGYGYTF,MLYQHLLPL,B*27:05,0,0,0,1.9351312e-08
CAISVEGTGLGYGYTF,VYIGDPAQL,B*37:01,0,0,0,2.0108368e-08
CAITSGQGNNEQYF,RLGPYLEFL,A*11:01,0,0,0,4.37296e-09
CAITSGQGNNEQYF,LRVMMLAPF,A*24:02,0,0,0,1.0384438e-08
CAITSGQGNNEQYF,KMVAVFYTT,A*03:01,0,0,0,8.0153555e-09
CAITSGQGNNEQYF,LRVMMLAPF,B*37:01,0,0,0,1.3788144e-08
CAITSGQGNNEQYF,QKRPIPIKYKAM,A*68:01,0,0,0,1.8143888e-08
CAITSGQGNNEQYF,KLSALGINAV,B*37:01,0,0,0,2.2579657e-08
CAITSGQGNNEQYF,KLLEIAPNC,B*07:02,0,0,0,1.8418158e-08
CAITSGQGNNEQYF,RLPGVLPRA,A*01:01,0,0,0,1.7852122e-06
CAITSGQGNNEQYF,KLVALGINAV,B*37:01,0,0,0,7.515508e-06
CAIVYRGQPSGANVLTF,KMVTVCPNT,B*27:09,0,0,0,3.9188176e-06
CAIVYRGQPSGANVLTF,TAFTIPSI,B*57:01,0,0,0,5.126214e-06
CAIVYRGQPSGANVLTF,KMVTVCPNT,B*51:01,0,0,0,1.5765625e-05
CAIVYRGQPSGANVLTF,GCQEICPAC,B*27:09,0,0,0,3.7914667e-06
CAIVYRGQPSGANVLTF,NLVPMVATV,B*07:02,0,0,0,3.2936298e-06
CANGQGDYEQYF,LMFWASSSI,A*01:01,0,0,0,0.026572179
CANRGPQGANYGYTF,VYFLQSINF,B*08:01,0,0,0,0.0053453036
CANRGPQGANYGYTF,NMIHFAPNV,B*35:01,0,0,0,0.030855801
CANRGPQGANYGYTF,VLNYFEPYL,A*24:02,0,0,0,0.03435692
CANRGPQGANYGYTF,THLMVLCCV,B*27:09,0,0,0,0.02368872
CARGSGGETQYF,LLFGMPPCL,A*11:01,0,0,0,0.021257538
CARGSGGETQYF,LLSIIFFPA,A*30:02,0,0,0,0.04012229
CARGSGGETQYF,GCQEICPAC,B*35:08,0,0,0,0.035937835
CARGSGGETQYF,KLSALGINAV,A*24:02,0,0,0,0.00843049
CARGSGGETQYF,RLPGVLPRA,B*07:02,0,0,0,0.025361944
CARRSRGENNGGVF,VLFHRAFLV,B*15:01,0,0,0,2.716752e-08
CARRSRGENNGGVF,VLNYFKPYL,B*57:01,0,0,0,1.11334884e-07
CARRSRGENNGGVF,RTMEVCYNT,B*27:05,0,0,0,1.1905527e-07
CARRSRGENNGGVF,LLAGTLAGV,B*38:01,0,0,0,5.9704426e-08
CARRSRGENNGGVF,KVKEVCPNV,B*38:01,0,0,0,5.6817463e-08
CARRSRGENNGGVF,QSRGDENRGW,B*07:02,0,0,0,4.9619878e-08
CARRSRGENNGGVF,SPRWYFYYL,B*15:01,0,0,0,5.1021827e-09
CARSTGGDSYGYTF,VMPFSIVYIV,A*03:01,0,0,0,8.8647504e-08
CARSTGGDSYGYTF,AVGSYVYSV,B*37:01,0,0,0,1.2462947e-07
CARSTGGDSYGYTF,KMVTVCPNT,A*01:01,0,0,0,1.126064e-08
CARSTGGDSYGYTF,LLAILTYYV,A*30:02,0,0,0,6.9385527e-07
CARSTGGDSYGYTF,MMPFSIVYI,B*51:01,0,0,0,4.122823e-07
CARSTGGDSYGYTF,FLTVFSHFM,A*11:01,0,0,0,0.11248455
CARSTGGDSYGYTF,LLFALHFSA,A*03:01,0,0,0,0.11220643
CARSTGGDSYGYTF,KLLEIAPNC,B*27:09,0,0,0,0.14898217
CARTGAGGNTIYF,VMPFSIVYI,B*08:01,0,0,0,0.113205716
CARTGAGGNTIYF,VVMSWAPPV,A*03:01,0,0,0,0.1160169
CARTGAGGNTIYF,CTELKLSDY,B*57:01,0,0,0,0.13770288
CARTGAGGNTIYF,LLAILTYYV,B*27:09,0,0,0,0.12459027
CARTGAGGNTIYF,VVLSWAPPV,B*27:09,0,0,0,0.13004977
CARTGAGGNTIYF,KMVTVCPNT,A*03:01,0,0,0,5.9406634e-06
CARTGAGGNTIYF,RLPGVLPRA,A*11:01,0,0,0,7.488707e-06
CARTSGQGVFMNTEAFF,HTMLCMCCK,B*57:01,0,0,0,2.6801723e-05
CARTSGQGVFMNTEAFF,RLQSLQTYV,B*27:09,0,0,0,2.5154553e-05
CARTSGQGVFMNTEAFF,DATYQRTRALVR,B*57:01,0,0,0,3.6923728e-05
CARTSGQGVFMNTEAFF,RPIPIKYKAM,B*08:01,0,0,0,2.6716034e-05
CASALSWEGLAESYEQYF,GILGFVFTL,B*57:01,0,0,0,3.453422e-05
CASALSWEGLAESYEQYF,EIQEFCPNT,B*38:01,0,0,0,0.036504027
CASALSWEGLAESYEQYF,MMPFSIVYI,A*11:01,0,0,0,0.00747977
CASALSWEGLAESYEQYF,SLAPLSPRA,B*51:01,0,0,0,0.041390017
CASALSWEGLAESYEQYF,HTMLCMCCK,B*08:01,0,0,0,0.039794177
CASAPGGGYEQYF,HTMLCMCCK,B*27:05,0,0,0,0.039794177
CASAPGGGYEQYF,NMIHFAPNV,B*27:05,0,0,1,0.9972072
CASAPGGGYEQYF,TAFTIPSI,B*15:01,0,0,1,0.99661666
CASAPGGGYEQYF,RPIPIKYKAM,B*35:01,0,0,1,0.99747795
CASAPGGGYEQYF,VMHANYIFW,B*07:02,0,0,1,0.9969758
CASAPGGGYEQYF,LLAGTLAVV,B*51:01,0,0,1,0.99919456
CASAPGLNYEQYF,RLPGVLPRA,A*24:02,0,0,1,0.99935263
CASAPGLNYEQYF,ILTGLNYEV,B*51:01,0,0,1,0.999159
CASAPGLNYEQYF,QYIKWPWYI,B*38:01,0,0,1,0.999091
CASAPGLNYEQYF,GQFLTPNSH,B*51:01,0,0,1,0.9992405
CASAPGLNYEQYF,LLFALHFSA,A*01:01,0,0,1,0.9991997
CASAPGLNYEQYF,LVLEVDPNI,B*07:02,0,0,1,0.9993079
CASAPGLNYEQYF,FLTVFSHFM,B*08:01,0,0,1,0.99931717
CASAPGLNYEQYF,LIIPFIHLI,B*07:02,0,0,0,0.0015759441
CASAPGLNYEQYF,YVLDHLIVV,B*08:01,0,0,0,0.001605771
CASAPGLNYEQYF,QKRPIPIKYKAM,A*68:01,0,0,0,0.0012545516
CASAPGLNYEQYF,ALSPVIPLI,B*35:01,0,0,0,0.0013870035
CASAPGLNYEQYF,LLFALHFSA,B*27:09,0,0,0,0.0017234964
CASAPGPVYEQYF,VMPFSIVYI,B*38:01,0,0,0,0.0011334469
CASAPGPVYEQYF,GKTELLAPF,B*35:01,0,0,0,0.0013674559
CASAPGPVYEQYF,VVMSWAPPV,A*02:01,0,0,0,0.0007900387
CASAPGPVYEQYF,KLNTITPVV,B*07:02,0,0,0,0.0016751686
CASAPGPVYEQYF,IPSINVHHY,B*51:01,0,0,0,0.0012704567
CASAPGPVYEQYF,KVKEVCPNV,B*38:01,0,0,0,0.0010233223
CASAPGPVYEQYF,LLAGTLAVV,A*30:02,0,0,0,1.4148913e-09
CASAPGPVYEQYF,RYPLTFGWCF,A*02:01,0,0,0,1.2723613e-09
CASAPGPVYEQYF,IPSINVHHY,A*30:02,0,0,0,1.1405548e-09
CASASGQGYEQYF,TRLALIAPK,B*35:08,0,0,0,5.8185345e-09
CASASGQGYEQYF,SLLMPILTL,B*51:01,0,0,0,1.0130446e-08
CASASGQGYEQYF,FLYNPLTRV,B*38:01,0,0,0,2.7662312e-09
CASASGQGYEQYF,KLWASPLHV,B*07:02,0,0,0,7.5156965e-09
CASASGQGYEQYF,KAFSPEVIPMF,B*51:01,0,0,0,8.554659e-09
CASASGQGYEQYF,QSRGDENRGW,B*08:01,0,0,0,8.936626e-09
CASASGQGYEQYF,RLPGVLPRA,B*07:02,0,0,0,5.1168008e-09
CASASGQGYEQYF,VVMSWAPPV,B*37:01,0,0,0,7.323275e-09
CASASGQGYEQYF,NMIHFAPNV,A*01:01,0,0,0,2.371215e-09
CASASGQGYEQYF,LLFGMTPCL,A*30:02,0,0,0,1.9421929e-09
CASASRLADTDTQYF,GQFLTPNSH,B*57:01,0,0,0,4.897446e-09
CASASRLADTDTQYF,LVLEVDPNI,B*15:01,0,0,0,0.00076383085
CASAWSGVGNQPQHF,FLRGRAYGL,B*27:05,0,0,0,0.0011247585
CASAWSGVGNQPQHF,LLFALYFSA,A*11:01,0,0,0,4.4393538e-08
CASAWSGVGNQPQHF,AEMEFCPCC,B*38:01,0,0,0,3.5228066e-08
CASAWSGVGNQPQHF,AEMEFCPCC,B*51:01,0,0,0,6.192336e-08
CASDSGSGQPQHF,ILNAMIAKI,A*01:01,0,0,0,3.417614e-08
CASDSGSGQPQHF,CFVECAPVC,A*11:01,0,0,0,4.563827e-08
CASDSGSGQPQHF,RYPLTFGWCF,A*03:01,0,0,0,3.4735795e-08
CASDSGSGQPQHF,FLTVFSHFM,B*27:09,0,0,0,5.2453537e-08
CASDSGSGQPQHF,VVMSWAPPV,A*11:01,0,0,0,3.4463376e-08
CASDSGSGQPQHF,YHSIEWAI,B*27:09,0,0,0,5.6256297e-08
CASDSGSGQPQHF,KVKEVCPNV,B*07:02,0,0,0,0.00011761263
CASDSGSGQPQHF,DATYQRTRALVR,B*51:01,0,0,0,0.0001693434
CASDSGSGQPQHF,NLFNRYPAL,B*51:01,0,0,0,0.00014607399
CASFGGAGQPQHF,RTMEVCYNT,A*02:01,0,0,0,5.4523938e-05
CASFGGAGQPQHF,RQLLFVVEV,B*15:01,0,0,0,6.778615e-05
CASFGGAGQPQHF,RLPGVLPRA,B*15:01,0,0,0,6.8001755e-05
CASFGGAGQPQHF,YLQPRTFLL,B*38:01,0,0,0,2.956945e-06
CASFGGAGQPQHF,RTMEVCYNT,B*57:01,0,0,0,3.5813666e-06
CASFGGAGQPQHF,SLAPLSPRV,A*11:01,0,0,0,2.536406e-06
CASFGGAGQPQHF,ALYGFVPVL,A*11:01,0,0,0,2.663825e-06
CASGAQAGTGAYGYTF,FEDLRVLSF,B*57:01,0,0,0,4.5916368e-06
CASGAQAGTGAYGYTF,CLGGLLTMV,A*02:01,0,0,0,2.224299e-06
CASGAQAGTGAYGYTF,GILGFVFTL,B*51:01,0,0,0,7.4817253e-06
CASGAQAGTGAYGYTF,NLFNRYPAL,A*24:02,0,0,0,2.8538736e-06
CASGAQAGTGAYGYTF,SLAPLSPRV,B*08:01,0,0,0,5.072821e-06
CASGAQAGTGAYGYTF,YHSIEWAI,B*35:08,0,0,0,3.4703658e-06
CASGAQAGTGAYGYTF,SLLMWITQA,B*07:02,0,0,0,5.691595e-06
CASGAQAGTGAYGYTF,LLAGTLAVV,B*38:01,0,0,0,2.4721462e-06
CASGAQHTEAFF,SLLMWITQC,B*37:01,0,0,0,5.849667e-06
CASGAQHTEAFF,VLFGLGFAI,B*37:01,0,0,0,1.7454172e-11
CASGAQHTEAFF,THLMVLCCV,B*07:02,0,0,0,2.4669083e-11
CASGAQHTEAFF,RTMEVCYNT,A*02:01,0,0,0,7.2039536e-12
CASGAQHTEAFF,CLGGLLTMV,B*35:08,0,0,0,2.284609e-11
CASGDRAMPQHF,RQLLFVVEV,B*37:01,0,0,0,1.664009e-11
CASGDRAMPQHF,ILTGLNYEA,B*35:08,0,0,0,1.4136035e-06
CASGDRAMPQHF,SLLWMNPFV,A*01:01,0,0,0,6.147758e-07
CASGDRAMPQHF,LLAMTVPNV,A*01:01,0,0,0,2.569767e-07
CASGDRAMPQHF,SLAPLSPRV,B*38:01,0,0,0,1.0685698e-06
CASGDRAMPQHF,RYPLTFGW,A*03:01,0,0,0,2.5750538e-07
CASGDRAMPQHF,KLLEIAPNC,A*02:01,0,0,0,7.6368786e-07
CASGDRAMPQHF,YVLTWIVGA,B*37:01,0,0,0,1.3956976e-06
CASGEENTGELFF,KMVAVFYNT,A*68:01,0,0,0,4.293362e-07
CASGEENTGELFF,RLQSLQTYV,A*11:01,0,0,0,3.4352504e-07
CASGFTFQGSPEAFF,EIQEFCPNT,A*24:02,0,0,0,5.8707815e-07
CASGFTFQGSPEAFF,VLNYFEPYL,B*27:05,0,0,0,1.1340193e-06
CASGFTFQGSPEAFF,VMHANYIFW,B*51:01,0,0,0,2.3698433e-06
CASGFTFQGSPEAFF,LLFGMPPCL,A*02:01,0,0,0,2.224879e-05
CASGFTFQGSPEAFF,HTMLCMCCK,B*35:08,0,0,0,1.9137931e-05
CASGFTFQGSPEAFF,FEDLRVSSF,B*07:02,0,0,0,1.6952765e-05
CASGFTFQGSPEAFF,ILTGLNYEV,B*38:01,0,0,0,2.4081706e-09
CASGFTFQGSPEAFF,FLYNPLTRV,B*15:01,0,0,0,1.7731352e-09
CASGFTFQGSPEAFF,VVMSWAPPV,A*30:02,0,0,0,9.860104e-10
CASGGLSYGYTF,KAFSPEVIPMF,B*27:05,0,0,0,1.986431e-09
CASGGLSYGYTF,TRLALIAPK,A*30:02,0,0,0,1.8571102e-09
CASGGLSYGYTF,KRPIPIKYKAM,A*01:01,0,0,0,2.9620157e-09
CASGGLSYGYTF,SLLMWITQA,B*35:08,0,0,0,9.368361e-09
CASGGLSYGYTF,YHSIEWAI,B*27:09,0,0,0,2.845822e-09
CASGGSSYEQYF,QYDPVAALF,B*57:01,0,0,0,0.12736271
CASGGSSYEQYF,TRLALIAPK,B*38:01,0,0,0,0.1744796
CASGGSSYEQYF,FTSDYYQLY,B*51:01,0,0,0,0.14486396
CASGGSSYEQYF,FLYNLLTRV,B*15:01,0,0,0,0.10906745
CASGGSSYEQYF,RLVPYLEFL,B*27:05,0,0,0,0.08905292
CASGGSSYEQYF,YHSIEWAI,B*08:01,0,0,0,0.18192631
CASGGSSYEQYF,RPIPIKYKAM,A*01:01,0,0,0,0.022641711
CASGGSSYEQYF,FLYNPLTRV,A*01:01,0,0,0,0.01977986
CASGLDTQYF,RYRIGNYKL,B*37:01,0,0,0,0.018061034
CASGLDTQYF,KLLEIAPNC,A*30:02,0,0,0,0.011934237
CASGLDTQYF,FEDLRVSSF,A*11:01,0,0,0,1.1336158e-05
CASGLDTQYF,NLVPMVATV,B*37:01,0,0,0,8.672155e-09
CASGLDTQYF,ALYGSVPVL,A*02:01,0,0,0,4.2673043e-09
CASGLDTQYF,LLFGMPPCL,A*03:01,0,0,0,3.199265e-09
CASGPATSAEQETQYF,FLYNLLTRV,B*51:01,0,0,0,7.024479e-09
CASGPATSAEQETQYF,KLLEIAPNC,B*51:01,0,0,0,3.2755352e-08
CASGPATSAEQETQYF,ILTGLNYEV,B*07:02,0,0,0,1.571577e-08
CASGPATSAEQETQYF,VMPFSIVYIV,B*38:01,0,0,0,1.34832385e-08
CASGPATSAEQETQYF,CFVECAPVC,A*01:01,0,0,0,1.5985367e-09
CASGPATSAEQETQYF,FLRGRAYGL,A*24:02,0,0,0,2.2044194e-08
CASGPFRDSVLTLVANVLTF,HPVGEADYFEY,A*30:02,0,0,0,2.7639965e-08
CASGPFRDSVLTLVANVLTF,MLNIPSINV,B*35:01,0,0,0,8.697437e-08
CASGPFRDSVLTLVANVLTF,VSDGGPNLY,B*15:01,0,0,0,1.6217632e-07
CASGPFRDSVLTLVANVLTF,LLFALHFSA,B*27:05,0,0,0,0.011153876
CASGPFRDSVLTLVANVLTF,SLLWMNPFV,B*51:01,0,0,0,0.009769861
CASGPFRDSVLTLVANVLTF,VMPFSIVYI,B*08:01,0,0,0,0.008101558
CASGPFRDSVLTLVANVLTF,ILNVDVFTL,A*68:01,0,0,0,0.0053580054
CASGPGTAYGYTF,FMLYLLTLM,A*24:02,0,0,0,0.0063951495
CASGPGTAYGYTF,VSDGGPNLY,B*15:01,0,0,0,0.0071276817
CASGPGTAYGYTF,FLYNPLTRV,B*38:01,0,0,0,1.4804e-06
CASGPGTAYGYTF,CFVECAPVC,B*27:09,0,0,0,1.5814373e-06
CASGPGTAYGYTF,RLVPYLEFL,B*51:01,0,0,0,1.0374985e-06
CASGPTGGAAETQYF,RYRIGNYKL,B*57:01,0,0,0,1.7089681e-06
CASGPTGGAAETQYF,TSTLQEQIGW,B*27:05,0,0,0,1.6703863e-06
CASGPTGGAAETQYF,SLLMWITQC,B*27:09,0,0,0,3.4388438e-06
CASGQGAYEQYF,HPVGEADYFEY,B*51:01,0,0,0,9.3811656e-07
CASGQGAYEQYF,SLLMPILTL,A*30:02,0,0,0,1.1822834e-06
CASGQGAYEQYF,VYIGDPAQL,B*15:01,0,0,0,1.2697093e-06
CASGQGAYEQYF,CFVECAPVC,B*27:05,0,0,0,0.009371938
CASGQGAYEQYF,LLFGMPPCL,B*35:08,0,0,0,0.010473399
CASGQGAYEQYF,VVMSWAPPV,B*15:01,0,0,0,0.013398642
CASGQGAYEQYF,KLLEIAPNC,A*30:02,0,0,0,0.009171261
CASGQGAYEQYF,RLGPYLEFL,A*24:02,0,0,0,0.005240279
CASGQGAYEQYF,MLNIPSINV,B*51:01,0,0,0,0.008010017
CASGRGPNYGYTF,SLAPLSPRA,A*01:01,0,0,0,0.0061743762
CASGRGPNYGYTF,LLAGTLAGV,B*37:01,0,0,0,0.008287067
CASGRGPNYGYTF,RYPLTFGW,A*24:02,0,0,0,2.3778323e-06
CASGRGPNYGYTF,ILTGLNYEV,A*01:01,0,0,0,1.8385044e-06
CASGRLVTGGGTGANVLTF,KTWGQYWQV,A*30:02,0,0,0,1.7852531e-06
CASGRLVTGGGTGANVLTF,GQVMVVAPR,A*02:01,0,0,0,3.0375152e-06
CASGRLVTGGGTGANVLTF,RLQSLQTYV,B*27:09,0,0,0,5.8292067e-06
CASGRLVTGGGTGANVLTF,LLFALHFSA,A*24:02,0,0,0,4.577799e-06
CASGRLVTGGGTGANVLTF,NDMLVCANI,A*02:01,0,0,0,1.2810513e-06
CASGRLVTGGGTGANVLTF,QKRPIPIKYKAM,A*01:01,0,0,0,2.7439708e-06
CASGRLVTGGGTGANVLTF,ILNVDVFTL,B*27:09,0,0,1,0.63475215
CASGRLVTGGGTGANVLTF,VSDGGPNLY,A*68:01,0,0,1,0.5420096
CASGRLVTGGGTGANVLTF,TSTLQEQIGW,A*01:01,0,0,1,0.52621037
CASGRSGEDYGYTF,KTFPPTEPK,B*08:01,0,0,1,0.5766562
CASGRSGEDYGYTF,LLWNGPMAV,B*08:01,0,0,1,0.51569414
CASGRSGEDYGYTF,RLPGVLPRA,A*11:01,0,0,0,6.6760624e-09
CASGRSGEDYGYTF,RTMEVCYNT,B*35:08,0,0,0,6.4586295e-08
CASGRSGEDYGYTF,VLFGLGFAI,A*11:01,0,0,0,9.328225e-09
CASGRSGEDYGYTF,FMLYLLTLM,A*02:01,0,0,0,5.992278e-08
CASGRSGEDYGYTF,GQFLTPNSH,B*27:05,0,0,0,7.428805e-08
CASGRSGEDYGYTF,ILNAMITKI,B*27:05,0,0,0,5.351064e-08
CASGRSGEDYGYTF,GCQEICPAC,B*35:01,0,0,0,7.719006e-08
CASGSGGEHF,LLSIISFPA,B*35:01,0,0,0,8.655932e-08
CASGSGGEHF,KMVAVFYTT,A*01:01,0,0,0,6.602519e-05
CASGSGGEHF,ILTGLNYEA,B*51:01,0,0,0,0.00012209121
CASGSGGEHF,LLAMTVPNV,A*24:02,0,0,0,5.1365012e-05
CASGSGGEHF,EIQEFCPNT,B*57:01,0,0,0,8.2803504e-05
CASGSGGEHF,KLVALGINAV,B*35:08,0,0,0,0.00012947679
CASGSGGEHF,ITDQVPFSV,B*35:08,0,0,0,4.1520332e-05
CASGTAGGPSTDTQYF,AEMEFCPCC,B*07:02,0,0,0,0.00013866324
CASGTAGGPSTDTQYF,KTWGQYWQV,A*30:02,0,0,0,4.5754565e-05
CASGTAGGPSTDTQYF,KMVAVFYNT,B*38:01,0,0,0,2.2307674e-06
CASGTAGGPSTDTQYF,CFVECAPVC,B*27:09,0,0,0,2.9563953e-06
CASGTGTPYNEQF,SLAPLSPRV,B*38:01,0,0,0,3.1414165e-06
CASGTGTPYNEQF,ALSPVIPLI,A*11:01,0,0,0,7.9914054e-07
CASGTGTPYNEQF,IVCPICSQK,B*35:01,0,0,0,3.141884e-06
CASGTGTPYNEQF,SVYGDTLEK,B*08:01,0,0,0,2.0227596e-06
CASGTGTPYNEQF,KRPIPIKYKAM,B*27:09,0,0,0,0.00020775708
CASGTGTPYNEQF,LLSIISFPA,B*27:09,0,0,0,0.00016159772
CASGTGTPYNEQF,TAFTIPSI,B*51:01,0,0,0,0.00027045337
CASGTLNSNQPQHF,TRLALIAPK,A*68:01,0,0,0,9.2465816e-05
CASGTLNSNQPQHF,EIQEFCPNT,B*35:08,0,0,0,0.00020046998
CASGTLNSNQPQHF,TRLALIAPK,B*07:02,0,0,0,0.00017554862
CASGTLNSNQPQHF,CTELKLSDY,A*01:01,0,0,0,1.511885e-05
CASIGGYGQPQHF,ELAGIGILTV,B*08:01,0,0,0,0.00010663997
CASIGGYGQPQHF,KLVALGINAV,A*01:01,0,0,0,4.898038e-05
CASIGGYGQPQHF,CLGGLLTMV,B*07:02,0,0,0,6.339251e-05
CASIGGYGQPQHF,NDMLVCANI,B*35:08,0,0,0,3.1594154e-05
CASIGGYGQPQHF,RLQSLQTYV,B*08:01,0,0,0,7.85292e-05
CASIKTGGAPETQYF,YVLTWIVGA,B*35:08,0,0,0,0.00016422522
CASIKTGGAPETQYF,VSDGGPNLY,B*37:01,0,0,0,4.6089623e-05
CASIKTGGAPETQYF,KTWGQYWQV,A*30:02,0,0,0,6.5858636e-08
CASIKTGGAPETQYF,RPPIFIRRL,A*68:01,0,0,0,9.82347e-08
CASIKTGGAPETQYF,EAAGIGILTV,B*57:01,0,0,0,1.0164189e-06
CASIKTGGAPETQYF,ALSPVIPHI,A*24:02,0,0,0,1.2631858e-07
CASILGLTTYNEQFF,RLPGVLPRA,B*15:01,0,0,0,2.6011872e-07
CASILGLTTYNEQFF,CFVECAPVC,A*02:01,0,0,0,1.0886518e-07
CASILGLTTYNEQFF,CTELKLSDY,B*27:05,0,0,0,2.5805238e-07
CASILGLTTYNEQFF,NMINFAPNI,B*27:09,0,0,0,2.8640935e-07
CASISTDSLNTEAFF,MMPFSIVYI,B*27:09,0,0,0,1.0955017e-09
CASISTDSLNTEAFF,NMIHFAPNV,A*68:01,0,0,0,5.211303e-10
CASISTDSLNTEAFF,RLVPYLEFL,B*51:01,0,0,0,6.665956e-10
CASISTDSLNTEAFF,VMPFSIVYI,B*51:01,0,0,0,1.4289726e-09
CASISTDSLNTEAFF,LMFWASSSI,B*15:01,0,0,0,7.422864e-10
CASISTDSLNTEAFF,GQFLTPNSH,B*27:09,0,0,0,7.8805257e-10
CASISTDSLNTEAFF,SLAPLSPRA,B*07:02,0,0,0,1.2941643e-09
CASISTDSLNTEAFF,FTSDYYQLY,B*07:02,0,0,0,2.6230232e-10
CASISTDSLNTEAFF,FEDLRLLSF,A*02:01,0,0,0,5.812531e-10
CASKGDSPHQPQHF,VSDGGPNLY,A*30:02,0,0,0,1.2212996e-10
CASKGDSPHQPQHF,IMDQVPFSV,B*38:01,0,0,0,7.784508e-11
CASKGDSPHQPQHF,NYNYLYRLF,B*27:09,0,0,0,4.1678538e-10
CASKPGQDYTGELFF,QSRGDENRGW,A*02:01,0,0,0,3.8741987e-09
CASKPGQDYTGELFF,VSDGGPNLY,B*15:01,0,0,0,5.843077e-10
CASKPGQDYTGELFF,LLAMTVPNV,B*51:01,0,0,0,5.8757776e-10
CASKPGQDYTGELFF,LLAMTVPNV,A*03:01,0,0,0,3.337663e-11
CASKPGQDYTGELFF,MMPFSIVYI,B*38:01,0,0,0,5.227381e-10
CASKRMTGEAGQPQHF,FEDLRLLSF,B*38:01,0,0,0,2.832346e-07
CASKSWDMAYEQYF,RLGPYLEFL,B*35:08,0,0,0,3.6288282e-07
CASKSWDMAYEQYF,LRVMMLAPF,B*37:01,0,0,0,4.785592e-07
CASKSWDMAYEQYF,YLEPGPVTA,A*11:01,0,0,0,1.2463232e-07
CASKSWDMAYEQYF,FMLYLLTLM,B*57:01,0,0,0,1.0834913e-06
CASKSWDMAYEQYF,QSRGDENRGW,B*27:05,0,0,0,1.816555e-06
CASLEAGGETQYF,IVCPICSQK,A*03:01,0,0,0,2.0848033e-07
CASLEAGGETQYF,QYDPVAALF,A*02:01,0,0,0,0.00012614168
CASLEAGGETQYF,KAFSPEVIPMF,A*02:01,0,0,0,0.00017477034
CASLEAGGETQYF,VLFGLGFAI,A*30:02,0,0,0,0.00016783155
CASLEAGGETQYF,CTELKLSDY,A*02:01,0,0,0,0.00015560888
CASLEAGGETQYF,SLAPLSPRA,A*24:02,0,0,0,0.00021878979
CASLEAGGETQYF,ILNAMITKI,A*01:01,0,0,0,0.00019665799
CASLGLQETQYF,NMINFAPNI,B*15:01,0,0,0,0.00035588705
CASLGLQETQYF,LLSIISFPA,B*27:09,0,0,0,0.00034366525
CASLGLQETQYF,KLVALGINAV,B*57:01,0,0,0,0.00041414413
CASLGLQETQYF,FLTVFSHFM,B*57:01,0,0,0,0.00032697682
CASLGLQETQYF,YVLDHLIVV,A*11:01,0,0,0,0.00020785077
CASLGLQETQYF,RQLLFVVEV,B*35:01,0,0,0,1.5792625e-06
CASLGLQETQYF,YVLDHLIVV,A*68:01,0,0,0,6.0368694e-07
CASLGLQETQYF,ILTGLNYEA,B*15:01,0,0,0,1.9261995e-06
CASLNPGSYEQYF,RLQSLQTYV,B*27:05,0,0,1,0.99739504
CASLNPGSYEQYF,GILGFVFTL,B*27:09,0,0,1,0.9964709
CASLNPGSYEQYF,FEDLRLLSF,B*08:01,0,0,1,0.9968389
CASMRGAHTGELFF,AVGSYVYSV,B*35:08,0,0,1,0.9974171
CASMRGAHTGELFF,NMIHFAPNV,A*11:01,0,0,1,0.99723935
CASMRGAHTGELFF,ALSKGVHFV,A*02:01,0,0,1,0.99756634
CASMRGAHTGELFF,RLGPYLEFL,B*35:08,0,0,1,0.9973252
CASMRGAHTGELFF,ILNVDIFTL,B*35:01,0,0,1,0.9971552
CASMRPTSYEQYF,YLEPGPVTA,B*57:01,0,0,1,0.9977342
CASMRPTSYEQYF,KTFPPTEPK,B*57:01,0,0,0,0.0002736246
CASMRPTSYEQYF,LMFWASSSI,B*35:01,0,0,0,0.00065952324
CASMRPTSYEQYF,VSDGGPNLY,B*35:01,0,0,0,0.00055622717
CASMRPTSYEQYF,VMPFSIVYIV,B*51:01,0,0,0,0.00036233573
CASMRPTSYEQYF,MIISHLYLI,B*27:05,0,0,0,0.0012896667
CASMTNNQPQHF,NLVPMVATV,B*07:02,0,0,0,0.0006736834
CASMTNNQPQHF,VMPFSIVYIV,B*27:09,0,0,0,1.4473716e-11
CASMTNNQPQHF,QSRGDENRGW,B*15:01,0,0,0,1.0073416e-11
CASMTNNQPQHF,SLLMWITQC,A*30:02,0,0,0,1.0895783e-11
CASMTRLGDSNEKLFF,CFVECAPVC,B*07:02,0,0,0,2.4771447e-11
CASMTRLGDSNEKLFF,FEDLRVLSF,A*11:01,0,0,0,3.2687754e-12
CASMTRLGDSNEKLFF,DATYQRTRALVR,B*51:01,0,0,0,3.3062362e-11
CASMTRLGDSNEKLFF,RLVPYLEFL,B*27:05,0,0,0,1.1558088e-11
CASMTRLGDSNEKLFF,KTWGQYWQV,A*01:01,0,0,0,7.982115e-12
CASMTRLGDSNEKLFF,QYIKWPWYI,A*30:02,0,0,0,6.6204607e-12
CASNGAGGYEQYF,CFLLILPNC,B*15:01,0,0,0,1.0175531e-11
CASNGAGGYEQYF,VYFLQSINF,B*08:01,0,0,0,0.00018865656
CASNGAGGYEQYF,FEDLRLLSF,B*57:01,0,0,0,0.00021843816
CASNGAGGYEQYF,NYNYLYRLF,A*01:01,0,0,0,0.00013353801
CASNGAGGYEQYF,LLFGMPPCL,A*11:01,0,0,0,0.000113572634
CASNLGGDNEQFF,ELAGIGILTV,B*57:01,0,0,0,0.00027481312
CASNLGGDNEQFF,ILTGLNYEA,A*02:01,0,0,0,0.0012788713
CASNLGGDNEQFF,CFLLILPNC,B*08:01,0,0,0,0.0011123838
CASNLGGDNEQFF,VLNYFKPYL,B*38:01,0,0,0,0.0007282166
CASNLGGDNEQFF,MLYQHLLPL,B*35:08,0,0,0,0.0010145917
CASNLGGDNEQFF,SPRWYFYYL,B*35:08,0,0,0,0.00072043587
CASNLGGDNEQFF,VYGIRLEHF,B*57:01,0,0,0,0.0010184132
CASNLGGDNEQFF,KMVAVFYTT,B*38:01,0,0,0,1.4751825e-09
CASNLGGDNEQFF,KAFSPEVIPMF,A*30:02,0,0,0,2.0065513e-10
CASNLRDTGNEQFF,VLFGLGFAI,A*03:01,0,0,0,6.433674e-11
CASNLRDTGNEQFF,KTWGQYWQV,A*11:01,0,0,0,5.145906e-10
CASNLRDTGNEQFF,FEDLRVSSF,A*30:02,0,0,0,1.6641424e-11
CASNLRDTGNEQFF,KLSALGINAV,B*15:01,0,0,0,2.370564e-09
CASNLRDTGNEQFF,EIQEFCPNT,B*35:08,0,0,0,1.4951616e-09
CASNPPGLAATGELFF,FTSDYYQLY,B*27:05,0,0,0,8.7673785e-11
CASNPPGLAATGELFF,SLAPLSPRV,B*38:01,0,0,0,1.7997326e-09
CASNPPGLAATGELFF,FLYNLLTRV,B*27:05,0,0,0,9.626846e-10
CASNPPGLAATGELFF,MIISHLYLI,B*27:09,0,0,0,1.8716149e-09
CASNPPGLAATGELFF,KLVALGINAV,B*27:09,0,0,0,4.8891507e-06
CASNPPVRLGLTEAFF,KLNTITPVV,A*68:01,0,0,0,1.4976541e-08
CASNPPVRLGLTEAFF,VLFGLGFAI,B*37:01,0,0,0,8.327694e-08
CASNPPVRLGLTEAFF,CLGGLLTMV,B*35:01,0,0,0,1.9830709e-07
CASNPPVRLGLTEAFF,NMIHFAPNV,A*24:02,0,0,0,1.501536e-07
CASNPPVRLGLTEAFF,SPRWYFYYL,A*24:02,0,0,0,6.42452e-09
CASNPPVRLGLTEAFF,KLLEIAPNC,B*27:09,0,0,0,4.053979e-06
CASNPVAGLPGEQYF,LLSIIFFPA,B*35:01,0,0,0,2.0155e-06
CASNPVAGLPGEQYF,NLFNRYPAL,A*03:01,0,0,0,2.9664214e-08
CASNPVAGLPGEQYF,MLYQHLLPL,B*08:01,0,0,0,1.0393642e-06
CASNQGLYEQYF,SLLWMNPFV,B*08:01,0,0,0,2.721254e-06
CASNQGLYEQYF,TTDPSFLGRY,B*38:01,0,0,1,0.99555534
CASNQGLYEQYF,RLGPYLEFL,B*07:02,0,0,1,0.99660635
CASNQGLYEQYF,VYIGDPAQL,B*35:01,0,0,1,0.9966787
CASNQGLYEQYF,KMVTVCPNT,B*35:01,0,0,1,0.99743074
CASNQGLYEQYF,FLYNPLTRV,A*02:01,0,0,1,0.9944924
CASNRDRDYGYTF,LLSIISFPA,B*07:02,0,0,1,0.9966756
CASNRDRDYGYTF,FEDLRVSSF,A*30:02,0,0,0,5.914006e-10
CASNRDRDYGYTF,YHSIEWAI,B*57:01,0,0,0,3.2790965e-09
CASNRDRDYGYTF,ILNVDVFTL,B*15:01,0,0,0,1.4481324e-09
CASNRDRDYGYTF,FLRGRAYGL,B*38:01,0,0,0,1.9588522e-09
CASNREVSTDTQYF,LLSIIFFPA,B*37:01,0,0,0,4.0018246e-09
CASNREVSTDTQYF,IMDQVPFSV,B*07:02,0,0,0,1.336341e-09
CASNREVSTDTQYF,GILGFVFTL,A*03:01,0,0,0,6.5633354e-10
CASNREVSTDTQYF,LLAGTLAVV,A*02:01,0,0,0,1.3304153e-09
CASNREVSTDTQYF,LLSIISFPA,B*27:09,0,0,0,3.5428038e-09
CASNRGYNEQFF,SPRWYFYYL,B*38:01,0,0,1,0.98887795
CASNRGYNEQFF,RPPIFIRRL,B*37:01,0,0,1,0.99000376
CASNRGYNEQFF,ELAGIGILTV,A*68:01,0,0,1,0.9850445
CASNRGYNEQFF,LLSIISFPA,A*02:01,0,0,1,0.98566866
CASNRGYNEQFF,RPIPIKYKAM,B*38:01,0,0,1,0.9880513
CASNSGGYNEQFF,KVKEVCPNV,A*03:01,0,0,1,0.992014
CASNSGGYNEQFF,ALSKGVHFV,A*01:01,0,0,1,0.9893975
CASNSGGYNEQFF,HPVGEADYFEY,A*02:01,0,0,1,0.9862779
CASNWGGRGNTGELFF,KTFPPTEPK,A*68:01,0,0,1,0.9841558
CASNWGGRGNTGELFF,KMVTVCPNT,A*01:01,0,0,1,0.9892398
CASNWGGRGNTGELFF,KTWGQYWQV,A*11:01,0,0,1,0.9897508
CASNWGGRGNTGELFF,SLLMPILTL,B*37:01,0,0,0,1.193054e-05
CASNWGGRGNTGELFF,TRLALIAPK,B*07:02,0,0,0,4.3938785e-06
CASNWGGRGNTGELFF,CLGGLLTMV,A*03:01,0,0,0,1.4687128e-06
CASNWGGRGNTGELFF,RPRGEVRFL,B*38:01,0,0,0,2.6922914e-06
CASNWGGRGNTGELFF,LLAGTLAGV,B*15:01,0,0,0,5.3664953e-06
CASPTSGKDPDTQYF,YVLDHLIVV,A*24:02,0,0,0,4.2354654e-06
CASPTSGKDPDTQYF,ALSPVIPHI,A*01:01,0,0,0,1.1335329e-08
CASPTSGKDPDTQYF,NMINFAPNI,B*08:01,0,0,0,6.554847e-08
CASPTSGKDPDTQYF,RYRIGNYKL,B*15:01,0,0,0,6.7664814e-08
CASPTSGKDPDTQYF,MMPFSIVYI,B*51:01,0,0,0,2.0181378e-07
CASPTSGKDPDTQYF,ALSPVIPLI,B*38:01,0,0,0,2.6010847e-08
CASQDSYEQYF,LLAMTVPNV,A*02:01,0,0,0,0.00671207
CASQDSYEQYF,FEDLRVLSF,B*51:01,0,0,0,0.015699007
CASQDSYEQYF,YLEPGPVTA,B*08:01,0,0,0,0.008070316
CASQDSYEQYF,KLWASPLHV,A*24:02,0,0,0,0.004423715
CASQDSYEQYF,GQMWLLAPR,A*03:01,0,0,0,0.004189994
CASQDSYEQYF,ILNVDIFTL,A*11:01,0,0,0,0.0004574507
CASQIQGYTEAF,YLQPRTFLL,B*38:01,0,0,0,0.0004244589
CASQIQGYTEAF,EIQEFCPNT,B*08:01,0,0,0,0.0004443865
CASQIQGYTEAF,QKRPIPIKYKAM,B*51:01,0,0,0,0.0008693906
CASQIQGYTEAF,ALSPVIPHI,A*02:01,0,0,0,0.00022666896
CASQIQGYTEAF,VSDGGPNLY,B*38:01,0,0,0,0.00048162448
CASQIQGYTEAF,SLAPLSPRV,A*24:02,0,0,0,0.00016639872
CASQIQGYTEAF,KAFSPEVIPMF,B*37:01,0,0,0,0.00054183236
CASQIQGYTEAF,GMGPLLATV,B*38:01,0,0,0,0.0004406222
CASQIQGYTEAF,VYGIRLEHF,A*02:01,0,0,0,0.0002362696
CASQPWFNTGELFF,KMVAVFYNT,B*35:01,0,0,0,8.1759805e-05
CASQPWFNTGELFF,KMVTVCPNT,B*51:01,0,0,0,3.9436567e-05
CASQPWFNTGELFF,VMPFSIVYI,B*57:01,0,0,0,9.289463e-05
CASQPWFNTGELFF,RLGPYLEFL,B*35:08,0,0,0,5.5657612e-05
CASQPWFNTGELFF,SLLMPILTL,A*02:01,0,0,0,8.802355e-05
CASQPWFNTGELFF,RLPGVLPRA,A*01:01,0,0,0,5.7139783e-05
CASQPWFNTGELFF,KAFSPEVIPMF,B*38:01,0,0,0,6.395355e-05
CASQPWFNTGELFF,LIIPFIHLI,B*51:01,0,0,0,4.7371825e-05
CASQPWFNTGELFF,LMFWASSSI,B*37:01,0,0,0,8.246759e-05
CASRAGSTEAFF,LLFGMTPCL,A*11:01,0,0,0,7.0024875e-09
CASRAGSTEAFF,KLNTITPVV,A*68:01,0,0,0,1.0877526e-08
CASRAGSTEAFF,HTMLCMCCK,A*02:01,0,0,0,1.8068429e-08
CASRAGSTEAFF,HTMLCMCCK,A*01:01,0,0,0,1.0411847e-08
CASRAGSTEAFF,KLVALGINAV,B*57:01,0,0,0,2.3566708e-08
CASRAGSTEAFF,IMDQVPFSV,B*35:08,0,0,0,1.0374441e-08
CASRAGSTEAFF,LLFGMPPCL,A*30:02,0,0,0,4.8388196e-09
CASRAGSTEAFF,VMHANYIFW,B*51:01,0,0,0,4.247971e-08
CASRAGSTEAFF,MIISHLYLI,B*08:01,0,0,0,0.055223104
CASRASGGYNEQFF,KTWGQYWQV,A*02:01,0,0,0,0.030973319
CASRASGGYNEQFF,IMDQVPFSV,B*37:01,0,0,0,0.049165443
CASRASGGYNEQFF,CLGGLLTMV,B*35:01,0,0,0,0.045115896
CASRASGGYNEQFF,TSTLQEQIGW,B*35:01,0,0,0,0.045456134
CASRDRGVGSPLHF,KMVAVFYTT,B*37:01,0,0,0,0.043257114
CASRDRGVGSPLHF,DATYQRTRALVR,B*51:01,0,0,0,0.052948475
CASRDRGVGSPLHF,MLYQHLLPL,A*03:01,0,0,0,0.04623985
CASRDRGVGSPLHF,KAFSPEVIPMF,B*37:01,0,0,0,3.4618308e-06
CASRDRGVGSPLHF,CTELKLNDY,B*08:01,0,0,0,5.2013215e-06
CASRDRGVGSPLHF,CTELKLSDY,B*37:01,0,0,0,3.1404402e-06
CASRDRGVGSPLHF,SPRWYFYYL,A*11:01,0,0,0,9.741054e-07
CASREALEQAEAF,SLLMWITQA,A*30:02,0,0,0,4.0421114e-06
CASREALEQAEAF,ALYGSVPVL,A*30:02,0,0,0,2.3810524e-06
CASREALEQAEAF,RPIPIKYKAM,A*68:01,0,0,0,4.323457e-06
CASREALEQAEAF,GQFLTPNSH,A*68:01,0,0,0,2.6628775e-06
CASREGLEDTEAFF,LIIPFIHLI,A*68:01,0,0,0,0.1527336
CASREGLEDTEAFF,FTSDYYQLY,B*15:01,0,0,0,0.1474183
CASREGTEAIDTEAFF,RLVPYLEFL,A*03:01,0,0,0,0.123827636
CASREGTEAIDTEAFF,LLSIIFFPA,B*38:01,0,0,0,0.19425136
CASREGTEAIDTEAFF,KLLEIAPNC,B*07:02,0,0,0,0.30803582
CASREGTEAIDTEAFF,IMDQVPFSV,B*07:02,0,0,0,0.23811431
CASREGTEAIDTEAFF,GQVMVVAPR,A*02:01,0,0,0,0.20310603
CASREQGMNTEAFF,RPRGEVRFL,A*01:01,0,0,0,0.27823192
CASREQGMNTEAFF,THLMVLCCV,B*35:01,0,0,0,0.16676185
CASREQGMNTEAFF,EAAGIGILTV,A*68:01,0,0,0,0.24121208
CASREQGMNTEAFF,ALSKGVHFV,B*37:01,0,0,0,3.0247554e-06
CASREQGMNTEAFF,GCQEICPAC,B*08:01,0,0,0,5.677831e-06
CASREQGMNTEAFF,LLFGMTPCL,B*37:01,0,0,0,4.5199768e-06
CASREQGMNTEAFF,LLAILTYYV,A*30:02,0,0,0,2.905508e-06
CASREQGMNTEAFF,VAANIVLTV,B*15:01,0,0,0,2.41528e-06
CASREQGMNTEAFF,GQFLTPNSH,A*11:01,0,0,0,1.1325365e-06
CASRETGGRAGFADTQYF,KAFSPEVIPMF,B*27:05,0,0,0,4.4951557e-06
CASRETGGRAGFADTQYF,LLAILTYYV,A*01:01,0,0,0,2.958251e-06
CASRETGGRAGFADTQYF,GCQEICPAC,B*35:01,0,0,0,0.000484573
CASRETGGRAGFADTQYF,LRVMMLAPF,B*37:01,0,0,0,0.00017022215
CASRETGGRAGFADTQYF,YVLDHLIVV,A*11:01,0,0,0,0.000371074
CASRETGGRAGFADTQYF,FLTVFSHFM,A*11:01,0,0,0,0.00024188985
CASRETGGRAGFADTQYF,VLFHRAFLV,B*38:01,0,0,0,0.0001392153
CASRETGGRAGFADTQYF,FLIYLDVSV,B*35:01,0,0,0,0.00038580937
CASRETGGRAGFADTQYF,FLTVFSHFM,B*27:09,0,0,0,0.0008539033
CASRETGGRAGFADTQYF,LLAGTLAVV,A*02:01,0,0,0,0.0003762243
CASRFVAPSDGYNEQFF,ILTGLNYEA,A*11:01,0,0,0,0.0007172833
CASRFVAPSDGYNEQFF,FTSDYYQLY,B*27:05,0,0,0,0.00061598804
CASRFVAPSDGYNEQFF,QYIKWPWYI,B*38:01,0,0,0,0.00074884185
CASRFVAPSDGYNEQFF,KTWGQYWQV,B*15:01,0,0,0,0.32579347
CASRFVAPSDGYNEQFF,CTELKLNDY,A*68:01,0,0,0,0.40415052
CASRFVAPSDGYNEQFF,QKRPIPIKYKAM,A*24:02,0,0,0,0.3966733
CASRFVAPSDGYNEQFF,HPVGEADYFEY,B*35:08,0,0,0,0.34728867
CASRGAVDTQYF,ILNVDIFTL,B*57:01,0,0,0,0.3317525
CASRGAVDTQYF,KRPIPIKYKAM,B*35:01,0,0,0,0.35981855
CASRGAVDTQYF,LVLEVDPNI,A*24:02,0,0,0,1.9078114e-10
CASRGAVDTQYF,EAAGIGILTV,B*08:01,0,0,0,3.9062809e-10
CASRGAVDTQYF,ITDQVPFSV,B*35:01,0,0,0,2.2408536e-10
CASRGAVDTQYF,NLFNRYPAL,B*08:01,0,0,0,2.9395916e-10
CASRGAVDTQYF,NMIHFAPNV,B*38:01,0,0,0,1.6272002e-10
CASRGAVDTQYF,FTSDYYQLY,B*07:02,0,0,0,2.634756e-10
CASRGAVDTQYF,RTMEVCYNT,B*07:02,0,0,0,3.1704697e-10
CASRGAVDTQYF,LLFALHFSA,B*35:08,0,0,0,2.5346517e-10
CASRGAVDTQYF,VLNYFKPYL,B*35:01,0,0,0,9.665465e-06
CASRGAVDTQYF,FLRGRAYGL,B*08:01,0,0,0,7.952291e-06
CASRGGGGFYEQYF,VYGIRLEHF,A*03:01,0,0,1,0.93988645
CASRGGGGFYEQYF,GILGFVFTL,A*03:01,0,0,1,0.9308964
CASRGGGGFYEQYF,KMVAVFYTT,B*08:01,0,0,1,0.93642795
CASRGGGGFYEQYF,NDMLVCANI,B*57:01,0,0,1,0.95779675
CASRGGGGFYEQYF,CLGGLLTMV,A*24:02,0,0,0,3.214178e-05
CASRGGGGFYEQYF,VLNYFEPYL,A*24:02,0,0,0,7.459214e-05
CASRGGGGFYEQYF,YVLTWIVGA,B*37:01,0,0,0,0.000113727714
CASRGGGGFYEQYF,LLFALHFSA,B*51:01,0,0,0,0.00013083052
CASRGGRRNTEAFF,KAFSPEVIPMF,A*03:01,0,0,0,1.7138584e-05
CASRGGRRNTEAFF,HTMLCMCCK,B*07:02,0,0,0,6.241166e-05
CASRGGRRNTEAFF,KRPIPIKYKAM,A*68:01,0,0,0,0.00020648449
CASRGGRRNTEAFF,YVLDHLIVV,B*08:01,0,0,0,0.00027958865
CASRGGRRNTEAFF,MLNIPSINV,B*27:09,0,0,0,0.00022511219
CASRGGRRNTEAFF,GILGFVFTL,A*03:01,0,0,0,0.000119174285
CASRGQGNTEAFF,SPRWYFYYL,B*08:01,0,0,0,0.09626516
CASRGQGNTEAFF,KMVAVFYNT,A*02:01,0,0,0,0.21775311
CASRGQGNTEAFF,CLGGLLTMV,B*38:01,0,0,0,0.18403399
CASRGQGNTEAFF,FEDLRVSSF,A*24:02,0,0,0,0.06522086
CASRGQGNTEAFF,KRPIPIKYKAM,A*30:02,0,0,0,0.4283036
CASRGQGNTEAFF,SLAPLSPRA,B*27:05,0,0,0,0.33164546
CASRGQGNTEAFF,KRPIPIKYKAM,B*27:09,0,0,0,0.46096382
CASRGQGNTEAFF,RPPIFIRRL,B*57:01,0,0,0,0.04695687
CASRGQGNTEAFF,ILNVDIFTL,B*15:01,0,0,0,0.058435112
CASRGQGNTEAFF,VSDGGPNLY,A*02:01,0,0,0,0.05220586
CASRGQGNTEAFF,ILTGLNYEA,A*11:01,0,0,0,0.058115683
CASRGQGNTEAFF,GCQEICPAC,A*01:01,0,0,0,0.04859701
CASRGQGNTEAFF,KLWASPLHV,B*35:08,0,0,0,0.07564753
CASRGQGNTEAFF,GILGFVFTL,B*27:05,0,0,0,0.06285987
CASRGQNTGELFF,FMLYLLTLM,A*68:01,0,0,0,0.051693697
CASRGQNTGELFF,GKTELLAPF,A*68:01,0,0,0,0.039931267
CASRGQNTGELFF,KMVAVFYTT,B*37:01,0,0,0,2.045179e-06
CASRGQNTGELFF,MMPFSIVYI,B*51:01,0,0,0,1.2694671e-06
CASRGQNTGELFF,LMFWASSSI,B*08:01,0,0,0,3.8473418e-06
CASRGQNTGELFF,AVGSYVYSV,B*08:01,0,0,0,2.437829e-06
CASRGQNTGELFF,KLNTITPVV,B*08:01,0,0,0,2.440625e-06
CASRGQNTGELFF,CFLLILPNC,B*27:05,0,0,0,2.4797685e-06
CASRGQNTGELFF,TRLALIAPK,B*37:01,0,0,0,0.0009821802
CASRGQTPEAFF,KTWGQYWQV,B*08:01,0,0,0,0.0011005297
CASRGQTPEAFF,ALSPVIPLI,A*02:01,0,0,0,0.00045303995
CASRGQTPEAFF,AEMEFCPCC,B*07:02,0,0,0,0.00152357
CASRGQTPEAFF,TRLALIAPK,A*30:02,0,0,0,0.0005071387
CASRGQTPEAFF,VYFLQSINF,A*11:01,0,0,0,0.0001045348
CASRGQTPEAFF,LLFGMPPCL,A*68:01,0,0,0,0.00071264803
CASRGQTPEAFF,VLFGLGFAI,A*24:02,0,0,0,0.00069485354
CASRGQTPEAFF,KVKEVCPNV,B*27:09,0,0,0,0.0010119148
CASRGSGASTGELFF,FLYNLLTRV,A*02:01,0,0,0,0.0004512545
CASRGSGASTGELFF,KMVAVFYNT,B*27:09,0,0,1,0.6013166
CASRGSGASTGELFF,HPVGEADYFEY,B*38:01,0,0,0,0.35774446
CASRGSGASTGELFF,MTLHGFMMY,A*03:01,0,0,1,0.63929236
CASRGSGASTGELFF,QSRGDENRGW,A*01:01,0,0,1,0.50500214
CASRGSGASTGELFF,LIIPFIHLI,B*15:01,0,0,0,0.37195292
CASRGSGASTGELFF,FLTVFSHFM,B*35:01,0,0,1,0.6240685
CASRGSGASTGELFF,FEDLRVSSF,B*35:01,0,0,0,0.00026219658
CASRILAGVLYEQYF,TSTLQEQIGW,B*37:01,0,0,0,0.00046109772
CASRILAGVLYEQYF,GCQEICPAC,B*35:08,0,0,0,0.00064380036
CASRILAGVLYEQYF,GQFLTPNSH,A*11:01,0,0,0,6.46195e-05
CASRILAGVLYEQYF,CFLLILPNC,B*37:01,0,0,0,0.00023720744
CASRILAGVLYEQYF,GQVMVVAPR,A*24:02,0,0,0,0.00019190116
CASRILAGVLYEQYF,FLTVFSHFM,B*35:08,0,0,0,0.00014947054
CASRILAGVLYEQYF,SPRWYFYYL,B*57:01,0,0,0,0.00013001372
CASRILAGVLYEQYF,KLWASPLHV,B*27:05,0,0,0,0.000101461446
CASRILAGVLYEQYF,LLWNGPMAV,B*51:01,0,0,0,0.00017354976
CASRIWTGGDLNTEAFF,FEDLRVLSF,B*51:01,0,0,0,3.6117522e-06
CASRIWTGGDLNTEAFF,MLYQHLLPL,A*11:01,0,0,0,2.1254612e-06
CASRIWTGGDLNTEAFF,SLAPLSPRV,A*03:01,0,0,0,2.2998902e-06
CASRIWTGGDLNTEAFF,ILNVDVFTL,A*01:01,0,0,0,2.4741912e-06
CASRIWTGGDLNTEAFF,SLLMPILTL,B*08:01,0,0,0,8.005289e-06
CASRLGESSYNEQFF,QYDPVAALF,B*27:05,0,0,0,3.6449599e-06
CASRLGESSYNEQFF,LLAGTLAVV,A*68:01,0,0,0,2.2472818e-06
CASRLGESSYNEQFF,FTSDYYQLY,B*07:02,0,0,0,2.5489232e-06
CASRLGESSYNEQFF,ILNAMITKI,B*57:01,0,0,1,0.99997604
CASRLGESSYNEQFF,SLLMWITQA,A*68:01,0,0,1,0.9999763
CASRLGESSYNEQFF,NMINFAPNI,A*68:01,0,0,1,0.9999808
CASRLGESSYNEQFF,CTELKLNDY,B*07:02,0,0,1,0.9999689
CASRLGESSYNEQFF,MTLHGFMMY,A*68:01,0,0,1,0.99998415
CASRLGGLGEQYF,LLWNGPMAV,A*02:01,0,0,1,0.99998343
CASRLGGLGEQYF,ILNAMITKI,B*57:01,0,0,1,0.99997604
CASRLGGLGEQYF,RQLLFVVEV,B*08:01,0,0,0,0.00023939087
CASRLGGLGEQYF,QYIKWPWYI,B*08:01,0,0,0,0.000110473935
CASRLGGLGEQYF,SLLMPILTL,B*27:09,0,0,0,0.00025300556
CASRLGGLGEQYF,TSTLQEQIGW,B*07:02,0,0,0,0.00023279668
CASRLGGLGEQYF,YVLTWIVGA,A*03:01,0,0,0,0.00016451125
CASRLGGLGEQYF,RQLLFVVEV,A*02:01,0,0,0,9.882519e-05
CASRLGGLGEQYF,NLNCCSVPV,A*24:02,0,0,0,3.8471543e-07
CASRLGGLGEQYF,SLAPLSPRV,B*51:01,0,0,0,4.110668e-07
CASRLGGLGEQYF,DATYQRTRALVR,B*51:01,0,0,0,4.6757458e-07
CASRLGGLGEQYF,NLFNRYPAL,A*01:01,0,0,0,3.0301203e-07
CASRLGLGDREDEKLFF,KLLEIAPNC,B*38:01,0,0,0,3.552903e-07
CASRLGLGDREDEKLFF,LLFGMPPCL,B*27:05,0,0,0,5.92049e-07
CASRLGLGDREDEKLFF,LLFALYFSA,B*15:01,0,0,0,3.8011845e-07
CASRLGLGDREDEKLFF,KTWGQYWQV,B*07:02,0,0,0,4.9147883e-07
CASRLGLGDREDEKLFF,GKTELLAPF,B*38:01,0,0,0,3.218816e-05
CASRLGLGDREDEKLFF,GILGFVFTL,B*15:01,0,0,0,3.6000794e-05
CASRLGLGDREDEKLFF,KLNTITPVV,B*27:05,0,0,0,4.3990825e-05
CASRLGLGDREDEKLFF,NLFNRYPAL,B*07:02,0,0,0,4.830159e-05
CASRLHGGTPSYEQYF,FLRGRAYGL,A*03:01,0,0,0,3.4737095e-05
CASRLHGGTPSYEQYF,HPVGEADYFEY,A*30:02,0,0,0,8.385876e-06
CASRLHGGTPSYEQYF,KMVAVFYNT,A*01:01,0,0,0,2.2181108e-05
CASRLHGGTPSYEQYF,VVMSWAPPV,A*30:02,0,0,1,0.99999845
CASRLHGGTPSYEQYF,VVMSWAPPV,B*37:01,0,0,1,0.99999845
CASRLPTTDEKLFF,CFVECAPVC,B*57:01,0,0,1,0.9999988
CASRLPTTDEKLFF,ITDQVPFSV,A*11:01,0,0,1,0.9999993
CASRLPTTDEKLFF,ILNVDVFTL,B*07:02,0,0,0,3.1291265e-09
CASRLPTTDEKLFF,QYIKWPWYI,A*24:02,0,0,0,2.7272433e-09
CASRLPTTDEKLFF,TAFTIPSI,B*08:01,0,0,0,3.5151668e-09
CASRLPTTDEKLFF,FEDLRLLSF,A*11:01,0,0,0,3.4036501e-10
CASRLPTTDEKLFF,VVMSWAPPV,A*30:02,0,0,0,1.3740147e-09
CASRLPTTDEKLFF,VMPFSIVYI,B*15:01,0,0,0,3.4252345e-09
CASRMGSTAFF,SPRWYFYYL,A*03:01,0,0,0,1.3167821e-10
CASRMGSTAFF,CFLLILPNC,B*08:01,0,0,0,5.5018115e-09
CASRMGSTAFF,LRVMMLAPF,B*51:01,0,0,0,5.192365e-09
CASRMGSTAFF,KTWGQYWQV,B*08:01,0,0,0,7.678899e-09
CASRMGSTAFF,QSRGDENRGW,B*27:09,0,0,0,7.697185e-09
CASRMGSTAFF,MTLHGFMMY,A*24:02,0,0,0,0.018647902
CASRMGSTAFF,LLWNGPMAV,B*57:01,0,0,0,0.07835414
CASRMGSTAFF,FMLYLLTLM,A*11:01,0,0,0,0.030152593
CASRMGTSGSTDTQYF,VLFGLGFAI,A*02:01,0,0,0,0.02539332
CASRMGTSGSTDTQYF,KAFSPEVIPMF,B*27:05,0,0,0,0.04503861
CASRMGTSGSTDTQYF,NMIHFAPNV,A*03:01,0,0,0,0.027457317
CASRMGTSGSTDTQYF,RTMEVCYNT,A*02:01,0,0,0,5.6661098e-05
CASRMGTSGSTDTQYF,DATYQRTRALVR,B*35:01,0,0,0,0.00011660604
CASRMGTSGSTDTQYF,FLRGRAYGL,A*02:01,0,0,0,8.1531914e-05
CASRMGTSGSTDTQYF,LPRWYFYYL,B*37:01,0,0,0,2.47498e-05
CASRMGTSGSTDTQYF,SLLMWITQA,B*27:09,0,0,0,0.00010637337
CASRMGTSGSTDTQYF,HTMLCMCCK,A*30:02,0,0,0,1.9333185e-05
CASRMGTSGSTDTQYF,NMINFAPNI,A*01:01,0,0,0,2.8417062e-05
CASRPGGGGYTF,QSRGDENRGW,B*27:09,0,0,0,9.0193134e-05
CASRPGGGGYTF,EAAGIGILTV,B*27:05,0,0,0,0.00017063651
CASRPGGGGYTF,LLSIISFPA,A*02:01,0,0,0,6.7377434e-05
CASRPGGGGYTF,GQVMVVAPR,B*08:01,0,0,0,0.00014516867
CASRPGGGGYTF,VMPFSIVYIV,B*08:01,0,0,0,0.00014296785
CASRPGGGGYTF,EIQEFCPNT,B*08:01,0,0,0,1.7721437e-05
CASRPGGGGYTF,FLIYLDVSV,A*30:02,0,0,0,1.0445181e-05
CASRPGGGSYNEQFF,AEMEFCPCC,B*37:01,0,0,0,2.3820996e-05
CASRPGGGSYNEQFF,NMINFAPNI,A*02:01,0,0,0,8.885537e-06
CASRPGGGSYNEQFF,RYPLTFGWCF,A*11:01,0,0,0,4.4619915e-06
CASRPGLAGGRPEQYF,LRVMMLAPF,B*35:01,0,0,0,3.971741e-06
CASRPGLAGGRPEQYF,IPSINVHHY,A*30:02,0,0,0,7.9377344e-07
CASRPGLAGGRPEQYF,AVGSYVYSV,A*24:02,0,0,0,1.4605404e-06
CASRPGLAGGRPEQYF,QSRGDENRGW,B*15:01,0,0,0,4.0021046e-06
CASRPGLAGGRPEQYF,ILNAMITKI,A*03:01,0,0,0,9.868613e-07
CASRPGLAGGRPEQYF,GQMWLLAPR,B*57:01,0,0,0,2.6059074e-06
CASRPGLAGGRPEQYF,LLSIISFPA,B*38:01,0,0,0,4.9050577e-06
CASRPGLMSAQPEQYF,NMIHFAPNV,B*27:05,0,0,0,1.7726416e-09
CASRPGLMSAQPEQYF,KTWGQYWQV,B*37:01,0,0,0,2.413767e-09
CASRPGLMSAQPEQYF,RFPLTFGWCF,B*07:02,0,0,0,1.0031321e-09
CASRPGLMSAQPEQYF,QSRGDENRGW,B*15:01,0,0,0,2.297853e-09
CASRPGLMSAQPEQYF,VMPFSIVYI,B*38:01,0,0,0,3.094369e-10
CASRPGLMSAQPEQYF,FLYNPLTRV,B*51:01,0,0,0,0.0016131996
CASRPGQGRNGTSGVTYEQYF,LLAMTVPNV,B*08:01,0,0,0,0.0018993303
CASRPGQGRNGTSGVTYEQYF,ALSPVIPHI,A*03:01,0,0,0,0.00092073326
CASRPGQGRNGTSGVTYEQYF,NLNCCSVPV,A*11:01,0,0,0,0.0011045124
CASRPGQGRNGTSGVTYEQYF,KLLEIAPNC,A*24:02,0,0,0,0.0011800386
CASRPGQGRNGTSGVTYEQYF,NLFNRYPAL,B*35:01,0,0,0,0.0015903793
CASRPGQGRNGTSGVTYEQYF,GMGPLLATV,B*35:01,0,0,0,2.1757684e-07
CASRPGQGRNGTSGVTYEQYF,CFVECAPVC,A*02:01,0,0,0,1.4500063e-07
CASRPGTNTEAF,HTMLCMCCK,A*30:02,0,0,0,1.8134655e-07
CASRPGTNTEAF,QYDPVAALF,B*15:01,0,0,0,9.161686e-08
CASRPGTNTEAF,SVYGDTLEK,B*35:08,0,0,0,8.400633e-08
CASRPGTNTEAF,KTWGQYWQV,B*15:01,0,0,0,4.255594e-07
CASRPGTNTEAF,KMVTVCPNT,A*68:01,0,0,0,6.24045e-08
CASRPLSGGAPDTQYF,LLAGTLAGV,B*35:01,0,0,0,2.8866998e-07
CASRPLSGGAPDTQYF,MIISHLYLI,B*27:05,0,0,0,5.0569747e-07
CASRPLSGGAPDTQYF,KRPIPIKYKAM,B*38:01,0,0,0,9.928046e-07
CASRPLSGGAPDTQYF,ITDQVPFSV,B*35:01,0,0,0,0.00018282347
CASRPLSGGAPDTQYF,VMPFSIVYIV,B*35:01,0,0,0,0.00034612045
CASRPLSGGAPDTQYF,ILNAMIAKI,A*01:01,0,0,0,0.00014659853
CASRPLSGGAPDTQYF,CLGGLLTMV,A*01:01,0,0,0,0.00017925429
CASRPLTGGNQPQHF,SLLWMNPFV,B*08:01,0,0,0,0.00051468203
CASRPLTGGNQPQHF,RQLLFVVEV,B*35:01,0,0,0,3.400281e-06
CASRPLTGGNQPQHF,AEMEFCPCC,A*02:01,0,0,0,6.1443498e-06
CASRPLTGGNQPQHF,NLFNRYPAL,B*57:01,0,0,0,4.962015e-06
CASRPLTGGNQPQHF,TTDPSFLGRY,A*68:01,0,0,0,3.429715e-07
CASRPLTGGNQPQHF,ELAGIGILTV,B*08:01,0,0,0,8.60053e-06
CASRPLTGGNQPQHF,RYRIGNYKL,B*15:01,0,0,0,4.019014e-06
CASRPPHYNSPLHF,LLSIIFFPA,A*02:01,0,0,0,4.1207577e-06
CASRPPHYNSPLHF,RPRGEVRFL,A*03:01,0,0,0,3.9361485e-06
CASRPPHYNSPLHF,SPRWYFYYL,B*38:01,0,0,0,2.3795358e-06
CASRPPHYNSPLHF,FLTVFSHFM,A*30:02,0,0,0,5.5110004e-06
CASRPPHYNSPLHF,ILNAMITKI,A*30:02,0,0,0,4.0169407e-06
CASRPPHYNSPLHF,FLIYLDVSV,B*07:02,0,0,0,2.8265651e-05
CASRPPHYNSPLHF,MIISHLYLI,B*07:02,0,0,0,1.7967319e-05
CASRPQGLGNTIYF,VYFLQSINF,B*51:01,0,0,0,2.8942138e-06
CASRPQGLGNTIYF,NMIHFAPNV,A*24:02,0,0,0,1.1526837e-05
CASRPQGLGNTIYF,NYNYLYRLF,A*30:02,0,0,0,2.8535799e-06
CASRPQGLGNTIYF,SLLMWITQC,B*08:01,0,0,1,0.8111698
CASRPQGLGNTIYF,RLPGVLPRA,B*15:01,0,0,1,0.7929627
CASRPQGLGNTIYF,VYGIRLEHF,B*07:02,0,0,1,0.80787694
CASRPQGLGNTIYF,MLYQHLLPL,B*07:02,0,0,1,0.8247334
CASRPQGLGNTIYF,TSTLQEQIGW,B*07:02,0,0,1,0.8251253
CASRPQGLGNTIYF,ILTGLNYEV,B*35:08,0,0,1,0.78702164
CASRPQQGKGSYEQYF,VVLSWAPPV,B*08:01,0,0,1,0.79628956
CASRPQQGKGSYEQYF,KMVAVFYTT,B*08:01,0,0,1,0.807916
CASRPQQGKGSYEQYF,SVYGDTLEK,B*08:01,0,0,1,0.8154944
CASRPQQGKGSYEQYF,NLNCCSVPV,A*24:02,0,0,1,0.7796493
CASRPQQGKGSYEQYF,FEDLRVSSF,B*27:09,0,0,1,0.80000573
CASRPQQGKGSYEQYF,RLVPYLEFL,B*07:02,0,0,1,0.81223154
CASRPQQGKGSYEQYF,SLLMWITQC,A*24:02,0,0,1,0.76079345
CASRPRQVETQYF,MMPFSIVYI,B*27:05,0,0,1,0.7315722
CASRPRQVETQYF,LMFWASSSI,A*11:01,0,0,1,0.6485584
CASRPRQVETQYF,QKRPIPIKYKAM,B*08:01,0,0,1,0.758247
CASRPRQVETQYF,RTMEVCYNT,B*38:01,0,0,1,0.64122576
CASRPRQVETQYF,LPRWYFYYL,B*35:01,0,0,1,0.5516336
CASRPRQVETQYF,QSRGDENRGW,A*01:01,0,0,0,7.98538e-06
CASRPTGMGQPQHFGF,AEMEFCPCC,A*01:01,0,0,0,5.541166e-06
CASRPTGMGQPQHFGF,ALYGFVPVL,A*24:02,0,0,0,4.6639357e-06
CASRPTGMGQPQHFGF,KAFSPEVIPMF,B*08:01,0,0,0,7.1360523e-06
CASRPTGMGQPQHFGF,SLAPLSPRA,B*38:01,0,0,0,5.473978e-06
CASRPTGMGQPQHFGF,QYDPVAALF,B*35:01,0,0,0,1.8811664e-06
CASRPTGMGQPQHFGF,NMIHFAPNV,B*27:05,0,0,0,9.3049985e-06
CASRQDRDYQETQYF,KMVAVFYTT,B*37:01,0,0,0,1.3449237e-07
CASRQDRDYQETQYF,RYPLTFGWCF,A*11:01,0,0,0,1.23637625e-08
CASRQDRDYQETQYF,KLNTITPVV,B*35:08,0,0,0,1.5760804e-07
CASRQDRDYQETQYF,KMVAVFYTT,B*35:08,0,0,0,1.3449237e-07
CASRQDRDYQETQYF,YVLTWIVGA,B*08:01,0,0,0,0.051188078
CASRQDRDYQETQYF,SLLMPILTL,B*35:08,0,0,0,0.06070036
CASRQDRDYQETQYF,FEDLRVSSF,B*51:01,0,0,0,0.03154635
CASRQDRDYQETQYF,MIISHLYLI,A*24:02,0,0,0,0.013115925
CASRQDRDYQETQYF,AVGSYVYSV,B*08:01,0,0,0,0.030880656
CASRQDRDYQETQYF,MTLHGFMMY,A*11:01,0,0,0,7.4310324e-06
CASRRQATNEKLFF,TSTLQEQIGW,A*68:01,0,0,0,4.5606434e-06
CASRRQATNEKLFF,NMIHFAPNV,A*01:01,0,0,0,1.1835607e-05
CASRRQATNEKLFF,KLWASPLHV,A*01:01,0,0,0,2.071834e-05
CASRRQATNEKLFF,FMLYLLTLM,A*24:02,0,0,0,6.296048e-06
CASRSGGANEQFF,FEDLRVLSF,B*35:08,0,0,0,2.9439482e-06
CASRSGGANEQFF,FEDLRLLSF,B*15:01,0,0,0,3.0152485e-06
CASRSGGANEQFF,QSRGDENRGW,B*35:01,0,0,0,1.2128844e-05
CASRSGGANEQFF,GKTELLAPF,A*24:02,0,0,0,2.503559e-06
CASRSGGANEQFF,NMINFAPNI,B*08:01,0,0,0,1.1442809e-05
CASRSGGANEQFF,FEDLRLLSF,B*38:01,0,0,0,3.0152485e-06
CASRSGGANEQFF,YVLDHLIVV,B*27:05,0,0,0,1.1505454e-05
CASRSLAEKGETQYF,RLGPYLEFL,B*27:05,0,0,0,4.2068314e-06
CASRSLAEKGETQYF,KTFPPTEPK,B*07:02,0,0,0,2.0159596e-06
CASRSLAEKGETQYF,RQLLFVVEV,B*27:05,0,0,0,7.935752e-06
CASRSLAEKGETQYF,GMGPLLATV,A*11:01,0,0,0,1.4430826e-06
CASRSLAEKGETQYF,LIIPFIHLI,A*24:02,0,0,0,1.010341e-05
CASRSLAEKGETQYF,RQLLFVVEV,B*35:01,0,0,0,0.010129221
CASRSLGQGAEKLFFGF,VAANIVLTV,A*11:01,0,0,0,0.0042839423
CASRSLGQGAEKLFFGF,YVLTWIVGA,A*68:01,0,0,0,0.0051233205
CASRSLGQGAEKLFFGF,KRPIPIKYKAM,B*15:01,0,0,0,0.014314972
CASRSLGQGAEKLFFGF,TRLALIAPK,B*07:02,0,0,0,0.010966428
CASRSLGQGAEKLFFGF,VSDGGPNLY,B*38:01,0,0,0,0.009455117
CASRSQNYYGYTF,ILNVDIFTL,B*57:01,0,0,0,1.329542e-10
CASRSQNYYGYTF,TSTLQEQIGW,A*11:01,0,0,0,7.887668e-06
CASRSQNYYGYTF,HPVGEADYFEY,B*27:09,0,0,0,7.002676e-06
CASRSQNYYGYTF,FLTVFSHFM,B*51:01,0,0,0,1.750683e-05
CASRSRGGHSPLHF,KVKEVCPNV,B*35:01,0,0,0,9.610096e-06
CASRSRGGHSPLHF,QSRGDENRGW,B*27:05,0,0,0,1.0778255e-05
CASRSRGGHSPLHF,VVMSWAPPV,B*27:05,0,0,0,1.0754731e-05
CASRSSDPYEQYF,ALSKGVHFV,A*11:01,0,0,0,6.0759417e-06
CASRSSDPYEQYF,SLAPLSPRV,B*51:01,0,0,0,1.3228904e-05
CASRSSDPYEQYF,VMHANYIFW,B*27:09,0,0,0,0.20405069
CASRSSDPYEQYF,ALSPVIPHI,B*51:01,0,0,0,0.100654334
CASRTGTSGGFPNTGELFF,VMHANYIFW,A*24:02,0,0,0,0.13404307
CASRTGTSGGFPNTGELFF,VYIGDPAQL,B*15:01,0,0,0,0.043905217
CASRTGTSGGFPNTGELFF,RYPLTFGWCF,B*15:01,0,0,0,0.09216041
CASRTRQEAFF,GKTELLAPF,B*51:01,0,0,0,0.04320934
CASRTRQEAFF,VVMSWAPPV,A*01:01,0,0,1,0.9798655
CASRTRQEAFF,LLFALHFSA,B*08:01,0,0,1,0.9866577
CASRTRQEAFF,GQMWLLAPR,B*38:01,0,0,1,0.97640777
CASRTRQEAFF,IPSINVHHY,B*27:09,0,0,1,0.97980005
CASRTRQEAFF,KLNTITPVV,B*38:01,0,0,1,0.9887344
CASRTSSYNSPLHF,KLSALGINAV,B*51:01,0,0,1,0.9999589
CASRTSSYNSPLHF,GQVMVVAPR,B*15:01,0,0,1,0.99998045
CASRTSSYNSPLHF,KRPIPIKYKAM,B*07:02,0,0,1,0.99996924
CASRTSSYNSPLHF,KMVTVCPNT,B*35:08,0,0,1,0.99998546
CASRTSSYNSPLHF,FEDLRVSSF,A*01:01,0,0,1,0.99998355
CASRVRGPYNEQFF,LLAGTLAVV,A*01:01,0,0,1,0.9999815
CASRVRGPYNEQFF,RYPLTFGWCF,B*38:01,0,0,1,0.9999862
CASRVRGPYNEQFF,FLYNLLTRV,A*03:01,0,0,1,0.9999809
CASRVRGPYNEQFF,CFLLILPNC,B*27:09,0,0,0,0.00013071818
CASRVRGPYNEQFF,VAANIVLTV,B*35:08,0,0,0,5.669763e-05
CASRVRGPYNEQFF,LLFALYFSA,B*57:01,0,0,0,4.0331877e-05
CASRVSGSHEQYVF,NLNCCSVPV,A*01:01,0,0,0,2.0390622e-05
CASRVSGSHEQYVF,KVKEVCPNV,B*27:09,0,0,0,4.828814e-05
CASRVSGSHEQYVF,LLAMTVPNV,A*68:01,0,0,0,8.6605055e-12
CASSAAGEAYEQYF,FLYNPLTRV,B*35:08,0,0,0,7.1192545e-11
CASSAAGEAYEQYF,ITDQVPFSV,A*02:01,0,0,0,2.2859645e-11
CASSAAGEAYEQYF,NLNCCSVPV,B*35:01,0,0,0,1.205003e-10
CASSAAGEAYEQYF,LLFALYFSA,A*02:01,0,0,0,2.5795789e-11
CASSAAGTPAYEQYF,THLMVLCCV,B*35:01,0,0,0,1.1777561e-10
CASSAAGTPAYEQYF,CFVECAPVC,B*35:08,0,0,0,8.655918e-11
CASSAAGTPAYEQYF,IVCPICSQK,B*27:09,0,0,0,8.264767e-11
CASSAAGTPAYEQYF,YLEPGPVTA,B*38:01,0,0,0,5.497201e-11
CASSAAGTPAYEQYF,RLPGVLPRA,A*24:02,0,0,0,2.1215963e-11
CASSAAGTPAYEQYF,CLGGLLTMV,B*07:02,0,0,0,1.1251245e-14
CASSAAGTPAYEQYF,RYPLTFGWCF,A*30:02,0,0,0,7.23001e-16
CASSAAPAYEQYF,LLSIIFFPA,B*07:02,0,0,0,3.4050718e-14
CASSAAPAYEQYF,IMDQVPFSV,B*51:01,0,0,0,4.0295924e-15
CASSAAPAYEQYF,RPPIFIRRL,B*27:09,0,0,0,3.775444e-15
CASSAAPAYEQYF,FLIYLDVSV,B*51:01,0,0,0,1.807261e-05
CASSAAPAYEQYF,VMHANYIFW,A*02:01,0,0,0,3.7543707e-06
CASSAAPAYEQYF,FLYNLLTRV,B*07:02,0,0,0,8.116578e-06
CASSAAPAYEQYF,LLFALHFSA,A*02:01,0,0,0,4.06347e-06
CASSAAPAYEQYF,FLTVFSHFM,B*37:01,0,0,0,1.0510953e-05
CASSAAPAYEQYF,QKRPIPIKYKAM,B*27:09,0,0,0,1.1435402e-05
CASSAASGGAYEQYF,VYGIRLEHF,B*51:01,0,0,0,0.010919551
CASSAASGGAYEQYF,FEDLRVSSF,B*51:01,0,0,0,0.0073901103
CASSAASGGAYEQYF,ILNVDVFTL,B*35:08,0,0,0,0.03753551
CASSAASGGAYEQYF,RYPLTFGW,B*27:05,0,0,0,0.017789539
CASSAASGGAYEQYF,LLFALYFSA,B*15:01,0,0,0,0.013089264
CASSAASGGAYEQYF,TRLALIAPK,B*35:08,0,0,0,0.03244778
CASSAASGGAYEQYF,NMIHFAPNV,B*08:01,0,0,0,0.029468209
CASSADRTQNYGYTF,IVCPICSQK,A*03:01,0,0,0,0.010392953
CASSADRTQNYGYTF,FLRGRAYGL,B*35:08,0,0,0,0.040494233
CASSADRTQNYGYTF,ILNAMIAKI,B*51:01,0,0,0,0.052337345
CASSADRTQNYGYTF,FEDLRVSSF,B*27:09,0,0,0,0.0045466786
CASSADRTQNYGYTF,MMPFSIVYI,B*38:01,0,0,0,0.016655805
CASSADRTQNYGYTF,KVKEVCPNV,B*57:01,0,0,0,0.01676174
CASSADRTQNYGYTF,VLFHRAFLV,A*01:01,0,0,0,4.3854266e-06
CASSAGGAYEQYF,GQMWLLAPR,B*37:01,0,0,0,5.6470826e-06
CASSAGGAYEQYF,GMGPLLATV,B*08:01,0,0,0,7.9251795e-06
CASSAGGDTEAFF,KMVAVFYTT,A*11:01,0,0,0,3.9239862e-06
CASSAGGDTEAFF,FLTVFSHFM,A*01:01,0,0,0,6.0577395e-06
CASSAGGDTEAFF,GQVMVVAPR,A*11:01,0,0,0,3.9469555e-06
CASSAGGDTEAFF,VMPFSIVYIV,A*68:01,0,0,0,5.177562e-06
CASSAGGDTEAFF,KLLEIAPNC,A*03:01,0,0,0,4.1802887e-06
CASSAGGDTEAFF,QSRGDENRGW,B*35:01,0,0,0,7.455787e-05
CASSAGGDTEAFF,LMFWASSSI,A*11:01,0,0,0,1.5608651e-07
CASSAGGTEAFF,FTSDYYQLY,B*35:01,0,0,0,5.2734215e-08
CASSAGGTEAFF,LLAGTLAVV,B*37:01,0,0,0,1.2309147e-06
CASSAGGTEAFF,YHSIEWAI,A*01:01,0,0,0,2.3039753e-05
CASSAGGTEAFF,VAANIVLTV,B*35:08,0,0,0,4.8394036e-06
CASSAGGTEAFF,LLSIISFPA,A*01:01,0,0,0,3.4853974e-06
CASSAGGTEAFF,VLNYFEPYL,B*08:01,0,0,0,6.5561574e-09
CASSAGGTEAFF,LLAILTYYV,A*02:01,0,0,0,4.4400625e-09
CASSAGGVGYNEQFF,THLMVLCCV,A*02:01,0,0,0,5.481485e-11
CASSAGGVGYNEQFF,LLAGTLAVV,B*37:01,0,0,0,2.235448e-11
CASSAGGVGYNEQFF,KMVAVFYTT,A*30:02,0,0,0,1.3268592e-10
CASSAGGVGYNEQFF,LIIPFIHLI,B*57:01,0,0,0,4.145269e-09
CASSAGGVGYNEQFF,VMPFSIVYIV,B*57:01,0,0,0,2.6416012e-09
CASSAGGVGYNEQFF,IMDQVPFSV,B*07:02,0,0,0,4.6076826e-07
CASSAGGVGYNEQFF,VYGIRLEHF,B*35:08,0,0,0,1.3589543e-06
CASSAGGVGYNEQFF,GKTELLAPF,A*01:01,0,0,0,3.1143355e-07
CASSAGGVGYNEQFF,LMFWASSSI,B*38:01,0,0,0,3.5073202e-07
CASSAGGVGYNEQFF,VMPFSIVYI,B*27:09,0,0,0,3.375309e-07
CASSAGGVGYNEQFF,KVKEVCPNV,A*03:01,0,0,0,2.4826028e-07
CASSAGGVGYNEQFF,QYIKWPWYI,B*07:02,0,0,0,4.1385883e-07
CASSAGGVGYNEQFF,QKRPIPIKYKAM,A*03:01,0,0,0,6.6688266e-11
CASSAGLFPEQFF,KMVTVCPNT,B*08:01,0,0,0,3.3342226e-10
CASSAGLFPEQFF,IVCPICSQK,B*08:01,0,0,0,6.202898e-10
CASSAGLFPEQFF,EAAGIGILTV,A*24:02,0,0,0,3.1271563e-10
CASSAGLFPEQFF,RYRIGNYKL,B*35:01,0,0,0,0.23304719
CASSAGQGYEQYF,AEMEFCPCC,B*35:01,0,0,0,0.21211992
CASSAGQGYEQYF,QSRGDENRGW,B*35:01,0,0,0,0.26484573
CASSAGQGYEQYF,FEDLRVSSF,A*02:01,0,0,0,0.18565118
CASSAGQGYEQYF,ALYGSVPVL,B*08:01,0,0,0,0.20396417
CASSAGQGYEQYF,VLFHRAFLV,B*15:01,0,0,0,0.100077674
CASSAGQGYEQYF,SLLWMNPFV,A*68:01,0,0,0,0.13289368
CASSAGQGYEQYF,GCQEICPAC,B*57:01,0,0,0,0.20795304
CASSAGQNAYEQYF,VLNYFKPYL,B*35:08,0,0,0,0.37560368
CASSAGQNAYEQYF,FMLYLLTLM,A*68:01,0,0,0,0.16743197
CASSAGQNAYEQYF,EAAGIGILTV,B*07:02,0,0,0,4.369036e-08
CASSAGQNAYEQYF,VSDGGPNLY,B*51:01,0,0,0,2.3632563e-08
CASSAGQNAYEQYF,VLNYFEPYL,A*30:02,0,0,0,2.1091603e-08
CASSAGQNAYEQYF,YVLTWIVGA,A*24:02,0,0,0,2.941232e-08
CASSAGTGSYEQYF,NLFNRYPAL,A*03:01,0,0,0,9.179839e-09
CASSAGTGSYEQYF,LLFGYPVYV,B*27:05,0,0,0,2.2014067e-08
CASSAGTGSYEQYF,VYIGDPAQL,B*27:05,0,0,0,2.4331866e-08
CASSAGTGSYEQYF,FLRGRAYGL,A*24:02,0,0,0,1.0881096e-08
CASSAGTGSYEQYF,EIQEFCPNT,A*30:02,0,0,0,1.5950869e-08
CASSAGTGSYEQYF,CFVECAPVC,B*35:01,0,0,0,1.8518831e-08
CASSAGTGSYEQYF,RPIPIKYKAM,B*27:09,0,0,0,4.2167032e-28
CASSAGTGSYEQYF,RLQSLQTYV,B*37:01,0,0,0,1.6347571e-28
CASSAGTGSYEQYF,ALYGSVPVL,B*27:09,0,0,0,3.9674852e-29
CASSAGTGYTEAFF,LLFALHFSA,B*27:09,0,0,0,6.1997076e-28
CASSAGTGYTEAFF,NLVPMVATV,A*02:01,0,0,0,1.7000787e-29
CASSAGTGYTEAFF,GQMWLLAPR,B*27:05,0,0,0,8.898159e-30
CASSAGTGYTEAFF,LLWNGPMAV,A*11:01,0,0,0,8.3838643e-29
CASSAGTGYTEAFF,EAAGIGILTV,A*01:01,0,0,0,6.496147e-28
CASSAGTIYNEQFF,LLSIIFFPA,A*24:02,0,0,0,1.2128493e-26
CASSAGTIYNEQFF,ELAGIGILTV,A*24:02,0,0,0,5.842065e-28
CASSAGTIYNEQFF,YLQPRTFLL,A*30:02,0,0,0,4.579037e-14
CASSAGTIYNEQFF,NLVPMVATV,A*24:02,0,0,0,6.621758e-13
CASSAGTPYNEQFF,EIQEFCPNT,B*57:01,0,0,0,5.007404e-12
CASSAGTPYNEQFF,MLYQHLLPL,B*08:01,0,0,0,1.1520797e-12
CASSAGTPYNEQFF,VSDGGPNLY,B*27:05,0,0,0,5.893416e-12
CASSAGTPYNEQFF,NLFNRYPAL,B*15:01,0,0,0,4.9792037e-12
CASSAGTPYNEQFF,KTWGQYWQV,A*30:02,0,0,0,1.3760844e-12
CASSAGTPYNEQFF,QYIKWPWYI,B*27:05,0,0,0,2.6012593e-11
CASSAGTPYNEQFF,VYFLQSINF,B*15:01,0,0,1,0.80791897
CASSAGTSGSGSTYEQYF,IVCPICSQK,B*35:08,0,0,1,0.77347064
CASSAGTSGSGSTYEQYF,ILTGLNYEA,B*51:01,0,0,1,0.7523804
CASSAGTSGSGSTYEQYF,FLTVFSHFM,B*08:01,0,0,1,0.7476244
CASSAGTSGSGSTYEQYF,TTDPSFLGRY,B*57:01,0,0,1,0.8313114
CASSAGTSGSGSTYEQYF,RPPIFIRRL,A*24:02,0,0,1,0.7658527
CASSAGTSGSGSTYEQYF,RLPGVLPRA,B*27:05,0,0,0,8.523896e-08
CASSAGWISYEQYF,LMFWASSSI,A*68:01,0,0,0,4.6225853e-08
CASSAGWISYEQYF,VLNYFEPYL,B*38:01,0,0,0,2.5265365e-07
CASSAGWISYEQYF,MIISHLYLI,A*02:01,0,0,0,5.2422035e-08
CASSAGYGQPQHFGF,GILGFVFTL,B*57:01,0,0,1,0.99951124
CASSAGYGQPQHFGF,KLSALGINAV,A*11:01,0,0,1,0.99963415
CASSAGYGQPQHFGF,CFVECAPVC,A*03:01,0,0,1,0.999747
CASSAGYGQPQHFGF,KAFSPEVIPMF,B*37:01,0,0,1,0.999647
CASSAGYGQPQHFGF,FLTVFSHFM,B*15:01,0,0,1,0.99956816
CASSALAGGPDNEQFF,NLFNRYPAL,B*27:05,0,0,1,0.99944717
CASSALAGGPDNEQFF,VMPFSIVYIV,B*35:08,0,0,0,7.4942e-05
CASSALAGGPDNEQFF,SLLMWITQC,B*07:02,0,0,0,0.00013534488
CASSALAGGPDNEQFF,LLFALHFSA,B*57:01,0,0,0,0.00010599963
CASSALTGNEQFF,ALSPVIPLI,B*27:09,0,0,0,9.2796356e-05
CASSALTGNEQFF,RLPGVLPRA,A*68:01,0,0,0,5.243836e-05
CASSALTGNEQFF,LMFWASSSI,A*03:01,0,0,0,7.8324956e-05
CASSALTGNEQFF,LLFALHFSA,B*27:05,0,0,0,0.00015943308
CASSALVAFSTDTQYF,YLQPRTFLL,B*27:05,0,0,0,0.00012699883
CASSALVAFSTDTQYF,YVLTWIVGA,B*38:01,0,0,0,0.00024603575
CASSALVAFSTDTQYF,VMHANYIFW,B*57:01,0,0,0,0.00021221815
CASSALVAFSTDTQYF,LLFGMTPCL,A*24:02,0,0,0,8.248513e-05
CASSALVAFSTDTQYF,YVLDHLIVV,B*35:01,0,0,0,0.00011739067
CASSALVAFSTDTQYF,ILTGLNYEA,B*57:01,0,0,0,0.00015606597
CASSALVAFSTDTQYF,RLQSLQTYV,B*07:02,0,0,0,5.5808067e-07
CASSALVAFSTDTQYF,IMDQVPFSV,A*03:01,0,0,0,1.711449e-07
CASSANQGYEQYF,FLRGRAYGL,B*57:01,0,0,0,5.7494333e-07
CASSANQGYEQYF,TTDPSFLGRY,B*51:01,0,0,0,4.2897483e-07
CASSANQGYEQYF,LLFGMTPCL,A*03:01,0,0,0,1.9716884e-07
CASSANQGYEQYF,GCQEICPAC,A*03:01,0,0,0,2.5007571e-07
CASSANQGYEQYF,ILNAMITKI,B*27:09,0,0,0,3.5002898e-07
CASSANQGYEQYF,LLFGMTPCL,A*02:01,0,0,0,4.5124725e-07
CASSAPGQGNEKLFF,CFVECAPVC,A*03:01,0,0,0,3.1487693e-07
CASSAPGQGNEKLFF,RYPLTFGW,B*35:01,0,0,0,4.6022106e-07
CASSAPTGELFF,CFLLILPNC,B*27:05,0,0,0,3.80765e-07
CASSAPTGELFF,CTELKLNDY,B*27:09,0,0,0,4.3913428e-07
CASSAPTGELFF,ALYGSVPVL,A*02:01,0,0,0,2.7735584e-07
CASSAPTGELFF,FEDLRVSSF,A*01:01,0,0,0,4.694288e-08
CASSAPTGELFF,LLFGMTPCL,B*51:01,0,0,0,1.1070402e-06
CASSAPTGELFF,LLFALHFSA,A*03:01,0,0,0,5.081439e-06
CASSAPTGELFF,TTDPSFLGRY,B*08:01,0,0,0,2.9138445e-07
CASSAPTGELFF,VMPFSIVYIV,B*15:01,0,0,0,6.0323614e-06
CASSARSGELFF,LLFALYFSA,A*02:01,0,0,0,7.212084e-06
CASSARSGELFF,ALYGFVPVL,B*07:02,0,0,0,9.719631e-06
CASSARSGELFF,TTDPSFLGRY,B*08:01,0,0,0,2.9138445e-07
CASSARSGELFF,LLAGTLAVV,B*15:01,0,0,0,3.9373163e-06
CASSARSGELFF,GCQEICPAC,B*57:01,0,0,0,1.060996e-05
CASSARSGELFF,FLTVFSHFM,A*01:01,0,0,0,8.412219e-06
CASSARSGELFF,SLLMWITQA,B*27:05,0,0,0,1.9408037e-05
CASSARSGELFF,LLSIISFPA,B*08:01,0,0,1,0.9775818
CASSARTGELFF,SVYGDTLEK,A*68:01,0,0,1,0.973242
CASSARTGELFF,SLAPLSPRV,A*68:01,0,0,1,0.97687256
CASSARTGELFF,VSDGGPNLY,B*35:08,0,0,1,0.9790436
CASSARTGELFF,MLNIPSINV,B*27:05,0,0,1,0.97142494
CASSARTGELFF,SLLMPILTL,A*03:01,0,0,1,0.97040504
CASSARTGELFF,LLSIIFFPA,B*37:01,0,0,1,0.9744915
CASSARTGELFF,MLYQHLLPL,A*24:02,0,0,0,0.0020524228
CASSARTGELFF,RLVPYLEFL,A*30:02,0,0,0,0.000797382
CASSASGGAYNEQFF,YVLTWIVGA,A*24:02,0,0,0,0.0023943516
CASSASGGAYNEQFF,RLGPYLEFL,B*27:05,0,0,0,0.0019398126
CASSASGGRDYGYTF,LPRWYFYYL,B*57:01,0,0,0,0.001428926
CASSASGGRDYGYTF,LRVMMLAPF,A*02:01,0,0,0,0.0015292962
CASSASGGRDYGYTF,LPRWYFYYL,A*02:01,0,0,0,0.0011565594
CASSASGGRDYGYTF,LLAGTLAGV,A*02:01,0,0,0,0.0017407285
CASSASGGRDYGYTF,KAFSPEVIPMF,B*35:01,0,0,0,0.002257175
CASSASRNTDGTDTQYF,SPRWYFYYL,A*01:01,0,0,1,0.9286124
CASSASRNTDGTDTQYF,QYDPVAALF,A*24:02,0,0,1,0.94790107
CASSASRNTDGTDTQYF,LLSIIFFPA,A*30:02,0,0,1,0.9301869
CASSATGDATDTQYF,CLGGLLTMV,B*08:01,0,0,0,5.3531676e-07
CASSATGDATDTQYF,LLSIISFPA,B*38:01,0,0,0,5.47491e-07
CASSATGDATDTQYF,QYIKWPWYI,A*30:02,0,0,0,1.8365226e-07
CASSATGDATDTQYF,RYPLTFGW,B*37:01,0,0,0,3.7134384e-07
CASSATGDATDTQYF,TAFTIPSI,A*01:01,0,0,0,1.7700249e-07
CASSATGDATDTQYF,RPPIFIRRL,A*30:02,0,0,0,8.4052964e-08
CASSATGTVNTEAFF,MMPFSIVYI,A*24:02,0,0,0,4.5356452e-07
CASSATGTVNTEAFF,LMFWASSSI,B*38:01,0,0,0,4.5508926e-07
CASSATGTVNTEAFF,ALSKGVHFV,B*35:08,0,0,0,3.5766115e-07
CASSATGTVNTEAFF,QYIKWPWYI,B*57:01,0,0,0,6.618465e-07
CASSATGTVNTEAFF,VVLSWAPPV,A*01:01,0,0,0,0.0005364906
CASSATGTVNTEAFF,ITDQVPFSV,B*08:01,0,0,0,0.000762088
CASSATGTVNTEAFF,YLQPRTFLL,A*24:02,0,0,0,0.00091580057
CASSATGTVNTEAFF,FEDLRVSSF,B*15:01,0,0,0,0.0005379574
CASSATGTVNTEAFF,CTELKLSDY,B*08:01,0,0,0,0.0008241464
CASSATGTVNTEAFF,KLLEIAPNC,A*01:01,0,0,0,0.00043899976
CASSATGTVNTEAFF,LLFGMTPCL,B*15:01,0,0,0,0.0007341771
CASSATGTVNTEAFF,VSDGGPNLY,B*08:01,0,0,0,0.00086755684
CASSATKNIQYF,YHSIEWAI,B*57:01,0,0,0,0.30183545
CASSATKNIQYF,RPRGEVRFL,B*37:01,0,0,0,0.26867276
CASSATKNIQYF,ELAGIGILTV,B*27:09,0,0,0,0.3553039
CASSATKNIQYF,ALYGSVPVL,B*08:01,0,0,0,0.31126282
CASSAWDRSSGANVLTF,LLFGYPVYV,B*27:05,0,0,0,0.30400965
CASSAWDRSSGANVLTF,YLEPGPVTA,B*27:09,0,0,0,0.324577
CASSAWDRSSGANVLTF,MLNIPSINV,B*27:05,0,0,0,0.3262544
CASSAWDRSSGANVLTF,SLLWMNPFV,B*08:01,0,0,0,0.36759704
CASSAWDRSSGANVLTF,YVLDHLIVV,B*15:01,0,0,0,0.2949187
CASSAYNEQF,MIISHLYLI,A*24:02,0,0,0,0.2838062
CASSAYNEQF,EAAGIGILTV,A*30:02,0,0,0,0.00042400882
CASSAYNEQF,DATYQRTRALVR,B*38:01,0,0,0,0.0005948279
CASSAYNEQF,VYIGDPAQL,B*08:01,0,0,0,0.0007636852
CASSAYNEQF,LMFWASSSI,A*24:02,0,0,0,0.00067452434
CASSDDIVTDTQYF,KLLEIAPNC,A*02:01,0,0,0,0.00035813026
CASSDDIVTDTQYF,YLEPGPVTA,A*01:01,0,0,0,0.0005113666
CASSDDIVTDTQYF,LVLEVDPNI,A*11:01,0,0,0,0.00027567177
CASSDDIVTDTQYF,VLNYFEPYL,A*24:02,0,0,1,0.9920799
CASSDDIVTDTQYF,QYDPVAALF,B*51:01,0,0,1,0.9898644
CASSDFGTGMNEQYF,GQFLTPNSH,B*07:02,0,0,1,0.99032813
CASSDFGTGMNEQYF,MMPFSIVYI,B*38:01,0,0,1,0.98923945
CASSDFGTGMNEQYF,LLSIIFFPA,B*08:01,0,0,1,0.9904881
CASSDFGTGMNEQYF,YLEPGPVTA,B*07:02,0,0,1,0.9898128
CASSDFGTGMNEQYF,NLNCCSVPV,B*57:01,0,0,0,0.024491714
CASSDFGTGMNEQYF,SPRWYFYYL,A*01:01,0,0,0,0.014207339
CASSDFGTGMNEQYF,NDMLVCANI,B*38:01,0,0,0,0.015863456
CASSDFQAINQPQHF,GQFLTPNSH,B*15:01,0,0,0,0.019702967
CASSDFQAINQPQHF,YVLTWIVGA,A*68:01,0,0,0,0.026140539
CASSDFQAINQPQHF,KLNTITPVV,B*27:05,0,0,0,0.032444444
CASSDFQAINQPQHF,NDMLVCANI,B*15:01,0,0,0,0.015863456
CASSDFQAINQPQHF,YLQPRTFLL,B*08:01,0,0,0,0.033347197
CASSDGGKDGYTF,CLGGLLTMV,B*35:01,0,0,0,0.0029185656
CASSDGGKDGYTF,NDMLVCANI,A*30:02,0,0,0,0.0010069881
CASSDGGKDGYTF,TTDPSFLGRY,B*51:01,0,0,0,0.00040150498
CASSDGGKDGYTF,RLQSLQTYV,B*08:01,0,0,0,0.010635649
CASSDGPSYEQYVF,YLEPGPVTA,B*35:01,0,0,0,0.011904994
CASSDGPSYEQYVF,MMPFSIVYI,A*02:01,0,0,0,0.013066628
CASSDGPSYEQYVF,LIIPFIHLI,A*24:02,0,0,0,0.020957043
CASSDGPSYEQYVF,VMHANYIFW,B*51:01,0,0,0,0.01196333
CASSDGPSYEQYVF,VLNYFKPYL,A*24:02,0,0,0,0.0181151
CASSDGRADTQYF,FLYNPLTRV,B*37:01,0,0,0,0.013416384
CASSDGRADTQYF,VMHANYIFW,B*15:01,0,0,1,0.88319314
CASSDGRADTQYF,RYRIGNYKL,B*57:01,0,0,1,0.9020668
CASSDGRADTQYF,VVMSWAPPV,A*68:01,0,0,1,0.8991227
CASSDGRADTQYF,NLFNRYPAL,A*11:01,0,0,1,0.8884964
CASSDGRADTQYF,SVYGDTLEK,B*35:01,0,0,1,0.8366765
CASSDGRADTQYF,FEDLRVSSF,B*15:01,0,0,1,0.79301244
CASSDGRADTQYF,FLTVFSHFM,A*02:01,0,0,1,0.90909255
CASSDGTGKPYEQYF,ALYGFVPVL,A*24:02,0,0,0,0.008395934
CASSDGTGKPYEQYF,KVKEVCPNV,A*11:01,0,0,0,0.0020441213
CASSDGTGKPYEQYF,FEDLRVLSF,B*35:01,0,0,0,0.003258964
CASSDGTGKPYEQYF,NMIHFAPNV,B*38:01,0,0,0,0.0069422
CASSDGTGKPYEQYF,SVYGDTLEK,B*35:08,0,0,0,0.0021397828
CASSDGTGKPYEQYF,LLSIIFFPA,A*03:01,0,0,0,0.0064986977
CASSDGTNSYEQYF,MIISHLYLI,B*15:01,0,0,0,0.0064699817
CASSDGTNSYEQYF,LVLEVDPNI,B*35:01,0,0,0,0.013589096
CASSDGTNSYEQYF,KLNTITPVV,A*01:01,0,0,0,0.005014627
CASSDGTNSYEQYF,CFVECAPVC,A*30:02,0,0,0,0.122689895
CASSDGTNSYEQYF,KLSALGINAV,A*24:02,0,0,0,0.21893856
CASSDHLGGQGNTIYF,GCQEICPAC,A*01:01,0,0,0,0.18580443
CASSDHLGGQGNTIYF,ALSKGVHFV,B*35:08,0,0,0,0.17298447
CASSDHLGGQGNTIYF,MLYQHLLPL,A*02:01,0,0,0,0.23050909
CASSDHLGGQGNTIYF,RPIPIKYKAM,A*30:02,0,0,0,0.15223016
CASSDHLGGQGNTIYF,MTLHGFMMY,A*03:01,0,0,0,0.1860017
CASSDHLGGQGNTIYF,NLVPMVATV,B*37:01,0,0,0,0.1861669
CASSDHLGGQGNTIYF,ALYGFVPVL,A*68:01,0,0,0,0.20256777
CASSDHLGGQGNTIYF,LLSIIFFPA,B*37:01,0,0,0,0.18581271
CASSDLSQGAGYTF,SLLMWITQC,B*07:02,0,0,0,0.24157384
CASSDLSQGAGYTF,VLNYFEPYL,B*15:01,0,0,0,0.151143
CASSDLSQGAGYTF,LRVMMLAPF,B*27:05,0,0,0,0.21952452
CASSDLSQGAGYTF,VMPFSIVYIV,B*37:01,0,0,0,0.17308897
CASSDLSQGAGYTF,KTWGQYWQV,B*35:08,0,0,0,0.18992439
CASSDLSQGAGYTF,FEDLRLLSF,B*35:08,0,0,0,0.16974641
CASSDLSQGAGYTF,LRVMMLAPF,B*35:08,0,0,0,0.18361785
CASSDLSQGAGYTF,IVCPICSQK,A*11:01,0,0,0,0.19362566
CASSDLSQGAGYTF,THLMVLCCV,B*27:05,0,0,0,0.20793529
CASSDMAGDGYTF,TSTLQEQIGW,B*15:01,0,0,0,0.0023104635
CASSDMAGDGYTF,TRLALIAPK,A*01:01,0,0,0,0.0018564723
CASSDMAGDGYTF,ILNVDIFTL,B*38:01,0,0,0,0.0014045346
CASSDMAGDGYTF,HTMLCMCCK,B*38:01,0,0,0,0.0013703731
CASSDMAGDGYTF,SLLWMNPFV,A*30:02,0,0,0,0.0017528915
CASSDMAGDGYTF,THLMVLCCV,B*07:02,0,0,0,0.001780509
CASSDMAGNQPQHF,LLFALHFSA,B*38:01,0,0,0,0.0026073086
CASSDMAGNQPQHF,CTELKLSDY,A*03:01,0,0,0,0.0016452419
CASSDMAGNQPQHF,VLNYFKPYL,B*38:01,0,0,0,0.0016403149
CASSDMAGNQPQHF,KTWGQYWQV,A*30:02,0,0,0,0.0015331784
CASSDMAGNQPQHF,ALYGSVPVL,B*27:09,0,0,0,0.0022789552
CASSDMAGNQPQHF,NLFNRYPAL,A*02:01,0,0,0,0.0020179409
CASSDMAGNQPQHF,TAFTIPSI,B*08:01,0,0,0,0.0022378329
CASSDMAGNQPQHF,CLGGLLTMV,B*27:09,0,0,0,0.0024081382
CASSDMAGNQPQHF,KLVALGINAV,A*03:01,0,0,0,0.0021398764
CASSDMAGNQPQHF,MLYQHLLPL,B*57:01,0,0,0,0.0024558825
CASSDPGHQLYGYTF,KLWASPLHV,B*27:05,0,0,0,0.039890133
CASSDPGHQLYGYTF,GCQEICPAC,B*35:01,0,0,0,0.1927772
CASSDPGHQLYGYTF,YVLTWIVGA,B*35:01,0,0,0,0.107079506
CASSDPGHQLYGYTF,GKTELLAPF,A*02:01,0,0,0,0.0749018
CASSDPGHQLYGYTF,KVKEVCPNV,B*27:05,0,0,0,0.13192785
CASSDPGHQLYGYTF,LLSIISFPA,B*37:01,0,0,0,0.21724121
CASSDPGHQLYGYTF,ILTGLNYEA,A*24:02,0,0,0,0.14278056
CASSDPGHQLYGYTF,IMDQVPFSV,B*57:01,0,0,0,0.16298139
CASSDPNDYEQYF,SLLMPILTL,A*11:01,0,0,0,0.113146715
CASSDPNDYEQYF,KLNTITPVV,B*15:01,0,0,0,0.15098529
CASSDPNDYEQYF,RPPIFIRRL,A*68:01,0,0,0,0.091553785
CASSDPNDYEQYF,RQLLFVVEV,A*24:02,0,0,0,0.13598344
CASSDPNDYEQYF,FLIYLDVSV,A*24:02,0,0,0,1.0287901e-07
CASSDPNDYEQYF,LLFGMTPCL,B*08:01,0,0,0,1.364676e-07
CASSDPNDYEQYF,QYDPVAALF,A*11:01,0,0,0,2.0258119e-08
CASSDPNDYEQYF,RLQSLQTYV,A*68:01,0,0,0,2.653703e-07
CASSDQETQYF,FEDLRVLSF,B*51:01,0,0,0,1.7374174e-07
CASSDQETQYF,KLWASPLHV,A*11:01,0,0,0,9.505465e-08
CASSDQETQYF,YHSIEWAI,B*08:01,0,0,0,1.11203035e-05
CASSDQETQYF,YVLDHLIVV,A*02:01,0,0,0,5.237084e-06
CASSDQETQYF,MIISHLYLI,A*30:02,0,0,0,3.868128e-06
CASSDQETQYF,CLGGLLTMV,B*07:02,0,0,0,8.180641e-06
CASSDQETQYF,TSTLQEQIGW,B*07:02,0,0,0,6.991585e-06
CASSDQETQYF,SLLMWITQC,B*57:01,0,0,0,1.162336e-05
CASSDQETQYF,NYNYLYRLF,B*15:01,0,0,0,4.0546515e-06
CASSDREVYGYTF,RYRIGNYKL,B*35:08,0,0,1,0.56282896
CASSDREVYGYTF,LLFGMPPCL,A*03:01,0,0,1,0.5772494
CASSDREVYGYTF,RLQSLQTYV,A*02:01,0,0,1,0.611139
CASSDREVYGYTF,AVGSYVYSV,B*35:08,0,0,1,0.52024806
CASSDREVYGYTF,VLNYFKPYL,B*38:01,0,0,1,0.51665115
CASSDREVYGYTF,TTDPSFLGRY,A*24:02,0,0,0,0.43433657
CASSDSGADGYTF,LPRWYFYYL,B*57:01,0,0,0,0.0029411132
CASSDSGADGYTF,CLGGLLTMV,A*30:02,0,0,0,0.0035307808
CASSDSHTGAYGYTF,LLFGMPPCL,A*30:02,0,0,0,0.0031247593
CASSDSHTGAYGYTF,VLNYFKPYL,B*38:01,0,0,0,0.009023107
CASSDSHTGAYGYTF,NDMLVCANI,B*35:08,0,0,0,0.004647071
CASSDSHTGAYGYTF,GKTELLAPF,B*35:08,0,0,0,0.004878943
CASSDSHTGAYGYTF,CFLLILPNC,A*02:01,0,0,0,0.09191666
CASSDSHTGAYGYTF,LRVMMLAPF,B*08:01,0,0,0,0.1542512
CASSDSHTGAYGYTF,MIISHLYLI,B*27:09,0,0,0,0.15092988
CASSDSHTGAYGYTF,CFLLILPNC,B*37:01,0,0,0,0.15545128
CASSDSHTGAYGYTF,NMINFAPNI,A*24:02,0,0,0,0.15463503
CASSDSHTGAYGYTF,FLYNPLTRV,B*08:01,0,0,0,0.107215956
CASSDSPGLAYEQYF,KVKEVCPNV,B*37:01,0,0,0,0.22366624
CASSDSPGLAYEQYF,RLGPYLEFL,B*35:01,0,0,0,0.254289
CASSDSPGLAYEQYF,SVYGDTLEK,A*02:01,0,0,0,0.1907978
CASSDSPGLAYEQYF,ILNVDVFTL,B*15:01,0,0,0,0.18701832
CASSDSPGLAYEQYF,VYFLQSINF,B*35:08,0,0,0,2.8200932e-07
CASSDSPGLAYEQYF,ILNAMITKI,B*35:08,0,0,0,9.2219786e-08
CASSDSPGLAYEQYF,KRPIPIKYKAM,A*30:02,0,0,0,1.6210643e-07
CASSDSPGVGYNEQFF,KMVAVFYNT,B*27:05,0,0,0,0.018014487
CASSDSPGVGYNEQFF,KMVTVCPNT,B*57:01,0,0,0,0.01044829
CASSDSPGVGYNEQFF,LLFGMTPCL,B*37:01,0,0,0,0.018267784
CASSDSPGVGYNEQFF,VVMSWAPPV,B*27:05,0,0,0,0.017571976
CASSDSRGTEAF,ILNVDVFTL,B*37:01,0,0,0,0.010328884
CASSDSRGTEAF,FLYNPLTRV,B*07:02,0,0,1,0.9982217
CASSDSRGTEAF,ELAGIGILTV,B*51:01,0,0,1,0.9979873
CASSDSRGTEAF,QYDPVAALF,A*03:01,0,0,1,0.9980921
CASSDSSFGVGLGNEQFF,RQLLFVVEV,B*27:05,0,0,1,0.9983284
CASSDSSFGVGLGNEQFF,KVKEVCPNV,A*68:01,0,0,0,9.480814e-10
CASSDSSFGVGLGNEQFF,KMVAVFYTT,B*37:01,0,0,0,8.451994e-09
CASSDSSFGVGLGNEQFF,KLSALGINAV,B*35:08,0,0,0,1.1241691e-08
CASSDSSFGVGLGNEQFF,LLAILTYYV,B*15:01,0,0,0,7.465634e-09
CASSDSSFGVGLGNEQFF,IMDQVPFSV,B*35:08,0,0,0,2.1906743e-09
CASSDTAGSSYNEQF,MIISHLYLI,B*57:01,0,0,0,6.5559824e-09
CASSDTAGSSYNEQF,AVGSYVYSV,B*27:09,0,0,0,4.761312e-09
CASSDTAGSSYNEQF,RLPGVLPRA,B*51:01,0,0,0,5.474939e-06
CASSDTAGSSYNEQF,SLLMPILTL,B*08:01,0,0,0,6.6916955e-06
CASSDTAGSSYNEQF,KLWASPLHV,A*30:02,0,0,0,5.681308e-06
CASSDTAGSSYNEQF,IVCPICSQK,A*30:02,0,0,0,3.306839e-06
CASSDTAGSSYNEQF,ALSPVIPLI,A*68:01,0,0,0,2.7928866e-06
CASSDTAGSSYNEQF,SLAPLSPRV,B*37:01,0,0,0,5.124694e-06
CASSDTAGSSYNEQF,YLQPRTFLL,B*57:01,0,0,0,0.36955622
CASSDTAGSSYNEQF,QYIKWPWYI,B*35:01,0,0,0,0.42396644
CASSDTAGSSYNEQF,QKRPIPIKYKAM,B*15:01,0,0,0,0.36683264
CASSDTAGSSYNEQF,RTMEVCYNT,B*38:01,0,0,0,0.386549
CASSDTAGSSYNEQF,IVCPICSQK,A*03:01,0,0,0,0.32710585
CASSDTAGSSYNEQF,TAFTIPSI,B*15:01,0,0,0,0.37778252
CASSDTAGSSYNEQF,LLFGMPPCL,A*11:01,0,0,0,0.33296803
CASSDTPDLNTEAFF,FMLYLLTLM,B*08:01,0,0,0,0.37520885
CASSDTPDLNTEAFF,KMVTVCPNT,B*35:01,0,0,0,0.40058273
CASSDWGGETQYF,NMINFAPNI,A*11:01,0,0,0,0.3344303
CASSDWGGETQYF,VYIGDPAQL,A*24:02,0,0,0,1.266473e-07
CASSDWGGETQYF,VSDGGPNLY,A*03:01,0,0,0,4.5906816e-08
CASSDWGGETQYF,ILTGLNYEV,A*24:02,0,0,0,6.8445183e-07
CASSDWGGETQYF,RPPIFIRRL,B*07:02,0,0,0,8.961413e-08
CASSDWGGETQYF,LLFALYFSA,B*27:05,0,0,0,2.3252582e-07
CASSDWGGETQYF,ALYGFVPVL,B*27:09,0,0,0,1.8223682e-07
CASSDWGGETQYF,LIIPFIHLI,B*07:02,0,0,0,8.1129025e-07
CASSDWGGETQYF,GQFLTPNSH,A*30:02,0,0,0,8.968252e-08
CASSDYNEQFF,FEDLRVLSF,B*07:02,0,0,0,9.961566e-08
CASSDYNEQFF,QSRGDENRGW,A*01:01,0,0,0,3.464938e-07
CASSDYNEQFF,SLLWMNPFV,B*37:01,0,0,0,3.2987617e-07
CASSDYNEQFF,QSRGDENRGW,B*57:01,0,0,0,5.156483e-07
CASSDYNEQFF,GQMWLLAPR,B*15:01,0,0,0,4.71285e-08
CASSDYNEQFF,VMPFSIVYIV,B*37:01,0,0,0,3.3357657e-07
CASSEAAGRANYGYTF,GCQEICPAC,A*24:02,0,0,0,9.5909144e-08
CASSEAAGRANYGYTF,CLGGLLTMV,A*68:01,0,0,0,1.7340408e-07
CASSEAAGRANYGYTF,GILGFVFTL,B*57:01,0,0,0,5.070414e-07
CASSEAAGRANYGYTF,KMVTVCPNT,A*24:02,0,0,0,5.2224035e-08
CASSEAAGRANYGYTF,VLNYFKPYL,A*30:02,0,0,0,0.0008677668
CASSEAAGRANYGYTF,IMDQVPFSV,B*08:01,0,0,0,0.0011127259
CASSEAAGRANYGYTF,KMVAVFYNT,B*08:01,0,0,0,0.0010108086
CASSEAAGRANYGYTF,SLAPLSPRA,B*08:01,0,0,1,1.0
CASSEAAGRANYGYTF,SLAPLSPRV,A*01:01,0,0,1,1.0
CASSEAEAGAYTQYF,RLQSLQTYV,B*57:01,0,0,1,1.0
CASSEAEAGAYTQYF,RTMEVCYNT,B*57:01,0,0,1,1.0
CASSEAEAGAYTQYF,YVLDHLIVV,B*08:01,0,0,1,0.9999999
CASSEAEAGAYTQYF,KLLEIAPNC,B*15:01,0,0,1,1.0
CASSEAELLSSYNEQFFGF,KVKEVCPNV,B*51:01,0,0,1,1.0
CASSEAELLSSYNEQFFGF,RYPLTFGW,B*27:09,0,0,1,1.0
CASSEAELLSSYNEQFFGF,KTFPPTEPK,B*57:01,0,0,0,7.3025335e-06
CASSEAELLSSYNEQFFGF,KMVAVFYNT,B*35:08,0,0,0,2.6761474e-05
CASSEAELLSSYNEQFFGF,FLIYLDVSV,B*27:09,0,0,0,3.5763624e-05
CASSEALYEQYF,RLVPYLEFL,A*11:01,0,0,0,4.7895187e-06
CASSEALYEQYF,LIIPFIHLI,B*27:05,0,0,0,3.7976573e-05
CASSEALYEQYF,QYIKWPWYI,B*57:01,0,0,0,3.4854165e-05
CASSEALYEQYF,VYIGDPAQL,B*37:01,0,0,0,1.9521565e-05
CASSEALYEQYF,IMDQVPFSV,A*30:02,0,0,0,8.505319e-06
CASSEALYEQYF,YVLTWIVGA,B*35:08,0,0,0,1.5447695e-07
CASSEALYEQYF,EIQEFCPNT,A*03:01,0,0,0,1.4079091e-08
CASSEALYEQYF,TRLALIAPK,A*02:01,0,0,0,1.0072186e-07
CASSEAPSDYEQYF,KLVALGINAV,B*38:01,0,0,0,8.634692e-08
CASSEAPSDYEQYF,YLEPGPVTA,B*35:01,0,0,0,5.0770524e-08
CASSEAPSDYEQYF,IMDQVPFSV,B*51:01,0,0,0,2.1641872e-08
CASSEAPSDYEQYF,ELAGIGILTV,B*35:08,0,0,0,1.2594569e-07
CASSEAPSDYEQYF,KLWASPLHV,A*30:02,0,0,0,0.00019787719
CASSEAPSDYEQYF,CFLLILPNC,A*68:01,0,0,0,0.00016912103
CASSEAPSDYEQYF,KTFPPTEPK,B*35:01,0,0,0,2.3403816e-05
CASSEDRGNSPLHF,RYPLTFGW,B*38:01,0,0,0,9.390569e-05
CASSEDRGNSPLHF,VSDGGPNLY,B*51:01,0,0,0,0.000116715724
CASSEDRGNSPLHF,SVYGDTLEK,B*37:01,0,0,0,6.0423026e-05
CASSEDRGNSPLHF,HPVGEADYFEY,A*11:01,0,0,0,3.373954e-05
CASSEDRGNSPLHF,MMPFSIVYI,A*01:01,0,0,0,0.00010429445
CASSEDRGNSPLHF,LLSIISFPA,B*38:01,0,0,0,8.871015e-05
CASSEEGLAGTGELFF,ALSKGVHFV,A*68:01,0,0,0,6.31685e-05
CASSEEGLAGTGELFF,SLLMPILTL,B*08:01,0,0,0,0.00031051956
CASSEEGLAGTGELFF,RYPLTFGWCF,A*03:01,0,0,0,0.0001108106
CASSEEGLAGTGELFF,KRPIPIKYKAM,A*24:02,0,0,0,0.00023081701
CASSEEGLAGTGELFF,VVLSWAPPV,B*08:01,0,0,0,0.00030578944
CASSEEGLAGTGELFF,MMPFSIVYI,B*38:01,0,0,0,0.00023301652
CASSEEGLAGTGELFF,YLQPRTFLL,A*30:02,0,0,1,0.999701
CASSEFRDRNQPQHF,CTELKLSDY,B*51:01,0,0,1,0.99976176
CASSEFRDRNQPQHF,FLTVFSHFM,A*11:01,0,0,1,0.9997936
CASSEFRDRNQPQHF,SLLMPILTL,B*27:09,0,0,1,0.9998864
CASSEFRDRNQPQHF,KLSALGINAV,B*35:08,0,0,1,0.99987507
CASSEFRDRNQPQHF,KLNTITPVV,A*24:02,0,0,0,2.3523787e-06
CASSEFRDRNQPQHF,NLVPMVATV,A*30:02,0,0,0,1.6130758e-06
CASSEFTRSYEQYF,LVLEVDPNI,B*08:01,0,0,0,4.769913e-06
CASSEFTRSYEQYF,RLGPYLEFL,B*08:01,0,0,0,4.0924897e-06
CASSEFTRSYEQYF,RPRGEVRFL,A*02:01,0,0,1,0.8649346
CASSEFTRSYEQYF,CTELKLNDY,B*27:09,0,0,1,0.8085479
CASSEFTRSYEQYF,NLFNRYPAL,A*02:01,0,0,1,0.8968438
CASSEFTRSYEQYF,QSRGDENRGW,A*03:01,0,0,1,0.95981014
CASSEFTRSYEQYF,QSRGDENRGW,B*57:01,0,0,1,0.96787685
CASSEFTRSYEQYF,SLAPLSPRV,A*30:02,0,0,1,0.90615046
CASSEGDRETGELFF,QKRPIPIKYKAM,A*03:01,0,0,1,0.7822782
CASSEGDRETGELFF,NLFNRYPAL,A*24:02,0,0,1,0.9171349
CASSEGDRETGELFF,QKRPIPIKYKAM,B*51:01,0,0,1,0.9500316
CASSEGDRETGELFF,IVCPICSQK,B*08:01,0,0,0,0.0056356466
CASSEGDRETGELFF,ALSKGVHFV,B*15:01,0,0,0,0.0030113098
CASSEGDRETGELFF,ITDQVPFSV,B*15:01,0,0,0,0.0018483583
CASSEGDRETGELFF,ALYGFVPVL,A*11:01,0,0,0,0.0010999851
CASSEGDRETGELFF,RLPGVLPRA,B*07:02,0,0,0,0.0041439054
CASSEGDRETGELFF,MLNIPSINV,B*27:05,0,0,0,0.004312144
CASSEGENQPQHF,YLEPGPVTA,B*15:01,0,0,0,0.003360257
CASSEGENQPQHF,QYIKWPWYI,B*38:01,0,0,0,0.004375019
CASSEGENQPQHF,RLPGVLPRA,B*35:01,0,0,0,0.003574041
CASSEGENQPQHF,VVMSWAPPV,A*30:02,0,0,0,0.0022520274
CASSEGENQPQHF,CTELKLNDY,B*35:01,0,0,1,0.9926239
CASSEGENQPQHF,TSTLQEQIGW,B*08:01,0,0,1,0.99555737
CASSEGGVPYNEQFF,QKRPIPIKYKAM,B*07:02,0,0,1,0.99613625
CASSEGGVPYNEQFF,ILTGLNYEV,B*35:08,0,0,1,0.99400204
CASSEGGVPYNEQFF,LLFALYFSA,B*35:01,0,0,1,0.9929137
CASSEGGVPYNEQFF,QYIKWPWYI,B*27:09,0,0,1,0.997638
CASSEGGVPYNEQFF,TSTLQEQIGW,A*30:02,0,0,1,0.991054
CASSEGGVPYNEQFF,KLSALGINAV,A*01:01,0,0,1,0.9933141
CASSEGGVPYNEQFF,LLSIISFPA,B*35:08,0,0,1,0.5803154
CASSEGGVPYNEQFF,MLYQHLLPL,A*68:01,0,0,1,0.6867179
CASSEGGVPYNEQFF,VMHANYIFW,A*68:01,0,0,1,0.7257427
CASSEGGVPYNEQFF,YVLTWIVGA,A*24:02,0,0,1,0.64466214
CASSEGGYTEAFF,LPRWYFYYL,B*08:01,0,0,1,0.52123296
CASSEGGYTEAFF,LLFALYFSA,A*68:01,0,0,1,0.62893605
CASSEGGYTEAFF,VLFGLGFAI,B*07:02,0,0,1,0.60825247
CASSEGGYTEAFF,TTDPSFLGRY,A*11:01,0,0,0,7.271122e-05
CASSEGGYTEAFF,KLNTITPVV,A*03:01,0,0,0,0.00018324354
CASSEGGYTEAFF,TRLALIAPK,A*68:01,0,0,0,0.00015283756
CASSEGGYTEAFF,YVLDHLIVV,B*27:05,0,0,0,0.00037863827
CASSEGGYTEAFF,FEDLRLLSF,B*51:01,0,0,0,0.0007442679
CASSEGGYTEAFF,RLVPYLEFL,A*24:02,0,0,0,0.00017238474
CASSEGGYTEAFF,VLFGLGFAI,B*35:08,0,0,0,0.00092317193
CASSEGGYTEAFF,MLNIPSINV,A*68:01,0,0,0,1.5239937e-13
CASSEGIYGYTF,TRLALIAPK,B*15:01,0,0,0,7.148979e-13
CASSEGIYGYTF,NLNCCSVPV,B*35:01,0,0,0,7.3184563e-13
CASSEGIYGYTF,KMVAVFYNT,A*03:01,0,0,0,1.11673135e-13
CASSEGLAGGPAGELFF,RPPIFIRRL,B*27:09,0,0,0,2.8068734e-13
CASSEGLAGGPAGELFF,QYIKWPWYI,A*24:02,0,0,0,0.0010089624
CASSEGLAGGPAGELFF,FEDLRLLSF,A*11:01,0,0,0,0.0012049439
CASSEGLAGGPAGELFF,YLQPRTFLL,A*24:02,0,0,0,0.0012029187
CASSEGLAGGPAGELFF,LVLEVDPNI,A*01:01,0,0,0,0.0011247575
CASSEGLGWEQFF,FLTVFSHFM,A*01:01,0,0,0,0.0014153166
CASSEGLGWEQFF,GILGFVFTL,B*27:09,0,0,0,0.0016909367
CASSEGLGWEQFF,LIIPFIHLI,B*07:02,0,0,0,0.001392979
CASSEGLGWEQFF,RLVPYLEFL,B*07:02,0,0,0,0.0014120936
CASSEGLGWEQFF,KTWGQYWQV,B*38:01,0,0,0,0.0011711573
CASSEGLGWEQFF,KMVTVCPNT,B*15:01,0,0,0,0.000911092
CASSEGLGWEQFF,EIQEFCPNT,B*57:01,0,0,0,2.4557068e-30
CASSEGLGWEQFF,TRLALIAPK,B*57:01,0,0,0,2.3652364e-30
CASSEGLGWEQFF,VLNYFKPYL,B*27:09,0,0,0,2.3994713e-29
CASSEGLGWEQFF,CTELKLNDY,B*08:01,0,0,0,2.34234e-30
CASSEGPGQGSYEQYF,FLYNLLTRV,B*37:01,0,0,0,1.2462589e-30
CASSEGPGQGSYEQYF,YHSIEWAI,A*24:02,0,0,0,7.4937125e-31
CASSEGPGQGSYEQYF,VMHANYIFW,A*02:01,0,0,0,3.356835e-30
CASSEGQGRWYEQYF,IMDQVPFSV,B*07:02,0,0,0,9.193039e-19
CASSEGQGRWYEQYF,RPRGEVRFL,B*15:01,0,0,0,1.6688663e-18
CASSEGQGRWYEQYF,LLFGMTPCL,B*27:05,0,0,0,1.2270251e-17
CASSEGQGYEQYF,LLFGMPPCL,B*57:01,0,0,0,1.16891655e-17
CASSEGQGYEQYF,ILNAMIAKI,B*07:02,0,0,0,1.5050927e-17
CASSEGQGYEQYF,TRLALIAPK,A*30:02,0,0,0,2.4041667e-18
CASSEGQGYEQYF,KMVTVCPNT,A*02:01,0,0,0,3.4158484e-07
CASSEGQGYEQYF,LLAGTLAVV,B*38:01,0,0,0,1.4699808e-07
CASSEGQGYEQYF,ILNVDVFTL,A*24:02,0,0,0,2.798774e-06
CASSEGQNTEAFF,LRVMMLAPF,B*15:01,0,0,0,2.048416e-07
CASSEGQNTEAFF,LMFWASSSI,A*01:01,0,0,0,2.3908132e-07
CASSEGQNTEAFF,LRVMMLAPF,A*11:01,0,0,0,9.9047055e-09
CASSEGQNTEAFF,VLNYFKPYL,A*01:01,0,0,0,8.458772e-08
CASSEGQNTEAFF,ALYGSVPVL,B*57:01,0,0,0,3.9946354e-08
CASSEGQNTEAFF,IVCPICSQK,B*35:01,0,0,0,1.112557e-07
CASSEGQNTEAFF,VSDGGPNLY,B*08:01,0,0,0,1.9314663e-07
CASSEGQNTEAFF,RTMEVCYNT,A*68:01,0,0,0,1.946295e-08
CASSEGQNTEAFF,GMGPLLATV,B*35:08,0,0,0,5.9478698e-08
CASSEGQNTEAFF,YLEPGPVTA,A*68:01,0,0,0,8.108906e-10
CASSEGSEAFF,ILNAMITKI,B*57:01,0,0,0,1.331314e-09
CASSEGSEAFF,LLSIIFFPA,A*03:01,0,0,0,1.0105661e-09
CASSEGSEAFF,FLIYLDVSV,B*15:01,0,0,0,4.6209343e-09
CASSEGSEAFF,LLSIISFPA,A*68:01,0,0,0,1.4360492e-09
CASSEGSEAFF,LLAGTLAGV,B*35:01,0,0,0,3.5289112e-09
CASSEGSEAFF,KMVAVFYNT,B*35:08,0,0,0,3.5549612e-09
CASSEGTEAYEQYF,YHSIEWAI,B*15:01,0,0,0,2.7089031e-06
CASSEGTEAYEQYF,VMHANYIFW,B*27:05,0,0,0,1.9681165e-05
CASSEGTEAYEQYF,LLAILTYYV,B*07:02,0,0,0,2.29173e-05
CASSEGTEAYEQYF,KLSALGINAV,B*08:01,0,0,0,1.4103075e-05
CASSEGTEAYEQYF,IPSINVHHY,B*27:05,0,0,0,2.5801323e-06
CASSEGTGGLNAFF,YHSIEWAI,A*02:01,0,0,0,4.1495696e-06
CASSEGTGGLNAFF,VYGIRLEHF,A*02:01,0,0,0,3.1384402e-12
CASSEGTGGLNAFF,KVKEVCPNV,B*35:01,0,0,0,2.8450033e-12
CASSEGTGGLNAFF,ILNVDVFTL,B*27:09,0,0,0,8.332973e-11
CASSEGTGGLNAFF,GQFLTPNSH,B*08:01,0,0,0,1.4667753e-11
CASSEGTGGLNAFF,MLNIPSINV,B*35:08,0,0,0,6.827855e-12
CASSEGTGGLNAFF,FEDLRLLSF,B*15:01,0,0,0,1.1965804e-12
CASSEGTGGLNAFF,NMINFAPNI,A*68:01,0,0,0,0.0014920102
CASSEGWVDTQYF,YLEPGPVTA,B*08:01,0,0,0,0.0036957455
CASSEGWVDTQYF,VYIGDPAQL,B*37:01,0,0,0,0.002476079
CASSEGWVDTQYF,FEDLRVLSF,A*30:02,0,0,0,0.0008496868
CASSEGWVDTQYF,ILNAMIAKI,B*57:01,0,0,0,0.007874557
CASSEGWVDTQYF,GCQEICPAC,B*27:09,0,0,0,0.008697123
CASSEGYGGGQYF,NMINFAPNI,A*68:01,0,0,0,0.0014920102
CASSEGYGGGQYF,FEDLRVLSF,B*38:01,0,0,0,0.00074734184
CASSEGYGGGQYF,LLSIISFPA,B*27:09,0,0,0,0.12558609
CASSEGYGGGQYF,LLFALYFSA,B*15:01,0,0,0,0.08228737
CASSEGYGGGQYF,LVLEVDPNI,B*07:02,0,0,0,0.11779589
CASSEGYWGTGRDTQYF,NMIHFAPNV,B*27:09,0,0,0,0.120767176
CASSEGYWGTGRDTQYF,GKTELLAPF,B*27:05,0,0,0,0.101223774
CASSEGYWGTGRDTQYF,RLVPYLEFL,B*27:09,0,0,0,0.08108229
CASSEGYWGTGRDTQYF,YLQPRTFLL,B*15:01,0,0,0,3.7548187e-15
CASSEGYWGTGRDTQYF,ILNAMITKI,B*38:01,0,0,0,2.59135e-15
CASSEGYWGTGRDTQYF,LLFALHFSA,B*27:05,0,0,0,8.981356e-14
CASSEHRDHEQFF,HTMLCMCCK,B*35:01,0,0,0,4.7772916e-14
CASSEHRDHEQFF,ALSKGVHFV,B*37:01,0,0,0,9.586182e-15
CASSEHRDHEQFF,YLEPGPVTA,B*57:01,0,0,0,1.1922415e-14
CASSEHRDHEQFF,FTSDYYQLY,B*35:08,0,0,0,5.560196e-15
CASSEISSGGPFLDTQYF,ILTGLNYEA,A*68:01,0,0,0,9.296598e-15
CASSEISSGGPFLDTQYF,KTWGQYWQV,B*07:02,0,0,0,9.43169e-05
CASSEISSGGPFLDTQYF,FLIYLDVSV,A*68:01,0,0,0,1.7935427e-05
CASSEISSGGPFLDTQYF,ALSPVIPHI,A*68:01,0,0,0,7.507471e-06
CASSEISSGGPFLDTQYF,GMGPLLATV,B*37:01,0,0,0,2.853617e-05
CASSEISSGGPFLDTQYF,ALYGSVPVL,B*37:01,0,0,0,2.7201098e-05
CASSEISSGGPFLDTQYF,FMLYLLTLM,A*30:02,0,0,0,1.7527213e-05
CASSEISSGGPFLDTQYF,FLYNPLTRV,A*01:01,0,0,0,3.0963914e-05
CASSEISSGGPFLDTQYF,FLYNPLTRV,A*11:01,0,0,0,1.17534855e-05
CASSEKPDTQYF,ALYGFVPVL,A*02:01,0,0,0,5.3402305e-10
CASSEKPDTQYF,ILNAMIAKI,B*35:01,0,0,0,1.776995e-09
CASSEKPDTQYF,FEDLRLLSF,B*27:05,0,0,0,4.7385335e-10
CASSEKPDTQYF,KAFSPEVIPMF,B*07:02,0,0,0,1.1459408e-09
CASSEKPDTQYF,NDMLVCANI,B*15:01,0,0,0,1.5321978e-10
CASSEKPDTQYF,GILGFVFTL,B*57:01,0,0,0,1.9929205e-09
CASSEKPDTQYF,LLAMTVPNV,B*35:01,0,0,0,7.1297895e-10
CASSEKPDTQYF,YLEPGPVTA,A*30:02,0,0,0,2.5389565e-07
CASSEKPDTQYF,QYDPVAALF,B*35:01,0,0,0,3.2412296e-07
CASSEKPDTQYF,YLEPGPVTA,B*08:01,0,0,0,1.6996482e-06
CASSEKPLSSYNEQFF,SLLMWITQA,A*02:01,0,0,0,8.956216e-06
CASSEKPLSSYNEQFF,RPRGEVRFL,B*35:01,0,0,0,1.776127e-06
CASSEKPLSSYNEQFF,ILTGLNYEA,B*08:01,0,0,0,8.470269e-06
CASSEKPLSSYNEQFF,FLYNPLTRV,A*11:01,0,0,0,2.1656744e-07
CASSEKPLSSYNEQFF,YHSIEWAI,B*35:01,0,0,0,4.658397e-06
CASSEKPLSSYNEQFF,FMLYLLTLM,B*07:02,0,0,0,3.92338e-06
CASSEKPLSSYNEQFF,ALSPVIPLI,B*27:05,0,0,0,8.773519e-07
CASSELDGRLF,YLEPGPVTA,B*51:01,0,0,0,2.971448e-07
CASSELDGRLF,VSDGGPNLY,B*15:01,0,0,0,5.0888707e-07
CASSELDGRLF,RTMEVCYNT,B*38:01,0,0,0,3.865026e-12
CASSELDGRLF,MTLHGFMMY,A*02:01,0,0,0,1.0381868e-11
CASSELDGRLF,KTFPPTEPK,B*27:05,0,0,0,9.180398e-13
CASSELDGRLF,RLPGVLPRA,A*68:01,0,0,0,8.709285e-13
CASSELDGRLF,ALSPVIPHI,A*24:02,0,0,0,4.1114508e-12
CASSELDGRLF,SVYGDTLEK,A*01:01,0,0,0,1.3025921e-12
CASSELGGAGTGELF,LPRWYFYYL,B*08:01,0,0,0,3.5027395e-12
CASSELGGAGTGELF,ILNVDIFTL,B*35:01,0,0,0,5.7659745e-11
CASSELGGAGTGELF,LLAGTLAVV,B*38:01,0,0,0,1.3878613e-06
CASSELGGAGTGELF,ALSPVIPLI,A*01:01,0,0,0,1.2870198e-06
CASSELGGAGTGELF,VLNYFEPYL,B*51:01,0,0,0,5.567534e-06
CASSELGGAGTGELF,RPIPIKYKAM,A*24:02,0,0,0,3.190004e-06
CASSELGGAGTGELF,RYPLTFGW,A*11:01,0,0,0,7.7424795e-07
CASSELGGAGTGELF,CTELKLNDY,A*02:01,0,0,0,1.7476356e-06
CASSELGGAGTGELF,AEMEFCPCC,B*35:01,0,0,0,6.601889e-06
CASSELGGAGTGELF,RPRGEVRFL,B*38:01,0,0,0,6.4762166e-13
CASSELITSTDTQYF,KLVALGINAV,B*35:01,0,0,0,6.532481e-12
CASSELITSTDTQYF,LLAILTYYV,A*24:02,0,0,0,8.1519305e-12
CASSELITSTDTQYF,ALYGSVPVL,A*03:01,0,0,0,1.8576095e-13
CASSELPGPPGEQYF,LLFALHFSA,B*35:08,0,0,0,3.478598e-12
CASSELPGPPGEQYF,NLNCCSVPV,A*24:02,0,0,0,1.9958388e-12
CASSELPGPPGEQYF,KAFSPEVIPMF,B*38:01,0,0,0,4.2652096e-06
CASSEPGHHEQYF,ALYGSVPVL,B*07:02,0,0,0,5.4625466e-06
CASSEPGHHEQYF,VLFHRAFLV,A*30:02,0,0,0,6.1477963e-06
CASSEPGHHEQYF,EIQEFCPNT,B*07:02,0,0,0,1.264982e-05
CASSEPGHHEQYF,RYRIGNYKL,A*01:01,0,0,0,6.913427e-06
CASSEPRTSGISYNEQFF,VLFGLGFAI,A*24:02,0,0,0,1.5849054e-06
CASSEPRTSGISYNEQFF,LLSIIFFPA,B*35:01,0,0,0,5.606366e-06
CASSEPRTSGISYNEQFF,NLFNRYPAL,A*11:01,0,0,0,3.4673843e-07
CASSEPRTSGISYNEQFF,RPPIFIRRL,A*02:01,0,0,0,6.080238e-07
CASSEPRTSGISYNEQFF,CTELKLSDY,B*27:05,0,0,0,1.063309e-06
CASSEPRTSGISYNEQFF,TSTLQEQIGW,B*38:01,0,0,0,6.033048e-07
CASSEPTSGELFF,FLTVFSHFM,B*35:08,0,0,0,2.846521e-06
CASSEPTSGELFF,GILGFVFTL,B*27:09,0,0,0,5.709454e-06
CASSEPTSGELFF,YLQPRTFLL,B*07:02,0,0,0,1.9624829e-06
CASSEPTSGELFF,ALYGFVPVL,B*57:01,0,0,0,3.3962854e-06
CASSERGDTDLYGYTF,VYIGDPAQL,A*68:01,0,0,0,4.4963677e-10
CASSERGDTDLYGYTF,FEDLRLLSF,A*68:01,0,0,0,1.0095522e-10
CASSERGDTDLYGYTF,ILTGLNYEV,B*35:08,0,0,0,2.4090584e-08
CASSERGDTDLYGYTF,RLPGVLPRA,B*38:01,0,0,0,1.0657512e-09
CASSERGDTDLYGYTF,FEDLRVLSF,B*35:01,0,0,0,1.5803534e-09
CASSERGDTDLYGYTF,SVYGDTLEK,B*07:02,0,0,0,1.191299e-09
CASSERGHYGYTF,HPVGEADYFEY,B*35:01,0,0,0,2.2623574e-09
CASSERGHYGYTF,FMLYLLTLM,B*35:08,0,0,0,1.4421243e-08
CASSERGHYGYTF,ALSPVIPLI,B*35:08,0,0,0,5.6351843e-09
CASSERGHYGYTF,KRPIPIKYKAM,B*35:08,0,0,0,0.024757281
CASSERGHYGYTF,RTMEVCYNT,B*27:05,0,0,0,0.0072019384
CASSERGHYGYTF,CFVECAPVC,B*15:01,0,0,0,0.0033008486
CASSERGHYGYTF,RFPLTFGWCF,B*37:01,0,0,0,0.0047824844
CASSERGHYGYTF,CTELKLSDY,B*57:01,0,0,0,0.00096899515
CASSERVAGGSTGELF,VLFHRAFLV,A*11:01,0,0,0,0.0007317878
CASSERVAGGSTGELF,RLQSLQTYV,B*37:01,0,0,0,0.0068612327
CASSERVAGGSTGELF,QYIKWPWYI,B*27:09,0,0,0,0.016743219
CASSERVAGGSTGELF,NLFNRYPAL,A*01:01,0,0,0,0.0053327437
CASSERVAGGSTGELF,TAFTIPSI,B*57:01,0,0,0,5.652175e-15
CASSERVAGGSTGELF,FEDLRLLSF,A*24:02,0,0,0,7.1064974e-16
CASSESENSYGYTF,LLFGMPPCL,B*08:01,0,0,0,1.6947788e-14
CASSESENSYGYTF,SLLMWITQC,A*11:01,0,0,0,7.469058e-15
CASSESENSYGYTF,RQLLFVVEV,A*30:02,0,0,0,8.1903e-16
CASSESENSYGYTF,KTWGQYWQV,B*37:01,0,0,0,8.829283e-15
CASSESENSYGYTF,GQMWLLAPR,B*27:05,0,0,0,2.2354347e-15
CASSESENSYGYTF,VMHANYIFW,B*51:01,0,0,0,7.2400135e-09
CASSESENSYGYTF,VYFLQSINF,A*30:02,0,0,0,2.8223452e-13
CASSESENSYGYTF,LLSIISFPA,B*51:01,0,0,0,1.6210459e-09
CASSESENSYGYTF,VYGIRLEHF,B*57:01,0,0,0,2.686019e-11
CASSESFPASGGSTDTQYF,LIIPFIHLI,B*37:01,0,0,0,8.4733536e-08
CASSESFPASGGSTDTQYF,QYIKWPWYI,B*08:01,0,0,0,1.0293219e-07
CASSESFPASGGSTDTQYF,CTELKLSDY,A*30:02,0,0,0,1.706684e-10
CASSESFPASGGSTDTQYF,LIIPFIHLI,B*15:01,0,0,0,2.4882718e-08
CASSESFPASGGSTDTQYF,GILGFVFTL,B*35:08,0,0,0,1.9526832e-08
CASSESGAAYTGELFF,YHSIEWAI,B*51:01,0,0,0,3.4806824e-08
CASSESGAAYTGELFF,RLPGVLPRA,B*35:08,0,0,0,3.7414045e-09
CASSESGAAYTGELFF,YLQPRTFLL,B*35:08,0,0,0,5.2204485e-09
CASSESGAAYTGELFF,ITDQVPFSV,A*11:01,0,0,0,5.326322e-11
CASSESGAAYTGELFF,HTMLCMCCK,B*37:01,0,0,0,4.255387e-21
CASSESGSPSYYEQYF,VMHANYIFW,B*35:08,0,0,0,6.8825304e-21
CASSESGSPSYYEQYF,KLNTITPVV,B*38:01,0,0,0,4.379893e-22
CASSESGSPSYYEQYF,KRPIPIKYKAM,B*27:05,0,0,0,1.11521185e-20
CASSESGSPSYYEQYF,KVKEVCPNV,A*24:02,0,0,0,3.4487046e-23
CASSESGSPSYYEQYF,KTWGQYWQV,B*08:01,0,0,0,2.6560442e-21
CASSESGSPSYYEQYF,KLVALGINAV,B*08:01,0,0,0,7.491778e-21
CASSESGSPSYYEQYF,NDMLVCANI,B*15:01,0,0,0,4.1703595e-21
CASSESGTGYEQFF,ILNVDIFTL,B*27:05,0,0,0,9.157025e-19
CASSESGTGYEQFF,NLFNRYPAL,B*35:01,0,0,0,1.3298721e-17
CASSESGTGYEQFF,NLNCCSVPV,B*38:01,0,0,0,3.6535335e-18
CASSESGTGYEQFF,ALYGFVPVL,A*68:01,0,0,0,3.6216164e-19
CASSESGTGYEQFF,VMPFSIVYI,B*35:08,0,0,0,1.4642495e-17
CASSESGTGYEQFF,TSTLQEQIGW,A*01:01,0,0,0,6.030782e-19
CASSESQGYEQYF,TTDPSFLGRY,A*68:01,0,0,0,1.07357406e-19
CASSESQGYEQYF,CFLLILPNC,B*15:01,0,0,0,6.325086e-24
CASSESQGYEQYF,KMVAVFYNT,A*68:01,0,0,0,1.1550821e-25
CASSESQGYEQYF,TAFTIPSI,B*27:05,0,0,0,7.61201e-24
CASSESRDRIHYGYTF,HTMLCMCCK,B*35:08,0,0,0,9.0566786e-23
CASSESRDRIHYGYTF,AEMEFCPCC,B*27:09,0,0,0,2.0250082e-23
CASSESRDRIHYGYTF,RYPLTFGW,B*38:01,0,0,0,4.0221528e-26
CASSETGATNYGYTGF,RLVPYLEFL,A*01:01,0,0,0,2.401792e-26
CASSETGATNYGYTGF,HTMLCMCCK,A*24:02,0,0,0,4.9893957e-23
CASSETGATNYGYTGF,AVGSYVYSV,A*02:01,0,0,0,8.556231e-30
CASSETGATNYGYTGF,ITDQVPFSV,A*30:02,0,0,0,2.5451178e-31
CASSETGATNYGYTGF,FLIYLDVSV,A*24:02,0,0,0,8.251025e-28
CASSETGATNYGYTGF,RLVPYLEFL,B*07:02,0,0,0,1.2740968e-29
CASSETGATNYGYTGF,YLEPGPVTA,A*02:01,0,0,0,9.1891655e-30
CASSETGGYEQYF,MMPFSIVYI,A*30:02,0,0,0,3.2661861e-25
CASSETGGYEQYF,LLSIISFPA,B*15:01,0,0,0,2.0170124e-24
CASSETGGYEQYF,VLNYFKPYL,A*24:02,0,0,0,2.7359037e-23
CASSETGGYEQYF,YVLTWIVGA,A*03:01,0,0,0,7.316521e-23
CASSETGGYEQYF,HPVGEADYFEY,B*57:01,0,0,0,9.71383e-25
CASSETGGYEQYF,VSDGGPNLY,A*02:01,0,0,0,8.421673e-25
CASSETGGYEQYF,KLLEIAPNC,A*02:01,0,0,0,3.671351e-23
CASSETGGYEQYF,IMDQVPFSV,B*08:01,0,0,0,1.5078801e-24
CASSETGGYEQYF,KLLEIAPNC,B*38:01,0,0,0,2.797655e-23
CASSETGGYEQYF,IMDQVPFSV,A*02:01,0,0,0,4.0917646e-25
CASSETSGLIDEKLFF,IMDQVPFSV,B*27:05,0,0,0,1.5078801e-24
CASSETSGLIDEKLFF,ILTGLNYEV,B*07:02,0,0,0,4.862377e-23
CASSETSGLIDEKLFF,HPVGEADYFEY,B*57:01,0,0,0,4.4787277e-17
CASSEVEGPGELFF,VMHANYIFW,B*35:08,0,0,0,1.5589487e-15
CASSEVEGPGELFF,LMFWASSSI,B*57:01,0,0,0,1.1353762e-16
CASSEVEGPGELFF,QYDPVAALF,A*01:01,0,0,0,4.560338e-19
CASSEVEGPGELFF,GQMWLLAPR,B*51:01,0,0,0,1.83406e-17
CASSEVEGPGELFF,ILTGLNYEV,A*11:01,0,0,0,3.146254e-17
CASSEVGQGFNGYTF,KAFSPEVIPMF,A*68:01,0,0,0,5.9557517e-18
CASSEVQGGRDTQYF,LLFGMPPCL,A*24:02,0,0,0,2.7579593e-17
CASSEVQGGRDTQYF,RQLLFVVEV,B*37:01,0,0,0,5.5230694e-17
CASSEVQGGRDTQYF,QYDPVAALF,B*37:01,0,0,0,5.8311845e-18
CASSEVQGGRDTQYF,VLNYFKPYL,A*24:02,0,0,0,1.9859998e-16
CASSEVQGGRDTQYF,ILTGLNYEV,A*24:02,0,0,0,4.2832756e-18
CASSEVQGGRDTQYF,FLRGRAYGL,B*27:09,0,0,0,9.51225e-19
CASSEVQGGRDTQYF,LLAGTLAVV,B*35:01,0,0,0,5.074605e-22
CASSEVQGGRDTQYF,CFLLILPNC,A*02:01,0,0,0,9.137798e-19
CASSEVSVLYEQYF,FMLYLLTLM,B*38:01,0,0,0,6.321381e-21
CASSEVSVLYEQYF,ALSPVIPLI,B*07:02,0,0,0,2.4264983e-20
CASSEVSVLYEQYF,KLLEIAPNC,B*35:08,0,0,0,5.2038796e-19
CASSEVSVLYEQYF,ITDQVPFSV,A*11:01,0,0,0,5.3467765e-24
CASSEWAGQPQHF,ELAGIGILTV,B*38:01,0,0,0,5.102677e-21
CASSEWAGQPQHF,RPPIFIRRL,A*68:01,0,0,0,3.1241426e-23
CASSEWAGQPQHF,SLLMPILTL,B*51:01,0,0,0,9.493577e-20
CASSEWAGQPQHF,ILNVDVFTL,A*30:02,0,0,0,1.9744305e-20
CASSEWAGQPQHF,MTLHGFMMY,B*38:01,0,0,0,3.2136666e-21
CASSEWAGQPQHF,TSTLQEQIGW,B*37:01,0,0,0,5.9404953e-21
CASSEWAGQPQHF,LVLEVDPNI,B*35:01,0,0,0,9.652e-42
CASSEWAGQPQHF,IVCPICSQK,B*57:01,0,0,0,1.2057e-41
CASSEWAGQPQHF,RQLLFVVEV,B*07:02,0,0,0,1.815e-42
CASSEWAGQPQHF,GMGPLLATV,A*30:02,0,0,0,6.9e-44
CASSEWAGQPQHF,TAFTIPSI,B*07:02,0,0,0,2.129e-42
CASSEWDTEAFF,TAFTIPSI,B*35:01,0,0,0,5.454e-42
CASSEWDTEAFF,MLNIPSINV,A*03:01,0,0,0,3.9e-44
CASSEWDTEAFF,IVCPICSQK,B*51:01,0,0,0,1.6932935e-24
CASSEWDTEAFF,ILNVDIFTL,A*01:01,0,0,0,1.8019104e-24
CASSEWGPGGYTF,VYIGDPAQL,A*01:01,0,0,0,8.710136e-27
CASSEWGPGGYTF,FLRGRAYGL,B*35:01,0,0,0,3.513491e-24
CASSEWGPGGYTF,LLFGMTPCL,B*15:01,0,0,0,1.2636974e-25
CASSEWGPGGYTF,RLVPYLEFL,B*37:01,0,0,0,5.315047e-26
CASSEWGPGGYTF,VLFGLGFAI,B*27:05,0,0,0,6.6178127e-26
CASSEWGPGGYTF,KLWASPLHV,B*35:08,0,0,0,1.555779e-34
CASSEWGPGGYTF,ILNAMIAKI,B*37:01,0,0,0,5.088548e-35
CASSEWGPGGYTF,RQLLFVVEV,A*68:01,0,0,0,3.114411e-37
CASSEWGPGGYTF,KLNTITPVV,A*30:02,0,0,0,2.367566e-37
CASSEWGPGGYTF,NYNYLYRLF,B*15:01,0,0,0,3.471541e-37
CASSEWGPGGYTF,KLWASPLHV,A*24:02,0,0,0,3.8854844e-35
CASSEYQEPYNEQFF,SLAPLSPRA,B*57:01,0,0,0,3.0466354e-35
CASSEYQEPYNEQFF,GQFLTPNSH,A*02:01,0,0,0,5.252457e-36
CASSFAPGQGIEKLFF,IPSINVHHY,A*02:01,0,0,0,1.2536074e-36
CASSFAPGQGIEKLFF,YVLTWIVGA,A*24:02,0,0,0,6.411981e-10
CASSFAPGQGIEKLFF,FEDLRVSSF,A*24:02,0,0,0,4.74037e-13
CASSFAPGQGIEKLFF,VLFHRAFLV,A*02:01,0,0,0,5.1521665e-12
CASSFAPGQGIEKLFF,LLFGMPPCL,B*27:05,0,0,0,1.9511203e-11
CASSFAPGQGIEKLFF,GCQEICPAC,A*03:01,0,0,0,3.132932e-12
CASSFATEAF,LMFWASSSI,A*03:01,0,0,0,1.197119e-12
CASSFATEAF,NLNCCSVPV,B*51:01,0,0,0,1.0304107e-10
CASSFATEAF,LVLEVDPNI,A*11:01,0,0,0,7.816612e-12
CASSFATEAF,LRVMMLAPF,B*15:01,0,0,0,5.4317137e-12
CASSFATEAF,VLFHRAFLV,A*24:02,0,0,0,8.327519e-12
CASSFDLAGVNYEQYF,ILNVDVFTL,A*11:01,0,0,0,1.037432e-27
CASSFDLAGVNYEQYF,EAAGIGILTV,A*11:01,0,0,0,4.8732813e-29
CASSFDLAGVNYEQYF,LLSIIFFPA,B*27:09,0,0,0,1.2941186e-26
CASSFFHNNEQFF,LLAILTYYV,B*38:01,0,0,0,4.6242096e-26
CASSFFHNNEQFF,SPRWYFYYL,B*35:08,0,0,0,1.7340065e-29
CASSFFHNNEQFF,KMVTVCPNT,A*03:01,0,0,0,1.4712891e-30
CASSFFHNNEQFF,FEDLRVSSF,B*51:01,0,0,0,1.718951e-29
CASSFFHNNEQFF,ALSPVIPHI,A*03:01,0,0,0,1.3641353e-29
CASSFFHNNEQFF,RYPLTFGWCF,B*37:01,0,0,0,1.8975173e-27
CASSFFHNNEQFF,FLYNLLTRV,B*35:01,0,0,0,5.7220815e-35
CASSFFHNNEQFF,RPIPIKYKAM,B*27:09,0,0,0,1.655077e-33
CASSFGASYGYTF,GQVMVVAPR,A*68:01,0,0,0,1.4957493e-35
CASSFGASYGYTF,SLAPLSPRV,A*01:01,0,0,0,4.1477054e-35
CASSFGGGGQPQHF,QYDPVAALF,B*35:08,0,0,0,2.0358924e-29
CASSFGGGGQPQHF,QYDPVAALF,B*15:01,0,0,0,1.5777643e-30
CASSFGGGGQPQHF,LLWNGPMAV,A*24:02,0,0,0,4.4202835e-27
CASSFGGGGQPQHF,VAANIVLTV,B*08:01,0,0,0,4.1942435e-28
CASSFGGGGQPQHF,LLFGMTPCL,B*07:02,0,0,0,1.8603902e-27
CASSFGGLARNEQFF,VAANIVLTV,B*57:01,0,0,0,3.86613e-28
CASSFGGLARNEQFF,LLFGMTPCL,B*27:05,0,0,0,1.8603902e-27
CASSFGGLARNEQFF,GMGPLLATV,B*15:01,0,0,0,2.8010167e-32
CASSFGGLARNEQFF,LLFGYPVYV,A*30:02,0,0,0,5.4148773e-33
CASSFGGLARNEQFF,QKRPIPIKYKAM,A*02:01,0,0,0,3.06651e-31
CASSFGGLARNEQFF,YHSIEWAI,A*03:01,0,0,0,1.9535544e-31
CASSFGGLARNEQFF,RLGPYLEFL,A*02:01,0,0,0,5.0984846e-32
CASSFGGLARNEQFF,KLVALGINAV,A*02:01,0,0,0,1.6640227e-10
CASSFGGLGTEAFFGF,TRLALIAPK,A*24:02,0,0,0,1.9069782e-10
CASSFGGLGTEAFFGF,SLLMPILTL,B*27:05,0,0,0,9.342412e-10
CASSFGGLGTEAFFGF,TRLALIAPK,B*38:01,0,0,0,3.6876716e-10
CASSFGGLGTEAFFGF,ILNVDIFTL,B*07:02,0,0,0,1.5575595e-09
CASSFGGLGTEAFFGF,MIISHLYLI,A*68:01,0,0,0,1.10761574e-10
CASSFGGLGTEAFFGF,FEDLRLLSF,A*68:01,0,0,0,4.7166014e-11
CASSFGGLGTEAFFGF,YLEPGPVTA,A*11:01,0,0,0,9.4679965e-11
CASSFGGLYGYTF,FMLYLLTLM,B*27:09,0,0,0,1.042806e-09
CASSFGGLYGYTF,QSRGDENRGW,B*27:05,0,0,0,1.0237877e-09
CASSFGGLYGYTF,FLYNPLTRV,A*24:02,0,0,0,1.4463429e-10
CASSFGGLYGYTF,HTMLCMCCK,A*03:01,0,0,0,3.7993136e-10
CASSFGGLYGYTF,KVKEVCPNV,B*57:01,0,0,0,4.4879792e-10
CASSFGGRAGDTDTQYF,GMGPLLATV,B*37:01,0,0,0,1.2425328e-22
CASSFGGRAGDTDTQYF,FLYNPLTRV,B*15:01,0,0,0,1.5725844e-23
CASSFGGRAGDTDTQYF,YLQPRTFLL,B*57:01,0,0,0,1.4214767e-22
CASSFGGRAGDTDTQYF,ALSPVIPHI,B*37:01,0,0,0,4.3616386e-21
CASSFGGSSYEQYF,GKTELLAPF,A*30:02,0,0,0,1.1793039e-23
CASSFGGSSYEQYF,GQVMVVAPR,A*30:02,0,0,0,7.1112916e-25
CASSFGGSSYEQYF,SVYGDTLEK,A*24:02,0,0,0,7.97332e-27
CASSFGGSSYEQYF,GCQEICPAC,A*11:01,0,0,0,9.898572e-27
CASSFGGSSYEQYF,FLYNPLTRV,B*27:09,0,0,0,1.5152197e-25
CASSFGGSSYEQYF,LVLEVDPNI,B*08:01,0,0,0,7.8448714e-23
CASSFGGSSYEQYF,ILNAMITKI,A*11:01,0,0,0,1.4279024e-27
CASSFGGYEQYF,MTLHGFMMY,A*02:01,0,0,0,1.2557683e-25
CASSFGGYEQYF,FMLYLLTLM,A*24:02,0,0,0,7.6989427e-25
CASSFGGYEQYF,VMHANYIFW,A*11:01,0,0,0,5.076282e-25
CASSFGGYEQYF,KMVAVFYTT,A*03:01,0,0,0,1.5410136e-25
CASSFGGYEQYF,RLGPYLEFL,B*38:01,0,0,0,3.4186387e-26
CASSFGGYEQYF,RLPGVLPRA,A*11:01,0,0,0,1.5627907e-28
CASSFGGYEQYF,ITDQVPFSV,B*35:08,0,0,0,1.0910215e-26
CASSFGIGPQYF,FLIYLDVSV,A*24:02,0,0,0,1.8914179e-27
CASSFGIGPQYF,VSDGGPNLY,B*07:02,0,0,0,4.6916732e-27
CASSFGIGPQYF,ILNVDIFTL,B*35:08,0,0,0,1.6245325e-26
CASSFGIGPQYF,IVCPICSQK,B*51:01,0,0,0,2.4221523e-27
CASSFGIGPQYF,GQFLTPNSH,B*08:01,0,0,0,5.743161e-28
CASSFGIPYEQYF,ILNAMITKI,B*08:01,0,0,0,1.3801639e-27
CASSFGIPYEQYF,YVLTWIVGA,B*37:01,0,0,0,6.074913e-17
CASSFGIPYEQYF,RYPLTFGWCF,B*51:01,0,0,0,3.678031e-19
CASSFGIPYEQYF,KLSALGINAV,A*11:01,0,0,0,1.0616819e-19
CASSFGIPYEQYF,LLAGTLAGV,A*24:02,0,0,0,7.769205e-21
CASSFGNEQFF,IVCPICSQK,A*03:01,0,0,0,6.362675e-22
CASSFGNEQFF,QYIKWPWYI,B*07:02,0,0,0,7.97649e-18
CASSFGNEQFF,VVMSWAPPV,A*11:01,0,0,0,5.4451653e-24
CASSFGNEQFF,LVLEVDPNI,A*02:01,0,0,0,1.1599851e-22
CASSFGNEQFF,IPSINVHHY,A*11:01,0,0,0,1.1912626e-24
CASSFGNEQFF,RLQSLQTYV,A*30:02,0,0,0,2.5536862e-23
CASSFGNEQFF,LLAGTLAVV,B*35:08,0,0,0,2.3125262e-23
CASSFGNSYEQYF,FLTVFSHFM,A*30:02,0,0,0,3.54352e-24
CASSFGNSYEQYF,VLNYFEPYL,B*35:08,0,0,0,4.775161e-21
CASSFGNSYEQYF,VMPFSIVYIV,B*38:01,0,0,0,6.4887614e-22
CASSFGNSYEQYF,KLWASPLHV,B*07:02,0,0,0,0.0
CASSFGNSYEQYF,THLMVLCCV,A*68:01,0,0,0,0.0
CASSFGNSYEQYF,GQFLTPNSH,B*27:09,0,0,0,0.0
CASSFGNSYEQYF,SVYGDTLEK,B*38:01,0,0,0,0.0
CASSFGPGYEQYF,VYGIRLEHF,B*51:01,0,0,0,0.0
CASSFGPGYEQYF,YVLTWIVGA,A*01:01,0,0,0,0.0
CASSFGPGYEQYF,TTDPSFLGRY,A*02:01,0,0,0,0.0
CASSFGPGYEQYF,CTELKLSDY,B*35:08,0,0,0,1.8365e-41
CASSFGPGYEQYF,IVCPICSQK,B*27:05,0,0,0,1.412238e-39
CASSFGPGYEQYF,NDMLVCANI,B*08:01,0,0,0,1.54262e-40
CASSFGPGYEQYF,ALSPVIPHI,B*27:09,0,0,0,4.96e-43
CASSFGPSYGYTF,GMGPLLATV,A*03:01,0,0,0,0.0
CASSFGPSYGYTF,QYDPVAALF,A*24:02,0,0,0,0.0
CASSFGPSYGYTF,VYGIRLEHF,A*01:01,0,0,0,3e-45
CASSFGPSYGYTF,GMGPLLATV,B*37:01,0,0,0,4.3e-44
CASSFGPSYGYTF,ILNVDVFTL,B*27:09,0,0,0,3.7e-43
CASSFGPSYGYTF,LMFWASSSI,B*07:02,0,0,0,1.0368486e-23
CASSFGPVEQYF,SPRWYFYYL,B*15:01,0,0,0,4.1248298e-26
CASSFGPVEQYF,YVLDHLIVV,A*01:01,0,0,0,1.9874608e-25
CASSFGPVEQYF,GMGPLLATV,B*27:05,0,0,0,5.7544007e-24
CASSFGPVEQYF,EIQEFCPNT,B*37:01,0,0,0,7.855406e-32
CASSFGPVEQYF,YVLTWIVGA,B*35:08,0,0,0,6.750332e-30
CASSFGPVEQYF,SLLMWITQA,A*24:02,0,0,0,1.0006062e-31
CASSFGPYGYTF,KVKEVCPNV,B*15:01,0,0,0,1.8097759e-33
CASSFGPYGYTF,KMVTVCPNT,B*38:01,0,0,0,2.3809754e-33
CASSFGPYGYTF,HTMLCMCCK,A*24:02,0,0,0,5.1503256e-32
CASSFGPYGYTF,QSRGDENRGW,B*38:01,0,0,0,2.660481e-32
CASSFGPYGYTF,NDMLVCANI,B*57:01,0,0,0,5.1482945e-35
CASSFGQEEGQPQHF,RQLLFVVEV,B*27:05,0,0,0,2.9084953e-35
CASSFGQEEGQPQHF,VYGIRLEHF,A*24:02,0,0,0,3.0950955e-36
CASSFGQEEGQPQHF,MLYQHLLPL,B*51:01,0,0,0,1.38759265e-33
CASSFGQNYEQYF,IPSINVHHY,A*30:02,0,0,0,4.276002e-37
CASSFGQNYEQYF,NMIHFAPNV,B*07:02,0,0,0,2.3235753e-34
CASSFGRLSGANVLTF,YHSIEWAI,B*15:01,0,0,0,4.97367e-27
CASSFGRLSGANVLTF,IVCPICSQK,B*35:01,0,0,0,1.4433295e-27
CASSFGRLSGANVLTF,LVLEVDPNI,A*24:02,0,0,0,1.7715784e-26
CASSFGRLSGANVLTF,LLAILTYYV,B*35:08,0,0,0,8.945489e-25
CASSFGRLSGANVLTF,LIIPFIHLI,B*35:08,0,0,0,6.0636597e-25
CASSFGRLSGANVLTF,ILNAMIAKI,A*30:02,0,0,0,2.1313142e-26
CASSFGRLSGANVLTF,VVMSWAPPV,B*07:02,0,0,0,2.9889888e-25
CASSFGRLSGANVLTF,ALYGFVPVL,B*27:05,0,0,0,7.912832e-29
CASSFGSGNTIYF,GKTELLAPF,A*11:01,0,0,0,1.0629211e-28
CASSFGSGNTIYF,MLNIPSINV,B*35:01,0,0,0,1.1464692e-25
CASSFGSGNTIYF,CTELKLNDY,B*15:01,0,0,0,5.1395995e-21
CASSFGSGNTIYF,ILNAMITKI,A*68:01,0,0,0,3.2568865e-21
CASSFGSGNTIYF,IMDQVPFSV,B*27:09,0,0,0,2.4008557e-20
CASSFGTSGTYEQYF,YLEPGPVTA,B*27:09,0,0,0,1.5163056e-19
CASSFGTSGTYEQYF,KLNTITPVV,A*03:01,0,0,0,3.6340815e-21
CASSFGTSGTYEQYF,VMPFSIVYI,B*57:01,0,0,0,1.4606665e-19
CASSFGTSGTYEQYF,YLEPGPVTA,A*03:01,0,0,0,1.2813254e-21
CASSFGTSGTYEQYF,QYDPVAALF,A*03:01,0,0,0,2.5646408e-22
CASSFGTSGTYEQYF,RLVPYLEFL,B*35:08,0,0,0,1.898661e-20
CASSFGTSGTYEQYF,HTMLCMCCK,A*03:01,0,0,0,4.7766624e-18
CASSFGTSGTYEQYF,NDMLVCANI,B*27:05,0,0,0,5.1433334e-18
CASSFGTSGTYEQYF,ILTGLNYEV,A*02:01,0,0,0,2.5767572e-18
CASSFGVGQPQHF,TTDPSFLGRY,A*68:01,0,0,0,1.541446e-21
CASSFGVGQPQHF,VMPFSIVYIV,B*57:01,0,0,0,2.802082e-12
CASSFGVGQPQHF,MLYQHLLPL,B*15:01,0,0,0,4.6370736e-13
CASSFGVGQPQHF,LLAILTYYV,B*07:02,0,0,0,6.6799156e-22
CASSFHPGQDRGNSPLHF,FLYNPLTRV,B*27:09,0,0,0,2.3014001e-25
CASSFHPGQDRGNSPLHF,IMDQVPFSV,A*01:01,0,0,0,8.673069e-27
CASSFHPGQDRGNSPLHF,MTLHGFMMY,B*35:01,0,0,0,9.88357e-24
CASSFHPGQDRGNSPLHF,LLAILTYYV,A*01:01,0,0,0,1.123503e-22
CASSFHPGQDRGNSPLHF,VYFLQSINF,B*27:09,0,0,0,5.365031e-28
CASSFITSGFPYEQYF,LLFALHFSA,A*03:01,0,0,0,4.5756935e-25
CASSFITSGFPYEQYF,VYGIRLEHF,A*03:01,0,0,0,8.55582e-27
CASSFITSGFPYEQYF,ILNVDIFTL,B*51:01,0,0,0,4.4715635e-22
CASSFITSGFPYEQYF,FMLYLLTLM,B*57:01,0,0,0,4.761514e-23
CASSFITSGFPYEQYF,KLSALGINAV,B*37:01,0,0,0,2.348111e-22
CASSFITSGFPYEQYF,ILTGLNYEA,B*27:05,0,0,0,3.8683965e-23
CASSFITSGFPYEQYF,GQVMVVAPR,B*35:01,0,0,0,5.758027e-23
CASSFITSGFPYEQYF,RFPLTFGWCF,A*01:01,0,0,0,2.1210392e-25
CASSFITSGFPYEQYF,GQMWLLAPR,A*02:01,0,0,0,1.8789132e-26
CASSFITSGFPYEQYF,LIIPFIHLI,B*08:01,0,0,0,1.2024168e-23
CASSFLADGELFF,EAAGIGILTV,B*08:01,0,0,0,7.9612617e-25
CASSFLADGELFF,FLIYLDVSV,A*68:01,0,0,0,1.5339055e-25
CASSFLADGELFF,LLAMTVPNV,B*15:01,0,0,0,3.9892995e-26
CASSFLADGELFF,NDMLVCANI,A*01:01,0,0,0,9.064943e-22
CASSFLADGELFF,NDMLVCANI,B*27:09,0,0,0,5.3921978e-20
CASSFLADGELFF,EAAGIGILTV,A*01:01,0,0,0,2.3080086e-20
CASSFLADGELFF,LLSIIFFPA,B*27:05,0,0,0,7.6654993e-19
CASSFLADGELFF,VMPFSIVYI,B*35:08,0,0,0,2.8178613e-19
CASSFLADGELFF,ITDQVPFSV,A*30:02,0,0,0,3.790872e-22
CASSFLADGELFF,RTMEVCYNT,B*08:01,0,0,0,1.2652931e-19
CASSFLAGPQETQYF,HTMLCMCCK,A*68:01,0,0,0,4.506018e-21
CASSFLAGPQETQYF,KMVAVFYTT,B*37:01,0,0,0,1.4778666e-20
CASSFLAGPQETQYF,ILNAMIAKI,B*37:01,0,0,0,7.814772e-21
CASSFLAGPQETQYF,ILTGLNYEA,A*03:01,0,0,0,3.5939208e-22
CASSFLAGPQETQYF,FEDLRLLSF,B*15:01,0,0,0,1.5063406e-30
CASSFLGTGLNEQYF,RPRGEVRFL,B*27:09,0,0,0,8.313354e-29
CASSFLGTGLNEQYF,KTWGQYWQV,A*30:02,0,0,0,2.7744884e-29
CASSFLGTGLNEQYF,SLLMWITQA,A*03:01,0,0,0,1.6548665e-28
CASSFLGTGLNEQYF,ELAGIGILTV,B*15:01,0,0,0,3.9848372e-29
CASSFLGTGLNEQYF,RLGPYLEFL,A*02:01,0,0,0,5.3381894e-34
CASSFLGTGLNEQYF,VMPFSIVYI,B*35:01,0,0,0,2.6334003e-32
CASSFLGTGLNEQYF,TTDPSFLGRY,B*08:01,0,0,0,6.4321065e-36
CASSFLGTGLNEQYF,YVLDHLIVV,A*24:02,0,0,0,4.312837e-33
CASSFLQVTEAF,RYPLTFGW,A*03:01,0,0,0,1.6212192e-35
CASSFLQVTEAF,GCQEICPAC,B*08:01,0,0,0,9.69229e-32
CASSFLQVTEAF,AVGSYVYSV,B*35:01,0,0,0,2.2451235e-32
CASSFLQVTEAF,FEDLRLLSF,B*27:09,0,0,0,5.841958e-34
CASSFLQVTEAF,MIISHLYLI,B*35:08,0,0,0,2.312048e-32
CASSFLQVTEAF,NYNYLYRLF,A*01:01,0,0,0,4.1206026e-32
CASSFLQVTEAF,CTELKLSDY,A*24:02,0,0,0,8.522801e-32
CASSFLQVTEAF,AVGSYVYSV,B*37:01,0,0,0,2.9457635e-30
CASSFLQVTEAF,MLYQHLLPL,B*57:01,0,0,0,2.0148617e-29
CASSFLQVTEAF,TSTLQEQIGW,A*01:01,0,0,0,2.2091699e-32
CASSFLSGANLYNEQFF,RYRIGNYKL,A*01:01,0,0,0,4.0950156e-31
CASSFLSGANLYNEQFF,TTDPSFLGRY,A*03:01,0,0,0,1.0311354e-34
CASSFLSGANLYNEQFF,NYNYLYRLF,B*51:01,0,0,0,3.3968514e-26
CASSFLSGANLYNEQFF,SPRWYFYYL,A*24:02,0,0,0,1.7495427e-27
CASSFLSGANLYNEQFF,VYGIRLEHF,A*11:01,0,0,0,7.4254825e-29
CASSFLTGELFF,ILNAMITKI,B*27:05,0,0,0,6.27021e-26
CASSFLTGELFF,YLEPGPVTA,B*35:08,0,0,0,2.9591833e-26
CASSFLTGELFF,KVKEVCPNV,B*38:01,0,0,0,1.1186768e-26
CASSFLTGELFF,QSRGDENRGW,A*03:01,0,0,0,1.637737e-25
CASSFLTGPKGDYTF,IPSINVHHY,B*15:01,0,0,0,1.247349e-36
CASSFLTGPKGDYTF,HPVGEADYFEY,B*38:01,0,0,0,1.4236697e-36
CASSFLTGPKGDYTF,LLAMTVPNV,A*02:01,0,0,0,1.314411e-36
CASSFLTGPKGDYTF,HTMLCMCCK,B*07:02,0,0,0,4.1694564e-34
CASSFLTPGQVHSGNTIYF,NYNYLYRLF,A*11:01,0,0,0,8.627618e-37
CASSFLTPGQVHSGNTIYF,FEDLRVLSF,B*35:01,0,0,0,2.1265228e-26
CASSFLTPGQVHSGNTIYF,LLFALHFSA,A*30:02,0,0,0,3.3016771e-24
CASSFLTPGQVHSGNTIYF,LRVMMLAPF,B*51:01,0,0,0,3.8019595e-25
CASSFLTPGQVHSGNTIYF,LLFGMPPCL,B*37:01,0,0,0,1.0776375e-24
CASSFLTPGQVHSGNTIYF,KTFPPTEPK,B*35:01,0,0,0,1.6792998e-27
CASSFLTPGQVHSGNTIYF,VLFHRAFLV,A*11:01,0,0,0,9.984317e-27
CASSFLTPGQVHSGNTIYF,SLLMWITQC,A*02:01,0,0,0,2.179929e-24
CASSFLTPGQVHSGNTIYF,LIIPFIHLI,A*02:01,0,0,0,1.6998819e-24
CASSFMETQYF,VLNYFKPYL,A*11:01,0,0,0,2.7108017e-25
CASSFMETQYF,KMVAVFYNT,B*38:01,0,0,0,5.2985525e-32
CASSFMETQYF,VYIGDPAQL,B*35:08,0,0,0,9.410086e-32
CASSFMETQYF,KLVALGINAV,B*38:01,0,0,0,1.4849795e-30
CASSFMETQYF,FLYNLLTRV,B*57:01,0,0,0,6.2137113e-32
CASSFMETQYF,MLYQHLLPL,B*57:01,0,0,0,2.0371577e-30
CASSFMETQYF,TAFTIPSI,B*35:01,0,0,0,1.1879191e-30
CASSFMETQYF,SLLMWITQA,A*24:02,0,0,0,2.1167416e-30
CASSFMGQGESGYTF,SVYGDTLEK,B*57:01,0,0,0,5.4161997e-33
CASSFMGQGESGYTF,LIIPFIHLI,A*11:01,0,0,0,2.328237e-31
CASSFMTEAGELFF,LMFWASSSI,A*68:01,0,0,0,8.6279895e-20
CASSFMTEAGELFF,FLYNLLTRV,B*35:01,0,0,0,2.3196344e-19
CASSFMTEAGELFF,GQVMVVAPR,B*27:09,0,0,0,2.7960955e-17
CASSFNSLDRSFFSGNTIYF,QYDPVAALF,B*08:01,0,0,0,7.3119005e-20
CASSFNSLDRSFFSGNTIYF,NMINFAPNI,A*24:02,0,0,0,3.1521852e-19
CASSFNSLDRSFFSGNTIYF,FMLYLLTLM,B*35:08,0,0,0,5.817546e-17
CASSFNSLDRSFFSGNTIYF,CLGGLLTMV,B*57:01,0,0,0,3.943033e-26
CASSFNSLDRSFFSGNTIYF,ALSPVIPHI,B*35:08,0,0,0,2.6616376e-25
CASSFNSLDRSFFSGNTIYF,THLMVLCCV,A*01:01,0,0,0,2.3854738e-27
CASSFNSLDRSFFSGNTIYF,TAFTIPSI,B*37:01,0,0,0,6.886058e-26
CASSFPGTGGNIQYF,ALYGSVPVL,A*03:01,0,0,0,7.122843e-29
CASSFPGTGGNIQYF,YHSIEWAI,A*03:01,0,0,0,1.0756813e-26
CASSFPGTGGNIQYF,SLLMWITQA,B*15:01,0,0,0,4.139918e-25
CASSFPGTGGNIQYF,IPSINVHHY,B*08:01,0,0,0,2.5267427e-27
CASSFPGTGGNIQYF,ELAGIGILTV,B*07:02,0,0,0,6.3807826e-22
CASSFPGTGGNIQYF,NMINFAPNI,B*27:05,0,0,0,3.1574051e-21
CASSFPGTGGNIQYF,KTWGQYWQV,A*02:01,0,0,0,2.268448e-22
CASSFPLGGSPQLVTQYF,MTLHGFMMY,B*35:01,0,0,0,6.203866e-22
CASSFPLGGSPQLVTQYF,ALSPVIPLI,A*68:01,0,0,0,2.5636897e-24
CASSFPLGGSPQLVTQYF,NMIHFAPNV,B*27:05,0,0,0,2.0245768e-22
CASSFPLGGSPQLVTQYF,HTMLCMCCK,B*27:05,0,0,0,1.4841754e-30
CASSFPLGGSPQLVTQYF,KMVAVFYTT,B*15:01,0,0,0,4.6431798e-32
CASSFPLGGSPQLVTQYF,LLSIIFFPA,B*27:09,0,0,0,5.0716215e-31
CASSFPLGGSPQLVTQYF,TSTLQEQIGW,A*01:01,0,0,0,1.711397e-33
CASSFPLGGSPQLVTQYF,MMPFSIVYI,A*11:01,0,0,0,6.419248e-33
CASSFPLGGSPQLVTQYF,VVLSWAPPV,B*35:01,0,0,0,7.150052e-33
CASSFPPGGVGTEKLFF,MTLHGFMMY,B*35:08,0,0,0,5.286572e-35
CASSFPPGGVGTEKLFF,FLIYLDVSV,B*35:08,0,0,0,3.2157565e-33
CASSFPPGGVGTEKLFF,VLFHRAFLV,A*68:01,0,0,0,4.2338657e-37
CASSFPPGGVGTEKLFF,VYFLQSINF,B*37:01,0,0,0,3.7135937e-38
CASSFPPGGVGTEKLFF,SPRWYFYYL,A*02:01,0,0,0,4.466671e-37
CASSFPPGGVGTEKLFF,LLAILTYYV,B*35:08,0,0,0,3.2087854e-32
CASSFPPGGVGTEKLFF,RLPGVLPRA,B*27:05,0,0,0,1.1479338e-35
CASSFPVSDPSTDTQYF,RLGPYLEFL,B*07:02,0,0,0,3.5821534e-35
CASSFPVSDPSTDTQYF,KMVAVFYNT,B*37:01,0,0,0,5.3709092e-20
CASSFPVSDPSTDTQYF,SLLMWITQA,B*35:08,0,0,0,8.842478e-19
CASSFPVSDPSTDTQYF,KRPIPIKYKAM,B*08:01,0,0,0,2.7069866e-19
CASSFPVSDPSTDTQYF,IMDQVPFSV,A*30:02,0,0,0,2.4586977e-22
CASSFQGYTEAFFGF,VMPFSIVYIV,B*51:01,0,0,0,3.693638e-19
CASSFQGYTEAFFGF,RFPLTFGWCF,A*11:01,0,0,0,3.0394005e-22
CASSFQGYTEAFFGF,KLVALGINAV,B*35:08,0,0,0,7.7856793e-19
CASSFQGYTEAFFGF,HTMLCMCCK,B*27:09,0,0,0,1.0997377e-19
CASSFRDEDPGNTIYF,NMIHFAPNV,B*38:01,0,0,0,3.787347e-21
CASSFRDEDPGNTIYF,VVMSWAPPV,B*38:01,0,0,0,3.2214872e-20
CASSFRDEDPGNTIYF,GKTELLAPF,B*37:01,0,0,0,1.3344894e-20
CASSFRDEDPGNTIYF,FLYNPLTRV,B*51:01,0,0,0,8.437281e-37
CASSFRDEDPGNTIYF,MLNIPSINV,B*08:01,0,0,0,1.547361e-36
CASSFRDSSYEQYF,RQLLFVVEV,B*51:01,0,0,0,2.6170117e-36
CASSFRDSSYEQYF,KLSALGINAV,B*15:01,0,0,0,1.2598589e-36
CASSFRDSSYEQYF,ILTGLNYEV,A*68:01,0,0,0,1.5058813e-37
CASSFRDSSYEQYF,DATYQRTRALVR,A*24:02,0,0,0,4.510573e-37
CASSFRDSSYEQYF,KMVTVCPNT,A*24:02,0,0,0,1.9435376e-28
CASSFRDSSYEQYF,LLAMTVPNV,A*01:01,0,0,0,8.96702e-31
CASSFRDSSYEQYF,RLGPYLEFL,B*37:01,0,0,0,2.1041846e-28
CASSFRGEAFF,GMGPLLATV,B*15:01,0,0,0,3.618974e-29
CASSFRGLNQPQHF,FLYNPLTRV,B*08:01,0,0,0,7.959818e-29
CASSFRGLNQPQHF,NYNYLYRLF,B*15:01,0,0,0,4.420327e-30
CASSFRGLNQPQHF,KLVALGINAV,A*24:02,0,0,0,1.7151473e-27
CASSFRQTLAVYEQYF,VYFLQSINF,B*38:01,0,0,0,2.1548757e-33
CASSFRQTLAVYEQYF,KMVTVCPNT,A*30:02,0,0,0,1.0042892e-30
CASSFRQTLAVYEQYF,ILNVDVFTL,B*51:01,0,0,0,5.7129295e-17
CASSFRQTLAVYEQYF,ALYGSVPVL,B*51:01,0,0,0,5.5252977e-19
CASSFSGTFEAFF,RLGPYLEFL,A*11:01,0,0,0,8.245516e-21
CASSFSGTFEAFF,AVGSYVYSV,B*35:01,0,0,0,1.8036487e-18
CASSFSGTFEAFF,RFPLTFGWCF,B*07:02,0,0,0,2.235457e-18
CASSFSVRDMGTEAFF,RLPGVLPRA,B*07:02,0,0,0,2.1500218e-19
CASSFSVRDMGTEAFF,FMLYLLTLM,B*27:09,0,0,0,4.523922e-17
CASSFSVRDMGTEAFF,YLEPGPVTA,B*08:01,0,0,0,2.105963e-17
CASSFSVRDMGTEAFF,KRPIPIKYKAM,B*38:01,0,0,0,9.200311e-17
CASSFSVRDMGTEAFF,KTFPPTEPK,B*51:01,0,0,0,4.564152e-18
CASSFSVRDMGTEAFF,THLMVLCCV,B*35:08,0,0,0,3.4498074e-17
CASSFSVWDSNQPQHF,LLAGTLAVV,B*27:09,0,0,0,1.5740296e-17
CASSFSVWDSNQPQHF,EIQEFCPNT,B*27:09,0,0,0,3.0538076e-17
CASSFSVWDSNQPQHF,FEDLRVSSF,A*02:01,0,0,0,1.5684426e-18
CASSFSVWDSNQPQHF,RPRGEVRFL,B*27:05,0,0,0,2.8855352e-17
CASSFSVWDSNQPQHF,NLNCCSVPV,B*15:01,0,0,0,2.1812428e-17
CASSFSVWDSNQPQHF,KRPIPIKYKAM,B*51:01,0,0,0,2.2635369e-38
CASSFSVWDSNQPQHF,GKTELLAPF,B*15:01,0,0,0,1.618e-42
CASSFSVWDSNQPQHF,ALSPVIPLI,B*35:01,0,0,0,3.47951e-40
CASSFTSGSGHEQYF,VVMSWAPPV,B*57:01,0,0,0,4.941923e-39
CASSFTSGSGHEQYF,LLFGYPVYV,B*27:05,0,0,0,1.079e-41
CASSFTSGSGHEQYF,SPRWYFYYL,A*11:01,0,0,0,6.6e-44
CASSFTSGSGHEQYF,VMPFSIVYIV,A*01:01,0,0,0,1.09858e-40
CASSFTVAGEQYF,LIIPFIHLI,B*35:08,0,0,0,1.0605422e-38
CASSFTVAGEQYF,CFLLILPNC,A*03:01,0,0,0,1.37e-42
CASSFTVAGEQYF,LMFWASSSI,A*24:02,0,0,0,5.139934e-28
CASSFTVAGEQYF,LLAGTLAGV,A*01:01,0,0,0,5.551552e-29
CASSFTVAGEQYF,RYRIGNYKL,A*01:01,0,0,0,5.8592056e-28
CASSFTVAGEQYF,MLYQHLLPL,A*02:01,0,0,0,2.5586624e-28
CASSFTVAGEQYF,NLFNRYPAL,B*38:01,0,0,0,6.3365957e-27
CASSFTVAGEQYF,TSTLQEQIGW,A*03:01,0,0,0,4.970606e-31
CASSFTVAGEQYF,GQFLTPNSH,B*07:02,0,0,0,2.1380454e-29
CASSFTWTSGGATDTQYF,LLAILTYYV,B*38:01,0,0,0,1.4540497e-28
CASSFTWTSGGATDTQYF,FLIYLDVSV,B*38:01,0,0,0,5.0329268e-29
CASSFTWTSGGATDTQYF,CFLLILPNC,B*08:01,0,0,0,1.7685112e-28
CASSFTWTSGGATDTQYF,RPRGEVRFL,B*27:09,0,0,0,3.0151962e-29
CASSFTWTSGGATDTQYF,LLAGTLAGV,A*68:01,0,0,0,9.15362e-30
CASSFVGLAGNEQFF,RTMEVCYNT,B*35:01,0,0,0,5.277586e-27
CASSFVGLAGNEQFF,TRLALIAPK,B*08:01,0,0,0,1.3176095e-20
CASSFVRDSPHRDTEAFF,GQVMVVAPR,B*57:01,0,0,0,3.916618e-19
CASSFVRDSPHRDTEAFF,LLAMTVPNV,B*07:02,0,0,0,2.5301841e-21
CASSFVRDSPHRDTEAFF,YLQPRTFLL,A*11:01,0,0,0,4.096063e-23
CASSFVRDSPHRDTEAFF,KLSALGINAV,B*27:05,0,0,0,1.1764794e-20
CASSFVRDSPHRDTEAFF,RQLLFVVEV,A*02:01,0,0,0,7.0070907e-22
CASSFVRDSPHRDTEAFF,KAFSPEVIPMF,A*03:01,0,0,0,3.0251756e-20
CASSFWAGGWTEAFF,VYIGDPAQL,A*02:01,0,0,0,5.0610975e-20
CASSFWAGGWTEAFF,LLSIISFPA,A*02:01,0,0,0,1.0271046e-17
CASSFWAGGWTEAFF,SLAPLSPRA,A*68:01,0,0,0,3.3938054e-20
CASSFWAGGWTEAFF,ELAGIGILTV,A*03:01,0,0,0,3.911286e-20
CASSFWAGGWTEAFF,YVLTWIVGA,B*51:01,0,0,0,8.90566e-16
CASSFWAGGWTEAFF,LMFWASSSI,B*35:01,0,0,0,3.1955914e-18
CASSFWAGGWTEAFF,SLAPLSPRA,B*27:09,0,0,0,1.5877553e-17
CASSFWDRVSGANVLTFGF,GCQEICPAC,A*68:01,0,0,0,1.5231405e-19
CASSFWDRVSGANVLTFGF,VYIGDPAQL,A*01:01,0,0,0,4.985579e-20
CASSFWDRVSGANVLTFGF,YLQPRTFLL,B*15:01,0,0,0,2.768603e-19
CASSFWDRVSGANVLTFGF,KLSALGINAV,B*35:08,0,0,0,1.8637819e-16
CASSFWDRVSGANVLTFGF,LMFWASSSI,B*07:02,0,0,0,1.9361889e-21
CASSFWDRVSGANVLTFGF,RLGPYLEFL,B*07:02,0,0,0,4.0220534e-22
CASSFWGADTQYF,YLEPGPVTA,B*38:01,0,0,0,1.0239489e-22
CASSFWGADTQYF,VMHANYIFW,A*30:02,0,0,0,1.75769e-20
CASSFWGADTQYF,TTDPSFLGRY,A*68:01,0,0,0,1.926731e-26
CASSFWGADTQYF,FLYNPLTRV,B*08:01,0,0,0,8.670146e-22
CASSFWGADTQYF,VAANIVLTV,B*35:01,0,0,0,1.4429796e-31
CASSFWGLPHQETQYF,CFVECAPVC,B*51:01,0,0,0,3.0343238e-31
CASSFWGLPHQETQYF,NLFNRYPAL,B*37:01,0,0,0,5.106587e-30
CASSFWGLPHQETQYF,ALYGFVPVL,A*24:02,0,0,0,1.4690219e-32
CASSFWGLPHQETQYF,IMDQVPFSV,B*35:08,0,0,0,1.0564235e-31
CASSFWGLPHQETQYF,NMIHFAPNV,A*03:01,0,0,0,8.7125026e-33
CASSFWGLPHQETQYF,TRLALIAPK,B*35:08,0,0,0,1.7759166e-25
CASSFWGLPHQETQYF,CLGGLLTMV,B*35:01,0,0,0,9.215728e-25
CASSFWRDGATNEKLFF,RLGPYLEFL,A*01:01,0,0,0,3.3019996e-27
CASSFWRDGATNEKLFF,SVYGDTLEK,A*11:01,0,0,0,2.5324913e-29
CASSFWRDGATNEKLFF,KTFPPTEPK,B*51:01,0,0,0,3.4354623e-27
CASSFWRDGATNEKLFF,GKTELLAPF,A*02:01,0,0,0,6.287143e-26
CASSFWRDGATNEKLFF,ALSKGVHFV,A*02:01,0,0,0,1.6312401e-25
CASSFWRDGATNEKLFF,LLFGMTPCL,B*15:01,0,0,0,1.7685147e-24
CASSFYGREAF,YVLTWIVGA,B*07:02,0,0,0,1.3764929e-21
CASSFYGREAF,VLFGLGFAI,A*68:01,0,0,0,2.9503595e-25
CASSFYGREAF,TTDPSFLGRY,A*03:01,0,0,0,1.9031927e-28
CASSGAAGTSAYNEQFF,RLPGVLPRA,B*38:01,0,0,0,2.0084659e-25
CASSGAAGTSAYNEQFF,LVLEVDPNI,B*57:01,0,0,0,8.5346495e-23
CASSGAAGTSAYNEQFF,GMGPLLATV,A*30:02,0,0,0,5.8608655e-26
CASSGAAGTSAYNEQFF,IVCPICSQK,B*38:01,0,0,0,1.7986687e-24
CASSGAAGTSAYNEQFF,NLNCCSVPV,B*15:01,0,0,0,2.313875e-24
CASSGAAGTSAYNEQFF,VMPFSIVYIV,B*15:01,0,0,0,1.2204511e-19
CASSGAAGTSAYNEQFF,LLFGMPPCL,A*02:01,0,0,0,4.923134e-21
CASSGAAGTSAYNEQFF,RLVPYLEFL,A*30:02,0,0,0,1.9143097e-22
CASSGAAGTSAYNEQFF,KVKEVCPNV,A*02:01,0,0,0,1.4813137e-22
CASSGAGGYEQYF,GQMWLLAPR,A*11:01,0,0,0,1.3926162e-23
CASSGAGGYEQYF,KLVALGINAV,B*07:02,0,0,0,4.8515296e-19
CASSGAGGYEQYF,SLLMWITQC,B*15:01,0,0,0,1.5689923e-19
CASSGAGGYEQYF,VLNYFEPYL,A*03:01,0,0,0,4.651642e-22
CASSGAGGYEQYF,ILTGLNYEV,A*11:01,0,0,0,1.5464396e-22
CASSGASYEQYF,CFLLILPNC,A*01:01,0,0,0,1.4926406e-23
CASSGASYEQYF,SLAPLSPRA,B*27:09,0,0,0,2.8205347e-22
CASSGASYEQYF,YLEPGPVTA,B*08:01,0,0,0,1.901834e-22
CASSGASYEQYF,LRVMMLAPF,B*15:01,0,0,0,1.6542956e-24
CASSGASYEQYF,KMVAVFYNT,B*15:01,0,0,0,6.7490686e-23
CASSGASYEQYF,GQFLTPNSH,B*51:01,0,0,0,1.24895896e-20
CASSGASYEQYF,LLSIISFPA,B*57:01,0,0,0,4.8762976e-20
CASSGASYEQYF,QYDPVAALF,A*01:01,0,0,0,1.4692695e-23
CASSGASYEQYF,RYPLTFGW,B*27:09,0,0,0,1.3620193e-21
CASSGDAAGAYGYTF,CLGGLLTMV,B*15:01,0,0,0,5.8497797e-21
CASSGDRNQPQHF,LPRWYFYYL,B*57:01,0,0,0,8.1891777e-23
CASSGDRNQPQHF,SLLMWITQC,B*27:09,0,0,0,6.1074077e-21
CASSGDRNQPQHF,NLFNRYPAL,B*51:01,0,0,0,2.049021e-21
CASSGDRNQPQHF,GQMWLLAPR,B*35:01,0,0,0,5.0395123e-23
CASSGELTDTQYF,MLYQHLLPL,A*02:01,0,0,0,7.03521e-23
CASSGELTDTQYF,ILTGLNYEV,B*57:01,0,0,0,2.2905356e-21
CASSGELTDTQYF,MTLHGFMMY,A*01:01,0,0,0,4.6437853e-23
CASSGELTDTQYF,KAFSPEVIPMF,A*68:01,0,0,0,1.4273062e-23
CASSGELTDTQYF,AVGSYVYSV,B*37:01,0,0,0,5.852623e-18
CASSGELTDTQYF,NLNCCSVPV,A*68:01,0,0,0,2.8675255e-19
CASSGFRGELFF,VSDGGPNLY,B*51:01,0,0,0,8.968311e-18
CASSGFRGELFF,KAFSPEVIPMF,B*51:01,0,0,0,6.661709e-18
CASSGFRGELFF,ILNVDIFTL,B*37:01,0,0,0,1.5431025e-17
CASSGFRGELFF,LLFGYPVYV,A*68:01,0,0,0,2.5013851e-20
CASSGFSNQPQHF,LLSIISFPA,A*68:01,0,0,0,2.6216605e-19
CASSGFSNQPQHF,IVCPICSQK,A*03:01,0,0,0,8.843384e-20
CASSGFSNQPQHF,ALSKGVHFV,A*03:01,0,0,0,4.45035e-19
CASSGFSNQPQHF,VAANIVLTV,A*68:01,0,0,0,3.6094633e-20
CASSGFSNQPQHF,VYGIRLEHF,B*57:01,0,0,0,7.242086e-20
CASSGGGAEAFF,LVLEVDPNI,A*02:01,0,0,0,5.0965736e-19
CASSGGGAEAFF,ILNAMITKI,B*37:01,0,0,0,4.7897633e-18
CASSGGGAEAFF,GMGPLLATV,A*01:01,0,0,0,1.18376e-18
CASSGGGAEAFF,YHSIEWAI,B*35:01,0,0,0,4.5059216e-18
CASSGGGAEAFF,VVLSWAPPV,A*24:02,0,0,0,4.3975284e-19
CASSGGGAEAFF,SLAPLSPRV,A*24:02,0,0,0,3.307547e-19
CASSGGGAEAFF,YLQPRTFLL,B*38:01,0,0,0,1.427446e-18
CASSGGGAEAFF,FEDLRLLSF,B*35:01,0,0,0,5.1379997e-18
CASSGGGAGNEQFF,ILNAMITKI,B*51:01,0,0,0,2.7968515e-18
CASSGGGAGNEQFF,QSRGDENRGW,A*03:01,0,0,0,1.0085107e-18
CASSGGGAGNEQFF,CFVECAPVC,B*35:01,0,0,0,4.8573286e-18
CASSGGGAGNEQFF,FLRGRAYGL,B*27:05,0,0,0,2.1366619e-19
CASSGGGGGAYEQYF,SLLMPILTL,B*57:01,0,0,0,6.3333347e-19
CASSGGGGGAYEQYF,RLVPYLEFL,A*68:01,0,0,0,5.9493133e-22
CASSGGGGGAYEQYF,KVKEVCPNV,A*01:01,0,0,0,1.7129751e-21
CASSGGGGGAYEQYF,TSTLQEQIGW,B*35:01,0,0,0,3.0895612e-22
CASSGGGGGAYEQYF,CFVECAPVC,B*38:01,0,0,0,8.340726e-24
CASSGGGGGAYEQYF,LRVMMLAPF,A*30:02,0,0,0,1.5073009e-22
CASSGGGGRGYNEQFF,SPRWYFYYL,A*30:02,0,0,0,6.5076903e-25
CASSGGGGRGYNEQFF,NMINFAPNI,A*30:02,0,0,0,1.5994709e-23
CASSGGGGRGYNEQFF,LVLEVDPNI,A*01:01,0,0,0,5.510239e-22
CASSGGGGRGYNEQFF,NLNCCSVPV,B*37:01,0,0,0,2.195572e-21
CASSGGGGRGYNEQFF,QSRGDENRGW,A*01:01,0,0,0,1.4080131e-20
CASSGGGGRGYNEQFF,YLQPRTFLL,A*03:01,0,0,0,2.0373136e-22
CASSGGGGRGYNEQFF,VYIGDPAQL,B*35:01,0,0,0,8.14888e-24
CASSGGGGRGYNEQFF,MMPFSIVYI,A*01:01,0,0,0,5.687285e-20
CASSGGLYSTDTQYF,YVLTWIVGA,B*57:01,0,0,0,1.2945583e-18
CASSGGLYSTDTQYF,KLNTITPVV,B*35:01,0,0,0,1.0035219e-18
CASSGGLYSTDTQYF,SLAPLSPRA,B*37:01,0,0,0,2.194249e-21
CASSGGLYSTDTQYF,FLRGRAYGL,A*30:02,0,0,0,6.9931617e-19
CASSGGLYSTDTQYF,NLVPMVATV,B*51:01,0,0,0,1.7598776e-27
CASSGGLYSTDTQYF,FTSDYYQLY,B*57:01,0,0,0,2.5776373e-29
CASSGGLYSTDTQYF,NLVPMVATV,B*27:09,0,0,0,5.4133423e-28
CASSGGLYSTDTQYF,HPVGEADYFEY,B*35:01,0,0,0,1.6388658e-28
CASSGGQGAYEQYF,LVLEVDPNI,B*38:01,0,0,0,5.1065147e-28
CASSGGQGAYEQYF,SVYGDTLEK,B*51:01,0,0,0,1.1613145e-28
CASSGGQGAYEQYF,KTFPPTEPK,B*38:01,0,0,0,1.5898358e-30
CASSGGQGAYEQYF,ITDQVPFSV,B*35:01,0,0,0,5.773097e-29
CASSGGVSYNEQFF,LPRWYFYYL,B*27:05,0,0,0,7.1152386e-29
CASSGGVSYNEQFF,QYIKWPWYI,A*01:01,0,0,0,4.312545e-31
CASSGGVSYNEQFF,QKRPIPIKYKAM,B*15:01,0,0,0,9.711651e-31
CASSGGVSYNEQFF,RYPLTFGW,A*03:01,0,0,0,5.5809702e-33
CASSGGVSYNEQFF,LLSIISFPA,A*03:01,0,0,0,1.0261418e-31
CASSGGVSYNEQFF,RLVPYLEFL,B*27:09,0,0,0,9.144886e-32
CASSGLAGGPFGMETQYF,MLYQHLLPL,B*08:01,0,0,0,1.3438208e-30
CASSGLAGGPFGMETQYF,RPIPIKYKAM,B*15:01,0,0,0,3.8115903e-31
CASSGLINGNTIYF,RLGPYLEFL,B*27:05,0,0,0,2.502717e-31
CASSGLINGNTIYF,QYDPVAALF,A*02:01,0,0,0,5.9744563e-33
CASSGLINGNTIYF,RYRIGNYKL,B*51:01,0,0,0,5.205796e-30
CASSGLRGPNEQFF,ALYGSVPVL,B*07:02,0,0,0,7.3598074e-28
CASSGLRGPNEQFF,CFLLILPNC,A*24:02,0,0,0,8.47927e-27
CASSGLRGPNEQFF,LLFALHFSA,B*51:01,0,0,0,9.614033e-26
CASSGPRGYTF,MIISHLYLI,B*27:09,0,0,0,3.853969e-27
CASSGPRGYTF,KTFPPTEPK,B*38:01,0,0,0,1.1073429e-22
CASSGPRGYTF,LPRWYFYYL,B*35:01,0,0,0,5.038227e-22
CASSGPRGYTF,FLYNPLTRV,B*08:01,0,0,0,7.551887e-22
CASSGPRGYTF,MLYQHLLPL,A*03:01,0,0,0,1.4006137e-22
CASSGPRGYTF,FLRGRAYGL,A*11:01,0,0,0,2.506493e-22
CASSGPRGYTF,QYDPVAALF,B*07:02,0,0,0,4.392576e-22
CASSGPRGYTF,IPSINVHHY,A*68:01,0,0,0,8.425626e-25
CASSGPRGYTF,KLVALGINAV,A*02:01,0,0,0,5.9424894e-21
CASSGPRGYTF,KMVAVFYTT,B*27:05,0,0,0,1.9928855e-21
CASSGPRGYTF,KMVAVFYNT,A*11:01,0,0,0,1.0164408e-24
CASSGPRGYTF,FLTVFSHFM,B*38:01,0,0,0,2.5084156e-22
CASSGQGAYEQFF,SLAPLSPRV,B*51:01,0,0,0,1.18794316e-20
CASSGQGAYEQFF,VLNYFKPYL,B*27:05,0,0,0,2.1961185e-19
CASSGQGAYEQFF,GQMWLLAPR,B*35:01,0,0,0,2.1842409e-24
CASSGQGAYEQFF,MTLHGFMMY,B*07:02,0,0,0,2.1246463e-29
CASSGQGAYEQFF,QKRPIPIKYKAM,A*03:01,0,0,0,9.620648e-31
CASSGQGGDEQYF,VYIGDPAQL,B*37:01,0,0,0,4.858003e-30
CASSGQGGDEQYF,LLWNGPMAV,B*51:01,0,0,0,1.2892939e-27
CASSGQGGDEQYF,RYRIGNYKL,B*27:05,0,0,0,7.3904974e-29
CASSGQGGDEQYF,VLFHRAFLV,A*68:01,0,0,0,3.2666456e-26
CASSGQGGDEQYF,KTFPPTEPK,A*30:02,0,0,0,3.856291e-28
CASSGQGGDEQYF,VLFGLGFAI,B*35:08,0,0,0,6.8973925e-25
CASSGQGIAYEQYF,THLMVLCCV,B*35:08,0,0,0,8.3795e-25
CASSGQGIAYEQYF,VLFHRAFLV,A*02:01,0,0,0,1.2352387e-25
CASSGQGIAYEQYF,YVLDHLIVV,B*07:02,0,0,0,8.269975e-25
CASSGQGIAYEQYF,EAAGIGILTV,A*03:01,0,0,0,5.2544196e-29
CASSGQGIAYEQYF,QSRGDENRGW,A*11:01,0,0,0,1.0928746e-27
CASSGRDRNF,GCQEICPAC,B*37:01,0,0,0,2.0736358e-26
CASSGRDRNF,HTMLCMCCK,A*02:01,0,0,0,4.9155026e-26
CASSGRDRNF,RYPLTFGW,B*57:01,0,0,0,1.756597e-28
CASSGRDRQNTEAF,ILNVDIFTL,A*03:01,0,0,0,1.5687047e-27
CASSGRDRQNTEAF,SLLWMNPFV,B*15:01,0,0,0,2.4222816e-27
CASSGRDRQNTEAF,KVKEVCPNV,A*01:01,0,0,0,2.6072743e-30
CASSGRDRQNTEAF,KLLEIAPNC,B*35:08,0,0,0,5.6660237e-26
CASSGRDRQNTEAF,RYPLTFGWCF,B*08:01,0,0,0,9.221472e-30
CASSGRDRQNTEAF,SPRWYFYYL,A*01:01,0,0,0,8.5389695e-33
CASSGRDRQNTEAF,RYPLTFGWCF,A*01:01,0,0,0,3.4174435e-31
CASSGRDSPSDEQFF,GCQEICPAC,B*57:01,0,0,0,2.4063279e-29
CASSGRDSPSDEQFF,TRLALIAPK,A*68:01,0,0,0,3.90983e-32
CASSGRDSPSDEQFF,KLWASPLHV,B*27:09,0,0,0,3.2885694e-30
CASSGRDSPSDEQFF,HPVGEADYFEY,B*08:01,0,0,0,1.4447374e-30
CASSGSGASTDTQYF,KAFSPEVIPMF,A*30:02,0,0,0,8.4620365e-37
CASSGSGASTDTQYF,FEDLRVSSF,B*35:01,0,0,0,2.0447101e-37
CASSGSGASTDTQYF,GQMWLLAPR,B*35:08,0,0,0,2.8423438e-36
CASSGSGASTDTQYF,NLNCCSVPV,B*27:05,0,0,0,3.5797644e-34
CASSGSGASTDTQYF,TAFTIPSI,A*01:01,0,0,0,6.1357537e-37
CASSGSGASTDTQYF,SVYGDTLEK,A*24:02,0,0,0,3.0271004e-37
CASSGSGASTDTQYF,QSRGDENRGW,B*08:01,0,0,0,3.1359475e-33
CASSGSGASTDTQYF,FEDLRLLSF,B*27:05,0,0,0,3.3290964e-24
CASSGSGASTDTQYF,LLSIIFFPA,B*15:01,0,0,0,2.8670043e-24
CASSGSGGFTEAFF,GQFLTPNSH,B*27:09,0,0,0,4.863321e-24
CASSGSGGFTEAFF,EAAGIGILTV,B*15:01,0,0,0,5.96153e-24
CASSGSGGFTEAFF,NLVPMVATV,B*27:09,0,0,0,1.7175012e-23
CASSGSGGFTEAFF,KMVTVCPNT,B*08:01,0,0,0,1.4963364e-21
CASSGSSVETQYF,LRVMMLAPF,B*37:01,0,0,0,3.2328093e-22
CASSGSSVETQYF,THLMVLCCV,B*27:09,0,0,0,4.1997664e-21
CASSGSSVETQYF,ITDQVPFSV,A*68:01,0,0,0,4.7303543e-24
CASSGSSVETQYF,AEMEFCPCC,A*02:01,0,0,0,4.195891e-21
CASSGSSVETQYF,GQMWLLAPR,B*27:05,0,0,0,2.2434742e-22
CASSGVRATEAFF,TAFTIPSI,B*07:02,0,0,0,1.727876e-17
CASSGVRATEAFF,ALYGFVPVL,B*27:05,0,0,0,7.5974116e-18
CASSGVRATEAFF,RTMEVCYNT,B*35:01,0,0,0,2.1791967e-17
CASSGVRATEAFF,KAFSPEVIPMF,B*07:02,0,0,0,1.0912722e-17
CASSGVRATEAFF,RYRIGNYKL,B*37:01,0,0,0,3.462794e-17
CASSGVRATEAFF,IMDQVPFSV,A*03:01,0,0,0,6.624451e-20
CASSGVRATEAFF,ALSKGVHFV,B*38:01,0,0,0,1.617212e-18
CASSGVRATEAFF,ALSPVIPHI,A*02:01,0,0,0,6.862867e-21
CASSGVRATEAFF,SLLMWITQC,B*35:08,0,0,0,1.8793223e-18
CASSGVRATEAFF,HTMLCMCCK,B*35:01,0,0,0,8.918904e-19
CASSGVRATEAFF,VYGIRLEHF,A*02:01,0,0,0,1.3102908e-21
CASSHASGQGDSYEQYF,IMDQVPFSV,A*68:01,0,0,0,6.7794166e-22
CASSHASGQGDSYEQYF,SLLWMNPFV,B*08:01,0,0,0,2.6626104e-19
CASSHASGQGDSYEQYF,TTDPSFLGRY,A*01:01,0,0,0,4.957047e-24
CASSHASGQGDSYEQYF,CTELKLNDY,B*51:01,0,0,0,1.4781681e-24
CASSHASGQGDSYEQYF,CLGGLLTMV,A*11:01,0,0,0,1.0737059e-25
CASSHASGQGDSYEQYF,FEDLRVSSF,A*68:01,0,0,0,8.503612e-31
CASSHASGQGDSYEQYF,RLGPYLEFL,A*03:01,0,0,0,1.402779e-30
CASSHDAGASTGELFF,ILNVDIFTL,B*37:01,0,0,0,8.432558e-28
CASSHDAGASTGELFF,VMPFSIVYI,A*68:01,0,0,0,2.5575866e-30
CASSHDAGASTGELFF,FLYNPLTRV,A*11:01,0,0,0,5.9509693e-30
CASSHDAGASTGELFF,KMVTVCPNT,A*03:01,0,0,0,3.1651793e-31
CASSHDAGASTGELFF,SPRWYFYYL,A*01:01,0,0,0,1.140927e-20
CASSHDAGASTGELFF,VLFGLGFAI,A*01:01,0,0,0,2.3394958e-19
CASSHETGELFF,ELAGIGILTV,A*01:01,0,0,0,1.5702086e-18
CASSHETGELFF,RYPLTFGWCF,A*68:01,0,0,0,2.5961718e-20
CASSHETGELFF,ALYGFVPVL,B*38:01,0,0,0,1.4722517e-19
CASSHETGELFF,FLTVFSHFM,A*03:01,0,0,0,4.0473934e-19
CASSHETGELFF,NLFNRYPAL,A*03:01,0,0,0,7.113344e-20
CASSHETGELFF,LLSIIFFPA,B*38:01,0,0,0,9.827951e-34
CASSHGASYEQYVF,FEDLRLLSF,A*01:01,0,0,0,3.3699776e-35
CASSHGASYEQYVF,VVLSWAPPV,A*24:02,0,0,0,9.847616e-34
CASSHGASYEQYVF,NLNCCSVPV,A*01:01,0,0,0,6.5952506e-13
CASSHGASYEQYVF,MIISHLYLI,A*02:01,0,0,0,3.53942e-13
CASSHGASYEQYVF,SLLMPILTL,A*02:01,0,0,0,1.7891676e-12
CASSHGASYEQYVF,KRPIPIKYKAM,B*15:01,0,0,0,1.3685364e-11
CASSHGGGFAYEQYF,RLGPYLEFL,B*35:08,0,0,0,1.1876354e-12
CASSHGGGFAYEQYF,GKTELLAPF,A*24:02,0,0,0,2.1481018e-13
CASSHGGGFAYEQYF,LPRWYFYYL,A*02:01,0,0,0,1.3161424e-13
CASSHGTAYGYTF,DATYQRTRALVR,A*24:02,0,0,0,1.3404643e-12
CASSHGTAYGYTF,KMVTVCPNT,B*07:02,0,0,0,1.9362164e-12
CASSHGTAYGYTF,FEDLRVLSF,B*37:01,0,0,0,3.0459142e-13
CASSHGTAYGYTF,RYPLTFGW,A*02:01,0,0,0,1.6475988e-34
CASSHGTAYGYTF,RYPLTFGW,B*37:01,0,0,0,1.3164654e-33
CASSHGTAYGYTF,CTELKLSDY,B*15:01,0,0,0,7.083424e-35
CASSHGTAYGYTF,FLIYLDVSV,B*08:01,0,0,0,2.5526906e-32
CASSHGTAYGYTF,QKRPIPIKYKAM,B*37:01,0,0,0,4.570043e-32
CASSHGTAYGYTF,RLGPYLEFL,B*27:05,0,0,0,1.5467318e-33
CASSHGTETYEQYF,NMIHFAPNV,B*38:01,0,0,0,4.2831972e-24
CASSHGTETYEQYF,RPIPIKYKAM,B*35:01,0,0,0,2.9729254e-22
CASSHGTETYEQYF,ILNVDIFTL,A*30:02,0,0,0,5.281381e-24
CASSHGTETYEQYF,VLNYFKPYL,A*11:01,0,0,0,6.736461e-24
CASSHGTETYEQYF,GILGFVFTL,B*57:01,0,0,0,2.3040302e-22
CASSHGTETYEQYF,MMPFSIVYI,B*27:05,0,0,0,1.2006435e-22
CASSHGTETYEQYF,THLMVLCCV,B*35:01,0,0,0,1.0026543e-16
CASSHGTETYEQYF,ILNVDIFTL,B*51:01,0,0,0,2.0274591e-15
CASSHGTETYEQYF,CTELKLSDY,A*11:01,0,0,0,4.178435e-20
CASSHLAGGAGEQFF,RFPLTFGWCF,A*24:02,0,0,0,1.8845136e-17
CASSHLAGGAGEQFF,FTSDYYQLY,B*07:02,0,0,0,1.767023e-18
CASSHLAGGAGEQFF,SLAPLSPRV,A*03:01,0,0,0,2.0470789e-18
CASSHLAGGAGEQFF,CFVECAPVC,B*38:01,0,0,0,7.003497e-18
CASSHLAGGAGEQFF,LLSIIFFPA,A*03:01,0,0,0,2.2628791e-17
CASSHLLAAYNEQFF,EIQEFCPNT,B*38:01,0,0,0,3.8541847e-37
CASSHLLAAYNEQFF,FLYNPLTRV,A*24:02,0,0,0,5.401251e-37
CASSHLLAAYNEQFF,GKTELLAPF,B*57:01,0,0,0,3.942351e-36
CASSHLQGSEKLFF,SLAPLSPRA,A*30:02,0,0,0,4.7206405e-38
CASSHLQGSEKLFF,NMIHFAPNV,B*35:08,0,0,0,6.7391965e-36
CASSHLQGSEKLFF,RFPLTFGWCF,A*01:01,0,0,0,3.0550351e-37
CASSHLQGSEKLFF,RYPLTFGW,B*37:01,0,0,0,5.9021826e-37
CASSHLQGSEKLFF,LLFALYFSA,B*35:01,0,0,0,1.6694493e-36
CASSHLQGSEKLFF,LLAILTYYV,B*57:01,0,0,0,3.115592e-34
CASSHLQGSEKLFF,LIIPFIHLI,B*15:01,0,0,0,2.1849242e-24
CASSHRDSQETQYF,NMIHFAPNV,B*35:01,0,0,0,3.4577642e-25
CASSHRDSQETQYF,SLAPLSPRV,B*57:01,0,0,0,3.3371573e-24
CASSHRDSQETQYF,ITDQVPFSV,A*11:01,0,0,0,8.333068e-30
CASSHRDSQETQYF,RPRGEVRFL,A*24:02,0,0,0,3.7887393e-26
CASSHRDSQETQYF,KMVAVFYNT,A*01:01,0,0,0,4.418243e-27
CASSHRTSGRAEEQYF,KRPIPIKYKAM,B*27:05,0,0,0,7.015481e-24
CASSHRTSGRAEEQYF,LLFALYFSA,A*30:02,0,0,0,1.26643306e-26
CASSHRTSGRAEEQYF,RPIPIKYKAM,B*57:01,0,0,0,2.5580275e-36
CASSHSGYEQF,NLNCCSVPV,B*15:01,0,0,0,6.353749e-37
CASSHSGYEQF,ALSPVIPLI,B*35:01,0,0,0,1.1782265e-35
CASSHSGYEQF,SLLMWITQC,B*27:05,0,0,0,1.6102674e-34
CASSHSGYEQF,MTLHGFMMY,A*24:02,0,0,0,1.7571988e-37
CASSHSGYEQF,GQMWLLAPR,B*38:01,0,0,0,2.2043648e-38
CASSIAAGNTIYF,GQVMVVAPR,A*24:02,0,0,0,6.112692e-38
CASSIAAGNTIYF,CTELKLNDY,B*27:09,0,0,0,1.0566575e-38
CASSIAAGNTIYF,GQFLTPNSH,B*37:01,0,0,0,1.0554213e-37
CASSIAGGLYEQFF,YLQPRTFLL,A*24:02,0,0,0,6.365096e-39
CASSIAGGLYEQFF,VMHANYIFW,B*07:02,0,0,0,2.536803e-22
CASSIAGGLYEQFF,VLNYFEPYL,B*35:01,0,0,0,2.851073e-22
CASSIAGGLYEQFF,ALSKGVHFV,B*38:01,0,0,0,7.1639506e-25
CASSIAGGLYEQFF,VLNYFKPYL,B*27:05,0,0,0,2.3743767e-22
CASSIAGGLYEQFF,VYIGDPAQL,B*35:01,0,0,0,9.457875e-25
CASSIAGGLYEQFF,KTWGQYWQV,A*24:02,0,0,0,3.1528388e-24
CASSIAGGLYEQFF,MLNIPSINV,A*24:02,0,0,0,5.2756623e-24
CASSIAGGSLHEQYF,RPRGEVRFL,A*24:02,0,0,0,1.1016495e-24
CASSIAGGSLHEQYF,LLWNGPMAV,A*11:01,0,0,0,2.4931874e-24
CASSIAGGSLHEQYF,CFVECAPVC,A*24:02,0,0,0,2.6185942e-25
CASSIAGGSLHEQYF,GMGPLLATV,A*68:01,0,0,0,4.490049e-26
CASSIAGGSLHEQYF,KMVAVFYTT,B*35:08,0,0,0,2.3038445e-23
CASSIAGGSLHEQYF,SLAPLSPRA,A*01:01,0,0,0,1.7960734e-28
CASSIAGGSLHEQYF,IPSINVHHY,B*38:01,0,0,0,9.66045e-29
CASSIAGGSLHEQYF,ALSPVIPLI,A*68:01,0,0,0,8.0053734e-29
CASSIAGGSLHEQYF,MTLHGFMMY,A*30:02,0,0,0,1.9302896e-28
CASSIAGGSLHEQYF,KTWGQYWQV,A*11:01,0,0,0,4.870031e-28
CASSIAGGSLHEQYF,FEDLRLLSF,B*38:01,0,0,0,6.81359e-29
CASSIAPGNEQYF,KLLEIAPNC,B*51:01,0,0,0,9.6724485e-26
CASSIAPGNEQYF,RQLLFVVEV,B*07:02,0,0,0,1.4190297e-27
CASSIAVSLAKNIQYF,LLAGTLAVV,B*35:08,0,0,0,4.8753437e-22
CASSIAVSLAKNIQYF,YLQPRTFLL,B*35:01,0,0,0,1.8189574e-21
CASSIAVSLAKNIQYF,MTLHGFMMY,A*03:01,0,0,0,8.780248e-22
CASSIAVSLAKNIQYF,FMLYLLTLM,A*03:01,0,0,0,1.2760562e-23
CASSIAVSLAKNIQYF,AVGSYVYSV,A*02:01,0,0,0,1.3214646e-21
CASSIAVSLAKNIQYF,GQFLTPNSH,A*30:02,0,0,0,1.9982055e-22
CASSIAVSLAKNIQYF,FLRGRAYGL,B*57:01,0,0,0,4.3315626e-20
CASSIAVSLAKNIQYF,TSTLQEQIGW,A*68:01,0,0,0,4.1451526e-23
CASSIEGPTGELF,ILTGLNYEA,A*03:01,0,0,0,1.0689959e-21
CASSIEGPTGELF,VLNYFEPYL,A*01:01,0,0,0,7.039136e-21
CASSIEGPTGELF,ILNAMIAKI,B*27:09,0,0,0,3e-45
CASSIEGPTGELF,GKTELLAPF,A*03:01,0,0,0,0.0
CASSIEGPTGELF,KAFSPEVIPMF,B*35:01,0,0,0,3e-45
CASSIEGPTGELF,HTMLCMCCK,B*27:05,0,0,0,3.84e-43
CASSIFGQREQYF,IMDQVPFSV,A*02:01,0,0,0,0.0
CASSIFGQREQYF,KRPIPIKYKAM,B*27:05,0,0,0,1.64e-43
CASSIFGQREQYF,GQMWLLAPR,B*27:05,0,0,0,5.2986696e-26
CASSIFGQREQYF,HPVGEADYFEY,A*03:01,0,0,0,1.3648556e-26
CASSIFGQREQYF,RLGPYLEFL,A*30:02,0,0,0,3.4583323e-17
CASSIFGQREQYF,FEDLRVSSF,B*38:01,0,0,0,1.3701665e-18
CASSIFGQREQYF,VVLSWAPPV,A*02:01,0,0,0,2.248476e-16
CASSIFGQREQYF,RPIPIKYKAM,B*07:02,0,0,0,1.5239863e-15
CASSIFPNPGNTIYF,GQFLTPNSH,B*15:01,0,0,0,2.6282837e-16
CASSIFPNPGNTIYF,KTWGQYWQV,A*11:01,0,0,0,2.8287647e-16
CASSIFTRRGYEQYF,RLPGVLPRA,A*68:01,0,0,0,2.3638438e-18
CASSIFTRRGYEQYF,MTLHGFMMY,B*27:05,0,0,0,1.2923794e-15
CASSIFTRRGYEQYF,CFLLILPNC,A*11:01,0,0,0,2.7215177e-16
CASSIFTRRGYEQYF,HTMLCMCCK,B*57:01,0,0,0,7.704506e-15
CASSIFTRRGYEQYF,GQFLTPNSH,B*37:01,0,0,0,4.0526084e-15
CASSIFTRRGYEQYF,KLSALGINAV,B*08:01,0,0,0,5.3745897e-12
CASSIFTRRGYEQYF,RYPLTFGW,A*01:01,0,0,0,3.6884883e-17
CASSIFTRRGYEQYF,NDMLVCANI,B*07:02,0,0,0,2.6063494e-15
CASSIGDYEQYF,HTMLCMCCK,A*11:01,0,0,0,1.29881745e-14
CASSIGDYEQYF,KLWASPLHV,B*15:01,0,0,0,1.9328623e-12
CASSIGDYEQYF,RPIPIKYKAM,B*08:01,0,0,0,1.7569053e-13
CASSIGDYEQYF,VLFGLGFAI,A*30:02,0,0,0,6.800781e-16
CASSIGDYEQYF,LMFWASSSI,B*27:05,0,0,0,8.181061e-15
CASSIGDYEQYF,AEMEFCPCC,B*07:02,0,0,0,2.267776e-12
CASSIGDYEQYF,KTWGQYWQV,B*27:05,0,0,0,2.4043393e-12
CASSIGGYGYTF,MLNIPSINV,B*27:05,0,0,0,1.7481417e-12
CASSIGGYGYTF,SLLMWITQC,A*68:01,0,0,0,8.50807e-13
CASSIGGYGYTF,AEMEFCPCC,B*57:01,0,0,0,3.336783e-12
CASSIGGYGYTF,LLFALYFSA,A*01:01,0,0,0,4.1604928e-13
CASSIGGYGYTF,LLAGTLAGV,A*03:01,0,0,0,5.5190448e-14
CASSIGGYGYTF,RTMEVCYNT,B*07:02,0,0,0,1.1074329e-12
CASSIGGYGYTF,NLVPMVATV,B*27:09,0,0,0,2.4084583e-29
CASSIGGYGYTF,TRLALIAPK,A*24:02,0,0,0,3.2502207e-29
CASSIGGYGYTF,RLQSLQTYV,B*08:01,0,0,0,7.5556633e-29
CASSIGLGGTSEQFF,ALSPVIPHI,B*35:08,0,0,0,1.6079643e-28
CASSIGLGGTSEQFF,RFPLTFGWCF,B*38:01,0,0,0,1.8830855e-30
CASSIGLGGTSEQFF,VYFLQSINF,B*37:01,0,0,0,2.5650683e-32
CASSIGLGGTSEQFF,FLYNPLTRV,B*27:05,0,0,0,3.807073e-30
CASSIGLGGTSEQFF,NLVPMVATV,B*35:08,0,0,0,1.3657969e-28
CASSIGLGGTSEQFF,SLLMPILTL,B*27:05,0,0,0,2.0448364e-28
CASSIGLNQPQHF,LLFGMPPCL,B*27:09,0,0,0,8.519335e-29
CASSIGLNQPQHF,RTMEVCYNT,A*30:02,0,0,0,1.4790371e-31
CASSIGLNQPQHF,IMDQVPFSV,B*15:01,0,0,0,3.6769426e-31
CASSIGLNQPQHF,KTWGQYWQV,B*57:01,0,0,0,8.561634e-34
CASSIGLNQPQHF,NYNYLYRLF,A*03:01,0,0,0,1.7196655e-37
CASSIGQAYYEQYF,FLYNLLTRV,A*01:01,0,0,0,2.6381899e-37
CASSIGQAYYEQYF,KMVAVFYTT,B*07:02,0,0,0,5.4330206e-34
CASSIGQAYYEQYF,ILTGLNYEV,A*11:01,0,0,0,5.4673194e-36
CASSIGQAYYEQYF,VVMSWAPPV,B*07:02,0,0,0,2.6182638e-33
CASSIGQAYYEQYF,TTDPSFLGRY,A*02:01,0,0,0,4.2367233e-38
CASSIGQAYYEQYF,GKTELLAPF,A*30:02,0,0,0,3.2086536e-23
CASSIGQAYYEQYF,RYPLTFGWCF,A*02:01,0,0,0,1.6017912e-23
CASSIGRSEQFF,ITDQVPFSV,A*11:01,0,0,0,1.5506906e-25
CASSIGRSEQFF,ALYGSVPVL,B*08:01,0,0,0,2.7768898e-23
CASSIGSGMNSPLHF,LLFALYFSA,A*11:01,0,0,0,6.4968044e-24
CASSIGSGMNSPLHF,TAFTIPSI,B*07:02,0,0,0,3.3825573e-22
CASSIGSGMNSPLHF,LIIPFIHLI,B*51:01,0,0,0,1.9574284e-21
CASSIGSGMNSPLHF,LLWNGPMAV,A*11:01,0,0,0,1.1240474e-22
CASSIGSGMNSPLHF,QYIKWPWYI,A*24:02,0,0,0,1.6179085e-19
CASSIGSGMNSPLHF,FLYNLLTRV,B*08:01,0,0,0,2.4477403e-21
CASSIGTGGNYGYTF,VMHANYIFW,B*37:01,0,0,0,7.421361e-18
CASSIGTGGNYGYTF,SVYGDTLEK,A*11:01,0,0,0,4.831094e-23
CASSIGTGGNYGYTF,FTSDYYQLY,A*68:01,0,0,0,6.3916205e-23
CASSIGTGGNYGYTF,NMIHFAPNV,A*24:02,0,0,0,5.1146064e-20
CASSIGTGGNYGYTF,VMPFSIVYIV,B*27:09,0,0,0,2.2090675e-18
CASSIGTGGNYGYTF,RFPLTFGWCF,B*08:01,0,0,0,7.053951e-20
CASSIGVRAFF,ALSPVIPHI,A*30:02,0,0,0,1.2267698e-21
CASSIGVRAFF,FEDLRVLSF,B*35:08,0,0,0,2.1940978e-29
CASSIGVRAFF,SPRWYFYYL,B*35:01,0,0,0,2.0450773e-29
CASSIGVRAFF,LLFGMPPCL,B*57:01,0,0,0,2.560244e-28
CASSIGVRAFF,FEDLRVSSF,B*08:01,0,0,0,2.5505715e-30
CASSIGVRAFF,ALYGSVPVL,B*37:01,0,0,0,5.0338868e-29
CASSIIAGSSYNEQFF,DATYQRTRALVR,B*27:09,0,0,0,9.655039e-28
CASSIIAGSSYNEQFF,SPRWYFYYL,B*57:01,0,0,0,4.1733384e-27
CASSIIAGSSYNEQFF,LLWNGPMAV,B*15:01,0,0,0,1.0285948e-24
CASSIIAGSSYNEQFF,SLAPLSPRV,A*24:02,0,0,0,1.4569717e-26
CASSIIAGSSYNEQFF,KRPIPIKYKAM,B*51:01,0,0,0,8.7102495e-24
CASSIIAGSSYNEQFF,FLTVFSHFM,B*27:05,0,0,0,7.308348e-38
CASSIIAGSSYNEQFF,TTDPSFLGRY,A*68:01,0,0,0,1.3808e-41
CASSILGASNQPQHF,SLLMWITQA,B*15:01,0,0,0,7.449739e-37
CASSILGASNQPQHF,RQLLFVVEV,B*27:09,0,0,0,1.1611933e-38
CASSILGASNQPQHF,KLSALGINAV,B*27:09,0,0,0,8.114983e-37
CASSILGASNQPQHF,YVLDHLIVV,B*15:01,0,0,0,2.5793252e-17
CASSILGASNQPQHF,NMINFAPNI,A*02:01,0,0,0,9.521077e-18
CASSILGASNQPQHF,NMINFAPNI,A*68:01,0,0,0,4.0317854e-18
CASSILQGLGGSNQPQHF,QYIKWPWYI,B*37:01,0,0,0,5.564604e-17
CASSILQGLGGSNQPQHF,ILNAMITKI,B*15:01,0,0,0,2.6046771e-17
CASSILQGLGGSNQPQHF,LPRWYFYYL,B*38:01,0,0,0,1.9757356e-26
CASSILQGLGGSNQPQHF,FLIYLDVSV,B*07:02,0,0,0,5.104969e-23
CASSILQGLGGSNQPQHF,FLYNLLTRV,A*01:01,0,0,0,1.324838e-26
CASSILQGLGGSNQPQHF,KLWASPLHV,B*07:02,0,0,0,7.166578e-24
CASSILQGLGGSNQPQHF,FEDLRLLSF,B*27:05,0,0,0,4.2996448e-26
CASSILQGLGGSNQPQHF,VVMSWAPPV,B*27:05,0,0,0,6.571152e-25
CASSILQGLGGSNQPQHF,AVGSYVYSV,A*01:01,0,0,0,5.389341e-27
CASSILQGLGGSNQPQHF,ILNVDIFTL,A*03:01,0,0,0,2.8040651e-31
CASSILQGLGGSNQPQHF,CFLLILPNC,B*51:01,0,0,0,1.665213e-29
CASSILQGRSYEQYF,LPRWYFYYL,B*08:01,0,0,0,4.5906957e-32
CASSILQGRSYEQYF,RLVPYLEFL,B*38:01,0,0,0,2.3715584e-32
CASSILQGRSYEQYF,SLAPLSPRV,B*37:01,0,0,0,1.5992952e-29
CASSILQGRSYEQYF,KLWASPLHV,B*51:01,0,0,0,1.9806602e-29
CASSILQGRSYEQYF,KRPIPIKYKAM,B*27:05,0,0,0,1.2633526e-29
CASSINRASEAFF,SPRWYFYYL,B*27:09,0,0,0,1.9716637e-32
CASSINRASEAFF,NLVPMVATV,B*57:01,0,0,0,1.3404214e-30
CASSINRASEAFF,KTWGQYWQV,B*07:02,0,0,0,1.3502853e-30
CASSINRASEAFF,KLWASPLHV,B*27:09,0,0,0,3.259838e-25
CASSINRASEAFF,HTMLCMCCK,B*27:05,0,0,0,6.2357723e-24
CASSINRASEAFF,YHSIEWAI,B*27:05,0,0,0,4.2553808e-24
CASSIPAGGAYGYTF,QKRPIPIKYKAM,B*15:01,0,0,0,4.4469085e-25
CASSIPAGGAYGYTF,VVLSWAPPV,B*07:02,0,0,0,4.851314e-24
CASSIPAGGAYGYTF,LMFWASSSI,B*37:01,0,0,0,5.0431996e-25
CASSIPAGGAYGYTF,KTWGQYWQV,B*57:01,0,0,0,5.3765975e-24
CASSIPAGGAYGYTF,LRVMMLAPF,A*30:02,0,0,0,1.6816203e-27
CASSIPDGTQYF,KLSALGINAV,B*38:01,0,0,0,1.2142763e-24
CASSIPDGTQYF,ILNAMITKI,B*37:01,0,0,0,6.6309275e-26
CASSIPDGTQYF,RYPLTFGWCF,B*27:05,0,0,0,9.15326e-25
CASSIPDGTQYF,VLFHRAFLV,A*24:02,0,0,0,3.2153745e-34
CASSIPDGTQYF,IMDQVPFSV,B*51:01,0,0,0,1.5695559e-33
CASSIPSRTTNYGYTF,YLEPGPVTA,B*35:01,0,0,0,9.265884e-34
CASSIPSRTTNYGYTF,RPIPIKYKAM,B*37:01,0,0,0,8.4060725e-33
CASSIPSRTTNYGYTF,RLGPYLEFL,B*27:09,0,0,0,8.712065e-34
CASSIPSRTTNYGYTF,TAFTIPSI,A*01:01,0,0,0,3.8852215e-33
CASSIPSRTTNYGYTF,TTDPSFLGRY,B*07:02,0,0,0,4.2224506e-35
CASSIPSRTTNYGYTF,NDMLVCANI,B*08:01,0,0,0,7.629795e-33
CASSIPSRTTNYGYTF,ELAGIGILTV,B*08:01,0,0,0,8.0807455e-32
CASSIPSRTTNYGYTF,SPRWYFYYL,B*38:01,0,0,0,8.8193645e-35
CASSIPSRTTNYGYTF,FLIYLDVSV,A*30:02,0,0,0,1.1143461e-32
CASSIQGNSNQPQHF,NMIHFAPNV,B*27:09,0,0,0,5.341088e-32
CASSIQGNSNQPQHF,VYFLQSINF,B*15:01,0,0,0,2.4374e-41
CASSIQGRGDTEAFF,VLNYFEPYL,A*24:02,0,0,0,2.4912113e-38
CASSIQGRGDTEAFF,GILGFVFTL,A*03:01,0,0,0,9.08435e-40
CASSIQGRGDTEAFF,RTMEVCYNT,A*24:02,0,0,0,1.77905e-39
CASSIQGRGDTEAFF,ILTGLNYEV,B*35:01,0,0,0,8.9881184e-38
CASSIRSSTEAF,KAFSPEVIPMF,B*38:01,0,0,0,2.2206583e-34
CASSIRSSTEAF,GQMWLLAPR,B*51:01,0,0,0,2.4131703e-34
CASSIRSSTEAF,MIISHLYLI,A*30:02,0,0,0,2.4368912e-32
CASSIRVSGANVLTF,LLSIISFPA,B*51:01,0,0,0,2.4470448e-32
CASSIRVSGANVLTF,VYIGDPAQL,A*03:01,0,0,0,1.296513e-29
CASSIRVSGANVLTF,ITDQVPFSV,A*03:01,0,0,0,7.652539e-31
CASSIRVSGANVLTF,VSDGGPNLY,A*01:01,0,0,0,1.6941687e-28
CASSIRVSGANVLTF,KMVTVCPNT,A*68:01,0,0,0,4.383182e-39
CASSIRVSGANVLTF,DATYQRTRALVR,A*11:01,0,0,0,7.051249e-38
CASSISGGSYEQYF,FEDLRVSSF,B*37:01,0,0,0,4.4241554e-38
CASSISGGSYEQYF,KMVAVFYNT,B*27:05,0,0,0,3.7653787e-36
CASSISGGSYEQYF,KTWGQYWQV,A*24:02,0,0,0,2.3844425e-22
CASSISGGSYEQYF,YLEPGPVTA,B*35:08,0,0,0,2.6982004e-21
CASSISGGSYEQYF,ILNAMIAKI,B*35:01,0,0,0,3.4867525e-21
CASSISPSGFNGYTF,FLYNLLTRV,B*27:05,0,0,0,3.1069235e-22
CASSISPSGFNGYTF,FMLYLLTLM,B*35:08,0,0,0,3.201956e-21
CASSISPSGFNGYTF,ILNAMIAKI,B*51:01,0,0,0,6.5522883e-22
CASSISPSGFNGYTF,LLAGTLAVV,A*68:01,0,0,0,1.9216922e-22
CASSISPSGFNGYTF,RYPLTFGW,B*38:01,0,0,0,3.916866e-22
CASSISPSGFNGYTF,LLFGMTPCL,B*35:01,0,0,0,1.4226763e-21
CASSISPSGFNGYTF,IPSINVHHY,B*51:01,0,0,0,9.365656e-22
CASSISPSGFNGYTF,VLFHRAFLV,A*24:02,0,0,0,2.479986e-22
CASSISPSGFNGYTF,VLFGLGFAI,A*02:01,0,0,0,7.791966e-22
CASSISPSSYEQYF,ALSPVIPHI,B*15:01,0,0,0,1.4799477e-21
CASSISPSSYEQYF,GKTELLAPF,A*11:01,0,0,0,2.0668483e-22
CASSISPSSYEQYF,VYIGDPAQL,B*08:01,0,0,0,2.7208345e-22
CASSISPSSYEQYF,CLGGLLTMV,B*27:09,0,0,0,6.020007e-25
CASSISPSSYEQYF,IVCPICSQK,B*37:01,0,0,0,6.1603497e-24
CASSISPSSYEQYF,NMINFAPNI,B*51:01,0,0,0,1.0699939e-24
CASSISPSSYEQYF,VMPFSIVYI,A*11:01,0,0,0,1.2594617e-26
CASSISPSSYEQYF,TTDPSFLGRY,A*30:02,0,0,0,1.924603e-31
CASSISSGRTYEQYF,EAAGIGILTV,A*02:01,0,0,0,8.6974244e-26
CASSISSGRTYEQYF,LLAGTLAGV,A*24:02,0,0,0,4.745767e-26
CASSISSGRTYEQYF,CTELKLSDY,B*35:01,0,0,0,8.366812e-27
CASSISSGRTYEQYF,RLGPYLEFL,B*35:01,0,0,0,1.8294964e-25
CASSISSGRTYEQYF,VVLSWAPPV,B*51:01,0,0,0,8.079671e-31
CASSISSGRTYEQYF,RQLLFVVEV,B*07:02,0,0,0,7.3723167e-34
CASSISSGRTYEQYF,VLNYFEPYL,B*15:01,0,0,0,1.4643124e-30
CASSISSGRTYEQYF,LLFGMPPCL,B*38:01,0,0,0,1.2621403e-34
CASSISSGVAYEQYF,RLQSLQTYV,B*35:08,0,0,0,4.0608854e-31
CASSISSGVAYEQYF,KAFSPEVIPMF,B*35:01,0,0,0,1.0287914e-31
CASSISSTGELF,SLLMPILTL,B*37:01,0,0,0,8.497969e-31
CASSISSTGELF,ILTGLNYEV,B*37:01,0,0,0,2.3096704e-30
CASSISSTGELF,RTMEVCYNT,B*08:01,0,0,0,4.193259e-32
CASSISSTGELF,KMVAVFYNT,B*38:01,0,0,0,5.3021114e-32
CASSISSTGELF,ILTGLNYEV,B*15:01,0,0,0,1.1370799e-23
CASSISSTGELF,LLSIISFPA,B*15:01,0,0,0,5.176168e-24
CASSISSTGELF,LLAGTLAVV,B*27:09,0,0,0,5.909383e-25
CASSISTSGYEQFF,YHSIEWAI,B*38:01,0,0,0,2.1957289e-23
CASSISTSGYEQFF,NMIHFAPNV,B*15:01,0,0,0,2.3046254e-24
CASSISTSGYEQFF,KLSALGINAV,B*51:01,0,0,0,1.7314348e-22
CASSISTSGYEQFF,RYPLTFGWCF,B*38:01,0,0,0,1.2426358e-24
CASSISTSGYEQFF,RLQSLQTYV,A*68:01,0,0,0,5.0507248e-26
CASSISTSGYEQFF,RYRIGNYKL,B*37:01,0,0,0,2.8596438e-23
CASSISTSGYEQFF,FLTVFSHFM,A*11:01,0,0,0,1.9398814e-25
CASSITWMNTEAFF,YVLTWIVGA,A*01:01,0,0,0,2.3653362e-22
CASSITWMNTEAFF,LPRWYFYYL,A*30:02,0,0,0,2.888614e-28
CASSITWMNTEAFF,LLAMTVPNV,B*07:02,0,0,0,2.2699842e-26
CASSITWMNTEAFF,MTLHGFMMY,B*07:02,0,0,0,3.7108408e-26
CASSITWMNTEAFF,SVYGDTLEK,A*68:01,0,0,0,3.8347832e-29
CASSITWMNTEAFF,QSRGDENRGW,B*35:08,0,0,0,9.898014e-25
CASSIVDGYEQYF,QYDPVAALF,A*01:01,0,0,0,1.128904e-28
CASSIVDGYEQYF,ALSPVIPHI,B*35:08,0,0,0,7.254591e-18
CASSIVDGYEQYF,NLFNRYPAL,B*08:01,0,0,0,3.6910904e-18
CASSIVDGYEQYF,KAFSPEVIPMF,A*30:02,0,0,0,1.2520746e-19
CASSIVDGYEQYF,KVKEVCPNV,B*51:01,0,0,0,1.3608736e-18
CASSIVDGYEQYF,NLNCCSVPV,A*11:01,0,0,0,8.5823944e-20
CASSIVDGYEQYF,KVKEVCPNV,B*08:01,0,0,0,7.2822313e-19
CASSIVDGYEQYF,MMPFSIVYI,B*38:01,0,0,0,8.92653e-19
CASSIVDGYEQYF,ALSPVIPLI,B*37:01,0,0,0,3.5232157e-27
CASSIVGQGYEQYF,LLFALYFSA,B*27:09,0,0,0,5.5128714e-28
CASSIVGQGYEQYF,RLGPYLEFL,B*07:02,0,0,0,4.2294457e-28
CASSIVGQGYEQYF,NLFNRYPAL,B*57:01,0,0,0,2.296523e-26
CASSIVGQGYEQYF,GQMWLLAPR,B*51:01,0,0,0,7.3136564e-28
CASSIVKLAGGTYEQYF,QYDPVAALF,B*57:01,0,0,0,1.631418e-28
CASSIVKLAGGTYEQYF,LLFALHFSA,A*01:01,0,0,0,1.9215554e-27
CASSIVKLAGGTYEQYF,LLAGTLAGV,A*68:01,0,0,0,3.1505105e-29
CASSIVKLAGGTYEQYF,YVLTWIVGA,B*27:09,0,0,0,5.7776907e-25
CASSIVQRTNTEAFF,ALSPVIPHI,A*11:01,0,0,0,6.111112e-29
CASSIVQRTNTEAFF,VYFLQSINF,B*38:01,0,0,0,9.37673e-31
CASSIVQRTNTEAFF,NMINFAPNI,A*01:01,0,0,0,4.6507558e-29
CASSIVSSSYNEQFF,CFVECAPVC,B*38:01,0,0,0,1.3739278e-28
CASSIVSSSYNEQFF,QYDPVAALF,B*37:01,0,0,0,5.2335513e-23
CASSIVSSSYNEQFF,VYGIRLEHF,A*03:01,0,0,0,2.6851764e-24
CASSIVSSSYNEQFF,LLFGYPVYV,A*11:01,0,0,0,1.0788021e-23
CASSIVSSSYNEQFF,YVLDHLIVV,A*01:01,0,0,0,1.2089254e-22
CASSIVSSSYNEQFF,VLFGLGFAI,B*27:09,0,0,0,5.560667e-21
CASSIVSSSYNEQFF,QYDPVAALF,A*11:01,0,0,0,1.899186e-24
CASSIVSSSYNEQFF,DATYQRTRALVR,B*27:09,0,0,0,8.4588136e-21
CASSIYGAGYTEAFF,VLFGLGFAI,B*37:01,0,0,0,8.603893e-21
CASSIYGAGYTEAFF,FEDLRLLSF,A*30:02,0,0,0,2.779636e-22
CASSIYGAGYTEAFF,GQFLTPNSH,B*08:01,0,0,0,1.2645525e-30
CASSIYGAGYTEAFF,NMIHFAPNV,B*38:01,0,0,0,9.8004073e-32
CASSIYGAGYTEAFF,NDMLVCANI,B*27:05,0,0,0,3.161728e-31
CASSIYGAGYTEAFF,IPSINVHHY,A*30:02,0,0,0,1.5446748e-32
CASSIYGAGYTEAFF,QKRPIPIKYKAM,A*01:01,0,0,0,1.3440567e-30
CASSIYGAGYTEAFF,KMVTVCPNT,A*30:02,0,0,0,4.2610954e-33
CASSIYGAGYTEAFF,SLLWMNPFV,B*07:02,0,0,0,7.756969e-30
CASSIYRRRQGALAGPDTQYF,FMLYLLTLM,B*27:05,0,0,0,1.8881638e-30
CASSIYRRRQGALAGPDTQYF,CFVECAPVC,B*15:01,0,0,0,6.7444053e-32
CASSIYRRRQGALAGPDTQYF,IMDQVPFSV,B*27:05,0,0,0,4.5457707e-32
CASSIYRRRQGALAGPDTQYF,VSDGGPNLY,A*01:01,0,0,0,3.0271028e-28
CASSIYRRRQGALAGPDTQYF,LLAGTLAVV,A*02:01,0,0,0,4.601661e-29
CASSIYRRRQGALAGPDTQYF,ALYGFVPVL,A*02:01,0,0,0,1.390484e-28
CASSIYRRRQGALAGPDTQYF,VMHANYIFW,B*35:08,0,0,0,4.244662e-25
CASSIYSVNEQF,SVYGDTLEK,B*37:01,0,0,0,2.0233343e-29
CASSIYSVNEQF,LLFGYPVYV,A*11:01,0,0,0,2.6878839e-30
CASSIYSVNEQF,ILNVDVFTL,B*35:08,0,0,0,2.1971428e-25
CASSIYSVNEQF,NLVPMVATV,B*07:02,0,0,0,3.689722e-27
CASSIYSVNEQF,ALSKGVHFV,B*51:01,0,0,0,1.7677927e-17
CASSIYSVNEQF,ALSPVIPHI,A*01:01,0,0,0,8.256292e-18
CASSKDRNQPQHF,LLSIIFFPA,B*08:01,0,0,0,2.9655705e-17
CASSKDRNQPQHF,TTDPSFLGRY,A*24:02,0,0,0,2.2977415e-18
CASSKDRNQPQHF,EIQEFCPNT,B*15:01,0,0,0,3.209984e-18
CASSKDRNQPQHF,RPRGEVRFL,A*11:01,0,0,0,7.578915e-18
CASSKDRNQPQHF,RPRGEVRFL,B*37:01,0,0,0,1.5814084e-17
CASSKRNEQFF,QYIKWPWYI,A*68:01,0,0,0,1.2978075e-17
CASSKRNEQFF,RYPLTFGW,A*11:01,0,0,0,7.382171e-18
CASSKRNEQFF,ILTGLNYEA,A*02:01,0,0,0,9.639263e-18
CASSKRNEQFF,ILNAMIAKI,B*37:01,0,0,0,2.7290874e-15
CASSKTSGSPYNEQF,RFPLTFGWCF,A*02:01,0,0,0,1.6294254e-16
CASSKTSGSPYNEQF,ALSKGVHFV,A*01:01,0,0,0,2.2899996e-16
CASSKTSGSPYNEQF,FMLYLLTLM,A*68:01,0,0,0,4.311838e-16
CASSKTSGSPYNEQF,SLLMWITQC,B*37:01,0,0,0,6.663425e-14
CASSKTSGSPYNEQF,FEDLRVSSF,B*27:05,0,0,0,3.4329528e-16
CASSKTSGSPYNEQF,ILNVDVFTL,B*15:01,0,0,0,3.0925793e-15
CASSKTSGSPYNEQF,LLFALYFSA,B*35:08,0,0,0,8.6018483e-16
CASSKTSGSPYNEQF,SPRWYFYYL,B*15:01,0,0,0,5.34e-43
CASSKTSGSPYNEQF,ALSPVIPHI,B*35:01,0,0,0,5.901367e-39
CASSLAAQGQRVTGELFF,VLFGLGFAI,A*24:02,0,0,0,3.6761e-40
CASSLAAQGQRVTGELFF,NLFNRYPAL,B*35:01,0,0,0,1.0389193e-38
CASSLAAQGQRVTGELFF,ALSPVIPLI,B*27:05,0,0,0,1.236483e-39
CASSLAAQGQRVTGELFF,VVLSWAPPV,B*35:01,0,0,0,5.108359e-38
CASSLAAQGQRVTGELFF,ILNVDIFTL,A*03:01,0,0,0,1.1415756e-35
CASSLAAQGQRVTGELFF,MLNIPSINV,B*07:02,0,0,0,8.4041395e-35
CASSLADLYSYEQYF,RTMEVCYNT,A*11:01,0,0,0,5.915301e-37
CASSLADLYSYEQYF,IVCPICSQK,B*35:08,0,0,0,1.4737463e-34
CASSLADLYSYEQYF,FEDLRVLSF,B*08:01,0,0,0,2.195883e-35
CASSLADLYSYEQYF,NMIHFAPNV,A*03:01,0,0,0,2.1915476e-13
CASSLADLYSYEQYF,SLAPLSPRV,A*03:01,0,0,0,2.4849407e-13
CASSLAGDRGRNSPLHF,SLLWMNPFV,B*51:01,0,0,0,9.14795e-11
CASSLAGDRGRNSPLHF,FEDLRLLSF,B*38:01,0,0,0,3.7896677e-13
CASSLAGDRGRNSPLHF,KMVAVFYTT,B*35:08,0,0,0,4.2747375e-11
CASSLAGDRGRNSPLHF,SLAPLSPRV,A*24:02,0,0,0,5.7674195e-36
CASSLAGESSYNEQFF,VSDGGPNLY,B*35:01,0,0,0,1.1438734e-34
CASSLAGESSYNEQFF,VMHANYIFW,B*27:05,0,0,0,3.8677133e-33
CASSLAGESSYNEQFF,VLNYFEPYL,B*57:01,0,0,0,4.715415e-33
CASSLAGESSYNEQFF,SLLMWITQC,A*68:01,0,0,0,2.7168544e-35
CASSLAGESSYNEQFF,TAFTIPSI,B*37:01,0,0,0,6.527647e-35
CASSLAGESSYNEQFF,CFLLILPNC,B*51:01,0,0,0,2.819259e-34
CASSLAGGGEQYF,QSRGDENRGW,B*38:01,0,0,0,3.3943465e-29
CASSLAGGGEQYF,SLAPLSPRV,A*01:01,0,0,0,7.048266e-30
CASSLAGGGEQYF,IPSINVHHY,B*15:01,0,0,0,3.176563e-30
CASSLAGGGEQYF,LIIPFIHLI,B*57:01,0,0,0,3.1733692e-28
CASSLAGGGEQYF,SLLWMNPFV,B*35:01,0,0,0,1.2384216e-28
CASSLAGGGEQYF,FTSDYYQLY,B*38:01,0,0,0,3.873049e-30
CASSLAGGPLHEQFF,VLFGLGFAI,A*30:02,0,0,0,2.7306704e-30
CASSLAGGPLHEQFF,RYPLTFGW,B*57:01,0,0,0,9.581245e-15
CASSLAGGPLHEQFF,VMHANYIFW,B*15:01,0,0,0,6.689786e-14
CASSLAGGPLHEQFF,YLEPGPVTA,B*35:08,0,0,0,1.7728737e-14
CASSLAGGPLHEQFF,LLSIIFFPA,B*51:01,0,0,0,1.1671812e-13
CASSLAGGSEQFF,NDMLVCANI,B*35:01,0,0,0,9.827484e-15
CASSLAGGSEQFF,FEDLRVLSF,A*30:02,0,0,0,4.951964e-16
CASSLAGGSEQFF,KLSALGINAV,B*27:05,0,0,0,2.1410255e-13
CASSLAGGSEQFF,EIQEFCPNT,A*03:01,0,0,0,4.792199e-31
CASSLAGGSEQFF,SLAPLSPRV,B*07:02,0,0,0,9.598149e-22
CASSLAGGTGETQYF,ALSPVIPHI,A*11:01,0,0,0,1.4510907e-28
CASSLAGGTGETQYF,RLGPYLEFL,A*68:01,0,0,0,1.1206819e-30
CASSLAGGTGETQYF,RLQSLQTYV,A*30:02,0,0,0,4.9238612e-23
CASSLAGGTGETQYF,ILNVDVFTL,B*57:01,0,0,0,9.702619e-23
CASSLAGGTGETQYF,NDMLVCANI,A*02:01,0,0,0,3.1677056e-30
CASSLAGGTGETQYF,LLAGTLAVV,A*02:01,0,0,0,1.4379711e-27
CASSLAGGTGETQYF,VVLSWAPPV,A*11:01,0,0,0,2.6761184e-30
CASSLAGQGANEKLF,CFLLILPNC,A*24:02,0,0,0,4.4290746e-28
CASSLAGQGANEKLF,NLVPMVATV,B*35:01,0,0,0,8.729021e-29
CASSLAGQGANEKLF,SLAPLSPRV,A*03:01,0,0,0,2.9959542e-31
CASSLAGQGANEKLF,VLNYFKPYL,B*27:05,0,0,0,3.4423905e-26
CASSLAGQGANEKLF,LPRWYFYYL,B*35:08,0,0,0,1.8742565e-30
CASSLAGSTGELFF,VLNYFEPYL,B*27:09,0,0,0,3.280781e-19
CASSLAGSTGELFF,FEDLRVSSF,B*27:05,0,0,0,2.9135486e-27
CASSLAGSTGELFF,VMPFSIVYI,B*37:01,0,0,0,1.5742101e-24
CASSLAGSTGELFF,CTELKLSDY,A*02:01,0,0,0,2.3139986e-24
CASSLAGSTGELFF,CFLLILPNC,B*27:09,0,0,0,6.4659054e-22
CASSLAGSTGELFF,HPVGEADYFEY,B*27:09,0,0,0,3.5208665e-26
CASSLAGSTGELFF,FTSDYYQLY,A*01:01,0,0,0,1.2774423e-26
CASSLAGTSPPFF,LLAGTLAGV,B*38:01,0,0,0,1.0212367e-24
CASSLAGTSPPFF,LLSIIFFPA,B*27:09,0,0,0,1.361037e-22
CASSLAGTSPPFF,AEMEFCPCC,A*30:02,0,0,0,4.9294407e-24
CASSLAGTSPPFF,GQMWLLAPR,A*03:01,0,0,0,1.06348195e-26
CASSLAGTSPPFF,ILNVDVFTL,A*24:02,0,0,0,3.1592468e-22
CASSLAGTSPPFF,RYPLTFGW,B*27:05,0,0,0,7.842713e-24
CASSLAGTSPPFF,FLIYLDVSV,B*08:01,0,0,0,6.863152e-22
CASSLAGTTVYNEQFF,KMVAVFYNT,A*30:02,0,0,0,7.412649e-25
CASSLAGTTVYNEQFF,GCQEICPAC,B*51:01,0,0,0,8.6753126e-36
CASSLAGTTVYNEQFF,HPVGEADYFEY,B*27:05,0,0,0,2.107186e-39
CASSLAGTTVYNEQFF,FEDLRVSSF,B*27:09,0,0,0,1.078605e-39
CASSLAGTTVYNEQFF,VAANIVLTV,B*38:01,0,0,0,2.1828093e-38
CASSLAGTTVYNEQFF,IPSINVHHY,A*24:02,0,0,0,4.2837778e-35
CASSLAGVEQYF,YHSIEWAI,B*35:01,0,0,0,3.7113672e-32
CASSLAGVEQYF,LLFGMPPCL,B*57:01,0,0,0,4.633797e-34
CASSLAGVEQYF,LLFGMTPCL,B*57:01,0,0,0,3.83618e-33
CASSLAGVEQYF,ALSKGVHFV,B*27:09,0,0,0,2.0265194e-34
CASSLAGVEQYF,RYPLTFGWCF,A*68:01,0,0,0,1.0933658e-36
CASSLAGVEQYF,RPRGEVRFL,A*03:01,0,0,0,3.356927e-36
CASSLAGVEQYF,NMIHFAPNV,B*35:01,0,0,0,1.1488023e-33
CASSLAGVEQYF,NDMLVCANI,B*27:05,0,0,0,1.9817143e-33
CASSLAKMDLPLAKNIQYF,YVLDHLIVV,A*03:01,0,0,0,4.838057e-34
CASSLAKMDLPLAKNIQYF,FTSDYYQLY,B*35:08,0,0,0,1.0775379e-33
CASSLALDEQFF,KLVALGINAV,B*15:01,0,0,0,2.373821e-32
CASSLALDEQFF,ALYGFVPVL,B*27:05,0,0,0,4.8610916e-33
CASSLALDEQFF,KTFPPTEPK,B*08:01,0,0,0,3.818976e-35
CASSLALDEQFF,HTMLCMCCK,A*11:01,0,0,0,7.829644e-33
CASSLALDEQFF,THLMVLCCV,A*11:01,0,0,0,4.3119346e-32
CASSLALDEQFF,VLNYFKPYL,B*08:01,0,0,0,2.040037e-28
CASSLALDEQFF,LVLEVDPNI,A*01:01,0,0,0,3.5135721e-31
CASSLAPGSYEQYF,VVLSWAPPV,B*57:01,0,0,0,2.25765e-28
CASSLAPGSYEQYF,THLMVLCCV,B*27:09,0,0,0,1.5115441e-30
CASSLAPGSYEQYF,KLVALGINAV,A*24:02,0,0,0,2.1700655e-30
CASSLAPGSYEQYF,ITDQVPFSV,A*24:02,0,0,0,1.869356e-32
CASSLAPGSYEQYF,CFVECAPVC,B*35:01,0,0,0,2.1195858e-30
CASSLAPGSYEQYF,KLVALGINAV,B*37:01,0,0,0,3.0872782e-28
CASSLAQGKAFF,NMIHFAPNV,B*27:09,0,0,0,1e-45
CASSLAQGKAFF,LLAILTYYV,B*51:01,0,0,0,7.7e-44
CASSLAQGKAFF,YLEPGPVTA,B*51:01,0,0,0,3e-45
CASSLAQGKAFF,LLAILTYYV,B*38:01,0,0,0,1e-45
CASSLAQGKAFF,MIISHLYLI,A*30:02,0,0,0,0.0
CASSLAQGSYEQYF,VVMSWAPPV,A*02:01,0,0,0,0.0
CASSLAQGSYEQYF,RLVPYLEFL,A*02:01,0,0,0,0.0
CASSLAQGSYEQYF,LLFGMPPCL,B*27:05,0,0,0,1e-45
CASSLAQGSYEQYF,THLMVLCCV,B*35:08,0,0,0,1e-45
CASSLASGGALYNEQF,LLFGMPPCL,A*68:01,0,0,0,0.0
CASSLASGGALYNEQF,RLGPYLEFL,A*11:01,0,0,0,0.0
CASSLASGGALYNEQF,ILNVDIFTL,A*30:02,0,0,0,0.0
CASSLASGGALYNEQF,FTSDYYQLY,A*30:02,0,0,0,0.0
CASSLASGGALYNEQF,QYIKWPWYI,B*08:01,0,0,0,6e-45
CASSLASGRATELF,LLSIISFPA,B*27:09,0,0,0,1.314825e-32
CASSLASGRATELF,KLLEIAPNC,A*30:02,0,0,0,2.3925568e-33
CASSLASGRATELF,SLLMWITQC,B*07:02,0,0,0,7.5253626e-32
CASSLASGYEQYF,ILNVDVFTL,A*01:01,0,0,0,1.5498098e-32
CASSLASGYEQYF,THLMVLCCV,B*35:01,0,0,0,4.6428052e-33
CASSLASGYEQYF,RTMEVCYNT,B*35:01,0,0,0,2.544067e-33
CASSLASGYEQYF,GILGFVFTL,A*01:01,0,0,0,1.8050933e-34
CASSLASGYEQYF,EIQEFCPNT,A*30:02,0,0,0,3.864907e-35
CASSLASGYEQYF,CFVECAPVC,B*57:01,0,0,0,1.6836692e-33
CASSLASGYEQYF,VYIGDPAQL,A*02:01,0,0,0,1.2398495e-35
CASSLASGYEQYF,THLMVLCCV,A*24:02,0,0,0,1.292595e-32
CASSLASWGNEKLF,MLYQHLLPL,A*30:02,0,0,0,1.0618689e-33
CASSLASWGNEKLF,RPRGEVRFL,A*68:01,0,0,0,5.5234643e-34
CASSLASWGNEKLF,YVLDHLIVV,B*51:01,0,0,0,5.330933e-31
CASSLASWGNEKLF,LIIPFIHLI,A*01:01,0,0,0,1.1600153e-31
CASSLASWGNEKLF,AVGSYVYSV,A*03:01,0,0,0,6.0355206e-35
CASSLASWGNEKLF,LLAMTVPNV,B*57:01,0,0,0,2.5184896e-32
CASSLASWGNEKLF,VLNYFEPYL,A*01:01,0,0,0,8.619055e-32
CASSLASWGNEKLF,LPRWYFYYL,B*08:01,0,0,0,7.995983e-34
CASSLATEQFF,VYGIRLEHF,A*68:01,0,0,0,2.3618854e-35
CASSLATEQFF,MTLHGFMMY,A*11:01,0,0,0,6.7360006e-31
CASSLATEQFF,CFVECAPVC,B*51:01,0,0,0,2.0075206e-28
CASSLATEQFF,QYDPVAALF,B*35:08,0,0,0,1.0896301e-30
CASSLATEQFF,LLFGMPPCL,A*68:01,0,0,0,6.3532837e-31
CASSLATEQFF,LLSIISFPA,A*02:01,0,0,0,1.6035051e-28
CASSLAVGETRNSPLHF,NLNCCSVPV,A*24:02,0,0,0,4.101505e-30
CASSLAVGETRNSPLHF,AEMEFCPCC,A*30:02,0,0,0,6.5315525e-29
CASSLAVGETRNSPLHF,NMIHFAPNV,A*24:02,0,0,0,3.2920727e-29
CASSLAVGQPGEEEQYF,NLFNRYPAL,A*24:02,0,0,0,5.4991114e-29
CASSLAVGQPGEEEQYF,RLVPYLEFL,A*30:02,0,0,0,1.1610438e-21
CASSLAVGQPGEEEQYF,ILNVDVFTL,A*30:02,0,0,0,8.2657024e-21
CASSLAVGQPGEEEQYF,KTFPPTEPK,A*11:01,0,0,0,1.2720806e-23
CASSLAVGQPGEEEQYF,HPVGEADYFEY,A*30:02,0,0,0,5.4210283e-21
CASSLAVGQPGEEEQYF,FEDLRLLSF,A*68:01,0,0,0,1.3183572e-22
CASSLAVGQPGEEEQYF,VAANIVLTV,A*02:01,0,0,0,3.1866392e-21
CASSLAVGQPGEEEQYF,AVGSYVYSV,B*37:01,0,0,0,9.0445806e-26
CASSLAVHNEQFF,ILTGLNYEA,B*27:09,0,0,0,5.1572302e-23
CASSLAVHNEQFF,ALSKGVHFV,B*37:01,0,0,0,4.003861e-25
CASSLAVHNEQFF,QSRGDENRGW,A*01:01,0,0,0,7.892624e-24
CASSLAVHNEQFF,ILNAMITKI,B*27:05,0,0,0,2.738902e-22
CASSLAVHNEQFF,QYDPVAALF,B*38:01,0,0,0,1.6676901e-09
CASSLAYSYEQYF,GQFLTPNSH,B*57:01,0,0,0,4.211375e-09
CASSLDGGLTDTQYF,MLNIPSINV,B*27:09,0,0,0,3.1625957e-09
CASSLDGGLTDTQYF,LLFGYPVYV,A*68:01,0,0,0,9.92611e-10
CASSLDGGLTDTQYF,YHSIEWAI,A*68:01,0,0,0,1.2641319e-09
CASSLDGGLTDTQYF,MLNIPSINV,B*35:08,0,0,0,2.4955522e-09
CASSLDGGLTDTQYF,ILNAMITKI,A*02:01,0,0,0,1.958856e-09
CASSLDGPTQYF,KLWASPLHV,B*08:01,0,0,0,6.41048e-09
CASSLDGPTQYF,TAFTIPSI,B*35:01,0,0,0,3.951168e-09
CASSLDGPTQYF,QYIKWPWYI,A*24:02,0,0,0,2.076935e-13
CASSLDGPTQYF,FLYNPLTRV,A*02:01,0,0,0,1.8324273e-13
CASSLDGPTQYF,FLYNLLTRV,A*03:01,0,0,0,8.964015e-15
CASSLDGPTQYF,SLLWMNPFV,B*27:09,0,0,0,1.1556317e-12
CASSLDGPTQYF,EIQEFCPNT,B*51:01,0,0,0,9.459485e-13
CASSLDIEAFF,RLGPYLEFL,A*24:02,0,0,0,3.257191e-17
CASSLDIEAFF,VAANIVLTV,B*51:01,0,0,0,9.392012e-17
CASSLDIEAFF,EIQEFCPNT,A*01:01,0,0,0,1.8194817e-17
CASSLDIEAFF,AEMEFCPCC,B*51:01,0,0,0,2.105458e-16
CASSLDLAGGFYEQYF,ILNVDVFTL,B*51:01,0,0,0,7.786726e-17
CASSLDLAGGFYEQYF,KLWASPLHV,B*15:01,0,0,0,5.2724016e-17
CASSLDLAGGFYEQYF,NLNCCSVPV,B*35:08,0,0,0,1.1554268e-16
CASSLDLAGGFYEQYF,ALSKGVHFV,A*02:01,0,0,0,8.1781394e-07
CASSLDLAGGFYEQYF,YHSIEWAI,A*03:01,0,0,0,9.547135e-07
CASSLDLDSDGYTF,SLLMPILTL,B*37:01,0,0,0,1.8292667e-06
CASSLDLDSDGYTF,GCQEICPAC,B*38:01,0,0,0,1.1252716e-06
CASSLDLDSDGYTF,MMPFSIVYI,B*35:01,0,0,0,1.2229697e-06
CASSLDLDSDGYTF,KTWGQYWQV,B*35:01,0,0,0,1.2314242e-06
CASSLDLDSDGYTF,VSDGGPNLY,B*35:08,0,0,0,1.1099856e-06
CASSLDLDWGQSYNEQFF,RLVPYLEFL,B*35:01,0,0,0,1.1423687e-06
CASSLDLDWGQSYNEQFF,HPVGEADYFEY,A*11:01,0,0,0,7.5162586e-07
CASSLDLDWGQSYNEQFF,VMPFSIVYIV,A*03:01,0,0,0,1.174827e-06
CASSLDLDWGQSYNEQFF,ITDQVPFSV,A*30:02,0,0,0,6.739015e-14
CASSLDLDWGQSYNEQFF,VYFLQSINF,B*35:01,0,0,0,9.710291e-14
CASSLDLDWGQSYNEQFF,LIIPFIHLI,B*57:01,0,0,0,4.375728e-10
CASSLDLDWGQSYNEQFF,ELAGIGILTV,A*03:01,0,0,0,3.1571518e-10
CASSLDLDWGQSYNEQFF,LMFWASSSI,B*35:08,0,0,0,4.983133e-10
CASSLDLDWGQSYNEQFF,FEDLRLLSF,B*07:02,0,0,0,4.810144e-10
CASSLDRAIGVTYEQYF,TRLALIAPK,B*37:01,0,0,0,4.511392e-10
CASSLDRAIGVTYEQYF,RPIPIKYKAM,A*11:01,0,0,0,3.46957e-10
CASSLDRAIGVTYEQYF,ALSPVIPLI,B*51:01,0,0,0,7.208222e-10
CASSLDRAIGVTYEQYF,KAFSPEVIPMF,B*08:01,0,0,0,3.7325787e-10
CASSLDRAIGVTYEQYF,SLLMPILTL,B*27:09,0,0,0,4.942996e-10
CASSLDRVTGELF,IMDQVPFSV,A*68:01,0,0,0,1.4728314e-10
CASSLDRVTGELF,FMLYLLTLM,B*15:01,0,0,0,3.0383987e-10
CASSLDRVTGELF,LLAILTYYV,B*07:02,0,0,0,1.6827587e-09
CASSLDRVTGELF,LLAMTVPNV,B*07:02,0,0,0,7.040787e-10
CASSLDRVTGELF,GQFLTPNSH,A*03:01,0,0,0,4.3447743e-10
CASSLDRVTGELF,NMIHFAPNV,A*24:02,0,0,0,5.7121874e-10
CASSLDRVTGELF,IPSINVHHY,B*27:05,0,0,0,3.1394856e-10
CASSLDSPPGVTEAFF,FLTVFSHFM,B*51:01,0,0,0,7.797247e-10
CASSLDSPPGVTEAFF,LLFGMPPCL,B*27:05,0,0,0,2.2481752e-09
CASSLDSPPGVTEAFF,RPRGEVRFL,B*07:02,0,0,0,1.3315476e-09
CASSLDSPPGVTEAFF,LLFGYPVYV,A*03:01,0,0,0,5.9089e-13
CASSLDSPPGVTEAFF,GQMWLLAPR,B*57:01,0,0,0,2.818574e-13
CASSLDSPPGVTEAFF,VAANIVLTV,B*08:01,0,0,0,7.54314e-13
CASSLDYNEQFF,LIIPFIHLI,B*35:01,0,0,0,4.3470308e-13
CASSLDYNEQFF,RYRIGNYKL,B*51:01,0,0,0,9.873216e-11
CASSLDYNEQFF,NMIHFAPNV,A*11:01,0,0,0,6.1017072e-12
CASSLDYNEQFF,CFVECAPVC,A*24:02,0,0,0,5.2316844e-12
CASSLDYNEQFF,IVCPICSQK,A*11:01,0,0,0,6.05293e-12
CASSLDYNEQFF,KMVAVFYTT,A*24:02,0,0,0,1.843289e-11
CASSLEAAPGRYGYTF,KLLEIAPNC,B*27:09,0,0,0,2.4648084e-09
CASSLEAAPGRYGYTF,VMPFSIVYIV,B*27:09,0,0,0,2.0114725e-09
CASSLEAAPGRYGYTF,VYGIRLEHF,B*27:09,0,0,0,4.5782775e-10
CASSLEAAPGRYGYTF,RPPIFIRRL,A*30:02,0,0,0,3.2779068e-10
CASSLEAAPGRYGYTF,SPRWYFYYL,B*35:01,0,0,0,4.3780493e-10
CASSLEAAPGRYGYTF,HTMLCMCCK,A*03:01,0,0,0,8.928545e-10
CASSLEAAPGRYGYTF,LLFGMTPCL,B*08:01,0,0,0,7.5987466e-10
CASSLEAAPGRYGYTF,FTSDYYQLY,B*38:01,0,0,0,1.0544941e-10
CASSLEDSANYGYTF,LLSIIFFPA,B*07:02,0,0,0,9.934897e-10
CASSLEDSANYGYTF,ALSPVIPLI,A*01:01,0,0,0,1.04772385e-10
CASSLEDSANYGYTF,KLSALGINAV,B*15:01,0,0,0,8.44809e-10
CASSLEDSANYGYTF,ILNAMIAKI,B*57:01,0,0,0,8.3552426e-10
CASSLEDSANYGYTF,LLFGMTPCL,B*37:01,0,0,0,7.529323e-10
CASSLEDSANYGYTF,NDMLVCANI,A*11:01,0,0,0,5.843866e-11
CASSLEDSANYGYTF,RPPIFIRRL,B*27:05,0,0,0,2.4153363e-10
CASSLEDSANYGYTF,QYIKWPWYI,A*03:01,0,0,0,5.305079e-08
CASSLEDSANYGYTF,LLSIISFPA,B*37:01,0,0,0,1.0752137e-07
CASSLEFGADTQYF,VYIGDPAQL,B*27:09,0,0,0,6.044035e-08
CASSLEFGADTQYF,ALSPVIPLI,B*07:02,0,0,0,9.251136e-08
CASSLEFGADTQYF,HPVGEADYFEY,A*03:01,0,0,0,2.7753119e-08
CASSLEFGADTQYF,RFPLTFGWCF,B*08:01,0,0,0,6.903216e-08
CASSLEFGADTQYF,LMFWASSSI,B*27:09,0,0,0,9.984319e-19
CASSLEFGADTQYF,GQMWLLAPR,B*07:02,0,0,0,9.290442e-20
CASSLEFGADTQYF,GMGPLLATV,B*35:08,0,0,0,4.361227e-19
CASSLEFGADTQYF,THLMVLCCV,A*30:02,0,0,0,1.0141731e-20
CASSLEGEKLFF,KRPIPIKYKAM,B*37:01,0,0,0,5.625751e-18
CASSLEGEKLFF,NLVPMVATV,B*57:01,0,0,0,5.3886634e-19
CASSLEGEKLFF,KAFSPEVIPMF,A*30:02,0,0,0,1.8117471e-15
CASSLEGTGLTDTQYF,LRVMMLAPF,A*03:01,0,0,0,1.1343335e-15
CASSLEGTGLTDTQYF,VAANIVLTV,B*27:09,0,0,0,2.9956131e-15
CASSLEGTGLTDTQYF,YVLTWIVGA,B*38:01,0,0,0,7.901366e-15
CASSLEGTGLTDTQYF,GILGFVFTL,B*57:01,0,0,0,7.367525e-15
CASSLEGTGLTDTQYF,LLFGYPVYV,B*57:01,0,0,0,2.0927592e-15
CASSLEGTGLTDTQYF,VLFHRAFLV,A*01:01,0,0,0,1.512969e-15
CASSLEGYTEAFFGF,CTELKLSDY,B*57:01,0,0,0,2.4461795e-15
CASSLEGYTEAFFGF,LLAILTYYV,A*30:02,0,0,0,2.0494194e-14
CASSLEGYTEAFFGF,THLMVLCCV,B*37:01,0,0,0,4.24671e-14
CASSLEGYTEAFFGF,KMVAVFYNT,B*51:01,0,0,0,1.1174131e-13
CASSLEPQDTQYF,ILTGLNYEA,A*11:01,0,0,0,1.39258e-14
CASSLEPQDTQYF,VSDGGPNLY,A*30:02,0,0,0,1.8905865e-14
CASSLEPQDTQYF,KVKEVCPNV,A*68:01,0,0,0,7.876599e-15
CASSLEPQDTQYF,ALYGSVPVL,A*11:01,0,0,0,2.907395e-14
CASSLEPQDTQYF,LLWNGPMAV,B*08:01,0,0,0,9.313095e-17
CASSLEPQDTQYF,HTMLCMCCK,A*03:01,0,0,0,9.9588e-18
CASSLEPQDTQYF,RYRIGNYKL,B*35:08,0,0,0,8.057444e-17
CASSLEPQDTQYF,ILNVDIFTL,B*27:09,0,0,0,3.514348e-17
CASSLEPQDTQYF,KLVALGINAV,B*35:08,0,0,0,1.3614981e-16
CASSLEPQDTQYF,ALSKGVHFV,A*24:02,0,0,0,2.8563913e-18
CASSLEPQDTQYF,KLNTITPVV,A*02:01,0,0,0,7.092434e-18
CASSLEPQDTQYF,VLNYFKPYL,B*35:08,0,0,0,5.884384e-35
CASSLEQFLSGPAETQYF,NLFNRYPAL,B*57:01,0,0,0,9.014636e-36
CASSLEQFLSGPAETQYF,ALYGSVPVL,A*11:01,0,0,0,2.130852e-39
CASSLEQFLSGPAETQYF,RLVPYLEFL,A*30:02,0,0,0,6.88144e-40
CASSLEQFLSGPAETQYF,VVLSWAPPV,A*01:01,0,0,0,1.0886284e-38
CASSLERGPYYEQYF,MMPFSIVYI,A*03:01,0,0,0,2.1814108e-38
CASSLERGPYYEQYF,YVLTWIVGA,A*02:01,0,0,0,9.729685e-36
CASSLERGPYYEQYF,LLAILTYYV,A*30:02,0,0,0,1.670245e-37
CASSLERGPYYEQYF,QYDPVAALF,A*24:02,0,0,0,6.4777e-40
CASSLERGPYYEQYF,LLSIIFFPA,A*30:02,0,0,0,1.1373408e-22
CASSLERGPYYEQYF,GKTELLAPF,B*27:09,0,0,0,1.9907484e-23
CASSLERGPYYEQYF,RLQSLQTYV,A*11:01,0,0,0,9.758474e-25
CASSLERGPYYEQYF,LLAMTVPNV,A*24:02,0,0,0,5.185178e-25
CASSLERGPYYEQYF,RLGPYLEFL,B*15:01,0,0,0,9.827457e-28
CASSLERGPYYEQYF,VMPFSIVYI,B*07:02,0,0,0,1.8868212e-26
CASSLERGPYYEQYF,CLGGLLTMV,A*02:01,0,0,0,1.0582845e-28
CASSLERGPYYEQYF,QSRGDENRGW,A*02:01,0,0,0,3.1476457e-25
CASSLESTANTEAFF,RYRIGNYKL,B*57:01,0,0,0,6.471349e-25
CASSLESTANTEAFF,KTFPPTEPK,B*08:01,0,0,0,2.4563544e-29
CASSLESTANTEAFF,KMVTVCPNT,A*68:01,0,0,0,1.00158914e-28
CASSLESTANTEAFF,MMPFSIVYI,B*27:05,0,0,0,5.281839e-26
CASSLESTANTEAFF,FLTVFSHFM,B*57:01,0,0,0,2.9704498e-25
CASSLETGGWETQYF,FTSDYYQLY,A*11:01,0,0,0,6.1306518e-30
CASSLETGGWETQYF,FLIYLDVSV,A*68:01,0,0,0,1.7125329e-26
CASSLETGGWETQYF,KLSALGINAV,B*27:09,0,0,0,1.9308828e-24
CASSLETGGWETQYF,ITDQVPFSV,B*37:01,0,0,0,1.852586e-27
CASSLETGGWETQYF,NYNYLYRLF,B*27:05,0,0,0,5.0829035e-27
CASSLETGRNIQYF,ILNAMIAKI,A*01:01,0,0,0,3.8303515e-30
CASSLETGRNIQYF,LLSIISFPA,B*35:01,0,0,0,3.391902e-28
CASSLETGRNIQYF,THLMVLCCV,B*51:01,0,0,0,1.3231902e-28
CASSLETGRNIQYF,VYFLQSINF,A*11:01,0,0,0,1.528502e-33
CASSLETGRNIQYF,TSTLQEQIGW,B*57:01,0,0,0,1.7752491e-29
CASSLETGRNIQYF,MTLHGFMMY,B*35:01,0,0,0,7.6163175e-29
CASSLETGRNIQYF,IPSINVHHY,A*30:02,0,0,0,2.6606957e-31
CASSLEVARLAGEGYEQYF,EIQEFCPNT,B*35:01,0,0,0,3.310448e-28
CASSLEVARLAGEGYEQYF,ALYGSVPVL,A*24:02,0,0,0,3.1012844e-31
CASSLEVARLAGEGYEQYF,KVKEVCPNV,A*24:02,0,0,0,1.36411e-40
CASSLEVARLAGEGYEQYF,ILNVDIFTL,B*51:01,0,0,0,3.5099748e-35
CASSLEVARLAGEGYEQYF,QYIKWPWYI,B*07:02,0,0,0,1.5513682e-36
CASSLEVARLAGEGYEQYF,NMINFAPNI,A*02:01,0,0,0,1.802522e-39
CASSLEVLAGVYEQYF,YLQPRTFLL,B*57:01,0,0,0,7.6270697e-38
CASSLEVLAGVYEQYF,HTMLCMCCK,B*37:01,0,0,0,4.579562e-36
CASSLFGGFTEAFFGF,QSRGDENRGW,B*15:01,0,0,0,4e-45
CASSLFGGFTEAFFGF,FEDLRVSSF,A*03:01,0,0,0,0.0
CASSLFGGFTEAFFGF,AVGSYVYSV,A*02:01,0,0,0,1e-45
CASSLFGGFTEAFFGF,GMGPLLATV,B*37:01,0,0,0,1.8e-44
CASSLFGGFTEAFFGF,LIIPFIHLI,B*27:05,0,0,0,4.25e-43
CASSLFNQETQYF,RYRIGNYKL,A*68:01,0,0,0,0.0
CASSLFNQETQYF,LVLEVDPNI,B*35:08,0,0,0,1.0015943e-18
CASSLFNQETQYF,GILGFVFTL,B*08:01,0,0,0,1.2535801e-19
CASSLFPGGNTGELFFGF,VVLSWAPPV,B*08:01,0,0,0,4.346628e-19
CASSLFPGGNTGELFFGF,FLTVFSHFM,B*37:01,0,0,0,5.590215e-19
CASSLFPGGNTGELFFGF,MIISHLYLI,A*01:01,0,0,0,8.401415e-20
CASSLFPGGNTGELFFGF,CFLLILPNC,A*11:01,0,0,0,7.1348683e-20
CASSLFPGGNTGELFFGF,NDMLVCANI,B*15:01,0,0,0,9.377101e-36
CASSLFPGGNTGELFFGF,LLFALHFSA,B*27:09,0,0,0,2.5928985e-33
CASSLFVGGPGNEQF,MLNIPSINV,B*35:08,0,0,0,2.5065555e-33
CASSLFVGGPGNEQF,MLYQHLLPL,A*68:01,0,0,0,9.388656e-37
CASSLFVGGPGNEQF,LIIPFIHLI,B*35:01,0,0,0,1.9851363e-31
CASSLFVGGPGNEQF,IVCPICSQK,B*51:01,0,0,0,2.7587998e-33
CASSLFVGGPGNEQF,ALYGSVPVL,A*24:02,0,0,0,5.89e-43
CASSLGAEQYF,LPRWYFYYL,A*11:01,0,0,0,1.66e-42
CASSLGAEQYF,RLVPYLEFL,B*15:01,0,0,0,4.491e-42
CASSLGAEQYF,VLFHRAFLV,A*03:01,0,0,0,7.945e-42
CASSLGAEQYF,RFPLTFGWCF,B*27:09,0,0,0,4.3412e-41
CASSLGAEQYF,LRVMMLAPF,B*15:01,0,0,0,1.5524e-41
CASSLGAEQYF,FLTVFSHFM,B*51:01,0,0,0,5.0981517e-33
CASSLGAEQYF,ALSPVIPLI,A*03:01,0,0,0,7.707275e-36
CASSLGAEQYF,RYPLTFGWCF,B*27:09,0,0,0,1.4462169e-35
CASSLGAEQYF,VMHANYIFW,B*07:02,0,0,0,8.959519e-34
CASSLGAGSYEQYF,CFLLILPNC,B*37:01,0,0,0,1.0074951e-34
CASSLGAGSYEQYF,CTELKLNDY,B*37:01,0,0,0,1.7873995e-36
CASSLGAGSYEQYF,MLNIPSINV,A*24:02,0,0,0,2.669605e-36
CASSLGAGSYEQYF,GKTELLAPF,B*27:09,0,0,0,1.2301674e-36
CASSLGAGSYEQYF,VYGIRLEHF,B*27:05,0,0,0,1.1706896e-37
CASSLGAGSYEQYF,TTDPSFLGRY,B*27:09,0,0,0,2.884798e-39
CASSLGAGSYEQYF,IPSINVHHY,B*08:01,0,0,0,1.3840729e-24
CASSLGAGSYEQYF,KTFPPTEPK,B*38:01,0,0,0,1.324247e-26
CASSLGDRGPQPQHF,VVMSWAPPV,A*11:01,0,0,0,2.274216e-24
CASSLGDRGPQPQHF,CLGGLLTMV,B*15:01,0,0,0,8.186206e-24
CASSLGDRGPQPQHF,NYNYLYRLF,B*35:01,0,0,0,1.2264832e-23
CASSLGETIYGYTF,EAAGIGILTV,A*01:01,0,0,0,4.1572173e-24
CASSLGFGYEQFF,LLFGMPPCL,A*01:01,0,0,0,4.3311057e-25
CASSLGFGYEQFF,ILTGLNYEV,B*51:01,0,0,0,1.8874443e-22
CASSLGFGYEQFF,SVYGDTLEK,B*35:08,0,0,0,1.3346195e-31
CASSLGFGYEQFF,VLNYFEPYL,A*11:01,0,0,0,1.1140205e-29
CASSLGFGYEQFF,RTMEVCYNT,B*15:01,0,0,0,6.2573415e-30
CASSLGFGYEQFF,LLFALHFSA,B*27:09,0,0,0,6.095818e-28
CASSLGFGYEQFF,HTMLCMCCK,B*15:01,0,0,0,3.136493e-21
CASSLGFGYEQFF,VLNYFKPYL,A*30:02,0,0,0,1.2956333e-21
CASSLGFGYEQFF,SLAPLSPRV,B*07:02,0,0,0,7.339787e-21
CASSLGFGYEQFF,LPRWYFYYL,B*07:02,0,0,0,1.8742417e-23
CASSLGFGYEQFF,TTDPSFLGRY,B*15:01,0,0,0,1.105239e-26
CASSLGFGYEQFF,MMPFSIVYI,A*01:01,0,0,0,3.3409165e-23
CASSLGFGYEQFF,FTSDYYQLY,B*51:01,0,0,0,1.8038772e-24
CASSLGFGYEQFF,ILNAMITKI,B*35:01,0,0,0,3.9675142e-22
CASSLGGAAYNEQF,YHSIEWAI,A*11:01,0,0,0,1.0472352e-31
CASSLGGAAYNEQF,GQVMVVAPR,B*37:01,0,0,0,5.6134546e-30
CASSLGGAAYNEQF,KLNTITPVV,B*37:01,0,0,0,8.16e-43
CASSLGGAGSQPQHF,EIQEFCPNT,B*51:01,0,0,0,5.8e-43
CASSLGGAGSQPQHF,RYPLTFGW,A*01:01,0,0,0,0.0
CASSLGGAGSQPQHF,SLLMWITQA,B*57:01,0,0,0,8.098e-42
CASSLGGAGSQPQHF,NLNCCSVPV,A*11:01,0,0,0,1e-45
CASSLGGAGSQPQHF,KVKEVCPNV,A*24:02,0,0,0,0.0
CASSLGGAGSQPQHF,VLNYFKPYL,B*07:02,0,0,0,1.422e-42
CASSLGGAPYNEQF,QYIKWPWYI,A*11:01,0,0,0,1.3e-44
CASSLGGAPYNEQF,GKTELLAPF,A*68:01,0,0,0,0.0
CASSLGGAPYNEQF,VMPFSIVYI,A*02:01,0,0,0,0.0
CASSLGGDEQYF,FLYNPLTRV,B*15:01,0,0,0,0.0
CASSLGGDEQYF,VMPFSIVYI,B*27:05,0,0,0,0.0
CASSLGGDEQYF,ALYGSVPVL,A*03:01,0,0,0,0.0
CASSLGGDEQYF,CFLLILPNC,B*51:01,0,0,0,0.0
CASSLGGGADEQFF,MIISHLYLI,A*30:02,0,0,0,0.0
CASSLGGGADEQFF,ELAGIGILTV,B*37:01,0,0,0,0.0
CASSLGGGADEQFF,KTWGQYWQV,B*57:01,0,0,0,0.0
CASSLGGGADEQFF,LLFGYPVYV,B*27:09,0,0,0,0.0
CASSLGGGADEQFF,VVLSWAPPV,A*02:01,0,0,0,0.0
CASSLGGGADEQFF,SLLMWITQA,B*07:02,0,0,0,0.0
CASSLGGGADEQFF,IVCPICSQK,B*38:01,0,0,0,4.32e-43
CASSLGGGADEQFF,GMGPLLATV,A*68:01,0,0,0,1e-45
CASSLGGGAYEQYF,RYPLTFGWCF,A*68:01,0,0,0,0.0
CASSLGGGAYEQYF,FEDLRVLSF,A*03:01,0,0,0,0.0
CASSLGGGAYEQYF,TSTLQEQIGW,A*68:01,0,0,0,0.0
CASSLGGGAYEQYF,SLLWMNPFV,A*02:01,0,0,0,0.0
CASSLGGGAYEQYF,YLEPGPVTA,A*03:01,0,0,0,0.0
CASSLGGGEGGSSYEQYF,RYPLTFGW,B*57:01,0,0,0,0.0
CASSLGGGEGGSSYEQYF,SLAPLSPRA,B*27:05,0,0,0,0.0
CASSLGGGEGGSSYEQYF,LLFGYPVYV,A*24:02,0,0,0,0.0
CASSLGGGEGGSSYEQYF,TRLALIAPK,B*08:01,0,0,0,0.0
CASSLGGGEGGSSYEQYF,LLFGMPPCL,B*35:01,0,0,0,0.0
CASSLGGGEGGSSYEQYF,EAAGIGILTV,B*35:08,0,0,0,0.0
CASSLGGGELFF,KLVALGINAV,B*51:01,0,0,0,0.0
CASSLGGGELFF,MIISHLYLI,B*15:01,0,0,0,0.0
CASSLGGGELFF,LPRWYFYYL,A*30:02,0,0,0,0.0
CASSLGGGELFF,QYDPVAALF,A*68:01,0,0,0,0.0
CASSLGGIGSTGNQPQHF,ALYGFVPVL,A*01:01,0,0,0,0.0
CASSLGGIGSTGNQPQHF,LVLEVDPNI,B*51:01,0,0,0,0.0
CASSLGGIGSTGNQPQHF,GCQEICPAC,A*11:01,0,0,0,0.0
CASSLGGIGSTGNQPQHF,SPRWYFYYL,A*11:01,0,0,0,0.0
CASSLGGIGSTGNQPQHF,GQMWLLAPR,B*08:01,0,0,0,0.0
CASSLGGIGSTGNQPQHF,KTWGQYWQV,B*27:05,0,0,0,0.0
CASSLGGIGSTGNQPQHF,SLAPLSPRV,B*07:02,0,0,0,0.0
CASSLGGIGSTGNQPQHF,VLNYFEPYL,A*68:01,0,0,0,0.0
CASSLGGIPVNEQFF,GILGFVFTL,B*08:01,0,0,0,0.0
CASSLGGIPVNEQFF,ALSPVIPLI,B*35:08,0,0,0,0.0
CASSLGGIPVNEQFF,SLAPLSPRA,A*02:01,0,0,0,0.0
CASSLGGIPVNEQFF,IVCPICSQK,B*57:01,0,0,0,0.0
CASSLGGIPVNEQFF,NLFNRYPAL,B*51:01,0,0,0,0.0
CASSLGGIPVNEQFF,NLFNRYPAL,B*35:01,0,0,0,0.0
CASSLGGIPVNEQFF,VAANIVLTV,B*15:01,0,0,0,0.0
CASSLGGIPVNEQFF,GKTELLAPF,A*01:01,0,0,0,0.0
CASSLGGLGQPQHF,SPRWYFYYL,B*15:01,0,0,0,0.0
CASSLGGLGQPQHF,DATYQRTRALVR,B*08:01,0,0,0,0.0
CASSLGGLGQPQHF,KMVTVCPNT,B*27:05,0,0,0,0.0
CASSLGGLGQPQHF,SVYGDTLEK,A*01:01,0,0,0,0.0
CASSLGGLGQPQHF,GILGFVFTL,A*02:01,0,0,0,0.0
CASSLGGLVYNEQFF,VYFLQSINF,A*24:02,0,0,0,0.0
CASSLGGLVYNEQFF,LIIPFIHLI,B*57:01,0,0,0,0.0
CASSLGGLVYNEQFF,RPRGEVRFL,A*68:01,0,0,0,8.4807e-41
CASSLGGLVYNEQFF,NDMLVCANI,B*27:09,0,0,0,1.0918225e-38
CASSLGGLVYNEQFF,RFPLTFGWCF,A*11:01,0,0,0,1.64671e-40
CASSLGGPAEQYF,KVKEVCPNV,B*51:01,0,0,0,2.7424465e-37
CASSLGGPAEQYF,KRPIPIKYKAM,A*68:01,0,0,0,7.187495e-39
CASSLGGPAEQYF,KMVTVCPNT,B*37:01,0,0,0,6.460999e-37
CASSLGGPAEQYF,LLAGTLAGV,A*03:01,0,0,0,1.6558e-41
CASSLGGPGAFF,MLYQHLLPL,A*68:01,0,0,0,0.0
CASSLGGPGAFF,YVLDHLIVV,B*27:09,0,0,0,8e-45
CASSLGGPGAFF,ELAGIGILTV,B*57:01,0,0,0,5e-44
CASSLGGPGAFF,LMFWASSSI,A*11:01,0,0,0,0.0
CASSLGGQGAYEQYF,LLSIISFPA,B*35:08,0,0,0,3.57e-43
CASSLGGQGAYEQYF,KLSALGINAV,B*51:01,0,0,0,1.1393e-41
CASSLGGQGAYEQYF,RQLLFVVEV,B*37:01,0,0,0,3e-45
CASSLGGQGAYEQYF,VLNYFKPYL,A*02:01,0,0,0,8.245857e-37
CASSLGGQGAYEQYF,EAAGIGILTV,A*30:02,0,0,0,1.21636e-40
CASSLGGQGAYEQYF,FLIYLDVSV,B*57:01,0,0,0,1.4398048e-34
CASSLGGQGAYEQYF,YVLTWIVGA,B*07:02,0,0,0,6.063337e-32
CASSLGGQGAYEQYF,RQLLFVVEV,B*27:09,0,0,0,4.557579e-39
CASSLGGSYTF,VLFHRAFLV,B*07:02,0,0,0,6.373795e-39
CASSLGGSYTF,LLSIISFPA,A*03:01,0,0,0,3.240993e-39
CASSLGGSYTF,SLLWMNPFV,B*35:01,0,0,0,2.9690298e-35
CASSLGGSYTF,VYGIRLEHF,A*11:01,0,0,0,2.933e-42
CASSLGGSYTF,FEDLRLLSF,B*07:02,0,0,0,8.214e-41
CASSLGGSYTF,MTLHGFMMY,B*15:01,0,0,0,3.06042e-39
CASSLGGSYTF,FLYNPLTRV,B*35:08,0,0,0,4.524577e-25
CASSLGGSYTF,LLAGTLAVV,A*30:02,0,0,0,4.341094e-26
CASSLGGSYTF,NLNCCSVPV,B*27:05,0,0,0,4.9354777e-25
CASSLGGSYTF,NMINFAPNI,A*02:01,0,0,0,9.378897e-27
CASSLGGTEAFF,NLVPMVATV,B*07:02,0,0,0,4.268189e-25
CASSLGGTEAFF,ILTGLNYEV,A*24:02,0,0,0,1.703288e-26
CASSLGGTEAFF,QYIKWPWYI,A*11:01,0,0,0,3.8815933e-25
CASSLGGTEAFF,VYIGDPAQL,B*35:08,0,0,0,5.4037357e-25
CASSLGGTEAFF,KLWASPLHV,B*51:01,0,0,0,1.0922297e-25
CASSLGHFEGNQPQHF,MLYQHLLPL,A*02:01,0,0,0,1.2008336e-26
CASSLGHFEGNQPQHF,LMFWASSSI,A*03:01,0,0,0,1.03055414e-25
CASSLGHFEGNQPQHF,ILNVDIFTL,B*08:01,0,0,0,1.2071223e-24
CASSLGHFEGNQPQHF,GCQEICPAC,B*08:01,0,0,0,6.0321447e-25
CASSLGHFEGNQPQHF,VMPFSIVYI,B*38:01,0,0,0,5.886576e-30
CASSLGHFEGNQPQHF,VLNYFKPYL,B*08:01,0,0,0,1.2777486e-27
CASSLGHFEGNQPQHF,SLAPLSPRA,A*01:01,0,0,0,4.9587505e-31
CASSLGHFEGNQPQHF,NMINFAPNI,A*03:01,0,0,0,1.2482804e-31
CASSLGIYGYTF,HPVGEADYFEY,B*27:05,0,0,0,1.6561358e-28
CASSLGIYGYTF,YVLDHLIVV,A*68:01,0,0,0,5.9285375e-30
CASSLGIYGYTF,KLWASPLHV,B*35:08,0,0,0,4.4385317e-27
CASSLGIYGYTF,ALYGSVPVL,A*68:01,0,0,0,8.410058e-31
CASSLGIYGYTF,GQVMVVAPR,A*11:01,0,0,0,1.0919947e-28
CASSLGLADPNNEQFF,KLLEIAPNC,A*02:01,0,0,0,1.9399304e-28
CASSLGLADPNNEQFF,FEDLRLLSF,A*30:02,0,0,0,3.669336e-30
CASSLGLADPNNEQFF,RPPIFIRRL,B*35:08,0,0,0,1.7454687e-28
CASSLGLADPNNEQFF,VLNYFEPYL,A*24:02,0,0,0,4.1779535e-29
CASSLGLADPNNEQFF,DATYQRTRALVR,A*01:01,0,0,0,3.8153476e-29
CASSLGLADPNNEQFF,LLWNGPMAV,B*51:01,0,0,0,2.486573e-27
CASSLGLADPNNEQFF,VMPFSIVYI,B*07:02,0,0,0,1.6922956e-28
CASSLGLADPNNEQFF,RYPLTFGW,B*51:01,0,0,0,3.5842146e-29
CASSLGLADPNNEQFF,RPPIFIRRL,B*37:01,0,0,0,1.7454687e-28
CASSLGLAGDNEQFF,RLVPYLEFL,B*38:01,0,0,0,5.622694e-29
CASSLGLAGDNEQFF,NLNCCSVPV,B*35:08,0,0,0,2.1808083e-26
CASSLGLAGDNEQFF,GILGFVFTL,A*68:01,0,0,0,2.0040467e-28
CASSLGLAGDNEQFF,MMPFSIVYI,B*38:01,0,0,0,1.9928186e-27
CASSLGLAGDNEQFF,QSRGDENRGW,B*57:01,0,0,0,0.0
CASSLGLAGDNEQFF,SPRWYFYYL,A*01:01,0,0,0,0.0
CASSLGLAGDNEQFF,LLFALYFSA,B*35:08,0,0,0,0.0
CASSLGNGGWAEAFF,TAFTIPSI,B*15:01,0,0,0,0.0
CASSLGNGGWAEAFF,RPRGEVRFL,B*15:01,0,0,0,0.0
CASSLGNGGWAEAFF,VYFLQSINF,A*03:01,0,0,0,0.0
CASSLGNGGWAEAFF,FLRGRAYGL,B*15:01,0,0,0,0.0
CASSLGNTEAFF,YLQPRTFLL,B*37:01,0,0,0,0.0
CASSLGNTEAFF,ILNVDIFTL,B*27:05,0,0,0,0.0
CASSLGNTEAFF,FMLYLLTLM,B*35:01,0,0,0,0.0
CASSLGNTEAFF,CLGGLLTMV,B*57:01,0,0,0,8.053982e-37
CASSLGNTEAFF,TRLALIAPK,A*30:02,0,0,0,3.1971824e-37
CASSLGPAYNEQFF,RPRGEVRFL,B*51:01,0,0,0,1.4023252e-36
CASSLGPGKSSKTQYF,KMVAVFYNT,B*07:02,0,0,0,1.6160626e-36
CASSLGPGKSSKTQYF,LLFGMTPCL,A*24:02,0,0,0,1.6607457e-38
CASSLGPGKSSKTQYF,TTDPSFLGRY,B*07:02,0,0,0,3.5e-43
CASSLGPGKSSKTQYF,FLRGRAYGL,A*30:02,0,0,0,2.668677e-37
CASSLGPGKSSKTQYF,GILGFVFTL,B*57:01,0,0,0,7.407717e-36
CASSLGPMEENIQYF,FTSDYYQLY,B*51:01,0,0,0,8.3162e-40
CASSLGPMEENIQYF,SLAPLSPRA,A*11:01,0,0,0,3.708e-41
CASSLGPMEENIQYF,LIIPFIHLI,A*68:01,0,0,0,2.9260625e-38
CASSLGPMEENIQYF,RLVPYLEFL,A*11:01,0,0,0,6.7e-43
CASSLGPMEENIQYF,NLFNRYPAL,A*02:01,0,0,0,0.0
CASSLGPMEENIQYF,FLRGRAYGL,B*38:01,0,0,0,0.0
CASSLGPMEENIQYF,KLLEIAPNC,B*35:01,0,0,0,0.0
CASSLGPMEENIQYF,VYIGDPAQL,B*37:01,0,0,0,0.0
CASSLGPMEENIQYF,MIISHLYLI,A*02:01,0,0,0,0.0
CASSLGPMEENIQYF,TTDPSFLGRY,B*27:09,0,0,0,0.0
CASSLGPNSPLHF,CFLLILPNC,A*24:02,0,0,0,0.0
CASSLGPNSPLHF,GQVMVVAPR,B*38:01,0,0,0,0.0
CASSLGPNSPLHF,VVLSWAPPV,B*35:08,0,0,0,0.0
CASSLGPNSPLHF,VVLSWAPPV,A*01:01,0,0,0,4.555487e-34
CASSLGPSLYEQYF,LMFWASSSI,B*07:02,0,0,0,4.664407e-34
CASSLGPSLYEQYF,NMINFAPNI,A*24:02,0,0,0,2.5954008e-34
CASSLGPSLYEQYF,RYRIGNYKL,A*30:02,0,0,0,3.122241e-35
CASSLGPSLYEQYF,KLNTITPVV,A*02:01,0,0,0,1.2074524e-34
CASSLGPTTYKSSYEQYF,LRVMMLAPF,B*27:09,0,0,0,3.6913985e-34
CASSLGPTTYKSSYEQYF,RQLLFVVEV,B*57:01,0,0,0,8.005628e-34
CASSLGPTTYKSSYEQYF,CFVECAPVC,B*57:01,0,0,0,2.6196626e-33
CASSLGPTTYKSSYEQYF,KVKEVCPNV,A*11:01,0,0,0,2.457643e-33
CASSLGPYEQYF,LPRWYFYYL,B*35:08,0,0,0,1.0452087e-29
CASSLGPYEQYF,LLAGTLAVV,A*11:01,0,0,0,9.037409e-33
CASSLGPYEQYF,VLNYFEPYL,B*35:08,0,0,0,7.1828867e-25
CASSLGPYEQYF,GKTELLAPF,B*51:01,0,0,0,1e-45
CASSLGPYEQYF,NYNYLYRLF,A*68:01,0,0,0,0.0
CASSLGPYEQYF,NYNYLYRLF,B*07:02,0,0,0,0.0
CASSLGPYEQYF,SPRWYFYYL,A*68:01,0,0,0,0.0
CASSLGPYEQYF,ALSPVIPLI,B*37:01,0,0,0,1.267e-41
CASSLGPYEQYF,RYPLTFGW,A*24:02,0,0,0,0.0
CASSLGPYEQYF,LLSIISFPA,B*57:01,0,0,0,2.0149e-41
CASSLGQFNTEAF,CTELKLNDY,A*01:01,0,0,0,3e-45
CASSLGQFNTEAF,RPRGEVRFL,B*27:05,0,0,0,0.0
CASSLGQFNTEAF,HTMLCMCCK,B*57:01,0,0,0,0.0
CASSLGQFNTEAF,ILNAMITKI,B*37:01,0,0,0,0.0
CASSLGQFNTEAF,NDMLVCANI,B*27:05,0,0,0,0.0
CASSLGQFNTEAF,VLNYFEPYL,B*37:01,0,0,0,1e-44
CASSLGQGASIEQYF,VLFGLGFAI,B*38:01,0,0,0,0.0
CASSLGQGASIEQYF,HTMLCMCCK,B*08:01,0,0,0,0.0
CASSLGQGASIEQYF,TRLALIAPK,B*35:08,0,0,0,0.0
CASSLGQGASIEQYF,EIQEFCPNT,A*02:01,0,0,0,0.0
CASSLGQGASIEQYF,FEDLRVLSF,B*35:08,0,0,0,0.0
CASSLGQGASIEQYF,TSTLQEQIGW,A*30:02,0,0,0,1e-45
CASSLGQGRVEQYF,ALSPVIPHI,B*35:01,0,0,0,2.39677e-39
CASSLGQGRVEQYF,LIIPFIHLI,B*38:01,0,0,0,1.335358e-39
CASSLGQGRVEQYF,LPRWYFYYL,A*24:02,0,0,0,4.8e-44
CASSLGQGRVEQYF,LVLEVDPNI,B*27:09,0,0,0,5.38394e-40
CASSLGQGTYEQYF,FTSDYYQLY,A*24:02,0,0,0,8e-45
CASSLGQGTYEQYF,VYIGDPAQL,A*24:02,0,0,0,8.4e-44
CASSLGQGTYEQYF,VYGIRLEHF,A*68:01,0,0,0,0.0
CASSLGQGTYEQYF,RLQSLQTYV,A*03:01,0,0,0,0.0
CASSLGQGTYEQYF,GKTELLAPF,B*57:01,0,0,0,0.0
CASSLGQGTYEQYF,EIQEFCPNT,B*08:01,0,0,0,0.0
CASSLGQGWETQYF,THLMVLCCV,A*01:01,0,0,0,0.0
CASSLGQGWETQYF,NLFNRYPAL,A*68:01,0,0,0,0.0
CASSLGQGWETQYF,LLFGMTPCL,B*37:01,0,0,0,0.0
CASSLGQGWETQYF,YVLDHLIVV,B*07:02,0,0,0,0.0
CASSLGQTVTQETQYF,LLAGTLAGV,B*15:01,0,0,0,0.0
CASSLGQTVTQETQYF,LLAILTYYV,A*01:01,0,0,0,0.0
CASSLGQTVTQETQYF,LLAGTLAVV,A*30:02,0,0,0,0.0
CASSLGQTVTQETQYF,AVGSYVYSV,A*68:01,0,0,0,0.0
CASSLGQTVTQETQYF,YLEPGPVTA,A*03:01,0,0,0,0.0
CASSLGRGNSPLHF,SLLMWITQA,B*37:01,0,0,0,0.0
CASSLGRGNSPLHF,RTMEVCYNT,B*35:01,0,0,0,0.0
CASSLGRGNSPLHF,AEMEFCPCC,B*08:01,0,0,0,0.0
CASSLGRGNSPLHF,ILNVDIFTL,B*08:01,0,0,0,0.0
CASSLGRGNSPLHF,RYPLTFGW,A*30:02,0,0,0,0.0
CASSLGRGNSPLHF,FTSDYYQLY,A*68:01,0,0,0,0.0
CASSLGRGNSPLHF,FEDLRLLSF,B*27:09,0,0,0,0.0
CASSLGRGNSPLHF,RPIPIKYKAM,A*02:01,0,0,0,0.0
CASSLGRGNSPLHF,NLNCCSVPV,A*11:01,0,0,0,0.0
CASSLGRGVQFF,KTFPPTEPK,B*27:05,0,0,0,0.0
CASSLGRGVQFF,KMVTVCPNT,A*24:02,0,0,0,0.0
CASSLGRGVQFF,LPRWYFYYL,B*27:05,0,0,0,0.0
CASSLGSGTQYF,KMVAVFYNT,B*07:02,0,0,0,0.0
CASSLGSGTQYF,NMINFAPNI,A*24:02,0,0,0,3.5662403e-36
CASSLGSGTQYF,KLLEIAPNC,B*51:01,0,0,0,7.817314e-34
CASSLGSGTQYF,SLLWMNPFV,B*35:08,0,0,0,1.0519507e-33
CASSLGSGTQYF,LLFGMTPCL,B*51:01,0,0,0,1.0723748e-34
CASSLGSGTQYF,LLAMTVPNV,B*07:02,0,0,0,2.3806823e-35
CASSLGSGTQYF,NMINFAPNI,B*51:01,0,0,0,8.289073e-35
CASSLGTAITDTQYF,ITDQVPFSV,B*57:01,0,0,0,3.073916e-36
CASSLGTAITDTQYF,KLSALGINAV,B*57:01,0,0,0,2.1091697e-33
CASSLGTAITDTQYF,VAANIVLTV,A*30:02,0,0,0,1.3101603e-37
CASSLGTAITDTQYF,RPPIFIRRL,A*11:01,0,0,0,2.5983331e-34
CASSLGTAITDTQYF,KLNTITPVV,B*37:01,0,0,0,3.6234774e-29
CASSLGTAITDTQYF,GQMWLLAPR,A*11:01,0,0,0,7.8074464e-35
CASSLGTGVTEIF,MMPFSIVYI,B*08:01,0,0,0,1.3102e-30
CASSLGTGVTEIF,GKTELLAPF,B*51:01,0,0,0,3.949451e-31
CASSLGTGVTEIF,YVLDHLIVV,B*27:05,0,0,0,1.1915589e-30
CASSLGTGVTEIF,ILNAMIAKI,B*27:05,0,0,0,4.6769952e-30
CASSLGTGVTEIF,RLGPYLEFL,B*27:05,0,0,0,1.4625e-41
CASSLGTGVTEIF,ILNVDVFTL,B*27:09,0,0,0,1.23475e-39
CASSLGTGVTEIF,VSDGGPNLY,B*57:01,0,0,0,5.32648e-39
CASSLGTLNEQFF,VYIGDPAQL,A*68:01,0,0,0,8e-45
CASSLGTLNEQFF,KTWGQYWQV,B*51:01,0,0,0,2.05e-43
CASSLGTLNEQFF,YLQPRTFLL,A*68:01,0,0,0,0.0
CASSLGTLNEQFF,KTWGQYWQV,B*27:09,0,0,0,3e-45
CASSLGTLNEQFF,YVLDHLIVV,B*35:08,0,0,0,1e-45
CASSLGTLNEQFF,LLAILTYYV,B*08:01,0,0,0,2.28e-43
CASSLGTLNEQFF,AVGSYVYSV,B*07:02,0,0,0,0.0
CASSLGTLNEQFF,RPIPIKYKAM,A*11:01,0,0,0,0.0
CASSLGTLNEQFF,KTWGQYWQV,A*02:01,0,0,0,0.0
CASSLGTPTEAFF,LLFGMTPCL,A*01:01,0,0,0,0.0
CASSLGTPTEAFF,ILNAMIAKI,B*35:08,0,0,0,6e-45
CASSLGTPTEAFF,RPPIFIRRL,B*38:01,0,0,0,0.0
CASSLGTSSTDTQYF,TSTLQEQIGW,B*35:01,0,0,0,0.0
CASSLGTSSTDTQYF,VYIGDPAQL,B*27:05,0,0,0,0.0
CASSLGTSSTDTQYF,LLFGMPPCL,B*35:01,0,0,0,0.0
CASSLGTSSTDTQYF,ALYGFVPVL,B*27:05,0,0,0,0.0
CASSLGTSSTDTQYF,MIISHLYLI,B*27:09,0,0,0,0.0
CASSLGVFTGAGNQPQHF,KMVAVFYNT,B*57:01,0,0,0,0.0
CASSLGVFTGAGNQPQHF,ALSPVIPHI,B*07:02,0,0,0,6.20412e-40
CASSLGVFTGAGNQPQHF,KLLEIAPNC,A*01:01,0,0,0,4.7156e-41
CASSLGVFTGAGNQPQHF,YLEPGPVTA,A*68:01,0,0,0,2.4e-44
CASSLGVFTGAGNQPQHF,KLNTITPVV,B*27:05,0,0,0,1.202903e-39
CASSLGVFTGAGNQPQHF,VMPFSIVYI,A*24:02,0,0,0,1.4e-43
CASSLGVFTGAGNQPQHF,NLNCCSVPV,A*01:01,0,0,0,7.968091e-34
CASSLGVGTEAFF,GCQEICPAC,A*01:01,0,0,0,8.324599e-34
CASSLGVGTEAFF,MMPFSIVYI,B*35:08,0,0,0,1.9309865e-31
CASSLGVGTEAFF,LLFGYPVYV,A*02:01,0,0,0,3.697962e-36
CASSLGVGTEAFF,FEDLRLLSF,A*03:01,0,0,0,1.6226501e-18
CASSLIDSPYEQYF,NDMLVCANI,B*38:01,0,0,0,5.996719e-18
CASSLIDSPYEQYF,HTMLCMCCK,A*30:02,0,0,0,1.2243086e-17
CASSLIDSPYEQYF,SVYGDTLEK,A*30:02,0,0,0,2.3297807e-18
CASSLIDSPYEQYF,QYIKWPWYI,A*68:01,0,0,0,2.3028925e-18
CASSLIDTGELFF,ILTGLNYEA,B*37:01,0,0,0,2.0392628e-17
CASSLIDTGELFF,RFPLTFGWCF,A*03:01,0,0,0,1.670807e-28
CASSLIDTGELFF,VMHANYIFW,A*30:02,0,0,0,4.8337386e-27
CASSLIEGLSEQYF,VYGIRLEHF,B*08:01,0,0,0,1.305552e-27
CASSLIEGLSEQYF,EAAGIGILTV,A*68:01,0,0,0,2.1522511e-29
CASSLIEGLSEQYF,TTDPSFLGRY,B*38:01,0,0,0,3.6819553e-30
CASSLIEGLSEQYF,RQLLFVVEV,B*27:05,0,0,0,5.554523e-27
CASSLIGGAQNIQYF,TAFTIPSI,A*68:01,0,0,0,1.8544935e-36
CASSLIGGAQNIQYF,NYNYLYRLF,B*27:09,0,0,0,4.1574177e-34
CASSLIGGAQNIQYF,ALYGSVPVL,B*27:09,0,0,0,2.335109e-34
CASSLIGGAQNIQYF,YHSIEWAI,B*27:05,0,0,0,1.0261262e-31
CASSLIGGAQNIQYF,KAFSPEVIPMF,A*03:01,0,0,0,1.1866886e-35
CASSLIGGAQNIQYF,RLVPYLEFL,A*02:01,0,0,0,4.9850065e-36
CASSLILDSPLHF,LIIPFIHLI,B*57:01,0,0,0,3.5242457e-30
CASSLILDSPLHF,TRLALIAPK,A*03:01,0,0,0,7.349204e-35
CASSLILDSPLHF,FEDLRVLSF,A*24:02,0,0,0,1.5706017e-36
CASSLILDSPLHF,RYPLTFGWCF,B*35:01,0,0,0,1.9637548e-37
CASSLILDSPLHF,VYIGDPAQL,B*57:01,0,0,0,4.149944e-39
CASSLILDSPLHF,FEDLRVLSF,B*35:01,0,0,0,9.84653e-40
CASSLIQGAVDTQYF,RYRIGNYKL,A*02:01,0,0,0,1.069533e-39
CASSLIQGAVDTQYF,KAFSPEVIPMF,B*15:01,0,0,0,7.00753e-40
CASSLIQGAVDTQYF,NMINFAPNI,A*01:01,0,0,0,2.1466e-41
CASSLIQGAVDTQYF,KLSALGINAV,B*38:01,0,0,0,0.0
CASSLISEATGLEAFF,SPRWYFYYL,B*27:09,0,0,0,0.0
CASSLISEATGLEAFF,HPVGEADYFEY,B*07:02,0,0,0,0.0
CASSLISEATGLEAFF,LLAGTLAGV,B*37:01,0,0,0,0.0
CASSLISEATGLEAFF,QYDPVAALF,A*02:01,0,0,0,0.0
CASSLISEATGLEAFF,QKRPIPIKYKAM,B*35:08,0,0,0,0.0
CASSLISRTQYF,SLAPLSPRA,A*68:01,0,0,0,0.0
CASSLISRTQYF,LLAGTLAVV,B*51:01,0,0,0,0.0
CASSLISRTQYF,RYPLTFGW,B*07:02,0,0,0,0.0
CASSLISRTQYF,LLAMTVPNV,B*57:01,0,0,0,0.0
CASSLISRTQYF,LMFWASSSI,B*35:08,0,0,0,0.0
CASSLISRTQYF,IMDQVPFSV,B*27:09,0,0,0,0.0
CASSLITGGAKNIQYF,KLNTITPVV,B*08:01,0,0,0,0.0
CASSLITGGAKNIQYF,YVLTWIVGA,A*01:01,0,0,0,0.0
CASSLITGGAKNIQYF,MLNIPSINV,B*15:01,0,0,0,0.0
CASSLITGGAKNIQYF,LLFALYFSA,A*02:01,0,0,0,0.0
CASSLITGGAKNIQYF,KVKEVCPNV,B*27:09,0,0,0,0.0
CASSLITGGAKNIQYF,ALYGSVPVL,B*27:09,0,0,0,0.0
CASSLKTGGSTEAFF,TRLALIAPK,B*08:01,0,0,0,0.0
CASSLLAGYNEQFF,TAFTIPSI,B*35:08,0,0,0,0.0
CASSLLAGYNEQFF,QYDPVAALF,A*24:02,0,0,0,4.6792392e-32
CASSLLAGYNEQFF,TSTLQEQIGW,A*02:01,0,0,0,1.4885122e-31
CASSLLAGYNEQFF,CTELKLNDY,A*01:01,0,0,0,5.932267e-31
CASSLLAGYNEQFF,CTELKLSDY,B*08:01,0,0,0,5.5598355e-30
CASSLLGNTEAFF,ILTGLNYEV,B*57:01,0,0,0,1.438349e-28
CASSLLGNTEAFF,LLAMTVPNV,A*03:01,0,0,0,1.7686021e-32
CASSLLGNTEAFF,RFPLTFGWCF,B*38:01,0,0,0,2.4567937e-30
CASSLLGNTEAFF,RQLLFVVEV,A*11:01,0,0,0,2.4869843e-32
CASSLLGNTEAFF,KMVAVFYTT,B*37:01,0,0,0,3.6032856e-28
CASSLLGNTEAFF,MMPFSIVYI,A*03:01,0,0,0,1.6072934e-31
CASSLLGQSTNEKLFF,KMVTVCPNT,B*35:08,0,0,0,5.24e-43
CASSLLGQSTNEKLFF,VYGIRLEHF,B*27:09,0,0,0,3.03e-43
CASSLLKGTLHF,LLAILTYYV,B*57:01,0,0,0,3.47842e-40
CASSLLKGTLHF,VMPFSIVYIV,B*35:08,0,0,0,6.052e-41
CASSLLKGTLHF,SLLMWITQC,A*11:01,0,0,0,5.31e-42
CASSLLKGTLHF,LMFWASSSI,B*35:08,0,0,0,9.925e-42
CASSLLKGTLHF,ILNAMITKI,A*24:02,0,0,0,0.0
CASSLLKGTLHF,CTELKLSDY,B*08:01,0,0,0,3e-45
CASSLLKGTLHF,ELAGIGILTV,B*38:01,0,0,0,2.7e-44
CASSLLKGTLHF,QYIKWPWYI,A*02:01,0,0,0,3.6e-44
CASSLLKGTLHF,VYIGDPAQL,B*15:01,0,0,0,1e-45
CASSLLLSREQFF,VLFGLGFAI,A*02:01,0,0,0,4e-45
CASSLLLSREQFF,KTFPPTEPK,A*03:01,0,0,0,0.0
CASSLLLSREQFF,VLFGLGFAI,A*01:01,0,0,0,1e-45
CASSLLLSREQFF,GCQEICPAC,A*68:01,0,0,0,2.7848551e-24
CASSLLLSREQFF,FLRGRAYGL,B*27:05,0,0,0,5.8389636e-22
CASSLLVEQF,KLLEIAPNC,B*35:01,0,0,0,1.3586728e-20
CASSLLVEQF,LLFALYFSA,B*38:01,0,0,0,1.063934e-23
CASSLLVEQF,KAFSPEVIPMF,A*11:01,0,0,0,1.2598859e-24
CASSLLVEQF,SLLMWITQA,B*07:02,0,0,0,1.5323185e-20
CASSLLVEQF,VMPFSIVYIV,A*68:01,0,0,0,4.235491e-25
CASSLLWRNNEQFF,GQVMVVAPR,B*57:01,0,0,0,2.6505155e-23
CASSLLWRNNEQFF,QYIKWPWYI,A*02:01,0,0,0,1.153691e-24
CASSLLWRNNEQFF,SLLMPILTL,A*02:01,0,0,0,3.3950933e-24
CASSLLWRNNEQFF,RLPGVLPRA,A*03:01,0,0,0,3.4573913e-27
CASSLLWRNNEQFF,FLTVFSHFM,B*27:09,0,0,0,3.7118493e-24
CASSLLWRNNEQFF,ELAGIGILTV,B*07:02,0,0,0,4.4369474e-24
CASSLMGAEAFF,FLYNPLTRV,A*02:01,0,0,0,2.983246e-26
CASSLMGAEAFF,LRVMMLAPF,B*07:02,0,0,0,3.859488e-26
CASSLMGAEAFF,ALSPVIPLI,B*27:09,0,0,0,9.7170124e-26
CASSLMGAEAFF,SLLWMNPFV,A*11:01,0,0,0,1.4154135e-26
CASSLMGAEAFF,KRPIPIKYKAM,B*15:01,0,0,0,3.1604233e-25
CASSLMGAEAFF,VLNYFKPYL,A*01:01,0,0,0,4.901665e-26
CASSLMGAEAFF,KRPIPIKYKAM,A*30:02,0,0,0,3.8124018e-25
CASSLMGAEAFF,LMFWASSSI,B*35:01,0,0,0,1.7056504e-31
CASSLNREGNTEAFF,MTLHGFMMY,A*01:01,0,0,0,4.1274747e-33
CASSLNREGNTEAFF,MLNIPSINV,B*57:01,0,0,0,1.1205452e-30
CASSLNREGNTEAFF,LLAMTVPNV,B*37:01,0,0,0,1.4337068e-31
CASSLNREGNTEAFF,VVMSWAPPV,A*02:01,0,0,0,3.4493765e-15
CASSLNREGNTEAFF,SLLWMNPFV,A*02:01,0,0,0,2.4653464e-15
CASSLNREGNTEAFF,TAFTIPSI,B*27:09,0,0,0,8.720667e-14
CASSLNREGNTEAFF,RYPLTFGW,A*03:01,0,0,0,7.19422e-15
CASSLNRGLNTGELFF,ALYGFVPVL,A*03:01,0,0,0,7.121373e-15
CASSLNRGLNTGELFF,ALYGFVPVL,B*27:09,0,0,0,2.3452113e-14
CASSLNRGLNTGELFF,LLSIIFFPA,A*24:02,0,0,0,2.2420374e-14
CASSLNRGLNTGELFF,SLLMPILTL,B*38:01,0,0,0,1.2164319e-13
CASSLNRGLNTGELFF,LLSIISFPA,B*15:01,0,0,0,9.464027e-14
CASSLPDNNEQFF,LRVMMLAPF,B*07:02,0,0,0,1.5357064e-13
CASSLPDNNEQFF,KRPIPIKYKAM,A*11:01,0,0,0,1.3434429e-13
CASSLPGAGHIQYF,LVLEVDPNI,A*01:01,0,0,0,6.671131e-14
CASSLPGAGHIQYF,FEDLRVSSF,A*02:01,0,0,0,8.732842e-16
CASSLPGAGHIQYF,LLFALHFSA,A*68:01,0,0,0,2.2436544e-14
CASSLPGAGHIQYF,RLVPYLEFL,A*11:01,0,0,0,3.8657453e-36
CASSLPGAGHIQYF,TRLALIAPK,A*03:01,0,0,0,5.0374877e-33
CASSLPGAGHIQYF,NLVPMVATV,B*38:01,0,0,0,1.4748903e-31
CASSLPGAGHIQYF,SPRWYFYYL,A*30:02,0,0,0,2.2518286e-34
CASSLPGAGHIQYF,KRPIPIKYKAM,B*27:09,0,0,0,9.2810125e-29
CASSLPGAGHIQYF,MLYQHLLPL,B*15:01,0,0,0,5.9500613e-30
CASSLPGAGHIQYF,LLWNGPMAV,B*35:08,0,0,0,1.7457792e-12
CASSLPGAGHIQYF,GILGFVFTL,B*35:08,0,0,0,1.2106414e-12
CASSLPGANVLTF,CFLLILPNC,A*24:02,0,0,0,1.3723984e-13
CASSLPGANVLTF,CTELKLSDY,B*15:01,0,0,0,1.3912852e-13
CASSLPGANVLTF,DATYQRTRALVR,A*03:01,0,0,0,1.4377236e-13
CASSLPGANVLTF,CFVECAPVC,B*57:01,0,0,0,8.01777e-13
CASSLPGANVLTF,LLSIISFPA,A*68:01,0,0,0,4.8464552e-14
CASSLPGANVLTF,FEDLRLLSF,B*35:01,0,0,0,5.809774e-13
CASSLPGANVLTF,TAFTIPSI,A*68:01,0,0,0,1e-45
CASSLPGGPRETQYF,LLFGMTPCL,A*03:01,0,0,0,4e-45
CASSLPGGPRETQYF,NLVPMVATV,B*57:01,0,0,0,9.909e-42
CASSLPGGPRETQYF,RLGPYLEFL,B*37:01,0,0,0,6.276769e-33
CASSLPGGPRETQYF,SLLMWITQA,B*08:01,0,0,0,1.1761594e-30
CASSLPGGPRETQYF,TSTLQEQIGW,B*35:01,0,0,0,3.6212037e-33
CASSLPGGPRETQYF,QSRGDENRGW,B*15:01,0,0,0,1.5678273e-32
CASSLPGGPRETQYF,QSRGDENRGW,B*07:02,0,0,0,2.1230401e-31
CASSLPGGPRETQYF,CTELKLSDY,A*03:01,0,0,0,1.1523514e-36
CASSLPLAGARAYEQYF,SLLMWITQA,B*57:01,0,0,0,2.455354e-20
CASSLPLAGARAYEQYF,LLFALYFSA,B*27:05,0,0,0,1.5801252e-23
CASSLPLAGARAYEQYF,QSRGDENRGW,B*35:01,0,0,0,3.7484243e-21
CASSLPLAGARAYEQYF,RLPGVLPRA,B*38:01,0,0,0,2.0664361e-24
CASSLPLAGARAYEQYF,QKRPIPIKYKAM,A*11:01,0,0,0,5.5325783e-25
CASSLPPADMRDTQYF,VVLSWAPPV,B*07:02,0,0,0,3.8316403e-21
CASSLPRGYGYTF,LRVMMLAPF,A*68:01,0,0,0,3.9285577e-27
CASSLPRGYGYTF,FTSDYYQLY,B*27:05,0,0,0,4.0562664e-26
CASSLPRGYGYTF,SLAPLSPRV,B*27:09,0,0,0,1.0190008e-21
CASSLPRGYGYTF,KTWGQYWQV,A*03:01,0,0,0,4.0097476e-24
CASSLPRGYGYTF,MLYQHLLPL,B*35:01,0,0,0,1.4458605e-32
CASSLPRGYGYTF,VLFGLGFAI,B*07:02,0,0,0,4.979386e-34
CASSLPRGYGYTF,QSRGDENRGW,A*02:01,0,0,0,1.2182655e-33
CASSLPRGYGYTF,NLNCCSVPV,B*27:05,0,0,0,1.0280023e-32
CASSLPRGYGYTF,YVLTWIVGA,A*24:02,0,0,0,8.3883624e-32
CASSLQASGRETQYF,TAFTIPSI,B*38:01,0,0,0,4.4694215e-34
CASSLQASGRETQYF,VAANIVLTV,A*24:02,0,0,0,6.143228e-36
CASSLQASGRETQYF,FTSDYYQLY,A*01:01,0,0,0,1.06484506e-35
CASSLQASGRETQYF,GILGFVFTL,B*35:01,0,0,0,1.09947454e-32
CASSLQASGRETQYF,QKRPIPIKYKAM,A*02:01,0,0,0,3.8819072e-31
CASSLQASGRETQYF,IVCPICSQK,B*38:01,0,0,0,6.741788e-30
CASSLQASGRETQYF,CTELKLNDY,B*35:08,0,0,0,1.9955922e-30
CASSLQGGYGGGYTF,TRLALIAPK,B*07:02,0,0,0,1.1972868e-29
CASSLQGGYGGGYTF,RLQSLQTYV,B*07:02,0,0,0,6.312051e-30
CASSLQGGYGGGYTF,LRVMMLAPF,B*35:01,0,0,0,2.560808e-30
CASSLQGGYGGGYTF,LLFGYPVYV,A*01:01,0,0,0,4.009762e-32
CASSLQGGYGGGYTF,DATYQRTRALVR,B*27:05,0,0,0,4.1949457e-29
CASSLQGGYGGGYTF,VLNYFEPYL,B*27:09,0,0,0,4.628052e-28
CASSLQGGYGGGYTF,CFVECAPVC,A*11:01,0,0,0,7.853729e-32
CASSLQNTGELFF,ILNVDVFTL,A*01:01,0,0,0,2.0391724e-29
CASSLQNTGELFF,VYFLQSINF,B*15:01,0,0,0,3.6227354e-34
CASSLQNTGELFF,VLNYFEPYL,B*38:01,0,0,0,4.487162e-23
CASSLQNTGELFF,LLAGTLAVV,A*02:01,0,0,0,1.2717389e-26
CASSLQNTGELFF,FMLYLLTLM,A*68:01,0,0,0,4.3390743e-26
CASSLRDSSYEQYF,KVKEVCPNV,A*02:01,0,0,0,5.2200224e-27
CASSLRDSSYEQYF,FLRGRAYGL,B*08:01,0,0,0,1.9821846e-24
CASSLRDSSYEQYF,LLFGMTPCL,B*27:09,0,0,0,7.9403686e-24
CASSLRDSSYEQYF,VVLSWAPPV,B*37:01,0,0,0,5.421792e-29
CASSLRDSSYEQYF,LPRWYFYYL,B*07:02,0,0,0,8.4857806e-33
CASSLREAGELFF,NMIHFAPNV,B*35:08,0,0,0,6.7673196e-31
CASSLREAGELFF,FTSDYYQLY,B*27:09,0,0,0,5.5223687e-34
CASSLREAGELFF,LLFGMTPCL,A*24:02,0,0,0,3.7560486e-31
CASSLREAGELFF,FLIYLDVSV,B*35:08,0,0,0,4.16127e-28
CASSLREAGELFF,RYRIGNYKL,B*37:01,0,0,0,1.8019813e-29
CASSLREAGELFF,ALYGSVPVL,B*57:01,0,0,0,2.1981166e-31
CASSLRGEKNNYGYTF,YVLDHLIVV,A*03:01,0,0,0,2.0100451e-32
CASSLRGEKNNYGYTF,MLYQHLLPL,B*37:01,0,0,0,5.9327255e-29
CASSLRGEKNNYGYTF,LLFALYFSA,B*35:01,0,0,0,1.6106885e-30
CASSLRGEKNNYGYTF,RTMEVCYNT,B*08:01,0,0,0,1.4956676e-30
CASSLRGEKNNYGYTF,LMFWASSSI,A*30:02,0,0,0,4.9176633e-32
CASSLRGEKNNYGYTF,ALSPVIPHI,A*11:01,0,0,0,2.1073613e-32
CASSLRGEKNNYGYTF,KLLEIAPNC,A*68:01,0,0,0,0.0
CASSLRGLNQPQHF,GILGFVFTL,A*03:01,0,0,0,0.0
CASSLRGLNQPQHF,SVYGDTLEK,A*30:02,0,0,0,0.0
CASSLRGLNQPQHF,AVGSYVYSV,A*02:01,0,0,0,0.0
CASSLRGLNQPQHF,GILGFVFTL,B*38:01,0,0,0,0.0
CASSLRGLNQPQHF,QYDPVAALF,B*08:01,0,0,0,0.0
CASSLRGLNQPQHF,SPRWYFYYL,B*37:01,0,0,0,2.800147e-35
CASSLRGLNQPQHF,FLRGRAYGL,A*02:01,0,0,0,3.8634994e-31
CASSLRGLNQPQHF,QSRGDENRGW,B*08:01,0,0,0,1.2370564e-29
CASSLRGPTGYTF,VMPFSIVYI,B*35:08,0,0,0,8.376878e-33
CASSLRGPTGYTF,RPIPIKYKAM,B*37:01,0,0,0,4.468218e-31
CASSLRGPTGYTF,RYRIGNYKL,B*27:05,0,0,0,9.791406e-31
CASSLRGPTGYTF,ALYGSVPVL,A*30:02,0,0,0,0.0
CASSLRGPTGYTF,GILGFVFTL,A*30:02,0,0,0,0.0
CASSLRSGTGELFF,ILNAMIAKI,B*07:02,0,0,0,0.0
CASSLRSGTGELFF,SLLMPILTL,A*30:02,0,0,0,0.0
CASSLRSGTGELFF,KMVTVCPNT,A*68:01,0,0,0,0.0
CASSLRTDRF,NDMLVCANI,B*37:01,0,0,0,0.0
CASSLRTDRF,SPRWYFYYL,A*11:01,0,0,0,0.0
CASSLRTDRF,LLAGTLAVV,A*24:02,0,0,0,0.0
CASSLRTDRF,ILNAMITKI,A*01:01,0,0,0,0.0
CASSLRTGPRADTQYF,THLMVLCCV,B*27:09,0,0,0,0.0
CASSLRTGPRADTQYF,TTDPSFLGRY,B*38:01,0,0,0,0.0
CASSLRTGPRADTQYF,VYFLQSINF,B*57:01,0,0,0,0.0
CASSLRTGPRADTQYF,LLFGMTPCL,B*27:05,0,0,0,3.7956342e-36
CASSLSFGTEAFF,QYIKWPWYI,A*68:01,0,0,0,2.575355e-38
CASSLSFGTEAFF,CLGGLLTMV,A*30:02,0,0,0,7.85831e-40
CASSLSFGTEAFF,FMLYLLTLM,B*38:01,0,0,0,1.2169492e-36
CASSLSFGTEAFF,SLLWMNPFV,B*15:01,0,0,0,1.6583363e-35
CASSLSGGFYEQYFGF,CFLLILPNC,B*51:01,0,0,0,8.4410895e-35
CASSLSGGPQHF,QKRPIPIKYKAM,B*08:01,0,0,0,7.246393e-36
CASSLSGGPQHF,SPRWYFYYL,B*37:01,0,0,0,7.661445e-39
CASSLSGGPQHF,LVLEVDPNI,B*35:01,0,0,0,5.630686e-34
CASSLSGGPQHF,LLFGYPVYV,B*37:01,0,0,0,3.659721e-21
CASSLSGGPQHF,MLYQHLLPL,B*08:01,0,0,0,2.9067983e-20
CASSLSGGPQHF,QYIKWPWYI,B*27:05,0,0,0,3.5842175e-20
CASSLSGGPQHF,RLPGVLPRA,B*27:09,0,0,0,5.4784887e-21
CASSLSGGPQHF,VAANIVLTV,A*68:01,0,0,0,3.45122e-22
CASSLSGGPQHF,VMHANYIFW,B*15:01,0,0,0,5.329092e-20
CASSLSGQGATNEKLFF,LLAMTVPNV,B*27:09,0,0,0,3.551778e-30
CASSLSGQGATNEKLFF,GQFLTPNSH,B*07:02,0,0,0,1.2468039e-33
CASSLSGQGATNEKLFF,SLLMWITQA,B*15:01,0,0,0,8.6995676e-29
CASSLSGQGATNEKLFF,SLAPLSPRV,A*11:01,0,0,0,7.15083e-29
CASSLSGQGATNEKLFF,FTSDYYQLY,A*01:01,0,0,0,9.506937e-30
CASSLSGQGATNEKLFF,FEDLRVSSF,B*08:01,0,0,0,1.7389879e-29
CASSLSGQGATNEKLFF,KLWASPLHV,B*57:01,0,0,0,6.123839e-26
CASSLSGQGATNEKLFF,ILNAMITKI,B*15:01,0,0,0,6.3639423e-28
CASSLSGQGATNEKLFF,QSRGDENRGW,B*38:01,0,0,0,1.7064551e-26
CASSLSGQGATNEKLFF,KMVAVFYTT,B*51:01,0,0,0,2.017043e-13
CASSLSGVAYGYTF,VLNYFKPYL,A*68:01,0,0,0,1.8611692e-14
CASSLSGVAYGYTF,ILNVDIFTL,A*01:01,0,0,0,2.7222384e-13
CASSLSGVAYGYTF,VYGIRLEHF,A*01:01,0,0,0,3.6304624e-15
CASSLSLGGQYNGYTF,RYRIGNYKL,A*03:01,0,0,0,1.1090891e-14
CASSLSLGGQYNGYTF,ILNAMITKI,A*24:02,0,0,0,4.3346483e-15
CASSLSLGGQYNGYTF,NLVPMVATV,B*27:05,0,0,0,1.2719802e-13
CASSLSLGGQYNGYTF,GCQEICPAC,B*35:01,0,0,0,1.4196277e-16
CASSLSLGGQYNGYTF,QYDPVAALF,A*24:02,0,0,0,1.3346334e-18
CASSLSLGGQYNGYTF,TSTLQEQIGW,A*24:02,0,0,0,1.2173875e-18
CASSLSPGYTEAFF,TAFTIPSI,B*57:01,0,0,0,1.1004905e-16
CASSLSPGYTEAFF,SPRWYFYYL,A*02:01,0,0,0,2.168821e-18
CASSLSPGYTEAFF,KMVAVFYTT,B*37:01,0,0,0,0.0
CASSLSPGYTEAFF,SLLMPILTL,A*02:01,0,0,0,0.0
CASSLSPTDTQYF,KLSALGINAV,B*27:05,0,0,0,0.0
CASSLSPTDTQYF,RPPIFIRRL,B*27:09,0,0,0,0.0
CASSLSPTDTQYF,RLVPYLEFL,B*35:01,0,0,0,0.0
CASSLSSATGELF,IPSINVHHY,B*38:01,0,0,0,0.0
CASSLSSATGELF,NMIHFAPNV,B*35:01,0,0,0,0.0
CASSLSSGPYNEQFF,IPSINVHHY,A*24:02,0,0,0,0.0
CASSLSSGPYNEQFF,AVGSYVYSV,B*27:05,0,0,0,3e-43
CASSLSTVFTDTQYF,VLFGLGFAI,B*51:01,0,0,0,5.04e-43
CASSLSTVFTDTQYF,KLLEIAPNC,A*24:02,0,0,0,1.5e-42
CASSLSTVFTDTQYF,NYNYLYRLF,A*01:01,0,0,0,1e-45
CASSLSWEDENTDTQYF,ILNAMITKI,B*15:01,0,0,0,1e-45
CASSLSWEDENTDTQYF,RFPLTFGWCF,A*03:01,0,0,0,1.1e-44
CASSLSWEDENTDTQYF,YVLTWIVGA,B*57:01,0,0,0,1.500456e-39
CASSLSWEDENTDTQYF,GMGPLLATV,A*01:01,0,0,0,4e-45
CASSLSWEDENTDTQYF,ALYGSVPVL,B*15:01,0,0,0,6e-45
CASSLSWGETQYF,GQVMVVAPR,B*51:01,0,0,0,3.797306e-33
CASSLSWGETQYF,RTMEVCYNT,A*03:01,0,0,0,1.1533892e-36
CASSLSWGETQYF,LLFALHFSA,B*15:01,0,0,0,9.52129e-34
CASSLSWGETQYF,FLRGRAYGL,B*08:01,0,0,0,6.7637734e-34
CASSLSWLDSQETQYF,FTSDYYQLY,B*35:01,0,0,0,3.7882576e-36
CASSLSWLDSQETQYF,KMVTVCPNT,B*27:09,0,0,0,3.67841e-34
CASSLSWLDSQETQYF,VVMSWAPPV,B*57:01,0,0,0,3.3086166e-36
CASSLSWLDSQETQYF,LLFGMPPCL,B*38:01,0,0,0,2.010967e-39
CASSLSWLDSQETQYF,VLFGLGFAI,B*37:01,0,0,0,2.039614e-39
CASSLSWLDSQETQYF,DATYQRTRALVR,A*68:01,0,0,0,3.4961e-41
CASSLSWLDSQETQYF,LLAILTYYV,B*38:01,0,0,0,2.3772126e-30
CASSLSWLDSQETQYF,GQFLTPNSH,B*35:08,0,0,0,1.2532167e-34
CASSLSYEQYF,GQMWLLAPR,B*35:01,0,0,0,3.883423e-36
CASSLSYEQYF,ILTGLNYEA,A*02:01,0,0,0,8.6009526e-33
CASSLSYEQYF,KVKEVCPNV,B*08:01,0,0,0,7.425492e-34
CASSLTALGAAYVYTF,RTMEVCYNT,B*07:02,0,0,0,2.6572647e-33
CASSLTALGAAYVYTF,VYFLQSINF,B*27:09,0,0,0,1.541493e-36
CASSLTALGAAYVYTF,RLGPYLEFL,A*68:01,0,0,0,1.9585201e-35
CASSLTALGAAYVYTF,TAFTIPSI,A*68:01,0,0,0,4.8945565e-22
CASSLTALGAAYVYTF,ILNAMIAKI,B*51:01,0,0,0,2.4730436e-21
CASSLTGETEKLF,CFLLILPNC,A*03:01,0,0,0,6.832566e-21
CASSLTGETEKLF,LLAGTLAGV,A*02:01,0,0,0,1.1874216e-21
CASSLTGETEKLF,FLYNLLTRV,A*03:01,0,0,0,1.4882132e-21
CASSLTGETEKLF,LLSIISFPA,B*15:01,0,0,0,2.3146466e-21
CASSLTGETEKLF,RLGPYLEFL,A*01:01,0,0,0,7.9238613e-28
CASSLTGETEKLF,SLAPLSPRV,B*15:01,0,0,0,5.096889e-25
CASSLTGETEKLF,SLLMWITQA,B*15:01,0,0,0,2.6015199e-24
CASSLTGETEKLF,TAFTIPSI,B*27:09,0,0,0,1.4274852e-24
CASSLTGETEKLF,ITDQVPFSV,A*30:02,0,0,0,1.0007233e-26
CASSLTGETEKLF,VYFLQSINF,A*03:01,0,0,0,1.8109061e-28
CASSLTGGGNYGYTF,HPVGEADYFEY,B*51:01,0,0,0,0.0
CASSLTGGGNYGYTF,VMHANYIFW,A*03:01,0,0,0,0.0
CASSLTGGGNYGYTF,ALSPVIPHI,B*27:09,0,0,0,0.0
CASSLTGGGNYGYTF,ILTGLNYEA,B*35:08,0,0,0,0.0
CASSLTGGGNYGYTF,NDMLVCANI,A*11:01,0,0,0,0.0
CASSLTGHNQPQHF,SLAPLSPRV,B*57:01,0,0,0,0.0
CASSLTGHNQPQHF,NDMLVCANI,A*30:02,0,0,0,0.0
CASSLTGHNQPQHF,HTMLCMCCK,B*08:01,0,0,0,0.0
CASSLTGHNQPQHF,QYIKWPWYI,A*30:02,0,0,0,4.8103424e-34
CASSLTGHNQPQHF,RPRGEVRFL,A*02:01,0,0,0,3.4168928e-33
CASSLTGHNQPQHF,GQMWLLAPR,B*37:01,0,0,0,1.0123459e-33
CASSLTGQGAFF,ALYGFVPVL,B*37:01,0,0,0,2.516703e-32
CASSLTGQGAFF,CFVECAPVC,B*51:01,0,0,0,1.07277686e-32
CASSLTGQGAFF,RPRGEVRFL,B*35:01,0,0,0,1.0225234e-31
CASSLTGQGAFF,IPSINVHHY,A*02:01,0,0,0,3.199131e-39
CASSLTGQGAFF,FLTVFSHFM,A*11:01,0,0,0,4.985627e-39
CASSLTGQGAFF,FLYNPLTRV,B*35:01,0,0,0,8.5053004e-38
CASSLTGQGAFF,MMPFSIVYI,B*27:09,0,0,0,1.4273724e-37
CASSLTGQGAFF,IPSINVHHY,B*15:01,0,0,0,3.734631e-39
CASSLTGQGAFF,KMVTVCPNT,A*03:01,0,0,0,7.37178e-40
CASSLTGQGAFF,LLWNGPMAV,A*30:02,0,0,0,4.131513e-38
CASSLTGRETQYF,ITDQVPFSV,A*30:02,0,0,0,3.63194e-40
CASSLTGRETQYF,RYPLTFGWCF,B*57:01,0,0,0,1.0059196e-36
CASSLTGRETQYF,HPVGEADYFEY,B*37:01,0,0,0,1.3089513e-37
CASSLTGRETQYF,NLFNRYPAL,A*11:01,0,0,0,7.255925e-39
CASSLTGRETQYF,KLWASPLHV,B*27:09,0,0,0,4.3208314e-37
CASSLTGRETQYF,SVYGDTLEK,A*24:02,0,0,0,9.7498e-40
CASSLTGRETQYF,LIIPFIHLI,B*27:05,0,0,0,2.6582586e-25
CASSLTGRETQYF,ALSPVIPLI,A*24:02,0,0,0,2.5776877e-28
CASSLTGSAEAFF,LLFALHFSA,B*27:05,0,0,0,1.3921255e-26
CASSLTGSAEAFF,SLLMPILTL,B*27:09,0,0,0,3.8636847e-27
CASSLTGSAEAFF,KMVAVFYNT,B*27:05,0,0,0,1.9173961e-27
CASSLTGSAEAFF,CTELKLSDY,B*35:08,0,0,0,3.6163638e-30
CASSLTGTGSYNEQFF,QKRPIPIKYKAM,B*35:08,0,0,0,2.8294086e-26
CASSLTGTGSYNEQFF,ALSKGVHFV,B*38:01,0,0,0,6.0999323e-29
CASSLTGTGSYNEQFF,KLWASPLHV,A*01:01,0,0,0,2.1877647e-27
CASSLTGTGSYNEQFF,ELAGIGILTV,A*01:01,0,0,0,1.6789412e-27
CASSLTQNEQFF,THLMVLCCV,B*38:01,0,0,0,5.484536e-27
CASSLTQNEQFF,IMDQVPFSV,B*08:01,0,0,0,1.0742456e-27
CASSLTQNEQFF,DATYQRTRALVR,B*08:01,0,0,0,3.7685013e-26
CASSLTQNEQFF,CFLLILPNC,B*15:01,0,0,0,3.2413728e-26
CASSLTQNEQFF,GQFLTPNSH,B*51:01,0,0,0,3.591871e-26
CASSLTQNEQFF,VMPFSIVYIV,B*27:05,0,0,0,5.628514e-35
CASSLTQNEQFF,SLAPLSPRA,A*11:01,0,0,0,8.873446e-38
CASSLVAGPYSQETQYF,LLFGMTPCL,B*08:01,0,0,0,1.3551996e-35
CASSLVAGPYSQETQYF,KVKEVCPNV,A*11:01,0,0,0,1.1780135e-38
CASSLVAGPYSQETQYF,NMIHFAPNV,B*27:05,0,0,0,9.407411e-36
CASSLVAGPYSQETQYF,YVLTWIVGA,B*37:01,0,0,0,1.1597537e-32
CASSLVAGPYSQETQYF,KMVTVCPNT,A*01:01,0,0,0,6.175431e-39
CASSLVAGPYSQETQYF,KLSALGINAV,A*01:01,0,0,0,3.9634137e-30
CASSLVAGPYSQETQYF,FLIYLDVSV,B*38:01,0,0,0,7.827629e-29
CASSLVAGPYSQETQYF,KMVTVCPNT,B*08:01,0,0,0,3.869665e-31
CASSLVDSGLYEQYF,QSRGDENRGW,A*24:02,0,0,0,9.837734e-28
CASSLVDSGLYEQYF,EAAGIGILTV,A*24:02,0,0,0,1.7380312e-31
CASSLVDSGLYEQYF,AEMEFCPCC,A*01:01,0,0,0,8.4079415e-31
CASSLVDSGLYEQYF,MTLHGFMMY,B*27:09,0,0,0,5.762354e-31
CASSLVDSGLYEQYF,VMHANYIFW,A*01:01,0,0,0,3.9149382e-30
CASSLVDSGLYEQYF,RFPLTFGWCF,A*24:02,0,0,0,1.2050792e-32
CASSLVDSGLYEQYF,SLLWMNPFV,A*02:01,0,0,0,7.514036e-31
CASSLVESEQFF,RPIPIKYKAM,B*51:01,0,0,0,2.218271e-34
CASSLVESEQFF,AEMEFCPCC,B*35:08,0,0,0,2.1567177e-33
CASSLVESEQFF,GMGPLLATV,B*37:01,0,0,0,5.3472974e-35
CASSLVESEQFF,SPRWYFYYL,B*35:08,0,0,0,1.2775722e-36
CASSLVESEQFF,ILTGLNYEA,B*38:01,0,0,0,5.1252506e-35
CASSLVGAEAFF,KLWASPLHV,B*57:01,0,0,0,2.3055752e-24
CASSLVGAEAFF,ALSKGVHFV,A*24:02,0,0,0,3.700562e-27
CASSLVGAEAFF,LLFALYFSA,B*08:01,0,0,0,1.428824e-26
CASSLVGEGRGREQYF,RYPLTFGW,B*27:05,0,0,0,2.8562908e-27
CASSLVGEGRGREQYF,VMPFSIVYIV,B*51:01,0,0,0,6.709972e-23
CASSLVGEGRGREQYF,GMGPLLATV,A*01:01,0,0,0,6.0859897e-28
CASSLVGEGRGREQYF,YVLTWIVGA,B*38:01,0,0,0,2.373118e-22
CASSLVGGRSGSEQFF,ILNVDIFTL,A*01:01,0,0,0,2.7041519e-24
CASSLVGGRSGSEQFF,LLFGYPVYV,B*27:09,0,0,0,6.9014616e-28
CASSLVGGRSGSEQFF,HTMLCMCCK,A*68:01,0,0,0,2.4004753e-24
CASSLVGGRSGSEQFF,KRPIPIKYKAM,A*03:01,0,0,0,2.2778704e-25
CASSLVGGRSGSEQFF,KVKEVCPNV,B*57:01,0,0,0,2.838004e-25
CASSLVGGRSGSEQFF,EIQEFCPNT,B*35:01,0,0,0,1.256066e-24
CASSLVPGNHNEQFF,EAAGIGILTV,B*51:01,0,0,0,3.757524e-24
CASSLVPGNHNEQFF,LLFGMPPCL,B*37:01,0,0,0,4.546047e-25
CASSLVPGNHNEQFF,CTELKLNDY,A*68:01,0,0,0,6.1418503e-27
CASSLVPGNHNEQFF,ILNAMIAKI,A*01:01,0,0,0,8.885559e-26
CASSLVPGNHNEQFF,LPRWYFYYL,A*01:01,0,0,0,1.0937947e-30
CASSLVPGNHNEQFF,LLSIISFPA,B*37:01,0,0,0,3.2249797e-27
CASSLVPSGQANTEAFF,ILNAMIAKI,A*02:01,0,0,0,5.568259e-31
CASSLVPSGQANTEAFF,KLWASPLHV,B*15:01,0,0,0,1.3965761e-28
CASSLVPSGQANTEAFF,GQFLTPNSH,B*08:01,0,0,0,4.1476234e-29
CASSLVPSGQANTEAFF,ILNVDIFTL,B*08:01,0,0,0,8.342336e-27
CASSLVPSGQANTEAFF,MIISHLYLI,B*51:01,0,0,0,2.464164e-28
CASSLVRADGETQYF,VMHANYIFW,A*68:01,0,0,0,2.4218382e-27
CASSLVRADGETQYF,GCQEICPAC,A*68:01,0,0,0,1.5413884e-27
CASSLVRADGETQYF,IPSINVHHY,B*37:01,0,0,0,1.4092993e-25
CASSLVRADGETQYF,TSTLQEQIGW,B*08:01,0,0,0,2.0040719e-26
CASSLVRADGETQYF,HTMLCMCCK,B*38:01,0,0,0,3.768904e-26
CASSLVRADGETQYF,YVLDHLIVV,B*51:01,0,0,0,0.0
CASSLVRADGETQYF,THLMVLCCV,A*11:01,0,0,0,0.0
CASSLVRDRHTEAFF,ALSKGVHFV,B*27:05,0,0,0,0.0
CASSLVRDRHTEAFF,FLYNPLTRV,B*08:01,0,0,0,0.0
CASSLVRDRHTEAFF,ILTGLNYEA,B*37:01,0,0,0,0.0
CASSLVRDRHTEAFF,ELAGIGILTV,B*35:01,0,0,0,0.0
CASSLVRDRHTEAFF,ALYGSVPVL,A*03:01,0,0,0,2.16812e-40
CASSLVSGREETQYF,NLFNRYPAL,B*57:01,0,0,0,3.6441398e-32
CASSLVSGREETQYF,KLLEIAPNC,A*03:01,0,0,0,8.4663075e-35
CASSLVSGREETQYF,ILNVDIFTL,A*01:01,0,0,0,8.4190375e-33
CASSLVSGREETQYF,SLAPLSPRV,B*51:01,0,0,0,3.3770622e-31
CASSLVSGREETQYF,NLFNRYPAL,B*35:01,0,0,0,3.6441398e-32
CASSLVSGREETQYF,LMFWASSSI,B*27:05,0,0,0,1.6858729e-34
CASSLVTGTGWGYTF,MLNIPSINV,B*27:05,0,0,0,5.6849695e-33
CASSLVTGTGWGYTF,MLYQHLLPL,B*07:02,0,0,0,1.5927965e-32
CASSLVTGTGWGYTF,CTELKLSDY,A*11:01,0,0,0,9.6102e-41
CASSLVTGTGWGYTF,VYFLQSINF,B*37:01,0,0,0,0.0
CASSLVTGTGWGYTF,NDMLVCANI,B*15:01,0,0,0,0.0
CASSLVTGTGWGYTF,SLLWMNPFV,B*07:02,0,0,0,1e-45
CASSLVTGTGWGYTF,MLNIPSINV,A*68:01,0,0,0,0.0
CASSLWAGETQYF,VYGIRLEHF,B*35:01,0,0,0,0.0
CASSLWAGETQYF,LLFGMPPCL,B*37:01,0,0,0,0.0
CASSLWAGETQYF,KAFSPEVIPMF,B*08:01,0,0,0,0.0
CASSLWASGKWSTDTQYF,GILGFVFTL,B*57:01,0,0,0,0.0
CASSLWASGKWSTDTQYF,IMDQVPFSV,A*68:01,0,0,0,0.0
CASSLWASGKWSTDTQYF,LLWNGPMAV,A*30:02,0,0,0,8.0261e-41
CASSLWASGKWSTDTQYF,DATYQRTRALVR,A*11:01,0,0,0,1.478e-42
CASSLWASGKWSTDTQYF,EAAGIGILTV,A*24:02,0,0,0,5.09e-42
CASSLWASGKWSTDTQYF,FEDLRVSSF,B*08:01,0,0,0,1.54e-43
CASSLWASGKWSTDTQYF,LLAGTLAVV,A*01:01,0,0,0,2.09e-43
CASSLWGAGELFF,GQMWLLAPR,A*03:01,0,0,0,7e-45
CASSLWGAGELFF,LLAMTVPNV,B*08:01,0,0,0,9.1714e-41
CASSLWGAGELFF,IVCPICSQK,B*27:05,0,0,0,0.0
CASSLWGAGELFF,LLAGTLAGV,A*01:01,0,0,0,0.0
CASSLWGAGELFF,LLFGYPVYV,B*51:01,0,0,0,0.0
CASSLWGAGELFF,VLNYFEPYL,A*11:01,0,0,0,0.0
CASSLWGRALSYEQYF,VAANIVLTV,B*27:05,0,0,0,0.0
CASSLWGRALSYEQYF,LLAILTYYV,A*24:02,0,0,0,7e-45
CASSLWGRALSYEQYF,EAAGIGILTV,B*15:01,0,0,0,1.169176e-38
CASSLWGRALSYEQYF,VMHANYIFW,B*15:01,0,0,0,7.949893e-37
CASSLWGRALSYEQYF,ELAGIGILTV,B*37:01,0,0,0,1.6753754e-37
CASSLWGRALSYEQYF,VLFHRAFLV,A*68:01,0,0,0,7.952e-42
CASSLWGRALSYEQYF,NMINFAPNI,A*01:01,0,0,0,2.7454e-41
CASSLWGRALSYEQYF,RLQSLQTYV,A*11:01,0,0,0,6.729e-42
CASSLWGTEAFF,YLQPRTFLL,B*15:01,0,0,0,2.83507e-40
CASSLWGTEAFF,VLNYFKPYL,B*37:01,0,0,0,1.4941248e-34
CASSLWGTEAFF,ILNAMITKI,B*51:01,0,0,0,0.0
CASSLWGTEAFF,THLMVLCCV,A*02:01,0,0,0,0.0
CASSLWGTEAFF,KAFSPEVIPMF,B*15:01,0,0,0,0.0
CASSLWGTEAFF,VMPFSIVYIV,B*35:01,0,0,0,0.0
CASSLWGTEAFF,GMGPLLATV,A*24:02,0,0,0,0.0
CASSLWGTEAFF,VLFGLGFAI,A*03:01,0,0,0,0.0
CASSLWGTEAFF,KMVAVFYNT,A*30:02,0,0,0,0.0
CASSLWGTEAFF,TTDPSFLGRY,B*15:01,0,0,0,0.0
CASSLWGTEAFF,TTDPSFLGRY,B*07:02,0,0,0,0.0
CASSLWGTEAFF,HTMLCMCCK,B*07:02,0,0,0,1.794e-42
CASSLWGTEAFF,GCQEICPAC,B*07:02,0,0,0,1.22e-43
CASSLYGELYYGYTF,RLGPYLEFL,B*27:09,0,0,0,1e-45
CASSLYGELYYGYTF,TTDPSFLGRY,B*37:01,0,0,0,0.0
CASSLYGELYYGYTF,FLIYLDVSV,A*03:01,0,0,0,6e-45
CASSLYGELYYGYTF,NYNYLYRLF,A*02:01,0,0,0,0.0
CASSLYGELYYGYTF,VYGIRLEHF,B*27:09,0,0,0,0.0
CASSLYGELYYGYTF,THLMVLCCV,A*01:01,0,0,0,0.0
CASSLYGELYYGYTF,FEDLRLLSF,B*57:01,0,0,0,0.0
CASSLYGELYYGYTF,KVKEVCPNV,B*35:08,0,0,0,0.0
CASSLYGELYYGYTF,IVCPICSQK,B*37:01,0,0,0,0.0
CASSLYGGESQETQYF,ALSKGVHFV,A*30:02,0,0,0,0.0
CASSLYGGESQETQYF,MMPFSIVYI,A*30:02,0,0,0,0.0
CASSLYGGESQETQYF,KVKEVCPNV,A*68:01,0,0,0,2.5101e-41
CASSLYGGESQETQYF,KTFPPTEPK,B*27:05,0,0,0,2.22106e-40
CASSLYGGESQETQYF,KAFSPEVIPMF,B*07:02,0,0,0,7.0058605e-37
CASSLYGGESQETQYF,LLWNGPMAV,B*37:01,0,0,0,3.4604797e-34
CASSLYGGESQETQYF,LIIPFIHLI,B*07:02,0,0,0,1.0369169e-36
CASSLYGGESQETQYF,YHSIEWAI,B*07:02,0,0,0,2.5514175e-38
CASSLYRGLYEQYF,KLWASPLHV,A*02:01,0,0,0,2.7544615e-37
CASSLYRGLYEQYF,VVLSWAPPV,B*57:01,0,0,0,1.115227e-38
CASSLYRGLYEQYF,VMPFSIVYIV,B*07:02,0,0,0,2.422393e-34
CASSLYRGLYEQYF,LLFALYFSA,B*51:01,0,0,0,3.136e-42
CASSLYRGLYEQYF,KMVAVFYTT,B*51:01,0,0,0,5.955642e-39
CASSLYRGLYEQYF,RLPGVLPRA,A*24:02,0,0,0,1.373e-42
CASSLYRGLYEQYF,LRVMMLAPF,A*11:01,0,0,0,8e-45
CASSLYRGLYEQYF,KRPIPIKYKAM,B*51:01,0,0,0,1.1503887e-35
CASSLYTAVETQYF,RTMEVCYNT,B*08:01,0,0,0,3.6143632e-38
CASSLYTAVETQYF,RPIPIKYKAM,B*35:08,0,0,0,1.3616504e-36
CASSLYTAVETQYF,KMVAVFYNT,B*35:08,0,0,0,1.3739433e-36
CASSLYTAVETQYF,ILNVDIFTL,B*37:01,0,0,0,2.0753435e-35
CASSLYTAVETQYF,ILNAMITKI,A*01:01,0,0,0,1.73109e-39
CASSLYVYSYEQYF,SLAPLSPRA,A*03:01,0,0,0,2.75948e-40
CASSLYVYSYEQYF,RPRGEVRFL,B*27:05,0,0,0,4.344878e-38
CASSLYVYSYEQYF,FEDLRLLSF,B*35:01,0,0,0,0.0
CASSLYVYSYEQYF,IPSINVHHY,B*57:01,0,0,0,0.0
CASSMAAGTHEQYF,RLVPYLEFL,A*01:01,0,0,0,0.0
CASSMAAGTHEQYF,RLVPYLEFL,A*11:01,0,0,0,0.0
CASSMAAGTHEQYF,RPRGEVRFL,A*68:01,0,0,0,0.0
CASSMAAGTHEQYF,FMLYLLTLM,B*38:01,0,0,0,0.0
CASSMAAGTHEQYF,GCQEICPAC,B*27:09,0,0,0,0.0
CASSMAAGTHEQYF,IVCPICSQK,B*27:09,0,0,0,0.0
CASSMAAGTHEQYF,NMIHFAPNV,A*68:01,0,0,0,2.49469e-40
CASSMAAGTHEQYF,LLSIISFPA,B*37:01,0,0,0,1.6085098e-36
CASSMAGEQYF,MMPFSIVYI,A*01:01,0,0,0,1.175369e-39
CASSMAGEQYF,FLYNLLTRV,B*38:01,0,0,0,7.114e-41
CASSMAGEQYF,EIQEFCPNT,A*30:02,0,0,0,3.48755e-40
CASSMAGEQYF,RLVPYLEFL,A*11:01,0,0,0,2.249e-42
CASSMAGSSYEQYF,SLLMPILTL,A*03:01,0,0,0,1.335572e-39
CASSMAGSSYEQYF,LVLEVDPNI,B*37:01,0,0,0,2.474706e-35
CASSMAGSSYEQYF,VSDGGPNLY,B*35:01,0,0,0,2.675457e-36
CASSMAGSSYEQYF,MLNIPSINV,B*38:01,0,0,0,1.279102e-38
CASSMAGSSYEQYF,RLQSLQTYV,B*15:01,0,0,0,7e-45
CASSMAGSSYEQYF,SLLMPILTL,B*35:01,0,0,0,1.33e-43
CASSMAQGARSPLHF,EAAGIGILTV,A*02:01,0,0,0,7e-45
CASSMAQGARSPLHF,LMFWASSSI,A*68:01,0,0,0,1e-45
CASSMAQGARSPLHF,FTSDYYQLY,B*08:01,0,0,0,1e-45
CASSMAQGARSPLHF,ALYGFVPVL,B*07:02,0,0,0,1.3e-44
CASSMAQGARSPLHF,RLQSLQTYV,A*02:01,0,0,0,1e-45
CASSMAQGARSPLHF,KLSALGINAV,A*02:01,0,0,0,2.1e-44
CASSMAQGARSPLHF,RLPGVLPRA,A*24:02,0,0,0,1e-45
CASSMAQGARSPLHF,FLYNPLTRV,A*02:01,0,0,0,1e-45
CASSMGGVGTEAFF,VLFHRAFLV,A*01:01,0,0,0,3.047e-41
CASSMGRDGYTF,LLSIIFFPA,A*11:01,0,0,0,1.37354e-40
CASSMGRDGYTF,RYPLTFGWCF,A*02:01,0,0,0,6.61306e-40
CASSMGRDGYTF,KMVAVFYTT,A*30:02,0,0,0,9.64107e-40
CASSMGRDGYTF,KMVAVFYNT,A*68:01,0,0,0,4.33e-42
CASSMGRDGYTF,NDMLVCANI,A*01:01,0,0,0,7.26e-43
CASSMGRDGYTF,KLNTITPVV,B*37:01,0,0,0,7.108458e-36
CASSMGRDGYTF,CLGGLLTMV,B*27:09,0,0,0,8.050217e-34
CASSMGRDGYTF,VYFLQSINF,B*35:08,0,0,0,6.54924e-37
CASSMGRDGYTF,CTELKLNDY,B*35:01,0,0,0,3.5695376e-34
CASSMGTGPRETQYF,YLQPRTFLL,B*38:01,0,0,0,3.252195e-35
CASSMGTGPRETQYF,FLRGRAYGL,A*30:02,0,0,0,2.1793358e-34
CASSMGTGPRETQYF,ALSPVIPHI,B*27:09,0,0,0,6.6889522e-34
CASSMGTGPRETQYF,ALYGFVPVL,B*38:01,0,0,0,1.1467296e-36
CASSMGTGPRETQYF,RYRIGNYKL,A*03:01,0,0,0,9.728753e-37
CASSMGTGPRETQYF,ITDQVPFSV,B*27:09,0,0,0,1.6200182e-37
CASSMGTGPRETQYF,GQMWLLAPR,A*30:02,0,0,0,2.2103455e-36
CASSMGTYSNQPQHF,LLAGTLAVV,A*68:01,0,0,0,3.1844884e-36
CASSMGTYSNQPQHF,GQVMVVAPR,B*08:01,0,0,0,3.8532097e-32
CASSMLGVLRGANVLTF,ILNAMITKI,A*30:02,0,0,0,1.4125167e-34
CASSMLGVLRGANVLTF,ALSPVIPLI,B*57:01,0,0,0,3.7801812e-32
CASSMLGVLRGANVLTF,LPRWYFYYL,B*27:05,0,0,0,1.4210125e-34
CASSMLGVLRGANVLTF,NMIHFAPNV,A*02:01,0,0,0,6.86222e-34
CASSMLVANYGYTF,ILNAMITKI,B*57:01,0,0,0,4.3e-43
CASSMLVANYGYTF,KLSALGINAV,B*15:01,0,0,0,8.72e-43
CASSMLVANYGYTF,GQVMVVAPR,B*15:01,0,0,0,3.1e-44
CASSMLVANYGYTF,RYRIGNYKL,A*68:01,0,0,0,1e-45
CASSMLVANYGYTF,KTFPPTEPK,B*37:01,0,0,0,1e-45
CASSMLVANYGYTF,LLAGTLAVV,A*30:02,0,0,0,0.0
CASSMSAMGTEAFF,IVCPICSQK,A*24:02,0,0,0,2.48e-43
CASSMSAMGTEAFF,GQMWLLAPR,B*35:01,0,0,0,8.123329e-26
CASSMSAMGTEAFF,KLWASPLHV,B*27:09,0,0,0,8.435954e-24
CASSMSAMGTEAFF,ALSPVIPHI,B*15:01,0,0,0,1.2829913e-24
CASSMSAMGTEAFF,YVLDHLIVV,A*11:01,0,0,0,6.688236e-27
CASSMSGWGDTQYF,CLGGLLTMV,B*08:01,0,0,0,5.8216293e-25
CASSMSGWGDTQYF,EIQEFCPNT,B*51:01,0,0,0,1.3725321e-24
CASSMSGWGDTQYF,DATYQRTRALVR,B*38:01,0,0,0,1.9567039e-29
CASSMSGWGDTQYF,RLGPYLEFL,A*68:01,0,0,0,4.4306542e-32
CASSMSGWGDTQYF,NLNCCSVPV,B*37:01,0,0,0,4.6000134e-28
CASSNARGYGYTF,FMLYLLTLM,A*02:01,0,0,0,4.605504e-30
CASSNARGYGYTF,RYRIGNYKL,B*15:01,0,0,0,6.607486e-29
CASSNARGYGYTF,CTELKLNDY,B*15:01,0,0,0,5.956167e-31
CASSNARGYGYTF,SLAPLSPRV,A*24:02,0,0,0,1.1756351e-29
CASSNARGYGYTF,TTDPSFLGRY,B*08:01,0,0,0,2.500577e-33
CASSNLGGTDTQYF,YLQPRTFLL,B*37:01,0,0,0,3.618836e-29
CASSNLGGTDTQYF,NMIHFAPNV,B*07:02,0,0,0,0.0
CASSNLGGTDTQYF,MLYQHLLPL,B*35:01,0,0,0,1e-45
CASSNLGGTDTQYF,FLTVFSHFM,B*35:08,0,0,0,0.0
CASSNLGGTDTQYF,KMVAVFYTT,B*38:01,0,0,0,2.975977e-15
CASSNLGGTDTQYF,FLYNLLTRV,A*11:01,0,0,0,2.115087e-15
CASSNLGGTDTQYF,ALYGSVPVL,B*27:05,0,0,0,2.1509038e-15
CASSNQETQYF,LRVMMLAPF,B*35:01,0,0,0,1.1779111e-14
CASSNQETQYF,KLLEIAPNC,B*57:01,0,0,0,2.077223e-14
CASSNQETQYF,YVLTWIVGA,B*27:05,0,0,0,0.0
CASSNQETQYF,HTMLCMCCK,B*08:01,0,0,0,0.0
CASSNQETQYF,SLAPLSPRV,B*51:01,0,0,0,0.0
CASSNQETQYF,TAFTIPSI,B*51:01,0,0,0,0.0
CASSNVLAGGRDTQYF,VAANIVLTV,B*08:01,0,0,0,0.0
CASSNVLAGGRDTQYF,FLIYLDVSV,A*30:02,0,0,0,0.0
CASSNVLAGGRDTQYF,IPSINVHHY,B*51:01,0,0,0,6.084283e-32
CASSNVLAGGRDTQYF,GILGFVFTL,A*68:01,0,0,0,6.8557086e-33
CASSNVLAGGRDTQYF,LLSIIFFPA,B*07:02,0,0,0,1.1142754e-29
CASSNVLAGGRDTQYF,VYGIRLEHF,B*51:01,0,0,0,1.7465041e-32
CASSPAAVNYGYTF,RLVPYLEFL,B*27:09,0,0,0,1.489926e-32
CASSPAAVNYGYTF,FLTVFSHFM,A*68:01,0,0,0,1.3452294e-33
CASSPAAVNYGYTF,ILNVDIFTL,A*30:02,0,0,0,3.0264531e-30
CASSPAAVNYGYTF,DATYQRTRALVR,B*08:01,0,0,0,8.05997e-31
CASSPAAVNYGYTF,RTMEVCYNT,B*27:09,0,0,0,2.205323e-31
CASSPAAVNYGYTF,QKRPIPIKYKAM,A*24:02,0,0,0,6.9275074e-32
CASSPAAVNYGYTF,KMVAVFYNT,B*07:02,0,0,0,2.3790996e-30
CASSPAAVNYGYTF,KLWASPLHV,A*30:02,0,0,0,4.699187e-31
CASSPAGGYEQYVF,QYDPVAALF,B*08:01,0,0,0,1.3106086e-32
CASSPAGGYEQYVF,MLYQHLLPL,B*35:08,0,0,0,2.5478404e-29
CASSPAGGYEQYVF,GCQEICPAC,A*11:01,0,0,0,3.1904527e-32
CASSPAGQGAGTGELF,ILNVDIFTL,B*57:01,0,0,0,8.5870704e-29
CASSPAGQGAGTGELF,HTMLCMCCK,B*15:01,0,0,0,6.362674e-30
CASSPAGQGAGTGELF,CTELKLSDY,B*37:01,0,0,0,9.870473e-36
CASSPAGQGAGTGELF,GQFLTPNSH,A*03:01,0,0,0,7.564631e-37
CASSPAGQGAGTGELF,KTWGQYWQV,B*07:02,0,0,0,8.04313e-33
CASSPAGQGAGTGELF,YVLDHLIVV,B*35:01,0,0,0,2.0819906e-33
CASSPAGQGAGTGELF,VYGIRLEHF,B*27:05,0,0,0,1.1378367e-35
CASSPAGQGAGTGELF,VYIGDPAQL,B*27:05,0,0,0,1.1513392e-31
CASSPAGQGAGTGELF,THLMVLCCV,B*35:08,0,0,0,7.4392294e-30
CASSPAGQGAGTGELF,RPRGEVRFL,B*27:09,0,0,0,1.5376567e-30
CASSPAGQGAGTGELF,FLYNPLTRV,B*51:01,0,0,0,5.524421e-31
CASSPAGQGAGTGELF,RPIPIKYKAM,B*27:05,0,0,0,2.1128693e-30
CASSPAGQGAGTGELF,YVLDHLIVV,B*27:05,0,0,0,3.5904664e-30
CASSPAGTDYGYTF,VMPFSIVYI,B*35:01,0,0,0,1.9213784e-28
CASSPAGTDYGYTF,KMVAVFYNT,B*15:01,0,0,0,8.560252e-29
CASSPAGTDYGYTF,NMIHFAPNV,A*68:01,0,0,0,7.407651e-31
CASSPAGTDYGYTF,KLLEIAPNC,A*02:01,0,0,0,6.2442814e-28
CASSPAGTDYGYTF,LMFWASSSI,A*02:01,0,0,0,2.4085949e-30
CASSPAGTDYGYTF,ALYGFVPVL,A*68:01,0,0,0,1.7810537e-31
CASSPAGTDYGYTF,YVLDHLIVV,B*07:02,0,0,0,5.74998e-20
CASSPAGTDYGYTF,MMPFSIVYI,A*02:01,0,0,0,7.202547e-21
CASSPAPAYEQYF,FEDLRVSSF,B*27:05,0,0,0,3.0832185e-20
CASSPAPAYEQYF,FLYNLLTRV,B*35:08,0,0,0,2.3663417e-19
CASSPAPAYEQYF,KMVTVCPNT,B*15:01,0,0,0,7.713279e-20
CASSPAPAYEQYF,YHSIEWAI,B*07:02,0,0,0,1.7499204e-30
CASSPAVGTGDEKLFF,QSRGDENRGW,B*27:05,0,0,0,3.668664e-30
CASSPAVGTGDEKLFF,ILNAMIAKI,B*08:01,0,0,0,5.9665366e-31
CASSPAVGTGDEKLFF,LLSIIFFPA,B*38:01,0,0,0,3.4818963e-31
CASSPAVGTGDEKLFF,LMFWASSSI,A*02:01,0,0,0,2.0996008e-33
CASSPAVGTGDEKLFF,ILTGLNYEA,B*27:05,0,0,0,1.2550947e-30
CASSPDGGHSTDTQYF,YLQPRTFLL,B*57:01,0,0,0,7.0615537e-32
CASSPDGGHSTDTQYF,ILNVDIFTL,B*51:01,0,0,0,6.1200434e-30
CASSPDGGHSTDTQYF,KMVTVCPNT,A*24:02,0,0,0,1.0917093e-32
CASSPDGGHSTDTQYF,RFPLTFGWCF,B*07:02,0,0,0,7.4740554e-35
CASSPDGGHSTDTQYF,NLNCCSVPV,A*03:01,0,0,0,7.657363e-37
CASSPDLNPYEQYF,RYPLTFGWCF,B*15:01,0,0,0,9.55213e-36
CASSPDLNPYEQYF,SLAPLSPRV,B*38:01,0,0,0,1.126569e-34
CASSPDLNPYEQYF,RYPLTFGW,A*68:01,0,0,0,9.613094e-38
CASSPDLNPYEQYF,VLNYFEPYL,B*27:09,0,0,0,3.53012e-33
CASSPDPYEQYF,SVYGDTLEK,A*68:01,0,0,0,6.952504e-23
CASSPDPYEQYF,FLTVFSHFM,B*15:01,0,0,0,5.7178456e-21
CASSPDPYEQYF,KLNTITPVV,B*27:09,0,0,0,2.2683984e-20
CASSPDPYEQYF,IPSINVHHY,B*08:01,0,0,0,3.8608966e-21
CASSPDRFYEQYF,KLLEIAPNC,A*68:01,0,0,0,5.6366765e-21
CASSPDVGHEKLFF,RYPLTFGWCF,B*38:01,0,0,0,2.6692692e-21
CASSPDVGHEKLFF,VYGIRLEHF,B*08:01,0,0,0,7.5910805e-22
CASSPDVGHEKLFF,RQLLFVVEV,B*57:01,0,0,0,3.8633535e-38
CASSPDVGHEKLFF,FLYNLLTRV,A*03:01,0,0,0,2.12405e-40
CASSPDVGHEKLFF,RLPGVLPRA,A*11:01,0,0,0,1.39773e-40
CASSPDVGHEKLFF,QKRPIPIKYKAM,A*03:01,0,0,0,2.8059275e-38
CASSPDVGHEKLFF,FLRGRAYGL,A*01:01,0,0,0,2.67051e-37
CASSPEGVGGGEQYF,RTMEVCYNT,A*11:01,0,0,0,8.06408e-40
CASSPEGVGGGEQYF,TSTLQEQIGW,B*27:09,0,0,0,3.206489e-37
CASSPEGVGGGEQYF,LLFALYFSA,A*68:01,0,0,0,1.2848189e-23
CASSPEGVGGGEQYF,KTFPPTEPK,B*35:08,0,0,0,5.426376e-25
CASSPEGVGGGEQYF,ILNAMITKI,B*27:09,0,0,0,7.335892e-22
CASSPEGVGGGEQYF,ALYGSVPVL,A*03:01,0,0,0,1.457264e-29
CASSPEGVGGGEQYF,RFPLTFGWCF,A*02:01,0,0,0,5.7586933e-28
CASSPENSNQPQHF,KRPIPIKYKAM,A*01:01,0,0,0,6.9117965e-26
CASSPENSNQPQHF,NMIHFAPNV,A*30:02,0,0,0,3.7098056e-27
CASSPENSNQPQHF,DATYQRTRALVR,B*35:08,0,0,0,8.186635e-26
CASSPEPGSHEQYF,MMPFSIVYI,A*02:01,0,0,0,1.41e-42
CASSPEPGSHEQYF,NYNYLYRLF,B*35:08,0,0,0,8.33e-42
CASSPEPGSHEQYF,GKTELLAPF,A*24:02,0,0,0,2.66e-43
CASSPEPGSHEQYF,HTMLCMCCK,A*02:01,0,0,0,9.3344e-40
CASSPEPGSHEQYF,KTFPPTEPK,A*24:02,0,0,0,8e-45
CASSPEPGSHEQYF,RYPLTFGW,B*07:02,0,0,0,2.4795459e-11
CASSPEPGSHEQYF,KMVAVFYNT,B*37:01,0,0,0,3.426814e-10
CASSPESSGGDNEQFF,MLYQHLLPL,B*35:08,0,0,0,6.787739e-10
CASSPFLTGSNTEAFF,ALYGFVPVL,A*30:02,0,0,0,2.654822e-11
CASSPFLTGSNTEAFF,MLNIPSINV,B*35:08,0,0,0,5.6210325e-10
CASSPFLTGSNTEAFF,MTLHGFMMY,B*27:05,0,0,0,8.7421466e-11
CASSPFLTGSNTEAFF,LLFGMTPCL,A*30:02,0,0,0,4.5957734e-11
CASSPFLTGSNTEAFF,KLLEIAPNC,A*24:02,0,0,0,2.810444e-11
CASSPFLTGSNTEAFF,NLVPMVATV,B*57:01,0,0,0,1.7178794e-10
CASSPFLTGSNTEAFF,LLSIIFFPA,B*38:01,0,0,0,6.2537274e-11
CASSPGAAYEQYF,LLAGTLAVV,B*07:02,0,0,0,2.4343345e-26
CASSPGAAYEQYF,RPPIFIRRL,B*35:01,0,0,0,1.4037453e-26
CASSPGAAYEQYF,NLNCCSVPV,B*38:01,0,0,0,1.2489796e-25
CASSPGAAYEQYF,VVLSWAPPV,B*38:01,0,0,0,3.6185827e-24
CASSPGGATEAFF,QYDPVAALF,B*35:08,0,0,0,2.902821e-27
CASSPGGATEAFF,VMPFSIVYIV,B*57:01,0,0,0,2.5581323e-23
CASSPGGATEAFF,MMPFSIVYI,A*68:01,0,0,0,3.243783e-27
CASSPGGATEAFF,TSTLQEQIGW,B*27:05,0,0,0,8.148406e-26
CASSPGGATEAFF,FLTVFSHFM,A*24:02,0,0,0,6.760757e-26
CASSPGGATEAFF,IPSINVHHY,B*38:01,0,0,0,1.4673748e-25
CASSPGGGAYEQYF,NLFNRYPAL,B*38:01,0,0,0,2.4539082e-23
CASSPGGGELFF,SLAPLSPRV,A*24:02,0,0,0,1.234909e-25
CASSPGGGELFF,CTELKLSDY,B*38:01,0,0,0,1.8235662e-26
CASSPGGGELFF,KAFSPEVIPMF,A*24:02,0,0,0,1.5841128e-25
CASSPGGGELFF,VLFHRAFLV,B*35:08,0,0,0,3.7372818e-24
CASSPGGGELFF,RPRGEVRFL,A*24:02,0,0,0,1.3623023e-25
CASSPGGGELFF,FTSDYYQLY,B*08:01,0,0,0,7.41711e-27
CASSPGGGELFF,KLLEIAPNC,B*38:01,0,0,0,2.2118963e-22
CASSPGGGYEQYF,LPRWYFYYL,A*30:02,0,0,0,2.1e-44
CASSPGGGYEQYF,KMVAVFYTT,B*15:01,0,0,0,2.3112e-41
CASSPGGGYEQYF,CFLLILPNC,B*38:01,0,0,0,1.0182e-41
CASSPGGGYEQYF,NLNCCSVPV,A*24:02,0,0,0,7.1412e-41
CASSPGGGYEQYF,LLFGMPPCL,B*07:02,0,0,0,4.57815e-40
CASSPGGGYEQYF,NMINFAPNI,A*03:01,0,0,0,2.3869884e-24
CASSPGGGYEQYF,ALSPVIPHI,B*37:01,0,0,0,2.1692963e-22
CASSPGGTEAFF,ILTGLNYEV,A*01:01,0,0,0,6.6652475e-24
CASSPGGTEAFF,YLQPRTFLL,A*03:01,0,0,0,1.1010319e-24
CASSPGGTEAFF,SLLMWITQA,B*37:01,0,0,0,3.577848e-22
CASSPGGTEAFF,ELAGIGILTV,B*07:02,0,0,0,1.0603968e-23
CASSPGGVSYNEQF,RQLLFVVEV,B*08:01,0,0,0,9.285109e-24
CASSPGGVSYNEQF,GCQEICPAC,B*15:01,0,0,0,1.387653e-39
CASSPGGVSYNEQF,NLNCCSVPV,B*15:01,0,0,0,9.40294e-40
CASSPGGVSYNEQF,RYPLTFGWCF,A*01:01,0,0,0,1.74694e-40
CASSPGGVSYNEQF,ILTGLNYEV,A*02:01,0,0,0,1.05181e-39
CASSPGGVSYNEQF,THLMVLCCV,A*24:02,0,0,0,1.9219e-40
CASSPGGVSYNEQF,KAFSPEVIPMF,B*35:01,0,0,0,1.541085e-39
CASSPGGVSYNEQF,RPPIFIRRL,B*27:05,0,0,0,3.1741e-40
CASSPGGVSYNEQF,LLAMTVPNV,B*38:01,0,0,0,6.156229e-27
CASSPGGYYGYTF,ILNAMITKI,A*24:02,0,0,0,1.6964396e-27
CASSPGGYYGYTF,MMPFSIVYI,A*30:02,0,0,0,1.15125005e-26
CASSPGGYYGYTF,FEDLRVSSF,B*37:01,0,0,0,6.0806026e-29
CASSPGGYYGYTF,LRVMMLAPF,A*30:02,0,0,0,2.2507473e-26
CASSPGGYYGYTF,KVKEVCPNV,B*15:01,0,0,0,5.5605654e-27
CASSPGLAGGWEQYF,LLWNGPMAV,A*68:01,0,0,0,2.2107614e-26
CASSPGLAGGWEQYF,RLVPYLEFL,A*68:01,0,0,0,3.560732e-30
CASSPGLAGGWEQYF,LPRWYFYYL,B*51:01,0,0,0,2.819936e-27
CASSPGLAGGWEQYF,QSRGDENRGW,A*01:01,0,0,0,2.0550597e-18
CASSPGLAGGWEQYF,KVKEVCPNV,B*27:05,0,0,0,8.8286887e-20
CASSPGLAGGWEQYF,YLQPRTFLL,B*27:09,0,0,0,2.9614623e-20
CASSPGLDYEQYF,ILNVDVFTL,A*02:01,0,0,0,1.904132e-18
CASSPGLDYEQYF,NLVPMVATV,B*35:08,0,0,0,9.021354e-19
CASSPGLDYEQYF,AEMEFCPCC,B*51:01,0,0,0,2.5664763e-18
CASSPGLDYEQYF,QKRPIPIKYKAM,A*03:01,0,0,0,1.7539133e-34
CASSPGLDYEQYF,GQVMVVAPR,A*11:01,0,0,0,8.0474177e-35
CASSPGLDYEQYF,VLNYFEPYL,B*57:01,0,0,0,1.00035105e-30
CASSPGLSYEQYVF,LLAILTYYV,A*30:02,0,0,0,3.5688058e-32
CASSPGLSYEQYVF,SPRWYFYYL,A*11:01,0,0,0,1.4942829e-36
CASSPGLSYEQYVF,NLFNRYPAL,B*57:01,0,0,0,1.7001157e-31
CASSPGLSYEQYVF,RYRIGNYKL,B*27:09,0,0,0,9.602527e-33
CASSPGLSYEQYVF,LLWNGPMAV,B*07:02,0,0,0,2.0769476e-31
CASSPGLSYEQYVF,VSDGGPNLY,B*38:01,0,0,0,5.2150704e-33
CASSPGLSYEQYVF,LLFALHFSA,B*51:01,0,0,0,8.765871e-19
CASSPGLSYEQYVF,KLNTITPVV,B*35:01,0,0,0,2.5883202e-20
CASSPGLSYEQYVF,KMVAVFYNT,B*51:01,0,0,0,1.0590678e-21
CASSPGLSYEQYVF,FLRGRAYGL,A*24:02,0,0,0,1.8222496e-21
CASSPGLYSTDTQYF,SLLWMNPFV,A*01:01,0,0,0,4.77736e-16
CASSPGLYSTDTQYF,RYPLTFGW,B*37:01,0,0,0,5.0862296e-16
CASSPGLYSTDTQYF,LLFALHFSA,B*08:01,0,0,0,8.954509e-16
CASSPGLYSTDTQYF,KTWGQYWQV,B*27:05,0,0,0,1.0939866e-15
CASSPGLYSTDTQYF,QYIKWPWYI,B*38:01,0,0,0,3.3804348e-26
CASSPGLYSTDTQYF,ILTGLNYEV,B*08:01,0,0,0,2.8274694e-24
CASSPGLYSTDTQYF,TRLALIAPK,B*08:01,0,0,0,2.3106014e-25
CASSPGLYSTDTQYF,RLVPYLEFL,A*02:01,0,0,0,1.8300371e-29
CASSPGLYTQYF,ITDQVPFSV,B*27:05,0,0,0,5.0459244e-28
CASSPGLYTQYF,FLTVFSHFM,A*02:01,0,0,0,2.4224031e-26
CASSPGLYTQYF,LVLEVDPNI,B*35:08,0,0,0,1.9375465e-23
CASSPGPNQPQHF,SLAPLSPRA,B*37:01,0,0,0,3.8927777e-23
CASSPGPNQPQHF,LLFALYFSA,A*03:01,0,0,0,1.760075e-24
CASSPGPNQPQHF,TRLALIAPK,A*02:01,0,0,0,1.7286613e-24
CASSPGPNQPQHF,RFPLTFGWCF,A*30:02,0,0,0,1.2613622e-24
CASSPGQAEPQHF,FLIYLDVSV,B*27:05,0,0,0,3.978333e-23
CASSPGQAEPQHF,IVCPICSQK,B*37:01,0,0,0,1.4148542e-23
CASSPGQAEPQHF,MMPFSIVYI,B*27:05,0,0,0,1.3241832e-23
CASSPGQAEPQHF,QSRGDENRGW,B*37:01,0,0,0,0.0
CASSPGQAEPQHF,CTELKLSDY,A*03:01,0,0,0,0.0
CASSPGQAEPQHF,YLEPGPVTA,A*11:01,0,0,0,0.0
CASSPGQAEPQHF,RYPLTFGWCF,A*68:01,0,0,0,0.0
CASSPGQGIDSPLHF,VVMSWAPPV,A*01:01,0,0,0,0.0
CASSPGQGIDSPLHF,CLGGLLTMV,A*02:01,0,0,0,0.0
CASSPGQGIDSPLHF,RPPIFIRRL,B*08:01,0,0,0,7.528142e-26
CASSPGQGLAYEQYF,ALYGSVPVL,A*02:01,0,0,0,8.3360696e-27
CASSPGQGLAYEQYF,VLNYFEPYL,B*08:01,0,0,0,2.1752926e-25
CASSPGQGLAYEQYF,RTMEVCYNT,B*27:05,0,0,0,7.269521e-26
CASSPGQGLAYEQYF,VVMSWAPPV,B*27:05,0,0,0,2.637421e-25
CASSPGQGLAYEQYF,VLNYFKPYL,A*02:01,0,0,0,1.0997391e-24
CASSPGQGLAYEQYF,VLNYFKPYL,B*35:08,0,0,0,8.992542e-23
CASSPGQGLAYEQYF,KTFPPTEPK,A*01:01,0,0,0,7.6547246e-32
CASSPGQGLAYEQYF,ILNVDVFTL,B*15:01,0,0,0,4.4171187e-25
CASSPGQGLAYEQYF,NDMLVCANI,B*15:01,0,0,0,1.3182685e-27
CASSPGQGYEQYF,LLWNGPMAV,B*57:01,0,0,0,1.1917298e-18
CASSPGQGYEQYF,LLAMTVPNV,A*01:01,0,0,0,5.925719e-20
CASSPGQGYEQYF,LLFGMTPCL,B*15:01,0,0,0,2.3357493e-20
CASSPGQGYEQYF,GQVMVVAPR,B*07:02,0,0,0,5.795608e-20
CASSPGQGYEQYF,ILTGLNYEA,B*08:01,0,0,0,2.0776417e-19
CASSPGQGYEQYF,MIISHLYLI,B*15:01,0,0,0,2.874042e-26
CASSPGQGYEQYF,ILNAMITKI,A*68:01,0,0,0,5.9457755e-29
CASSPGQGYEQYF,ILNVDVFTL,B*27:09,0,0,0,3.4219972e-23
CASSPGQGYEQYF,LLAILTYYV,A*02:01,0,0,0,5.260432e-23
CASSPGQGYEQYF,ILNVDIFTL,A*01:01,0,0,0,1.14847514e-23
CASSPGQSPTNEKLFF,VLFHRAFLV,A*03:01,0,0,0,6.2138897e-28
CASSPGQSPTNEKLFF,TTDPSFLGRY,A*68:01,0,0,0,2.8926784e-31
CASSPGQSPTNEKLFF,VYGIRLEHF,B*35:01,0,0,0,2.2291453e-27
CASSPGQSPTNEKLFF,ALYGFVPVL,B*07:02,0,0,0,1.019022e-25
CASSPGQSPTNEKLFF,TSTLQEQIGW,B*15:01,0,0,0,1.6324282e-26
CASSPGQSPTNEKLFF,GMGPLLATV,B*57:01,0,0,0,1.2050513e-25
CASSPGQSPTNEKLFF,LPRWYFYYL,B*07:02,0,0,0,5.744328e-26
CASSPGQSPTNEKLFF,LLFGMTPCL,B*37:01,0,0,0,1.0303699e-24
CASSPGQVSYEQYF,RLPGVLPRA,B*37:01,0,0,0,8.762229e-26
CASSPGQVSYEQYF,RYPLTFGW,A*30:02,0,0,0,1.7032481e-27
CASSPGQVSYEQYF,QYIKWPWYI,B*07:02,0,0,0,6.3433536e-24
CASSPGQVSYEQYF,SLLMPILTL,B*38:01,0,0,0,1.511006e-25
CASSPGQVSYEQYF,RFPLTFGWCF,A*68:01,0,0,0,3.0664678e-28
CASSPGQVSYEQYF,LIIPFIHLI,B*07:02,0,0,0,5.0347573e-19
CASSPGQVSYEQYF,RYPLTFGWCF,B*57:01,0,0,0,4.23715e-20
CASSPGRTQYF,THLMVLCCV,B*57:01,0,0,0,2.9207143e-20
CASSPGRTQYF,MTLHGFMMY,A*24:02,0,0,0,2.0939966e-23
CASSPGRTQYF,VYGIRLEHF,B*27:09,0,0,0,3.0280876e-26
CASSPGSAVYNEQFF,RPIPIKYKAM,A*30:02,0,0,0,6.595166e-23
CASSPGSAVYNEQFF,SLLMWITQC,B*57:01,0,0,0,2.8010419e-22
CASSPGSAVYNEQFF,RTMEVCYNT,B*37:01,0,0,0,1.2336149e-24
CASSPGTAADTQYF,KMVAVFYTT,B*15:01,0,0,0,1.7586674e-22
CASSPGTAADTQYF,TRLALIAPK,B*35:08,0,0,0,7.492092e-21
CASSPGTAADTQYF,LLAILTYYV,B*38:01,0,0,0,1.2431796e-19
CASSPGTAAGLTYEQYF,KLSALGINAV,B*07:02,0,0,0,8.452717e-21
CASSPGTAAGLTYEQYF,LMFWASSSI,B*57:01,0,0,0,2.3681e-21
CASSPGTAAGLTYEQYF,LLFGYPVYV,B*35:08,0,0,0,1.6287616e-22
CASSPGTAAGLTYEQYF,FEDLRVLSF,B*51:01,0,0,0,4.3470168e-23
CASSPGTAAGLTYEQYF,VLFHRAFLV,A*11:01,0,0,0,2.697817e-23
CASSPGTAAGLTYEQYF,IVCPICSQK,A*30:02,0,0,0,3.750296e-22
CASSPGTAAGLTYEQYF,LLFALYFSA,B*35:08,0,0,0,1.3804419e-21
CASSPGTAAGLTYEQYF,FLRGRAYGL,B*08:01,0,0,0,1.5378809e-21
CASSPGTAAGLTYEQYF,FLYNLLTRV,B*08:01,0,0,0,1.7756551e-22
CASSPGTANQPQHF,VVMSWAPPV,B*38:01,0,0,0,9.936883e-22
CASSPGTANQPQHF,LRVMMLAPF,B*35:01,0,0,0,1.3605912e-21
CASSPGTANQPQHF,NMIHFAPNV,B*07:02,0,0,0,6.3050494e-22
CASSPGTANQPQHF,LLWNGPMAV,A*30:02,0,0,0,2.4471881e-22
CASSPGTANQPQHF,RLVPYLEFL,A*03:01,0,0,0,3.4994657e-28
CASSPGTANQPQHF,LLFGYPVYV,A*01:01,0,0,0,3.529081e-27
CASSPGTAYEQYF,LLFGYPVYV,B*08:01,0,0,0,4.596089e-26
CASSPGTAYEQYF,LPRWYFYYL,B*38:01,0,0,0,9.141844e-26
CASSPGTAYEQYF,ELAGIGILTV,B*37:01,0,0,0,1.5239046e-23
CASSPGTAYEQYF,TTDPSFLGRY,B*35:08,0,0,0,9.517507e-28
CASSPGTAYEQYF,NLNCCSVPV,B*15:01,0,0,0,3.1521771e-24
CASSPGTAYEQYF,LLAGTLAVV,A*01:01,0,0,0,7.199887e-27
CASSPGTDYTGELFF,VLNYFKPYL,B*27:09,0,0,0,2.964894e-23
CASSPGTDYTGELFF,LLFGYPVYV,B*57:01,0,0,0,3.4498028e-27
CASSPGTDYTGELFF,VMHANYIFW,B*27:09,0,0,0,2.1254961e-23
CASSPGTDYTGELFF,YVLDHLIVV,A*11:01,0,0,0,4.4876984e-28
CASSPGTDYTGELFF,RLPGVLPRA,B*15:01,0,0,0,5.677618e-27
CASSPGTDYTGELFF,LIIPFIHLI,B*37:01,0,0,0,3.7882104e-23
CASSPGTDYTGELFF,LLAMTVPNV,B*51:01,0,0,0,5.1248635e-26
CASSPGTDYTGELFF,MLNIPSINV,B*35:01,0,0,0,6.019364e-25
CASSPGTEAFF,FLYNPLTRV,A*68:01,0,0,0,5.709496e-29
CASSPGTEAFF,ILTGLNYEA,B*07:02,0,0,0,2.7243854e-23
CASSPGTEAFF,KTFPPTEPK,B*27:05,0,0,0,9.013522e-24
CASSPGTEAFF,KRPIPIKYKAM,B*57:01,0,0,0,2.1539752e-22
CASSPGTEAFF,GQMWLLAPR,B*15:01,0,0,0,1.0134948e-23
CASSPGTEAFF,HTMLCMCCK,B*51:01,0,0,0,2.0755868e-22
CASSPGTEAFF,MLYQHLLPL,B*35:01,0,0,0,9.3555104e-23
CASSPGTEAFF,YLQPRTFLL,A*01:01,0,0,0,7.22976e-24
CASSPGTEAFF,ILNAMITKI,A*30:02,0,0,0,1.0015344e-23
CASSPGTGAGYGYTF,TSTLQEQIGW,B*37:01,0,0,0,2.7947966e-23
CASSPGTGAGYGYTF,SLLMPILTL,B*57:01,0,0,0,4.377588e-22
CASSPGTGAGYGYTF,LIIPFIHLI,A*01:01,0,0,0,1.2804355e-22
CASSPGTGAGYGYTF,KLVALGINAV,A*30:02,0,0,0,3.8244976e-22
CASSPGTGAGYGYTF,LLFALHFSA,B*35:08,0,0,0,1.0681318e-21
CASSPGTGAGYGYTF,LLAGTLAVV,A*02:01,0,0,0,4.863374e-25
CASSPGTGAGYGYTF,DATYQRTRALVR,A*03:01,0,0,0,4.6040757e-25
CASSPGTGAGYGYTF,ILNAMITKI,A*24:02,0,0,0,2.2597828e-24
CASSPGTGGYTEAF,LLAGTLAGV,A*30:02,0,0,0,3.6019443e-25
CASSPGTGGYTEAF,SVYGDTLEK,B*27:05,0,0,0,5.7478817e-25
CASSPGTGGYTEAF,SLAPLSPRA,B*08:01,0,0,0,2.4247855e-21
CASSPGTGGYTEAF,RPRGEVRFL,A*01:01,0,0,0,2.5849023e-23
CASSPGTGGYTEAF,LLSIIFFPA,B*57:01,0,0,0,2.859321e-20
CASSPGTGGYTEAF,RYRIGNYKL,A*30:02,0,0,0,7.066202e-21
CASSPGTGHTGELF,SLLWMNPFV,B*27:05,0,0,0,2.4391755e-20
CASSPGTGHTGELF,FEDLRLLSF,B*27:09,0,0,0,5.2974096e-21
CASSPGTGHTGELF,LMFWASSSI,B*51:01,0,0,0,1.0225916e-20
CASSPGTGYEQYF,EIQEFCPNT,B*35:08,0,0,0,3.9364627e-20
CASSPGTGYEQYF,ILTGLNYEA,B*08:01,0,0,0,2.797275e-20
CASSPGTGYEQYF,SLAPLSPRA,B*37:01,0,0,0,5.2671873e-20
CASSPGTGYEQYF,MMPFSIVYI,B*07:02,0,0,0,1.573505e-20
CASSPGTGYEQYF,LVLEVDPNI,A*02:01,0,0,0,4.5441664e-21
CASSPGTGYEQYF,GQMWLLAPR,B*35:01,0,0,0,6.8163835e-18
CASSPGTGYEQYF,ILNVDVFTL,B*35:01,0,0,0,1.2718667e-16
CASSPGTGYEQYF,ILNAMIAKI,B*07:02,0,0,0,5.0974542e-17
CASSPGTGYEQYF,ILNAMITKI,A*03:01,0,0,0,1.304622e-18
CASSPGTGYEQYF,NDMLVCANI,A*03:01,0,0,0,2.6801076e-19
CASSPGTSYEQYF,LLWNGPMAV,B*08:01,0,0,0,4.920508e-20
CASSPGTSYEQYF,VMPFSIVYI,A*24:02,0,0,0,5.0530307e-21
CASSPGTSYEQYF,NLVPMVATV,A*30:02,0,0,0,1.9291492e-20
CASSPGTSYEQYF,SLLMWITQA,A*03:01,0,0,0,3.6929317e-20
CASSPGTSYEQYF,NDMLVCANI,A*03:01,0,0,0,2.4082937e-21
CASSPGTTTNEKLFF,RLQSLQTYV,A*24:02,0,0,0,1.5918718e-26
CASSPGTTTNEKLFF,LLWNGPMAV,A*01:01,0,0,0,3.0148244e-24
CASSPGTTTNEKLFF,GQVMVVAPR,B*57:01,0,0,0,4.1192987e-24
CASSPGTTTNEKLFF,GILGFVFTL,A*30:02,0,0,0,1.2107228e-26
CASSPGWGNYGYTF,RYPLTFGWCF,A*68:01,0,0,0,4.935468e-29
CASSPGWGNYGYTF,TRLALIAPK,A*24:02,0,0,0,1.1802878e-26
CASSPGWGNYGYTF,KTFPPTEPK,A*01:01,0,0,0,8.657354e-30
CASSPHLRKGLEPQHF,MLYQHLLPL,A*03:01,0,0,0,4.203592e-31
CASSPHLRKGLEPQHF,KMVTVCPNT,B*27:09,0,0,0,2.8952427e-29
CASSPHLRKGLEPQHF,ELAGIGILTV,B*15:01,0,0,0,8.468428e-30
CASSPHLRKGLEPQHF,IVCPICSQK,B*07:02,0,0,0,5.3013304e-29
CASSPHLRKGLEPQHF,VSDGGPNLY,B*57:01,0,0,0,1.3671835e-28
CASSPHSGGDPRNEQFF,NLNCCSVPV,A*30:02,0,0,0,3.5408745e-30
CASSPHSGGDPRNEQFF,TAFTIPSI,A*11:01,0,0,0,1.2803613e-31
CASSPHSGGDPRNEQFF,ALSKGVHFV,B*35:08,0,0,0,1.3618267e-29
CASSPHSGGDPRNEQFF,LLAILTYYV,B*38:01,0,0,0,1.920207e-27
CASSPHSGGDPRNEQFF,KRPIPIKYKAM,B*37:01,0,0,0,2.6414043e-28
CASSPIAGGRKNIQYF,SLLWMNPFV,A*03:01,0,0,0,3.4622264e-32
CASSPIAGGRKNIQYF,EAAGIGILTV,A*03:01,0,0,0,1.1189501e-33
CASSPIAGGRKNIQYF,HTMLCMCCK,B*51:01,0,0,0,3.1397124e-29
CASSPIAGGRKNIQYF,NLVPMVATV,B*37:01,0,0,0,1.5174373e-22
CASSPIAGGRKNIQYF,IPSINVHHY,A*02:01,0,0,0,1.4054889e-23
CASSPIAGGRKNIQYF,ALSPVIPHI,B*37:01,0,0,0,4.7745396e-22
CASSPIAGGRKNIQYF,IPSINVHHY,B*51:01,0,0,0,4.6980406e-23
CASSPIAGGRKNIQYF,LLAMTVPNV,B*57:01,0,0,0,1.7818433e-22
CASSPIETAKNIQYF,RLVPYLEFL,A*24:02,0,0,0,1.4281715e-24
CASSPIETAKNIQYF,RTMEVCYNT,A*24:02,0,0,0,1.264841e-24
CASSPIETAKNIQYF,LLFGMTPCL,B*57:01,0,0,0,1.1970445e-22
CASSPIETAKNIQYF,RFPLTFGWCF,B*38:01,0,0,0,4.3096824e-24
CASSPIETAKNIQYF,KRPIPIKYKAM,B*38:01,0,0,0,4.352891e-23
CASSPIGGGSNEQFF,KMVAVFYTT,B*35:01,0,0,0,2.3833242e-22
CASSPIGGGSNEQFF,FLRGRAYGL,B*57:01,0,0,0,3.254127e-30
CASSPIGGGSNEQFF,LIIPFIHLI,B*38:01,0,0,0,4.5107484e-28
CASSPIGGGSNEQFF,IPSINVHHY,A*01:01,0,0,0,1.3865239e-33
CASSPIGGGSNEQFF,KMVAVFYNT,A*02:01,0,0,0,1.3794242e-31
CASSPIGGGSNEQFF,MIISHLYLI,B*27:05,0,0,0,3.3319173e-31
CASSPIGGGSNEQFF,NMINFAPNI,B*27:09,0,0,0,7.7023266e-31
CASSPIGGGSNEQFF,RPPIFIRRL,B*35:08,0,0,0,3.7252556e-31
CASSPITGTSLANEQFF,DATYQRTRALVR,B*07:02,0,0,0,2.9642729e-30
CASSPITGTSLANEQFF,ELAGIGILTV,A*30:02,0,0,0,5.7033024e-33
CASSPITGTSLANEQFF,LLFGMTPCL,B*37:01,0,0,0,2.0016392e-29
CASSPITNTGELFF,EIQEFCPNT,A*02:01,0,0,0,5.756702e-18
CASSPITNTGELFF,RPIPIKYKAM,B*57:01,0,0,0,1.118994e-16
CASSPITNTGELFF,VSDGGPNLY,B*27:09,0,0,0,3.791518e-17
CASSPITNTGELFF,VYGIRLEHF,A*02:01,0,0,0,9.719424e-18
CASSPITNTGELFF,MMPFSIVYI,B*35:01,0,0,0,5.400646e-17
CASSPKAGILETQYF,VSDGGPNLY,A*11:01,0,0,0,4.0005492e-17
CASSPKAGILETQYF,VMHANYIFW,A*68:01,0,0,0,2.0851237e-24
CASSPKAGILETQYF,LLWNGPMAV,B*51:01,0,0,0,4.7328857e-22
CASSPKLQGAWAEKLF,ILNVDIFTL,B*27:09,0,0,0,1.1688334e-22
CASSPKLQGAWAEKLF,NDMLVCANI,A*03:01,0,0,0,3.4901753e-27
CASSPKLQGAWAEKLF,CTELKLSDY,B*51:01,0,0,0,4.8890064e-25
CASSPKLQGAWAEKLF,NLVPMVATV,B*08:01,0,0,0,3.821577e-24
CASSPKLQGAWAEKLF,VYGIRLEHF,A*30:02,0,0,0,8.181515e-26
CASSPLAGRAEQFF,VYIGDPAQL,A*68:01,0,0,0,1.9071787e-17
CASSPLAGRAEQFF,VYGIRLEHF,B*57:01,0,0,0,5.646224e-16
CASSPLAGRAEQFF,KLWASPLHV,B*15:01,0,0,0,3.019164e-16
CASSPLAGRAEQFF,KMVAVFYNT,A*68:01,0,0,0,1.0437011e-17
CASSPLAGRAEQFF,KMVAVFYNT,B*08:01,0,0,0,2.5700843e-16
CASSPLAGVGTFRSYEQYF,YVLDHLIVV,B*15:01,0,0,0,2.4178548e-16
CASSPLAGVGTFRSYEQYF,MIISHLYLI,B*38:01,0,0,0,1.8069839e-16
CASSPLAGVGTFRSYEQYF,YVLTWIVGA,A*02:01,0,0,0,2.4119957e-16
CASSPLAGVGTFRSYEQYF,GCQEICPAC,A*11:01,0,0,0,2.2952698e-19
CASSPLAGVGTFRSYEQYF,MIISHLYLI,B*08:01,0,0,0,1.0122769e-17
CASSPLAGVGTFRSYEQYF,KMVAVFYNT,A*02:01,0,0,0,1.5875e-18
CASSPLAGVGTFRSYEQYF,LLFGMTPCL,B*38:01,0,0,0,1.8325275e-18
CASSPLGGVDTQYF,NDMLVCANI,B*51:01,0,0,0,4.4396483e-20
CASSPLGGVDTQYF,FLYNLLTRV,B*37:01,0,0,0,5.9537695e-20
CASSPLGGVDTQYF,LRVMMLAPF,B*27:09,0,0,0,7.3694173e-20
CASSPLGGVDTQYF,SLLMPILTL,B*08:01,0,0,0,2.1221948e-19
CASSPLGGVDTQYF,MLYQHLLPL,A*24:02,0,0,0,2.3164586e-20
CASSPLGLAEQETQYF,RFPLTFGWCF,B*51:01,0,0,0,4.3744206e-20
CASSPLGLAEQETQYF,VLNYFKPYL,B*15:01,0,0,0,6.289229e-19
CASSPLGLAEQETQYF,ALYGFVPVL,A*11:01,0,0,0,6.147843e-22
CASSPLGLAEQETQYF,LLFGYPVYV,B*57:01,0,0,0,3.8372883e-20
CASSPLGLAEQETQYF,LVLEVDPNI,B*35:08,0,0,0,1.4888361e-23
CASSPLGLAEQETQYF,TRLALIAPK,A*30:02,0,0,0,4.3015645e-26
CASSPLGLAEQETQYF,FMLYLLTLM,A*03:01,0,0,0,5.8381473e-27
CASSPLHLRDGPKTPLHF,VLNYFKPYL,B*27:09,0,0,0,3.2704535e-23
CASSPLHLRDGPKTPLHF,CFVECAPVC,B*08:01,0,0,0,1.2729334e-25
CASSPLHLRDGPKTPLHF,SLAPLSPRV,A*03:01,0,0,0,4.690707e-27
CASSPLHLRDGPKTPLHF,LLSIIFFPA,A*02:01,0,0,0,1.6241809e-24
CASSPLHLRDGPKTPLHF,VSDGGPNLY,B*35:08,0,0,0,3.1351606e-24
CASSPLNSGTGNEQFF,VYFLQSINF,B*37:01,0,0,0,2.6401952e-28
CASSPLNSGTGNEQFF,VLFGLGFAI,A*24:02,0,0,0,7.9226e-26
CASSPLNSGTGNEQFF,SLAPLSPRV,B*38:01,0,0,0,1.4062872e-24
CASSPLRGPADRTGTEAFF,LLFALHFSA,B*15:01,0,0,0,8.584762e-25
CASSPLRGPADRTGTEAFF,RFPLTFGWCF,B*35:01,0,0,0,1.3554701e-25
CASSPLRGPADRTGTEAFF,SLLWMNPFV,B*38:01,0,0,0,3.4233778e-25
CASSPLRGPADRTGTEAFF,RTMEVCYNT,B*35:01,0,0,0,2.4444694e-25
CASSPLRGPADRTGTEAFF,KLWASPLHV,B*38:01,0,0,0,8.207777e-25
CASSPLRGPADRTGTEAFF,RLPGVLPRA,A*03:01,0,0,0,4.9719386e-29
CASSPLRGPYEQYF,IMDQVPFSV,A*11:01,0,0,0,1.2743788e-29
CASSPLRGPYEQYF,VLFHRAFLV,B*07:02,0,0,0,1.4882103e-25
CASSPLRGPYEQYF,FLTVFSHFM,A*03:01,0,0,0,2.5064674e-27
CASSPLRGPYEQYF,FLIYLDVSV,A*01:01,0,0,0,1.603912e-24
CASSPLRGPYEQYF,RYPLTFGW,B*08:01,0,0,0,3.429192e-26
CASSPLTATDTQYF,LLFALYFSA,B*51:01,0,0,0,2.4416815e-26
CASSPLTATDTQYF,LMFWASSSI,A*02:01,0,0,0,2.2300506e-16
CASSPLTATDTQYF,RPPIFIRRL,B*35:01,0,0,0,1.2412724e-15
CASSPLTATDTQYF,FLTVFSHFM,B*27:05,0,0,0,6.42315e-16
CASSPLTATDTQYF,VYIGDPAQL,B*15:01,0,0,0,2.540801e-16
CASSPLTGSAERKETQYF,DATYQRTRALVR,B*07:02,0,0,0,4.431309e-19
CASSPLTGSAERKETQYF,MIISHLYLI,B*51:01,0,0,0,8.6531436e-19
CASSPLTGSAERKETQYF,NDMLVCANI,B*27:05,0,0,0,1.8916134e-19
CASSPLTGSAERKETQYF,VMHANYIFW,A*03:01,0,0,0,2.0004965e-19
CASSPLTGSAERKETQYF,RPIPIKYKAM,B*08:01,0,0,0,5.1251945e-19
CASSPLTGSAERKETQYF,QYIKWPWYI,A*01:01,0,0,0,3.457379e-19
CASSPLTGSAERKETQYF,SLLMPILTL,B*57:01,0,0,0,2.9250888e-10
CASSPLTSNYGYTF,VYGIRLEHF,A*02:01,0,0,0,3.017542e-11
CASSPLTSNYGYTF,ITDQVPFSV,B*35:01,0,0,0,1.2987035e-10
CASSPLVGLAGEKETQYF,THLMVLCCV,B*38:01,0,0,0,7.300141e-12
CASSPLVGLAGEKETQYF,KLVALGINAV,A*01:01,0,0,0,3.081241e-10
CASSPLVGLAGEKETQYF,KLWASPLHV,B*27:09,0,0,0,3.9890115e-18
CASSPLVGLAGEKETQYF,RPRGEVRFL,A*01:01,0,0,0,5.3098756e-20
CASSPLVGLAGEKETQYF,ILNVDIFTL,A*03:01,0,0,0,7.983091e-19
CASSPMGQSYEQYF,NLNCCSVPV,B*07:02,0,0,0,3.8526677e-16
CASSPMGQSYEQYF,ALSPVIPHI,B*38:01,0,0,0,9.102707e-16
CASSPMGQSYEQYF,NLFNRYPAL,A*11:01,0,0,0,1.32333885e-17
CASSPMGQSYEQYF,RLGPYLEFL,B*07:02,0,0,0,3.3917267e-17
CASSPMGQSYEQYF,ILNAMIAKI,A*01:01,0,0,0,5.8261626e-17
CASSPMGQSYEQYF,SLLWMNPFV,A*68:01,0,0,0,1.6419472e-17
CASSPMGQSYEQYF,LIIPFIHLI,A*24:02,0,0,0,4.485005e-16
CASSPMGQSYEQYF,RYRIGNYKL,B*27:09,0,0,0,3.273623e-16
CASSPMNEQFF,FEDLRLLSF,A*02:01,0,0,0,7.971507e-24
CASSPMNEQFF,YVLTWIVGA,B*35:08,0,0,0,1.102725e-18
CASSPMNEQFF,RLGPYLEFL,B*27:09,0,0,0,5.84672e-22
CASSPMNEQFF,LLFGMTPCL,A*02:01,0,0,0,1.3884271e-21
CASSPMNEQFF,KMVTVCPNT,A*30:02,0,0,0,1.08599065e-23
CASSPMNEQFF,VVMSWAPPV,B*35:01,0,0,0,1.2067938e-19
CASSPMNEQFF,IVCPICSQK,B*38:01,0,0,0,5.016463e-21
CASSPMNEQFF,LLFGYPVYV,A*01:01,0,0,0,7.089978e-24
CASSPMTGAEQFF,YHSIEWAI,B*15:01,0,0,0,3.4278492e-16
CASSPMTGAEQFF,FTSDYYQLY,B*35:01,0,0,0,3.0231747e-16
CASSPMTGAEQFF,KTWGQYWQV,B*08:01,0,0,0,1.2814802e-16
CASSPMTGAEQFF,LLWNGPMAV,A*24:02,0,0,0,1.8245417e-17
CASSPMTGAEQFF,SLAPLSPRA,B*27:05,0,0,0,1.1666897e-16
CASSPMTGAEQFF,VYGIRLEHF,B*35:08,0,0,0,4.624966e-27
CASSPMTGAEQFF,SPRWYFYYL,B*27:05,0,0,0,2.081314e-27
CASSPMTGAEQFF,TSTLQEQIGW,B*37:01,0,0,0,5.7275456e-26
CASSPMTGAEQFF,TSTLQEQIGW,A*02:01,0,0,0,4.377291e-28
CASSPMTGAEQFF,NMIHFAPNV,B*27:05,0,0,0,9.775836e-25
CASSPMTGDGTQYF,RYPLTFGW,B*38:01,0,0,0,1.6984079e-27
CASSPMTGDGTQYF,LLSIISFPA,A*03:01,0,0,0,1.6801657e-26
CASSPMTGDGTQYF,VLNYFEPYL,B*38:01,0,0,0,7.6011904e-23
CASSPMTGDGTQYF,VLNYFKPYL,A*68:01,0,0,0,1.0061516e-25
CASSPMTGDGTQYF,VAANIVLTV,A*11:01,0,0,0,2.279552e-29
CASSPNLQGAWGYTF,VLFGLGFAI,B*08:01,0,0,0,1.7813028e-26
CASSPNLQGAWGYTF,CLGGLLTMV,B*38:01,0,0,0,4.8924964e-17
CASSPNLQGAWGYTF,SLLMPILTL,A*24:02,0,0,0,9.851496e-17
CASSPNSAGGTEAF,KMVAVFYTT,B*27:09,0,0,0,2.764702e-16
CASSPNSAGGTEAF,MIISHLYLI,B*08:01,0,0,0,1.015538e-16
CASSPNSAGGTEAF,GILGFVFTL,B*07:02,0,0,0,9.532893e-17
CASSPNSAGGTEAF,KLVALGINAV,A*01:01,0,0,0,1.5584722e-16
CASSPNSAGGTEAF,HPVGEADYFEY,B*27:09,0,0,0,5.4959157e-17
CASSPNSAGGTEAF,SLAPLSPRA,A*68:01,0,0,0,8.854196e-18
CASSPNSAGGTEAF,VLNYFKPYL,A*11:01,0,0,0,4.3677535e-19
CASSPNSAGGTEAF,SLAPLSPRA,B*27:05,0,0,0,1.9612657e-18
CASSPNSAGGTEAF,MLNIPSINV,B*35:08,0,0,0,3.5323698e-18
CASSPPAGGQGAYEQYF,MLNIPSINV,B*38:01,0,0,0,7.7484066e-19
CASSPPAGGQGAYEQYF,LLAGTLAGV,B*15:01,0,0,0,5.413388e-19
CASSPPAGGQGAYEQYF,YVLDHLIVV,B*27:05,0,0,0,2.276115e-18
CASSPPAGGQGAYEQYF,YVLDHLIVV,A*30:02,0,0,0,2.3662605e-19
CASSPPAGGQGAYEQYF,MMPFSIVYI,A*11:01,0,0,0,8.2913496e-20
CASSPPAGSYNEQF,KVKEVCPNV,A*30:02,0,0,0,1.753445e-19
CASSPPAGSYNEQF,ILNAMIAKI,A*03:01,0,0,0,5.483719e-20
CASSPPAGSYNEQF,QKRPIPIKYKAM,B*27:09,0,0,0,9.407673e-19
CASSPPAGSYNEQF,CTELKLNDY,A*03:01,0,0,0,7.8586313e-20
CASSPPAGSYNEQF,ILTGLNYEA,A*01:01,0,0,0,1.4547091e-14
CASSPPGRSYNEQFF,NLVPMVATV,B*51:01,0,0,0,1.4586128e-14
CASSPPGRSYNEQFF,ILNAMIAKI,A*68:01,0,0,0,1.1039184e-14
CASSPPGRSYNEQFF,IVCPICSQK,A*30:02,0,0,0,3.52555e-15
CASSPPGRSYNEQFF,VVLSWAPPV,B*35:08,0,0,0,5.3402123e-13
CASSPPGRSYNEQFF,KLSALGINAV,A*02:01,0,0,0,4.4457947e-15
CASSPPGRSYNEQFF,NLFNRYPAL,B*27:09,0,0,0,1.2493874e-13
CASSPPGSKAYGYTF,RYRIGNYKL,B*35:08,0,0,0,1.215859e-13
CASSPPGSKAYGYTF,ITDQVPFSV,B*51:01,0,0,0,3.610108e-14
CASSPPGSKAYGYTF,CFVECAPVC,A*24:02,0,0,0,1.4842441e-14
CASSPPGSKAYGYTF,RPPIFIRRL,A*03:01,0,0,0,1.0334772e-14
CASSPPLWGVYGYTF,VMPFSIVYI,A*68:01,0,0,0,3.618903e-15
CASSPPLWGVYGYTF,VMPFSIVYIV,A*30:02,0,0,0,6.310537e-14
CASSPPLWGVYGYTF,FTSDYYQLY,B*35:08,0,0,0,6.576656e-14
CASSPPLWGVYGYTF,YVLDHLIVV,B*35:01,0,0,0,1.9519709e-13
CASSPPLWGVYGYTF,LLFGMTPCL,B*57:01,0,0,0,1.264906e-13
CASSPPLWGVYGYTF,FEDLRVSSF,B*35:01,0,0,0,3.961632e-14
CASSPPLWGVYGYTF,MLYQHLLPL,B*57:01,0,0,0,2.158485e-20
CASSPPLWGVYGYTF,ALSPVIPHI,B*27:09,0,0,0,7.656958e-21
CASSPQGDSASSGNTIYF,VLFHRAFLV,B*57:01,0,0,0,5.283404e-21
CASSPQGDSASSGNTIYF,EIQEFCPNT,A*11:01,0,0,0,1.3674485e-22
CASSPQGDSASSGNTIYF,LRVMMLAPF,B*08:01,0,0,0,2.2175252e-20
CASSPQGDSASSGNTIYF,LLAILTYYV,B*07:02,0,0,0,3.4546352e-20
CASSPQGDSASSGNTIYF,THLMVLCCV,A*68:01,0,0,0,7.537759e-21
CASSPQGQGESGANVLTF,RPRGEVRFL,B*57:01,0,0,0,4.0268936e-20
CASSPQGQGESGANVLTF,GCQEICPAC,B*35:08,0,0,0,2.3762456e-20
CASSPQGYEQYF,LLAGTLAGV,A*68:01,0,0,0,5.8984044e-21
CASSPQGYEQYF,SLAPLSPRA,A*11:01,0,0,0,3.925304e-21
CASSPQGYEQYF,RQLLFVVEV,B*07:02,0,0,0,1.5009048e-35
CASSPQGYEQYF,THLMVLCCV,A*68:01,0,0,0,2.0903902e-37
CASSPQGYEQYF,HTMLCMCCK,B*27:05,0,0,0,2.8372022e-33
CASSPQTGAVTEAF,SLAPLSPRV,A*30:02,0,0,0,1.2450102e-36
CASSPQTGAVTEAF,KLVALGINAV,A*30:02,0,0,0,4.584496e-34
CASSPQTGAVTEAF,TRLALIAPK,B*27:05,0,0,0,2.5150967e-35
CASSPQTGAVTEAF,RLGPYLEFL,A*24:02,0,0,0,8.7269656e-27
CASSPQTGAVTEAF,FLYNPLTRV,A*24:02,0,0,0,2.3763008e-27
CASSPQTGAVTEAF,RFPLTFGWCF,A*11:01,0,0,0,1.7497437e-26
CASSPQTGTIYGYTGF,TRLALIAPK,A*68:01,0,0,0,1.0300838e-30
CASSPQTGTIYGYTGF,KRPIPIKYKAM,A*30:02,0,0,0,2.2501603e-29
CASSPQTGTIYGYTGF,KLVALGINAV,B*35:08,0,0,0,7.646302e-29
CASSPQTGTIYGYTGF,HTMLCMCCK,B*37:01,0,0,0,5.114251e-29
CASSPQTSGSSFAGELFF,RPRGEVRFL,B*27:09,0,0,0,1.8251013e-29
CASSPQTSGSSFAGELFF,CTELKLSDY,B*57:01,0,0,0,2.4959503e-29
CASSPQTSGSSFAGELFF,RYRIGNYKL,B*38:01,0,0,0,1.3520436e-29
CASSPQTSGSSFAGELFF,QYDPVAALF,B*35:08,0,0,0,5.8003116e-30
CASSPQTSGSSFAGELFF,ILTGLNYEV,A*30:02,0,0,0,1.9290594e-29
CASSPQTSGSSFAGELFF,SLLMWITQA,B*27:09,0,0,0,3.4668174e-29
CASSPQTSGSSFAGELFF,SLLMWITQC,A*03:01,0,0,0,1.7581275e-18
CASSPRAYNEQFF,RTMEVCYNT,A*03:01,0,0,0,1.1635767e-19
CASSPRAYNEQFF,RYPLTFGWCF,A*24:02,0,0,0,4.4363154e-19
CASSPRAYNEQFF,YHSIEWAI,B*57:01,0,0,0,1.6097224e-17
CASSPRAYNEQFF,SLAPLSPRV,A*68:01,0,0,0,1.0372859e-19
CASSPRAYNEQFF,LLAGTLAVV,A*01:01,0,0,0,1.8633737e-19
CASSPRAYNEQFF,RYPLTFGW,B*38:01,0,0,0,1.6074909e-22
CASSPRAYNEQFF,KLSALGINAV,B*07:02,0,0,0,4.1965514e-19
CASSPRIGGPREGYTF,NMINFAPNI,A*02:01,0,0,0,3.626313e-21
CASSPRIGGPREGYTF,NLNCCSVPV,B*35:01,0,0,0,1.0202114e-19
CASSPRIGGPREGYTF,VMPFSIVYI,A*24:02,0,0,0,3.9386383e-21
CASSPRIGGPREGYTF,VLFHRAFLV,B*07:02,0,0,0,2.7136335e-20
CASSPRLAGGKYNEQFF,SPRWYFYYL,B*08:01,0,0,0,3.7036502e-22
CASSPRLAGGKYNEQFF,LLFGMPPCL,A*30:02,0,0,0,2.4301535e-23
CASSPRLAGGKYNEQFF,LLAMTVPNV,B*15:01,0,0,0,1.1494719e-20
CASSPRQGNNSPLHF,ALYGFVPVL,B*51:01,0,0,0,1.1069127e-21
CASSPRQGNNSPLHF,LVLEVDPNI,B*38:01,0,0,0,6.132275e-27
CASSPRQGNNSPLHF,HPVGEADYFEY,A*11:01,0,0,0,1.1265123e-28
CASSPRQGVYEQYF,SLLMPILTL,B*35:01,0,0,0,7.734351e-26
CASSPRQGVYEQYF,LLFGMPPCL,A*01:01,0,0,0,8.732618e-29
CASSPRRTGYTGELF,AEMEFCPCC,A*02:01,0,0,0,4.2217733e-28
CASSPRRTGYTGELF,KLNTITPVV,B*37:01,0,0,0,1.0652812e-25
CASSPRRTGYTGELF,RLQSLQTYV,A*24:02,0,0,0,6.8478287e-29
CASSPRRTGYTGELF,CFVECAPVC,A*30:02,0,0,0,2.888636e-28
CASSPRRTGYTGELF,CTELKLNDY,B*15:01,0,0,0,4.8259554e-23
CASSPRSAVEQYF,YLQPRTFLL,B*35:01,0,0,0,2.7823626e-22
CASSPRSAVEQYF,AEMEFCPCC,B*27:05,0,0,0,2.3408591e-21
CASSPRSAVEQYF,TAFTIPSI,B*27:09,0,0,0,1.2808996e-22
CASSPRSAVEQYF,FLIYLDVSV,B*08:01,0,0,0,3.6496832e-21
CASSPRSAVEQYF,KLLEIAPNC,A*68:01,0,0,0,1.7248228e-22
CASSPRYSSGELFF,GCQEICPAC,B*07:02,0,0,0,9.213704e-22
CASSPRYSSGELFF,ALSPVIPHI,A*02:01,0,0,0,2.2704292e-23
CASSPRYSSGELFF,ILTGLNYEA,A*24:02,0,0,0,4.593272e-24
CASSPRYSSGELFF,KMVAVFYTT,A*24:02,0,0,0,7.753797e-24
CASSPRYSSGELFF,CLGGLLTMV,B*15:01,0,0,0,1.1055232e-23
CASSPRYSSGELFF,CFLLILPNC,B*38:01,0,0,0,8.012883e-23
CASSPRYSSGELFF,FLIYLDVSV,B*57:01,0,0,0,4.9964264e-22
CASSPSGGTAYEQYF,QKRPIPIKYKAM,A*02:01,0,0,0,1.1281315e-24
CASSPSGGTAYEQYF,LPRWYFYYL,A*03:01,0,0,0,2.5212006e-24
CASSPSGGTAYEQYF,NDMLVCANI,A*11:01,0,0,0,8.375889e-25
CASSPSGGTAYEQYF,ILNAMIAKI,B*08:01,0,0,0,5.6966776e-23
CASSPSGGTAYEQYF,KTWGQYWQV,B*35:01,0,0,0,5.3840684e-24
CASSPSGSGTGTYEQYF,NMIHFAPNV,A*03:01,0,0,0,3.6739376e-26
CASSPSGSGTGTYEQYF,FLTVFSHFM,B*15:01,0,0,0,2.4224136e-25
CASSPSGSGTGTYEQYF,GKTELLAPF,A*02:01,0,0,0,3.0077334e-26
CASSPSGSGTGTYEQYF,RPPIFIRRL,B*51:01,0,0,0,1.690988e-25
CASSPSGSGTGTYEQYF,FLRGRAYGL,B*35:01,0,0,0,3.6799304e-24
CASSPSGSGTGTYEQYF,GQVMVVAPR,A*03:01,0,0,0,5.955569e-26
CASSPSGSGTGTYEQYF,VLFGLGFAI,B*27:09,0,0,0,2.2119687e-25
CASSPSGSGTGTYEQYF,ALSPVIPLI,A*03:01,0,0,0,1.8429597e-17
CASSPSGSGTGTYEQYF,NLNCCSVPV,B*37:01,0,0,0,1.928453e-17
CASSPSGSGTGTYEQYF,VMHANYIFW,B*15:01,0,0,0,7.799298e-18
CASSPSGSGTGTYEQYF,KTFPPTEPK,B*27:09,0,0,0,3.7717525e-18
CASSPSGSGTGTYEQYF,LLAMTVPNV,B*27:09,0,0,0,1.5909201e-17
CASSPSGTGFYEQYF,FEDLRLLSF,A*68:01,0,0,0,4.9276106e-19
CASSPSGTGFYEQYF,IVCPICSQK,B*27:09,0,0,0,3.5458318e-17
CASSPSGTGFYEQYF,NMIHFAPNV,B*15:01,0,0,0,5.871026e-18
CASSPSGTGFYEQYF,SPRWYFYYL,B*15:01,0,0,0,1.0017706e-17
CASSPSGTGFYEQYF,SLAPLSPRA,B*07:02,0,0,0,1.3264673e-17
CASSPSGTGFYEQYF,VMPFSIVYI,A*68:01,0,0,0,2.3027697e-18
CASSPSGTGFYEQYF,CFLLILPNC,A*24:02,0,0,0,3.5556653e-17
CASSPSLQVAQHF,YHSIEWAI,A*30:02,0,0,0,2.521509e-16
CASSPSLQVAQHF,YLEPGPVTA,B*15:01,0,0,0,4.1563142e-16
CASSPSLQVAQHF,MLYQHLLPL,A*01:01,0,0,0,1.2819644e-16
CASSPSLQVAQHF,LLSIISFPA,B*08:01,0,0,0,1.0594024e-15
CASSPSLQVAQHF,HPVGEADYFEY,A*30:02,0,0,0,7.43446e-16
CASSPSPGEAYGYTF,NMINFAPNI,B*27:09,0,0,0,6.372339e-23
CASSPSPGEAYGYTF,VSDGGPNLY,A*03:01,0,0,0,3.785478e-24
CASSPSPGEAYGYTF,VMPFSIVYIV,A*01:01,0,0,0,7.0001144e-23
CASSPSPGEAYGYTF,THLMVLCCV,B*51:01,0,0,0,7.484943e-23
CASSPSPGEAYGYTF,IMDQVPFSV,B*08:01,0,0,0,1.2725416e-23
CASSPSPGEAYGYTF,RLQSLQTYV,B*15:01,0,0,0,4.7939737e-23
CASSPSPGSEQYF,GQVMVVAPR,B*51:01,0,0,0,3.5728013e-22
CASSPSPGSEQYF,FEDLRLLSF,B*35:08,0,0,0,1.5700369e-23
CASSPSPGSEQYF,VVMSWAPPV,B*57:01,0,0,0,1.5841342e-21
CASSPSPGSEQYF,VYGIRLEHF,B*51:01,0,0,0,1.3606569e-16
CASSPSQGYGYTF,RPIPIKYKAM,A*30:02,0,0,0,5.4459533e-17
CASSPSQGYGYTF,RYPLTFGW,B*57:01,0,0,0,3.5367149e-16
CASSPSQGYGYTF,ILTGLNYEA,B*07:02,0,0,0,9.648912e-16
CASSPSQGYGYTF,RPIPIKYKAM,A*01:01,0,0,0,7.4776605e-17
CASSPSSGGITDTQYF,NYNYLYRLF,B*51:01,0,0,0,1.1312302e-16
CASSPSSGGITDTQYF,YHSIEWAI,B*57:01,0,0,0,2.0604242e-15
CASSPSSGGITDTQYF,QYIKWPWYI,A*68:01,0,0,0,2.4119591e-16
CASSPSTGTGGIYEQYF,LLAILTYYV,B*37:01,0,0,0,1.4847737e-14
CASSPSTGTGGIYEQYF,YVLTWIVGA,A*01:01,0,0,0,6.757752e-15
CASSPSTGTGGIYEQYF,LLSIIFFPA,B*51:01,0,0,0,4.227329e-15
CASSPSTGTGGIYEQYF,FLTVFSHFM,B*35:01,0,0,0,2.6277836e-15
CASSPSTGTGGIYEQYF,LLFALYFSA,A*24:02,0,0,0,1.1057047e-15
CASSPSTGTGGIYEQYF,KLLEIAPNC,B*38:01,0,0,0,7.694431e-15
CASSPSTGTGGIYEQYF,FTSDYYQLY,B*35:01,0,0,0,1.2239603e-14
CASSPSTGTGGIYEQYF,FEDLRLLSF,A*11:01,0,0,0,2.441658e-15
CASSPSTGTGGIYEQYF,NLNCCSVPV,B*38:01,0,0,0,1.3108865e-20
CASSPSTGYGYTF,LPRWYFYYL,A*01:01,0,0,0,4.6199717e-21
CASSPSTGYGYTF,MLYQHLLPL,A*24:02,0,0,0,1.3940421e-21
CASSPSTGYGYTF,ITDQVPFSV,A*02:01,0,0,0,3.9422006e-21
CASSPSTGYGYTF,IMDQVPFSV,A*02:01,0,0,0,4.9745394e-21
CASSPSTGYGYTF,LLFALHFSA,B*51:01,0,0,0,7.596357e-21
CASSPSTGYGYTF,SPRWYFYYL,B*15:01,0,0,0,8.258327e-21
CASSPSTSGASYEQYVF,KMVAVFYNT,B*07:02,0,0,0,1.3203568e-20
CASSPSTSGASYEQYVF,NDMLVCANI,B*38:01,0,0,0,9.617615e-21
CASSPSTSGASYEQYVF,CFLLILPNC,B*38:01,0,0,0,4.3620045e-21
CASSPSTSGASYEQYVF,LLSIISFPA,B*27:09,0,0,0,2.318323e-21
CASSPSTSGASYEQYVF,VLNYFKPYL,B*15:01,0,0,0,1.6706481e-20
CASSPSTSGASYEQYVF,VYGIRLEHF,A*24:02,0,0,0,2.1132524e-26
CASSPSWLSGVTQYF,KTWGQYWQV,A*01:01,0,0,0,2.8461337e-26
CASSPSWLSGVTQYF,LLSIISFPA,A*01:01,0,0,0,8.052921e-26
CASSPSWLSGVTQYF,KTWGQYWQV,B*37:01,0,0,0,1.4527379e-25
CASSPTAGELFF,IMDQVPFSV,B*27:05,0,0,0,3.2568656e-26
CASSPTAGELFF,RLGPYLEFL,B*08:01,0,0,0,8.216921e-26
CASSPTAGELFF,NDMLVCANI,A*30:02,0,0,0,4.3207872e-27
CASSPTAGELFF,VMHANYIFW,A*30:02,0,0,0,1.3730536e-27
CASSPTAGELFF,NLNCCSVPV,A*24:02,0,0,0,2.8564544e-27
CASSPTEGGSSTYEQYF,LLFGYPVYV,B*57:01,0,0,0,2.2316818e-26
CASSPTEGGSSTYEQYF,LRVMMLAPF,A*03:01,0,0,0,5.9128942e-27
CASSPTEGGSSTYEQYF,SLLWMNPFV,A*68:01,0,0,0,1.0272052e-27
CASSPTEGGSSTYEQYF,FLYNLLTRV,B*37:01,0,0,0,2.1667282e-26
CASSPTEGGSSTYEQYF,AVGSYVYSV,B*37:01,0,0,0,1.8493596e-19
CASSPTEGGSSTYEQYF,FLYNPLTRV,B*38:01,0,0,0,1.3125578e-20
CASSPTEGGSSTYEQYF,LLWNGPMAV,B*27:09,0,0,0,1.8386666e-20
CASSPTEGGSSTYEQYF,RLQSLQTYV,B*38:01,0,0,0,1.9014225e-20
CASSPTEGGSSTYEQYF,SLAPLSPRA,B*27:05,0,0,0,5.0754623e-20
CASSPTFVAGANVLTF,VLNYFEPYL,A*11:01,0,0,0,1.0049804e-20
CASSPTFVAGANVLTF,FLYNLLTRV,B*35:08,0,0,0,4.8248398e-20
CASSPTFVAGANVLTF,LRVMMLAPF,B*35:08,0,0,0,6.88025e-20
CASSPTFVAGANVLTF,GILGFVFTL,B*57:01,0,0,0,2.4764126e-22
CASSPTFVAGANVLTF,QYIKWPWYI,B*27:09,0,0,0,3.659522e-23
CASSPTFVAGANVLTF,NYNYLYRLF,B*08:01,0,0,0,1.3426932e-23
CASSPTFVAGANVLTF,CTELKLSDY,B*08:01,0,0,0,2.0971943e-23
CASSPTFVAGANVLTF,HPVGEADYFEY,A*11:01,0,0,0,3.9320425e-24
CASSPTGLVYEQF,RFPLTFGWCF,B*38:01,0,0,0,1.9852653e-23
CASSPTGLVYEQF,YLQPRTFLL,A*01:01,0,0,0,1.0756168e-24
CASSPTGLVYEQF,SLLWMNPFV,B*38:01,0,0,0,6.1999355e-23
CASSPTGLVYEQF,LLFALYFSA,A*24:02,0,0,0,7.405029e-22
CASSPTGLVYEQF,FLYNPLTRV,B*35:08,0,0,0,6.6614696e-21
CASSPTGLVYEQF,ALSPVIPHI,B*38:01,0,0,0,1.1683308e-20
CASSPTGNEQFF,FLTVFSHFM,A*03:01,0,0,0,1.9643018e-22
CASSPTGNEQFF,ILNAMITKI,B*57:01,0,0,0,1.442586e-20
CASSPTGNEQFF,RYRIGNYKL,A*30:02,0,0,0,2.5710092e-21
CASSPTGNEQFF,CLGGLLTMV,B*27:05,0,0,0,4.723239e-21
CASSPTGNEQFF,RLQSLQTYV,B*37:01,0,0,0,2.3284632e-20
CASSPTGRVQPQHF,KMVTVCPNT,B*57:01,0,0,0,1.2436817e-20
CASSPTGRVQPQHF,SVYGDTLEK,A*68:01,0,0,0,6.4467226e-21
CASSPTGRVQPQHF,GMGPLLATV,B*51:01,0,0,0,2.5659085e-18
CASSPTGRVQPQHF,RFPLTFGWCF,B*08:01,0,0,0,1.1193216e-18
CASSPTGRVQPQHF,ILNVDVFTL,B*27:05,0,0,0,8.435593e-18
CASSPTGRVQPQHF,LLWNGPMAV,B*27:09,0,0,0,1.512575e-17
CASSPTGRVQPQHF,CLGGLLTMV,B*38:01,0,0,0,7.9723486e-19
CASSPTGSYGYTF,KLLEIAPNC,B*51:01,0,0,0,3.8723802e-17
CASSPTGSYGYTF,QYDPVAALF,B*37:01,0,0,0,4.2782872e-14
CASSPTGSYGYTF,FEDLRLLSF,B*08:01,0,0,0,2.2696863e-14
CASSPTGSYGYTF,LIIPFIHLI,A*02:01,0,0,0,2.0517974e-14
CASSPTGSYGYTF,LLFGMPPCL,B*27:09,0,0,0,3.4969284e-14
CASSPTGSYGYTF,ILNVDIFTL,B*08:01,0,0,0,2.094071e-13
CASSPTGSYGYTF,EAAGIGILTV,A*01:01,0,0,0,2.9200936e-14
CASSPTGTGGSDTQYF,SLLMWITQA,B*35:08,0,0,0,2.969165e-13
CASSPTGTGGSDTQYF,MLYQHLLPL,B*35:08,0,0,0,8.389431e-14
CASSPTGTGGSDTQYF,VLFHRAFLV,A*68:01,0,0,0,3.001607e-15
CASSPTGTGGSDTQYF,ILTGLNYEV,A*11:01,0,0,0,2.982335e-19
CASSPTGTGGSDTQYF,GILGFVFTL,B*27:09,0,0,0,2.20132e-18
CASSPTMHYEQYF,LLAMTVPNV,B*37:01,0,0,0,1.5457764e-18
CASSPTMHYEQYF,CFLLILPNC,A*30:02,0,0,0,5.5956556e-19
CASSPTMHYEQYF,EAAGIGILTV,A*30:02,0,0,0,1.7905952e-19
CASSPTMHYEQYF,FLYNPLTRV,B*38:01,0,0,0,1.9362796e-19
CASSPTMHYEQYF,GCQEICPAC,B*57:01,0,0,0,1.4153823e-17
CASSPTMHYEQYF,VLNYFEPYL,A*03:01,0,0,0,1.0846726e-18
CASSPTMHYEQYF,LLFALYFSA,B*27:05,0,0,0,1.2051153e-18
CASSPTPAGGAYEQYF,DATYQRTRALVR,B*38:01,0,0,0,1.5373613e-18
CASSPTPAGGAYEQYF,GQFLTPNSH,B*27:09,0,0,0,2.1543787e-14
CASSPTPAGGAYEQYF,VLNYFKPYL,B*57:01,0,0,0,5.339362e-11
CASSPTPGTGETQYF,NLNCCSVPV,B*38:01,0,0,0,4.581328e-13
CASSPTPGTGETQYF,AEMEFCPCC,B*07:02,0,0,0,3.4637394e-13
CASSPTPGTGETQYF,SLLMPILTL,A*68:01,0,0,0,2.9899663e-12
CASSPTPGTGETQYF,MLNIPSINV,A*01:01,0,0,0,3.8028335e-12
CASSPTPGTGETQYF,QYIKWPWYI,A*02:01,0,0,0,2.4381642e-14
CASSPTPGTGETQYF,VSDGGPNLY,A*03:01,0,0,0,2.7388596e-15
CASSPTPGTGETQYF,HPVGEADYFEY,A*11:01,0,0,0,6.6352887e-16
CASSPTPGTGETQYF,LLFALHFSA,B*15:01,0,0,0,3.6397014e-13
CASSPTPGTGETQYF,CFLLILPNC,B*08:01,0,0,0,6.8489165e-13
CASSPTQREQYF,HTMLCMCCK,A*30:02,0,0,0,2.5673728e-14
CASSPTQREQYF,LLSIIFFPA,B*08:01,0,0,0,9.791902e-14
CASSPTQREQYF,FLTVFSHFM,A*01:01,0,0,0,1.9022833e-15
CASSPTQREQYF,NDMLVCANI,A*30:02,0,0,0,2.3768631e-34
CASSPTQREQYF,KLSALGINAV,B*37:01,0,0,0,3.5955103e-30
CASSPTQREQYF,FEDLRVSSF,A*01:01,0,0,0,1.1816435e-34
CASSPTRLVSSYNEQFF,ILTGLNYEA,B*38:01,0,0,0,2.171464e-31
CASSPTRLVSSYNEQFF,RTMEVCYNT,B*27:05,0,0,0,5.2803923e-32
CASSPTRLVSSYNEQFF,GQVMVVAPR,A*11:01,0,0,0,3.783714e-33
CASSPTRLVSSYNEQFF,SPRWYFYYL,A*03:01,0,0,0,7.163422e-35
CASSPTRLVSSYNEQFF,KLNTITPVV,A*02:01,0,0,0,9.745296e-34
CASSPTRLVSSYNEQFF,SLLMWITQA,B*38:01,0,0,0,1.2620713e-29
CASSPTRLVSSYNEQFF,VVMSWAPPV,B*35:08,0,0,0,1.0545241e-29
CASSPTSGGYEQYF,VVMSWAPPV,B*08:01,0,0,0,7.243099e-30
CASSPTSGGYEQYF,LLSIISFPA,B*15:01,0,0,0,1.4902279e-31
CASSPTSGGYEQYF,MMPFSIVYI,A*30:02,0,0,0,2.03432e-33
CASSPTSGGYEQYF,LLSIISFPA,B*27:09,0,0,0,2.013389e-19
CASSPTSGGYEQYF,GKTELLAPF,A*03:01,0,0,0,1.7601794e-20
CASSPTSGGYEQYF,LLAMTVPNV,A*68:01,0,0,0,2.674855e-21
CASSPTSGGYEQYF,FMLYLLTLM,A*02:01,0,0,0,7.093208e-21
CASSPTSGGYEQYF,GQMWLLAPR,B*51:01,0,0,0,6.3320514e-20
CASSPTSGGYEQYF,VLFHRAFLV,B*35:01,0,0,0,1.0558176e-19
CASSPTSGIYEQYF,NLNCCSVPV,B*27:05,0,0,0,1.1474178e-19
CASSPTSGIYEQYF,MLYQHLLPL,B*37:01,0,0,0,7.3251377e-19
CASSPTSGIYEQYF,GKTELLAPF,B*38:01,0,0,0,5.285221e-20
CASSPTSGIYEQYF,ILNAMITKI,B*35:01,0,0,0,1.6887e-41
CASSPTSGIYEQYF,RQLLFVVEV,A*03:01,0,0,0,5.16e-43
CASSPTSGIYEQYF,IMDQVPFSV,A*24:02,0,0,0,1.135e-42
CASSPTSGIYEQYF,GKTELLAPF,A*68:01,0,0,0,4.8e-44
CASSPTSGIYEQYF,YLQPRTFLL,B*57:01,0,0,0,4.2545e-41
CASSPTSGIYEQYF,ALSPVIPLI,A*03:01,0,0,0,4.16e-43
CASSPTSGSYEQYF,SLLWMNPFV,B*51:01,0,0,0,7.27291e-40
CASSPTSGSYEQYF,YLEPGPVTA,B*38:01,0,0,0,2.064e-42
CASSPTSGSYEQYF,YVLDHLIVV,B*07:02,0,0,0,5.4259496e-37
CASSPTSGSYEQYF,RPPIFIRRL,B*35:08,0,0,0,2.3181624e-37
CASSPTSGSYEQYF,SLAPLSPRV,A*01:01,0,0,0,9.461127e-39
CASSPTSGSYEQYF,FEDLRVSSF,B*15:01,0,0,0,6.444106e-39
CASSPTTGADTQYF,AVGSYVYSV,B*07:02,0,0,0,3.6362016e-37
CASSPTTGADTQYF,VLNYFKPYL,B*35:01,0,0,0,8.175234e-36
CASSPTTGADTQYF,LLSIIFFPA,B*38:01,0,0,0,9.169869e-38
CASSPTTGADTQYF,SLAPLSPRV,A*03:01,0,0,0,2.3267e-39
CASSPTTRTRYYGYTF,CFLLILPNC,B*35:08,0,0,0,2.2175072e-36
CASSPTTRTRYYGYTF,AEMEFCPCC,B*35:08,0,0,0,1.2604935e-36
CASSPVAGGAYNEQF,GQMWLLAPR,B*35:01,0,0,0,8.669986e-21
CASSPVAGGAYNEQF,RYPLTFGW,B*08:01,0,0,0,9.806141e-22
CASSPVAGGAYNEQF,LPRWYFYYL,B*27:09,0,0,0,3.821714e-21
CASSPVAGGAYNEQF,VAANIVLTV,A*03:01,0,0,0,5.562019e-23
CASSPVAGGAYNEQF,RYRIGNYKL,A*68:01,0,0,0,1.5550884e-22
CASSPVAGGAYNEQF,SLLMPILTL,A*03:01,0,0,0,1.1228738e-21
CASSPVGYEQYF,GQMWLLAPR,B*35:08,0,0,0,1.7930525e-15
CASSPVGYEQYF,GCQEICPAC,B*07:02,0,0,0,4.4029594e-15
CASSPVGYEQYF,ALYGSVPVL,B*37:01,0,0,0,2.1577908e-15
CASSPVGYEQYF,DATYQRTRALVR,A*11:01,0,0,0,2.544089e-16
CASSPVGYEQYF,KLNTITPVV,B*51:01,0,0,0,3.3401529e-15
CASSPVGYEQYF,RFPLTFGWCF,B*07:02,0,0,0,2.954057e-15
CASSPVTGGIYGYTGF,IPSINVHHY,B*07:02,0,0,0,6.469281e-16
CASSPVTGGIYGYTGF,LLFALHFSA,B*38:01,0,0,0,1.1617961e-15
CASSPVTGGIYGYTGF,AEMEFCPCC,A*24:02,0,0,0,1.7765559e-15
CASSPVTGGIYGYTGF,SLLMPILTL,B*15:01,0,0,0,8.485716e-14
CASSPVTGGIYGYTGF,NLFNRYPAL,A*24:02,0,0,0,1.8111367e-14
CASSPVTGTGTYGYTF,VLNYFEPYL,B*35:08,0,0,0,5.9326804e-14
CASSPVTGTGTYGYTF,KLVALGINAV,A*68:01,0,0,0,3.3420407e-14
CASSPVTGTGTYGYTF,RPRGEVRFL,B*38:01,0,0,0,1.3590437e-16
CASSPVTGTGTYGYTF,LLFALYFSA,A*24:02,0,0,0,5.9563456e-17
CASSPVTGTGTYGYTF,FLRGRAYGL,B*07:02,0,0,0,3.1601605e-16
CASSPVTGTGTYGYTF,LLSIIFFPA,A*68:01,0,0,0,8.791901e-17
CASSPVTGTGTYGYTF,ALSPVIPHI,A*30:02,0,0,0,2.5350973e-17
CASSPVTGTGTYGYTF,GILGFVFTL,B*07:02,0,0,0,1.9717852e-16
CASSPVVTPTTDTQYF,FEDLRVSSF,B*15:01,0,0,0,2.2877407e-29
CASSPVVTPTTDTQYF,FLYNPLTRV,A*03:01,0,0,0,9.326756e-30
CASSPWDRANTGELF,LLFGMTPCL,B*35:08,0,0,0,2.5100089e-26
CASSPWDRANTGELF,LLSIISFPA,A*24:02,0,0,0,1.730355e-26
CASSPWDRANTGELF,RFPLTFGWCF,B*35:08,0,0,0,5.065019e-27
CASSPWDRANTGELF,GMGPLLATV,A*68:01,0,0,0,1.8303724e-29
CASSPWEMNTEAFF,KLVALGINAV,A*24:02,0,0,0,5.436335e-20
CASSPWEMNTEAFF,KVKEVCPNV,B*27:09,0,0,0,1.3196266e-20
CASSPWEMNTEAFF,ILTGLNYEV,A*24:02,0,0,0,1.5794293e-19
CASSPWEMNTEAFF,ALSKGVHFV,A*68:01,0,0,0,1.533896e-22
CASSPWTGIPYNSPLHF,GQFLTPNSH,B*51:01,0,0,0,2.1588309e-20
CASSPWTGIPYNSPLHF,YLQPRTFLL,A*30:02,0,0,0,5.745238e-22
CASSPWTGIPYNSPLHF,GCQEICPAC,B*08:01,0,0,0,1.2525716e-19
CASSPWTGIPYNSPLHF,AEMEFCPCC,B*07:02,0,0,0,3.8545936e-16
CASSPWTGIPYNSPLHF,YLEPGPVTA,B*27:05,0,0,0,1.86207e-15
CASSPWTGIPYNSPLHF,CTELKLNDY,B*51:01,0,0,0,6.330926e-17
CASSPWTGIPYNSPLHF,RYRIGNYKL,A*02:01,0,0,0,6.205491e-17
CASSPWTGIPYNSPLHF,LLWNGPMAV,A*30:02,0,0,0,8.306158e-14
CASSPWTGTLNTEAF,RPRGEVRFL,A*03:01,0,0,0,1.8610172e-17
CASSPWTGTLNTEAF,ILNVDVFTL,B*35:08,0,0,0,7.407316e-15
CASSPWTGTLNTEAF,LLAILTYYV,A*02:01,0,0,0,3.7825776e-16
CASSPWTGTLNTEAF,MLNIPSINV,A*68:01,0,0,0,2.4264027e-15
CASSPWTGTLNTEAF,GQMWLLAPR,A*68:01,0,0,0,8.907335e-21
CASSPWTGTLNTEAF,GILGFVFTL,A*68:01,0,0,0,1.7921404e-18
CASSPWTGTLNTEAF,MMPFSIVYI,B*27:09,0,0,0,1.6438133e-19
CASSPWTLNEQYF,AVGSYVYSV,B*38:01,0,0,0,2.5042196e-21
CASSPWTLNEQYF,ALSPVIPLI,B*57:01,0,0,0,4.9391824e-20
CASSPWTLNEQYF,SLAPLSPRV,A*01:01,0,0,0,2.4749123e-21
CASSPWTLNEQYF,RTMEVCYNT,B*08:01,0,0,0,1.9176153e-20
CASSPYGQGGRDTEAFF,GQFLTPNSH,B*37:01,0,0,0,6.078262e-21
CASSPYGQGGRDTEAFF,KAFSPEVIPMF,B*27:09,0,0,0,7.82662e-20
CASSPYGQGGRDTEAFF,RTMEVCYNT,A*03:01,0,0,0,1.13960716e-23
CASSPYGQGGRDTEAFF,FEDLRVSSF,B*27:09,0,0,0,1.6960409e-24
CASSPYGQGGRDTEAFF,RYPLTFGW,B*27:05,0,0,0,1.6137444e-12
CASSPYRTGNIQYF,CFVECAPVC,A*03:01,0,0,0,4.4711747e-13
CASSPYRTGNIQYF,LLSIIFFPA,B*07:02,0,0,0,5.7693494e-12
CASSPYRTGNIQYF,VVMSWAPPV,B*27:05,0,0,0,5.4990964e-12
CASSPYRTGNIQYF,VAANIVLTV,B*07:02,0,0,0,3.382213e-12
CASSPYRTGNIQYF,MIISHLYLI,B*15:01,0,0,0,2.1647525e-12
CASSPYSNQPQHF,KVKEVCPNV,B*37:01,0,0,0,3.3357711e-12
CASSPYSNQPQHF,RYRIGNYKL,B*57:01,0,0,0,4.8853846e-12
CASSPYSNQPQHF,EIQEFCPNT,B*37:01,0,0,0,4.08878e-12
CASSPYSNQPQHF,GQFLTPNSH,A*02:01,0,0,0,3.705209e-12
CASSPYTDRQENYGYTF,RQLLFVVEV,A*30:02,0,0,0,9.290728e-12
CASSPYTDRQENYGYTF,ALSKGVHFV,A*11:01,0,0,0,4.6410844e-12
CASSPYTDRQENYGYTF,RYRIGNYKL,B*35:01,0,0,0,5.1471986e-11
CASSPYTDRQENYGYTF,VVLSWAPPV,B*07:02,0,0,0,7.336129e-11
CASSPYTDRQENYGYTF,RQLLFVVEV,A*02:01,0,0,0,2.8475657e-12
CASSPYTDRQENYGYTF,KTFPPTEPK,B*51:01,0,0,0,2.2771914e-26
CASSPYTDRQENYGYTF,CTELKLNDY,A*02:01,0,0,0,1.4960815e-26
CASSPYTDRQENYGYTF,VMHANYIFW,B*57:01,0,0,0,2.7412106e-23
CASSQAASGDSYEQYF,LLFGMPPCL,A*03:01,0,0,0,1.7749191e-27
CASSQAASGDSYEQYF,LLWNGPMAV,A*30:02,0,0,0,1.7013277e-25
CASSQAASGDSYEQYF,MLNIPSINV,A*24:02,0,0,0,2.745729e-25
CASSQAASGDSYEQYF,RYPLTFGWCF,A*24:02,0,0,0,9.563805e-27
CASSQAASGDSYEQYF,VAANIVLTV,B*27:09,0,0,0,9.839883e-26
CASSQAENYGYTF,FMLYLLTLM,B*15:01,0,0,0,7.024677e-36
CASSQAENYGYTF,ALSPVIPLI,A*24:02,0,0,0,6.509658e-38
CASSQAENYGYTF,LLWNGPMAV,B*35:08,0,0,0,1.5403358e-35
CASSQAENYGYTF,RLQSLQTYV,B*51:01,0,0,0,2.777784e-35
CASSQAENYGYTF,IPSINVHHY,B*35:08,0,0,0,5.867701e-37
CASSQAENYGYTF,FEDLRVSSF,B*37:01,0,0,0,8.8407404e-38
CASSQAGEQYF,GKTELLAPF,B*07:02,0,0,0,1.8178536e-37
CASSQAGEQYF,MTLHGFMMY,B*38:01,0,0,0,3.7860744e-37
CASSQAGEQYF,QSRGDENRGW,A*30:02,0,0,0,8.579046e-37
CASSQAGEQYF,ALSPVIPLI,A*01:01,0,0,0,7.172923e-39
CASSQAGEQYF,RYPLTFGW,B*27:09,0,0,0,4.2015084e-38
CASSQAGEQYF,KTWGQYWQV,B*27:09,0,0,0,6.09877e-36
CASSQAGTSYEQYF,ILNVDIFTL,B*07:02,0,0,0,2.1928695e-35
CASSQAGTSYEQYF,NLNCCSVPV,A*02:01,0,0,0,1.8072117e-38
CASSQAHTGELFF,VLNYFEPYL,A*02:01,0,0,0,1.5087709e-33
CASSQAHTGELFF,KLWASPLHV,B*37:01,0,0,0,3.1606637e-33
CASSQAHTGELFF,FLIYLDVSV,A*30:02,0,0,0,2.840352e-34
CASSQAHTGELFF,MLYQHLLPL,B*35:08,0,0,0,2.9642118e-33
CASSQALAYEQYF,LMFWASSSI,A*02:01,0,0,0,1.0107782e-35
CASSQALAYEQYF,VYFLQSINF,B*15:01,0,0,0,1.363015e-39
CASSQALAYEQYF,KVKEVCPNV,A*68:01,0,0,0,3.825354e-39
CASSQALAYEQYF,LLAMTVPNV,B*51:01,0,0,0,7.7e-44
CASSQARGGAETQYF,VMPFSIVYI,A*11:01,0,0,0,0.0
CASSQARGGAETQYF,HTMLCMCCK,B*27:05,0,0,0,2.2785e-41
CASSQARGGAETQYF,ILNAMIAKI,A*11:01,0,0,0,7.62e-43
CASSQARGGAETQYF,LLFALYFSA,B*27:09,0,0,0,1.3026e-40
CASSQARGGAETQYF,RLVPYLEFL,B*15:01,0,0,0,2.24e-43
CASSQARGGAETQYF,GQFLTPNSH,B*07:02,0,0,0,2.3162e-40
CASSQARGGAETQYF,KLNTITPVV,A*11:01,0,0,0,1.871e-42
CASSQARGGAETQYF,SLLWMNPFV,B*35:01,0,0,0,5.616859e-38
CASSQARGGAETQYF,RYPLTFGW,A*24:02,0,0,0,3.101e-42
CASSQASLVMTGGDEQYF,VLNYFKPYL,B*57:01,0,0,0,3.864271e-36
CASSQASLVMTGGDEQYF,AVGSYVYSV,A*03:01,0,0,0,1.9429668e-28
CASSQASLVMTGGDEQYF,GILGFVFTL,A*03:01,0,0,0,2.1751648e-28
CASSQASLVMTGGDEQYF,LLAILTYYV,B*07:02,0,0,0,8.382822e-26
CASSQASLVMTGGDEQYF,RPPIFIRRL,A*24:02,0,0,0,3.3909815e-29
CASSQASLVMTGGDEQYF,RLGPYLEFL,A*01:01,0,0,0,5.7488102e-30
CASSQASLVMTGGDEQYF,KTFPPTEPK,B*35:08,0,0,0,1.22382955e-29
CASSQATGYEQYF,LIIPFIHLI,A*68:01,0,0,0,4.5847698e-29
CASSQATGYEQYF,MTLHGFMMY,B*27:09,0,0,0,6.5216436e-29
CASSQATGYEQYF,GMGPLLATV,B*15:01,0,0,0,2.170271e-24
CASSQATGYEQYF,GILGFVFTL,A*02:01,0,0,0,3.9127998e-24
CASSQATGYEQYF,FLTVFSHFM,A*30:02,0,0,0,2.6335204e-25
CASSQATGYEQYF,FTSDYYQLY,A*01:01,0,0,0,2.8274223e-27
CASSQATGYEQYF,LPRWYFYYL,A*68:01,0,0,0,6.709705e-26
CASSQATGYEQYF,LVLEVDPNI,A*01:01,0,0,0,3.9682066e-24
CASSQAVNTGELFF,HPVGEADYFEY,B*08:01,0,0,0,2.6958813e-24
CASSQAVNTGELFF,QSRGDENRGW,B*27:09,0,0,0,2.3297668e-22
CASSQAVNTGELFF,KMVAVFYTT,B*51:01,0,0,0,6.3529864e-33
CASSQAVNTGELFF,SLLMWITQC,B*27:05,0,0,0,2.8609852e-31
CASSQDAGLYNQPQHF,LMFWASSSI,A*24:02,0,0,0,2.4012038e-35
CASSQDAGLYNQPQHF,LRVMMLAPF,B*27:09,0,0,0,9.130515e-34
CASSQDAGLYNQPQHF,VLFHRAFLV,A*11:01,0,0,0,3.0996327e-36
CASSQDAGLYNQPQHF,LLAMTVPNV,A*03:01,0,0,0,1e-45
CASSQDAGLYNQPQHF,YVLTWIVGA,B*27:05,0,0,0,4.4088e-41
CASSQDAGLYNQPQHF,ALSKGVHFV,B*51:01,0,0,0,2.797e-42
CASSQDAGTAHVGEQFF,LLAGTLAGV,B*51:01,0,0,0,6.939e-42
CASSQDAGTAHVGEQFF,LVLEVDPNI,B*27:05,0,0,0,3.559e-42
CASSQDAGTAHVGEQFF,VYIGDPAQL,A*30:02,0,0,0,6e-45
CASSQDAGTAHVGEQFF,TAFTIPSI,B*15:01,0,0,0,2.09e-43
CASSQDAGTAHVGEQFF,KAFSPEVIPMF,B*38:01,0,0,0,5.6e-44
CASSQDAGTAHVGEQFF,FEDLRVLSF,B*35:01,0,0,0,6.2e-44
CASSQDEGYEQYF,FLTVFSHFM,A*68:01,0,0,0,7e-45
CASSQDEGYEQYF,TAFTIPSI,B*08:01,0,0,0,6.47e-43
CASSQDEGYEQYF,VYGIRLEHF,A*68:01,0,0,0,4e-45
CASSQDEGYEQYF,EIQEFCPNT,B*57:01,0,0,0,1.9946525e-26
CASSQDEGYEQYF,KTWGQYWQV,B*07:02,0,0,0,9.091313e-26
CASSQDEGYEQYF,VLFHRAFLV,B*27:05,0,0,0,5.609931e-27
CASSQDEGYEQYF,ILNVDVFTL,B*08:01,0,0,0,1.8803555e-25
CASSQDEGYEQYF,RLPGVLPRA,B*35:01,0,0,0,2.4036698e-27
CASSQDGAGTPFTEAFF,NLNCCSVPV,B*07:02,0,0,0,3.7240006e-26
CASSQDGAGTPFTEAFF,RPIPIKYKAM,B*27:09,0,0,0,1.3518497e-26
CASSQDGAGTPFTEAFF,ELAGIGILTV,A*30:02,0,0,0,1.4163376e-18
CASSQDGAGTPFTEAFF,AEMEFCPCC,A*03:01,0,0,0,1.46766e-18
CASSQDGAGTPFTEAFF,TAFTIPSI,A*03:01,0,0,0,7.840968e-19
CASSQDGFSGTYTF,FEDLRLLSF,B*35:01,0,0,0,4.273744e-18
CASSQDGFSGTYTF,MLYQHLLPL,B*57:01,0,0,0,3.9775542e-18
CASSQDGFSGTYTF,NMIHFAPNV,B*15:01,0,0,0,6.3902134e-21
CASSQDGFSGTYTF,YVLTWIVGA,B*51:01,0,0,0,2.7327385e-19
CASSQDGFSGTYTF,RLQSLQTYV,A*11:01,0,0,0,2.271585e-20
CASSQDGFSGTYTF,MTLHGFMMY,B*38:01,0,0,0,7.199306e-21
CASSQDGFSGTYTF,FLTVFSHFM,A*02:01,0,0,0,1.1335481e-19
CASSQDGFSGTYTF,VLNYFEPYL,B*07:02,0,0,0,8.5415995e-20
CASSQDGISTGDQPQHF,RLPGVLPRA,B*15:01,0,0,0,4.5375667e-21
CASSQDGISTGDQPQHF,RYPLTFGWCF,A*68:01,0,0,0,5.8936813e-21
CASSQDGISTGDQPQHF,FEDLRVSSF,B*57:01,0,0,0,4.7377836e-21
CASSQDGVQHF,LLAMTVPNV,A*03:01,0,0,0,3.6723082e-13
CASSQDGVQHF,RTMEVCYNT,B*38:01,0,0,0,2.6736773e-13
CASSQDHRVMRLDAGELFF,KAFSPEVIPMF,A*30:02,0,0,0,3.0468496e-13
CASSQDHRVMRLDAGELFF,LLFGMTPCL,B*35:01,0,0,0,6.742901e-13
CASSQDHRVMRLDAGELFF,LLSIISFPA,A*03:01,0,0,0,3.2095816e-13
CASSQDHRVMRLDAGELFF,KTFPPTEPK,A*03:01,0,0,0,5.6888535e-14
CASSQDHRVMRLDAGELFF,KAFSPEVIPMF,A*68:01,0,0,0,7.105115e-16
CASSQDHRVMRLDAGELFF,SLAPLSPRA,B*15:01,0,0,0,6.821203e-16
CASSQDIWTSGYTF,SPRWYFYYL,A*02:01,0,0,0,3.965455e-15
CASSQDIWTSGYTF,THLMVLCCV,A*02:01,0,0,0,2.8853402e-15
CASSQDIWTSGYTF,KTFPPTEPK,B*08:01,0,0,0,1.52685e-14
CASSQDIWTSGYTF,ALSPVIPLI,B*37:01,0,0,0,2.6297188e-15
CASSQDIWTSGYTF,LPRWYFYYL,A*24:02,0,0,0,9.365153e-15
CASSQDIWTSGYTF,TTDPSFLGRY,B*27:05,0,0,0,5.4531022e-14
CASSQDLGGAYEQYF,KAFSPEVIPMF,A*01:01,0,0,0,5.2647726e-14
CASSQDLGGAYEQYF,VYGIRLEHF,B*27:09,0,0,0,6.657302e-14
CASSQDLGGAYEQYF,ILNAMIAKI,A*03:01,0,0,0,4.01878e-14
CASSQDLGGAYEQYF,VLNYFEPYL,B*27:05,0,0,0,6.71465e-14
CASSQDLGGAYEQYF,MMPFSIVYI,A*24:02,0,0,0,1.2966812e-14
CASSQDLGSYNSPLHF,FLYNLLTRV,A*02:01,0,0,0,3.501881e-14
CASSQDLGSYNSPLHF,YHSIEWAI,B*35:08,0,0,0,1.5462936e-20
CASSQDLGSYNSPLHF,RFPLTFGWCF,B*57:01,0,0,0,3.5048887e-21
CASSQDLGSYNSPLHF,NLFNRYPAL,B*35:08,0,0,0,1.232921e-20
CASSQDLGTGNTIYF,VLNYFKPYL,B*15:01,0,0,0,1.4323537e-20
CASSQDLGTGNTIYF,KTWGQYWQV,B*57:01,0,0,0,1.4701295e-20
CASSQDLGTGNTIYF,RFPLTFGWCF,A*01:01,0,0,0,1.2283996e-21
CASSQDLGTGNTIYF,TAFTIPSI,A*01:01,0,0,0,1.340765e-21
CASSQDMGGYNQPQHF,FEDLRVLSF,A*68:01,0,0,0,3.9273691e-22
CASSQDMGGYNQPQHF,VYGIRLEHF,B*57:01,0,0,0,1.3227507e-21
CASSQDMGGYNQPQHF,GQMWLLAPR,A*01:01,0,0,0,4.22933e-22
CASSQDMGGYNQPQHF,SVYGDTLEK,B*15:01,0,0,0,6.775566e-14
CASSQDNPYGANTEAFF,VYFLQSINF,A*30:02,0,0,0,5.9174243e-14
CASSQDNPYGANTEAFF,HTMLCMCCK,B*38:01,0,0,0,1.5154341e-13
CASSQDNPYGANTEAFF,KLNTITPVV,A*68:01,0,0,0,1.1724911e-14
CASSQDNPYGANTEAFF,ALYGFVPVL,B*07:02,0,0,0,1.1438988e-13
CASSQDNPYGANTEAFF,LMFWASSSI,B*27:09,0,0,0,1.2929576e-13
CASSQDNPYGANTEAFF,YLQPRTFLL,B*37:01,0,0,0,1.09177404e-13
CASSQDNPYGANTEAFF,LLAGTLAGV,B*35:08,0,0,0,1.4826603e-13
CASSQDPFAVLNTEAF,VYGIRLEHF,B*27:05,0,0,0,1.1285919e-13
CASSQDPFAVLNTEAF,KAFSPEVIPMF,A*11:01,0,0,0,3.635311e-16
CASSQDPFAVLNTEAF,ITDQVPFSV,B*08:01,0,0,0,9.095835e-16
CASSQDPFAVLNTEAF,GILGFVFTL,B*35:08,0,0,0,4.9823215e-15
CASSQDPFAVLNTEAF,LLFALHFSA,B*35:08,0,0,0,8.464133e-15
CASSQDPFAVLNTEAF,VLFHRAFLV,B*07:02,0,0,0,1.0016575e-14
CASSQDPFAVLNTEAF,KMVAVFYNT,B*15:01,0,0,0,1.7305166e-15
CASSQDPFAVLNTEAF,YVLDHLIVV,B*35:01,0,0,0,7.767184e-15
CASSQDPFAVLNTEAF,LRVMMLAPF,A*11:01,0,0,0,2.6040326e-16
CASSQDPGFGGGSYEQYF,FTSDYYQLY,A*24:02,0,0,0,5.134363e-15
CASSQDPGFGGGSYEQYF,RQLLFVVEV,B*37:01,0,0,0,2.4991465e-18
CASSQDPGIQETQYF,SLLWMNPFV,A*01:01,0,0,0,1.2641165e-18
CASSQDPGIQETQYF,VYFLQSINF,A*30:02,0,0,0,6.065711e-20
CASSQDPGIQETQYF,QSRGDENRGW,B*38:01,0,0,0,2.1612474e-18
CASSQDPGIQETQYF,LMFWASSSI,A*68:01,0,0,0,5.862094e-19
CASSQDPGIQETQYF,LLAILTYYV,B*15:01,0,0,0,2.1332426e-18
CASSQDPGQGYNEQFF,FEDLRVSSF,A*01:01,0,0,0,3.5854498e-19
CASSQDPGQGYNEQFF,ALSKGVHFV,B*57:01,0,0,0,8.497783e-14
CASSQDPGQGYNEQFF,FLTVFSHFM,B*51:01,0,0,0,7.6906824e-13
CASSQDPGQGYNEQFF,CTELKLNDY,A*11:01,0,0,0,1.0168493e-14
CASSQDPGQGYNEQFF,FEDLRVLSF,A*24:02,0,0,0,1.2674563e-13
CASSQDPGQGYNEQFF,VVLSWAPPV,B*35:08,0,0,0,4.8452746e-13
CASSQDPGQGYNEQFF,RYPLTFGW,B*51:01,0,0,0,4.2740402e-13
CASSQDPGQGYNEQFF,GQMWLLAPR,A*02:01,0,0,0,6.708313e-14
CASSQDPGQGYNEQFF,FTSDYYQLY,B*07:02,0,0,0,4.3547214e-14
CASSQDPGQGYNEQFF,FEDLRLLSF,B*51:01,0,0,0,3.5130566e-12
CASSQDQGAYNQPQHF,TAFTIPSI,B*08:01,0,0,0,5.6523097e-13
CASSQDQGAYNQPQHF,NLFNRYPAL,A*24:02,0,0,0,9.168763e-13
CASSQDQGAYNQPQHF,YLEPGPVTA,A*03:01,0,0,0,5.1637725e-13
CASSQDRFTDPYGYTF,VSDGGPNLY,B*51:01,0,0,0,3.146778e-12
CASSQDRFTDPYGYTF,RTMEVCYNT,A*11:01,0,0,0,3.4722854e-13
CASSQDRFTDPYGYTF,YVLTWIVGA,B*35:01,0,0,0,2.1407724e-13
CASSQDRFTDPYGYTF,ILTGLNYEV,B*38:01,0,0,0,6.452035e-14
CASSQDRFTDPYGYTF,ALYGSVPVL,B*35:08,0,0,0,3.1623236e-13
CASSQDRFTDPYGYTF,LLWNGPMAV,A*01:01,0,0,0,1.0834058e-13
CASSQDRFTDPYGYTF,VLFGLGFAI,A*01:01,0,0,0,4.338083e-14
CASSQDRGGLTGELFF,KMVTVCPNT,A*11:01,0,0,0,1.4408634e-14
CASSQDRGGLTGELFF,KMVAVFYTT,A*03:01,0,0,0,1.0508864e-13
CASSQDRGGLTGELFF,ALYGSVPVL,A*03:01,0,0,0,4.404705e-12
CASSQDRGGLTGELFF,VLFHRAFLV,B*38:01,0,0,0,8.549817e-12
CASSQDRGGLTGELFF,RTMEVCYNT,B*57:01,0,0,0,1.1525155e-11
CASSQDRGGLTGELFF,RPIPIKYKAM,B*08:01,0,0,0,1.5663854e-11
CASSQDRGGLTGELFF,GILGFVFTL,A*02:01,0,0,0,8.226231e-12
CASSQDRGGLTGELFF,LLSIISFPA,A*11:01,0,0,0,2.053546e-19
CASSQDRGKDTQYF,TRLALIAPK,B*35:01,0,0,0,1.6912006e-18
CASSQDRGKDTQYF,RFPLTFGWCF,B*08:01,0,0,0,1.1131388e-18
CASSQDRGKDTQYF,LPRWYFYYL,A*30:02,0,0,0,5.353826e-21
CASSQDRGKDTQYF,QYIKWPWYI,B*38:01,0,0,0,4.1281658e-19
CASSQDRGKDTQYF,VLNYFKPYL,B*51:01,0,0,0,6.2791876e-18
CASSQDRGKDTQYF,IMDQVPFSV,A*11:01,0,0,0,9.36517e-19
CASSQDRGKDTQYF,LLAGTLAGV,A*24:02,0,0,0,1.2008579e-16
CASSQDRGNEQFF,MTLHGFMMY,A*24:02,0,0,0,1.9994087e-16
CASSQDRGNEQFF,LLSIIFFPA,B*38:01,0,0,0,1.2352963e-16
CASSQDRGNEQFF,KMVAVFYTT,B*37:01,0,0,0,2.8011144e-16
CASSQDRGNEQFF,LLFGMTPCL,A*68:01,0,0,0,3.1284296e-27
CASSQDRGNEQFF,ALSKGVHFV,B*51:01,0,0,0,1.333366e-26
CASSQDRGNEQFF,HTMLCMCCK,A*24:02,0,0,0,6.2079964e-26
CASSQDRGNEQFF,RPIPIKYKAM,B*38:01,0,0,0,9.016913e-27
CASSQDRGNEQFF,VSDGGPNLY,B*27:05,0,0,0,3.795654e-26
CASSQDRGQGGSYEQYF,ILNAMITKI,A*11:01,0,0,0,2.1717832e-27
CASSQDRGQGGSYEQYF,RYPLTFGWCF,A*02:01,0,0,0,2.6809977e-26
CASSQDRGQGGSYEQYF,CTELKLSDY,B*07:02,0,0,0,8.153906e-27
CASSQDRNYGYTF,RPRGEVRFL,B*35:08,0,0,0,1.9085964e-26
CASSQDRNYGYTF,FEDLRLLSF,B*27:05,0,0,0,1.647216e-26
CASSQDRNYGYTF,SLLMPILTL,B*38:01,0,0,0,6.495581e-27
CASSQDRNYGYTF,LLFGMPPCL,B*35:01,0,0,0,2.0662765e-26
CASSQDRNYGYTF,VMPFSIVYIV,A*24:02,0,0,0,2.549278e-15
CASSQDRNYGYTF,VVLSWAPPV,B*07:02,0,0,0,6.4257258e-15
CASSQDRNYGYTF,ALSPVIPLI,A*01:01,0,0,0,4.1500583e-15
CASSQDRNYGYTF,CFVECAPVC,B*38:01,0,0,0,3.1391958e-15
CASSQDRPNYYGYTF,VMHANYIFW,B*51:01,0,0,0,2.6536536e-14
CASSQDRPNYYGYTF,LLFGYPVYV,B*27:05,0,0,0,5.8964424e-15
CASSQDRPNYYGYTF,ITDQVPFSV,B*08:01,0,0,0,4.13164e-15
CASSQDRPNYYGYTF,LLSIIFFPA,B*38:01,0,0,0,1.396545e-19
CASSQDTGAGGSHEQYF,ALSPVIPLI,A*30:02,0,0,0,7.228617e-20
CASSQDTGAGGSHEQYF,LLAGTLAVV,B*27:09,0,0,0,7.633426e-20
CASSQDTGAGGSHEQYF,TTDPSFLGRY,B*37:01,0,0,0,9.173557e-20
CASSQDTGAGGSHEQYF,RPPIFIRRL,B*35:08,0,0,0,2.725867e-19
CASSQDTGYEQYF,QKRPIPIKYKAM,A*03:01,0,0,0,3.8117717e-20
CASSQDTGYEQYF,LVLEVDPNI,A*24:02,0,0,0,3.061583e-20
CASSQDTGYEQYF,KLLEIAPNC,A*68:01,0,0,0,1.7253887e-22
CASSQDTGYEQYF,EAAGIGILTV,B*35:08,0,0,0,3.6871707e-22
CASSQDTGYEQYF,NLVPMVATV,B*57:01,0,0,0,1.3378835e-21
CASSQDTGYEQYF,CLGGLLTMV,A*03:01,0,0,0,6.1895885e-22
CASSQDVAGGYGYTF,KLVALGINAV,B*38:01,0,0,0,1.3348604e-21
CASSQDVAGGYGYTF,KLLEIAPNC,B*37:01,0,0,0,3.2290766e-21
CASSQDVAGGYGYTF,FLYNLLTRV,B*27:05,0,0,0,3.453683e-22
CASSQDVAGGYGYTF,EAAGIGILTV,A*24:02,0,0,0,2.9155447e-23
CASSQDVAGGYGYTF,RPRGEVRFL,B*15:01,0,0,0,4.7888304e-11
CASSQDVAGGYGYTF,KLLEIAPNC,B*07:02,0,0,0,9.7626386e-11
CASSQDVAGGYGYTF,SLLMWITQA,B*35:01,0,0,0,8.5464955e-11
CASSQDVAGGYGYTF,VYIGDPAQL,B*27:09,0,0,0,9.519568e-11
CASSQDVSRLAHLSTDTQNF,TSTLQEQIGW,B*27:05,0,0,0,6.645108e-11
CASSQDVSRLAHLSTDTQNF,THLMVLCCV,A*01:01,0,0,0,3.2025462e-11
CASSQDVSRLAHLSTDTQNF,SLAPLSPRV,A*24:02,0,0,0,3.0882009e-18
CASSQDWAASNSPLHF,ALSKGVHFV,B*08:01,0,0,0,2.6178544e-18
CASSQDWAASNSPLHF,IPSINVHHY,B*51:01,0,0,0,2.222202e-18
CASSQDWAASNSPLHF,MMPFSIVYI,B*35:08,0,0,0,5.5212337e-18
CASSQDWAASNSPLHF,YVLTWIVGA,B*08:01,0,0,0,1.8162779e-17
CASSQDWAASNSPLHF,NMIHFAPNV,A*01:01,0,0,0,1.1460142e-18
CASSQDWAASNSPLHF,VLNYFEPYL,B*38:01,0,0,0,8.729725e-13
CASSQDWAASNSPLHF,KTFPPTEPK,B*08:01,0,0,0,2.267871e-12
CASSQDWAASNSPLHF,NLVPMVATV,A*03:01,0,0,0,1.5443458e-12
CASSQDWAASNSPLHF,KLSALGINAV,B*35:08,0,0,0,3.7666025e-12
CASSQDWGNEQFF,RLQSLQTYV,A*01:01,0,0,0,1.7113533e-12
CASSQDWGNEQFF,RYRIGNYKL,B*27:09,0,0,0,4.007356e-12
CASSQDWGNEQFF,KRPIPIKYKAM,B*51:01,0,0,0,1.3164023e-11
CASSQDWGNEQFF,RLVPYLEFL,B*27:05,0,0,0,3.424687e-12
CASSQDWGNEQFF,LLSIIFFPA,B*07:02,0,0,0,3.2103974e-12
CASSQDWGNEQFF,ILTGLNYEV,B*35:08,0,0,0,4.6595257e-15
CASSQDWGNEQFF,LLFGMTPCL,A*30:02,0,0,0,2.5861544e-16
CASSQDWGNEQFF,SLLMPILTL,A*24:02,0,0,0,1.4324347e-14
CASSQDYWGGGADTQYF,GQFLTPNSH,B*51:01,0,0,0,9.765784e-15
CASSQDYWGGGADTQYF,KLVALGINAV,B*08:01,0,0,0,1.6983188e-14
CASSQDYWGGGADTQYF,RLGPYLEFL,B*35:01,0,0,0,1.7951743e-15
CASSQDYWGGGADTQYF,VLNYFKPYL,B*27:05,0,0,0,2.088439e-13
CASSQDYWGGGADTQYF,YVLDHLIVV,B*15:01,0,0,0,5.582408e-14
CASSQEAFNYEQYF,IMDQVPFSV,B*51:01,0,0,0,3.5116213e-13
CASSQEAFNYEQYF,ALSKGVHFV,B*35:01,0,0,0,5.367382e-14
CASSQEAFNYEQYF,LVLEVDPNI,A*02:01,0,0,0,5.5848785e-14
CASSQEAFNYEQYF,RTMEVCYNT,A*30:02,0,0,0,2.8929794e-14
CASSQEAFNYEQYF,YLEPGPVTA,B*27:09,0,0,0,1.0012263e-13
CASSQEAFNYEQYF,SLLWMNPFV,B*08:01,0,0,0,1.4266168e-13
CASSQEAGAYNQPQHF,GQFLTPNSH,A*30:02,0,0,0,9.272262e-16
CASSQEAGAYNQPQHF,FMLYLLTLM,B*51:01,0,0,0,1.5876182e-14
CASSQEAGAYNQPQHF,GILGFVFTL,B*37:01,0,0,0,4.801296e-15
CASSQEAGAYNQPQHF,ILNAMIAKI,B*35:08,0,0,0,3.0140907e-15
CASSQEAGAYNQPQHF,RFPLTFGWCF,B*57:01,0,0,0,6.9023758e-15
CASSQEAGAYNQPQHF,GILGFVFTL,B*15:01,0,0,0,4.899879e-15
CASSQEAGGGTGELF,ILTGLNYEV,B*15:01,0,0,0,2.7249783e-15
CASSQEAGGGTGELF,SPRWYFYYL,A*24:02,0,0,0,1.7083341e-15
CASSQEAGGGTGELF,RLVPYLEFL,A*01:01,0,0,0,2.8280757e-15
CASSQEAGGGTGELF,KTFPPTEPK,B*38:01,0,0,0,1.5218252e-15
CASSQEAGTGTYEQYF,HTMLCMCCK,A*68:01,0,0,0,1.2754384e-15
CASSQEAGTGTYEQYF,CTELKLSDY,B*27:05,0,0,0,5.14764e-15
CASSQEAGTGTYEQYF,MMPFSIVYI,B*08:01,0,0,0,1.667158e-14
CASSQEAGTGTYEQYF,FLIYLDVSV,B*07:02,0,0,0,1.2972604e-21
CASSQEAGTGTYEQYF,MLNIPSINV,A*03:01,0,0,0,6.5679265e-23
CASSQEAGTGTYEQYF,NMIHFAPNV,B*57:01,0,0,0,5.4049816e-22
CASSQEAGTGTYEQYF,VMPFSIVYI,A*68:01,0,0,0,6.313831e-23
CASSQEAGTGTYEQYF,YHSIEWAI,A*01:01,0,0,0,4.1956167e-22
CASSQEAYNYEQYF,ILNAMITKI,A*30:02,0,0,0,9.573242e-23
CASSQEAYNYEQYF,VLFHRAFLV,B*35:08,0,0,0,4.2613307e-22
CASSQEAYNYEQYF,YHSIEWAI,A*02:01,0,0,0,4.5310954e-22
CASSQEAYNYEQYF,VLNYFKPYL,B*38:01,0,0,0,4.8227003e-22
CASSQEAYNYEQYF,LPRWYFYYL,B*27:05,0,0,0,2.1778462e-21
CASSQEAYNYEQYF,IVCPICSQK,B*27:09,0,0,0,3.5884856e-20
CASSQEAYNYEQYF,LLAMTVPNV,A*01:01,0,0,0,9.385756e-22
CASSQEAYNYEQYF,RFPLTFGWCF,A*30:02,0,0,0,4.6940485e-22
CASSQEAYNYEQYF,LIIPFIHLI,B*35:01,0,0,0,2.9806387e-20
CASSQEAYNYEQYF,NDMLVCANI,A*01:01,0,0,0,2.4771118e-22
CASSQEDGFTEAFF,VYIGDPAQL,B*57:01,0,0,0,3.3693074e-21
CASSQEDGFTEAFF,KMVAVFYNT,A*24:02,0,0,0,1.943378e-32
CASSQEDGFTEAFF,ILNVDVFTL,B*08:01,0,0,0,6.2779516e-30
CASSQEDGFTEAFF,IVCPICSQK,A*01:01,0,0,0,6.7699235e-32
CASSQEGEAHNEQFF,YHSIEWAI,B*27:05,0,0,0,1.663022e-30
CASSQEGEAHNEQFF,MLNIPSINV,B*27:09,0,0,0,9.504472e-30
CASSQEGEAHNEQFF,SLLMPILTL,B*38:01,0,0,0,1.7085182e-28
CASSQEGEAHNEQFF,VYGIRLEHF,B*07:02,0,0,0,2.272128e-30
CASSQEGEAHNEQFF,KAFSPEVIPMF,B*27:09,0,0,0,2.187939e-28
CASSQEGEAHNEQFF,ILNVDVFTL,B*35:01,0,0,0,1.6076592e-26
CASSQEGIEQF,RLVPYLEFL,B*57:01,0,0,0,3.7077645e-29
CASSQEGIEQF,ELAGIGILTV,B*27:05,0,0,0,3.1643513e-28
CASSQEGIEQF,IVCPICSQK,B*38:01,0,0,0,1.0909622e-28
CASSQEGRGAFF,TTDPSFLGRY,B*38:01,0,0,0,7.1646315e-33
CASSQEGRGAFF,SLAPLSPRV,B*57:01,0,0,0,1.2489457e-26
CASSQEGRGAFF,VLNYFEPYL,B*38:01,0,0,0,1.729748e-26
CASSQEGRGAFF,DATYQRTRALVR,B*51:01,0,0,0,2.5498556e-27
CASSQEGRGAFF,RTMEVCYNT,B*07:02,0,0,0,0.0
CASSQEGSAGLETQYF,IVCPICSQK,B*35:01,0,0,0,0.0
CASSQEGSAGLETQYF,LLAGTLAVV,A*11:01,0,0,0,0.0
CASSQEGSAGLETQYF,NMIHFAPNV,A*02:01,0,0,0,0.0
CASSQEGSAGLETQYF,VLNYFEPYL,A*01:01,0,0,0,0.0
CASSQEGTAYEQYF,KLNTITPVV,A*24:02,0,0,0,0.0
CASSQEGTAYEQYF,VMPFSIVYIV,A*11:01,0,0,0,0.0
CASSQEHERGPQHF,IPSINVHHY,B*08:01,0,0,0,0.0
CASSQEHERGPQHF,VSDGGPNLY,B*38:01,0,0,0,0.0
CASSQEHERGPQHF,KVKEVCPNV,B*57:01,0,0,0,0.0
CASSQEHERGPQHF,ALSKGVHFV,B*15:01,0,0,0,0.0
CASSQEHERGPQHF,GMGPLLATV,B*35:01,0,0,0,4.655798e-36
CASSQEHERGPQHF,SLAPLSPRV,B*08:01,0,0,0,3.6690364e-33
CASSQEHERGPQHF,YHSIEWAI,B*57:01,0,0,0,4.683612e-33
CASSQEHLGLVGEQFF,FEDLRVSSF,A*68:01,0,0,0,3.5938e-41
CASSQEHLGLVGEQFF,KTFPPTEPK,A*30:02,0,0,0,1.18736e-40
CASSQEHLGLVGEQFF,KLVALGINAV,B*57:01,0,0,0,1.2194756e-31
CASSQEHLGLVGEQFF,GKTELLAPF,B*51:01,0,0,0,1.0196079e-35
CASSQEHLGLVGEQFF,NYNYLYRLF,B*27:09,0,0,0,8.358575e-36
CASSQEHLGLVGEQFF,VYFLQSINF,B*07:02,0,0,0,1.254327e-39
CASSQEHLGLVGEQFF,CFLLILPNC,A*11:01,0,0,0,1.1771123e-35
CASSQEIGSEQPQHFGF,FMLYLLTLM,B*57:01,0,0,0,2.0710276e-33
CASSQEIGSEQPQHFGF,NYNYLYRLF,B*15:01,0,0,0,1.3210463e-36
CASSQEIGSEQPQHFGF,NMINFAPNI,B*37:01,0,0,0,2.9654882e-34
CASSQEIGSEQPQHFGF,KLLEIAPNC,B*37:01,0,0,0,8.6879806e-32
CASSQEPSGFYEQYF,KLNTITPVV,A*11:01,0,0,0,7.70342e-37
CASSQEPSGFYEQYF,TSTLQEQIGW,B*35:01,0,0,0,2.9785256e-27
CASSQEPSGFYEQYF,VYIGDPAQL,B*51:01,0,0,0,1.1551074e-27
CASSQEPSGFYEQYF,KTWGQYWQV,B*57:01,0,0,0,2.6393622e-26
CASSQEPSGFYEQYF,RYPLTFGW,B*07:02,0,0,0,2.7696994e-28
CASSQEPSGFYEQYF,RFPLTFGWCF,B*51:01,0,0,0,1.7875099e-27
CASSQEPSGFYEQYF,HPVGEADYFEY,B*35:08,0,0,0,3.795015e-27
CASSQEPSGFYEQYF,LLAGTLAVV,B*35:08,0,0,0,0.0
CASSQEPSGFYEQYF,SLAPLSPRV,B*51:01,0,0,0,0.0
CASSQEPSGFYEQYF,ILTGLNYEA,B*08:01,0,0,0,0.0
CASSQEQLGGEQYF,VYIGDPAQL,B*35:08,0,0,0,0.0
CASSQEQLGGEQYF,GQMWLLAPR,A*11:01,0,0,0,0.0
CASSQEQLGGEQYF,VVLSWAPPV,B*38:01,0,0,0,0.0
CASSQEQLGGEQYF,TRLALIAPK,B*07:02,0,0,0,0.0
CASSQEQLGGEQYF,HTMLCMCCK,B*15:01,0,0,0,1.0400201e-26
CASSQEQLGGEQYF,VYGIRLEHF,B*08:01,0,0,0,6.204243e-30
CASSQEQLGGEQYF,LLFALYFSA,B*37:01,0,0,0,8.277063e-28
CASSQESVSYNEQFF,LLAGTLAGV,B*35:01,0,0,0,6.005525e-28
CASSQESVSYNEQFF,MLNIPSINV,A*02:01,0,0,0,1.9375647e-27
CASSQESVSYNEQFF,LLSIISFPA,A*02:01,0,0,0,1.2073784e-27
CASSQESVSYNEQFF,ILNVDVFTL,B*27:05,0,0,0,1.3825096e-26
CASSQESVSYNEQFF,SPRWYFYYL,B*57:01,0,0,0,3.771185e-29
CASSQESVSYNEQFF,YVLDHLIVV,B*27:09,0,0,0,4.7374307e-25
CASSQETGSYEQYF,ILTGLNYEV,A*03:01,0,0,0,2.107432e-26
CASSQETGSYEQYF,ILTGLNYEA,B*27:05,0,0,0,2.7152847e-24
CASSQETGSYEQYF,RPRGEVRFL,A*01:01,0,0,0,1.0889052e-26
CASSQETGSYEQYF,KMVAVFYNT,B*51:01,0,0,0,2.0057412e-24
CASSQEVGLAGETQYF,YLEPGPVTA,B*07:02,0,0,0,2.9244288e-26
CASSQEVGLAGETQYF,IMDQVPFSV,B*57:01,0,0,0,2.9367486e-26
CASSQEVGLAGETQYF,CFLLILPNC,A*02:01,0,0,0,3.992514e-25
CASSQEVGSSYNSPLHF,VAANIVLTV,A*11:01,0,0,0,1.2812951e-30
CASSQEVGSSYNSPLHF,TAFTIPSI,B*15:01,0,0,0,9.925142e-29
CASSQEVGSSYNSPLHF,LVLEVDPNI,B*27:09,0,0,0,2.9629546e-27
CASSQEVGSSYNSPLHF,LLAILTYYV,B*27:09,0,0,0,6.593744e-27
CASSQEVGSSYNSPLHF,EIQEFCPNT,B*35:01,0,0,0,2.812307e-28
CASSQEVGSSYNSPLHF,LLFALYFSA,A*01:01,0,0,0,1.9942768e-29
CASSQEVGSSYNSPLHF,SLAPLSPRA,A*11:01,0,0,0,4.6331348e-30
CASSQEVGSSYNSPLHF,GILGFVFTL,A*24:02,0,0,0,1.9848741e-28
CASSQEVGSSYNSPLHF,ELAGIGILTV,A*01:01,0,0,0,2.4019258e-29
CASSQEVGSSYNSPLHF,LLFGMPPCL,B*37:01,0,0,0,1.6418317e-28
CASSQEVGSSYNSPLHF,ILTGLNYEV,B*15:01,0,0,0,1.4e-44
CASSQEVMTALQPDYGYTF,AEMEFCPCC,B*38:01,0,0,0,5.3e-44
CASSQEVMTALQPDYGYTF,RTMEVCYNT,A*68:01,0,0,0,0.0
CASSQEVMTALQPDYGYTF,GQVMVVAPR,A*01:01,0,0,0,1e-45
CASSQEWGRGTDTQYF,VYFLQSINF,B*07:02,0,0,0,0.0
CASSQEWGRGTDTQYF,TTDPSFLGRY,A*30:02,0,0,0,3.1754795e-26
CASSQEWGRGTDTQYF,MMPFSIVYI,A*03:01,0,0,0,7.200585e-24
CASSQEWGRGTDTQYF,KMVTVCPNT,B*35:08,0,0,0,7.5435916e-23
CASSQEWGRGTDTQYF,FLYNPLTRV,B*07:02,0,0,0,8.805534e-23
CASSQEWGRGTDTQYF,AEMEFCPCC,B*15:01,0,0,0,4.491152e-23
CASSQGAAYEQYF,LMFWASSSI,B*08:01,0,0,0,2.886407e-23
CASSQGAAYEQYF,KMVAVFYTT,B*07:02,0,0,0,1.0623042e-22
CASSQGAAYEQYF,VMPFSIVYIV,A*01:01,0,0,0,6.1506084e-23
CASSQGAAYEQYF,LLSIIFFPA,B*37:01,0,0,0,7.613e-42
CASSQGAAYEQYF,KLWASPLHV,B*08:01,0,0,0,2.5091718e-37
CASSQGGGGTDTQYF,YLEPGPVTA,B*38:01,0,0,0,3e-45
CASSQGGGGTDTQYF,SLLMWITQA,B*35:08,0,0,0,1.887773e-39
CASSQGGSPLHF,ALSKGVHFV,A*03:01,0,0,0,0.0
CASSQGGSPLHF,TSTLQEQIGW,A*24:02,0,0,0,1e-45
CASSQGGSPLHF,MIISHLYLI,A*11:01,0,0,0,1.4e-44
CASSQGGSPLHF,GMGPLLATV,A*03:01,0,0,0,1.4379243e-31
CASSQGGSPLHF,FEDLRLLSF,B*27:09,0,0,0,4.5257195e-31
CASSQGGSPLHF,NYNYLYRLF,B*57:01,0,0,0,1.53489065e-30
CASSQGGSPLHF,SPRWYFYYL,B*37:01,0,0,0,4.6110745e-31
CASSQGGSPLHF,LLSIISFPA,B*57:01,0,0,0,2.092863e-30
CASSQGGSPLHF,QKRPIPIKYKAM,B*08:01,0,0,0,1.0011909e-30
CASSQGPGTGFEGYTF,KMVAVFYTT,B*35:01,0,0,0,2.5567867e-30
CASSQGPGTGFEGYTF,KLSALGINAV,B*27:09,0,0,0,1.2736734e-30
CASSQGPGTGFEGYTF,CLGGLLTMV,A*24:02,0,0,0,9.6141497e-32
CASSQGPGTGFEGYTF,QYIKWPWYI,B*37:01,0,0,0,4.3571784e-30
CASSQGPGTGFEGYTF,RPPIFIRRL,A*03:01,0,0,0,1.7193559e-31
CASSQGPNFNEKLFF,IVCPICSQK,A*68:01,0,0,0,9.571336e-32
CASSQGPNFNEKLFF,CLGGLLTMV,A*68:01,0,0,0,1.0959033e-31
CASSQGPNFNEKLFF,NLVPMVATV,B*15:01,0,0,0,3.641376e-31
CASSQGPNFNEKLFF,IPSINVHHY,B*07:02,0,0,0,2.2647727e-30
CASSQGPNFNEKLFF,LLFALYFSA,B*57:01,0,0,0,5.2026024e-29
CASSQGPNFNEKLFF,RLGPYLEFL,A*02:01,0,0,0,1.27304195e-30
CASSQGPNFNEKLFF,RYRIGNYKL,A*02:01,0,0,0,7.7799906e-31
CASSQGPNFNEKLFF,MLNIPSINV,B*15:01,0,0,0,2.8933438e-29
CASSQGPNYEQYF,TTDPSFLGRY,A*30:02,0,0,0,2.3786308e-35
CASSQGPNYEQYF,LLFGYPVYV,B*08:01,0,0,0,1.86903e-30
CASSQGPNYEQYF,RTMEVCYNT,A*11:01,0,0,0,2.2757093e-31
CASSQGPNYEQYF,FTSDYYQLY,A*24:02,0,0,0,1.0168565e-30
CASSQGPNYEQYF,ILTGLNYEV,B*37:01,0,0,0,1.2394441e-33
CASSQGPNYEQYF,RLGPYLEFL,B*08:01,0,0,0,1.4214727e-35
CASSQGPNYEQYF,NMIHFAPNV,B*38:01,0,0,0,9.6988544e-36
CASSQGPPGSGGGNEQFF,LLFALHFSA,B*38:01,0,0,0,8.26987e-35
CASSQGPPGSGGGNEQFF,LLAILTYYV,A*11:01,0,0,0,9.2279595e-35
CASSQGPPGSGGGNEQFF,IVCPICSQK,A*68:01,0,0,0,5.8067143e-36
CASSQGPPGSGGGNEQFF,YVLTWIVGA,A*01:01,0,0,0,1.0112498e-33
CASSQGPPGSGGGNEQFF,VLFGLGFAI,A*01:01,0,0,0,2.1357145e-36
CASSQGPPGSGGGNEQFF,CFLLILPNC,A*24:02,0,0,0,3.577674e-35
CASSQGPPGSGGGNEQFF,FMLYLLTLM,A*68:01,0,0,0,3.0929904e-31
CASSQGPTTDTQYF,FMLYLLTLM,A*01:01,0,0,0,5.2776363e-31
CASSQGPTTDTQYF,THLMVLCCV,A*30:02,0,0,0,1.8996284e-31
CASSQGPTTDTQYF,NMINFAPNI,A*02:01,0,0,0,9.115182e-31
CASSQGPTTDTQYF,AVGSYVYSV,B*38:01,0,0,0,2.5310703e-30
CASSQGPTTDTQYF,QYDPVAALF,B*57:01,0,0,0,1.8494612e-31
CASSQGPTTDTQYF,YHSIEWAI,B*38:01,0,0,0,5.7957555e-30
CASSQGPTTDTQYF,KRPIPIKYKAM,A*03:01,0,0,0,7.86747e-30
CASSQGPTTDTQYF,FTSDYYQLY,B*35:01,0,0,0,6.4503714e-26
CASSQGQANEKLF,SLLMPILTL,B*35:01,0,0,0,1.8282216e-23
CASSQGQANEKLF,VAANIVLTV,B*51:01,0,0,0,2.2024052e-24
CASSQGQANEKLF,CTELKLNDY,B*27:05,0,0,0,2.5846532e-25
CASSQGQANEKLF,GILGFVFTL,B*27:05,0,0,0,1.755194e-24
CASSQGQANEKLF,THLMVLCCV,B*08:01,0,0,0,3.9738545e-25
CASSQGQANEKLF,YVLDHLIVV,B*27:09,0,0,0,1.715278e-27
CASSQGQANEKLF,LPRWYFYYL,A*11:01,0,0,0,3.8645609e-31
CASSQGQGLQETQYF,GQVMVVAPR,A*24:02,0,0,0,3.426288e-27
CASSQGQGLQETQYF,SVYGDTLEK,B*51:01,0,0,0,6e-45
CASSQGQGLQETQYF,SLLMWITQA,A*03:01,0,0,0,9.8e-44
CASSQGQGLQETQYF,KLVALGINAV,B*35:01,0,0,0,2.5483e-41
CASSQGQGLQETQYF,TSTLQEQIGW,B*37:01,0,0,0,8e-45
CASSQGQGLQETQYF,NMINFAPNI,A*03:01,0,0,0,0.0
CASSQGQGLQETQYF,VYFLQSINF,B*15:01,0,0,0,6.38109e-25
CASSQGQGLQETQYF,VYGIRLEHF,B*37:01,0,0,0,3.540465e-25
CASSQGQGLQETQYF,RLVPYLEFL,B*15:01,0,0,0,4.1670907e-25
CASSQGQGLQETQYF,QYDPVAALF,B*15:01,0,0,0,1.6353397e-25
CASSQGQGSLQYF,ALYGFVPVL,B*35:01,0,0,0,2.4329723e-24
CASSQGQGSLQYF,VMPFSIVYIV,A*03:01,0,0,0,4.457067e-24
CASSQGQGSLQYF,NLNCCSVPV,A*30:02,0,0,0,1.2355552e-24
CASSQGQGSLQYF,KVKEVCPNV,B*37:01,0,0,0,7.138665e-24
CASSQGQGSLQYF,KLWASPLHV,A*11:01,0,0,0,8.348584e-25
CASSQGSDEQYF,GQFLTPNSH,A*02:01,0,0,0,1.5181017e-24
CASSQGSDEQYF,YHSIEWAI,B*35:08,0,0,0,7.329986e-23
CASSQGSDEQYF,LLFALYFSA,A*24:02,0,0,0,1.6369196e-24
CASSQGSDEQYF,YLEPGPVTA,B*38:01,0,0,0,3.2163107e-24
CASSQGSDEQYF,YLEPGPVTA,B*35:08,0,0,0,9.1882124e-24
CASSQGSDEQYF,CTELKLSDY,B*08:01,0,0,0,1.5899983e-24
CASSQGSDEQYF,RQLLFVVEV,B*35:01,0,0,0,1.3035243e-23
CASSQGSDEQYF,AEMEFCPCC,A*03:01,0,0,0,8.2244555e-24
CASSQGSGANVLTF,NMIHFAPNV,B*35:01,0,0,0,1.6443116e-23
CASSQGSGANVLTF,RTMEVCYNT,B*37:01,0,0,0,2.431424e-23
CASSQGSGANVLTF,GQMWLLAPR,B*57:01,0,0,0,7.0209165e-24
CASSQGSGANVLTF,RPRGEVRFL,A*11:01,0,0,0,0.0
CASSQGSGANVLTF,LLFALHFSA,B*38:01,0,0,0,1e-44
CASSQGSGANVLTF,YHSIEWAI,A*30:02,0,0,0,3e-45
CASSQGSGQPQHF,SPRWYFYYL,A*30:02,0,0,0,0.0
CASSQGSGQPQHF,FEDLRVLSF,A*01:01,0,0,0,5.3856e-41
CASSQGSGQPQHF,SLAPLSPRV,B*07:02,0,0,0,2.154031e-39
CASSQGSGQPQHF,FTSDYYQLY,A*24:02,0,0,0,1.03231e-40
CASSQGSGQPQHF,KAFSPEVIPMF,B*08:01,0,0,0,8.608644e-31
CASSQGSGQPQHF,KTFPPTEPK,B*35:01,0,0,0,9.97016e-34
CASSQGSGQPQHF,FLYNLLTRV,A*02:01,0,0,0,2.416331e-33
CASSQGTGGIVDIQYF,KMVTVCPNT,B*08:01,0,0,0,1.4536046e-30
CASSQGTGGIVDIQYF,ILNAMIAKI,A*30:02,0,0,0,0.0
CASSQGTGGIVDIQYF,HPVGEADYFEY,B*37:01,0,0,0,0.0
CASSQGTGGIVDIQYF,ILTGLNYEA,B*27:09,0,0,0,7e-45
CASSQGTGGIVDIQYF,CLGGLLTMV,A*68:01,0,0,0,0.0
CASSQGTGGIVDIQYF,KVKEVCPNV,A*24:02,0,0,0,0.0
CASSQGTGGIVDIQYF,QSRGDENRGW,B*57:01,0,0,0,6e-45
CASSQGTSGNEQF,CFLLILPNC,B*27:05,0,0,0,4.0807636e-38
CASSQGTSGNEQF,GCQEICPAC,B*35:01,0,0,0,3.322602e-38
CASSQGTSGTDTQYF,VMPFSIVYI,B*57:01,0,0,0,2.642497e-39
CASSQGTSGTDTQYF,LLAMTVPNV,A*68:01,0,0,0,5.42e-43
CASSQGTSGTDTQYF,LLAGTLAGV,A*68:01,0,0,0,8.04e-43
CASSQGTSGTDTQYF,GILGFVFTL,B*57:01,0,0,0,1.0794813e-38
CASSQGTSGTDTQYF,LPRWYFYYL,B*38:01,0,0,0,2.0669413e-31
CASSQGTSRDRNQPQHF,GQMWLLAPR,B*51:01,0,0,0,6.853444e-30
CASSQGTSRDRNQPQHF,NLVPMVATV,B*07:02,0,0,0,8.4656875e-29
CASSQGTSRDRNQPQHF,DATYQRTRALVR,A*02:01,0,0,0,4.0785253e-29
CASSQGTSRDRNQPQHF,CTELKLSDY,B*35:08,0,0,0,5.1753603e-31
CASSQGTSRDRNQPQHF,AVGSYVYSV,B*08:01,0,0,0,3.456201e-29
CASSQGTSRDRNQPQHF,VLNYFEPYL,B*35:01,0,0,0,2.34053e-20
CASSQGWGVETQYF,IMDQVPFSV,B*51:01,0,0,0,3.720799e-22
CASSQGWGVETQYF,FLYNLLTRV,B*51:01,0,0,0,7.938711e-22
CASSQGWGVETQYF,NLVPMVATV,B*38:01,0,0,0,5.4207356e-22
CASSQGWGVETQYF,VMHANYIFW,B*07:02,0,0,0,2.0766302e-24
CASSQGWGVETQYF,RPIPIKYKAM,B*51:01,0,0,0,2.1924216e-24
CASSQGWGVETQYF,VYFLQSINF,B*35:01,0,0,0,8.628604e-30
CASSQGWGVETQYF,YVLDHLIVV,A*68:01,0,0,0,2.9400861e-28
CASSQLGNEQF,CLGGLLTMV,B*37:01,0,0,0,2.0133677e-25
CASSQLGNEQF,ILTGLNYEA,B*51:01,0,0,0,1.9410722e-26
CASSQLGNEQF,LPRWYFYYL,A*02:01,0,0,0,4.8617103e-30
CASSQLGNEQF,VAANIVLTV,A*11:01,0,0,0,3.0770663e-32
CASSQLGNEQF,EAAGIGILTV,B*51:01,0,0,0,5.6955796e-27
CASSQLGNEQF,VVMSWAPPV,B*15:01,0,0,0,1.7293785e-26
CASSQLGNEQF,YVLTWIVGA,A*24:02,0,0,0,7.3891595e-25
CASSQLPGLAGVNEQF,SLLWMNPFV,A*02:01,0,0,0,6.3533174e-28
CASSQLPGLAGVNEQF,NMINFAPNI,B*35:08,0,0,0,1.350921e-27
CASSQLPGLAGVNEQF,KAFSPEVIPMF,A*02:01,0,0,0,4.560628e-29
CASSQLPGLAGVNEQF,VYIGDPAQL,B*51:01,0,0,0,4.1117506e-30
CASSQLPGLAGVNEQF,DATYQRTRALVR,B*57:01,0,0,0,3.6601286e-27
CASSQLPGLAGVNEQF,CTELKLSDY,B*15:01,0,0,0,4.119389e-26
CASSQLPGLAGVNEQF,LLAGTLAVV,B*07:02,0,0,0,2.910451e-26
CASSQLPGLAGVNEQF,CTELKLNDY,B*27:05,0,0,0,6.076183e-26
CASSQLPRGGYTF,VMHANYIFW,B*27:09,0,0,0,1.9692814e-24
CASSQLPRGGYTF,KLSALGINAV,A*03:01,0,0,0,2.1756567e-26
CASSQLPRGGYTF,AVGSYVYSV,B*07:02,0,0,0,3.2711846e-26
CASSQLPRGGYTF,MMPFSIVYI,B*38:01,0,0,0,3.3707515e-26
CASSQLPRGGYTF,VSDGGPNLY,B*15:01,0,0,0,3.0778302e-24
CASSQLPRGGYTF,EAAGIGILTV,A*01:01,0,0,0,1.7553011e-24
CASSQNPGQGIYSPLHF,LLFALHFSA,A*01:01,0,0,0,4.246383e-23
CASSQNPGQGIYSPLHF,LLSIIFFPA,A*30:02,0,0,0,1.5349976e-28
CASSQNPGQGIYSPLHF,YLQPRTFLL,B*37:01,0,0,0,3.5129326e-29
CASSQNPGQGIYSPLHF,VYIGDPAQL,B*37:01,0,0,0,9.7371414e-30
CASSQNPGQGIYSPLHF,LLAMTVPNV,B*08:01,0,0,0,1.1505551e-28
CASSQNPGQGIYSPLHF,MIISHLYLI,B*27:09,0,0,0,6.965863e-29
CASSQNPGQGIYSPLHF,SPRWYFYYL,A*24:02,0,0,0,8.504974e-31
CASSQNPGQGIYSPLHF,YVLDHLIVV,A*01:01,0,0,0,2.3506827e-30
CASSQQGSEQYF,TRLALIAPK,B*27:09,0,0,0,7.734621e-25
CASSQQGSEQYF,LLWNGPMAV,B*51:01,0,0,0,2.225666e-23
CASSQQGSEQYF,LLSIISFPA,B*27:05,0,0,0,1.2891434e-24
CASSQQGSEQYF,FMLYLLTLM,B*27:09,0,0,0,1.722224e-24
CASSQQGSEQYF,RPPIFIRRL,B*15:01,0,0,0,2.3583476e-27
CASSQQGSEQYF,LIIPFIHLI,B*38:01,0,0,0,3.1822249e-24
CASSQQGSEQYF,SLAPLSPRA,B*35:08,0,0,0,1.7304427e-24
CASSQQGSEQYF,RYPLTFGWCF,A*01:01,0,0,0,1.3840032e-18
CASSQQGSEQYF,LPRWYFYYL,B*27:05,0,0,0,1.3681504e-18
CASSQQGSHEQYVF,QYIKWPWYI,A*01:01,0,0,0,3.7440287e-18
CASSQQGSHEQYVF,QYIKWPWYI,A*11:01,0,0,0,1.4419492e-18
CASSQQGSHEQYVF,FLIYLDVSV,A*24:02,0,0,0,5.726408e-19
CASSQQGSHEQYVF,ILNAMIAKI,A*02:01,0,0,0,3.1764477e-19
CASSQQGSHEQYVF,YLEPGPVTA,B*07:02,0,0,0,1.7236292e-18
CASSQQGSHEQYVF,ILTGLNYEA,A*68:01,0,0,0,1.9314255e-19
CASSQQGSHEQYVF,LLAMTVPNV,B*38:01,0,0,0,1.2813127e-18
CASSQQGSHEQYVF,FLRGRAYGL,B*35:01,0,0,0,3.7860482e-28
CASSQRSGTGELFF,RLVPYLEFL,A*68:01,0,0,0,9.584521e-33
CASSQRSGTGELFF,FLYNLLTRV,A*02:01,0,0,0,8.2402495e-32
CASSQRSGTGELFF,QKRPIPIKYKAM,B*15:01,0,0,0,9.854668e-29
CASSQRSGTGELFF,AVGSYVYSV,B*35:01,0,0,0,7.910538e-29
CASSQSGGGEQFF,VMPFSIVYIV,B*27:09,0,0,0,1.7482683e-27
CASSQSGGGEQFF,RLPGVLPRA,B*27:09,0,0,0,4.8587235e-31
CASSQSGGGEQFF,VMPFSIVYIV,B*15:01,0,0,0,2.9274299e-27
CASSQSGGGEQFF,RFPLTFGWCF,A*30:02,0,0,0,1.16773285e-29
CASSQSGGGEQFF,KMVAVFYNT,A*02:01,0,0,0,3.440551e-27
CASSQSGGGEQFF,LLFGMTPCL,A*11:01,0,0,0,5.12554e-29
CASSQSGGGEQFF,ILNVDVFTL,B*37:01,0,0,0,9.873192e-27
CASSQSGGGEQFF,ILNVDIFTL,A*11:01,0,0,0,2.7860092e-27
CASSQSGGGEQFF,THLMVLCCV,B*27:09,0,0,0,1.5635063e-28
CASSQSGGGEQFF,LLSIIFFPA,B*15:01,0,0,0,6.1682666e-34
CASSQSGGGEQFF,CFLLILPNC,B*35:08,0,0,0,3.04549e-32
CASSQSGGGEQFF,SVYGDTLEK,B*51:01,0,0,0,3.3255837e-37
CASSQSGTGLETQYF,NLNCCSVPV,A*03:01,0,0,0,2.51104e-36
CASSQSGTGLETQYF,RPRGEVRFL,B*07:02,0,0,0,3.8899803e-34
CASSQSGTGLETQYF,THLMVLCCV,A*03:01,0,0,0,7.0866053e-37
CASSQSGTGLETQYF,TAFTIPSI,A*02:01,0,0,0,2.5255952e-35
CASSQSGTGLETQYF,HPVGEADYFEY,A*11:01,0,0,0,3.5076422e-37
CASSQSGTGLETQYF,KLWASPLHV,A*68:01,0,0,0,1.5350984e-34
CASSQSGTGLETQYF,YHSIEWAI,A*03:01,0,0,0,2.5974892e-35
CASSQSGTGLETQYF,ILNAMITKI,B*27:09,0,0,0,4.296299e-34
CASSQSPGAGGTEAFF,YLEPGPVTA,B*08:01,0,0,0,1.2047106e-26
CASSQSPGAGGTEAFF,FEDLRVLSF,B*37:01,0,0,0,3.099586e-28
CASSQSPGAGGTEAFF,LLAGTLAVV,A*11:01,0,0,0,1.02899646e-29
CASSQSPGAGGTEAFF,GILGFVFTL,B*07:02,0,0,0,3.3128516e-26
CASSQSPGAGGTEAFF,TSTLQEQIGW,B*27:05,0,0,0,1.3506796e-26
CASSQSPGAGGTEAFF,LLFALYFSA,B*07:02,0,0,0,4.146981e-26
CASSQSPGAGGTEAFF,KMVAVFYTT,B*15:01,0,0,0,5.5406644e-26
CASSQSPGGEQF,GCQEICPAC,A*30:02,0,0,0,1.187726e-27
CASSQSPGGEQF,GCQEICPAC,B*27:05,0,0,0,2.1536966e-14
CASSQSPGGEQF,LLFALHFSA,B*35:01,0,0,0,8.463459e-14
CASSQSPGGEQF,LLAGTLAVV,A*30:02,0,0,0,5.909303e-14
CASSQSPGGEQF,LRVMMLAPF,B*07:02,0,0,0,7.642278e-14
CASSQSPGGEQF,GQVMVVAPR,A*30:02,0,0,0,1.19779395e-14
CASSQSPGGEQF,RYPLTFGWCF,A*30:02,0,0,0,1.5223254e-14
CASSQSPGGEQF,KTFPPTEPK,B*57:01,0,0,0,4.624344e-14
CASSQSPGGEQF,CFVECAPVC,B*27:09,0,0,0,1.7948191e-14
CASSQSRDRVDF,VMHANYIFW,A*03:01,0,0,0,2.634937e-14
CASSQSRDRVDF,LIIPFIHLI,A*30:02,0,0,0,2.2193557e-14
CASSQSRDRVDF,NYNYLYRLF,B*27:05,0,0,0,5.3646677e-26
CASSQSRDRVDF,QSRGDENRGW,B*27:09,0,0,0,3.2223128e-26
CASSQSRDRVDF,MLYQHLLPL,B*38:01,0,0,0,4.0060742e-26
CASSQTAGGYEQYF,ELAGIGILTV,B*35:01,0,0,0,9.300909e-26
CASSQTAGGYEQYF,LLAILTYYV,B*35:08,0,0,0,5.064271e-25
CASSQTAGGYEQYF,FEDLRLLSF,A*11:01,0,0,0,2.2597548e-26
CASSQTAGGYEQYF,DATYQRTRALVR,B*08:01,0,0,0,9.0852463e-26
CASSQTAGGYEQYF,DATYQRTRALVR,B*51:01,0,0,0,8.6477995e-26
CASSQTAGGYEQYF,GILGFVFTL,A*03:01,0,0,0,0.0
CASSQTAGGYEQYF,FEDLRVLSF,B*35:08,0,0,0,0.0
CASSQTAGGYEQYF,AVGSYVYSV,B*07:02,0,0,0,0.0
CASSQTATTGPGSPLHF,IVCPICSQK,B*57:01,0,0,0,0.0
CASSQTATTGPGSPLHF,KMVTVCPNT,A*01:01,0,0,0,0.0
CASSQTATTGPGSPLHF,RYRIGNYKL,A*11:01,0,0,0,3.6883457e-33
CASSQTEGGAYGYTF,GMGPLLATV,B*38:01,0,0,0,4.2454175e-35
CASSQTEGGAYGYTF,NDMLVCANI,B*27:09,0,0,0,1.1588199e-33
CASSQTEGGAYGYTF,RYPLTFGW,B*38:01,0,0,0,2.2418838e-36
CASSQTEGGAYGYTF,VVLSWAPPV,A*68:01,0,0,0,8.602134e-33
CASSQTEGGAYGYTF,GQFLTPNSH,B*38:01,0,0,0,3.9014187e-36
CASSQTGAEELFF,SLLWMNPFV,A*02:01,0,0,0,3.4300452e-32
CASSQTGAEELFF,ALSPVIPHI,B*57:01,0,0,0,1.3763518e-35
CASSQTGAEELFF,LLAGTLAVV,B*35:08,0,0,0,2.4446596e-37
CASSQTGAEELFF,KAFSPEVIPMF,B*51:01,0,0,0,8.308601e-36
CASSQTGAEELFF,KRPIPIKYKAM,A*11:01,0,0,0,5.1666256e-37
CASSQTGRELFF,FLRGRAYGL,A*68:01,0,0,0,5.153612e-38
CASSQTGRELFF,ITDQVPFSV,A*68:01,0,0,0,1.1603309e-21
CASSQTGRELFF,KTFPPTEPK,B*35:01,0,0,0,1.8424773e-22
CASSQTGRELFF,LLAILTYYV,B*35:01,0,0,0,8.8534433e-20
CASSQTGRELFF,RYPLTFGWCF,B*35:08,0,0,0,3.5693296e-21
CASSQTGRELFF,LLSIISFPA,A*03:01,0,0,0,3.566417e-21
CASSQTGSHEQYF,RYPLTFGWCF,B*35:08,0,0,0,3.5693296e-21
CASSQTGSHEQYF,KMVAVFYNT,B*35:01,0,0,0,1.938014e-21
CASSQTGSHEQYF,FLTVFSHFM,B*07:02,0,0,0,4.656242e-21
CASSQTGSHEQYF,CTELKLNDY,B*57:01,0,0,0,3.1845946e-23
CASSQTGSHEQYF,RFPLTFGWCF,B*51:01,0,0,0,8.1545483e-22
CASSQTGSHEQYF,VVMSWAPPV,A*02:01,0,0,0,1.9017688e-22
CASSQTGSHEQYF,NDMLVCANI,B*38:01,0,0,0,4.013009e-23
CASSQTGSHEQYF,SLLMWITQA,B*35:01,0,0,0,4.456413e-20
CASSQTGSHEQYF,RTMEVCYNT,B*07:02,0,0,0,5.4047337e-22
CASSQTGSHEQYF,LLAGTLAVV,B*27:09,0,0,0,4.4956262e-23
CASSQTLSYEQYF,RPRGEVRFL,B*37:01,0,0,0,1.2709807e-21
CASSQTLSYEQYF,QYDPVAALF,B*38:01,0,0,0,1.7786081e-25
CASSQTLSYEQYF,FEDLRVLSF,B*08:01,0,0,0,6.631608e-27
CASSQTLSYEQYF,RLQSLQTYV,B*07:02,0,0,0,1.1285387e-27
CASSQTLSYEQYF,FLTVFSHFM,A*01:01,0,0,0,2.3645274e-27
CASSQTLSYEQYF,LLAGTLAVV,A*24:02,0,0,0,4.817384e-23
CASSQTLSYEQYF,IPSINVHHY,B*57:01,0,0,0,1.3342495e-21
CASSQTLSYEQYF,QKRPIPIKYKAM,B*57:01,0,0,0,7.156099e-21
CASSQTSGGTYEQYF,KTFPPTEPK,B*51:01,0,0,0,1.7567096e-22
CASSQTSGGTYEQYF,SLAPLSPRA,A*02:01,0,0,0,1.7330935e-22
CASSQTSGGTYEQYF,ITDQVPFSV,A*24:02,0,0,0,8.2807165e-23
CASSQTSGGTYEQYF,NMIHFAPNV,A*11:01,0,0,0,1.7399695e-22
CASSQTSGGTYEQYF,NLNCCSVPV,B*35:01,0,0,0,2.4016056e-21
CASSQTSGGTYEQYF,LLFGMTPCL,B*35:01,0,0,0,2.5176967e-21
CASSQTSGGTYEQYF,KMVAVFYTT,B*37:01,0,0,0,8.718407e-21
CASSQTSGGTYEQYF,VLFGLGFAI,B*08:01,0,0,0,2.2840662e-17
CASSQTSGTGNYEQYF,RLPGVLPRA,A*30:02,0,0,0,1.5185159e-20
CASSQTSGTGNYEQYF,RFPLTFGWCF,A*24:02,0,0,0,1.4399099e-18
CASSQTSGTGNYEQYF,FLYNPLTRV,B*27:09,0,0,0,6.475153e-17
CASSQTSGTGNYEQYF,IPSINVHHY,B*37:01,0,0,0,1.9307937e-17
CASSQTSGTGNYEQYF,KLNTITPVV,A*68:01,0,0,0,6.8795218e-18
CASSQVDYNEQFF,FLYNLLTRV,A*03:01,0,0,0,1.4733088e-18
CASSQVDYNEQFF,QSRGDENRGW,B*57:01,0,0,0,2.2648486e-24
CASSQVDYNEQFF,AEMEFCPCC,A*02:01,0,0,0,1.30211225e-24
CASSQVDYNEQFF,ELAGIGILTV,A*68:01,0,0,0,9.9634334e-26
CASSQVDYNEQFF,VSDGGPNLY,B*57:01,0,0,0,3.1447668e-24
CASSQVDYNEQFF,DATYQRTRALVR,A*03:01,0,0,0,1.1688404e-25
CASSQVEGYEQYF,LLFGYPVYV,B*37:01,0,0,0,2.4769476e-25
CASSQVEGYEQYF,FLTVFSHFM,B*08:01,0,0,0,1.35572935e-24
CASSQVEGYEQYF,VLNYFKPYL,B*37:01,0,0,0,5.9158196e-22
CASSQVEGYEQYF,LLFGMPPCL,B*51:01,0,0,0,7.0541475e-25
CASSQVEGYEQYF,SLLMWITQA,A*01:01,0,0,0,3.7936025e-24
CASSQVEGYEQYF,ALSPVIPHI,B*37:01,0,0,0,2.5937425e-23
CASSQVEGYEQYF,ILTGLNYEA,A*03:01,0,0,0,6e-45
CASSQVEGYEQYF,VLNYFEPYL,A*03:01,0,0,0,8e-45
CASSQVEGYEQYF,VVLSWAPPV,B*35:08,0,0,0,8.5638e-41
CASSQVEGYEQYF,KMVAVFYNT,A*11:01,0,0,0,0.0
CASSQVEGYEQYF,YHSIEWAI,A*01:01,0,0,0,4.67e-43
CASSQVEGYEQYF,FEDLRVLSF,B*07:02,0,0,0,4e-45
CASSQVEGYEQYF,LMFWASSSI,A*01:01,0,0,0,1.7e-44
CASSQVGGSYPREQFF,SLAPLSPRA,B*38:01,0,0,0,2e-44
CASSQVGGSYPREQFF,ALSKGVHFV,A*02:01,0,0,0,1e-45
CASSQVGGSYPREQFF,NDMLVCANI,A*68:01,0,0,0,0.0
CASSQVGGSYPREQFF,LLAMTVPNV,A*03:01,0,0,0,0.0
CASSQVGGSYPREQFF,ILNVDVFTL,A*02:01,0,0,0,2.0807424e-27
CASSQVGGSYPREQFF,NMINFAPNI,B*37:01,0,0,0,3.2043502e-29
CASSQVGSTEAFF,MLYQHLLPL,B*35:01,0,0,0,1.4695749e-27
CASSQVGSTEAFF,MTLHGFMMY,A*03:01,0,0,0,4.222248e-32
CASSQVLGFSYEQYF,GQVMVVAPR,B*27:09,0,0,0,1.1758375e-28
CASSQVLGFSYEQYF,LLSIIFFPA,B*27:09,0,0,0,3.4587633e-27
CASSQVLGFSYEQYF,YHSIEWAI,A*68:01,0,0,0,3.9356487e-29
CASSQVLGFSYEQYF,KMVTVCPNT,B*27:05,0,0,0,4.5213603e-28
CASSQVLGFSYEQYF,ALSPVIPHI,B*38:01,0,0,0,7.5243444e-28
CASSQVLGFSYEQYF,ALSKGVHFV,B*38:01,0,0,0,5.1423437e-29
CASSQVLGFSYEQYF,RQLLFVVEV,B*35:01,0,0,0,2.523447e-28
CASSQVPGGYEQYF,LLSIISFPA,A*03:01,0,0,0,3.2137027e-29
CASSQVPGSYEQYF,NYNYLYRLF,B*27:09,0,0,0,9.167288e-29
CASSQVPGSYEQYF,LLWNGPMAV,A*03:01,0,0,0,1.6415562e-28
CASSQVPGSYEQYF,FLTVFSHFM,A*03:01,0,0,0,0.0
CASSQVPGSYEQYF,FEDLRVLSF,B*08:01,0,0,0,7e-45
CASSQVPGSYEQYF,VSDGGPNLY,B*35:08,0,0,0,3.154e-42
CASSQVRDRDINYGYTF,YLEPGPVTA,B*07:02,0,0,0,2.4e-44
CASSQVRDRDINYGYTF,NYNYLYRLF,B*51:01,0,0,0,6.6e-44
CASSQVRDRDINYGYTF,KRPIPIKYKAM,B*27:05,0,0,0,1.481e-41
CASSQVRDRDINYGYTF,VVMSWAPPV,A*68:01,0,0,0,0.0
CASSQVRDRDINYGYTF,RQLLFVVEV,B*08:01,0,0,0,6.08e-43
CASSQVRDRDINYGYTF,MLYQHLLPL,B*08:01,0,0,0,4.38e-42
CASSQVRDRDINYGYTF,LVLEVDPNI,B*08:01,0,0,0,8.7358e-41
CASSQVSGGSYEQYF,VMHANYIFW,A*24:02,0,0,0,1.46e-42
CASSQVSGGSYEQYF,ALSKGVHFV,A*03:01,0,0,0,5.403299e-34
CASSQVSGGSYEQYF,AEMEFCPCC,A*01:01,0,0,0,4.4243377e-32
CASSQVSGGSYEQYF,FLIYLDVSV,A*01:01,0,0,0,1.0486904e-31
CASSQVVVGYGYTF,LLAGTLAVV,A*30:02,0,0,0,1.3492689e-33
CASSQVVVGYGYTF,RYPLTFGWCF,B*51:01,0,0,0,7.2459106e-32
CASSQVVVGYGYTF,GKTELLAPF,B*27:05,0,0,0,1.2392871e-27
CASSQVVVGYGYTF,KLSALGINAV,A*24:02,0,0,0,1.9661782e-27
CASSQVVVGYGYTF,VSDGGPNLY,A*11:01,0,0,0,1.4579931e-28
CASSQVVVGYGYTF,MTLHGFMMY,B*27:09,0,0,0,2.5381031e-27
CASSQVVVGYGYTF,SLLWMNPFV,B*35:01,0,0,0,4.7285586e-28
CASSQVVVGYGYTF,LMFWASSSI,B*37:01,0,0,0,1.1299123e-28
CASSQVVVGYGYTF,VLNYFKPYL,B*37:01,0,0,0,1.8755108e-27
CASSQVVVGYGYTF,LRVMMLAPF,A*03:01,0,0,0,5.0488265e-30
CASSQVVVGYGYTF,QKRPIPIKYKAM,A*02:01,0,0,0,1.7778109e-29
CASSQWGGNEQFF,ALSPVIPLI,B*35:08,0,0,0,2.1332967e-28
CASSQWGGNEQFF,GCQEICPAC,B*07:02,0,0,0,1.8965143e-24
CASSQWGGNEQFF,AEMEFCPCC,B*07:02,0,0,0,1.0573505e-24
CASSQWGGNEQFF,LLFGMTPCL,B*57:01,0,0,0,1.345102e-24
CASSQWGGNEQFF,KLSALGINAV,B*27:05,0,0,0,3.4041454e-24
CASSQWGGNEQFF,LPRWYFYYL,B*38:01,0,0,0,8.308897e-26
CASSRAAGPQETQYF,RPRGEVRFL,A*02:01,0,0,0,4.6858378e-29
CASSRAAGPQETQYF,CTELKLSDY,A*11:01,0,0,0,2.1925655e-30
CASSRAAGPQETQYF,RFPLTFGWCF,A*02:01,0,0,0,1.2308941e-30
CASSRAAGPQETQYF,ALSPVIPHI,A*30:02,0,0,0,1.274501e-28
CASSRAVSGNTIYF,KLNTITPVV,A*02:01,0,0,0,2.4454158e-29
CASSRAVSGNTIYF,RLQSLQTYV,B*27:09,0,0,0,7.98473e-28
CASSRAVSGNTIYF,NYNYLYRLF,A*24:02,0,0,0,4.5051576e-29
CASSRAVSGNTIYF,QKRPIPIKYKAM,A*03:01,0,0,0,6.468473e-29
CASSRAVSGNTIYF,CLGGLLTMV,A*02:01,0,0,0,1.2170114e-33
CASSRAVSGNTIYF,HTMLCMCCK,B*08:01,0,0,0,5.1602594e-31
CASSRAVSGNTIYF,MTLHGFMMY,A*68:01,0,0,0,3.2637568e-33
CASSRAVSGNTIYF,ILNAMIAKI,A*01:01,0,0,0,1.3867732e-32
CASSRDGFEKLFF,ELAGIGILTV,A*30:02,0,0,0,3.8082435e-33
CASSRDGFEKLFF,NYNYLYRLF,B*07:02,0,0,0,3.5870407e-32
CASSRDGFEKLFF,QYDPVAALF,A*03:01,0,0,0,4.201659e-35
CASSRDGFEKLFF,ILNAMIAKI,B*07:02,0,0,0,7.341383e-21
CASSRDGFEKLFF,VYIGDPAQL,B*08:01,0,0,0,1.0788937e-21
CASSRDGPSSYEQYF,ILTGLNYEV,A*24:02,0,0,0,1.9044412e-21
CASSRDGPSSYEQYF,SVYGDTLEK,A*24:02,0,0,0,1.2946347e-22
CASSRDGPSSYEQYF,KMVAVFYNT,B*27:09,0,0,0,4.522015e-21
CASSRDGPSSYEQYF,MLYQHLLPL,B*38:01,0,0,0,2.5377812e-14
CASSRDGPSSYEQYF,YHSIEWAI,A*11:01,0,0,0,2.7731391e-14
CASSRDSGWNSNQPQHF,GCQEICPAC,B*35:01,0,0,0,9.2304514e-14
CASSRDSGWNSNQPQHF,RLQSLQTYV,B*35:01,0,0,0,4.4654452e-14
CASSRDSGWNSNQPQHF,GQFLTPNSH,B*27:05,0,0,0,5.025387e-14
CASSRDSGWNSNQPQHF,ALSKGVHFV,A*68:01,0,0,0,7.245033e-15
CASSRDSGWNSNQPQHF,NMIHFAPNV,B*51:01,0,0,0,4.5942134e-26
CASSRDSGWNSNQPQHF,CFLLILPNC,B*38:01,0,0,0,2.2997304e-27
CASSRDSGWNSNQPQHF,LIIPFIHLI,A*03:01,0,0,0,5.2972318e-27
CASSRERGPGELFF,RLGPYLEFL,A*02:01,0,0,0,2.9956733e-28
CASSRERGPGELFF,ILNAMIAKI,B*38:01,0,0,0,4.964761e-27
CASSRERGPGELFF,CLGGLLTMV,B*07:02,0,0,0,1.2094304e-26
CASSRERGPGELFF,GMGPLLATV,B*27:09,0,0,0,2.1002775e-22
CASSRERGPGELFF,FLIYLDVSV,A*68:01,0,0,0,4.5809377e-23
CASSRERGPGELFF,SLLMPILTL,B*35:01,0,0,0,3.429005e-21
CASSRERGPGELFF,FLYNLLTRV,A*03:01,0,0,0,2.850834e-22
CASSRERGPGELFF,VYFLQSINF,A*24:02,0,0,0,4.3298048e-23
CASSRERGPGELFF,MLNIPSINV,A*30:02,0,0,0,3.3036079e-22
CASSRFPTGSNNEQF,RYPLTFGW,B*27:09,0,0,0,2.5725875e-22
CASSRFPTGSNNEQF,ITDQVPFSV,B*37:01,0,0,0,2.5064355e-22
CASSRFPTGSNNEQF,LLAILTYYV,B*15:01,0,0,0,2.240669e-22
CASSRFPTGSNNEQF,ILNAMIAKI,B*07:02,0,0,0,4.1602005e-16
CASSRFPTGSNNEQF,NMIHFAPNV,B*27:09,0,0,0,3.8078845e-16
CASSRFPTGSNNEQF,IVCPICSQK,A*24:02,0,0,0,3.444876e-17
CASSRFPTGSNNEQF,THLMVLCCV,A*01:01,0,0,0,1.7279497e-16
CASSRFPTGSNNEQF,ILTGLNYEA,A*02:01,0,0,0,9.4456555e-17
CASSRGDPAYEQYF,YVLTWIVGA,B*38:01,0,0,0,3.4096435e-16
CASSRGDPAYEQYF,SLLMPILTL,B*37:01,0,0,0,1.2584355e-16
CASSRGDPAYEQYF,VMPFSIVYIV,A*24:02,0,0,0,2.196942e-17
CASSRGDPAYEQYF,NLNCCSVPV,A*03:01,0,0,0,4.8605004e-17
CASSRGDPAYEQYF,IPSINVHHY,A*11:01,0,0,0,4.8400002e-17
CASSRGDPAYEQYF,VVLSWAPPV,B*15:01,0,0,0,7.9000923e-17
CASSRGDPAYEQYF,IPSINVHHY,B*35:01,0,0,0,1.0283244e-16
CASSRGDPAYEQYF,YLQPRTFLL,B*27:05,0,0,0,1.353203e-16
CASSRGGAPYNEQFF,ILNAMIAKI,B*35:08,0,0,0,1.171551e-16
CASSRGGAPYNEQFF,LMFWASSSI,B*27:09,0,0,0,1.2037016e-16
CASSRGGAPYNEQFF,LLAGTLAGV,A*03:01,0,0,0,5.273087e-24
CASSRGGAPYNEQFF,KRPIPIKYKAM,B*27:05,0,0,0,1.285669e-20
CASSRGGAPYNEQFF,LLAGTLAVV,B*15:01,0,0,0,3.9416107e-23
CASSRGGAPYNEQFF,LLFGMPPCL,B*57:01,0,0,0,7.6364184e-22
CASSRGGGTEAFF,LLSIISFPA,B*57:01,0,0,0,4.045691e-21
CASSRGGGTEAFF,MIISHLYLI,A*02:01,0,0,0,5.1394226e-21
CASSRGGGTEAFF,LLAMTVPNV,A*11:01,0,0,0,3.0600735e-22
CASSRGGGTEAFF,ILNVDIFTL,A*03:01,0,0,0,2.1022815e-22
CASSRGGGTEAFF,MMPFSIVYI,B*15:01,0,0,0,9.192289e-22
CASSRGGGTEAFF,GKTELLAPF,B*37:01,0,0,0,1.8422528e-14
CASSRGGHEQYF,FEDLRLLSF,B*35:01,0,0,0,2.4756295e-14
CASSRGGHEQYF,ALYGSVPVL,A*24:02,0,0,0,8.655868e-15
CASSRGGHEQYF,YHSIEWAI,A*03:01,0,0,0,6.9561933e-15
CASSRGGHEQYF,LLFALHFSA,B*07:02,0,0,0,2.4085778e-14
CASSRGGHEQYF,VMHANYIFW,A*11:01,0,0,0,1.0311605e-16
CASSRGGLTDTQYF,NMIHFAPNV,B*37:01,0,0,0,3.1525748e-16
CASSRGGLTDTQYF,KMVAVFYTT,A*30:02,0,0,0,3.4331556e-20
CASSRGGLTDTQYF,QYIKWPWYI,B*27:09,0,0,0,2.8715976e-19
CASSRGGLTDTQYF,RLGPYLEFL,A*30:02,0,0,0,4.694107e-20
CASSRGGLTDTQYF,TAFTIPSI,B*08:01,0,0,0,5.629524e-20
CASSRGGLTDTQYF,DATYQRTRALVR,B*15:01,0,0,0,4.930391e-20
CASSRGRNTEAFF,SPRWYFYYL,B*08:01,0,0,0,6.2782834e-16
CASSRGRNTEAFF,SPRWYFYYL,B*38:01,0,0,0,4.0526988e-16
CASSRGRNTEAFF,ALSPVIPHI,B*08:01,0,0,0,1.6093556e-15
CASSRGRNTEAFF,NYNYLYRLF,B*57:01,0,0,0,1.2858684e-15
CASSRGTGGYEQFF,VAANIVLTV,B*38:01,0,0,0,1.1055088e-11
CASSRGTGGYEQFF,LLFALYFSA,A*03:01,0,0,0,5.7918856e-12
CASSRGTGGYEQFF,VYGIRLEHF,B*35:01,0,0,0,1.1550969e-11
CASSRGTGGYEQFF,KAFSPEVIPMF,B*38:01,0,0,0,9.968674e-12
CASSRGTGGYEQFF,FLYNLLTRV,B*35:08,0,0,0,2.4509481e-11
CASSRGTYNEQFF,LMFWASSSI,A*11:01,0,0,0,4.7320073e-12
CASSRGTYNEQFF,KVKEVCPNV,A*03:01,0,0,0,1.6362928e-12
CASSRGTYNEQFF,GKTELLAPF,B*35:08,0,0,0,2.038312e-11
CASSRGTYNEQFF,RYPLTFGWCF,B*27:05,0,0,0,1.0033225e-11
CASSRIANNNNEQFF,VMHANYIFW,B*37:01,0,0,0,2.8331889e-11
CASSRIANNNNEQFF,LLFALHFSA,B*57:01,0,0,0,9.8443924e-14
CASSRIANNNNEQFF,FEDLRVSSF,B*27:09,0,0,0,2.98949e-14
CASSRIANNNNEQFF,YLEPGPVTA,B*15:01,0,0,0,2.1791003e-14
CASSRIANNNNEQFF,CFLLILPNC,A*03:01,0,0,0,1.717332e-14
CASSRIANNNNEQFF,FLRGRAYGL,B*35:08,0,0,0,1.3387905e-16
CASSRIANNNNEQFF,LLFALHFSA,B*35:08,0,0,0,1.3062169e-16
CASSRIANNNNEQFF,SLLMWITQA,A*03:01,0,0,0,3.7143556e-17
CASSRIANNNNEQFF,FTSDYYQLY,A*24:02,0,0,0,1.8302718e-17
CASSRIANNNNEQFF,VMPFSIVYI,A*03:01,0,0,0,2.777958e-17
CASSRKGDSPLHF,HTMLCMCCK,B*15:01,0,0,0,8.013698e-18
CASSRKGDSPLHF,GMGPLLATV,A*30:02,0,0,0,2.7915644e-18
CASSRKGDSPLHF,LLSIIFFPA,B*27:09,0,0,0,2.2110498e-17
CASSRKGDSPLHF,ILTGLNYEA,A*11:01,0,0,0,3.4121903e-18
CASSRKGDSPLHF,KMVAVFYNT,B*27:05,0,0,0,1.2971244e-17
CASSRKGDSPLHF,LLFGMTPCL,A*30:02,0,0,0,3.5279257e-18
CASSRLQGANSPLHF,LPRWYFYYL,B*08:01,0,0,0,4.2775768e-18
CASSRLQGANSPLHF,ELAGIGILTV,B*51:01,0,0,0,8.290951e-17
CASSRLQGANSPLHF,KAFSPEVIPMF,B*35:08,0,0,0,8.539002e-18
CASSRLQGANSPLHF,SLLMWITQC,A*01:01,0,0,0,6.2509625e-18
CASSRLQGANSPLHF,SLLMWITQC,A*02:01,0,0,0,9.848636e-18
CASSRLQGANSPLHF,MLYQHLLPL,B*38:01,0,0,0,8.868663e-18
CASSRLSGTGDSPLHF,KLSALGINAV,A*03:01,0,0,0,4.0861635e-18
CASSRLSGTGDSPLHF,LLWNGPMAV,A*03:01,0,0,0,4.2602986e-18
CASSRLSGTGDSPLHF,IMDQVPFSV,B*15:01,0,0,0,3.695712e-18
CASSRLSGTGDSPLHF,ILTGLNYEA,B*51:01,0,0,0,1.07450166e-16
CASSRLSGTGDSPLHF,FLTVFSHFM,A*01:01,0,0,0,3.441039e-18
CASSRLSGTGDSPLHF,NLNCCSVPV,A*24:02,0,0,0,8.90724e-27
CASSRLSGTGDSPLHF,ILNAMIAKI,A*68:01,0,0,0,1.1550589e-27
CASSRPLNQPQHF,GILGFVFTL,B*37:01,0,0,0,3.107806e-26
CASSRPLNQPQHF,VYFLQSINF,B*35:01,0,0,0,1.7906357e-27
CASSRPLNQPQHF,NMIHFAPNV,B*57:01,0,0,0,3.8134763e-26
CASSRPLNQPQHF,LIIPFIHLI,A*01:01,0,0,0,5.6188833e-27
CASSRPLNQPQHF,NDMLVCANI,A*24:02,0,0,0,2.0773163e-27
CASSRQPMNTEAFF,NLVPMVATV,A*24:02,0,0,0,6.157793e-15
CASSRQPMNTEAFF,ALSPVIPHI,A*03:01,0,0,0,9.315058e-15
CASSRQPMNTEAFF,RPIPIKYKAM,A*68:01,0,0,0,1.1702836e-14
CASSRQPMNTEAFF,SLLWMNPFV,B*37:01,0,0,0,2.0902074e-14
CASSRQPMNTEAFF,ITDQVPFSV,B*08:01,0,0,0,3.1781767e-14
CASSRRDRGDTQYF,RLVPYLEFL,B*35:08,0,0,0,2.2005184e-14
CASSRRDRGDTQYF,YLEPGPVTA,B*35:08,0,0,0,3.8762433e-14
CASSRRDRGDTQYF,SLAPLSPRA,B*35:08,0,0,0,4.8801903e-11
CASSRRDRGDTQYF,RLVPYLEFL,B*38:01,0,0,0,4.8589925e-12
CASSRRDRGDTQYF,LLWNGPMAV,A*01:01,0,0,0,1.7927963e-11
CASSRRDRGDTQYF,EAAGIGILTV,B*35:08,0,0,0,1.0774068e-10
CASSRRDRGDTQYF,FTSDYYQLY,A*01:01,0,0,0,3.648308e-12
CASSRRDRGDTQYF,LLFALHFSA,B*35:08,0,0,0,1.0341497e-10
CASSRTGEHQPQHF,SLLWMNPFV,B*35:08,0,0,0,8.9263444e-11
CASSRTGEHQPQHF,GQMWLLAPR,A*68:01,0,0,0,1.8484849e-19
CASSRTGEHQPQHF,FMLYLLTLM,A*30:02,0,0,0,4.4062603e-19
CASSRTGEHQPQHF,THLMVLCCV,A*30:02,0,0,0,2.104427e-19
CASSRTGEHQPQHF,MIISHLYLI,A*02:01,0,0,0,6.4470493e-19
CASSRTGGAPEKLF,KMVAVFYNT,B*35:08,0,0,0,1.0034032e-18
CASSRTGGAPEKLF,FEDLRVSSF,A*24:02,0,0,0,4.136268e-19
CASSRTGGAPEKLF,KLVALGINAV,A*02:01,0,0,0,1.1000236e-18
CASSRTGGAPEKLF,RTMEVCYNT,B*07:02,0,0,0,3.160249e-21
CASSRTGGAPEKLF,ILNVDVFTL,B*37:01,0,0,0,2.488241e-21
CASSRTGGAPEKLF,KLLEIAPNC,B*51:01,0,0,0,3.357505e-20
CASSRTGGAPEKLF,ILNAMITKI,B*15:01,0,0,0,7.265737e-22
CASSRTGRNQPQHF,RLQSLQTYV,B*08:01,0,0,0,1.1208672e-20
CASSRTGRNQPQHF,MIISHLYLI,A*68:01,0,0,0,7.473249e-22
CASSRTGRNQPQHF,YHSIEWAI,B*51:01,0,0,0,2.4218469e-20
CASSRTGSLNYGYTF,GQMWLLAPR,B*35:01,0,0,0,7.887996e-22
CASSRTGSLNYGYTF,NLFNRYPAL,B*15:01,0,0,0,4.41514e-21
CASSRTGSLNYGYTF,LLFGYPVYV,A*01:01,0,0,0,3.2393865e-16
CASSRTGSLNYGYTF,VLFHRAFLV,B*35:08,0,0,0,7.2553735e-16
CASSRTGSLNYGYTF,RPIPIKYKAM,A*68:01,0,0,0,3.289998e-16
CASSRTGSLNYGYTF,VMPFSIVYI,A*24:02,0,0,0,5.723032e-16
CASSRTGSLNYGYTF,QYIKWPWYI,B*57:01,0,0,0,1.5011083e-16
CASSRTGSLNYGYTF,ILTGLNYEV,A*11:01,0,0,0,2.7866092e-16
CASSRVTSGHNEQF,LIIPFIHLI,B*08:01,0,0,0,2.8009143e-14
CASSRVTSGHNEQF,VMHANYIFW,A*68:01,0,0,0,3.3504257e-15
CASSRVTSGHNEQF,GMGPLLATV,A*68:01,0,0,0,1.2167672e-15
CASSRVTSGHNEQF,ELAGIGILTV,A*01:01,0,0,0,5.6132615e-15
CASSRVTSGHNEQF,KMVAVFYNT,B*07:02,0,0,0,2.972654e-14
CASSRVTSGHNEQF,GKTELLAPF,B*07:02,0,0,0,2.5167981e-14
CASSRVTSGHNEQF,QYDPVAALF,B*57:01,0,0,0,7.596206e-15
CASSRVTSGHNEQF,FLYNLLTRV,B*37:01,0,0,0,4.6885535e-15
CASSRYGGPSDNEQFF,RFPLTFGWCF,B*27:05,0,0,0,1.0232464e-14
CASSRYGGPSDNEQFF,MMPFSIVYI,B*35:01,0,0,0,1.19840635e-14
CASSRYGGPSDNEQFF,LLSIIFFPA,B*35:01,0,0,0,2.9933985e-14
CASSRYGGPSDNEQFF,VLFHRAFLV,B*08:01,0,0,0,1.2321115e-14
CASSRYGGPSDNEQFF,ALSPVIPHI,B*15:01,0,0,0,6.801978e-15
CASSSAGGYEQYVF,GQVMVVAPR,B*35:08,0,0,0,6.260767e-19
CASSSAGGYEQYVF,KTWGQYWQV,B*38:01,0,0,0,3.067816e-19
CASSSAGGYEQYVF,VYFLQSINF,B*08:01,0,0,0,3.4543583e-20
CASSSAGGYEQYVF,YVLDHLIVV,B*57:01,0,0,0,5.581947e-19
CASSSAGTSYEQYF,ILNAMITKI,B*51:01,0,0,0,4.3324575e-19
CASSSAGTSYEQYF,KMVAVFYTT,B*35:08,0,0,0,6.584421e-19
CASSSAGTSYEQYF,QYIKWPWYI,A*03:01,0,0,0,9.2094263e-20
CASSSAGTSYEQYF,LLAILTYYV,B*37:01,0,0,0,9.702717e-18
CASSSAGTSYEQYF,VMPFSIVYIV,A*01:01,0,0,0,4.1386987e-19
CASSSAGTSYEQYF,QYDPVAALF,B*07:02,0,0,0,1.5306719e-19
CASSSAGTSYEQYF,KLLEIAPNC,B*51:01,0,0,0,1.3424658e-11
CASSSAGTSYEQYF,SLLMWITQC,B*37:01,0,0,0,5.8056806e-11
CASSSAGTSYEQYF,VLFGLGFAI,B*27:09,0,0,0,4.512472e-12
CASSSAGTSYEQYF,FLYNLLTRV,B*57:01,0,0,0,1.2364189e-15
CASSSALAYEQYF,ALSPVIPHI,B*51:01,0,0,0,6.724656e-15
CASSSALAYEQYF,VMPFSIVYIV,A*03:01,0,0,0,7.444932e-16
CASSSALAYEQYF,VYIGDPAQL,B*37:01,0,0,0,1.7088229e-15
CASSSALAYEQYF,LMFWASSSI,A*24:02,0,0,0,9.593273e-16
CASSSALAYEQYF,LLAGTLAVV,B*35:08,0,0,0,4.7876612e-11
CASSSALAYEQYF,VYIGDPAQL,B*35:08,0,0,0,3.9071284e-11
CASSSALAYEQYF,LLFGMTPCL,A*11:01,0,0,0,2.627517e-12
CASSSALAYEQYF,NLFNRYPAL,B*51:01,0,0,0,2.933134e-10
CASSSALAYEQYF,KTFPPTEPK,B*27:09,0,0,0,2.4761512e-12
CASSSALAYEQYF,GQVMVVAPR,B*37:01,0,0,0,2.6886088e-10
CASSSAVIRGLDWCYTF,FEDLRVSSF,A*11:01,0,0,0,5.610827e-13
CASSSAVIRGLDWCYTF,RPRGEVRFL,A*03:01,0,0,0,1.5095089e-06
CASSSAVIRGLDWCYTF,FEDLRVSSF,B*15:01,0,0,0,2.1376989e-06
CASSSAVIRGLDWCYTF,LLFALYFSA,B*27:09,0,0,0,5.08949e-06
CASSSAVIRGLDWCYTF,HTMLCMCCK,A*02:01,0,0,0,1.9052079e-06
CASSSAVIRGLDWCYTF,GQFLTPNSH,A*02:01,0,0,0,4.3129043e-07
CASSSDGGGFNEQFF,VSDGGPNLY,B*35:01,0,0,0,4.00162e-06
CASSSDGGGFNEQFF,YLEPGPVTA,B*27:05,0,0,0,5.322356e-06
CASSSDGGGFNEQFF,MMPFSIVYI,A*01:01,0,0,0,2.0765656e-06
CASSSDGGGFNEQFF,HTMLCMCCK,B*15:01,0,0,0,8.3337396e-14
CASSSDGGGFNEQFF,LLAGTLAGV,B*35:01,0,0,0,2.9513284e-13
CASSSDGGGFNEQFF,ITDQVPFSV,A*01:01,0,0,0,1.7199677e-14
CASSSDGGGFNEQFF,MTLHGFMMY,B*27:09,0,0,0,1.4840268e-13
CASSSDINYGYTF,NLNCCSVPV,B*37:01,0,0,0,3.7906727e-13
CASSSDINYGYTF,LLAGTLAGV,A*11:01,0,0,0,7.836214e-19
CASSSDINYGYTF,QYDPVAALF,B*38:01,0,0,0,2.4217197e-18
CASSSDINYGYTF,SLLWMNPFV,A*03:01,0,0,0,4.0372337e-18
CASSSDINYGYTF,MTLHGFMMY,B*35:08,0,0,0,3.4269848e-17
CASSSDLRTNYNEQFF,ILNVDIFTL,B*27:09,0,0,0,4.267702e-17
CASSSDLRTNYNEQFF,VMPFSIVYI,A*02:01,0,0,0,4.7128256e-18
CASSSDLRTNYNEQFF,LIIPFIHLI,A*30:02,0,0,0,1.2780727e-16
CASSSDLRTNYNEQFF,ILTGLNYEV,A*68:01,0,0,0,4.8255096e-17
CASSSDLRTNYNEQFF,KLLEIAPNC,B*57:01,0,0,0,4.3586886e-16
CASSSDLRTNYNEQFF,QYDPVAALF,B*27:05,0,0,0,8.169101e-19
CASSSDRGEQFF,RPPIFIRRL,B*07:02,0,0,0,4.422803e-24
CASSSDRGEQFF,GQFLTPNSH,B*35:01,0,0,0,5.655473e-23
CASSSDRGEQFF,NDMLVCANI,B*15:01,0,0,0,1.842658e-24
CASSSDRGEQFF,RPRGEVRFL,B*38:01,0,0,0,1.6801298e-23
CASSSDRGEQFF,SLLWMNPFV,B*07:02,0,0,0,3.0949185e-21
CASSSDRGEQFF,KRPIPIKYKAM,A*02:01,0,0,0,2.646011e-22
CASSSDRGEQFF,LRVMMLAPF,B*15:01,0,0,0,8.5002366e-24
CASSSEGQASSYEQYF,LRVMMLAPF,B*35:01,0,0,0,7.138533e-23
CASSSEGQASSYEQYF,ALSKGVHFV,A*24:02,0,0,0,6.173194e-24
CASSSEGQASSYEQYF,KTWGQYWQV,B*27:05,0,0,0,1.046857e-21
CASSSEGQASSYEQYF,ILTGLNYEV,B*27:05,0,0,0,1.6369907e-21
CASSSEGQASSYEQYF,FEDLRLLSF,B*57:01,0,0,0,5.21128e-15
CASSSEGQASSYEQYF,KMVAVFYNT,A*30:02,0,0,0,1.6561256e-14
CASSSEGQASSYEQYF,TTDPSFLGRY,A*24:02,0,0,0,1.8019177e-16
CASSSGGAWYTF,VLFHRAFLV,B*15:01,0,0,0,1.1480424e-14
CASSSGGAWYTF,VLNYFEPYL,B*37:01,0,0,0,3.2586005e-14
CASSSGGAWYTF,NYNYLYRLF,B*38:01,0,0,0,5.3648822e-15
CASSSGGAWYTF,ILNAMIAKI,B*27:05,0,0,0,1.2620568e-14
CASSSGGAWYTF,ILNVDVFTL,A*02:01,0,0,0,2.954778e-15
CASSSGGAWYTF,KTWGQYWQV,B*27:09,0,0,0,4.376418e-15
CASSSGGAWYTF,KLWASPLHV,A*02:01,0,0,0,8.383728e-16
CASSSGGGNEQFF,NMIHFAPNV,B*27:05,0,0,0,5.0450146e-15
CASSSGGGNEQFF,YLEPGPVTA,B*51:01,0,0,0,6.3686713e-15
CASSSGGGNEQFF,NLNCCSVPV,A*02:01,0,0,0,3.126562e-16
CASSSGGGNEQFF,QSRGDENRGW,B*38:01,0,0,0,6.27235e-15
CASSSGLAGGPKHYEQYF,ELAGIGILTV,B*38:01,0,0,0,1.1970871e-12
CASSSGLAGGPKHYEQYF,SLLMPILTL,B*27:09,0,0,0,4.194662e-12
CASSSGLAGGPKHYEQYF,GQVMVVAPR,B*35:08,0,0,0,2.7847553e-12
CASSSGLAGGPKHYEQYF,TTDPSFLGRY,B*07:02,0,0,0,2.2604582e-14
CASSSGLAGGPKHYEQYF,KMVTVCPNT,B*35:01,0,0,0,2.0400964e-12
CASSSGLAGGPKHYEQYF,ILTGLNYEV,B*07:02,0,0,0,4.438532e-12
CASSSGLAYEQYF,IVCPICSQK,A*24:02,0,0,0,1.3940777e-12
CASSSGLAYEQYF,QYDPVAALF,A*24:02,0,0,0,1.2645442e-13
CASSSGLAYEQYF,LPRWYFYYL,B*07:02,0,0,0,4.088834e-16
CASSSGLAYEQYF,LLFALYFSA,A*01:01,0,0,0,2.9003798e-16
CASSSGLAYEQYF,FLTVFSHFM,A*02:01,0,0,0,9.914044e-16
CASSSGLAYEQYF,ALYGFVPVL,B*37:01,0,0,0,1.968239e-15
CASSSGNPSTDTQYF,SPRWYFYYL,A*03:01,0,0,0,8.7448335e-18
CASSSGNPSTDTQYF,MLYQHLLPL,B*35:08,0,0,0,4.9355526e-14
CASSSGNPSTDTQYF,MTLHGFMMY,B*35:08,0,0,0,7.46507e-15
CASSSGNPSTDTQYF,VMPFSIVYIV,B*27:09,0,0,0,9.6209885e-14
CASSSGNPSTDTQYF,EIQEFCPNT,B*35:08,0,0,0,7.594815e-15
CASSSGNPSTDTQYF,FEDLRLLSF,B*35:01,0,0,0,6.8388154e-16
CASSSGNPSTDTQYF,LLWNGPMAV,B*15:01,0,0,0,4.086842e-14
CASSSGPNGAYEQYF,SLLMPILTL,B*08:01,0,0,0,7.5541764e-26
CASSSGPNGAYEQYF,LLSIIFFPA,B*27:05,0,0,0,1.4192692e-25
CASSSGPNGAYEQYF,KMVTVCPNT,B*57:01,0,0,0,1.2974007e-26
CASSSGPNGAYEQYF,KVKEVCPNV,B*07:02,0,0,0,7.141214e-27
CASSSGPNGAYEQYF,KLVALGINAV,B*51:01,0,0,0,5.740276e-26
CASSSGPNGAYEQYF,QYDPVAALF,A*11:01,0,0,0,7.658179e-30
CASSSGPNGAYEQYF,KTFPPTEPK,B*27:09,0,0,0,1.1803084e-29
CASSSGPNGAYEQYF,VSDGGPNLY,B*51:01,0,0,0,7.385995e-27
CASSSGPTMGGKLFF,VYFLQSINF,B*35:08,0,0,0,7.926877e-30
CASSSGPTMGGKLFF,LRVMMLAPF,B*51:01,0,0,0,7.093481e-28
CASSSGPTMGGKLFF,TAFTIPSI,A*02:01,0,0,0,2.1141937e-28
CASSSGPTMGGKLFF,CLGGLLTMV,B*37:01,0,0,0,2.7466062e-27
CASSSGPTMGGKLFF,IVCPICSQK,A*24:02,0,0,0,7.076268e-27
CASSSGPTMGGKLFF,LLSIISFPA,B*08:01,0,0,0,9.411224e-27
CASSSGPTMGGKLFF,VVLSWAPPV,A*68:01,0,0,0,7.7961006e-29
CASSSGPTMGGKLFF,TTDPSFLGRY,A*30:02,0,0,0,5.05044e-32
CASSSGQTNYGYTF,SVYGDTLEK,A*68:01,0,0,0,2.8803541e-18
CASSSGQTNYGYTF,FEDLRLLSF,B*15:01,0,0,0,2.3992023e-17
CASSSGQTNYGYTF,FLYNLLTRV,A*03:01,0,0,0,2.911973e-18
CASSSGQTNYGYTF,CTELKLNDY,A*24:02,0,0,0,7.267336e-17
CASSSGQTNYGYTF,SPRWYFYYL,B*07:02,0,0,0,5.750362e-17
CASSSGQTNYGYTF,VYGIRLEHF,A*01:01,0,0,0,6.416167e-17
CASSSGQTNYGYTF,VMPFSIVYIV,A*01:01,0,0,0,1.7383703e-15
CASSSGRTEHNEQF,IMDQVPFSV,B*15:01,0,0,0,2.8623592e-17
CASSSGRTEHNEQF,CLGGLLTMV,B*15:01,0,0,0,2.8784046e-14
CASSSGRTEHNEQF,HPVGEADYFEY,A*30:02,0,0,0,1.04752395e-14
CASSSGRTEHNEQF,RTMEVCYNT,B*57:01,0,0,0,6.820872e-14
CASSSGRTEHNEQF,ILNVDIFTL,A*30:02,0,0,0,2.2026516e-14
CASSSGTSLTLTYNEQFF,SVYGDTLEK,B*57:01,0,0,0,1.1610214e-14
CASSSGTSLTLTYNEQFF,TTDPSFLGRY,A*01:01,0,0,0,6.2582463e-16
CASSSILGGEAYNEQFF,IMDQVPFSV,B*15:01,0,0,0,1.1379747e-14
CASSSILGGEAYNEQFF,LRVMMLAPF,A*68:01,0,0,0,4.0545082e-16
CASSSILGGEAYNEQFF,CFLLILPNC,B*15:01,0,0,0,2.2944623e-21
CASSSILGGEAYNEQFF,LIIPFIHLI,A*30:02,0,0,0,2.8809101e-21
CASSSITTTGAKDGYTF,EIQEFCPNT,A*24:02,0,0,0,8.407754e-22
CASSSITTTGAKDGYTF,EAAGIGILTV,B*35:01,0,0,0,1.1105336e-20
CASSSITTTGAKDGYTF,AVGSYVYSV,B*15:01,0,0,0,5.292903e-22
CASSSITTTGAKDGYTF,MMPFSIVYI,B*57:01,0,0,0,5.4251036e-21
CASSSITTTGAKDGYTF,LLFGYPVYV,A*01:01,0,0,0,2.0563662e-21
CASSSKWRNTQYF,LLAGTLAGV,B*57:01,0,0,0,1.1247397e-19
CASSSKWRNTQYF,KLSALGINAV,A*03:01,0,0,0,1.0250258e-18
CASSSKWRNTQYF,GQFLTPNSH,B*15:01,0,0,0,2.8705668e-20
CASSSKWRNTQYF,LLSIISFPA,B*07:02,0,0,0,2.0154649e-18
CASSSKWRNTQYF,FEDLRLLSF,B*57:01,0,0,0,2.8135943e-21
CASSSKWRNTQYF,KAFSPEVIPMF,A*02:01,0,0,0,2.4573018e-21
CASSSKWRNTQYF,LLSIIFFPA,B*27:09,0,0,0,1.1455683e-18
CASSSKWRNTQYF,VVMSWAPPV,A*24:02,0,0,0,1.718002e-20
CASSSKWRNTQYF,LLFALHFSA,A*03:01,0,0,0,8.344875e-21
CASSSKWRNTQYF,QYDPVAALF,A*30:02,0,0,0,2.924556e-23
CASSSKWRNTQYF,QYDPVAALF,B*27:05,0,0,0,7.8106847e-22
CASSSKWRNTQYF,SLLWMNPFV,A*30:02,0,0,0,2.871662e-20
CASSSKWRNTQYF,VYFLQSINF,B*35:01,0,0,0,5.3790386e-24
CASSSLAGEVNEQFF,EAAGIGILTV,A*01:01,0,0,0,1.9177321e-20
CASSSLAGEVNEQFF,RYPLTFGWCF,A*30:02,0,0,0,6.0504784e-21
CASSSLAGEVNEQFF,KLLEIAPNC,B*37:01,0,0,0,3.1555435e-18
CASSSLAVPELFF,EIQEFCPNT,A*24:02,0,0,0,1.8823624e-20
CASSSLAVPELFF,RFPLTFGWCF,B*51:01,0,0,0,8.6542655e-19
CASSSLGDSYEQYF,VLFHRAFLV,B*35:08,0,0,0,5.665069e-20
CASSSLGDSYEQYF,NLFNRYPAL,B*15:01,0,0,0,2.311508e-19
CASSSLGDSYEQYF,FEDLRVLSF,B*51:01,0,0,0,2.3734734e-20
CASSSLGEQFF,GILGFVFTL,A*68:01,0,0,0,1.7585351e-20
CASSSLGEQFF,LLFALHFSA,B*27:05,0,0,0,4.647658e-19
CASSSLGEQFF,KLLEIAPNC,B*35:08,0,0,0,2.5559052e-18
CASSSLGEQFF,LLFGMTPCL,B*35:08,0,0,0,3.814246e-19
CASSSLGEQFF,RFPLTFGWCF,B*07:02,0,0,0,2.201453e-19
CASSSLLAGGFYEQFF,FEDLRLLSF,A*11:01,0,0,0,4.483828e-22
CASSSLLAGGFYEQFF,NDMLVCANI,A*01:01,0,0,0,1.0672601e-21
CASSSLLAGGFYEQFF,CLGGLLTMV,B*27:05,0,0,0,1.4356366e-19
CASSSLLAGGFYEQFF,CTELKLSDY,B*57:01,0,0,0,2.7391717e-16
CASSSLLAGGFYEQFF,LMFWASSSI,B*27:05,0,0,0,2.6644855e-15
CASSSLMGGTDEQFF,CFLLILPNC,A*11:01,0,0,0,2.0769871e-16
CASSSLMGGTDEQFF,FMLYLLTLM,B*27:05,0,0,0,5.4243545e-15
CASSSLMGGTDEQFF,LLFGYPVYV,B*57:01,0,0,0,4.3093548e-16
CASSSLMGGTDEQFF,DATYQRTRALVR,A*03:01,0,0,0,1.557545e-16
CASSSLMGGTDEQFF,FLTVFSHFM,A*30:02,0,0,0,1.1005032e-16
CASSSLRVGAGPGQPQHF,GQVMVVAPR,B*51:01,0,0,0,1.2725814e-14
CASSSLRVGAGPGQPQHF,VSDGGPNLY,B*38:01,0,0,0,6.932085e-12
CASSSLRVGAGPGQPQHF,NDMLVCANI,A*24:02,0,0,0,1.8917851e-13
CASSSLTGNQPQHF,ALSPVIPLI,B*37:01,0,0,0,4.1493445e-12
CASSSLTGNQPQHF,FMLYLLTLM,B*35:08,0,0,0,1.2587508e-11
CASSSLTGNQPQHF,LLFALHFSA,B*37:01,0,0,0,1.7283628e-11
CASSSLTGNQPQHF,CFLLILPNC,B*15:01,0,0,0,9.088014e-12
CASSSLTSGAYNEQFF,ILTGLNYEV,B*35:08,0,0,0,2.0748701e-11
CASSSLTSGAYNEQFF,VMPFSIVYI,B*27:09,0,0,0,8.744378e-12
CASSSLTSGAYNEQFF,ILTGLNYEV,B*35:01,0,0,0,2.0748701e-11
CASSSLTSGAYNEQFF,TSTLQEQIGW,A*24:02,0,0,0,4.0915706e-13
CASSSLTSGAYNEQFF,MLNIPSINV,B*37:01,0,0,0,1.5104232e-11
CASSSLTSGAYNEQFF,LLFALHFSA,A*03:01,0,0,0,1.7126301e-12
CASSSLTSGAYNEQFF,KMVAVFYTT,B*37:01,0,0,0,1.5217907e-11
CASSSLTSGAYNEQFF,RPPIFIRRL,B*27:05,0,0,0,1.290273e-12
CASSSLTSGAYNEQFF,ITDQVPFSV,B*15:01,0,0,0,2.9137695e-13
CASSSLTSGAYNEQFF,LLFALYFSA,A*11:01,0,0,0,6.6245954e-22
CASSSNRAGHGNEQFF,LLWNGPMAV,B*38:01,0,0,0,1.0587376e-19
CASSSNRAGHGNEQFF,VMHANYIFW,A*02:01,0,0,0,2.9544213e-20
CASSSNRAGHGNEQFF,IVCPICSQK,B*37:01,0,0,0,5.6963605e-20
CASSSNRAGHGNEQFF,NYNYLYRLF,B*35:01,0,0,0,1.545203e-20
CASSSNRAGHGNEQFF,SLAPLSPRV,B*27:05,0,0,0,1.809554e-19
CASSSNRAGHGNEQFF,TAFTIPSI,A*02:01,0,0,0,1.8934235e-21
CASSSNRGGPGAQHF,KTFPPTEPK,B*27:05,0,0,0,4.5106764e-22
CASSSNRGGPGAQHF,LLFALHFSA,A*30:02,0,0,0,1.727632e-25
CASSSPGGETQYF,LVLEVDPNI,B*27:09,0,0,0,6.9657705e-25
CASSSPGGETQYF,LLFGYPVYV,A*03:01,0,0,0,1.348069e-27
CASSSPGGETQYF,KLLEIAPNC,B*07:02,0,0,0,1.1191303e-24
CASSSPGGETQYF,HTMLCMCCK,B*35:08,0,0,0,8.250596e-25
CASSSPGGETQYF,RYPLTFGW,B*57:01,0,0,0,1.9493684e-26
CASSSPGGETQYF,YHSIEWAI,B*07:02,0,0,0,4.360465e-25
CASSSPGQGYYEQYF,LLFALHFSA,B*51:01,0,0,0,6.6562877e-21
CASSSPGQGYYEQYF,IMDQVPFSV,B*35:01,0,0,0,1.8830502e-22
CASSSPGQGYYEQYF,RPRGEVRFL,B*27:09,0,0,0,8.587789e-22
CASSSPGQGYYEQYF,FLYNLLTRV,A*01:01,0,0,0,3.0114926e-23
CASSSPGQGYYEQYF,LLSIISFPA,B*51:01,0,0,0,2.0152236e-21
CASSSPGQGYYEQYF,LMFWASSSI,A*24:02,0,0,0,1.1002353e-22
CASSSPTVPTSGGAVGEQFF,LLAILTYYV,B*37:01,0,0,0,6.893727e-20
CASSSPTVPTSGGAVGEQFF,KRPIPIKYKAM,A*24:02,0,0,0,2.7561238e-21
CASSSPTVPTSGGAVGEQFF,ALSPVIPLI,B*35:08,0,0,0,1.465951e-21
CASSSPTVPTSGGAVGEQFF,DATYQRTRALVR,B*51:01,0,0,0,2.8693282e-21
CASSSPTVPTSGGAVGEQFF,RLQSLQTYV,A*01:01,0,0,0,7.971915e-36
CASSSPTVPTSGGAVGEQFF,SLAPLSPRV,B*51:01,0,0,0,7.6221405e-34
CASSSPTVPTSGGAVGEQFF,FLYNPLTRV,A*30:02,0,0,0,1.1062288e-36
CASSSPTVPTSGGAVGEQFF,RLGPYLEFL,B*15:01,0,0,0,2.6823857e-36
CASSSPVTGTPGYNEQF,FMLYLLTLM,A*02:01,0,0,0,6.4885416e-36
CASSSPVTGTPGYNEQF,LLSIIFFPA,B*35:08,0,0,0,1.1146425e-34
CASSSPVTGTPGYNEQF,VAANIVLTV,B*07:02,0,0,0,1.6053967e-20
CASSSPVTGTPGYNEQF,ALSKGVHFV,B*27:05,0,0,0,2.1172853e-20
CASSSPVTGTPGYNEQF,MIISHLYLI,A*30:02,0,0,0,4.436345e-21
CASSSPVTGTPGYNEQF,KVKEVCPNV,B*27:09,0,0,0,1.3607995e-20
CASSSPWGGTTDTSTDTQYF,LIIPFIHLI,A*03:01,0,0,0,1.9834744e-20
CASSSPWGGTTDTSTDTQYF,KMVAVFYNT,B*57:01,0,0,0,1.0981698e-19
CASSSPWGGTTDTSTDTQYF,ALYGSVPVL,A*30:02,0,0,0,2.3587406e-22
CASSSPWGGTTDTSTDTQYF,VYGIRLEHF,B*27:05,0,0,0,1.6848012e-24
CASSSPWGGTTDTSTDTQYF,GMGPLLATV,A*02:01,0,0,0,4.4634445e-25
CASSSPWGGTTDTSTDTQYF,FLYNLLTRV,A*02:01,0,0,0,3.339588e-25
CASSSQGGAKNEQYF,TAFTIPSI,B*51:01,0,0,0,7.0230827e-25
CASSSQGGAKNEQYF,GKTELLAPF,A*24:02,0,0,0,5.439821e-27
CASSSQGGAKNEQYF,ILNAMIAKI,B*08:01,0,0,0,3.614277e-25
CASSSQGGAKNEQYF,RLPGVLPRA,B*15:01,0,0,0,1.06194144e-26
CASSSQGGAKNEQYF,VYFLQSINF,B*15:01,0,0,0,1.0724026e-28
CASSSQGGAKNEQYF,RFPLTFGWCF,A*30:02,0,0,0,4.936668e-16
CASSSQGGAKNEQYF,VMPFSIVYI,A*68:01,0,0,0,7.016845e-17
CASSSQGGAKNEQYF,KVKEVCPNV,B*15:01,0,0,0,8.247015e-16
CASSSQGGAKNEQYF,FEDLRVLSF,A*30:02,0,0,0,8.16659e-16
CASSSQGLSTEAF,YVLTWIVGA,A*11:01,0,0,0,6.9764127e-16
CASSSQGLSTEAF,NDMLVCANI,B*35:08,0,0,0,1.5112385e-15
CASSSQGLSTEAF,ALYGSVPVL,B*57:01,0,0,0,1.0850509e-15
CASSSQGLSTEAF,RLGPYLEFL,B*37:01,0,0,0,1.9090877e-15
CASSSQGLSTEAF,KAFSPEVIPMF,A*24:02,0,0,0,1.2887455e-16
CASSSQGLSTEAF,EAAGIGILTV,A*68:01,0,0,0,4.600952e-17
CASSSQGLSTEAF,ALSPVIPHI,B*27:09,0,0,0,7.8098746e-16
CASSSQTGPYSNQPQHF,CLGGLLTMV,B*37:01,0,0,0,1.7962753e-17
CASSSQTGPYSNQPQHF,CTELKLSDY,A*03:01,0,0,0,1.6126447e-21
CASSSQTGPYSNQPQHF,LMFWASSSI,B*08:01,0,0,0,3.861978e-18
CASSSQTGPYSNQPQHF,AEMEFCPCC,B*07:02,0,0,0,6.410735e-17
CASSSQTGPYSNQPQHF,FLYNPLTRV,A*01:01,0,0,0,3.4709226e-20
CASSSQTGPYSNQPQHF,ILNAMITKI,A*01:01,0,0,0,1.0622329e-19
CASSSQTGPYSNQPQHF,ELAGIGILTV,B*35:01,0,0,0,1.7543643e-31
CASSSQTGPYSNQPQHF,NLFNRYPAL,B*35:08,0,0,0,8.260049e-31
CASSSRDNVPETQYF,KMVAVFYNT,A*02:01,0,0,0,1.787109e-33
CASSSRDNVPETQYF,ILNAMITKI,A*02:01,0,0,0,4.512146e-34
CASSSRDNVPETQYF,SPRWYFYYL,B*37:01,0,0,0,3.0401603e-33
CASSSRDNVPETQYF,LLFGMPPCL,A*11:01,0,0,0,3.9325323e-34
CASSSRDNVPETQYF,MLYQHLLPL,A*03:01,0,0,0,3.363827e-34
CASSSRDNVPETQYF,CLGGLLTMV,A*24:02,0,0,0,2.212123e-23
CASSSRDNVPETQYF,ALSPVIPLI,B*08:01,0,0,0,7.0822544e-22
CASSSRDRSSSTEAFF,KMVTVCPNT,A*30:02,0,0,0,9.689256e-25
CASSSRDRSSSTEAFF,LLSIISFPA,A*01:01,0,0,0,1.4013725e-22
CASSSRDRSSSTEAFF,VMHANYIFW,B*35:01,0,0,0,1.3392628e-20
CASSSRDRVFEAFF,VLNYFKPYL,B*35:08,0,0,0,1.0772533e-20
CASSSRDRVFEAFF,EIQEFCPNT,A*01:01,0,0,0,1.9098375e-23
CASSSRDRVFEAFF,RPPIFIRRL,B*07:02,0,0,0,1.1172887e-22
CASSSRDRVFEAFF,TRLALIAPK,A*24:02,0,0,0,2.6400622e-22
CASSSRDRVFEAFF,LLAGTLAGV,B*57:01,0,0,0,1.091112e-28
CASSSRDRVFEAFF,NLNCCSVPV,B*15:01,0,0,0,3.090588e-29
CASSSRIEGTEAFF,LLFALHFSA,A*30:02,0,0,0,1.7379873e-28
CASSSRIEGTEAFF,QYDPVAALF,B*15:01,0,0,0,3.7087228e-31
CASSSRIEGTEAFF,ALYGFVPVL,B*15:01,0,0,0,3.435313e-30
CASSSRIEGTEAFF,VLNYFKPYL,B*27:05,0,0,0,6.0363506e-27
CASSSRLAGGGETQYF,FLYNPLTRV,B*27:05,0,0,0,1.4314427e-26
CASSSRLAGGGETQYF,IPSINVHHY,B*07:02,0,0,0,9.188901e-27
CASSSRLAGGGETQYF,LLFGYPVYV,B*35:01,0,0,0,9.458407e-27
CASSSRLAGGGETQYF,SLAPLSPRA,B*35:08,0,0,0,1.1127231e-25
CASSSRLAGGGETQYF,VMHANYIFW,A*03:01,0,0,0,1.3635079e-26
CASSSRLSSGYTF,LMFWASSSI,A*30:02,0,0,0,4.3343573e-27
CASSSRLSSGYTF,ITDQVPFSV,A*11:01,0,0,0,5.0208455e-29
CASSSRLSSGYTF,YVLTWIVGA,A*30:02,0,0,0,8.282192e-25
CASSSRLSSGYTF,VVLSWAPPV,A*01:01,0,0,0,1.4227921e-26
CASSSRLSSGYTF,QYIKWPWYI,B*35:08,0,0,0,9.946046e-25
CASSSRLSSGYTF,ILNAMIAKI,A*11:01,0,0,0,1.2544408e-27
CASSSRLSSGYTF,NYNYLYRLF,B*08:01,0,0,0,1.431803e-26
CASSSRLSSGYTF,TSTLQEQIGW,A*03:01,0,0,0,1.178356e-29
CASSSRLSSGYTF,TRLALIAPK,A*30:02,0,0,0,2.94797e-28
CASSSRQGAGDTQYF,LLSIIFFPA,B*57:01,0,0,0,6.0737e-27
CASSSRSGQPQHF,LLFALYFSA,A*01:01,0,0,0,1.2774702e-28
CASSSRSGQPQHF,ITDQVPFSV,A*11:01,0,0,0,2.103701e-30
CASSSRSGQPQHF,MMPFSIVYI,B*27:05,0,0,0,2.0244557e-27
CASSSRSGQPQHF,LRVMMLAPF,B*37:01,0,0,0,1.3310224e-27
CASSSRSGQPQHF,FMLYLLTLM,B*27:09,0,0,0,3.733129e-20
CASSSRSGQPQHF,KLNTITPVV,A*24:02,0,0,0,1.3297019e-21
CASSSRSGQPQHF,SLLMPILTL,A*01:01,0,0,0,5.8946704e-21
CASSSRSGQPQHF,IMDQVPFSV,A*03:01,0,0,0,4.5567465e-23
CASSSRSGQPQHF,VLNYFKPYL,B*35:01,0,0,0,6.988628e-19
CASSSRSSYEQYFGF,FLYNLLTRV,A*11:01,0,0,0,8.203373e-23
CASSSRSSYEQYFGF,NLVPMVATV,A*30:02,0,0,0,3.802151e-31
CASSSRSSYEQYFGF,AEMEFCPCC,B*08:01,0,0,0,1.4470996e-28
CASSSRSSYEQYFGF,VVLSWAPPV,B*37:01,0,0,0,2.3201637e-28
CASSSRSSYEQYFGF,MLNIPSINV,B*08:01,0,0,0,3.199367e-29
CASSSRSSYEQYFGF,KLSALGINAV,A*11:01,0,0,0,1.0099675e-30
CASSSRTSGRSADTQYF,KMVAVFYTT,A*02:01,0,0,0,1.528277e-30
CASSSRTSGRSADTQYF,KLVALGINAV,A*11:01,0,0,0,2.3773578e-30
CASSSRTSGRSADTQYF,TSTLQEQIGW,A*02:01,0,0,0,1.7939332e-32
CASSSRTSGRSADTQYF,ALYGSVPVL,B*57:01,0,0,0,1.2276444e-15
CASSSRTSGRSADTQYF,VLFGLGFAI,B*27:05,0,0,0,1.3229112e-15
CASSSSGGLDTQYF,ILNAMIAKI,B*57:01,0,0,0,7.278996e-15
CASSSSGGLDTQYF,HTMLCMCCK,A*01:01,0,0,0,3.1020786e-15
CASSSSGGLDTQYF,NMINFAPNI,B*27:05,0,0,0,2.5077929e-15
CASSSSGGLDTQYF,FTSDYYQLY,B*27:09,0,0,0,9.9961534e-30
CASSSSGTGAYEQYF,FLYNLLTRV,B*51:01,0,0,0,2.6829697e-28
CASSSSGTGAYEQYF,TSTLQEQIGW,B*08:01,0,0,0,7.9493534e-28
CASSSSGTGAYEQYF,NLVPMVATV,B*37:01,0,0,0,4.546615e-27
CASSSSGTGAYEQYF,FTSDYYQLY,B*35:08,0,0,0,1.5249059e-29
CASSSSGTGAYEQYF,SVYGDTLEK,B*57:01,0,0,0,8.745849e-30
CASSSSGTGAYEQYF,VLNYFKPYL,B*27:09,0,0,0,1.5631099e-24
CASSSSGTGAYEQYF,KLNTITPVV,B*27:05,0,0,0,4.112512e-26
CASSSSGTGAYEQYF,ILTGLNYEA,A*02:01,0,0,0,4.0425628e-27
CASSSSGTGAYEQYF,FEDLRLLSF,A*03:01,0,0,0,2.4179587e-29
CASSSSGTGAYEQYF,SLLMWITQC,B*35:08,0,0,0,1.7286143e-25
CASSSSGTGGYGYTF,KTFPPTEPK,B*15:01,0,0,0,3.023505e-26
CASSSSGTGGYGYTF,ALYGSVPVL,B*27:05,0,0,0,1.6217982e-23
CASSSSGTGGYGYTF,RLVPYLEFL,B*07:02,0,0,0,1.6861525e-23
CASSSSGTGGYGYTF,RLGPYLEFL,A*11:01,0,0,0,1.02289326e-25
CASSSSGYEQYF,NYNYLYRLF,B*27:05,0,0,0,6.023321e-23
CASSSSGYEQYF,GKTELLAPF,A*02:01,0,0,0,1.2423941e-24
CASSSSGYEQYF,SLLWMNPFV,B*35:08,0,0,0,2.9835633e-12
CASSSSGYEQYF,GQVMVVAPR,B*35:08,0,0,0,4.2917362e-12
CASSSSGYEQYF,RFPLTFGWCF,A*03:01,0,0,0,5.329009e-13
CASSSSGYEQYF,ALSKGVHFV,B*51:01,0,0,0,1.3679615e-12
CASSSSGYEQYF,LLAGTLAGV,A*68:01,0,0,0,3.0192548e-13
CASSSSGYEQYF,SLLMPILTL,B*15:01,0,0,0,2.5974058e-12
CASSSSSGGAFNEQFF,MMPFSIVYI,B*08:01,0,0,0,4.8116073e-12
CASSSSSGGAFNEQFF,AVGSYVYSV,B*27:05,0,0,0,4.5790242e-12
CASSSSSGGAFNEQFF,RPRGEVRFL,B*27:05,0,0,0,3.8843143e-12
CASSSTGREAFF,RPPIFIRRL,A*01:01,0,0,0,8.095727e-13
CASSSTGREAFF,MLNIPSINV,B*37:01,0,0,0,4.047856e-12
CASSSTGREAFF,KTFPPTEPK,A*30:02,0,0,0,4.7071287e-26
CASSSTGTRGSYEQYF,LIIPFIHLI,B*27:09,0,0,0,7.6059505e-22
CASSSTGTRGSYEQYF,FEDLRLLSF,B*08:01,0,0,0,4.5964994e-23
CASSSTGTRGSYEQYF,LLAMTVPNV,B*27:09,0,0,0,8.4642276e-23
CASSSTGTRGSYEQYF,RPPIFIRRL,B*51:01,0,0,0,1.9452041e-23
CASSSTNGYTF,ILNVDIFTL,A*68:01,0,0,0,1.3867583e-23
CASSSTNGYTF,KLLEIAPNC,B*51:01,0,0,0,2.4192496e-22
CASSSTNGYTF,FLTVFSHFM,A*01:01,0,0,0,5.7872925e-23
CASSSTSGRARDTQYF,FTSDYYQLY,B*07:02,0,0,0,1.771419e-23
CASSSTSGRARDTQYF,YLQPRTFLL,B*27:05,0,0,0,5.7092026e-14
CASSSTSGRARDTQYF,SLAPLSPRV,B*35:01,0,0,0,2.7933027e-13
CASSSTSGRARDTQYF,NDMLVCANI,A*68:01,0,0,0,2.4463756e-15
CASSSTSGRARDTQYF,GQMWLLAPR,B*35:08,0,0,0,4.3535918e-14
CASSSTSGRETQYF,ALSPVIPHI,B*08:01,0,0,0,2.0328746e-13
CASSSTSGRETQYF,LMFWASSSI,B*51:01,0,0,0,8.161646e-14
CASSSTSGRETQYF,NLNCCSVPV,B*57:01,0,0,0,2.0956933e-13
CASSSTSGRETQYF,KMVAVFYNT,B*57:01,0,0,0,1.703819e-13
CASSSVGVDTQYF,MLNIPSINV,B*35:01,0,0,0,1.6442133e-13
CASSSVGVDTQYF,GCQEICPAC,B*08:01,0,0,0,1.7249097e-13
CASSSVGVDTQYF,RLPGVLPRA,A*68:01,0,0,0,3.6263378e-15
CASSSVGVDTQYF,KMVAVFYNT,B*27:05,0,0,0,1.6110403e-13
CASSSVGVDTQYF,FLYNPLTRV,B*57:01,0,0,0,9.756499e-14
CASSSVGVDTQYF,GQMWLLAPR,A*11:01,0,0,0,2.7394148e-14
CASSSVGVDTQYF,SLLMPILTL,B*38:01,0,0,0,1.1872594e-12
CASSSVTGTGNYGYTFGF,TSTLQEQIGW,A*30:02,0,0,0,1.8148792e-13
CASSSVTGTGNYGYTFGF,RYRIGNYKL,B*57:01,0,0,0,2.4798284e-12
CASSSVTGTGNYGYTFGF,RTMEVCYNT,B*35:08,0,0,0,2.0773043e-12
CASSSVTGTGNYGYTFGF,YVLTWIVGA,B*35:01,0,0,0,8.842826e-13
CASSSVTGTGNYGYTFGF,CTELKLSDY,B*27:05,0,0,0,1.4608101e-13
CASSSVTGTGNYGYTFGF,KMVAVFYNT,A*24:02,0,0,0,2.0337034e-14
CASSSWTGWYEQYF,LLSIIFFPA,A*24:02,0,0,0,6.053952e-14
CASSSWTGWYEQYF,VLNYFEPYL,B*57:01,0,0,0,2.4943527e-13
CASSSWTGWYEQYF,NLVPMVATV,B*38:01,0,0,0,3.934733e-14
CASSSWTGWYEQYF,LLAGTLAGV,A*68:01,0,0,0,2.4906673e-25
CASSSYPGLAPVQETQYF,FTSDYYQLY,A*02:01,0,0,0,2.472105e-25
CASSSYPGLAPVQETQYF,FLRGRAYGL,A*30:02,0,0,0,9.70839e-24
CASSSYPGLAPVQETQYF,QKRPIPIKYKAM,B*35:08,0,0,0,2.1250189e-22
CASSSYPGLAPVQETQYF,KVKEVCPNV,B*35:01,0,0,0,1.7101528e-23
CASSSYPGLAPVQETQYF,GQMWLLAPR,B*27:09,0,0,0,1.5251833e-24
CASSSYTQRGLDYTGELFF,RPIPIKYKAM,B*27:09,0,0,0,3.685636e-23
CASSSYTQRGLDYTGELFF,EIQEFCPNT,B*35:08,0,0,0,5.386515e-23
CASSSYTQRGLDYTGELFF,LLWNGPMAV,A*01:01,0,0,0,2.6456666e-23
CASSSYTQRGLDYTGELFF,IMDQVPFSV,A*30:02,0,0,0,5.1565984e-24
CASSSYTQRGLDYTGELFF,CFVECAPVC,B*38:01,0,0,0,1.8081151e-23
CASSTALAASYEQYF,LLSIISFPA,B*27:05,0,0,0,4.7777802e-23
CASSTALAASYEQYF,LRVMMLAPF,B*35:08,0,0,0,3.503961e-24
CASSTALAASYEQYF,QYDPVAALF,A*30:02,0,0,0,4.101925e-24
CASSTALAASYEQYF,RLPGVLPRA,A*68:01,0,0,0,2.2096676e-24
CASSTALAASYEQYF,KMVAVFYNT,B*27:09,0,0,0,2.642867e-12
CASSTALAASYEQYF,VLNYFKPYL,A*11:01,0,0,0,1.6601977e-12
CASSTALAASYEQYF,LLSIIFFPA,B*27:09,0,0,0,3.8570874e-12
CASSTGATGSNNEQF,LLAGTLAVV,B*51:01,0,0,0,2.9052193e-12
CASSTGATGSNNEQF,GKTELLAPF,A*24:02,0,0,0,8.0364946e-13
CASSTGATGSNNEQF,NMINFAPNI,B*27:05,0,0,0,3.4382154e-12
CASSTGATGSNNEQF,MLNIPSINV,A*68:01,0,0,0,2.3662738e-38
CASSTGATGSNNEQF,KTWGQYWQV,B*51:01,0,0,0,4.604105e-35
CASSTGGTSGGRNTGELFF,GCQEICPAC,B*38:01,0,0,0,1.0332133e-36
CASSTGGTSGGRNTGELFF,FTSDYYQLY,A*02:01,0,0,0,5.213926e-22
CASSTGGTSGGRNTGELFF,VVMSWAPPV,B*08:01,0,0,0,2.5312102e-19
CASSTGGTSGGRNTGELFF,ITDQVPFSV,A*30:02,0,0,0,2.4090643e-22
CASSTGGTSGGRNTGELFF,SVYGDTLEK,B*57:01,0,0,0,1.0464817e-21
CASSTGGTSGGRNTGELFF,CFVECAPVC,A*11:01,0,0,0,6.9946986e-22
CASSTGGTSGGRNTGELFF,EAAGIGILTV,B*27:09,0,0,0,7.767483e-22
CASSTGISYEQYF,ALSPVIPHI,A*01:01,0,0,0,1.1200235e-23
CASSTGISYEQYF,RQLLFVVEV,B*51:01,0,0,0,1.4084469e-22
CASSTGISYEQYF,VVLSWAPPV,A*02:01,0,0,0,3.8293568e-23
CASSTGPTGLYEQYF,NLFNRYPAL,B*07:02,0,0,0,9.880714e-22
CASSTGPTGLYEQYF,KRPIPIKYKAM,A*68:01,0,0,0,7.385954e-23
CASSTGPTGLYEQYF,RYPLTFGW,B*08:01,0,0,0,3.9495574e-23
CASSTGPTGLYEQYF,VLNYFKPYL,A*24:02,0,0,0,6.476619e-22
CASSTGTGGRFGKNIQYF,KRPIPIKYKAM,B*51:01,0,0,0,5.824084e-21
CASSTGTGGRFGKNIQYF,NMINFAPNI,B*35:08,0,0,0,1.6160001e-22
CASSTGTGGRFGKNIQYF,HPVGEADYFEY,B*27:09,0,0,0,1.0989099e-22
CASSTGTGGRFGKNIQYF,SLLMWITQA,B*08:01,0,0,0,1.1013921e-26
CASSTGTVSYEQYF,IPSINVHHY,A*24:02,0,0,0,2.2322745e-29
CASSTLIGSGNTIYF,KMVTVCPNT,B*38:01,0,0,0,5.4349386e-30
CASSTLIGSGNTIYF,KMVAVFYTT,B*35:01,0,0,0,8.364924e-28
CASSTLIGSGNTIYF,LLFALHFSA,B*37:01,0,0,0,8.323481e-28
CASSTLIGSGNTIYF,ILNVDVFTL,B*51:01,0,0,0,1.4863193e-27
CASSTLTGAETQYF,ILTGLNYEV,A*24:02,0,0,0,9.634404e-27
CASSTLTGAETQYF,CLGGLLTMV,B*57:01,0,0,0,9.6538656e-27
CASSTLTGAETQYF,LLAMTVPNV,B*38:01,0,0,0,1.4574323e-27
CASSTPGGHSYEQYF,GQMWLLAPR,B*27:05,0,0,0,1.0036129e-27
CASSTPGGHSYEQYF,FEDLRLLSF,A*11:01,0,0,0,4.4910186e-29
CASSTPGGHSYEQYF,VAANIVLTV,B*35:08,0,0,0,5.8744496e-27
CASSTPGGHSYEQYF,RQLLFVVEV,B*35:08,0,0,0,6.615462e-27
CASSTPGGHSYEQYF,ILNVDVFTL,B*51:01,0,0,0,3.2778052e-26
CASSTPGGHSYEQYF,MLNIPSINV,B*37:01,0,0,0,7.191598e-27
CASSTPGGHSYEQYF,VLNYFEPYL,A*01:01,0,0,0,4.7523046e-27
CASSTPGGHSYEQYF,GQFLTPNSH,B*57:01,0,0,0,8.3893115e-27
CASSTPGGHSYEQYF,SLLMWITQA,A*02:01,0,0,0,1.558601e-26
CASSTQGQPQHF,GQMWLLAPR,B*15:01,0,0,0,1.0540462e-28
CASSTQGQPQHF,CTELKLSDY,A*11:01,0,0,0,2.3840705e-29
CASSTQGQPQHF,EIQEFCPNT,A*03:01,0,0,0,1.07124e-40
CASSTRAGTEQF,GCQEICPAC,B*27:05,0,0,0,1.801968e-36
CASSTRAGTEQF,ALSPVIPHI,B*38:01,0,0,0,1.1024625e-36
CASSTRAGTEQF,VMPFSIVYIV,B*57:01,0,0,0,1.6857499e-35
CASSTRAGTEQF,TTDPSFLGRY,B*35:01,0,0,0,2.0417e-41
CASSTRGAYEQYF,CLGGLLTMV,B*51:01,0,0,0,5.2704176e-37
CASSTRGAYEQYF,FEDLRVLSF,B*15:01,0,0,0,2.47195e-40
CASSTRGAYEQYF,CTELKLNDY,B*27:09,0,0,0,6.354304e-38
CASSTRGAYEQYF,KTWGQYWQV,B*27:09,0,0,0,1.5059169e-28
CASSTRGAYEQYF,CFLLILPNC,B*27:05,0,0,0,7.0354564e-29
CASSTRGAYEQYF,KVKEVCPNV,B*07:02,0,0,0,1.1994262e-29
CASSTRGAYEQYF,YHSIEWAI,A*68:01,0,0,0,2.3143626e-30
CASSTRGAYEQYF,TRLALIAPK,A*01:01,0,0,0,5.695636e-30
CASSTRGAYEQYF,CFVECAPVC,B*35:01,0,0,0,6.235495e-29
CASSTRGAYEQYF,FEDLRVSSF,B*07:02,0,0,0,1.5390652e-30
CASSTRGAYEQYF,VLFGLGFAI,B*27:05,0,0,0,6.886419e-13
CASSTRGAYEQYF,MTLHGFMMY,B*57:01,0,0,0,7.5717096e-13
CASSTRGAYEQYF,SVYGDTLEK,A*01:01,0,0,0,1.1542653e-13
CASSTRGAYEQYF,ALSPVIPLI,B*08:01,0,0,0,5.232919e-13
CASSTRGAYEQYF,GQFLTPNSH,B*35:01,0,0,0,4.277351e-13
CASSTRGAYEQYF,LLFGMTPCL,B*08:01,0,0,0,4.2630084e-13
CASSTRLARNNEQFF,RLGPYLEFL,B*37:01,0,0,0,5.3566055e-13
CASSTRLARNNEQFF,RTMEVCYNT,B*15:01,0,0,0,2.5177729e-29
CASSTRLARNNEQFF,GQFLTPNSH,A*01:01,0,0,0,4.3573443e-30
CASSTRLARNNEQFF,RLQSLQTYV,A*01:01,0,0,0,1.8953886e-29
CASSTRLARNNEQFF,GKTELLAPF,B*27:05,0,0,0,9.151216e-29
CASSTRLARNNEQFF,TRLALIAPK,B*38:01,0,0,0,4.171106e-29
CASSTRSGQPQHF,VVLSWAPPV,B*15:01,0,0,0,2.716606e-35
CASSTRSGQPQHF,GILGFVFTL,A*30:02,0,0,0,2.290673e-38
CASSTRSGQPQHF,KMVAVFYTT,A*11:01,0,0,0,2.0970923e-36
CASSTRSGQPQHF,HTMLCMCCK,A*03:01,0,0,0,5.5870936e-37
CASSTRSGQPQHF,KTFPPTEPK,B*27:09,0,0,0,5.06729e-40
CASSTRSGQPQHF,ILNVDVFTL,A*03:01,0,0,0,1.2894656e-35
CASSTSSTGAYGYTF,SPRWYFYYL,B*08:01,0,0,0,3.9672396e-38
CASSTSSTGAYGYTF,GCQEICPAC,A*68:01,0,0,0,1.9383164e-37
CASSTSSTGAYGYTF,GQVMVVAPR,B*35:01,0,0,0,3.2854246e-36
CASSTSSTGAYGYTF,VYGIRLEHF,B*57:01,0,0,0,3.0444272e-28
CASSTSSTGAYGYTF,VSDGGPNLY,B*27:09,0,0,0,2.1110679e-27
CASSTSSTGAYGYTF,CTELKLSDY,A*03:01,0,0,0,3.1266948e-30
CASSTTEAYEQYF,NYNYLYRLF,A*68:01,0,0,0,1.2450668e-29
CASSTTEAYEQYF,QSRGDENRGW,B*27:09,0,0,0,2.4842503e-27
CASSTTEAYEQYF,GQVMVVAPR,B*35:01,0,0,0,2.418525e-26
CASSTTEAYEQYF,RLPGVLPRA,B*37:01,0,0,0,6.405664e-28
CASSTTEAYEQYF,VLNYFEPYL,A*01:01,0,0,0,1.9317713e-27
CASSTTGGGNYEQYF,FLTVFSHFM,A*11:01,0,0,0,2.3449431e-29
CASSTTGGGNYEQYF,ILTGLNYEV,A*30:02,0,0,0,1.3746514e-28
CASSTTGGGNYEQYF,FEDLRVLSF,B*27:09,0,0,0,5.644873e-29
CASSTTGGGNYEQYF,ILNVDIFTL,A*68:01,0,0,0,1.0069107e-27
CASSTTGGGNYEQYF,ILNAMITKI,A*30:02,0,0,0,4.188627e-30
CASSTTGGGNYEQYF,LLFGMPPCL,B*07:02,0,0,0,3.60546e-40
CASSTTGGGNYEQYF,LVLEVDPNI,B*27:09,0,0,0,4.915301e-39
CASSTTGTGLLEQYF,DATYQRTRALVR,B*08:01,0,0,0,8.91544e-40
CASSTTGTGLLEQYF,LLFGMPPCL,B*37:01,0,0,0,1.010221e-39
CASSTTGTGLLEQYF,YVLTWIVGA,B*15:01,0,0,0,1.5267974e-37
CASSTTGTGLLEQYF,LRVMMLAPF,A*02:01,0,0,0,5.8e-43
CASSTTGTGLLEQYF,NDMLVCANI,B*51:01,0,0,0,2.26135e-40
CASSTYPAFEQYF,QSRGDENRGW,B*27:09,0,0,0,5.541368e-39
CASSTYPAFEQYF,KLNTITPVV,B*51:01,0,0,0,9.746944e-39
CASSTYPAFEQYF,ITDQVPFSV,A*24:02,0,0,0,1.101e-41
CASSTYPAFEQYF,NLVPMVATV,B*15:01,0,0,0,6.6246e-41
CASSTYPAFEQYF,FLTVFSHFM,B*27:05,0,0,0,9.7890033e-26
CASSTYPAFEQYF,AVGSYVYSV,A*24:02,0,0,0,1.5035191e-26
CASSVAAGASYGYTF,KLVALGINAV,B*08:01,0,0,0,1.9551941e-24
CASSVAAGASYGYTF,LMFWASSSI,A*01:01,0,0,0,9.6230176e-27
CASSVAAGASYGYTF,ALSKGVHFV,A*11:01,0,0,0,3.3735413e-27
CASSVAAGASYGYTF,FEDLRLLSF,B*35:08,0,0,0,2.4103095e-26
CASSVAAGASYGYTF,GQVMVVAPR,A*03:01,0,0,0,4.0532482e-27
CASSVAAGGAYEQYF,YHSIEWAI,A*02:01,0,0,0,2.3008372e-26
CASSVAAGGAYEQYF,RLPGVLPRA,B*27:05,0,0,0,1.8401134e-26
CASSVAAGGAYEQYF,GKTELLAPF,A*30:02,0,0,0,4.736143e-27
CASSVAAGGAYEQYF,KMVTVCPNT,B*57:01,0,0,0,8.814492e-34
CASSVAAGGAYEQYF,KMVAVFYNT,A*68:01,0,0,0,4.7653448e-32
CASSVAAGGAYEQYF,ILTGLNYEV,A*02:01,0,0,0,8.264901e-24
CASSVAAGGAYEQYF,LLFGMTPCL,A*68:01,0,0,0,2.1059372e-26
CASSVAAGGAYEQYF,HTMLCMCCK,B*51:01,0,0,0,1.0797171e-21
CASSVAAGGAYEQYF,MMPFSIVYI,B*08:01,0,0,0,4.6734085e-16
CASSVAEEQF,RLGPYLEFL,B*35:01,0,0,0,4.2118899e-16
CASSVAEEQF,ALYGFVPVL,B*35:01,0,0,0,3.6271245e-16
CASSVAGGLYEQYF,RLQSLQTYV,A*68:01,0,0,0,2.849482e-17
CASSVAGGLYEQYF,QYDPVAALF,B*35:08,0,0,0,1.1103875e-16
CASSVAGGLYEQYF,KLSALGINAV,B*35:08,0,0,0,3.8363325e-15
CASSVAGGLYEQYF,EAAGIGILTV,B*35:01,0,0,0,1.3107199e-15
CASSVASGGYTDTQYF,LLWNGPMAV,B*15:01,0,0,0,1.2521441e-15
CASSVASGGYTDTQYF,NLFNRYPAL,B*38:01,0,0,0,1.4425863e-27
CASSVASGGYTDTQYF,RLPGVLPRA,A*30:02,0,0,0,4.733607e-30
CASSVASGGYTDTQYF,KLWASPLHV,A*02:01,0,0,0,1.5041846e-26
CASSVASGGYTDTQYF,IVCPICSQK,B*07:02,0,0,0,1.653688e-26
CASSVATYSTDTQYF,HTMLCMCCK,B*38:01,0,0,0,2.8539166e-27
CASSVATYSTDTQYF,GILGFVFTL,A*03:01,0,0,0,4.4477814e-29
CASSVDFGRTYNEQFF,FEDLRVLSF,B*15:01,0,0,0,2.3333075e-29
CASSVDFGRTYNEQFF,RPRGEVRFL,B*57:01,0,0,0,7.0993044e-27
CASSVDFGRTYNEQFF,RPRGEVRFL,B*27:09,0,0,0,8.389866e-17
CASSVDFGRTYNEQFF,LIIPFIHLI,B*37:01,0,0,0,3.6369237e-14
CASSVDGGGGGYNEQF,RFPLTFGWCF,A*02:01,0,0,0,5.4106416e-19
CASSVDGGGGGYNEQF,SLLMWITQC,B*15:01,0,0,0,3.1622726e-15
CASSVDGGGGGYNEQF,RTMEVCYNT,B*57:01,0,0,0,5.3945513e-17
CASSVDGGGGGYNEQF,YHSIEWAI,B*08:01,0,0,0,2.7508172e-15
CASSVDGGSQPQHF,TSTLQEQIGW,A*03:01,0,0,0,1.5804298e-19
CASSVDGGSQPQHF,LLAMTVPNV,A*11:01,0,0,0,1.7003531e-19
CASSVDGGSQPQHF,TTDPSFLGRY,B*27:05,0,0,0,1.1602917e-20
CASSVDGGSQPQHF,ALSPVIPHI,B*15:01,0,0,0,7.0501993e-16
CASSVDPGQSYEQYF,RYPLTFGW,B*51:01,0,0,0,2.5025717e-25
CASSVDPGQSYEQYF,CTELKLNDY,A*11:01,0,0,0,1.95888e-26
CASSVDPGQSYEQYF,LMFWASSSI,B*27:09,0,0,0,1.5956247e-24
CASSVDPGQSYEQYF,FTSDYYQLY,B*07:02,0,0,0,1.8244368e-25
CASSVDPGQSYEQYF,SLLMWITQC,A*11:01,0,0,0,7.220744e-25
CASSVDPGQSYEQYF,VYGIRLEHF,A*68:01,0,0,0,1.6500208e-26
CASSVDPGQSYEQYF,YVLDHLIVV,A*02:01,0,0,0,1.9770191e-24
CASSVDPGQSYEQYF,ALYGFVPVL,A*01:01,0,0,0,1.313111e-24
CASSVDPGQSYEQYF,TAFTIPSI,B*27:09,0,0,0,2.9169574e-23
CASSVDPGQSYEQYF,RQLLFVVEV,B*37:01,0,0,0,9.8772375e-24
CASSVDRVADTQYF,YVLDHLIVV,B*57:01,0,0,0,2.0385251e-23
CASSVDRVADTQYF,FLRGRAYGL,B*08:01,0,0,0,4.8107543e-23
CASSVDRVADTQYF,TAFTIPSI,A*24:02,0,0,0,1.1903723e-24
CASSVDRVADTQYF,MLNIPSINV,B*15:01,0,0,0,1.815267e-24
CASSVDRVADTQYF,CFLLILPNC,B*08:01,0,0,0,5.4636235e-23
CASSVDWGSGDEQYF,LLFGMTPCL,B*37:01,0,0,0,1.8000768e-23
CASSVDWGSGDEQYF,LIIPFIHLI,B*27:09,0,0,0,3.5868097e-31
CASSVDWGSGDEQYF,LLSIISFPA,A*11:01,0,0,0,3.1539258e-36
CASSVDWGSGDEQYF,KLSALGINAV,A*01:01,0,0,0,1.84821e-34
CASSVDWGSGDEQYF,YHSIEWAI,B*27:05,0,0,0,3.7808157e-32
CASSVDWGSGDEQYF,MTLHGFMMY,B*38:01,0,0,0,2.36376e-35
CASSVDWGSGDEQYF,GQFLTPNSH,A*03:01,0,0,0,3.2035656e-38
CASSVEGAHPIQETQYF,VVMSWAPPV,B*08:01,0,0,0,1.170872e-31
CASSVEGAHPIQETQYF,LLFGYPVYV,A*24:02,0,0,0,1.9264938e-28
CASSVEGAHPIQETQYF,ILNAMIAKI,B*35:01,0,0,0,1.3397865e-24
CASSVEGAHPIQETQYF,RLGPYLEFL,B*15:01,0,0,0,5.661913e-28
CASSVEGAHPIQETQYF,LLAGTLAGV,A*24:02,0,0,0,3.8831886e-27
CASSVEGAHPIQETQYF,ILNAMITKI,A*03:01,0,0,0,1.12699e-27
CASSVEGAHPIQETQYF,TAFTIPSI,B*37:01,0,0,0,6.6031646e-25
CASSVEGSGETQYF,ILNAMITKI,A*02:01,0,0,0,3.2746537e-27
CASSVEGSGETQYF,MTLHGFMMY,B*38:01,0,0,0,1.2509674e-26
CASSVEGSGETQYF,SPRWYFYYL,B*35:01,0,0,0,1.3530545e-22
CASSVEGSGETQYF,LLSIISFPA,B*15:01,0,0,0,6.211041e-22
CASSVEGSGETQYF,NMINFAPNI,B*38:01,0,0,0,9.113063e-23
CASSVEGSGETQYF,KVKEVCPNV,B*27:09,0,0,0,2.599013e-22
CASSVEGSGETQYF,GKTELLAPF,B*35:01,0,0,0,3.8092387e-22
CASSVEGSGETQYF,SLLMWITQC,B*35:08,0,0,0,3.5748892e-21
CASSVEGSGETQYF,RLPGVLPRA,A*03:01,0,0,0,8.1278983e-23
CASSVEGSGETQYF,ILNVDIFTL,A*02:01,0,0,0,4.1020853e-22
CASSVEGSSYNEQFF,RLPGVLPRA,B*27:05,0,0,0,2.796867e-22
CASSVEGSSYNEQFF,VYFLQSINF,B*27:05,0,0,0,3.8381024e-23
CASSVEGSSYNEQFF,IMDQVPFSV,A*11:01,0,0,0,4.180222e-08
CASSVEGSTEAFF,GQVMVVAPR,B*38:01,0,0,0,1.0815281e-07
CASSVEGSTEAFF,RFPLTFGWCF,B*37:01,0,0,0,1.3511278e-07
CASSVEGSTEAFF,ALYGSVPVL,A*24:02,0,0,0,4.0858257e-08
CASSVEGSTEAFF,YLEPGPVTA,A*11:01,0,0,0,8.866272e-08
CASSVEGSTEAFF,KLNTITPVV,B*57:01,0,0,0,1.854243e-07
CASSVEGSTEAFF,CFLLILPNC,B*37:01,0,0,0,2.1528577e-07
CASSVEGSTEAFF,YLQPRTFLL,B*37:01,0,0,0,1.6643234e-07
CASSVEGSTEAFF,KMVAVFYNT,B*08:01,0,0,0,1.9190576e-08
CASSVEGSTEAFF,ILTGLNYEV,B*27:05,0,0,0,1.7311235e-08
CASSVEGSTEAFF,SLLMWITQC,B*38:01,0,0,0,1.7936541e-08
CASSVEGSTEAFF,YLQPRTFLL,A*11:01,0,0,0,5.1412776e-09
CASSVESSGSPYQFF,KTWGQYWQV,A*03:01,0,0,0,5.5231024e-09
CASSVESSGSPYQFF,LPRWYFYYL,B*08:01,0,0,0,1.2938292e-08
CASSVESSGSPYQFF,RLPGVLPRA,A*03:01,0,0,0,6.1707928e-09
CASSVESSGSPYQFF,FMLYLLTLM,B*38:01,0,0,0,8.429438e-13
CASSVESSGSPYQFF,LIIPFIHLI,A*01:01,0,0,0,4.9375234e-13
CASSVESSGSPYQFF,FLYNPLTRV,B*27:09,0,0,0,3.7175243e-13
CASSVETGGLDTQYF,GILGFVFTL,B*51:01,0,0,0,2.238177e-12
CASSVETGGLDTQYF,FTSDYYQLY,B*27:05,0,0,0,8.755557e-16
CASSVETGGLDTQYF,ITDQVPFSV,A*02:01,0,0,0,3.0009758e-16
CASSVETGGLDTQYF,NDMLVCANI,B*51:01,0,0,0,4.919038e-15
CASSVETGGLDTQYF,LLFGYPVYV,B*27:09,0,0,0,7.2181056e-16
CASSVETTDYGYTF,ILNAMITKI,B*51:01,0,0,0,2.2817606e-15
CASSVETTDYGYTF,KVKEVCPNV,B*27:09,0,0,0,9.24937e-16
CASSVETTDYGYTF,THLMVLCCV,B*51:01,0,0,0,2.421936e-15
CASSVETTDYGYTF,FLTVFSHFM,A*11:01,0,0,0,3.2130495e-16
CASSVETTDYGYTF,LIIPFIHLI,B*15:01,0,0,0,7.401642e-14
CASSVGAGPSYEQYF,KLWASPLHV,B*57:01,0,0,0,2.8721543e-13
CASSVGAGPSYEQYF,RPRGEVRFL,A*24:02,0,0,0,9.912084e-15
CASSVGAGPSYEQYF,RYPLTFGWCF,B*51:01,0,0,0,1.9247787e-13
CASSVGAGPSYEQYF,YLEPGPVTA,B*57:01,0,0,0,3.1071743e-13
CASSVGAGPSYEQYF,RYPLTFGWCF,B*35:08,0,0,0,3.806618e-25
CASSVGAGPTYEQYF,LLFALHFSA,B*08:01,0,0,0,1.2865299e-24
CASSVGAGPTYEQYF,KLLEIAPNC,B*08:01,0,0,0,2.60433e-24
CASSVGAGPTYEQYF,VYFLQSINF,B*37:01,0,0,0,1.7004843e-25
CASSVGAGPTYEQYF,GMGPLLATV,B*27:09,0,0,0,1.6464692e-25
CASSVGAGPTYEQYF,THLMVLCCV,A*68:01,0,0,0,1.776722e-26
CASSVGAGPTYEQYF,IMDQVPFSV,B*35:01,0,0,0,1.5580134e-25
CASSVGAGPTYEQYF,LLAGTLAVV,B*35:08,0,0,0,1.467666e-25
CASSVGATGAYEQYF,RTMEVCYNT,A*24:02,0,0,0,5.5442153e-19
CASSVGATGAYEQYF,MLNIPSINV,B*27:09,0,0,0,2.2370448e-17
CASSVGATGAYEQYF,ALSKGVHFV,A*30:02,0,0,0,1.183869e-17
CASSVGATGAYEQYF,KLNTITPVV,A*68:01,0,0,0,4.0346295e-19
CASSVGATGAYEQYF,GCQEICPAC,B*35:01,0,0,0,1.1451713e-17
CASSVGDFNYGYTF,KLSALGINAV,A*02:01,0,0,0,2.815993e-18
CASSVGDFNYGYTF,TRLALIAPK,A*30:02,0,0,0,7.896864e-18
CASSVGDFNYGYTF,KVKEVCPNV,A*11:01,0,0,0,7.349464e-18
CASSVGDFNYGYTF,KVKEVCPNV,B*37:01,0,0,0,6.473869e-17
CASSVGDFNYGYTF,VLFHRAFLV,A*24:02,0,0,0,9.534774e-19
CASSVGDFNYGYTF,CTELKLSDY,B*37:01,0,0,0,9.1274954e-17
CASSVGDFNYGYTF,RPRGEVRFL,B*35:01,0,0,0,4.5731994e-17
CASSVGDFNYGYTF,LLFGMPPCL,A*01:01,0,0,0,6.8962854e-18
CASSVGDFNYGYTF,VMHANYIFW,B*35:01,0,0,0,3.641541e-17
CASSVGEGTEAFF,QYIKWPWYI,B*27:09,0,0,0,3.4233654e-17
CASSVGEGTEAFF,GQFLTPNSH,A*11:01,0,0,0,7.63644e-24
CASSVGEGTEAFF,ALYGFVPVL,A*24:02,0,0,0,8.539004e-25
CASSVGEGTEAFF,SPRWYFYYL,A*30:02,0,0,0,7.28802e-24
CASSVGEGTEAFF,NLFNRYPAL,B*35:01,0,0,0,2.7679002e-23
CASSVGEGTEAFF,VLFHRAFLV,B*08:01,0,0,0,1.7210952e-23
CASSVGEGTEAFF,ILTGLNYEA,A*01:01,0,0,0,6.584831e-24
CASSVGETQYF,QYIKWPWYI,A*68:01,0,0,0,1.2743286e-24
CASSVGETQYF,AEMEFCPCC,A*02:01,0,0,0,5.5117475e-24
CASSVGETQYF,RLPGVLPRA,A*24:02,0,0,0,2.7746329e-24
CASSVGETQYF,ALSKGVHFV,B*15:01,0,0,0,2.5638571e-23
CASSVGETQYF,GQVMVVAPR,B*27:05,0,0,0,8.842422e-24
CASSVGETQYF,QSRGDENRGW,B*35:08,0,0,0,3.169784e-23
CASSVGETQYF,VVMSWAPPV,B*37:01,0,0,0,3.7321833e-23
CASSVGETQYF,LLFALHFSA,A*30:02,0,0,0,1.4873717e-23
CASSVGETQYF,RLGPYLEFL,B*37:01,0,0,0,2.5837874e-16
CASSVGETQYF,KLWASPLHV,B*35:08,0,0,0,1.9914334e-14
CASSVGETQYF,LVLEVDPNI,A*68:01,0,0,0,2.0670358e-16
CASSVGETQYF,CTELKLNDY,B*35:01,0,0,0,8.100128e-17
CASSVGETQYF,VAANIVLTV,B*38:01,0,0,0,7.4526856e-17
CASSVGETQYF,VYGIRLEHF,B*35:08,0,0,0,3.1387613e-17
CASSVGGAFYNEQFF,KMVAVFYTT,B*37:01,0,0,0,6.771248e-15
CASSVGGAFYNEQFF,YVLDHLIVV,A*02:01,0,0,0,2.0551334e-15
CASSVGGAFYNEQFF,VLFHRAFLV,A*03:01,0,0,0,6.815503e-17
CASSVGGAFYNEQFF,ALYGSVPVL,A*24:02,0,0,0,6.266733e-14
CASSVGGAFYNEQFF,TTDPSFLGRY,B*37:01,0,0,0,2.858888e-14
CASSVGGAFYNEQFF,VAANIVLTV,B*57:01,0,0,0,7.0194024e-13
CASSVGGAFYNEQFF,LMFWASSSI,B*35:01,0,0,0,4.555545e-13
CASSVGGAVYNEQFF,GQVMVVAPR,B*37:01,0,0,0,6.197189e-13
CASSVGGAVYNEQFF,ALYGFVPVL,A*02:01,0,0,0,9.756815e-14
CASSVGGAVYNEQFF,LLFGMPPCL,B*15:01,0,0,0,1.4994795e-13
CASSVGGAVYNEQFF,FMLYLLTLM,B*35:01,0,0,0,7.9618267e-13
CASSVGGAVYNEQFF,GCQEICPAC,B*51:01,0,0,0,1.1446763e-12
CASSVGGAVYNEQFF,LLAILTYYV,B*38:01,0,0,0,5.1043913e-13
CASSVGGDIGIGYTF,GILGFVFTL,B*51:01,0,0,0,4.7708365e-10
CASSVGGDIGIGYTF,FEDLRLLSF,A*01:01,0,0,0,8.185074e-11
CASSVGGDIGIGYTF,FEDLRLLSF,B*07:02,0,0,0,1.3634407e-10
CASSVGGDIGIGYTF,LRVMMLAPF,B*27:05,0,0,0,2.028409e-09
CASSVGGDIGIGYTF,VLFGLGFAI,A*11:01,0,0,0,1.1840884e-09
CASSVGGDIGIGYTF,LLFGYPVYV,B*27:09,0,0,0,1.1580431e-09
CASSVGGDIGIGYTF,THLMVLCCV,B*15:01,0,0,0,2.3945672e-09
CASSVGGDIGIGYTF,QYIKWPWYI,B*51:01,0,0,0,1.5143284e-08
CASSVGGDIGIGYTF,FLTVFSHFM,B*15:01,0,0,0,1.552692e-09
CASSVGGGEVEAFF,RPPIFIRRL,B*38:01,0,0,0,3.38378e-09
CASSVGGGEVEAFF,TTDPSFLGRY,B*35:08,0,0,0,4.685394e-09
CASSVGGGEVEAFF,SLLMPILTL,B*37:01,0,0,0,5.9097016e-09
CASSVGGGEVEAFF,EIQEFCPNT,A*11:01,0,0,0,3.1715293e-13
CASSVGGGEVEAFF,AEMEFCPCC,A*11:01,0,0,0,3.1136232e-13
CASSVGGGGNEQF,ILNAMIAKI,A*30:02,0,0,0,6.761653e-13
CASSVGGGGNEQF,VYFLQSINF,A*02:01,0,0,0,1.031288e-13
CASSVGGGGNEQF,LLAGTLAGV,B*27:05,0,0,0,9.130125e-13
CASSVGGGGNEQF,LMFWASSSI,A*30:02,0,0,0,8.9455776e-13
CASSVGGGGNEQF,AVGSYVYSV,B*08:01,0,0,0,7.217649e-13
CASSVGGGGNEQF,LPRWYFYYL,B*38:01,0,0,0,4.557989e-27
CASSVGGGHQPQHF,VMPFSIVYI,B*27:09,0,0,0,4.9832824e-26
CASSVGGGREQF,RLPGVLPRA,B*57:01,0,0,0,4.1777368e-26
CASSVGGGREQF,GKTELLAPF,B*07:02,0,0,0,5.37245e-26
CASSVGGGREQF,ILNVDIFTL,A*11:01,0,0,0,4.627295e-27
CASSVGGGREQF,ILTGLNYEV,B*57:01,0,0,0,4.233728e-26
CASSVGGGSNQPQHF,RYRIGNYKL,B*38:01,0,0,0,1.9315512e-26
CASSVGGGSNQPQHF,NMIHFAPNV,A*03:01,0,0,0,2.4125816e-26
CASSVGGGSNQPQHF,FLYNPLTRV,B*51:01,0,0,0,5.886611e-26
CASSVGGGSNQPQHF,ALYGFVPVL,B*35:01,0,0,0,5.1396254e-26
CASSVGGGSNQPQHF,CLGGLLTMV,B*51:01,0,0,0,4.0310925e-26
CASSVGGGSNQPQHF,LMFWASSSI,B*37:01,0,0,0,6.707427e-26
CASSVGGGSNQPQHF,NMINFAPNI,B*51:01,0,0,0,7.401544e-25
CASSVGGGSNQPQHF,DATYQRTRALVR,B*27:09,0,0,0,1.0721137e-25
CASSVGGGSNQPQHF,KTWGQYWQV,A*01:01,0,0,0,5.626093e-26
CASSVGGGSNQPQHF,SLAPLSPRV,B*57:01,0,0,0,2.0162345e-25
CASSVGGGSSYEQYF,FEDLRVSSF,B*15:01,0,0,0,1.2009527e-26
CASSVGGGSSYEQYF,GILGFVFTL,B*38:01,0,0,0,6.586583e-26
CASSVGGGSSYEQYF,YHSIEWAI,B*35:01,0,0,0,3.1684507e-25
CASSVGGGSSYEQYF,LVLEVDPNI,A*03:01,0,0,0,4.850939e-26
CASSVGGGYEQYF,QYDPVAALF,A*11:01,0,0,0,3.9656904e-26
CASSVGGGYEQYF,ILNVDVFTL,A*68:01,0,0,0,9.151055e-26
CASSVGGGYEQYF,ITDQVPFSV,B*35:01,0,0,0,2.259523e-25
CASSVGGGYEQYF,YLEPGPVTA,B*35:08,0,0,0,3.472569e-25
CASSVGGGYEQYF,IMDQVPFSV,B*35:08,0,0,0,2.907534e-25
CASSVGGGYEQYF,LLFGYPVYV,A*02:01,0,0,0,1.5331449e-25
CASSVGGQGYNEQFF,GCQEICPAC,A*03:01,0,0,0,1.01986976e-25
CASSVGGQGYNEQFF,QSRGDENRGW,B*57:01,0,0,0,9.493843e-25
CASSVGGQGYNEQFF,NYNYLYRLF,A*02:01,0,0,0,2.6208328e-25
CASSVGGQGYNEQFF,VYFLQSINF,B*51:01,0,0,0,9.597543e-26
CASSVGGQGYNEQFF,AEMEFCPCC,B*35:08,0,0,0,9.283155e-25
CASSVGGQGYNEQFF,GQMWLLAPR,B*15:01,0,0,0,7.059286e-26
CASSVGGQGYNEQFF,RLPGVLPRA,B*35:08,0,0,0,3.4864529e-25
CASSVGGQGYNEQFF,NYNYLYRLF,B*37:01,0,0,0,2.922947e-25
CASSVGGSPYNEQFF,KVKEVCPNV,B*15:01,0,0,0,1.0851779e-25
CASSVGGSPYNEQFF,TSTLQEQIGW,B*35:01,0,0,0,1.1541306e-25
CASSVGGSPYNEQFF,GQVMVVAPR,B*35:01,0,0,0,2.540237e-25
CASSVGGSPYNEQFF,GQVMVVAPR,B*57:01,0,0,0,2.540237e-25
CASSVGGSPYNEQFF,FEDLRVSSF,B*08:01,0,0,0,9.4951004e-27
CASSVGGTGYNEQFF,LLAMTVPNV,B*38:01,0,0,0,2.001604e-26
CASSVGGTGYNEQFF,LLFALHFSA,B*35:08,0,0,0,5.892118e-25
CASSVGGTGYNEQFF,LLWNGPMAV,B*51:01,0,0,0,1.0347579e-24
CASSVGGTGYNEQFF,LLAGTLAGV,B*35:01,0,0,0,1.3699577e-25
CASSVGGTGYNEQFF,LLSIIFFPA,A*24:02,0,0,0,6.584602e-25
CASSVGGTGYNEQFF,KLWASPLHV,B*27:09,0,0,0,1.01218016e-25
CASSVGGTGYNEQFF,KTFPPTEPK,A*30:02,0,0,0,1.5490765e-25
CASSVGGTGYNEQFF,KLSALGINAV,B*27:05,0,0,0,5.561101e-25
CASSVGGTGYNEQFF,KLWASPLHV,A*03:01,0,0,0,4.0769293e-26
CASSVGGTGYNEQFF,VYFLQSINF,A*11:01,0,0,0,1.8998724e-26
CASSVGGTGYNEQFF,ALYGFVPVL,A*03:01,0,0,0,8.447124e-25
CASSVGGTNYNEQFF,VYGIRLEHF,B*37:01,0,0,0,1.9325629e-24
CASSVGGTNYNEQFF,KLSALGINAV,A*24:02,0,0,0,1.76303e-26
CASSVGGTNYNEQFF,TRLALIAPK,A*68:01,0,0,0,1.7150434e-26
CASSVGGTNYNEQFF,VLFGLGFAI,B*57:01,0,0,0,1.0175269e-24
CASSVGGTNYNEQFF,MLNIPSINV,B*37:01,0,0,0,8.685459e-25
CASSVGGTNYNEQFF,NDMLVCANI,A*24:02,0,0,0,9.458835e-28
CASSVGGVPYNEQF,VYGIRLEHF,B*35:08,0,0,0,4.1188076e-26
CASSVGGVPYNEQF,ILTGLNYEA,B*37:01,0,0,0,1.2927525e-25
CASSVGGVPYNEQF,LLFALHFSA,B*08:01,0,0,0,1.8182948e-25
CASSVGGVPYNEQF,RPRGEVRFL,B*15:01,0,0,0,1.1876677e-26
CASSVGGVPYNEQF,CFVECAPVC,B*07:02,0,0,0,2.4030383e-26
CASSVGGVSYNEQFF,TTDPSFLGRY,B*35:08,0,0,0,7.6134784e-27
CASSVGGVSYNEQFF,LLFALHFSA,A*03:01,0,0,0,1.1666317e-24
CASSVGGVSYNEQFF,AVGSYVYSV,B*27:09,0,0,0,2.9299929e-24
CASSVGGVSYNEQFF,KLLEIAPNC,A*03:01,0,0,0,2.4864819e-24
CASSVGGVSYNEQFF,ALSPVIPHI,B*35:08,0,0,0,3.224677e-24
CASSVGGVSYNEQFF,IVCPICSQK,B*38:01,0,0,0,6.615065e-25
CASSVGGVSYNEQFF,MIISHLYLI,A*30:02,0,0,0,1.5020989e-24
CASSVGGVTYNEQF,THLMVLCCV,A*02:01,0,0,0,7.7884775e-25
CASSVGGVTYNEQF,RLVPYLEFL,B*37:01,0,0,0,2.3953712e-24
CASSVGGVTYNEQF,GMGPLLATV,B*51:01,0,0,0,1.3129363e-23
CASSVGGVTYNEQF,AVGSYVYSV,B*15:01,0,0,0,1.5971411e-24
CASSVGLAEPLDEQFF,NMIHFAPNV,A*01:01,0,0,0,1.0452155e-24
CASSVGLAEPLDEQFF,FMLYLLTLM,B*27:09,0,0,0,1.1466777e-20
CASSVGLAEPLDEQFF,SLLMPILTL,B*37:01,0,0,0,8.145505e-21
CASSVGLAEPLDEQFF,VLFHRAFLV,A*24:02,0,0,0,1.3156015e-26
CASSVGLAEPLDEQFF,FEDLRLLSF,A*02:01,0,0,0,2.8653832e-26
CASSVGLAEPLDEQFF,AEMEFCPCC,B*27:05,0,0,0,9.857052e-26
CASSVGLEAYEQYF,LLFGMPPCL,B*08:01,0,0,0,3.5569396e-25
CASSVGLEAYEQYF,KLLEIAPNC,B*38:01,0,0,0,1.8503561e-25
CASSVGLEAYEQYF,CTELKLNDY,B*15:01,0,0,0,2.4511737e-25
CASSVGLPYEQYF,LMFWASSSI,B*07:02,0,0,0,4.6850607e-25
CASSVGLPYEQYF,VYGIRLEHF,B*15:01,0,0,0,2.5255887e-25
CASSVGLPYEQYF,VMHANYIFW,A*68:01,0,0,0,3.5804073e-26
CASSVGLPYEQYF,KMVAVFYNT,B*35:08,0,0,0,3.7136322e-25
CASSVGLPYEQYF,ITDQVPFSV,B*38:01,0,0,0,1.6919495e-25
CASSVGLYSTDTQYF,ILTGLNYEV,B*15:01,0,0,0,1.3597687e-25
CASSVGLYSTDTQYF,KLWASPLHV,A*30:02,0,0,0,6.3236803e-26
CASSVGLYSTDTQYF,VVLSWAPPV,B*27:09,0,0,0,1.7621367e-25
CASSVGLYSTDTQYF,ILNAMITKI,B*07:02,0,0,0,8.957846e-26
CASSVGLYSTDTQYF,CTELKLNDY,B*35:01,0,0,0,8.0524604e-26
CASSVGNTEAFF,AVGSYVYSV,B*07:02,0,0,0,6.3573e-26
CASSVGNTEAFF,MLYQHLLPL,A*68:01,0,0,0,1.4210231e-27
CASSVGNTEAFF,MTLHGFMMY,A*02:01,0,0,0,1.8454769e-26
CASSVGNTEAFF,SVYGDTLEK,B*15:01,0,0,0,4.8106344e-27
CASSVGNTEAFF,AVGSYVYSV,A*30:02,0,0,0,2.4416163e-26
CASSVGNTEAFF,MMPFSIVYI,B*57:01,0,0,0,1.0676977e-25
CASSVGNTEAFF,NMINFAPNI,A*02:01,0,0,0,7.516696e-25
CASSVGNTEAFF,LLFALHFSA,A*68:01,0,0,0,6.057001e-25
CASSVGQGSYEQYF,EAAGIGILTV,B*15:01,0,0,0,3.7190335e-25
CASSVGQGSYEQYF,KLSALGINAV,B*07:02,0,0,0,6.2243886e-24
CASSVGQGSYEQYF,KAFSPEVIPMF,B*35:01,0,0,0,3.175602e-25
CASSVGQGSYEQYF,HTMLCMCCK,B*51:01,0,0,0,2.8888165e-25
CASSVGQGSYEQYF,FLYNPLTRV,A*02:01,0,0,0,1.1680432e-24
CASSVGQGSYEQYF,LIIPFIHLI,B*51:01,0,0,0,6.928475e-20
CASSVGQGSYEQYF,ILNVDIFTL,B*57:01,0,0,0,2.0458278e-20
CASSVGQGSYEQYF,ILTGLNYEV,B*57:01,0,0,0,1.7752099e-20
CASSVGQGSYEQYF,YLEPGPVTA,B*35:01,0,0,0,8.3667736e-21
CASSVGQGSYEQYF,NDMLVCANI,A*30:02,0,0,0,5.998334e-21
CASSVGQGSYEQYF,SLAPLSPRV,A*01:01,0,0,0,1.5353253e-21
CASSVGQGSYEQYF,YLQPRTFLL,A*11:01,0,0,0,2.0799394e-21
CASSVGRDSSGNQPQHF,FEDLRVLSF,A*68:01,0,0,0,9.479208e-28
CASSVGRDSSGNQPQHF,HTMLCMCCK,A*24:02,0,0,0,7.613251e-26
CASSVGRDSSGNQPQHF,ILNVDIFTL,B*15:01,0,0,0,9.673071e-27
CASSVGRDSSGNQPQHF,ITDQVPFSV,B*37:01,0,0,0,8.675186e-27
CASSVGRGSGEQYF,RFPLTFGWCF,B*08:01,0,0,0,5.297578e-26
CASSVGRGSGEQYF,GQVMVVAPR,B*07:02,0,0,0,1.0767781e-25
CASSVGRGSGEQYF,VLFGLGFAI,A*11:01,0,0,0,5.444722e-34
CASSVGRGSGEQYF,VYFLQSINF,A*02:01,0,0,0,5.7241147e-34
CASSVGRGSGEQYF,VYFLQSINF,B*51:01,0,0,0,5.419465e-33
CASSVGSGEQYF,KLLEIAPNC,B*35:01,0,0,0,3.393603e-32
CASSVGSGEQYF,KLWASPLHV,B*57:01,0,0,0,3.5692417e-32
CASSVGSGEQYF,KLLEIAPNC,B*27:09,0,0,0,2.9815756e-32
CASSVGSGEQYF,VLFGLGFAI,B*07:02,0,0,0,3.3997302e-33
CASSVGSGEQYF,CTELKLNDY,B*35:01,0,0,0,3.4078223e-24
CASSVGSGEQYF,VLFHRAFLV,B*27:09,0,0,0,4.3483082e-24
CASSVGSGEQYF,IVCPICSQK,B*35:08,0,0,0,1.657201e-24
CASSVGSGEQYF,SLAPLSPRV,B*08:01,0,0,0,4.7823367e-24
CASSVGSGGRPSSYNEQFF,YLQPRTFLL,A*01:01,0,0,0,1.3354542e-24
CASSVGSGGRPSSYNEQFF,KRPIPIKYKAM,B*07:02,0,0,0,8.8447834e-24
CASSVGSGGRPSSYNEQFF,RTMEVCYNT,A*68:01,0,0,0,1.1612257e-28
CASSVGSGGRPSSYNEQFF,ILNAMIAKI,B*27:05,0,0,0,7.090397e-28
CASSVGSQETQYF,NDMLVCANI,A*02:01,0,0,0,3.6437302e-28
CASSVGSQETQYF,AEMEFCPCC,B*15:01,0,0,0,5.1724277e-28
CASSVGSQETQYF,RLPGVLPRA,B*35:08,0,0,0,1.2248956e-27
CASSVGSQETQYF,ILTGLNYEA,B*37:01,0,0,0,1.0997122e-27
CASSVGSQETQYF,ALSPVIPHI,A*03:01,0,0,0,2.6066407e-28
CASSVGSTEAFF,GMGPLLATV,B*37:01,0,0,0,1.0462391e-27
CASSVGSTEAFF,YVLDHLIVV,B*57:01,0,0,0,1.0518255e-27
CASSVGTGAYEQYF,RPPIFIRRL,A*30:02,0,0,0,4.334997e-37
CASSVGTGAYEQYF,KLSALGINAV,B*07:02,0,0,0,9.088498e-35
CASSVGTGAYEQYF,SLLWMNPFV,A*68:01,0,0,0,6.4441622e-37
CASSVGTGYEQYF,CLGGLLTMV,A*30:02,0,0,0,2.8023363e-36
CASSVGTGYEQYF,VYGIRLEHF,B*08:01,0,0,0,5.0715503e-36
CASSVGTGYEQYF,LLAGTLAGV,B*08:01,0,0,0,2.0968934e-35
CASSVGTGYEQYF,RTMEVCYNT,B*35:01,0,0,0,8.329881e-32
CASSVGTGYEQYF,KLWASPLHV,B*35:01,0,0,0,1.19804005e-30
CASSVGTGYEQYF,SLLMWITQC,A*03:01,0,0,0,7.535647e-32
CASSVGTGYEQYF,NMINFAPNI,B*37:01,0,0,0,4.5743535e-31
CASSVGTGYEQYF,FLIYLDVSV,B*27:09,0,0,0,2.1197477e-30
CASSVGTGYEQYF,CTELKLSDY,A*01:01,0,0,0,1.742836e-33
CASSVGTGYEQYF,GQMWLLAPR,B*27:05,0,0,0,6.492041e-26
CASSVLGNHYTNGELFF,SVYGDTLEK,B*37:01,0,0,0,1.02725675e-26
CASSVLGNHYTNGELFF,KLVALGINAV,A*11:01,0,0,0,3.5434492e-26
CASSVLGNHYTNGELFF,YHSIEWAI,A*30:02,0,0,0,4.518104e-27
CASSVLGNHYTNGELFF,KTWGQYWQV,B*08:01,0,0,0,7.4489565e-26
CASSVLGNHYTNGELFF,NLNCCSVPV,A*68:01,0,0,0,1.5906154e-26
CASSVPGQGVLEQYF,LLFGMPPCL,A*11:01,0,0,0,1.226706e-26
CASSVPGQGVLEQYF,ILNVDVFTL,B*27:05,0,0,0,8.360184e-25
CASSVPGQGVLEQYF,TRLALIAPK,B*57:01,0,0,0,5.645186e-25
CASSVPGQGVLEQYF,LLSIIFFPA,A*01:01,0,0,0,1.0869469e-25
CASSVPGQGVLEQYF,VVLSWAPPV,B*08:01,0,0,0,1.7276527e-24
CASSVPGQGVLEQYF,IVCPICSQK,B*35:01,0,0,0,4.1061965e-25
CASSVPGQGVLEQYF,KRPIPIKYKAM,B*07:02,0,0,0,1.4455246e-24
CASSVPGTPNTEAFF,VVMSWAPPV,A*11:01,0,0,0,2.5866685e-30
CASSVPGTPNTEAFF,TSTLQEQIGW,A*11:01,0,0,0,1.0485269e-30
CASSVPGTPNTEAFF,ALYGSVPVL,A*03:01,0,0,0,2.2306305e-30
CASSVPGTPNTEAFF,ITDQVPFSV,B*35:01,0,0,0,2.6103394e-30
CASSVPGTPNTEAFF,FLYNLLTRV,B*51:01,0,0,0,3.370425e-29
CASSVPGTPNTEAFF,TRLALIAPK,B*27:09,0,0,0,4.6501172e-29
CASSVQSTDTQYF,KMVAVFYNT,B*38:01,0,0,0,1.08017406e-29
CASSVQSTDTQYF,ELAGIGILTV,A*68:01,0,0,0,3.6229917e-30
CASSVQSTDTQYF,NMINFAPNI,B*27:09,0,0,0,5.574665e-28
CASSVQSTDTQYF,TRLALIAPK,A*03:01,0,0,0,3.093702e-29
CASSVQSTDTQYF,KTWGQYWQV,B*57:01,0,0,0,2.344391e-27
CASSVRADTQYF,RLVPYLEFL,A*24:02,0,0,0,6.5241035e-30
CASSVRADTQYF,RLQSLQTYV,B*35:08,0,0,0,6.425855e-28
CASSVRADTQYF,ELAGIGILTV,A*02:01,0,0,0,1.0233874e-28
CASSVRADTQYF,AEMEFCPCC,B*35:08,0,0,0,2.4795673e-24
CASSVSALGSDTQYF,LLWNGPMAV,B*08:01,0,0,0,4.647522e-24
CASSVSALGSDTQYF,LLFGMTPCL,B*07:02,0,0,0,6.703546e-24
CASSVSALGSDTQYF,DATYQRTRALVR,A*02:01,0,0,0,3.2628131e-24
CASSVSALGSDTQYF,YVLDHLIVV,A*01:01,0,0,0,5.5929923e-25
CASSVSALGSDTQYF,RTMEVCYNT,A*24:02,0,0,0,5.1709556e-25
CASSVSALGSDTQYF,LLFGMPPCL,A*03:01,0,0,0,1.4869448e-25
CASSVSALGSDTQYF,GILGFVFTL,B*38:01,0,0,0,8.881938e-25
CASSVSALGSDTQYF,MLNIPSINV,B*08:01,0,0,0,3.2833757e-25
CASSVSATGELF,LLFGYPVYV,B*08:01,0,0,0,2.073812e-24
CASSVSATGELF,RYRIGNYKL,A*03:01,0,0,0,2.7913295e-26
CASSVSATGELF,RLQSLQTYV,B*37:01,0,0,0,4.5495316e-26
CASSVSATGELF,AVGSYVYSV,B*15:01,0,0,0,6.575888e-26
CASSVSGGAYEQYF,LMFWASSSI,B*15:01,0,0,0,5.170125e-26
CASSVSGGAYEQYF,ILNAMIAKI,B*57:01,0,0,0,1.051309e-25
CASSVSGGAYEQYF,ALSPVIPLI,B*37:01,0,0,0,7.459193e-26
CASSVSGGAYEQYF,NLFNRYPAL,B*07:02,0,0,0,6.96691e-26
CASSVSGGAYEQYF,FTSDYYQLY,A*24:02,0,0,0,3.0312159e-21
CASSVSGGAYEQYF,NDMLVCANI,B*27:05,0,0,0,1.5985036e-20
CASSVSGGAYEQYF,TSTLQEQIGW,A*68:01,0,0,0,8.734947e-22
CASSVSGSGTGELFF,FEDLRLLSF,B*57:01,0,0,0,3.7092398e-27
CASSVSGSGTGELFF,GKTELLAPF,B*27:05,0,0,0,1.6444032e-26
CASSVSGSGTGELFF,RPIPIKYKAM,B*37:01,0,0,0,4.2098123e-26
CASSVSGSGTGELFF,ILTGLNYEA,A*24:02,0,0,0,2.3937246e-26
CASSVSGSGTGELFF,CLGGLLTMV,B*08:01,0,0,0,3.4399488e-26
CASSVSGSGTGELFF,RYRIGNYKL,A*03:01,0,0,0,3.6187565e-27
CASSVSGSGTGELFF,KRPIPIKYKAM,B*08:01,0,0,0,1.8125815e-25
CASSVSGSGTGELFF,KLWASPLHV,A*03:01,0,0,0,2.0978232e-26
CASSVSGSGTGELFF,VAANIVLTV,B*57:01,0,0,0,2.2926367e-26
CASSVSGSGTGELFF,RTMEVCYNT,B*08:01,0,0,0,2.2935901e-26
CASSVSQGGYEQYF,AVGSYVYSV,A*02:01,0,0,0,2.9313636e-27
CASSVSQGGYEQYF,LLSIISFPA,A*30:02,0,0,0,1.9313965e-26
CASSVSQGGYEQYF,IPSINVHHY,A*68:01,0,0,0,3.1224993e-30
CASSVSQGGYEQYF,VVLSWAPPV,A*11:01,0,0,0,1.6204574e-29
CASSVSQGGYEQYF,KLVALGINAV,B*35:08,0,0,0,2.4927341e-29
CASSVSQGGYEQYF,RYPLTFGWCF,B*35:01,0,0,0,3.8248195e-29
CASSVSQGGYEQYF,LLAGTLAVV,B*07:02,0,0,0,3.6753475e-29
CASSVSQGGYEQYF,TTDPSFLGRY,B*51:01,0,0,0,1.7466277e-28
CASSVSQGGYEQYF,IMDQVPFSV,A*68:01,0,0,0,4.94453e-30
CASSVSSGLYYEQYF,SLAPLSPRA,A*24:02,0,0,0,7.974981e-30
CASSVSTNYEQYF,TRLALIAPK,B*51:01,0,0,0,1.6100635e-28
CASSVSTNYEQYF,EAAGIGILTV,B*38:01,0,0,0,3.1349459e-31
CASSVTFRTGPMYGYTF,NLNCCSVPV,B*15:01,0,0,0,1.8743197e-31
CASSVTFRTGPMYGYTF,ILNVDIFTL,B*35:08,0,0,0,2.5683886e-31
CASSVTFRTGPMYGYTF,NLFNRYPAL,B*37:01,0,0,0,1.9678252e-31
CASSVTFRTGPMYGYTF,LLSIIFFPA,A*03:01,0,0,0,2.0543391e-25
CASSVTFRTGPMYGYTF,FMLYLLTLM,B*07:02,0,0,0,2.8931523e-24
CASSVTFRTGPMYGYTF,SLLMPILTL,B*51:01,0,0,0,8.680226e-25
CASSVTFRTGPMYGYTF,ILNAMITKI,B*57:01,0,0,0,2.1652666e-25
CASSVVATGGRGTDTQYF,NYNYLYRLF,A*11:01,0,0,0,8.9243526e-26
CASSVVATGGRGTDTQYF,LVLEVDPNI,B*35:01,0,0,0,8.081915e-25
CASSVVATGGRGTDTQYF,MLNIPSINV,B*35:01,0,0,0,1.3506905e-25
CASSVVATGGRGTDTQYF,QYDPVAALF,B*27:09,0,0,0,1.6535951e-24
CASSVVATGGRGTDTQYF,TAFTIPSI,A*03:01,0,0,0,2.9540517e-26
CASSVVATGGRGTDTQYF,GILGFVFTL,A*11:01,0,0,0,4.8820834e-21
CASSVVGARTDTQYF,SLLWMNPFV,A*68:01,0,0,0,1.379726e-21
CASSVVGARTDTQYF,AVGSYVYSV,B*08:01,0,0,0,1.21873374e-20
CASSVVGARTDTQYF,LLAGTLAGV,A*02:01,0,0,0,9.875557e-21
CASSVVGARTDTQYF,FLYNLLTRV,B*51:01,0,0,0,6.710007e-20
CASSVVGARTDTQYF,CFVECAPVC,A*11:01,0,0,0,9.547463e-22
CASSVVGARTDTQYF,ILNAMIAKI,A*24:02,0,0,0,3.0512034e-22
CASSVVGARTDTQYF,KLVALGINAV,A*11:01,0,0,0,9.708992e-22
CASSVVGARTDTQYF,LLAMTVPNV,A*01:01,0,0,0,6.446941e-22
CASSVVGARTDTQYF,LLWNGPMAV,A*30:02,0,0,0,9.977526e-22
CASSVVGTGAYEQYVF,ALSKGVHFV,B*57:01,0,0,0,9.652417e-22
CASSVVGTGAYEQYVF,KLSALGINAV,A*30:02,0,0,0,1.0250046e-21
CASSVVGTGAYEQYVF,VAANIVLTV,B*27:05,0,0,0,1.0375461e-21
CASSVVGTGAYEQYVF,ALYGSVPVL,B*38:01,0,0,0,6.762782e-22
CASSVVGTGAYEQYVF,VLFGLGFAI,A*24:02,0,0,0,1.0443377e-33
CASSVWDSLTGELFF,KLLEIAPNC,B*15:01,0,0,0,6.0630797e-33
CASSVWDSLTGELFF,RPPIFIRRL,B*38:01,0,0,0,2.493308e-34
CASSVWDSLTGELFF,CFLLILPNC,B*37:01,0,0,0,5.500149e-33
CASSVWDSLTGELFF,VVLSWAPPV,B*37:01,0,0,0,2.7064835e-32
CASSVWDSLTGELFF,NMINFAPNI,B*37:01,0,0,0,2.3880704e-33
CASSVWDSLTGELFF,IPSINVHHY,A*11:01,0,0,0,2.829581e-34
CASSVWDSLTGELFF,YVLDHLIVV,B*07:02,0,0,0,5.9228095e-33
CASSVWDSLTGELFF,TAFTIPSI,A*24:02,0,0,0,2.2875633e-24
CASSVWDSLTGELFF,FLYNLLTRV,B*07:02,0,0,0,9.368577e-24
CASSVYPAPSDNSPLHF,KMVTVCPNT,B*27:09,0,0,0,1.696883e-23
CASSVYPAPSDNSPLHF,VLFHRAFLV,B*51:01,0,0,0,3.5959896e-23
CASSVYPAPSDNSPLHF,RPPIFIRRL,B*37:01,0,0,0,7.667703e-24
CASSVYPAPSDNSPLHF,KMVAVFYNT,A*03:01,0,0,0,1.5403503e-24
CASSVYPAPSDNSPLHF,EAAGIGILTV,B*37:01,0,0,0,6.2347293e-23
CASSVYPAPSDNSPLHF,CFVECAPVC,B*38:01,0,0,0,3.3526987e-24
CASSVYSGGYNEQFF,ILTGLNYEA,B*08:01,0,0,0,4.243436e-23
CASSVYSGGYNEQFF,SLLMWITQA,B*27:09,0,0,0,1.1002437e-22
CASSVYSGGYNEQFF,LLAGTLAGV,B*15:01,0,0,0,3.0970748e-24
CASSVYSGGYNEQFF,VYIGDPAQL,B*07:02,0,0,0,7.251802e-24
CASSVYSGGYNEQFF,LRVMMLAPF,B*27:09,0,0,0,1.0246282e-23
CASSVYSGGYNEQFF,AEMEFCPCC,B*07:02,0,0,0,2.6258517e-21
CASSVYSGGYNEQFF,MLNIPSINV,B*27:09,0,0,0,1.9599839e-21
CASSVYSTDTQYF,VLNYFKPYL,A*02:01,0,0,0,4.7067794e-22
CASSVYSTDTQYF,VLNYFEPYL,B*15:01,0,0,0,9.419831e-22
CASSVYSTDTQYF,RLPGVLPRA,B*35:08,0,0,0,2.2954426e-21
CASSVYSTDTQYF,FTSDYYQLY,A*01:01,0,0,0,3.9516241e-22
CASSVYSTDTQYF,KAFSPEVIPMF,A*03:01,0,0,0,7.182161e-21
CASSVYSTDTQYF,LLFGMPPCL,B*35:08,0,0,0,2.26802e-18
CASSVYSTDTQYF,LLFGMPPCL,B*38:01,0,0,0,1.0291318e-18
CASSVYSTDTQYF,CTELKLSDY,A*68:01,0,0,0,3.1870357e-24
CASSVYSTDTQYF,HPVGEADYFEY,B*38:01,0,0,0,1.3621678e-24
CASSWDNGGYTF,QKRPIPIKYKAM,A*24:02,0,0,0,3.958517e-23
CASSWDNGGYTF,VVLSWAPPV,B*37:01,0,0,0,1.3117048e-23
CASSWDNGGYTF,VYIGDPAQL,A*11:01,0,0,0,4.2100576e-24
CASSWDNGGYTF,ILNAMITKI,A*03:01,0,0,0,1.8612094e-24
CASSWDNGGYTF,LLFGMTPCL,B*08:01,0,0,0,5.0744286e-23
CASSWDNGGYTF,VVMSWAPPV,A*02:01,0,0,0,2.0921442e-23
CASSWDNGGYTF,KRPIPIKYKAM,B*37:01,0,0,0,4.1502947e-23
CASSWDPTYNEQF,LMFWASSSI,B*07:02,0,0,0,3.36563e-23
CASSWDPTYNEQF,ALSPVIPHI,B*38:01,0,0,0,1.6340264e-22
CASSWDPTYNEQF,RLGPYLEFL,A*24:02,0,0,0,3.1307163e-23
CASSWDPTYNEQF,LLAGTLAGV,A*68:01,0,0,0,1.047655e-23
CASSWDPTYNEQF,TRLALIAPK,A*30:02,0,0,0,9.475581e-23
CASSWDPTYNEQF,VMPFSIVYI,A*01:01,0,0,0,1.09625065e-23
CASSWETETEAFF,ALSPVIPHI,B*38:01,0,0,0,1.1609912e-20
CASSWETETEAFF,KLWASPLHV,B*37:01,0,0,0,1.4414968e-20
CASSWETETEAFF,GKTELLAPF,B*08:01,0,0,0,1.6362612e-20
CASSWGGETQYF,FEDLRVSSF,A*68:01,0,0,0,3.4865396e-21
CASSWGGETQYF,ILNAMIAKI,B*27:05,0,0,0,1.4841603e-20
CASSWGGETQYF,KLLEIAPNC,A*03:01,0,0,0,9.937003e-21
CASSWGGETQYF,LIIPFIHLI,A*02:01,0,0,0,8.523303e-21
CASSWGGETQYF,RLGPYLEFL,B*15:01,0,0,0,4.5456055e-21
CASSWGGETQYF,LLFGMPPCL,B*08:01,0,0,0,9.344926e-21
CASSWGGETQYF,LLFGMPPCL,B*38:01,0,0,0,5.277422e-21
CASSWGLLSNQPQHFGF,GILGFVFTL,B*38:01,0,0,0,7.814415e-21
CASSWGLLSNQPQHFGF,ILNAMITKI,A*02:01,0,0,0,4.7013626e-21
CASSWGLLSNQPQHFGF,HPVGEADYFEY,A*24:02,0,0,0,2.070819e-21
CASSWGLLSNQPQHFGF,MIISHLYLI,B*37:01,0,0,0,1.27523575e-20
CASSWGPGYEQYF,VMPFSIVYIV,B*35:08,0,0,0,2.6612966e-22
CASSWGPGYEQYF,ITDQVPFSV,B*08:01,0,0,0,1.7977094e-23
CASSWGPGYEQYF,LVLEVDPNI,B*08:01,0,0,0,6.1845105e-23
CASSWGPGYEQYF,RFPLTFGWCF,A*01:01,0,0,0,5.6724097e-24
CASSWGPGYEQYF,LLAMTVPNV,A*02:01,0,0,0,4.3846696e-24
CASSWGPGYEQYF,MLNIPSINV,A*30:02,0,0,0,8.374136e-24
CASSWGSSPAETQYF,ALSPVIPLI,A*02:01,0,0,0,3.084849e-23
CASSWGSSPAETQYF,SLLMWITQA,B*27:05,0,0,0,2.3455596e-22
CASSWGSSPAETQYF,VAANIVLTV,B*57:01,0,0,0,1.4222035e-22
CASSWGSSPAETQYF,KMVAVFYTT,A*30:02,0,0,0,1.9034313e-29
CASSWGTGGNQPQHF,FLRGRAYGL,A*01:01,0,0,0,6.5758245e-30
CASSWGTGGNQPQHF,TTDPSFLGRY,A*68:01,0,0,0,8.8611135e-35
CASSWGTGGNQPQHF,ILTGLNYEA,B*35:01,0,0,0,2.8965478e-28
CASSWGTGGNQPQHF,RLVPYLEFL,B*38:01,0,0,0,9.068154e-31
CASSWGTGGNQPQHF,KAFSPEVIPMF,B*51:01,0,0,0,6.407922e-25
CASSWGTGGNQPQHF,YVLTWIVGA,A*68:01,0,0,0,7.1912757e-25
CASSWGTGGNQPQHF,RLGPYLEFL,B*07:02,0,0,0,3.2154118e-26
CASSWGTGGNQPQHF,ALSPVIPLI,B*15:01,0,0,0,1.2953589e-25
CASSWGWRSNQPQHF,VSDGGPNLY,B*51:01,0,0,0,3.45712e-24
CASSWGWRSNQPQHF,SLLMWITQC,A*30:02,0,0,0,6.62264e-25
CASSWGWRSNQPQHF,LLAGTLAGV,A*30:02,0,0,0,3.7519735e-28
CASSWGWRSNQPQHF,YLEPGPVTA,A*02:01,0,0,0,5.0796304e-26
CASSWGWRSNQPQHF,RQLLFVVEV,B*35:01,0,0,0,1.0548321e-25
CASSWGWRSNQPQHF,ILTGLNYEV,B*57:01,0,0,0,1.1178045e-22
CASSWGWRSNQPQHF,KTFPPTEPK,B*35:01,0,0,0,3.2631383e-23
CASSWGWRSNQPQHF,VAANIVLTV,B*27:05,0,0,0,2.4163903e-22
CASSWGWRSNQPQHF,ILTGLNYEA,B*07:02,0,0,0,1.5906795e-22
CASSWGWRSNQPQHF,RPPIFIRRL,B*35:08,0,0,0,1.5658568e-22
CASSWGWRSNQPQHF,VVLSWAPPV,B*38:01,0,0,0,3.2501066e-23
CASSWGWRSNQPQHF,FLRGRAYGL,B*57:01,0,0,0,4.0770624e-22
CASSWGWRSNQPQHF,YVLTWIVGA,A*24:02,0,0,0,8.1598655e-23
CASSWLNTEAFF,VVMSWAPPV,A*30:02,0,0,0,5.116101e-23
CASSWLNTEAFF,RFPLTFGWCF,A*68:01,0,0,0,1.8764306e-23
CASSWLNTEAFF,CTELKLNDY,B*57:01,0,0,0,1.1697924e-22
CASSWLNTEAFF,SLLWMNPFV,A*01:01,0,0,0,1.3169154e-21
CASSWLNTEAFF,MIISHLYLI,B*08:01,0,0,0,3.4806395e-21
CASSWLNTEAFF,LLAGTLAVV,B*15:01,0,0,0,2.5159589e-21
CASSWLNTEAFF,ILNAMIAKI,A*68:01,0,0,0,4.343157e-22
CASSWLNTEAFF,LLFALHFSA,B*15:01,0,0,0,2.709939e-21
CASSWNGLAGDEQFF,KLSALGINAV,B*35:01,0,0,0,4.461837e-21
CASSWNGLAGDEQFF,SLLWMNPFV,A*30:02,0,0,0,3.1960256e-21
CASSWNGLAGDEQFF,NMIHFAPNV,B*35:01,0,0,0,3.9767136e-21
CASSWNGLAGDEQFF,RFPLTFGWCF,B*37:01,0,0,0,2.5889806e-21
CASSWNGLAGDEQFF,VMHANYIFW,A*03:01,0,0,0,6.281403e-22
CASSWNGLAGDEQFF,CFLLILPNC,B*27:05,0,0,0,1.461802e-21
CASSWNGLAGDEQFF,RPPIFIRRL,B*27:09,0,0,0,6.4537566e-22
CASSWNGLAGDEQFF,LLAMTVPNV,B*57:01,0,0,0,8.244816e-23
CASSWNGLAGDEQFF,LLFGYPVYV,A*11:01,0,0,0,4.834318e-24
CASSWRRGTDTQYF,LVLEVDPNI,A*11:01,0,0,0,2.0324454e-23
CASSWRRGTDTQYF,KTFPPTEPK,B*35:08,0,0,0,2.0615312e-24
CASSWTSGRPEQYF,KMVAVFYTT,B*35:08,0,0,0,1.7067507e-23
CASSWTSGRPEQYF,LLFALHFSA,A*30:02,0,0,0,1.0390586e-22
CASSWTSGRPEQYF,NDMLVCANI,A*01:01,0,0,0,5.1882536e-29
CASSWTSGRPEQYF,YVLDHLIVV,B*08:01,0,0,0,1.2132629e-23
CASSWTSGRPEQYF,FMLYLLTLM,A*11:01,0,0,0,1.4250728e-27
CASSWTSGRPEQYF,DATYQRTRALVR,B*57:01,0,0,0,2.6279934e-23
CASSWTSGRPEQYF,IVCPICSQK,B*37:01,0,0,0,5.499191e-23
CASSWTSGRPEQYF,MLYQHLLPL,B*38:01,0,0,0,4.4363063e-23
CASSWVGGADTQYF,ILNAMITKI,B*38:01,0,0,0,4.9272385e-25
CASSWVGGADTQYF,ALSPVIPHI,B*35:01,0,0,0,1.6884503e-23
CASSWVGGADTQYF,VLFGLGFAI,B*35:01,0,0,0,4.1137358e-26
CASSWVGGADTQYF,RYPLTFGWCF,B*38:01,0,0,0,1.6170451e-26
CASSWVGGADTQYF,NLNCCSVPV,B*27:09,0,0,0,1.808265e-25
CASSWVGGADTQYF,KMVAVFYNT,B*15:01,0,0,0,1.4533192e-26
CASSYARGYNEQFF,RLPGVLPRA,A*11:01,0,0,0,8.693966e-28
CASSYARGYNEQFF,CFVECAPVC,B*08:01,0,0,0,1.7146846e-25
CASSYARGYNEQFF,ITDQVPFSV,B*35:08,0,0,0,1.1209408e-26
CASSYARGYNEQFF,GKTELLAPF,B*57:01,0,0,0,6.033223e-26
CASSYARGYNEQFF,FLYNLLTRV,B*27:09,0,0,0,1.0683822e-25
CASSYARGYNEQFF,QSRGDENRGW,A*24:02,0,0,0,2.3931373e-21
CASSYARGYNEQFF,SPRWYFYYL,B*27:09,0,0,0,1.3499625e-20
CASSYARGYNEQFF,SVYGDTLEK,B*07:02,0,0,0,1.33750654e-20
CASSYARGYNEQFF,KLVALGINAV,B*38:01,0,0,0,1.0661255e-20
CASSYARGYNEQFF,RLVPYLEFL,B*35:01,0,0,0,6.6536987e-21
CASSYASGGYEQYF,LLAILTYYV,B*51:01,0,0,0,3.074105e-20
CASSYASGGYEQYF,VLFGLGFAI,B*08:01,0,0,0,1.9733463e-20
CASSYASGGYEQYF,RYPLTFGWCF,B*27:05,0,0,0,6.0580305e-21
CASSYASGGYEQYF,VLFHRAFLV,B*27:09,0,0,0,1.795875e-20
CASSYASGGYEQYF,MTLHGFMMY,B*38:01,0,0,0,2.9417008e-21
CASSYASGGYEQYF,KTFPPTEPK,A*02:01,0,0,0,2.5150077e-22
CASSYASGGYEQYF,ILNVDIFTL,B*38:01,0,0,0,2.2899504e-21
CASSYASTGTLNYGYTF,GCQEICPAC,A*30:02,0,0,0,1.2992612e-21
CASSYASTGTLNYGYTF,ALYGFVPVL,B*57:01,0,0,0,1.9344245e-21
CASSYASTGTLNYGYTF,QKRPIPIKYKAM,B*35:01,0,0,0,3.088361e-21
CASSYASTGTLNYGYTF,EAAGIGILTV,B*35:08,0,0,0,1.700877e-21
CASSYASTGTLNYGYTF,KLLEIAPNC,A*30:02,0,0,0,3.423006e-21
CASSYASTGTLNYGYTF,LVLEVDPNI,B*57:01,0,0,0,5.913364e-21
CASSYASTGTLNYGYTF,KLLEIAPNC,A*02:01,0,0,0,3.513885e-21
CASSYASTGTLNYGYTF,LLAMTVPNV,A*02:01,0,0,0,2.5421615e-21
CASSYASTGTLNYGYTF,KVKEVCPNV,B*35:08,0,0,0,2.3056315e-21
CASSYASTGTLNYGYTF,SPRWYFYYL,A*01:01,0,0,0,8.456002e-22
CASSYASTGTLNYGYTF,FEDLRVLSF,B*27:05,0,0,0,9.7214544e-20
CASSYASTGTLNYGYTF,SLLMPILTL,B*35:08,0,0,0,8.4541446e-19
CASSYASTGTLNYGYTF,RTMEVCYNT,B*51:01,0,0,0,3.138353e-18
CASSYATEVAGETQYF,ITDQVPFSV,B*38:01,0,0,0,4.137637e-21
CASSYATEVAGETQYF,TRLALIAPK,A*02:01,0,0,0,1.6394975e-20
CASSYATEVAGETQYF,GQMWLLAPR,B*57:01,0,0,0,8.75774e-21
CASSYATEVAGETQYF,LLAMTVPNV,B*37:01,0,0,0,2.7207647e-20
CASSYATEVAGETQYF,SLLMPILTL,A*68:01,0,0,0,1.3210721e-20
CASSYATEVAGETQYF,FEDLRVLSF,A*03:01,0,0,0,1.1899382e-21
CASSYATEVAGETQYF,LLWNGPMAV,A*11:01,0,0,0,4.992205e-19
CASSYATEVAGETQYF,DATYQRTRALVR,B*07:02,0,0,0,2.9300562e-19
CASSYATGIPDTQYF,TAFTIPSI,B*07:02,0,0,0,7.1636984e-19
CASSYATGIPDTQYF,SLAPLSPRA,B*35:01,0,0,0,1.4706183e-19
CASSYATGIPDTQYF,DATYQRTRALVR,B*35:08,0,0,0,1.3840659e-19
CASSYATGIPDTQYF,ILTGLNYEA,A*01:01,0,0,0,6.046166e-20
CASSYATGIPDTQYF,ILTGLNYEA,A*11:01,0,0,0,6.007497e-20
CASSYATGIPDTQYF,YVLTWIVGA,B*15:01,0,0,0,7.8188614e-20
CASSYATGIPDTQYF,MTLHGFMMY,B*57:01,0,0,0,1.0785691e-20
CASSYATGIPDTQYF,KLWASPLHV,A*11:01,0,0,0,3.494209e-21
CASSYATGIPDTQYF,MTLHGFMMY,B*15:01,0,0,0,7.270565e-21
CASSYATGIPDTQYF,KTFPPTEPK,B*27:05,0,0,0,4.8209185e-21
CASSYEGALSYEQYF,NDMLVCANI,B*27:09,0,0,0,9.454864e-21
CASSYEGALSYEQYF,VYFLQSINF,B*27:05,0,0,0,2.7733886e-21
CASSYEGALSYEQYF,VLFHRAFLV,A*24:02,0,0,0,7.664581e-22
CASSYEGALSYEQYF,QSRGDENRGW,A*03:01,0,0,0,6.0290747e-21
CASSYEGALSYEQYF,MMPFSIVYI,A*02:01,0,0,0,8.993876e-24
CASSYEGALSYEQYF,LMFWASSSI,B*57:01,0,0,0,2.656062e-23
CASSYFKGAGELF,LLFGMTPCL,A*01:01,0,0,0,7.1193024e-24
CASSYFKGAGELF,QYIKWPWYI,B*08:01,0,0,0,2.9044328e-23
CASSYFKGAGELF,KTWGQYWQV,A*11:01,0,0,0,8.848057e-24
CASSYFKGAGELF,RPIPIKYKAM,A*68:01,0,0,0,2.8080034e-24
CASSYFKGAGELF,VLFGLGFAI,B*27:05,0,0,0,1.8057577e-23
CASSYFKGAGELF,ALSPVIPLI,B*35:01,0,0,0,2.0156213e-23
CASSYFKGAGELF,NDMLVCANI,A*24:02,0,0,0,4.310669e-24
CASSYFKGAGELF,YHSIEWAI,A*30:02,0,0,0,1.409048e-23
CASSYFKGAGELF,GILGFVFTL,B*51:01,0,0,0,1.3864053e-21
CASSYFKGAGELF,VMPFSIVYIV,A*02:01,0,0,0,2.554897e-21
CASSYFLEQYF,MMPFSIVYI,B*37:01,0,0,0,1.36501e-21
CASSYFRGSLSEQYF,EAAGIGILTV,B*15:01,0,0,0,1.3610013e-21
CASSYFRGSLSEQYF,RLGPYLEFL,B*38:01,0,0,0,1.1367551e-22
CASSYGGAYEQYF,MLYQHLLPL,A*11:01,0,0,0,1.3626007e-22
CASSYGGAYEQYF,NLFNRYPAL,B*51:01,0,0,0,5.0335996e-21
CASSYGGAYEQYF,VLFHRAFLV,B*51:01,0,0,0,1.3502914e-21
CASSYGGAYEQYF,KLVALGINAV,A*30:02,0,0,0,1.5386673e-21
CASSYGGAYEQYF,GQFLTPNSH,B*07:02,0,0,0,4.3300428e-35
CASSYGGAYEQYF,VYIGDPAQL,B*35:08,0,0,0,1.3202661e-35
CASSYGGAYEQYF,QYIKWPWYI,B*51:01,0,0,0,3.493411e-35
CASSYGGAYEQYF,CLGGLLTMV,B*07:02,0,0,0,5.5506034e-35
CASSYGGGYEQYF,TTDPSFLGRY,B*37:01,0,0,0,2.452963e-38
CASSYGGGYEQYF,RFPLTFGWCF,B*37:01,0,0,0,1.7868072e-35
CASSYGGGYEQYF,TTDPSFLGRY,B*08:01,0,0,0,7.3678037e-38
CASSYGGGYEQYF,IVCPICSQK,A*30:02,0,0,0,3.3065683e-31
CASSYGGGYEQYF,VYGIRLEHF,B*57:01,0,0,0,1.4316144e-30
CASSYGGGYEQYF,GQMWLLAPR,A*03:01,0,0,0,5.025209e-31
CASSYGGGYEQYF,KVKEVCPNV,B*51:01,0,0,0,1.4163134e-29
CASSYGGGYEQYF,LLWNGPMAV,A*03:01,0,0,0,1.8128118e-30
CASSYGGGYEQYF,ILNAMITKI,B*38:01,0,0,0,5.7279023e-31
CASSYGGISYGYTF,FLTVFSHFM,B*27:05,0,0,0,4.2986685e-30
CASSYGGISYGYTF,VMPFSIVYI,B*35:08,0,0,0,9.960274e-27
CASSYGGISYGYTF,HPVGEADYFEY,B*07:02,0,0,0,9.074332e-27
CASSYGGISYGYTF,GQMWLLAPR,B*35:08,0,0,0,1.0296538e-26
CASSYGGISYGYTF,RPIPIKYKAM,B*57:01,0,0,0,7.774073e-27
CASSYGGISYGYTF,EIQEFCPNT,B*37:01,0,0,0,2.4313462e-26
CASSYGGLGQPQHFGF,ELAGIGILTV,B*08:01,0,0,0,3.993972e-27
CASSYGGLGQPQHFGF,FLYNLLTRV,B*37:01,0,0,0,7.9440835e-27
CASSYGGLGQPQHFGF,FLYNPLTRV,B*27:05,0,0,0,3.8165322e-26
CASSYGGLGQPQHFGF,LLAMTVPNV,B*08:01,0,0,0,2.5490593e-26
CASSYGGLGQPQHFGF,ILTGLNYEV,A*68:01,0,0,0,1.9446595e-26
CASSYGGLGQPQHFGF,LLSIISFPA,A*11:01,0,0,0,2.3110223e-27
CASSYGGNSPLHF,ILNVDIFTL,A*03:01,0,0,0,1.4259918e-27
CASSYGGNSPLHF,ILTGLNYEA,A*02:01,0,0,0,2.0894919e-27
CASSYGGNSPLHF,ALYGFVPVL,A*24:02,0,0,0,9.4639915e-29
CASSYGGNSPLHF,QYIKWPWYI,B*35:01,0,0,0,1.1409756e-26
CASSYGHPGEQYF,ALSPVIPHI,A*30:02,0,0,0,5.9050445e-29
CASSYGHPGEQYF,LVLEVDPNI,B*51:01,0,0,0,5.217457e-26
CASSYGHPGEQYF,CTELKLNDY,A*02:01,0,0,0,2.5983905e-28
CASSYGHPGEQYF,VMPFSIVYI,A*02:01,0,0,0,3.8649836e-26
CASSYGHPGEQYF,EIQEFCPNT,B*57:01,0,0,0,9.155555e-27
CASSYGHPGEQYF,LRVMMLAPF,A*30:02,0,0,0,5.3242954e-28
CASSYGLEQYF,LPRWYFYYL,B*35:01,0,0,0,3.518596e-27
CASSYGLEQYF,LLAGTLAGV,B*35:01,0,0,0,2.2909669e-26
CASSYGLEQYF,YVLTWIVGA,B*38:01,0,0,0,1.3814078e-26
CASSYGLEQYF,GMGPLLATV,B*07:02,0,0,0,6.3224914e-13
CASSYGLEQYF,KTFPPTEPK,B*57:01,0,0,0,5.1608875e-13
CASSYGPLSGAGYTFGF,KLLEIAPNC,B*08:01,0,0,0,1.2124925e-12
CASSYGPLSGAGYTFGF,KTFPPTEPK,B*35:08,0,0,0,5.1608875e-13
CASSYGPLSGAGYTFGF,VAANIVLTV,B*38:01,0,0,0,5.6323896e-13
CASSYGPLSGAGYTFGF,YHSIEWAI,B*35:01,0,0,0,4.3440074e-12
CASSYGPLSGAGYTFGF,RLVPYLEFL,A*01:01,0,0,0,1.7806385e-13
CASSYGPLSGAGYTFGF,ALSKGVHFV,B*07:02,0,0,0,2.9645245e-13
CASSYGPLSGAGYTFGF,FLYNPLTRV,A*03:01,0,0,0,1.4109432e-13
CASSYGPLSGAGYTFGF,LLWNGPMAV,B*35:08,0,0,0,9.315606e-12
CASSYGQGYEQYF,TRLALIAPK,A*02:01,0,0,0,6.5722735e-12
CASSYGQGYEQYF,VMPFSIVYIV,B*27:09,0,0,0,1.9880627e-11
CASSYGQGYEQYF,VVMSWAPPV,B*27:09,0,0,0,2.0774205e-11
CASSYGQGYEQYF,IVCPICSQK,B*08:01,0,0,0,1.2833987e-11
CASSYGQGYEQYF,KLVALGINAV,B*08:01,0,0,0,1.8391729e-11
CASSYGTAYGYTF,MMPFSIVYI,B*07:02,0,0,0,1.7367498e-11
CASSYGTAYGYTF,RTMEVCYNT,B*27:05,0,0,0,2.0896524e-11
CASSYGTAYGYTF,RYPLTFGWCF,B*35:08,0,0,0,2.278069e-11
CASSYGTAYGYTF,LLSIISFPA,B*35:08,0,0,0,3.3940864e-11
CASSYGTAYGYTF,AVGSYVYSV,B*15:01,0,0,0,1.4974005e-11
CASSYGTGSADTQYF,GQFLTPNSH,B*07:02,0,0,0,1.6012084e-11
CASSYGTGSADTQYF,KRPIPIKYKAM,A*24:02,0,0,0,1.1107903e-08
CASSYGTGSADTQYF,RPRGEVRFL,A*11:01,0,0,0,7.8050775e-09
CASSYGTGSADTQYF,FLRGRAYGL,B*38:01,0,0,0,1.7236971e-08
CASSYGTGYEAFF,RTMEVCYNT,B*57:01,0,0,0,1.6340131e-08
CASSYGTGYEAFF,NLNCCSVPV,B*57:01,0,0,0,2.8986772e-08
CASSYGTGYEAFF,ALYGFVPVL,A*02:01,0,0,0,1.0640719e-08
CASSYGTGYEAFF,EAAGIGILTV,B*27:09,0,0,0,2.1372609e-08
CASSYGTGYEAFF,CFLLILPNC,B*57:01,0,0,0,2.7555007e-08
CASSYGTGYEAFF,VAANIVLTV,A*30:02,0,0,0,5.1995352e-11
CASSYGTGYEAFF,CTELKLNDY,B*27:05,0,0,0,1.0066008e-10
CASSYGVNTEAFF,SPRWYFYYL,B*27:09,0,0,0,7.911093e-11
CASSYGVNTEAFF,VLFHRAFLV,A*03:01,0,0,0,3.9123184e-11
CASSYGVNTEAFF,ILNAMIAKI,B*27:09,0,0,0,8.7254384e-11
CASSYGVNTEAFF,LLAMTVPNV,B*35:08,0,0,0,2.821908e-10
CASSYGVNTEAFF,FLYNPLTRV,B*15:01,0,0,0,1.3510565e-10
CASSYGVNTEAFF,IMDQVPFSV,B*08:01,0,0,0,1.6319744e-10
CASSYGVNTEAFF,NLFNRYPAL,B*08:01,0,0,0,5.4559324e-10
CASSYGVSGQFYGYTF,EIQEFCPNT,A*11:01,0,0,0,6.0146554e-11
CASSYGVSGQFYGYTF,VSDGGPNLY,B*07:02,0,0,0,3.8709466e-10
CASSYGVSGQFYGYTF,NLNCCSVPV,B*27:09,0,0,0,6.208473e-10
CASSYGVSGQFYGYTF,RPPIFIRRL,A*03:01,0,0,0,3.2236838e-11
CASSYGVSGQFYGYTF,VLNYFKPYL,B*38:01,0,0,0,4.85678e-15
CASSYHGQGAVDTQYF,GCQEICPAC,B*51:01,0,0,0,5.699418e-15
CASSYHGQGAVDTQYF,NYNYLYRLF,B*35:08,0,0,0,1.029079e-14
CASSYHGQGAVDTQYF,NDMLVCANI,A*24:02,0,0,0,1.3990388e-14
CASSYHGQGAVDTQYF,FTSDYYQLY,A*68:01,0,0,0,1.0214212e-14
CASSYHGQGAVDTQYF,VMHANYIFW,A*11:01,0,0,0,7.7495943e-10
CASSYHGQGAVDTQYF,HPVGEADYFEY,A*01:01,0,0,0,4.791336e-10
CASSYHGQGAVDTQYF,ALSPVIPLI,B*27:09,0,0,0,5.934696e-10
CASSYHGQGAVDTQYF,DATYQRTRALVR,B*15:01,0,0,0,4.9609417e-10
CASSYHGQGAVDTQYF,VLNYFEPYL,B*27:09,0,0,0,9.188927e-10
CASSYITGTGSYGYTF,NMIHFAPNV,A*68:01,0,0,0,2.4116076e-10
CASSYITGTGSYGYTF,ALSPVIPHI,A*11:01,0,0,0,1.2233734e-12
CASSYITGTGSYGYTF,MMPFSIVYI,B*15:01,0,0,0,3.5306426e-12
CASSYITGTGSYGYTF,VYGIRLEHF,B*35:08,0,0,0,5.9526242e-12
CASSYITGTGSYGYTF,FTSDYYQLY,B*15:01,0,0,0,3.729614e-12
CASSYITGTGSYGYTF,YVLDHLIVV,A*24:02,0,0,0,1.1045906e-17
CASSYLGMGQPQHFGF,VSDGGPNLY,B*35:08,0,0,0,1.787901e-17
CASSYLGMGQPQHFGF,QSRGDENRGW,B*57:01,0,0,0,1.0930762e-17
CASSYLGSGANVLTF,RFPLTFGWCF,B*57:01,0,0,0,7.2174316e-08
CASSYLGSGANVLTF,VVMSWAPPV,A*02:01,0,0,0,9.615877e-09
CASSYLGSGANVLTF,GQMWLLAPR,A*03:01,0,0,0,6.5939556e-09
CASSYLGSGANVLTF,TAFTIPSI,B*37:01,0,0,0,1.6127908e-08
CASSYLGSGANVLTF,YLEPGPVTA,A*24:02,0,0,0,3.8453432e-15
CASSYLGSGANVLTF,FLRGRAYGL,B*57:01,0,0,0,8.685736e-15
CASSYLGSGANVLTF,SVYGDTLEK,B*35:08,0,0,0,1.5378739e-15
CASSYLGSGANVLTF,ALYGFVPVL,B*27:05,0,0,0,3.1765635e-15
CASSYLGSGANVLTF,LLAGTLAVV,B*08:01,0,0,0,3.8476323e-15
CASSYLGTSAPIDEQFF,RLQSLQTYV,A*03:01,0,0,0,1.6192825e-15
CASSYNQGPYDNNEQFF,SLLWMNPFV,A*01:01,0,0,0,3.1095191e-15
CASSYNQGPYDNNEQFF,FEDLRVLSF,B*37:01,0,0,0,3.339312e-15
CASSYNQGPYDNNEQFF,CFLLILPNC,B*37:01,0,0,0,2.123357e-15
CASSYNQGPYDNNEQFF,MMPFSIVYI,A*03:01,0,0,0,7.402086e-16
CASSYNQGPYDNNEQFF,VVLSWAPPV,B*07:02,0,0,0,4.3208303e-15
CASSYNQGPYDNNEQFF,RPIPIKYKAM,B*51:01,0,0,0,2.7242716e-15
CASSYNQGPYDNNEQFF,TRLALIAPK,B*15:01,0,0,0,2.4394142e-15
CASSYNQGYEQYF,ILTGLNYEV,B*37:01,0,0,0,1.7962808e-11
CASSYNQGYEQYF,CTELKLSDY,A*01:01,0,0,0,1.8185228e-11
CASSYNQGYEQYF,FLTVFSHFM,B*08:01,0,0,0,1.7815882e-11
CASSYQHEQYF,KAFSPEVIPMF,B*15:01,0,0,0,8.918103e-12
CASSYQHEQYF,NMINFAPNI,B*57:01,0,0,0,1.8475195e-11
CASSYQHEQYF,CTELKLNDY,A*68:01,0,0,0,1.4180807e-11
CASSYQHEQYF,TAFTIPSI,A*24:02,0,0,0,6.943598e-12
CASSYQHEQYF,VSDGGPNLY,A*11:01,0,0,0,1.1953628e-11
CASSYQHEQYF,SLLMWITQC,A*68:01,0,0,0,7.212112e-14
CASSYQHEQYF,NLFNRYPAL,A*01:01,0,0,0,1.5116833e-14
CASSYQHEQYF,GQVMVVAPR,B*57:01,0,0,0,3.0915195e-14
CASSYQTGAGGYGYTGF,SLLMPILTL,B*51:01,0,0,0,6.877306e-14
CASSYQTGAGGYGYTGF,KLLEIAPNC,A*24:02,0,0,0,5.5513506e-14
CASSYQTGAGGYGYTGF,HPVGEADYFEY,B*07:02,0,0,0,1.0492997e-14
CASSYQTGAGGYGYTGF,ELAGIGILTV,B*07:02,0,0,0,4.326919e-14
CASSYQTGPYSNQPQHF,LLSIIFFPA,B*15:01,0,0,0,7.624777e-14
CASSYQTGPYSNQPQHF,AVGSYVYSV,A*30:02,0,0,0,4.5860993e-14
CASSYQTGPYSNQPQHF,KLNTITPVV,B*57:01,0,0,0,3.262726e-13
CASSYQTGPYSNQPQHF,THLMVLCCV,B*15:01,0,0,0,1.1147373e-13
CASSYQTGPYSNQPQHF,GQFLTPNSH,A*02:01,0,0,0,7.066172e-14
CASSYQTGPYSNQPQHF,QSRGDENRGW,A*03:01,0,0,0,1.6977529e-13
CASSYQTGPYSNQPQHF,LLFGMPPCL,B*35:01,0,0,0,2.530822e-13
CASSYRVSPYNEQF,SLAPLSPRA,B*37:01,0,0,0,5.981408e-08
CASSYRVSPYNEQF,ALSKGVHFV,A*02:01,0,0,0,3.725015e-08
CASSYRVSPYNEQF,KAFSPEVIPMF,B*15:01,0,0,0,4.662894e-08
CASSYRVSPYNEQF,FLRGRAYGL,A*30:02,0,0,0,6.62813e-08
CASSYRVSPYNEQF,YVLDHLIVV,B*08:01,0,0,0,3.906538e-08
CASSYRVSPYNEQF,ILNVDIFTL,A*02:01,0,0,0,2.8479628e-08
CASSYRVSPYNEQF,IPSINVHHY,B*27:05,0,0,0,3.1799814e-08
CASSYSAWNEQFF,LPRWYFYYL,B*37:01,0,0,0,4.172893e-08
CASSYSAWNEQFF,GQVMVVAPR,B*27:09,0,0,0,4.7096595e-08
CASSYSAWNEQFF,ALYGFVPVL,A*01:01,0,0,0,9.279942e-08
CASSYSAWNEQFF,YVLTWIVGA,B*37:01,0,0,0,0.00016284242
CASSYSAWNEQFF,VVLSWAPPV,B*35:01,0,0,0,0.00012438941
CASSYSAWNEQFF,IVCPICSQK,A*30:02,0,0,0,9.357014e-05
CASSYSAWNEQFF,VMPFSIVYI,B*27:09,0,0,0,0.000120335506
CASSYSAWNEQFF,CFLLILPNC,B*27:09,0,0,0,0.0001281567
CASSYSAWNEQFF,VLNYFEPYL,A*03:01,0,0,0,0.00010898501
CASSYSAWNEQFF,NLNCCSVPV,B*57:01,0,0,0,0.00015909369
CASSYSAWNEQFF,AEMEFCPCC,B*15:01,0,0,0,2.1798134e-12
CASSYSAWNEQFF,NLFNRYPAL,B*37:01,0,0,0,3.03799e-12
CASSYSDAGGYYEQYF,VLNYFKPYL,A*30:02,0,0,0,3.4958115e-12
CASSYSDAGGYYEQYF,LLAILTYYV,B*51:01,0,0,0,2.9978468e-12
CASSYSDAGGYYEQYF,YVLDHLIVV,A*03:01,0,0,0,1.1868587e-12
CASSYSDAGGYYEQYF,RQLLFVVEV,B*35:08,0,0,0,2.3092598e-12
CASSYSDRSSYEQYF,RYPLTFGW,A*68:01,0,0,0,4.741799e-13
CASSYSDRSSYEQYF,KTWGQYWQV,B*07:02,0,0,0,6.133817e-09
CASSYSFGGAPAQETQYF,KMVTVCPNT,B*07:02,0,0,0,2.9866425e-09
CASSYSFGGAPAQETQYF,IVCPICSQK,B*51:01,0,0,0,3.3402396e-09
CASSYSFGGAPAQETQYF,HTMLCMCCK,B*51:01,0,0,0,4.888953e-09
CASSYSFGGAPAQETQYF,VYFLQSINF,B*57:01,0,0,0,1.2964891e-09
CASSYSFGGAPAQETQYF,CFVECAPVC,B*15:01,0,0,0,1.074341e-10
CASSYSFGGAPAQETQYF,QKRPIPIKYKAM,A*68:01,0,0,0,2.175633e-10
CASSYSFGGAPAQETQYF,FLRGRAYGL,B*57:01,0,0,0,4.826779e-10
CASSYSFGGAPAQETQYF,LLFGYPVYV,B*07:02,0,0,0,9.414555e-10
CASSYSFGGAPAQETQYF,AVGSYVYSV,A*01:01,0,0,0,4.468709e-10
CASSYSGAEQYF,LIIPFIHLI,B*08:01,0,0,0,2.3846208e-10
CASSYSGAEQYF,NLVPMVATV,A*30:02,0,0,0,2.9372654e-10
CASSYSGAEQYF,ITDQVPFSV,B*37:01,0,0,0,2.4518848e-10
CASSYSGAEQYF,SLAPLSPRV,A*03:01,0,0,0,1.3363244e-11
CASSYSGGNRKNTQNF,ILNVDVFTL,B*57:01,0,0,0,3.7322704e-11
CASSYSGGNRKNTQNF,TRLALIAPK,B*38:01,0,0,0,2.3794222e-11
CASSYSGGNRKNTQNF,IMDQVPFSV,A*01:01,0,0,0,4.0306695e-11
CASSYSGGNRKNTQNF,IPSINVHHY,B*57:01,0,0,0,2.634584e-11
CASSYSGGNRKNTQNF,KRPIPIKYKAM,A*24:02,0,0,0,2.7674422e-11
CASSYSGGNRKNTQNF,MLNIPSINV,A*24:02,0,0,0,1.8975111e-11
CASSYSGQGYTF,KMVAVFYNT,B*57:01,0,0,0,3.7295025e-11
CASSYSGQGYTF,NLVPMVATV,B*35:01,0,0,0,3.4997893e-11
CASSYSGQGYTF,MMPFSIVYI,B*51:01,0,0,0,2.3711585e-11
CASSYSGQGYTF,FLYNPLTRV,A*02:01,0,0,0,9.869784e-12
CASSYSGQGYTF,HTMLCMCCK,B*08:01,0,0,0,3.831514e-11
CASSYSGQGYTF,GCQEICPAC,B*35:01,0,0,0,3.2318287e-11
CASSYSGTSGGAYEQYF,LLFGMPPCL,B*08:01,0,0,0,2.425148e-08
CASSYSGTSGGAYEQYF,QSRGDENRGW,B*27:09,0,0,0,4.5136e-08
CASSYSGTSGGAYEQYF,ALYGFVPVL,A*02:01,0,0,0,1.2989131e-08
CASSYSGTSGGAYEQYF,VYIGDPAQL,A*02:01,0,0,0,4.4300715e-13
CASSYSGTSGGAYEQYF,FMLYLLTLM,A*30:02,0,0,0,7.3474923e-13
CASSYSGTSGGAYEQYF,GILGFVFTL,B*27:09,0,0,0,2.8649336e-12
CASSYSGTSGGAYEQYF,FLTVFSHFM,A*24:02,0,0,0,9.143544e-13
CASSYSGTSGGAYEQYF,AEMEFCPCC,B*15:01,0,0,0,4.301874e-12
CASSYSIGNTEAFF,KMVTVCPNT,A*30:02,0,0,0,2.3750034e-13
CASSYSIGNTEAFF,YLQPRTFLL,B*15:01,0,0,0,1.5255941e-12
CASSYSIGNTEAFF,FLTVFSHFM,A*30:02,0,0,0,2.4335893e-09
CASSYSIGNTEAFF,KLVALGINAV,A*30:02,0,0,0,3.181193e-09
CASSYSLAAEAFF,NDMLVCANI,B*08:01,0,0,0,1.7825009e-09
CASSYSLAAEAFF,RFPLTFGWCF,A*03:01,0,0,0,6.870921e-10
CASSYSLAAEAFF,ALYGFVPVL,B*07:02,0,0,0,2.5292104e-09
CASSYSLAAEAFF,LLFGMPPCL,B*27:05,0,0,0,2.1417896e-09
CASSYSLAAEAFF,LLAGTLAGV,B*37:01,0,0,0,2.7116878e-09
CASSYSLAAEAFF,YLEPGPVTA,A*30:02,0,0,0,2.4478486e-09
CASSYSLAAEAFF,SLLMPILTL,B*37:01,0,0,0,3.5725116e-09
CASSYSLAAEAFF,ILTGLNYEA,B*57:01,0,0,0,8.0198834e-07
CASSYSLAGEFF,YVLTWIVGA,B*27:09,0,0,0,9.1873727e-07
CASSYSLAGEFF,FLRGRAYGL,B*35:08,0,0,0,1.0800517e-06
CASSYSLAGEFF,SLLMWITQC,B*57:01,0,0,0,1.3411878e-06
CASSYSLAGEFF,MLNIPSINV,B*27:05,0,0,0,4.494777e-07
CASSYSLAGEFF,GCQEICPAC,B*37:01,0,0,0,6.38722e-07
CASSYSLAGEFF,FLIYLDVSV,B*38:01,0,0,0,9.380556e-09
CASSYSLAGEFF,SLLMWITQA,B*15:01,0,0,0,1.5517928e-08
CASSYSLAGEFF,KLSALGINAV,A*30:02,0,0,0,5.648876e-08
CASSYSLAGEFF,FLYNPLTRV,B*15:01,0,0,0,4.2146393e-08
CASSYSLAGGEETQYF,KLSALGINAV,B*57:01,0,0,0,2.8807753e-08
CASSYSLAGGEETQYF,FEDLRVSSF,B*51:01,0,0,0,2.4921286e-08
CASSYSLAGGEETQYF,TTDPSFLGRY,B*38:01,0,0,0,9.125443e-09
CASSYSLAGGEETQYF,RLGPYLEFL,A*01:01,0,0,0,8.7773255e-09
CASSYSLAGGEETQYF,ILNVDIFTL,A*01:01,0,0,0,5.01481e-09
CASSYSLAGGEETQYF,VLNYFKPYL,A*03:01,0,0,0,3.5269732e-09
CASSYSLAGGEETQYF,YLQPRTFLL,B*37:01,0,0,0,8.761302e-09
CASSYSLAGGEETQYF,YLEPGPVTA,A*68:01,0,0,0,3.4042882e-09
CASSYSNGGYGYTF,CTELKLNDY,B*07:02,0,0,0,8.356235e-09
CASSYSNGGYGYTF,YVLDHLIVV,A*11:01,0,0,0,3.427038e-09
CASSYSNGYEQYF,NLNCCSVPV,B*15:01,0,0,0,7.713469e-09
CASSYSNGYEQYF,FMLYLLTLM,B*38:01,0,0,0,8.921026e-09
CASSYSNGYEQYF,NMINFAPNI,B*07:02,0,0,0,1.0308973e-08
CASSYSQGVYTGELFF,RLGPYLEFL,B*07:02,0,0,0,6.8502106e-09
CASSYSQGVYTGELFF,RYPLTFGWCF,B*57:01,0,0,0,2.8461369e-09
CASSYSQGVYTGELFF,NMIHFAPNV,B*38:01,0,0,0,3.156124e-09
CASSYSQGVYTGELFF,LLFALYFSA,B*07:02,0,0,0,5.4080357e-10
CASSYSQGVYTGELFF,KMVTVCPNT,B*51:01,0,0,0,7.105597e-10
CASSYSQGVYTGELFF,KLVALGINAV,A*02:01,0,0,0,3.8391526e-10
CASSYSQGVYTGELFF,LLFGMTPCL,B*35:01,0,0,0,6.780351e-10
CASSYSQGVYTGELFF,YLEPGPVTA,A*24:02,0,0,0,6.2331645e-10
CASSYSQGVYTGELFF,DATYQRTRALVR,B*51:01,0,0,0,1.1173473e-09
CASSYSRLAGYNEQFF,MLNIPSINV,A*11:01,0,0,0,5.1206058e-05
CASSYSRLAGYNEQFF,VLFHRAFLV,B*07:02,0,0,0,5.5211975e-05
CASSYSRLAGYNEQFF,KAFSPEVIPMF,A*24:02,0,0,0,2.3863628e-05
CASSYSRLAGYNEQFF,VYFLQSINF,A*11:01,0,0,0,1.1738617e-06
CASSYSRLAGYNEQFF,ALSPVIPLI,B*27:09,0,0,0,5.646389e-05
CASSYSRLAGYNEQFF,VLFGLGFAI,A*30:02,0,0,0,5.683367e-05
CASSYSRLAGYNEQFF,CLGGLLTMV,A*24:02,0,0,0,1.8211487e-05
CASSYSRLAGYNEQFF,VVLSWAPPV,B*51:01,0,0,0,0.00018241825
CASSYSSDFWGDQPQHF,GQFLTPNSH,B*38:01,0,0,0,8.511179e-11
CASSYSSDFWGDQPQHF,RPIPIKYKAM,B*15:01,0,0,0,7.986916e-11
CASSYSSDFWGDQPQHF,GQMWLLAPR,A*02:01,0,0,0,8.968322e-12
CASSYSSDFWGDQPQHF,ILNAMIAKI,B*35:08,0,0,0,1.00349916e-10
CASSYSSDFWGDQPQHF,SLAPLSPRV,A*01:01,0,0,0,9.800549e-11
CASSYSSDFWGDQPQHF,NLFNRYPAL,B*37:01,0,0,0,1.2527779e-10
CASSYSSDFWGDQPQHF,FLTVFSHFM,B*08:01,0,0,0,7.688549e-11
CASSYSSDRSSYEQYF,VYFLQSINF,B*35:01,0,0,0,1.4519969e-08
CASSYSSDRSSYEQYF,LLFGMTPCL,B*15:01,0,0,0,9.334615e-09
CASSYSSDRSSYEQYF,VYFLQSINF,B*07:02,0,0,0,1.4090104e-08
CASSYSSDRSSYEQYF,IVCPICSQK,A*30:02,0,0,0,8.78225e-09
CASSYSSDRSSYEQYF,LLSIISFPA,A*24:02,0,0,0,1.1528031e-08
CASSYSSDRSSYEQYF,VYFLQSINF,B*38:01,0,0,0,0.0058183568
CASSYSSDRSSYEQYF,QKRPIPIKYKAM,B*27:09,0,0,0,0.01319134
CASSYSSDRSSYEQYF,YLEPGPVTA,B*27:05,0,0,0,0.010520123
CASSYSSDRSSYEQYF,LVLEVDPNI,A*11:01,0,0,0,0.011142421
CASSYSSDRSSYEQYF,NMINFAPNI,B*27:09,0,0,0,0.013241817
CASSYSSDRSSYEQYF,CTELKLNDY,B*07:02,0,0,0,0.011115135
CASSYSSGTEAFF,GCQEICPAC,A*01:01,0,0,0,0.01432072
CASSYSSGTEAFF,SLLWMNPFV,A*02:01,0,0,0,0.0019763834
CASSYSSGYFLFF,FLTVFSHFM,A*01:01,0,0,0,0.000966933
CASSYSSGYFLFF,LLSIISFPA,A*11:01,0,0,0,0.001052703
CASSYSSGYFLFF,AVGSYVYSV,A*30:02,0,0,0,0.00072602794
CASSYSSGYFLFF,IVCPICSQK,A*68:01,0,0,0,0.0015722176
CASSYSSGYFLFF,ILNAMIAKI,B*08:01,0,0,0,0.0012247867
CASSYSTGAGETQYF,LLWNGPMAV,A*68:01,0,0,0,0.0017099621
CASSYSTGAGETQYF,LLFALYFSA,A*68:01,0,0,0,0.0011356075
CASSYSTGAGETQYF,TAFTIPSI,B*37:01,0,0,0,8.691397e-09
CASSYSTGAGETQYF,FMLYLLTLM,A*30:02,0,0,0,1.2106601e-08
CASSYSTGAGETQYF,RLPGVLPRA,B*27:09,0,0,0,1.3484575e-08
CASSYSTGAGETQYF,LLAILTYYV,A*30:02,0,0,0,1.3356129e-08
CASSYSTGAGETQYF,LLAGTLAGV,B*27:05,0,0,0,1.435683e-08
CASSYSTGGTDTQYF,FLIYLDVSV,A*01:01,0,0,0,1.8191696e-07
CASSYSTGGTDTQYF,YVLTWIVGA,A*30:02,0,0,0,4.5905637e-07
CASSYSTGGTDTQYF,AVGSYVYSV,A*24:02,0,0,0,1.8430391e-07
CASSYSTGGTDTQYF,KMVTVCPNT,B*27:05,0,0,0,1.2538506e-07
CASSYSTGGTDTQYF,VLNYFEPYL,B*51:01,0,0,0,4.3495052e-07
CASSYSTGGTDTQYF,CTELKLSDY,B*57:01,0,0,0,9.43367e-08
CASSYSVKGQDYSYEQYF,LMFWASSSI,B*27:09,0,0,0,1.5865326e-09
CASSYSVKGQDYSYEQYF,VLFHRAFLV,A*24:02,0,0,0,1.4135318e-09
CASSYSVKGQDYSYEQYF,LLSIISFPA,B*08:01,0,0,0,1.1168572e-09
CASSYSVKGQDYSYEQYF,CTELKLSDY,A*11:01,0,0,0,1.4102565e-10
CASSYSVKGQDYSYEQYF,QKRPIPIKYKAM,A*02:01,0,0,0,1.093237e-09
CASSYSVKGQDYSYEQYF,SLLMWITQA,A*11:01,0,0,0,2.9970624e-09
CASSYSVKGQDYSYEQYF,QYDPVAALF,B*08:01,0,0,0,8.0100626e-10
CASSYSVKGQDYSYEQYF,TRLALIAPK,B*27:09,0,0,0,2.523298e-09
CASSYSVKGQDYSYEQYF,KLSALGINAV,B*08:01,0,0,0,6.2544254e-09
CASSYSWGEQFF,SVYGDTLEK,A*01:01,0,0,0,4.0862658e-10
CASSYSWGEQFF,NDMLVCANI,B*35:01,0,0,0,1.2847643e-09
CASSYSWGEQFF,RTMEVCYNT,B*27:09,0,0,0,2.328756e-09
CASSYSWGEQFF,KVKEVCPNV,B*27:09,0,0,0,1.2674298e-09
CASSYSWGEQFF,CTELKLSDY,B*27:09,0,0,0,2.2824694e-12
CASSYSWGEQFF,MMPFSIVYI,B*35:01,0,0,0,5.968757e-12
CASSYSWGEQFF,SLLMWITQA,B*57:01,0,0,0,8.733593e-12
CASSYSYRGTNEKLFF,YVLTWIVGA,B*38:01,0,0,0,3.5713138e-12
CASSYSYRGTNEKLFF,VLNYFEPYL,A*30:02,0,0,0,2.5330613e-14
CASSYSYRGTNEKLFF,RPPIFIRRL,A*03:01,0,0,0,2.0081706e-14
CASSYSYRGTNEKLFF,NMIHFAPNV,B*38:01,0,0,0,1.4299567e-13
CASSYSYRGTNEKLFF,CTELKLNDY,B*35:01,0,0,0,3.52134e-13
CASSYSYRGTNEKLFF,LLWNGPMAV,A*68:01,0,0,0,9.2689826e-14
CASSYTEAYEQYF,LRVMMLAPF,B*27:05,0,0,0,1.726506e-13
CASSYTEAYEQYF,VYFLQSINF,B*57:01,0,0,0,5.2323773e-14
CASSYTEAYEQYF,IMDQVPFSV,B*07:02,0,0,0,1.0179675e-13
CASSYTEAYEQYF,RLVPYLEFL,B*27:09,0,0,0,1.0917615e-13
CASSYTEAYEQYF,HPVGEADYFEY,A*03:01,0,0,0,2.0797207e-14
CASSYTEAYEQYF,LLAILTYYV,B*51:01,0,0,0,1.1556627e-12
CASSYTGAYEQYVF,LLWNGPMAV,B*35:08,0,0,0,1.8214479e-16
CASSYTGAYEQYVF,MTLHGFMMY,A*03:01,0,0,0,3.4681466e-18
CASSYTGAYEQYVF,KTFPPTEPK,B*35:08,0,0,0,1.3474576e-19
CASSYTGAYEQYVF,KLSALGINAV,B*27:09,0,0,0,8.4585074e-17
CASSYTGAYEQYVF,MIISHLYLI,B*35:01,0,0,0,3.1995085e-17
CASSYTGFLNTGELFF,LLAMTVPNV,B*27:05,0,0,0,1.4064386e-15
CASSYTGFLNTGELFF,GMGPLLATV,A*24:02,0,0,0,1.1208658e-15
CASSYTGFLNTGELFF,LMFWASSSI,B*07:02,0,0,0,4.3656133e-15
CASSYTGFLNTGELFF,LLSIIFFPA,B*35:08,0,0,0,5.596542e-15
CASSYTGFLNTGELFF,FLIYLDVSV,A*03:01,0,0,0,1.0326569e-15
CASSYVGNTGELFF,RFPLTFGWCF,B*07:02,0,0,0,1.7949767e-14
CASSYVGNTGELFF,SLAPLSPRV,B*08:01,0,0,0,2.2351204e-14
CASSYVGNTGELFF,ILNVDVFTL,A*03:01,0,0,0,3.1727137e-14
CASSYVGNTGELFF,LMFWASSSI,A*11:01,0,0,0,8.633563e-14
CASSYVGNTGELFF,RYPLTFGWCF,B*38:01,0,0,0,6.4665856e-14
CASSYWPTTGESTDTQYF,GKTELLAPF,B*35:01,0,0,0,5.3276475e-13
CASSYWPTTGESTDTQYF,GQFLTPNSH,B*35:01,0,0,0,4.3387803e-13
CASSYWPTTGESTDTQYF,YHSIEWAI,B*27:09,0,0,0,5.9081337e-13
CASSYWPTTGESTDTQYF,VYIGDPAQL,B*27:05,0,0,0,3.8399674e-13
CASSYWPTTGESTDTQYF,TSTLQEQIGW,B*35:08,0,0,0,2.9594868e-12
CASTATFGVTEAFF,SLLMWITQA,B*27:05,0,0,0,1.8515085e-12
CASTATFGVTEAFF,KLNTITPVV,B*08:01,0,0,0,9.882909e-13
CASTATFGVTEAFF,VLFHRAFLV,A*01:01,0,0,0,1.7960083e-13
CASTATFGVTEAFF,VSDGGPNLY,B*15:01,0,0,0,1.4508811e-12
CASTATFGVTEAFF,VLFHRAFLV,B*38:01,0,0,0,9.530931e-13
CASTATFGVTEAFF,VYGIRLEHF,B*27:05,0,0,0,2.3245135e-13
CASTATFGVTEAFF,QSRGDENRGW,B*27:05,0,0,0,1.2877234e-12
CASTATFGVTEAFF,SPRWYFYYL,B*35:08,0,0,0,3.785696e-12
CASTEGQGGEQYF,CTELKLSDY,B*27:05,0,0,0,5.490384e-13
CASTEGQGGEQYF,NMIHFAPNV,B*27:05,0,0,0,2.6566594e-12
CASTEGQGGEQYF,LLFALHFSA,A*02:01,0,0,0,1.7726118e-12
CASTEGQGGEQYF,HTMLCMCCK,B*27:05,0,0,0,2.1014744e-12
CASTEGQGGEQYF,RLVPYLEFL,B*51:01,0,0,0,1.4856994e-11
CASTEGQGGEQYF,DATYQRTRALVR,B*57:01,0,0,0,4.5007474e-12
CASTEGQGGEQYF,KMVTVCPNT,B*38:01,0,0,0,6.3586796e-12
CASTEGQGGEQYF,VYGIRLEHF,B*51:01,0,0,0,1.7047127e-17
CASTEGQGGEQYF,ILTGLNYEA,A*01:01,0,0,0,1.6696376e-17
CASTEGQGGEQYF,CTELKLNDY,B*15:01,0,0,0,9.7564605e-18
CASTEGQGGEQYF,ALSKGVHFV,B*27:09,0,0,0,1.6465953e-17
CASTGGGAPYNEQFF,RPIPIKYKAM,A*03:01,0,0,0,1.6779124e-17
CASTGGGAPYNEQFF,LLAILTYYV,B*07:02,0,0,0,3.455932e-17
CASTGGGAPYNEQFF,GMGPLLATV,B*35:08,0,0,0,3.8309176e-17
CASTGGGAPYNEQFF,CFLLILPNC,A*30:02,0,0,0,1.4031838e-10
CASTGGGAPYNEQFF,LLAMTVPNV,B*57:01,0,0,0,4.7165943e-10
CASTGGGAPYNEQFF,VVMSWAPPV,B*35:01,0,0,0,5.23794e-10
CASTGGGAPYNEQFF,NMIHFAPNV,B*15:01,0,0,0,6.927159e-11
CASTGGRSSYNEQFF,YLQPRTFLL,A*01:01,0,0,0,2.101756e-11
CASTGGRSSYNEQFF,LLFGMPPCL,A*01:01,0,0,0,2.1516592e-11
CASTGGRSSYNEQFF,YVLTWIVGA,A*30:02,0,0,0,3.8368686e-10
CASTGGRSSYNEQFF,TTDPSFLGRY,A*68:01,0,0,0,3.745974e-13
CASTGQNPEAFF,FLRGRAYGL,B*38:01,0,0,0,5.386862e-09
CASTGQNPEAFF,VAANIVLTV,B*35:01,0,0,0,2.534816e-10
CASTGQNPEAFF,VYFLQSINF,A*03:01,0,0,0,2.3473172e-12
CASTGQNPEAFF,NMINFAPNI,B*35:08,0,0,0,3.61598e-10
CASTGQNPEAFF,ALSKGVHFV,A*68:01,0,0,0,2.2735933e-15
CASTGQNPEAFF,QYDPVAALF,B*27:09,0,0,0,3.7149124e-15
CASTGQNPEAFF,FTSDYYQLY,B*35:08,0,0,0,7.930385e-15
CASTGSYGYTFGSGTRLTVTF,CFVECAPVC,A*30:02,0,0,0,1.6335586e-15
CASTGSYGYTFGSGTRLTVTF,MLYQHLLPL,B*27:05,0,0,0,4.010485e-15
CASTGSYGYTFGSGTRLTVTF,RFPLTFGWCF,B*27:05,0,0,0,6.4390005e-15
CASTGSYGYTFGSGTRLTVTF,AVGSYVYSV,B*35:08,0,0,0,1.0509821e-14
CASTGTDSYEQYF,LRVMMLAPF,A*01:01,0,0,0,8.7369766e-23
CASTGTDSYEQYF,TSTLQEQIGW,B*57:01,0,0,0,2.3471465e-20
CASTGTDSYEQYF,MIISHLYLI,B*57:01,0,0,0,9.683148e-20
CASTGTDSYEQYF,LLAMTVPNV,A*30:02,0,0,0,7.660423e-24
CASTGTDSYEQYF,NMIHFAPNV,B*15:01,0,0,0,5.21803e-20
CASTGTGGFSYNEQF,KLVALGINAV,A*03:01,0,0,0,6.5508207e-20
CASTGTGGFSYNEQF,RYPLTFGWCF,B*38:01,0,0,0,5.2496556e-20
CASTGTGGFSYNEQF,YLQPRTFLL,B*35:01,0,0,0,3.8718282e-20
CASTGTSGALYNEQFFGF,LLAGTLAGV,A*01:01,0,0,0,2.6842263e-11
CASTGTSGALYNEQFFGF,LVLEVDPNI,B*35:08,0,0,0,5.546377e-10
CASTGTSGRAETQYF,CTELKLSDY,A*01:01,0,0,0,6.2529847e-12
CASTGTSGRAETQYF,QYDPVAALF,B*38:01,0,0,0,4.4397194e-11
CASTGTSGRAETQYF,MIISHLYLI,A*30:02,0,0,0,1.9478334e-11
CASTLAGGPYEQYF,SLLMWITQC,A*02:01,0,0,0,1.2536009e-09
CASTLAGGPYEQYF,MLNIPSINV,B*35:01,0,0,0,2.2937138e-10
CASTLAGGPYEQYF,YVLDHLIVV,B*57:01,0,0,0,4.288214e-10
CASTLAGGPYEQYF,SVYGDTLEK,A*11:01,0,0,0,6.580477e-12
CASTLAGGPYEQYF,TSTLQEQIGW,B*27:05,0,0,0,1.2319823e-10
CASTLAGGPYEQYF,ELAGIGILTV,A*01:01,0,0,0,7.365621e-13
CASTLAGGPYEQYF,LLFALYFSA,A*11:01,0,0,0,1.3514667e-13
CASTLAGGPYEQYF,LLFGYPVYV,B*07:02,0,0,0,7.7504696e-13
CASTLAGGPYEQYF,HPVGEADYFEY,B*37:01,0,0,0,3.6442653e-13
CASTLAGGPYEQYF,DATYQRTRALVR,A*30:02,0,0,0,1.2145935e-13
CASTLAGGPYEQYF,FLYNLLTRV,B*51:01,0,0,0,2.9676715e-12
CASTLAGGPYEQYF,KLLEIAPNC,A*68:01,0,0,0,5.047276e-07
CASTLGTVEAFF,KMVTVCPNT,B*15:01,0,0,0,6.559537e-08
CASTLGTVEAFF,KLNTITPVV,B*27:09,0,0,0,1.7625639e-06
CASTLGTVEAFF,KMVAVFYTT,B*51:01,0,0,0,2.5191073e-06
CASTLGTVEAFF,VMHANYIFW,B*57:01,0,0,0,1.2113585e-05
CASTLGTVEAFF,LVLEVDPNI,B*27:05,0,0,0,3.420488e-06
CASTLGTVEAFF,KVKEVCPNV,A*02:01,0,0,0,3.6756371e-09
CASTLGTVEAFF,VAANIVLTV,A*24:02,0,0,0,6.732572e-08
CASTLSGGAVFEQYF,SLLMWITQC,B*15:01,0,0,0,5.523094e-12
CASTLSGGAVFEQYF,NMINFAPNI,A*30:02,0,0,0,5.487356e-14
CASTLSGGAVFEQYF,KMVAVFYTT,B*07:02,0,0,0,1.7586428e-12
CASTLSGGAVFEQYF,SVYGDTLEK,B*08:01,0,0,0,5.1109917e-15
CASTLSGGAVFEQYF,LLFGMPPCL,B*27:09,0,0,0,2.65643e-13
CASTLSGGAVFEQYF,VAANIVLTV,B*07:02,0,0,0,6.865684e-13
CASTLSGGAVFEQYF,IMDQVPFSV,B*27:05,0,0,0,1.33218e-13
CASTLTGFAEAFF,KRPIPIKYKAM,A*11:01,0,0,0,6.5751793e-13
CASTLTGFAEAFF,LLWNGPMAV,A*03:01,0,0,0,2.649753e-11
CASTLTGFAEAFF,RYPLTFGW,B*15:01,0,0,0,1.0398926e-12
CASTLTGFAEAFF,SPRWYFYYL,B*07:02,0,0,0,2.9572692e-12
CASTLTGFAEAFF,LLFALYFSA,A*30:02,0,0,0,2.2871422e-11
CASTNTVQLYMNTEAFF,IMDQVPFSV,B*27:09,0,0,0,5.5340377e-09
CASTNTVQLYMNTEAFF,RFPLTFGWCF,A*30:02,0,0,0,6.5068956e-10
CASTNYAGGDRGYTF,VMHANYIFW,A*01:01,0,0,0,4.0128715e-08
CASTNYAGGDRGYTF,ILNAMIAKI,B*51:01,0,0,0,1.5915836e-07
CASTNYAGGDRGYTF,LPRWYFYYL,A*03:01,0,0,0,8.16241e-10
CASTNYAGGDRGYTF,LIIPFIHLI,B*08:01,0,0,0,6.02309e-08
CASTPEGSYNEQF,SPRWYFYYL,B*15:01,0,0,0,9.876366e-10
CASTPEGSYNEQF,RLGPYLEFL,B*27:09,0,0,0,1.823733e-26
CASTPEGSYNEQF,NDMLVCANI,A*11:01,0,0,0,9.612473e-30
CASTPEGSYNEQF,VVMSWAPPV,A*68:01,0,0,0,4.3811165e-28
CASTPEGSYNEQF,FEDLRVSSF,B*07:02,0,0,0,6.612103e-28
CASTPEGSYNEQF,LLFGMTPCL,B*57:01,0,0,0,2.974078e-25
CASTPGQNEQYF,LLAMTVPNV,A*03:01,0,0,0,7.246115e-29
CASTPGQNEQYF,RLVPYLEFL,B*35:08,0,0,0,2.8881636e-27
CASTPGQNEQYF,FLIYLDVSV,A*11:01,0,0,0,2.0714222e-26
CASTPGQNEQYF,GQMWLLAPR,A*02:01,0,0,0,1.7030198e-28
CASTPGQNEQYF,GKTELLAPF,B*08:01,0,0,0,9.604498e-12
CASTPGQNEQYF,KLSALGINAV,A*02:01,0,0,0,3.072652e-12
CASTPGTEAFF,NLNCCSVPV,A*11:01,0,0,0,3.838871e-12
CASTPGTEAFF,VYIGDPAQL,B*37:01,0,0,0,7.566733e-12
CASTPGTEAFF,QSRGDENRGW,B*51:01,0,0,0,2.3133288e-12
CASTPGTEAFF,TSTLQEQIGW,B*57:01,0,0,0,1.819962e-12
CASTPGTESYEQYF,LLAMTVPNV,A*24:02,0,0,0,1.7783146e-12
CASTPGTESYEQYF,IPSINVHHY,A*24:02,0,0,0,2.2591243e-12
CASTPGTESYEQYF,NLFNRYPAL,B*15:01,0,0,0,1.6790051e-12
CASTPGTESYEQYF,LLSIISFPA,B*38:01,0,0,0,8.0483065e-13
CASTPGTESYEQYF,YVLTWIVGA,B*07:02,0,0,0,4.481037e-16
CASTPGTESYEQYF,QYDPVAALF,B*35:08,0,0,0,6.3647236e-19
CASTPGTESYEQYF,AVGSYVYSV,B*37:01,0,0,0,2.1006393e-21
CASTPTGNTEAFF,KMVAVFYTT,A*02:01,0,0,0,1.5558622e-19
CASTPTGNTEAFF,GQFLTPNSH,B*15:01,0,0,0,4.7499423e-22
CASTPTGNTEAFF,LLAGTLAGV,A*68:01,0,0,0,2.983319e-23
CASTPTGNTEAFF,YVLTWIVGA,A*02:01,0,0,0,2.1265407e-17
CASTPTGNTEAFF,SVYGDTLEK,A*11:01,0,0,0,2.1676882e-25
CASTPTGNTEAFF,RTMEVCYNT,A*02:01,0,0,0,3.2945986e-21
CASTPTGNTEAFF,VMPFSIVYIV,B*27:05,0,0,0,6.513467e-13
CASTPTGNTEAFF,IMDQVPFSV,B*27:05,0,0,0,2.3234242e-12
CASTPTGNTEAFF,LLAGTLAVV,B*38:01,0,0,0,1.1564542e-12
CASTPTGNTEAFF,SLLMWITQA,B*27:05,0,0,0,2.038241e-12
CASTPTGNTEAFF,AVGSYVYSV,B*08:01,0,0,0,1.6342218e-12
CASTPTGNTEAFF,LLFGYPVYV,B*35:01,0,0,0,2.4780035e-12
CASTPWGAEAFF,GCQEICPAC,B*57:01,0,0,0,3.3834454e-12
CASTPWGAEAFF,VMPFSIVYIV,B*51:01,0,0,0,3.960535e-11
CASTQGDTGELFF,KVKEVCPNV,B*27:09,0,0,0,4.5946206e-13
CASTQGDTGELFF,YHSIEWAI,B*35:01,0,0,0,2.089238e-11
CASTQGDTGELFF,CTELKLNDY,A*03:01,0,0,0,1.2624813e-13
CASTQGDTGELFF,VLFHRAFLV,B*35:08,0,0,0,7.895228e-13
CASTQGDTGELFF,QYIKWPWYI,A*01:01,0,0,0,1.6585645e-12
CASTQGDTGELFF,ALYGFVPVL,B*27:05,0,0,0,1.4357403e-12
CASTRELSYNEQFF,RFPLTFGWCF,B*15:01,0,0,0,3.4436757e-12
CASTRELSYNEQFF,KMVAVFYNT,A*01:01,0,0,0,1.0876628e-13
CASTRELSYNEQFF,FLRGRAYGL,B*27:09,0,0,0,8.52903e-13
CASTRELSYNEQFF,VSDGGPNLY,B*15:01,0,0,0,3.7715322e-13
CASTRELSYNEQFF,CTELKLSDY,A*30:02,0,0,0,9.1432775e-14
CASTRELSYNEQFF,NMINFAPNI,B*08:01,0,0,0,7.970639e-13
CASTRELSYNEQFF,LIIPFIHLI,A*30:02,0,0,0,1.01558214e-13
CASTRELSYNEQFF,LLSIISFPA,A*68:01,0,0,0,1.463736e-13
CASTRQGDSYEQYF,RYPLTFGW,A*11:01,0,0,0,2.4908106e-13
CASTRQGDSYEQYF,VLFHRAFLV,B*57:01,0,0,0,4.2014818e-13
CASTRQGDSYEQYF,CTELKLSDY,B*08:01,0,0,0,9.323439e-13
CASTRQGDSYEQYF,YHSIEWAI,B*51:01,0,0,0,7.4239004e-13
CASTRQGDSYEQYF,ALSPVIPLI,B*51:01,0,0,0,9.123517e-19
CASTSLGQGHISNYGYTF,LMFWASSSI,A*24:02,0,0,0,8.372849e-19
CASTSLGQGHISNYGYTF,SLLMWITQC,B*15:01,0,0,0,3.544292e-16
CASTSLGQGHISNYGYTF,QKRPIPIKYKAM,B*35:08,0,0,0,1.3511031e-17
CASTSLGQGHISNYGYTF,CLGGLLTMV,B*38:01,0,0,0,7.2657173e-20
CASTSLGQGHISNYGYTF,RLVPYLEFL,B*35:08,0,0,0,1.3701383e-21
CASTSLGQGHISNYGYTF,RFPLTFGWCF,B*37:01,0,0,0,2.1910238e-18
CASTSMGAGAANTEAFF,QSRGDENRGW,A*11:01,0,0,0,1.8543154e-15
CASTSMGAGAANTEAFF,KRPIPIKYKAM,A*24:02,0,0,0,6.0965277e-24
CASTSMGAGAANTEAFF,FLYNPLTRV,A*11:01,0,0,0,1.6829698e-25
CASTSMGAGAANTEAFF,KLLEIAPNC,A*03:01,0,0,0,7.695423e-24
CASTSMGAGAANTEAFF,FLYNLLTRV,B*27:09,0,0,0,1.2756612e-24
CASTSMGAGAANTEAFF,ITDQVPFSV,B*51:01,0,0,0,1.3718777e-24
CASTSMGAGAANTEAFF,CTELKLSDY,B*57:01,0,0,0,5.7456855e-19
CASTSMGAGAANTEAFF,VLFHRAFLV,A*02:01,0,0,0,7.0023146e-20
CASTSTGTGAYGYTF,LLSIISFPA,B*15:01,0,0,0,1.1792973e-19
CASTSTGTGAYGYTF,ALSPVIPHI,A*01:01,0,0,0,1.821216e-19
CASTSTGTGAYGYTF,VMPFSIVYI,B*07:02,0,0,0,4.2768404e-19
CASTSVMTDSIYGYTF,ALSKGVHFV,B*27:05,0,0,0,6.2796393e-19
CASTSVMTDSIYGYTF,IVCPICSQK,A*01:01,0,0,0,1.3103872e-19
CASTSVMTDSIYGYTF,YHSIEWAI,A*02:01,0,0,0,5.2207033e-18
CASTSVMTDSIYGYTF,KTFPPTEPK,A*01:01,0,0,0,1.8551163e-21
CASTSVMTDSIYGYTF,SVYGDTLEK,A*30:02,0,0,0,7.7804117e-22
CASTTGGSLPPEAF,YLQPRTFLL,A*02:01,0,0,0,4.2360048e-19
CASTTGGSLPPEAF,FLTVFSHFM,B*38:01,0,0,0,1.9296957e-18
CASTTGGSLPPEAF,VLNYFKPYL,B*15:01,0,0,0,3.2392244e-17
CASTTGGSLPPEAF,LLSIIFFPA,B*57:01,0,0,0,1.10750195e-17
CASTTGGSLPPEAF,QYDPVAALF,B*38:01,0,0,0,8.563626e-19
CASTTGGSLPPEAF,QSRGDENRGW,B*35:08,0,0,0,2.9440177e-18
CASTTGGSLPPEAF,NLVPMVATV,B*51:01,0,0,0,9.179407e-19
CASTVRQGSNQPQHF,FMLYLLTLM,B*35:08,0,0,0,1.5687119e-18
CASTVRQGSNQPQHF,VMHANYIFW,B*37:01,0,0,0,7.9927245e-18
CASTVRQGSNQPQHF,GCQEICPAC,B*27:05,0,0,0,6.144875e-19
CASTVRQGSNQPQHF,SLLMWITQA,A*01:01,0,0,0,3.1155088e-19
CASTVRQGSNQPQHF,VMPFSIVYIV,A*11:01,0,0,0,2.468089e-19
CASTVRQGSNQPQHF,KAFSPEVIPMF,A*30:02,0,0,0,9.230318e-20
CASTWGRASTDTQYF,LIIPFIHLI,B*35:08,0,0,0,6.075718e-19
CASTWGRASTDTQYF,ALSKGVHFV,A*11:01,0,0,0,1.13598475e-20
CASTWGRASTDTQYF,LLAMTVPNV,A*11:01,0,0,0,1.465353e-21
CASTWGRASTDTQYF,GMGPLLATV,B*51:01,0,0,0,1.9356444e-19
CASTYGGLNEQYF,LLFALHFSA,A*24:02,0,0,0,1.2416054e-20
CASTYGGLNEQYF,ILNVDVFTL,A*11:01,0,0,0,6.1259135e-20
CASTYGGLNEQYF,ILNVDIFTL,A*01:01,0,0,0,1.4507929e-19
CASTYGGLNEQYF,FLRGRAYGL,A*30:02,0,0,0,1.5226227e-20
CASTYGGLNEQYF,FLYNPLTRV,A*68:01,0,0,0,4.060496e-32
CASTYGGLNEQYF,RYPLTFGWCF,A*02:01,0,0,0,4.497338e-32
CASWGGANYGYTF,VMPFSIVYI,B*38:01,0,0,0,1.9561197e-31
CASWGGANYGYTF,IMDQVPFSV,B*35:08,0,0,0,2.3198402e-32
CASWGGANYGYTF,FLYNPLTRV,B*27:05,0,0,0,1.1935436e-28
CASWGGANYGYTF,GQFLTPNSH,B*27:05,0,0,0,2.441666e-31
CASWGGANYGYTF,LLFALYFSA,B*27:05,0,0,0,2.4195641e-29
CASWGGANYGYTF,QYDPVAALF,A*11:01,0,0,0,9.8629876e-20
CASYFFALFTDTQYF,CTELKLSDY,B*51:01,0,0,0,1.5156414e-18
CASYFFALFTDTQYF,ALSKGVHFV,B*37:01,0,0,0,4.71815e-18
CASYFFALFTDTQYF,LIIPFIHLI,A*30:02,0,0,0,6.6221073e-18
CASYPGTSGSYEQYF,KAFSPEVIPMF,A*03:01,0,0,0,5.600161e-19
CASYPGTSGSYEQYF,LRVMMLAPF,B*07:02,0,0,0,2.2549847e-18
CASYPGTSGSYEQYF,QSRGDENRGW,A*02:01,0,0,0,1.3049903e-18
CASYPGTSGSYEQYF,FLYNPLTRV,B*37:01,0,0,0,8.331651e-34
CASYPGTSGSYEQYF,VVMSWAPPV,B*07:02,0,0,0,5.7757153e-30
CASYPSDGYNEQFF,SLAPLSPRA,A*68:01,0,0,0,2.204653e-36
CASYPSDGYNEQFF,MLNIPSINV,B*35:08,0,0,0,2.8117222e-32
CASYVGLNTEAFF,SVYGDTLEK,B*35:01,0,0,0,5.4270675e-37
CASYVGLNTEAFF,VMPFSIVYI,A*02:01,0,0,0,4.449431e-35
CASYVGLNTEAFF,KLWASPLHV,B*38:01,0,0,0,4.709344e-31
CASYVGLNTEAFF,RLQSLQTYV,B*57:01,0,0,0,2.3987448e-32
CASYVGLNTEAFF,YVLTWIVGA,B*35:01,0,0,0,5.907168e-27
CASYVGLNTEAFF,ALSPVIPLI,B*15:01,0,0,0,2.6434067e-08
CASYVGLNTEAFF,TTDPSFLGRY,B*35:01,0,0,0,2.7037483e-10
CASYVGLNTEAFF,ELAGIGILTV,B*08:01,0,0,0,4.2732278e-08
CASYVGLNTEAFF,SPRWYFYYL,A*01:01,0,0,0,1.9083364e-09
CATAGTGGLF,KVKEVCPNV,A*30:02,0,0,0,7.1366196e-10
CATAGTGGLF,VLNYFEPYL,B*35:01,0,0,0,3.371631e-08
CATAGTGGLF,FMLYLLTLM,B*37:01,0,0,0,5.7169892e-08
CATAKEGLAYEQFF,FEDLRVLSF,B*27:05,0,0,0,1.9947456e-17
CATAKEGLAYEQFF,IPSINVHHY,B*08:01,0,0,0,1.25394485e-17
CATAKEGLAYEQFF,RLVPYLEFL,B*37:01,0,0,0,4.4832574e-17
CATAKEGLAYEQFF,DATYQRTRALVR,A*24:02,0,0,0,1.13478675e-17
CATAKEGLAYEQFF,LPRWYFYYL,B*27:09,0,0,0,1.2462814e-17
CATAKEGLAYEQFF,AVGSYVYSV,A*68:01,0,0,0,7.547668e-18
CATAKEGLAYEQFF,ALYGFVPVL,B*57:01,0,0,0,5.169675e-17
CATAKEGLAYEQFF,RLVPYLEFL,B*07:02,0,0,0,1.5214464e-17
CATAKEGLAYEQFF,MLYQHLLPL,B*08:01,0,0,0,1.605038e-17
CATAKEGLAYEQFF,LRVMMLAPF,B*27:05,0,0,0,1.155263e-17
CATAPGTGRTLKLIF,LVLEVDPNI,A*24:02,0,0,0,6.2805773e-18
CATAPGTGRTLKLIF,ILTGLNYEV,A*30:02,0,0,0,8.280706e-18
CATAPGTGRTLKLIF,KLVALGINAV,B*51:01,0,0,0,1.425804e-16
CATAPGTGRTLKLIF,RPIPIKYKAM,A*24:02,0,0,0,6.323344e-18
CATASDLQGDRSTEAFF,RPPIFIRRL,B*51:01,0,0,0,6.8217125e-19
CATASDLQGDRSTEAFF,CTELKLNDY,B*27:05,0,0,0,1.6723147e-17
CATGGGISYEQYF,SLLWMNPFV,A*11:01,0,0,0,3.5572183e-21
CATGGGISYEQYF,VMPFSIVYI,B*38:01,0,0,0,7.237304e-21
CATGGGISYEQYF,FLRGRAYGL,B*07:02,0,0,0,2.6430466e-21
CATGGGISYEQYF,LMFWASSSI,B*07:02,0,0,0,3.5353437e-21
CATGGGISYEQYF,AVGSYVYSV,A*24:02,0,0,0,3.7489944e-22
CATGGGISYEQYF,LIIPFIHLI,A*30:02,0,0,0,4.095181e-34
CATGPRGSSYNEQF,RLQSLQTYV,A*68:01,0,0,0,4.709483e-33
CATGPRGSSYNEQF,RFPLTFGWCF,A*30:02,0,0,0,2.1582462e-35
CATGPRGSSYNEQF,KTFPPTEPK,B*38:01,0,0,0,5.409976e-36
CATGPRGSSYNEQF,QSRGDENRGW,A*30:02,0,0,0,2.3730503e-33
CATGPRGSSYNEQF,FLIYLDVSV,A*24:02,0,0,0,9.698588e-30
CATGPRGSSYNEQF,VSDGGPNLY,A*24:02,0,0,0,2.8370972e-31
CATGPRGSSYNEQF,MTLHGFMMY,B*07:02,0,0,0,7.0624165e-32
CATGPRGSSYNEQF,VLFHRAFLV,B*27:09,0,0,0,4.8435645e-32
CATGPRGSSYNEQF,SLLWMNPFV,B*51:01,0,0,0,4.3091106e-30
CATGRDRAYEQYF,GCQEICPAC,A*30:02,0,0,0,8.0371717e-35
CATGRDRAYEQYF,RYPLTFGWCF,B*27:09,0,0,0,9.4709474e-32
CATGRDRAYEQYF,GQMWLLAPR,B*07:02,0,0,0,1.16874655e-33
CATGRDRAYEQYF,YVLDHLIVV,B*37:01,0,0,0,1.4007127e-18
CATGRDRAYEQYF,LPRWYFYYL,A*24:02,0,0,0,7.927345e-19
CATGRDRAYEQYF,FLIYLDVSV,B*38:01,0,0,0,4.089204e-18
CATGRDRAYEQYF,RPIPIKYKAM,A*03:01,0,0,0,2.1363126e-18
CATHGVSSRETQYF,DATYQRTRALVR,B*27:09,0,0,0,6.2380487e-19
CATHGVSSRETQYF,ALYGSVPVL,B*08:01,0,0,0,1.9024765e-18
CATHGVSSRETQYF,ILNVDVFTL,B*35:08,0,0,0,6.7376127e-18
CATHGVSSRETQYF,VSDGGPNLY,A*11:01,0,0,0,5.462708e-15
CATHGVSSRETQYF,ILTGLNYEA,B*35:01,0,0,0,3.0009388e-14
CATKPPGTDEQFF,KRPIPIKYKAM,A*11:01,0,0,0,1.7235604e-14
CATKPPGTDEQFF,NMINFAPNI,B*57:01,0,0,0,2.860688e-14
CATKPPGTDEQFF,MIISHLYLI,B*35:08,0,0,0,5.9211613e-10
CATKPPGTDEQFF,QYDPVAALF,B*51:01,0,0,0,1.0154524e-09
CATKPPGTDEQFF,THLMVLCCV,B*08:01,0,0,0,2.1279926e-10
CATKPPGTDEQFF,CFLLILPNC,B*27:05,0,0,0,6.6051553e-10
CATKPPGTDEQFF,RFPLTFGWCF,B*08:01,0,0,0,1.6872445e-10
CATKPPGTDEQFF,VSDGGPNLY,A*03:01,0,0,0,4.7707403e-27
CATKPPGTDEQFF,IMDQVPFSV,B*35:08,0,0,0,9.639109e-27
CATKPPGTDEQFF,HTMLCMCCK,B*35:01,0,0,0,4.0039528e-25
CATKPPGTDEQFF,ILNAMITKI,B*51:01,0,0,0,3.9202144e-22
CATQGTSGYTDTQYF,FEDLRVSSF,A*03:01,0,0,0,5.971976e-32
CATQGTSGYTDTQYF,YLEPGPVTA,B*38:01,0,0,0,3.2646168e-25
CATQGTSGYTDTQYF,NYNYLYRLF,A*01:01,0,0,0,1.8528464e-28
CATQGTSGYTDTQYF,LPRWYFYYL,B*38:01,0,0,0,2.5578168e-18
CATQGTSGYTDTQYF,KMVTVCPNT,B*07:02,0,0,0,1.7956382e-17
CATQGTSGYTDTQYF,RLVPYLEFL,B*27:05,0,0,0,1.8257452e-18
CATQRANTGELFF,GILGFVFTL,B*08:01,0,0,0,1.7731214e-17
CATQRANTGELFF,RLVPYLEFL,B*27:09,0,0,0,1.8257452e-18
CATQRANTGELFF,LIIPFIHLI,A*24:02,0,0,0,6.0286325e-15
CATQRANTGELFF,LLAILTYYV,B*08:01,0,0,0,1.9573907e-14
CATQRANTGELFF,KMVAVFYNT,B*38:01,0,0,0,4.471426e-15
CATQRANTGELFF,MLNIPSINV,B*57:01,0,0,0,4.5632536e-15
CATQRANTGELFF,FLRGRAYGL,A*02:01,0,0,0,3.3463127e-15
CATRGQSYEQYF,NMINFAPNI,A*24:02,0,0,0,2.8614232e-15
CATRGQSYEQYF,QKRPIPIKYKAM,B*51:01,0,0,0,7.451574e-14
CATRGQSYEQYF,ILNVDIFTL,B*15:01,0,0,0,3.0464323e-16
CATRGQSYEQYF,QYDPVAALF,A*03:01,0,0,0,3.0081476e-18
CATRGQSYEQYF,RYPLTFGW,B*08:01,0,0,0,9.715755e-18
CATRGQSYEQYF,SLAPLSPRA,B*08:01,0,0,0,8.044607e-17
CATRGQSYEQYF,FMLYLLTLM,B*51:01,0,0,0,1.1752579e-15
CATRGQSYEQYF,VLFGLGFAI,A*02:01,0,0,0,1.3693521e-17
CATRGQSYEQYF,ILNAMIAKI,A*01:01,0,0,0,1.1791546e-17
CATRKSYNSPLHF,VYGIRLEHF,A*68:01,0,0,0,2.729066e-23
CATRKSYNSPLHF,QSRGDENRGW,B*51:01,0,0,0,3.2568026e-19
CATRKSYNSPLHF,LLAMTVPNV,A*24:02,0,0,0,3.256961e-21
CATRKSYNSPLHF,CTELKLNDY,A*03:01,0,0,0,2.767077e-23
CATRKSYNSPLHF,VMPFSIVYI,B*35:01,0,0,0,6.8988535e-21
CATSAGPEMYEQYF,FLRGRAYGL,B*51:01,0,0,0,3.6781855e-19
CATSAGPEMYEQYF,GQMWLLAPR,A*24:02,0,0,0,8.846413e-22
CATSAGPEMYEQYF,TRLALIAPK,B*35:08,0,0,0,1.2896378e-20
CATSAGPEMYEQYF,ILTGLNYEV,B*35:01,0,0,0,2.4823548e-20
CATSAGPEMYEQYF,MIISHLYLI,A*03:01,0,0,0,2.5674387e-16
CATSAGPEMYEQYF,VAANIVLTV,A*68:01,0,0,0,1.8880836e-16
CATSAGPEMYEQYF,QYDPVAALF,B*51:01,0,0,0,3.3190414e-16
CATSASTGLEQFF,IPSINVHHY,B*37:01,0,0,0,3.99372e-16
CATSASTGLEQFF,IMDQVPFSV,A*68:01,0,0,0,4.1549964e-17
CATSASTGLEQFF,FLYNLLTRV,B*38:01,0,0,0,3.0375668e-16
CATSASTGLEQFF,RYPLTFGW,A*01:01,0,0,0,1.6161892e-17
CATSASTGLEQFF,HPVGEADYFEY,A*24:02,0,0,0,7.6219446e-17
CATSASTGLEQFF,THLMVLCCV,A*11:01,0,0,0,4.8576274e-17
CATSASTGLEQFF,ALYGSVPVL,B*51:01,0,0,0,4.8922e-16
CATSAVTRGNQPQHF,ALYGFVPVL,B*35:01,0,0,0,4.303592e-22
CATSAVTRGNQPQHF,KAFSPEVIPMF,B*51:01,0,0,0,8.252784e-21
CATSAVTRGNQPQHF,LVLEVDPNI,B*35:08,0,0,0,1.7385847e-20
CATSDFNHGYTF,CFLLILPNC,A*02:01,0,0,0,1.1527251e-21
CATSDFNHGYTF,NDMLVCANI,B*57:01,0,0,0,1.1313477e-22
CATSDFNHGYTF,KMVTVCPNT,B*51:01,0,0,0,1.8294838e-16
CATSDFNHGYTF,RYPLTFGWCF,B*51:01,0,0,0,1.4651561e-15
CATSDFNHGYTF,KRPIPIKYKAM,B*08:01,0,0,0,8.905995e-17
CATSDFNHGYTF,RLVPYLEFL,A*68:01,0,0,0,1.0875159e-16
CATSDLGGLTGELFF,QYIKWPWYI,A*01:01,0,0,0,1.4114307e-16
CATSDLGGLTGELFF,HPVGEADYFEY,B*35:08,0,0,0,1.704135e-16
CATSDLGGLTGELFF,LLFGMTPCL,B*35:08,0,0,0,2.9154882e-16
CATSDLGGLTGELFF,NMIHFAPNV,B*07:02,0,0,0,1.1863696e-16
CATSDLGGLTGELFF,QYDPVAALF,B*37:01,0,0,0,4.535588e-16
CATSDLGGLTGELFF,VLNYFEPYL,B*07:02,0,0,0,1.9071224e-15
CATSDLGGLTGELFF,CFLLILPNC,B*35:01,0,0,0,4.351846e-15
CATSDLGGLTGELFF,LLAGTLAVV,B*27:09,0,0,0,5.9410536e-16
CATSDLQGVRGVNEQF,NLFNRYPAL,B*37:01,0,0,0,2.962758e-15
CATSDLQGVRGVNEQF,RLPGVLPRA,B*07:02,0,0,0,8.4235113e-16
CATSDLQGVRGVNEQF,RYRIGNYKL,B*57:01,0,0,0,1.2691727e-15
CATSDLTQDEQYF,VYFLQSINF,A*68:01,0,0,0,2.4713242e-16
CATSDLTQDEQYF,GMGPLLATV,A*01:01,0,0,0,2.4235178e-14
CATSDLTQDEQYF,LLAILTYYV,A*02:01,0,0,0,8.347373e-14
CATSDLTQDEQYF,MLYQHLLPL,B*08:01,0,0,0,1.0699447e-13
CATSDLTQDEQYF,EIQEFCPNT,A*24:02,0,0,0,6.978124e-14
CATSDLTRDEQFF,ILNVDIFTL,B*08:01,0,0,0,3.4880285e-14
CATSDPGTTNTGELFF,KLLEIAPNC,A*24:02,0,0,0,1.290675e-22
CATSDPGTTNTGELFF,AEMEFCPCC,A*24:02,0,0,0,1.2680495e-23
CATSDPGTTNTGELFF,QYDPVAALF,B*08:01,0,0,0,4.473173e-27
CATSDPGTTNTGELFF,MLNIPSINV,B*15:01,0,0,0,1.2872312e-25
CATSDPGTTNTGELFF,FTSDYYQLY,A*03:01,0,0,0,1.6893857e-29
CATSDPRDWTGEANQPQHF,ALSPVIPLI,B*08:01,0,0,0,1.0976936e-24
CATSDPRDWTGEANQPQHF,VAANIVLTV,B*08:01,0,0,0,1.9143214e-25
CATSDPRDWTGEANQPQHF,YVLTWIVGA,A*24:02,0,0,0,2.8249943e-21
CATSDPRDWTGEANQPQHF,QKRPIPIKYKAM,B*08:01,0,0,0,1.934953e-24
CATSDPRDWTGEANQPQHF,CFLLILPNC,B*15:01,0,0,0,4.969901e-25
CATSDRDRDTGELFF,CTELKLSDY,A*24:02,0,0,0,1.1740907e-26
CATSDRDRDTGELFF,SLLMWITQA,B*27:09,0,0,0,5.576968e-26
CATSDRDRDTGELFF,IPSINVHHY,A*11:01,0,0,0,8.216055e-31
CATSDRDRDTGELFF,FLIYLDVSV,A*24:02,0,0,0,9.3781855e-26
CATSDRDRDTGELFF,LIIPFIHLI,B*57:01,0,0,0,8.699913e-26
CATSDRDRDTGELFF,KMVAVFYNT,B*37:01,0,0,0,6.521476e-27
CATSDRDRDTGELFF,NDMLVCANI,A*68:01,0,0,0,2.3713593e-32
CATSDRDRDTGELFF,KLSALGINAV,B*07:02,0,0,0,4.1173006e-18
CATSDSGLAGDYNEQF,MIISHLYLI,A*02:01,0,0,0,7.552154e-20
CATSDSGLAGDYNEQF,FLIYLDVSV,A*03:01,0,0,0,1.3755758e-19
CATSDSGLAGDYNEQF,ITDQVPFSV,B*08:01,0,0,0,6.091487e-23
CATSDSGLAGDYNEQF,HTMLCMCCK,A*11:01,0,0,0,2.5532434e-19
CATSDSGLAGDYNEQF,LLAGTLAVV,B*27:09,0,0,0,1.0210285e-20
CATSDSGLAGDYNEQF,DATYQRTRALVR,A*30:02,0,0,0,9.170823e-21
CATSDSGLAGDYNEQF,MLYQHLLPL,A*03:01,0,0,0,4.4787185e-21
CATSDSGLAGDYNEQF,RLPGVLPRA,B*35:08,0,0,0,3.3972292e-25
CATSDSGLAGDYNEQF,SLAPLSPRV,B*35:08,0,0,0,8.87626e-22
CATSDSGLAGDYNEQF,FLRGRAYGL,B*27:09,0,0,0,1.04375026e-22
CATSEGLQYEQYF,LLFGMPPCL,B*35:01,0,0,0,2.4703716e-24
CATSEGLQYEQYF,QSRGDENRGW,A*03:01,0,0,0,1.3757152e-22
CATSEGLQYEQYF,TSTLQEQIGW,A*01:01,0,0,0,6.933791e-27
CATSEGLQYEQYF,TSTLQEQIGW,B*07:02,0,0,0,3.9390984e-24
CATSEGLQYEQYF,TSTLQEQIGW,A*11:01,0,0,0,1.0607511e-26
CATSEGLQYEQYF,VMPFSIVYIV,A*01:01,0,0,0,6.2831667e-25
CATSEGLQYEQYF,ALSKGVHFV,B*07:02,0,0,0,1.0973588e-24
CATSGGPAYEQYF,KLSALGINAV,A*24:02,0,0,0,1.4629896e-22
CATSGGPAYEQYF,MMPFSIVYI,A*30:02,0,0,0,2.1942791e-24
CATSGGPAYEQYF,NLNCCSVPV,B*08:01,0,0,0,8.640596e-22
CATSGGPAYEQYF,LLFALHFSA,B*57:01,0,0,0,3.6265064e-21
CATSGGTSYEQF,RQLLFVVEV,A*02:01,0,0,0,2.2967272e-16
CATSGGTSYEQF,FLRGRAYGL,A*02:01,0,0,0,9.631813e-16
CATSGGTSYEQF,CFVECAPVC,B*08:01,0,0,0,2.0630354e-15
CATSGGTSYEQF,SLLMPILTL,B*27:09,0,0,0,5.536056e-07
CATSGGTSYEQF,RQLLFVVEV,A*11:01,0,0,0,1.6619806e-07
CATSGGTSYEQF,QSRGDENRGW,B*08:01,0,0,0,7.8121684e-07
CATSGRRDEQFF,ALYGFVPVL,B*08:01,0,0,0,2.4481773e-07
CATSGRRDEQFF,NLVPMVATV,B*07:02,0,0,0,3.095742e-07
CATSGRRDEQFF,KMVTVCPNT,A*02:01,0,0,0,4.5788152e-08
CATSGRRDEQFF,IPSINVHHY,B*07:02,0,0,0,3.7703404e-12
CATSGRRDEQFF,KTFPPTEPK,B*38:01,0,0,0,9.170581e-13
CATSGRRDEQFF,GQFLTPNSH,B*27:05,0,0,0,1.4744826e-12
CATSGRTGGGEQYF,RLQSLQTYV,A*24:02,0,0,0,2.7644166e-13
CATSGRTGGGEQYF,SLLWMNPFV,A*24:02,0,0,0,3.1236342e-13
CATSGRTGGGEQYF,RYPLTFGW,A*24:02,0,0,0,8.372171e-13
CATSGRTGGGEQYF,TSTLQEQIGW,A*24:02,0,0,0,6.9972657e-13
CATSGRTGGGEQYF,YHSIEWAI,B*07:02,0,0,0,1.6319696e-12
CATSGRTGGGEQYF,VYFLQSINF,A*30:02,0,0,0,4.5245096e-13
CATSGRTGGGEQYF,VLFHRAFLV,B*57:01,0,0,0,6.8986856e-09
CATSGRTGGGEQYF,RLVPYLEFL,B*27:05,0,0,0,2.5414402e-09
CATSGSGNYEQYF,SPRWYFYYL,B*35:08,0,0,0,5.967127e-09
CATSGSGNYEQYF,LRVMMLAPF,B*35:08,0,0,0,7.596664e-09
CATSGSGNYEQYF,VYGIRLEHF,B*07:02,0,0,0,3.0947307e-09
CATSGSGNYEQYF,FMLYLLTLM,B*08:01,0,0,0,5.0610387e-09
CATSGSGNYEQYF,RLVPYLEFL,B*15:01,0,0,0,3.1120444e-09
CATSGSGNYEQYF,LLFALYFSA,A*68:01,0,0,0,9.691713e-14
CATSGSGNYEQYF,ALYGFVPVL,B*08:01,0,0,0,3.653459e-13
CATSGSYEQYF,VYFLQSINF,A*01:01,0,0,0,9.289225e-15
CATSGSYEQYF,LLFALHFSA,A*24:02,0,0,0,3.6091188e-13
CATSGSYEQYF,ALYGFVPVL,A*02:01,0,0,0,4.9749576e-13
CATSGSYEQYF,SLLMPILTL,B*51:01,0,0,0,6.9773023e-13
CATSGSYEQYF,SPRWYFYYL,A*02:01,0,0,0,1.2838847e-13
CATSGSYEQYF,KLWASPLHV,A*11:01,0,0,0,8.406199e-11
CATSGTGGHEQYF,VLFGLGFAI,B*38:01,0,0,0,1.3884296e-10
CATSGTGGHEQYF,GCQEICPAC,B*08:01,0,0,0,1.4602393e-09
CATSGTGGHEQYF,ALYGSVPVL,A*01:01,0,0,0,4.3910067e-12
CATSGTGGHEQYF,FEDLRVSSF,B*27:09,0,0,0,9.0206636e-12
CATSGTGGHEQYF,TRLALIAPK,B*27:05,0,0,0,8.424806e-10
CATSGTGGHEQYF,VMHANYIFW,A*68:01,0,0,0,1.6580812e-15
CATSGTGGTGELFF,ILNAMITKI,A*03:01,0,0,0,1.0709456e-16
CATSGTGGTGELFF,QKRPIPIKYKAM,A*02:01,0,0,0,6.476568e-15
CATSGTGGTGELFF,RPPIFIRRL,B*37:01,0,0,0,6.41595e-16
CATSGTGGTGELFF,KLVALGINAV,B*35:08,0,0,0,7.78225e-15
CATSGTGGTGELFF,LLWNGPMAV,A*30:02,0,0,0,2.6145636e-16
CATSGTGGTGELFF,SLLWMNPFV,B*51:01,0,0,0,2.1819867e-06
CATSGTGGTGELFF,SPRWYFYYL,B*38:01,0,0,0,1.5401712e-07
CATSLGQAYGYTF,NDMLVCANI,A*11:01,0,0,0,1.01611796e-07
CATSLGQAYGYTF,EAAGIGILTV,B*35:01,0,0,0,2.7275626e-06
CATSLGQAYGYTF,TSTLQEQIGW,B*07:02,0,0,0,7.051029e-17
CATSLGQAYGYTF,VVMSWAPPV,B*35:01,0,0,0,7.63901e-15
CATSLGQAYGYTF,KLLEIAPNC,A*11:01,0,0,0,1.9681997e-17
CATSLGQAYGYTF,ALYGSVPVL,B*37:01,0,0,0,1.3057721e-18
CATSPGLAGAYQETQYF,ITDQVPFSV,B*37:01,0,0,0,2.0275167e-19
CATSPGLAGAYQETQYF,LPRWYFYYL,A*02:01,0,0,0,3.3770571e-19
CATSPGLAGAYQETQYF,IPSINVHHY,B*37:01,0,0,0,5.1412713e-19
CATSPGLAGAYQETQYF,FLRGRAYGL,A*01:01,0,0,0,1.1015063e-17
CATSPGLAGAYQETQYF,ILTGLNYEV,A*01:01,0,0,0,2.505123e-17
CATSPGLAGAYQETQYF,NLNCCSVPV,B*35:01,0,0,0,3.4e-44
CATSPGLAGAYQETQYF,RLGPYLEFL,B*07:02,0,0,0,4e-45
CATSPGLAGAYQETQYF,ALSPVIPHI,B*37:01,0,0,0,9.4e-44
CATSPGLAGAYQETQYF,TTDPSFLGRY,A*01:01,0,0,0,8.4686097e-14
CATSPRGGHEQYF,KMVTVCPNT,B*35:01,0,0,0,7.05759e-11
CATSPRGGHEQYF,SLAPLSPRA,B*57:01,0,0,0,1.4836414e-10
CATSPRGGHEQYF,RLQSLQTYV,B*27:05,0,0,0,3.878322e-10
CATSPRGGHEQYF,RPRGEVRFL,B*57:01,0,0,0,3.0627142e-10
CATSPRGGHEQYF,RYPLTFGW,B*57:01,0,0,0,7.7740474e-11
CATSPSAGGYGYTF,LLAILTYYV,B*37:01,0,0,0,1.9924314e-19
CATSPSAGGYGYTF,LPRWYFYYL,B*35:01,0,0,0,3.736997e-24
CATSPSAGGYGYTF,VYIGDPAQL,B*27:09,0,0,0,2.6939e-22
CATSPSAGGYGYTF,GQMWLLAPR,A*68:01,0,0,0,1.4496654e-25
CATSPSLGTQYF,RYPLTFGWCF,B*27:05,0,0,0,1.7287637e-20
CATSPSLGTQYF,HTMLCMCCK,B*27:09,0,0,0,3.8332145e-16
CATSPSLGTQYF,EIQEFCPNT,A*11:01,0,0,0,1.4219492e-21
CATSPSLGTQYF,SLLMPILTL,A*68:01,0,0,0,3.668538e-15
CATSPSLGTQYF,VYFLQSINF,B*27:05,0,0,0,2.8024983e-20
CATSPSLGTQYF,LLWNGPMAV,B*35:08,0,0,0,1.6252042e-12
CATSPSLGTQYF,CTELKLNDY,B*35:01,0,0,0,1.7674536e-19
CATSPSLGTQYF,LLFGYPVYV,A*24:02,0,0,0,6.4871376e-19
CATSPSLGTQYF,VVMSWAPPV,A*11:01,0,0,0,3.2314702e-19
CATSPSLGTQYF,NLFNRYPAL,A*24:02,0,0,0,1.7371959e-16
CATSPSLGTQYF,NLFNRYPAL,A*11:01,0,0,0,1.1759243e-18
CATSRAMNTEAFF,ILNAMITKI,B*07:02,0,0,0,1.1515376e-15
CATSRAMNTEAFF,ALSKGVHFV,B*51:01,0,0,0,2.874228e-19
CATSRAMNTEAFF,NMIHFAPNV,B*15:01,0,0,0,2.8377853e-19
CATSRAMNTEAFF,FMLYLLTLM,B*35:01,0,0,0,9.944141e-19
CATSRAMNTEAFF,AEMEFCPCC,A*02:01,0,0,0,5.9203184e-20
CATSRAMNTEAFF,QYDPVAALF,B*37:01,0,0,0,2.5094708e-20
CATSRDGLAGANSPLHF,SLLWMNPFV,A*11:01,0,0,0,2.4027889e-20
CATSRDGLAGANSPLHF,KLNTITPVV,B*27:09,0,0,0,3.101388e-18
CATSRDGLAGANSPLHF,RTMEVCYNT,B*27:05,0,0,0,4.2523243e-19
CATSRDQEGANQPQHF,ILNVDIFTL,B*37:01,0,0,0,1.5285544e-18
CATSRDQEGANQPQHF,FMLYLLTLM,B*51:01,0,0,0,3.614124e-18
CATSRDQEGANQPQHF,KLSALGINAV,A*68:01,0,0,0,1.6484743e-17
CATSRDQEGANQPQHF,QYDPVAALF,B*35:01,0,0,0,4.454261e-17
CATSRDRGLTEAFF,YHSIEWAI,B*08:01,0,0,0,1.14421065e-17
CATSRDRGLTEAFF,MLNIPSINV,A*24:02,0,0,0,8.1961325e-19
CATSRDRGLTEAFF,FMLYLLTLM,B*27:09,0,0,0,6.772994e-18
CATSRDRGLTEAFF,FMLYLLTLM,A*11:01,0,0,0,2.2120358e-18
CATSRDRGLTEAFF,RYPLTFGW,B*51:01,0,0,0,6.3150996e-18
CATSRDRGPYGYTF,LPRWYFYYL,B*37:01,0,0,0,2.1268803e-18
CATSRDRGPYGYTF,LRVMMLAPF,B*51:01,0,0,0,1.25791655e-17
CATSRDRGPYGYTF,FMLYLLTLM,B*37:01,0,0,0,3.589e-42
CATSRDRGPYGYTF,LVLEVDPNI,B*51:01,0,0,0,7.7175e-41
CATSRDRGTDTFF,MLYQHLLPL,A*11:01,0,0,0,2.2e-44
CATSRDRGTDTFF,EAAGIGILTV,B*27:05,0,0,0,1.38916e-40
CATSRDRGTDTFF,ILTGLNYEA,B*37:01,0,0,0,1.143e-41
CATSRDRGTDTFF,AVGSYVYSV,B*38:01,0,0,0,3.646039e-35
CATSRDRGTDTFF,ALSKGVHFV,A*30:02,0,0,0,2.2424635e-38
CATSRDRGTDTFF,LLSIISFPA,B*35:01,0,0,0,3.1137758e-33
CATSRESGNGKLF,GCQEICPAC,B*35:01,0,0,0,1.1419338e-33
CATSRESGNGKLF,KLNTITPVV,A*68:01,0,0,0,2.497102e-37
CATSRESGNGKLF,LLAMTVPNV,B*27:09,0,0,0,2.2226755e-34
CATSRESGNGKLF,SLLMPILTL,B*27:05,0,0,0,1.8053017e-32
CATSRESGNGKLF,RLGPYLEFL,B*07:02,0,0,0,2.7637898e-35
CATSRESGNGKLF,IMDQVPFSV,B*08:01,0,0,0,4.798388e-36
CATSREWPANRHQETQYF,FEDLRVLSF,B*15:01,0,0,0,3.8331016e-14
CATSREWPANRHQETQYF,SLAPLSPRV,B*35:01,0,0,0,5.103126e-13
CATSREWPANRHQETQYF,SLAPLSPRA,A*68:01,0,0,0,3.1376275e-15
CATSREWPANRHQETQYF,FEDLRLLSF,B*07:02,0,0,0,5.719393e-14
CATSREWPANRHQETQYF,AVGSYVYSV,A*68:01,0,0,0,1.147355e-14
CATSREWPANRHQETQYF,CLGGLLTMV,B*37:01,0,0,0,1.6678043e-13
CATSREWPANRHQETQYF,YVLTWIVGA,B*51:01,0,0,0,8.161716e-12
CATSREWPANRHQETQYF,KMVTVCPNT,B*07:02,0,0,0,3.0568034e-13
CATSRGQGYEQYF,YLQPRTFLL,A*68:01,0,0,0,3.1942311e-15
CATSRGQGYEQYF,KMVTVCPNT,B*35:08,0,0,0,0.0
CATSRGQGYEQYF,KLLEIAPNC,A*24:02,0,0,0,0.0
CATSRGQGYEQYF,SLLMPILTL,B*35:01,0,0,0,0.0
CATSRGQGYEQYF,ALYGFVPVL,B*37:01,0,0,0,0.0
CATSRGQGYEQYF,NMINFAPNI,B*57:01,0,0,0,0.0
CATSRGQGYEQYF,VMHANYIFW,A*11:01,0,0,0,1.3886909e-30
CATSRGQGYEQYF,VMPFSIVYI,B*08:01,0,0,0,1.013008e-30
CATSRGQGYEQYF,LLFALYFSA,A*24:02,0,0,0,2.8949748e-31
CATSRGTGAGEQYF,LLWNGPMAV,B*51:01,0,0,0,5.4805803e-28
CATSRGTGAGEQYF,VVLSWAPPV,A*01:01,0,0,0,4.5622047e-32
CATSRGTGAGEQYF,ALYGFVPVL,A*02:01,0,0,0,3.7995375e-33
CATSRGTGAGEQYF,RFPLTFGWCF,B*27:09,0,0,0,1.6000295e-34
CATSRPTDWVETQYF,QSRGDENRGW,A*03:01,0,0,0,4.595652e-33
CATSRPTDWVETQYF,SLLMWITQA,A*02:01,0,0,0,1.206855e-32
CATSRPTDWVETQYF,SLAPLSPRA,A*03:01,0,0,0,9.129482e-39
CATSRPTDWVETQYF,VLFGLGFAI,A*68:01,0,0,0,1.038076e-37
CATSRPTDWVETQYF,YVLTWIVGA,B*38:01,0,0,0,4.7135902e-29
CATSRPTDWVETQYF,MTLHGFMMY,B*07:02,0,0,0,4.7888474e-34
CATSRPTDWVETQYF,LLFALHFSA,A*30:02,0,0,0,7.898487e-34
CATSRQANTDTQYF,NDMLVCANI,A*03:01,0,0,0,2.1150214e-31
CATSRQANTDTQYF,MLNIPSINV,A*11:01,0,0,0,1.6233778e-29
CATSRQANTDTQYF,TAFTIPSI,B*51:01,0,0,0,1.770922e-27
CATSRQANTDTQYF,NDMLVCANI,A*02:01,0,0,0,7.0496884e-31
CATSRQANTDTQYF,TRLALIAPK,B*51:01,0,0,0,1.27569815e-27
CATSRQANTDTQYF,LLFALYFSA,A*68:01,0,0,0,3.103357e-30
CATSRQANTDTQYF,SLLWMNPFV,A*01:01,0,0,0,6.8938536e-29
CATSRRQGTTTRTYEQYF,VAANIVLTV,A*11:01,0,0,0,1.3854632e-30
CATSRRQGTTTRTYEQYF,LLAGTLAVV,B*15:01,0,0,0,3.53107e-29
CATSRRQGTTTRTYEQYF,CFVECAPVC,B*08:01,0,0,0,2.893911e-26
CATSRRQGTTTRTYEQYF,RYPLTFGW,B*15:01,0,0,0,5.500916e-29
CATSRTGTGSTEAFF,LVLEVDPNI,B*35:01,0,0,0,3.0717427e-24
CATSRTGTGSTEAFF,VYFLQSINF,A*68:01,0,0,0,3.6934107e-35
CATSRTGTGSTEAFF,GMGPLLATV,B*57:01,0,0,0,1.737146e-20
CATSRTGTGSTEAFF,LPRWYFYYL,B*37:01,0,0,0,6.316391e-21
CATSRTGTGSTEAFF,ILTGLNYEV,A*24:02,0,0,0,3.518627e-17
CATSRTGTGSTEAFF,LIIPFIHLI,B*57:01,0,0,0,1.513354e-17
CATSRTGTGSTEAFF,NMIHFAPNV,A*01:01,0,0,0,3.6305954e-18
CATSRTGTGSTEAFF,GQFLTPNSH,B*38:01,0,0,0,4.7948823e-18
CATSRTGTGSTEAFF,NLFNRYPAL,A*11:01,0,0,0,6.032945e-19
CATSRTGTGSTEAFF,LLSIISFPA,B*38:01,0,0,0,3.0252496e-17
CATSRVTGGFYEQYF,VYIGDPAQL,B*27:09,0,0,0,1.0558791e-17
CATSRVTGGFYEQYF,SLAPLSPRA,B*38:01,0,0,0,2.5832247e-17
CATSRVTGGFYEQYF,SLLMPILTL,B*38:01,0,0,0,2.655209e-17
CATSRVTGGFYEQYF,RPIPIKYKAM,B*27:09,0,0,0,1.1263042e-16
CATSRVTGGFYEQYF,THLMVLCCV,B*27:09,0,0,0,1.4041426e-17
CATSRWTGNEQFF,SLLWMNPFV,A*24:02,0,0,0,1.929904e-16
CATSRWTGNEQFF,FLYNPLTRV,B*35:01,0,0,0,2.3819304e-17
CATSRWTGNEQFF,SLLWMNPFV,B*51:01,0,0,0,3.7746415e-09
CATSRWTGNEQFF,ILTGLNYEA,B*57:01,0,0,0,4.150459e-09
CATSRWTGNEQFF,SLAPLSPRA,B*08:01,0,0,0,1.1367584e-09
CATSRWTGNEQFF,TRLALIAPK,A*11:01,0,0,0,4.3463985e-10
CATSRWTGNEQFF,LLFGMTPCL,A*24:02,0,0,0,7.202669e-10
CATSSGTAYEQYF,QSRGDENRGW,B*15:01,0,0,0,7.463971e-12
CATSSGTAYEQYF,LLFGYPVYV,B*51:01,0,0,0,4.0286615e-12
CATSSGTAYEQYF,VYGIRLEHF,B*57:01,0,0,0,5.5975437e-12
CATSSGTAYEQYF,GQVMVVAPR,A*11:01,0,0,0,2.9491355e-12
CATSSGTAYEQYF,VMHANYIFW,B*27:09,0,0,0,5.0016984e-11
CATSSGTAYEQYF,GQMWLLAPR,B*37:01,0,0,0,3.9478473e-12
CATSSGTAYEQYF,LLSIIFFPA,B*57:01,0,0,0,2.1086142e-11
CATSSGTAYEQYF,NLVPMVATV,A*02:01,0,0,0,1.188361e-11
CATSSGTAYEQYF,KLLEIAPNC,A*68:01,0,0,0,6.2052824e-12
CATSSSGAYEQYF,LLAGTLAGV,B*57:01,0,0,0,5.782376e-14
CATSSSGAYEQYF,RLGPYLEFL,B*35:01,0,0,0,2.8920636e-14
CATSSSGAYEQYF,RLVPYLEFL,B*35:01,0,0,0,3.6753058e-14
CATSTGGGYEQYF,MLYQHLLPL,A*11:01,0,0,0,2.3098743e-14
CATSTGGGYEQYF,NYNYLYRLF,B*37:01,0,0,0,4.0998807e-14
CATSVTGGNSPLHF,MLYQHLLPL,A*30:02,0,0,0,1.944152e-14
CATSVTGGNSPLHF,VAANIVLTV,B*07:02,0,0,0,5.5655042e-14
CATSVTGGNSPLHF,KLVALGINAV,A*01:01,0,0,0,2.3219638e-06
CATSVTGGNSPLHF,SLAPLSPRA,B*07:02,0,0,0,2.0926943e-06
CATSVTGGNSPLHF,QSRGDENRGW,A*68:01,0,0,0,1.2572275e-06
CATSYERNTEAFF,ALSPVIPHI,A*01:01,0,0,0,1.6427322e-06
CATSYERNTEAFF,CFLLILPNC,B*38:01,0,0,0,1.930048e-06
CATSYERNTEAFF,KLSALGINAV,B*38:01,0,0,0,2.98056e-06
CATSYERNTEAFF,VSDGGPNLY,B*38:01,0,0,0,2.351257e-06
CATSYERNTEAFF,ALSPVIPHI,B*51:01,0,0,0,2.0462364e-06
CATSYERNTEAFF,HPVGEADYFEY,B*07:02,0,0,0,1.214309e-06
CATSYERNTEAFF,YVLTWIVGA,B*15:01,0,0,0,3.2753312e-06
CATSYERNTEAFF,ILNAMIAKI,B*57:01,0,0,0,1.2934783e-24
CATTERDQETQYF,ILNAMIAKI,B*37:01,0,0,0,1.2934783e-24
CATTERDQETQYF,TRLALIAPK,B*08:01,0,0,0,1.922835e-23
CATTERDQETQYF,NLVPMVATV,B*15:01,0,0,0,8.594887e-25
CATTERDQETQYF,ALSPVIPLI,B*51:01,0,0,0,7.236714e-24
CATTERDQETQYF,VAANIVLTV,B*35:08,0,0,0,6.6620254e-37
CATTERDQETQYF,FLTVFSHFM,B*15:01,0,0,0,6.797007e-35
CATVHRGFTDTQYF,VLNYFKPYL,B*51:01,0,0,0,1.276094e-32
CATVHRGFTDTQYF,YVLTWIVGA,A*11:01,0,0,0,1.730297e-32
CATVHRGFTDTQYF,GQFLTPNSH,A*02:01,0,0,0,6.7062747e-34
CATVHRGFTDTQYF,DATYQRTRALVR,B*35:08,0,0,0,5.3626232e-33
CATVHRGFTDTQYF,YLQPRTFLL,B*57:01,0,0,0,3.2392581e-34
CATVHRGFTDTQYF,LLAILTYYV,B*35:01,0,0,0,3.1495218e-31
CAVDSSGVTDTQYF,KTWGQYWQV,B*35:08,0,0,0,6.928248e-32
CAVDSSGVTDTQYF,ALYGFVPVL,B*57:01,0,0,0,1.2228417e-34
CAVDSSGVTDTQYF,FEDLRVLSF,B*27:09,0,0,0,2.8575108e-35
CAVDSSGVTDTQYF,KRPIPIKYKAM,B*08:01,0,0,0,2.0231403e-30
CAVDSSGVTDTQYF,YLEPGPVTA,B*27:09,0,0,0,6.7764797e-34
CAWGVLFIGRGVGDYGYTF,YLEPGPVTA,B*51:01,0,0,0,2.1337226e-33
CAWGVLFIGRGVGDYGYTF,QSRGDENRGW,B*27:05,0,0,0,6.902174e-20
CAWGVLFIGRGVGDYGYTF,YLQPRTFLL,B*15:01,0,0,0,1.7486015e-20
CAWGVLFIGRGVGDYGYTF,VMPFSIVYI,B*38:01,0,0,0,6.505892e-21
CAWGVLFIGRGVGDYGYTF,ALSPVIPLI,A*30:02,0,0,0,4.908767e-22
CAWKFRDSTYEQYF,NMINFAPNI,B*15:01,0,0,0,8.166164e-21
CAWKFRDSTYEQYF,NLFNRYPAL,B*08:01,0,0,0,5.2325413e-20
CAWKFRDSTYEQYF,RQLLFVVEV,A*68:01,0,0,0,1.2196268e-20
CAWSAGLAYEQYF,NLVPMVATV,A*11:01,0,0,0,3.286128e-20
CAWSAGLAYEQYF,ILTGLNYEA,A*11:01,0,0,0,1.4424105e-19
CAWSAGLAYEQYF,YVLDHLIVV,B*35:01,0,0,0,2.5305533e-19
CAWSAGLAYEQYF,ALYGSVPVL,B*27:05,0,0,0,3.534538e-19
CAWSAGLAYEQYF,CFVECAPVC,B*07:02,0,0,0,7.433257e-19
CAWSAGLAYEQYF,KLSALGINAV,B*27:09,0,0,0,5.6461967e-18
CAWSAGLAYEQYF,EIQEFCPNT,A*30:02,0,0,0,3.7792525e-20
CAWSAGLAYEQYF,LLFGMPPCL,B*15:01,0,0,0,6.010891e-27
CAWSALAGGPSNEQFF,LLSIISFPA,B*35:08,0,0,0,3.3365682e-26
CAWSALAGGPSNEQFF,SLLWMNPFV,A*11:01,0,0,0,3.0570338e-26
CAWSETGLGTGELF,RFPLTFGWCF,B*38:01,0,0,0,4.9332703e-27
CAWSETGLGTGELF,SLAPLSPRV,B*08:01,0,0,0,4.25395e-25
CAWSETGLGTGELF,FLIYLDVSV,A*24:02,0,0,0,3.4396357e-25
CAWSETGLGTGELF,GILGFVFTL,B*57:01,0,0,0,1.3764999e-26
CAWSHSGGYEQYF,YHSIEWAI,B*07:02,0,0,0,5.8338783e-25
CAWSHSGGYEQYF,RLVPYLEFL,B*35:01,0,0,0,4.2554932e-17
CAWSHSGGYEQYF,VVMSWAPPV,B*38:01,0,0,0,2.3886287e-16
CAWSHSGGYEQYF,KMVAVFYTT,A*24:02,0,0,0,4.1067774e-17
CAWSISDSSRVEAFF,FEDLRVLSF,B*51:01,0,0,0,3.3074892e-16
CAWSISDSSRVEAFF,RLQSLQTYV,B*27:09,0,0,0,2.1350357e-16
CAWSISDSSRVEAFF,GCQEICPAC,B*27:09,0,0,0,1.59883e-16
CAWSISDSSRVEAFF,KAFSPEVIPMF,B*38:01,0,0,0,1.4935858e-16
CAWSISDSSRVEAFF,KMVAVFYNT,B*27:05,0,0,0,6.33583e-17
CAWSISDSSRVEAFF,LLSIISFPA,B*51:01,0,0,0,1.2836277e-24
CAWSISDSSRVEAFF,ELAGIGILTV,A*68:01,0,0,0,3.23163e-27
CAWSISDSSRVEAFF,LVLEVDPNI,B*15:01,0,0,0,6.018193e-25
CAWSISDSSRVEAFF,RYPLTFGW,B*35:01,0,0,0,1.0254244e-26
CAWSISDSSRVEAFF,ILNVDIFTL,B*35:01,0,0,0,9.18547e-26
CAWSPTSGRDTQYF,LMFWASSSI,B*35:08,0,0,0,3.579397e-26
CAWSPTSGRDTQYF,RYRIGNYKL,A*30:02,0,0,0,8.374891e-27
CAWSPTSGRDTQYF,VYGIRLEHF,B*35:08,0,0,0,6.5702665e-20
CAWSPTSGRDTQYF,TRLALIAPK,B*07:02,0,0,0,1.0155679e-18
CAWSPTSGRDTQYF,KLSALGINAV,B*07:02,0,0,0,1.2824473e-18
CAWSPTSGRDTQYF,VAANIVLTV,A*02:01,0,0,0,8.5999273e-20
CAWSPTSGRDTQYF,VVMSWAPPV,A*01:01,0,0,0,1.0033223e-19
CAWSPTSGRDTQYF,EIQEFCPNT,A*30:02,0,0,0,2.3583021e-20
CAWSPTSGRDTQYF,LRVMMLAPF,B*37:01,0,0,0,9.912932e-19
CAWSSRDSMTDTQYF,FLTVFSHFM,B*35:08,0,0,0,1.1108398e-18
CAWSSRDSMTDTQYF,RPPIFIRRL,A*02:01,0,0,0,1.7002602e-29
CAWSSRGQMTDTQF,VYIGDPAQL,B*37:01,0,0,0,7.2312824e-30
CAWSSRGQMTDTQF,SLAPLSPRA,B*15:01,0,0,0,6.2575125e-29
CAWSSRGQMTDTQF,VVMSWAPPV,A*02:01,0,0,0,1.1614827e-28
CAWSSRGQMTDTQF,FEDLRVSSF,A*30:02,0,0,0,4.5162686e-31
CAWSSRGQMTDTQF,CFVECAPVC,A*11:01,0,0,0,6.326756e-30
CAWSSSVNTEAFF,KLLEIAPNC,B*27:05,0,0,0,2.8964482e-28
CAWSSSVNTEAFF,RYPLTFGW,A*68:01,0,0,0,3.206831e-30
CAWSSSVNTEAFF,RLVPYLEFL,B*27:05,0,0,0,1.1761067e-28
CAWSSSVNTEAFF,ALYGFVPVL,B*51:01,0,0,0,1.4980608e-29
CAWSVPGVGGNEQF,VSDGGPNLY,B*35:01,0,0,0,4.2927224e-29
CAWSVPGVGGNEQF,LVLEVDPNI,A*24:02,0,0,0,1.473541e-38
CAWSVPGVGGNEQF,YLEPGPVTA,B*38:01,0,0,0,4.67e-42
CAWSVPGVGGNEQF,GQFLTPNSH,B*27:05,0,0,0,3.4405e-41
CAWSVPGVGGNEQF,GKTELLAPF,B*27:05,0,0,0,3.71305e-40
CAWSVPGVGGNEQF,GMGPLLATV,A*01:01,0,0,0,2e-44
CAWSVPGVGGNEQF,KMVAVFYTT,B*15:01,0,0,0,1.26396e-40
CAWSVPGVGGNEQF,LPRWYFYYL,B*57:01,0,0,0,6.6e-44
CAWSVRGIGGNTIYF,SLLMPILTL,B*27:05,0,0,0,4.314699e-39
CAWSVRGIGGNTIYF,VVLSWAPPV,B*51:01,0,0,0,2.1129036e-28
CAWSVRGIGGNTIYF,GQFLTPNSH,B*27:05,0,0,0,1.5785952e-30
CAWSVRGIGGNTIYF,ITDQVPFSV,A*68:01,0,0,0,5.534878e-33
CAWSVRGIGGNTIYF,KAFSPEVIPMF,A*03:01,0,0,0,7.808441e-32
CAWSVRGIGGNTIYF,VYIGDPAQL,B*51:01,0,0,0,6.472931e-32
CAWSVRGIGGNTIYF,IVCPICSQK,A*11:01,0,0,0,1.4131326e-32
CAWSVRGIGGNTIYF,LLWNGPMAV,A*11:01,0,0,0,6.6201444e-31
CAWSVSDLAKNIQYFGF,KAFSPEVIPMF,B*27:09,0,0,0,3.0779618e-30
CAWSVSDLAKNIQYFGF,LLWNGPMAV,A*24:02,0,0,0,1.2276866e-30
CAWSVSDLAKNIQYFGF,LRVMMLAPF,B*07:02,0,0,0,2.344772e-30
CAWSVSDLAKNIQYFGF,FLYNPLTRV,B*35:01,0,0,0,1.856708e-30
CAWSVSGLGYGYTF,NLVPMVATV,B*35:08,0,0,0,1.0931903e-29
CAWSVSGLGYGYTF,LIIPFIHLI,B*35:01,0,0,0,4.8622885e-29
CAWSVSGLGYGYTF,TAFTIPSI,B*07:02,0,0,0,4.936576e-30
CAWSVSGLGYGYTF,KLLEIAPNC,A*11:01,0,0,0,3.0311834e-27
CAWSVSGLGYGYTF,LVLEVDPNI,B*27:09,0,0,0,2.1922952e-25
CAWSVSVYYGYTF,RPRGEVRFL,B*07:02,0,0,0,5.304977e-27
CAWSVSVYYGYTF,ILNVDIFTL,A*03:01,0,0,0,3.79584e-27
CAWSVSVYYGYTF,KLLEIAPNC,A*68:01,0,0,0,5.051958e-26
CAWSVSVYYGYTF,FEDLRVSSF,A*03:01,0,0,0,6.4874235e-30
CAWSVSVYYGYTF,KMVTVCPNT,B*07:02,0,0,0,4.930787e-27
CAWSVSVYYGYTF,CTELKLSDY,B*51:01,0,0,0,4.4953227e-28
CAWSVTGVTEAFF,IVCPICSQK,B*07:02,0,0,0,9.165055e-28
CAWSVTGVTEAFF,RPRGEVRFL,B*07:02,0,0,0,5.304977e-27
CAWSVTGVTEAFF,VLFGLGFAI,A*03:01,0,0,0,6.2647766e-28
CAWSVTGVTEAFF,LLFALYFSA,B*15:01,0,0,0,4.7127164e-26
CAWSVTGVTEAFF,FLTVFSHFM,A*30:02,0,0,0,5.832026e-27
CAWSVTGVTEAFF,LLAMTVPNV,A*02:01,0,0,0,2.4591052e-26
CAWSVTGVTEAFF,YLQPRTFLL,B*27:05,0,0,0,1.9990793e-25
CAWSVTGVTEAFF,CLGGLLTMV,B*27:09,0,0,0,6.2652876e-25
CAWSWTVNTEAFF,SVYGDTLEK,B*38:01,0,0,0,2.7629998e-27
CAWSWTVNTEAFF,EIQEFCPNT,A*24:02,0,0,0,1.9189056e-25
CAWSWTVNTEAFF,DATYQRTRALVR,A*68:01,0,0,0,2.6939255e-26
CAWVSGTHVVTF,MLNIPSINV,B*27:09,0,0,0,3.662004e-25
CAYLDRAKSTGELFF,FLTVFSHFM,B*07:02,0,0,0,2.1055176e-28
CAYLDRAKSTGELFF,LLFALHFSA,B*35:08,0,0,0,1.217664e-29
CAYLDRAKSTGELFF,LLFGMPPCL,B*08:01,0,0,0,1.8535393e-28
CAYLTGFEQYF,MLYQHLLPL,A*11:01,0,0,0,5.0599107e-31
CAYLTGFEQYF,LIIPFIHLI,B*08:01,0,0,0,3.7535785e-27
CAYLTGFEQYF,GQFLTPNSH,B*38:01,0,0,0,1.5591331e-30
CAYLTGFEQYF,FLRGRAYGL,A*02:01,0,0,0,1.5784402e-28
CAYLTGFEQYF,ILNVDIFTL,A*11:01,0,0,0,8.191614e-23
CAYLTGFEQYF,ALYGSVPVL,B*15:01,0,0,0,2.7516427e-25
CAYLTGFEQYF,ITDQVPFSV,B*15:01,0,0,0,6.0821435e-26
CAYLTGFEQYF,KMVTVCPNT,B*57:01,0,0,0,2.1012129e-24
CGGGYMGTEAFF,KVKEVCPNV,B*38:01,0,0,0,2.1842243e-24
CGGGYMGTEAFF,LVLEVDPNI,B*51:01,0,0,0,8.957181e-22
CGGGYMGTEAFF,RYRIGNYKL,A*11:01,0,0,0,4.6108777e-25
CGGGYMGTEAFF,HPVGEADYFEY,B*27:05,0,0,0,4.4788315e-24
CGSGIQNTGELFF,LLWNGPMAV,B*57:01,0,0,0,7.765852e-22
CGSGIQNTGELFF,YHSIEWAI,B*57:01,0,0,0,5.8351726e-24
CGSGIQNTGELFF,ELAGIGILTV,B*08:01,0,0,0,4.7724223e-24
CGSGIQNTGELFF,NDMLVCANI,B*27:09,0,0,0,1.0448486e-24
CGSGIQNTGELFF,GILGFVFTL,A*24:02,0,0,0,3.0806963e-24
CGSGIQNTGELFF,QSRGDENRGW,A*01:01,0,0,0,2.9143867e-24
CGSGIQNTGELFF,LLFGYPVYV,A*24:02,0,0,0,1.3582289e-25
CGSGIQNTGELFF,QSRGDENRGW,A*30:02,0,0,0,1.535563e-24
CGSRRDGGKKAFF,FLIYLDVSV,B*15:01,0,0,0,2.5209712e-23
CGSRRDGGKKAFF,THLMVLCCV,B*35:01,0,0,0,7.48842e-25
CGSRRDGGKKAFF,RYPLTFGWCF,B*07:02,0,0,0,1.1023095e-24
CGSRRDGGKKAFF,RPIPIKYKAM,A*01:01,0,0,0,9.498868e-27
CGSRRDGGKKAFF,VLFHRAFLV,A*30:02,0,0,0,1.2908293e-27
CGSRRDGGKKAFF,CFLLILPNC,B*38:01,0,0,0,2.1098142e-25
CGTGSIDTQF,MMPFSIVYI,B*35:08,0,0,0,5.3971632e-18
CGTGSIDTQF,CLGGLLTMV,B*15:01,0,0,0,1.8367196e-18
CGTGSIDTQF,ILNAMITKI,A*24:02,0,0,0,2.6315713e-18
CGTGSIDTQF,VSDGGPNLY,A*01:01,0,0,0,1.8082094e-18
CRASSPRTGGEQYF,EIQEFCPNT,A*11:01,0,0,0,1.4926443e-18
CRASSPRTGGEQYF,FLYNPLTRV,A*11:01,0,0,0,1.437868e-18
CRASSPRTGGEQYF,EIQEFCPNT,B*35:01,0,0,0,3.120518e-18
CRASSPRTGGEQYF,VVMSWAPPV,B*07:02,0,0,0,1.9408961e-17
CSAAMFTPLLEAF,KLSALGINAV,B*35:01,0,0,0,1.8662568e-17
CSAAMFTPLLEAF,ALYGSVPVL,B*07:02,0,0,0,4.5212112e-18
CSAAMFTPLLEAF,VYIGDPAQL,B*38:01,0,0,0,1.0539793e-25
CSAAMFTPLLEAF,LPRWYFYYL,B*15:01,0,0,0,8.269967e-27
CSAETGRDLEAFF,VMPFSIVYI,B*57:01,0,0,0,4.834276e-26
CSAETGRDLEAFF,VVMSWAPPV,A*24:02,0,0,0,6.2204036e-23
CSAETGRDLEAFF,VYFLQSINF,B*38:01,0,0,0,7.31109e-28
CSAETGRDLEAFF,RYRIGNYKL,B*35:08,0,0,0,1.4223323e-24
CSAFSGAAFVTDTQYF,VLNYFEPYL,B*38:01,0,0,0,2.2012652e-22
CSAFSGAAFVTDTQYF,RLQSLQTYV,A*03:01,0,0,0,2.4789834e-22
CSAFSGAAFVTDTQYF,KMVAVFYTT,B*37:01,0,0,0,3.5263312e-22
CSAFSGAAFVTDTQYF,LRVMMLAPF,A*30:02,0,0,0,2.4137083e-23
CSAFSGAAFVTDTQYF,ALYGFVPVL,B*37:01,0,0,0,5.203829e-23
CSAFSGAAFVTDTQYF,FTSDYYQLY,B*37:01,0,0,0,9.971194e-25
CSAFSGAAFVTDTQYF,ILNVDVFTL,A*03:01,0,0,0,1.0235354e-21
CSAFSGAAFVTDTQYF,RLQSLQTYV,A*01:01,0,0,0,1.3698553e-22
CSAGEGEGQPQHF,NMINFAPNI,A*24:02,0,0,0,1.9222942e-21
CSAGEGEGQPQHF,RLQSLQTYV,B*57:01,0,0,0,2.1546248e-22
CSAGEGEGQPQHF,GILGFVFTL,A*68:01,0,0,0,9.596369e-19
CSAGEGEGQPQHF,KAFSPEVIPMF,B*51:01,0,0,0,5.634532e-19
CSAGEGEGQPQHF,FEDLRLLSF,A*02:01,0,0,0,7.985101e-19
CSAGGLAGEETQYF,VMHANYIFW,A*24:02,0,0,0,7.443841e-19
CSAGGLAGEETQYF,VYFLQSINF,A*01:01,0,0,0,2.6164998e-23
CSAGGLAGEETQYF,LLFGMPPCL,B*07:02,0,0,0,7.968852e-19
CSAGGLAGEETQYF,NLNCCSVPV,A*68:01,0,0,0,2.6165439e-20
CSAGGLAGEETQYF,KMVAVFYTT,B*57:01,0,0,0,2.8704038e-19
CSAGGLAGEETQYF,CFLLILPNC,A*01:01,0,0,0,3.5786706e-20
CSAGGLAGEETQYF,FEDLRLLSF,B*38:01,0,0,0,1.7299379e-20
CSAGIPGQVFSSNEKLFF,KLLEIAPNC,A*11:01,0,0,0,3.8452618e-19
CSAGIPGQVFSSNEKLFF,RPRGEVRFL,B*07:02,0,0,0,8.87255e-19
CSAGIPGQVFSSNEKLFF,SLLWMNPFV,B*35:01,0,0,0,7.7663393e-19
CSAGIPGQVFSSNEKLFF,FLTVFSHFM,A*30:02,0,0,0,6.0722363e-21
CSAGIPGQVFSSNEKLFF,ILTGLNYEA,B*07:02,0,0,0,2.274739e-22
CSAGIPGQVFSSNEKLFF,RLGPYLEFL,A*01:01,0,0,0,2.5168356e-26
CSAGIPGQVFSSNEKLFF,VYIGDPAQL,B*35:08,0,0,0,2.6162777e-25
CSAGLGLPYEQYF,FLIYLDVSV,B*57:01,0,0,0,2.6537934e-23
CSAGLGLPYEQYF,FLYNLLTRV,B*38:01,0,0,0,4.705623e-25
CSAGLGLPYEQYF,VYGIRLEHF,A*30:02,0,0,0,1.7107178e-26
CSAGLGLPYEQYF,RPPIFIRRL,B*27:05,0,0,0,3.5278e-41
CSAGLGLPYEQYF,TAFTIPSI,B*35:01,0,0,0,1.143e-42
CSAGLGLPYEQYF,FLTVFSHFM,A*03:01,0,0,0,3.44e-42
CSAGLGLPYEQYF,MMPFSIVYI,B*27:09,0,0,0,2.84451e-40
CSAGVYEQYF,YVLDHLIVV,B*08:01,0,0,0,5.39442e-40
CSAGVYEQYF,CLGGLLTMV,B*51:01,0,0,0,3.023e-42
CSAGVYEQYF,KMVAVFYNT,A*68:01,0,0,0,1.784e-42
CSAGVYEQYF,CTELKLNDY,B*27:09,0,0,0,1.512e-42
CSAGVYEQYF,NMIHFAPNV,B*08:01,0,0,0,5.82862e-28
CSAGVYEQYF,RPPIFIRRL,A*68:01,0,0,0,4.3435324e-32
CSAHPRDVQETQYF,KVKEVCPNV,A*24:02,0,0,0,1.0628841e-29
CSAHPRDVQETQYF,MIISHLYLI,A*01:01,0,0,0,3.6192068e-30
CSAHPRDVQETQYF,AEMEFCPCC,A*03:01,0,0,0,1.8658182e-29
CSAHPRDVQETQYF,VAANIVLTV,B*38:01,0,0,0,2.7160015e-30
CSAHPRDVQETQYF,LLSIISFPA,B*51:01,0,0,0,1.2056098e-29
CSAHPRDVQETQYF,KTWGQYWQV,B*35:01,0,0,0,2.63431e-28
CSAHPRDVQETQYF,KTFPPTEPK,A*02:01,0,0,0,1.9291815e-32
CSAIGPRGTDTQYF,KTWGQYWQV,A*68:01,0,0,0,2.1037726e-23
CSAIGPRGTDTQYF,GMGPLLATV,B*15:01,0,0,0,6.2879686e-23
CSAIGPRGTDTQYF,LLFGMTPCL,B*37:01,0,0,0,1.5556937e-22
CSAIGPRGTDTQYF,LLFGYPVYV,A*03:01,0,0,0,5.5199536e-24
CSAIGPRGTDTQYF,FLYNPLTRV,B*27:05,0,0,0,1.6691685e-22
CSAIGPRGTDTQYF,CTELKLNDY,A*03:01,0,0,0,1.03620414e-23
CSAIGPRGTDTQYF,ALSPVIPHI,A*03:01,0,0,0,1.4093062e-23
CSAIGPRGTDTQYF,NLFNRYPAL,B*27:05,0,0,0,6.487796e-22
CSAIGPRGTDTQYF,SLLMPILTL,A*11:01,0,0,0,6.700635e-23
CSAIGPRGTDTQYF,GKTELLAPF,B*27:05,0,0,0,2.0588846e-22
CSAKPPRLAGVGAGELFF,CFLLILPNC,B*35:08,0,0,0,2.4725708e-22
CSAKPPRLAGVGAGELFF,LLFGYPVYV,B*51:01,0,0,0,1.2800441e-23
CSAKPPRLAGVGAGELFF,KRPIPIKYKAM,B*51:01,0,0,0,1.1094449e-21
CSAKPPRLAGVGAGELFF,ILNAMIAKI,B*51:01,0,0,0,2.7647113e-32
CSAKPPRLAGVGAGELFF,RLGPYLEFL,B*08:01,0,0,0,2.3243478e-33
CSAKPPRLAGVGAGELFF,RPIPIKYKAM,B*07:02,0,0,0,2.537371e-32
CSAKPPRLAGVGAGELFF,QSRGDENRGW,A*24:02,0,0,0,2.9021078e-30
CSALQGLTPEAFFGF,RYPLTFGW,B*07:02,0,0,0,1.0779985e-33
CSALQGLTPEAFFGF,ITDQVPFSV,B*27:05,0,0,0,2.5466387e-34
CSALQGLTPEAFFGF,VYFLQSINF,A*03:01,0,0,0,2.0389219e-38
CSALQGLTPEAFFGF,RLVPYLEFL,B*57:01,0,0,0,4.5931083e-34
CSALQGLTPEAFFGF,QKRPIPIKYKAM,A*68:01,0,0,0,5.5241384e-34
CSALQGLTPEAFFGF,SLAPLSPRA,B*08:01,0,0,0,3.7673977e-32
CSALRLDTDTQYF,ILNVDIFTL,B*35:01,0,0,0,1.1856412e-31
CSALRLDTDTQYF,FTSDYYQLY,B*38:01,0,0,0,5.876263e-35
CSALRLDTDTQYF,NLNCCSVPV,B*38:01,0,0,0,2.0827256e-29
CSALRLDTDTQYF,LLFALHFSA,B*35:08,0,0,0,1.3804846e-28
CSALRLDTDTQYF,ILTGLNYEA,A*11:01,0,0,0,4.0536636e-28
CSALRLDTDTQYF,KLNTITPVV,B*08:01,0,0,0,6.998284e-27
CSALSSETSGPYEQYF,FLYNLLTRV,B*08:01,0,0,0,1.03373e-28
CSALSSETSGPYEQYF,KAFSPEVIPMF,A*03:01,0,0,0,3.6298968e-29
CSALSSETSGPYEQYF,LPRWYFYYL,B*57:01,0,0,0,1.2776388e-31
CSALSSETSGPYEQYF,KTWGQYWQV,B*27:09,0,0,0,1.1630992e-31
CSALSSETSGPYEQYF,EAAGIGILTV,B*51:01,0,0,0,3.0876017e-32
CSALSSETSGPYEQYF,AVGSYVYSV,A*30:02,0,0,0,1.1779389e-35
CSALSSETSGPYEQYF,RLGPYLEFL,A*24:02,0,0,0,4.914412e-35
CSALSSETSGPYEQYF,RFPLTFGWCF,B*07:02,0,0,0,5.0570112e-33
CSALSSETSGPYEQYF,YLQPRTFLL,B*15:01,0,0,0,9.905066e-35
CSALSSETSGPYEQYF,EIQEFCPNT,B*27:09,0,0,0,9.003824e-33
CSALTGLGNYGYTF,VVMSWAPPV,A*68:01,0,0,0,1.2565525e-35
CSALTGLGNYGYTF,QYIKWPWYI,B*35:01,0,0,0,3.0817928e-22
CSALTGLGNYGYTF,ALSKGVHFV,A*24:02,0,0,0,1.5722074e-22
CSALTGLGNYGYTF,DATYQRTRALVR,B*35:08,0,0,0,5.166685e-22
CSALTGLGNYGYTF,SLLWMNPFV,B*35:08,0,0,0,9.425978e-22
CSALTGLGNYGYTF,FEDLRVSSF,B*37:01,0,0,0,6.0182684e-23
CSALTGLGNYGYTF,GILGFVFTL,B*37:01,0,0,0,9.743646e-22
CSALTGLGNYGYTF,ILNVDVFTL,A*02:01,0,0,0,5.980624e-22
CSALTGNQPQHF,ILNAMIAKI,B*27:09,0,0,0,5.393735e-22
CSALTGNQPQHF,RLPGVLPRA,A*03:01,0,0,0,5.348962e-23
CSALTGNQPQHF,FLYNPLTRV,B*57:01,0,0,0,4.0454115e-22
CSALTGNQPQHF,NDMLVCANI,B*51:01,0,0,0,1.2247406e-21
CSALTGNQPQHF,LLAMTVPNV,B*35:01,0,0,0,6.1557984e-22
CSALTGNQPQHF,FEDLRLLSF,B*38:01,0,0,0,4.1299393e-22
CSALTGSSYEQYF,VSDGGPNLY,A*30:02,0,0,0,6.7330255e-22
CSALTGSSYEQYF,KMVAVFYNT,B*27:05,0,0,0,1.9980085e-21
CSALTGSSYEQYF,LLFALYFSA,B*15:01,0,0,0,9.358156e-22
CSALTGSSYEQYF,NMINFAPNI,A*03:01,0,0,0,6.35484e-22
CSALTGSSYEQYF,HTMLCMCCK,B*57:01,0,0,0,4.0048143e-22
CSALTGSSYEQYF,SPRWYFYYL,A*24:02,0,0,0,4.71251e-22
CSALTGSSYEQYF,KMVAVFYTT,B*35:01,0,0,0,8.703748e-22
CSALTGSSYEQYF,SLLMWITQC,B*15:01,0,0,0,1.6478367e-20
CSALTPALAGGVPETQYF,SLLWMNPFV,B*35:08,0,0,0,5.463129e-21
CSALTPALAGGVPETQYF,TTDPSFLGRY,B*35:08,0,0,0,1.3729636e-21
CSALTPALAGGVPETQYF,CTELKLSDY,A*02:01,0,0,0,1.7318716e-21
CSALTPALAGGVPETQYF,MLNIPSINV,B*27:05,0,0,0,9.297067e-21
CSALTPALAGGVPETQYF,FMLYLLTLM,A*30:02,0,0,0,2.8447842e-21
CSALTPALAGGVPETQYF,LLFGMTPCL,A*03:01,0,0,0,1.6908498e-21
CSALTPALAGGVPETQYF,CTELKLSDY,A*24:02,0,0,0,1.980434e-21
CSALTPALAGGVPETQYF,LVLEVDPNI,A*03:01,0,0,0,2.1395554e-21
CSANRGATEAFF,LLFGMPPCL,B*08:01,0,0,0,7.470004e-21
CSANRGATEAFF,GMGPLLATV,A*01:01,0,0,0,6.164023e-22
CSANRGATEAFF,KLVALGINAV,A*30:02,0,0,0,3.6771977e-22
CSAPASGGGNEQF,IPSINVHHY,A*11:01,0,0,0,2.059403e-22
CSAPASGGGNEQF,YLEPGPVTA,A*30:02,0,0,0,5.5206304e-23
CSAPASGGGNEQF,ILNAMIAKI,B*37:01,0,0,0,8.2986506e-22
CSAPASGGGNEQF,FLRGRAYGL,A*01:01,0,0,0,5.637168e-22
CSAPASGGGNEQF,VYFLQSINF,B*35:08,0,0,0,2.183415e-25
CSAPASGGGNEQF,FMLYLLTLM,B*15:01,0,0,0,1.3123054e-23
CSAPASGGGNEQF,NLVPMVATV,A*24:02,0,0,0,2.1508695e-24
CSAPASGGGNEQF,ALSKGVHFV,B*07:02,0,0,0,5.989385e-24
CSAPASGGGNEQF,DATYQRTRALVR,A*11:01,0,0,0,1.3878796e-24
CSAPGGSGANVLTF,VYGIRLEHF,B*07:02,0,0,0,2.3602233e-24
CSAPGGSGANVLTF,VYIGDPAQL,A*02:01,0,0,0,1.4092837e-24
CSAPGGSGANVLTF,QYIKWPWYI,B*35:01,0,0,0,1.2478475e-23
CSAPGGSGANVLTF,ALYGFVPVL,A*02:01,0,0,0,9.482238e-22
CSAPGGSGANVLTF,NDMLVCANI,A*11:01,0,0,0,3.8665822e-23
CSAPGGSGANVLTF,LLSIISFPA,B*08:01,0,0,0,1.7318056e-21
CSAPKEEPYGYTF,KLNTITPVV,B*51:01,0,0,0,1.3383888e-21
CSAPKEEPYGYTF,LVLEVDPNI,A*11:01,0,0,0,2.2746003e-22
CSAPKEEPYGYTF,KTWGQYWQV,B*07:02,0,0,0,3.2407258e-21
CSAPKEEPYGYTF,IMDQVPFSV,B*15:01,0,0,0,9.0243637e-23
CSAPKEEPYGYTF,VYIGDPAQL,A*01:01,0,0,0,7.220283e-23
CSAPKEEPYGYTF,SPRWYFYYL,B*57:01,0,0,0,4.2820395e-23
CSAPKEEPYGYTF,KMVTVCPNT,A*03:01,0,0,0,6.8142865e-23
CSAPKILRDLPQETQYF,SLLMWITQC,B*15:01,0,0,0,2.3341103e-20
CSAPKILRDLPQETQYF,GQMWLLAPR,A*24:02,0,0,0,3.8306173e-21
CSAPKILRDLPQETQYF,TSTLQEQIGW,B*38:01,0,0,0,1.3426133e-20
CSAPLAGGPNEQF,RLPGVLPRA,B*15:01,0,0,0,1.2784895e-20
CSAPLAGGPNEQF,LLFALYFSA,B*35:01,0,0,0,7.530775e-21
CSAPLAGGPNEQF,VYGIRLEHF,B*27:09,0,0,0,3.44971e-20
CSAPLAGGPNEQF,RQLLFVVEV,B*27:05,0,0,0,2.4364972e-20
CSAPLAGGPNEQF,VAANIVLTV,A*24:02,0,0,0,1.28469825e-20
CSAPLAGGPNEQF,KLNTITPVV,A*30:02,0,0,0,1.4178976e-21
CSAPLAGGPNEQF,KMVTVCPNT,B*27:05,0,0,0,5.1473323e-20
CSAPLAGGPNEQF,VYGIRLEHF,A*02:01,0,0,0,1.09277845e-20
CSAPLAGGPNEQF,DATYQRTRALVR,B*08:01,0,0,0,7.6516184e-20
CSAPRRQDEQFF,LLFGMPPCL,A*03:01,0,0,0,1.2556375e-20
CSAPRRQDEQFF,SLLMPILTL,A*02:01,0,0,0,5.700838e-20
CSAPRRQDEQFF,ALSKGVHFV,B*35:01,0,0,0,1.3842386e-21
CSAPRRQDEQFF,VYGIRLEHF,B*08:01,0,0,0,6.639617e-24
CSAPRRQDEQFF,LMFWASSSI,B*51:01,0,0,0,1.4058221e-22
CSAPSGGGLNEQFF,LIIPFIHLI,B*08:01,0,0,0,1.8583938e-23
CSAPSGGGLNEQFF,RFPLTFGWCF,B*35:08,0,0,0,7.417433e-24
CSAPSGGGLNEQFF,ALSPVIPLI,B*07:02,0,0,0,4.028685e-23
CSAPSGGGLNEQFF,LLFGMTPCL,B*57:01,0,0,0,1.8674474e-23
CSAPSGGGLNEQFF,MMPFSIVYI,A*01:01,0,0,0,6.854063e-25
CSAPSGGGLNEQFF,AVGSYVYSV,B*35:08,0,0,0,2.3531752e-24
CSAPSGGGLNEQFF,KLNTITPVV,B*27:05,0,0,0,5.2670788e-23
CSAPTGGGSNEQYF,VLNYFKPYL,B*07:02,0,0,0,6.4082466e-23
CSAPTGGGSNEQYF,LPRWYFYYL,B*15:01,0,0,0,6.2345087e-25
CSAPTGGGSNEQYF,FLTVFSHFM,A*03:01,0,0,0,2.497795e-24
CSAPTGGGSNEQYF,FLYNLLTRV,B*15:01,0,0,0,3.2560915e-21
CSAPTGGGSNEQYF,FTSDYYQLY,A*11:01,0,0,0,3.7180605e-22
CSAPTGGGSNEQYF,LLAILTYYV,A*30:02,0,0,0,1.1751018e-21
CSAPTGGGSNEQYF,RPRGEVRFL,B*15:01,0,0,0,8.0236843e-22
CSAPTGGGSNEQYF,KTWGQYWQV,A*11:01,0,0,0,4.928374e-22
CSAPTSGGPNEQF,KTWGQYWQV,B*08:01,0,0,0,3.978064e-21
CSAPTSGGPNEQF,NLNCCSVPV,A*68:01,0,0,0,3.2732134e-22
CSAPTSGGPNEQF,QYIKWPWYI,A*24:02,0,0,0,8.2729014e-27
CSAPTSGGPNEQF,AVGSYVYSV,B*37:01,0,0,0,3.8233353e-27
CSAPTSGGPNEQF,AVGSYVYSV,B*15:01,0,0,0,4.465603e-27
CSAPTSGGPNEQF,SVYGDTLEK,B*35:01,0,0,0,2.175364e-28
CSAPTSGGPNEQF,LLFGMTPCL,B*37:01,0,0,0,7.6371566e-27
CSAPTSGGPNEQF,LLFGMTPCL,B*57:01,0,0,0,7.6371566e-27
CSAPTSGGPNEQF,KMVAVFYTT,B*15:01,0,0,0,1.1460357e-26
CSAPTSGGPNEQF,IPSINVHHY,A*03:01,0,0,0,6.451793e-28
CSAPTSGGPNEQF,MTLHGFMMY,B*35:01,0,0,0,4.077254e-27
CSAPTSGGPNEQF,GQFLTPNSH,A*02:01,0,0,0,2.0586673e-27
CSAQVGGNYNSPLHF,CTELKLSDY,B*35:01,0,0,0,3.8700706e-35
CSAQVGGNYNSPLHF,NLFNRYPAL,B*38:01,0,0,0,4.0301265e-32
CSAQVGGNYNSPLHF,LLWNGPMAV,A*24:02,0,0,0,2.5771124e-32
CSAQVGGNYNSPLHF,TTDPSFLGRY,B*27:09,0,0,0,1.9152832e-35
CSAQVGGNYNSPLHF,KMVAVFYTT,A*03:01,0,0,0,7.779686e-33
CSAQVGGNYNSPLHF,LLAILTYYV,A*68:01,0,0,0,1.4820304e-31
CSAQVGGNYNSPLHF,VMPFSIVYIV,B*37:01,0,0,0,4.9037257e-32
CSAQVGGNYNSPLHF,ILNAMIAKI,B*38:01,0,0,0,7.299088e-33
CSAQVGGNYNSPLHF,KTWGQYWQV,A*02:01,0,0,0,5.1372743e-33
CSAQVGGNYNSPLHF,RLPGVLPRA,A*01:01,0,0,0,2.4989532e-35
CSAQVGGNYNSPLHF,RTMEVCYNT,B*57:01,0,0,0,2.2331087e-22
CSARAQGAAKNIQYF,RLGPYLEFL,B*38:01,0,0,0,1.8152829e-22
CSARAQGAAKNIQYF,NMINFAPNI,B*07:02,0,0,0,1.8774207e-21
CSARAQGAAKNIQYF,QSRGDENRGW,B*08:01,0,0,0,9.904229e-21
CSARAQGAAKNIQYF,KAFSPEVIPMF,A*24:02,0,0,0,8.796207e-22
CSARAQGAAKNIQYF,ILNAMIAKI,B*35:08,0,0,0,7.0813355e-22
CSARAQGAAKNIQYF,LLSIISFPA,B*35:08,0,0,0,6.1437406e-22
CSARASGAYEQYF,RFPLTFGWCF,B*15:01,0,0,0,1.9674813e-22
CSARASGAYEQYF,SLAPLSPRA,B*35:01,0,0,0,3.689028e-22
CSARASGAYEQYF,CLGGLLTMV,B*08:01,0,0,0,1.8013082e-21
CSARASGAYEQYF,KMVTVCPNT,B*07:02,0,0,0,4.586756e-25
CSARASGAYEQYF,RPIPIKYKAM,B*57:01,0,0,0,6.292665e-25
CSARASGAYEQYF,VYFLQSINF,B*08:01,0,0,0,1.0157663e-24
CSARASGAYEQYF,VLNYFKPYL,A*68:01,0,0,0,9.024488e-26
CSARAYRGYNSPLHF,SLLMWITQA,B*15:01,0,0,0,1.2997202e-24
CSARAYRGYNSPLHF,LPRWYFYYL,B*27:05,0,0,0,5.557496e-25
CSARAYRGYNSPLHF,RFPLTFGWCF,B*51:01,0,0,0,4.0147508e-25
CSARAYRGYNSPLHF,ELAGIGILTV,A*68:01,0,0,0,1.8082374e-25
CSARAYRGYNSPLHF,RQLLFVVEV,B*35:01,0,0,0,3.3903935e-25
CSARAYRGYNSPLHF,VVMSWAPPV,B*37:01,0,0,0,3.6212893e-24
CSARAYRGYNSPLHF,SLAPLSPRV,B*27:05,0,0,0,1.25904575e-23
CSARAYRGYNSPLHF,CLGGLLTMV,B*57:01,0,0,0,7.1325914e-25
CSARAYRGYNSPLHF,KTFPPTEPK,B*07:02,0,0,0,1.4623122e-25
CSARAYRGYNSPLHF,GQMWLLAPR,B*07:02,0,0,0,4.8922895e-25
CSARDGGLAGEQKVGDTQYF,GMGPLLATV,B*38:01,0,0,0,6.2551863e-25
CSARDGGLAGEQKVGDTQYF,TSTLQEQIGW,A*11:01,0,0,0,7.4263474e-25
CSARDGGLAGEQKVGDTQYF,MLYQHLLPL,B*27:09,0,0,0,9.92903e-24
CSARDGGLAGEQKVGDTQYF,QYIKWPWYI,B*15:01,0,0,0,9.132812e-27
CSARDGGLAGEQKVGDTQYF,TTDPSFLGRY,A*11:01,0,0,0,4.0172773e-33
CSARDGGLAGEQKVGDTQYF,GMGPLLATV,B*07:02,0,0,0,1.4970798e-27
CSARDGLNEQFFGF,LLFALYFSA,A*24:02,0,0,0,4.0243146e-27
CSARDGLNEQFFGF,VMPFSIVYIV,A*24:02,0,0,0,9.077486e-26
CSARDGLNEQFFGF,TSTLQEQIGW,B*08:01,0,0,0,1.9932597e-27
CSARDGLNEQFFGF,LLFALHFSA,B*15:01,0,0,0,9.021684e-22
CSARDGLNEQFFGF,GCQEICPAC,A*24:02,0,0,0,1.2704081e-22
CSARDGLNEQFFGF,FLTVFSHFM,A*68:01,0,0,0,1.93353e-23
CSARDGLNEQFFGF,GQFLTPNSH,B*27:05,0,0,0,4.0654763e-22
CSARDGLNEQFFGF,MMPFSIVYI,A*30:02,0,0,0,2.2835277e-23
CSARDGQVYSNQPQHF,ILTGLNYEV,A*03:01,0,0,0,1.6336462e-22
CSARDGQVYSNQPQHF,EAAGIGILTV,A*68:01,0,0,0,1.2248395e-27
CSARDGQVYSNQPQHF,VAANIVLTV,B*37:01,0,0,0,8.6574e-27
CSARDGQVYSNQPQHF,IMDQVPFSV,A*11:01,0,0,0,4.326888e-28
CSARDGQVYSNQPQHF,EAAGIGILTV,B*51:01,0,0,0,5.85325e-25
CSARDLAGNSNQPQHF,GQVMVVAPR,B*35:08,0,0,0,1.2743474e-25
CSARDLAGNSNQPQHF,FLRGRAYGL,B*38:01,0,0,0,5.981775e-26
CSARDLAGNSNQPQHF,MIISHLYLI,B*08:01,0,0,0,7.8489004e-26
CSARDLAGNSNQPQHF,KLNTITPVV,B*27:09,0,0,0,3.454146e-21
CSARDLAGNSNQPQHF,MIISHLYLI,B*27:09,0,0,0,1.2747146e-21
CSARDLAGNSNQPQHF,LLFGMTPCL,A*11:01,0,0,0,3.9886837e-22
CSARDLAGNSNQPQHF,MLYQHLLPL,A*24:02,0,0,0,2.4032004e-21
CSARDLGGGGDEQFF,GQMWLLAPR,B*35:08,0,0,0,1.3700487e-22
CSARDLGGGGDEQFF,IVCPICSQK,B*35:01,0,0,0,3.828411e-21
CSARDLGGGGDEQFF,RQLLFVVEV,B*07:02,0,0,0,3.763526e-21
CSARDLGGGGDEQFF,SLLMWITQA,B*27:09,0,0,0,1.01493226e-19
CSARDLGGGGDEQFF,ELAGIGILTV,B*15:01,0,0,0,3.71279e-21
CSARDLGGGGDEQFF,KTFPPTEPK,B*38:01,0,0,0,8.240715e-26
CSARDLGGGGDEQFF,LLFGMPPCL,A*02:01,0,0,0,1.1410645e-23
CSARDLGGGGDEQFF,MLNIPSINV,B*15:01,0,0,0,1.3835073e-25
CSARDLGGGGDEQFF,RPPIFIRRL,A*11:01,0,0,0,1.8675169e-25
CSARDNLRANYGYTF,KMVTVCPNT,A*68:01,0,0,0,3.877065e-25
CSARDNLRANYGYTF,MMPFSIVYI,A*24:02,0,0,0,3.2320813e-30
CSARDNLRANYGYTF,SLLMPILTL,B*15:01,0,0,0,3.080418e-29
CSARDNLRANYGYTF,RLPGVLPRA,B*27:05,0,0,0,4.074434e-30
CSARDNLRANYGYTF,NMINFAPNI,B*15:01,0,0,0,6.786427e-30
CSARDNLRANYGYTF,KMVAVFYTT,A*01:01,0,0,0,3.4881333e-30
CSARDQDRAYEQYF,YLQPRTFLL,B*27:05,0,0,0,4.3934295e-30
CSARDQDRAYEQYF,KLNTITPVV,B*38:01,0,0,0,3.6950284e-29
CSARDQDRAYEQYF,SLLMPILTL,B*15:01,0,0,0,3.080418e-29
CSARDQDRAYEQYF,GQVMVVAPR,B*57:01,0,0,0,6.26078e-30
CSARDQDRAYEQYF,KTFPPTEPK,B*35:08,0,0,0,2.6006872e-31
CSARDQDRAYEQYF,GKTELLAPF,B*57:01,0,0,0,2.0388626e-20
CSARDQDRAYEQYF,VYFLQSINF,B*08:01,0,0,0,1.5934921e-21
CSARDRIGNTIYF,SLLWMNPFV,A*24:02,0,0,0,3.4386886e-19
CSARDRIGNTIYF,YVLDHLIVV,B*57:01,0,0,0,2.9668445e-20
CSARDRIGNTIYF,NYNYLYRLF,A*30:02,0,0,0,3.0372808e-21
CSARDRSGTLGGELFF,TSTLQEQIGW,A*24:02,0,0,0,2.4483111e-20
CSARDRSGTLGGELFF,LLAGTLAGV,B*27:09,0,0,0,8.7830044e-20
CSARDRSGTLGGELFF,ILNAMIAKI,A*03:01,0,0,0,3.5581158e-20
CSARDRSGTLGGELFF,LIIPFIHLI,A*11:01,0,0,0,7.7051616e-20
CSARDRSGTLGGELFF,YLQPRTFLL,A*02:01,0,0,0,2.761492e-20
CSARDVGISYEQYF,SLLWMNPFV,B*15:01,0,0,0,1.6798832e-19
CSARDVGISYEQYF,ILNAMITKI,B*38:01,0,0,0,2.2976955e-20
CSARDVGISYEQYF,SLLMWITQC,A*24:02,0,0,0,2.5642456e-25
CSARDVGISYEQYF,NLNCCSVPV,B*38:01,0,0,0,1.8266851e-26
CSARDVGISYEQYF,LLWNGPMAV,B*27:09,0,0,0,3.052258e-25
CSARDVGISYEQYF,VYIGDPAQL,A*03:01,0,0,0,3.7938424e-27
CSARDVLAGGSDTQYFGF,KMVTVCPNT,B*27:09,0,0,0,8.3785916e-21
CSARDVLAGGSDTQYFGF,KRPIPIKYKAM,B*51:01,0,0,0,2.5615553e-19
CSARDVLAGGSDTQYFGF,QKRPIPIKYKAM,B*38:01,0,0,0,2.0127737e-20
CSARDVLAGGSDTQYFGF,RYRIGNYKL,A*11:01,0,0,0,1.1340141e-21
CSARDVLAGGSDTQYFGF,KMVAVFYNT,B*15:01,0,0,0,9.7461425e-21
CSARDVLAGGSDTQYFGF,SLLMWITQA,A*11:01,0,0,0,6.787443e-21
CSARDVLAGGSDTQYFGF,RQLLFVVEV,A*30:02,0,0,0,4.4139734e-23
CSARDVLAGGSDTQYFGF,RLGPYLEFL,A*11:01,0,0,0,2.2402403e-23
CSARDVLAGGSDTQYFGF,FLYNLLTRV,B*07:02,0,0,0,1.4523086e-21
CSAREGLAAGELFF,ALYGFVPVL,B*08:01,0,0,0,1.0684822e-21
CSAREGLAAGELFF,RYPLTFGWCF,B*35:08,0,0,0,4.9482854e-22
CSAREGLAAGELFF,SPRWYFYYL,A*24:02,0,0,0,5.357991e-22
CSAREGLAAGELFF,RPRGEVRFL,B*38:01,0,0,0,8.728453e-22
CSAREGLAAGELFF,MLYQHLLPL,A*30:02,0,0,0,1.7082172e-22
CSAREGLAAGELFF,FEDLRVSSF,B*27:05,0,0,0,1.2719646e-22
CSAREGLAAGELFF,VMPFSIVYIV,B*35:08,0,0,0,5.9657675e-22
CSAREGLAAGELFF,ELAGIGILTV,B*37:01,0,0,0,8.980001e-22
CSAREGLAAGELFF,IPSINVHHY,A*02:01,0,0,0,1.1019286e-21
CSAREHREPYEQYF,ITDQVPFSV,B*37:01,0,0,0,1.485944e-21
CSAREHREPYEQYF,LVLEVDPNI,A*68:01,0,0,0,9.436407e-23
CSAREHREPYEQYF,LLFALHFSA,B*38:01,0,0,0,1.1656458e-21
CSAREHREPYEQYF,CLGGLLTMV,A*30:02,0,0,0,3.2591714e-22
CSAREHREPYEQYF,ELAGIGILTV,B*27:05,0,0,0,6.1572498e-31
CSAREHREPYEQYF,ALYGFVPVL,B*27:09,0,0,0,4.6023186e-33
CSAREHREPYEQYF,LPRWYFYYL,B*51:01,0,0,0,3.4297128e-35
CSAREHREPYEQYF,ITDQVPFSV,B*27:09,0,0,0,2.5952114e-35
CSAREHREPYEQYF,NLVPMVATV,B*15:01,0,0,0,4.08532e-34
CSARENWDLSTDTQYFGF,VSDGGPNLY,A*30:02,0,0,0,1.852847e-35
CSARENWDLSTDTQYFGF,KTWGQYWQV,B*27:05,0,0,0,2.193218e-30
CSARENWDLSTDTQYFGF,RFPLTFGWCF,A*68:01,0,0,0,1.649888e-34
CSARENWDLSTDTQYFGF,ALYGFVPVL,B*15:01,0,0,0,6.4523356e-35
CSARENWDLSTDTQYFGF,ALYGSVPVL,A*68:01,0,0,0,3.2798428e-34
CSARENWDLSTDTQYFGF,SLAPLSPRA,A*24:02,0,0,0,5.7264416e-30
CSARENWDLSTDTQYFGF,CTELKLNDY,B*27:09,0,0,0,8.577567e-31
CSAREPGRQFAFAALHF,VLFHRAFLV,A*11:01,0,0,0,2.7698535e-31
CSAREPGRQFAFAALHF,ELAGIGILTV,B*38:01,0,0,0,1.6988914e-30
CSAREPGRQFAFAALHF,ELAGIGILTV,B*27:05,0,0,0,6.681395e-29
CSAREPGRQFAFAALHF,IVCPICSQK,A*03:01,0,0,0,2.486415e-32
CSAREPGRQFAFAALHF,LLFALYFSA,A*11:01,0,0,0,6.650662e-26
CSAREPGRQFAFAALHF,LMFWASSSI,A*24:02,0,0,0,3.350255e-25
CSAREPGRQFAFAALHF,VYFLQSINF,B*27:09,0,0,0,3.27523e-26
CSAREPGRQFAFAALHF,KMVAVFYTT,B*37:01,0,0,0,2.161585e-26
CSAREVRDLYNEQFF,LLSIISFPA,A*68:01,0,0,0,2.8803204e-26
CSAREVRDLYNEQFF,SLAPLSPRV,B*35:01,0,0,0,3.912975e-26
CSAREVRDLYNEQFF,RTMEVCYNT,A*02:01,0,0,0,1.5516965e-25
CSAREVRDLYNEQFF,QSRGDENRGW,B*51:01,0,0,0,1.4668278e-23
CSARGAGVPYEQYF,LLWNGPMAV,B*27:05,0,0,0,3.414397e-22
CSARGAGVPYEQYF,VLNYFKPYL,B*27:05,0,0,0,9.895383e-23
CSARGAGVPYEQYF,SPRWYFYYL,B*38:01,0,0,0,3.338849e-25
CSARGAGVPYEQYF,GMGPLLATV,B*07:02,0,0,0,8.738605e-24
CSARGAGVPYEQYF,VYFLQSINF,B*37:01,0,0,0,6.919424e-25
CSARGDLLPEAFF,FEDLRVSSF,A*02:01,0,0,0,4.16544e-24
CSARGDLLPEAFF,GMGPLLATV,B*35:01,0,0,0,7.754533e-25
CSARGDLLPEAFF,RPIPIKYKAM,B*57:01,0,0,0,1.7491591e-23
CSARGDLLPEAFF,HTMLCMCCK,B*51:01,0,0,0,7.6932516e-24
CSARGDLLPEAFF,LLFALHFSA,B*38:01,0,0,0,9.468142e-22
CSARGDLLPEAFF,RPIPIKYKAM,A*02:01,0,0,0,1.4038091e-19
CSARGGTDGYTF,YHSIEWAI,B*35:01,0,0,0,6.385653e-22
CSARGGTDGYTF,SLLMPILTL,A*03:01,0,0,0,1.4701569e-21
CSARGGTDGYTF,LLAGTLAVV,B*38:01,0,0,0,2.459232e-22
CSARGLAGTYEQYF,VVLSWAPPV,B*07:02,0,0,0,5.589655e-21
CSARGLAGTYEQYF,LLFGYPVYV,B*37:01,0,0,0,3.0937481e-22
CSARGLAGTYEQYF,IMDQVPFSV,A*11:01,0,0,0,1.1697477e-22
CSARGLAGTYEQYF,GQFLTPNSH,B*08:01,0,0,0,3.818042e-21
CSARGTSGETYTQYF,YVLTWIVGA,B*08:01,0,0,0,1.25405775e-20
CSARGTSGETYTQYF,VMPFSIVYI,B*15:01,0,0,0,3.832033e-22
CSARGTSGETYTQYF,KTFPPTEPK,A*01:01,0,0,0,5.915611e-24
CSARGTSGETYTQYF,FEDLRLLSF,B*51:01,0,0,0,3.4454918e-18
CSARHPGVSTDTQYF,RYPLTFGW,A*24:02,0,0,0,8.567604e-21
CSARHPGVSTDTQYF,SLAPLSPRV,B*27:05,0,0,0,5.061988e-19
CSARHPGVSTDTQYF,IMDQVPFSV,A*03:01,0,0,0,3.0039248e-20
CSARHPGVSTDTQYF,LPRWYFYYL,B*27:09,0,0,0,3.3737977e-20
CSARHPGVSTDTQYF,KLWASPLHV,A*24:02,0,0,0,4.849069e-34
CSARHPGVSTDTQYF,AVGSYVYSV,B*38:01,0,0,0,5.7579856e-37
CSARHPGVSTDTQYF,FLIYLDVSV,A*24:02,0,0,0,2.7237568e-34
CSARHPGVSTDTQYF,FLRGRAYGL,B*37:01,0,0,0,1.8403225e-35
CSARHPGVSTDTQYF,GQMWLLAPR,B*27:09,0,0,0,2.7282256e-36
CSARISTSSSYEQYF,FEDLRVLSF,A*24:02,0,0,0,5.0073964e-30
CSARISTSSSYEQYF,MLYQHLLPL,A*11:01,0,0,0,5.6820703e-31
CSARISTSSSYEQYF,AVGSYVYSV,B*07:02,0,0,0,3.5477702e-30
CSARISTSSSYEQYF,SLLMWITQC,B*38:01,0,0,0,3.3367654e-30
CSARISTSSSYEQYF,KRPIPIKYKAM,B*07:02,0,0,0,3.0383016e-28
CSARISTSSSYEQYF,QSRGDENRGW,A*03:01,0,0,0,1.745347e-30
CSARISTSSSYEQYF,FTSDYYQLY,B*08:01,0,0,0,7.5587117e-31
CSARISTSSSYEQYF,YVLTWIVGA,B*35:08,0,0,0,2.3177885e-24
CSARISTSSSYEQYF,ILNAMITKI,A*68:01,0,0,0,9.24759e-27
CSARISTSSSYEQYF,CFVECAPVC,B*27:09,0,0,0,3.0960456e-25
CSARMVSYEQYF,TSTLQEQIGW,A*24:02,0,0,0,8.201013e-26
CSARMVSYEQYF,LLSIISFPA,B*35:08,0,0,0,4.340612e-27
CSARMVSYEQYF,MLNIPSINV,A*24:02,0,0,0,1.0442666e-17
CSARPGLAGGYEQYF,KMVAVFYNT,A*68:01,0,0,0,1.1784435e-18
CSARPGLAGGYEQYF,FLTVFSHFM,A*03:01,0,0,0,1.2491319e-18
CSARPGLAGGYEQYF,LLFALYFSA,B*51:01,0,0,0,4.495789e-19
CSARPGLAGGYEQYF,ILNVDIFTL,A*30:02,0,0,0,1.1722096e-21
CSARPGLAGGYEQYF,KVKEVCPNV,A*01:01,0,0,0,1.1761618e-26
CSARPGQFYSNQPQHF,RLVPYLEFL,A*01:01,0,0,0,2.4871517e-27
CSARPGQFYSNQPQHF,THLMVLCCV,A*68:01,0,0,0,1.7394253e-22
CSARPGQFYSNQPQHF,FEDLRLLSF,B*07:02,0,0,0,2.2911812e-22
CSARPGQFYSNQPQHF,QSRGDENRGW,B*15:01,0,0,0,4.108824e-20
CSARPGQFYSNQPQHF,LMFWASSSI,A*03:01,0,0,0,2.2147404e-23
CSARPGQFYSNQPQHF,VAANIVLTV,B*35:01,0,0,0,1.1886905e-21
CSARPGQFYSNQPQHF,KVKEVCPNV,B*38:01,0,0,0,7.4351743e-22
CSARQRDLSYEQYF,LLFGYPVYV,B*35:01,0,0,0,2.6894396e-25
CSARQRDLSYEQYF,LLAMTVPNV,A*01:01,0,0,0,4.090596e-24
CSARQRDLSYEQYF,KLVALGINAV,A*02:01,0,0,0,3.2959e-41
CSARQRDLSYEQYF,VLFHRAFLV,A*01:01,0,0,0,7.51e-43
CSARQRDLSYEQYF,CFVECAPVC,B*07:02,0,0,0,9.085e-42
CSARQRDLSYEQYF,FMLYLLTLM,B*51:01,0,0,0,7.382e-42
CSARRADTEAFF,CTELKLSDY,B*27:05,0,0,0,0.0
CSARRADTEAFF,VSDGGPNLY,A*11:01,0,0,0,0.0
CSARRADTEAFF,SLLMPILTL,A*03:01,0,0,0,0.0
CSARRADTEAFF,DATYQRTRALVR,B*07:02,0,0,0,1e-45
CSARRADTEAFF,FLRGRAYGL,A*01:01,0,0,0,0.0
CSARRADTEAFF,VAANIVLTV,B*37:01,0,0,0,0.0
CSARRADTEAFF,LLSIISFPA,B*57:01,0,0,0,0.0
CSARRADTEAFF,FLTVFSHFM,B*35:01,0,0,0,2.0518856e-27
CSARSGGTEAFF,FLTVFSHFM,B*15:01,0,0,0,1.3567058e-26
CSARSGGTEAFF,FEDLRVLSF,B*15:01,0,0,0,5.4341577e-35
CSARSGGTEAFF,RLQSLQTYV,B*37:01,0,0,0,7.780659e-27
CSARSGGTEAFF,LPRWYFYYL,A*30:02,0,0,0,1.8639364e-33
CSARSGGTEAFF,VLFGLGFAI,B*35:08,0,0,0,1.6700079e-31
CSARSGGTEAFF,FEDLRVSSF,B*35:01,0,0,0,9.914464e-38
CSARTDRGNNYGYTF,GQMWLLAPR,A*03:01,0,0,0,2.2354013e-37
CSARTDRGNNYGYTF,YVLTWIVGA,B*35:01,0,0,0,1.8223757e-20
CSARTDRGNNYGYTF,SLLWMNPFV,B*15:01,0,0,0,6.7383995e-21
CSARTDRGNNYGYTF,MIISHLYLI,B*37:01,0,0,0,1.0014361e-21
CSARTDRGNNYGYTF,VVLSWAPPV,A*68:01,0,0,0,3.3587572e-22
CSARTDRGNNYGYTF,FMLYLLTLM,A*24:02,0,0,0,2.404374e-21
CSARTISQGAHYEQYF,YHSIEWAI,A*01:01,0,0,0,1.1492126e-21
CSARTISQGAHYEQYF,FEDLRLLSF,B*27:09,0,0,0,9.531846e-23
CSARTISQGAHYEQYF,YVLTWIVGA,B*08:01,0,0,0,3.7487438e-26
CSARTISQGAHYEQYF,KVKEVCPNV,B*15:01,0,0,0,2.0702033e-28
CSARTISQGAHYEQYF,LLFGMPPCL,B*27:05,0,0,0,2.564165e-27
CSARTISQGAHYEQYF,HPVGEADYFEY,B*57:01,0,0,0,1.5278704e-28
CSARTISQGAHYEQYF,MLYQHLLPL,B*57:01,0,0,0,1.3198182e-27
CSARTISQGAHYEQYF,NMINFAPNI,B*08:01,0,0,0,5.553252e-27
CSARTISQGAHYEQYF,FLTVFSHFM,A*03:01,0,0,0,2.5338358e-28
CSARTWTGNTIYF,NLVPMVATV,B*35:01,0,0,0,3.8306766e-28
CSARTWTGNTIYF,LVLEVDPNI,B*38:01,0,0,0,8.787546e-31
CSARTWTGNTIYF,LRVMMLAPF,A*03:01,0,0,0,3.4115378e-34
CSARTWTGNTIYF,LVLEVDPNI,A*11:01,0,0,0,6.273253e-32
CSARTWTGNTIYF,VMPFSIVYI,B*51:01,0,0,0,2.5377e-32
CSARTWTGNTIYF,YLQPRTFLL,B*27:05,0,0,0,1.8487618e-32
CSARTWTGNTIYF,SLAPLSPRV,A*30:02,0,0,0,4.9263866e-35
CSARTWTGNTIYF,ILTGLNYEA,A*24:02,0,0,0,4.9979095e-31
CSARTWTGNTIYF,KLLEIAPNC,A*68:01,0,0,0,3.5576868e-32
CSARTWTGNTIYF,LLFALYFSA,B*51:01,0,0,0,2.637672e-33
CSARVTSGSYEQYF,VLNYFEPYL,A*02:01,0,0,0,2.448859e-30
CSARVTSGSYEQYF,ALSKGVHFV,A*11:01,0,0,0,1.4780591e-34
CSARVTSGSYEQYF,CTELKLNDY,B*27:05,0,0,0,5.0901233e-34
CSARVTSGSYEQYF,ALSPVIPHI,B*07:02,0,0,0,9.666665e-32
CSARWDRVSSSTDTQYF,ILTGLNYEV,A*02:01,0,0,0,9.730564e-31
CSARWDRVSSSTDTQYF,EAAGIGILTV,B*51:01,0,0,0,4.2815884e-35
CSARWDRVSSSTDTQYF,YVLTWIVGA,B*37:01,0,0,0,2.6371402e-32
CSARWDRVSSSTDTQYF,ILNVDVFTL,A*30:02,0,0,0,8.897831e-35
CSASASLTSGANVLTF,QKRPIPIKYKAM,B*15:01,0,0,0,2.2860836e-36
CSASASLTSGANVLTF,VMHANYIFW,B*57:01,0,0,0,2.632293e-34
CSASASLTSGANVLTF,GKTELLAPF,B*51:01,0,0,0,1.2445311e-35
CSASASLTSGANVLTF,YLEPGPVTA,B*38:01,0,0,0,6.94193e-38
CSASASLTSGANVLTF,NMINFAPNI,A*02:01,0,0,0,1.526178e-39
CSASASLTSGANVLTF,LMFWASSSI,A*01:01,0,0,0,1.6856123e-38
CSASDSLTISGFF,TSTLQEQIGW,B*35:08,0,0,0,0.0
CSASDSLTISGFF,YLEPGPVTA,B*15:01,0,0,0,0.0
CSASDSLTISGFF,FLYNLLTRV,A*01:01,0,0,0,0.0
CSASDSLTISGFF,TSTLQEQIGW,A*11:01,0,0,0,0.0
CSASLKADEQF,VSDGGPNLY,B*37:01,0,0,0,0.0
CSASLKADEQF,NDMLVCANI,A*03:01,0,0,0,0.0
CSASLKADEQF,TAFTIPSI,A*01:01,0,0,0,0.0
CSASMEAASTYEQYF,SLLMWITQA,A*02:01,0,0,0,0.0
CSASMEAASTYEQYF,RPIPIKYKAM,B*38:01,0,0,0,0.0
CSASMEAASTYEQYF,LIIPFIHLI,B*35:08,0,0,0,2.0712413e-25
CSASMEAASTYEQYF,NYNYLYRLF,A*68:01,0,0,0,7.49979e-27
CSASMEAASTYEQYF,LLFGMTPCL,B*37:01,0,0,0,4.589049e-25
CSASMEAASTYEQYF,KTWGQYWQV,A*01:01,0,0,0,4.104973e-26
CSASMEAASTYEQYF,FEDLRVLSF,B*51:01,0,0,0,5.6732727e-25
CSASMEAASTYEQYF,ALYGFVPVL,A*03:01,0,0,0,3.9978762e-26
CSASMEAASTYEQYF,RLGPYLEFL,B*15:01,0,0,0,8.6440395e-26
CSASMEAASTYEQYF,KMVTVCPNT,A*03:01,0,0,0,2.5421161e-26
CSASPGYNEQFF,ALYGSVPVL,A*68:01,0,0,0,9.148724e-32
CSASPGYNEQFF,TAFTIPSI,A*03:01,0,0,0,8.715835e-31
CSASPGYNEQFF,ILNAMIAKI,B*35:08,0,0,0,5.0230896e-28
CSASQAAAYEQYF,AVGSYVYSV,B*57:01,0,0,0,4.40288e-28
CSASQAAAYEQYF,VYGIRLEHF,B*08:01,0,0,0,4.3710148e-29
CSASQAAAYEQYF,IVCPICSQK,B*27:05,0,0,0,3.0402263e-28
CSASQAAAYEQYF,FLIYLDVSV,B*27:09,0,0,0,6.820719e-28
CSASQAAAYEQYF,KTFPPTEPK,B*08:01,0,0,0,1.1475257e-29
CSASQAAAYEQYF,SVYGDTLEK,A*01:01,0,0,0,2.831345e-31
CSASSPDREADGYTF,FTSDYYQLY,B*07:02,0,0,0,9.096494e-31
CSASSPDREADGYTF,SLAPLSPRV,B*38:01,0,0,0,1.3254894e-27
CSASSPDREADGYTF,NDMLVCANI,A*11:01,0,0,0,1.839492e-30
CSASSPDREADGYTF,SVYGDTLEK,A*11:01,0,0,0,5.237803e-24
CSASSPDREADGYTF,QKRPIPIKYKAM,B*15:01,0,0,0,4.3054473e-22
CSASSPDREADGYTF,VAANIVLTV,B*08:01,0,0,0,1.1671091e-22
CSASVSGGPLDTQYF,SPRWYFYYL,B*35:08,0,0,0,8.7594154e-35
CSASVSGGPLDTQYF,SVYGDTLEK,B*37:01,0,0,0,5.7529853e-35
CSASVSGGPLDTQYF,KLNTITPVV,B*38:01,0,0,0,1.19622774e-29
CSASVSGGPLDTQYF,LPRWYFYYL,B*38:01,0,0,0,2.2706604e-33
CSASVSGGPLDTQYF,RYPLTFGWCF,B*27:05,0,0,0,8.263399e-29
CSASVSGGPLDTQYF,GMGPLLATV,B*57:01,0,0,0,3.4288958e-16
CSATEAGGPGNEQF,RYPLTFGWCF,B*35:01,0,0,0,1.9785966e-16
CSATEAGGPGNEQF,NDMLVCANI,B*35:01,0,0,0,1.315247e-16
CSATEAGGPGNEQF,TAFTIPSI,B*27:09,0,0,0,3.0155167e-15
CSATEAGGPGNEQF,VMPFSIVYI,B*08:01,0,0,0,2.4484576e-15
CSATEAGGPGNEQF,VYFLQSINF,A*11:01,0,0,0,1.0563631e-16
CSATEAGGPGNEQF,FLIYLDVSV,A*11:01,0,0,0,2.7287945e-16
CSATEAGGPGNEQF,TRLALIAPK,A*02:01,0,0,0,4.0164696e-16
CSATGTSGYNEQFF,GMGPLLATV,A*30:02,0,0,0,1.6849496e-16
CSATGTSGYNEQFF,LLFALHFSA,A*24:02,0,0,0,1.228811e-15
CSATGTSGYNEQFF,NMIHFAPNV,A*03:01,0,0,0,1.3951575e-16
CSATLDRNYGYTF,GQVMVVAPR,B*37:01,0,0,0,1.2635627e-17
CSATLDRNYGYTF,AEMEFCPCC,B*27:09,0,0,0,7.7809955e-17
CSATLDRNYGYTF,KLWASPLHV,B*51:01,0,0,0,7.848427e-17
CSATLDRNYGYTF,RQLLFVVEV,B*27:05,0,0,0,8.0722736e-17
CSATLDRNYGYTF,IMDQVPFSV,A*02:01,0,0,0,1.4692685e-17
CSATLDRNYGYTF,VLFGLGFAI,B*35:01,0,0,0,2.050167e-17
CSATLDRNYGYTF,RLQSLQTYV,B*15:01,0,0,0,1.1879637e-16
CSATLDRNYGYTF,ALSPVIPLI,B*27:09,0,0,0,6.625699e-17
CSATPNTEAF,RLPGVLPRA,A*02:01,0,0,0,1.14275366e-17
CSATPNTEAF,KMVAVFYNT,A*30:02,0,0,0,1.2680873e-17
CSATPNTEAF,FMLYLLTLM,B*35:08,0,0,0,6.5351695e-28
CSATPNTEAF,NDMLVCANI,B*38:01,0,0,0,1.0689554e-28
CSATPNTEAF,CTELKLSDY,B*38:01,0,0,0,5.2083386e-30
CSATPNTEAF,GQMWLLAPR,B*57:01,0,0,0,1.879577e-29
CSATPNTEAF,IMDQVPFSV,A*02:01,0,0,0,7.6920577e-29
CSATPNTEAF,NLNCCSVPV,B*38:01,0,0,0,9.246068e-28
CSAVLPGLAGYNEQFF,VLFHRAFLV,A*03:01,0,0,0,7.3834527e-29
CSAVLPGLAGYNEQFF,TAFTIPSI,B*27:09,0,0,0,5.4722415e-22
CSAVLPGLAGYNEQFF,NLNCCSVPV,B*08:01,0,0,0,1.6231243e-21
CSAVLPGLAGYNEQFF,EAAGIGILTV,B*27:05,0,0,0,1.2592103e-21
CSAVLPGLAGYNEQFF,CFVECAPVC,A*01:01,0,0,0,1.8246474e-23
CSAVLPGLAGYNEQFF,KMVAVFYTT,A*02:01,0,0,0,7.3777634e-22
CSAVLPGLAGYNEQFF,FEDLRVSSF,B*35:08,0,0,0,3.264362e-36
CSAVLPGLAGYNEQFF,RPPIFIRRL,A*01:01,0,0,0,1.8365695e-36
CSAWWGAEQYF,LLAGTLAGV,B*08:01,0,0,0,2.1012355e-33
CSAWWGAEQYF,VMPFSIVYI,A*01:01,0,0,0,2.7362418e-35
CSAWWGAEQYF,LLFGYPVYV,A*01:01,0,0,0,1.7898499e-35
CSAWWGAEQYF,HTMLCMCCK,A*68:01,0,0,0,4.029846e-34
CSAWWGAEQYF,EIQEFCPNT,B*38:01,0,0,0,2.432068e-35
CSAWWGAEQYF,KTWGQYWQV,B*51:01,0,0,0,4.471829e-33
CSAWWGAEQYF,LMFWASSSI,A*11:01,0,0,0,2.3687428e-35
CSAYSTGQGIYEQYF,SPRWYFYYL,A*11:01,0,0,0,7.616611e-36
CSAYSTGQGIYEQYF,FLRGRAYGL,B*37:01,0,0,0,1.3841485e-29
CSAYSTGQGIYEQYF,RYRIGNYKL,B*57:01,0,0,0,8.659204e-30
CSAYSTGQGIYEQYF,HPVGEADYFEY,B*08:01,0,0,0,8.531852e-30
CSAYSTGQGIYEQYF,VLFGLGFAI,B*27:05,0,0,0,9.241404e-30
CSAYSTGQGIYEQYF,YVLTWIVGA,A*11:01,0,0,0,4.4583816e-29
CSAYSTGQGIYEQYF,FLRGRAYGL,B*38:01,0,0,0,2.7023054e-17
CSAYSTGQGIYEQYF,FEDLRLLSF,B*15:01,0,0,0,1.4542742e-17
CSAYSTGQGIYEQYF,NYNYLYRLF,B*07:02,0,0,0,1.9280927e-17
CSAYSTGQGIYEQYF,MIISHLYLI,A*03:01,0,0,0,1.3913778e-17
CSAYSTGQGIYEQYF,LLAMTVPNV,B*51:01,0,0,0,8.353396e-17
CSDGTGDGYTF,THLMVLCCV,B*08:01,0,0,0,5.540708e-18
CSDGTGDGYTF,LIIPFIHLI,B*38:01,0,0,0,1.1248482e-17
CSGLVPGFDSPLHF,RTMEVCYNT,B*08:01,0,0,0,5.807107e-23
CSGLVPGFDSPLHF,SPRWYFYYL,A*24:02,0,0,0,1.7018479e-24
CSGLVPGFDSPLHF,RLGPYLEFL,A*68:01,0,0,0,1.5801235e-25
CSGLVPGFDSPLHF,ALYGSVPVL,A*24:02,0,0,0,8.445191e-25
CSIRSSYEAF,KVKEVCPNV,A*02:01,0,0,0,5.327557e-24
CSIRSSYEAF,ILTGLNYEV,B*35:01,0,0,0,6.8007085e-22
CSIRSSYEAF,LRVMMLAPF,B*37:01,0,0,0,3.786794e-08
CSIRSSYEAF,TAFTIPSI,A*02:01,0,0,0,1.753582e-08
CSIRSSYEAF,ILNVDIFTL,B*35:01,0,0,0,3.3288437e-08
CSIRSSYEAF,MTLHGFMMY,A*24:02,0,0,0,3.2594556e-08
CSIRSSYEAF,GQVMVVAPR,B*35:01,0,0,0,2.2033138e-08
CSIRSSYEAF,YLQPRTFLL,A*01:01,0,0,0,7.09152e-09
CSIRSSYEAF,KRPIPIKYKAM,B*35:08,0,0,0,2.0866678e-16
CSIRSSYEAF,CFLLILPNC,B*07:02,0,0,0,3.7744175e-17
CSIRSSYEQF,FEDLRLLSF,B*57:01,0,0,0,1.0129292e-18
CSIRSSYEQF,CTELKLSDY,B*27:09,0,0,0,5.2185665e-13
CSIRSSYEQF,KMVAVFYTT,B*35:01,0,0,0,1.0494328e-12
CSIRSSYEQF,YLEPGPVTA,B*15:01,0,0,0,5.8461894e-13
CSIRSSYEQF,RYRIGNYKL,B*38:01,0,0,0,8.2203146e-13
CSIRSSYEQF,FEDLRVSSF,A*02:01,0,0,0,1.6403824e-13
CSIRSSYEQF,KLVALGINAV,B*38:01,0,0,0,1.0605361e-12
CSIRSSYEQF,SLAPLSPRA,B*15:01,0,0,0,6.5478715e-13
CSIRSSYEQF,TSTLQEQIGW,A*11:01,0,0,0,2.7865286e-13
CSLATGGDTQF,ALYGSVPVL,B*35:08,0,0,0,4.8762405e-13
CSLATGGDTQF,ILTGLNYEV,B*15:01,0,0,0,1.037349e-12
CSLATGGDTQF,FEDLRVSSF,B*51:01,0,0,0,1.7063225e-14
CSLATGGDTQF,HTMLCMCCK,A*03:01,0,0,0,1.42054e-13
CSLATGGDTQF,LLFALHFSA,B*57:01,0,0,0,2.715068e-16
CSLATGGDTQF,RLVPYLEFL,A*68:01,0,0,0,6.6377625e-18
CSLFSQQPQF,SLAPLSPRV,B*35:08,0,0,0,1.5561732e-16
CSLFSQQPQF,ITDQVPFSV,A*03:01,0,0,0,4.8291346e-18
CSLFSQQPQF,VLNYFKPYL,A*68:01,0,0,0,1.10332725e-17
CSLFSQQPQF,LLFGMTPCL,A*24:02,0,0,0,9.810726e-18
CSLTGGLNSPLF,IMDQVPFSV,B*27:05,0,0,0,1.526371e-16
CSLTGGLNSPLF,LRVMMLAPF,A*02:01,0,0,0,2.4393641e-18
CSLTGGLNSPLF,NMINFAPNI,B*08:01,0,0,0,2.2082272e-16
CSLTGGLNSPLF,RLGPYLEFL,B*57:01,0,0,0,4.6371434e-17
CSLTGGLNSPLF,ILTGLNYEV,B*27:05,0,0,0,4.154951e-16
CSLTGGLNSPLF,EIQEFCPNT,B*38:01,0,0,0,2.308655e-17
CSLTGGLNSPLF,KRPIPIKYKAM,B*35:01,0,0,0,6.3789127e-21
CSLTGGLNSPLF,RPRGEVRFL,B*15:01,0,0,0,2.0496152e-21
CSLTGGLNSPLF,YLQPRTFLL,A*03:01,0,0,0,1.7575952e-21
CSPAVHRVANNEQLF,KTWGQYWQV,A*24:02,0,0,0,5.70399e-21
CSPAVHRVANNEQLF,VLFGLGFAI,B*37:01,0,0,0,1.2718246e-21
CSPAVHRVANNEQLF,ALSPVIPHI,B*35:01,0,0,0,1.7459343e-21
CSPAVHRVANNEQLF,FLRGRAYGL,A*30:02,0,0,0,2.225142e-21
CSSIRSSDTQF,NMIHFAPNV,A*02:01,0,0,0,6.1828895e-21
CSSIRSSDTQF,EIQEFCPNT,B*08:01,0,0,0,2.6503763e-21
CSSIRSSDTQF,NLFNRYPAL,A*11:01,0,0,0,2.9580414e-35
CSSIRSSDTQF,KLVALGINAV,B*38:01,0,0,0,3.4025327e-33
CSSIRSSDTQF,KLVALGINAV,B*27:05,0,0,0,2.7269734e-31
CSSIRSSDTQF,KMVTVCPNT,B*51:01,0,0,0,7.771035e-38
CSSLAGPYNEQF,HTMLCMCCK,B*35:08,0,0,0,5.5227057e-34
CSSLAGPYNEQF,TTDPSFLGRY,B*37:01,0,0,0,2.41e-43
CSSLAGPYNEQF,GCQEICPAC,B*07:02,0,0,0,2.0709959e-33
CSSLAGPYNEQF,LLAGTLAVV,A*24:02,0,0,0,1.6920323e-34
CSSLAGPYNEQF,RPPIFIRRL,B*38:01,0,0,0,2.9110995e-38
CSSPRSALEQF,ALSPVIPLI,B*51:01,0,0,0,9.3683054e-36
CSSPRSALEQF,IMDQVPFSV,A*30:02,0,0,0,3.2314574e-27
CSSPRSALEQF,KVKEVCPNV,B*37:01,0,0,0,1.0306362e-26
CSSPRSALEQF,LLFALHFSA,A*68:01,0,0,0,3.838523e-25
CSSPRSALEQF,FTSDYYQLY,B*35:08,0,0,0,2.133306e-27
CSSVFGTSYEQF,YVLTWIVGA,A*03:01,0,0,0,7.093275e-25
CSSVFGTSYEQF,KMVAVFYNT,B*07:02,0,0,0,9.233781e-25
CSSVRSAYEQF,CTELKLSDY,B*27:09,0,0,0,4.6914612e-26
CSSVRSAYEQF,NLFNRYPAL,B*27:05,0,0,0,4.5540337e-24
CSSVRSAYEQF,QYDPVAALF,B*57:01,0,0,0,2.3312967e-29
CSSVRSAYEQF,RPIPIKYKAM,B*51:01,0,0,0,5.986997e-28
CSSVRSAYEQF,SLLMWITQA,B*35:01,0,0,0,5.867887e-27
CSSVRSAYEQF,RPPIFIRRL,A*11:01,0,0,0,8.03287e-30
CSSVRSAYEQF,KMVTVCPNT,A*24:02,0,0,0,4.641595e-28
CSSVRSAYEQF,MMPFSIVYI,B*57:01,0,0,0,4.2092783e-28
CSSVRSAYEQF,IMDQVPFSV,B*35:08,0,0,0,7.270869e-29
CSSVRSDEKLF,MIISHLYLI,A*30:02,0,0,0,4.0929267e-29
CSTRSTGELF,IVCPICSQK,A*03:01,0,0,0,5.986103e-29
CSTRSTGELF,ALYGFVPVL,A*11:01,0,0,0,1.7604015e-27
CSTRSTGELF,MLYQHLLPL,B*57:01,0,0,0,2.7355672e-25
CSTRSTGELF,KRPIPIKYKAM,B*51:01,0,0,0,1.1815684e-24
CSTRSTGELF,FEDLRLLSF,B*51:01,0,0,0,2.0747991e-26
CSTRSTGELF,MIISHLYLI,A*03:01,0,0,0,4.5786772e-26
CSTRSTGELF,FTSDYYQLY,A*11:01,0,0,0,1.82e-43
CSTRSTGELF,SLLMPILTL,B*27:09,0,0,0,4.578629e-39
CSTRSTGELF,CFVECAPVC,B*35:08,0,0,0,1.654e-41
CSTRSTGELF,LLFGMTPCL,A*11:01,0,0,0,1.21e-42
CSTRSTGELF,RLGPYLEFL,B*35:08,0,0,0,2.647e-42
CSVAGGPGDTQF,AEMEFCPCC,B*15:01,0,0,0,1.1802805e-23
CSVAGGPGDTQF,AEMEFCPCC,B*37:01,0,0,0,2.2717635e-23
CSVAGGPGDTQF,VLNYFKPYL,B*51:01,0,0,0,7.5645696e-23
CSVAGGPGDTQF,SVYGDTLEK,B*15:01,0,0,0,2.1051522e-24
CSVAGGPGDTQF,SLLMWITQA,A*68:01,0,0,0,9.436006e-24
CSVAGGPGDTQF,SLAPLSPRA,B*27:09,0,0,0,2.6506367e-23
CSVAGGPGDTQF,VMHANYIFW,B*35:08,0,0,0,1.1510416e-22
CSVAGGPGDTQF,LRVMMLAPF,B*27:05,0,0,0,5.197785e-28
CSVAGGTEAFF,YLQPRTFLL,B*57:01,0,0,0,8.5546366e-29
CSVAGGTEAFF,KLVALGINAV,B*51:01,0,0,0,6.960929e-27
CSVAGGTEAFF,NYNYLYRLF,A*02:01,0,0,0,6.5801184e-29
CSVAGGTEAFF,MMPFSIVYI,B*27:09,0,0,0,9.853433e-28
CSVAGGTEAFF,KLSALGINAV,A*01:01,0,0,0,2.7540013e-28
CSVAGGTEAFF,FEDLRLLSF,B*15:01,0,0,0,4.2043656e-29
CSVAGGTEAFF,ILTGLNYEA,B*27:09,0,0,0,6.707629e-27
CSVAGGTEAFF,ALYGFVPVL,B*35:08,0,0,0,7.955144e-29
CSVAGGTEAFF,RQLLFVVEV,B*27:05,0,0,0,0.0
CSVATGGDTQF,AEMEFCPCC,A*02:01,0,0,0,0.0
CSVATGGDTQF,CFLLILPNC,A*68:01,0,0,0,0.0
CSVATGGDTQF,VMPFSIVYIV,B*07:02,0,0,0,0.0
CSVATGGDTQF,DATYQRTRALVR,B*51:01,0,0,0,0.0
CSVATGGDTQF,FTSDYYQLY,A*01:01,0,0,0,0.0
CSVATGGDTQF,RPIPIKYKAM,A*03:01,0,0,0,0.0
CSVATGGDTQF,ITDQVPFSV,B*27:09,0,0,0,0.0
CSVATSGGSNEQF,LLAMTVPNV,A*24:02,0,0,0,0.0
CSVATSGGSNEQF,LLFGMTPCL,B*15:01,0,0,0,0.0
CSVATSGGSNEQF,KTFPPTEPK,B*35:08,0,0,0,0.0
CSVATSGGSNEQF,LLSIIFFPA,A*01:01,0,0,0,5.8503625e-35
CSVATSGGSNEQF,RYPLTFGW,A*01:01,0,0,0,4.7344186e-38
CSVATSGGSNEQF,LLFGMTPCL,B*27:09,0,0,0,1.5674633e-31
CSVATSGGSNEQF,KLNTITPVV,B*35:08,0,0,0,8.971733e-33
CSVATSGGSNEQF,RLPGVLPRA,B*15:01,0,0,0,3.0541026e-37
CSVDGSNQPQF,NYNYLYRLF,B*15:01,0,0,0,4.7556895e-37
CSVDGSNQPQF,LLFALYFSA,A*01:01,0,0,0,7.207118e-26
CSVDGSNQPQF,LLSIIFFPA,B*57:01,0,0,0,3.5510578e-24
CSVDPGQFYNEQFF,KMVAVFYTT,A*01:01,0,0,0,2.5693175e-25
CSVDPGQFYNEQFF,TTDPSFLGRY,A*01:01,0,0,0,2.2956108e-27
CSVDPGQFYNEQFF,NLVPMVATV,B*38:01,0,0,0,4.1853637e-25
CSVDPGQFYNEQFF,LRVMMLAPF,A*68:01,0,0,0,1.1756055e-26
CSVDRRADEQF,TTDPSFLGRY,B*08:01,0,0,0,1.23191585e-26
CSVDRRADEQF,TSTLQEQIGW,A*68:01,0,0,0,1.3123935e-26
CSVDRRADEQF,FTSDYYQLY,B*35:01,0,0,0,1.5998098e-34
CSVDRRADEQF,NLNCCSVPV,B*27:05,0,0,0,8.153084e-30
CSVDRRADEQF,ILNAMITKI,B*08:01,0,0,0,1.7752957e-30
CSVDRRADEQF,LIIPFIHLI,B*38:01,0,0,0,9.5461445e-31
CSVDRRSDEAFF,LRVMMLAPF,B*37:01,0,0,0,2.2841009e-32
CSVDRRSDEAFF,KLNTITPVV,A*68:01,0,0,0,8.5089616e-32
CSVDRRSDEAFF,IVCPICSQK,A*11:01,0,0,0,7.0530775e-31
CSVDRRSDEAFF,ALYGFVPVL,A*30:02,0,0,0,4.4052353e-34
CSVDRRSDEAFF,FEDLRLLSF,A*68:01,0,0,0,7.046401e-33
CSVDRRSDEAFF,FLYNPLTRV,B*37:01,0,0,0,4.8716244e-30
CSVDRRSDEAFF,RYPLTFGWCF,B*38:01,0,0,0,2.755671e-29
CSVDRRSDEAFF,VLNYFKPYL,B*27:05,0,0,0,5.5812213e-27
CSVEAGGVSEAFF,TSTLQEQIGW,B*51:01,0,0,0,3.4592463e-30
CSVEAGGVSEAFF,GCQEICPAC,B*08:01,0,0,0,3.5115276e-28
CSVEAGGVSEAFF,KLSALGINAV,B*07:02,0,0,0,2.0357457e-28
CSVEAGGVSEAFF,FLRGRAYGL,B*35:01,0,0,0,4.4533985e-30
CSVEAGGVSEAFF,LLAGTLAVV,A*02:01,0,0,0,3.990948e-31
CSVEAGGVSEAFF,KMVAVFYTT,B*57:01,0,0,0,1.7539837e-30
CSVEAGGVSEAFF,ILNAMIAKI,A*30:02,0,0,0,2.0237113e-30
CSVEAGGVSEAFF,LLFALYFSA,A*11:01,0,0,0,2.8954826e-31
CSVEAGGVSEAFF,YLEPGPVTA,A*24:02,0,0,0,9.2809014e-30
CSVEAGGVSEAFF,SLAPLSPRV,B*37:01,0,0,0,2.0052469e-36
CSVEDPMGVGTEAFF,TSTLQEQIGW,B*27:09,0,0,0,2.15152e-37
CSVEDPMGVGTEAFF,GQVMVVAPR,B*07:02,0,0,0,1.0073326e-36
CSVEDPMGVGTEAFF,THLMVLCCV,B*07:02,0,0,0,1.0478119e-36
CSVEDPMGVGTEAFF,ITDQVPFSV,A*24:02,0,0,0,4.4626265e-33
CSVEDPMGVGTEAFF,NDMLVCANI,B*35:01,0,0,0,2.5057117e-35
CSVEEWDTSGNTIYF,NMINFAPNI,B*35:08,0,0,0,6.200445e-34
CSVEEWDTSGNTIYF,FEDLRVLSF,A*30:02,0,0,0,5.9116722e-36
CSVEEWDTSGNTIYF,FLYNLLTRV,A*11:01,0,0,0,8.2765604e-35
CSVEEWDTSGNTIYF,AVGSYVYSV,B*37:01,0,0,0,1.5397433e-34
CSVEEWDTSGNTIYF,YLEPGPVTA,A*03:01,0,0,0,1.2722141e-34
CSVEEWDTSGNTIYF,KLWASPLHV,A*01:01,0,0,0,3.6015586e-33
CSVEEWDTSGNTIYF,RYPLTFGW,B*27:05,0,0,0,2.6156598e-32
CSVEGLAGPSYNEQFF,RQLLFVVEV,A*24:02,0,0,0,5.830565e-32
CSVEGLAGPSYNEQFF,ALSKGVHFV,B*35:08,0,0,0,1.7334532e-34
CSVEGLAGPSYNEQFF,LLFGMTPCL,B*08:01,0,0,0,2.9200495e-25
CSVEGLAGPSYNEQFF,KTFPPTEPK,B*37:01,0,0,0,6.5149144e-26
CSVEGLAGPSYNEQFF,RTMEVCYNT,B*57:01,0,0,0,3.2931346e-25
CSVEGLAGPSYNEQFF,KAFSPEVIPMF,A*01:01,0,0,0,1.3563124e-26
CSVEGLAGPSYNEQFF,KLNTITPVV,A*68:01,0,0,0,1.0194531e-26
CSVEGNQPQF,FMLYLLTLM,B*35:08,0,0,0,7.460392e-25
CSVEGNQPQF,LPRWYFYYL,B*35:08,0,0,0,1.099726e-25
CSVEGNQPQF,YLEPGPVTA,B*27:05,0,0,0,5.8753263e-26
CSVEGNQPQF,GQVMVVAPR,B*51:01,0,0,0,6.434475e-25
CSVEGNQPQF,KLLEIAPNC,A*02:01,0,0,0,7.674689e-26
CSVEGPGGRIANTEAFF,YVLTWIVGA,B*51:01,0,0,0,1.012424e-24
CSVEGPGGRIANTEAFF,FLYNPLTRV,A*01:01,0,0,0,4.263645e-27
CSVEGPGGRIANTEAFF,MLNIPSINV,A*01:01,0,0,0,2.0519164e-35
CSVEGPGGRIANTEAFF,ILTGLNYEA,A*68:01,0,0,0,3.251727e-33
CSVEGPGGRIANTEAFF,KRPIPIKYKAM,B*08:01,0,0,0,8.301593e-30
CSVEGPGGRIANTEAFF,QYDPVAALF,A*03:01,0,0,0,1.4756237e-36
CSVELTTYEQYF,CTELKLNDY,A*11:01,0,0,0,1.1768288e-36
CSVELTTYEQYF,SLAPLSPRV,B*27:05,0,0,0,1.10602055e-16
CSVELTTYEQYF,VMPFSIVYI,B*51:01,0,0,0,8.782176e-18
CSVERGGDEQFF,KLWASPLHV,B*38:01,0,0,0,4.0374977e-17
CSVERGGDEQFF,FMLYLLTLM,A*24:02,0,0,0,2.9654686e-17
CSVERGGDEQFF,VMPFSIVYIV,A*24:02,0,0,0,1.3807081e-17
CSVERGGDEQFF,FEDLRLLSF,A*24:02,0,0,0,8.601905e-18
CSVERGGDEQFF,RLPGVLPRA,B*51:01,0,0,0,1.2825115e-17
CSVERGGDEQFF,RFPLTFGWCF,B*27:05,0,0,0,3.673893e-27
CSVERGGDEQFF,THLMVLCCV,B*08:01,0,0,0,2.8906987e-27
CSVERGGDEQFF,GCQEICPAC,B*35:08,0,0,0,3.063066e-28
CSVERGGDEQFF,CFLLILPNC,A*11:01,0,0,0,1.9804485e-29
CSVERGGDEQFF,YHSIEWAI,A*03:01,0,0,0,2.087102e-27
CSVESMDRNYEQYF,ILTGLNYEV,B*27:09,0,0,0,1.9986588e-26
CSVESMDRNYEQYF,THLMVLCCV,B*35:08,0,0,0,6.233355e-29
CSVESMDRNYEQYF,LLWNGPMAV,B*08:01,0,0,0,9.183123e-26
CSVESMDRNYEQYF,SLLWMNPFV,A*02:01,0,0,0,1.718284e-27
CSVESMDRNYEQYF,RLPGVLPRA,A*68:01,0,0,0,7.4251765e-35
CSVESMDRNYEQYF,RYPLTFGW,A*03:01,0,0,0,4.0061803e-34
CSVESMDRNYEQYF,ILNAMIAKI,B*51:01,0,0,0,5.0383334e-33
CSVESMDRNYEQYF,CFLLILPNC,B*51:01,0,0,0,4.1322645e-33
CSVESMDRNYEQYF,SPRWYFYYL,B*27:09,0,0,0,6.898703e-34
CSVESMDRNYEQYF,KTFPPTEPK,A*11:01,0,0,0,3.4554224e-37
CSVESMDRNYEQYF,NLFNRYPAL,A*02:01,0,0,0,8.346667e-34
CSVGGGEGNYEQYF,FLYNPLTRV,B*37:01,0,0,0,5.1044292e-36
CSVGGGEGNYEQYF,LRVMMLAPF,A*02:01,0,0,0,7.614867e-36
CSVGGGEGNYEQYF,EIQEFCPNT,B*51:01,0,0,0,6.155582e-39
CSVGGGEGNYEQYF,FMLYLLTLM,B*51:01,0,0,0,3.2750746e-37
CSVGTYSNQPQHF,LIIPFIHLI,A*30:02,0,0,0,6.951849e-36
CSVGTYSNQPQHF,VVLSWAPPV,A*30:02,0,0,0,9.047355e-38
CSVGTYSNQPQHF,RYPLTFGWCF,B*51:01,0,0,0,3.1635386e-38
CSVGTYSNQPQHF,GILGFVFTL,A*02:01,0,0,0,5.195883e-35
CSVGTYSNQPQHF,RPPIFIRRL,B*35:01,0,0,0,3.43904e-40
CSVGTYSNQPQHF,MTLHGFMMY,B*27:05,0,0,0,4.9029568e-33
CSVNRGIGNTEAFF,QYIKWPWYI,B*15:01,0,0,0,7.8570226e-25
CSVNRGIGNTEAFF,EIQEFCPNT,B*15:01,0,0,0,1.6128998e-25
CSVNRGIGNTEAFF,KTWGQYWQV,B*38:01,0,0,0,2.0181979e-24
CSVNRGIGNTEAFF,LLSIISFPA,B*37:01,0,0,0,1.4994426e-24
CSVNRGIGNTEAFF,HTMLCMCCK,B*27:05,0,0,0,2.8754708e-24
CSVNRGIGNTEAFF,KLLEIAPNC,A*01:01,0,0,0,4.5096522e-26
CSVNRGIGNTEAFF,RQLLFVVEV,A*11:01,0,0,0,6.3281864e-28
CSVNRGIGNTEAFF,MLYQHLLPL,A*68:01,0,0,0,4.4624694e-27
CSVPLGVVNNEQF,LVLEVDPNI,A*03:01,0,0,0,2.1274568e-25
CSVPLGVVNNEQF,TSTLQEQIGW,B*37:01,0,0,0,3.3994813e-27
CSVPLGVVNNEQF,ALYGFVPVL,A*03:01,0,0,0,6.301156e-29
CSVPLGVVNNEQF,VMHANYIFW,B*57:01,0,0,0,5.829235e-23
CSVPLGVVNNEQF,VMHANYIFW,B*35:08,0,0,0,7.628439e-30
CSVPSRGYAGELF,ILTGLNYEV,A*30:02,0,0,0,2.6334722e-31
CSVPSRGYAGELF,LRVMMLAPF,A*03:01,0,0,0,2.4992444e-31
CSVPSRGYAGELF,GKTELLAPF,B*38:01,0,0,0,4.394953e-31
CSVPSRGYAGELF,RYPLTFGW,A*68:01,0,0,0,3.993246e-32
CSVPSRGYAGELF,KMVAVFYNT,A*01:01,0,0,0,1.5568085e-31
CSVPSRGYAGELF,RPPIFIRRL,B*37:01,0,0,0,3.7716577e-30
CSVPSRGYAGELF,FLTVFSHFM,A*68:01,0,0,0,1.5146661e-31
CSVPSRGYAGELF,KLLEIAPNC,B*37:01,0,0,0,4.2025514e-30
CSVPSRGYAGELF,ITDQVPFSV,B*27:09,0,0,0,1.7006347e-31
CSVPSRGYAGELF,SLLMWITQC,B*35:01,0,0,0,1.929734e-24
CSVQRRADEQF,KMVAVFYTT,B*35:01,0,0,0,5.722067e-25
CSVQRRADEQF,KLSALGINAV,B*38:01,0,0,0,9.077075e-25
CSVQRRADEQF,VLFGLGFAI,B*07:02,0,0,0,9.774973e-26
CSVQRRADEQF,VLFHRAFLV,B*38:01,0,0,0,1.0219494e-25
CSVRGGGDNSPLHF,VYFLQSINF,B*51:01,0,0,0,2.928167e-27
CSVRGGGDNSPLHF,RFPLTFGWCF,A*01:01,0,0,0,2.013618e-28
CSVRGGGDNSPLHF,NYNYLYRLF,A*11:01,0,0,0,7.899321e-29
CSVRGGGDNSPLHF,LVLEVDPNI,A*68:01,0,0,0,3.3700794e-28
CSVRGGGDNSPLHF,ELAGIGILTV,A*24:02,0,0,0,1.1457948e-27
CSVRLTDYNEQFF,KLWASPLHV,A*68:01,0,0,0,6.782449e-28
CSVRLTDYNEQFF,NMINFAPNI,B*35:01,0,0,0,3.8327816e-28
CSVRLTDYNEQFF,ITDQVPFSV,B*15:01,0,0,0,1.8267549e-26
CSVRLTDYNEQFF,TAFTIPSI,B*27:09,0,0,0,1.873047e-24
CSVRLTDYNEQFF,GMGPLLATV,A*11:01,0,0,0,1.6820832e-26
CSVRLTDYNEQFF,ILNAMIAKI,A*01:01,0,0,0,3.4054295e-25
CSVRLTDYNEQFF,TRLALIAPK,A*03:01,0,0,0,6.222676e-25
CSVRLTDYNEQFF,FLRGRAYGL,B*27:09,0,0,0,8.3751595e-24
CSVRSTGELF,MIISHLYLI,B*37:01,0,0,0,2.9875768e-24
CSVRSTGELF,FEDLRLLSF,B*27:05,0,0,0,3.457702e-38
CSVRSTGELF,ALSPVIPHI,B*38:01,0,0,0,8.773279e-38
CSVRSTGELF,YHSIEWAI,A*24:02,0,0,0,6.6581856e-38
CSVRSTGELF,RLVPYLEFL,A*03:01,0,0,0,8.84997e-40
CSVRTATYNEQF,GILGFVFTL,A*30:02,0,0,0,1.61882e-40
CSVRTATYNEQF,RLPGVLPRA,A*30:02,0,0,0,1.7396e-41
CSVRTATYNEQF,GQMWLLAPR,B*15:01,0,0,0,9.4013e-41
CSVRTATYNEQF,KVKEVCPNV,B*57:01,0,0,0,9.23402e-40
CSVRTATYNEQF,VLFHRAFLV,A*68:01,0,0,0,2.4928e-41
CSVRTPSSYEQYF,LLWNGPMAV,B*27:05,0,0,0,9.434787e-38
CSVRTPSSYEQYF,NMINFAPNI,A*68:01,0,0,0,2.248e-41
CSVRTPSSYEQYF,RYRIGNYKL,A*01:01,0,0,0,4.74638e-40
CSVRTPSSYEQYF,SLLMWITQC,A*11:01,0,0,0,3.034126e-39
CSVRTPSSYEQYF,GMGPLLATV,A*30:02,0,0,0,5.7319e-41
CSVRTPSSYEQYF,VYFLQSINF,B*38:01,0,0,0,4.6955024e-28
CSVTGTEEAF,RPIPIKYKAM,A*02:01,0,0,0,7.470608e-27
CSVTGTEEAF,FLYNLLTRV,B*15:01,0,0,0,4.8724683e-27
CSVTGTEEAF,MLYQHLLPL,B*37:01,0,0,0,1.05882675e-26
CSVTGTGGGF,KLWASPLHV,B*27:05,0,0,0,2.3554002e-26
CSVTGTGGGF,RQLLFVVEV,A*11:01,0,0,0,1.0457163e-27
CSVTGTGGGF,VYIGDPAQL,B*37:01,0,0,0,2.7481154e-27
CSVTGTGGGF,FLIYLDVSV,B*57:01,0,0,0,1.2324377e-26
CSVTGTGGGF,GQVMVVAPR,B*35:01,0,0,0,1.5741365e-26
CSVTGTGGGF,TRLALIAPK,B*27:09,0,0,0,1.9971041e-26
CSVTGTGGGF,VMHANYIFW,B*27:05,0,0,0,7.2449995e-24
CSVTGTGGGF,ALYGFVPVL,A*11:01,0,0,0,7.987193e-29
CSVTQGDGTDTQYF,KMVAVFYNT,A*02:01,0,0,0,3.5988657e-26
CSVTQGDGTDTQYF,KLVALGINAV,B*35:08,0,0,0,2.1416507e-24
CSVTQGDGTDTQYF,FLRGRAYGL,B*38:01,0,0,0,3.2961633e-25
CSVTQGDGTDTQYF,MLNIPSINV,B*08:01,0,0,0,1.2286773e-34
CSVTQGDGTDTQYF,VYIGDPAQL,B*37:01,0,0,0,3.022541e-38
CSVTQGDGTDTQYF,NLFNRYPAL,A*68:01,0,0,0,1.2194772e-36
CSVTQGDGTDTQYF,SPRWYFYYL,B*35:01,0,0,0,1.03262e-40
CSVTQGDGTDTQYF,LLAMTVPNV,A*01:01,0,0,0,1.083247e-39
CSVTQGDGTDTQYF,KVKEVCPNV,B*07:02,0,0,0,3.7635976e-36
CSVWSFGDRDGYTF,KAFSPEVIPMF,A*11:01,0,0,0,8.025819e-39
CSVWSFGDRDGYTF,CLGGLLTMV,A*68:01,0,0,0,7.738934e-39
CSVWSFGDRDGYTF,VMPFSIVYI,B*57:01,0,0,0,2.4562509e-37
CSVWSFGDRDGYTF,LLSIIFFPA,B*27:09,0,0,0,9.985794e-21
CSVYLNTEAFF,MMPFSIVYI,B*51:01,0,0,0,8.3277345e-21
CSVYLNTEAFF,SLAPLSPRV,A*11:01,0,0,0,5.390856e-22
CSVYLNTEAFF,MIISHLYLI,A*03:01,0,0,0,9.284586e-22
CSVYLNTEAFF,MLYQHLLPL,B*37:01,0,0,0,3.0459947e-21
CSVYLNTEAFF,GQMWLLAPR,A*30:02,0,0,0,1.5359961e-17
CSVYLNTEAFF,IVCPICSQK,B*38:01,0,0,0,6.039814e-17
CSVYLNTEAFF,LLAILTYYV,A*01:01,0,0,0,1.479573e-16
CSVYLNTEAFF,CLGGLLTMV,B*27:05,0,0,0,1.7599882e-16
CSWDFQETQYF,FMLYLLTLM,B*51:01,0,0,0,4.8675887e-17
CSWDFQETQYF,ILTGLNYEV,A*24:02,0,0,0,5.847092e-17
CSWDFQETQYF,FLYNPLTRV,A*03:01,0,0,0,2.811485e-18
CSWDFQETQYF,AEMEFCPCC,A*68:01,0,0,0,4.1606093e-18
CSYEAGAETQF,KRPIPIKYKAM,B*08:01,0,0,0,5.330366e-15
CSYEAGAETQF,YLEPGPVTA,B*27:05,0,0,0,1.5089738e-16
CSYEAGAETQF,VLNYFEPYL,A*02:01,0,0,0,2.351023e-23
CSYEAGAETQF,YLEPGPVTA,B*51:01,0,0,0,3.595079e-26
CSYEAGAETQF,LMFWASSSI,B*27:09,0,0,0,1.9748871e-23
CSYVGAAGELF,RYRIGNYKL,B*37:01,0,0,0,1.840382e-24
CSYVGAAGELF,RPRGEVRFL,B*35:01,0,0,0,2.2648648e-25
CSYVGAAGELF,IPSINVHHY,B*27:05,0,0,0,7.164005e-25
CSYVGGKAEAF,KLVALGINAV,B*27:09,0,0,0,1.6122828e-20
CSYVGGKAEAF,KMVTVCPNT,B*51:01,0,0,0,5.344854e-26
CSYVGGKAEAF,VYGIRLEHF,B*35:08,0,0,0,6.1182524e-28
CSYVGGKAEAF,KTFPPTEPK,A*11:01,0,0,0,1.1443419e-07
CSYVGGKAEAF,KLVALGINAV,A*02:01,0,0,0,1.2902318e-07
CSYVGGKAEAF,GKTELLAPF,B*15:01,0,0,0,2.333333e-07
CSYVGGKAEAF,THLMVLCCV,A*30:02,0,0,0,3.2812133e-07
CTPWGEYTGELFF,KLWASPLHV,B*57:01,0,0,0,1.4353319e-06
CTPWGEYTGELFF,IMDQVPFSV,B*27:05,0,0,0,0.0006396695
CTPWGEYTGELFF,YHSIEWAI,A*30:02,0,0,0,0.00016928787
CTPWGEYTGELFF,RPPIFIRRL,B*38:01,0,0,0,0.0001298601
CTSRDLGVWTEAF,LLAGTLAVV,A*01:01,0,0,0,0.000494014
CTSRDLGVWTEAF,VLFGLGFAI,B*35:08,0,0,0,0.0005346663
CTSRDLGVWTEAF,VLNYFEPYL,A*01:01,0,0,0,0.0002963154
CTSRDLGVWTEAF,CLGGLLTMV,B*15:01,0,0,0,0.00020254018
CTSRDLGVWTEAF,MIISHLYLI,B*35:01,0,0,0,2.43967e-19
CTSRDLGVWTEAF,EAAGIGILTV,B*35:08,0,0,0,2.2315461e-18
CVPPYEKLTF,RTMEVCYNT,B*35:01,0,0,0,7.975326e-20
CVPPYEKLTF,SPRWYFYYL,B*35:08,0,0,0,1.8843156e-21
CVPPYEKLTF,RLVPYLEFL,A*03:01,0,0,0,7.41319e-24
CVPPYEKLTF,LLAGTLAVV,A*30:02,0,0,0,1.2290745e-21
CVPPYEKLTF,VMHANYIFW,B*35:08,0,0,0,6.1010137e-18
CVPPYEKLTF,RPIPIKYKAM,B*27:05,0,0,0,7.163289e-19
CVPPYEKLTF,GQVMVVAPR,A*68:01,0,0,0,4.185788e-13
CVSVGRSGYTF,YLEPGPVTA,A*01:01,0,0,0,5.5990856e-14
CVSVGRSGYTF,KTFPPTEPK,B*27:09,0,0,0,1.173579e-13
CVSVGRSGYTF,KRPIPIKYKAM,A*02:01,0,0,0,3.3813116e-11
CVSVGRSGYTF,ITDQVPFSV,B*35:08,0,0,0,2.0893834e-13
CVSVGRSGYTF,HPVGEADYFEY,B*35:08,0,0,0,2.0174403e-12
CVSVGRSGYTF,GQVMVVAPR,A*01:01,0,0,0,5.8311553e-13
CVSVGRSGYTF,LLFGMTPCL,B*37:01,0,0,0,3.1762183e-11
CVSVGRSGYTF,HTMLCMCCK,A*11:01,0,0,0,3.0146473e-12
