precision,recall
0.19878899472398287,1.0
0.20734229576008273,1.0
0.2080337953012673,1.0
0.2083194181602286,1.0
0.20848962008393063,1.0
0.20861357809074357,1.0
0.20867561238523585,1.0
0.20876873303335688,1.0
0.20885416666666667,1.0
0.20888525078136627,1.0
0.20893967025196322,1.0
0.2090018986634898,1.0
0.209033026771419,1.0
0.20907194994786235,1.0
0.2091264667535854,1.0
0.20917321807816983,1.0
0.2092511834209251,1.0
0.20927458435845822,1.0
0.2092901878914405,1.0
0.2093214019388516,1.0
0.20935262529832935,1.0
0.20939166759911976,1.0
0.20941509997015817,1.0
0.2094385375862712,1.0
0.2094776119402985,1.0
0.20948542856076718,1.0
0.20953234053670736,1.0
0.20956362686177163,1.0
0.2095714499029416,1.0
0.20961840041819133,1.0
0.20963405526512321,1.0
0.20964971245051908,1.0
0.20968103383879882,1.0
0.20973586879366385,1.0
0.20975937826931698,1.0
0.20978289301595607,1.0
0.20979073243647234,1.0
0.2098064130353539,1.0
0.20981425421385058,1.0
0.20982209597847212,1.0
0.2098377812663527,1.0
0.2098456247897432,1.0
0.20986131359575344,1.0
0.20986915887850469,1.0
0.20987700474784104,1.0
0.2098926982465323,1.0
0.20990054587601883,1.0
0.2099083940923537,1.0
0.2099240922858318,1.0
0.2099319422631067,1.0
0.2099476439790576,1.0
0.20996334804398234,1.0
0.20997120095747465,1.0
0.20997905445840814,1.0
0.20999476322286229,1.0
0.2100026184865148,1.0
0.21003404541883347,1.0
0.21004190362167016,1.0
0.2100497624125416,1.0
0.21006548175865294,1.0
0.21007334231402486,1.0
0.2100890651897313,1.0
0.21010479041916166,1.0
0.21011265391668849,1.0
0.21012051800284454,1.0
0.21012838267769585,1.0
0.21013624794130858,1.0
0.21014411379374884,1.0
0.21017558309310772,1.0
0.21018345189067764,1.0
0.210191321277472,1.0
0.210199191253557,1.0
0.21020706181899876,1.0
0.21021493297386354,1.0
0.21023067705212703,1.0
0.21023854997565816,1.0
0.21024642348887723,1.0
0.2102542975918505,1.0
0.2102621722846442,1.0
0.21027792343995805,1.0
0.21029367695534912,1.0
0.21030155459823938,1.0
0.21030943283134787,1.0
0.21032519106848493,1.0
0.2103330710726462,1.0
0.2103409516672911,1.0
0.21034883285248604,1.0
0.21036459699479146,1.0
0.21038036350009368,1.0
0.21039613236892404,1.0
0.21040401768982836,1.0
0.21041190360181403,1.0
0.21041979010494752,1.0
0.21042767719929534,1.0
0.2104355648849239,1.0
0.21044345316189977,1.0
0.2104513420302894,1.0
0.21045923149015933,1.0
0.21046712154157607,1.0
0.21047501218460615,1.0
0.21048290341931614,1.0
0.210498687664042,1.0
0.210506580674191,1.0
0.2105144742762862,1.0
0.21052236847039413,1.0
0.21053815863491468,1.0
0.21054605460546055,1.0
0.21055395116828565,1.0
0.21056184832345662,1.0
0.2105697460710401,1.0
0.21057764441110277,1.0
0.2105934428689324,1.0
0.21060134298683272,1.0
0.210609243697479,1.0
0.2106250468972762,1.0
0.2106329493865606,1.0
0.21064085246885786,1.0
0.21064875614423473,1.0
0.21065666041275796,1.0
0.21066456527449434,1.0
0.21067247072951065,1.0
0.21068037677787368,1.0
0.2106961906549071,1.0
0.21070409848371116,1.0
0.21071200690612918,1.0
0.21071991592222805,1.0
0.21072782553207461,1.0
0.21073573573573573,1.0
0.2107436465332783,1.0
0.21075155792476913,1.0
0.2107594699102752,1.0
0.21076738248986335,1.0
0.21077529566360054,1.0
0.21078320943155365,1.0
0.21079112379378967,1.0
0.21079903875037548,1.0
0.21080695430137808,1.0
0.21081487044686445,1.0
0.2108227871869015,1.0
0.21083070452155625,1.0
0.21084654097498687,1.0
0.21085446009389672,1.0
0.21086237980769232,1.0
0.21087030011644067,1.0
0.21087822102020884,1.0
0.2108861425190639,1.0
0.2108940646130729,1.0
0.21090198730230286,1.0
0.21090991058682096,1.0
0.2109178344666942,1.0
0.21092575894198978,1.0
0.21093368401277476,1.0
0.21094160967911627,1.0
0.21094953594108143,1.0
0.21095746279873742,1.0
0.21096539025215136,1.0
0.21098124694652184,1.0
0.21098917618761276,1.0
0.21099710602473035,1.0
0.21100503645794183,1.0
0.2110129674873144,1.0
0.21102089911291536,1.0
0.21102883133481187,1.0
0.2110367641530712,1.0
0.21104469756776062,1.0
0.21105263157894738,1.0
0.21106056618669874,1.0
0.21106850139108205,1.0
0.21107643719216454,1.0
0.21108437359001353,1.0
0.21109231058469638,1.0
0.21110024817628037,1.0
0.21110818636483286,1.0
0.2111320045129748,1.0
0.21113994509007483,1.0
0.21114788626448022,1.0
0.21115582803625832,1.0
0.21116377040547657,1.0
0.21117171337220236,1.0
0.21118760109844636,1.0
0.21119554585809946,1.0
0.2112034912155299,1.0
0.21121143717080512,1.0
0.2112273308751599,1.0
0.21123527862437447,1.0
0.21124322697170378,1.0
0.21125117591721543,1.0
0.2112591254609769,1.0
0.21126707560305574,1.0
0.2112750263435195,1.0
0.21128297768243573,1.0
0.21130683529057512,1.0
0.21132274335616955,1.0
0.21133865381719621,1.0
0.21134660994616572,1.0
0.21135456667419622,1.0
0.21136252400135538,1.0
0.21137048192771085,1.0
0.21137844045333032,1.0
0.2113863995782815,1.0
0.21139435930263206,1.0
0.21140231962644976,1.0
0.2114102805498023,1.0
0.2114182420727574,1.0
0.21142620419538283,1.0
0.2114341669177463,1.0
0.21144213023991562,1.0
0.21145009416195856,1.0
0.2114580586839429,1.0
0.2114660238059364,1.0
0.21147398952800694,1.0
0.21148195585022225,1.0
0.21148992277265022,1.0
0.21149789029535865,1.0
0.2115058584184154,1.0
0.21151382714188832,1.0
0.2115217964658453,1.0
0.21152976639035417,1.0
0.2115377369154829,1.0
0.21154570804129927,1.0
0.21155367976787126,1.0
0.2115616520952668,1.0
0.2115696250235538,1.0
0.21157759855280017,1.0
0.2115855726830739,1.0
0.21159354741444295,1.0
0.21160152274697525,1.0
0.21160949868073878,1.0
0.21161747521580157,1.0
0.2116254523522316,1.0
0.21163343009009689,1.0
0.21164140842946544,1.0
0.21164938737040528,1.0
0.21165736691298448,1.0
0.21166534705727105,1.0
0.2116733278033331,1.0
0.21168130915123864,1.0
0.2116892911010558,1.0
0.21169727365285268,1.0
0.21170525680669733,1.0
0.21171324056265792,1.0
0.21172122492080253,1.0
0.2117292098811993,1.0
0.21173719544391642,1.0
0.21174518160902198,1.0
0.2117531683765842,1.0
0.2117611557466712,1.0
0.21176914371935118,1.0
0.21177713229469236,1.0
0.21178512147276293,1.0
0.21179311125363112,1.0
0.21180110163736512,1.0
0.2118090926240332,1.0
0.2118170842137036,1.0
0.21182507640644455,1.0
0.21183306920232436,1.0
0.21184106260141128,1.0
0.2118570512094796,1.0
0.21186504641859763,1.0
0.211873042231196,1.0
0.211881038647343,1.0
0.211889035667107,1.0
0.21189703329055634,1.0
0.2119050315177594,1.0
0.21191303034878453,1.0
0.21192102978370012,1.0
0.21192902982257456,1.0
0.21193703046547624,1.0
0.21194503171247359,1.0
0.21195303356363498,1.0
0.2119610360190289,1.0
0.2119690390787238,1.0
0.21197704274278809,1.0
0.21198504701129026,1.0
0.21199305188429876,1.0
0.2120010573618821,1.0
0.21200906344410878,1.0
0.21201707013104726,1.0
0.21202507742276608,1.0
0.21204109382081884,1.0
0.2120491029272899,1.0
0.21205711263881544,1.0
0.21206512295546406,1.0
0.2120731338773043,1.0
0.21208114540440481,1.0
0.21208915753683416,1.0
0.21209717027466093,1.0
0.21210518361795375,1.0
0.21211319756678126,1.0
0.21212121212121213,1.0
0.21212922728131495,1.0
0.2121372430471584,1.0
0.21214525941881118,1.0
0.21215327639634193,1.0
0.21216129397981937,1.0
0.21216931216931217,1.0
0.21217733096488908,1.0
0.21218535036661879,1.0
0.21219337037457006,1.0
0.2122013909888116,1.0
0.2122094122094122,1.0
0.2122174340364406,1.0
0.2122254564699656,1.0
0.21223347951005594,1.0
0.21224150315678048,1.0
0.21224952741020794,1.0
0.2122575522704072,1.0
0.21226557773744706,1.0
0.21227360381139637,1.0
0.21228163049232399,1.0
0.21228965778029874,1.0
0.2122976856753895,1.0
0.21230571417766517,1.0
0.21231374328719463,1.0
0.21232177300404675,1.0
0.21232980332829046,1.0
0.2123378342599947,1.0
0.21234586579922837,1.0
0.21235389794606044,1.0
0.21236193070055984,1.0
0.21236996406279554,1.0
0.2123779980328365,1.0
0.2123860326107517,1.0
0.21239406779661016,1.0
0.21240210359048087,1.0
0.21241013999243283,1.0
0.2124181770025351,1.0
0.21242621462085667,1.0
0.21243425284746661,1.0
0.21244229168243398,1.0
0.2124503311258278,1.0
0.21245837117771724,1.0
0.21246641183817128,1.0
0.2124744531072591,1.0
0.21248249498504976,1.0
0.21249053747161242,1.0
0.21249858056701618,1.0
0.21250662427133016,1.0
0.21251466858462353,1.0
0.21252271350696547,1.0
0.21253075903842514,1.0
0.2125388051790717,1.0
0.21254685192897438,1.0
0.21255489928820234,1.0
0.2125629472568248,1.0
0.21257099583491101,1.0
0.2125790450225302,1.0
0.2125870948197516,1.0
0.21259514522664444,1.0
0.21260319624327803,1.0
0.21261124786972163,1.0
0.21261930010604455,1.0
0.21262735295231602,1.0
0.2126354064086054,1.0
0.212643460474982,1.0
0.21265151515151515,1.0
0.2126595704382742,1.0
0.21266762633532843,1.0
0.2126756828427473,1.0
0.21268373996060008,1.0
0.21269179768895624,1.0
0.21269985602788513,1.0
0.21270791497745614,1.0
0.21271597453773872,1.0
0.21272403470880225,1.0
0.21273209549071617,1.0
0.21274015688354997,1.0
0.21274821888737305,1.0
0.2127562815022549,1.0
0.212764344728265,1.0
0.2127724085654728,1.0
0.21278047301394784,1.0
0.2127885380737596,1.0
0.21279660374497764,1.0
0.21280467002767142,1.0
0.21281273692191055,1.0
0.21282080442776452,1.0
0.21282887254530292,1.0
0.2128369412745953,1.0
0.21285308056872038,1.0
0.21286115113369228,1.0
0.21286922231069655,1.0
0.21287729409980283,1.0
0.21288536650108073,1.0
0.21289343951459994,1.0
0.21290151314043004,1.0
0.21290958737864077,1.0
0.21291766222930178,1.0
0.21292573769248274,1.0
0.21293381376825338,1.0
0.21294189045668335,1.0
0.21294996775784242,1.0
0.21295804567180032,1.0
0.21296612419862676,1.0
0.2129742033383915,1.0
0.21298228309116432,1.0
0.21299036345701494,1.0
0.2129984444360132,1.0
0.21300652602822887,1.0
0.21301460823373175,1.0
0.21302269105259164,1.0
0.21303885853066182,1.0
0.21304694319001177,1.0
0.2130550284629981,1.0
0.2130631143496907,1.0
0.2130712008501594,1.0
0.21307928796447415,1.0
0.21308737569270478,1.0
0.21309546403492124,1.0
0.21310355299119343,1.0
0.21311164256159132,1.0
0.2131197327461848,1.0
0.21313591495823841,1.0
0.2131440069858385,1.0
0.21315209962791404,1.0
0.21316019288453505,1.0
0.21316828675577157,1.0
0.21317638124169355,1.0
0.2131844763423711,1.0
0.21319257205787415,1.0
0.2132006683882728,1.0
0.21320876533363717,1.0
0.2132168628940372,1.0
0.21322496106954308,1.0
0.21323305986022487,1.0
0.2132411592661526,1.0
0.2132492592873965,1.0
0.21325735992402658,1.0
0.21326546117611306,1.0
0.21327356304372602,1.0
0.21328166552693564,1.0
0.2132897686258121,1.0
0.21329787234042552,1.0
0.21330597667084616,1.0
0.21331408161714416,1.0
0.21332218717938975,1.0
0.21333029335765313,1.0
0.21333840015200456,1.0
0.21334650756251425,1.0
0.21335461558925245,1.0
0.21336272423228944,1.0
0.2133708334916955,1.0
0.21337894336754085,1.0
0.21338705385989584,1.0
0.21339516496883076,1.0
0.21340327669441594,1.0
0.21341138903672166,1.0
0.21341950199581827,1.0
0.21342761557177617,1.0
0.21343572976466563,1.0
0.21344384457455706,1.0
0.21345196000152086,1.0
0.2134600760456274,1.0
0.21346819270694703,1.0
0.21347630998555023,1.0
0.2134844278815074,1.0
0.21349254639488896,1.0
0.21350066552576535,1.0
0.21350878527420705,1.0
0.2135169056402845,1.0
0.21352502662406816,1.0
0.21353314822562855,1.0
0.21354127044503612,1.0
0.21354939328236144,1.0
0.21355751673767498,1.0
0.21356564081104729,1.0
0.2135737655025489,1.0
0.21358189081225032,1.0
0.21359001674022218,1.0
0.21359814328653504,1.0
0.2136062704512594,1.0
0.21361439823446596,1.0
0.21362252663622527,1.0
0.21363065565660794,1.0
0.2136387852956846,1.0
0.21364691555352588,1.0
0.21365504643020247,1.0
0.21366317792578496,1.0
0.21367131004034406,1.0
0.21367944277395046,1.0
0.2136875761266748,1.0
0.2136957100985878,1.0
0.21370384468976017,1.0
0.21371197990026267,1.0
0.21372011573016597,1.0
0.21372825217954086,1.0
0.2137363892484581,1.0
0.2137445269369884,1.0
0.21375266524520256,1.0
0.2137608041731714,1.0
0.21376894372096567,1.0
0.21377708388865618,1.0
0.21378522467631378,1.0
0.21379336608400928,1.0
0.21380150811181353,1.0
0.21380965075979738,1.0
0.2138177940280317,1.0
0.21382593791658733,1.0
0.21383408242553514,1.0
0.2138422275549461,1.0
0.21385037330489107,1.0
0.21385851967544092,1.0
0.21386666666666668,1.0
0.2138748142786392,1.0
0.21388296251142944,1.0
0.21389111136510838,1.0
0.213899260839747,1.0
0.21390741093541626,1.0
0.21391556165218717,1.0
0.2139237129901307,1.0
0.21393186494931787,1.0
0.21394001752981975,1.0
0.21394817073170733,1.0
0.21395632455505165,1.0
0.21396447899992377,1.0
0.21397263406639477,1.0
0.21398078975453574,1.0
0.21398894606441776,1.0
0.2139971029961119,1.0
0.21400526054968932,1.0
0.21401341872522112,1.0
0.2140215775227784,1.0
0.21402973694243232,1.0
0.21403789698425407,1.0
0.21404605764831477,1.0
0.21405421893468562,1.0
0.21406238084343782,1.0
0.2140705433746425,1.0
0.21407870652837097,1.0
0.21408687030469437,1.0
0.21409503470368393,1.0
0.21410319972541092,1.0
0.2141113653699466,1.0
0.21411953163736222,1.0
0.21412769852772903,1.0
0.21413586604111837,1.0
0.21414403417760147,1.0
0.21415220293724965,1.0
0.21416037232013427,1.0
0.21416854232632662,1.0
0.21417671295589807,1.0
0.21418488420891993,1.0
0.21419305608546357,1.0
0.21420122858560037,1.0
0.2142094017094017,1.0
0.21421757545693898,1.0
0.2142257498282836,1.0
0.21423392482350698,1.0
0.2142421004426805,1.0
0.21425027668587565,1.0
0.2142584535531639,1.0
0.21426663104461663,1.0
0.21427480916030534,1.0
0.21428298790030154,1.0
0.2142911672646767,1.0
0.2142993472535023,1.0
0.2143075278668499,1.0
0.214315709104791,1.0
0.21432389096739712,1.0
0.2143320734547398,1.0
0.21434025656689065,1.0
0.2143484403039212,1.0
0.21435662466590302,1.0
0.21436480965290772,1.0
0.21437299526500686,1.0
0.21438118150227212,1.0
0.21438936836477507,1.0
0.21439755585258735,1.0
0.21440574396578063,1.0
0.21441393270442655,1.0
0.21442212206859673,1.0
0.21443031205836294,1.0
0.2144385026737968,1.0
0.21444669391497,1.0
0.21445488578195432,1.0
0.21446307827482142,1.0
0.21447127139364303,1.0
0.21447946513849092,1.0
0.21448765950943685,1.0
0.21449585450655256,1.0
0.21450405012990983,1.0
0.21451224637958044,1.0
0.2145204432556362,1.0
0.21452864075814895,1.0
0.2145450376428326,1.0
0.21455323702514714,1.0
0.214561437034206,1.0
0.21456963767008103,1.0
0.2145778389328441,1.0
0.21458604082256708,1.0
0.2145942433393219,1.0
0.21460244648318041,1.0
0.2146106502542146,1.0
0.21461885465249636,1.0
0.21462705967809764,1.0
0.21463526533109037,1.0
0.21464347161154654,1.0
0.21465167851953812,1.0
0.21465988605513708,1.0
0.21466809421841543,1.0
0.21467630300944515,1.0
0.21468451242829828,1.0
0.21469272247504684,1.0
0.21470093314976288,1.0
0.2147173563833856,1.0
0.2147255689424364,1.0
0.21473378212974295,1.0
0.21474199594537735,1.0
0.21475021038941167,1.0
0.21475842546191806,1.0
0.21476664116296862,1.0
0.21477485749263553,1.0
0.2147830744509909,1.0
0.2147912920381069,1.0
0.21479951025405572,1.0
0.2148077290989095,1.0
0.2148159485727405,1.0
0.21482416867562087,1.0
0.21483238940762284,1.0
0.21484061076881864,1.0
0.21484883275928052,1.0
0.2148570553790807,1.0
0.21487350250698511,1.0
0.21488172701523386,1.0
0.21488995215311005,1.0
0.21489817792068597,1.0
0.21490640431803393,1.0
0.21491463134522626,1.0
0.2149228590023353,1.0
0.2149310872894334,1.0
0.2149393162065929,1.0
0.21494754575388622,1.0
0.21495577593138568,1.0
0.21496400673916374,1.0
0.21497223817729275,1.0
0.21498047024584513,1.0
0.21498870294489336,1.0
0.2149969362745098,1.0
0.21500517023476695,1.0
0.21501340482573728,1.0
0.2150216400474932,1.0
0.21502987590010725,1.0
0.2150381123836519,1.0
0.21504634949819965,1.0
0.215054587243823,1.0
0.21506282562059453,1.0
0.21507106462858674,1.0
0.2150793042678722,1.0
0.21508754453852344,1.0
0.21509578544061303,1.0
0.21510402697421357,1.0
0.21511226913939765,1.0
0.21512051193623788,1.0
0.21512875536480686,1.0
0.21513699942517725,1.0
0.21514524411742164,1.0
0.2151534894416127,1.0
0.2151617353978231,1.0
0.2151699819861255,1.0
0.21517822920659258,1.0
0.21518647705929703,1.0
0.21519472554431157,1.0
0.2152029746617089,1.0
0.21521122441156176,1.0
0.21521947479394288,1.0
0.21522772580892502,1.0
0.2152359774565809,1.0
0.21524422973698337,1.0
0.21525248265020513,1.0
0.21526073619631902,1.0
0.21526899037539782,1.0
0.21527724518751437,1.0
0.2152855006327415,1.0
0.21529375671115203,1.0
0.2153020134228188,1.0
0.21531027076781467,1.0
0.21531852874621255,1.0
0.2153267873580853,1.0
0.2153350466035058,1.0
0.215343306482547,1.0
0.21535156699528174,1.0
0.21535982814178303,1.0
0.21536808992212375,1.0
0.2153763523363769,1.0
0.2153846153846154,1.0
0.2153928790669122,1.0
0.21540114338334038,1.0
0.21540940833397285,1.0
0.2154176739188826,1.0
0.21542594013814276,1.0
0.21543420699182625,1.0
0.21544247448000614,1.0
0.21545074260275549,1.0
0.21545901136014736,1.0
0.21546728075225485,1.0
0.21547555077915098,1.0
0.2154838214409089,1.0
0.21549209273760173,1.0
0.21550036466930253,1.0
0.21550863723608446,1.0
0.21551691043802065,1.0
0.21552518427518427,1.0
0.21553345874764848,1.0
0.21554173385548644,1.0
0.21555000959877135,1.0
0.2155582859775764,1.0
0.2155665629919748,1.0
0.21557484064203977,1.0
0.21558311892784454,1.0
0.21559139784946235,1.0
0.21559967740696648,1.0
0.21560795760043014,1.0
0.21561623842992664,1.0
0.21562451989552928,1.0
0.2156328019973113,1.0
0.21564108473534607,1.0
0.21564936810970692,1.0
0.2156576521204671,1.0
0.21566593676770004,1.0
0.21567422205147907,1.0
0.21568250797187752,1.0
0.2156907945289688,1.0
0.21569908172282629,1.0
0.2157073695535234,1.0
0.21571565802113352,1.0
0.2157239471257301,1.0
0.21573223686738655,1.0
0.21574052724617632,1.0
0.21574881826217285,1.0
0.21575710991544966,1.0
0.21576540220608018,1.0
0.2157736951341379,1.0
0.21578198869969636,1.0
0.21579028290282903,1.0
0.21579857774360944,1.0
0.21580687322211117,1.0
0.21581516933840772,1.0
0.21582346609257266,1.0
0.215840061514802,1.0
0.21584836018301357,1.0
0.21585665948938787,1.0
0.21586495943399853,1.0
0.21587326001691917,1.0
0.2158815612382234,1.0
0.2158898630979849,1.0
0.21589816559627736,1.0
0.21590646873317437,1.0
0.21591477250874966,1.0
0.2159230769230769,1.0
0.21593138197622985,1.0
0.21593968766828217,1.0
0.2159479939993076,1.0
0.2159563009693799,1.0
0.2159646085785728,1.0
0.21597291682696007,1.0
0.21598122571461548,1.0
0.2159895352416128,1.0
0.21599784540802586,1.0
0.21600615621392844,1.0
0.21601446765939436,1.0
0.21602277974449746,1.0
0.21603109246931157,1.0
0.21603940583391057,1.0
0.2160477198383683,1.0
0.21605603448275862,1.0
0.21606434976715544,1.0
0.21607266569163266,1.0
0.21608098225626418,1.0
0.21608929946112393,1.0
0.21609761730628585,1.0
0.21610593579182386,1.0
0.21611425491781192,1.0
0.216122574684324,1.0
0.21613089509143407,1.0
0.21613921613921613,1.0
0.2161475378277442,1.0
0.21615586015709226,1.0
0.21616418312733435,1.0
0.21617250673854446,1.0
0.2161808309907967,1.0
0.21618915588416512,1.0
0.21619748141872377,1.0
0.21620580759454672,1.0
0.21621413441170806,1.0
0.21622246187028193,1.0
0.21623078997034242,1.0
0.21623911871196363,1.0
0.21624744809521976,1.0
0.2162557781201849,1.0
0.21626410878693325,1.0
0.21627244009553895,1.0
0.2162807720460762,1.0
0.2162891046386192,1.0
0.21629743787324215,1.0
0.21630577175001928,1.0
0.21631410626902478,1.0
0.2163224414303329,1.0
0.21633077723401795,1.0
0.21633911368015415,1.0
0.21634745076881576,1.0
0.21635578850007708,1.0
0.2163641268740124,1.0
0.21637246589069606,1.0
0.21638080555020234,1.0
0.2163891458526056,1.0
0.21639748679798018,1.0
0.21640582838640043,1.0
0.21641417061794072,1.0
0.2164225134926754,1.0
0.2164308570106789,1.0
0.21643920117202559,1.0
0.21644754597678992,1.0
0.21645589142504626,1.0
0.2164642375168691,1.0
0.21647258425233284,1.0
0.21648093163151197,1.0
0.21648927965448095,1.0
0.21649762832131425,1.0
0.2165059776320864,1.0
0.21651432758687184,1.0
0.21652267818574514,1.0
0.2165310294287808,1.0
0.21653938131605338,1.0
0.21654773384763742,1.0
0.21655608702360746,1.0
0.21656444084403811,1.0
0.21657279530900395,1.0
0.21658115041857953,1.0
0.2165895061728395,1.0
0.21659786257185848,1.0
0.21660621961571108,1.0
0.21661457730447198,1.0
0.21662293563821577,1.0
0.21663129461701716,1.0
0.21663965424095083,1.0
0.21664801451009147,1.0
0.21665637542451374,1.0
0.2166647369842924,1.0
0.21667309918950212,1.0
0.21668146204021768,1.0
0.2166898255365138,1.0
0.21669818967846527,1.0
0.21670655446614684,1.0
0.21671491989963326,1.0
0.21672328597899937,1.0
0.21673165270431996,1.0
0.21674002007566984,1.0
0.21674838809312383,1.0
0.21675675675675676,1.0
0.2167651260666435,1.0
0.21677349602285892,1.0
0.21678186662547785,1.0
0.21679023787457521,1.0
0.21679860977022591,1.0
0.21680698231250484,1.0
0.2168153555014869,1.0
0.21682372933724703,1.0
0.21683210381986018,1.0
0.2168404789494013,1.0
0.2168488547259454,1.0
0.21685723114956737,1.0
0.21686560822034226,1.0
0.21687398593834506,1.0
0.21688236430365077,1.0
0.21689074331633443,1.0
0.21689912297647104,1.0
0.2169075032841357,1.0
0.21691588423940342,1.0
0.2169242658423493,1.0
0.2169326480930484,1.0
0.21694103099157586,1.0
0.21694941453800673,1.0
0.21695779873241614,1.0
0.21696618357487923,1.0
0.21697456906547113,1.0
0.216982955204267,1.0
0.21699134199134198,1.0
0.2169997294267713,1.0
0.21700811751063007,1.0
0.21701650624299354,1.0
0.2170248956239369,1.0
0.21703328565353538,1.0
0.21704167633186422,1.0
0.21705006765899865,1.0
0.2170584596350139,1.0
0.21706685225998532,1.0
0.2170752455339881,1.0
0.21708363945709755,1.0
0.217092034029389,1.0
0.21710042925093778,1.0
0.21710882512181917,1.0
0.21711722164210853,1.0
0.2171256188118812,1.0
0.21713401663121254,1.0
0.21714241510017793,1.0
0.21715081421885274,1.0
0.2171592139873124,1.0
0.2171676144056323,1.0
0.21717601547388782,1.0
0.21718441719215442,1.0
0.2171928195605076,1.0
0.21720122257902272,1.0
0.2172096262477753,1.0
0.21721803056684078,1.0
0.2172264355362947,1.0
0.21723484115621253,1.0
0.21724324742666976,1.0
0.21725165434774196,1.0
0.21726006191950464,1.0
0.21726847014203335,1.0
0.21727687901540366,1.0
0.21728528853969115,1.0
0.21729369871497137,1.0
0.21730210954131993,1.0
0.21731052101881243,1.0
0.21731893314752448,1.0
0.21732734592753175,1.0
0.21733575935890984,1.0
0.21734417344173443,1.0
0.21735258817608116,1.0
0.2173610035620257,1.0
0.2173694195996438,1.0
0.21737783628901108,1.0
0.21738625363020328,1.0
0.21739467162329615,1.0
0.2174030902683654,1.0
0.2174115095654868,1.0
0.21741992951473607,1.0
0.217428350116189,1.0
0.21743677136992137,1.0
0.21744519327600897,1.0
0.21745361583452763,1.0
0.21747046290916133,1.0
0.21747888742542806,1.0
0.21748731259442916,1.0
0.2174957384162405,1.0
0.21750416489093796,1.0
0.21751259201859743,1.0
0.2175210197992948,1.0
0.21752944823310602,1.0
0.21753787732010696,1.0
0.21754630706037356,1.0
0.2175547374539818,1.0
0.2175631685010076,1.0
0.21757160020152697,1.0
0.21758003255561584,1.0
0.21758846556335026,1.0
0.2175968992248062,1.0
0.2176053335400597,1.0
0.21761376850918676,1.0
0.21762220413226344,1.0
0.2176306404093658,1.0
0.21763907734056986,1.0
0.21764751492595177,1.0
0.21765595316558756,1.0
0.21766439205955335,1.0
0.21767283160792525,1.0
0.21768127181077937,1.0
0.21768971266819187,1.0
0.21769815418023888,1.0
0.21770659634699654,1.0
0.21771503916854107,1.0
0.21772348264494862,1.0
0.21773192677629538,1.0
0.21774037156265758,1.0
0.2177488170041114,1.0
0.2177572631007331,1.0
0.2177657098525989,1.0
0.2177741572597851,1.0
0.2177826053223679,1.0
0.21779105404042362,1.0
0.21779950341402857,1.0
0.21780795344325898,1.0
0.2178164041281912,1.0
0.21782485546890157,1.0
0.2178333074654664,1.0
0.21784176011796205,1.0
0.21785021342646488,1.0
0.21785866739105125,1.0
0.2178671220117976,1.0
0.2178755772887802,1.0
0.2178840332220756,1.0
0.21789248981176013,1.0
0.21790094705791027,1.0
0.2179094049606024,1.0
0.21791786351991305,1.0
0.21792632273591864,1.0
0.21793478260869564,1.0
0.21794324313832059,1.0
0.21795170432486993,1.0
0.21796016616842023,1.0
0.21796862866904798,1.0
0.21797709182682976,1.0
0.21799402011416147,1.0
0.21800248524386456,1.0
0.2180109510310279,1.0
0.21801941747572814,1.0
0.21802788457804187,1.0
0.21803635233804566,1.0
0.21804482075581622,1.0
0.21805328983143013,1.0
0.21806175956496407,1.0
0.21807022995649472,1.0
0.21807870100609875,1.0
0.21808717271385283,1.0
0.21809564507983373,1.0
0.21810411810411812,1.0
0.21811259178678272,1.0
0.21812106612790427,1.0
0.21812954112755956,1.0
0.2181380167858253,1.0
0.2181464931027783,1.0
0.21815497007849538,1.0
0.21816344771305327,1.0
0.21817192600652885,1.0
0.21818040495899887,1.0
0.21818888457054023,1.0
0.21819736484122973,1.0
0.21820584577114427,1.0
0.2182143273603607,1.0
0.21822280960895593,1.0
0.2182312925170068,1.0
0.21823977608459028,1.0
0.21824826031178324,1.0
0.21825674519866262,1.0
0.2182652307453054,1.0
0.2182737169517885,1.0
0.21828220381818889,1.0
0.21829069134458357,1.0
0.2182991795310495,1.0
0.21830766837766372,1.0
0.2183161578845032,1.0
0.21832464805164503,1.0
0.2183331388791662,1.0
0.21834163036714374,1.0
0.21835012251565478,1.0
0.21835861532477635,1.0
0.21836710879458554,1.0
0.21837560292515948,1.0
0.21838409771657524,1.0
0.21839259316891,1.0
0.2184010892822408,1.0
0.21840958605664487,1.0
0.21841808349219935,1.0
0.2184265815889814,1.0
0.2184350803470682,1.0
0.21844357976653697,1.0
0.21845207984746487,1.0
0.21846058058992918,1.0
0.21846908199400708,1.0
0.21847758405977585,1.0
0.2184860867873127,1.0
0.21849459017669495,1.0
0.21850309422799985,1.0
0.21851159894130467,1.0
0.21852010431668678,1.0
0.21852861035422344,1.0
0.21853711705399198,1.0
0.21854562441606976,1.0
0.21855413244053412,1.0
0.21856264112746243,1.0
0.21857115047693207,1.0
0.2185796604890204,1.0
0.21858817116380486,1.0
0.21859668250136283,1.0
0.21860519450177174,1.0
0.21861370716510903,1.0
0.21862222049145216,1.0
0.21863073448087858,1.0
0.21863924913346575,1.0
0.21864776444929115,1.0
0.21865628042843233,1.0
0.21866479707096673,1.0
0.2186733143769719,1.0
0.21868183234652538,1.0
0.2186903509797047,1.0
0.21869887027658746,1.0
0.21870739023725116,1.0
0.21871591086177342,1.0
0.21872443215023182,1.0
0.21873295410270396,1.0
0.2187414767192675,1.0
0.21875,1.0
0.21875852394497916,1.0
0.21876704855428258,1.0
0.21877557382798798,1.0
0.21878409976617302,1.0
0.2187926263689154,1.0
0.21880115363629277,1.0
0.2188096815683829,1.0
0.21881821016526348,1.0
0.21882673942701228,1.0
0.21883526935370703,1.0
0.2188437999454255,1.0
0.21885233120224543,1.0
0.21886086312424466,1.0
0.21886939571150096,1.0
0.21887792896409217,1.0
0.21888646288209607,1.0
0.21889499746559052,1.0
0.21890353271465335,1.0
0.21891206862936244,1.0
0.21892060520979567,1.0
0.21892914245603087,1.0
0.218937680368146,1.0
0.21894621894621893,1.0
0.21895475819032761,1.0
0.21896329810054993,1.0
0.21897183867696388,1.0
0.21898892182867843,1.0
0.21899746440413498,1.0
0.21900600764609504,1.0
0.2190145515546366,1.0
0.2190230961298377,1.0
0.21903164137177636,1.0
0.21904018728053062,1.0
0.21904873385617854,1.0
0.21905728109879818,1.0
0.21906582900846763,1.0
0.21907437758526496,1.0
0.2190829268292683,1.0
0.21909147674055574,1.0
0.21910002731920541,1.0
0.21910857856529545,1.0
0.21911713047890402,1.0
0.2191256830601093,1.0
0.21913423630898943,1.0
0.2191427902256226,1.0
0.21915134481008705,1.0
0.21915990006246097,1.0
0.21916845598282256,1.0
0.2191770125712501,1.0
0.2191855698278218,1.0
0.21919412775261596,1.0
0.21920268634571083,1.0
0.2192112456071847,1.0
0.21921980553711587,1.0
0.21922836613558264,1.0
0.21923692740266335,1.0
0.2192454893384363,1.0
0.2192540519429799,1.0
0.21926261521637244,1.0
0.21927117915869235,1.0
0.21927974377001797,1.0
0.2192883090504277,1.0
0.219296875,1.0
0.21930544161881324,1.0
0.21931400890694586,1.0
0.21932257686447632,1.0
0.21933114549148305,1.0
0.21933971478804454,1.0
0.2193482847542393,1.0
0.21935685539014574,1.0
0.21936542669584244,1.0
0.21937399867140792,1.0
0.21938257131692068,1.0
0.21939114463245926,1.0
0.21939971861810223,1.0
0.21940829327392816,1.0
0.21941686860001564,1.0
0.21942544459644323,1.0
0.21943402126328956,1.0
0.21944259860063323,1.0
0.2194511766085529,1.0
0.21945975528712716,1.0
0.21946833463643473,1.0
0.2194769146565542,1.0
0.2194854953475643,1.0
0.21949407670954374,1.0
0.21950265874257116,1.0
0.21951124144672532,1.0
0.21951982482208493,1.0
0.21952840886872874,1.0
0.21953699358673548,1.0
0.21954557897618396,1.0
0.21955416503715292,1.0
0.21956275176972115,1.0
0.21957133917396746,1.0
0.21957992724997066,1.0
0.2195885159978096,1.0
0.21959710541756308,1.0
0.21960569550930997,1.0
0.21961428627312912,1.0
0.21962287770909944,1.0
0.21963146981729978,1.0
0.21964006259780908,1.0
0.21964865605070621,1.0
0.2196572501760701,1.0
0.21966584497397973,1.0
0.219674440444514,1.0
0.2196830365877519,1.0
0.2196916334037724,1.0
0.21970023089265447,1.0
0.21970882905447714,1.0
0.2197174278893194,1.0
0.21972602739726027,1.0
0.2197346275783788,1.0
0.21974322843275404,1.0
0.21975182996046502,1.0
0.21976043216159086,1.0
0.21976903503621062,1.0
0.21977763858440338,1.0
0.21978624280624828,1.0
0.21979484770182445,1.0
0.219803453271211,1.0
0.21981205951448707,1.0
0.21982066643173187,1.0
0.21982927402302452,1.0
0.21983788228844423,1.0
0.21984649122807018,1.0
0.2198551008419816,1.0
0.21986371113025768,1.0
0.21987232209297772,1.0
0.2198809337302209,1.0
0.2198895460420665,1.0
0.2198981590285938,1.0
0.2199067726898821,1.0
0.21991538702601066,1.0
0.2199240020370588,1.0
0.21993261772310585,1.0
0.21994123408423114,1.0
0.21994985112051402,1.0
0.21995846883203385,1.0
0.21996708721886998,1.0
0.21997570628110183,1.0
0.21998432601880877,1.0
0.21999294643207024,1.0
0.22000156752096559,1.0
0.22001018928557434,1.0
0.22001881172597587,1.0
0.22002743484224965,1.0
0.2200360586344752,1.0
0.22004468310273195,1.0
0.2200533082470994,1.0
0.2200619340676571,1.0
0.2200705605644845,1.0
0.22007918773766122,1.0
0.22008781558726673,1.0
0.22009644411338064,1.0
0.22010507331608248,1.0
0.22011370319545187,1.0
0.2201223337515684,1.0
0.22013096498451162,1.0
0.22013959689436122,1.0
0.2201482294811968,1.0
0.22015686274509805,1.0
0.22016549668614455,1.0
0.22017413130441604,1.0
0.22018276659999217,1.0
0.2201914025729526,1.0
0.22020003922337714,1.0
0.2202086765513454,1.0
0.2202173145569372,1.0
0.22022595324023223,1.0
0.22023459260131026,1.0
0.22024323264025109,1.0
0.22025187335713445,1.0
0.22026051475204017,1.0
0.22026915682504805,1.0
0.22027779957623794,1.0
0.22028644300568961,1.0
0.22029508711348297,1.0
0.22030373189969785,1.0
0.22031237736441409,1.0
0.22032102350771163,1.0
0.22032967032967032,1.0
0.2203383178303701,1.0
0.2203469660098909,1.0
0.2203556148683126,1.0
0.2203642644057152,1.0
0.22037291462217862,1.0
0.22038156551778285,1.0
0.22039021709260787,1.0
0.22039886934673367,1.0
0.22040752228024027,1.0
0.2204161758932077,1.0
0.22042483018571596,1.0
0.22043348515784514,1.0
0.22044214080967525,1.0
0.22045079714128643,1.0
0.2204594541527587,1.0
0.22046811184417217,1.0
0.22047677021560697,1.0
0.2204854292671432,1.0
0.220494088998861,1.0
0.22050274941084053,1.0
0.22051141050316195,1.0
0.22052007227590542,1.0
0.2205287347291511,1.0
0.22053739786297927,1.0
0.22054606167747004,1.0
0.2205547261727037,1.0
0.22056339134876046,1.0
0.22057205720572057,1.0
0.2205807237436643,1.0
0.2205893909626719,1.0
0.2205980588628237,1.0
0.22060672744419993,1.0
0.22061539670688096,1.0
0.2206240666509471,1.0
0.22063273727647867,1.0
0.22064140858355605,1.0
0.22065008057225957,1.0
0.2206587532426696,1.0
0.22066742659486654,1.0
0.2206761006289308,1.0
0.2206847753449428,1.0
0.22069345074298294,1.0
0.22070212682313167,1.0
0.2207108035854694,1.0
0.2207281591570339,1.0
0.22073683796642157,1.0
0.22074551745832022,1.0
0.22075419763281035,1.0
0.22076287848997247,1.0
0.22077156002988713,1.0
0.2207802422526349,1.0
0.2207889251582963,1.0
0.22079760874695195,1.0
0.2208062930186824,1.0
0.22081497797356828,1.0
0.2208236636116902,1.0
0.22083234993312878,1.0
0.22084103693796467,1.0
0.22084972462627853,1.0
0.22085841299815098,1.0
0.22086710205366275,1.0
0.22087579179289452,1.0
0.22088448221592696,1.0
0.22089317332284084,1.0
0.22090186511371684,1.0
0.22091055758863573,1.0
0.22091925074767826,1.0
0.22092794459092518,1.0
0.2209366391184573,1.0
0.22094533433035538,1.0
0.22095403022670027,1.0
0.22096272680757273,1.0
0.22097142407305362,1.0
0.22098012202322379,1.0
0.22098882065816408,1.0
0.22099751997795536,1.0
0.22100621998267853,1.0
0.22101492067241446,1.0
0.2210236220472441,1.0
0.22103232410724832,1.0
0.22104102685250807,1.0
0.2210497302831043,1.0
0.22105843439911796,1.0
0.22106713920063004,1.0
0.2210758446877215,1.0
0.22108455086047335,1.0
0.2210932577189666,1.0
0.22110196526328227,1.0
0.2211106734935014,1.0
0.221119382409705,1.0
0.22112809201197417,1.0
0.22113680230038996,1.0
0.22114551327503348,1.0
0.22115422493598583,1.0
0.2211629372833281,1.0
0.2211716503171414,1.0
0.2211803640375069,1.0
0.22118907844450572,1.0
0.22119779353821906,1.0
0.2212065093187281,1.0
0.22121522578611397,1.0
0.22122394294045788,1.0
0.22123266078184112,1.0
0.22124137931034482,1.0
0.2212500985260503,1.0
0.22125881842903874,1.0
0.22126753901939145,1.0
0.2212762602971897,1.0
0.22128498226251478,1.0
0.22129370491544798,1.0
0.22130242825607063,1.0
0.22131115228446407,1.0
0.22131987700070962,1.0
0.22132860240488864,1.0
0.2213373284970825,1.0
0.22134605527737256,1.0
0.22135478274584022,1.0
0.22136351090256692,1.0
0.22137223974763406,1.0
0.22138096928112308,1.0
0.22138969950311538,1.0
0.22139843041369248,1.0
0.22140716201293578,1.0
0.22141589430092684,1.0
0.2214246272777471,1.0
0.2214333609434781,1.0
0.22144209529820133,1.0
0.22145083034199833,1.0
0.22145956607495068,1.0
0.22146830249713992,1.0
0.22147703960864762,1.0
0.22148577740955538,1.0
0.22149451589994476,1.0
0.2215032550798974,1.0
0.22151199494949494,1.0
0.221520735508819,1.0
0.22152947675795123,1.0
0.2215382186969733,1.0
0.22154696132596685,1.0
0.22155570464501362,1.0
0.22156444865419528,1.0
0.22157319335359354,1.0
0.22158193874329019,1.0
0.22159068482336688,1.0
0.2215994315939054,1.0
0.22160817905498756,1.0
0.2216169272066951,1.0
0.2216256760491098,1.0
0.22163442558231347,1.0
0.22164317580638793,1.0
0.2216606783274766,1.0
0.2216694306246545,1.0
0.2216781836130306,1.0
0.2216869372926868,1.0
0.22169569166370492,1.0
0.22170444672616696,1.0
0.2217132024801548,1.0
0.2217219589257504,1.0
0.22173071606303565,1.0
0.2217394738920926,1.0
0.22174823241300312,1.0
0.22175699162584928,1.0
0.221765751530713,1.0
0.22177451212767638,1.0
0.22178327341682139,1.0
0.2217920353982301,1.0
0.22180079807198452,1.0
0.22180956143816674,1.0
0.22181832549685881,1.0
0.22182709024814287,1.0
0.22183585569210099,1.0
0.2218446218288153,1.0
0.2218533886583679,1.0
0.22186215618084099,1.0
0.22187092439631664,1.0
0.22187969330487708,1.0
0.2218884629066045,1.0
0.22189723320158103,1.0
0.22190600418988893,1.0
0.2219147758716104,1.0
0.2219235482468277,1.0
0.22193232131562302,1.0
0.22194109507807866,1.0
0.2219498695342769,1.0
0.22195864468430002,1.0
0.22196742052823026,1.0
0.22197619706615002,1.0
0.22198497429814157,1.0
0.22199375222428724,1.0
0.22200253084466942,1.0
0.22201131015937042,1.0
0.22202009016847268,1.0
0.22202887087205853,1.0
0.2220376522702104,1.0
0.22204643436301072,1.0
0.22205521715054188,1.0
0.22206400063288637,1.0
0.22207278481012657,1.0
0.22208156968234502,1.0
0.22209035524962417,1.0
0.22209914151204652,1.0
0.22210792846969457,1.0
0.22211671612265085,1.0
0.22212550447099785,1.0
0.2221342935148182,1.0
0.22214308325419438,1.0
0.22215187368920897,1.0
0.2221606648199446,1.0
0.22216945664648383,1.0
0.2221782491689093,1.0
0.2221870423873036,1.0
0.22219583630174938,1.0
0.2222046309123293,1.0
0.22221342621912604,1.0
0.2222222222222222,1.0
0.22223101892170058,1.0
0.2222398163176438,1.0
0.2222486144101346,1.0
0.2222574131992557,1.0
0.22226621268508986,1.0
0.22227501286771983,1.0
0.2222838137472284,1.0
0.2222926153236983,1.0
0.22230141759721234,1.0
0.22231022056785332,1.0
0.2223190242357041,1.0
0.22233663366336634,1.0
0.2223454394233435,1.0
0.22235424588086186,1.0
0.2223630530360043,1.0
0.2223718608888537,1.0
0.22238066943949297,1.0
0.22238947868800507,1.0
0.22239828863447292,1.0
0.22240709927897948,1.0
0.2224159106216077,1.0
0.22242472266244057,1.0
0.22243353540156108,1.0
0.22244234883905223,1.0
0.22245116297499704,1.0
0.22245997780947852,1.0
0.22246879334257974,1.0
0.22247760957438376,1.0
0.22248642650497363,1.0
0.22249524413443247,1.0
0.22250406246284332,1.0
0.22251288149028933,1.0
0.22252170121685363,1.0
0.2225305216426193,1.0
0.22253934276766957,1.0
0.22254816459208754,1.0
0.2225569871159564,1.0
0.22256581033935935,1.0
0.22257463426237958,1.0
0.2225834588851003,1.0
0.22259228420760477,1.0
0.2226011102299762,1.0
0.22260993695229786,1.0
0.22261876437465303,1.0
0.22262759249712497,1.0
0.22263642131979697,1.0
0.22264525084275233,1.0
0.2226540810660744,1.0
0.2226629119898465,1.0
0.22267174361415198,1.0
0.22268057593907423,1.0
0.22268940896469655,1.0
0.2226982426911024,1.0
0.22270707711837512,1.0
0.22271591224659817,1.0
0.22272474807585496,1.0
0.2227335846062289,1.0
0.22274242183780352,1.0
0.22275125977066224,1.0
0.2227600984048885,1.0
0.22276893774056586,1.0
0.22277777777777777,1.0
0.2227866185166078,1.0
0.22279545995713945,1.0
0.2228043020994563,1.0
0.22281314494364185,1.0
0.22282198848977972,1.0
0.22283083273795348,1.0
0.22283967768824672,1.0
0.2228485233407431,1.0
0.2228573696955262,1.0
0.22286621675267965,1.0
0.2228750645122871,1.0
0.22288391297443227,1.0
0.22289276213919879,1.0
0.22290161200667039,1.0
0.2229104625769307,1.0
0.22291931385006353,1.0
0.22292816582615257,1.0
0.22293701850528155,1.0
0.22294587188753426,1.0
0.22295472597299443,1.0
0.2229635807617459,1.0
0.22297243625387242,1.0
0.22298129244945783,1.0
0.22299014934858596,1.0
0.22299900695134062,1.0
0.22300786525780567,1.0
0.223016724268065,1.0
0.22302558398220246,1.0
0.22303444440030193,1.0
0.22304330552244736,1.0
0.22305216734872263,1.0
0.2230610298792117,1.0
0.2230698931139985,1.0
0.22307875705316696,1.0
0.2230876216968011,1.0
0.2230964870449849,1.0
0.22310535309780233,1.0
0.22311421985533741,1.0
0.2231230873176742,1.0
0.22313195548489667,1.0
0.2231408243570889,1.0
0.223149693934335,1.0
0.223158564216719,1.0
0.223167435204325,1.0
0.22317630689723714,1.0
0.22318517929553947,1.0
0.2231940523993162,1.0
0.2232029262086514,1.0
0.22321180072362928,1.0
0.223220675944334,1.0
0.22322955187084972,1.0
0.2232384285032607,1.0
0.2232473058416511,1.0
0.22325618388610516,1.0
0.2232650626367071,1.0
0.2232739420935412,1.0
0.22328282225669172,1.0
0.22329170312624294,1.0
0.22330058470227915,1.0
0.22330946698488466,1.0
0.22331834997414376,1.0
0.22332723367014082,1.0
0.22333611807296017,1.0
0.22334500318268619,1.0
0.22335388899940323,1.0
0.22336277552319567,1.0
0.22337166275414794,1.0
0.22338055069234442,1.0
0.22338943933786956,1.0
0.2233983286908078,1.0
0.22340721875124359,1.0
0.22341610951926139,1.0
0.22342500099494567,1.0
0.22343389317838097,1.0
0.22344278606965173,1.0
0.22345167966884255,1.0
0.22346057397603789,1.0
0.22346946899132233,1.0
0.22347836471478047,1.0
0.2234872611464968,1.0
0.223496158286556,1.0
0.2235050561350426,1.0
0.22351395469204124,1.0
0.22352285395763657,1.0
0.2235317539319132,1.0
0.2235406546149558,1.0
0.22354955600684903,1.0
0.2235584581076776,1.0
0.2235673609175262,1.0
0.2235762644364795,1.0
0.22358516866462225,1.0
0.2235940736020392,1.0
0.22360297924881506,1.0
0.22361188560503464,1.0
0.22362079267078272,1.0
0.22362970044614405,1.0
0.22363860893120344,1.0
0.22364751812604575,1.0
0.22365642803075575,1.0
0.22366533864541832,1.0
0.22367424997011834,1.0
0.22368316200494062,1.0
0.2236920747499701,1.0
0.2237009882052917,1.0
0.22370990237099023,1.0
0.2237188172471507,1.0
0.22372773283385805,1.0
0.2237366491311972,1.0
0.22374556613925312,1.0
0.2237544838581108,1.0
0.22376340228785524,1.0
0.22377232142857142,1.0
0.2237812412803444,1.0
0.2237901618432592,1.0
0.22379908311740085,1.0
0.2238080051028544,1.0
0.22381692779970497,1.0
0.22382585120803764,1.0
0.2238347753279375,1.0
0.22384370015948962,1.0
0.22385262570277922,1.0
0.22386155195789137,1.0
0.22387047892491127,1.0
0.22387940660392408,1.0
0.22388833499501495,1.0
0.22389726409826913,1.0
0.22390619391377178,1.0
0.22391512444160816,1.0
0.22392405568186352,1.0
0.22393298763462305,1.0
0.22394192029997206,1.0
0.22395085367799586,1.0
0.22395978776877967,1.0
0.22396872257240885,1.0
0.2239776580889687,1.0
0.22398659431854454,1.0
0.2239955312612217,1.0
0.22400446891708561,1.0
0.22401340728622163,1.0
0.2240223463687151,1.0
0.22403128616465143,1.0
0.22404022667411605,1.0
0.2240491678971944,1.0
0.2240581098339719,1.0
0.224067052484534,1.0
0.22407599584896623,1.0
0.224084939927354,1.0
0.22409388471978287,1.0
0.22410283022633826,1.0
0.22411177644710578,1.0
0.22412072338217096,1.0
0.2241296710316193,1.0
0.2241386193955364,1.0
0.22414756847400782,1.0
0.2241565182671192,1.0
0.22416546877495608,1.0
0.22417441999760412,1.0
0.22418337193514895,1.0
0.2241923245876762,1.0
0.22420127795527156,1.0
0.22421023203802068,1.0
0.22421918683600928,1.0
0.224228142349323,1.0
0.2242370985780476,1.0
0.2242460555222688,1.0
0.2242550131820724,1.0
0.22426397155754405,1.0
0.22427293064876958,1.0
0.22428189045583477,1.0
0.2242908509788254,1.0
0.22429981221782733,1.0
0.22430877417292633,1.0
0.22431773684420825,1.0
0.22432670023175896,1.0
0.22433566433566435,1.0
0.22434462915601022,1.0
0.22435359469288255,1.0
0.2243625609463672,1.0
0.2243804956035172,1.0
0.2243894640073544,1.0
0.22439843312814772,1.0
0.22440740296598313,1.0
0.2244163735209466,1.0
0.22442534479312412,1.0
0.22443431678260176,1.0
0.2244432894894655,1.0
0.22445226291380138,1.0
0.22446123705569548,1.0
0.22447021191523392,1.0
0.22448816378758799,1.0
0.22449714080057584,1.0
0.22450611853155242,1.0
0.22451509698060387,1.0
0.22452407614781636,1.0
0.224533056033276,1.0
0.22454203663706904,1.0
0.22455101795928162,1.0
0.22456898275931036,1.0
0.22457796623729898,1.0
0.22458695043405208,1.0
0.22459593534965594,1.0
0.22460492098419685,1.0
0.22461390733776107,1.0
0.22462289441043493,1.0
0.22463188220230473,1.0
0.22464087071345684,1.0
0.2246498599439776,1.0
0.22465884989395335,1.0
0.22466784056347047,1.0
0.22467683195261537,1.0
0.22468582406147442,1.0
0.22469481689013407,1.0
0.22470381043868076,1.0
0.2247128047072009,1.0
0.22473079540450744,1.0
0.22473979183346676,1.0
0.2247487889827455,1.0
0.22475778685243014,1.0
0.2247667854426072,1.0
0.22477578475336324,1.0
0.22478478478478478,1.0
0.22479378553695845,1.0
0.22480278700997078,1.0
0.22481178920390837,1.0
0.2248297957549059,1.0
0.22483880011213905,1.0
0.224847805190644,1.0
0.22485681099050747,1.0
0.22486581751181606,1.0
0.22487482475465653,1.0
0.22488383271911552,1.0
0.22489284140527982,1.0
0.22490185081323613,1.0
0.2249108609430712,1.0
0.2249198717948718,1.0
0.2249288833687247,1.0
0.22493789566471672,1.0
0.22494690868293465,1.0
0.2249559224234653,1.0
0.22496493688639552,1.0
0.22497395207181214,1.0
0.22498296797980202,1.0
0.22499198461045206,1.0
0.22500100196384915,1.0
0.22501002004008017,1.0
0.22501903883923202,1.0
0.2250280583613917,1.0
0.2250370786066461,1.0
0.22504609957508218,1.0
0.22505512126678692,1.0
0.22506414368184735,1.0
0.2250731668203504,1.0
0.22508219068238314,1.0
0.22509121526803255,1.0
0.22510024057738573,1.0
0.22510926661052968,1.0
0.22511829336755151,1.0
0.22512732084853831,1.0
0.22513634905357716,1.0
0.22514537798275516,1.0
0.22515440763615946,1.0
0.2251634380138772,1.0
0.2251724691159955,1.0
0.2251815009426016,1.0
0.2251905334937826,1.0
0.22519956676962574,1.0
0.22520860077021823,1.0
0.2252176354956473,1.0
0.22522667094600016,1.0
0.2252357071213641,1.0
0.22524474402182634,1.0
0.22525378164747423,1.0
0.22526281999839498,1.0
0.22527185907467598,1.0
0.22528089887640448,1.0
0.22528993940366787,1.0
0.2252989806565535,1.0
0.22530802263514868,1.0
0.22531706533954085,1.0
0.22532610876981737,1.0
0.22533515292606568,1.0
0.22534419780837314,1.0
0.22535324341682722,1.0
0.2253622897515154,1.0
0.2253803845999438,1.0
0.225389433113859,1.0
0.22540753232152894,1.0
0.22541658301545875,1.0
0.22542563443623514,1.0
0.22543468658394572,1.0
0.22544373945867802,1.0
0.22545279306051966,1.0
0.22546184738955824,1.0
0.22547090244588136,1.0
0.22547995822957667,1.0
0.22548901474073182,1.0
0.22549807197943444,1.0
0.22550712994577224,1.0
0.2255161886398329,1.0
0.2255252480617041,1.0
0.22553430821147358,1.0
0.22554336908922903,1.0
0.22555243069505826,1.0
0.225561493029049,1.0
0.22557961988186603,1.0
0.22558868440086796,1.0
0.22559774964838256,1.0
0.22560681562449766,1.0
0.22561588232930113,1.0
0.2256249497628808,1.0
0.22563401792532453,1.0
0.22564308681672027,1.0
0.22565215643715583,1.0
0.22566122678671918,1.0
0.22567029786549825,1.0
0.22567936967358096,1.0
0.22568844221105527,1.0
0.22569751547800918,1.0
0.22570658947453062,1.0
0.22571566420070763,1.0
0.22573381584238036,1.0
0.2257428927580522,1.0
0.2257519704037317,1.0
0.22576104877950698,1.0
0.2257701278854661,1.0
0.22577920772169716,1.0
0.22578828828828829,1.0
0.2257973695853276,1.0
0.22580645161290322,1.0
0.22581553437110333,1.0
0.2258246178600161,1.0
0.22583370207972966,1.0
0.22584278703033228,1.0
0.22585187271191215,1.0
0.22586095912455745,1.0
0.22587004626835647,1.0
0.22587913414339744,1.0
0.22588822274976864,1.0
0.22589731208755834,1.0
0.22590640215685487,1.0
0.2259154929577465,1.0
0.22592458449032154,1.0
0.22593367675466838,1.0
0.22594276975087535,1.0
0.22595186347903082,1.0
0.2259609579392232,1.0
0.2259700531315408,1.0
0.22597914905607214,1.0
0.22598824571290557,1.0
0.22599734310212954,1.0
0.22600644122383254,1.0
0.22601554007810298,1.0
0.2260246396650294,1.0
0.22603373998470025,1.0
0.22604284103720407,1.0
0.22605194282262936,1.0
0.22606104534106466,1.0
0.22607014859259855,1.0
0.2260792525773196,1.0
0.22608835729531634,1.0
0.2260974627466774,1.0
0.2261065689314914,1.0
0.22611567584984696,1.0
0.22612478350183268,1.0
0.22613389188753727,1.0
0.22614300100704934,1.0
0.2261521108604576,1.0
0.22616122144785078,1.0
0.22617033276931753,1.0
0.22617944482494662,1.0
0.22618855761482676,1.0
0.2261976711390467,1.0
0.22620678539769523,1.0
0.2262159003908611,1.0
0.22622501611863313,1.0
0.22623413258110014,1.0
0.22624324977835092,1.0
0.22625236771047436,1.0
0.22626148637755925,1.0
0.2262706057796945,1.0
0.22627972591696896,1.0
0.22628884678947156,1.0
0.2262979683972912,1.0
0.2263070907405168,1.0
0.22631621381923728,1.0
0.22632533763354162,1.0
0.2263344621835188,1.0
0.22634358746925776,1.0
0.2263527134908475,1.0
0.22636184024837708,1.0
0.2263709677419355,1.0
0.22638009597161177,1.0
0.22638922493749497,1.0
0.22639835463967414,1.0
0.22640748507823844,1.0
0.22641661625327686,1.0
0.2264257481648786,1.0
0.22643488081313273,1.0
0.22644401419812843,1.0
0.22645314831995483,1.0
0.2264622831787011,1.0
0.22647141877445642,1.0
0.22648055510731,1.0
0.22648969217735104,1.0
0.22649882998466878,1.0
0.22650796852935243,1.0
0.2265171078114913,1.0
0.2265262478311746,1.0
0.22653538858849165,1.0
0.22654453008353173,1.0
0.2265628152871383,1.0
0.22657195899588345,1.0
0.22658110344270896,1.0
0.22659024862770422,1.0
0.22659939455095862,1.0
0.22660854121256155,1.0
0.22661768861260242,1.0
0.22662683675117068,1.0
0.22663598562835574,1.0
0.22664513524424706,1.0
0.22665428559893416,1.0
0.22666343669250646,1.0
0.2266725885250535,1.0
0.22668174109666478,1.0
0.22669089440742984,1.0
0.2267000484574382,1.0
0.22670920324677946,1.0
0.22671835877554317,1.0
0.2267275150438189,1.0
0.2267366720516963,1.0
0.22674582979926491,1.0
0.22675498828661442,1.0
0.22676414751383447,1.0
0.2267733074810147,1.0
0.2267824681882448,1.0
0.22679162963561444,1.0
0.22680079182321336,1.0
0.22680995475113122,1.0
0.2268191184194578,1.0
0.22682828282828282,1.0
0.22683744797769606,1.0
0.2268466138677873,1.0
0.2268557804986463,1.0
0.22686494787036288,1.0
0.22687411598302687,1.0
0.2268832848367281,1.0
0.2268924544315564,1.0
0.22690162476760165,1.0
0.22691079584495372,1.0
0.2269199676637025,1.0
0.22692914022393793,1.0
0.22693831352574986,1.0
0.22694748756922828,1.0
0.22695666235446313,1.0
0.22696583788154437,1.0
0.22697501415056198,1.0
0.22698419116160595,1.0
0.2269933689147663,1.0
0.22700254741013304,1.0
0.2270117266477962,1.0
0.22702090662784585,1.0
0.22703008735037206,1.0
0.22703926881546488,1.0
0.22704845102321444,1.0
0.22705763397371082,1.0
0.22706681766704417,1.0
0.2270760021033046,1.0
0.2270851872825823,1.0
0.22709437320496745,1.0
0.22710355987055017,1.0
0.22711274727942068,1.0
0.22712193543166923,1.0
0.227131124327386,1.0
0.22714031396666126,1.0
0.22714950434958528,1.0
0.22715869547624828,1.0
0.2271678873467406,1.0
0.22717707996115247,1.0
0.22718627331957428,1.0
0.22719546742209631,1.0
0.22720466226880895,1.0
0.2272138578598025,1.0
0.22722305419516736,1.0
0.2272414490993726,1.0
0.22725064766839378,1.0
0.2272598469821479,1.0
0.22726904704072545,1.0
0.22727824784421682,1.0
0.22728744939271256,1.0
0.2272966516863031,1.0
0.22730585472507894,1.0
0.22731505850913067,1.0
0.22732426303854875,1.0
0.22733346831342377,1.0
0.22734267433384628,1.0
0.22735188109990687,1.0
0.2273610886116961,1.0
0.2273702968693046,1.0
0.22737950587282302,1.0
0.22738871562234195,1.0
0.22739792611795204,1.0
0.227407137359744,1.0
0.22741634934780847,1.0
0.2274255620822362,1.0
0.2274347755631178,1.0
0.2274439897905441,1.0
0.2274532047646058,1.0
0.2274624204853936,1.0
0.22747163695299838,1.0
0.22748085416751085,1.0
0.2274900721290218,1.0
0.22749929083762208,1.0
0.2275085102934025,1.0
0.2275177304964539,1.0
0.22752695144686716,1.0
0.22753617314473312,1.0
0.22754539559014267,1.0
0.22755461878318672,1.0
0.22756384272395622,1.0
0.22757306741254205,1.0
0.2275822928490352,1.0
0.22759151903352656,1.0
0.2276007459661072,1.0
0.22760997364686802,1.0
0.22761920207590008,1.0
0.2276284312532944,1.0
0.227637661179142,1.0
0.22764689185353393,1.0
0.22765612327656123,1.0
0.227665355448315,1.0
0.22768382203836637,1.0
0.2276930564568462,1.0
0.22770229162441696,1.0
0.2277115275411698,1.0
0.2277207642071959,1.0
0.22773000162258641,1.0
0.22773923978743255,1.0
0.22774847870182555,1.0
0.22775771836585662,1.0
0.227766958779617,1.0
0.22777619994319795,1.0
0.22778544185669075,1.0
0.22779468452018664,1.0
0.227803927933777,1.0
0.22781317209755306,1.0
0.2278224170116062,1.0
0.22783166267602775,1.0
0.2278409090909091,1.0
0.22785015625634158,1.0
0.2278594041724166,1.0
0.22786865283922556,1.0
0.227887152425411,1.0
0.22789640334497036,1.0
0.22790565501562943,1.0
0.2279149074374797,1.0
0.22792416061061263,1.0
0.22793341453511978,1.0
0.2279426692110926,1.0
0.2279519246386227,1.0
0.2279611808178016,1.0
0.22797043774872086,1.0
0.2279796954314721,1.0
0.22798895386614684,1.0
0.22799821305283677,1.0
0.2280074729916335,1.0
0.22801673368262865,1.0
0.2280259951259139,1.0
0.2280352573215809,1.0
0.22804452026972133,1.0
0.22805378397042694,1.0
0.2280630484237894,1.0
0.22807231362990046,1.0
0.22808157958885186,1.0
0.2280908463007354,1.0
0.22810011376564276,1.0
0.22810938198366584,1.0
0.2281186509548964,1.0
0.22812792067942622,1.0
0.2281371911573472,1.0
0.22814646238875116,1.0
0.22815573437373,1.0
0.22816500711237553,1.0
0.22818355485103442,1.0
0.2281928298512316,1.0
0.2282021056054632,1.0
0.22821138211382114,1.0
0.2282206593763974,1.0
0.228229937393284,1.0
0.2282392161645729,1.0
0.22824849569035616,1.0
0.22825777597072575,1.0
0.22826705700577377,1.0
0.22827633879559225,1.0
0.22828562134027325,1.0
0.2282949046399089,1.0
0.2283041886945913,1.0
0.22831347350441253,1.0
0.22832275906946478,1.0
0.22833204538984017,1.0
0.22834133246563085,1.0
0.228350620296929,1.0
0.22835990888382687,1.0
0.22836919822641663,1.0
0.2283784883247905,1.0
0.2283877791790407,1.0
0.22839707078925955,1.0
0.22840636315553928,1.0
0.22841565627797217,1.0
0.2284249501566505,1.0
0.22843424479166666,1.0
0.22844354018311291,1.0
0.22845283633108163,1.0
0.22846213323566517,1.0
0.22847143089695587,1.0
0.2284807293150462,1.0
0.2284900284900285,1.0
0.2284993284219952,1.0
0.22850862911103875,1.0
0.2285179305572516,1.0
0.2285272327607262,1.0
0.22853653572155505,1.0
0.22854583943983064,1.0
0.2285551439156455,1.0
0.2285644491490921,1.0
0.228573755140263,1.0
0.22858306188925082,1.0
0.22859236939614805,1.0
0.2286016776610473,1.0
0.2286109866840412,1.0
0.22862029646522236,1.0
0.22862960700468338,1.0
0.2286389183025169,1.0
0.22864823035881562,1.0
0.2286575431736722,1.0
0.22866685674717935,1.0
0.22867617107942972,1.0
0.22868548617051612,1.0
0.2286948020205312,1.0
0.22870411862956777,1.0
0.22871343599771857,1.0
0.2287227541250764,1.0
0.22873207301173404,1.0
0.2287413926577843,1.0
0.22875071306332,1.0
0.22876003422843405,1.0
0.22877867883776845,1.0
0.22878800228217458,1.0
0.22879732648653053,1.0
0.22880665145092924,1.0
0.22881597717546362,1.0
0.22882530366022663,1.0
0.22883463090531123,1.0
0.2288532876768171,1.0
0.22886261720342438,1.0
0.22887194749072526,1.0
0.2288812785388128,1.0
0.22889061034778,1.0
0.22889994291771998,1.0
0.22890927624872578,1.0
0.22891861034089056,1.0
0.2289279451943074,1.0
0.22893728080906942,1.0
0.22894661718526976,1.0
0.22895595432300164,1.0
0.22896529222235817,1.0
0.2289746308834326,1.0
0.22898397030631806,1.0
0.22899331049110785,1.0
0.22900265143789517,1.0
0.22901199314677329,1.0
0.22902133561783544,1.0
0.22903067885117492,1.0
0.22904002284688507,1.0
0.22904936760505917,1.0
0.22905871312579051,1.0
0.22906805940917252,1.0
0.22907740645529848,1.0
0.2290867542642618,1.0
0.2290961028361559,1.0
0.22910545217107411,1.0
0.2291148022691099,1.0
0.2291241531303567,1.0
0.22913350475490796,1.0
0.22914285714285715,1.0
0.22915221029429772,1.0
0.2291615642093232,1.0
0.2291709188880271,1.0
0.22918027433050295,1.0
0.22918963053684424,1.0
0.2291989875071446,1.0
0.22920834524149758,1.0
0.22921770373999673,1.0
0.2292270630027357,1.0
0.2292364230298081,1.0
0.22924578382130753,1.0
0.22925514537732766,1.0
0.2292645076979622,1.0
0.22927387078330475,1.0
0.22928323463344905,1.0
0.2292925992484888,1.0
0.2293113307736296,1.0
0.22932069768391813,1.0
0.22933006535947711,1.0
0.22933943380040034,1.0
0.2293488030067816,1.0
0.22935817297871472,1.0
0.2293675437162935,1.0
0.22937691521961184,1.0
0.22938628748876358,1.0
0.2293956605238426,1.0
0.2294050343249428,1.0
0.22941440889215806,1.0
0.22942378422558235,1.0
0.22943316032530958,1.0
0.2294425371914337,1.0
0.22945191482404872,1.0
0.2294612932232486,1.0
0.22947067238912733,1.0
0.22948005232177893,1.0
0.22948943302129746,1.0
0.22949881448777695,1.0
0.22950819672131148,1.0
0.2295175797219951,1.0
0.2295269634899219,1.0
0.22953634802518602,1.0
0.22954573332788158,1.0
0.22955511939810272,1.0
0.22956450623594357,1.0
0.22957389384149832,1.0
0.22958328221486116,1.0
0.2295926713561263,1.0
0.22960206126538793,1.0
0.2296114519427403,1.0
0.22962084338827765,1.0
0.22963023560209425,1.0
0.22963962858428438,1.0
0.22964902233494233,1.0
0.2296584168541624,1.0
0.22966781214203894,1.0
0.22967720819866627,1.0
0.2296866050241388,1.0
0.2296960026185508,1.0
0.22970540098199674,1.0
0.22971480011457096,1.0
0.22972420001636795,1.0
0.2297336006874821,1.0
0.22974300212800786,1.0
0.2297524043380397,1.0
0.2297618073176721,1.0
0.22977121106699955,1.0
0.22978061558611657,1.0
0.22979002087511768,1.0
0.2297994269340974,1.0
0.22980883376315037,1.0
0.22981824136237106,1.0
0.2298276497318541,1.0
0.2298370588716941,1.0
0.22984646878198567,1.0
0.22985587946282346,1.0
0.2298652909143021,1.0
0.22987470313651626,1.0
0.2298841161295606,1.0
0.2298935298935299,1.0
0.22990294442851877,1.0
0.229912359734622,1.0
0.22992177581193432,1.0
0.22993119266055045,1.0
0.22994061028056523,1.0
0.2299500286720734,1.0
0.22995944783516978,1.0
0.2299688677699492,1.0
0.2299782884765065,1.0
0.2299877099549365,1.0
0.2299971322053341,1.0
0.23000655522779417,1.0
0.2300159790224116,1.0
0.23002540358928134,1.0
0.23003482892849825,1.0
0.23004425504015735,1.0
0.23005368192435358,1.0
0.23006310958118187,1.0
0.23007253801073727,1.0
0.23008196721311475,1.0
0.23009139718840937,1.0
0.23010082793671613,1.0
0.2301102594581301,1.0
0.23011969175274635,1.0
0.23012912482065997,1.0
0.23013855866196606,1.0
0.23014799327675972,1.0
0.2301574286651361,1.0
0.23016686482719037,1.0
0.23017630176301762,1.0
0.23018573947271312,1.0
0.23019517795637198,1.0
0.23020461721408947,1.0
0.2302140572459608,1.0
0.2302234980520812,1.0
0.23023293963254593,1.0
0.23024238198745028,1.0
0.23025182511688952,1.0
0.23026126902095895,1.0
0.2302707136997539,1.0
0.2302801591533697,1.0
0.2302896053819017,1.0
0.2302990523854453,1.0
0.23030850016409582,1.0
0.23031794871794872,1.0
0.23032739804709937,1.0
0.2303368481516432,1.0
0.2303462990316757,1.0
0.23035575068729228,1.0
0.23036520311858844,1.0
0.23037465632565965,1.0
0.23038411030860145,1.0
0.23039356506750933,1.0
0.23040302060247886,1.0
0.23041247691360559,1.0
0.23042193400098507,1.0
0.2304313918647129,1.0
0.23044085050488466,1.0
0.23045030992159599,1.0
0.23045977011494254,1.0
0.2304692310850199,1.0
0.2304786928319238,1.0
0.23048815535574987,1.0
0.23049761865659385,1.0
0.23050708273455142,1.0
0.23051654758971832,1.0
0.2305260132221903,1.0
0.23053547963206308,1.0
0.23054494681943247,1.0
0.23055441478439426,1.0
0.23056388352704424,1.0
0.23057335304747822,1.0
0.23058282334579208,1.0
0.23059229442208165,1.0
0.2306017662764428,1.0
0.23061123890897142,1.0
0.2306207123197634,1.0
0.23063018650891462,1.0
0.2306396614765211,1.0
0.2306491372226787,1.0
0.23065861374748348,1.0
0.2306680910510313,1.0
0.23067756913341825,1.0
0.2306870479947403,1.0
0.2306965276350935,1.0
0.23070600805457384,1.0
0.23071548925327745,1.0
0.23072497123130034,1.0
0.23073445398873865,1.0
0.23074393752568845,1.0
0.23075342184224587,1.0
0.23076290693850707,1.0
0.23077239281456818,1.0
0.23078187947052536,1.0
0.2307913669064748,1.0
0.23080085512251275,1.0
0.23081034411873536,1.0
0.23081983389523889,1.0
0.23082932445211957,1.0
0.23083881578947368,1.0
0.23084830790739752,1.0
0.23085780080598733,1.0
0.23086729448533946,1.0
0.23087678894555025,1.0
0.23088628418671603,1.0
0.23089578020893312,1.0
0.23090527701229796,1.0
0.23091477459690687,1.0
0.2309242729628563,1.0
0.23093377211024269,1.0
0.23094327203916246,1.0
0.23095277274971202,1.0
0.2309622742419879,1.0
0.23097177651608655,1.0
0.23098127957210451,1.0
0.23099078341013826,1.0
0.23100028803028433,1.0
0.23100979343263928,1.0
0.2310192996172997,1.0
0.23102880658436215,1.0
0.23103831433392322,1.0
0.2310478228660795,1.0
0.2310573321809277,1.0
0.23106684227856436,1.0
0.23107635315908623,1.0
0.23108586482258994,1.0
0.2310953772691722,1.0
0.23110489049892968,1.0
0.23111440451195917,1.0
0.23112391930835735,1.0
0.231133434888221,1.0
0.2311429512516469,1.0
0.23115246839873183,1.0
0.2311619863295726,1.0
0.231171505044266,1.0
0.23118102454290893,1.0
0.23119054482559814,1.0
0.2312000658924306,1.0
0.23120958774350314,1.0
0.23121911037891268,1.0
0.23122863379875613,1.0
0.2312381580031304,1.0
0.23124768299213247,1.0
0.23125720876585928,1.0
0.23126673532440783,1.0
0.2312762626678751,1.0
0.23128579079635808,1.0
0.23129531970995384,1.0
0.23130484940875942,1.0
0.23131437989287185,1.0
0.23132391116238823,1.0
0.23133344321740565,1.0
0.23134297605802118,1.0
0.231352509684332,1.0
0.23136204409643518,1.0
0.23137157929442795,1.0
0.23138111527840746,1.0
0.23139065204847087,1.0
0.2314001896047154,1.0
0.23140972794723824,1.0
0.2314192670761367,1.0
0.23142880699150795,1.0
0.23143834769344931,1.0
0.23144788918205805,1.0
0.23145743145743145,1.0
0.23146697451966686,1.0
0.23147651836886157,1.0
0.23148606300511299,1.0
0.2314956084285184,1.0
0.23150515463917526,1.0
0.2315147016371809,1.0
0.2315242494226328,1.0
0.23153379799562832,1.0
0.23154334735626494,1.0
0.23155289750464014,1.0
0.23156244844085133,1.0
0.23157200016499607,1.0
0.23158155267717184,1.0
0.23159110597747617,1.0
0.2316006600660066,1.0
0.2316102149428607,1.0
0.231619770608136,1.0
0.2316293270619301,1.0
0.23163888430434065,1.0
0.23164844233546525,1.0
0.2316580011554015,1.0
0.2316675607642471,1.0
0.2316771211620997,1.0
0.23168668234905698,1.0
0.23169624432521668,1.0
0.23170580709067645,1.0
0.2317153706455341,1.0
0.2317249349898873,1.0
0.2317345001238339,1.0
0.2317440660474716,1.0
0.23175363276089828,1.0
0.2317632002642117,1.0
0.2317727685575097,1.0
0.23178233764089012,1.0
0.23179190751445086,1.0
0.23180147817828978,1.0
0.23181104963250476,1.0
0.2318206218771937,1.0
0.23183019491245457,1.0
0.2318397687383853,1.0
0.23184934335508384,1.0
0.23185891876264816,1.0
0.23186849496117629,1.0
0.23187807195076618,1.0
0.2318876497315159,1.0
0.2318972283035235,1.0
0.23190680766688698,1.0
0.23191638782170446,1.0
0.23192596876807403,1.0
0.2319355505060938,1.0
0.23194513303586184,1.0
0.23195471635747636,1.0
0.23196430047103545,1.0
0.23198347107438017,1.0
0.23199305756436217,1.0
0.23200264484668154,1.0
0.23201223292143655,1.0
0.2320218217887254,1.0
0.23203141144864642,1.0
0.23204100190129784,1.0
0.232050593146778,1.0
0.23206018518518517,1.0
0.23206977801661774,1.0
0.23207937164117404,1.0
0.2320889660589524,1.0
0.23209856127005127,1.0
0.232108157274569,1.0
0.232117754072604,1.0
0.2321369500496196,1.0
0.2321465492287971,1.0
0.2321561492018857,1.0
0.23216574996898393,1.0
0.23217535153019023,1.0
0.2321849538856032,1.0
0.23219455703532135,1.0
0.23220416097944327,1.0
0.2322137657180675,1.0
0.23222337125129267,1.0
0.23223297757921735,1.0
0.23224258470194017,1.0
0.23225219261955982,1.0
0.23226180133217492,1.0
0.23227141083988415,1.0
0.2322810211427862,1.0
0.23229063224097982,1.0
0.23230024413456365,1.0
0.2323098568236365,1.0
0.2323194703082971,1.0
0.23232908458864426,1.0
0.23233869966477672,1.0
0.2323483155367933,1.0
0.23235793220479284,1.0
0.23236754966887418,1.0
0.23237716792913615,1.0
0.23238678698567763,1.0
0.2323964068385975,1.0
0.2324060274879947,1.0
0.23241564893396813,1.0
0.2324252711766167,1.0
0.2324348942160394,1.0
0.2324445180523352,1.0
0.23245414268560308,1.0
0.23246376811594202,1.0
0.23247339434345107,1.0
0.23248302136822926,1.0
0.23250227780998922,1.0
0.2325119072271692,1.0
0.2325215374420146,1.0
0.23253116845462452,1.0
0.23254080026509816,1.0
0.23255043287353466,1.0
0.23256006628003315,1.0
0.23256970048469283,1.0
0.2325793354876129,1.0
0.23258897128889258,1.0
0.2325986078886311,1.0
0.2326082452869277,1.0
0.23261788348388165,1.0
0.23262752247959226,1.0
0.2326371622741588,1.0
0.23264680286768058,1.0
0.23265644426025694,1.0
0.23266608645198725,1.0
0.23267572944297082,1.0
0.2326853732333071,1.0
0.23269501782309543,1.0
0.23270466321243524,1.0
0.23271430940142596,1.0
0.23272395639016705,1.0
0.232733604178758,1.0
0.2327432527672982,1.0
0.23275290215588723,1.0
0.23276255234462456,1.0
0.23277220333360976,1.0
0.23278185512294233,1.0
0.23279150771272183,1.0
0.23280116110304788,1.0
0.23281081529402006,1.0
0.232820470285738,1.0
0.23283012607830125,1.0
0.23283978267180955,1.0
0.23284944006636252,1.0
0.2328590982620598,1.0
0.23287841705728626,1.0
0.23288807765701486,1.0
0.23290740126120146,1.0
0.232917064265859,1.0
0.23292672807235915,1.0
0.23293639268080163,1.0
0.2329460580912863,1.0
0.23295572430391304,1.0
0.23296539131878163,1.0
0.23297505913599204,1.0
0.23298472775564408,1.0
0.23299439717783774,1.0
0.23300406740267288,1.0
0.23301373843024945,1.0
0.23302341026066745,1.0
0.23303308289402683,1.0
0.23304275633042756,1.0
0.2330524305699697,1.0
0.23306210561275323,1.0
0.23307178145887825,1.0
0.23308145810844474,1.0
0.23309113556155284,1.0
0.2331008138183026,1.0
0.23311049287879418,1.0
0.23312017274312766,1.0
0.2331298534114032,1.0
0.23313953488372094,1.0
0.23314921716018108,1.0
0.2331589002408838,1.0
0.2331685841259293,1.0
0.23317826881541784,1.0
0.23318795430944964,1.0
0.23319764060812495,1.0
0.23320732771154407,1.0
0.23321701561980723,1.0
0.23322670433301484,1.0
0.23323639385126713,1.0
0.2332460841746645,1.0
0.2332557753033073,1.0
0.23326546723729588,1.0
0.23328485352171202,1.0
0.2332945478723404,1.0
0.23330424302871627,1.0
0.23331393899094008,1.0
0.23332363575911225,1.0
0.23333333333333334,1.0
0.23334303171370382,1.0
0.2333527309003242,1.0
0.2333624308932951,1.0
0.233372131692717,1.0
0.2333818332986905,1.0
0.2333915357113162,1.0
0.23340123893069473,1.0
0.23341094295692666,1.0
0.23342064779011268,1.0
0.23343035343035343,1.0
0.2334400598777496,1.0
0.23344976713240187,1.0
0.23345947519441093,1.0
0.23346918406387757,1.0
0.23347889374090247,1.0
0.23348860422558643,1.0
0.2334983155180302,1.0
0.23350802761833458,1.0
0.2335177405266004,1.0
0.23352745424292845,1.0
0.23353716876741962,1.0
0.2335468841001747,1.0
0.23355660024129468,1.0
0.23356631719088033,1.0
0.23357603494903267,1.0
0.23358575351585253,1.0
0.23359547289144095,1.0
0.2336051930758988,1.0
0.2336149140693271,1.0
0.23362463587182689,1.0
0.23363435848349912,1.0
0.23364408190444483,1.0
0.23365380613476505,1.0
0.2336635311745609,1.0
0.2336732570239334,1.0
0.23368298368298368,1.0
0.23369271115181284,1.0
0.23370243943052202,1.0
0.23371216851921237,1.0
0.23372189841798502,1.0
0.23373162912694118,1.0
0.23374136064618203,1.0
0.2337510929758088,1.0
0.23376082611592272,1.0
0.23377056006662503,1.0
0.233780294828017,1.0
0.23379003040019988,1.0
0.23379976678327502,1.0
0.2338095039773437,1.0
0.23381924198250728,1.0
0.2338289807988671,1.0
0.23383872042652448,1.0
0.23384846086558086,1.0
0.23385820211613764,1.0
0.23386794417829618,1.0
0.23387768705215797,1.0
0.23388743073782445,1.0
0.23389717523539705,1.0
0.2339069205449773,1.0
0.23391666666666666,1.0
0.23392641360056668,1.0
0.2339361613467789,1.0
0.23394590990540484,1.0
0.2339556592765461,1.0
0.23396540946030422,1.0
0.23397516045678085,1.0
0.2339849122660776,1.0
0.2339946648882961,1.0
0.234004418323538,1.0
0.23401417257190496,1.0
0.2340239276334987,1.0
0.23403368350842088,1.0
0.23404344019677326,1.0
0.23405319769865754,1.0
0.23406295601417554,1.0
0.23407271514342895,1.0
0.2340824750865196,1.0
0.23409223584354932,1.0
0.2341019974146199,1.0
0.2341117597998332,1.0
0.23412152299929104,1.0
0.23413128701309532,1.0
0.23414105184134795,1.0
0.2341508174841508,1.0
0.23416058394160583,1.0
0.23417035121381496,1.0
0.23418011930088015,1.0
0.23418988820290337,1.0
0.23419965791998665,1.0
0.23420942845223194,1.0
0.23421919979974135,1.0
0.23422897196261683,1.0
0.23423874494096047,1.0
0.2342485187348744,1.0
0.23425829334446066,1.0
0.2342680687698214,1.0
0.23427784501105872,1.0
0.23428762206827478,1.0
0.23429739994157173,1.0
0.23430717863105174,1.0
0.23431695813681705,1.0
0.23432673845896987,1.0
0.2343365195976124,1.0
0.2343463015528469,1.0
0.23435608432477562,1.0
0.23436586791350086,1.0
0.23437565231912497,1.0
0.23438543754175017,1.0
0.23439522358147885,1.0
0.23440501043841336,1.0
0.23441479811265606,1.0
0.23442458660430934,1.0
0.2344343759134756,1.0
0.23444416604025725,1.0
0.23445395698475674,1.0
0.2344637487470765,1.0
0.23447354132731904,1.0
0.23448333472558683,1.0
0.23449312894198238,1.0
0.23450292397660819,1.0
0.2345127198295668,1.0
0.23452251650096081,1.0
0.23453231399089275,1.0
0.23454211229946523,1.0
0.23455191142678086,1.0
0.23456171137294227,1.0
0.23457151213805205,1.0
0.23458131372221294,1.0
0.23459111612552755,1.0
0.23460091934809862,1.0
0.23461072339002884,1.0
0.23462052825142093,1.0
0.23463033393237764,1.0
0.23464014043300174,1.0
0.23464994775339604,1.0
0.23465975589366328,1.0
0.23466956485390628,1.0
0.23467937463422792,1.0
0.23468918523473098,1.0
0.23469899665551838,1.0
0.23470880889669302,1.0
0.23471862195835771,1.0
0.23472843584061545,1.0
0.23473825054356917,1.0
0.23474806606732176,1.0
0.23475788241197626,1.0
0.2347676995776356,1.0
0.23477751756440282,1.0
0.23478733637238092,1.0
0.23479715600167295,1.0
0.23480697645238194,1.0
0.234816797724611,1.0
0.2348266198184632,1.0
0.23483644273404167,1.0
0.2348462664714495,1.0
0.23485609103078983,1.0
0.23486591641216584,1.0
0.2348757426156807,1.0
0.23488556964143759,1.0
0.23489539748953975,1.0
0.23490522616009038,1.0
0.23491505565319273,1.0
0.2349248859689501,1.0
0.2349347171074657,1.0
0.23494454906884285,1.0
0.2349543818531849,1.0
0.23496421546059515,1.0
0.23497404989117696,1.0
0.23498388514503368,1.0
0.23499372122226872,1.0
0.23500355812298548,1.0
0.23501339584728734,1.0
0.23502323439527775,1.0
0.2350330737670602,1.0
0.23504291396273813,1.0
0.235052754982415,1.0
0.23506259682619438,1.0
0.23507243949417972,1.0
0.2350822829864746,1.0
0.23509212730318257,1.0
0.23510197244440723,1.0
0.2351118184102521,1.0
0.23512166520082087,1.0
0.2351315128162171,1.0
0.2351413612565445,1.0
0.23515121052190668,1.0
0.23516106061240732,1.0
0.23517091152815014,1.0
0.2351807632692388,1.0
0.23519061583577713,1.0
0.23520046922786877,1.0
0.23521032344561757,1.0
0.23522017848912724,1.0
0.23523003435850162,1.0
0.23523989105384455,1.0
0.2352497485752598,1.0
0.23525960692285128,1.0
0.23526946609672283,1.0
0.23527932609697833,1.0
0.23528918692372172,1.0
0.23529904857705689,1.0
0.23530891105708776,1.0
0.23531877436391835,1.0
0.2353286384976526,1.0
0.23533850345839447,1.0
0.235348369246248,1.0
0.23535823586131724,1.0
0.2353681033037062,1.0
0.23537797157351892,1.0
0.23538784067085955,1.0
0.23539771059583212,1.0
0.23540758134854076,1.0
0.2354174529290896,1.0
0.23542732533758282,1.0
0.23543719857412457,1.0
0.23544707263881898,1.0
0.23545694753177032,1.0
0.2354668232530828,1.0
0.23547669980286062,1.0
0.23548657718120805,1.0
0.23549645538822936,1.0
0.23550633442402885,1.0
0.23551621428871083,1.0
0.23552609498237959,1.0
0.2355359765051395,1.0
0.23554585885709492,1.0
0.2355557420383502,1.0
0.23556562604900974,1.0
0.23557551088917797,1.0
0.2355853965589593,1.0
0.23559528305845817,1.0
0.2356051703877791,1.0
0.2356150585470265,1.0
0.2356249475363049,1.0
0.23563483735571877,1.0
0.23564472800537273,1.0
0.23565461948537128,1.0
0.235664511795819,1.0
0.23567440493682046,1.0
0.23568429890848028,1.0
0.23569419371090305,1.0
0.23570408934419346,1.0
0.23571398580845615,1.0
0.23572388310379577,1.0
0.23573378123031702,1.0
0.23574368018812464,1.0
0.23575357997732332,1.0
0.2357634805980178,1.0
0.23577338205031287,1.0
0.2357832843343133,1.0
0.2357931874501239,1.0
0.23580309139784947,1.0
0.23581299617759482,1.0
0.23582290178946483,1.0
0.23583280823356437,1.0
0.23584271550999833,1.0
0.23585262361887158,1.0
0.23586253256028905,1.0
0.2358724423343557,1.0
0.23588235294117646,1.0
0.23589226438085634,1.0
0.2359021766535003,1.0
0.23591208975921335,1.0
0.2359220036981005,1.0
0.23593191847026687,1.0
0.23594183407581742,1.0
0.2359517505148573,1.0
0.23596166778749159,1.0
0.2359715858938254,1.0
0.23598150483396385,1.0
0.23599142460801212,1.0
0.23600134521607533,1.0
0.23601126665825872,1.0
0.23602118893466745,1.0
0.23603111204540678,1.0
0.2360410359905819,1.0
0.2360509607702981,1.0
0.23606088638466066,1.0
0.23607081283377487,1.0
0.23608074011774602,1.0
0.23609066823667943,1.0
0.23610059719068047,1.0
0.2361105269798545,1.0
0.23612045760430686,1.0
0.23613038906414302,1.0
0.23614032135946833,1.0
0.23615025449038826,1.0
0.23616018845700826,1.0
0.23617012325943376,1.0
0.2361800588977703,1.0
0.23618999537212335,1.0
0.23619993268259845,1.0
0.23620987082930114,1.0
0.23621980981233695,1.0
0.23622974963181148,1.0
0.23623969028783035,1.0
0.2362496317804991,1.0
0.2362595741099234,1.0
0.2362695172762089,1.0
0.23627946127946128,1.0
0.2362894061197862,1.0
0.23629935179728934,1.0
0.23630929831207645,1.0
0.23631924566425325,1.0
0.23632919385392548,1.0
0.23633914288119895,1.0
0.23634909274617943,1.0
0.2363590434489727,1.0
0.23636899498968464,1.0
0.23637894736842105,1.0
0.2363889005852878,1.0
0.23639885464039076,1.0
0.23640880953383586,1.0
0.23641876526572897,1.0
0.23642872183617603,1.0
0.23643867924528303,1.0
0.23644863749315587,1.0
0.2364585965799006,1.0
0.23646855650562318,1.0
0.23647851727042965,1.0
0.23648847887442606,1.0
0.23649844131771844,1.0
0.23650840460041286,1.0
0.23651836872261545,1.0
0.23652833368443227,1.0
0.2365382994859695,1.0
0.23654826612733326,1.0
0.2365582336086297,1.0
0.23656820192996503,1.0
0.23657817109144544,1.0
0.23658814109317713,1.0
0.23659811193526636,1.0
0.23660808361781935,1.0
0.23661805614094242,1.0
0.23662802950474182,1.0
0.2366380037093239,1.0
0.23664797875479493,1.0
0.23665795464126127,1.0
0.2366679313688293,1.0
0.2366779089376054,1.0
0.23668788734769594,1.0
0.23669786659920736,1.0
0.23670784669224607,1.0
0.23671782762691854,1.0
0.2367278094033312,1.0
0.23673779202159062,1.0
0.23674777548180323,1.0
0.23675775978407557,1.0
0.23676774492851418,1.0
0.23677773091522564,1.0
0.2367877177443165,1.0
0.23679770541589337,1.0
0.23680769393006285,1.0
0.2368176832869316,1.0
0.2368276734866062,1.0
0.2368376645291934,1.0
0.23684765641479982,1.0
0.2368576491435322,1.0
0.23686764271549723,1.0
0.23687763713080168,1.0
0.2368876323895523,1.0
0.23689762849185586,1.0
0.23690762543781912,1.0
0.23691762322754895,1.0
0.23692762186115215,1.0
0.23693762133873555,1.0
0.23694762166040603,1.0
0.23695762282627048,1.0
0.23696762483643577,1.0
0.23697762769100886,1.0
0.23698763139009668,1.0
0.23699763593380616,1.0
0.23700764132224428,1.0
0.23701764755551802,1.0
0.23702765463373443,1.0
0.2370376625570005,1.0
0.2370476713254233,1.0
0.23705768093910987,1.0
0.2370676913981673,1.0
0.2370777027027027,1.0
0.23708771485282318,1.0
0.23709772784863586,1.0
0.23710774169024793,1.0
0.23711775637776653,1.0
0.23712777191129883,1.0
0.2371377882909521,1.0
0.2371478055168335,1.0
0.23715782358905035,1.0
0.23716784250770986,1.0
0.23717786227291932,1.0
0.237187882884786,1.0
0.23719790434341728,1.0
0.23720792664892043,1.0
0.23721794980140284,1.0
0.2372279738009719,1.0
0.23723799864773495,1.0
0.23724802434179942,1.0
0.23725805088327276,1.0
0.23726807827226237,1.0
0.23727810650887574,1.0
0.23728813559322035,1.0
0.23729816552540367,1.0
0.23730819630553324,1.0
0.2373182279337166,1.0
0.2373282604100613,1.0
0.2373382937346749,1.0
0.237348327907665,1.0
0.23735836292913917,1.0
0.2373683987992051,1.0
0.23737843551797042,1.0
0.23738847308554273,1.0
0.23739851150202976,1.0
0.23740855076753922,1.0
0.23741859088217881,1.0
0.23742863184605625,1.0
0.23743867365927931,1.0
0.23744871632195577,1.0
0.23745875983419337,1.0
0.2374688041961,1.0
0.2374788494077834,1.0
0.2374989423809121,1.0
0.2375089901425731,1.0
0.23751903875444239,1.0
0.23752908821662788,1.0
0.23753913852923753,1.0
0.2375491896923793,1.0
0.23755924170616113,1.0
0.23756929457069104,1.0
0.23757934828607702,1.0
0.2375894028524271,1.0
0.23759945826984932,1.0
0.23760951453845178,1.0
0.2376195716583425,1.0
0.23762962962962964,1.0
0.23763968845242125,1.0
0.23764974812682554,1.0
0.23765980865295064,1.0
0.2376698700309047,1.0
0.23767993226079592,1.0
0.23768999534273255,1.0
0.23770005927682275,1.0
0.23771012406317482,1.0
0.237720189701897,1.0
0.2377302561930976,1.0
0.2377403235368849,1.0
0.2377503917333672,1.0
0.2377604607826529,1.0
0.2377705306848503,1.0
0.23778060144006777,1.0
0.23779067304841375,1.0
0.2378007455099966,1.0
0.2378108188249248,1.0
0.23782089299330678,1.0
0.237830968015251,1.0
0.23784104389086597,1.0
0.23785112062026015,1.0
0.23786119820354207,1.0
0.2378712766408203,1.0
0.2378813559322034,1.0
0.23789143607779992,1.0
0.23790151707771845,1.0
0.23791159893206765,1.0
0.2379216816409561,1.0
0.23793176520449247,1.0
0.23794184962278545,1.0
0.2379519348959437,1.0
0.23796202102407596,1.0
0.2379721080072909,1.0
0.23798219584569733,1.0
0.23799228453940396,1.0
0.2380023740885196,1.0
0.238012464493153,1.0
0.23802255575341305,1.0
0.23803264786940853,1.0
0.2380427408412483,1.0
0.23805283466904126,1.0
0.23806292935289627,1.0
0.23807302489292226,1.0
0.23808312128922815,1.0
0.2380932185419229,1.0
0.23810331665111545,1.0
0.2381134156169148,1.0
0.23812351543942992,1.0
0.23813361611876988,1.0
0.2381437176550437,1.0
0.23815382004836042,1.0
0.23816392329882913,1.0
0.2381740274065589,1.0
0.2381841323716589,1.0
0.23819423819423818,1.0
0.23820434487440598,1.0
0.2382144524122714,1.0
0.23822456080794366,1.0
0.23823467006153193,1.0
0.2382447801731455,1.0
0.23825489114289353,1.0
0.23826500297088532,1.0
0.23827511565723017,1.0
0.23828522920203735,1.0
0.23829534360541618,1.0
0.2383155749883262,1.0
0.23832569196807607,1.0
0.23833580980683508,1.0
0.23834592850471256,1.0
0.23835604806181804,1.0
0.23836616847826086,1.0
0.23837628975415057,1.0
0.2383864118895966,1.0
0.23839653488470847,1.0
0.2384066587395957,1.0
0.23841678345436787,1.0
0.23842690902913447,1.0
0.2384370354640051,1.0
0.23844716275908936,1.0
0.23845729091449688,1.0
0.23846741993033727,1.0
0.2384775498067202,1.0
0.2384876805437553,1.0
0.23849781214155233,1.0
0.23850794460022093,1.0
0.23851807791987084,1.0
0.23852821210061184,1.0
0.23853834714255365,1.0
0.23854848304580606,1.0
0.2385586198104789,1.0
0.23856875743668196,1.0
0.2385788959245251,1.0
0.23858903527411815,1.0
0.238599175485571,1.0
0.23860931655899353,1.0
0.23861945849449567,1.0
0.23862960129218735,1.0
0.23863974495217855,1.0
0.23864988947457916,1.0
0.23866003485949921,1.0
0.2386701811070487,1.0
0.2386803282173377,1.0
0.2386904761904762,1.0
0.23870062502657427,1.0
0.23871077472574198,1.0
0.23872092528808947,1.0
0.23873107671372681,1.0
0.2387412290027642,1.0
0.23875138215531172,1.0
0.2387615361714796,1.0
0.23877169105137802,1.0
0.2387818467951172,1.0
0.23879200340280732,1.0
0.2388021608745587,1.0
0.23881231921048154,1.0
0.23882247841068618,1.0
0.2388326384752829,1.0
0.23884279940438205,1.0
0.23885296119809393,1.0
0.23886312385652894,1.0
0.23887328737979746,1.0
0.23888345176800987,1.0
0.2388936170212766,1.0
0.23890378313970806,1.0
0.23891395012341476,1.0
0.23892411797250712,1.0
0.23893428668709568,1.0
0.2389444562672909,1.0
0.23895462671320336,1.0
0.2389647980249436,1.0
0.23897497020262218,1.0
0.23898514324634967,1.0
0.2390054919323939,1.0
0.23901566757493187,1.0
0.23902584408396135,1.0
0.23903602145959296,1.0
0.2390461997019374,1.0
0.23905637881110545,1.0
0.23906655878720776,1.0
0.23907673963035517,1.0
0.2390869213406584,1.0
0.23909710391822828,1.0
0.2391072873631756,1.0
0.2391174716756112,1.0
0.23912765685564596,1.0
0.23913784290339068,1.0
0.23914802981895633,1.0
0.2391582176024538,1.0
0.23916840625399394,1.0
0.2391785957736878,1.0
0.2391887861616463,1.0
0.2391989774179804,1.0
0.23920916954280114,1.0
0.23921936253621953,1.0
0.23922955639834662,1.0
0.23923975112929344,1.0
0.2392499467291711,1.0
0.2392601431980907,1.0
0.23927034053616333,1.0
0.23928053874350014,1.0
0.23929073782021226,1.0
0.23930093776641093,1.0
0.23931113858220726,1.0
0.2393213402677125,1.0
0.2393315428230379,1.0
0.23934174624829468,1.0
0.2393621557090475,1.0
0.23937236174476612,1.0
0.23938256865086133,1.0
0.23939277642744447,1.0
0.23940298507462687,1.0
0.23941319459251995,1.0
0.23942340498123507,1.0
0.2394336162408837,1.0
0.23944382837157724,1.0
0.23945404137342716,1.0
0.23946425524654497,1.0
0.2394744699910421,1.0
0.23948468560703012,1.0
0.23949490209462054,1.0
0.23950511945392491,1.0
0.23952555678812185,1.0
0.23953577676323762,1.0
0.23954599761051373,1.0
0.23955621933006188,1.0
0.2395664419219937,1.0
0.23957666538642086,1.0
0.2395868897234551,1.0
0.23959711493320815,1.0
0.23960734101579173,1.0
0.23961756797131759,1.0
0.23962779579989757,1.0
0.2396380245016434,1.0
0.23964825407666696,1.0
0.23965848452508004,1.0
0.23966871584699453,1.0
0.2396789480425223,1.0
0.23968918111177526,1.0
0.23969941505486528,1.0
0.23970964987190435,1.0
0.2397198855630044,1.0
0.2397301221282774,1.0
0.23974035956783532,1.0
0.23975059788179023,1.0
0.2397608370702541,1.0
0.23977107713333903,1.0
0.23978131807115705,1.0
0.23979155988382025,1.0
0.23980180257144076,1.0
0.2398120461341307,1.0
0.23982229057200222,1.0
0.23983253588516745,1.0
0.23984278207373863,1.0
0.2398530291378279,1.0
0.23986327707754754,1.0
0.23987352589300975,1.0
0.2398837755843268,1.0
0.23989402615161098,1.0
0.23990427759497457,1.0
0.2399145299145299,1.0
0.23992478311038934,1.0
0.23993503718266518,1.0
0.23994529213146984,1.0
0.2399555479569157,1.0
0.23996580465911518,1.0
0.23997606223818074,1.0
0.23998632069422476,1.0
0.23999658002735977,1.0
0.24000684023769825,1.0
0.24001710132535273,1.0
0.24002736329043567,1.0
0.24003762613305968,1.0
0.24004788985333733,1.0
0.24005815445138118,1.0
0.24006841992730382,1.0
0.24007868628121792,1.0
0.24008895351323611,1.0
0.24009922162347105,1.0
0.2401094906120354,1.0
0.2401197604790419,1.0
0.24013003122460327,1.0
0.24014030284883223,1.0
0.24016084873374402,1.0
0.2401711229946524,1.0
0.24018139813467956,1.0
0.2401916741539383,1.0
0.2402019510525415,1.0
0.24021222883060203,1.0
0.2402225074882328,1.0
0.24024306744265664,1.0
0.2402533487396756,1.0
0.2402636309167166,1.0
0.24027391397389258,1.0
0.24028419791131655,1.0
0.24029448272910156,1.0
0.24030476842736068,1.0
0.24031505500620692,1.0
0.24032534246575343,1.0
0.24033563080611328,1.0
0.2403459200273996,1.0
0.24035621012972555,1.0
0.24036650111320432,1.0
0.24037679297794906,1.0
0.24038708572407297,1.0
0.24039737935168928,1.0
0.24040767386091128,1.0
0.24041796925185216,1.0
0.24043856267934388,1.0
0.2404488607161213,1.0
0.2404591596350709,1.0
0.24046945943630602,1.0
0.24047976011994002,1.0
0.24049006168608636,1.0
0.24050036413485842,1.0
0.24051066746636962,1.0
0.24052097168073347,1.0
0.2405312767780634,1.0
0.24054158275847295,1.0
0.24055188962207558,1.0
0.24056219736898488,1.0
0.24057250599931437,1.0
0.24058281551317762,1.0
0.24059312591068827,1.0
0.2406034371919599,1.0
0.2406137493571061,1.0
0.24062406240624062,1.0
0.24063437633947707,1.0
0.24064469115692913,1.0
0.24065500685871055,1.0
0.24066532344493505,1.0
0.24067564091571636,1.0
0.2406859592711683,1.0
0.24069627851140457,1.0
0.24070659863653904,1.0
0.24071691964668554,1.0
0.2407272415419579,1.0
0.24073756432246998,1.0
0.24074788798833568,1.0
0.24075821253966892,1.0
0.2407685379765836,1.0
0.24077886429919368,1.0
0.24078919150761313,1.0
0.24079951960195592,1.0
0.24080984858233603,1.0
0.24082017844886752,1.0
0.24083050920166446,1.0
0.24084084084084084,1.0
0.2408511733665108,1.0
0.2408615067787884,1.0
0.24087184107778778,1.0
0.2408821762636231,1.0
0.2408925123364085,1.0
0.24090284929625816,1.0
0.24091318714328627,1.0
0.24092352587760707,1.0
0.2409338654993348,1.0
0.24094420600858368,1.0
0.24095454740546804,1.0
0.24096488969010216,1.0
0.24097523286260034,1.0
0.24098557692307693,1.0
0.24099592187164628,1.0
0.24100626770842276,1.0
0.2410166144335208,1.0
0.2410269620470548,1.0
0.24103731054913916,1.0
0.24104765993988836,1.0
0.2410580102194169,1.0
0.24106836138783924,1.0
0.2410787134452699,1.0
0.24108906639182343,1.0
0.24109942022761435,1.0
0.24110977495275726,1.0
0.24112013056736675,1.0
0.24113048707155743,1.0
0.24114084446544393,1.0
0.2411512027491409,1.0
0.241161561922763,1.0
0.24117192198642495,1.0
0.24118228294024144,1.0
0.2411926447843272,1.0
0.241203007518797,1.0
0.24121337114376556,1.0
0.24122373565934774,1.0
0.2412341010656583,1.0
0.24124446736281208,1.0
0.24125483455092395,1.0
0.24126520263010873,1.0
0.24127557160048135,1.0
0.2412859414621567,1.0
0.24129631221524972,1.0
0.24130668385987536,1.0
0.24131705639614856,1.0
0.24132742982418431,1.0
0.24133780414409767,1.0
0.2413481793560036,1.0
0.2413585554600172,1.0
0.2413689324562535,1.0
0.2413793103448276,1.0
0.2413896891258546,1.0
0.2414000687994496,1.0
0.2414104493657278,1.0
0.24142083082480434,1.0
0.24144159642181318,1.0
0.2414519805599759,1.0
0.24146236559139786,1.0
0.24147275151619424,1.0
0.24148313833448037,1.0
0.2414935260463716,1.0
0.24150391465198315,1.0
0.2415143041514304,1.0
0.24152469454482878,1.0
0.2415350858322936,1.0
0.24154547801394027,1.0
0.24155587108988424,1.0
0.24156626506024095,1.0
0.24157665992512586,1.0
0.24158705568465444,1.0
0.2415974523389422,1.0
0.24160784988810466,1.0
0.24161824833225737,1.0
0.24162864767151587,1.0
0.24163904790599577,1.0
0.24164944903581267,1.0
0.24165985106108218,1.0
0.24167025398191994,1.0
0.2416806577984416,1.0
0.24169106251076286,1.0
0.24170146811899945,1.0
0.24171187462326701,1.0
0.24172228202368137,1.0
0.24173269032035824,1.0
0.24174309951341344,1.0
0.2417535096029627,1.0
0.2417639205891219,1.0
0.2417743324720069,1.0
0.2417847452517335,1.0
0.2417951589284176,1.0
0.24180557350217513,1.0
0.24182640534137412,1.0
0.24183682260704747,1.0
0.24184724077025804,1.0
0.24185765983112184,1.0
0.24186807978975486,1.0
0.24187850064627317,1.0
0.2418889224007928,1.0
0.24189934505342986,1.0
0.24190976860430044,1.0
0.24192019305352064,1.0
0.24193061840120664,1.0
0.24194104464747457,1.0
0.24195147179244064,1.0
0.24196189983622102,1.0
0.24197232877893193,1.0
0.24198275862068966,1.0
0.2419931893616104,1.0
0.2420036210018105,1.0
0.2420140535414062,1.0
0.24202448698051388,1.0
0.24203492131924983,1.0
0.24204535655773043,1.0
0.24205579269607208,1.0
0.24206622973439118,1.0
0.2420766676728041,1.0
0.24208710651142734,1.0
0.24209754625037733,1.0
0.24210798688977056,1.0
0.24211842842972356,1.0
0.24212887087035279,1.0
0.24213931421177484,1.0
0.24214975845410627,1.0
0.24217064964196358,1.0
0.24218109658772272,1.0
0.24219154443485763,1.0
0.24220199318348506,1.0
0.24221244283372162,1.0
0.2422228933856841,1.0
0.24223334483948913,1.0
0.24224379719525352,1.0
0.24225425045309398,1.0
0.24226470461312735,1.0
0.2422751596754704,1.0
0.24228561564023995,1.0
0.24229607250755286,1.0
0.242306530277526,1.0
0.24231698895027623,1.0
0.2423274485259205,1.0
0.24233790900457566,1.0
0.24234837038635873,1.0
0.24235883267138664,1.0
0.24236929585977637,1.0
0.24237975995164493,1.0
0.24239022494710938,1.0
0.2424006908462867,1.0
0.24241115764929402,1.0
0.2424216253562484,1.0
0.24243209396726692,1.0
0.24244256348246676,1.0
0.24245303390196501,1.0
0.2424635052258789,1.0
0.24247397745432558,1.0
0.24248445058742224,1.0
0.24249492462528616,1.0
0.24250539956803455,1.0
0.2425158754157847,1.0
0.24252635216865387,1.0
0.24253682982675942,1.0
0.24254730839021862,1.0
0.24255778785914883,1.0
0.24256826823366748,1.0
0.24257874951389188,1.0
0.2425892316999395,1.0
0.24259971479192774,1.0
0.24261019878997406,1.0
0.24262068369419595,1.0
0.24263116950471086,1.0
0.24264165622163633,1.0
0.2426521438450899,1.0
0.24266263237518912,1.0
0.24267312181205153,1.0
0.24268361215579476,1.0
0.2426941034065364,1.0
0.2427045955643941,1.0
0.24271508862948551,1.0
0.2427255826019283,1.0
0.2427360774818402,1.0
0.24274657326933888,1.0
0.24275706996454208,1.0
0.24276756756756757,1.0
0.24277806607853314,1.0
0.24278856549755654,1.0
0.24279906582475563,1.0
0.24280956706024825,1.0
0.24282006920415225,1.0
0.2428305722565855,1.0
0.24284107621766587,1.0
0.24285158108751134,1.0
0.24286208686623983,1.0
0.24287259355396928,1.0
0.24288310115081768,1.0
0.24289360965690304,1.0
0.24290411907234338,1.0
0.24291462939725672,1.0
0.24292514063176116,1.0
0.24293565277597473,1.0
0.24294616583001558,1.0
0.24295667979400182,1.0
0.24296719466805158,1.0
0.24297771045228306,1.0
0.2429882271468144,1.0
0.24299874475176383,1.0
0.2430092632672496,1.0
0.2430197826933899,1.0
0.24304082427810728,1.0
0.24305134643692095,1.0
0.24306186950686237,1.0
0.24307239348804988,1.0
0.24308291838060186,1.0
0.24309344418463671,1.0
0.2431039709002728,1.0
0.24311449852762862,1.0
0.24312502706682257,1.0
0.24313555651797314,1.0
0.24314608688119885,1.0
0.24315661815661815,1.0
0.24316715034434963,1.0
0.24317768344451182,1.0
0.2431882174572233,1.0
0.24319875238260266,1.0
0.24320928822076854,1.0
0.24321982497183953,1.0
0.2432303626359343,1.0
0.24324090121317157,1.0
0.24325144070367,1.0
0.24326198110754832,1.0
0.24327252242492525,1.0
0.24328306465591956,1.0
0.24329360780065004,1.0
0.2433041518592355,1.0
0.24331469683179474,1.0
0.2433252427184466,1.0
0.24333578951930995,1.0
0.2433463372345037,1.0
0.2433568858641467,1.0
0.2433674354083579,1.0
0.2433885372409607,1.0
0.2433990895295903,1.0
0.24340964273326396,1.0
0.24342019685210076,1.0
0.24343075188621977,1.0
0.24344130783574,1.0
0.24345186470078056,1.0
0.2434624224814606,1.0
0.2434729811778992,1.0
0.24348354079021556,1.0
0.2434941013185288,1.0
0.24350466276295815,1.0
0.2435152251236228,1.0
0.243525788400642,1.0
0.243536352594135,1.0
0.24354691770422107,1.0
0.24355748373101951,1.0
0.24356805067464965,1.0
0.24357861853523083,1.0
0.24358918731288237,1.0
0.24359975700772368,1.0
0.24361032761987417,1.0
0.24362089914945323,1.0
0.2436314715965803,1.0
0.24364204496137487,1.0
0.24365261924395643,1.0
0.24366319444444445,1.0
0.24367377056295847,1.0
0.24368434759961802,1.0
0.2436949255545427,1.0
0.24370550442785205,1.0
0.24371608421966573,1.0
0.24372666493010334,1.0
0.2437372465592845,1.0
0.24374782910732892,1.0
0.2437584125743563,1.0
0.24376899696048632,1.0
0.24377958226583873,1.0
0.24379016849053325,1.0
0.24380075563468973,1.0
0.24381134369842786,1.0
0.24382193268186753,1.0
0.24383252258512855,1.0
0.24384311340833079,1.0
0.24385370515159413,1.0
0.24386429781503843,1.0
0.24387489139878366,1.0
0.24388548590294973,1.0
0.2438960813276566,1.0
0.2439066776730243,1.0
0.24391727493917276,1.0
0.24392787312622202,1.0
0.24393847223429216,1.0
0.24394907226350324,1.0
0.24395967321397533,1.0
0.24397027508582853,1.0
0.24398087787918296,1.0
0.24399148159415882,1.0
0.24400208623087621,1.0
0.2440126917894554,1.0
0.2440232982700165,1.0
0.24403390567267985,1.0
0.24404451399756563,1.0
0.24405512324479417,1.0
0.2440657334144857,1.0
0.24407634450676058,1.0
0.24408695652173912,1.0
0.24409756945954172,1.0
0.24410818332028872,1.0
0.24411879810410053,1.0
0.2441294138110976,1.0
0.2441400304414003,1.0
0.24415064799512917,1.0
0.24416126647240463,1.0
0.24417188587334726,1.0
0.24418250619807752,1.0
0.24419312744671595,1.0
0.24420374961938318,1.0
0.24421437271619975,1.0
0.2442249967372863,1.0
0.24423562168276342,1.0
0.2442462475527518,1.0
0.2442568743473721,1.0
0.244267502066745,1.0
0.24427813071099122,1.0
0.2442887602802315,1.0
0.2442993907745866,1.0
0.2443100221941773,1.0
0.24432065453912438,1.0
0.2443312878095487,1.0
0.24434192200557103,1.0
0.2443525571273123,1.0
0.24436319317489336,1.0
0.2443738301484351,1.0
0.2443844680480585,1.0
0.24439510687388447,1.0
0.24440574662603395,1.0
0.24441638730462797,1.0
0.24442702890978754,1.0
0.24443767144163364,1.0
0.24444831490028737,1.0
0.2444589592858698,1.0
0.244469604598502,1.0
0.2444802508383051,1.0
0.24449089800540022,1.0
0.24450154609990854,1.0
0.24451219512195121,1.0
0.24452284507164945,1.0
0.2445334959491245,1.0
0.24454414775449754,1.0
0.24455480048788988,1.0
0.2445654541494228,1.0
0.24457610873921756,1.0
0.24458676425739553,1.0
0.24459742070407808,1.0
0.24460807807938653,1.0
0.24461873638344225,1.0
0.24462939561636673,1.0
0.24464005577828132,1.0
0.24465071686930753,1.0
0.24466137888956682,1.0
0.24467204183918065,1.0
0.24468270571827058,1.0
0.2446933705269581,1.0
0.24470403626536483,1.0
0.2447147029336123,1.0
0.24472537053182214,1.0
0.24473603906011596,1.0
0.2447467085186154,1.0
0.24475737890744212,1.0
0.24476805022671783,1.0
0.2447787224765642,1.0
0.244789395657103,1.0
0.24480006976845595,1.0
0.2448107448107448,1.0
0.24482142078409141,1.0
0.24483209768861752,1.0
0.24484277552444503,1.0
0.24485345429169575,1.0
0.24486413399049156,1.0
0.24487481462095437,1.0
0.2448854961832061,1.0
0.2448961786773687,1.0
0.2449068621035641,1.0
0.24491754646191433,1.0
0.24492823175254133,1.0
0.2449389179755672,1.0
0.2449496051311139,1.0
0.2449602932193036,1.0
0.24497098224025832,1.0
0.2449816721941002,1.0
0.24499236308095135,1.0
0.24500305490093394,1.0
0.2450137476541701,1.0
0.24502444134078213,1.0
0.24503513596089216,1.0
0.24504583151462245,1.0
0.24505652800209524,1.0
0.24506722542343287,1.0
0.2450779237787576,1.0
0.24508862306819174,1.0
0.24509932329185768,1.0
0.24511002444987776,1.0
0.24512072654237435,1.0
0.24513142956946993,1.0
0.24514213353128683,1.0
0.2451528384279476,1.0
0.24516354425957465,1.0
0.2451742510262905,1.0
0.24518495872821766,1.0
0.24519566736547868,1.0
0.2452063769381961,1.0
0.24521708744649254,1.0
0.24522779889049054,1.0
0.24523851127031276,1.0
0.24524922458608187,1.0
0.2452599388379205,1.0
0.24527065402595133,1.0
0.2452813701502971,1.0
0.24529208721108053,1.0
0.24530280520842437,1.0
0.2453135241424514,1.0
0.2453242440132844,1.0
0.2453349648210462,1.0
0.24534568656585962,1.0
0.24535640924784755,1.0
0.24536713286713285,1.0
0.24537785742383844,1.0
0.24538858291808724,1.0
0.24539930935000218,1.0
0.24541003671970624,1.0
0.2454207650273224,1.0
0.24543149427297367,1.0
0.2454422244567831,1.0
0.24545295557887373,1.0
0.24546368763936863,1.0
0.2454744206383909,1.0
0.24548515457606368,1.0
0.24549588945251005,1.0
0.24550662526785325,1.0
0.24551736202221638,1.0
0.24552809971572273,1.0
0.24553883834849546,1.0
0.24554957792065782,1.0
0.24556031843233314,1.0
0.24557105988364464,1.0
0.24558180227471565,1.0
0.24559254560566954,1.0
0.24560328987662963,1.0
0.24561403508771928,1.0
0.24562478123906195,1.0
0.245635528330781,1.0
0.2456462763629999,1.0
0.24565702533584213,1.0
0.24566777524943112,1.0
0.24567852610389043,1.0
0.24568927789934356,1.0
0.24570003063591406,1.0
0.24571078431372548,1.0
0.24572153893290147,1.0
0.24573229449356562,1.0
0.24574305099584154,1.0
0.24575380843985292,1.0
0.24576456682572342,1.0
0.24577532615357675,1.0
0.2457860864235366,1.0
0.2457968476357268,1.0
0.24580760979027103,1.0
0.2458183728872931,1.0
0.24582913692691685,1.0
0.24583990190926608,1.0
0.24585066783446463,1.0
0.2458614347026364,1.0
0.24587220251390532,1.0
0.24588297126839523,1.0
0.24589374096623012,1.0
0.24590451160753396,1.0
0.24591528319243067,1.0
0.24592605572104434,1.0
0.24593682919349893,1.0
0.24594760360991852,1.0
0.24595837897042716,1.0
0.24596915527514895,1.0
0.24597993252420802,1.0
0.24599071071772852,1.0
0.24600148985583453,1.0
0.2460122699386503,1.0
0.2460230509663,1.0
0.24603383293890788,1.0
0.24604461585659815,1.0
0.24605539971949508,1.0
0.246066184527723,1.0
0.24607697028140615,1.0
0.24608775698066893,1.0
0.24609854462563563,1.0
0.24610933321643066,1.0
0.24612012275317843,1.0
0.24613091323600333,1.0
0.24614170466502983,1.0
0.24615249704038233,1.0
0.2461632903621854,1.0
0.24617408463056348,1.0
0.2461848798456411,1.0
0.24619567600754286,1.0
0.2462064731163933,1.0
0.246217271172317,1.0
0.2462280701754386,1.0
0.24623887012588272,1.0
0.246249671023774,1.0
0.2462604728692372,1.0
0.2462712756623969,1.0
0.24628207940337793,1.0
0.246292884092305,1.0
0.24630368972930286,1.0
0.2463144963144963,1.0
0.24632530384801019,1.0
0.2463361123299693,1.0
0.2463469217604985,1.0
0.24635773213972267,1.0
0.2463685434677667,1.0
0.24637935574475556,1.0
0.24639016897081414,1.0
0.24640098314606743,1.0
0.2464117982706404,1.0
0.24642261434465806,1.0
0.24643343136824547,1.0
0.24644424934152764,1.0
0.2464550682646297,1.0
0.2464658881376767,1.0
0.2464767089607938,1.0
0.24648753073410606,1.0
0.24649835345773874,1.0
0.246520001756466,1.0
0.246530827331811,1.0
0.24654165385797724,1.0
0.24655248133509003,1.0
0.24656330976327462,1.0
0.24657413914265636,1.0
0.24658496947336056,1.0
0.2465958007555126,1.0
0.24660663298923788,1.0
0.24661746617466174,1.0
0.2466283003119097,1.0
0.24664997144237952,1.0
0.24666080843585236,1.0
0.2466716463816512,1.0
0.24668248527990158,1.0
0.246693325130729,1.0
0.2467041659342591,1.0
0.24671500769061744,1.0
0.24672585039992967,1.0
0.24673669406232146,1.0
0.24674753867791843,1.0
0.2467583842468463,1.0
0.24676923076923077,1.0
0.2467800782451976,1.0
0.24680177605838133,1.0
0.24681262639584983,1.0
0.24682347768740381,1.0
0.2468343299331692,1.0
0.24684518313327178,1.0
0.24685603728783748,1.0
0.24686689239699222,1.0
0.2468777484608619,1.0
0.24688860547957253,1.0
0.24689946345325006,1.0
0.2469103223820205,1.0
0.24692118226600984,1.0
0.2469320431053442,1.0
0.24694290490014956,1.0
0.24695376765055205,1.0
0.24696463135667782,1.0
0.24697549601865293,1.0
0.24698636163660362,1.0
0.24699722821065598,1.0
0.2470080957409363,1.0
0.24701896422757072,1.0
0.24702983367068557,1.0
0.24704070407040704,1.0
0.24705157542686146,1.0
0.24706244774017516,1.0
0.24707332101047444,1.0
0.24708419523788566,1.0
0.2470950704225352,1.0
0.24710594656454948,1.0
0.24711682366405494,1.0
0.24712770172117798,1.0
0.24713858073604508,1.0
0.24714946070878274,1.0
0.24716034163951747,1.0
0.2471712235283758,1.0
0.24718210637548432,1.0
0.24719299018096957,1.0
0.24720387494495816,1.0
0.24721476066757672,1.0
0.24722564734895192,1.0
0.2472365349892104,1.0
0.24724742358847882,1.0
0.24725831314688396,1.0
0.2472692036645525,1.0
0.24728009514161123,1.0
0.24729098757818693,1.0
0.24730188097440642,1.0
0.24731277533039647,1.0
0.24732367064628397,1.0
0.2473345669221958,1.0
0.24735636235459993,1.0
0.2473672615113461,1.0
0.2473781616286243,1.0
0.2473890627065615,1.0
0.2473999647452847,1.0
0.24741086774492088,1.0
0.24742177170559718,1.0
0.24743267662744062,1.0
0.24744358251057827,1.0
0.2474544893551373,1.0
0.24746539716124483,1.0
0.247476305929028,1.0
0.247487215658614,1.0
0.24749812635013005,1.0
0.24750903800370339,1.0
0.24751995061946122,1.0
0.24753086419753087,1.0
0.2475417787380396,1.0
0.24755269424111473,1.0
0.24756361070688362,1.0
0.24757452813547362,1.0
0.24758544652701212,1.0
0.24759636588162653,1.0
0.24760728619944428,1.0
0.2476182074805928,1.0
0.2476291297251996,1.0
0.24764005293339214,1.0
0.247650977105298,1.0
0.24766190224104465,1.0
0.24767282834075968,1.0
0.24768375540457072,1.0
0.24769468343260534,1.0
0.24770561242499117,1.0
0.2477165423818559,1.0
0.24772747330332714,1.0
0.2477384051895327,1.0
0.24774933804060018,1.0
0.2477602718566574,1.0
0.24777120663783211,1.0
0.2477821423842521,1.0
0.2477930790960452,1.0
0.24780401677333921,1.0
0.24781495541626203,1.0
0.2478258950249415,1.0
0.24783683559950556,1.0
0.2478477771400821,1.0
0.24785871964679912,1.0
0.24786966311978453,1.0
0.24788060755916638,1.0
0.24789155296507265,1.0
0.24790249933763137,1.0
0.24791344667697063,1.0
0.2479243949832185,1.0
0.24793534425650313,1.0
0.24794629449695257,1.0
0.24795724570469502,1.0
0.24796819787985866,1.0
0.24797915102257168,1.0
0.24799010513296227,1.0
0.24800106021115872,1.0
0.24801201625728928,1.0
0.2480229732714822,1.0
0.24803393125386586,1.0
0.24804489020456855,1.0
0.24805585012371864,1.0
0.24806681101144448,1.0
0.2480777728678745,1.0
0.24808873569313714,1.0
0.2480996994873608,1.0
0.24811066425067396,1.0
0.24812162998320517,1.0
0.24813259668508286,1.0
0.24814356435643564,1.0
0.24815453299739204,1.0
0.24816550260808062,1.0
0.24817647318863004,1.0
0.24818744473916887,1.0
0.2481984172598258,1.0
0.2482093907507295,1.0
0.24823134064379201,1.0
0.24824231704620828,1.0
0.24825329441938623,1.0
0.24826427276345464,1.0
0.24827525207854237,1.0
0.2482862323647782,1.0
0.248297213622291,1.0
0.2483081958512097,1.0
0.24831917905166312,1.0
0.24833016322378024,1.0
0.24834114836769,1.0
0.24835213448352134,1.0
0.24836312157140328,1.0
0.24837410963146486,1.0
0.24838509866383507,1.0
0.248396088668643,1.0
0.2484070796460177,1.0
0.24841807159608834,1.0
0.24842906451898397,1.0
0.24844005841483383,1.0
0.24845105328376704,1.0
0.24846204912591283,1.0
0.24847304594140038,1.0
0.24848404373035896,1.0
0.24849504249291784,1.0
0.24850604222920633,1.0
0.2485170429393537,1.0
0.24852804462348932,1.0
0.24853904728174253,1.0
0.2485500509142427,1.0
0.2485610555211193,1.0
0.24857206110250166,1.0
0.2485830676585193,1.0
0.24859407518930168,1.0
0.2486050836949783,1.0
0.24861609317567868,1.0
0.24862710363153234,1.0
0.24863811506266886,1.0
0.24864912746921783,1.0
0.24866014085130886,1.0
0.24867115520907157,1.0
0.24868217054263567,1.0
0.24869318685213077,1.0
0.24870420413768662,1.0
0.24871522239943292,1.0
0.24872624163749946,1.0
0.24873726185201595,1.0
0.24874828304311222,1.0
0.2487593052109181,1.0
0.24877032835556342,1.0
0.24878135247717806,1.0
0.24879237757589187,1.0
0.2488034036518348,1.0
0.24882545873592768,1.0
0.2488364877443376,1.0
0.24884751773049646,1.0
0.24885854869453433,1.0
0.24886958063658127,1.0
0.2488806135567673,1.0
0.24889164745522255,1.0
0.24890268233207716,1.0
0.2489137181874612,1.0
0.2489247550215049,1.0
0.24893579283433842,1.0
0.24894683162609196,1.0
0.2489578713968958,1.0
0.24896891214688013,1.0
0.24897995387617528,1.0
0.24899099658491153,1.0
0.2490020402732192,1.0
0.24901308494122865,1.0
0.24902413058907027,1.0
0.24903517721687443,1.0
0.24904622482477154,1.0
0.24905727341289205,1.0
0.24906832298136647,1.0
0.24907937353032522,1.0
0.24909042505989884,1.0
0.24910147757021786,1.0
0.24911253106141285,1.0
0.24912358553361438,1.0
0.24913464098695304,1.0
0.24914569742155948,1.0
0.24915675483756436,1.0
0.24916781323509832,1.0
0.24917887261429206,1.0
0.2491899329752763,1.0
0.24920099431818182,1.0
0.24921205664313933,1.0
0.24922311995027968,1.0
0.24923418423973362,1.0
0.24924524951163204,1.0
0.24925631576610577,1.0
0.2492673830032857,1.0
0.2492784512233027,1.0
0.24928952042628774,1.0
0.24930059061237178,1.0
0.24931166178168576,1.0
0.24932273393436072,1.0
0.24933380707052763,1.0
0.24934488119031756,1.0
0.2493559562938616,1.0
0.24936703238129082,1.0
0.2493781094527363,1.0
0.24938918750832925,1.0
0.2494002665482008,1.0
0.24941134657248212,1.0
0.24942242758130442,1.0
0.24943350957479896,1.0
0.24944459255309695,1.0
0.24945567651632972,1.0
0.2494667614646285,1.0
0.2494778473981247,1.0
0.2494889343169496,1.0
0.2495000222212346,1.0
0.2495111111111111,1.0
0.24952220098671052,1.0
0.24953329184816428,1.0
0.24954438369560386,1.0
0.24955547652916074,1.0
0.24956657034896643,1.0
0.24957766515515248,1.0
0.24958876094785043,1.0
0.2495998577271919,1.0
0.24961095549330845,1.0
0.24962205424633171,1.0
0.24963315398639335,1.0
0.24964425471362506,1.0
0.2496553564281585,1.0
0.24966645913012542,1.0
0.24967756281965756,1.0
0.24968866749688667,1.0
0.24969977316194458,1.0
0.2497108798149631,1.0
0.24972198745607402,1.0
0.24973309608540925,1.0
0.24974420570310066,1.0
0.2497553163092802,1.0
0.2497664279040797,1.0
0.24977754048763126,1.0
0.24978865406006673,1.0
0.2497997686215182,1.0
0.24981088417211766,1.0
0.24982200071199714,1.0
0.24983311824128876,1.0
0.2498442367601246,1.0
0.24985535626863678,1.0
0.24986647676695745,1.0
0.24987759825521877,1.0
0.24988872073355292,1.0
0.24989984420209213,1.0
0.24991096866096865,1.0
0.24992209411031474,1.0
0.24993322055026265,1.0
0.24994434798094475,1.0
0.24995547640249333,1.0
0.24996660581504074,1.0
0.24997773621871938,1.0
0.24998886761366165,1.0
0.25,1.0
0.25001113337786685,1.0
0.25002226774739467,1.0
0.25003340310871597,1.0
0.2500445394619633,1.0
0.25005567680726914,1.0
0.25006681514476614,1.0
0.25007795447458686,1.0
0.25008909479686386,1.0
0.2501002361117299,1.0
0.25011137841931746,1.0
0.2501225217197594,1.0
0.25013366601318837,1.0
0.2501448112997371,1.0
0.25015595757953835,1.0
0.2501671048527249,1.0
0.2501782531194296,1.0
0.2501894023797852,1.0
0.2502005526339246,1.0
0.25021170388198066,1.0
0.2502228561240863,1.0
0.25023400936037443,1.0
0.250245163590978,1.0
0.25025631881602994,1.0
0.2502674750356633,1.0
0.2502786322500111,1.0
0.2502897904592064,1.0
0.25030094966338223,1.0
0.25031210986267166,1.0
0.2503232710572078,1.0
0.2503344332471239,1.0
0.25034559643255294,1.0
0.25035676061362827,1.0
0.250367925790483,1.0
0.25037909196325037,1.0
0.2503902591320637,1.0
0.2504125964583612,1.0
0.25042376661611204,1.0
0.25043493777044207,1.0
0.25044610992148464,1.0
0.2504572830693732,1.0
0.2504684572142411,1.0
0.25047963235622184,1.0
0.25049080849544886,1.0
0.25050198563205567,1.0
0.25051316376617583,1.0
0.2505243428979428,1.0
0.25053552302749016,1.0
0.25054670415495156,1.0
0.2505578862804606,1.0
0.25056906940415086,1.0
0.25058025352615604,1.0
0.2505914386466098,1.0
0.25060262476564593,1.0
0.25061381188339804,1.0
0.250625,1.0
0.2506361891155855,1.0
0.2506473792302884,1.0
0.25065857034424255,1.0
0.2506697624575817,1.0
0.25068095557043985,1.0
0.2506921496829508,1.0
0.25070334479524853,1.0
0.250714540907467,1.0
0.2507257380197401,1.0
0.2507369361322019,1.0
0.2507481352449864,1.0
0.25075933535822764,1.0
0.25077053647205966,1.0
0.2507817385866166,1.0
0.2507929417020326,1.0
0.25080414581844174,1.0
0.2508153509359782,1.0
0.25082655705477613,1.0
0.25083776417496984,1.0
0.25084897229669345,1.0
0.2508601814200813,1.0
0.25087139154526766,1.0
0.2508826026723868,1.0
0.25089381480157313,1.0
0.2509050279329609,1.0
0.25091624206668456,1.0
0.25092745720287846,1.0
0.2509386733416771,1.0
0.25094989048321487,1.0
0.2509611086276263,1.0
0.2509723277750458,1.0
0.250983547925608,1.0
0.2509947690794474,1.0
0.25100599123669853,1.0
0.2510172143974961,1.0
0.2510284385619746,1.0
0.25103966373026876,1.0
0.2510508899025132,1.0
0.25106211707884263,1.0
0.2510733452593918,1.0
0.2510845744442954,1.0
0.2510958046336882,1.0
0.251107035827705,1.0
0.2511182680264806,1.0
0.2511295012301499,1.0
0.25114073543884763,1.0
0.25115197065270883,1.0
0.25116320687186827,1.0
0.251174444096461,1.0
0.2511856823266219,1.0
0.251196921562486,1.0
0.2512081618041883,1.0
0.2512194030518638,1.0
0.25123064530564754,1.0
0.25124188856567464,1.0
0.25125313283208023,1.0
0.25126437810499935,1.0
0.2512756243845672,1.0
0.25128687167091895,1.0
0.25129811996418977,1.0
0.25130936926451497,1.0
0.2513206195720297,1.0
0.2513318708868693,1.0
0.2513431232091691,1.0
0.25135437653906423,1.0
0.2513656308766902,1.0
0.2513768862221824,1.0
0.25138814257567615,1.0
0.25139939993730687,1.0
0.25141065830721004,1.0
0.2514219176855211,1.0
0.2514331780723755,1.0
0.2514444394679088,1.0
0.2514557018722566,1.0
0.2514669652855543,1.0
0.25147822970793765,1.0
0.25148949513954216,1.0
0.25150076158050355,1.0
0.2515120290309574,1.0
0.2515232974910394,1.0
0.25153456696088533,1.0
0.25154583744063086,1.0
0.2515571089304118,1.0
0.25156838143036386,1.0
0.2515796549406229,1.0
0.2515909294613247,1.0
0.2516022049926052,1.0
0.2516134815346002,1.0
0.25162475908744564,1.0
0.25163603765127746,1.0
0.25164731722623157,1.0
0.251658597812444,1.0
0.25166987941005065,1.0
0.25168116201918767,1.0
0.25169244563999105,1.0
0.25170373027259685,1.0
0.2517150159171412,1.0
0.2517263025737602,1.0
0.25173759024259,1.0
0.2517488789237668,1.0
0.2517601686174268,1.0
0.25177145932370615,1.0
0.25178275104274117,1.0
0.2517940437746681,1.0
0.25180533751962325,1.0
0.25181663227774287,1.0
0.25182792804916343,1.0
0.25183922483402116,1.0
0.25185052263245256,1.0
0.251861821444594,1.0
0.2518731212705819,1.0
0.2518844221105528,1.0
0.25189572396464305,1.0
0.2519070268329893,1.0
0.25191833071572806,1.0
0.25192963561299586,1.0
0.2519409415249293,1.0
0.25195224845166503,1.0
0.2519635563933396,1.0
0.2519748653500898,1.0
0.25198617532205214,1.0
0.25199748630936347,1.0
0.2520087983121605,1.0
0.25202011133058,1.0
0.2520314253647587,1.0
0.25204274041483343,1.0
0.25205405648094104,1.0
0.2520653735632184,1.0
0.25207669166180235,1.0
0.2520880107768298,1.0
0.2520993309084377,1.0
0.2521106520567631,1.0
0.25212197422194277,1.0
0.2521332974041139,1.0
0.25214462160341344,1.0
0.25215594681997844,1.0
0.252167273053946,1.0
0.25217860030545325,1.0
0.25218992857463723,1.0
0.2522012578616352,1.0
0.2522125881665843,1.0
0.2522239194896217,1.0
0.2522352518308847,1.0
0.2522465851905104,1.0
0.25225791956863625,1.0
0.2522692549653995,1.0
0.2522805913809374,1.0
0.25229192881538737,1.0
0.2523032672688868,1.0
0.252314606741573,1.0
0.25232594723358354,1.0
0.25233728874505573,1.0
0.2523486312761271,1.0
0.2523599748269352,1.0
0.2523713193976174,1.0
0.25238266498831147,1.0
0.2523940115991548,1.0
0.25240535923028506,1.0
0.25241670788183984,1.0
0.2524280575539568,1.0
0.2524394082467737,1.0
0.2524507599604281,1.0
0.2524621126950578,1.0
0.2524734664508005,1.0
0.25248482122779403,1.0
0.2524961770261761,1.0
0.25250753384608465,1.0
0.25251889168765745,1.0
0.25253025055103234,1.0
0.25254161043634726,1.0
0.25255297134374016,1.0
0.25256433327334893,1.0
0.25257569622531156,1.0
0.25258706019976607,1.0
0.2525984251968504,1.0
0.2526097912167027,1.0
0.2526211582594609,1.0
0.25263252632526323,1.0
0.2526438954142478,1.0
0.25265526552655265,1.0
0.25266663666231604,1.0
0.2526780088216761,1.0
0.25268938200477115,1.0
0.25270075621173926,1.0
0.25271213144271887,1.0
0.2527235076978482,1.0
0.25273488497726554,1.0
0.25274626328110933,1.0
0.25275764260951783,1.0
0.25276902296262943,1.0
0.25278040434058263,1.0
0.2527917867435158,1.0
0.2528031701715675,1.0
0.2528145546248762,1.0
0.2528259401035803,1.0
0.25283732660781844,1.0
0.25284871413772914,1.0
0.25286010269345105,1.0
0.25287149227512273,1.0
0.2528828828828829,1.0
0.25289427451687013,1.0
0.2529056671772232,1.0
0.2529170608640807,1.0
0.25292845557758153,1.0
0.2529398513178644,1.0
0.252951248085068,1.0
0.2529626458793313,1.0
0.2529740447007931,1.0
0.25298544454959215,1.0
0.25299684542586753,1.0
0.25300824732975796,1.0
0.25301965026140255,1.0
0.2530310542209402,1.0
0.2530424592085099,1.0
0.2530538652242506,1.0
0.2530652722683015,1.0
0.2530766803408015,1.0
0.2530880894418898,1.0
0.2530994995717055,1.0
0.2531109107303877,1.0
0.2531223229180757,1.0
0.25313373613490847,1.0
0.25314515038102536,1.0
0.25315656565656564,1.0
0.25316798196166856,1.0
0.2531793992964734,1.0
0.2531908176611194,1.0
0.25320223705574596,1.0
0.2532136574804925,1.0
0.25322507893549845,1.0
0.25323650142090304,1.0
0.2532479249368459,1.0
0.2532593494834664,1.0
0.25327077506090406,1.0
0.25328220166929843,1.0
0.253293629308789,1.0
0.2533050579795154,1.0
0.2533164876816172,1.0
0.25332791841523394,1.0
0.2533393501805054,1.0
0.2533507829775712,1.0
0.253362216806571,1.0
0.25337365166764453,1.0
0.2533850875609316,1.0
0.2533965244865719,1.0
0.25340796244470526,1.0
0.2534194014354715,1.0
0.25343084145901046,1.0
0.2534422825154621,1.0
0.2534537246049661,1.0
0.25346516772766264,1.0
0.2534766118836915,1.0
0.2534880570731928,1.0
0.2534995032963063,1.0
0.2535109505531723,1.0
0.25352239884393063,1.0
0.2535338481687215,1.0
0.2535452985276849,1.0
0.2535567499209611,1.0
0.25356820234869015,1.0
0.2535796558110122,1.0
0.2535911103080676,1.0
0.2536025658399964,1.0
0.2536140224069389,1.0
0.25363693864642634,1.0
0.2536483983192518,1.0
0.25365985902765226,1.0
0.2536713207717681,1.0
0.25368278355173973,1.0
0.2536942473677075,1.0
0.25370571221981203,1.0
0.2537171781081936,1.0
0.25372864503299286,1.0
0.2537401129943503,1.0
0.25375158199240644,1.0
0.2537745230991773,1.0
0.25378599520817324,1.0
0.2537974683544304,1.0
0.25380894253808944,1.0
0.2538204177592911,1.0
0.2538318940181761,1.0
0.25384337131488516,1.0
0.2538548496495591,1.0
0.2538663290223388,1.0
0.25387780943336496,1.0
0.25388929088277856,1.0
0.2539007733707205,1.0
0.25391225689733155,1.0
0.2539237414627527,1.0
0.253935227067125,1.0
0.2539467137105894,1.0
0.2539582013932869,1.0
0.2539696901153585,1.0
0.25398117987694535,1.0
0.2539926706781885,1.0
0.254004162519229,1.0
0.25401565540020815,1.0
0.25402714932126697,1.0
0.25403864428254674,1.0
0.2540501402841886,1.0
0.2540616373263339,1.0
0.2540731354091238,1.0
0.2540846345326997,1.0
0.2540961346972029,1.0
0.25410763590277463,1.0
0.2541191381495564,1.0
0.25413064143768954,1.0
0.25414214576731553,1.0
0.25415365113857574,1.0
0.25416515755161173,1.0
0.25417666500656494,1.0
0.2541881735035769,1.0
0.2541996830427892,1.0
0.2542111936243434,1.0
0.2542227052483811,1.0
0.2542342179150439,1.0
0.2542457316244735,1.0
0.2542572463768116,1.0
0.25426876217219985,1.0
0.25428027901078,1.0
0.25429179689269377,1.0
0.25430331581808296,1.0
0.25431483578708947,1.0
0.25432635679985505,1.0
0.25433787885652154,1.0
0.2543494019572309,1.0
0.25436092610212496,1.0
0.2543724512913457,1.0
0.2543839775250351,1.0
0.25439550480333517,1.0
0.2544070331263878,1.0
0.2544185624943352,1.0
0.25443009290731927,1.0
0.25444162436548223,1.0
0.25445315686896613,1.0
0.25446469041791314,1.0
0.2544762250124654,1.0
0.2544877606527652,1.0
0.2544992973389546,1.0
0.254510835071176,1.0
0.25452237384957155,1.0
0.25453391367428363,1.0
0.2545454545454545,1.0
0.2545569964632266,1.0
0.25456853942774227,1.0
0.25458008343914384,1.0
0.25459162849757383,1.0
0.2546031746031746,1.0
0.25461472175608874,1.0
0.25462626995645865,1.0
0.2546378192044269,1.0
0.25464936950013606,1.0
0.2546609208437287,1.0
0.2546724732353475,1.0
0.25468402667513496,1.0
0.2546955811632338,1.0
0.2547071366997868,1.0
0.25471869328493646,1.0
0.25473025091882573,1.0
0.25474180960159726,1.0
0.2547533693333938,1.0
0.2547649301143583,1.0
0.25477649194463353,1.0
0.25478805482436234,1.0
0.2547996187536877,1.0
0.25481118373275236,1.0
0.25482274976169944,1.0
0.2548343168406718,1.0
0.25484588496981253,1.0
0.2548574541492646,1.0
0.254869024379171,1.0
0.2548805956596749,1.0
0.2548921679909194,1.0
0.2549037413730476,1.0
0.2549153158062026,1.0
0.25492689129052765,1.0
0.2549384678261659,1.0
0.25495004541326066,1.0
0.2549616240519551,1.0
0.2549732037423926,1.0
0.25498478448471634,1.0
0.25499636627906974,1.0
0.2550079491255962,1.0
0.25501953302443897,1.0
0.25503111797574163,1.0
0.25504270397964746,1.0
0.2550542910363,1.0
0.2550658791458428,1.0
0.25507746830841926,1.0
0.255089058524173,1.0
0.2551006497932476,1.0
0.2551122421157866,1.0
0.2551238354919336,1.0
0.2551354299218324,1.0
0.2551470254056265,1.0
0.2551586219434597,1.0
0.25517021953547564,1.0
0.2551818181818182,1.0
0.255193417882631,1.0
0.255205018638058,1.0
0.25521662044824295,1.0
0.25522822331332967,1.0
0.25523982723346217,1.0
0.2552514322087842,1.0
0.2552630382394398,1.0
0.2552746453255729,1.0
0.25528625346732753,1.0
0.25529786266484766,1.0
0.2553094729182773,1.0
0.2553210842277606,1.0
0.2553326965934416,1.0
0.25534431001546437,1.0
0.25535592449397315,1.0
0.2553675400291121,1.0
0.25537915662102534,1.0
0.2553907742698572,1.0
0.2554023929757518,1.0
0.2554140127388535,1.0
0.2554256335593066,1.0
0.25543725543725543,1.0
0.25544887837284436,1.0
0.2554605023662177,1.0
0.2554721274175199,1.0
0.2554837535268954,1.0
0.2554953806944887,1.0
0.2555070089204442,1.0
0.25551863820490645,1.0
0.25553026854802,1.0
0.25554189994992943,1.0
0.2555535324107793,1.0
0.25556516593071427,1.0
0.2555768005098789,1.0
0.2555884361484179,1.0
0.25560007284647607,1.0
0.25561171060419796,1.0
0.25562334942172843,1.0
0.25563498929921225,1.0
0.2556466302367942,1.0
0.25565827223461907,1.0
0.2556699152928318,1.0
0.25568155941157716,1.0
0.2556932045910002,1.0
0.2557048508312457,1.0
0.2557164981324588,1.0
0.2557281464947843,1.0
0.2557397959183674,1.0
0.2557514464033529,1.0
0.2557630979498861,1.0
0.255774750558112,1.0
0.25578640422817567,1.0
0.25579805896022234,1.0
0.2558097147543972,1.0
0.2558213716108453,1.0
0.255833029529712,1.0
0.2558446885111425,1.0
0.2558563485552821,1.0
0.25586800966227613,1.0
0.25587967183226984,1.0
0.2558913350654086,1.0
0.2559029993618379,1.0
0.25591466472170304,1.0
0.2559263311451495,1.0
0.25593799863232275,1.0
0.2559496671833683,1.0
0.2559613367984316,1.0
0.2559730074776582,1.0
0.2559846792211937,1.0
0.25599635202918375,1.0
0.2560080259017739,1.0
0.2560197008391098,1.0
0.25603137684133714,1.0
0.25604305390860166,1.0
0.256054732041049,1.0
0.256066411238825,1.0
0.25607809150207544,1.0
0.2560897728309461,1.0
0.25610145522558275,1.0
0.2561131386861314,1.0
0.25612482321273783,1.0
0.25613650880554795,1.0
0.25614819546470774,1.0
0.2561598831903632,1.0
0.2561715719826603,1.0
0.256183261841745,1.0
0.25619495276776344,1.0
0.25620664476086163,1.0
0.2562183378211857,1.0
0.2562300319488818,1.0
0.25624172714409604,1.0
0.2562534234069746,1.0
0.2562651207376638,1.0
0.2562768191363097,1.0
0.2562885186030587,1.0
0.25630021913805695,1.0
0.2563119207414509,1.0
0.2563236234133869,1.0
0.25633532715401125,1.0
0.2563470319634703,1.0
0.2563587378419106,1.0
0.2563704447894785,1.0
0.2563821528063205,1.0
0.2563938618925831,1.0
0.25640557204841286,1.0
0.25641728327395635,1.0
0.25642899556936005,1.0
0.25644070893477067,1.0
0.25645242337033486,1.0
0.2564641388761992,1.0
0.2564758554525104,1.0
0.2564875730994152,1.0
0.2564992918170604,1.0
0.25651101160559264,1.0
0.2565227324651588,1.0
0.25653445439590566,1.0
0.2565461773979802,1.0
0.2565579014715291,1.0
0.2565696266166994,1.0
0.25658135283363803,1.0
0.2565930801224919,1.0
0.256604808483408,1.0
0.2566165379165333,1.0
0.25662826842201497,1.0
0.25664,1.0
0.25665173265063546,1.0
0.2566634663740685,1.0
0.25667520117044623,1.0
0.25668693703991585,1.0
0.2566986739826246,1.0
0.25671041199871963,1.0
0.2567221510883483,1.0
0.25673389125165774,1.0
0.2567456324887954,1.0
0.2567573747999085,1.0
0.25676911818514453,1.0
0.2567808626446508,1.0
0.2567926081785747,1.0
0.2568043547870637,1.0
0.2568161024702653,1.0
0.256827851228327,1.0
0.2568396010613963,1.0
0.2568513519696207,1.0
0.2568631039531479,1.0
0.25687485701212537,1.0
0.2568866111467008,1.0
0.2568983663570219,1.0
0.2569101226432363,1.0
0.25692188000549177,1.0
0.2569336384439359,1.0
0.2569453979587166,1.0
0.2569571585499817,1.0
0.25696892021787887,1.0
0.25698068296255605,1.0
0.2569924467841611,1.0
0.257004211682842,1.0
0.2570159776587465,1.0
0.2570277447120227,1.0
0.25703951284281856,1.0
0.257051282051282,1.0
0.25706305233756127,1.0
0.2570748237018042,1.0
0.257086596144159,1.0
0.2570983696647738,1.0
0.25711014426379664,1.0
0.25712191994137584,1.0
0.2571336966976595,1.0
0.2571454745327959,1.0
0.25715725344693324,1.0
0.2571690334402199,1.0
0.25718081451280406,1.0
0.2571925966648342,1.0
0.2572043798964585,1.0
0.2572161642078255,1.0
0.2572279495990836,1.0
0.25723973607038125,1.0
0.2572515236218668,1.0
0.2572633122536889,1.0
0.25727510196599607,1.0
0.25728689275893674,1.0
0.2572986846326596,1.0
0.25731047758731324,1.0
0.2573222716230463,1.0
0.25733406674000736,1.0
0.25734586293834516,1.0
0.2573576602182085,1.0
0.257369458579746,1.0
0.2573812580231066,1.0
0.25739305854843886,1.0
0.2574048601558918,1.0
0.2574166628456142,1.0
0.2574284666177549,1.0
0.25744027147246296,1.0
0.2574520774098872,1.0
0.2574638844301766,1.0
0.25747569253348007,1.0
0.2574875017199468,1.0
0.2574993119897257,1.0
0.25751112334296594,1.0
0.2575229357798165,1.0
0.2574548123681072,0.9996437477734236
0.25746662384731844,0.9996437477734236
0.2574784364103505,0.9996437477734236
0.2574902500573526,0.9996437477734236
0.2575020647884739,0.9996437477734236
0.2575138806038636,0.9996437477734236
0.25752569750367105,0.9996437477734236
0.25753751548804554,0.9996437477734236
0.2575493345571363,0.9996437477734236
0.25756115471109275,0.9996437477734236
0.25757297595006423,0.9996437477734236
0.2575847982742002,0.9996437477734236
0.25759662168365005,0.9996437477734236
0.2576084461785632,0.9996437477734236
0.25762027175908925,0.9996437477734236
0.2576320984253776,0.9996437477734236
0.2576439261775778,0.9996437477734236
0.2576557550158395,0.9996437477734236
0.2576675849403122,0.9996437477734236
0.2576794159511456,0.9996437477734236
0.2576912480484893,0.9996437477734236
0.25770308123249297,0.9996437477734236
0.2577149155033064,0.9996437477734236
0.2577267508610792,0.9996437477734236
0.2577385873059612,0.9996437477734236
0.25775042483810223,0.9996437477734236
0.257762263457652,0.9996437477734236
0.25777410316476046,0.9996437477734236
0.2577859439595774,0.9996437477734236
0.25779778584225277,0.9996437477734236
0.2578096288129364,0.9996437477734236
0.25782147287177837,0.9996437477734236
0.2578333180189286,0.9996437477734236
0.2578451642545371,0.9996437477734236
0.2578570115787539,0.9996437477734236
0.2578688599917291,0.9996437477734236
0.2578807094936127,0.9996437477734236
0.2578925600845549,0.9996437477734236
0.2579044117647059,0.9996437477734236
0.25791626453421573,0.9996437477734236
0.25792811839323465,0.9996437477734236
0.25793997334191293,0.9996437477734236
0.2579518293804008,0.9996437477734236
0.25796368650884854,0.9996437477734236
0.25797554472740647,0.9996437477734236
0.2579874040362249,0.9996437477734236
0.25799926443545423,0.9996437477734236
0.25801112592524483,0.9996437477734236
0.2580229885057471,0.9996437477734236
0.2580348521771116,0.9996437477734236
0.25804671693948866,0.9996437477734236
0.2580585827930289,0.9996437477734236
0.25807044973788285,0.9996437477734236
0.258082317774201,0.9996437477734236
0.2580941869021339,0.9996437477734236
0.2581060571218323,0.9996437477734236
0.2581179284334468,0.9996437477734236
0.258129800837128,0.9996437477734236
0.2581416743330267,0.9996437477734236
0.25815354892129355,0.9996437477734236
0.2581654246020793,0.9996437477734236
0.2581773013755348,0.9996437477734236
0.25818917924181084,0.9996437477734236
0.2582010582010582,0.9996437477734236
0.2582129382534278,0.9996437477734236
0.25822481939907055,0.9996437477734236
0.25823670163813733,0.9996437477734236
0.25824858497077907,0.9996437477734236
0.2582604693971468,0.9996437477734236
0.2582723549173915,0.9996437477734236
0.25828424153166424,0.9996437477734236
0.25829612924011597,0.9996437477734236
0.25830801804289794,0.9996437477734236
0.25831990794016113,0.9996437477734236
0.2583317989320567,0.9996437477734236
0.2583436910187359,0.9996437477734236
0.2583555842003499,0.9996437477734236
0.2583674784770499,0.9996437477734236
0.2583793738489871,0.9996437477734236
0.2583912703163129,0.9996437477734236
0.25840316787917855,0.9996437477734236
0.25841506653773544,0.9996437477734236
0.25842696629213485,0.9996437477734236
0.25845076908906695,0.9996437477734236
0.25846267213190255,0.9996437477734236
0.2584745762711864,0.9996437477734236
0.2584983878397052,0.9996437477734236
0.2585102952692432,0.9996437477734236
0.2585222037958356,0.9996437477734236
0.2585341134196342,0.9996437477734236
0.2585460241407906,0.9996437477734236
0.25855793595945636,0.9996437477734236
0.25856984887578327,0.9996437477734236
0.2585817628899231,0.9996437477734236
0.2585936780020275,0.9996437477734236
0.25860559421224827,0.9996437477734236
0.2586175115207373,0.9996437477734236
0.2586294299276464,0.9996437477734236
0.2586413494331275,0.9996437477734236
0.25865327003733235,0.9996437477734236
0.25866519174041297,0.9996437477734236
0.2586771145425213,0.9996437477734236
0.25868903844380936,0.9996437477734236
0.25870096344442906,0.9996437477734236
0.25871288954453253,0.9996437477734236
0.25872481674427183,0.9996437477734236
0.258736745043799,0.9996437477734236
0.25874867444326616,0.9996437477734236
0.25876060494282555,0.9996437477734236
0.2587725365426292,0.9996437477734236
0.2587844692428295,0.9996437477734236
0.25879640304357854,0.9996437477734236
0.2588083379450286,0.9996437477734236
0.25882027394733204,0.9996437477734236
0.2588322110506411,0.9996437477734236
0.2588441492551082,0.9996437477734236
0.2588560885608856,0.9996437477734236
0.25886802896812583,0.9996437477734236
0.25887997047698125,0.9996437477734236
0.2588919130876044,0.9996437477734236
0.2589038568001476,0.9996437477734236
0.2589158016147636,0.9996437477734236
0.2589277475316047,0.9996437477734236
0.2589396945508236,0.9996437477734236
0.2589516426725729,0.9996437477734236
0.25896359189700524,0.9996437477734236
0.2589755422242732,0.9996437477734236
0.2589874936545295,0.9996437477734236
0.2589994461879269,0.9996437477734236
0.25901139982461807,0.9996437477734236
0.25902335456475584,0.9996437477734236
0.259035310408493,0.9996437477734236
0.25904726735598227,0.9996437477734236
0.25905922540737664,0.9996437477734236
0.2590711845628289,0.9996437477734236
0.25908314482249206,0.9996437477734236
0.25909510618651893,0.9996437477734236
0.25910706865506256,0.9996437477734236
0.2591190322282759,0.9996437477734236
0.25913099690631203,0.9996437477734236
0.25914296268932396,0.9996437477734236
0.2591549295774648,0.9996437477734236
0.2591668975708876,0.9996437477734236
0.25917886666974554,0.9996437477734236
0.25919083687419175,0.9996437477734236
0.25920280818437946,0.9996437477734236
0.2592147806004619,0.9996437477734236
0.2592267541225923,0.9996437477734236
0.25923872875092385,0.9996437477734236
0.25925070448561,0.9996437477734236
0.259262681326804,0.9996437477734236
0.25927465927465926,0.9996437477734236
0.25928663832932913,0.9996437477734236
0.2592986184909671,0.9996437477734236
0.2593105997597265,0.9996437477734236
0.2593225821357608,0.9996437477734236
0.25933456561922363,0.9996437477734236
0.2593465502102685,0.9996437477734236
0.2593585359090489,0.9996437477734236
0.2593705227157184,0.9996437477734236
0.2593825106304308,0.9996437477734236
0.2593944996533395,0.9996437477734236
0.2594064897845983,0.9996437477734236
0.25941848102436094,0.9996437477734236
0.2594304733727811,0.9996437477734236
0.2594424668300125,0.9996437477734236
0.259454461396209,0.9996437477734236
0.2594664570715243,0.9996437477734236
0.25947845385611246,0.9996437477734236
0.25949045175012714,0.9996437477734236
0.25950245075372236,0.9996437477734236
0.25951445086705205,0.9996437477734236
0.2595264520902701,0.9996437477734236
0.2595384544235305,0.9996437477734236
0.2595504578669873,0.9996437477734236
0.2595624624207946,0.9996437477734236
0.25957446808510637,0.9996437477734236
0.2595864748600768,0.9996437477734236
0.25959848274585995,0.9996437477734236
0.25961049174261,0.9996437477734236
0.25962250185048114,0.9996437477734236
0.2596345130696276,0.9996437477734236
0.25964652540020355,0.9996437477734236
0.2596585388423634,0.9996437477734236
0.2596705533962613,0.9996437477734236
0.2596825690620517,0.9996437477734236
0.2596945858398889,0.9996437477734236
0.2597066037299273,0.9996437477734236
0.2597186227323214,0.9996437477734236
0.2597306428472254,0.9996437477734236
0.259742664074794,0.9996437477734236
0.2597546864151817,0.9996437477734236
0.2597667098685429,0.9996437477734236
0.2597787344350322,0.9996437477734236
0.2597907601148042,0.9996437477734236
0.2598027869080135,0.9996437477734236
0.25981481481481483,0.9996437477734236
0.25982684383536275,0.9996437477734236
0.25983887396981203,0.9996437477734236
0.2598509052183174,0.9996437477734236
0.2598629375810335,0.9996437477734236
0.2598749710581153,0.9996437477734236
0.2598870056497175,0.9996437477734236
0.259899041355995,0.9996437477734236
0.25991107817710263,0.9996437477734236
0.2599231161131953,0.9996437477734236
0.259935155164428,0.9996437477734236
0.25994719533095556,0.9996437477734236
0.25995923661293313,0.9996437477734236
0.2599712790105156,0.9996437477734236
0.25998332252385803,0.9996437477734236
0.2599953671531156,0.9996437477734236
0.2600074128984433,0.9996437477734236
0.2600194597599963,0.9996437477734236
0.26003150773792977,0.9996437477734236
0.2600435568323989,0.9996437477734236
0.26005560704355885,0.9996437477734236
0.2600676583715649,0.9996437477734236
0.26007971081657244,0.9996437477734236
0.2600917643787366,0.9996437477734236
0.2601158748551564,0.9996437477734236
0.2601279317697228,0.9996437477734236
0.2601399898020674,0.9996437477734236
0.2601520489523456,0.9996437477734236
0.260164109220713,0.9996437477734236
0.260176170607325,0.9996437477734236
0.26018823311233713,0.9996437477734236
0.26020029673590506,0.9996437477734236
0.2602123614781843,0.9996437477734236
0.26022442733933043,0.9996437477734236
0.2602364943194992,0.9996437477734236
0.26024856241884625,0.9996437477734236
0.2602606316375273,0.9996437477734236
0.26027270197569796,0.9996437477734236
0.2602847734335142,0.9996437477734236
0.26029684601113173,0.9996437477734236
0.26030891970870634,0.9996437477734236
0.2603209945263939,0.9996437477734236
0.26033307046435034,0.9996437477734236
0.26034514752273147,0.9996437477734236
0.26035722570169334,0.9996437477734236
0.2603693050013918,0.9996437477734236
0.260381385421983,0.9996437477734236
0.26039346696362287,0.9996437477734236
0.26040554962646745,0.9996437477734236
0.26041763341067287,0.9996437477734236
0.2604297183163952,0.9996437477734236
0.2604418043437906,0.9996437477734236
0.2604538914930153,0.9996437477734236
0.26047806915757715,0.9996437477734236
0.26049015967322686,0.9996437477734236
0.2605022513113308,0.9996437477734236
0.2605143440720453,0.9996437477734236
0.26052643795552666,0.9996437477734236
0.2605385329619313,0.9996437477734236
0.2605506290914156,0.9996437477734236
0.26056272634413596,0.9996437477734236
0.2605748247202489,0.9996437477734236
0.26058692421991086,0.9996437477734236
0.2605990248432784,0.9996437477734236
0.26061112659050806,0.9996437477734236
0.26062322946175637,0.9996437477734236
0.26063533345718,0.9996437477734236
0.26064743857693556,0.9996437477734236
0.26065954482117976,0.9996437477734236
0.2606716521900692,0.9996437477734236
0.2606837606837607,0.9996437477734236
0.2606958703024109,0.9996437477734236
0.2607079810461767,0.9996437477734236
0.26072009291521486,0.9996437477734236
0.2607322059096822,0.9996437477734236
0.26074432002973563,0.9996437477734236
0.260756435275532,0.9996437477734236
0.2607685516472283,0.9996437477734236
0.26078066914498144,0.9996437477734236
0.2607927877689484,0.9996437477734236
0.2608049075192862,0.9996437477734236
0.2608170283961519,0.9996437477734236
0.26082915039970256,0.9996437477734236
0.2608412735300953,0.9996437477734236
0.26085339778748723,0.9996437477734236
0.26086552317203554,0.9996437477734236
0.2608776496838974,0.9996437477734236
0.26088977732323,0.9996437477734236
0.2609019060901906,0.9996437477734236
0.26091403598493657,0.9996437477734236
0.26092616700762505,0.9996437477734236
0.26093829915841354,0.9996437477734236
0.2609504324374593,0.9996437477734236
0.2609625668449198,0.9996437477734236
0.2609747023809524,0.9996437477734236
0.26098683904571457,0.9996437477734236
0.2609989768393638,0.9996437477734236
0.2610111157620576,0.9996437477734236
0.26102325581395347,0.9996437477734236
0.26103539699520906,0.9996437477734236
0.26104753930598196,0.9996437477734236
0.2610596827464297,0.9996437477734236
0.2610718273167101,0.9996437477734236
0.2610839730169807,0.9996437477734236
0.2610961198473993,0.9996437477734236
0.2611082678081236,0.9996437477734236
0.26112041689931137,0.9996437477734236
0.2611325671211205,0.9996437477734236
0.2611447184737087,0.9996437477734236
0.26115687095723394,0.9996437477734236
0.26116902457185404,0.9996437477734236
0.261181179317727,0.9996437477734236
0.2611933351950107,0.9996437477734236
0.2612054922038632,0.9996437477734236
0.2612176503444424,0.9996437477734236
0.2612298096169064,0.9996437477734236
0.26124197002141325,0.9996437477734236
0.2612541315581211,0.9996437477734236
0.26126629422718806,0.9996437477734236
0.2612784580287723,0.9996437477734236
0.26129062296303196,0.9996437477734236
0.26130278903012527,0.9996437477734236
0.26131495623021045,0.9996437477734236
0.26132712456344587,0.9996437477734236
0.26133929402998973,0.9996437477734236
0.2613514646300005,0.9996437477734236
0.26136363636363635,0.9996437477734236
0.26137580923105586,0.9996437477734236
0.26138798323241735,0.9996437477734236
0.2614001583678793,0.9996437477734236
0.26141233463760016,0.9996437477734236
0.2614245120417385,0.9996437477734236
0.2614366905804528,0.9996437477734236
0.2614488702539017,0.9996437477734236
0.26146105106224377,0.9996437477734236
0.26147323300563763,0.9996437477734236
0.2614854160842419,0.9996437477734236
0.2614976002982154,0.9996437477734236
0.2615097856477167,0.9996437477734236
0.2615219721329046,0.9996437477734236
0.2615341597539379,0.9996437477734236
0.2615463485109754,0.9996437477734236
0.261558538404176,0.9996437477734236
0.2615707294336984,0.9996437477734236
0.2615829215997017,0.9996437477734236
0.26159511490234466,0.9996437477734236
0.26160730934178633,0.9996437477734236
0.26161950491818564,0.9996437477734236
0.26163170163170163,0.9996437477734236
0.26164389948249334,0.9996437477734236
0.26165609847071986,0.9996437477734236
0.2616682985965403,0.9996437477734236
0.26168049986011377,0.9996437477734236
0.26169270226159946,0.9996437477734236
0.2617049058011565,0.9996437477734236
0.2617171104789442,0.9996437477734236
0.26172931629512175,0.9996437477734236
0.2617415232498484,0.9996437477734236
0.26175373134328356,0.9996437477734236
0.26176594057558655,0.9996437477734236
0.2617781509469167,0.9996437477734236
0.2617903624574334,0.9996437477734236
0.26180257510729615,0.9996437477734236
0.2618147888966643,0.9996437477734236
0.2618270038256975,0.9996437477734236
0.2618392198945551,0.9996437477734236
0.2618514371033968,0.9996437477734236
0.26186365545238205,0.9996437477734236
0.26187587494167053,0.9996437477734236
0.2618880955714219,0.9996437477734236
0.2619003173417958,0.9996437477734236
0.2619125402529519,0.9996437477734236
0.26192476430504996,0.9996437477734236
0.26193698949824973,0.9996437477734236
0.26194921583271097,0.9996437477734236
0.26196144330859356,0.9996437477734236
0.2619736719260573,0.9996437477734236
0.26198590168526215,0.9996437477734236
0.2619981325863679,0.9996437477734236
0.26201036462953453,0.9996437477734236
0.26202259781492204,0.9996437477734236
0.2620348321426904,0.9996437477734236
0.2620470676129996,0.9996437477734236
0.2620593042260098,0.9996437477734236
0.26207154198188104,0.9996437477734236
0.2620837808807734,0.9996437477734236
0.262096020922847,0.9996437477734236
0.2621082621082621,0.9996437477734236
0.2621327479097576,0.9996437477734236
0.26214499252615847,0.9996437477734236
0.2621572382865418,0.9996437477734236
0.2621694851910679,0.9996437477734236
0.26218173323989724,0.9996437477734236
0.26219398243319003,0.9996437477734236
0.26220623277110683,0.9996437477734236
0.26221848425380806,0.9996437477734236
0.26223073688145415,0.9996437477734236
0.2622429906542056,0.9996437477734236
0.262255245572223,0.9996437477734236
0.26226750163566687,0.9996437477734236
0.26227975884469784,0.9996437477734236
0.26229201719947653,0.9996437477734236
0.2623165373469197,0.9996437477734236
0.2623287991399056,0.9996437477734236
0.262341062079282,0.9996437477734236
0.2623533261652097,0.9996437477734236
0.2623655913978495,0.9996437477734236
0.2623778577773622,0.9996437477734236
0.26239012530390876,0.9996437477734236
0.26240239397765,0.9996437477734236
0.26241466379874684,0.9996437477734236
0.2624269347673603,0.9996437477734236
0.26243920688365135,0.9996437477734236
0.26245148014778097,0.9996437477734236
0.2624637545599102,0.9996437477734236
0.26247603012020015,0.9996437477734236
0.26248830682881197,0.9996437477734236
0.26250058468590676,0.9996437477734236
0.2625128636916456,0.9996437477734236
0.26252514384618986,0.9996437477734236
0.2625374251497006,0.9996437477734236
0.2625497076023392,0.9996437477734236
0.2625619912042669,0.9996437477734236
0.262574275955645,0.9996437477734236
0.26258656185663487,0.9996437477734236
0.2625988489073979,0.9996437477734236
0.26261113710809547,0.9996437477734236
0.26262342645888903,0.9996437477734236
0.2626357169599401,0.9996437477734236
0.26264800861141013,0.9996437477734236
0.26266030141346064,0.9996437477734236
0.2626725953662532,0.9996437477734236
0.2626848904699495,0.9996437477734236
0.26269718672471093,0.9996437477734236
0.2627094841306994,0.9996437477734236
0.2627217826880764,0.9996437477734236
0.26273408239700374,0.9996437477734236
0.26274638325764316,0.9996437477734236
0.2627586852701564,0.9996437477734236
0.26277098843470525,0.9996437477734236
0.26278329275145157,0.9996437477734236
0.26279559822055726,0.9996437477734236
0.26280790484218414,0.9996437477734236
0.2628202126164942,0.9996437477734236
0.26283252154364933,0.9996437477734236
0.2628448316238115,0.9996437477734236
0.26285714285714284,0.9996437477734236
0.26286945524380534,0.9996437477734236
0.262881768783961,0.9996437477734236
0.26289408347777204,0.9996437477734236
0.26290639932540055,0.9996437477734236
0.2629187163270087,0.9996437477734236
0.2629310344827586,0.9996437477734236
0.26294335379281264,0.9996437477734236
0.26295567425733296,0.9996437477734236
0.2629679958764819,0.9996437477734236
0.26298031865042176,0.9996437477734236
0.2629926425793149,0.9996437477734236
0.26300496766332365,0.9996437477734236
0.26301729390261047,0.9996437477734236
0.2630296212973378,0.9996437477734236
0.26304194984766816,0.9996437477734236
0.2630542795537639,0.9996437477734236
0.26306661041578777,0.9996437477734236
0.2630789424339021,0.9996437477734236
0.26309127560826967,0.9996437477734236
0.26310360993905296,0.9996437477734236
0.26311594542641475,0.9996437477734236
0.26312828207051764,0.9996437477734236
0.2631406198715244,0.9996437477734236
0.26315295882959766,0.9996437477734236
0.26316529894490037,0.9996437477734236
0.2631776402175952,0.9996437477734236
0.26318998264784504,0.9996437477734236
0.2632023262358128,0.9996437477734236
0.2632146709816613,0.9996437477734236
0.26322701688555344,0.9996437477734236
0.26323936394765235,0.9996437477734236
0.2632517121681208,0.9996437477734236
0.263264061547122,0.9996437477734236
0.2632764120848189,0.9996437477734236
0.2632887637813746,0.9996437477734236
0.2633011166369522,0.9996437477734236
0.2633134706517149,0.9996437477734236
0.2633258258258258,0.9996437477734236
0.26333818215944815,0.9996437477734236
0.2633505396527452,0.9996437477734236
0.26336289830588017,0.9996437477734236
0.26337525811901635,0.9996437477734236
0.26338761909231706,0.9996437477734236
0.26339998122594577,0.9996437477734236
0.26341234452006573,0.9996437477734236
0.2634247089748404,0.9996437477734236
0.26343707459043325,0.9996437477734236
0.2634494413670078,0.9996437477734236
0.26346180930472746,0.9996437477734236
0.26347417840375587,0.9996437477734236
0.2634865486642565,0.9996437477734236
0.2634989200863931,0.9996437477734236
0.26351129267032913,0.9996437477734236
0.2635236664162284,0.9996437477734236
0.2635360413242545,0.9996437477734236
0.26354841739457124,0.9996437477734236
0.26356079462734233,0.9996437477734236
0.26357317302273153,0.9996437477734236
0.2635855525809027,0.9996437477734236
0.26359793330201975,0.9996437477734236
0.2636103151862464,0.9996437477734236
0.26362269823374673,0.9996437477734236
0.26363508244468453,0.9996437477734236
0.2636474678192239,0.9996437477734236
0.26365985435752876,0.9996437477734236
0.2636722420597632,0.9996437477734236
0.26368463092609123,0.9996437477734236
0.263697020956677,0.9996437477734236
0.2637094121516846,0.9996437477734236
0.2637218045112782,0.9996437477734236
0.263734198035622,0.9996437477734236
0.26374659272488016,0.9996437477734236
0.263758988579217,0.9996437477734236
0.26377138559879676,0.9996437477734236
0.2637837837837838,0.9996437477734236
0.2637961831343424,0.9996437477734236
0.263808583650637,0.9996437477734236
0.2638209853328319,0.9996437477734236
0.26383338818109164,0.9996437477734236
0.26384579219558063,0.9996437477734236
0.2638581973764634,0.9996437477734236
0.2638706037239045,0.9996437477734236
0.26388301123806834,0.9996437477734236
0.26389541991911974,0.9996437477734236
0.26390782976722316,0.9996437477734236
0.2639202407825433,0.9996437477734236
0.2639326529652448,0.9996437477734236
0.2639450663154924,0.9996437477734236
0.26395748083345094,0.9996437477734236
0.26396989651928504,0.9996437477734236
0.2639823133731596,0.9996437477734236
0.26399473139523943,0.9996437477734236
0.2640071505856894,0.9996437477734236
0.26401957094467443,0.9996437477734236
0.2640319924723594,0.9996437477734236
0.26404441516890936,0.9996437477734236
0.26405683903448923,0.9996437477734236
0.26406926406926406,0.9996437477734236
0.2640816902733989,0.9996437477734236
0.2640941176470588,0.9996437477734236
0.26410654619040896,0.9996437477734236
0.26411897590361444,0.9996437477734236
0.2641314067868405,0.9996437477734236
0.2641438388402523,0.9996437477734236
0.2641687064582941,0.9996437477734236
0.2641811420232547,0.9996437477734236
0.26419357875906224,0.9996437477734236
0.264206016665882,0.9996437477734236
0.2642184557438795,0.9996437477734236
0.26423089599322,0.9996437477734236
0.26424333741406913,0.9996437477734236
0.264268223770955,0.9996437477734236
0.2642806687073228,0.9996437477734236
0.2642931148158614,0.9996437477734236
0.2643055620967362,0.9996437477734236
0.26431801055011306,0.9996437477734236
0.2643304601761575,0.9996437477734236
0.2643429109750353,0.9996437477734236
0.26435536294691225,0.9996437477734236
0.26436781609195403,0.9996437477734236
0.26438027041032647,0.9996437477734236
0.2643927259021954,0.9996437477734236
0.2644051825677267,0.9996437477734236
0.2644176404070863,0.9996437477734236
0.2644300994204401,0.9996437477734236
0.264442559607954,0.9996437477734236
0.26445502096979406,0.9996437477734236
0.2644674835061263,0.9996437477734236
0.26447994721711676,0.9996437477734236
0.26449241210293145,0.9996437477734236
0.26450487816373663,0.9996437477734236
0.26451734539969834,0.9996437477734236
0.2645298138109828,0.9996437477734236
0.2645422833977562,0.9996437477734236
0.2645547541601848,0.9996437477734236
0.26456722609843486,0.9996437477734236
0.26457969921267266,0.9996437477734236
0.2645921735030646,0.9996437477734236
0.264604648969777,0.9996437477734236
0.26461712561297623,0.9996437477734236
0.26462960343282876,0.9996437477734236
0.2646420824295011,0.9996437477734236
0.2646545626031596,0.9996437477734236
0.26466704395397095,0.9996437477734236
0.2646795264821016,0.9996437477734236
0.26469201018771815,0.9996437477734236
0.2647044950709872,0.9996437477734236
0.2647169811320755,0.9996437477734236
0.2647294683711496,0.9996437477734236
0.26474195678837625,0.9996437477734236
0.26475444638392226,0.9996437477734236
0.26476693715795435,0.9996437477734236
0.2647794291106393,0.9996437477734236
0.264791922242144,0.9996437477734236
0.2648044165526353,0.9996437477734236
0.2648169120422801,0.9996437477734236
0.26482940871124533,0.9996437477734236
0.26484190655969797,0.9996437477734236
0.264854405587805,0.9996437477734236
0.2648669057957334,0.9996437477734236
0.26487940718365033,0.9996437477734236
0.26489190975172283,0.9996437477734236
0.264904413500118,0.9996437477734236
0.264916918429003,0.9996437477734236
0.26492942453854507,0.9996437477734236
0.26494193182891135,0.9996437477734236
0.2649544403002691,0.9996437477734236
0.26496694995278564,0.9996437477734236
0.26497946078662826,0.9996437477734236
0.2649919728019643,0.9996437477734236
0.26500448599896115,0.9996437477734236
0.2650170003777862,0.9996437477734236
0.26502951593860685,0.9996437477734236
0.26504203268159066,0.9996437477734236
0.265054550606905,0.9996437477734236
0.26506706971471755,0.9996437477734236
0.26507959000519576,0.9996437477734236
0.2650921114785073,0.9996437477734236
0.26510463413481977,0.9996437477734236
0.26511715797430085,0.9996437477734236
0.26512968299711814,0.9996437477734236
0.2651422092034395,0.9996437477734236
0.2651547365934325,0.9996437477734236
0.2651672651672652,0.9996437477734236
0.26517979492510513,0.9996437477734236
0.2651923258671203,0.9996437477734236
0.2652048579934786,0.9996437477734236
0.26521739130434785,0.9996437477734236
0.265229925799896,0.9996437477734236
0.2652424614802911,0.9996437477734236
0.2652549983457012,0.9996437477734236
0.2652675363962942,0.9996437477734236
0.26528007563223827,0.9996437477734236
0.2652926160537014,0.9996437477734236
0.2653051576608519,0.9996437477734236
0.2653177004538578,0.9996437477734236
0.26533024443288733,0.9996437477734236
0.26534278959810875,0.9996437477734236
0.2653553359496903,0.9996437477734236
0.26536788348780027,0.9996437477734236
0.265380432212607,0.9996437477734236
0.2653929821242788,0.9996437477734236
0.26540553322298416,0.9996437477734236
0.2654180855088914,0.9996437477734236
0.26543063898216906,0.9996437477734236
0.2654431936429855,0.9996437477734236
0.2654557494915094,0.9996437477734236
0.2654683065279092,0.9996437477734236
0.2654808647523535,0.9996437477734236
0.26549342416501087,0.9996437477734236
0.26550598476605003,0.9996437477734236
0.26551854655563967,0.9996437477734236
0.26553110953394843,0.9996437477734236
0.26554367370114507,0.9996437477734236
0.2655562390573984,0.9996437477734236
0.26556880560287716,0.9996437477734236
0.26559394226218647,0.9996437477734236
0.2656065123763548,0.9996437477734236
0.2656190836804241,0.9996437477734236
0.26563165617456336,0.9996437477734236
0.2656442298589416,0.9996437477734236
0.2656568047337278,0.9996437477734236
0.2656693807990911,0.9996437477734236
0.2656819580552005,0.9996437477734236
0.2656945365022252,0.9996437477734236
0.26570711614033427,0.9996437477734236
0.265719696969697,0.9996437477734236
0.2657322789904825,0.9996437477734236
0.26574486220286014,0.9996437477734236
0.2657574466069991,0.9996437477734236
0.2657700322030688,0.9996437477734236
0.26578261899123845,0.9996437477734236
0.2657952069716776,0.9996437477734236
0.26580779614455546,0.9996437477734236
0.2658203865100417,0.9996437477734236
0.26583297806830564,0.9996437477734236
0.2658455708195168,0.9996437477734236
0.26585816476384483,0.9996437477734236
0.26587075990145914,0.9996437477734236
0.2658833562325295,0.9996437477734236
0.2658959537572254,0.9996437477734236
0.26590855247571665,0.9996437477734236
0.2659211523881729,0.9996437477734236
0.2659337534947638,0.9996437477734236
0.2659463557956592,0.9996437477734236
0.26595895929102886,0.9996437477734236
0.26597156398104266,0.9996437477734236
0.2659841698658704,0.9996437477734236
0.2659967769456821,0.9996437477734236
0.2660093852206475,0.9996437477734236
0.2660219946909367,0.9996437477734236
0.2660346053567196,0.9996437477734236
0.2660472172181663,0.9996437477734236
0.26605983027544683,0.9996437477734236
0.2660724445287313,0.9996437477734236
0.26608505997818976,0.9996437477734236
0.2660976766239924,0.9996437477734236
0.26611029446630946,0.9996437477734236
0.2661229135053111,0.9996437477734236
0.26613553374116755,0.9996437477734236
0.2661481551740491,0.9996437477734236
0.26616077780412617,0.9996437477734236
0.26617340163156894,0.9996437477734236
0.26618602665654795,0.9996437477734236
0.26619865287923344,0.9996437477734236
0.266211280299796,0.9996437477734236
0.2662239089184061,0.9996437477734236
0.2662365387352341,0.9996437477734236
0.2662491697504507,0.9996437477734236
0.2662618019642264,0.9996437477734236
0.26627443537673184,0.9996437477734236
0.2662870699881376,0.9996437477734236
0.2662997057986144,0.9996437477734236
0.26631234280833294,0.9996437477734236
0.26632498101746394,0.9996437477734236
0.26633762042617815,0.9996437477734236
0.26635026103464643,0.9996437477734236
0.26636290284303954,0.9996437477734236
0.2663755458515284,0.9996437477734236
0.26638819006028386,0.9996437477734236
0.2664008354694769,0.9996437477734236
0.2664134820792784,0.9996437477734236
0.2664261298898595,0.9996437477734236
0.26643877890139106,0.9996437477734236
0.26645142911404424,0.9996437477734236
0.26646408052799014,0.9996437477734236
0.2664767331433998,0.9996437477734236
0.26648938696044444,0.9996437477734236
0.2665020419792953,0.9996437477734236
0.26651469820012347,0.9996437477734236
0.2665273556231003,0.9996437477734236
0.2665400142483971,0.9996437477734236
0.26655267407618505,0.9996437477734236
0.26656533510663566,0.9996437477734236
0.2665779973399202,0.9996437477734236
0.26659066077621013,0.9996437477734236
0.26660332541567694,0.9996437477734236
0.2666159912584921,0.9996437477734236
0.2666413265548534,0.9996437477734236
0.26665399600874273,0.9996437477734236
0.26666666666666666,0.9996437477734236
0.2666793385287968,0.9996437477734236
0.26669201159530487,0.9996437477734236
0.26670468586636253,0.9996437477734236
0.2667173613421415,0.9996437477734236
0.2667300380228137,0.9996437477734236
0.2667427159085508,0.9996437477734236
0.26675539499952466,0.9996437477734236
0.26676807529590724,0.9996437477734236
0.26678075679787033,0.9996437477734236
0.2667934395055859,0.9996437477734236
0.266806123419226,0.9996437477734236
0.26681880853896256,0.9996437477734236
0.26683149486496766,0.9996437477734236
0.26684418239741337,0.9996437477734236
0.2668568711364717,0.9996437477734236
0.2668695610823149,0.9996437477734236
0.2668822522351151,0.9996437477734236
0.2668949445950445,0.9996437477734236
0.26690763816227525,0.9996437477734236
0.2669203329369798,0.9996437477734236
0.2669330289193303,0.9996437477734236
0.2669457261094991,0.9996437477734236
0.26695842450765866,0.9996437477734236
0.2669711241139813,0.9996437477734236
0.26698382492863937,0.9996437477734236
0.26699652695180554,0.9996437477734236
0.26700923018365214,0.9996437477734236
0.2670219346243517,0.9996437477734236
0.2670346402740769,0.9996437477734236
0.2670473471330002,0.9996437477734236
0.2670600552012944,0.9996437477734236
0.267072764479132,0.9996437477734236
0.2670854749666857,0.9996437477734236
0.2670981866641283,0.9996437477734236
0.26711089957163253,0.9996437477734236
0.2671236136893712,0.9996437477734236
0.26713632901751716,0.9996437477734236
0.26714904555624314,0.9996437477734236
0.26716176330572217,0.9996437477734236
0.2671744822661271,0.9996437477734236
0.26718720243763094,0.9996437477734236
0.2671999238204066,0.9996437477734236
0.26721264641462716,0.9996437477734236
0.2672253702204657,0.9996437477734236
0.2672380952380952,0.9996437477734236
0.2672508214676889,0.9996437477734236
0.26726354890941995,0.9996437477734236
0.26727627756346145,0.9996437477734236
0.2672890074299867,0.9996437477734236
0.26730173850916883,0.9996437477734236
0.2673144708011813,0.9996437477734236
0.26732720430619733,0.9996437477734236
0.26733993902439024,0.9996437477734236
0.2673526749559335,0.9996437477734236
0.26736541210100045,0.9996437477734236
0.26737815045976465,0.9996437477734236
0.26739089003239946,0.9996437477734236
0.2674036308190785,0.9996437477734236
0.2674163728199752,0.9996437477734236
0.26742911603526326,0.9996437477734236
0.26744186046511625,0.9996437477734236
0.26745460610970784,0.9996437477734236
0.2674673529692117,0.9996437477734236
0.26748010104380154,0.9996437477734236
0.2674928503336511,0.9996437477734236
0.26750560083893415,0.9996437477734236
0.2675183525598246,0.9996437477734236
0.26753110549649617,0.9996437477734236
0.2675438596491228,0.9996437477734236
0.2675566150178784,0.9996437477734236
0.267569371602937,0.9996437477734236
0.2675821294044724,0.9996437477734236
0.26759488842265877,0.9996437477734236
0.2676076486576701,0.9996437477734236
0.2676204101096805,0.9996437477734236
0.26763317277886406,0.9996437477734236
0.2676459366653949,0.9996437477734236
0.2676587017694472,0.9996437477734236
0.26767146809119524,0.9996437477734236
0.2676842356308133,0.9996437477734236
0.2676970043884755,0.9996437477734236
0.2677097743643562,0.9996437477734236
0.2677225455586299,0.9996437477734236
0.2677353179714708,0.9996437477734236
0.26774809160305346,0.9996437477734236
0.2677608664535522,0.9996437477734236
0.2677736425231415,0.9996437477734236
0.26778641981199597,0.9996437477734236
0.26779919832029014,0.9996437477734236
0.2678119780481985,0.9996437477734236
0.26782475899589575,0.9996437477734236
0.2678375411635565,0.9996437477734236
0.2678503245513555,0.9996437477734236
0.2678631091594673,0.9996437477734236
0.2678758949880668,0.9996437477734236
0.26788868203732874,0.9996437477734236
0.2679014703074279,0.9996437477734236
0.26791425979853917,0.9996437477734236
0.2679270505108374,0.9996437477734236
0.2679398424444975,0.9996437477734236
0.2679526355996944,0.9996437477734236
0.26796542997660316,0.9996437477734236
0.26797822557539874,0.9996437477734236
0.26799102239625616,0.9996437477734236
0.2680038204393505,0.9996437477734236
0.26801661970485696,0.9996437477734236
0.2680294201929506,0.9996437477734236
0.26804222190380667,0.9996437477734236
0.2680550248376003,0.9996437477734236
0.2680678289945068,0.9996437477734236
0.2680806343747014,0.9996437477734236
0.2680934409783595,0.9996437477734236
0.2681062488056564,0.9996437477734236
0.2681318681318681,0.9996437477734236
0.2681446796311338,0.9996437477734236
0.26815749235474007,0.9996437477734236
0.2681703063028623,0.9996437477734236
0.2681831214756762,0.9996437477734236
0.2681959378733572,0.9996437477734236
0.26820875549608103,0.9996437477734236
0.26822157434402333,0.9996437477734236
0.2682343944173597,0.9996437477734236
0.268247215716266,0.9996437477734236
0.26826003824091776,0.9996437477734236
0.268272861991491,0.9996437477734236
0.26829851317110487,0.9996437477734236
0.2683113406004972,0.9996437477734236
0.2683241692565145,0.9996437477734236
0.2683369991393325,0.9996437477734236
0.26834983024912734,0.9996437477734236
0.268362662586075,0.9996437477734236
0.26838833094213294,0.9996437477734236
0.2684011669615955,0.9996437477734236
0.26841400420891526,0.9996437477734236
0.2684268426842684,0.9996437477734236
0.2684396823878312,0.9996437477734236
0.26845252331978,0.9996437477734236
0.2684653654802909,0.9996437477734236
0.26847820886954027,0.9996437477734236
0.2684910534877045,0.9996437477734236
0.26850389933496005,0.9996437477734236
0.26851674641148326,0.9996437477734236
0.2685295947174506,0.9996437477734236
0.2685424442530386,0.9996437477734236
0.2685552950184237,0.9996437477734236
0.26856814701378257,0.9996437477734236
0.2685810002392917,0.9996437477734236
0.2685938546951278,0.9996437477734236
0.2686067103814675,0.9996437477734236
0.26861956729848746,0.9996437477734236
0.26863242544636445,0.9996437477734236
0.2686452848252753,0.9996437477734236
0.2686581454353966,0.9996437477734236
0.2686710072769054,0.9996437477734236
0.2686838703499785,0.9996437477734236
0.26869673465479266,0.9996437477734236
0.268709600191525,0.9996437477734236
0.2687224669603524,0.9996437477734236
0.2687353349614519,0.9996437477734236
0.2687482041950005,0.9996437477734236
0.2687610746611752,0.9996437477734236
0.2687739463601533,0.9996437477734236
0.2687868192921117,0.9996437477734236
0.2687996934572277,0.9996437477734236
0.2688125688556785,0.9996437477734236
0.2688254454876413,0.9996437477734236
0.26883832335329344,0.9996437477734236
0.26885120245281213,0.9996437477734236
0.26886408278637475,0.9996437477734236
0.2688769643541587,0.9996437477734236
0.26888984715634134,0.9996437477734236
0.26890273119310015,0.9996437477734236
0.2689156164646126,0.9996437477734236
0.26892850297105614,0.9996437477734236
0.2689413907126084,0.9996437477734236
0.26895427968944696,0.9996437477734236
0.26896716990174935,0.9996437477734236
0.26898006134969327,0.9996437477734236
0.26899295403345636,0.9996437477734236
0.26900584795321636,0.9996437477734236
0.269018743109151,0.9996437477734236
0.26903163950143816,0.9996437477734236
0.2690445371302555,0.9996437477734236
0.26905743599578097,0.9996437477734236
0.2690703360981925,0.9996437477734236
0.2690832374376678,0.9996437477734236
0.26909614001438503,0.9996437477734236
0.26910904382852213,0.9996437477734236
0.26912194888025703,0.9996437477734236
0.2691348551697679,0.9996437477734236
0.26914776269723273,0.9996437477734236
0.26916067146282974,0.9996437477734236
0.2691256175356132,0.9994656216601354
0.2691385264773599,0.9994656216601354
0.26915143665755265,0.9994656216601354
0.2691643480763696,0.9994656216601354
0.26917726073398895,0.9994656216601354
0.26919017463058914,0.9994656216601354
0.26920308976634844,0.9994656216601354
0.26921600614144514,0.9994656216601354
0.2692289237560578,0.9994656216601354
0.26924184261036466,0.9994656216601354
0.26925476270454435,0.9994656216601354
0.2692676840387753,0.9994656216601354
0.26928060661323605,0.9994656216601354
0.2692935304281052,0.9994656216601354
0.2693064554835613,0.9994656216601354
0.26931938177978304,0.9994656216601354
0.26933230931694907,0.9994656216601354
0.2693452380952381,0.9994656216601354
0.2693581681148289,0.9994656216601354
0.26937109937590015,0.9994656216601354
0.26938403187863075,0.9994656216601354
0.26939696562319954,0.9994656216601354
0.26940990060978537,0.9994656216601354
0.26942283683856716,0.9994656216601354
0.2694357743097239,0.9994656216601354
0.269461652979878,0.9994656216601354
0.26947459417923353,0.9994656216601354
0.26948753662168,0.9994656216601354
0.26950048030739676,0.9994656216601354
0.26951342523656274,0.9994656216601354
0.2695263714093573,0.9994656216601354
0.26953931882595955,0.9994656216601354
0.2695522674865488,0.9994656216601354
0.26956521739130435,0.9994656216601354
0.2695781685404055,0.9994656216601354
0.2695911209340316,0.9994656216601354
0.2696040745723621,0.9994656216601354
0.26961702945557636,0.9994656216601354
0.2696299855838539,0.9994656216601354
0.26964294295737423,0.9994656216601354
0.2696559015763168,0.9994656216601354
0.2696688614408613,0.9994656216601354
0.26968182255118717,0.9994656216601354
0.26969478490747417,0.9994656216601354
0.2697077485099019,0.9994656216601354
0.2697207133586502,0.9994656216601354
0.26973367945389864,0.9994656216601354
0.2697466467958271,0.9994656216601354
0.2697596153846154,0.9994656216601354
0.2697725852204433,0.9994656216601354
0.2697855563034907,0.9994656216601354
0.2697985286339376,0.9994656216601354
0.2698115022119638,0.9994656216601354
0.2698244770377495,0.9994656216601354
0.26983745311147445,0.9994656216601354
0.2698504304333189,0.9994656216601354
0.2698634090034629,0.9994656216601354
0.2698763888220865,0.9994656216601354
0.2698893698893699,0.9994656216601354
0.2699023522054933,0.9994656216601354
0.2699153357706369,0.9994656216601354
0.269928320584981,0.9994656216601354
0.26994130664870586,0.9994656216601354
0.26995429396199183,0.9994656216601354
0.2699672825250192,0.9994656216601354
0.2699802723379685,0.9994656216601354
0.27000625571435444,0.9994656216601354
0.2700192492781521,0.9994656216601354
0.27003224409259347,0.9994656216601354
0.2700452401578593,0.9994656216601354
0.27005823747413005,0.9994656216601354
0.27007123604158645,0.9994656216601354
0.27009723693077886,0.9994656216601354
0.2701102392528763,0.9994656216601354
0.2701232428268823,0.9994656216601354
0.2701362476529777,0.9994656216601354
0.2701492537313433,0.9994656216601354
0.27016226106215996,0.9994656216601354
0.2701752696456086,0.9994656216601354
0.2701882794818703,0.9994656216601354
0.27020129057112585,0.9994656216601354
0.27021430291355647,0.9994656216601354
0.2702273165093431,0.9994656216601354
0.2702403313586669,0.9994656216601354
0.27025334746170887,0.9994656216601354
0.27026636481865035,0.9994656216601354
0.27027938342967245,0.9994656216601354
0.2702924032949564,0.9994656216601354
0.27030542441468347,0.9994656216601354
0.27031844678903505,0.9994656216601354
0.27033147041819233,0.9994656216601354
0.2703444953023368,0.9994656216601354
0.2703575214416498,0.9994656216601354
0.27037054883631284,0.9994656216601354
0.2703835774865073,0.9994656216601354
0.27039660739241483,0.9994656216601354
0.27040963855421685,0.9994656216601354
0.27042267097209505,0.9994656216601354
0.27043570464623096,0.9994656216601354
0.27044873957680626,0.9994656216601354
0.2704617757640027,0.9994656216601354
0.27047481320800193,0.9994656216601354
0.2704878519089857,0.9994656216601354
0.2705008918671359,0.9994656216601354
0.2705139330826343,0.9994656216601354
0.2705269755556627,0.9994656216601354
0.2705400192864031,0.9994656216601354
0.2705530642750374,0.9994656216601354
0.2705661105217475,0.9994656216601354
0.2705791580267155,0.9994656216601354
0.27059220679012347,0.9994656216601354
0.27060525681215336,0.9994656216601354
0.27061830809298737,0.9994656216601354
0.2706313606328076,0.9994656216601354
0.27064441443179627,0.9994656216601354
0.2706574694901355,0.9994656216601354
0.2706705258080077,0.9994656216601354
0.27068358338559506,0.9994656216601354
0.2706966422230799,0.9994656216601354
0.27070970232064456,0.9994656216601354
0.2707227636784715,0.9994656216601354
0.2707358262967431,0.9994656216601354
0.27074889017564174,0.9994656216601354
0.2707619553153501,0.9994656216601354
0.27077502171605056,0.9994656216601354
0.27078808937792576,0.9994656216601354
0.2708011583011583,0.9994656216601354
0.2708142284859308,0.9994656216601354
0.27082729993242594,0.9994656216601354
0.2708403726408264,0.9994656216601354
0.27085344661131494,0.9994656216601354
0.27086652184407434,0.9994656216601354
0.27087959833928743,0.9994656216601354
0.2708926760971371,0.9994656216601354
0.2709057551178061,0.9994656216601354
0.2709188354014775,0.9994656216601354
0.27093191694833413,0.9994656216601354
0.27094499975855907,0.9994656216601354
0.27095808383233533,0.9994656216601354
0.2709711691698459,0.9994656216601354
0.27098425577127405,0.9994656216601354
0.2709973436368027,0.9994656216601354
0.27101043276661513,0.9994656216601354
0.27102352316089456,0.9994656216601354
0.27103661481982416,0.9994656216601354
0.2710497077435873,0.9994656216601354
0.27106280193236715,0.9994656216601354
0.2710758973863472,0.9994656216601354
0.2710889941057107,0.9994656216601354
0.2711020920906412,0.9994656216601354
0.271115191341322,0.9994656216601354
0.2711282918579367,0.9994656216601354
0.2711413936406688,0.9994656216601354
0.2711544966897018,0.9994656216601354
0.2711676010052194,0.9994656216601354
0.2711807065874052,0.9994656216601354
0.2711938134364427,0.9994656216601354
0.27120692155251586,0.9994656216601354
0.2712200309358082,0.9994656216601354
0.2712331415865036,0.9994656216601354
0.2712462535047859,0.9994656216601354
0.2712593666908388,0.9994656216601354
0.27127248114484626,0.9994656216601354
0.2712855968669922,0.9994656216601354
0.27129871385746057,0.9994656216601354
0.2713118321164354,0.9994656216601354
0.2713249516441006,0.9994656216601354
0.2713380724406403,0.9994656216601354
0.2713511945062385,0.9994656216601354
0.27136431784107945,0.9994656216601354
0.2713774424453473,0.9994656216601354
0.27139056831922614,0.9994656216601354
0.2714036954629003,0.9994656216601354
0.27141682387655397,0.9994656216601354
0.27142995356037153,0.9994656216601354
0.27144308451453725,0.9994656216601354
0.2714562167392356,0.9994656216601354
0.2714693502346509,0.9994656216601354
0.2714956210383703,0.9994656216601354
0.27150875834704347,0.9994656216601354
0.27152189692717155,0.9994656216601354
0.2715350367789392,0.9994656216601354
0.2715481779025311,0.9994656216601354
0.27156132029813185,0.9994656216601354
0.27157446396592616,0.9994656216601354
0.27158760890609873,0.9994656216601354
0.2716007551188344,0.9994656216601354
0.27161390260431795,0.9994656216601354
0.2716270513627342,0.9994656216601354
0.27164020139426803,0.9994656216601354
0.27165335269910434,0.9994656216601354
0.2716665052774281,0.9994656216601354
0.2716796591294243,0.9994656216601354
0.2716928142552779,0.9994656216601354
0.2717059706551741,0.9994656216601354
0.27171912832929784,0.9994656216601354
0.2717322872778343,0.9994656216601354
0.27174544750096863,0.9994656216601354
0.27175860899888604,0.9994656216601354
0.27177177177177175,0.9994656216601354
0.2717849358198111,0.9994656216601354
0.2717981011431893,0.9994656216601354
0.27181126774209174,0.9994656216601354
0.27182443561670383,0.9994656216601354
0.2718376047672109,0.9994656216601354
0.27185077519379847,0.9994656216601354
0.27186394689665194,0.9994656216601354
0.271877119875957,0.9994656216601354
0.271890294131899,0.9994656216601354
0.2719034696646637,0.9994656216601354
0.27191664647443664,0.9994656216601354
0.2719298245614035,0.9994656216601354
0.27194300392575,0.9994656216601354
0.2719561845676619,0.9994656216601354
0.2719693664873249,0.9994656216601354
0.27198254968492486,0.9994656216601354
0.27199573416064765,0.9994656216601354
0.27200891991467907,0.9994656216601354
0.27202210694720513,0.9994656216601354
0.2720352952584117,0.9994656216601354
0.2720484848484849,0.9994656216601354
0.27206167571761053,0.9994656216601354
0.2720748678659749,0.9994656216601354
0.27208806129376395,0.9994656216601354
0.27210125600116386,0.9994656216601354
0.272127649255541,0.9994656216601354
0.27214084780289066,0.9994656216601354
0.2721540476305961,0.9994656216601354
0.2721672487388436,0.9994656216601354
0.2721804511278195,0.9994656216601354
0.2721936547977103,0.9994656216601354
0.2722068597487023,0.9994656216601354
0.272220065980982,0.9994656216601354
0.2722332734947358,0.9994656216601354
0.2722464822901504,0.9994656216601354
0.2722596923674123,0.9994656216601354
0.2722729037267081,0.9994656216601354
0.27228611636822436,0.9994656216601354
0.2722993302921479,0.9994656216601354
0.27231254549866535,0.9994656216601354
0.2723257619879635,0.9994656216601354
0.2723389797602291,0.9994656216601354
0.272352198815649,0.9994656216601354
0.27236541915441,0.9994656216601354
0.27237864077669904,0.9994656216601354
0.272391863682703,0.9994656216601354
0.272405087872609,0.9994656216601354
0.2724183133466039,0.9994656216601354
0.27243154010487475,0.9994656216601354
0.27244476814760865,0.9994656216601354
0.2724579974749927,0.9994656216601354
0.2724712280872141,0.9994656216601354
0.27248445998445997,0.9994656216601354
0.2724976931669176,0.9994656216601354
0.27251092763477414,0.9994656216601354
0.272524163388217,0.9994656216601354
0.27253740042743346,0.9994656216601354
0.2725506387526109,0.9994656216601354
0.27256387836393664,0.9994656216601354
0.2725771192615983,0.9994656216601354
0.27259036144578314,0.9994656216601354
0.2726036049166788,0.9994656216601354
0.27261684967447286,0.9994656216601354
0.2726300957193528,0.9994656216601354
0.27264334305150634,0.9994656216601354
0.27265659167112105,0.9994656216601354
0.2726698415783847,0.9994656216601354
0.27268309277348496,0.9994656216601354
0.27269634525660963,0.9994656216601354
0.27270959902794656,0.9994656216601354
0.2727228540876835,0.9994656216601354
0.27273611043600837,0.9994656216601354
0.27274936807310907,0.9994656216601354
0.2727626269991736,0.9994656216601354
0.2727758872143899,0.9994656216601354
0.272789148718946,0.9994656216601354
0.27280241151303,0.9994656216601354
0.2728156755968299,0.9994656216601354
0.2728289409705339,0.9994656216601354
0.27284220763433015,0.9994656216601354
0.27285547558840695,0.9994656216601354
0.27286874483295237,0.9994656216601354
0.2728820153681549,0.9994656216601354
0.27289528719420264,0.9994656216601354
0.272908560311284,0.9994656216601354
0.27292183471958753,0.9994656216601354
0.27293511041930146,0.9994656216601354
0.2729483874106144,0.9994656216601354
0.2729616656937147,0.9994656216601354
0.27297494526879107,0.9994656216601354
0.2729882261360319,0.9994656216601354
0.2730015082956259,0.9994656216601354
0.2730147917477618,0.9994656216601354
0.2730280764926281,0.9994656216601354
0.2730413625304136,0.9994656216601354
0.2730546498613071,0.9994656216601354
0.2730679384854974,0.9994656216601354
0.2730812284031732,0.9994656216601354
0.2730945196145235,0.9994656216601354
0.27310781211973717,0.9994656216601354
0.2731211059190031,0.9994656216601354
0.27313440101251035,0.9994656216601354
0.27314769740044786,0.9994656216601354
0.27316099508300473,0.9994656216601354
0.27317429406037,0.9994656216601354
0.2731875943327329,0.9994656216601354
0.2732008959002824,0.9994656216601354
0.27321419876320785,0.9994656216601354
0.2732275029216985,0.9994656216601354
0.2732408083759435,0.9994656216601354
0.2732541151261323,0.9994656216601354
0.2732674231724541,0.9994656216601354
0.2732807325150984,0.9994656216601354
0.27329404315425454,0.9994656216601354
0.27330735509011206,0.9994656216601354
0.27332066832286034,0.9994656216601354
0.273333982852689,0.9994656216601354
0.2733472986797876,0.9994656216601354
0.27336061580434573,0.9994656216601354
0.273373934226553,0.9994656216601354
0.27338725394659913,0.9994656216601354
0.2734005749646738,0.9994656216601354
0.27341389728096677,0.9994656216601354
0.27342722089566784,0.9994656216601354
0.2734405458089669,0.9994656216601354
0.27345387202105365,0.9994656216601354
0.2734671995321181,0.9994656216601354
0.27348052834235026,0.9994656216601354
0.27349385845193996,0.9994656216601354
0.27350718986107725,0.9994656216601354
0.27352052256995224,0.9994656216601354
0.27353385657875495,0.9994656216601354
0.2735471918876755,0.9994656216601354
0.2735605284969041,0.9994656216601354
0.2735738664066309,0.9994656216601354
0.2735872056170462,0.9994656216601354
0.27360054612834017,0.9994656216601354
0.2736138879407032,0.9994656216601354
0.27362723105432557,0.9994656216601354
0.2736405754693977,0.9994656216601354
0.27365392118611004,0.9994656216601354
0.273667268204653,0.9994656216601354
0.2736806165252171,0.9994656216601354
0.2736939661479928,0.9994656216601354
0.27370731707317075,0.9994656216601354
0.2737206693009415,0.9994656216601354
0.2737340228314958,0.9994656216601354
0.27374737766502416,0.9994656216601354
0.2737607338017174,0.9994656216601354
0.27377409124176627,0.9994656216601354
0.2737874499853616,0.9994656216601354
0.2738008100326941,0.9994656216601354
0.2738141713839547,0.9994656216601354
0.27382753403933435,0.9994656216601354
0.2738408979990239,0.9994656216601354
0.2738542632632144,0.9994656216601354
0.27386762983209684,0.9994656216601354
0.2738809977058623,0.9994656216601354
0.27389436688470176,0.9994656216601354
0.27390773736880647,0.9994656216601354
0.2739211091583675,0.9994656216601354
0.27393448225357614,0.9994656216601354
0.27394785665462357,0.9994656216601354
0.2739612323617011,0.9994656216601354
0.273974609375,0.9994656216601354
0.27398798769471167,0.9994656216601354
0.2740013673210274,0.9994656216601354
0.2740147482541388,0.9994656216601354
0.27402813049423713,0.9994656216601354
0.27404151404151406,0.9994656216601354
0.27405489889616097,0.9994656216601354
0.27406828505836955,0.9994656216601354
0.2740816725283314,0.9994656216601354
0.2740950613062381,0.9994656216601354
0.2741084513922814,0.9994656216601354
0.27412184278665297,0.9994656216601354
0.27413523548954466,0.9994656216601354
0.2741486295011482,0.9994656216601354
0.2741620248216554,0.9994656216601354
0.2741754214512582,0.9994656216601354
0.27418881939014855,0.9994656216601354
0.2742022186385183,0.9994656216601354
0.27421561919655946,0.9994656216601354
0.2742290210644641,0.9994656216601354
0.27424242424242423,0.9994656216601354
0.274255828730632,0.9994656216601354
0.2742692345292795,0.9994656216601354
0.2742826416385589,0.9994656216601354
0.2742960500586625,0.9994656216601354
0.27430945978978244,0.9994656216601354
0.2743228708321111,0.9994656216601354
0.2743362831858407,0.9994656216601354
0.2743496968511637,0.9994656216601354
0.27436311182827244,0.9994656216601354
0.2743765281173594,0.9994656216601354
0.274389945718617,0.9994656216601354
0.27440336463223786,0.9994656216601354
0.2744167848584144,0.9994656216601354
0.27443020639733934,0.9994656216601354
0.2744436292492052,0.9994656216601354
0.2744570534142047,0.9994656216601354
0.27447047889253046,0.9994656216601354
0.2744839056843753,0.9994656216601354
0.274497333789932,0.9994656216601354
0.2745107632093933,0.9994656216601354
0.2745241939429522,0.9994656216601354
0.27453762599080145,0.9994656216601354
0.274551059353134,0.9994656216601354
0.2745644940301429,0.9994656216601354
0.274577930022021,0.9994656216601354
0.27459136732896156,0.9994656216601354
0.27460480595115744,0.9994656216601354
0.2746182458888019,0.9994656216601354
0.274631687142088,0.9994656216601354
0.274645129711209,0.9994656216601354
0.2746585735963581,0.9994656216601354
0.2746720187977286,0.9994656216601354
0.2746854653155138,0.9994656216601354
0.27469891314990696,0.9994656216601354
0.2747123623011016,0.9994656216601354
0.27472581276929103,0.9994656216601354
0.27473926455466874,0.9994656216601354
0.27475271765742826,0.9994656216601354
0.2747661720777631,0.9994656216601354
0.2747796278158668,0.9994656216601354
0.274793084871933,0.9994656216601354
0.27480654324615533,0.9994656216601354
0.27482000293872755,0.9994656216601354
0.27483346394984326,0.9994656216601354
0.2748469262796963,0.9994656216601354
0.27486038992848044,0.9994656216601354
0.27487385489638955,0.9994656216601354
0.2748873211836175,0.9994656216601354
0.2749007887903581,0.9994656216601354
0.2749142577168055,0.9994656216601354
0.2749277279631535,0.9994656216601354
0.2749411995295962,0.9994656216601354
0.2749546724163277,0.9994656216601354
0.2749681466235421,0.9994656216601354
0.27498162215143346,0.9994656216601354
0.27499509900019603,0.9994656216601354
0.275008577170024,0.9994656216601354
0.2750220566611117,0.9994656216601354
0.2750355374736533,0.9994656216601354
0.2750490196078431,0.9994656216601354
0.2750625030638757,0.9994656216601354
0.2750759878419453,0.9994656216601354
0.2750894739422464,0.9994656216601354
0.27510296136497353,0.9994656216601354
0.27511645011032115,0.9994656216601354
0.27512994017848386,0.9994656216601354
0.27514343156965626,0.9994656216601354
0.27515692428403293,0.9994656216601354
0.27517041832180866,0.9994656216601354
0.275183913683178,0.9994656216601354
0.2751974103683359,0.9994656216601354
0.27521090837747697,0.9994656216601354
0.2752244077107961,0.9994656216601354
0.27523790836848816,0.9994656216601354
0.27525141035074807,0.9994656216601354
0.2752649136577708,0.9994656216601354
0.27527841828975125,0.9994656216601354
0.2752919242468845,0.9994656216601354
0.2753054315293656,0.9994656216601354
0.2753189401373896,0.9994656216601354
0.2753324500711517,0.9994656216601354
0.275345961330847,0.9994656216601354
0.27535947391667076,0.9994656216601354
0.2753729878288182,0.9994656216601354
0.2753865030674847,0.9994656216601354
0.2754000196328654,0.9994656216601354
0.27541353752515585,0.9994656216601354
0.27542705674455137,0.9994656216601354
0.2754405772912474,0.9994656216601354
0.2754540991654394,0.9994656216601354
0.2754676223673229,0.9994656216601354
0.27548114689709347,0.9994656216601354
0.2754946727549467,0.9994656216601354
0.2755081999410783,0.9994656216601354
0.2755217284556838,0.9994656216601354
0.275535258298959,0.9994656216601354
0.27554878947109956,0.9994656216601354
0.27556232197230135,0.9994656216601354
0.2755758558027602,0.9994656216601354
0.27558939096267193,0.9994656216601354
0.2756029274522324,0.9994656216601354
0.2756164652716377,0.9994656216601354
0.27563000442108365,0.9994656216601354
0.27564354490076637,0.9994656216601354
0.27565708671088185,0.9994656216601354
0.2756706298516262,0.9994656216601354
0.2756841743231956,0.9994656216601354
0.27569772012578614,0.9994656216601354
0.2757112672595941,0.9994656216601354
0.2757248157248157,0.9994656216601354
0.27573836552164727,0.9994656216601354
0.27575191665028503,0.9994656216601354
0.2757654691109254,0.9994656216601354
0.2757790229037649,0.9994656216601354
0.27579257802899976,0.9994656216601354
0.27580613448682656,0.9994656216601354
0.27581969227744185,0.9994656216601354
0.2758332514010422,0.9994656216601354
0.2758468118578241,0.9994656216601354
0.27586037364798427,0.9994656216601354
0.27587393677171934,0.9994656216601354
0.27588750122922606,0.9994656216601354
0.27590106702070116,0.9994656216601354
0.2759146341463415,0.9994656216601354
0.27592820260634376,0.9994656216601354
0.2759417724009049,0.9994656216601354
0.27595534353022183,0.9994656216601354
0.2759689159944914,0.9994656216601354
0.27598248979391077,0.9994656216601354
0.27599606492867684,0.9994656216601354
0.27600964139898665,0.9994656216601354
0.27602321920503736,0.9994656216601354
0.2760367983470261,0.9994656216601354
0.27605037882515004,0.9994656216601354
0.2760639606396064,0.9994656216601354
0.2760775437905924,0.9994656216601354
0.27609112827830534,0.9994656216601354
0.2761047141029426,0.9994656216601354
0.27611830126470155,0.9994656216601354
0.2761318897637795,0.9994656216601354
0.27614547960037406,0.9994656216601354
0.27615907077468255,0.9994656216601354
0.2761726632869026,0.9994656216601354
0.2761862571372317,0.9994656216601354
0.2761998523258676,0.9994656216601354
0.2762134488530078,0.9994656216601354
0.27622704671885,0.9994656216601354
0.276240645923592,0.9994656216601354
0.27625424646743146,0.9994656216601354
0.2762678483505662,0.9994656216601354
0.27628145157319417,0.9994656216601354
0.2762950561355131,0.9994656216601354
0.276308662037721,0.9994656216601354
0.27632226928001574,0.9994656216601354
0.27633587786259545,0.9994656216601354
0.276349487785658,0.9994656216601354
0.27636309904940154,0.9994656216601354
0.2763767116540242,0.9994656216601354
0.27639032559972415,0.9994656216601354
0.2764039408866995,0.9994656216601354
0.2764175575151485,0.9994656216601354
0.27643117548526946,0.9994656216601354
0.2764447947972607,0.9994656216601354
0.27645841545132044,0.9994656216601354
0.2764720374476472,0.9994656216601354
0.2764992854678953,0.9994656216601354
0.2765129114922137,0.9994656216601354
0.27652653885959294,0.9994656216601354
0.27654016757023164,0.9994656216601354
0.27655379762432847,0.9994656216601354
0.27656742902208203,0.9994656216601354
0.276581061763691,0.9994656216601354
0.27659469584935426,0.9994656216601354
0.27660833127927037,0.9994656216601354
0.2766219680536383,0.9994656216601354
0.2766356061726569,0.9994656216601354
0.276649245636525,0.9994656216601354
0.27666288644544157,0.9994656216601354
0.2766765285996055,0.9994656216601354
0.2766901720992159,0.9994656216601354
0.2767038169444718,0.9994656216601354
0.27671746313557233,0.9994656216601354
0.2767311106727165,0.9994656216601354
0.27674475955610356,0.9994656216601354
0.27675840978593275,0.9994656216601354
0.2767720613624032,0.9994656216601354
0.2767857142857143,0.9994656216601354
0.2767993685560653,0.9994656216601354
0.27681302417365566,0.9994656216601354
0.2768266811386847,0.9994656216601354
0.2768403394513519,0.9994656216601354
0.2768539991118567,0.9994656216601354
0.2768676601203987,0.9994656216601354
0.2768813224771774,0.9994656216601354
0.27689498618239244,0.9994656216601354
0.2769086512362434,0.9994656216601354
0.27692231763893,0.9994656216601354
0.276935985390652,0.9994656216601354
0.2769496544916091,0.9994656216601354
0.2769633249420011,0.9994656216601354
0.27697699674202786,0.9994656216601354
0.2769906698918892,0.9994656216601354
0.2770043443917852,0.9994656216601354
0.2770180202419156,0.9994656216601354
0.2770316974424805,0.9994656216601354
0.277059055895714,0.9994656216601354
0.2770727371487828,0.9994656216601354
0.2770864197530864,0.9994656216601354
0.27710010370882515,0.9994656216601354
0.27711378901619915,0.9994656216601354
0.2771274756754087,0.9994656216601354
0.27714116368665415,0.9994656216601354
0.2771548530501358,0.9994656216601354
0.27716854376605415,0.9994656216601354
0.2771822358346095,0.9994656216601354
0.2771959292560024,0.9994656216601354
0.27720962403043325,0.9994656216601354
0.27722332015810275,0.9994656216601354
0.27723701763921144,0.9994656216601354
0.2772507164739599,0.9994656216601354
0.2772644166625488,0.9994656216601354
0.2772781182051789,0.9994656216601354
0.2772918211020509,0.9994656216601354
0.2773055253533656,0.9994656216601354
0.27731923095932387,0.9994656216601354
0.27733293792012653,0.9994656216601354
0.2773466462359745,0.9994656216601354
0.2773603559070687,0.9994656216601354
0.27737406693361016,0.9994656216601354
0.2773877793157999,0.9994656216601354
0.27740149305383893,0.9994656216601354
0.2774152081479284,0.9994656216601354
0.27742892459826946,0.9994656216601354
0.2774426424050633,0.9994656216601354
0.2774563615685111,0.9994656216601354
0.2774700820888142,0.9994656216601354
0.2774838039661738,0.9994656216601354
0.2774975272007913,0.9994656216601354
0.2775112517928681,0.9994656216601354
0.2775249777426056,0.9994656216601354
0.2775387050502053,0.9994656216601354
0.27755243371586863,0.9994656216601354
0.2775661637397972,0.9994656216601354
0.27757989512219255,0.9994656216601354
0.2775936278632563,0.9994656216601354
0.2776073619631902,0.9994656216601354
0.2776210974221958,0.9994656216601354
0.277634834240475,0.9994656216601354
0.2776485724182295,0.9994656216601354
0.2776623119556611,0.9994656216601354
0.27767605285297176,0.9994656216601354
0.27768979511036324,0.9994656216601354
0.2777035387280376,0.9994656216601354
0.2777172837061968,0.9994656216601354
0.2777310300450428,0.9994656216601354
0.27774477774477774,0.9994656216601354
0.2777585268056037,0.9994656216601354
0.2777722772277228,0.9994656216601354
0.2777860290113372,0.9994656216601354
0.2777997821566492,0.9994656216601354
0.277813536663861,0.9994656216601354
0.2778272925331749,0.9994656216601354
0.2778410497647933,0.9994656216601354
0.2778548083589185,0.9994656216601354
0.27786856831575296,0.9994656216601354
0.2778823296354992,0.9994656216601354
0.27789609231835966,0.9994656216601354
0.2779098563645369,0.9994656216601354
0.2779236217742335,0.9994656216601354
0.2779373885476521,0.9994656216601354
0.2779511566849953,0.9994656216601354
0.27796492618646584,0.9994656216601354
0.2779786970522665,0.9994656216601354
0.2779924692826001,0.9994656216601354
0.27800624287766934,0.9994656216601354
0.27802001783767716,0.9994656216601354
0.2780337941628264,0.9994656216601354
0.27804757185332013,0.9994656216601354
0.27806135090936124,0.9994656216601354
0.27807513133115275,0.9994656216601354
0.2780889131188978,0.9994656216601354
0.2781026962727994,0.9994656216601354
0.2781164807930607,0.9994656216601354
0.278130266679885,0.9994656216601354
0.2781440539334754,0.9994656216601354
0.2781578425540353,0.9994656216601354
0.2781716325417679,0.9994656216601354
0.27818542389687656,0.9994656216601354
0.2781992166195647,0.9994656216601354
0.2782130107100357,0.9994656216601354
0.2782268061684931,0.9994656216601354
0.27824060299514036,0.9994656216601354
0.278254401190181,0.9994656216601354
0.2782682007538187,0.9994656216601354
0.278282001686257,0.9994656216601354
0.27829580398769965,0.9994656216601354
0.2783096076583503,0.9994656216601354
0.2783234126984127,0.9994656216601354
0.27833721910809067,0.9994656216601354
0.27835102688758806,0.9994656216601354
0.2783648360371087,0.9994656216601354
0.2783786465568565,0.9994656216601354
0.2783924584470355,0.9994656216601354
0.27840627170784954,0.9994656216601354
0.2784200863395028,0.9994656216601354
0.2784339023421993,0.9994656216601354
0.2784477197161431,0.9994656216601354
0.2784615384615385,0.9994656216601354
0.2784753585785895,0.9994656216601354
0.2784891800675005,0.9994656216601354
0.2785030029284757,0.9994656216601354
0.27851682716171944,0.9994656216601354
0.2785306527674361,0.9994656216601354
0.27854447974583,0.9994656216601354
0.2785583080971057,0.9994656216601354
0.27857213782146756,0.9994656216601354
0.2785859689191202,0.9994656216601354
0.27859980139026813,0.9994656216601354
0.27861363523511595,0.9994656216601354
0.2786274704538683,0.9994656216601354
0.2786413070467299,0.9994656216601354
0.2786551450139054,0.9994656216601354
0.2786689843555997,0.9994656216601354
0.27868282507201747,0.9994656216601354
0.2786966671633636,0.9994656216601354
0.27871051062984303,0.9994656216601354
0.27872435547166063,0.9994656216601354
0.27873820168902136,0.9994656216601354
0.27875204928213027,0.9994656216601354
0.27876589825119236,0.9994656216601354
0.2787797485964128,0.9994656216601354
0.2787936003179966,0.9994656216601354
0.27880745341614904,0.9994656216601354
0.27882130789107534,0.9994656216601354
0.2788351637429807,0.9994656216601354
0.27884902097207037,0.9994656216601354
0.27886287957854977,0.9994656216601354
0.27887673956262427,0.9994656216601354
0.27889060092449924,0.9994656216601354
0.27890446366438015,0.9994656216601354
0.27891832778247255,0.9994656216601354
0.2789321932789819,0.9994656216601354
0.27894606015411383,0.9994656216601354
0.278959928408074,0.9994656216601354
0.278973798041068,0.9994656216601354
0.2789876690533015,0.9994656216601354
0.27900154144498035,0.9994656216601354
0.2790154152163103,0.9994656216601354
0.27902929036749713,0.9994656216601354
0.27904316689874675,0.9994656216601354
0.2790570448102651,0.9994656216601354
0.27907092410225803,0.9994656216601354
0.2790848047749316,0.9994656216601354
0.2790986868284918,0.9994656216601354
0.2791125702631448,0.9994656216601354
0.2791264550790966,0.9994656216601354
0.2791403412765534,0.9994656216601354
0.2791542288557214,0.9994656216601354
0.2791681178168068,0.9994656216601354
0.2791820081600159,0.9994656216601354
0.27919589988555504,0.9994656216601354
0.2792097929936306,0.9994656216601354
0.27922368748444887,0.9994656216601354
0.27923758335821636,0.9994656216601354
0.2792514806151396,0.9994656216601354
0.27926537925542505,0.9994656216601354
0.27927927927927926,0.9994656216601354
0.2792931806869089,0.9994656216601354
0.27930708347852057,0.9994656216601354
0.279320987654321,0.9994656216601354
0.2793348932145169,0.9994656216601354
0.27934880015931496,0.9994656216601354
0.2793627084889221,0.9994656216601354
0.2793766182035451,0.9994656216601354
0.2793905293033909,0.9994656216601354
0.27940444178866647,0.9994656216601354
0.27941835565957873,0.9994656216601354
0.27943227091633466,0.9994656216601354
0.2794461875591414,0.9994656216601354
0.279460105588206,0.9994656216601354
0.27947402500373564,0.9994656216601354
0.27948794580593744,0.9994656216601354
0.2795018679950187,0.9994656216601354
0.2795157915711866,0.9994656216601354
0.27952971653464853,0.9994656216601354
0.2795436428856118,0.9994656216601354
0.27955757062428377,0.9994656216601354
0.2795714997508719,0.9994656216601354
0.27958543026558375,0.9994656216601354
0.2795993621686267,0.9994656216601354
0.2796132954602083,0.9994656216601354
0.27962723014053625,0.9994656216601354
0.2796411662098181,0.9994656216601354
0.2796551036682616,0.9994656216601354
0.2796690425160744,0.9994656216601354
0.27968298275346426,0.9994656216601354
0.27969692438063903,0.9994656216601354
0.2797108673978066,0.9994656216601354
0.2797248118051747,0.9994656216601354
0.2797387576029514,0.9994656216601354
0.27976665337056245,0.9994656216601354
0.2797806033408128,0.9994656216601354
0.2797945547023038,0.9994656216601354
0.2798085074552436,0.9994656216601354
0.2798224615998404,0.9994656216601354
0.2798364171363024,0.9994656216601354
0.2798503740648379,0.9994656216601354
0.27986433238565517,0.9994656216601354
0.2798782920989625,0.9994656216601354
0.2798922532049683,0.9994656216601354
0.2799062157038811,0.9994656216601354
0.2799201795959092,0.9994656216601354
0.2799341448812612,0.9994656216601354
0.2799481115601457,0.9994656216601354
0.2799620796327712,0.9994656216601354
0.2799760490993463,0.9994656216601354
0.27999001996007983,0.9994656216601354
0.2800039922151804,0.9994656216601354
0.2800179658648568,0.9994656216601354
0.28003194090931777,0.9994656216601354
0.2800459173487722,0.9994656216601354
0.280059895183429,0.9994656216601354
0.28007387441349707,0.9994656216601354
0.2800878550391853,0.9994656216601354
0.28010183706070285,0.9994656216601354
0.2801158204782587,0.9994656216601354
0.2801298052920619,0.9994656216601354
0.28014379150232166,0.9994656216601354
0.28015777910924705,0.9994656216601354
0.2801717681130474,0.9994656216601354
0.2801857585139319,0.9994656216601354
0.28019975031210986,0.9994656216601354
0.28021374350779066,0.9994656216601354
0.2802277381011836,0.9994656216601354
0.28024173409249825,0.9994656216601354
0.28025573148194394,0.9994656216601354
0.2802697302697303,0.9994656216601354
0.28028373045606675,0.9994656216601354
0.28029773204116293,0.9994656216601354
0.28031173502522855,0.9994656216601354
0.2803257394084732,0.9994656216601354
0.28033974519110666,0.9994656216601354
0.28035375237333865,0.9994656216601354
0.280367760955379,0.9994656216601354
0.28038177093743755,0.9994656216601354
0.2803957823197242,0.9994656216601354
0.2804097951024488,0.9994656216601354
0.2804238092858214,0.9994656216601354
0.280437824870052,0.9994656216601354
0.2804518418553506,0.9994656216601354
0.28046586024192743,0.9994656216601354
0.2804798800299925,0.9994656216601354
0.28049390121975604,0.9994656216601354
0.2805079238114283,0.9994656216601354
0.2805219478052195,0.9994656216601354
0.28053597320133994,0.9994656216601354
0.28055,0.9994656216601354
0.2805640282014101,0.9994656216601354
0.2805780578057806,0.9994656216601354
0.280592088813322,0.9994656216601354
0.28060612122424483,0.9994656216601354
0.2806201550387597,0.9994656216601354
0.28063419025707714,0.9994656216601354
0.28064822687940777,0.9994656216601354
0.2806622649059624,0.9994656216601354
0.2806763043369516,0.9994656216601354
0.2806903451725863,0.9994656216601354
0.2807043874130772,0.9994656216601354
0.2807184310586352,0.9994656216601354
0.28073247610947116,0.9994656216601354
0.2807465225657961,0.9994656216601354
0.2807605704278209,0.9994656216601354
0.2807746196957566,0.9994656216601354
0.28078867036981436,0.9994656216601354
0.2808027224502052,0.9994656216601354
0.2808167759371403,0.9994656216601354
0.2808308308308308,0.9994656216601354
0.2808448871314881,0.9994656216601354
0.2808589448393233,0.9994656216601354
0.28087300395454773,0.9994656216601354
0.2808870644773728,0.9994656216601354
0.28090112640801,0.9994656216601354
0.2809151897466707,0.9994656216601354
0.2809292544935663,0.9994656216601354
0.2809433206489085,0.9994656216601354
0.2809573882129087,0.9994656216601354
0.28097145718577865,0.9994656216601354
0.28098552756773,0.9994656216601354
0.28099959935897434,0.9994656216601354
0.28101367255972354,0.9994656216601354
0.2810277471701893,0.9994656216601354
0.2810418231905835,0.9994656216601354
0.281055900621118,0.9994656216601354
0.2810699794620047,0.9994656216601354
0.28108405971345557,0.9994656216601354
0.28109814137568256,0.9994656216601354
0.2811122244488978,0.9994656216601354
0.2811263089333133,0.9994656216601354
0.2811403948291412,0.9994656216601354
0.28115448213659366,0.9994656216601354
0.2811685708558829,0.9994656216601354
0.2811826609872212,0.9994656216601354
0.2811967525308209,0.9994656216601354
0.2812108454868942,0.9994656216601354
0.28122493985565356,0.9994656216601354
0.2812390356373114,0.9994656216601354
0.2812531328320802,0.9994656216601354
0.28126723144017246,0.9994656216601354
0.2812813314618007,0.9994656216601354
0.2812954328971775,0.9994656216601354
0.28130953574651557,0.9994656216601354
0.2813236400100276,0.9994656216601354
0.2813377456879262,0.9994656216601354
0.2813518527804242,0.9994656216601354
0.28136596128773445,0.9994656216601354
0.2813800712100697,0.9994656216601354
0.2813941825476429,0.9994656216601354
0.281408295300667,0.9994656216601354
0.281422409469355,0.9994656216601354
0.28143652505391986,0.9994656216601354
0.28145064205457465,0.9994656216601354
0.28146476047153246,0.9994656216601354
0.2814788803050065,0.9994656216601354
0.28149300155520995,0.9994656216601354
0.281507124222356,0.9994656216601354
0.281521248306658,0.9994656216601354
0.28153537380832916,0.9994656216601354
0.28154950072758295,0.9994656216601354
0.28156362906463267,0.9994656216601354
0.2815777588196919,0.9994656216601354
0.281591889992974,0.9994656216601354
0.2816060225846926,0.9994656216601354
0.28162015659506123,0.9994656216601354
0.2816342920242935,0.9994656216601354
0.28164842887260316,0.9994656216601354
0.2816625671402038,0.9994656216601354
0.2816767068273092,0.9994656216601354
0.28164064461067323,0.9992874955468471
0.2816547846169294,0.9992874955468471
0.2816689260430788,0.9992874955468471
0.2816830688893352,0.9992874955468471
0.2816972131559126,0.9992874955468471
0.281711358843025,0.9992874955468471
0.28172550595088636,0.9992874955468471
0.2817396544797107,0.9992874955468471
0.2817538044297122,0.9992874955468471
0.281767955801105,0.9992874955468471
0.2817821085941032,0.9992874955468471
0.28179626280892106,0.9992874955468471
0.28181041844577287,0.9992874955468471
0.2818245755048729,0.9992874955468471
0.28183873398643555,0.9992874955468471
0.28185289389067525,0.9992874955468471
0.28186705521780636,0.9992874955468471
0.28188121796804344,0.9992874955468471
0.2818953821416009,0.9992874955468471
0.2819095477386935,0.9992874955468471
0.28192371475953565,0.9992874955468471
0.28193788320434215,0.9992874955468471
0.28195205307332766,0.9992874955468471
0.2819662243667069,0.9992874955468471
0.28198039708469463,0.9992874955468471
0.28199457122750576,0.9992874955468471
0.28200874679535515,0.9992874955468471
0.28202292378845767,0.9992874955468471
0.2820371022070283,0.9992874955468471
0.28205128205128205,0.9992874955468471
0.28206546332143395,0.9992874955468471
0.28207964601769914,0.9992874955468471
0.28209383014029266,0.9992874955468471
0.2821080156894297,0.9992874955468471
0.2821222026653256,0.9992874955468471
0.28213639106819555,0.9992874955468471
0.2821505808982548,0.9992874955468471
0.2821647721557187,0.9992874955468471
0.2821789648408028,0.9992874955468471
0.2821931589537223,0.9992874955468471
0.2822073544946929,0.9992874955468471
0.28222155146392996,0.9992874955468471
0.2822357498616491,0.9992874955468471
0.282249949688066,0.9992874955468471
0.28226415094339624,0.9992874955468471
0.28227835362785547,0.9992874955468471
0.2822925577416595,0.9992874955468471
0.28230676328502413,0.9992874955468471
0.28232097025816516,0.9992874955468471
0.2823351786612984,0.9992874955468471
0.28234938849463986,0.9992874955468471
0.28236359975840547,0.9992874955468471
0.2823778124528112,0.9992874955468471
0.2823920265780731,0.9992874955468471
0.28240624213440724,0.9992874955468471
0.2824204591220298,0.9992874955468471
0.2824346775411569,0.9992874955468471
0.28244889739200485,0.9992874955468471
0.2824631186747898,0.9992874955468471
0.2824773413897281,0.9992874955468471
0.2824915655370361,0.9992874955468471
0.2825057911169302,0.9992874955468471
0.28252001812962685,0.9992874955468471
0.2825342465753425,0.9992874955468471
0.28254847645429365,0.9992874955468471
0.2825627077666969,0.9992874955468471
0.2825769405127688,0.9992874955468471
0.28259117469272615,0.9992874955468471
0.28260541030678554,0.9992874955468471
0.2826196473551637,0.9992874955468471
0.28263388583807747,0.9992874955468471
0.28264812575574366,0.9992874955468471
0.2826623671083791,0.9992874955468471
0.28267660989620075,0.9992874955468471
0.28269085411942557,0.9992874955468471
0.2827050997782705,0.9992874955468471
0.2827193468729527,0.9992874955468471
0.28273359540368914,0.9992874955468471
0.282747845370697,0.9992874955468471
0.28276209677419356,0.9992874955468471
0.2827763496143959,0.9992874955468471
0.28279060389152133,0.9992874955468471
0.28280485960578716,0.9992874955468471
0.2828476353736009,0.9992874955468471
0.28286189683860236,0.9992874955468471
0.2828761597418314,0.9992874955468471
0.2828904240835056,0.9992874955468471
0.28290468986384265,0.9992874955468471
0.28291895708306014,0.9992874955468471
0.2829332257413758,0.9992874955468471
0.2829474958390074,0.9992874955468471
0.2829617673761727,0.9992874955468471
0.28297604035308954,0.9992874955468471
0.28299031476997577,0.9992874955468471
0.2830045906270494,0.9992874955468471
0.2830188679245283,0.9992874955468471
0.2830331466626305,0.9992874955468471
0.2830474268415742,0.9992874955468471
0.2830617084615773,0.9992874955468471
0.283075991522858,0.9992874955468471
0.2830902760256346,0.9992874955468471
0.2831045619701251,0.9992874955468471
0.2831188493565481,0.9992874955468471
0.28313313818512165,0.9992874955468471
0.2831474284560642,0.9992874955468471
0.2831617201695942,0.9992874955468471
0.28317601332593006,0.9992874955468471
0.28319030792529026,0.9992874955468471
0.2832046039678934,0.9992874955468471
0.283218901453958,0.9992874955468471
0.28323320038370275,0.9992874955468471
0.2832475007573463,0.9992874955468471
0.2832618025751073,0.9992874955468471
0.2832761058372046,0.9992874955468471
0.283290410543857,0.9992874955468471
0.2833047166952833,0.9992874955468471
0.2833190242917024,0.9992874955468471
0.2833333333333333,0.9992874955468471
0.28334764382039496,0.9992874955468471
0.28336195575310635,0.9992874955468471
0.2833762691316866,0.9992874955468471
0.2833905839563548,0.9992874955468471
0.2834049002273301,0.9992874955468471
0.28341921794483177,0.9992874955468471
0.283433537109079,0.9992874955468471
0.283447857720291,0.9992874955468471
0.28346217977868726,0.9992874955468471
0.2834765032844871,0.9992874955468471
0.28349082823790994,0.9992874955468471
0.28350515463917525,0.9992874955468471
0.28351948248850256,0.9992874955468471
0.2835481425322214,0.9992874955468471
0.28356247472705215,0.9992874955468471
0.28357680837082344,0.9992874955468471
0.2835911434637549,0.9992874955468471
0.28360548000606645,0.9992874955468471
0.28361981799797775,0.9992874955468471
0.28363415743970877,0.9992874955468471
0.2836484983314794,0.9992874955468471
0.2836628406735096,0.9992874955468471
0.2836771844660194,0.9992874955468471
0.28369152970922884,0.9992874955468471
0.2837058764033579,0.9992874955468471
0.28372022454862694,0.9992874955468471
0.28373457414525594,0.9992874955468471
0.2837489251934652,0.9992874955468471
0.283763277693475,0.9992874955468471
0.28377763164550557,0.9992874955468471
0.2837919870497774,0.9992874955468471
0.2838063439065108,0.9992874955468471
0.2838207022159263,0.9992874955468471
0.2838350619782444,0.9992874955468471
0.2838494231936855,0.9992874955468471
0.2838637858624703,0.9992874955468471
0.28387814998481936,0.9992874955468471
0.2838925155609534,0.9992874955468471
0.2839068825910931,0.9992874955468471
0.2839212510754593,0.9992874955468471
0.2839356210142727,0.9992874955468471
0.2839499924077542,0.9992874955468471
0.28396436525612473,0.9992874955468471
0.2839787395596052,0.9992874955468471
0.28399311531841653,0.9992874955468471
0.28400749253277985,0.9992874955468471
0.28402187120291617,0.9992874955468471
0.28403625132904664,0.9992874955468471
0.28405063291139243,0.9992874955468471
0.2840650159501747,0.9992874955468471
0.28407940044561475,0.9992874955468471
0.28409378639793387,0.9992874955468471
0.28410817380735337,0.9992874955468471
0.2841225626740947,0.9992874955468471
0.28413695299837927,0.9992874955468471
0.2841513447804285,0.9992874955468471
0.28416573802046396,0.9992874955468471
0.28418013271870723,0.9992874955468471
0.28419452887537994,0.9992874955468471
0.2842089264907037,0.9992874955468471
0.2842233255649002,0.9992874955468471
0.2842377260981912,0.9992874955468471
0.28425212809079853,0.9992874955468471
0.284266531542944,0.9992874955468471
0.2842809364548495,0.9992874955468471
0.28429534282673696,0.9992874955468471
0.2843097506588283,0.9992874955468471
0.2843241599513456,0.9992874955468471
0.2843385707045109,0.9992874955468471
0.2843529829185463,0.9992874955468471
0.284367396593674,0.9992874955468471
0.28438181173011606,0.9992874955468471
0.2843962283280949,0.9992874955468471
0.2844106463878327,0.9992874955468471
0.2844250659095518,0.9992874955468471
0.28443948689347465,0.9992874955468471
0.28445390933982356,0.9992874955468471
0.28446833324882104,0.9992874955468471
0.28448275862068967,0.9992874955468471
0.2844971854556519,0.9992874955468471
0.2845116137539304,0.9992874955468471
0.28452604351574784,0.9992874955468471
0.2845404747413268,0.9992874955468471
0.2845549074308902,0.9992874955468471
0.28456934158466063,0.9992874955468471
0.28458377720286104,0.9992874955468471
0.2845982142857143,0.9992874955468471
0.2846126528334433,0.9992874955468471
0.2846270928462709,0.9992874955468471
0.2846415343244203,0.9992874955468471
0.2846559772681145,0.9992874955468471
0.2846704216775765,0.9992874955468471
0.2846848675530295,0.9992874955468471
0.2846993148946968,0.9992874955468471
0.28471376370280144,0.9992874955468471
0.28472821397756687,0.9992874955468471
0.2847426657192163,0.9992874955468471
0.2847571189279732,0.9992874955468471
0.2847715736040609,0.9992874955468471
0.28478602974770295,0.9992874955468471
0.2848004873591228,0.9992874955468471
0.28481494643854394,0.9992874955468471
0.2848294069861901,0.9992874955468471
0.28484386900228487,0.9992874955468471
0.2848583324870519,0.9992874955468471
0.284872797440715,0.9992874955468471
0.2848872638634979,0.9992874955468471
0.2849017317556244,0.9992874955468471
0.2849162011173184,0.9992874955468471
0.2849306719488039,0.9992874955468471
0.28494514425030476,0.9992874955468471
0.284959618022045,0.9992874955468471
0.2849740932642487,0.9992874955468471
0.28498856997713995,0.9992874955468471
0.2850030481609429,0.9992874955468471
0.28501752781588174,0.9992874955468471
0.28503200894218067,0.9992874955468471
0.285046491540064,0.9992874955468471
0.2850609756097561,0.9992874955468471
0.2850754611514813,0.9992874955468471
0.28508994816546396,0.9992874955468471
0.28510443665192864,0.9992874955468471
0.28511892661109983,0.9992874955468471
0.285133418043202,0.9992874955468471
0.28514791094845987,0.9992874955468471
0.2851624053270981,0.9992874955468471
0.2851769011793412,0.9992874955468471
0.2851913985054141,0.9992874955468471
0.2852058973055414,0.9992874955468471
0.28522039757994816,0.9992874955468471
0.28523489932885904,0.9992874955468471
0.2852494025524991,0.9992874955468471
0.28526390725109324,0.9992874955468471
0.28527841342486654,0.9992874955468471
0.2852929210740439,0.9992874955468471
0.28530743019885063,0.9992874955468471
0.28532194079951173,0.9992874955468471
0.2853364528762525,0.9992874955468471
0.2853509664292981,0.9992874955468471
0.2853654814588738,0.9992874955468471
0.285379997965205,0.9992874955468471
0.28539451594851706,0.9992874955468471
0.2854090354090354,0.9992874955468471
0.2854235563469855,0.9992874955468471
0.28543807876259286,0.9992874955468471
0.285452602656083,0.9992874955468471
0.28546712802768165,0.9992874955468471
0.28548165487761434,0.9992874955468471
0.28549618320610687,0.9992874955468471
0.28551071301338493,0.9992874955468471
0.28552524429967424,0.9992874955468471
0.2855397770652008,0.9992874955468471
0.2855543113101904,0.9992874955468471
0.2855688470348689,0.9992874955468471
0.28558338423946245,0.9992874955468471
0.2855979229241969,0.9992874955468471
0.28561246308929844,0.9992874955468471
0.28562700473499314,0.9992874955468471
0.28564154786150714,0.9992874955468471
0.28565609246906665,0.9992874955468471
0.2856706385578979,0.9992874955468471
0.28568518612822735,0.9992874955468471
0.28569973518028113,0.9992874955468471
0.2857142857142857,0.9992874955468471
0.28572883773046753,0.9992874955468471
0.2857433912290531,0.9992874955468471
0.28575794621026895,0.9992874955468471
0.2857725026743416,0.9992874955468471
0.2857870606214977,0.9992874955468471
0.2858016200519639,0.9992874955468471
0.285816180965967,0.9992874955468471
0.28583074336373365,0.9992874955468471
0.2858453072454907,0.9992874955468471
0.2858744394618834,0.9992874955468471
0.28588900779697296,0.9992874955468471
0.28590357761696056,0.9992874955468471
0.2859181489220733,0.9992874955468471
0.28593272171253825,0.9992874955468471
0.2859472959885825,0.9992874955468471
0.28596187175043325,0.9992874955468471
0.2859764489983178,0.9992874955468471
0.2859910277324633,0.9992874955468471
0.2860056079530971,0.9992874955468471
0.2860201896604466,0.9992874955468471
0.2860347728547392,0.9992874955468471
0.2860493575362023,0.9992874955468471
0.2860639437050635,0.9992874955468471
0.2860785313615502,0.9992874955468471
0.28609312050589014,0.9992874955468471
0.2861077111383109,0.9992874955468471
0.28612230325904014,0.9992874955468471
0.2861368968683056,0.9992874955468471
0.2861514919663351,0.9992874955468471
0.28616608855335646,0.9992874955468471
0.2861806866295975,0.9992874955468471
0.28619528619528617,0.9992874955468471
0.2862098872506505,0.9992874955468471
0.28622448979591836,0.9992874955468471
0.2862390938313179,0.9992874955468471
0.28625369935707723,0.9992874955468471
0.2862829148805879,0.9992874955468471
0.2862975248787956,0.9992874955468471
0.286312136368276,0.9992874955468471
0.2863267493492574,0.9992874955468471
0.2863413638219682,0.9992874955468471
0.28635597978663674,0.9992874955468471
0.28637059724349156,0.9992874955468471
0.28638521619276125,0.9992874955468471
0.2863998366346743,0.9992874955468471
0.28641445856945935,0.9992874955468471
0.28642908199734507,0.9992874955468471
0.28644370691856014,0.9992874955468471
0.2864583333333333,0.9992874955468471
0.2864729612418935,0.9992874955468471
0.28648759064446944,0.9992874955468471
0.28650222154129,0.9992874955468471
0.28651685393258425,0.9992874955468471
0.2865314878185811,0.9992874955468471
0.2865461231995097,0.9992874955468471
0.28656076007559894,0.9992874955468471
0.2865753984470781,0.9992874955468471
0.28659003831417623,0.9992874955468471
0.2866046796771227,0.9992874955468471
0.28661932253614675,0.9992874955468471
0.28663396689147763,0.9992874955468471
0.28664861274334474,0.9992874955468471
0.2866632600919775,0.9992874955468471
0.2866779089376054,0.9992874955468471
0.2866925592804579,0.9992874955468471
0.2867072111207645,0.9992874955468471
0.28672186445875497,0.9992874955468471
0.2867365192946588,0.9992874955468471
0.2867511756287058,0.9992874955468471
0.2867658334611256,0.9992874955468471
0.28678049279214807,0.9992874955468471
0.286795153622003,0.9992874955468471
0.28680981595092025,0.9992874955468471
0.28682447977912984,0.9992874955468471
0.28683914510686165,0.9992874955468471
0.2868538119343458,0.9992874955468471
0.2868684802618122,0.9992874955468471
0.28688315008949117,0.9992874955468471
0.2868978214176128,0.9992874955468471
0.2869124942464072,0.9992874955468471
0.28692716857610473,0.9992874955468471
0.2869418444069357,0.9992874955468471
0.28695652173913044,0.9992874955468471
0.2869712005729193,0.9992874955468471
0.28698588090853283,0.9992874955468471
0.28700056274620145,0.9992874955468471
0.28701524608615575,0.9992874955468471
0.2870299309286262,0.9992874955468471
0.2870446172738436,0.9992874955468471
0.2870593051220386,0.9992874955468471
0.28707399447344184,0.9992874955468471
0.28708868532828413,0.9992874955468471
0.28710337768679633,0.9992874955468471
0.28711807154920926,0.9992874955468471
0.2871327669157539,0.9992874955468471
0.28714746378666123,0.9992874955468471
0.28716216216216217,0.9992874955468471
0.2871768620424878,0.9992874955468471
0.28719156342786933,0.9992874955468471
0.28720626631853785,0.9992874955468471
0.2872209707147246,0.9992874955468471
0.2872356766166607,0.9992874955468471
0.2872503840245776,0.9992874955468471
0.28726509293870656,0.9992874955468471
0.287279803359279,0.9992874955468471
0.28729451528652633,0.9992874955468471
0.2873092287206801,0.9992874955468471
0.28732394366197184,0.9992874955468471
0.2873386601106331,0.9992874955468471
0.2873533780668955,0.9992874955468471
0.2873680975309907,0.9992874955468471
0.28738281850315045,0.9992874955468471
0.28739754098360654,0.9992874955468471
0.2874122649725908,0.9992874955468471
0.2874269904703351,0.9992874955468471
0.28744171747707126,0.9992874955468471
0.28747117601844735,0.9992874955468471
0.28750064059857533,0.9992874955468471
0.28751537515375153,0.9992874955468471
0.28753011121931216,0.9992874955468471
0.28754484879548947,0.9992874955468471
0.2875595878825158,0.9992874955468471
0.2875743284806233,0.9992874955468471
0.2875890705900446,0.9992874955468471
0.287603814211012,0.9992874955468471
0.287618559343758,0.9992874955468471
0.28763330598851516,0.9992874955468471
0.2876480541455161,0.9992874955468471
0.2876628038149933,0.9992874955468471
0.2876775549971796,0.9992874955468471
0.2876923076923077,0.9992874955468471
0.2877070619006103,0.9992874955468471
0.28772181762232024,0.9992874955468471
0.2877365748576704,0.9992874955468471
0.2877513336068937,0.9992874955468471
0.2877660938702231,0.9992874955468471
0.28778085564789163,0.9992874955468471
0.28779561894013234,0.9992874955468471
0.2878103837471783,0.9992874955468471
0.28782515006926274,0.9992874955468471
0.2878399179066188,0.9992874955468471
0.2878546872594797,0.9992874955468471
0.2878694581280788,0.9992874955468471
0.28788423051264944,0.9992874955468471
0.28789900441342503,0.9992874955468471
0.2879137798306389,0.9992874955468471
0.2879285567645247,0.9992874955468471
0.2879433352153159,0.9992874955468471
0.2879581151832461,0.9992874955468471
0.28797289666854886,0.9992874955468471
0.2879876796714579,0.9992874955468471
0.288002464192207,0.9992874955468471
0.28801725023102986,0.9992874955468471
0.2880320377881604,0.9992874955468471
0.28804682686383243,0.9992874955468471
0.28806161745827985,0.9992874955468471
0.2880764095717367,0.9992874955468471
0.28809120320443693,0.9992874955468471
0.2881059983566146,0.9992874955468471
0.2881207950285039,0.9992874955468471
0.288135593220339,0.9992874955468471
0.288150392932354,0.9992874955468471
0.28816519416478326,0.9992874955468471
0.288179996917861,0.9992874955468471
0.2881948011918216,0.9992874955468471
0.28820960698689957,0.9992874955468471
0.28822441430332923,0.9992874955468471
0.2882392231413451,0.9992874955468471
0.2882540335011818,0.9992874955468471
0.28826884538307385,0.9992874955468471
0.2882836587872559,0.9992874955468471
0.28829847371396267,0.9992874955468471
0.28831329016342894,0.9992874955468471
0.2883281081358894,0.9992874955468471
0.2883429276315789,0.9992874955468471
0.28835774865073244,0.9992874955468471
0.2883725711935849,0.9992874955468471
0.28838739526037116,0.9992874955468471
0.28840222085132633,0.9992874955468471
0.2884170479666855,0.9992874955468471
0.2884318766066838,0.9992874955468471
0.28844670677155637,0.9992874955468471
0.28846153846153844,0.9992874955468471
0.28847637167686535,0.9992874955468471
0.2884912064177723,0.9992874955468471
0.2885060426844947,0.9992874955468471
0.28852088047726804,0.9992874955468471
0.28853571979632775,0.9992874955468471
0.28855056064190926,0.9992874955468471
0.2885654030142482,0.9992874955468471
0.28858024691358025,0.9992874955468471
0.28859509234014097,0.9992874955468471
0.28860993929416606,0.9992874955468471
0.28862478777589134,0.9992874955468471
0.28863963778555257,0.9992874955468471
0.28865448932338567,0.9992874955468471
0.28866934238962644,0.9992874955468471
0.28868419698451087,0.9992874955468471
0.288699053108275,0.9992874955468471
0.2887139107611549,0.9992874955468471
0.28872876994338653,0.9992874955468471
0.28874363065520614,0.9992874955468471
0.2887584928968499,0.9992874955468471
0.2887733566685541,0.9992874955468471
0.2887882219705549,0.9992874955468471
0.2888030888030888,0.9992874955468471
0.2888179571663921,0.9992874955468471
0.28883282706070124,0.9992874955468471
0.2888476984862527,0.9992874955468471
0.28886257144328303,0.9992874955468471
0.28887744593202885,0.9992874955468471
0.28889232195272674,0.9992874955468471
0.28890719950561333,0.9992874955468471
0.2889220785909255,0.9992874955468471
0.2889369592088999,0.9992874955468471
0.28895184135977336,0.9992874955468471
0.28896672504378285,0.9992874955468471
0.2889816102611652,0.9992874955468471
0.2889964970121574,0.9992874955468471
0.28901138529699655,0.9992874955468471
0.2890262751159196,0.9992874955468471
0.2890411664691638,0.9992874955468471
0.2890560593569662,0.9992874955468471
0.2890709537795641,0.9992874955468471
0.2890858497371947,0.9992874955468471
0.2891007472300953,0.9992874955468471
0.2891156462585034,0.9992874955468471
0.28913054682265626,0.9992874955468471
0.2891454489227915,0.9992874955468471
0.28916035255914646,0.9992874955468471
0.2891752577319588,0.9992874955468471
0.28919016444146606,0.9992874955468471
0.28920507268790596,0.9992874955468471
0.2892199824715162,0.9992874955468471
0.28923489379253453,0.9992874955468471
0.28924980665119876,0.9992874955468471
0.28926472104774675,0.9992874955468471
0.2892796369824163,0.9992874955468471
0.28929455445544555,0.9992874955468471
0.28930947346707236,0.9992874955468471
0.2893243940175348,0.9992874955468471
0.28933931610707103,0.9992874955468471
0.2893542397359191,0.9992874955468471
0.2893691649043173,0.9992874955468471
0.2893840916125039,0.9992874955468471
0.28939901986071703,0.9992874955468471
0.2894139496491952,0.9992874955468471
0.28942888097817676,0.9992874955468471
0.28944381384790013,0.9992874955468471
0.2894587482586038,0.9992874955468471
0.2894736842105263,0.9992874955468471
0.28948862170390627,0.9992874955468471
0.28950356073898237,0.9992874955468471
0.2895185013159932,0.9992874955468471
0.28953344343517756,0.9992874955468471
0.2895483870967742,0.9992874955468471
0.289563332301022,0.9992874955468471
0.2895782790481598,0.9992874955468471
0.2895932273384266,0.9992874955468471
0.28960817717206133,0.9992874955468471
0.28962312854930305,0.9992874955468471
0.28963808147039083,0.9992874955468471
0.2896530359355638,0.9992874955468471
0.2896679919450612,0.9992874955468471
0.28968294949912216,0.9992874955468471
0.28969790859798605,0.9992874955468471
0.28971286924189216,0.9992874955468471
0.2897278314310799,0.9992874955468471
0.28974279516578866,0.9992874955468471
0.28975776044625795,0.9992874955468471
0.2897727272727273,0.9992874955468471
0.2897876956454362,0.9992874955468471
0.2898026655646244,0.9992874955468471
0.2898176370305316,0.9992874955468471
0.2898326100433974,0.9992874955468471
0.28984758460346166,0.9992874955468471
0.28986256071096417,0.9992874955468471
0.28987753836614477,0.9992874955468471
0.2898925175692435,0.9992874955468471
0.2899074983205002,0.9992874955468471
0.289922480620155,0.9992874955468471
0.289937464468448,0.9992874955468471
0.2899524498656192,0.9992874955468471
0.28996743681190884,0.9992874955468471
0.28998242530755713,0.9992874955468471
0.2899974153528043,0.9992874955468471
0.2900124069478908,0.9992874955468471
0.29002740009305694,0.9992874955468471
0.29004239478854305,0.9992874955468471
0.2900573910345897,0.9992874955468471
0.29007238883143743,0.9992874955468471
0.2900873881793267,0.9992874955468471
0.2901023890784983,0.9992874955468471
0.29011739152919275,0.9992874955468471
0.2901323955316508,0.9992874955468471
0.29014740108611325,0.9992874955468471
0.29016240819282096,0.9992874955468471
0.2901774168520147,0.9992874955468471
0.29019242706393544,0.9992874955468471
0.29020743882882416,0.9992874955468471
0.2902224521469219,0.9992874955468471
0.29023746701846964,0.9992874955468471
0.29025248344370863,0.9992874955468471
0.29026750142287994,0.9992874955468471
0.29028252095622475,0.9992874955468471
0.2902975420439845,0.9992874955468471
0.2903125646864003,0.9992874955468471
0.2903275888837137,0.9992874955468471
0.290342614636166,0.9992874955468471
0.29035764194399877,0.9992874955468471
0.29037267080745344,0.9992874955468471
0.2903877012267716,0.9992874955468471
0.29040273320219484,0.9992874955468471
0.2904177667339649,0.9992874955468471
0.29043280182232345,0.9992874955468471
0.2904478384675123,0.9992874955468471
0.2904628766697732,0.9992874955468471
0.2904779164293481,0.9992874955468471
0.2904929577464789,0.9992874955468471
0.29050800062140747,0.9992874955468471
0.290523045054376,0.9992874955468471
0.2905380910456264,0.9992874955468471
0.2905531385954009,0.9992874955468471
0.29056818770394155,0.9992874955468471
0.29058323837149075,0.9992874955468471
0.2905982905982906,0.9992874955468471
0.2906133443845835,0.9992874955468471
0.29062839973061183,0.9992874955468471
0.29064345663661795,0.9992874955468471
0.2906585151028444,0.9992874955468471
0.2906735751295337,0.9992874955468471
0.29068863671692835,0.9992874955468471
0.290703699865271,0.9992874955468471
0.2907187645748044,0.9992874955468471
0.29073383084577115,0.9992874955468471
0.2907488986784141,0.9992874955468471
0.29076396807297605,0.9992874955468471
0.29077903902969987,0.9992874955468471
0.2907941115488285,0.9992874955468471
0.2908091856306049,0.9992874955468471
0.29082426127527217,0.9992874955468471
0.29083933848307325,0.9992874955468471
0.2908544172542514,0.9992874955468471
0.2908694975890496,0.9992874955468471
0.2908845794877113,0.9992874955468471
0.29089966295047964,0.9992874955468471
0.29091474797759803,0.9992874955468471
0.29092983456930976,0.9992874955468471
0.2909449227258583,0.9992874955468471
0.29096001244748715,0.9992874955468471
0.29097510373443985,0.9992874955468471
0.2909901965869599,0.9992874955468471
0.291005291005291,0.9992874955468471
0.2910203869896768,0.9992874955468471
0.29103548454036104,0.9992874955468471
0.29105058365758757,0.9992874955468471
0.2910656843416001,0.9992874955468471
0.2910807865926426,0.9992874955468471
0.2910958904109589,0.9992874955468471
0.2911109957967931,0.9992874955468471
0.2911261027503892,0.9992874955468471
0.2911412112719913,0.9992874955468471
0.2911563213618435,0.9992874955468471
0.29117143302018994,0.9992874955468471
0.29118654624727497,0.9992874955468471
0.29120166104334283,0.9992874955468471
0.2912167774086379,0.9992874955468471
0.29123189534340443,0.9992874955468471
0.291247014847887,0.9992874955468471
0.2912621359223301,0.9992874955468471
0.29127725856697817,0.9992874955468471
0.2912923827820759,0.9992874955468471
0.2913075085678679,0.9992874955468471
0.29132263592459884,0.9992874955468471
0.2913377648525135,0.9992874955468471
0.29135289535185666,0.9992874955468471
0.29136802742287315,0.9992874955468471
0.2913831610658079,0.9992874955468471
0.29139829628090586,0.9992874955468471
0.29141343306841205,0.9992874955468471
0.2914285714285714,0.9992874955468471
0.29144371136162917,0.9992874955468471
0.2914588528678304,0.9992874955468471
0.29116424116424117,0.9978624866405416
0.29117937522740267,0.9978624866405416
0.2911945108639152,0.9978624866405416
0.291209648074024,0.9978624866405416
0.29122478685797465,0.9978624866405416
0.2912399272160125,0.9978624866405416
0.29125506914838306,0.9978624866405416
0.291270212655332,0.9978624866405416
0.29128535773710484,0.9978624866405416
0.2913005043939473,0.9978624866405416
0.29131565262610504,0.9978624866405416
0.2913308024338239,0.9978624866405416
0.2913459538173497,0.9978624866405416
0.2913611067769283,0.9978624866405416
0.2913762613128056,0.9978624866405416
0.29139141742522756,0.9978624866405416
0.2914065751144403,0.9978624866405416
0.2914217343806898,0.9978624866405416
0.2914368952242222,0.9978624866405416
0.2914520576452838,0.9978624866405416
0.2914672216441207,0.9978624866405416
0.29148238722097924,0.9978624866405416
0.29149755437610575,0.9978624866405416
0.2915127231097466,0.9978624866405416
0.2915278934221482,0.9978624866405416
0.2915430653135571,0.9978624866405416
0.2915582387842198,0.9978624866405416
0.29157341383438296,0.9978624866405416
0.29158859046429314,0.9978624866405416
0.2916037686741971,0.9978624866405416
0.2916189484643415,0.9978624866405416
0.29163412983497317,0.9978624866405416
0.29164931278633904,0.9978624866405416
0.2916644973186859,0.9978624866405416
0.29167968343226075,0.9978624866405416
0.2916948711273106,0.9978624866405416
0.2917100604040825,0.9978624866405416
0.2917252512628235,0.9978624866405416
0.2917404437037809,0.9978624866405416
0.2917556377272017,0.9978624866405416
0.2917708333333333,0.9978624866405416
0.291786030522423,0.9978624866405416
0.2918012292947182,0.9978624866405416
0.2918164296504662,0.9978624866405416
0.29183163158991454,0.9978624866405416
0.2918468351133108,0.9978624866405416
0.29186204022090234,0.9978624866405416
0.291877246912937,0.9978624866405416
0.29189245518966234,0.9978624866405416
0.29190766505132615,0.9978624866405416
0.2919228764981761,0.9978624866405416
0.29193808953046013,0.9978624866405416
0.2919533041484261,0.9978624866405416
0.2919685203523219,0.9978624866405416
0.2919837381423955,0.9978624866405416
0.291998957518895,0.9978624866405416
0.2920141784820684,0.9978624866405416
0.2920294010321639,0.9978624866405416
0.2920446251694297,0.9978624866405416
0.29205985089411396,0.9978624866405416
0.29207507820646506,0.9978624866405416
0.29209030710673134,0.9978624866405416
0.2921055375951611,0.9978624866405416
0.2921207696720029,0.9978624866405416
0.2921360033375052,0.9978624866405416
0.29215123859191655,0.9978624866405416
0.2921664754354856,0.9978624866405416
0.29218171386846087,0.9978624866405416
0.2921969538910912,0.9978624866405416
0.29221219550362526,0.9978624866405416
0.29222743870631196,0.9978624866405416
0.2922426834994001,0.9978624866405416
0.2922579298831386,0.9978624866405416
0.2922731778577764,0.9978624866405416
0.29228842742356254,0.9978624866405416
0.29230367858074613,0.9978624866405416
0.2923189313295763,0.9978624866405416
0.29233418567030217,0.9978624866405416
0.29234944160317294,0.9978624866405416
0.292364699128438,0.9978624866405416
0.29237995824634655,0.9978624866405416
0.2923952189571481,0.9978624866405416
0.292410481261092,0.9978624866405416
0.29242574515842773,0.9978624866405416
0.29244101064940486,0.9978624866405416
0.292456277734273,0.9978624866405416
0.2924715464132818,0.9978624866405416
0.2924868166866809,0.9978624866405416
0.29250208855472015,0.9978624866405416
0.2925173620176492,0.9978624866405416
0.292532637075718,0.9978624866405416
0.29254791372917643,0.9978624866405416
0.2925631919782745,0.9978624866405416
0.29257847182326213,0.9978624866405416
0.2925937532643894,0.9978624866405416
0.2926090363019065,0.9978624866405416
0.2926243209360635,0.9978624866405416
0.2926396071671107,0.9978624866405416
0.2926548949952983,0.9978624866405416
0.29267018442087667,0.9978624866405416
0.2926854754440961,0.9978624866405416
0.2927007680652072,0.9978624866405416
0.29271606228446023,0.9978624866405416
0.2927313581021059,0.9978624866405416
0.2927466555183946,0.9978624866405416
0.29276195453357723,0.9978624866405416
0.29277725514790426,0.9978624866405416
0.2927925573616265,0.9978624866405416
0.2928078611749948,0.9978624866405416
0.2928231665882599,0.9978624866405416
0.29283847360167276,0.9978624866405416
0.29285378221548436,0.9978624866405416
0.29286909242994563,0.9978624866405416
0.2928844042453077,0.9978624866405416
0.2928997176618216,0.9978624866405416
0.29291503267973856,0.9978624866405416
0.2929303492993098,0.9978624866405416
0.2929456675207865,0.9978624866405416
0.29296098734442005,0.9978624866405416
0.29297630877046177,0.9978624866405416
0.29299163179916315,0.9978624866405416
0.2930069564307757,0.9978624866405416
0.2930222826655508,0.9978624866405416
0.2930376105037401,0.9978624866405416
0.29305293994559534,0.9978624866405416
0.29306827099136806,0.9978624866405416
0.29308360364131003,0.9978624866405416
0.2930989378956731,0.9978624866405416
0.2931142737547091,0.9978624866405416
0.29312961121866987,0.9978624866405416
0.2931449502878074,0.9978624866405416
0.2931602909623737,0.9978624866405416
0.2931756332426209,0.9978624866405416
0.293190977128801,0.9978624866405416
0.29320632262116614,0.9978624866405416
0.2932216697199686,0.9978624866405416
0.2932370184254606,0.9978624866405416
0.29325236873789456,0.9978624866405416
0.29326772065752277,0.9978624866405416
0.29328307418459765,0.9978624866405416
0.2932984293193717,0.9978624866405416
0.2933137860620975,0.9978624866405416
0.29332914441302754,0.9978624866405416
0.2933445043724145,0.9978624866405416
0.2933598659405111,0.9978624866405416
0.29337522911757,0.9978624866405416
0.29339059390384414,0.9978624866405416
0.2934059602995862,0.9978624866405416
0.29342132830504924,0.9978624866405416
0.2934366979204861,0.9978624866405416
0.2934520691461498,0.9978624866405416
0.29346744198229346,0.9978624866405416
0.2934828164291702,0.9978624866405416
0.29349819248703307,0.9978624866405416
0.2935135701561354,0.9978624866405416
0.2935289494367304,0.9978624866405416
0.29354433032907146,0.9978624866405416
0.2935597128334119,0.9978624866405416
0.2935750969500052,0.9978624866405416
0.2936058700209644,0.9978624866405416
0.2936212589758373,0.9978624866405416
0.29363664954397733,0.9978624866405416
0.2936520417256382,0.9978624866405416
0.2936674355210736,0.9978624866405416
0.2936828309305374,0.9978624866405416
0.2936982279542833,0.9978624866405416
0.2937136265925654,0.9978624866405416
0.29372902684563756,0.9978624866405416
0.2937444287137539,0.9978624866405416
0.29375983219716834,0.9978624866405416
0.2937752372961351,0.9978624866405416
0.2937906440109083,0.9978624866405416
0.2938060523417423,0.9978624866405416
0.2938214622888912,0.9978624866405416
0.2938368738526095,0.9978624866405416
0.29385228703315147,0.9978624866405416
0.29386770183077165,0.9978624866405416
0.2938831182457245,0.9978624866405416
0.2938985362782645,0.9978624866405416
0.2939139559286464,0.9978624866405416
0.2939293771971247,0.9978624866405416
0.29394480008395424,0.9978624866405416
0.29396022458938975,0.9978624866405416
0.293975650713686,0.9978624866405416
0.2939910784570979,0.9978624866405416
0.29400650781988036,0.9978624866405416
0.29402193880228833,0.9978624866405416
0.294037371404577,0.9978624866405416
0.2940528056270012,0.9978624866405416
0.29406824146981625,0.9978624866405416
0.29408367893327736,0.9978624866405416
0.29409911801763966,0.9978624866405416
0.2941145587231585,0.9978624866405416
0.29413000105008924,0.9978624866405416
0.29414544499868733,0.9978624866405416
0.29416089056920813,0.9978624866405416
0.29417633776190727,0.9978624866405416
0.2941917865770402,0.9978624866405416
0.2942072370148627,0.9978624866405416
0.29422268907563026,0.9978624866405416
0.2942381427595987,0.9978624866405416
0.29425359806702384,0.9978624866405416
0.2942690549981615,0.9978624866405416
0.2942845135532675,0.9978624866405416
0.29429997373259786,0.9978624866405416
0.29431543553640854,0.9978624866405416
0.2943308989649556,0.9978624866405416
0.2943463640184952,0.9978624866405416
0.2943618306972834,0.9978624866405416
0.29437729900157644,0.9978624866405416
0.2943927689316307,0.9978624866405416
0.2944082404877023,0.9978624866405416
0.2944237136700478,0.9978624866405416
0.2944391884789236,0.9978624866405416
0.29445466491458605,0.9978624866405416
0.29447014297729185,0.9978624866405416
0.2944856226672975,0.9978624866405416
0.2945011039848596,0.9978624866405416
0.294516586930235,0.9978624866405416
0.2945320715036803,0.9978624866405416
0.29454755770545243,0.9978624866405416
0.2945630455358082,0.9978624866405416
0.29457853499500447,0.9978624866405416
0.29459402608329827,0.9978624866405416
0.2946095188009466,0.9978624866405416
0.2946250131482066,0.9978624866405416
0.2946405091253353,0.9978624866405416
0.29465600673258996,0.9978624866405416
0.2946715059702278,0.9978624866405416
0.29468700683850607,0.9978624866405416
0.29470250933768216,0.9978624866405416
0.29471801346801346,0.9978624866405416
0.29473351922975743,0.9978624866405416
0.29474902662317165,0.9978624866405416
0.29476453564851357,0.9978624866405416
0.2947800463060408,0.9978624866405416
0.29479555859601114,0.9978624866405416
0.29481107251868227,0.9978624866405416
0.2948265880743119,0.9978624866405416
0.2948421052631579,0.9978624866405416
0.29485762408547816,0.9978624866405416
0.2948731445415307,0.9978624866405416
0.2948886666315734,0.9978624866405416
0.2949041903558644,0.9978624866405416
0.29491971571466175,0.9978624866405416
0.29493524270822363,0.9978624866405416
0.2949507713368083,0.9978624866405416
0.29496630160067394,0.9978624866405416
0.294981833500079,0.9978624866405416
0.29499736703528173,0.9978624866405416
0.29501290220654064,0.9978624866405416
0.2950284390141142,0.9978624866405416
0.29504397745826094,0.9978624866405416
0.2950595175392394,0.9978624866405416
0.2950750592573084,0.9978624866405416
0.2950906026127265,0.9978624866405416
0.2951061476057525,0.9978624866405416
0.29512169423664525,0.9978624866405416
0.29513724250566353,0.9978624866405416
0.2951527924130664,0.9978624866405416
0.2951683439591127,0.9978624866405416
0.29518389714406157,0.9978624866405416
0.295199451968172,0.9978624866405416
0.29521500843170323,0.9978624866405416
0.29523056653491436,0.9978624866405416
0.29524612627806474,0.9978624866405416
0.2952616876614136,0.9978624866405416
0.2952772506852203,0.9978624866405416
0.29529281534974433,0.9978624866405416
0.29530838165524514,0.9978624866405416
0.29532394960198216,0.9978624866405416
0.2953395191902151,0.9978624866405416
0.2953550904202035,0.9978624866405416
0.2953706632922071,0.9978624866405416
0.29538623780648565,0.9978624866405416
0.2954018139632989,0.9978624866405416
0.2954173917629067,0.9978624866405416
0.29543297120556905,0.9978624866405416
0.2954485522915458,0.9978624866405416
0.29546413502109703,0.9978624866405416
0.2954797193944828,0.9978624866405416
0.2954953054119633,0.9978624866405416
0.2955108930737986,0.9978624866405416
0.295526482380249,0.9978624866405416
0.2955420733315748,0.9978624866405416
0.2955576659280363,0.9978624866405416
0.29557326016989394,0.9978624866405416
0.2955888560574082,0.9978624866405416
0.29560445359083953,0.9978624866405416
0.29562005277044856,0.9978624866405416
0.29563565359649585,0.9978624866405416
0.29565125606924214,0.9978624866405416
0.2956668601889481,0.9978624866405416
0.2956824659558746,0.9978624866405416
0.2956980733702824,0.9978624866405416
0.29571368243243246,0.9978624866405416
0.29572929314258567,0.9978624866405416
0.2957449055010031,0.9978624866405416
0.29576051950794574,0.9978624866405416
0.29577613516367474,0.9978624866405416
0.29579175246845135,0.9978624866405416
0.2958073714225367,0.9978624866405416
0.2958229920261921,0.9978624866405416
0.2958386142796789,0.9978624866405416
0.2958542381832585,0.9978624866405416
0.2958698637371924,0.9978624866405416
0.29588549094174194,0.9978624866405416
0.2959011197971688,0.9978624866405416
0.2959167503037346,0.9978624866405416
0.295932382461701,0.9978624866405416
0.2959480162713297,0.9978624866405416
0.2959636517328825,0.9978624866405416
0.2959792888466212,0.9978624866405416
0.29599492761280777,0.9978624866405416
0.2960105680317041,0.9978624866405416
0.29602621010357216,0.9978624866405416
0.2960418538286741,0.9978624866405416
0.296057499207272,0.9978624866405416
0.29607314623962794,0.9978624866405416
0.2960887949260042,0.9978624866405416
0.29610444526666313,0.9978624866405416
0.296120097261867,0.9978624866405416
0.2961357509118782,0.9978624866405416
0.2961514062169592,0.9978624866405416
0.29616706317737246,0.9978624866405416
0.29618272179338057,0.9978624866405416
0.2961983820652461,0.9978624866405416
0.2962140439932318,0.9978624866405416
0.29622970757760037,0.9978624866405416
0.2962453728186145,0.9978624866405416
0.2962610397165371,0.9978624866405416
0.29627670827163105,0.9978624866405416
0.2962923784841593,0.9978624866405416
0.29630805035438484,0.9978624866405416
0.2963237238825707,0.9978624866405416
0.2963393990689801,0.9978624866405416
0.2963550759138761,0.9978624866405416
0.296370754417522,0.9978624866405416
0.29638643458018094,0.9978624866405416
0.2964021164021164,0.9978624866405416
0.29641779988359174,0.9978624866405416
0.2964334850248704,0.9978624866405416
0.2964491718262158,0.9978624866405416
0.2964648602878916,0.9978624866405416
0.2964805504101614,0.9978624866405416
0.29649624219328885,0.9978624866405416
0.2965119356375377,0.9978624866405416
0.29652763074317173,0.9978624866405416
0.2965433275104547,0.9978624866405416
0.2965590259396506,0.9978624866405416
0.29657472603102336,0.9978624866405416
0.2965904277848369,0.9978624866405416
0.2966061312013554,0.9978624866405416
0.29662183628084293,0.9978624866405416
0.29663754302356365,0.9978624866405416
0.29665325142978183,0.9978624866405416
0.2966689614997617,0.9978624866405416
0.2966846732337676,0.9978624866405416
0.296700386632064,0.9978624866405416
0.29671610169491525,0.9978624866405416
0.29673181842258595,0.9978624866405416
0.2967475368153406,0.9978624866405416
0.29676325687344385,0.9978624866405416
0.2967789785971604,0.9978624866405416
0.29679470198675495,0.9978624866405416
0.29681042704249233,0.9978624866405416
0.29682615376463733,0.9978624866405416
0.29684188215345486,0.9978624866405416
0.2968576122092099,0.9978624866405416
0.29687334393216747,0.9978624866405416
0.2968890773225926,0.9978624866405416
0.2969048123807505,0.9978624866405416
0.29692054910690624,0.9978624866405416
0.2969362875013251,0.9978624866405416
0.29695202756427247,0.9978624866405416
0.2969677692960136,0.9978624866405416
0.2969835126968139,0.9978624866405416
0.2969992577669388,0.9978624866405416
0.29701500450665397,0.9978624866405416
0.2970307529162248,0.9978624866405416
0.29704650299591706,0.9978624866405416
0.2970622547459964,0.9978624866405416
0.2970780081667285,0.9978624866405416
0.2970937632583793,0.9978624866405416
0.29710952002121455,0.9978624866405416
0.2971252784555002,0.9978624866405416
0.29714103856150215,0.9978624866405416
0.29715680033948655,0.9978624866405416
0.2971725637897194,0.9978624866405416
0.2971883289124668,0.9978624866405416
0.2972040957079951,0.9978624866405416
0.2972198641765705,0.9978624866405416
0.2972356343184592,0.9978624866405416
0.29725140613392764,0.9978624866405416
0.29726717962324223,0.9978624866405416
0.2972829547866695,0.9978624866405416
0.29729873162447595,0.9978624866405416
0.2973145101369281,0.9978624866405416
0.2973460721868365,0.9978624866405416
0.29736185572482615,0.9978624866405416
0.29737764093852853,0.9978624866405416
0.29739342782821043,0.9978624866405416
0.29740921639413886,0.9978624866405416
0.29742500663658084,0.9978624866405416
0.29744079855580335,0.9978624866405416
0.2974565921520735,0.9978624866405416
0.29747238742565846,0.9978624866405416
0.29748818437682545,0.9978624866405416
0.29750398300584174,0.9978624866405416
0.2975197833129747,0.9978624866405416
0.2975355852984916,0.9978624866405416
0.29755138896266004,0.9978624866405416
0.29756719430574735,0.9978624866405416
0.29758300132802123,0.9978624866405416
0.29759881002974925,0.9978624866405416
0.29761462041119907,0.9978624866405416
0.29763043247263843,0.9978624866405416
0.29764624621433505,0.9978624866405416
0.29766206163655684,0.9978624866405416
0.2976778787395717,0.9978624866405416
0.29769369752364755,0.9978624866405416
0.29770951798905243,0.9978624866405416
0.2977253401360544,0.9978624866405416
0.2977411639649216,0.9978624866405416
0.29775698947592216,0.9978624866405416
0.2977728166693244,0.9978624866405416
0.2977886455453966,0.9978624866405416
0.297804476104407,0.9978624866405416
0.29782030834662415,0.9978624866405416
0.2978361422723164,0.9978624866405416
0.29785197788175244,0.9978624866405416
0.2978678151752007,0.9978624866405416
0.2978836541529299,0.9978624866405416
0.2978994948152087,0.9978624866405416
0.2979153371623059,0.9978624866405416
0.29793118119449025,0.9978624866405416
0.2979470269120306,0.9978624866405416
0.297962874315196,0.9978624866405416
0.2979787234042553,0.9978624866405416
0.2979945741794776,0.9978624866405416
0.29801042664113203,0.9978624866405416
0.2980262807894877,0.9978624866405416
0.29804213662481377,0.9978624866405416
0.2980579941473796,0.9978624866405416
0.2980738533574545,0.9978624866405416
0.29808971425530784,0.9978624866405416
0.29810557684120903,0.9978624866405416
0.2981214411154276,0.9978624866405416
0.2981373070782331,0.9978624866405416
0.29815317472989517,0.9978624866405416
0.2981690440706834,0.9978624866405416
0.29818491510086764,0.9978624866405416
0.29820078782071757,0.9978624866405416
0.2982166622305031,0.9978624866405416
0.298232538330494,0.9978624866405416
0.2982484161209604,0.9978624866405416
0.2982110531359813,0.9976843605272533
0.2982269314732975,0.9976843605272533
0.2982428115015974,0.9976843605272533
0.2982586932211513,0.9976843605272533
0.2982745766322292,0.9976843605272533
0.29829046173510143,0.9976843605272533
0.29830634853003835,0.9976843605272533
0.29832223701731025,0.9976843605272533
0.2983381271971876,0.9976843605272533
0.29835401906994086,0.9976843605272533
0.2983699126358406,0.9976843605272533
0.29838580789515745,0.9976843605272533
0.298401704848162,0.9976843605272533
0.2984176034951249,0.9976843605272533
0.2984335038363171,0.9976843605272533
0.29844940587200935,0.9976843605272533
0.2984653096024726,0.9976843605272533
0.29848121502797764,0.9976843605272533
0.2984971221487956,0.9976843605272533
0.2985130309651975,0.9976843605272533
0.2985289414774544,0.9976843605272533
0.29854485368583766,0.9976843605272533
0.29856076759061834,0.9976843605272533
0.2985766831920678,0.9976843605272533
0.2985926004904574,0.9976843605272533
0.29860851948605854,0.9976843605272533
0.2986244401791427,0.9976843605272533
0.29864036256998133,0.9976843605272533
0.29865628665884614,0.9976843605272533
0.2986722124460086,0.9976843605272533
0.2986881399317406,0.9976843605272533
0.2987040691163138,0.9976843605272533
0.29872,0.9976843605272533
0.2987359325830711,0.9976843605272533
0.298751866865799,0.9976843605272533
0.2987678028484558,0.9976843605272533
0.29878374053131335,0.9976843605272533
0.2987996799146439,0.9976843605272533
0.2988156209987196,0.9976843605272533
0.29883156378381265,0.9976843605272533
0.2988475082701953,0.9976843605272533
0.2988634544581399,0.9976843605272533
0.2988794023479189,0.9976843605272533
0.2988953519398047,0.9976843605272533
0.2989113032340698,0.9976843605272533
0.2989272562309868,0.9976843605272533
0.2989432109308284,0.9976843605272533
0.29895916733386707,0.9976843605272533
0.2989751254403758,0.9976843605272533
0.29899108525062723,0.9976843605272533
0.2990070467648943,0.9976843605272533
0.2990230099834499,0.9976843605272533
0.299038974906567,0.9976843605272533
0.29905494153451867,0.9976843605272533
0.29907090986757795,0.9976843605272533
0.29908687990601807,0.9976843605272533
0.29910285165011213,0.9976843605272533
0.2991188251001335,0.9976843605272533
0.29913480025635547,0.9976843605272533
0.2991507771190514,0.9976843605272533
0.2991667556884948,0.9976843605272533
0.29918273596495915,0.9976843605272533
0.29919871794871794,0.9976843605272533
0.2992147016400449,0.9976843605272533
0.29923068703921357,0.9976843605272533
0.29924667414649786,0.9976843605272533
0.2992626629621714,0.9976843605272533
0.2992786534865082,0.9976843605272533
0.299294645719782,0.9976843605272533
0.2993106396622669,0.9976843605272533
0.29932663531423687,0.9976843605272533
0.299342632675966,0.9976843605272533
0.2993586317477285,0.9976843605272533
0.2993746325297985,0.9976843605272533
0.2993906350224503,0.9976843605272533
0.29940663922595817,0.9976843605272533
0.2994226451405966,0.9976843605272533
0.29943865276663995,0.9976843605272533
0.2994546621043627,0.9976843605272533
0.29947067315403947,0.9976843605272533
0.2994866859159448,0.9976843605272533
0.2995027003903535,0.9976843605272533
0.2995187165775401,0.9976843605272533
0.29953473447777956,0.9976843605272533
0.2995507540913467,0.9976843605272533
0.29956677541851634,0.9976843605272533
0.29958279845956354,0.9976843605272533
0.29959882321476333,0.9976843605272533
0.2996148496843907,0.9976843605272533
0.2996308778687209,0.9976843605272533
0.2996469077680291,0.9976843605272533
0.29966293938259053,0.9976843605272533
0.29967897271268057,0.9976843605272533
0.29969500775857455,0.9976843605272533
0.2997110445205479,0.9976843605272533
0.29972708299887624,0.9976843605272533
0.29974312319383495,0.9976843605272533
0.2997591651056998,0.9976843605272533
0.29977520873474633,0.9976843605272533
0.29979125408125035,0.9976843605272533
0.29980730114548765,0.9976843605272533
0.2998233499277341,0.9976843605272533
0.2998394004282655,0.9976843605272533
0.299855452647358,0.9976843605272533
0.2998715065852875,0.9976843605272533
0.29988756224233015,0.9976843605272533
0.29990361961876205,0.9976843605272533
0.2999196787148594,0.9976843605272533
0.2999357395308986,0.9976843605272533
0.29995180206715577,0.9976843605272533
0.29996786632390743,0.9976843605272533
0.29998393230143,0.9976843605272533
0.3,0.9976843605272533
0.30001606941989395,0.9976843605272533
0.3000321405613885,0.9976843605272533
0.3000482134247603,0.9976843605272533
0.30006428801028606,0.9976843605272533
0.3000803643182427,0.9976843605272533
0.300096442348907,0.9976843605272533
0.30011252210255585,0.9976843605272533
0.3001286035794663,0.9976843605272533
0.30014468677991535,0.9976843605272533
0.30016077170418004,0.9976843605272533
0.30017685835253766,0.9976843605272533
0.3001929467252653,0.9976843605272533
0.3002090368226403,0.9976843605272533
0.30022512864493994,0.9976843605272533
0.3002412221924417,0.9976843605272533
0.30025731746542295,0.9976843605272533
0.30028951318893415,0.9976843605272533
0.3003056136400193,0.9976843605272533
0.30032171581769435,0.9976843605272533
0.3003378197222371,0.9976843605272533
0.30035392535392536,0.9976843605272533
0.30037003271303697,0.9976843605272533
0.30038614179984985,0.9976843605272533
0.300402252614642,0.9976843605272533
0.3004183651576915,0.9976843605272533
0.3004344794292764,0.9976843605272533
0.30045059542967495,0.9976843605272533
0.3004667131591653,0.9976843605272533
0.3004828326180258,0.9976843605272533
0.3004989538065347,0.9976843605272533
0.30051507672497046,0.9976843605272533
0.3005312013736116,0.9976843605272533
0.3005473277527366,0.9976843605272533
0.3005634558626241,0.9976843605272533
0.30057958570355264,0.9976843605272533
0.300595717275801,0.9976843605272533
0.3006118505796479,0.9976843605272533
0.30062798561537224,0.9976843605272533
0.30064412238325283,0.9976843605272533
0.3006602608835686,0.9976843605272533
0.30067640111659866,0.9976843605272533
0.300692543082622,0.9976843605272533
0.30070868678191776,0.9976843605272533
0.3007248322147651,0.9976843605272533
0.3007409793814433,0.9976843605272533
0.30075712828223167,0.9976843605272533
0.3007732789174095,0.9976843605272533
0.3007894312872563,0.9976843605272533
0.30080558539205154,0.9976843605272533
0.3008217412320748,0.9976843605272533
0.30083789880760553,0.9976843605272533
0.3008540581189236,0.9976843605272533
0.3008702191663086,0.9976843605272533
0.3008863819500403,0.9976843605272533
0.3009025464703986,0.9976843605272533
0.30091871272766346,0.9976843605272533
0.3009348807221148,0.9976843605272533
0.3009510504540326,0.9976843605272533
0.30096722192369696,0.9976843605272533
0.30098339513138805,0.9976843605272533
0.3009995700773861,0.9976843605272533
0.3010157467619713,0.9976843605272533
0.30103192518542404,0.9976843605272533
0.30104810534802473,0.9976843605272533
0.30106428725005374,0.9976843605272533
0.30108047089179163,0.9976843605272533
0.301096656273519,0.9976843605272533
0.30111284339551636,0.9976843605272533
0.30112903225806453,0.9976843605272533
0.3011452228614442,0.9976843605272533
0.30116141520593614,0.9976843605272533
0.30117760929182125,0.9976843605272533
0.3011938051193805,0.9976843605272533
0.30121000268889486,0.9976843605272533
0.30122620200064537,0.9976843605272533
0.3012424030549131,0.9976843605272533
0.30125860585197933,0.9976843605272533
0.3012748103921252,0.9976843605272533
0.3012910166756321,0.9976843605272533
0.3013072247027812,0.9976843605272533
0.3013234344738541,0.9976843605272533
0.3013396459891322,0.9976843605272533
0.301355859248897,0.9976843605272533
0.3013720742534302,0.9976843605272533
0.30138829100301334,0.9976843605272533
0.30140450949792824,0.9976843605272533
0.30142072973845657,0.9976843605272533
0.3014369517248803,0.9976843605272533
0.3014531754574812,0.9976843605272533
0.30146940093654123,0.9976843605272533
0.30148562816234253,0.9976843605272533
0.30150185713516714,0.9976843605272533
0.30151808785529716,0.9976843605272533
0.3015343203230148,0.9976843605272533
0.30155055453860236,0.9976843605272533
0.3015667905023421,0.9976843605272533
0.3015830282145165,0.9976843605272533
0.3015992676754079,0.9976843605272533
0.30161550888529887,0.9976843605272533
0.301631751844472,0.9976843605272533
0.30164799655320984,0.9976843605272533
0.3016642430117951,0.9976843605272533
0.3016804912205106,0.9976843605272533
0.3016967411796391,0.9976843605272533
0.30171299288946346,0.9976843605272533
0.30172924635026666,0.9976843605272533
0.30174550156233165,0.9976843605272533
0.3017617585259415,0.9976843605272533
0.3017780172413793,0.9976843605272533
0.3017942777089283,0.9976843605272533
0.30181053992887164,0.9976843605272533
0.3018268039014927,0.9976843605272533
0.3018430696270748,0.9976843605272533
0.30185933710590135,0.9976843605272533
0.3018756063382559,0.9976843605272533
0.3018918773244219,0.9976843605272533
0.3019081500646831,0.9976843605272533
0.30192442455932295,0.9976843605272533
0.30194070080862534,0.9976843605272533
0.30195697881287403,0.9976843605272533
0.3019732585723528,0.9976843605272533
0.3019895400873457,0.9976843605272533
0.3020058233581365,0.9976843605272533
0.3020221083850094,0.9976843605272533
0.3020383951682485,0.9976843605272533
0.3020546837081378,0.9976843605272533
0.3020709740049617,0.9976843605272533
0.3020872660590044,0.9976843605272533
0.30210355987055015,0.9976843605272533
0.3021198554398835,0.9976843605272533
0.30213615276728883,0.9976843605272533
0.3021524518530507,0.9976843605272533
0.3021687526974536,0.9976843605272533
0.3021850553007823,0.9976843605272533
0.30220135966332146,0.9976843605272533
0.30221766578535586,0.9976843605272533
0.3022339736671703,0.9976843605272533
0.3022502833090497,0.9976843605272533
0.302266594711279,0.9976843605272533
0.30228290787414325,0.9976843605272533
0.3022992227979275,0.9976843605272533
0.30231553948291684,0.9976843605272533
0.30233185792939654,0.9976843605272533
0.3023481781376518,0.9976843605272533
0.30236450010796806,0.9976843605272533
0.3023808238406306,0.9976843605272533
0.3023971493359248,0.9976843605272533
0.30241347659413637,0.9976843605272533
0.3024298056155508,0.9976843605272533
0.3024461364004536,0.9976843605272533
0.3024624689491306,0.9976843605272533
0.3024788032618675,0.9976843605272533
0.3024951393389501,0.9976843605272533
0.30251147718066435,0.9976843605272533
0.3025278167872961,0.9976843605272533
0.30254415815913144,0.9976843605272533
0.30256050129645634,0.9976843605272533
0.302576846199557,0.9976843605272533
0.3025931928687196,0.9976843605272533
0.3026095413042304,0.9976843605272533
0.30262589150637564,0.9976843605272533
0.3026422434754417,0.9976843605272533
0.3026585972117151,0.9976843605272533
0.3026749527154823,0.9976843605272533
0.3026913099870298,0.9976843605272533
0.3027076690266443,0.9976843605272533
0.3027240298346125,0.9976843605272533
0.302740392411221,0.9976843605272533
0.3027567567567568,0.9976843605272533
0.3027731228715066,0.9976843605272533
0.3027894907557574,0.9976843605272533
0.3028058604097962,0.9976843605272533
0.30282223183391005,0.9976843605272533
0.30283860502838605,0.9976843605272533
0.3028549799935114,0.9976843605272533
0.3028713567295733,0.9976843605272533
0.3028877352368592,0.9976843605272533
0.30290411551565627,0.9976843605272533
0.302920497566252,0.9976843605272533
0.302936881388934,0.9976843605272533
0.3029532669839896,0.9976843605272533
0.3029696543517066,0.9976843605272533
0.3029860434923726,0.9976843605272533
0.30300243440627533,0.9976843605272533
0.30301882709370265,0.9976843605272533
0.3030352215549424,0.9976843605272533
0.30305161779028245,0.9976843605272533
0.3030680158000108,0.9976843605272533
0.30308441558441557,0.9976843605272533
0.30310081714378484,0.9976843605272533
0.3031172204784068,0.9976843605272533
0.3031336255885696,0.9976843605272533
0.30315003247456157,0.9976843605272533
0.3031664411366712,0.9976843605272533
0.30318285157518676,0.9976843605272533
0.3031992637903968,0.9976843605272533
0.30321567778258984,0.9976843605272533
0.30323209355205455,0.9976843605272533
0.3032485110990796,0.9976843605272533
0.30326493042395364,0.9976843605272533
0.30328135152696556,0.9976843605272533
0.30329777440840416,0.9976843605272533
0.30331419906855844,0.9976843605272533
0.3033306255077173,0.9976843605272533
0.3033470537261698,0.9976843605272533
0.3033634837242052,0.9976843605272533
0.30337991550211246,0.9976843605272533
0.3033963490601809,0.9976843605272533
0.3034127843986999,0.9976843605272533
0.3034292215179587,0.9976843605272533
0.30344566041824683,0.9976843605272533
0.3034621010998537,0.9976843605272533
0.3034785435630689,0.9976843605272533
0.30349498780818207,0.9976843605272533
0.30351143383548285,0.9976843605272533
0.30352788164526096,0.9976843605272533
0.3035443312378062,0.9976843605272533
0.30356078261340846,0.9976843605272533
0.30357723577235773,0.9976843605272533
0.3035936907149439,0.9976843605272533
0.3036101474414571,0.9976843605272533
0.3036266059521873,0.9976843605272533
0.30364306624742493,0.9976843605272533
0.30365952832746,0.9976843605272533
0.30367599219258296,0.9976843605272533
0.3036924578430841,0.9976843605272533
0.30370892527925386,0.9976843605272533
0.3037253945013828,0.9976843605272533
0.3037418655097614,0.9976843605272533
0.3037583383046803,0.9976843605272533
0.3037748128864302,0.9976843605272533
0.30379128925530186,0.9976843605272533
0.30380776741158605,0.9976843605272533
0.3038242473555736,0.9976843605272533
0.3038407290875556,0.9976843605272533
0.30385721260782295,0.9976843605272533
0.3038736979166667,0.9976843605272533
0.3038901850143779,0.9976843605272533
0.303906673901248,0.9976843605272533
0.30392316457756796,0.9976843605272533
0.30393965704362924,0.9976843605272533
0.30395615129972325,0.9976843605272533
0.3039726473461413,0.9976843605272533
0.30398914518317505,0.9976843605272533
0.3040056448111159,0.9976843605272533
0.30402214623025564,0.9976843605272533
0.3040386494408859,0.9976843605272533
0.3040551544432984,0.9976843605272533
0.304071661237785,0.9976843605272533
0.3040881698246376,0.9976843605272533
0.3041046802041481,0.9976843605272533
0.30412119237660856,0.9976843605272533
0.304137706342311,0.9976843605272533
0.30415422210154763,0.9976843605272533
0.3041707396546106,0.9976843605272533
0.3041872590017922,0.9976843605272533
0.3042037801433847,0.9976843605272533
0.3042203030796806,0.9976843605272533
0.3042368278109723,0.9976843605272533
0.3042533543375523,0.9976843605272533
0.30426988265971316,0.9976843605272533
0.3042864127777476,0.9976843605272533
0.3042486145822015,0.9975062344139651
0.30426514534093996,0.9975062344139651
0.30428167789610955,0.9975062344139651
0.304298212248003,0.9975062344139651
0.30431474839691336,0.9975062344139651
0.3043312863431335,0.9975062344139651
0.30434782608695654,0.9975062344139651
0.30436436762867547,0.9975062344139651
0.30438091096858355,0.9975062344139651
0.30439745610697394,0.9975062344139651
0.30441400304414,0.9975062344139651
0.3044305517803751,0.9975062344139651
0.3044471023159726,0.9975062344139651
0.304463654651226,0.9975062344139651
0.3044802087864289,0.9975062344139651
0.3044967647218748,0.9975062344139651
0.3045133224578575,0.9975062344139651
0.30452988199467074,0.9975062344139651
0.3045464433326082,0.9975062344139651
0.3045630064719639,0.9975062344139651
0.30457957141303166,0.9975062344139651
0.30459613815610553,0.9975062344139651
0.30461270670147955,0.9975062344139651
0.30462927704944787,0.9975062344139651
0.30464584920030463,0.9975062344139651
0.30466242315434416,0.9975062344139651
0.30467899891186073,0.9975062344139651
0.3046955764731487,0.9975062344139651
0.30471215583850253,0.9975062344139651
0.3047287370082168,0.9975062344139651
0.30474531998258597,0.9975062344139651
0.3047619047619048,0.9975062344139651
0.30477849134646784,0.9975062344139651
0.30479507973656994,0.9975062344139651
0.30481166993250597,0.9975062344139651
0.3048282619345708,0.9975062344139651
0.30484485574305936,0.9975062344139651
0.30486145135826664,0.9975062344139651
0.3048780487804878,0.9975062344139651
0.304894648010018,0.9975062344139651
0.30491124904715233,0.9975062344139651
0.30492785189218624,0.9975062344139651
0.30494445654541497,0.9975062344139651
0.30496106300713394,0.9975062344139651
0.3049776712776386,0.9975062344139651
0.30499428135722456,0.9975062344139651
0.30501089324618735,0.9975062344139651
0.3050275069448227,0.9975062344139651
0.3050441224534263,0.9975062344139651
0.3050607397722939,0.9975062344139651
0.3050773589017215,0.9975062344139651
0.3050939798420049,0.9975062344139651
0.30511060259344014,0.9975062344139651
0.30512722715632323,0.9975062344139651
0.3051438535309503,0.9975062344139651
0.30516048171761756,0.9975062344139651
0.30517711171662126,0.9975062344139651
0.3051937435282577,0.9975062344139651
0.3052103771528232,0.9975062344139651
0.30522701259061424,0.9975062344139651
0.3052436498419274,0.9975062344139651
0.30526028890705914,0.9975062344139651
0.30527692978630616,0.9975062344139651
0.30529357247996514,0.9975062344139651
0.30531021698833277,0.9975062344139651
0.305326863311706,0.9975062344139651
0.3053435114503817,0.9975062344139651
0.3053601614046567,0.9975062344139651
0.30537681317482823,0.9975062344139651
0.3053934667611932,0.9975062344139651
0.3054101221640489,0.9975062344139651
0.3054267793836924,0.9975062344139651
0.3054434384204211,0.9975062344139651
0.30546009927453227,0.9975062344139651
0.3054767619463234,0.9975062344139651
0.30549342643609184,0.9975062344139651
0.3055100927441353,0.9975062344139651
0.30552676087075126,0.9975062344139651
0.30554343081623747,0.9975062344139651
0.30556010258089156,0.9975062344139651
0.30557677616501144,0.9975062344139651
0.30559345156889495,0.9975062344139651
0.30561012879284,0.9975062344139651
0.3056268078371446,0.9975062344139651
0.3056434887021068,0.9975062344139651
0.30566017138802465,0.9975062344139651
0.3056768558951965,0.9975062344139651
0.30569354222392053,0.9975062344139651
0.305710230374495,0.9975062344139651
0.30572692034721843,0.9975062344139651
0.30574361214238915,0.9975062344139651
0.3057603057603058,0.9975062344139651
0.3057770012012668,0.9975062344139651
0.3057936984655709,0.9975062344139651
0.3058103975535168,0.9975062344139651
0.3058270984654033,0.9975062344139651
0.3058438012015292,0.9975062344139651
0.3058605057621935,0.9975062344139651
0.305877212147695,0.9975062344139651
0.3058939203583329,0.9975062344139651
0.3059106303944062,0.9975062344139651
0.30592734225621415,0.9975062344139651
0.30594405594405594,0.9975062344139651
0.3059607714582309,0.9975062344139651
0.30597748879903836,0.9975062344139651
0.3059942079667778,0.9975062344139651
0.30601092896174864,0.9975062344139651
0.3060276517842505,0.9975062344139651
0.306044376434583,0.9975062344139651
0.30606110291304583,0.9975062344139651
0.3060778312199388,0.9975062344139651
0.3060945613555616,0.9975062344139651
0.30611129332021425,0.9975062344139651
0.3061447627378089,0.9975062344139651
0.3061615001913509,0.9975062344139651
0.306178239475123,0.9975062344139651
0.30619498058942535,0.9975062344139651
0.30621172353455817,0.9975062344139651
0.3062284683108219,0.9975062344139651
0.3062452149185169,0.9975062344139651
0.30626196335794365,0.9975062344139651
0.30627871362940273,0.9975062344139651
0.30629546573319477,0.9975062344139651
0.3063122196696204,0.9975062344139651
0.30632897543898036,0.9975062344139651
0.3063457330415755,0.9975062344139651
0.30636249247770664,0.9975062344139651
0.3063792537476748,0.9975062344139651
0.3063960168517809,0.9975062344139651
0.3064127817903261,0.9975062344139651
0.3064295485636115,0.9975062344139651
0.30644631717193827,0.9975062344139651
0.30646308761560775,0.9975062344139651
0.3064798598949212,0.9975062344139651
0.30649663401018007,0.9975062344139651
0.3065134099616858,0.9975062344139651
0.30653018774974,0.9975062344139651
0.3065469673746442,0.9975062344139651
0.30656374883670007,0.9975062344139651
0.30658053213620934,0.9975062344139651
0.30659731727347384,0.9975062344139651
0.3066141042487954,0.9975062344139651
0.30663089306247604,0.9975062344139651
0.30664768371481765,0.9975062344139651
0.30666447620612236,0.9975062344139651
0.3066812705366922,0.9975062344139651
0.30669806670682953,0.9975062344139651
0.30671486471683646,0.9975062344139651
0.3067316645670154,0.9975062344139651
0.3067484662576687,0.9975062344139651
0.3067652697890989,0.9975062344139651
0.30678207516160844,0.9975062344139651
0.3067988823754999,0.9975062344139651
0.30681569143107607,0.9975062344139651
0.3068325023286395,0.9975062344139651
0.30684931506849317,0.9975062344139651
0.3068661296509398,0.9975062344139651
0.30688294607628236,0.9975062344139651
0.3068997643448238,0.9975062344139651
0.30691658445686726,0.9975062344139651
0.3069334064127158,0.9975062344139651
0.30695023021267265,0.9975062344139651
0.30696705585704104,0.9975062344139651
0.3069838833461243,0.9975062344139651
0.3070007126802259,0.9975062344139651
0.30701754385964913,0.9975062344139651
0.30703437688469765,0.9975062344139651
0.30705121175567496,0.9975062344139651
0.30706804847288477,0.9975062344139651
0.30708488703663084,0.9975062344139651
0.30710172744721687,0.9975062344139651
0.3071185697049468,0.9975062344139651
0.3071354138101245,0.9975062344139651
0.307152259763054,0.9975062344139651
0.30716910756403926,0.9975062344139651
0.30718595721338454,0.9975062344139651
0.30720280871139394,0.9975062344139651
0.30721966205837176,0.9975062344139651
0.30723651725462225,0.9975062344139651
0.3072533743004499,0.9975062344139651
0.30727023319615915,0.9975062344139651
0.30728709394205445,0.9975062344139651
0.30730395653844045,0.9975062344139651
0.3073208209856218,0.9975062344139651
0.3073376872839032,0.9975062344139651
0.30735455543358947,0.9975062344139651
0.30737142543498547,0.9975062344139651
0.3073882972883961,0.9975062344139651
0.30740517099412634,0.9975062344139651
0.30742204655248134,0.9975062344139651
0.3074558032282859,0.9975062344139651
0.307472684346346,0.9975062344139651
0.3074895673182517,0.9975062344139651
0.3075064521443084,0.9975062344139651
0.3075233388248215,0.9975062344139651
0.3075402273600967,0.9975062344139651
0.30755711775043937,0.9975062344139651
0.3075740099961553,0.9975062344139651
0.30759090409755024,0.9975062344139651
0.30760780005493,0.9975062344139651
0.3076246978686003,0.9975062344139651
0.3076415975388672,0.9975062344139651
0.3076584990660367,0.9975062344139651
0.3076754024504148,0.9975062344139651
0.3076923076923077,0.9975062344139651
0.3077092147920215,0.9975062344139651
0.30772612374986263,0.9975062344139651
0.3077430345661373,0.9975062344139651
0.3077599472411519,0.9975062344139651
0.30777686177521296,0.9975062344139651
0.307793778168627,0.9975062344139651
0.30781069642170067,0.9975062344139651
0.30782761653474056,0.9975062344139651
0.30784453850805343,0.9975062344139651
0.3078614623419461,0.9975062344139651
0.3078783880367255,0.9975062344139651
0.3078953155926985,0.9975062344139651
0.3079122450101721,0.9975062344139651
0.30792917628945343,0.9975062344139651
0.3079461094308496,0.9975062344139651
0.3079630444346678,0.9975062344139651
0.3079799813012154,0.9975062344139651
0.3079969200307997,0.9975062344139651
0.30801386062372804,0.9975062344139651
0.30803080308030806,0.9975062344139651
0.3080477474008471,0.9975062344139651
0.30806469358565297,0.9975062344139651
0.30808164163503327,0.9975062344139651
0.30809859154929575,0.9975062344139651
0.3081155433287483,0.9975062344139651
0.3081324969736987,0.9975062344139651
0.30814945248445497,0.9975062344139651
0.3081664098613251,0.9975062344139651
0.30818336910461724,0.9975062344139651
0.3082003302146395,0.9975062344139651
0.30821729319170016,0.9975062344139651
0.30823425803610743,0.9975062344139651
0.30825122474816974,0.9975062344139651
0.30826819332819555,0.9975062344139651
0.30828516377649323,0.9975062344139651
0.3083021360933715,0.9975062344139651
0.3083191102791389,0.9975062344139651
0.3083360863341042,0.9975062344139651
0.30835306425857606,0.9975062344139651
0.30837004405286345,0.9975062344139651
0.30838702571727516,0.9975062344139651
0.3084040092521203,0.9975062344139651
0.3084209946577078,0.9975062344139651
0.3084379819343468,0.9975062344139651
0.3084549710823465,0.9975062344139651
0.3084719621020161,0.9975062344139651
0.30848895499366497,0.9975062344139651
0.3085059497576025,0.9975062344139651
0.3085229463941381,0.9975062344139651
0.3085399449035813,0.9975062344139651
0.30855694528624167,0.9975062344139651
0.3085739475424289,0.9975062344139651
0.30859095167245276,0.9975062344139651
0.30860795767662297,0.9975062344139651
0.3086249655552494,0.9975062344139651
0.30864197530864196,0.9975062344139651
0.30865898693711075,0.9975062344139651
0.3086760004409657,0.9975062344139651
0.30869301582051706,0.9975062344139651
0.308710033076075,0.9975062344139651
0.3087270522079497,0.9975062344139651
0.30874407321645164,0.9975062344139651
0.3087610961018912,0.9975062344139651
0.30877812086457873,0.9975062344139651
0.30879514750482495,0.9975062344139651
0.3088121760229403,0.9975062344139651
0.30882920641923567,0.9975062344139651
0.3088462386940216,0.9975062344139651
0.30886327284760906,0.9975062344139651
0.3088803088803089,0.9975062344139651
0.308897346792432,0.9975062344139651
0.3089143865842895,0.9975062344139651
0.3089314282561924,0.9975062344139651
0.308948471808452,0.9975062344139651
0.30896551724137933,0.9975062344139651
0.30898256455528583,0.9975062344139651
0.3089996137504828,0.9975062344139651
0.30901666482728174,0.9975062344139651
0.30903371778599414,0.9975062344139651
0.3090507726269316,0.9975062344139651
0.30906782935040567,0.9975062344139651
0.3090848879567281,0.9975062344139651
0.30910194844621075,0.9975062344139651
0.3091190108191654,0.9975062344139651
0.30913607507590396,0.9975062344139651
0.3091531412167384,0.9975062344139651
0.3091702092419809,0.9975062344139651
0.30918727915194344,0.9975062344139651
0.3092043509469383,0.9975062344139651
0.30922142462727775,0.9975062344139651
0.30923850019327404,0.9975062344139651
0.3092555776452397,0.9975062344139651
0.30927265698348705,0.9975062344139651
0.3092897382083287,0.9975062344139651
0.3093068213200773,0.9975062344139651
0.3093239063190455,0.9975062344139651
0.30934099320554603,0.9975062344139651
0.30935808197989173,0.9975062344139651
0.30937517264239545,0.9975062344139651
0.30939226519337015,0.9975062344139651
0.3094093596331289,0.9975062344139651
0.30942645596198476,0.9975062344139651
0.3094435541802509,0.9975062344139651
0.3094606542882405,0.9975062344139651
0.30947775628626695,0.9975062344139651
0.3094948601746435,0.9975062344139651
0.30951196595368374,0.9975062344139651
0.3095290736237011,0.9975062344139651
0.3095461831850091,0.9975062344139651
0.3095632946379215,0.9975062344139651
0.30958040798275194,0.9975062344139651
0.30959752321981426,0.9975062344139651
0.3096146403494222,0.9975062344139651
0.30963175937188986,0.9975062344139651
0.3096488802875311,0.9975062344139651
0.30966600309666004,0.9975062344139651
0.3096831277995908,0.9975062344139651
0.30970025439663756,0.9975062344139651
0.3097173828881146,0.9975062344139651
0.30973451327433627,0.9975062344139651
0.309751645555617,0.9975062344139651
0.3097687797322713,0.9975062344139651
0.3097859158046136,0.9975062344139651
0.30980305377295864,0.9975062344139651
0.30982019363762103,0.9975062344139651
0.30983733539891556,0.9975062344139651
0.3098544790571571,0.9975062344139651
0.3098716246126605,0.9975062344139651
0.30988877206574067,0.9975062344139651
0.3099059214167128,0.9975062344139651
0.30992307266589186,0.9975062344139651
0.3099402258135931,0.9975062344139651
0.30995738086013175,0.9975062344139651
0.30997453780582307,0.9975062344139651
0.3099916966509826,0.9975062344139651
0.3100088573959256,0.9975062344139651
0.31002602004096774,0.9975062344139651
0.31004318458642455,0.9975062344139651
0.3100603510326117,0.9975062344139651
0.31007751937984496,0.9975062344139651
0.3100946896284401,0.9975062344139651
0.310111861778713,0.9975062344139651
0.31012903583097967,0.9975062344139651
0.31014621178555607,0.9975062344139651
0.31016338964275825,0.9975062344139651
0.3101805694029024,0.9975062344139651
0.31019775106630476,0.9975062344139651
0.31021493463328165,0.9975062344139651
0.31023212010414936,0.9975062344139651
0.31024930747922436,0.9975062344139651
0.31026649675882323,0.9975062344139651
0.3102836879432624,0.9975062344139651
0.31030088103285863,0.9975062344139651
0.3103180760279286,0.9975062344139651
0.31033527292878915,0.9975062344139651
0.31035247173575703,0.9975062344139651
0.31036967244914926,0.9975062344139651
0.3103868750692828,0.9975062344139651
0.3104040795964747,0.9975062344139651
0.31042128603104213,0.9975062344139651
0.3104384943733023,0.9975062344139651
0.31045570462357247,0.9975062344139651
0.31047291678217,0.9975062344139651
0.3104901308494123,0.9975062344139651
0.31050734682561687,0.9975062344139651
0.31052456471110124,0.9975062344139651
0.3105417845061831,0.9975062344139651
0.3105590062111801,0.9975062344139651
0.3105762298264101,0.9975062344139651
0.3105934553521908,0.9975062344139651
0.3106106827888402,0.9975062344139651
0.3106279121366763,0.9975062344139651
0.31064514339601706,0.9975062344139651
0.31066237656718076,0.9975062344139651
0.3106796116504854,0.9975062344139651
0.31069684864624947,0.9975062344139651
0.3107140875547911,0.9975062344139651
0.3107313283764288,0.9975062344139651
0.3107485711114811,0.9975062344139651
0.31076581576026635,0.9975062344139651
0.3107830623231034,0.9975062344139651
0.3108003108003108,0.9975062344139651
0.3108175611922074,0.9975062344139651
0.3108348134991119,0.9975062344139651
0.31085206772134333,0.9975062344139651
0.3108693238592206,0.9975062344139651
0.3108865819130628,0.9975062344139651
0.310903841883189,0.9975062344139651
0.3109211037699184,0.9975062344139651
0.31093836757357024,0.9975062344139651
0.3109556332944639,0.9975062344139651
0.3109729009329187,0.9975062344139651
0.3109901704892542,0.9975062344139651
0.3110074419637898,0.9975062344139651
0.31102471535684534,0.9975062344139651
0.3110419906687403,0.9975062344139651
0.3110592678997945,0.9975062344139651
0.3110765470503277,0.9975062344139651
0.31109382812065994,0.9975062344139651
0.3111111111111111,0.9975062344139651
0.3111283960220012,0.9975062344139651
0.3111456828536504,0.9975062344139651
0.31116297160637885,0.9975062344139651
0.31118026228050677,0.9975062344139651
0.31119755487635453,0.9975062344139651
0.31121484939424254,0.9975062344139651
0.3112321458344912,0.9975062344139651
0.31124944419742107,0.9975062344139651
0.3112667444833528,0.9975062344139651
0.311284046692607,0.9975062344139651
0.3113013508255045,0.9975062344139651
0.31131865688236604,0.9975062344139651
0.31133596486351256,0.9975062344139651
0.311353274769265,0.9975062344139651
0.3113705865999444,0.9975062344139651
0.3113879003558719,0.9975062344139651
0.31140521603736865,0.9975062344139651
0.31143985317835493,0.9975062344139651
0.3114571746384872,0.9975062344139651
0.31147449802547417,0.9975062344139651
0.3115091505812983,0.9975062344139651
0.3115264797507788,0.9975062344139651
0.31154381084840055,0.9975062344139651
0.31156114387448536,0.9975062344139651
0.31157847882935513,0.9975062344139651
0.31159581571333184,0.9975062344139651
0.31161315452673755,0.9975062344139651
0.3116304952698943,0.9975062344139651
0.3116478379431243,0.9975062344139651
0.3116651825467498,0.9975062344139651
0.3116825290810931,0.9975062344139651
0.31169987754647666,0.9975062344139651
0.31171722794322293,0.9975062344139651
0.3117345802716544,0.9975062344139651
0.31175193453209377,0.9975062344139651
0.3117692907248636,0.9975062344139651
0.31178664885028673,0.9975062344139651
0.311804008908686,0.9975062344139651
0.3118213709003842,0.9975062344139651
0.3118387348257044,0.9975062344139651
0.31185610068496966,0.9975062344139651
0.311873468478503,0.9975062344139651
0.31189083820662766,0.9975062344139651
0.31190820986966694,0.9975062344139651
0.3119255834679441,0.9975062344139651
0.31194295900178254,0.9975062344139651
0.3119603364715058,0.9975062344139651
0.31197771587743733,0.9975062344139651
0.3119950972199008,0.9975062344139651
0.31201248049922,0.9975062344139651
0.3120298657157185,0.9975062344139651
0.3120472528697203,0.9975062344139651
0.3120646419615492,0.9975062344139651
0.3120820329915292,0.9975062344139651
0.3120994259599844,0.9975062344139651
0.31211682086723885,0.9975062344139651
0.3121342177136169,0.9975062344139651
0.31215161649944256,0.9975062344139651
0.3121690172250404,0.9975062344139651
0.31218641989073476,0.9975062344139651
0.3122038244968501,0.9975062344139651
0.31222123104371097,0.9975062344139651
0.31223863953164205,0.9975062344139651
0.312256049960968,0.9975062344139651
0.3122734623320136,0.9975062344139651
0.31229087664510374,0.9975062344139651
0.3123082929005633,0.9975062344139651
0.3123257110987172,0.9975062344139651
0.31234313123989066,0.9975062344139651
0.31236055332440876,0.9975062344139651
0.31237797735259665,0.9975062344139651
0.31239540332477966,0.9975062344139651
0.3124128312412831,0.9975062344139651
0.3124302611024325,0.9975062344139651
0.31244769290855323,0.9975062344139651
0.312465126659971,0.9975062344139651
0.31248256235701133,0.9975062344139651
0.3125174395892628,0.9975062344139651
0.31253488112512556,0.9975062344139651
0.31255232460791427,0.9975062344139651
0.3125697700379549,0.9975062344139651
0.31258721741557355,0.9975062344139651
0.3126046667410963,0.9975062344139651
0.31262211801484957,0.9975062344139651
0.31263957123715946,0.9975062344139651
0.3126570264083524,0.9975062344139651
0.3126744835287549,0.9975062344139651
0.3126919425986934,0.9975062344139651
0.31270940361849453,0.9975062344139651
0.312726866588485,0.9975062344139651
0.3127443315089914,0.9975062344139651
0.3127617983803407,0.9975062344139651
0.3127792672028597,0.9975062344139651
0.3127967379768754,0.9975062344139651
0.31281421070271476,0.9975062344139651
0.312831685380705,0.9975062344139651
0.3128491620111732,0.9975062344139651
0.31286664059444663,0.9975062344139651
0.3128841211308526,0.9975062344139651
0.31290160362071856,0.9975062344139651
0.3129190880643719,0.9975062344139651
0.31293657446214024,0.9975062344139651
0.3129540628143512,0.9975062344139651
0.31297155312133235,0.9975062344139651
0.3129890453834116,0.9975062344139651
0.3130065396009167,0.9975062344139651
0.31302403577417554,0.9975062344139651
0.31304153390351613,0.9975062344139651
0.31305903398926654,0.9975062344139651
0.3130765360317549,0.9975062344139651
0.3130940400313094,0.9975062344139651
0.3131115459882583,0.9975062344139651
0.31312905390293,0.9975062344139651
0.31314656377565286,0.9975062344139651
0.3131640756067554,0.9975062344139651
0.3131815893965662,0.9975062344139651
0.3131991051454139,0.9975062344139651
0.31321662285362717,0.9975062344139651
0.31323414252153486,0.9975062344139651
0.3132516641494658,0.9975062344139651
0.3132691877377489,0.9975062344139651
0.3132867132867133,0.9975062344139651
0.31330424079668795,0.9975062344139651
0.313321770268002,0.9975062344139651
0.3133393017009848,0.9975062344139651
0.3133568350959655,0.9975062344139651
0.31337437045327365,0.9975062344139651
0.31339190777323855,0.9975062344139651
0.31340944705618984,0.9975062344139651
0.313426988302457,0.9975062344139651
0.31344453151236984,0.9975062344139651
0.31346207668625803,0.9975062344139651
0.31347962382445144,0.9975062344139651
0.31349717292727985,0.9975062344139651
0.31351472399507335,0.9975062344139651
0.31353227702816194,0.9975062344139651
0.3135498320268757,0.9975062344139651
0.3135673889915449,0.9975062344139651
0.31358494792249975,0.9975062344139651
0.31360250882007057,0.9975062344139651
0.31362007168458783,0.9975062344139651
0.313637636516382,0.9975062344139651
0.31365520331578356,0.9975062344139651
0.3136727720831233,0.9975062344139651
0.3136903428187318,0.9975062344139651
0.3137079155229399,0.9975062344139651
0.3137254901960784,0.9975062344139651
0.31374306683847836,0.9975062344139651
0.31376064545047067,0.9975062344139651
0.3137782260323864,0.9975062344139651
0.31379580858455675,0.9975062344139651
0.313813393107313,0.9975062344139651
0.3138309796009863,0.9975062344139651
0.3138485680659082,0.9975062344139651
0.31386615850241006,0.9975062344139651
0.3138837509108234,0.9975062344139651
0.31390134529147984,0.9975062344139651
0.313918941644711,0.9975062344139651
0.31393653997084875,0.9975062344139651
0.31395414027022484,0.9975062344139651
0.3139717425431711,0.9975062344139651
0.3139893467900196,0.9975062344139651
0.3140069530111024,0.9975062344139651
0.31402456120675154,0.9975062344139651
0.31404217137729923,0.9975062344139651
0.3140597835230778,0.9975062344139651
0.3140773976444195,0.9975062344139651
0.3140950137416568,0.9975062344139651
0.3141126318151223,0.9975062344139651
0.31413025186514837,0.9975062344139651
0.3141478738920678,0.9975062344139651
0.3141654978962132,0.9975062344139651
0.3141831238779174,0.9975062344139651
0.31420075183751334,0.9975062344139651
0.31421838177533384,0.9975062344139651
0.314236013691712,0.9975062344139651
0.31425364758698093,0.9975062344139651
0.3142712834614737,0.9975062344139651
0.3142889213155236,0.9975062344139651
0.314306561149464,0.9975062344139651
0.3143242029636282,0.9975062344139651
0.3143418467583497,0.9975062344139651
0.31435949253396206,0.9975062344139651
0.31437714029079883,0.9975062344139651
0.3143947900291938,0.9975062344139651
0.31441244174948063,0.9975062344139651
0.31443009545199324,0.9975062344139651
0.3144477511370655,0.9975062344139651
0.31446540880503143,0.9975062344139651
0.3144830684562251,0.9975062344139651
0.31450073009098056,0.9975062344139651
0.31451839370963214,0.9975062344139651
0.31453605931251405,0.9975062344139651
0.3145537268999607,0.9975062344139651
0.3145713964723065,0.9975062344139651
0.31458906802988595,0.9975062344139651
0.3146067415730337,0.9975062344139651
0.3146244171020844,0.9975062344139651
0.31464209461737275,0.9975062344139651
0.31465977411923357,0.9975062344139651
0.3146774556080018,0.9975062344139651
0.31469513908401237,0.9975062344139651
0.3147128245476003,0.9975062344139651
0.3147305119991008,0.9975062344139651
0.3147482014388489,0.9975062344139651
0.31476589286718004,0.9975062344139651
0.31478358628442943,0.9975062344139651
0.3148012816909326,0.9975062344139651
0.31481897908702494,0.9975062344139651
0.3148366784730421,0.9975062344139651
0.3148543798493197,0.9975062344139651
0.3148720832161934,0.9975062344139651
0.3148897885739991,0.9975062344139651
0.3149074959230726,0.9975062344139651
0.31492520526374984,0.9975062344139651
0.3149429165963669,0.9975062344139651
0.31496062992125984,0.9975062344139651
0.31497834523876483,0.9975062344139651
0.31499606254921814,0.9975062344139651
0.31503150315031503,0.9975062344139651
0.3150492264416315,0.9975062344139651
0.31506695172724203,0.9975062344139651
0.31508467900748327,0.9975062344139651
0.31510240828269187,0.9975062344139651
0.31512013955320467,0.9975062344139651
0.31513787281935846,0.9975062344139651
0.31515560808149023,0.9975062344139651
0.31517334533993696,0.9975062344139651
0.31519108459503575,0.9975062344139651
0.31520882584712373,0.9975062344139651
0.3152265690965381,0.9975062344139651
0.3152443143436163,0.9975062344139651
0.31526206158869563,0.9975062344139651
0.3152798108321135,0.9975062344139651
0.31529756207420756,0.9975062344139651
0.3153153153153153,0.9975062344139651
0.31533307055577453,0.9975062344139651
0.31535082779592294,0.9975062344139651
0.31536858703609844,0.9975062344139651
0.31538634827663886,0.9975062344139651
0.3154041115178823,0.9975062344139651
0.3154218767601667,0.9975062344139651
0.31543964400383034,0.9975062344139651
0.31545741324921134,0.9975062344139651
0.3154751844966481,0.9975062344139651
0.3154929577464789,0.9975062344139651
0.3155107329990422,0.9975062344139651
0.3155285102546766,0.9975062344139651
0.3155462895137206,0.9975062344139651
0.315564070776513,0.9975062344139651
0.3155818540433925,0.9975062344139651
0.3155996393146979,0.9975062344139651
0.3156174265907682,0.9975062344139651
0.31563521587194227,0.9975062344139651
0.31565300715855926,0.9975062344139651
0.3156708004509583,0.9975062344139651
0.31568859574947855,0.9975062344139651
0.31570639305445936,0.9975062344139651
0.31572419236624005,0.9975062344139651
0.31574199368516015,0.9975062344139651
0.31575979701155904,0.9975062344139651
0.31577760234577645,0.9975062344139651
0.315795409688152,0.9975062344139651
0.3158132190390255,0.9975062344139651
0.31583103039873667,0.9975062344139651
0.3158488437676255,0.9975062344139651
0.3158666591460319,0.9975062344139651
0.315884476534296,0.9975062344139651
0.3159022959327579,0.9975062344139651
0.3159379407616361,0.9975062344139651
0.315955766192733,0.9975062344139651
0.315973593635389,0.9975062344139651
0.3159914230899447,0.9975062344139651
0.3160092545567406,0.9975062344139651
0.3160270880361174,0.9975062344139651
0.31604492352841584,0.9975062344139651
0.31606276103397674,0.9975062344139651
0.3160806005531411,0.9975062344139651
0.3160984420862497,0.9975062344139651
0.3161162856336438,0.9975062344139651
0.31613413119566447,0.9975062344139651
0.31615197877265283,0.9975062344139651
0.31616982836495033,0.9975062344139651
0.3161876799728982,0.9975062344139651
0.31620553359683795,0.9975062344139651
0.3162233892371111,0.9975062344139651
0.3162412468940592,0.9975062344139651
0.3162591065680239,0.9975062344139651
0.3162769682593471,0.9975062344139651
0.3162948319683705,0.9975062344139651
0.3163126976954361,0.9975062344139651
0.3163305654408857,0.9975062344139651
0.31634843520506156,0.9975062344139651
0.31636630698830576,0.9975062344139651
0.3163841807909605,0.9975062344139651
0.316402056613368,0.9975062344139651
0.31641993445587074,0.9975062344139651
0.3164378143188111,0.9975062344139651
0.31645569620253167,0.9975062344139651
0.316473580107375,0.9975062344139651
0.3164914660336837,0.9975062344139651
0.3165093539818007,0.9975062344139651
0.3165272439520687,0.9975062344139651
0.3165451359448307,0.9975062344139651
0.3165630299604296,0.9975062344139651
0.31658092599920856,0.9975062344139651
0.31659882406151063,0.9975062344139651
0.3166167241476791,0.9975062344139651
0.3166346262580572,0.9975062344139651
0.3166525303929884,0.9975062344139651
0.3166704365528161,0.9975062344139651
0.3166883447378838,0.9975062344139651
0.3167062549485352,0.9975062344139651
0.316724167185114,0.9975062344139651
0.3167420814479638,0.9975062344139651
0.3167599977374286,0.9975062344139651
0.31677791605385225,0.9975062344139651
0.3167958363975788,0.9975062344139651
0.31681375876895224,0.9975062344139651
0.31683168316831684,0.9975062344139651
0.31684960959601677,0.9975062344139651
0.3168675380523963,0.9975062344139651
0.3168854685377999,0.9975062344139651
0.31690340105257203,0.9975062344139651
0.31692133559705715,0.9975062344139651
0.31693927217159995,0.9975062344139651
0.31695721077654515,0.9975062344139651
0.31697515141223753,0.9975062344139651
0.3169930940790219,0.9975062344139651
0.3170110387772431,0.9975062344139651
0.3170289855072464,0.9975062344139651
0.3170469342693767,0.9975062344139651
0.3170648850639792,0.9975062344139651
0.3170828378913991,0.9975062344139651
0.3171007927519819,0.9975062344139651
0.31711874964607284,0.9975062344139651
0.31713670857401743,0.9975062344139651
0.3171546695361613,0.9975062344139651
0.31717263253285,0.9975062344139651
0.31719059756442936,0.9975062344139651
0.317208564631245,0.9975062344139651
0.317226533733643,0.9975062344139651
0.3172445048719692,0.9975062344139651
0.3172624780465696,0.9975062344139651
0.31728045325779036,0.9975062344139651
0.31729843050597767,0.9975062344139651
0.3173164097914778,0.9975062344139651
0.31733439111463707,0.9975062344139651
0.3173523744758019,0.9975062344139651
0.3173703598753188,0.9975062344139651
0.3173883473135343,0.9975062344139651
0.3174063367907952,0.9975062344139651
0.31742432830744816,0.9975062344139651
0.3174423218638399,0.9975062344139651
0.31746031746031744,0.9975062344139651
0.31747831509722774,0.9975062344139651
0.3174963147749178,0.9975062344139651
0.31751431649373474,0.9975062344139651
0.31753232025402583,0.9975062344139651
0.31755032605613837,0.9975062344139651
0.31756833390041966,0.9975062344139651
0.3175863437872172,0.9975062344139651
0.3176043557168784,0.9975062344139651
0.317622369689751,0.9975062344139651
0.31764038570618264,0.9975062344139651
0.31765840376652105,0.9975062344139651
0.3176764238711141,0.9975062344139651
0.3176944460203098,0.9975062344139651
0.3177124702144559,0.9975062344139651
0.3177304964539007,0.9975062344139651
0.3177485247389923,0.9975062344139651
0.3177665550700789,0.9975062344139651
0.3177845874475088,0.9975062344139651
0.31780262187163044,0.9975062344139651
0.3178206583427923,0.9975062344139651
0.31783869686134286,0.9975062344139651
0.3178567374276308,0.9975062344139651
0.31787478004200487,0.9975062344139651
0.3178928247048138,0.9975062344139651
0.31791087141640645,0.9975062344139651
0.3179289201771318,0.9975062344139651
0.3179469709873389,0.9975062344139651
0.3179650238473768,0.9975062344139651
0.3179830787575947,0.9975062344139651
0.3180011357183419,0.9975062344139651
0.31801919472996765,0.9975062344139651
0.31803725579282144,0.9975062344139651
0.3180553189072528,0.9975062344139651
0.31807338407361124,0.9975062344139651
0.31809145129224653,0.9975062344139651
0.3181095205635083,0.9975062344139651
0.3181275918877464,0.9975062344139651
0.31814566526531074,0.9975062344139651
0.31816374069655134,0.9975062344139651
0.3181818181818182,0.9975062344139651
0.31819989772146146,0.9975062344139651
0.31821797931583135,0.9975062344139651
0.3182360629652782,0.9975062344139651
0.3182541486701523,0.9975062344139651
0.3182722364308042,0.9975062344139651
0.3182903262475844,0.9975062344139651
0.31830841812084354,0.9975062344139651
0.31832651205093226,0.9975062344139651
0.31834460803820136,0.9975062344139651
0.3183627060830017,0.9975062344139651
0.31838080618568426,0.9975062344139651
0.31839890834659995,0.9975062344139651
0.31841701256609994,0.9975062344139651
0.3184351188445354,0.9975062344139651
0.3184532271822576,0.9975062344139651
0.3184713375796178,0.9975062344139651
0.31848945003696755,0.9975062344139651
0.3185075645546582,0.9975062344139651
0.31852568113304136,0.9975062344139651
0.3185437997724687,0.9975062344139651
0.318561920473292,0.9975062344139651
0.31858004323586303,0.9975062344139651
0.31859816806053365,0.9975062344139651
0.3186162949476559,0.9975062344139651
0.3186344238975818,0.9975062344139651
0.31865255491066347,0.9975062344139651
0.3186706879872532,0.9975062344139651
0.3186888231277032,0.9975062344139651
0.31870696033236584,0.9975062344139651
0.3187250996015936,0.9975062344139651
0.3187432409357391,0.9975062344139651
0.31876138433515483,0.9975062344139651
0.31877952980019353,0.9975062344139651
0.318797677331208,0.9975062344139651
0.3188158269285511,0.9975062344139651
0.31883397859257573,0.9975062344139651
0.3188521323236349,0.9975062344139651
0.3188702881220818,0.9975062344139651
0.3188884459882695,0.9975062344139651
0.31890660592255127,0.9975062344139651
0.31892476792528046,0.9975062344139651
0.31894293199681056,0.9975062344139651
0.318961098137495,0.9975062344139651
0.3189792663476874,0.9975062344139651
0.3189974366277414,0.9975062344139651
0.31901560897801073,0.9975062344139651
0.3190337833988492,0.9975062344139651
0.31905195989061075,0.9975062344139651
0.31907013845364934,0.9975062344139651
0.3190883190883191,0.9975062344139651
0.3191065017949741,0.9975062344139651
0.31912468657396853,0.9975062344139651
0.3191428734256568,0.9975062344139651
0.31916106235039327,0.9975062344139651
0.31917925334853237,0.9975062344139651
0.31919744642042863,0.9975062344139651
0.3192156415664368,0.9975062344139651
0.3192338387869114,0.9975062344139651
0.3192520380822074,0.9975062344139651
0.31927023945267957,0.9975062344139651
0.3192884428986829,0.9975062344139651
0.3193066484205725,0.9975062344139651
0.3193248560187033,0.9975062344139651
0.3193430656934307,0.9975062344139651
0.3193612774451098,0.9975062344139651
0.31937949127409604,0.9975062344139651
0.3193977071807449,0.9975062344139651
0.31941592516541184,0.9975062344139651
0.3194341452284525,0.9975062344139651
0.3194523673702225,0.9975062344139651
0.31947059159107766,0.9975062344139651
0.3194888178913738,0.9975062344139651
0.31950704627146687,0.9975062344139651
0.3195252767317129,0.9975062344139651
0.3195435092724679,0.9975062344139651
0.3195617438940881,0.9975062344139651
0.31957998059692977,0.9975062344139651
0.31959821938134914,0.9975062344139651
0.31961646024770274,0.9975062344139651
0.319634703196347,0.9975062344139651
0.31965294822763857,0.9975062344139651
0.319671195341934,0.9975062344139651
0.31968944453959014,0.9975062344139651
0.3197076958209637,0.9975062344139651
0.3197259491864117,0.9975062344139651
0.31974420463629094,0.9975062344139651
0.3197624621709587,0.9975062344139651
0.31978072179077205,0.9975062344139651
0.31979898349608815,0.9975062344139651
0.3198172472872644,0.9975062344139651
0.3198355131646582,0.9975062344139651
0.3198537811286269,0.9975062344139651
0.3198720511795282,0.9975062344139651
0.31989032331771966,0.9975062344139651
0.319908597543559,0.9975062344139651
0.31992687385740404,0.9975062344139651
0.3199451522596126,0.9975062344139651
0.3199634327505428,0.9975062344139651
0.31998171533055253,0.9975062344139651
0.32,0.9975062344139651
0.3200182867592434,0.9975062344139651
0.32003657560864096,0.9975062344139651
0.3200548665485512,0.9975062344139651
0.3200731595793324,0.9975062344139651
0.32009145470134326,0.9975062344139651
0.3201097519149423,0.9975062344139651
0.3201280512204882,0.9975062344139651
0.3201463526183398,0.9975062344139651
0.32016465610885597,0.9975062344139651
0.32018296169239563,0.9975062344139651
0.32020126936931786,0.9975062344139651
0.3202195791399817,0.9975062344139651
0.32023789100474637,0.9975062344139651
0.32025620496397117,0.9975062344139651
0.32027452101801546,0.9975062344139651
0.3202928391672386,0.9975062344139651
0.3203111594120002,0.9975062344139651
0.3203294817526599,0.9975062344139651
0.32034780618957726,0.9975062344139651
0.32036613272311215,0.9975062344139651
0.32038446135362436,0.9975062344139651
0.3204027920814739,0.9975062344139651
0.3204211249070207,0.9975062344139651
0.3204394598306249,0.9975062344139651
0.32045779685264664,0.9975062344139651
0.32047613597344626,0.9975062344139651
0.3204944771933841,0.9975062344139651
0.32051282051282054,0.9975062344139651
0.32053116593211606,0.9975062344139651
0.32054951345163135,0.9975062344139651
0.3205678630717271,0.9975062344139651
0.3205862147927639,0.9975062344139651
0.3206045686151028,0.9975062344139651
0.32062292453910457,0.9975062344139651
0.32064128256513025,0.9975062344139651
0.320659642693541,0.9975062344139651
0.32067800492469795,0.9975062344139651
0.32069636925896233,0.9975062344139651
0.3207147356966955,0.9975062344139651
0.3207331042382589,0.9975062344139651
0.32075147488401395,0.9975062344139651
0.32076984763432237,0.9975062344139651
0.32078822248954575,0.9975062344139651
0.3208065994500458,0.9975062344139651
0.32082497851618447,0.9975062344139651
0.3208433596883236,0.9975062344139651
0.3208617429668252,0.9975062344139651
0.3208801283520513,0.9975062344139651
0.32089851584436424,0.9975062344139651
0.3209169054441261,0.9975062344139651
0.3209352971516992,0.9975062344139651
0.32095369096744614,0.9975062344139651
0.32097208689172924,0.9975062344139651
0.32099048492491117,0.9975062344139651
0.32100888506735453,0.9975062344139651
0.32102728731942215,0.9975062344139651
0.3210456916814768,0.9975062344139651
0.3210640981538814,0.9975062344139651
0.3211009174311927,0.9975062344139651
0.3211193302368255,0.9975062344139651
0.3211377451542608,0.9975062344139651
0.3211561621838619,0.9975062344139651
0.3211745813259922,0.9975062344139651
0.3211930025810152,0.9975062344139651
0.32121142594929447,0.9975062344139651
0.3212298514311937,0.9975062344139651
0.32124827902707664,0.9975062344139651
0.3212667087373071,0.9975062344139651
0.321285140562249,0.9975062344139651
0.3213035745022663,0.9975062344139651
0.32134044872898376,0.9975062344139651
0.32135888901641224,0.9975062344139651
0.321377331420373,0.9975062344139651
0.3213957759412305,0.9975062344139651
0.32141422257934915,0.9975062344139651
0.32143267133509357,0.9975062344139651
0.32145112220882843,0.9975062344139651
0.3214695752009185,0.9975062344139651
0.32148803031172857,0.9975062344139651
0.3215064875416236,0.9975062344139651
0.3215249468909686,0.9975062344139651
0.3215434083601286,0.9975062344139651
0.32156187194946884,0.9975062344139651
0.32158033765935456,0.9975062344139651
0.321598805490151,0.9975062344139651
0.32161727544222374,0.9975062344139651
0.3216357475159382,0.9975062344139651
0.32165422171165997,0.9975062344139651
0.32167269802975473,0.9975062344139651
0.32169117647058826,0.9975062344139651
0.32170965703452636,0.9975062344139651
0.321728139721935,0.9975062344139651
0.32174662453318015,0.9975062344139651
0.32178360052864446,0.9975062344139651
0.32180209171359614,0.9975062344139651
0.3218205850238492,0.9975062344139651
0.3218390804597701,0.9975062344139651
0.3218575780217254,0.9975062344139651
0.32187607771008164,0.9975062344139651
0.3218945795252055,0.9975062344139651
0.3219130834674638,0.9975062344139651
0.32193158953722334,0.9975062344139651
0.3219500977348511,0.9975062344139651
0.3219686080607141,0.9975062344139651
0.3219871205151794,0.9975062344139651
0.32200563509861424,0.9975062344139651
0.32202415181138583,0.9975062344139651
0.32204267065386166,0.9975062344139651
0.322061191626409,0.9975062344139651
0.3220797147293955,0.9975062344139651
0.32209823996318876,0.9975062344139651
0.3221167673281565,0.9975062344139651
0.32213529682466635,0.9975062344139651
0.3221538284530863,0.9975062344139651
0.32217236221378437,0.9975062344139651
0.3221908981071285,0.9975062344139651
0.3222094361334868,0.9975062344139651
0.32222797629322747,0.9975062344139651
0.3222465185867188,0.9975062344139651
0.3222650630143293,0.9975062344139651
0.32228360957642727,0.9975062344139651
0.32230215827338127,0.9975062344139651
0.32232070910556004,0.9975062344139651
0.3223392620733322,0.9975062344139651
0.3223578171770665,0.9975062344139651
0.322376374417132,0.9975062344139651
0.3223949337938975,0.9975062344139651
0.32241349530773217,0.9975062344139651
0.32243205895900506,0.9975062344139651
0.32245062474808545,0.9975062344139651
0.32246919267534263,0.9975062344139651
0.322487762741146,0.9975062344139651
0.322506334945865,0.9975062344139651
0.32252490928986927,0.9975062344139651
0.32254348577352837,0.9975062344139651
0.32256206439721213,0.9975062344139651
0.3225806451612903,0.9975062344139651
0.32259922806613284,0.9975062344139651
0.3226178131121097,0.9975062344139651
0.32263640029959095,0.9975062344139651
0.3226549896289468,0.9975062344139651
0.3226735811005474,0.9975062344139651
0.3226921747147632,0.9975062344139651
0.3227107704719645,0.9975062344139651
0.3227293683725219,0.9975062344139651
0.322747968416806,0.9975062344139651
0.3227665706051873,0.9975062344139651
0.32278517493803677,0.9975062344139651
0.32280378141572513,0.9975062344139651
0.3228223900386234,0.9975062344139651
0.3228410008071025,0.9975062344139651
0.3228596137215336,0.9975062344139651
0.32287822878228783,0.9975062344139651
0.3228968459897365,0.9975062344139651
0.322915465344251,0.9975062344139651
0.3229340868462026,0.9975062344139651
0.3229527104959631,0.9975062344139651
0.3229713362939039,0.9975062344139651
0.32298996424039683,0.9975062344139651
0.3230085943358136,0.9975062344139651
0.3230272265805261,0.9975062344139651
0.3230458609749063,0.9975062344139651
0.3230644975193262,0.9975062344139651
0.32308313621415796,0.9975062344139651
0.32310177705977383,0.9975062344139651
0.32312042005654606,0.9975062344139651
0.3231390652048471,0.9975062344139651
0.3231577125050493,0.9975062344139651
0.3231763619575254,0.9975062344139651
0.3231950135626479,0.9975062344139651
0.32321366732078954,0.9975062344139651
0.32323232323232326,0.9975062344139651
0.3232509812976218,0.9975062344139651
0.3232696415170582,0.9975062344139651
0.32328830389100566,0.9975062344139651
0.3233069684198372,0.9975062344139651
0.3233256351039261,0.9975062344139651
0.3233443039436457,0.9975062344139651
0.32336297493936944,0.9975062344139651
0.3233816480914708,0.9975062344139651
0.3234003234003234,0.9975062344139651
0.3234190008663009,0.9975062344139651
0.32343768048977706,0.9975062344139651
0.32345636227112573,0.9975062344139651
0.3234750462107209,0.9975062344139651
0.3234937323089365,0.9975062344139651
0.32351242056614676,0.9975062344139651
0.32353111098272574,0.9975062344139651
0.32354980355904783,0.9975062344139651
0.3235684982954874,0.9975062344139651
0.3235871951924188,0.9975062344139651
0.3236058942502167,0.9975062344139651
0.32362459546925565,0.9975062344139651
0.32364329884991044,0.9975062344139651
0.32366200439255577,0.9975062344139651
0.3236807120975666,0.9975062344139651
0.3236994219653179,0.9975062344139651
0.32371813399618476,0.9975062344139651
0.32373684819054227,0.9975062344139651
0.3237555645487657,0.9975062344139651
0.32377428307123035,0.9975062344139651
0.32379300375831166,0.9975062344139651
0.3238117266103851,0.9975062344139651
0.3238304516278263,0.9975062344139651
0.3238491788110109,0.9975062344139651
0.32386790816031463,0.9975062344139651
0.32388663967611336,0.9975062344139651
0.32390537335878306,0.9975062344139651
0.3239241092086997,0.9975062344139651
0.3239428472262394,0.9975062344139651
0.32396158741177833,0.9975062344139651
0.3239803297656928,0.9975062344139651
0.32399907428835917,0.9975062344139651
0.3240178209801539,0.9975062344139651
0.3240365698414535,0.9975062344139651
0.32405532087263467,0.9975062344139651
0.32407407407407407,0.9975062344139651
0.3240928294461485,0.9975062344139651
0.32411158698923487,0.9975062344139651
0.32413034670371016,0.9975062344139651
0.3241491085899514,0.9975062344139651
0.32416787264833574,0.9975062344139651
0.3241866388792405,0.9975062344139651
0.3242054072830429,0.9975062344139651
0.3242241778601204,0.9975062344139651
0.32424295061085057,0.9975062344139651
0.3242617255356109,0.9975062344139651
0.3242805026347791,0.9975062344139651
0.3242992819087329,0.9975062344139651
0.32431806335785024,0.9975062344139651
0.324336846982509,0.9975062344139651
0.32435563278308716,0.9975062344139651
0.3243744207599629,0.9975062344139651
0.3243932109135145,0.9975062344139651
0.32441200324412,0.9975062344139651
0.32443079775215805,0.9975062344139651
0.32444959443800697,0.9975062344139651
0.3244683933020453,0.9975062344139651
0.32448719434465173,0.9975062344139651
0.324505997566205,0.9975062344139651
0.3245248029670839,0.9975062344139651
0.32454361054766734,0.9975062344139651
0.3245624203083343,0.9975062344139651
0.32458123224946384,0.9975062344139651
0.3246000463714352,0.9975062344139651
0.3246188626746276,0.9975062344139651
0.32463768115942027,0.9975062344139651
0.3246565018261928,0.9975062344139651
0.3246753246753247,0.9975062344139651
0.32469414970719546,0.9975062344139651
0.32471297692218487,0.9975062344139651
0.32473180632067267,0.9975062344139651
0.32475063790303876,0.9975062344139651
0.3247694716696631,0.9975062344139651
0.32478830762092564,0.9975062344139651
0.32480714575720665,0.9975062344139651
0.3248259860788863,0.9975062344139651
0.3248448285863449,0.9975062344139651
0.32486367327996285,0.9975062344139651
0.32488252016012065,0.9975062344139651
0.32490136922719887,0.9975062344139651
0.3249202204815782,0.9975062344139651
0.3249390739236393,0.9975062344139651
0.3249579295537631,0.9975062344139651
0.32497678737233054,0.9975062344139651
0.3250145095763204,0.9975062344139651
0.3250333739625051,0.9975062344139651
0.325052240538658,0.9975062344139651
0.3250711093051605,0.9975062344139651
0.32508998026239405,0.9975062344139651
0.3251088534107402,0.9975062344139651
0.3251277287505806,0.9975062344139651
0.3251466062822969,0.9975062344139651
0.32516548600627104,0.9975062344139651
0.32518436792288485,0.9975062344139651
0.3252032520325203,0.9975062344139651
0.3252221383355596,0.9975062344139651
0.3252410268323847,0.9975062344139651
0.3252599175233781,0.9975062344139651
0.3252788104089219,0.9975062344139651
0.3252977054893988,0.9975062344139651
0.32531660276519114,0.9975062344139651
0.32533550223668156,0.9975062344139651
0.32535440390425285,0.9975062344139651
0.3253733077682877,0.9975062344139651
0.3253922138291691,0.9975062344139651
0.3254111220872799,0.9975062344139651
0.32543003254300323,0.9975062344139651
0.32544894519672224,0.9975062344139651
0.32546786004882017,0.9975062344139651
0.3254867770996803,0.9975062344139651
0.3255056963496861,0.9975062344139651
0.32552461779922104,0.9975062344139651
0.32554354144866876,0.9975062344139651
0.32556246729841287,0.9975062344139651
0.32558139534883723,0.9975062344139651
0.3256003256003256,0.9975062344139651
0.32561925805326203,0.9975062344139651
0.32563819270803046,0.9975062344139651
0.32565712956501514,0.9975062344139651
0.3256760686246002,0.9975062344139651
0.32569500988716993,0.9975062344139651
0.3257139533531088,0.9975062344139651
0.3257328990228013,0.9975062344139651
0.32575184689663195,0.9975062344139651
0.32577079697498545,0.9975062344139651
0.32578974925824655,0.9975062344139651
0.3258087037468001,0.9975062344139651
0.325827660441031,0.9975062344139651
0.3258466193413243,0.9975062344139651
0.3258655804480652,0.9975062344139651
0.3258845437616387,0.9975062344139651
0.3259035092824303,0.9975062344139651
0.3259224770108253,0.9975062344139651
0.3259414469472091,0.9975062344139651
0.3259604190919674,0.9975062344139651
0.32597939344548577,0.9975062344139651
0.32599837000814996,0.9975062344139651
0.32601734878034583,0.9975062344139651
0.3260363297624592,0.9975062344139651
0.3260553129548763,0.9975062344139651
0.326074298357983,0.9975062344139651
0.32609328597216564,0.9975062344139651
0.3261122757978104,0.9975062344139651
0.3261312678353037,0.9975062344139651
0.326150262085032,0.9975062344139651
0.32616925854738194,0.9975062344139651
0.32618825722274,0.9975062344139651
0.326207258111493,0.9975062344139651
0.3262262612140277,0.9975062344139651
0.32624526653073116,0.9975062344139651
0.3262642740619902,0.9975062344139651
0.32628328380819205,0.9975062344139651
0.3263022957697238,0.9975062344139651
0.3263213099469728,0.9975062344139651
0.32634032634032634,0.9975062344139651
0.32635934495017194,0.9975062344139651
0.32637836577689705,0.9975062344139651
0.3263973888208894,0.9975062344139651
0.32641641408253674,0.9975062344139651
0.32643544156222676,0.9975062344139651
0.32645447126034743,0.9975062344139651
0.3264735031772868,0.9975062344139651
0.32649253731343286,0.9975062344139651
0.3265115736691738,0.9975062344139651
0.32653061224489793,0.9975062344139651
0.32654965304099365,0.9975062344139651
0.32656869605784933,0.9975062344139651
0.3265877412958535,0.9975062344139651
0.32660678875539484,0.9975062344139651
0.32662583843686205,0.9975062344139651
0.326644890340644,0.9975062344139651
0.32666394446712943,0.9975062344139651
0.3266830008167075,0.9975062344139651
0.3267020593897672,0.9975062344139651
0.3267211201866978,0.9975062344139651
0.32674018320788845,0.9975062344139651
0.32675924845372856,0.9975062344139651
0.3267783159246076,0.9975062344139651
0.32679738562091504,0.9975062344139651
0.32681645754304056,0.9975062344139651
0.32683553169137386,0.9975062344139651
0.3268546080663048,0.9975062344139651
0.3268736866682232,0.9975062344139651
0.3268927674975191,0.9975062344139651
0.3269118505545826,0.9975062344139651
0.3269309358398038,0.9975062344139651
0.3269500233535731,0.9975062344139651
0.32696911309628074,0.9975062344139651
0.32698820506831716,0.9975062344139651
0.327007299270073,0.9975062344139651
0.3270263957019388,0.9975062344139651
0.3270454943643053,0.9975062344139651
0.3270645952575634,0.9975062344139651
0.3270836983821038,0.9975062344139651
0.32710280373831774,0.9975062344139651
0.3271219113265962,0.9975062344139651
0.3271410211473303,0.9975062344139651
0.32716013320091136,0.9975062344139651
0.32717924748773075,0.9975062344139651
0.32719836400818,0.9975062344139651
0.32721748276265045,0.9975062344139651
0.3272366037515339,0.9975062344139651
0.32725572697522204,0.9975062344139651
0.3272748524341067,0.9975062344139651
0.3272939801285798,0.9975062344139651
0.32731311005903324,0.9975062344139651
0.32733224222585927,0.9975062344139651
0.3273513766294499,0.9975062344139651
0.3273705132701976,0.9975062344139651
0.3273896521484946,0.9975062344139651
0.3274087932647334,0.9975062344139651
0.3274279366193066,0.9975062344139651
0.3274470822126067,0.9975062344139651
0.3274662300450266,0.9975062344139651
0.32748538011695905,0.9975062344139651
0.327504532428797,0.9975062344139651
0.3275236869809334,0.9975062344139651
0.32754284377376147,0.9975062344139651
0.32756200280767434,0.9975062344139651
0.3275811640830652,0.9975062344139651
0.3276003276003276,0.9975062344139651
0.3276194933598549,0.9975062344139651
0.32763866136204073,0.9975062344139651
0.3276578316072787,0.9975062344139651
0.32767700409596257,0.9975062344139651
0.3276961788284862,0.9975062344139651
0.32771535580524347,0.9975062344139651
0.3277345350266284,0.9975062344139651
0.32775371649303525,0.9975062344139651
0.32777290020485805,0.9975062344139651
0.3277920861624912,0.9975062344139651
0.3278112743663291,0.9975062344139651
0.3278304648167662,0.9975062344139651
0.32784965751419703,0.9975062344139651
0.32786885245901637,0.9975062344139651
0.32788804965161894,0.9975062344139651
0.3279072490923996,0.9975062344139651
0.32792645078175325,0.9975062344139651
0.327945654720075,0.9975062344139651
0.3279648609077599,0.9975062344139651
0.32798406934520324,0.9975062344139651
0.3280032800328003,0.9975062344139651
0.3280224929709466,0.9975062344139651
0.32804170816003747,0.9975062344139651
0.3280609256004687,0.9975062344139651
0.3280801452926358,0.9975062344139651
0.3280993672369346,0.9975062344139651
0.32811859143376104,0.9975062344139651
0.3281378178835111,0.9975062344139651
0.32815704658658074,0.9975062344139651
0.32817627754336615,0.9975062344139651
0.3281955107542636,0.9975062344139651
0.32821474621966945,0.9975062344139651
0.32825322391559203,0.9975062344139651
0.3282724661469019,0.9975062344139651
0.3282917106343065,0.9975062344139651
0.3283109573782025,0.9975062344139651
0.32833020637898686,0.9975062344139651
0.3283494576370566,0.9975062344139651
0.32836871115280875,0.9975062344139651
0.32838796692664046,0.9975062344139651
0.3284072249589491,0.9975062344139651
0.32842648525013196,0.9975062344139651
0.3284457478005865,0.9975062344139651
0.3284650126107103,0.9975062344139651
0.328484279680901,0.9975062344139651
0.32850354901155626,0.9975062344139651
0.32852282060307403,0.9975062344139651
0.32854209445585214,0.9975062344139651
0.32856137057028867,0.9975062344139651
0.3285806489467817,0.9975062344139651
0.32859992958572937,0.9975062344139651
0.32861921248753007,0.9975062344139651
0.3286384976525822,0.9975062344139651
0.3286577850812841,0.9975062344139651
0.3286770747740345,0.9975062344139651
0.32869636673123204,0.9975062344139651
0.3287156609532754,0.9975062344139651
0.3287349574405635,0.9975062344139651
0.32875425619349535,0.9975062344139651
0.3287735572124699,0.9975062344139651
0.3287928604978863,0.9975062344139651
0.32881216605014385,0.9975062344139651
0.3288314738696418,0.9975062344139651
0.32885078395677964,0.9975062344139651
0.3288700963119568,0.9975062344139651
0.3288894109355729,0.9975062344139651
0.3289087278280277,0.9975062344139651
0.328928046989721,0.9975062344139651
0.32894736842105265,0.9975062344139651
0.3289666921224226,0.9975062344139651
0.328986018094231,0.9975062344139651
0.329005346336878,0.9975062344139651
0.3290246768507638,0.9975062344139651
0.3290440096362889,0.9975062344139651
0.32906334469385357,0.9975062344139651
0.3290826820238585,0.9975062344139651
0.32910202162670427,0.9975062344139651
0.32912136350279164,0.9975062344139651
0.32914070765252146,0.9975062344139651
0.3291600540762946,0.9975062344139651
0.32917940277451213,0.9975062344139651
0.3291987537475751,0.9975062344139651
0.3292181069958848,0.9975062344139651
0.3292374625198424,0.9975062344139651
0.3292568203198495,0.9975062344139651
0.3292761803963074,0.9975062344139651
0.3292955427496178,0.9975062344139651
0.3293149073801823,0.9975062344139651
0.32933427428840273,0.9975062344139651
0.32935364347468093,0.9975062344139651
0.3293730149394189,0.9975062344139651
0.3293923886830186,0.9975062344139651
0.32941176470588235,0.9975062344139651
0.32943114300841225,0.9975062344139651
0.3294505235910107,0.9975062344139651
0.32946990645408014,0.9975062344139651
0.32948929159802304,0.9975062344139651
0.32950867902324216,0.9975062344139651
0.32952806873014007,0.9975062344139651
0.3295474607191196,0.9975062344139651
0.3295668549905838,0.9975062344139651
0.32958625154493554,0.9975062344139651
0.329605650382578,0.9975062344139651
0.3296250515039143,0.9975062344139651
0.3296444549093478,0.9975062344139651
0.3296638605992818,0.9975062344139651
0.32968326857411984,0.9975062344139651
0.3297026788342655,0.9975062344139651
0.3297220913801225,0.9975062344139651
0.32974150621209447,0.9975062344139651
0.3297609233305853,0.9975062344139651
0.32978034273599904,0.9975062344139651
0.3297997644287397,0.9975062344139651
0.3298191884092114,0.9975062344139651
0.32983861467781833,0.9975062344139651
0.3298580432349649,0.9975062344139651
0.3298774740810556,0.9975062344139651
0.32989690721649484,0.9975062344139651
0.3299163426416873,0.9975062344139651
0.32993578035703763,0.9975062344139651
0.3299552203629507,0.9975062344139651
0.3299746626598315,0.9975062344139651
0.32999410724808487,0.9975062344139651
0.33001355412811595,0.9975062344139651
0.33003300330033003,0.9975062344139651
0.33005245476513234,0.9975062344139651
0.3300719085229282,0.9975062344139651
0.3300913645741232,0.9975062344139651
0.33011082291912286,0.9975062344139651
0.33013028355833285,0.9975062344139651
0.33014974649215895,0.9975062344139651
0.330169211721007,0.9975062344139651
0.330188679245283,0.9975062344139651
0.33020814906539303,0.9975062344139651
0.33022762118174315,0.9975062344139651
0.33024709559473964,0.9975062344139651
0.33026657230478884,0.9975062344139651
0.33028605131229727,0.9975062344139651
0.33030553261767137,0.9975062344139651
0.33032501622131777,0.9975062344139651
0.33034450212364325,0.9975062344139651
0.3303639903250546,0.9975062344139651
0.3303834808259587,0.9975062344139651
0.33040297362676263,0.9975062344139651
0.3304224687278735,0.9975062344139651
0.33044196612969845,0.9975062344139651
0.33046146583264485,0.9975062344139651
0.3304809678371201,0.9975062344139651
0.3305004721435316,0.9975062344139651
0.33051997875228706,0.9975062344139651
0.3305394876637941,0.9975062344139651
0.3305589988784605,0.9975062344139651
0.3305785123966942,0.9975062344139651
0.3305980282189031,0.9975062344139651
0.33061754634549534,0.9975062344139651
0.33063706677687904,0.9975062344139651
0.33065658951346244,0.9975062344139651
0.330676114555654,0.9975062344139651
0.330695641903862,0.9975062344139651
0.3307151715584952,0.9975062344139651
0.3307347035199622,0.9975062344139651
0.3307542377886717,0.9975062344139651
0.33077377436503247,0.9975062344139651
0.3307933132494536,0.9975062344139651
0.33081285444234404,0.9975062344139651
0.33083239794411295,0.9975062344139651
0.3308519437551696,0.9975062344139651
0.3308714918759232,0.9975062344139651
0.3308910423067833,0.9975062344139651
0.3309105950481593,0.9975062344139651
0.33093015010046095,0.9975062344139651
0.33094970746409785,0.9975062344139651
0.3309692671394799,0.9975062344139651
0.33098882912701694,0.9975062344139651
0.331008393427119,0.9975062344139651
0.33102796004019625,0.9975062344139651
0.3310475289666588,0.9975062344139651
0.33106710020691693,0.9975062344139651
0.3310866737613811,0.9975062344139651
0.33110624963046176,0.9975062344139651
0.33112582781456956,0.9975062344139651
0.3311454083141151,0.9975062344139651
0.33116499112950915,0.9975062344139651
0.3311845762611627,0.9975062344139651
0.33120416370948663,0.9975062344139651
0.3312237534748921,0.9975062344139651
0.3312433455577901,0.9975062344139651
0.33126293995859213,0.9975062344139651
0.3312825366777094,0.9975062344139651
0.33130213571555345,0.9975062344139651
0.3313217370725358,0.9975062344139651
0.3313413407490681,0.9975062344139651
0.33136094674556216,0.9975062344139651
0.33138055506242975,0.9975062344139651
0.33140016570008285,0.9975062344139651
0.3314197786589335,0.9975062344139651
0.3314393939393939,0.9975062344139651
0.3314590115418763,0.9975062344139651
0.33147863146679296,0.9975062344139651
0.3314982537145563,0.9975062344139651
0.331517878285579,0.9975062344139651
0.33153750518027353,0.9975062344139651
0.3315571343990527,0.9975062344139651
0.3315767659423293,0.9975062344139651
0.33159639981051636,0.9975062344139651
0.3316160360040268,0.9975062344139651
0.3316356745232737,0.9975062344139651
0.33165531536867043,0.9975062344139651
0.33167495854063017,0.9975062344139651
0.3316946040395664,0.9975062344139651
0.33171425186589265,0.9975062344139651
0.3317339020200225,0.9975062344139651
0.33175355450236965,0.9975062344139651
0.33177320931334797,0.9975062344139651
0.33179286645337125,0.9975062344139651
0.3318125259228536,0.9975062344139651
0.33183218772220907,0.9975062344139651
0.33185185185185184,0.9975062344139651
0.3318715183121963,0.9975062344139651
0.3319108582266477,0.9975062344139651
0.33193053168158376,0.9975062344139651
0.33195020746887965,0.9975062344139651
0.33196988558895013,0.9975062344139651
0.3319895660422101,0.9975062344139651
0.3320092488290745,0.9975062344139651
0.33202893394995847,0.9975062344139651
0.3320486214052772,0.9975062344139651
0.33206831119544594,0.9975062344139651
0.33208800332088,0.9975062344139651
0.332107697781995,0.9975062344139651
0.3321273945792064,0.9975062344139651
0.33214709371293,0.9975062344139651
0.33216679518358144,0.9975062344139651
0.3321864989915767,0.9975062344139651
0.3322062051373317,0.9975062344139651
0.33222591362126247,0.9975062344139651
0.33224562444378525,0.9975062344139651
0.33226533760531624,0.9975062344139651
0.3322850531062719,0.9975062344139651
0.3323047709470686,0.9975062344139651
0.33232449112812296,0.9975062344139651
0.3323442136498516,0.9975062344139651
0.3323639385126714,0.9975062344139651
0.33238366571699907,0.9975062344139651
0.33240339526325163,0.9975062344139651
0.33242312715184613,0.9975062344139651
0.3324428613831998,0.9975062344139651
0.33246259795772976,0.9975062344139651
0.3324823368758535,0.9975062344139651
0.3325020781379884,0.9975062344139651
0.33252182174455197,0.9975062344139651
0.332541567695962,0.9975062344139651
0.33256131599263616,0.9975062344139651
0.33258106663499226,0.9975062344139651
0.33260081962344834,0.9975062344139651
0.33262057495842245,0.9975062344139651
0.33264033264033266,0.9975062344139651
0.33266009266959723,0.9975062344139651
0.3326798550466346,0.9975062344139651
0.33269961977186313,0.9975062344139651
0.3327193868457014,0.9975062344139651
0.33273915626856804,0.9975062344139651
0.3327589280408818,0.9975062344139651
0.33277870216306155,0.9975062344139651
0.33279847863552625,0.9975062344139651
0.33281825745869487,0.9975062344139651
0.3328380386329866,0.9975062344139651
0.33285782215882076,0.9975062344139651
0.33287760803661653,0.9975062344139651
0.3328973962667935,0.9975062344139651
0.3329171868497711,0.9975062344139651
0.3329369797859691,0.9975062344139651
0.3329567750758071,0.9975062344139651
0.3329765727197051,0.9975062344139651
0.3329963727180829,0.9975062344139651
0.33303597977995836,0.9975062344139651
0.33305578684429643,0.9975062344139651
0.3330755962647951,0.9975062344139651
0.3330954080418749,0.9975062344139651
0.33311522217595624,0.9975062344139651
0.33313503866745986,0.9975062344139651
0.33315485751680646,0.9975062344139651
0.3331746787244169,0.9975062344139651
0.3331945022907122,0.9975062344139651
0.3332143282161133,0.9975062344139651
0.3332341565010414,0.9975062344139651
0.33325398714591764,0.9975062344139651
0.33327382015116347,0.9975062344139651
0.33329365551720036,0.9975062344139651
0.33331349324444975,0.9975062344139651
0.3333333333333333,0.9975062344139651
0.33335317578427287,0.9975062344139651
0.3333730205976902,0.9975062344139651
0.33343256921702885,0.9975062344139651
0.3334524234845778,0.9975062344139651
0.3334722801167153,0.9975062344139651
0.3334921391138637,0.9975062344139651
0.3335120004764457,0.9975062344139651
0.33353186420488384,0.9975062344139651
0.33355173029960095,0.9975062344139651
0.33357159876101977,0.9975062344139651
0.33359146958956337,0.9975062344139651
0.3336113427856547,0.9975062344139651
0.333631218349717,0.9975062344139651
0.3336510962821735,0.9975062344139651
0.3336709765834475,0.9975062344139651
0.3336908592539626,0.9975062344139651
0.33371074429414216,0.9975062344139651
0.33373063170441003,0.9975062344139651
0.3337505214851898,0.9975062344139651
0.33377041363690546,0.9975062344139651
0.33379030815998095,0.9975062344139651
0.33381020505484027,0.9975062344139651
0.33383010432190763,0.9975062344139651
0.33385000596160724,0.9975062344139651
0.33386990997436355,0.9975062344139651
0.333889816360601,0.9975062344139651
0.3339097251207441,0.9975062344139651
0.33392963625521765,0.9975062344139651
0.3339495497644463,0.9975062344139651
0.33396946564885494,0.9975062344139651
0.3339893839088686,0.9975062344139651
0.33400930454491234,0.9975062344139651
0.33402922755741127,0.9975062344139651
0.3340491529467907,0.9975062344139651
0.33406908071347613,0.9975062344139651
0.33408901085789283,0.9975062344139651
0.33410894338046654,0.9975062344139651
0.3341288782816229,0.9975062344139651
0.3341488155617877,0.9975062344139651
0.3341687552213868,0.9975062344139651
0.3341886972608462,0.9975062344139651
0.334208641680592,0.9975062344139651
0.3342285884810504,0.9975062344139651
0.3342485376626477,0.9975062344139651
0.3342684892258103,0.9975062344139651
0.3342884431709647,0.9975062344139651
0.3343083994985374,0.9975062344139651
0.33432835820895523,0.9975062344139651
0.3343483193026449,0.9975062344139651
0.33436828278003344,0.9975062344139651
0.33438824864154776,0.9975062344139651
0.33440821688761496,0.9975062344139651
0.33442818751866227,0.9975062344139651
0.33444816053511706,0.9975062344139651
0.33446813593740665,0.9975062344139651
0.33448811372595866,0.9975062344139651
0.3345080939012006,0.9975062344139651
0.3345280764635603,0.9975062344139651
0.33454806141346555,0.9975062344139651
0.33456804875134427,0.9975062344139651
0.3345880384776244,0.9975062344139651
0.33460803059273425,0.9975062344139651
0.3346280250971019,0.9975062344139651
0.33464802199115573,0.9975062344139651
0.3346680212753242,0.9975062344139651
0.33468802295003586,0.9975062344139651
0.33470802701571933,0.9975062344139651
0.33472803347280333,0.9975062344139651
0.3347480423217168,0.9975062344139651
0.3347680535628886,0.9975062344139651
0.33478806719674775,0.9975062344139651
0.3348080832237235,0.9975062344139651
0.33482810164424515,0.9975062344139651
0.3348481224587419,0.9975062344139651
0.3348681456676434,0.9975062344139651
0.33488817127137904,0.9975062344139651
0.33490819927037857,0.9975062344139651
0.3349282296650718,0.9975062344139651
0.3349482624558885,0.9975062344139651
0.33496829764325875,0.9975062344139651
0.3349883352276126,0.9975062344139651
0.33500837520938026,0.9975062344139651
0.33502841758899193,0.9975062344139651
0.3350484623668781,0.9975062344139651
0.3350685095434692,0.9975062344139651
0.3350885591191958,0.9975062344139651
0.33510861109448864,0.9975062344139651
0.3351286654697786,0.9975062344139651
0.33514872224549647,0.9975062344139651
0.33516878142207324,0.9975062344139651
0.3351888429999401,0.9975062344139651
0.3352089069795283,0.9975062344139651
0.33522897336126906,0.9975062344139651
0.33524904214559387,0.9975062344139651
0.3352691133329342,0.9975062344139651
0.3352891869237217,0.9975062344139651
0.33530926291838814,0.9975062344139651
0.33532934131736525,0.9975062344139651
0.3353494221210851,0.9975062344139651
0.3353695053299796,0.9975062344139651
0.33538959094448106,0.9975062344139651
0.33540967896502155,0.9975062344139651
0.33542976939203356,0.9975062344139651
0.33544986222594947,0.9975062344139651
0.3354699574672018,0.9975062344139651
0.3354900551162233,0.9975062344139651
0.3355101551734468,0.9975062344139651
0.335530257639305,0.9975062344139651
0.3355503625142309,0.9975062344139651
0.33557046979865773,0.9975062344139651
0.3355905794930185,0.9975062344139651
0.3356308061132754,0.9975062344139651
0.33565092304003835,0.9975062344139651
0.3356710423784691,0.9975062344139651
0.3356911641290013,0.9975062344139651
0.3357112882920688,0.9975062344139651
0.33573141486810554,0.9975062344139651
0.3357515438575454,0.9975062344139651
0.33577167526082263,0.9975062344139651
0.3357918090783714,0.9975062344139651
0.335811945310626,0.9975062344139651
0.335832083958021,0.9975062344139651
0.33585222502099077,0.9975062344139651
0.33587236849997,0.9975062344139651
0.33589251439539347,0.9975062344139651
0.335912662707696,0.9975062344139651
0.3359328134373125,0.9975062344139651
0.33595296658467816,0.9975062344139651
0.33597312215022795,0.9975062344139651
0.33599328013439733,0.9975062344139651
0.3360134405376215,0.9975062344139651
0.33603360336033605,0.9975062344139651
0.3360537686029765,0.9975062344139651
0.33607393626597853,0.9975062344139651
0.33609410634977793,0.9975062344139651
0.33611427885481066,0.9975062344139651
0.33613445378151263,0.9975062344139651
0.33615463113031996,0.9975062344139651
0.33617481090166884,0.9975062344139651
0.33619499309599565,0.9975062344139651
0.33621517771373677,0.9975062344139651
0.3362353647553287,0.9975062344139651
0.3362555542212081,0.9975062344139651
0.3362757461118117,0.9975062344139651
0.33629594042757627,0.9975062344139651
0.3363161371689388,0.9975062344139651
0.33633633633633636,0.9975062344139651
0.33635653793020603,0.9975062344139651
0.3363767419509851,0.9975062344139651
0.33639694839911094,0.9975062344139651
0.33641715727502103,0.9975062344139651
0.3364373685791529,0.9975062344139651
0.3364575823119442,0.9975062344139651
0.33647779847383286,0.9975062344139651
0.33649801706525656,0.9975062344139651
0.33651823808665343,0.9975062344139651
0.33653846153846156,0.9975062344139651
0.33655868742111905,0.9975062344139651
0.3365789157350643,0.9975062344139651
0.3365991464807357,0.9975062344139651
0.33661937965857175,0.9975062344139651
0.3366396152690111,0.9975062344139651
0.3366598533124925,0.9975062344139651
0.3366800937894547,0.9975062344139651
0.3367003367003367,0.9975062344139651
0.33672058204557753,0.9975062344139651
0.3367408298256164,0.9975062344139651
0.3367610800408924,0.9975062344139651
0.33678133269184507,0.9975062344139651
0.33680158777891384,0.9975062344139651
0.33682184530253817,0.9975062344139651
0.3368421052631579,0.9975062344139651
0.3368623676612127,0.9975062344139651
0.3368826324971425,0.9975062344139651
0.3369028997713873,0.9975062344139651
0.3369231694843872,0.9975062344139651
0.3369434416365824,0.9975062344139651
0.33696371622841326,0.9975062344139651
0.33698399326032014,0.9975062344139651
0.3370042727327436,0.9975062344139651
0.33702455464612424,0.9975062344139651
0.3370448390009028,0.9975062344139651
0.3370651257975202,0.9975062344139651
0.33708541503641726,0.9975062344139651
0.33710570671803514,0.9975062344139651
0.337126000842815,0.9975062344139651
0.33714629741119806,0.9975062344139651
0.33716659642362573,0.9975062344139651
0.3371868978805395,0.9975062344139651
0.33720720178238095,0.9975062344139651
0.33722750812959174,0.9975062344139651
0.3372478169226137,0.9975062344139651
0.3372681281618887,0.9975062344139651
0.33728844184785883,0.9975062344139651
0.33730875798096616,0.9975062344139651
0.3373290765616529,0.9975062344139651
0.3373493975903614,0.9975062344139651
0.3373697210675342,0.9975062344139651
0.3373900469936137,0.9975062344139651
0.3374103753690426,0.9975062344139651
0.3374307061942637,0.9975062344139651
0.33745103946971977,0.9975062344139651
0.3374713751958539,0.9975062344139651
0.3374917133731091,0.9975062344139651
0.33751205400192863,0.9975062344139651
0.33753239708275573,0.9975062344139651
0.33755274261603374,0.9975062344139651
0.3375730906022063,0.9975062344139651
0.3375934410417169,0.9975062344139651
0.33761379393500934,0.9975062344139651
0.33763414928252744,0.9975062344139651
0.3376545070847151,0.9975062344139651
0.3376748673420164,0.9975062344139651
0.33769523005487545,0.9975062344139651
0.33771559522373656,0.9975062344139651
0.3377359628490441,0.9975062344139651
0.33775633293124246,0.9975062344139651
0.33777670547077626,0.9975062344139651
0.33779708046809026,0.9975062344139651
0.3378174579236291,0.9975062344139651
0.33783783783783783,0.9975062344139651
0.3378582202111614,0.9975062344139651
0.3378786050440449,0.9975062344139651
0.33789899233693355,0.9975062344139651
0.3379193820902727,0.9975062344139651
0.3379397743045079,0.9975062344139651
0.33796016898008446,0.9975062344139651
0.33798056611744826,0.9975062344139651
0.3380009657170449,0.9975062344139651
0.33802136777932035,0.9975062344139651
0.3380417723047205,0.9975062344139651
0.33806217929369153,0.9975062344139651
0.33808258874667957,0.9975062344139651
0.3381030006641309,0.9975062344139651
0.33812341504649196,0.9975062344139651
0.33814383189420927,0.9975062344139651
0.33816425120772947,0.9975062344139651
0.33818467298749927,0.9975062344139651
0.33820509723396547,0.9975062344139651
0.33822552394757505,0.9975062344139651
0.3382459531287751,0.9975062344139651
0.3382663847780127,0.9975062344139651
0.3382868188957352,0.9975062344139651
0.3383072554823899,0.9975062344139651
0.3383276945384244,0.9975062344139651
0.33834813606428615,0.9975062344139651
0.338368580060423,0.9975062344139651
0.3383890265272826,0.9975062344139651
0.338409475465313,0.9975062344139651
0.3384299268749622,0.9975062344139651
0.3384503807566783,0.9975062344139651
0.33847083711090964,0.9975062344139651
0.33849129593810445,0.9975062344139651
0.33851175723871124,0.9975062344139651
0.3385322210131786,0.9975062344139651
0.33855268726195514,0.9975062344139651
0.3385731559854897,0.9975062344139651
0.3385936271842312,0.9975062344139651
0.3386141008586286,0.9975062344139651
0.338634577009131,0.9975062344139651
0.3386550556361877,0.9975062344139651
0.338675536740248,0.9975062344139651
0.3386960203217612,0.9975062344139651
0.33871650638117706,0.9975062344139651
0.3387369949189451,0.9975062344139651
0.3387574859355151,0.9975062344139651
0.338777979431337,0.9975062344139651
0.33879847540686064,0.9975062344139651
0.3388189738625363,0.9975062344139651
0.33883947479881404,0.9975062344139651
0.3388599782161443,0.9975062344139651
0.3388804841149773,0.9975062344139651
0.3389009924957637,0.9975062344139651
0.3389215033589542,0.9975062344139651
0.3389420167049994,0.9975062344139651
0.3389625325343502,0.9975062344139651
0.3389830508474576,0.9975062344139651
0.3390035716447727,0.9975062344139651
0.33902409492674657,0.9975062344139651
0.3390446206938306,0.9975062344139651
0.33906514894647616,0.9975062344139651
0.3390856796851347,0.9975062344139651
0.33910621291025794,0.9975062344139651
0.3391267486222976,0.9975062344139651
0.3391472868217054,0.9975062344139651
0.33916782750893343,0.9975062344139651
0.3391883706844337,0.9975062344139651
0.3392089163486583,0.9975062344139651
0.3392294645020596,0.9975062344139651
0.33925001514508996,0.9975062344139651
0.33927056827820185,0.9975062344139651
0.3393116820164809,0.9975062344139651
0.33933224262255346,0.9975062344139651
0.33935280572051874,0.9975062344139651
0.3393733713108296,0.9975062344139651
0.3393939393939394,0.9975062344139651
0.3394145099703012,0.9975062344139651
0.3394350830403685,0.9975062344139651
0.33945565860459476,0.9975062344139651
0.3394762366634336,0.9975062344139651
0.3395174002667637,0.9975062344139651
0.3395379858121627,0.9975062344139651
0.3395585738539898,0.9975062344139651
0.33957916439269903,0.9975062344139651
0.3395997574287447,0.9975062344139651
0.33962035296258114,0.9975062344139651
0.3396409509946628,0.9975062344139651
0.3396615515254443,0.9975062344139651
0.3396821545553803,0.9975062344139651
0.33970276008492567,0.9975062344139651
0.3397233681145353,0.9975062344139651
0.3397439786446642,0.9975062344139651
0.3397645916757675,0.9975062344139651
0.33978520720830047,0.9975062344139651
0.33980582524271846,0.9975062344139651
0.3398264457794769,0.9975062344139651
0.33984706881903143,0.9975062344139651
0.3398676943618377,0.9975062344139651
0.33988832240835154,0.9975062344139651
0.33990895295902884,0.9975062344139651
0.3399295860143256,0.9975062344139651
0.339950221574698,0.9975062344139651
0.33997085964060225,0.9975062344139651
0.3399915002124947,0.9975062344139651
0.3400121432908318,0.9975062344139651
0.3400327888760702,0.9975062344139651
0.3400534369686665,0.9975062344139651
0.34007408756907753,0.9975062344139651
0.34009474067776024,0.9975062344139651
0.34011539629517157,0.9975062344139651
0.3401360544217687,0.9975062344139651
0.3401567150580089,0.9975062344139651
0.3401773782043494,0.9975062344139651
0.3401980438612478,0.9975062344139651
0.3402187120291616,0.9975062344139651
0.34023938270854853,0.9975062344139651
0.34026005589986635,0.9975062344139651
0.340280731603573,0.9975062344139651
0.3403014098201264,0.9975062344139651
0.3403220905499848,0.9975062344139651
0.3403427737936064,0.9975062344139651
0.3403634595514496,0.9975062344139651
0.34038414782397275,0.9975062344139651
0.34040483861163456,0.9975062344139651
0.3404255319148936,0.9975062344139651
0.34044622773420874,0.9975062344139651
0.3404669260700389,0.9975062344139651
0.34048762692284307,0.9975062344139651
0.34050833029308036,0.9975062344139651
0.3405290361812101,0.9975062344139651
0.34054974458769155,0.9975062344139651
0.34057045551298426,0.9975062344139651
0.34059116895754776,0.9975062344139651
0.34061188492184175,0.9975062344139651
0.340632603406326,0.9975062344139651
0.34065332441146057,0.9975062344139651
0.34067404793770534,0.9975062344139651
0.34069477398552045,0.9975062344139651
0.34071550255536626,0.9975062344139651
0.34073623364770306,0.9975062344139651
0.3407777034016917,0.9975062344139651
0.34079844206426485,0.9975062344139651
0.34081918325117155,0.9975062344139651
0.3408399269628728,0.9975062344139651
0.34086067319982954,0.9975062344139651
0.34088142196250304,0.9975062344139651
0.34090217325135447,0.9975062344139651
0.34092292706684524,0.9975062344139651
0.3409436834094368,0.9975062344139651
0.34096444227959083,0.9975062344139651
0.34098520367776897,0.9975062344139651
0.3410059676044331,0.9975062344139651
0.3410267340600451,0.9975062344139651
0.341047503045067,0.9975062344139651
0.341068274559961,0.9975062344139651
0.3410890486051894,0.9975062344139651
0.3411098251812146,0.9975062344139651
0.341130604288499,0.9975062344139651
0.3411513859275053,0.9975062344139651
0.3411929568025346,0.9975062344139651
0.3412137460394833,0.9975062344139651
0.3412345378100055,0.9975062344139651
0.34125533211456427,0.9975062344139651
0.341276128953623,0.9975062344139651
0.3412969283276451,0.9975062344139651
0.34131773023709394,0.9975062344139651
0.34133853468243325,0.9975062344139651
0.3413593416641268,0.9975062344139651
0.34138015118263837,0.9975062344139651
0.341400963238432,0.9975062344139651
0.3414217778319717,0.9975062344139651
0.3414425949637217,0.9975062344139651
0.34146341463414637,0.9975062344139651
0.34148423684371,0.9975062344139651
0.3415050615928772,0.9975062344139651
0.3415258888821126,0.9975062344139651
0.34154671871188097,0.9975062344139651
0.34156755108264714,0.9975062344139651
0.3415883859948762,0.9975062344139651
0.3416092234490331,0.9975062344139651
0.3416300634455832,0.9975062344139651
0.34165090598499176,0.9975062344139651
0.34167175106772424,0.9975062344139651
0.3416925986942461,0.9975062344139651
0.3417134488650232,0.9975062344139651
0.34173430158052115,0.9975062344139651
0.3417551568412059,0.9975062344139651
0.3417760146475435,0.9975062344139651
0.341796875,0.9975062344139651
0.3418177378990417,0.9975062344139651
0.3418386033451349,0.9975062344139651
0.3418594713387461,0.9975062344139651
0.3418803418803419,0.9975062344139651
0.3419012149703889,0.9975062344139651
0.341922090609354,0.9975062344139651
0.3419429687977041,0.9975062344139651
0.3419638495359062,0.9975062344139651
0.3419847328244275,0.9975062344139651
0.3420056186637352,0.9975062344139651
0.3420265070542967,0.9975062344139651
0.3420473979965795,0.9975062344139651
0.3420682914910512,0.9975062344139651
0.3420891875381796,0.9975062344139651
0.3421100861384324,0.9975062344139651
0.3421309872922776,0.9975062344139651
0.3421518910001833,0.9975062344139651
0.3421727972626176,0.9975062344139651
0.3421937060800489,0.9975062344139651
0.3422146174529455,0.9975062344139651
0.342235531381776,0.9975062344139651
0.34225644786700893,0.9975062344139651
0.34227736690911315,0.9975062344139651
0.3422982885085575,0.9975062344139651
0.3423192126658109,0.9975062344139651
0.34234013938134245,0.9975062344139651
0.34236106865562144,0.9975062344139651
0.34238200048911716,0.9975062344139651
0.342402934882299,0.9975062344139651
0.34242387183563655,0.9975062344139651
0.3424448113495995,0.9975062344139651
0.3424657534246575,0.9975062344139651
0.3424866980612807,0.9975062344139651
0.3425076452599388,0.9975062344139651
0.3425285950211022,0.9975062344139651
0.342549547345241,0.9975062344139651
0.3425705022328256,0.9975062344139651
0.3425914596843264,0.9975062344139651
0.3426124197002141,0.9975062344139651
0.34263338228095935,0.9975062344139651
0.342654347427033,0.9975062344139651
0.34267531513890587,0.9975062344139651
0.34269628541704916,0.9975062344139651
0.3427172582619339,0.9975062344139651
0.34273823367403145,0.9975062344139651
0.3427592116538132,0.9975062344139651
0.3427801922017506,0.9975062344139651
0.3428011753183154,0.9975062344139651
0.34282216100397916,0.9975062344139651
0.3428431492592139,0.9975062344139651
0.3428641400844915,0.9975062344139651
0.3428851334802841,0.9975062344139651
0.3429061294470639,0.9975062344139651
0.3429271279853031,0.9975062344139651
0.3429481290954743,0.9975062344139651
0.34296913277804997,0.9975062344139651
0.3429901390335028,0.9975062344139651
0.3430111478623055,0.9975062344139651
0.3430321592649311,0.9975062344139651
0.34305317324185247,0.9975062344139651
0.34307418979354287,0.9975062344139651
0.34309520892047546,0.9975062344139651
0.3431162306231236,0.9975062344139651
0.3431372549019608,0.9975062344139651
0.3431582817574606,0.9975062344139651
0.3431793111900968,0.9975062344139651
0.3432003432003432,0.9975062344139651
0.3432213777886737,0.9975062344139651
0.34324241495556235,0.9975062344139651
0.3432634547014834,0.9975062344139651
0.34328449702691105,0.9975062344139651
0.34330554193231977,0.9975062344139651
0.34332658941818406,0.9975062344139651
0.34334763948497854,0.9975062344139651
0.343368692133178,0.9975062344139651
0.34341080517569145,0.9975062344139651
0.34343186557095545,0.9975062344139651
0.3434529285495247,0.9975062344139651
0.3434739941118744,0.9975062344139651
0.34349506225848003,0.9975062344139651
0.3435161329898172,0.9975062344139651
0.3435372063063616,0.9975062344139651
0.34355828220858897,0.9975062344139651
0.34357936069697526,0.9975062344139651
0.34360044177199656,0.9975062344139651
0.343621525434129,0.9975062344139651
0.3436426116838488,0.9975062344139651
0.3436637005216324,0.9975062344139651
0.3436847919479563,0.9975062344139651
0.3437058859632971,0.9975062344139651
0.3437269825681316,0.9975062344139651
0.3437480817629366,0.9975062344139651
0.3437691835481891,0.9975062344139651
0.3437902879243661,0.9975062344139651
0.343811394891945,0.9975062344139651
0.34383250445140295,0.9975062344139651
0.3438536166032175,0.9975062344139651
0.3438747313478661,0.9975062344139651
0.34389584868582657,0.9975062344139651
0.3439169686175766,0.9975062344139651
0.34393809114359414,0.9975062344139651
0.3439592162643572,0.9975062344139651
0.343980343980344,0.9975062344139651
0.3440014742920327,0.9975062344139651
0.3440226071999017,0.9975062344139651
0.34404374270442956,0.9975062344139651
0.3440648808060949,0.9975062344139651
0.34408602150537637,0.9975062344139651
0.34410716480275283,0.9975062344139651
0.34412831069870337,0.9975062344139651
0.344149459193707,0.9975062344139651
0.34417061028824286,0.9975062344139651
0.3441917639827904,0.9975062344139651
0.344212920277829,0.9975062344139651
0.3442340791738382,0.9975062344139651
0.3442552406712977,0.9975062344139651
0.3442764047706873,0.9975062344139651
0.3442975714724869,0.9975062344139651
0.3443187407771766,0.9975062344139651
0.34433991268523645,0.9975062344139651
0.3443610871971467,0.9975062344139651
0.34438226431338786,0.9975062344139651
0.34440344403444034,0.9975062344139651
0.3444246263607848,0.9975062344139651
0.34444581129290197,0.9975062344139651
0.3444669988312727,0.9975062344139651
0.34448818897637795,0.9975062344139651
0.3445093817286989,0.9975062344139651
0.34453057708871665,0.9975062344139651
0.3445517750569126,0.9975062344139651
0.34457297563376815,0.9975062344139651
0.34459417881976495,0.9975062344139651
0.3446153846153846,0.9975062344139651
0.344636593021109,0.9975062344139651
0.34465780403741997,0.9975062344139651
0.34467901766479964,0.9975062344139651
0.34470023390373017,0.9975062344139651
0.34472145275469374,0.9975062344139651
0.34474267421817284,0.9975062344139651
0.34476389829465,0.9975062344139651
0.3447851249846078,0.9975062344139651
0.344806354288529,0.9975062344139651
0.3448275862068966,0.9975062344139651
0.34484882074019335,0.9975062344139651
0.34487005788890257,0.9975062344139651
0.3448912976535074,0.9975062344139651
0.34491254003449123,0.9975062344139651
0.34493378503233757,0.9975062344139651
0.34495503264752986,0.9975062344139651
0.344976282880552,0.9975062344139651
0.34499753573188763,0.9975062344139651
0.34501879120202084,0.9975062344139651
0.3450400492914356,0.9975062344139651
0.3450613100006162,0.9975062344139651
0.3450825733300468,0.9975062344139651
0.345103839280212,0.9975062344139651
0.3451251078515962,0.9975062344139651
0.34514637904468415,0.9975062344139651
0.34516765285996054,0.9975062344139651
0.3451889292979104,0.9975062344139651
0.3452102083590186,0.9975062344139651
0.3452314900437704,0.9975062344139651
0.34525277435265106,0.9975062344139651
0.3452740612861459,0.9975062344139651
0.3452953508447404,0.9975062344139651
0.3453166430289203,0.9975062344139651
0.3453379378391712,0.9975062344139651
0.345359235275979,0.9975062344139651
0.34538053533982976,0.9975062344139651
0.3454018380312095,0.9975062344139651
0.3454231433506045,0.9975062344139651
0.34544445129850104,0.9975062344139651
0.3454657618753856,0.9975062344139651
0.3454870750817447,0.9975062344139651
0.3455083909180652,0.9975062344139651
0.34552970938483374,0.9975062344139651
0.3455510304825373,0.9975062344139651
0.34557235421166305,0.9975062344139651
0.3455936805726981,0.9975062344139651
0.3456150095661297,0.9975062344139651
0.34563634119244535,0.9975062344139651
0.3456576754521326,0.9975062344139651
0.345679012345679,0.9975062344139651
0.34570035187357245,0.9975062344139651
0.34572169403630076,0.9975062344139651
0.34574303883435203,0.9975062344139651
0.3457643862682144,0.9975062344139651
0.34578573633837606,0.9975062344139651
0.3458070890453254,0.9975062344139651
0.345828444389551,0.9975062344139651
0.3458498023715415,0.9975062344139651
0.34587116299178555,0.9975062344139651
0.3458925262507721,0.9975062344139651
0.34591389214899004,0.9975062344139651
0.3459352606869286,0.9975062344139651
0.3459566318650769,0.9975062344139651
0.3459780056839244,0.9975062344139651
0.3459993821439605,0.9975062344139651
0.3460207612456747,0.9975062344139651
0.34604214298955693,0.9975062344139651
0.3460635273760969,0.9975062344139651
0.34608491440578454,0.9975062344139651
0.34610630407911,0.9975062344139651
0.34612769639656343,0.9975062344139651
0.3461490913586352,0.9975062344139651
0.34617048896581565,0.9975062344139651
0.34619188921859545,0.9975062344139651
0.3462132921174652,0.9975062344139651
0.3462346976629158,0.9975062344139651
0.3462561058554381,0.9975062344139651
0.34627751669552315,0.9975062344139651
0.3462989301836621,0.9975062344139651
0.3463203463203463,0.9975062344139651
0.3463417651060672,0.9975062344139651
0.3463631865413162,0.9975062344139651
0.34638461062658504,0.9975062344139651
0.34640603736236547,0.9975062344139651
0.34642746674914937,0.9975062344139651
0.34644889878742885,0.9975062344139651
0.34647033347769596,0.9975062344139651
0.346491770820443,0.9975062344139651
0.3465132108161624,0.9975062344139651
0.3465346534653465,0.9975062344139651
0.34655609876848814,0.9975062344139651
0.34657754672608,0.9975062344139651
0.3465989973386148,0.9975062344139651
0.3466204506065858,0.9975062344139651
0.34664190653048593,0.9975062344139651
0.3466633651108085,0.9975062344139651
0.3466848263480468,0.9975062344139651
0.3467062902426944,0.9975062344139651
0.34672775679524487,0.9975062344139651
0.34674922600619196,0.9975062344139651
0.3467706978760295,0.9975062344139651
0.3468136495943519,0.9975062344139651
0.3468351294438251,0.9975062344139651
0.3468566119541654,0.9975062344139651
0.3468780971258672,0.9975062344139651
0.34689958495942513,0.9975062344139651
0.3469210754553339,0.9975062344139651
0.3469640644361834,0.9975062344139651
0.34698556292211413,0.9975062344139651
0.34700706407237575,0.9975062344139651
0.3470285678874636,0.9975062344139651
0.34705007436787305,0.9975062344139651
0.3470715835140998,0.9975062344139651
0.3470930953266394,0.9975062344139651
0.34711460980598774,0.9975062344139651
0.34713612695264073,0.9975062344139651
0.34715764676709443,0.9975062344139651
0.347179169249845,0.9975062344139651
0.3472006944013888,0.9975062344139651
0.3472222222222222,0.9975062344139651
0.3472437527128418,0.9975062344139651
0.3472652858737443,0.9975062344139651
0.34728682170542635,0.9975062344139651
0.347308360208385,0.9975062344139651
0.3473299013831173,0.9975062344139651
0.34735144523012035,0.9975062344139651
0.34737299174989145,0.9975062344139651
0.34739454094292804,0.9975062344139651
0.34741609280972763,0.9975062344139651
0.34745920456660667,0.9975062344139651
0.34748076445768183,0.9975062344139651
0.34750232702451134,0.9975062344139651
0.3475238922675934,0.9975062344139651
0.3475454601874263,0.9975062344139651
0.34756703078450846,0.9975062344139651
0.34758860405933834,0.9975062344139651
0.34761018001241467,0.9975062344139651
0.3476317586442361,0.9975062344139651
0.34765333995530173,0.9975062344139651
0.3476749239461104,0.9975062344139651
0.3476965106171613,0.9975062344139651
0.34771809996895375,0.9975062344139651
0.34773969200198707,0.9975062344139651
0.3477612867167609,0.9975062344139651
0.34778288411377467,0.9975062344139651
0.34780448419352833,0.9975062344139651
0.34782608695652173,0.9975062344139651
0.34784769240325486,0.9975062344139651
0.3478693005342279,0.9975062344139651
0.347890911349941,0.9975062344139651
0.34791252485089463,0.9975062344139651
0.3479341410375893,0.9975062344139651
0.3479557599105257,0.9975062344139651
0.34797738147020446,0.9975062344139651
0.3479990057171265,0.9975062344139651
0.34802063265179295,0.9975062344139651
0.3480422622747048,0.9975062344139651
0.34806389458636333,0.9975062344139651
0.34808552958727,0.9975062344139651
0.3481071672779263,0.9975062344139651
0.34812880765883375,0.9975062344139651
0.3481504507304943,0.9975062344139651
0.3481720964934096,0.9975062344139651
0.3481937449480818,0.9975062344139651
0.34821539609501306,0.9975062344139651
0.34823704993470556,0.9975062344139651
0.3482587064676617,0.9975062344139651
0.348280365694384,0.9975062344139651
0.34830202761537504,0.9975062344139651
0.3483236922311376,0.9975062344139651
0.34834535954217466,0.9975062344139651
0.3483670295489891,0.9975062344139651
0.3483887022520841,0.9975062344139651
0.3484103776519629,0.9975062344139651
0.34843205574912894,0.9975062344139651
0.3484537365440856,0.9975062344139651
0.34847542003733667,0.9975062344139651
0.3484971062293858,0.9975062344139651
0.34851879512073686,0.9975062344139651
0.34854048671189397,0.9975062344139651
0.3485621810033611,0.9975062344139651
0.3485838779956427,0.9975062344139651
0.34860557768924305,0.9975062344139651
0.34862728008466665,0.9975062344139651
0.3486489851824181,0.9975062344139651
0.3486706929830023,0.9975062344139651
0.34869240348692404,0.9975062344139651
0.3487141166946883,0.9975062344139651
0.34873583260680036,0.9975062344139651
0.34875755122376534,0.9975062344139651
0.3487792725460887,0.9975062344139651
0.34880099657427593,0.9975062344139651
0.3488227233088327,0.9975062344139651
0.34884445275026477,0.9975062344139651
0.348866184899078,0.9975062344139651
0.34888791975577843,0.9975062344139651
0.34890965732087226,0.9975062344139651
0.34893139759486574,0.9975062344139651
0.3489531405782652,0.9975062344139651
0.34897488627157724,0.9975062344139651
0.3489966346753085,0.9975062344139651
0.34901838578996575,0.9975062344139651
0.34904013961605584,0.9975062344139651
0.3490618961540859,0.9975062344139651
0.34908365540456304,0.9975062344139651
0.3491054173679945,0.9975062344139651
0.3491271820448878,0.9975062344139651
0.34914894943575037,0.9975062344139651
0.3491707195410899,0.9975062344139651
0.34919249236141425,0.9975062344139651
0.34921426789723126,0.9975062344139651
0.34923604614904896,0.9975062344139651
0.34930139720558884,0.9975062344139651
0.3493231863264924,0.9975062344139651
0.34934497816593885,0.9975062344139651
0.34936677272443695,0.9975062344139651
0.3493885700024956,0.9975062344139651
0.34941037000062397,0.9975062344139651
0.3494321727193311,0.9975062344139651
0.3494539781591264,0.9975062344139651
0.34947578632051923,0.9975062344139651
0.34949759720401924,0.9975062344139651
0.34951941081013604,0.9975062344139651
0.3495412271393796,0.9975062344139651
0.34958486796928645,0.9975062344139651
0.34960669247097015,0.9975062344139651
0.34962851969782105,0.9975062344139651
0.34965034965034963,0.9975062344139651
0.3496721823290665,0.9975062344139651
0.34969401773448233,0.9975062344139651
0.34971585586710796,0.9975062344139651
0.3497376967274544,0.9975062344139651
0.34975954031603274,0.9975062344139651
0.3497813866333542,0.9975062344139651
0.34980323567993005,0.9975062344139651
0.3498250874562719,0.9975062344139651
0.34984694196289123,0.9975062344139651
0.3498687992002999,0.9975062344139651
0.3498906591690097,0.9975062344139651
0.34991252186953264,0.9975062344139651
0.3499343873023808,0.9975062344139651
0.34995625546806647,0.9975062344139651
0.34997812636710207,0.9975062344139651
0.35,0.9975062344139651
0.35002187636727294,0.9975062344139651
0.35004375546943367,0.9975062344139651
0.3500656373069951,0.9975062344139651
0.3500875218804701,0.9975062344139651
0.350109409190372,0.9975062344139651
0.350131299237214,0.9975062344139651
0.3501531920215094,0.9975062344139651
0.3501750875437719,0.9975062344139651
0.350196985804515,0.9975062344139651
0.35021888680425267,0.9975062344139651
0.35024079054349866,0.9975062344139651
0.3502626970227671,0.9975062344139651
0.35028460624257207,0.9975062344139651
0.350306518203428,0.9975062344139651
0.35032843290584925,0.9975062344139651
0.35035035035035034,0.9975062344139651
0.350372270537446,0.9975062344139651
0.3503941934676511,0.9975062344139651
0.3504161191414805,0.9975062344139651
0.3504380475594493,0.9975062344139651
0.35045997872207274,0.9975062344139651
0.35048191262986605,0.9975062344139651
0.3505038492833448,0.9975062344139651
0.35052578868302453,0.9975062344139651
0.350547730829421,0.9975062344139651
0.35056967572305,0.9975062344139651
0.35059162336442745,0.9975062344139651
0.3506135737540696,0.9975062344139651
0.35063552689249267,0.9975062344139651
0.3506574827802129,0.9975062344139651
0.3506794414177469,0.9975062344139651
0.35070140280561124,0.9975062344139651
0.35072336694432266,0.9975062344139651
0.3507453338343981,0.9975062344139651
0.35076730347635454,0.9975062344139651
0.35078927587070907,0.9975062344139651
0.35081125101797905,0.9975062344139651
0.35083322891868185,0.9975062344139651
0.350855209573335,0.9975062344139651
0.3508771929824561,0.9975062344139651
0.35089917914656304,0.9975062344139651
0.3509211680661737,0.9975062344139651
0.3509431597418061,0.9975062344139651
0.35096515417397844,0.9975062344139651
0.350987151363209,0.9975062344139651
0.3510091513100163,0.9975062344139651
0.3510311540149188,0.9975062344139651
0.3510531594784353,0.9975062344139651
0.35107516770108455,0.9975062344139651
0.3510971786833856,0.9975062344139651
0.35111919242585743,0.9975062344139651
0.3511412089290193,0.9975062344139651
0.35116322819339063,0.9975062344139651
0.35118525021949076,0.9975062344139651
0.35120727500783944,0.9975062344139651
0.35122930255895635,0.9975062344139651
0.35125133287336135,0.9975062344139651
0.35127336595157443,0.9975062344139651
0.3512954017941158,0.9975062344139651
0.35131744040150564,0.9975062344139651
0.3513394817742644,0.9975062344139651
0.35136152591291253,0.9975062344139651
0.3513835728179708,0.9975062344139651
0.3514056224899598,0.9975062344139651
0.3514276749294007,0.9975062344139651
0.35144973013681435,0.9975062344139651
0.351471788112722,0.9975062344139651
0.351493848857645,0.9975062344139651
0.3515159123721047,0.9975062344139651
0.35153797865662273,0.9975062344139651
0.3515600477117208,0.9975062344139651
0.3515821195379206,0.9975062344139651
0.35160419413574434,0.9975062344139651
0.3516262715057139,0.9975062344139651
0.3516483516483517,0.9975062344139651
0.35167043456417985,0.9975062344139651
0.35169252025372105,0.9975062344139651
0.3517146087174978,0.9975062344139651
0.3517366999560329,0.9975062344139651
0.35175879396984927,0.9975062344139651
0.35178089075946983,0.9975062344139651
0.3518029903254178,0.9975062344139651
0.3518250926682164,0.9975062344139651
0.351847197788389,0.9975062344139651
0.3518693056864593,0.9975062344139651
0.35189141636295085,0.9975062344139651
0.35191352981838747,0.9975062344139651
0.35193564605329314,0.9975062344139651
0.3519577650681918,0.9975062344139651
0.3519798868636078,0.9975062344139651
0.3520020114400654,0.9975062344139651
0.352024138798089,0.9975062344139651
0.3520462689382033,0.9975062344139651
0.35206840186093297,0.9975062344139651
0.3520905375668029,0.9975062344139651
0.352112676056338,0.9975062344139651
0.3521348173300635,0.9975062344139651
0.3521569613885046,0.9975062344139651
0.3521791082321867,0.9975062344139651
0.3522012578616352,0.9975062344139651
0.3522234102773759,0.9975062344139651
0.3522455654799346,0.9975062344139651
0.3522677234698371,0.9975062344139651
0.3522898842476095,0.9975062344139651
0.3523120478137779,0.9975062344139651
0.35233421416886873,0.9975062344139651
0.3523563833134084,0.9975062344139651
0.3523785552479235,0.9975062344139651
0.35240072997294064,0.9975062344139651
0.3524229074889868,0.9975062344139651
0.35244508779658884,0.9975062344139651
0.35246727089627394,0.9975062344139651
0.35248945678856924,0.9975062344139651
0.35251164547400227,0.9975062344139651
0.3525338369531004,0.9975062344139651
0.35255603122639134,0.9975062344139651
0.35257822829440283,0.9975062344139651
0.35260042815766274,0.9975062344139651
0.3526226308166992,0.9975062344139651
0.3526448362720403,0.9975062344139651
0.3526670445242144,0.9975062344139651
0.35268925557374986,0.9975062344139651
0.35271146942117526,0.9975062344139651
0.3527336860670194,0.9975062344139651
0.352755905511811,0.9975062344139651
0.35277812775607914,0.9975062344139651
0.3528003528003528,0.9975062344139651
0.3528225806451613,0.9975062344139651
0.35284481129103396,0.9975062344139651
0.35286704473850034,0.9975062344139651
0.35288928098808997,0.9975062344139651
0.35291152004033277,0.9975062344139651
0.3529337618957585,0.9975062344139651
0.3529560065548973,0.9975062344139651
0.35297825401827926,0.9975062344139651
0.3530005042864347,0.9975062344139651
0.3530227573598941,0.9975062344139651
0.353045013239188,0.9975062344139651
0.3530672719248471,0.9975062344139651
0.3530895334174023,0.9975062344139651
0.35311179771738443,0.9975062344139651
0.3531340648253248,0.9975062344139651
0.35315633474175445,0.9975062344139651
0.35317860746720486,0.9975062344139651
0.35320088300220753,0.9975062344139651
0.35322316134729403,0.9975062344139651
0.3532454425029963,0.9975062344139651
0.35326772646984606,0.9975062344139651
0.3532900132483755,0.9975062344139651
0.35331230283911674,0.9975062344139651
0.3533345952426021,0.9975062344139651
0.35335689045936397,0.9975062344139651
0.353379188489935,0.9975062344139651
0.3534014893348479,0.9975062344139651
0.35342379299463555,0.9975062344139651
0.35344609946983085,0.9975062344139651
0.35346840876096697,0.9975062344139651
0.3534907208685772,0.9975062344139651
0.3535130357931949,0.9975062344139651
0.35353535353535354,0.9975062344139651
0.35355767409558686,0.9975062344139651
0.3535799974744286,0.9975062344139651
0.3536023236724127,0.9975062344139651
0.35362465269007326,0.9975062344139651
0.3536469845279444,0.9975062344139651
0.3536693191865606,0.9975062344139651
0.35369165666645613,0.9975062344139651
0.35371399696816574,0.9975062344139651
0.3537363400922241,0.9975062344139651
0.35375868603916616,0.9975062344139651
0.35378103480952683,0.9975062344139651
0.3538033864038413,0.9975062344139651
0.35382574082264484,0.9975062344139651
0.3538480980664729,0.9975062344139651
0.353870458135861,0.9975062344139651
0.3538928210313448,0.9975062344139651
0.3539151867534602,0.9975062344139651
0.353937555302743,0.9975062344139651
0.3539599266797295,0.9975062344139651
0.35398230088495575,0.9975062344139651
0.35400467791895823,0.9975062344139651
0.35402705778227334,0.9975062344139651
0.3540494404754378,0.9975062344139651
0.35407182599898834,0.9975062344139651
0.3540942143534619,0.9975062344139651
0.35411660553939545,0.9975062344139651
0.35413899955732625,0.9975062344139651
0.35416139640779154,0.9975062344139651
0.35418379609132883,0.9975062344139651
0.35420619860847563,0.9975062344139651
0.35422860395976974,0.9975062344139651
0.354251012145749,0.9975062344139651
0.3542734231669514,0.9975062344139651
0.354295837023915,0.9975062344139651
0.3543182537171781,0.9975062344139651
0.3543406732472792,0.9975062344139651
0.3543630956147567,0.9975062344139651
0.35438552082014935,0.9975062344139651
0.35440794886399596,0.9975062344139651
0.35443037974683544,0.9975062344139651
0.35445281346920693,0.9975062344139651
0.3544752500316496,0.9975062344139651
0.3544976894347028,0.9975062344139651
0.35452013167890606,0.9975062344139651
0.354542576764799,0.9975062344139651
0.35456502469292134,0.9975062344139651
0.3545874754638131,0.9975062344139651
0.3546099290780142,0.9975062344139651
0.35463238553606485,0.9975062344139651
0.3546548448385054,0.9975062344139651
0.35467730698587624,0.9975062344139651
0.354699771978718,0.9975062344139651
0.3547222398175714,0.9975062344139651
0.35474471050297735,0.9975062344139651
0.35476718403547675,0.9975062344139651
0.3547896604156107,0.9975062344139651
0.35481213964392067,0.9975062344139651
0.35483462172094793,0.9975062344139651
0.354857106647234,0.9975062344139651
0.3548795944233207,0.9975062344139651
0.3549020850497497,0.9975062344139651
0.354924578527063,0.9975062344139651
0.35494707485580274,0.9975062344139651
0.35496957403651114,0.9975062344139651
0.3549920760697306,0.9975062344139651
0.3550145809560035,0.9975062344139651
0.3550370886958727,0.9975062344139651
0.3550595992898808,0.9975062344139651
0.3550821127385708,0.9975062344139651
0.35510462904248574,0.9975062344139651
0.3551271482021688,0.9975062344139651
0.35514967021816335,0.9975062344139651
0.3551721950910129,0.9975062344139651
0.35519472282126097,0.9975062344139651
0.3552172534094513,0.9975062344139651
0.3552397868561279,0.9975062344139651
0.3552623231618347,0.9975062344139651
0.35528486232711587,0.9975062344139651
0.3553074043525157,0.9975062344139651
0.3553299492385787,0.9975062344139651
0.35535249698584936,0.9975062344139651
0.35537504759487243,0.9975062344139651
0.3553976010661928,0.9975062344139651
0.35542015740035543,0.9975062344139651
0.35544271659790544,0.9975062344139651
0.3554652786593881,0.9975062344139651
0.3554878435853488,0.9975062344139651
0.35551041137633316,0.9975062344139651
0.3555329820328868,0.9975062344139651
0.35555555555555557,0.9975062344139651
0.3555781319448854,0.9975062344139651
0.3556007112014224,0.9975062344139651
0.35562329332571285,0.9975062344139651
0.3556458783183031,0.9975062344139651
0.3556684661797396,0.9975062344139651
0.3556910569105691,0.9975062344139651
0.35571365051133835,0.9975062344139651
0.3557362469825943,0.9975062344139651
0.3557588463248841,0.9975062344139651
0.35578144853875476,0.9975062344139651
0.3558040536247538,0.9975062344139651
0.3558266615834286,0.9975062344139651
0.35584927241532693,0.9975062344139651
0.35587188612099646,0.9975062344139651
0.35589450270098505,0.9975062344139651
0.35591712215584087,0.9975062344139651
0.355939744486112,0.9975062344139651
0.3559623696923468,0.9975062344139651
0.35598499777509374,0.9975062344139651
0.35600762873490144,0.9975062344139651
0.3560302625723186,0.9975062344139651
0.3560528992878942,0.9975062344139651
0.35607553888217713,0.9975062344139651
0.35609818135571664,0.9975062344139651
0.356120826709062,0.9975062344139651
0.35614347494276266,0.9975062344139651
0.3561661260573682,0.9975062344139651
0.3561887800534283,0.9975062344139651
0.35621143693149293,0.9975062344139651
0.356234096692112,0.9975062344139651
0.3562567593358356,0.9975062344139651
0.3562794248632141,0.9975062344139651
0.356302093274798,0.9975062344139651
0.3563247645711377,0.9975062344139651
0.35634743875278396,0.9975062344139651
0.35637011582028766,0.9975062344139651
0.3563927957741997,0.9975062344139651
0.3564154786150713,0.9975062344139651
0.35643816434345366,0.9975062344139651
0.35646085295989816,0.9975062344139651
0.3564835444649564,0.9975062344139651
0.35650623885918004,0.9975062344139651
0.3565289361431209,0.9975062344139651
0.35655163631733094,0.9975062344139651
0.3565743393823623,0.9975062344139651
0.3565970453387672,0.9975062344139651
0.356619754187098,0.9975062344139651
0.35664246592790727,0.9975062344139651
0.3566651805617477,0.9975062344139651
0.35668789808917195,0.9975062344139651
0.35671061851073316,0.9975062344139651
0.35673334182698435,0.9975062344139651
0.3567560680384787,0.9975062344139651
0.3567787971457696,0.9975062344139651
0.35680152914941066,0.9975062344139651
0.3568242640499554,0.9975062344139651
0.3568470018479577,0.9975062344139651
0.35686974254397147,0.9975062344139651
0.35689248613855074,0.9975062344139651
0.35691523263224983,0.9975062344139651
0.35693798202562305,0.9975062344139651
0.35696073431922487,0.9975062344139651
0.35700624760933314,0.9975062344139651
0.3570290086069493,0.9975062344139651
0.35705177250701353,0.9975062344139651
0.357074539310081,0.9975062344139651
0.35709730901670705,0.9975062344139651
0.35712008162744724,0.9975062344139651
0.35714285714285715,0.9975062344139651
0.35716563556349257,0.9975062344139651
0.35718841688990943,0.9975062344139651
0.3572112011226638,0.9975062344139651
0.35723398826231184,0.9975062344139651
0.3572567783094099,0.9975062344139651
0.3572795712645145,0.9975062344139651
0.3573023671281822,0.9975062344139651
0.3573251659009699,0.9975062344139651
0.35734796758343434,0.9975062344139651
0.3573707721761327,0.9975062344139651
0.3573935796796222,0.9975062344139651
0.35741639009446,0.9975062344139651
0.3574392034212038,0.9975062344139651
0.3574620196604111,0.9975062344139651
0.35748483881263965,0.9975062344139651
0.3575076608784474,0.9975062344139651
0.35753048585839237,0.9975062344139651
0.35755331375303284,0.9975062344139651
0.357576144562927,0.9975062344139651
0.35759897828863346,0.9975062344139651
0.35762181493071077,0.9975062344139651
0.3576446544897177,0.9975062344139651
0.3576674969662132,0.9975062344139651
0.35769034236075625,0.9975062344139651
0.3577131906739061,0.9975062344139651
0.35773604190622205,0.9975062344139651
0.3577588960582636,0.9975062344139651
0.35778175313059035,0.9975062344139651
0.35780461312376205,0.9975062344139651
0.35782747603833864,0.9975062344139651
0.3578503418748802,0.9975062344139651
0.35787321063394684,0.9975062344139651
0.35789608231609893,0.9975062344139651
0.35791895692189696,0.9975062344139651
0.3579418344519016,0.9975062344139651
0.3579647149066735,0.9975062344139651
0.3579875982867736,0.9975062344139651
0.3580104845927631,0.9975062344139651
0.358033373825203,0.9975062344139651
0.35805626598465473,0.9975062344139651
0.35807916107167975,0.9975062344139651
0.35810205908683973,0.9975062344139651
0.35812496003069644,0.9975062344139651
0.3581478639038117,0.9975062344139651
0.3581707707067477,0.9975062344139651
0.3581936804400665,0.9975062344139651
0.35821659310433057,0.9975062344139651
0.35823950870010235,0.9975062344139651
0.3582624272279445,0.9975062344139651
0.3582853486884197,0.9975062344139651
0.358308273082091,0.9975062344139651
0.3583312004095214,0.9975062344139651
0.3583541306712741,0.9975062344139651
0.35837706386791246,0.9975062344139651
0.3584,0.9975062344139651
0.35842293906810035,0.9975062344139651
0.3584458810727773,0.9975062344139651
0.3584688260145948,0.9975062344139651
0.3584917738941169,0.9975062344139651
0.3585147247119078,0.9975062344139651
0.3585376784685319,0.9975062344139651
0.3585606351645537,0.9975062344139651
0.35858359480053786,0.9975062344139651
0.35860655737704916,0.9975062344139651
0.35862952289465255,0.9975062344139651
0.35865249135391314,0.9975062344139651
0.35867546275539613,0.9975062344139651
0.3586984370996669,0.9975062344139651
0.358721414387291,0.9975062344139651
0.35874439461883406,0.9975062344139651
0.35876737779486195,0.9975062344139651
0.35879036391594055,0.9975062344139651
0.358813352982636,0.9975062344139651
0.35883634499551453,0.9975062344139651
0.3588593399551426,0.9975062344139651
0.3588823378620866,0.9975062344139651
0.35890533871691344,0.9975062344139651
0.35892834252018974,0.9975062344139651
0.3589513492724825,0.9975062344139651
0.358974358974359,0.9975062344139651
0.3589973716263863,0.9975062344139651
0.35902038722913193,0.9975062344139651
0.3590434057831634,0.9975062344139651
0.3590664272890485,0.9975062344139651
0.3590894517473549,0.9975062344139651
0.35911247915865074,0.9975062344139651
0.35913550952350415,0.9975062344139651
0.35915854284248333,0.9975062344139651
0.3591815791161568,0.9975062344139651
0.359204618345093,0.9975062344139651
0.3592276605298608,0.9975062344139651
0.359250705671029,0.9975062344139651
0.3592737537691666,0.9975062344139651
0.35929680482484283,0.9975062344139651
0.3593198588386269,0.9975062344139651
0.3593429158110883,0.9975062344139651
0.35936597574279666,0.9975062344139651
0.35938903863432164,0.9975062344139651
0.35941210448623323,0.9975062344139651
0.3594351732991014,0.9975062344139651
0.3594582450734964,0.9975062344139651
0.35948131980998843,0.9975062344139651
0.3595043975091481,0.9975062344139651
0.35952747817154596,0.9975062344139651
0.3595505617977528,0.9975062344139651
0.35957364838833955,0.9975062344139651
0.3595967379438772,0.9975062344139651
0.35961983046493706,0.9975062344139651
0.3596429259520904,0.9975062344139651
0.3596660244059088,0.9975062344139651
0.35968912582696383,0.9975062344139651
0.3597122302158273,0.9975062344139651
0.35973533757307125,0.9975062344139651
0.35975844789926764,0.9975062344139651
0.3597815611949888,0.9975062344139651
0.35980467746080697,0.9975062344139651
0.35982779669729487,0.9975062344139651
0.3598509189050251,0.9975062344139651
0.3598740440845704,0.9975062344139651
0.35989717223650386,0.9975062344139651
0.3599203033613986,0.9975062344139651
0.35994343745982776,0.9975062344139651
0.35996657453236486,0.9975062344139651
0.35998971457958345,0.9975062344139651
0.3600128576020572,0.9975062344139651
0.36003600360036003,0.9975062344139651
0.3600591525750659,0.9975062344139651
0.360082304526749,0.9975062344139651
0.36010545945598355,0.9975062344139651
0.36012861736334406,0.9975062344139651
0.3601517782494051,0.9975062344139651
0.36017494211474144,0.9975062344139651
0.360198108959928,0.9975062344139651
0.36022127878553967,0.9975062344139651
0.3602444515921518,0.9975062344139651
0.3602676273803397,0.9975062344139651
0.36029080615067877,0.9975062344139651
0.3603139879037447,0.9975062344139651
0.3603371726401132,0.9975062344139651
0.36036036036036034,0.9975062344139651
0.3603835510650621,0.9975062344139651
0.3604067447547947,0.9975062344139651
0.3604299414301345,0.9975062344139651
0.3604531410916581,0.9975062344139651
0.3604763437399421,0.9975062344139651
0.3604995493755633,0.9975062344139651
0.3605227579990987,0.9975062344139651
0.3605459696111254,0.9975062344139651
0.36056918421222073,0.9975062344139651
0.360592401802962,0.9975062344139651
0.36061562238392686,0.9975062344139651
0.36063884595569295,0.9975062344139651
0.36066207251883814,0.9975062344139651
0.3606853020739405,0.9975062344139651
0.3607085346215781,0.9975062344139651
0.3607317701623293,0.9975062344139651
0.3607550086967725,0.9975062344139651
0.36077825022548643,0.9975062344139651
0.36080149474904966,0.9975062344139651
0.36082474226804123,0.9975062344139651
0.36084799278304014,0.9975062344139651
0.3608712462946256,0.9975062344139651
0.3608945028033769,0.9975062344139651
0.36091776230987366,0.9975062344139651
0.3609410248146955,0.9975062344139651
0.3609642903184221,0.9975062344139651
0.36098755882163347,0.9975062344139651
0.36101083032490977,0.9975062344139651
0.36103410482883114,0.9975062344139651
0.3610573823339781,0.9975062344139651
0.3610806628409311,0.9975062344139651
0.3611039463502708,0.9975062344139651
0.3611272328625782,0.9975062344139651
0.36115052237843415,0.9975062344139651
0.3611738148984199,0.9975062344139651
0.36119711042311664,0.9975062344139651
0.36122040895310586,0.9975062344139651
0.36124371048896914,0.9975062344139651
0.36126701503128833,0.9975062344139651
0.36129032258064514,0.9975062344139651
0.36131363313762177,0.9975062344139651
0.36133694670280037,0.9975062344139651
0.36136026327676324,0.9975062344139651
0.3613835828600929,0.9975062344139651
0.36140690545337206,0.9975062344139651
0.3614302310571834,0.9975062344139651
0.36145355967210996,0.9975062344139651
0.36147689129873484,0.9975062344139651
0.3615002259376412,0.9975062344139651
0.3615235635894125,0.9975062344139651
0.3615469042546323,0.9975062344139651
0.3615702479338843,0.9975062344139651
0.3615935946277523,0.9975062344139651
0.36161694433682035,0.9975062344139651
0.3616402970616726,0.9975062344139651
0.3616636528028933,0.9975062344139651
0.361687011561067,0.9975062344139651
0.3617103733367782,0.9975062344139651
0.3617337381306117,0.9975062344139651
0.36175710594315247,0.9975062344139651
0.3617804767749855,0.9975062344139651
0.36180385062669596,0.9975062344139651
0.3618272274988693,0.9975062344139651
0.36185060739209096,0.9975062344139651
0.36187399030694667,0.9975062344139651
0.36189737624402224,0.9975062344139651
0.3619207652039036,0.9975062344139651
0.3619441571871768,0.9975062344139651
0.3619675521944283,0.9975062344139651
0.36199095022624433,0.9975062344139651
0.3620143512832116,0.9975062344139651
0.36203775536591676,0.9975062344139651
0.3620611624749467,0.9975062344139651
0.3620845726108884,0.9975062344139651
0.3621079857743291,0.9975062344139651
0.3621314019658562,0.9975062344139651
0.362154821186057,0.9975062344139651
0.36217824343551935,0.9975062344139651
0.36220166871483084,0.9975062344139651
0.36222509702457956,0.9975062344139651
0.36224852836535354,0.9975062344139651
0.362271962737741,0.9975062344139651
0.36229540014233036,0.9975062344139651
0.36231884057971014,0.9975062344139651
0.3623422840504691,0.9975062344139651
0.36236573055519605,0.9975062344139651
0.36238918009448,0.9975062344139651
0.36241263266891016,0.9975062344139651
0.3624360882790758,0.9975062344139651
0.36245954692556637,0.9975062344139651
0.3624830086089715,0.9975062344139651
0.3625064733298809,0.9975062344139651
0.3625299410888846,0.9975062344139651
0.3625534118865726,0.9975062344139651
0.36257688572353514,0.9975062344139651
0.3626003626003626,0.9975062344139651
0.3626238425176455,0.9975062344139651
0.3626473254759746,0.9975062344139651
0.36267081147594066,0.9975062344139651
0.3626943005181347,0.9975062344139651
0.36271779260314785,0.9975062344139651
0.36274128773157144,0.9975062344139651
0.3627647859039969,0.9975062344139651
0.3627882871210158,0.9975062344139651
0.36281179138321995,0.9975062344139651
0.36283529869120124,0.9975062344139651
0.36285880904555173,0.9975062344139651
0.36288232244686364,0.9975062344139651
0.36290583889572936,0.9975062344139651
0.36292935839274143,0.9975062344139651
0.36295288093849243,0.9975062344139651
0.3629764065335753,0.9975062344139651
0.362999935178583,0.9975062344139651
0.36302346687410864,0.9975062344139651
0.36304700162074555,0.9975062344139651
0.3630705394190871,0.9975062344139651
0.363094080269727,0.9975062344139651
0.363117624173259,0.9975062344139651
0.3631411711302769,0.9975062344139651
0.3631647211413748,0.9975062344139651
0.363188274207147,0.9975062344139651
0.3632118303281878,0.9975062344139651
0.36323538950509177,0.9975062344139651
0.3632589517384536,0.9975062344139651
0.363282517028868,0.9975062344139651
0.36330608537693004,0.9975062344139651
0.3633296567832349,0.9975062344139651
0.3633532312483779,0.9975062344139651
0.36337680877295436,0.9975062344139651
0.36340038935756,0.9975062344139651
0.36342397300279056,0.9975062344139651
0.363447559709242,0.9975062344139651
0.36347114947751025,0.9975062344139651
0.3634947423081916,0.9975062344139651
0.3635183382018825,0.9975062344139651
0.36354193715917943,0.9975062344139651
0.3635655391806791,0.9975062344139651
0.3635891442669783,0.9975062344139651
0.36361275241867413,0.9975062344139651
0.36363636363636365,0.9975062344139651
0.3636599779206442,0.9975062344139651
0.36368359527211325,0.9975062344139651
0.36370721569136844,0.9975062344139651
0.36373083917900756,0.9975062344139651
0.3637544657356285,0.9975062344139651
0.36377809536182926,0.9975062344139651
0.36380172805820826,0.9975062344139651
0.36382536382536385,0.9975062344139651
0.36384900266389447,0.9975062344139651
0.36387264457439894,0.9975062344139651
0.3638962895574761,0.9975062344139651
0.363919937613725,0.9975062344139651
0.3639435887437447,0.9975062344139651
0.36396724294813465,0.9975062344139651
0.3639909002274943,0.9975062344139651
0.3640145605824233,0.9975062344139651
0.3640382240135214,0.9975062344139651
0.36406189052138865,0.9975062344139651
0.3640855601066251,0.9975062344139651
0.3641092327698309,0.9975062344139651
0.36413290851160673,0.9975062344139651
0.364156587332553,0.9975062344139651
0.36418026923327046,0.9975062344139651
0.36420395421436,0.9975062344139651
0.3642276422764228,0.9975062344139651
0.3642750276458726,0.9975062344139651
0.36429872495446264,0.9975062344139651
0.3643224253464316,0.9975062344139651
0.36434612882238127,0.9975062344139651
0.3643698353829137,0.9975062344139651
0.3643935450286309,0.9975062344139651
0.36441725776013534,0.9975062344139651
0.3644409735780294,0.9975062344139651
0.36446469248291574,0.9975062344139651
0.36448841447539704,0.9975062344139651
0.3645121395560763,0.9975062344139651
0.3645358677255566,0.9975062344139651
0.3645595989844411,0.9975062344139651
0.3645833333333333,0.9975062344139651
0.36460707077283677,0.9975062344139651
0.3646308113035551,0.9975062344139651
0.36465455492609233,0.9975062344139651
0.36467830164105236,0.9975062344139651
0.3647020514490394,0.9975062344139651
0.3647258043506578,0.9975062344139651
0.36474956034651207,0.9975062344139651
0.36477331943720687,0.9975062344139651
0.364797081623347,0.9975062344139651
0.36482084690553745,0.9975062344139651
0.36484461528438333,0.9975062344139651
0.36486838676049,0.9975062344139651
0.3648921613344628,0.9975062344139651
0.36491593900690733,0.9975062344139651
0.3649397197784295,0.9975062344139651
0.36496350364963503,0.9975062344139651
0.36498729062113017,0.9975062344139651
0.36501108069352106,0.9975062344139651
0.3650348738674141,0.9975062344139651
0.3650586701434159,0.9975062344139651
0.36508246952213314,0.9975062344139651
0.3651062720041726,0.9975062344139651
0.3651300775901415,0.9975062344139651
0.3651538862806468,0.9975062344139651
0.3651776980762961,0.9975062344139651
0.3652015129776966,0.9975062344139651
0.36522533098545623,0.9975062344139651
0.3652491521001826,0.9975062344139651
0.36527297632248384,0.9975062344139651
0.365296803652968,0.9975062344139651
0.36532063409224347,0.9975062344139651
0.3653444676409186,0.9975062344139651
0.365368304299602,0.9975062344139651
0.3653921440689025,0.9975062344139651
0.36541598694942906,0.9975062344139651
0.36543983294179067,0.9975062344139651
0.3654636820465966,0.9975062344139651
0.36548753426445635,0.9975062344139651
0.3655113895959794,0.9975062344139651
0.36553524804177545,0.9975062344139651
0.36555910960245447,0.9975062344139651
0.36558297427862646,0.9975062344139651
0.3656068420709016,0.9975062344139651
0.3656307129798903,0.9975062344139651
0.36565458700620307,0.9975062344139651
0.3656784641504506,0.9975062344139651
0.3657023444132437,0.9975062344139651
0.3657262277951933,0.9975062344139651
0.36575011429691073,0.9975062344139651
0.36577400391900716,0.9975062344139651
0.36579789666209417,0.9975062344139651
0.3658217925267834,0.9975062344139651
0.36584569151368657,0.9975062344139651
0.36586959362341565,0.9975062344139651
0.3658934988565828,0.9975062344139651
0.36591740721380034,0.9975062344139651
0.3659413186956806,0.9975062344139651
0.36596523330283626,0.9975062344139651
0.36598915103588003,0.9975062344139651
0.3660130718954248,0.9975062344139651
0.36603699588208377,0.9975062344139651
0.36606092299647014,0.9975062344139651
0.3660848532391972,0.9975062344139651
0.36610878661087864,0.9975062344139651
0.36613272311212813,0.9975062344139651
0.36615666274355957,0.9975062344139651
0.36618060550578696,0.9975062344139651
0.36620455139942454,0.9975062344139651
0.36622850042508664,0.9975062344139651
0.36625245258338784,0.9975062344139651
0.36627640787494276,0.9975062344139651
0.3663003663003663,0.9975062344139651
0.3663243278602734,0.9975062344139651
0.36634829255527934,0.9975062344139651
0.36637226038599935,0.9975062344139651
0.36639623135304894,0.9975062344139651
0.3664202054570438,0.9975062344139651
0.3664441826985997,0.9975062344139651
0.3664681630783326,0.9975062344139651
0.36649214659685864,0.9975062344139651
0.36651613325479415,0.9975062344139651
0.3665401230527556,0.9975062344139651
0.3665641159913596,0.9975062344139651
0.3665881120712228,0.9975062344139651
0.36661211129296234,0.9975062344139651
0.36663611365719523,0.9975062344139651
0.3666601191645387,0.9975062344139651
0.3666841278156103,0.9975062344139651
0.36670813961102744,0.9975062344139651
0.366732154551408,0.9975062344139651
0.3667561726373698,0.9975062344139651
0.36678019386953103,0.9975062344139651
0.36680421824850984,0.9975062344139651
0.3668282457749247,0.9975062344139651
0.36685227644939405,0.9975062344139651
0.3668763102725367,0.9975062344139651
0.3669003472449715,0.9975062344139651
0.36692438736731753,0.9975062344139651
0.36694843064019395,0.9975062344139651
0.3669724770642202,0.9975062344139651
0.36699652664001575,0.9975062344139651
0.36702057936820026,0.9975062344139651
0.36704463524939374,0.9975062344139651
0.36706869428421607,0.9975062344139651
0.36709275647328743,0.9975062344139651
0.36711682181722827,0.9975062344139651
0.36714089031665903,0.9975062344139651
0.3671649619722004,0.9975062344139651
0.3671890367844731,0.9975062344139651
0.36721311475409835,0.9975062344139651
0.3672371958816972,0.9975062344139651
0.3672612801678909,0.9975062344139651
0.367285367613301,0.9975062344139651
0.3673094582185491,0.9975062344139651
0.36733355198425716,0.9975062344139651
0.367357648911047,0.9975062344139651
0.3673817489995408,0.9975062344139651
0.3674058522503608,0.9975062344139651
0.36742995866412964,0.9975062344139651
0.3674540682414698,0.9975062344139651
0.3674781809830041,0.9975062344139651
0.36750229688935554,0.9975062344139651
0.3675264159611472,0.9975062344139651
0.36755053819900235,0.9975062344139651
0.36757466360354446,0.9975062344139651
0.36759879217539715,0.9975062344139651
0.36762292391518414,0.9975062344139651
0.36764705882352944,0.9975062344139651
0.36767119690105704,0.9975062344139651
0.36769533814839134,0.9975062344139651
0.36771948256615666,0.9975062344139651
0.3677436301549777,0.9975062344139651
0.36776778091547907,0.9975062344139651
0.3677919348482858,0.9975062344139651
0.367816091954023,0.9975062344139651
0.3678402522333158,0.9975062344139651
0.36786441568678974,0.9975062344139651
0.36788858231507027,0.9975062344139651
0.36791275211878327,0.9975062344139651
0.3679369250985545,0.9975062344139651
0.3679611012550102,0.9975062344139651
0.36798528058877644,0.9975062344139651
0.3680094631004797,0.9975062344139651
0.36803364879074657,0.9975062344139651
0.3680578376602037,0.9975062344139651
0.3680820297094781,0.9975062344139651
0.36810622493919676,0.9975062344139651
0.36813042334998686,0.9975062344139651
0.36815462494247586,0.9975062344139651
0.36817882971729127,0.9975062344139651
0.3682030376750608,0.9975062344139651
0.3682272488164124,0.9975062344139651
0.3682514631419741,0.9975062344139651
0.36827568065237404,0.9975062344139651
0.3682999013482407,0.9975062344139651
0.3683241252302026,0.9975062344139651
0.3683483522988884,0.9975062344139651
0.368372582554927,0.9975062344139651
0.3683968159989474,0.9975062344139651
0.3684210526315789,0.9975062344139651
0.36844529245345087,0.9975062344139651
0.3684695354651928,0.9975062344139651
0.36849378166743435,0.9975062344139651
0.3685180310608055,0.9975062344139651
0.36854228364593616,0.9975062344139651
0.36856653942345663,0.9975062344139651
0.3685907983939972,0.9975062344139651
0.36861506055818855,0.9975062344139651
0.36863932591666115,0.9975062344139651
0.3686635944700461,0.9975062344139651
0.36868786621897426,0.9975062344139651
0.3687121411640769,0.9975062344139651
0.3687364193059854,0.9975062344139651
0.36876070064533123,0.9975062344139651
0.3687849851827461,0.9975062344139651
0.36880927291886195,0.9975062344139651
0.36883356385431076,0.9975062344139651
0.36885785798972465,0.9975062344139651
0.3688821553257361,0.9975062344139651
0.3689064558629776,0.9975062344139651
0.3689307596020818,0.9975062344139651
0.36895506654368165,0.9975062344139651
0.3689793766884101,0.9975062344139651
0.36900369003690037,0.9975062344139651
0.36902800658978585,0.9975062344139651
0.3690523263477,0.9975062344139651
0.3690766493112766,0.9975062344139651
0.3691009754811495,0.9975062344139651
0.3691253048579527,0.9975062344139651
0.3691496374423204,0.9975062344139651
0.36917397323488693,0.9975062344139651
0.3691983122362869,0.9975062344139651
0.369222654447155,0.9975062344139651
0.3692469998681261,0.9975062344139651
0.3692713484998352,0.9975062344139651
0.3692957003429174,0.9975062344139651
0.36932005539800833,0.9975062344139651
0.36934441366574333,0.9975062344139651
0.36936877514675814,0.9975062344139651
0.36939313984168864,0.9975062344139651
0.36941750775117094,0.9975062344139651
0.3694418788758411,0.9975062344139651
0.3694662532163357,0.9975062344139651
0.3694906307732911,0.9975062344139651
0.3695150115473441,0.9975062344139651
0.36953939553913157,0.9975062344139651
0.3695637827492906,0.9975062344139651
0.36958817317845827,0.9975062344139651
0.3696125668272721,0.9975062344139651
0.3696369636963696,0.9975062344139651
0.36966136378638853,0.9975062344139651
0.36968576709796674,0.9975062344139651
0.36971017363174224,0.9975062344139651
0.36973458338835336,0.9975062344139651
0.36975899636843845,0.9975062344139651
0.369783412572636,0.9975062344139651
0.3698078320015849,0.9975062344139651
0.3698322546559239,0.9975062344139651
0.36985668053629217,0.9975062344139651
0.36988110964332893,0.9975062344139651
0.36990554197767356,0.9975062344139651
0.36992997753996565,0.9975062344139651
0.36995441633084497,0.9975062344139651
0.3699788583509514,0.9975062344139651
0.370003303600925,0.9975062344139651
0.3700277520814061,0.9975062344139651
0.3700522037930351,0.9975062344139651
0.37007665873645257,0.9975062344139651
0.37010111691229924,0.9975062344139651
0.3701255783212161,0.9975062344139651
0.3701500429638443,0.9975062344139651
0.370174510840825,0.9975062344139651
0.37019898195279966,0.9975062344139651
0.37022345630040987,0.9975062344139651
0.3702479338842975,0.9975062344139651
0.37027241470510447,0.9975062344139651
0.3702968987634729,0.9975062344139651
0.37032138606004494,0.9975062344139651
0.37034587659546325,0.9975062344139651
0.37037037037037035,0.9975062344139651
0.3703948673854091,0.9975062344139651
0.3704193676412224,0.9975062344139651
0.3704438711384534,0.9975062344139651
0.37046837787774545,0.9975062344139651
0.370492887859742,0.9975062344139651
0.3705174010850867,0.9975062344139651
0.37054191755442334,0.9975062344139651
0.370566437268396,0.9975062344139651
0.37059096022764876,0.9975062344139651
0.37061548643282594,0.9975062344139651
0.3706400158845721,0.9975062344139651
0.3706645485835319,0.9975062344139651
0.37068908453035015,0.9975062344139651
0.3707136237256719,0.9975062344139651
0.3707381661701423,0.9975062344139651
0.3707627118644068,0.9975062344139651
0.3707872608091108,0.9975062344139651
0.3708118130049,0.9975062344139651
0.37083636845242035,0.9975062344139651
0.3708609271523179,0.9975062344139651
0.3708854891052388,0.9975062344139651
0.3709100543118294,0.9975062344139651
0.3709346227727363,0.9975062344139651
0.37095919448860626,0.9975062344139651
0.3709837694600861,0.9975062344139651
0.371008347687823,0.9975062344139651
0.37103292917246405,0.9975062344139651
0.37105751391465674,0.9975062344139651
0.3710821019150487,0.9975062344139651
0.3711066931742876,0.9975062344139651
0.3711312876930214,0.9975062344139651
0.3711558854718982,0.9975062344139651
0.37118048651156627,0.9975062344139651
0.371205090812674,0.9975062344139651
0.37122969837587005,0.9975062344139651
0.37125430920180325,0.9975062344139651
0.37127892329112244,0.9975062344139651
0.37130354064447685,0.9975062344139651
0.3713281612625157,0.9975062344139651
0.3713527851458886,0.9975062344139651
0.37137741229524507,0.9975062344139651
0.3714020427112349,0.9975062344139651
0.3714266763945082,0.9975062344139651
0.371451313345715,0.9975062344139651
0.3714759535655058,0.9975062344139651
0.371500597054531,0.9975062344139651
0.37152524381344126,0.9975062344139651
0.37154989384288745,0.9975062344139651
0.3715745471435207,0.9975062344139651
0.37159920371599203,0.9975062344139651
0.37162386356095295,0.9975062344139651
0.37164852667905496,0.9975062344139651
0.37167319307094976,0.9975062344139651
0.3716978627372893,0.9975062344139651
0.37172253567872554,0.9975062344139651
0.37174721189591076,0.9975062344139651
0.37177189138949746,0.9975062344139651
0.3717965741601381,0.9975062344139651
0.3718212602084855,0.9975062344139651
0.37184594953519257,0.9975062344139651
0.3718706421409124,0.9975062344139651
0.3718953380262983,0.9975062344139651
0.3719200371920037,0.9975062344139651
0.37194473963868224,0.9975062344139651
0.3719694453669877,0.9975062344139651
0.37199415437757405,0.9975062344139651
0.37201886667109546,0.9975062344139651
0.3720435822482062,0.9975062344139651
0.37206830110956085,0.9975062344139651
0.37209302325581395,0.9975062344139651
0.37211774868762043,0.9975062344139651
0.3721424774056353,0.9975062344139651
0.37216720941051373,0.9975062344139651
0.37219194470291106,0.9975062344139651
0.3722166832834829,0.9975062344139651
0.3722414251528849,0.9975062344139651
0.3722661703117729,0.9975062344139651
0.37229091876080306,0.9975062344139651
0.3723156705006316,0.9975062344139651
0.3723404255319149,0.9975062344139651
0.37236518385530953,0.9975062344139651
0.37238994547147225,0.9975062344139651
0.37241471038106005,0.9975062344139651
0.37243947858473,0.9975062344139651
0.3724642500831393,0.9975062344139651
0.3724890248769456,0.9975062344139651
0.37251380296680636,0.9975062344139651
0.37253858435337944,0.9975062344139651
0.37256336903732284,0.9975062344139651
0.37258815701929476,0.9975062344139651
0.37261294829995345,0.9975062344139651
0.37263774287995743,0.9975062344139651
0.3726625407599654,0.9975062344139651
0.37268734194063624,0.9975062344139651
0.37271214642262895,0.9975062344139651
0.37273695420660274,0.9975062344139651
0.3727617652932171,0.9975062344139651
0.3727865796831314,0.9975062344139651
0.3728113973770055,0.9975062344139651
0.37283621837549935,0.9975062344139651
0.37286104267927295,0.9975062344139651
0.3729107012053007,0.9975062344139651
0.37293553542887586,0.9975062344139651
0.372960372960373,0.9975062344139651
0.3729852138004529,0.9975062344139651
0.3730100579497769,0.9975062344139651
0.37303490540900613,0.9975062344139651
0.3730597561788022,0.9975062344139651
0.37308461025982675,0.9975062344139651
0.37310946765274167,0.9975062344139651
0.373134328358209,0.9975062344139651
0.37315919237689077,0.9975062344139651
0.37318405970944957,0.9975062344139651
0.37320893035654784,0.9975062344139651
0.3732338043188483,0.9975062344139651
0.3732586815970139,0.9975062344139651
0.3732835621917078,0.9975062344139651
0.3733084461035931,0.9975062344139651
0.37333333333333335,0.9975062344139651
0.3733582238815921,0.9975062344139651
0.3733831177490332,0.9975062344139651
0.3734080149363206,0.9975062344139651
0.37343291544411844,0.9975062344139651
0.373457819273091,0.9975062344139651
0.3734827264239029,0.9975062344139651
0.3735076368972187,0.9975062344139651
0.37353255069370334,0.9975062344139651
0.37355746781402177,0.9975062344139651
0.3735823882588392,0.9975062344139651
0.37360731202882114,0.9975062344139651
0.37363223912463306,0.9975062344139651
0.37365716954694067,0.9975062344139651
0.37368210329641,0.9975062344139651
0.37370704037370706,0.9975062344139651
0.37373198077949815,0.9975062344139651
0.3737569245144497,0.9975062344139651
0.37378187157922843,0.9975062344139651
0.37380682197450105,0.9975062344139651
0.37383177570093457,0.9975062344139651
0.37385673275919623,0.9975062344139651
0.3738816931499533,0.9975062344139651
0.37390665687387326,0.9975062344139651
0.37393162393162394,0.9975062344139651
0.3739565943238731,0.9975062344139651
0.3739815680512889,0.9975062344139651
0.3740065451145395,0.9975062344139651
0.37403152551429336,0.9975062344139651
0.374056509251219,0.9975062344139651
0.3740814963259853,0.9975062344139651
0.3741064867392611,0.9975062344139651
0.3741314804917157,0.9975062344139651
0.37415647758401815,0.9975062344139651
0.37418147801683815,0.9975062344139651
0.3742064817908453,0.9975062344139651
0.37423148890670943,0.9975062344139651
0.3742564993651006,0.9975062344139651
0.37428151316668895,0.9975062344139651
0.3743065303121449,0.9975062344139651
0.37433155080213903,0.9975062344139651
0.37435657463734207,0.9975062344139651
0.37438160181842495,0.9975062344139651
0.3744066323460587,0.9975062344139651
0.37443166622091467,0.9975062344139651
0.37445670344366433,0.9975062344139651
0.37448174401497925,0.9975062344139651
0.3745067879355313,0.9975062344139651
0.37453183520599254,0.9975062344139651
0.374556885827035,0.9975062344139651
0.3745819397993311,0.9975062344139651
0.37460699712355344,0.9975062344139651
0.3746320578003746,0.9975062344139651
0.3746571218304677,0.9975062344139651
0.3746821892145056,0.9975062344139651
0.3747072599531616,0.9975062344139651
0.3747323340471092,0.9975062344139651
0.374757411497022,0.9975062344139651
0.3747824923035738,0.9975062344139651
0.37465693821540935,0.9969718560741004
0.37468201901191595,0.9969718560741004
0.3747071031666332,0.9969718560741004
0.37473219068023567,0.9969718560741004
0.37475728155339805,0.9969718560741004
0.37478237578679524,0.9969718560741004
0.37480747338110226,0.9969718560741004
0.37483257433699435,0.9969718560741004
0.374857678655147,0.9969718560741004
0.3748827863362358,0.9969718560741004
0.37490789738093644,0.9969718560741004
0.374933011789925,0.9969718560741004
0.37495812956387753,0.9969718560741004
0.37498325070347044,0.9969718560741004
0.37500837520938024,0.9969718560741004
0.37503350308228356,0.9969718560741004
0.37505863432285735,0.9969718560741004
0.3750837689317786,0.9969718560741004
0.37510890690972454,0.9969718560741004
0.3751340482573727,0.9969718560741004
0.3751591929754005,0.9969718560741004
0.37518434106448584,0.9969718560741004
0.3752094925253067,0.9969718560741004
0.3752346473585412,0.9969718560741004
0.3752598055648676,0.9969718560741004
0.37528496714496445,0.9969718560741004
0.3753101320995105,0.9969718560741004
0.37533530042918456,0.9969718560741004
0.37536047213466567,0.9969718560741004
0.37538564721663314,0.9969718560741004
0.37541082567576634,0.9969718560741004
0.37546119272824846,0.9969718560741004
0.3754863813229572,0.9969718560741004
0.37551157329755114,0.9969718560741004
0.3755367686527107,0.9969718560741004
0.3755619673891163,0.9969718560741004
0.37558716950744864,0.9969718560741004
0.3756123750083887,0.9969718560741004
0.3756375838926175,0.9969718560741004
0.37566279616081616,0.9969718560741004
0.3756880118136663,0.9969718560741004
0.3757132308518494,0.9969718560741004
0.37573845327604727,0.9969718560741004
0.3757636790869419,0.9969718560741004
0.37578890828521555,0.9969718560741004
0.3758141408715504,0.9969718560741004
0.37583937684662905,0.9969718560741004
0.37586461621113426,0.9969718560741004
0.37588985896574884,0.9969718560741004
0.3759151051111559,0.9969718560741004
0.3759403546480387,0.9969718560741004
0.3759656075770807,0.9969718560741004
0.37599086389896547,0.9969718560741004
0.37601612361437686,0.9969718560741004
0.37604138672399895,0.9969718560741004
0.37606665322851573,0.9969718560741004
0.3760919231286117,0.9969718560741004
0.37611719642497143,0.9969718560741004
0.3761424731182796,0.9969718560741004
0.376167753209221,0.9969718560741004
0.376193036698481,0.9969718560741004
0.3762183235867446,0.9969718560741004
0.3762436138746975,0.9969718560741004
0.3762689075630252,0.9969718560741004
0.3762942046524136,0.9969718560741004
0.3763195051435487,0.9969718560741004
0.37634480903711676,0.9969718560741004
0.3763701163338041,0.9969718560741004
0.37639542703429724,0.9969718560741004
0.3764207411392831,0.9969718560741004
0.37644605864944847,0.9969718560741004
0.3764713795654806,0.9969718560741004
0.3764967038880667,0.9969718560741004
0.3765220316178944,0.9969718560741004
0.37654736275565126,0.9969718560741004
0.37657269730202514,0.9969718560741004
0.3765980352577042,0.9969718560741004
0.37662337662337664,0.9969718560741004
0.3766487213997308,0.9969718560741004
0.3766740695874554,0.9969718560741004
0.3766994211872392,0.9969718560741004
0.3767247761997711,0.9969718560741004
0.3767501346257404,0.9969718560741004
0.3767754964658364,0.9969718560741004
0.3768008617207486,0.9969718560741004
0.37682623039116675,0.9969718560741004
0.37685160247778077,0.9969718560741004
0.3768769779812807,0.9969718560741004
0.3769023569023569,0.9969718560741004
0.37692773924169976,0.9969718560741004
0.3769785141779484,0.9969718560741004
0.377003906776236,0.9969718560741004
0.3770293027955541,0.9969718560741004
0.37705470223659393,0.9969718560741004
0.37708010510004714,0.9969718560741004
0.3771055113866056,0.9969718560741004
0.3771309210969611,0.9969718560741004
0.37715633423180595,0.9969718560741004
0.37718175079183236,0.9969718560741004
0.37720717077773286,0.9969718560741004
0.37723259419020017,0.9969718560741004
0.3772580210299272,0.9969718560741004
0.377283451297607,0.9969718560741004
0.37730888499393284,0.9969718560741004
0.3773343221195982,0.9969718560741004
0.37735976267529664,0.9969718560741004
0.3773852066617221,0.9969718560741004
0.3774106540795684,0.9969718560741004
0.37743610492952995,0.9969718560741004
0.37746155921230107,0.9969718560741004
0.3774870169285762,0.9969718560741004
0.3775124780790503,0.9969718560741004
0.3775379426644182,0.9969718560741004
0.3775634106853751,0.9969718560741004
0.3775888821426162,0.9969718560741004
0.37761435703683716,0.9969718560741004
0.3776398353687336,0.9969718560741004
0.37766531713900137,0.9969718560741004
0.3776908023483366,0.9969718560741004
0.37771629099743553,0.9969718560741004
0.3777417830869947,0.9969718560741004
0.3777672786177106,0.9969718560741004
0.3777927775902801,0.9969718560741004
0.3778182800054003,0.9969718560741004
0.3778437858637683,0.9969718560741004
0.37786929516608153,0.9969718560741004
0.3778948079130376,0.9969718560741004
0.3779203241053342,0.9969718560741004
0.3779458437436694,0.9969718560741004
0.3779713668287412,0.9969718560741004
0.37799689336124803,0.9969718560741004
0.3780224233418884,0.9969718560741004
0.37804795677136105,0.9969718560741004
0.37807349365036474,0.9969718560741004
0.3780990339795987,0.9969718560741004
0.3781245777597622,0.9969718560741004
0.37815012499155465,0.9969718560741004
0.37817567567567567,0.9969718560741004
0.37820122981282517,0.9969718560741004
0.3782267874037032,0.9969718560741004
0.37825234844900996,0.9969718560741004
0.3782779129494458,0.9969718560741004
0.37830348090571136,0.9969718560741004
0.3783290523185075,0.9969718560741004
0.37835462718853513,0.9969718560741004
0.3783802055164954,0.9969718560741004
0.3784057873030897,0.9969718560741004
0.3784313725490196,0.9969718560741004
0.3784569612549868,0.9969718560741004
0.3784825534216933,0.9969718560741004
0.3785081490498411,0.9969718560741004
0.3785337481401326,0.9969718560741004
0.3785593506932702,0.9969718560741004
0.37858495670995673,0.9969718560741004
0.37861056619089495,0.9969718560741004
0.378636179136788,0.9969718560741004
0.37866179554833906,0.9969718560741004
0.3786874154262517,0.9969718560741004
0.37871303877122947,0.9969718560741004
0.3787386655839762,0.9969718560741004
0.3787642958651959,0.9969718560741004
0.3787899296155929,0.9969718560741004
0.3788155668358714,0.9969718560741004
0.37884120752673617,0.9969718560741004
0.3788668516888919,0.9969718560741004
0.3788924993230436,0.9969718560741004
0.3789181504298964,0.9969718560741004
0.37894380501015573,0.9969718560741004
0.37896946306452706,0.9969718560741004
0.37899512459371615,0.9969718560741004
0.37902078959842894,0.9969718560741004
0.37904645807937154,0.9969718560741004
0.37907213003725027,0.9969718560741004
0.3790978054727716,0.9969718560741004
0.3791234843866423,0.9969718560741004
0.37914916677956917,0.9969718560741004
0.3791748526522593,0.9969718560741004
0.37920054200542,0.9969718560741004
0.3792262348397588,0.9969718560741004
0.3792519311559832,0.9969718560741004
0.3792776309548011,0.9969718560741004
0.3793033342369206,0.9969718560741004
0.3793290410030498,0.9969718560741004
0.3793547512538972,0.9969718560741004
0.3793804649901715,0.9969718560741004
0.3794061822125813,0.9969718560741004
0.3794319029218358,0.9969718560741004
0.37945762711864406,0.9969718560741004
0.37948335480371553,0.9969718560741004
0.3795090859777597,0.9969718560741004
0.3795348206414864,0.9969718560741004
0.3795605587956056,0.9969718560741004
0.3795863004408274,0.9969718560741004
0.37961204557786216,0.9969718560741004
0.3796377942074205,0.9969718560741004
0.379663546330213,0.9969718560741004
0.37968930194695066,0.9969718560741004
0.3797150610583446,0.9969718560741004
0.3797408236651062,0.9969718560741004
0.3797665897679468,0.9969718560741004
0.3797923593675782,0.9969718560741004
0.37981813246471224,0.9969718560741004
0.3798439090600611,0.9969718560741004
0.3798696891543369,0.9969718560741004
0.37989547274825225,0.9969718560741004
0.3799212598425197,0.9969718560741004
0.37994705043785215,0.9969718560741004
0.37997284453496266,0.9969718560741004
0.37999864213456447,0.9969718560741004
0.380024443237371,0.9969718560741004
0.38005024784409586,0.9969718560741004
0.38007605595545296,0.9969718560741004
0.3801018675721562,0.9969718560741004
0.38012768269491987,0.9969718560741004
0.38015350132445835,0.9969718560741004
0.3801793234614862,0.9969718560741004
0.3802051491067183,0.9969718560741004
0.38023097826086955,0.9969718560741004
0.3802568109246552,0.9969718560741004
0.3802826470987906,0.9969718560741004
0.3803084867839913,0.9969718560741004
0.3803343299809731,0.9969718560741004
0.3803601766904519,0.9969718560741004
0.38038602691314394,0.9969718560741004
0.3804118806497655,0.9969718560741004
0.3804377379010332,0.9969718560741004
0.38046359866766366,0.9969718560741004
0.3804894629503739,0.9969718560741004
0.38051533074988103,0.9969718560741004
0.38054120206690234,0.9969718560741004
0.3805670769021554,0.9969718560741004
0.38059295525635795,0.9969718560741004
0.3806188371302278,0.9969718560741004
0.3806447225244831,0.9969718560741004
0.3806706114398422,0.9969718560741004
0.38069650387702353,0.9969718560741004
0.3807223998367458,0.9969718560741004
0.38074829931972787,0.9969718560741004
0.3807742023266889,0.9969718560741004
0.3808001088583481,0.9969718560741004
0.3808260189154249,0.9969718560741004
0.3808519324986391,0.9969718560741004
0.38087784960871046,0.9969718560741004
0.3809037702463591,0.9969718560741004
0.3809296944123052,0.9969718560741004
0.38095562210726924,0.9969718560741004
0.380981553331972,0.9969718560741004
0.38103342637347676,0.9969718560741004
0.38105936819172115,0.9969718560741004
0.3810853135425887,0.9969718560741004
0.38111126242680105,0.9969718560741004
0.38113721484508,0.9969718560741004
0.38116317079814765,0.9969718560741004
0.38118913028672613,0.9969718560741004
0.3812150933115379,0.9969718560741004
0.38124105987330564,0.9969718560741004
0.381267029972752,0.9969718560741004
0.3812930036106002,0.9969718560741004
0.38131898078757326,0.9969718560741004
0.3813449615043946,0.9969718560741004
0.3813709457617879,0.9969718560741004
0.381396933560477,0.9969718560741004
0.3814229249011858,0.9969718560741004
0.38144891978463846,0.9969718560741004
0.38147491821155943,0.9969718560741004
0.3815009201826733,0.9969718560741004
0.38152692569870483,0.9969718560741004
0.38155293476037905,0.9969718560741004
0.3815789473684211,0.9969718560741004
0.3816049635235563,0.9969718560741004
0.3816309832265103,0.9969718560741004
0.3816570064780089,0.9969718560741004
0.38168303327877795,0.9969718560741004
0.38170906362954377,0.9969718560741004
0.3817350975310326,0.9969718560741004
0.3817611349839711,0.9969718560741004
0.38178717598908596,0.9969718560741004
0.38181322054710415,0.9969718560741004
0.3818392686587529,0.9969718560741004
0.3818653203247595,0.9969718560741004
0.3818913755458515,0.9969718560741004
0.38191743432275677,0.9969718560741004
0.3819434966562031,0.9969718560741004
0.3819695625469187,0.9969718560741004
0.38199563199563197,0.9969718560741004
0.3820217050030715,0.9969718560741004
0.3820477815699659,0.9969718560741004
0.38207386169704416,0.9969718560741004
0.3820999453850355,0.9969718560741004
0.3821260326346692,0.9969718560741004
0.3821521234466749,0.9969718560741004
0.3821782178217822,0.9969718560741004
0.3822043157607211,0.9969718560741004
0.3822304172642218,0.9969718560741004
0.3822565223330146,0.9969718560741004
0.38228263096783005,0.9969718560741004
0.3823087431693989,0.9969718560741004
0.3823348589384521,0.9969718560741004
0.38236097827572074,0.9969718560741004
0.3823871011819362,0.9969718560741004
0.38241322765783003,0.9969718560741004
0.38243935770413395,0.9969718560741004
0.38246549132157986,0.9969718560741004
0.3824916285109,0.9969718560741004
0.38251776927282666,0.9969718560741004
0.3825439136080924,0.9969718560741004
0.38257006151742995,0.9969718560741004
0.3825962130015722,0.9969718560741004
0.3826223680612524,0.9969718560741004
0.3826485266972038,0.9969718560741004
0.38267468891016,0.9969718560741004
0.3827008547008547,0.9969718560741004
0.3827270240700219,0.9969718560741004
0.38275319701839566,0.9969718560741004
0.38277937354671043,0.9969718560741004
0.3828055536557007,0.9969718560741004
0.3828317373461012,0.9969718560741004
0.382857924618647,0.9969718560741004
0.3828841154740731,0.9969718560741004
0.38291030991311487,0.9969718560741004
0.382962709544988,0.9969718560741004
0.3829889147392911,0.9969718560741004
0.38301512352015327,0.9969718560741004
0.38304133588831096,0.9969718560741004
0.3830675518445007,0.9969718560741004
0.38309377138945927,0.9969718560741004
0.3831199945239236,0.9969718560741004
0.3831462212486309,0.9969718560741004
0.38317245156431845,0.9969718560741004
0.383198685471724,0.9969718560741004
0.38322492297158506,0.9969718560741004
0.3832511640646398,0.9969718560741004
0.38327740875162636,0.9969718560741004
0.3833036570332831,0.9969718560741004
0.3833299089103486,0.9969718560741004
0.3833561643835616,0.9969718560741004
0.3833824234536612,0.9969718560741004
0.3834086861213865,0.9969718560741004
0.3834349523874769,0.9969718560741004
0.383461222252672,0.9969718560741004
0.38348749571771157,0.9969718560741004
0.3835137727833356,0.9969718560741004
0.38354005345028436,0.9969718560741004
0.38356633771929827,0.9969718560741004
0.3835926255911178,0.9969718560741004
0.3836189170664839,0.9969718560741004
0.3836452121461375,0.9969718560741004
0.38367151083081985,0.9969718560741004
0.3836978131212724,0.9969718560741004
0.38372411901823666,0.9969718560741004
0.38377674163466813,0.9969718560741004
0.38380305835561956,0.9969718560741004
0.38382937868605127,0.9969718560741004
0.383855702626706,0.9969718560741004
0.38388203017832645,0.9969718560741004
0.3839083613416558,0.9969718560741004
0.38393469611743725,0.9969718560741004
0.3839610345064142,0.9969718560741004
0.3839873765093304,0.9969718560741004
0.3840137221269297,0.9969718560741004
0.3840400713599561,0.9969718560741004
0.38406642420915393,0.9969718560741004
0.38409278067526764,0.9969718560741004
0.3841191407590419,0.9969718560741004
0.3841455044612217,0.9969718560741004
0.384171871782552,0.9969718560741004
0.3841982427237781,0.9969718560741004
0.38422461728564566,0.9969718560741004
0.3842509954689002,0.9969718560741004
0.3842773772742877,0.9969718560741004
0.38430376270255423,0.9969718560741004
0.3843301517544462,0.9969718560741004
0.38435654443071005,0.9969718560741004
0.38438294073209256,0.9969718560741004
0.3844093406593407,0.9969718560741004
0.3844357442132015,0.9969718560741004
0.3844621513944223,0.9969718560741004
0.38448856220375077,0.9969718560741004
0.3845149766419346,0.9969718560741004
0.38454139470972176,0.9969718560741004
0.38456781640786036,0.9969718560741004
0.3845942417370989,0.9969718560741004
0.38462067069818584,0.9969718560741004
0.38464710329186996,0.9969718560741004
0.3846735395189003,0.9969718560741004
0.3846999793800261,0.9969718560741004
0.3847264228759967,0.9969718560741004
0.3847528700075617,0.9969718560741004
0.38477932077547095,0.9969718560741004
0.3848057751804744,0.9969718560741004
0.38483223322332233,0.9969718560741004
0.38485869490476515,0.9969718560741004
0.3848851602255536,0.9969718560741004
0.38491162918643834,0.9969718560741004
0.38493810178817056,0.9969718560741004
0.38496457803150147,0.9969718560741004
0.3849910579171826,0.9969718560741004
0.38501754144596545,0.9969718560741004
0.3850440286186021,0.9969718560741004
0.3850705194358445,0.9969718560741004
0.38509701389844503,0.9969718560741004
0.3851235120071561,0.9969718560741004
0.3851500137627305,0.9969718560741004
0.38517651916592116,0.9969718560741004
0.3852030282174811,0.9969718560741004
0.3852295409181637,0.9969718560741004
0.3852560572687225,0.9969718560741004
0.3852825772699112,0.9969718560741004
0.3853091009224838,0.9969718560741004
0.38533562822719447,0.9969718560741004
0.3853621591847976,0.9969718560741004
0.3853886937960476,0.9969718560741004
0.3854152320616995,0.9969718560741004
0.3854417739825081,0.9969718560741004
0.38546831955922867,0.9969718560741004
0.3854948687926166,0.9969718560741004
0.38552142168342746,0.9969718560741004
0.38554797823241715,0.9969718560741004
0.3855745384403417,0.9969718560741004
0.3856011023079573,0.9969718560741004
0.38562766983602037,0.9969718560741004
0.38565424102528767,0.9969718560741004
0.385680815876516,0.9969718560741004
0.3857073943904624,0.9969718560741004
0.3857339765678842,0.9969718560741004
0.38576056240953893,0.9969718560741004
0.3857871519161842,0.9969718560741004
0.3858137450885779,0.9969718560741004
0.3858403419274783,0.9969718560741004
0.38586694243364356,0.9969718560741004
0.3858935466078323,0.9969718560741004
0.3859201544508033,0.9969718560741004
0.3859467659633154,0.9969718560741004
0.38597338114612784,0.9969718560741004
0.386,0.9969718560741004
0.3860266225256914,0.9969718560741004
0.3860532487239619,0.9969718560741004
0.3860798785955715,0.9969718560741004
0.38610651214128033,0.9969718560741004
0.3861331493618489,0.9969718560741004
0.3861597902580378,0.9969718560741004
0.3861864348306079,0.9969718560741004
0.38621308308032015,0.9969718560741004
0.38623973500793596,0.9969718560741004
0.3862663906142167,0.9969718560741004
0.3862930498999241,0.9969718560741004
0.38631971286582,0.9969718560741004
0.38634637951266654,0.9969718560741004
0.386373049841226,0.9969718560741004
0.38639972385226096,0.9969718560741004
0.3864264015465341,0.9969718560741004
0.3864530829248084,0.9969718560741004
0.386479767987847,0.9969718560741004
0.3865064567364132,0.9969718560741004
0.38653314917127074,0.9969718560741004
0.3865598452931832,0.9969718560741004
0.3865865451029148,0.9969718560741004
0.38661324860122953,0.9969718560741004
0.38663995578889193,0.9969718560741004
0.38666666666666666,0.9969718560741004
0.3866933812353185,0.9969718560741004
0.38672009949561253,0.9969718560741004
0.38674682144831396,0.9969718560741004
0.3867735470941884,0.9969718560741004
0.3868002764340014,0.9969718560741004
0.3868270094685189,0.9969718560741004
0.38685374619850704,0.9969718560741004
0.3868804866247321,0.9969718560741004
0.38690723074796074,0.9969718560741004
0.38693397856895956,0.9969718560741004
0.3869607300884956,0.9969718560741004
0.38698748530733595,0.9969718560741004
0.3870142442262481,0.9969718560741004
0.38704100684599957,0.9969718560741004
0.38706777316735824,0.9969718560741004
0.38709454319109204,0.9969718560741004
0.3871213169179693,0.9969718560741004
0.3871480943487584,0.9969718560741004
0.387174875484228,0.9969718560741004
0.387201660325147,0.9969718560741004
0.38722844887228447,0.9969718560741004
0.38725524112640974,0.9969718560741004
0.3872820370882923,0.9969718560741004
0.3873088367587018,0.9969718560741004
0.3873356401384083,0.9969718560741004
0.38736244722818186,0.9969718560741004
0.3873892580287929,0.9969718560741004
0.38741607254101196,0.9969718560741004
0.38744289076560984,0.9969718560741004
0.38746971270335756,0.9969718560741004
0.3874965383550263,0.9969718560741004
0.3875233677213875,0.9969718560741004
0.38755020080321284,0.9969718560741004
0.38757703760127415,0.9969718560741004
0.3876038781163435,0.9969718560741004
0.38763072234919316,0.9969718560741004
0.38765757030059567,0.9969718560741004
0.3876844219713237,0.9969718560741004
0.38771127736215016,0.9969718560741004
0.3877381364738483,0.9969718560741004
0.3877649993071913,0.9969718560741004
0.38779186586295294,0.9969718560741004
0.3878187361419069,0.9969718560741004
0.3878456101448271,0.9969718560741004
0.38787248787248785,0.9969718560741004
0.3878993693256636,0.9969718560741004
0.3879262545051289,0.9969718560741004
0.3879531434116587,0.9969718560741004
0.387980036046028,0.9969718560741004
0.38800693240901213,0.9969718560741004
0.38803383250138657,0.9969718560741004
0.38806073632392707,0.9969718560741004
0.3880876438774095,0.9969718560741004
0.38811455516261006,0.9969718560741004
0.38814147018030515,0.9969718560741004
0.38816838893127126,0.9969718560741004
0.3881953114162852,0.9969718560741004
0.388222237636124,0.9969718560741004
0.3882491675915649,0.9969718560741004
0.38827610128338536,0.9969718560741004
0.388303038712363,0.9969718560741004
0.38832997987927564,0.9969718560741004
0.38835692478490147,0.9969718560741004
0.38838387343001873,0.9969718560741004
0.388410825815406,0.9969718560741004
0.3884377819418419,0.9969718560741004
0.3884647418101055,0.9969718560741004
0.38849170542097594,0.9969718560741004
0.38851867277523255,0.9969718560741004
0.388545643873655,0.9969718560741004
0.38857261871702303,0.9969718560741004
0.38859959730611676,0.9969718560741004
0.38862657964171643,0.9969718560741004
0.38865356572460247,0.9969718560741004
0.38868055555555553,0.9969718560741004
0.3887075491353566,0.9969718560741004
0.3887345464647868,0.9969718560741004
0.38876154754462733,0.9969718560741004
0.3887885523756599,0.9969718560741004
0.3888155609586662,0.9969718560741004
0.38884257329442823,0.9969718560741004
0.3888695893837282,0.9969718560741004
0.38889660922734853,0.9969718560741004
0.38892363282607184,0.9969718560741004
0.38895066018068103,0.9969718560741004
0.38897769129195914,0.9969718560741004
0.3890047261606895,0.9969718560741004
0.3890317647876555,0.9969718560741004
0.38905880717364105,0.9969718560741004
0.38908585331942996,0.9969718560741004
0.38911290322580644,0.9969718560741004
0.3891399568935549,0.9969718560741004
0.3891670143234599,0.9969718560741004
0.38919407551630625,0.9969718560741004
0.389221140472879,0.9969718560741004
0.3892482091939634,0.9969718560741004
0.389275281680345,0.9969718560741004
0.3893023579328094,0.9969718560741004
0.3893294379521425,0.9969718560741004
0.38935652173913043,0.9969718560741004
0.3893836092945596,0.9969718560741004
0.38941070061921657,0.9969718560741004
0.3894377957138881,0.9969718560741004
0.38946489457936123,0.9969718560741004
0.3894919972164231,0.9969718560741004
0.38951910362586123,0.9969718560741004
0.38954621380846327,0.9969718560741004
0.3895733277650171,0.9969718560741004
0.38960044549631073,0.9969718560741004
0.3896275670031326,0.9969718560741004
0.38965469228627125,0.9969718560741004
0.38968182134651536,0.9969718560741004
0.38970895418465396,0.9969718560741004
0.3897360908014762,0.9969718560741004
0.38976323119777156,0.9969718560741004
0.3897903753743297,0.9969718560741004
0.38984467507139375,0.9969718560741004
0.3898718305934801,0.9969718560741004
0.3898989898989899,0.9969718560741004
0.38992615298871397,0.9969718560741004
0.38995331986344317,0.9969718560741004
0.38998049052396877,0.9969718560741004
0.39000766497108214,0.9969718560741004
0.3900348432055749,0.9969718560741004
0.3900620252282389,0.9969718560741004
0.39008921103986616,0.9969718560741004
0.39011640064124903,0.9969718560741004
0.39014359403318,0.9969718560741004
0.3901707912164517,0.9969718560741004
0.39022519696018965,0.9969718560741004
0.3902524055222424,0.9969718560741004
0.390279617878809,0.9969718560741004
0.3903068340306834,0.9969718560741004
0.3903340539786596,0.9969718560741004
0.39036127772353185,0.9969718560741004
0.3903885052660947,0.9969718560741004
0.39041573660714285,0.9969718560741004
0.3904429717474712,0.9969718560741004
0.39047021068787496,0.9969718560741004
0.3904974534291495,0.9969718560741004
0.39052469997209044,0.9969718560741004
0.3905792044661549,0.9969718560741004
0.3906064624188708,0.9969718560741004
0.39063372417643777,0.9969718560741004
0.3906609897396524,0.9969718560741004
0.39068825910931176,0.9969718560741004
0.3907155322862129,0.9969718560741004
0.3907428092711533,0.9969718560741004
0.3907700900649305,0.9969718560741004
0.3907973746683424,0.9969718560741004
0.390824663082187,0.9969718560741004
0.3908519553072626,0.9969718560741004
0.39087925134436763,0.9969718560741004
0.3909065511943009,0.9969718560741004
0.3909338548578613,0.9969718560741004
0.390961162335848,0.9969718560741004
0.3909884736290604,0.9969718560741004
0.3910157887382982,0.9969718560741004
0.39104310766436107,0.9969718560741004
0.3910704304080492,0.9969718560741004
0.3910977569701628,0.9969718560741004
0.3911250873515024,0.9969718560741004
0.39115242155286883,0.9969718560741004
0.3911797595750629,0.9969718560741004
0.39120710141888587,0.9969718560741004
0.3912344470851391,0.9969718560741004
0.39126179657462423,0.9969718560741004
0.3912891498881432,0.9969718560741004
0.39131650702649795,0.9969718560741004
0.39134386799049087,0.9969718560741004
0.3913712327809244,0.9969718560741004
0.3913986013986014,0.9969718560741004
0.39142597384432476,0.9969718560741004
0.39145335011889776,0.9969718560741004
0.39148073022312374,0.9969718560741004
0.3915081141578064,0.9969718560741004
0.3915355019237496,0.9969718560741004
0.3915628935217574,0.9969718560741004
0.39159028895263415,0.9969718560741004
0.39161768821718446,0.9969718560741004
0.391645091316213,0.9969718560741004
0.39167249825052486,0.9969718560741004
0.39169990902092516,0.9969718560741004
0.3917273236282195,0.9969718560741004
0.3917547420732134,0.9969718560741004
0.39178216435671287,0.9969718560741004
0.39180959047952396,0.9969718560741004
0.3918370204424531,0.9969718560741004
0.3918644542463068,0.9969718560741004
0.3918918918918919,0.9969718560741004
0.3919193333800154,0.9969718560741004
0.3919467787114846,0.9969718560741004
0.39197422788710695,0.9969718560741004
0.39200168090769016,0.9969718560741004
0.3920291377740422,0.9969718560741004
0.39205659848697116,0.9969718560741004
0.3920840630472855,0.9969718560741004
0.39211153145579375,0.9969718560741004
0.39213900371330485,0.9969718560741004
0.3921664798206278,0.9969718560741004
0.3921939597785719,0.9969718560741004
0.39222144358794675,0.9969718560741004
0.392248931249562,0.9969718560741004
0.39227642276422764,0.9969718560741004
0.3923039181327539,0.9969718560741004
0.39233141735595123,0.9969718560741004
0.3923589204346302,0.9969718560741004
0.3923864273696018,0.9969718560741004
0.3924139381616771,0.9969718560741004
0.39244145281166737,0.9969718560741004
0.3924689713203843,0.9969718560741004
0.39249649368863954,0.9969718560741004
0.3925240199172452,0.9969718560741004
0.3925515500070136,0.9969718560741004
0.3925790839587571,0.9969718560741004
0.3926066217732884,0.9969718560741004
0.39263416345142055,0.9969718560741004
0.39266170899396663,0.9969718560741004
0.39268925840173996,0.9969718560741004
0.39271681167555433,0.9969718560741004
0.39274436881622343,0.9969718560741004
0.3927719298245614,0.9969718560741004
0.39279949470138253,0.9969718560741004
0.3928270634475014,0.9969718560741004
0.3928546360637327,0.9969718560741004
0.39288221255089145,0.9969718560741004
0.3929097929097929,0.9969718560741004
0.39293737714125243,0.9969718560741004
0.39299255722510884,0.9969718560741004
0.3930201530791377,0.9969718560741004
0.39304775280898874,0.9969718560741004
0.39307535641547864,0.9969718560741004
0.39310296389942406,0.9969718560741004
0.3931305752616422,0.9969718560741004
0.39315819050295026,0.9969718560741004
0.39318580962416577,0.9969718560741004
0.39321343262610653,0.9969718560741004
0.3932410595095904,0.9969718560741004
0.3932963249244607,0.9969718560741004
0.3933239634574842,0.9969718560741004
0.393351605875325,0.9969718560741004
0.3933792521788024,0.9969718560741004
0.3934069023687355,0.9969718560741004
0.39343455644594405,0.9969718560741004
0.3934622144112478,0.9969718560741004
0.39348987626546683,0.9969718560741004
0.39351754200942135,0.9969718560741004
0.3935452116439319,0.9969718560741004
0.3935728851698193,0.9969718560741004
0.3936005625879044,0.9969718560741004
0.39362824389900836,0.9969718560741004
0.39365592910395275,0.9969718560741004
0.3936836182035591,0.9969718560741004
0.3937113111986494,0.9969718560741004
0.39373900809004575,0.9969718560741004
0.3937667088785704,0.9969718560741004
0.3937944135650461,0.9969718560741004
0.39382212215029555,0.9969718560741004
0.3938498346351418,0.9969718560741004
0.39387755102040817,0.9969718560741004
0.39390527130691816,0.9969718560741004
0.3939329954954955,0.9969718560741004
0.39396072358696416,0.9969718560741004
0.3939884555821484,0.9969718560741004
0.39401619148187256,0.9969718560741004
0.3940439312869614,0.9969718560741004
0.3940716749982398,0.9969718560741004
0.39409942261653286,0.9969718560741004
0.394127174142666,0.9969718560741004
0.3941549295774648,0.9969718560741004
0.39418268892175506,0.9969718560741004
0.39421045217636286,0.9969718560741004
0.3942382193421145,0.9969718560741004
0.39426599041983657,0.9969718560741004
0.39429376541035577,0.9969718560741004
0.39432154431449906,0.9969718560741004
0.3943493271330938,0.9969718560741004
0.39437711386696733,0.9969718560741004
0.3944049045169474,0.9969718560741004
0.39443269908386186,0.9969718560741004
0.394460497568539,0.9969718560741004
0.3944882999718072,0.9969718560741004
0.39451610629449496,0.9969718560741004
0.39454391653743126,0.9969718560741004
0.3945717307014452,0.9969718560741004
0.39459954878736603,0.9969718560741004
0.3946273707960234,0.9969718560741004
0.39465519672824706,0.9969718560741004
0.3946830265848671,0.9969718560741004
0.39471086036671366,0.9969718560741004
0.39473869807461737,0.9969718560741004
0.39476653970940895,0.9969718560741004
0.3947943852719193,0.9969718560741004
0.3948222347629797,0.9969718560741004
0.39487794553407646,0.9969718560741004
0.3949058068157765,0.9969718560741004
0.39493367202935364,0.9969718560741004
0.3949615411756404,0.9969718560741004
0.3949894142554693,0.9969718560741004
0.3950172912696732,0.9969718560741004
0.39504517221908525,0.9969718560741004
0.3950730571045387,0.9969718560741004
0.3951009459268671,0.9969718560741004
0.39512883868690435,0.9969718560741004
0.39515673538548435,0.9969718560741004
0.39518463602344134,0.9969718560741004
0.39521254060160993,0.9969718560741004
0.3952404491208248,0.9969718560741004
0.3952683615819209,0.9969718560741004
0.39529627798573347,0.9969718560741004
0.3953241983330979,0.9969718560741004
0.3953521226248499,0.9969718560741004
0.39538005086182537,0.9969718560741004
0.39540798304486047,0.9969718560741004
0.3954359191747916,0.9969718560741004
0.3954638592524553,0.9969718560741004
0.39549180327868855,0.9969718560741004
0.3955197512543283,0.9969718560741004
0.39554770318021204,0.9969718560741004
0.3955756590571772,0.9969718560741004
0.39560361888606166,0.9969718560741004
0.3956315826677034,0.9969718560741004
0.39565955040294076,0.9969718560741004
0.3956875220926122,0.9969718560741004
0.39571549773755654,0.9969718560741004
0.39574347733861276,0.9969718560741004
0.39577146089662,0.9969718560741004
0.39579944841241776,0.9969718560741004
0.3958274398868458,0.9969718560741004
0.395855435320744,0.9969718560741004
0.39588343471495263,0.9969718560741004
0.3959114380703119,0.9969718560741004
0.3959394453876627,0.9969718560741004
0.3959674566678458,0.9969718560741004
0.39599547191170226,0.9969718560741004
0.39602349112007357,0.9969718560741004
0.3960515142938013,0.9969718560741004
0.39607954143372726,0.9969718560741004
0.39610757254069356,0.9969718560741004
0.3961356076155425,0.9969718560741004
0.39616364665911663,0.9969718560741004
0.3961916896722588,0.9969718560741004
0.396219736655812,0.9969718560741004
0.39624778761061946,0.9969718560741004
0.3962758425375248,0.9969718560741004
0.39630390143737165,0.9969718560741004
0.3963319643110041,0.9969718560741004
0.3963600311592663,0.9969718560741004
0.39638810198300284,0.9969718560741004
0.3964161767830583,0.9969718560741004
0.3964442555602777,0.9969718560741004
0.3964723383155061,0.9969718560741004
0.3965004250495891,0.9969718560741004
0.3965285157633723,0.9969718560741004
0.3965566104577016,0.9969718560741004
0.3965847091334231,0.9969718560741004
0.39661281179138325,0.9969718560741004
0.3966409184324286,0.9969718560741004
0.3966690290574061,0.9969718560741004
0.3966971436671628,0.9969718560741004
0.39672526226254606,0.9969718560741004
0.3967533848444035,0.9969718560741004
0.39678151141358287,0.9969718560741004
0.39680964197093227,0.9969718560741004
0.39683777651730007,0.9969718560741004
0.3968659150535347,0.9969718560741004
0.396894057580485,0.9969718560741004
0.3969222040990001,0.9969718560741004
0.39695035460992906,0.9969718560741004
0.3970066676124273,0.9969718560741004
0.39703483010569623,0.9969718560741004
0.39706299659477867,0.9969718560741004
0.397091167080525,0.9969718560741004
0.39711934156378603,0.9969718560741004
0.3971475200454126,0.9969718560741004
0.39717570252625606,0.9969718560741004
0.3972038890071677,0.9969718560741004
0.3972320794889993,0.9969718560741004
0.3972602739726027,0.9969718560741004
0.3972884724588302,0.9969718560741004
0.3973166749485341,0.9969718560741004
0.3973448814425671,0.9969718560741004
0.39737309194178205,0.9969718560741004
0.3974013064470321,0.9969718560741004
0.3974295249591706,0.9969718560741004
0.39745774747905127,0.9969718560741004
0.3974859740075279,0.9969718560741004
0.39751420454545455,0.9969718560741004
0.39754243909368564,0.9969718560741004
0.39757067765307574,0.9969718560741004
0.3975989202244796,0.9969718560741004
0.3976271668087525,0.9969718560741004
0.39765541740674953,0.9969718560741004
0.3976836720193264,0.9969718560741004
0.3977119306473389,0.9969718560741004
0.39774019329164295,0.9969718560741004
0.397768459953095,0.9969718560741004
0.39779673063255155,0.9969718560741004
0.3978250053308693,0.9969718560741004
0.3978532840489053,0.9969718560741004
0.3978815667875169,0.9969718560741004
0.3979098535475615,0.9969718560741004
0.3979381443298969,0.9969718560741004
0.3979664391353811,0.9969718560741004
0.39799473796487234,0.9969718560741004
0.3980230408192291,0.9969718560741004
0.39805134769931017,0.9969718560741004
0.3980796586059744,0.9969718560741004
0.3981079735400811,0.9969718560741004
0.39813629250248966,0.9969718560741004
0.3981646154940599,0.9969718560741004
0.3981929425156517,0.9969718560741004
0.3982212735681252,0.9969718560741004
0.398249608652341,0.9969718560741004
0.3982779477691596,0.9969718560741004
0.3983062909194421,0.9969718560741004
0.3983346381040495,0.9969718560741004
0.3983629893238434,0.9969718560741004
0.3983913445796854,0.9969718560741004
0.39841970387243736,0.9969718560741004
0.3984480672029615,0.9969718560741004
0.3984764345721202,0.9969718560741004
0.3985048059807761,0.9969718560741004
0.3985331814297921,0.9969718560741004
0.3985615609200313,0.9969718560741004
0.39858994445235724,0.9969718560741004
0.39861833202763336,0.9969718560741004
0.39864672364672366,0.9969718560741004
0.3986751193104922,0.9969718560741004
0.3987035190198034,0.9969718560741004
0.39873192277552183,0.9969718560741004
0.3987603305785124,0.9969718560741004
0.3987887424296402,0.9969718560741004
0.39881715832977055,0.9969718560741004
0.39884557827976913,0.9969718560741004
0.3988740022805017,0.9969718560741004
0.39890243033283446,0.9969718560741004
0.39893086243763365,0.9969718560741004
0.3989592985957659,0.9969718560741004
0.39898773880809807,0.9969718560741004
0.39901618307549724,0.9969718560741004
0.39904463139883073,0.9969718560741004
0.3990730837789661,0.9969718560741004
0.39910154021677124,0.9969718560741004
0.39913000071311416,0.9969718560741004
0.3991584652688632,0.9969718560741004
0.39918693388488696,0.9969718560741004
0.39921540656205423,0.9969718560741004
0.39924388330123406,0.9969718560741004
0.39927236410329575,0.9969718560741004
0.39930084896910895,0.9969718560741004
0.3993293378995434,0.9969718560741004
0.3993578308954691,0.9969718560741004
0.3993863279577565,0.9969718560741004
0.3994148290872761,0.9969718560741004
0.39944333428489864,0.9969718560741004
0.39947184355149523,0.9969718560741004
0.39950035688793717,0.9969718560741004
0.39952887429509604,0.9969718560741004
0.3995573957738435,0.9969718560741004
0.3995859213250518,0.9969718560741004
0.399614450949593,0.9969718560741004
0.39964298464833986,0.9969718560741004
0.3996715224221651,0.9969718560741004
0.3997000642719417,0.9969718560741004
0.39972861019854306,0.9969718560741004
0.39975716020284263,0.9969718560741004
0.3997857142857143,0.9969718560741004
0.399814272448032,0.9969718560741004
0.3998428346906701,0.9969718560741004
0.3998714010145031,0.9969718560741004
0.39989997142040584,0.9969718560741004
0.3999285459092533,0.9969718560741004
0.39995712448192083,0.9969718560741004
0.39998570713928394,0.9969718560741004
0.40001429388221843,0.9969718560741004
0.4000428847116003,0.9969718560741004
0.4000714796283059,0.9969718560741004
0.4001000786332118,0.9969718560741004
0.40012868172719473,0.9969718560741004
0.4001572889111318,0.9969718560741004
0.40018590018590017,0.9969718560741004
0.4002145155523775,0.9969718560741004
0.40024313501144165,0.9969718560741004
0.4002717585639705,0.9969718560741004
0.40022886568445143,0.9967937299608123
0.4002574923109935,0.9967937299608123
0.4002861230329042,0.9967937299608123
0.4003147578510623,0.9967937299608123
0.4003433967663471,0.9967937299608123
0.400372039779638,0.9967937299608123
0.4004006868918145,0.9967937299608123
0.4004293381037567,0.9967937299608123
0.40045799341634464,0.9967937299608123
0.40048665283045876,0.9967937299608123
0.4005153163469797,0.9967937299608123
0.40054398396678836,0.9967937299608123
0.40057265569076594,0.9967937299608123
0.4006013315197938,0.9967937299608123
0.40063001145475374,0.9967937299608123
0.40065869549652755,0.9967937299608123
0.40068738364599743,0.9967937299608123
0.40071607590404584,0.9967937299608123
0.4007447722715554,0.9967937299608123
0.40077347274940917,0.9967937299608123
0.40080217733849016,0.9967937299608123
0.400830886039682,0.9967937299608123
0.4008595988538682,0.9967937299608123
0.4008883157819328,0.9967937299608123
0.40091703682476,0.9967937299608123
0.40094576198323423,0.9967937299608123
0.4009744912582402,0.9967937299608123
0.40100322465066285,0.9967937299608123
0.4010319621613874,0.9967937299608123
0.4010607037912994,0.9967937299608123
0.4010894495412844,0.9967937299608123
0.40111819941222854,0.9967937299608123
0.40114695340501794,0.9967937299608123
0.4011757115205391,0.9967937299608123
0.4012044737596788,0.9967937299608123
0.401233240123324,0.9967937299608123
0.40126201061236194,0.9967937299608123
0.4012907852276802,0.9967937299608123
0.4013195639701664,0.9967937299608123
0.4013483468407086,0.9967937299608123
0.4013771338401951,0.9967937299608123
0.4014059249695144,0.9967937299608123
0.40143472022955523,0.9967937299608123
0.4014635196212067,0.9967937299608123
0.401492323145358,0.9967937299608123
0.40152113080289875,0.9967937299608123
0.4015499425947187,0.9967937299608123
0.40157875852170793,0.9967937299608123
0.4016075785847567,0.9967937299608123
0.4016364027847556,0.9967937299608123
0.40166523112259545,0.9967937299608123
0.4016940635991673,0.9967937299608123
0.4017229002153625,0.9967937299608123
0.40175174097207267,0.9967937299608123
0.40178058587018955,0.9967937299608123
0.4018094349106053,0.9967937299608123
0.4018382880942123,0.9967937299608123
0.40186714542190305,0.9967937299608123
0.4018960068945705,0.9967937299608123
0.4019248725131078,0.9967937299608123
0.4019537422784083,0.9967937299608123
0.40198261619136555,0.9967937299608123
0.4020114942528736,0.9967937299608123
0.4020403764638264,0.9967937299608123
0.40206926282511857,0.9967937299608123
0.4020981533376446,0.9967937299608123
0.40212704800229954,0.9967937299608123
0.40215594681997846,0.9967937299608123
0.4021848497915768,0.9967937299608123
0.4022137569179904,0.9967937299608123
0.402242668200115,0.9967937299608123
0.40227158363884696,0.9967937299608123
0.40230050323508265,0.9967937299608123
0.4023294269897189,0.9967937299608123
0.40235835490365257,0.9967937299608123
0.402387286977781,0.9967937299608123
0.4024162232130016,0.9967937299608123
0.40244516361021215,0.9967937299608123
0.4024741081703107,0.9967937299608123
0.4025030568941955,0.9967937299608123
0.40253200978276504,0.9967937299608123
0.4025609668369182,0.9967937299608123
0.40258992805755395,0.9967937299608123
0.4026188934455716,0.9967937299608123
0.4026478630018708,0.9967937299608123
0.4026768367273512,0.9967937299608123
0.40270581462291305,0.9967937299608123
0.40273479668945666,0.9967937299608123
0.40276378292788256,0.9967937299608123
0.40279277333909164,0.9967937299608123
0.40282176792398505,0.9967937299608123
0.4028507666834641,0.9967937299608123
0.4028797696184305,0.9967937299608123
0.40290877672978614,0.9967937299608123
0.40293778801843316,0.9967937299608123
0.40296680348527397,0.9967937299608123
0.4029958231312113,0.9967937299608123
0.403024846957148,0.9967937299608123
0.4030538749639873,0.9967937299608123
0.40308290715263273,0.9967937299608123
0.4031119435239879,0.9967937299608123
0.4031409840789568,0.9967937299608123
0.4031700288184438,0.9967937299608123
0.4031990777433533,0.9967937299608123
0.40322813085459,0.9967937299608123
0.403257188153059,0.9967937299608123
0.4032862496396656,0.9967937299608123
0.40331531531531534,0.9967937299608123
0.4033443851809139,0.9967937299608123
0.40337345923736756,0.9967937299608123
0.40340253748558247,0.9967937299608123
0.4034316199264653,0.9967937299608123
0.40346070656092287,0.9967937299608123
0.4034897973898623,0.9967937299608123
0.4035188924141909,0.9967937299608123
0.40354799163481647,0.9967937299608123
0.4035770950526468,0.9967937299608123
0.40360620266859,0.9967937299608123
0.40363531448355455,0.9967937299608123
0.40366443049844913,0.9967937299608123
0.40369355071418267,0.9967937299608123
0.4037226751316644,0.9967937299608123
0.40375180375180375,0.9967937299608123
0.4037809365755105,0.9967937299608123
0.40381007360369464,0.9967937299608123
0.40383921483726637,0.9967937299608123
0.40386836027713624,0.9967937299608123
0.4038975099242151,0.9967937299608123
0.4039266637794139,0.9967937299608123
0.403955821843644,0.9967937299608123
0.4039849841178169,0.9967937299608123
0.40401415060284457,0.9967937299608123
0.404043321299639,0.9967937299608123
0.40407249620911256,0.9967937299608123
0.40410167533217795,0.9967937299608123
0.40413085866974796,0.9967937299608123
0.4041600462227358,0.9967937299608123
0.4041892379920549,0.9967937299608123
0.4042184339786189,0.9967937299608123
0.40424763418334175,0.9967937299608123
0.4042768386071377,0.9967937299608123
0.4043060472509212,0.9967937299608123
0.40433526011560694,0.9967937299608123
0.40436447720211,0.9967937299608123
0.40439369851134555,0.9967937299608123
0.40442292404422925,0.9967937299608123
0.40448138778460424,0.9967937299608123
0.404510625993928,0.9967937299608123
0.4045398684305646,0.9967937299608123
0.40456911509543086,0.9967937299608123
0.404598365989444,0.9967937299608123
0.4046568804685805,0.9967937299608123
0.4046861440555395,0.9967937299608123
0.4047154118753164,0.9967937299608123
0.40474468392882973,0.9967937299608123
0.4047739602169982,0.9967937299608123
0.40480324074074076,0.9967937299608123
0.40483252550097665,0.9967937299608123
0.4048618144986254,0.9967937299608123
0.4049204052098408,0.9967937299608123
0.40494970692524784,0.9967937299608123
0.4049790128817484,0.9967937299608123
0.40500832308026347,0.9967937299608123
0.40503763752171396,0.9967937299608123
0.4050669562070214,0.9967937299608123
0.4050962791371073,0.9967937299608123
0.4051256063128936,0.9967937299608123
0.40515493773530264,0.9967937299608123
0.4051842734052567,0.9967937299608123
0.4052136133236785,0.9967937299608123
0.40524295749149103,0.9967937299608123
0.4052723059096176,0.9967937299608123
0.40530165857898165,0.9967937299608123
0.40533101550050704,0.9967937299608123
0.4053603766751177,0.9967937299608123
0.40538974210373807,0.9967937299608123
0.4054191117872926,0.9967937299608123
0.4054484857267063,0.9967937299608123
0.40547786392290414,0.9967937299608123
0.40550724637681157,0.9967937299608123
0.4055366330893543,0.9967937299608123
0.4055660240614582,0.9967937299608123
0.4055954192940494,0.9967937299608123
0.4056248187880545,0.9967937299608123
0.40565422254440014,0.9967937299608123
0.40568363056401335,0.9967937299608123
0.40571304284782134,0.9967937299608123
0.40574245939675174,0.9967937299608123
0.40577188021173227,0.9967937299608123
0.4058013052936911,0.9967937299608123
0.40583073464355646,0.9967937299608123
0.405860168262257,0.9967937299608123
0.40588960615072167,0.9967937299608123
0.40591904830987957,0.9967937299608123
0.40594849474066014,0.9967937299608123
0.405977945443993,0.9967937299608123
0.40600740042080824,0.9967937299608123
0.406036859672036,0.9967937299608123
0.4060663231986068,0.9967937299608123
0.4060957910014514,0.9967937299608123
0.4061252630815008,0.9967937299608123
0.40615473943968644,0.9967937299608123
0.40618422007693983,0.9967937299608123
0.4062137049941928,0.9967937299608123
0.4062431941923775,0.9967937299608123
0.4062726876724263,0.9967937299608123
0.4063021854352719,0.9967937299608123
0.4063316874818472,0.9967937299608123
0.40636119381308544,0.9967937299608123
0.4063907044299201,0.9967937299608123
0.4064202193332849,0.9967937299608123
0.40644973852411387,0.9967937299608123
0.40647926200334134,0.9967937299608123
0.4065087897719018,0.9967937299608123
0.40653832183073013,0.9967937299608123
0.4065678581807614,0.9967937299608123
0.40659739882293106,0.9967937299608123
0.4066269437581747,0.9967937299608123
0.40665649298742823,0.9967937299608123
0.40668604651162793,0.9967937299608123
0.40671560433171017,0.9967937299608123
0.4067451664486117,0.9967937299608123
0.4067747328632696,0.9967937299608123
0.4068043035766211,0.9967937299608123
0.4068338785896038,0.9967937299608123
0.4068634579031554,0.9967937299608123
0.4068930415182142,0.9967937299608123
0.40692262943571844,0.9967937299608123
0.40695222165660677,0.9967937299608123
0.40698181818181817,0.9967937299608123
0.4070114190122918,0.9967937299608123
0.40704102414896715,0.9967937299608123
0.4070706335927839,0.9967937299608123
0.4071002473446821,0.9967937299608123
0.40712986540560203,0.9967937299608123
0.4071594877764843,0.9967937299608123
0.40718911445826966,0.9967937299608123
0.4072187454518993,0.9967937299608123
0.40724838075831454,0.9967937299608123
0.40727802037845706,0.9967937299608123
0.4073076643132688,0.9967937299608123
0.40733731256369193,0.9967937299608123
0.407366965130669,0.9967937299608123
0.4073966220151427,0.9967937299608123
0.4074262832180561,0.9967937299608123
0.4074559487403524,0.9967937299608123
0.40748561858297533,0.9967937299608123
0.40751529274686865,0.9967937299608123
0.40754497123297645,0.9967937299608123
0.40757465404224325,0.9967937299608123
0.40760434117561367,0.9967937299608123
0.40763403263403264,0.9967937299608123
0.4076637284184454,0.9967937299608123
0.40769342852979745,0.9967937299608123
0.4077231329690346,0.9967937299608123
0.4077528417371029,0.9967937299608123
0.40778255483494863,0.9967937299608123
0.40781227226351846,0.9967937299608123
0.4078419940237592,0.9967937299608123
0.4078717201166181,0.9967937299608123
0.4079014505430425,0.9967937299608123
0.40793118530398015,0.9967937299608123
0.40796092440037907,0.9967937299608123
0.4079906678331875,0.9967937299608123
0.408020415603354,0.9967937299608123
0.40805016771182734,0.9967937299608123
0.40807992415955663,0.9967937299608123
0.4081096849474912,0.9967937299608123
0.40813945007658087,0.9967937299608123
0.40816921954777535,0.9967937299608123
0.4081989933620249,0.9967937299608123
0.40822877152028014,0.9967937299608123
0.40825855402349165,0.9967937299608123
0.4082883408726105,0.9967937299608123
0.4083181320685881,0.9967937299608123
0.4083479276123759,0.9967937299608123
0.4083777275049259,0.9967937299608123
0.4084075317471902,0.9967937299608123
0.40843734034012114,0.9967937299608123
0.40846715328467154,0.9967937299608123
0.4084969705817943,0.9967937299608123
0.4085267922324427,0.9967937299608123
0.4085566182375703,0.9967937299608123
0.4085864485981308,0.9967937299608123
0.4086162833150785,0.9967937299608123
0.4086461223893676,0.9967937299608123
0.4086759658219528,0.9967937299608123
0.40870581361378905,0.9967937299608123
0.4087356657658316,0.9967937299608123
0.4087655222790358,0.9967937299608123
0.40879538315435754,0.9967937299608123
0.40882524839275275,0.9967937299608123
0.40885511799517793,0.9967937299608123
0.4088849919625895,0.9967937299608123
0.4089148702959445,0.9967937299608123
0.4089447529961999,0.9967937299608123
0.4089746400643134,0.9967937299608123
0.4090045315012425,0.9967937299608123
0.4090344273079453,0.9967937299608123
0.40906432748538013,0.9967937299608123
0.40909423203450546,0.9967937299608123
0.40912414095628014,0.9967937299608123
0.4091540542516634,0.9967937299608123
0.4091839719216145,0.9967937299608123
0.40921389396709323,0.9967937299608123
0.40924382038905954,0.9967937299608123
0.40927375118847364,0.9967937299608123
0.4093036863662961,0.9967937299608123
0.40933362592348765,0.9967937299608123
0.4093635698610095,0.9967937299608123
0.40939351817982295,0.9967937299608123
0.40942347088088965,0.9967937299608123
0.4094534279651716,0.9967937299608123
0.4094833894336309,0.9967937299608123
0.40951335528723015,0.9967937299608123
0.40954332552693207,0.9967937299608123
0.40957330015369975,0.9967937299608123
0.40960327916849654,0.9967937299608123
0.40963326257228605,0.9967937299608123
0.4096632503660322,0.9967937299608123
0.40969324255069917,0.9967937299608123
0.40972323912725145,0.9967937299608123
0.4097532400966537,0.9967937299608123
0.4097832454598711,0.9967937299608123
0.40981325521786893,0.9967937299608123
0.4098432693716127,0.9967937299608123
0.4098732879220684,0.9967937299608123
0.40990331087020215,0.9967937299608123
0.4099333382169804,0.9967937299608123
0.40996336996336996,0.9967937299608123
0.40999340611033774,0.9967937299608123
0.4100234466588511,0.9967937299608123
0.41005349160987764,0.9967937299608123
0.41008354096438515,0.9967937299608123
0.41011359472334186,0.9967937299608123
0.4101436528877162,0.9967937299608123
0.41017371545847686,0.9967937299608123
0.4102037824365929,0.9967937299608123
0.4102338538230335,0.9967937299608123
0.41026392961876834,0.9967937299608123
0.4102940098247672,0.9967937299608123
0.4103240944420003,0.9967937299608123
0.410354183471438,0.9967937299608123
0.41038427691405105,0.9967937299608123
0.41041437477081044,0.9967937299608123
0.4104444770426874,0.9967937299608123
0.41047458373065354,0.9967937299608123
0.41050469483568075,0.9967937299608123
0.4105348103587411,0.9967937299608123
0.41056493030080704,0.9967937299608123
0.4105950546628513,0.9967937299608123
0.4106251834458468,0.9967937299608123
0.4106553166507669,0.9967937299608123
0.41068545427858505,0.9967937299608123
0.4107155963302752,0.9967937299608123
0.41074574280681153,0.9967937299608123
0.41077589370916834,0.9967937299608123
0.41080604903832035,0.9967937299608123
0.41083620879524263,0.9967937299608123
0.41086637298091044,0.9967937299608123
0.4108965415962993,0.9967937299608123
0.41092671464238506,0.9967937299608123
0.4109568921201439,0.9967937299608123
0.4109870740305523,0.9967937299608123
0.4110474511532246,0.9967937299608123
0.4110776463674429,0.9967937299608123
0.4111078460182192,0.9967937299608123
0.4111380501065315,0.9967937299608123
0.4111682586333578,0.9967937299608123
0.4111984715996767,0.9967937299608123
0.4112286890064668,0.9967937299608123
0.4112589108547071,0.9967937299608123
0.411289137145377,0.9967937299608123
0.41131936787945605,0.9967937299608123
0.4113496030579241,0.9967937299608123
0.41137984268176137,0.9967937299608123
0.41141008675194823,0.9967937299608123
0.4114403352694655,0.9967937299608123
0.41147058823529414,0.9967937299608123
0.41150084565041545,0.9967937299608123
0.4115311075158111,0.9967937299608123
0.41156137383246305,0.9967937299608123
0.41159164460135333,0.9967937299608123
0.4116219198234645,0.9967937299608123
0.4116521994997793,0.9967937299608123
0.4116824836312808,0.9967937299608123
0.4117127722189523,0.9967937299608123
0.4117430652637775,0.9967937299608123
0.41177336276674026,0.9967937299608123
0.4118036647288248,0.9967937299608123
0.4118339711510156,0.9967937299608123
0.4118642820342975,0.9967937299608123
0.4118945973796555,0.9967937299608123
0.41192491718807506,0.9967937299608123
0.4119552414605418,0.9967937299608123
0.41198557019804166,0.9967937299608123
0.4120159034015609,0.9967937299608123
0.412046241072086,0.9967937299608123
0.4120765832106038,0.9967937299608123
0.4121069298181015,0.9967937299608123
0.41213728089556634,0.9967937299608123
0.41216763644398613,0.9967937299608123
0.41219799646434885,0.9967937299608123
0.4122283609576427,0.9967937299608123
0.41225872992485635,0.9967937299608123
0.41228910336697855,0.9967937299608123
0.4123194812849985,0.9967937299608123
0.41234986367990567,0.9967937299608123
0.41238025055268973,0.9967937299608123
0.4124106419043408,0.9967937299608123
0.41244103773584906,0.9967937299608123
0.4124714380482052,0.9967937299608123
0.4125018428424001,0.9967937299608123
0.412532252119425,0.9967937299608123
0.4125626658802713,0.9967937299608123
0.4125930841259308,0.9967937299608123
0.4126235068573957,0.9967937299608123
0.41265393407565815,0.9967937299608123
0.4126843657817109,0.9967937299608123
0.4127148019765469,0.9967937299608123
0.4127452426611595,0.9967937299608123
0.412775687836542,0.9967937299608123
0.4128061375036884,0.9967937299608123
0.41283659166359277,0.9967937299608123
0.4128670503172495,0.9967937299608123
0.41289751346565334,0.9967937299608123
0.4129279811097993,0.9967937299608123
0.4129584532506826,0.9967937299608123
0.4129889298892989,0.9967937299608123
0.413019411026644,0.9967937299608123
0.4130498966637142,0.9967937299608123
0.4130803868015059,0.9967937299608123
0.4131108814410158,0.9967937299608123
0.41314138058324107,0.9967937299608123
0.413171884229179,0.9967937299608123
0.4132023923798272,0.9967937299608123
0.4132329050361837,0.9967937299608123
0.4132634221992467,0.9967937299608123
0.4132939438700148,0.9967937299608123
0.4133244700494867,0.9967937299608123
0.41335500073866155,0.9967937299608123
0.41338553593853883,0.9967937299608123
0.41341607565011823,0.9967937299608123
0.4134466198743997,0.9967937299608123
0.41347716861238365,0.9967937299608123
0.41350772186507057,0.9967937299608123
0.4135382796334614,0.9967937299608123
0.41356884191855736,0.9967937299608123
0.4135994087213599,0.9967937299608123
0.4136299800428709,0.9967937299608123
0.41366055588409223,0.9967937299608123
0.4136911362460265,0.9967937299608123
0.4137217211296762,0.9967937299608123
0.4137523105360444,0.9967937299608123
0.4137829044661343,0.9967937299608123
0.4138135029209495,0.9967937299608123
0.41384410590149384,0.9967937299608123
0.4138747134087715,0.9967937299608123
0.413905325443787,0.9967937299608123
0.4139359420075449,0.9967937299608123
0.41396656310105046,0.9967937299608123
0.4139971887253089,0.9967937299608123
0.41402781888132584,0.9967937299608123
0.4140584535701073,0.9967937299608123
0.4140890927926595,0.9967937299608123
0.4141197365499889,0.9967937299608123
0.4141503848431024,0.9967937299608123
0.4141810376730072,0.9967937299608123
0.4142116950407106,0.9967937299608123
0.4142423569472204,0.9967937299608123
0.41427302339354455,0.9967937299608123
0.4143036943806915,0.9967937299608123
0.41433436990966976,0.9967937299608123
0.4143650499814883,0.9967937299608123
0.4143957345971564,0.9967937299608123
0.41442642375768346,0.9967937299608123
0.41445711746407937,0.9967937299608123
0.41448781571735427,0.9967937299608123
0.4145185185185185,0.9967937299608123
0.41454922586858284,0.9967937299608123
0.4145799377685583,0.9967937299608123
0.4146106542194562,0.9967937299608123
0.4146413752222881,0.9967937299608123
0.41467210077806593,0.9967937299608123
0.41470283088780197,0.9967937299608123
0.41473356555250873,0.9967937299608123
0.4147643047731989,0.9967937299608123
0.4147950485508858,0.9967937299608123
0.41482579688658267,0.9967937299608123
0.41485654978130326,0.9967937299608123
0.4148873072360617,0.9967937299608123
0.4149180692518722,0.9967937299608123
0.4149488358297494,0.9967937299608123
0.4149796069707082,0.9967937299608123
0.41501038267576384,0.9967937299608123
0.4150411629459319,0.9967937299608123
0.41507194778222817,0.9967937299608123
0.4151027371856687,0.9967937299608123
0.41513353115727003,0.9967937299608123
0.41516432969804884,0.9967937299608123
0.4151951328090221,0.9967937299608123
0.41522594049120726,0.9967937299608123
0.41525675274562185,0.9967937299608123
0.41528756957328383,0.9967937299608123
0.4153183909752115,0.9967937299608123
0.4153492169524234,0.9967937299608123
0.41538004750593827,0.9967937299608123
0.4154108826367753,0.9967937299608123
0.41544172234595395,0.9967937299608123
0.415472566634494,0.9967937299608123
0.4155034155034155,0.9967937299608123
0.4155342689537388,0.9967937299608123
0.41556512698648446,0.9967937299608123
0.4155959896026736,0.9967937299608123
0.4156268568033274,0.9967937299608123
0.4156577285894674,0.9967937299608123
0.41568860496211557,0.9967937299608123
0.415719485922294,0.9967937299608123
0.4157503714710253,0.9967937299608123
0.41578126160933204,0.9967937299608123
0.4158121563382375,0.9967937299608123
0.41584305565876495,0.9967937299608123
0.4158739595719382,0.9967937299608123
0.41590486807878113,0.9967937299608123
0.4159357811803181,0.9967937299608123
0.41596669887757376,0.9967937299608123
0.415997621171573,0.9967937299608123
0.416028548063341,0.9967937299608123
0.4160594795539033,0.9967937299608123
0.41609041564428584,0.9967937299608123
0.41612135633551456,0.9967937299608123
0.41615230162861605,0.9967937299608123
0.416183251524617,0.9967937299608123
0.41621420602454445,0.9967937299608123
0.4162451651294258,0.9967937299608123
0.41627612884028864,0.9967937299608123
0.416307097158161,0.9967937299608123
0.41636904761904764,0.9967937299608123
0.41640002976411933,0.9967937299608123
0.4164310165203155,0.9967937299608123
0.4164620078886656,0.9967937299608123
0.41649300387019944,0.9967937299608123
0.4165240044659472,0.9967937299608123
0.4165550096769391,0.9967937299608123
0.41658601950420604,0.9967937299608123
0.416617033948779,0.9967937299608123
0.41667907669396875,0.9967937299608123
0.41671010499664907,0.9967937299608123
0.41674113792076256,0.9967937299608123
0.4167721754673419,0.9967937299608123
0.41680321763741995,0.9967937299608123
0.4168342644320298,0.9967937299608123
0.416865315852205,0.9967937299608123
0.4168963718989794,0.9967937299608123
0.416927432573387,0.9967937299608123
0.4169584978764623,0.9967937299608123
0.41698956780923996,0.9967937299608123
0.41702064237275505,0.9967937299608123
0.41705172156804293,0.9967937299608123
0.41708280539613923,0.9967937299608123
0.4171138938580799,0.9967937299608123
0.4171449869549012,0.9967937299608123
0.4171760846876398,0.9967937299608123
0.41720718705733245,0.9967937299608123
0.4172382940650164,0.9967937299608123
0.41726940571172916,0.9967937299608123
0.4173005219985086,0.9967937299608123
0.41733164292639274,0.9967937299608123
0.41736276849642007,0.9967937299608123
0.4173938987096293,0.9967937299608123
0.4174250335670595,0.9967937299608123
0.4174561730697501,0.9967937299608123
0.41748731721874066,0.9967937299608123
0.41751846601507125,0.9967937299608123
0.41754961945978214,0.9967937299608123
0.4175807775539139,0.9967937299608123
0.41761194029850746,0.9967937299608123
0.41764310769460405,0.9967937299608123
0.4176742797432453,0.9967937299608123
0.41770545644547286,0.9967937299608123
0.41773663780232906,0.9967937299608123
0.4177678238148563,0.9967937299608123
0.41779901448409734,0.9967937299608123
0.41783020981109537,0.9967937299608123
0.4178614097968937,0.9967937299608123
0.41789261444253606,0.9967937299608123
0.41792382374906645,0.9967937299608123
0.4179550377175293,0.9967937299608123
0.41798625634896924,0.9967937299608123
0.41801747964443114,0.9967937299608123
0.4180487076049604,0.9967937299608123
0.41807994023160255,0.9967937299608123
0.41811117752540344,0.9967937299608123
0.4181424194874094,0.9967937299608123
0.41817366611866685,0.9967937299608123
0.4182049174202227,0.9967937299608123
0.4182361733931241,0.9967937299608123
0.41826743403841843,0.9967937299608123
0.4182986993571535,0.9967937299608123
0.41832996935037753,0.9967937299608123
0.41836124401913877,0.9967937299608123
0.41839252336448596,0.9967937299608123
0.4184238073874682,0.9967937299608123
0.41845509608913484,0.9967937299608123
0.41848638947053546,0.9967937299608123
0.41851768753272006,0.9967937299608123
0.418548990276739,0.9967937299608123
0.41858029770364275,0.9967937299608123
0.41861160981448237,0.9967937299608123
0.418642926610309,0.9967937299608123
0.4186742480921742,0.9967937299608123
0.4187055742611298,0.9967937299608123
0.4187369051182281,0.9967937299608123
0.41876824066452145,0.9967937299608123
0.41879958090106273,0.9967937299608123
0.418830925828905,0.9967937299608123
0.4188622754491018,0.9967937299608123
0.4188936297627068,0.9967937299608123
0.41892498877077405,0.9967937299608123
0.41895635247435803,0.9967937299608123
0.4189877208745133,0.9967937299608123
0.41901909397229503,0.9967937299608123
0.4190504717687584,0.9967937299608123
0.4190818542649592,0.9967937299608123
0.4191132414619533,0.9967937299608123
0.41914463336079694,0.9967937299608123
0.4191760299625468,0.9967937299608123
0.41920743126825977,0.9967937299608123
0.4192388372789931,0.9967937299608123
0.4192702479958043,0.9967937299608123
0.4193016634197512,0.9967937299608123
0.4193330835518921,0.9967937299608123
0.4193645083932854,0.9967937299608123
0.41939593794498986,0.9967937299608123
0.41942737220806475,0.9967937299608123
0.4194588111835694,0.9967937299608123
0.4194902548725637,0.9967937299608123
0.41952170327610766,0.9967937299608123
0.41955315639526164,0.9967937299608123
0.41958461423108645,0.9967937299608123
0.4196160767846431,0.9967937299608123
0.4196475440569929,0.9967937299608123
0.41967901604919755,0.9967937299608123
0.41971049276231903,0.9967937299608123
0.41974197419741976,0.9967937299608123
0.41977346035556223,0.9967937299608123
0.4198049512378095,0.9967937299608123
0.4198364468452247,0.9967937299608123
0.41986794717887155,0.9967937299608123
0.4198994522398139,0.9967937299608123
0.419930962029116,0.9967937299608123
0.4199624765478424,0.9967937299608123
0.41999399579705793,0.9967937299608123
0.4200255197778278,0.9967937299608123
0.42005704849121756,0.9967937299608123
0.4200885819382929,0.9967937299608123
0.4201201201201201,0.9967937299608123
0.4201516630377656,0.9967937299608123
0.42018321069229614,0.9967937299608123
0.42021476308477884,0.9967937299608123
0.42024632021628117,0.9967937299608123
0.4202778820878708,0.9967937299608123
0.4203094487006159,0.9967937299608123
0.42034102005558477,0.9967937299608123
0.42037259615384615,0.9967937299608123
0.4204357625845229,0.9967937299608123
0.42046735291907733,0.9967937299608123
0.4204989480012023,0.9967937299608123
0.42053054783196814,0.9967937299608123
0.4205621524124455,0.9967937299608123
0.4205937617437054,0.9967937299608123
0.420625375826819,0.9967937299608123
0.420656994662858,0.9967937299608123
0.4206886182528943,0.9967937299608123
0.42072024659800017,0.9967937299608123
0.4207518796992481,0.9967937299608123
0.4207835175577111,0.9967937299608123
0.4208151601744623,0.9967937299608123
0.4208468075505753,0.9967937299608123
0.42087845968712395,0.9967937299608123
0.4209101165851824,0.9967937299608123
0.4209417782458252,0.9967937299608123
0.42097344467012715,0.9967937299608123
0.4210051158591634,0.9967937299608123
0.4210367918140095,0.9967937299608123
0.42106847253574115,0.9967937299608123
0.42110015802543455,0.9967937299608123
0.42113184828416617,0.9967937299608123
0.4211635433130127,0.9967937299608123
0.42119524311305134,0.9967937299608123
0.42122694768535945,0.9967937299608123
0.4212586570310147,0.9967937299608123
0.4212903711510954,0.9967937299608123
0.4213220900466797,0.9967937299608123
0.42135381371884645,0.9967937299608123
0.4213855421686747,0.9967937299608123
0.4214172753972438,0.9967937299608123
0.4214490134056334,0.9967937299608123
0.42148075619492353,0.9967937299608123
0.42151250376619465,0.9967937299608123
0.4215442561205273,0.9967937299608123
0.42157601325900257,0.9967937299608123
0.4216077751827017,0.9967937299608123
0.42163954189270647,0.9967937299608123
0.4216713133900987,0.9967937299608123
0.4217030896759608,0.9967937299608123
0.4217348707513754,0.9967937299608123
0.4217666566174254,0.9967937299608123
0.4217984472751941,0.9967937299608123
0.42183024272576514,0.9967937299608123
0.4218620429702224,0.9967937299608123
0.4218938480096502,0.9967937299608123
0.4219256578451331,0.9967937299608123
0.421957472477756,0.9967937299608123
0.4219892919086042,0.9967937299608123
0.4220211161387632,0.9967937299608123
0.42205294516931896,0.9967937299608123
0.42208477900135766,0.9967937299608123
0.4221166176359659,0.9967937299608123
0.42214846107423054,0.9967937299608123
0.42218030931723877,0.9967937299608123
0.42221216236607817,0.9967937299608123
0.42224402022183655,0.9967937299608123
0.4222758828856022,0.9967937299608123
0.4223077503584635,0.9967937299608123
0.4223396226415094,0.9967937299608123
0.4223714997358291,0.9967937299608123
0.42240338164251207,0.9967937299608123
0.42243526836264816,0.9967937299608123
0.42246715989732747,0.9967937299608123
0.4224990562476406,0.9967937299608123
0.42253095741467833,0.9967937299608123
0.4225628633995318,0.9967937299608123
0.42259477420329256,0.9967937299608123
0.4226266898270523,0.9967937299608123
0.4226586102719033,0.9967937299608123
0.422690535538938,0.9967937299608123
0.42272246562924914,0.9967937299608123
0.4227544005439299,0.9967937299608123
0.42278634028407375,0.9967937299608123
0.42281828485077444,0.9967937299608123
0.4228502342451262,0.9967937299608123
0.4228821884682234,0.9967937299608123
0.4229141475211608,0.9967937299608123
0.42294611140503363,0.9967937299608123
0.42297808012093724,0.9967937299608123
0.4230100536699675,0.9967937299608123
0.42304203205322044,0.9967937299608123
0.42307401527179256,0.9967937299608123
0.4231060033267806,0.9967937299608123
0.42313799621928166,0.9967937299608123
0.42316999395039323,0.9967937299608123
0.42320199652121304,0.9967937299608123
0.4232340039328392,0.9967937299608123
0.42326601618637016,0.9967937299608123
0.42329803328290466,0.9967937299608123
0.4233300552235419,0.9967937299608123
0.42336208200938114,0.9967937299608123
0.4233941136415223,0.9967937299608123
0.4234261501210654,0.9967937299608123
0.42345819144911084,0.9967937299608123
0.4234902376267595,0.9967937299608123
0.4235222886551124,0.9967937299608123
0.42355434453527097,0.9967937299608123
0.423586405268337,0.9967937299608123
0.42361847085541254,0.9967937299608123
0.4236505412976001,0.9967937299608123
0.4236826165960024,0.9967937299608123
0.4237146967517226,0.9967937299608123
0.423746781765864,0.9967937299608123
0.4237788716395305,0.9967937299608123
0.4238109663738261,0.9967937299608123
0.4238430659698553,0.9967937299608123
0.4238751704287229,0.9967937299608123
0.42390727975153397,0.9967937299608123
0.42393939393939395,0.9967937299608123
0.4239715129934086,0.9967937299608123
0.42400363691468407,0.9967937299608123
0.4240357657043267,0.9967937299608123
0.42406789936344347,0.9967937299608123
0.4241000378931413,0.9967937299608123
0.4241321812945278,0.9967937299608123
0.4241643295687107,0.9967937299608123
0.42419648271679805,0.9967937299608123
0.4242286407398984,0.9967937299608123
0.42426080363912055,0.9967937299608123
0.4242929714155736,0.9967937299608123
0.424325144070367,0.9967937299608123
0.4243573216046106,0.9967937299608123
0.42438950401941455,0.9967937299608123
0.42442169131588925,0.9967937299608123
0.4244538834951456,0.9967937299608123
0.4244860805582948,0.9967937299608123
0.4245182825064482,0.9967937299608123
0.4245504893407177,0.9967937299608123
0.42458270106221546,0.9967937299608123
0.424614917672054,0.9967937299608123
0.42464713917134617,0.9967937299608123
0.4246793655612051,0.9967937299608123
0.4247115968427444,0.9967937299608123
0.4247438330170778,0.9967937299608123
0.4247760740853196,0.9967937299608123
0.4248083200485842,0.9967937299608123
0.42484057090798666,0.9967937299608123
0.424872826664642,0.9967937299608123
0.4249050873196659,0.9967937299608123
0.4249373528741742,0.9967937299608123
0.4249696233292831,0.9967937299608123
0.4250018986861092,0.9967937299608123
0.4250341789457694,0.9967937299608123
0.42509875417806137,0.9967937299608123
0.42513104915292865,0.9967937299608123
0.42516334903510106,0.9967937299608123
0.42519565382569713,0.9967937299608123
0.42522796352583586,0.9967937299608123
0.4252602781366365,0.9967937299608123
0.42529259765921873,0.9967937299608123
0.42532492209470246,0.9967937299608123
0.42535725144420794,0.9967937299608123
0.42538958570885593,0.9967937299608123
0.4254219248897674,0.9967937299608123
0.42545426898806354,0.9967937299608123
0.4254866180048662,0.9967937299608123
0.42551897194129723,0.9967937299608123
0.42555133079847907,0.9967937299608123
0.4255836945775344,0.9967937299608123
0.42561606327958623,0.9967937299608123
0.425648436905758,0.9967937299608123
0.4256808154571733,0.9967937299608123
0.42571319893495624,0.9967937299608123
0.42574558734023127,0.9967937299608123
0.4257779806741231,0.9967937299608123
0.4258103789377568,0.9967937299608123
0.42584278213225785,0.9967937299608123
0.4258751902587519,0.9967937299608123
0.4259076033183652,0.9967937299608123
0.4259400213122241,0.9967937299608123
0.4259724442414554,0.9967937299608123
0.42600487210718635,0.9967937299608123
0.42606974265265724,0.9967937299608123
0.42610218533465316,0.9967937299608123
0.4261346329576607,0.9967937299608123
0.42616708552280863,0.9967937299608123
0.4261995430312262,0.9967937299608123
0.42623200548404294,0.9967937299608123
0.4262644728823888,0.9967937299608123
0.4262969452273939,0.9967937299608123
0.42632942252018896,0.9967937299608123
0.4263619047619048,0.9967937299608123
0.4263943919536727,0.9967937299608123
0.42642688409662427,0.9967937299608123
0.4264593811918915,0.9967937299608123
0.42649188324060666,0.9967937299608123
0.42652439024390243,0.9967937299608123
0.4265569022029118,0.9967937299608123
0.42658941911876813,0.9967937299608123
0.42662194099260503,0.9967937299608123
0.42665446782555655,0.9967937299608123
0.42668699961875717,0.9967937299608123
0.4267195363733415,0.9967937299608123
0.4267520780904446,0.9967937299608123
0.42678462477120194,0.9967937299608123
0.4268171764167493,0.9967937299608123
0.4268497330282227,0.9967937299608123
0.4268822946067587,0.9967937299608123
0.42691486115349403,0.9967937299608123
0.42694743266956586,0.9967937299608123
0.42698000915611173,0.9967937299608123
0.4270125906142694,0.9967937299608123
0.427045177045177,0.9967937299608123
0.4270777684499733,0.9967937299608123
0.427110364829797,0.9967937299608123
0.42714296618578734,0.9967937299608123
0.42717557251908395,0.9967937299608123
0.42720818383082676,0.9967937299608123
0.42724080012215604,0.9967937299608123
0.4272734213942124,0.9967937299608123
0.42730604764813684,0.9967937299608123
0.42733867888507066,0.9967937299608123
0.4273713151061555,0.9967937299608123
0.4274039563125334,0.9967937299608123
0.42743660250534676,0.9967937299608123
0.4274692536857383,0.9967937299608123
0.42750190985485104,0.9967937299608123
0.4275345710138284,0.9967937299608123
0.4275672371638142,0.9967937299608123
0.42759990830595246,0.9967937299608123
0.42763258444138774,0.9967937299608123
0.42766526557126483,0.9967937299608123
0.4276979516967288,0.9967937299608123
0.4277306428189253,0.9967937299608123
0.42776333893900015,0.9967937299608123
0.4277960400580995,0.9967937299608123
0.42782874617737005,0.9967937299608123
0.42786145729795855,0.9967937299608123
0.4278941734210124,0.9967937299608123
0.4279268945476791,0.9967937299608123
0.42795962067910676,0.9967937299608123
0.4279923518164436,0.9967937299608123
0.4280250879608383,0.9967937299608123
0.4280578291134399,0.9967937299608123
0.4280905752753978,0.9967937299608123
0.42812332644786166,0.9967937299608123
0.4281560826319816,0.9967937299608123
0.4281888438289081,0.9967937299608123
0.42822161003979187,0.9967937299608123
0.428254381265784,0.9967937299608123
0.42828715750803614,0.9967937299608123
0.42831993876769997,0.9967937299608123
0.42835272504592775,0.9967937299608123
0.428385516343872,0.9967937299608123
0.42841831266268565,0.9967937299608123
0.4284511140035219,0.9967937299608123
0.42848392036753447,0.9967937299608123
0.4285167317558772,0.9967937299608123
0.4285495481697044,0.9967937299608123
0.42858236961017077,0.9967937299608123
0.42861519607843135,0.9967937299608123
0.4286480275756415,0.9967937299608123
0.42868086410295697,0.9967937299608123
0.4287137056615338,0.9967937299608123
0.42874655225252833,0.9967937299608123
0.42877940387709756,0.9967937299608123
0.4288122605363985,0.9967937299608123
0.4288451222315886,0.9967937299608123
0.4288779889638259,0.9967937299608123
0.42891086073426843,0.9967937299608123
0.42894373754407483,0.9967937299608123
0.428976619394404,0.9967937299608123
0.4290095062864152,0.9967937299608123
0.4290423982212681,0.9967937299608123
0.42907529520012266,0.9967937299608123
0.42910819722413923,0.9967937299608123
0.42914110429447855,0.9967937299608123
0.4291740164123016,0.9967937299608123
0.42920693357876977,0.9967937299608123
0.42923985579504487,0.9967937299608123
0.42927278306228905,0.9967937299608123
0.42930571538166473,0.9967937299608123
0.4293386527543348,0.9967937299608123
0.42937159518146245,0.9967937299608123
0.4294045426642112,0.9967937299608123
0.4294374952037449,0.9967937299608123
0.4294704528012279,0.9967937299608123
0.42950341545782483,0.9967937299608123
0.42953638317470066,0.9967937299608123
0.42956935595302065,0.9967937299608123
0.4296023337939506,0.9967937299608123
0.42963531669865646,0.9967937299608123
0.4296683046683047,0.9967937299608123
0.42970129770406207,0.9967937299608123
0.4297342958070957,0.9967937299608123
0.4297672989785731,0.9967937299608123
0.42980030721966206,0.9967937299608123
0.42983332053153084,0.9967937299608123
0.429866338915348,0.9967937299608123
0.4298993623722824,0.9967937299608123
0.4299323909035034,0.9967937299608123
0.42996542451018055,0.9967937299608123
0.42999846319348395,0.9967937299608123
0.43003150695458386,0.9967937299608123
0.4300645557946511,0.9967937299608123
0.43009760971485667,0.9967937299608123
0.430130668716372,0.9967937299608123
0.43016373280036896,0.9967937299608123
0.4301968019680197,0.9967937299608123
0.43022987622049663,0.9967937299608123
0.43026295555897276,0.9967937299608123
0.4302960399846213,0.9967937299608123
0.4303291294986158,0.9967937299608123
0.43036222410213026,0.9967937299608123
0.43039532379633905,0.9967937299608123
0.43042842858241676,0.9967937299608123
0.43046153846153845,0.9967937299608123
0.4304946534348796,0.9967937299608123
0.43052777350361593,0.9967937299608123
0.4305608986689236,0.9967937299608123
0.43059402893197907,0.9967937299608123
0.4306271642939592,0.9967937299608123
0.4306603047560412,0.9967937299608123
0.43069345031940276,0.9967937299608123
0.4307266009852217,0.9967937299608123
0.4307597567546763,0.9967937299608123
0.43079291762894534,0.9967937299608123
0.43082608360920777,0.9967937299608123
0.43085925469664305,0.9967937299608123
0.4308924308924309,0.9967937299608123
0.43092561219775144,0.9967937299608123
0.4309587986137851,0.9967937299608123
0.43099199014171286,0.9967937299608123
0.43102518678271584,0.9967937299608123
0.4310583885379757,0.9967937299608123
0.4310915954086742,0.9967937299608123
0.43112480739599385,0.9967937299608123
0.4311580245011172,0.9967937299608123
0.4311912467252273,0.9967937299608123
0.4312244740695076,0.9967937299608123
0.4312577065351418,0.9967937299608123
0.4312909441233141,0.9967937299608123
0.4313241868352089,0.9967937299608123
0.4313574346720111,0.9967937299608123
0.43139068763490596,0.9967937299608123
0.431423945725079,0.9967937299608123
0.43145720894371625,0.9967937299608123
0.431490477292004,0.9967937299608123
0.4315237507711289,0.9967937299608123
0.4315570293822781,0.9967937299608123
0.4315903131266389,0.9967937299608123
0.4316236020053992,0.9967937299608123
0.431656896019747,0.9967937299608123
0.4316901951708709,0.9967937299608123
0.43172349945995986,0.9967937299608123
0.43175680888820306,0.9967937299608123
0.43179012345679013,0.9967937299608123
0.431823443166911,0.9967937299608123
0.43185676801975614,0.9967937299608123
0.4318900980165162,0.9967937299608123
0.4319234331583822,0.9967937299608123
0.43195677344654576,0.9967937299608123
0.43199011888219857,0.9967937299608123
0.43202346946653286,0.9967937299608123
0.4320901860860165,0.9967937299608123
0.43212355212355213,0.9967937299608123
0.43215692331454164,0.9967937299608123
0.4321902996601792,0.9967937299608123
0.43222368116165905,0.9967937299608123
0.4322570678201761,0.9967937299608123
0.4322904596369255,0.9967937299608123
0.4323238566131026,0.9967937299608123
0.43235725874990344,0.9967937299608123
0.43239066604852416,0.9967937299608123
0.4324240785101615,0.9967937299608123
0.43245749613601236,0.9967937299608123
0.43249091892727415,0.9967937299608123
0.4325243468851445,0.9967937299608123
0.4325577800108217,0.9967937299608123
0.432591218305504,0.9967937299608123
0.43262466177039044,0.9967937299608123
0.43265811040668006,0.9967937299608123
0.4326915642155726,0.9967937299608123
0.4327250231982679,0.9967937299608123
0.4327584873559663,0.9967937299608123
0.43279195668986853,0.9967937299608123
0.43282543120117567,0.9967937299608123
0.43285891089108913,0.9967937299608123
0.43289239576081073,0.9967937299608123
0.4329258858115426,0.9967937299608123
0.43295938104448745,0.9967937299608123
0.432992881460848,0.9967937299608123
0.4330263870618277,0.9967937299608123
0.43305989784863025,0.9967937299608123
0.4330934138224596,0.9967937299608123
0.43312693498452015,0.9967937299608123
0.4331604613360167,0.9967937299608123
0.4331939928781545,0.9967937299608123
0.43322752961213906,0.9967937299608123
0.4332610715391762,0.9967937299608123
0.4332946186604723,0.9967937299608123
0.43332817097723403,0.9967937299608123
0.43336172849066834,0.9967937299608123
0.43339529120198267,0.9967937299608123
0.43342885911238477,0.9967937299608123
0.4334624322230829,0.9967937299608123
0.43349601053528547,0.9967937299608123
0.4335295940502014,0.9967937299608123
0.43356318276904005,0.9967937299608123
0.433596776693011,0.9967937299608123
0.4336303758233243,0.9967937299608123
0.43366398016119034,0.9967937299608123
0.4336975897078199,0.9967937299608123
0.43373120446442415,0.9967937299608123
0.43376482443221454,0.9967937299608123
0.4337984496124031,0.9967937299608123
0.43383208000620205,0.9967937299608123
0.433865715614824,0.9967937299608123
0.4338993564394821,0.9967937299608123
0.43393300248138955,0.9967937299608123
0.43396665374176036,0.9967937299608123
0.43400031022180857,0.9967937299608123
0.4340339719227488,0.9967937299608123
0.43406763884579586,0.9967937299608123
0.4341013109921651,0.9967937299608123
0.4341349883630721,0.9967937299608123
0.4341686709597331,0.9967937299608123
0.4342023587833644,0.9967937299608123
0.43423605183518277,0.9967937299608123
0.4342697501164054,0.9967937299608123
0.4343034536282499,0.9967937299608123
0.4343371623719342,0.9967937299608123
0.43437087634867655,0.9967937299608123
0.434195201490799,0.9960812255076594
0.4342289175337785,0.9960812255076594
0.4342626388133882,0.9960812255076594
0.4342963653308481,0.9960812255076594
0.43433009708737863,0.9960812255076594
0.4343638340842007,0.9960812255076594
0.43439757632253556,0.9960812255076594
0.4344313238036047,0.9960812255076594
0.43446507652863026,0.9960812255076594
0.4344988344988345,0.9960812255076594
0.4345325977154402,0.9960812255076594
0.4345663661796705,0.9960812255076594
0.43460013989274887,0.9960812255076594
0.43463391885589925,0.9960812255076594
0.4346677030703459,0.9960812255076594
0.43470149253731344,0.9960812255076594
0.4347352872580269,0.9960812255076594
0.4347690872337117,0.9960812255076594
0.43480289246559367,0.9960812255076594
0.4348367029548989,0.9960812255076594
0.43487051870285404,0.9960812255076594
0.4349043397106859,0.9960812255076594
0.434938165979622,0.9960812255076594
0.43497199751088983,0.9960812255076594
0.4350058343057176,0.9960812255076594
0.43503967636533375,0.9960812255076594
0.4350735236909671,0.9960812255076594
0.4351073762838469,0.9960812255076594
0.4351412341452027,0.9960812255076594
0.4351750972762646,0.9960812255076594
0.4352089656782629,0.9960812255076594
0.4352428393524284,0.9960812255076594
0.4352767182999922,0.9960812255076594
0.4353106025221859,0.9960812255076594
0.43534449202024134,0.9960812255076594
0.43537838679539087,0.9960812255076594
0.43541228684886707,0.9960812255076594
0.4354461921819031,0.9960812255076594
0.4354801027957324,0.9960812255076594
0.4355140186915888,0.9960812255076594
0.43554793987070645,0.9960812255076594
0.43558186633432,0.9960812255076594
0.4356157980836644,0.9960812255076594
0.43564973511997507,0.9960812255076594
0.4356836774444877,0.9960812255076594
0.4356397070282063,0.9959030993943712
0.43567365386113927,0.9959030993943712
0.4357076059850374,0.9959030993943712
0.43574156340113784,0.9959030993943712
0.4357755261106781,0.9959030993943712
0.43580949411489595,0.9959030993943712
0.4358434674150296,0.9959030993943712
0.43587744601231776,0.9959030993943712
0.43591142990799936,0.9959030993943712
0.43594541910331386,0.9959030993943712
0.43597941359950093,0.9959030993943712
0.4360134133978008,0.9959030993943712
0.43604741849945405,0.9959030993943712
0.43608142890570156,0.9959030993943712
0.43611544461778473,0.9959030993943712
0.4361494656369452,0.9959030993943712
0.436183491964425,0.9959030993943712
0.4362175236014668,0.9959030993943712
0.43625156054931336,0.9959030993943712
0.436285602809208,0.9959030993943712
0.43631965038239423,0.9959030993943712
0.4363537032701163,0.9959030993943712
0.43638776147361846,0.9959030993943712
0.43642182499414567,0.9959030993943712
0.43645589383294303,0.9959030993943712
0.43648996799125617,0.9959030993943712
0.436524047470331,0.9959030993943712
0.43655813227141405,0.9959030993943712
0.436592222395752,0.9959030993943712
0.43662631784459194,0.9959030993943712
0.4366604186191815,0.9959030993943712
0.4366945247207686,0.9959030993943712
0.4367286361506015,0.9959030993943712
0.4367627529099289,0.9959030993943712
0.436796875,0.9959030993943712
0.43683100242206424,0.9959030993943712
0.43686513517737147,0.9959030993943712
0.436899273267172,0.9959030993943712
0.43693341669271646,0.9959030993943712
0.43696756545525595,0.9959030993943712
0.4370017195560419,0.9959030993943712
0.4370358789963261,0.9959030993943712
0.43707004377736086,0.9959030993943712
0.4371042139003987,0.9959030993943712
0.43713838936669275,0.9959030993943712
0.4371725701774963,0.9959030993943712
0.4372067563340632,0.9959030993943712
0.4372409478376476,0.9959030993943712
0.4372751446895041,0.9959030993943712
0.43730934689088774,0.9959030993943712
0.43734355444305384,0.9959030993943712
0.4373777673472581,0.9959030993943712
0.4374119856047567,0.9959030993943712
0.4374462092168062,0.9959030993943712
0.43748043818466353,0.9959030993943712
0.43751467250958603,0.9959030993943712
0.43754891219283143,0.9959030993943712
0.4375831572356578,0.9959030993943712
0.4376174076393237,0.9959030993943712
0.43765166340508804,0.9959030993943712
0.4376859245342101,0.9959030993943712
0.43772019102794957,0.9959030993943712
0.43775446288756653,0.9959030993943712
0.4377887401143215,0.9959030993943712
0.4378230227094753,0.9959030993943712
0.4378573106742893,0.9959030993943712
0.4378916040100251,0.9959030993943712
0.4379259027179447,0.9959030993943712
0.4379602067993107,0.9959030993943712
0.4379945162553858,0.9959030993943712
0.4380288310874334,0.9959030993943712
0.4380631512967171,0.9959030993943712
0.43809747688450085,0.9959030993943712
0.4381318078520492,0.9959030993943712
0.43816614420062694,0.9959030993943712
0.43820048593149935,0.9959030993943712
0.43823483304593197,0.9959030993943712
0.4382691855451909,0.9959030993943712
0.4383035434305425,0.9959030993943712
0.4383379067032536,0.9959030993943712
0.4383722753645915,0.9959030993943712
0.43840664941582375,0.9959030993943712
0.43844102885821834,0.9959030993943712
0.43847541369304366,0.9959030993943712
0.43850980392156863,0.9959030993943712
0.43854419954506235,0.9959030993943712
0.4385786005647945,0.9959030993943712
0.438613006982035,0.9959030993943712
0.4386474187980543,0.9959030993943712
0.4386818360141232,0.9959030993943712
0.43871625863151287,0.9959030993943712
0.4387506866514949,0.9959030993943712
0.4387851200753414,0.9959030993943712
0.4388195589043246,0.9959030993943712
0.43885400313971745,0.9959030993943712
0.438888452782793,0.9959030993943712
0.43892290783482496,0.9959030993943712
0.4389573682970872,0.9959030993943712
0.43899183417085424,0.9959030993943712
0.43902630545740085,0.9959030993943712
0.4390607821580022,0.9959030993943712
0.43909526427393386,0.9959030993943712
0.4391297518064719,0.9959030993943712
0.43916424475689264,0.9959030993943712
0.4391987431264729,0.9959030993943712
0.4392332469164899,0.9959030993943712
0.4392677561282212,0.9959030993943712
0.4393022707629449,0.9959030993943712
0.4393367908219393,0.9959030993943712
0.4393713163064833,0.9959030993943712
0.439405847217856,0.9959030993943712
0.4394403835573371,0.9959030993943712
0.4394749253262066,0.9959030993943712
0.43950947252574485,0.9959030993943712
0.43954402515723273,0.9959030993943712
0.4395785832219514,0.9959030993943712
0.43961314672118257,0.9959030993943712
0.43964771565620825,0.9959030993943712
0.4396822900283108,0.9959030993943712
0.4397168698387731,0.9959030993943712
0.4397514550888784,0.9959030993943712
0.4397860457799103,0.9959030993943712
0.4398206419131529,0.9959030993943712
0.43985524348989063,0.9959030993943712
0.43988985051140833,0.9959030993943712
0.4399244629789913,0.9959030993943712
0.4399590808939251,0.9959030993943712
0.43999370425749584,0.9959030993943712
0.4400283330709901,0.9959030993943712
0.4400629673356946,0.9959030993943712
0.44009760705289674,0.9959030993943712
0.44013225222388414,0.9959030993943712
0.44016690284994486,0.9959030993943712
0.4402015589323675,0.9959030993943712
0.44023622047244093,0.9959030993943712
0.44027088747145443,0.9959030993943712
0.44030555993069775,0.9959030993943712
0.440340237851461,0.9959030993943712
0.44040961008270973,0.9959030993943712
0.44044430439577753,0.9959030993943712
0.4404790041755298,0.9959030993943712
0.44051370942325874,0.9959030993943712
0.44054842014025686,0.9959030993943712
0.4405831363278172,0.9959030993943712
0.440617857987233,0.9959030993943712
0.4406525851197982,0.9959030993943712
0.44068731772680697,0.9959030993943712
0.4407220558095538,0.9959030993943712
0.4407567993693339,0.9959030993943712
0.44079154840744245,0.9959030993943712
0.44082630292517544,0.9959030993943712
0.44086106292382904,0.9959030993943712
0.44089582840469993,0.9959030993943712
0.4409305993690852,0.9959030993943712
0.4409653758182822,0.9959030993943712
0.4410001577535889,0.9959030993943712
0.44103494517630354,0.9959030993943712
0.4410697380877248,0.9959030993943712
0.4411045364891519,0.9959030993943712
0.4411393403818842,0.9959030993943712
0.44117414976722163,0.9959030993943712
0.44120896464646464,0.9959030993943712
0.4412437850209139,0.9959030993943712
0.44127861089187054,0.9959030993943712
0.4413134422606362,0.9959030993943712
0.44134827912851277,0.9959030993943712
0.4413831214968027,0.9959030993943712
0.44141796936680877,0.9959030993943712
0.4414528227398342,0.9959030993943712
0.44148768161718255,0.9959030993943712
0.44152254600015794,0.9959030993943712
0.44155741589006475,0.9959030993943712
0.44159229128820787,0.9959030993943712
0.4416271721958926,0.9959030993943712
0.44166205861442454,0.9959030993943712
0.4416969505451098,0.9959030993943712
0.44173184798925497,0.9959030993943712
0.44176675094816686,0.9959030993943712
0.4418016594231529,0.9959030993943712
0.4418365734155208,0.9959030993943712
0.4418714929265787,0.9959030993943712
0.44190641795763513,0.9959030993943712
0.4419413485099992,0.9959030993943712
0.44197628458498023,0.9959030993943712
0.44201122618388805,0.9959030993943712
0.44204617330803286,0.9959030993943712
0.4420811259587254,0.9959030993943712
0.4421160841372766,0.9959030993943712
0.44215104784499804,0.9959030993943712
0.44218601708320154,0.9959030993943712
0.4422209918531994,0.9959030993943712
0.44225597215630436,0.9959030993943712
0.4422909579938296,0.9959030993943712
0.44232594936708863,0.9959030993943712
0.44236094627739536,0.9959030993943712
0.44239594872606425,0.9959030993943712
0.4424309567144101,0.9959030993943712
0.442465970243748,0.9959030993943712
0.4425009893153937,0.9959030993943712
0.4425360139306633,0.9959030993943712
0.4425710440908731,0.9959030993943712
0.44260607979734007,0.9959030993943712
0.44264112105138154,0.9959030993943712
0.44267616785431513,0.9959030993943712
0.442711220207459,0.9959030993943712
0.4427462781121318,0.9959030993943712
0.4427813415696523,0.9959030993943712
0.4428164105813401,0.9959030993943712
0.44285148514851486,0.9959030993943712
0.4428865652724968,0.9959030993943712
0.44292165095460667,0.9959030993943712
0.44295674219616543,0.9959030993943712
0.4429918389984946,0.9959030993943712
0.443026941362916,0.9959030993943712
0.44306204929075205,0.9959030993943712
0.4430971627833254,0.9959030993943712
0.44313228184195924,0.9959030993943712
0.4431674064679772,0.9959030993943712
0.44320253666270315,0.9959030993943712
0.44323767242746154,0.9959030993943712
0.44327281376357724,0.9959030993943712
0.4433079606723755,0.9959030993943712
0.443343113155182,0.9959030993943712
0.44337827121332274,0.9959030993943712
0.44341343484812434,0.9959030993943712
0.4434486040609137,0.9959030993943712
0.44348377885301815,0.9959030993943712
0.4435189592257655,0.9959030993943712
0.4435541451804839,0.9959030993943712
0.44358933671850204,0.9959030993943712
0.4436245338411489,0.9959030993943712
0.443659736549754,0.9959030993943712
0.44369494484564714,0.9959030993943712
0.44373015873015875,0.9959030993943712
0.4437653782046194,0.9959030993943712
0.44380060327036036,0.9959030993943712
0.4438358339287132,0.9959030993943712
0.44387107018100985,0.9959030993943712
0.4439063120285828,0.9959030993943712
0.4439415594727648,0.9959030993943712
0.44397681251488924,0.9959030993943712
0.4440120711562897,0.9959030993943712
0.4440473353983004,0.9959030993943712
0.44408260524225573,0.9959030993943712
0.4441178806894908,0.9959030993943712
0.44415316174134095,0.9959030993943712
0.44418844839914196,0.9959030993943712
0.4442237406642301,0.9959030993943712
0.444259038537942,0.9959030993943712
0.4442943420216148,0.9959030993943712
0.44432965111658584,0.9959030993943712
0.44436496582419327,0.9959030993943712
0.44440028614577537,0.9959030993943712
0.4444356120826709,0.9959030993943712
0.4444709436362191,0.9959030993943712
0.44450628080775956,0.9959030993943712
0.4445416235986324,0.9959030993943712
0.4445769720101781,0.9959030993943712
0.44461232604373757,0.9959030993943712
0.44464768570065216,0.9959030993943712
0.4446830509822636,0.9959030993943712
0.4447184218899141,0.9959030993943712
0.4447537984249463,0.9959030993943712
0.44478918058870326,0.9959030993943712
0.44482456838252843,0.9959030993943712
0.44485996180776577,0.9959030993943712
0.44489536086575954,0.9959030993943712
0.44493076555785455,0.9959030993943712
0.44496617588539594,0.9959030993943712
0.44500159184972937,0.9959030993943712
0.4450370134522009,0.9959030993943712
0.44507244069415697,0.9959030993943712
0.44510787357694453,0.9959030993943712
0.4451433121019108,0.9959030993943712
0.4451787562704037,0.9959030993943712
0.4452142060837713,0.9959030993943712
0.44524966154336226,0.9959030993943712
0.44528512265052567,0.9959030993943712
0.4453205894066109,0.9959030993943712
0.445356061812968,0.9959030993943712
0.4453915398709472,0.9959030993943712
0.4454270235818993,0.9959030993943712
0.44546251294717554,0.9959030993943712
0.4454980079681275,0.9959030993943712
0.44553350864610725,0.9959030993943712
0.4455690149824673,0.9959030993943712
0.4456045269785606,0.9959030993943712
0.4456400446357405,0.9959030993943712
0.4456755679553607,0.9959030993943712
0.44571109693877553,0.9959030993943712
0.44574663158733957,0.9959030993943712
0.44578217190240793,0.9959030993943712
0.4458177178853361,0.9959030993943712
0.44585326953748006,0.9959030993943712
0.4458888268601962,0.9959030993943712
0.4459243898548413,0.9959030993943712
0.4459599585227726,0.9959030993943712
0.4459955328653478,0.9959030993943712
0.446031112883925,0.9959030993943712
0.44606669857986275,0.9959030993943712
0.44610228995452006,0.9959030993943712
0.44613788700925633,0.9959030993943712
0.4461734897454313,0.9959030993943712
0.4462090981644054,0.9959030993943712
0.4462447122675393,0.9959030993943712
0.4462803320561941,0.9959030993943712
0.4463159575317315,0.9959030993943712
0.44635158869551333,0.9959030993943712
0.4463872255489022,0.9959030993943712
0.4464228680932609,0.9959030993943712
0.44645851632995287,0.9959030993943712
0.44649417026034177,0.9959030993943712
0.4465298298857919,0.9959030993943712
0.44656549520766775,0.9959030993943712
0.4466011662273345,0.9959030993943712
0.4466368429461575,0.9959030993943712
0.4466725253655029,0.9959030993943712
0.44670821348673695,0.9959030993943712
0.44674390731122654,0.9959030993943712
0.4467796068403388,0.9959030993943712
0.44681531207544156,0.9959030993943712
0.4468510230179028,0.9959030993943712
0.4468867396690912,0.9959030993943712
0.4469224620303757,0.9959030993943712
0.44695819010312576,0.9959030993943712
0.44699392388871123,0.9959030993943712
0.4470296633885024,0.9959030993943712
0.4470654086038701,0.9959030993943712
0.4471011595361855,0.9959030993943712
0.4471369161868202,0.9959030993943712
0.44717267855714626,0.9959030993943712
0.447244220462363,0.9959030993943712
0.44728,0.9959030993943712
0.447315785262821,0.9959030993943712
0.44735157625220034,0.9959030993943712
0.4473873729695127,0.9959030993943712
0.4474231754161332,0.9959030993943712
0.4474589835934374,0.9959030993943712
0.44749479750280136,0.9959030993943712
0.44753061714560155,0.9959030993943712
0.44756644252321487,0.9959030993943712
0.44760227363701865,0.9959030993943712
0.4476381104883907,0.9959030993943712
0.4476739530787093,0.9959030993943712
0.44770980140935296,0.9959030993943712
0.447745655481701,0.9959030993943712
0.4477815152971328,0.9959030993943712
0.44781738085702844,0.9959030993943712
0.44785325216276833,0.9959030993943712
0.4478891292157334,0.9959030993943712
0.44792501201730495,0.9959030993943712
0.4479609005688647,0.9959030993943712
0.4479967948717949,0.9959030993943712
0.44803269492747816,0.9959030993943712
0.44806860073729765,0.9959030993943712
0.44810451230263687,0.9959030993943712
0.44814042962487977,0.9959030993943712
0.44817635270541084,0.9959030993943712
0.4482122815456149,0.9959030993943712
0.44824821614687727,0.9959030993943712
0.44828415651058373,0.9959030993943712
0.44832010263812044,0.9959030993943712
0.44835605453087407,0.9959030993943712
0.4483920121902318,0.9959030993943712
0.448427975617581,0.9959030993943712
0.4484639448143098,0.9959030993943712
0.44849991978180653,0.9959030993943712
0.4485359005214601,0.9959030993943712
0.44857188703465983,0.9959030993943712
0.4486078793227955,0.9959030993943712
0.44864387738725725,0.9959030993943712
0.44867988122943586,0.9959030993943712
0.44871589085072233,0.9959030993943712
0.4487519062525082,0.9959030993943712
0.44878792743618556,0.9959030993943712
0.4488239544031468,0.9959030993943712
0.44885998715478487,0.9959030993943712
0.448896025692493,0.9959030993943712
0.448932070017665,0.9959030993943712
0.4489681201316952,0.9959030993943712
0.44900417603597814,0.9959030993943712
0.4490402377319091,0.9959030993943712
0.44907630522088354,0.9959030993943712
0.4491123785042975,0.9959030993943712
0.44914845758354754,0.9959030993943712
0.44918454246003053,0.9959030993943712
0.4492206331351438,0.9959030993943712
0.44925672961028523,0.9959030993943712
0.4492928318868531,0.9959030993943712
0.44932893996624607,0.9959030993943712
0.44936505384986336,0.9959030993943712
0.4494011735391046,0.9959030993943712
0.4494372990353698,0.9959030993943712
0.4494734303400595,0.9959030993943712
0.4495095674545747,0.9959030993943712
0.4495457103803168,0.9959030993943712
0.4495818591186877,0.9959030993943712
0.44961801367108967,0.9959030993943712
0.44965417403892555,0.9959030993943712
0.4496903402235985,0.9959030993943712
0.4497265122265122,0.9959030993943712
0.4497626900490709,0.9959030993943712
0.449798873692679,0.9959030993943712
0.44983506315874167,0.9959030993943712
0.4498712584486643,0.9959030993943712
0.4499074595638529,0.9959030993943712
0.4499436665057138,0.9959030993943712
0.4499798792756539,0.9959030993943712
0.4500160978750805,0.9959030993943712
0.45005232230540126,0.9959030993943712
0.4500885525680245,0.9959030993943712
0.45012478866435873,0.9959030993943712
0.4501610305958132,0.9959030993943712
0.4501972783637974,0.9959030993943712
0.4502335319697214,0.9959030993943712
0.45026979141499557,0.9959030993943712
0.4503060567010309,0.9959030993943712
0.45034232782923883,0.9959030993943712
0.4503786048010311,0.9959030993943712
0.45041488761782,0.9959030993943712
0.4504511762810184,0.9959030993943712
0.4504874707920393,0.9959030993943712
0.4505237711522965,0.9959030993943712
0.45056007736320414,0.9959030993943712
0.45059638942617664,0.9959030993943712
0.45063270734262917,0.9959030993943712
0.4506690311139771,0.9959030993943712
0.4507053607416364,0.9959030993943712
0.45074169622702354,0.9959030993943712
0.45077803757155527,0.9959030993943712
0.4508143847766489,0.9959030993943712
0.45085073784372226,0.9959030993943712
0.45088709677419353,0.9959030993943712
0.450959832231005,0.9959030993943712
0.4509962087601839,0.9959030993943712
0.4510325911584382,0.9959030993943712
0.4510689794271884,0.9959030993943712
0.4510246893658222,0.995724973281083
0.45106108286936175,0.995724973281083
0.4510974822466107,0.995724973281083
0.4511338874989912,0.995724973281083
0.45117029862792574,0.995724973281083
0.45120671563483733,0.995724973281083
0.4512431385211495,0.995724973281083
0.4512795672882861,0.995724973281083
0.4513160019376716,0.995724973281083
0.4513524424707307,0.995724973281083
0.4513888888888889,0.995724973281083
0.4514253411935718,0.995724973281083
0.4514617993862058,0.995724973281083
0.4514982634682174,0.995724973281083
0.45153473344103395,0.995724973281083
0.45157120930608285,0.995724973281083
0.45160769106479237,0.995724973281083
0.4516441787185909,0.995724973281083
0.45168067226890757,0.995724973281083
0.45171717171717174,0.995724973281083
0.45175367706481334,0.995724973281083
0.45179018831326273,0.995724973281083
0.4518267054639509,0.995724973281083
0.45186322851830896,0.995724973281083
0.4518997574777688,0.995724973281083
0.45193629234376265,0.995724973281083
0.4519728331177232,0.995724973281083
0.4520093798010835,0.995724973281083
0.45204593239527735,0.995724973281083
0.4520824909017388,0.995724973281083
0.4521190553219023,0.995724973281083
0.45215562565720296,0.995724973281083
0.4521922019090762,0.995724973281083
0.452228784078958,0.995724973281083
0.4522653721682848,0.995724973281083
0.4523019661784934,0.995724973281083
0.4523385661110212,0.995724973281083
0.452375171967306,0.995724973281083
0.452411783748786,0.995724973281083
0.4524484014569,0.995724973281083
0.45248502509308725,0.995724973281083
0.45252165465878735,0.995724973281083
0.4525582901554404,0.995724973281083
0.4525949315844871,0.995724973281083
0.45263157894736844,0.995724973281083
0.45266823224552594,0.995724973281083
0.45270489148040166,0.995724973281083
0.45274155665343807,0.995724973281083
0.45277822776607807,0.995724973281083
0.4528149048197651,0.995724973281083
0.452851587815943,0.995724973281083
0.4528882767560561,0.995724973281083
0.45292497164154916,0.995724973281083
0.4529616724738676,0.995724973281083
0.4529983792544571,0.995724973281083
0.45303509198476377,0.995724973281083
0.4530718106662344,0.995724973281083
0.45310853530031614,0.995724973281083
0.45314526588845655,0.995724973281083
0.45318200243210377,0.995724973281083
0.45321874493270636,0.995724973281083
0.4532554933917133,0.995724973281083
0.4532922478105741,0.995724973281083
0.4533290081907388,0.995724973281083
0.45336577453365773,0.995724973281083
0.4534025468407819,0.995724973281083
0.4534393251135626,0.995724973281083
0.4534761093534518,0.995724973281083
0.45351289956190166,0.995724973281083
0.45354969574036513,0.995724973281083
0.45358649789029537,0.995724973281083
0.45362330601314615,0.995724973281083
0.4536601201103717,0.995724973281083
0.45369694018342666,0.995724973281083
0.4537337662337662,0.995724973281083
0.453770598262846,0.995724973281083
0.4538074362721221,0.995724973281083
0.45384428026305107,0.995724973281083
0.45388113023709,0.995724973281083
0.4539179861956963,0.995724973281083
0.4539548481403281,0.995724973281083
0.45399171607244376,0.995724973281083
0.45402858999350226,0.995724973281083
0.45406546990496305,0.995724973281083
0.45410235580828595,0.995724973281083
0.45413924770493136,0.995724973281083
0.4541761455963601,0.995724973281083
0.45421304948403346,0.995724973281083
0.4542499593694133,0.995724973281083
0.45428687525396183,0.995724973281083
0.4543237971391417,0.995724973281083
0.45436072502641633,0.995724973281083
0.4543976589172492,0.995724973281083
0.4544345988131046,0.995724973281083
0.45447154471544715,0.995724973281083
0.45450849662574194,0.995724973281083
0.45454545454545453,0.995724973281083
0.4545824184760511,0.995724973281083
0.45461938841899807,0.995724973281083
0.4546563643757625,0.995724973281083
0.45469334634781194,0.995724973281083
0.4547303343366143,0.995724973281083
0.45476732834363814,0.995724973281083
0.4548043283703523,0.995724973281083
0.4548413344182262,0.995724973281083
0.45487834648872977,0.995724973281083
0.4549153645833333,0.995724973281083
0.4549523887035078,0.995724973281083
0.4549894188507244,0.995724973281083
0.455026455026455,0.995724973281083
0.45506349723217193,0.995724973281083
0.45510054546934786,0.995724973281083
0.4551375997394561,0.995724973281083
0.45517466004397034,0.995724973281083
0.4552117263843648,0.995724973281083
0.45524879876211416,0.995724973281083
0.4552858771786936,0.995724973281083
0.4553229616355787,0.995724973281083
0.4553600521342457,0.995724973281083
0.4553971486761711,0.995724973281083
0.455434251262832,0.995724973281083
0.45547135989570603,0.995724973281083
0.4555084745762712,0.995724973281083
0.455545595306006,0.995724973281083
0.45558272208638956,0.995724973281083
0.4556198549189013,0.995724973281083
0.45565699380502117,0.995724973281083
0.4556941387462297,0.995724973281083
0.45573128974400784,0.995724973281083
0.4557684467998369,0.995724973281083
0.455805609915199,0.995724973281083
0.4558427790915763,0.995724973281083
0.4558799543304518,0.995724973281083
0.4559171356333089,0.995724973281083
0.4559543230016313,0.995724973281083
0.4559915164369035,0.995724973281083
0.45602871594061023,0.995724973281083
0.45606592151423675,0.995724973281083
0.4561031331592689,0.995724973281083
0.45614035087719296,0.995724973281083
0.45617757466949566,0.995724973281083
0.4562148045376642,0.995724973281083
0.4562520404831864,0.995724973281083
0.4562892825075504,0.995724973281083
0.4563265306122449,0.995724973281083
0.4563637847987591,0.995724973281083
0.45640104506858264,0.995724973281083
0.4564383114232057,0.995724973281083
0.4564755838641189,0.995724973281083
0.4565128623928134,0.995724973281083
0.4565501470107808,0.995724973281083
0.4565874377195132,0.995724973281083
0.4566247345205032,0.995724973281083
0.45666203741524386,0.995724973281083
0.45669934640522875,0.995724973281083
0.45673666149195197,0.995724973281083
0.456773982676908,0.995724973281083
0.4568113099615919,0.995724973281083
0.4568486433474992,0.995724973281083
0.45688598283612586,0.995724973281083
0.45692332842896843,0.995724973281083
0.4569606801275239,0.995724973281083
0.45699803793328975,0.995724973281083
0.45703540184776387,0.995724973281083
0.4570727718724448,0.995724973281083
0.4571101480088315,0.995724973281083
0.4571475302584233,0.995724973281083
0.4571849186227202,0.995724973281083
0.45722231310322264,0.995724973281083
0.4572597137014315,0.995724973281083
0.4572971204188482,0.995724973281083
0.45733453325697454,0.995724973281083
0.457371952217313,0.995724973281083
0.4574093773013665,0.995724973281083
0.4574468085106383,0.995724973281083
0.4574842458466323,0.995724973281083
0.45752168931085285,0.995724973281083
0.45755913890480476,0.995724973281083
0.45759659462999347,0.995724973281083
0.45763405648792466,0.995724973281083
0.4576715244801048,0.995724973281083
0.4577089986080406,0.995724973281083
0.45774647887323944,0.995724973281083
0.45778396527720905,0.995724973281083
0.45782145782145783,0.995724973281083
0.4578589565074945,0.995724973281083
0.4578964613368283,0.995724973281083
0.4579339723109691,0.995724973281083
0.4579714894314272,0.995724973281083
0.4580090126997132,0.995724973281083
0.4580465421173386,0.995724973281083
0.45808407768581494,0.995724973281083
0.4580396656285855,0.9955468471677948
0.458077206786329,0.9955468471677948
0.45811475409836067,0.9955468471677948
0.45815230756619396,0.9955468471677948
0.45818986719134286,0.9955468471677948
0.4582274329753218,0.9955468471677948
0.4582650049196458,0.9955468471677948
0.45830258302583027,0.9955468471677948
0.4583401672953912,0.9955468471677948
0.458377757729845,0.9955468471677948
0.4584153543307087,0.9955468471677948
0.4584529570994996,0.9955468471677948
0.45849056603773586,0.9955468471677948
0.4585281811469358,0.9955468471677948
0.45856580242861833,0.9955468471677948
0.45860342988430297,0.9955468471677948
0.4586410635155096,0.9955468471677948
0.4586787033237587,0.9955468471677948
0.45871634931057126,0.9955468471677948
0.4587540014774686,0.9955468471677948
0.45879165982597275,0.9955468471677948
0.4588293243576061,0.9955468471677948
0.4588669950738916,0.9955468471677948
0.45890467197635276,0.9955468471677948
0.4589423550665134,0.9955468471677948
0.458980044345898,0.9955468471677948
0.45901773981603156,0.9955468471677948
0.4590554414784394,0.9955468471677948
0.4590931493346476,0.9955468471677948
0.45913086338618253,0.9955468471677948
0.45916858363457114,0.9955468471677948
0.4592063100813409,0.9955468471677948
0.4592440427280197,0.9955468471677948
0.4592817815761361,0.9955468471677948
0.4593195266272189,0.9955468471677948
0.45935727788279773,0.9955468471677948
0.45939503534440246,0.9955468471677948
0.4594327990135635,0.9955468471677948
0.4594705688918119,0.9955468471677948
0.4595083449806791,0.9955468471677948
0.4595461272816971,0.9955468471677948
0.45958391579639835,0.9955468471677948
0.4596217105263158,0.9955468471677948
0.45965951147298295,0.9955468471677948
0.4596973186379339,0.9955468471677948
0.459735132022703,0.9955468471677948
0.45977295162882525,0.9955468471677948
0.4598107774578363,0.9955468471677948
0.459848609511272,0.9955468471677948
0.45988644779066895,0.9955468471677948
0.4599242922975642,0.9955468471677948
0.4599621430334952,0.9955468471677948
0.46,0.9955468471677948
0.46003786319861717,0.9955468471677948
0.46007573263088575,0.9955468471677948
0.46011360829834524,0.9955468471677948
0.4601514902025358,0.9955468471677948
0.46018937834499796,0.9955468471677948
0.4602272727272727,0.9955468471677948
0.4602651733509018,0.9955468471677948
0.4603030802174271,0.9955468471677948
0.4603409933283914,0.9955468471677948
0.4603789126853377,0.9955468471677948
0.4604168382898097,0.9955468471677948
0.46045477014335146,0.9955468471677948
0.4604927082475076,0.9955468471677948
0.4605306526038233,0.9955468471677948
0.46056860321384424,0.9955468471677948
0.46060656007911654,0.9955468471677948
0.4606445232011869,0.9955468471677948
0.4606824925816024,0.9955468471677948
0.4607204682219108,0.9955468471677948
0.46075845012366035,0.9955468471677948
0.4607964382883997,0.9955468471677948
0.4608344327176781,0.9955468471677948
0.4608724334130453,0.9955468471677948
0.46091044037605144,0.9955468471677948
0.46094845360824743,0.9955468471677948
0.4609864731111844,0.9955468471677948
0.4610244988864143,0.9955468471677948
0.4610625309354892,0.9955468471677948
0.46110056925996207,0.9955468471677948
0.46113861386138616,0.9955468471677948
0.4611766647413153,0.9955468471677948
0.46121472190130386,0.9955468471677948
0.46125278534290665,0.9955468471677948
0.4612908550676791,0.9955468471677948
0.46132893107717704,0.9955468471677948
0.46136701337295694,0.9955468471677948
0.4614051019565756,0.9955468471677948
0.4614431968295905,0.9955468471677948
0.4614812979935596,0.9955468471677948
0.4615194054500413,0.9955468471677948
0.4615575192005946,0.9955468471677948
0.461595639246779,0.9955468471677948
0.46163376559015445,0.9955468471677948
0.4616718982322815,0.9955468471677948
0.4617100371747212,0.9955468471677948
0.46174818241903504,0.9955468471677948
0.4617863339667851,0.9955468471677948
0.46182449181953394,0.9955468471677948
0.46186265597884474,0.9955468471677948
0.461900826446281,0.9955468471677948
0.4619390032234069,0.9955468471677948
0.4619771863117871,0.9955468471677948
0.4620153757129867,0.9955468471677948
0.46205357142857145,0.9955468471677948
0.4620917734601075,0.9955468471677948
0.4621299818091616,0.9955468471677948
0.4621681964773009,0.9955468471677948
0.4622064174660933,0.9955468471677948
0.4622446447771069,0.9955468471677948
0.4622828784119107,0.9955468471677948
0.4623211183720738,0.9955468471677948
0.4623593646591661,0.9955468471677948
0.462397617274758,0.9955468471677948
0.4624358762204203,0.9955468471677948
0.4624741414977245,0.9955468471677948
0.4625124131082423,0.9955468471677948
0.4625506910535463,0.9955468471677948
0.46258897533520943,0.9955468471677948
0.4626272659548051,0.9955468471677948
0.46266556291390726,0.9955468471677948
0.4627038662140906,0.9955468471677948
0.46274217585692995,0.9955468471677948
0.4626976898236317,0.9953687210545066
0.46273600529976816,0.9953687210545066
0.4627743271221532,0.9953687210545066
0.46281265529236376,0.9953687210545066
0.46285098981197714,0.9953687210545066
0.46288933068257127,0.9953687210545066
0.4629276779057245,0.9953687210545066
0.46296603148301574,0.9953687210545066
0.4630043914160245,0.9953687210545066
0.4630427577063308,0.9953687210545066
0.463081130355515,0.9953687210545066
0.4631195093651583,0.9953687210545066
0.4631578947368421,0.9953687210545066
0.46319628647214856,0.9953687210545066
0.46327308903996023,0.9953687210545066
0.4633114998756322,0.9953687210545066
0.4633499170812604,0.9953687210545066
0.4633883406584294,0.9953687210545066
0.4634267706087245,0.9953687210545066
0.46346520693373144,0.9953687210545066
0.4635036496350365,0.9953687210545066
0.46354209871422647,0.9953687210545066
0.4635805541728887,0.9953687210545066
0.46361901601261096,0.9953687210545066
0.46365748423498176,0.9953687210545066
0.46369595884158993,0.9953687210545066
0.4637344398340249,0.9953687210545066
0.4637729272138767,0.9953687210545066
0.4638114209827357,0.9953687210545066
0.4638499211421931,0.9953687210545066
0.46388842769384026,0.9953687210545066
0.4639269406392694,0.9953687210545066
0.46396545998007305,0.9953687210545066
0.4640039857178444,0.9953687210545066
0.46404251785417705,0.9953687210545066
0.4640810563906652,0.9953687210545066
0.4641196013289037,0.9953687210545066
0.4641581526704876,0.9953687210545066
0.46419671041701277,0.9953687210545066
0.4642352745700756,0.9953687210545066
0.46427384513127284,0.9953687210545066
0.4643124221022019,0.9953687210545066
0.4643510054844607,0.9953687210545066
0.4643895952796476,0.9953687210545066
0.4644281914893617,0.9953687210545066
0.4644667941152024,0.9953687210545066
0.46450540315876976,0.9953687210545066
0.46454401862166433,0.9953687210545066
0.4645826405054872,0.9953687210545066
0.46462126881184,0.9953687210545066
0.46465990354232495,0.9953687210545066
0.4646985446985447,0.9953687210545066
0.4647371922821025,0.9953687210545066
0.464775846294602,0.9953687210545066
0.4648145067376476,0.9953687210545066
0.4648531736128442,0.9953687210545066
0.464891846921797,0.9953687210545066
0.464930526666112,0.9953687210545066
0.46496921284739556,0.9953687210545066
0.46500790546725473,0.9953687210545066
0.46504660452729696,0.9953687210545066
0.46508531002913023,0.9953687210545066
0.46512402197436326,0.9953687210545066
0.46516274036460503,0.9953687210545066
0.4652014652014652,0.9953687210545066
0.465240196486554,0.9953687210545066
0.4652789342214821,0.9953687210545066
0.46531767840786076,0.9953687210545066
0.4653564290473018,0.9953687210545066
0.4653951861414175,0.9953687210545066
0.4654339496918208,0.9953687210545066
0.46547271970012494,0.9953687210545066
0.465511496167944,0.9953687210545066
0.46555027909689245,0.9953687210545066
0.4655890684885852,0.9953687210545066
0.46562786434463793,0.9953687210545066
0.4656666666666667,0.9953687210545066
0.46570547545628804,0.9953687210545066
0.4657442907151192,0.9953687210545066
0.4657831124447779,0.9953687210545066
0.4658219406468823,0.9953687210545066
0.46586077532305126,0.9953687210545066
0.46589961647490413,0.9953687210545066
0.4659384641040607,0.9953687210545066
0.46597731821214144,0.9953687210545066
0.46601617880076723,0.9953687210545066
0.46605504587155966,0.9953687210545066
0.46609391942614065,0.9953687210545066
0.4661327994661328,0.9953687210545066
0.4661716859931593,0.9953687210545066
0.46621057900884366,0.9953687210545066
0.4662494785148102,0.9953687210545066
0.46628838451268356,0.9953687210545066
0.46632729700408915,0.9953687210545066
0.46636621599065264,0.9953687210545066
0.4664051414740005,0.9953687210545066
0.4664440734557596,0.9953687210545066
0.46648301193755737,0.9953687210545066
0.4665219569210219,0.9953687210545066
0.4665609084077816,0.9953687210545066
0.4665998663994656,0.9953687210545066
0.4666388308977035,0.9953687210545066
0.4666778019041256,0.9953687210545066
0.4667167794203625,0.9953687210545066
0.4667557634480454,0.9953687210545066
0.46679475398880627,0.9953687210545066
0.4668337510442774,0.9953687210545066
0.46687275461609157,0.9953687210545066
0.46691176470588236,0.9953687210545066
0.46695078131528367,0.9953687210545066
0.46698980444593013,0.9953687210545066
0.4670288340994567,0.9953687210545066
0.4670678702774992,0.9953687210545066
0.46710691298169355,0.9953687210545066
0.46714596221367666,0.9953687210545066
0.4671850179750857,0.9953687210545066
0.4672240802675585,0.9953687210545066
0.46726314909273353,0.9953687210545066
0.46730222445224956,0.9953687210545066
0.46734130634774607,0.9953687210545066
0.4673803947808632,0.9953687210545066
0.4674194897532413,0.9953687210545066
0.4674585912665217,0.9953687210545066
0.46749769932234586,0.9953687210545066
0.4675368139223561,0.9953687210545066
0.4675759350681951,0.9953687210545066
0.4676150627615063,0.9953687210545066
0.4676541970039334,0.9953687210545066
0.46769333779712086,0.9953687210545066
0.46773248514271365,0.9953687210545066
0.4677716390423573,0.9953687210545066
0.46781079949769777,0.9953687210545066
0.4678499665103818,0.9953687210545066
0.46788914008205645,0.9953687210545066
0.4679283202143695,0.9953687210545066
0.4679675069089691,0.9953687210545066
0.4680067001675042,0.9953687210545066
0.4680458999916241,0.9953687210545066
0.46808510638297873,0.9953687210545066
0.4681243193432186,0.9953687210545066
0.46816353887399464,0.9953687210545066
0.4682027649769585,0.9953687210545066
0.46824199765376234,0.9953687210545066
0.46828123690605883,0.9953687210545066
0.4683204827355012,0.9953687210545066
0.4683597351437432,0.9953687210545066
0.46839899413243924,0.9953687210545066
0.4684382597032442,0.9953687210545066
0.46847753185781355,0.9953687210545066
0.4685168105978033,0.9953687210545066
0.46855609592487,0.9953687210545066
0.46859538784067084,0.9953687210545066
0.46863468634686345,0.9953687210545066
0.4686739914451061,0.9953687210545066
0.46871330313705756,0.9953687210545066
0.4687526214243771,0.9953687210545066
0.46879194630872484,0.9953687210545066
0.46883127779176104,0.9953687210545066
0.46887061587514683,0.9953687210545066
0.46890996056054374,0.9953687210545066
0.46894931184961397,0.9953687210545066
0.46898866974402015,0.9953687210545066
0.46902803424542555,0.9953687210545066
0.469067405355494,0.9953687210545066
0.4691067830758899,0.9953687210545066
0.4691461674082781,0.9953687210545066
0.4691855583543241,0.9953687210545066
0.469224955915694,0.9953687210545066
0.4692643600940544,0.9953687210545066
0.4693037708910725,0.9953687210545066
0.4693431883084159,0.9953687210545066
0.469382612347753,0.9953687210545066
0.4694220430107527,0.9953687210545066
0.46946148029908424,0.9953687210545066
0.46950092421441775,0.9953687210545066
0.46954037475842364,0.9953687210545066
0.4695798319327731,0.9953687210545066
0.46961929573913774,0.9953687210545066
0.4696587661791898,0.9953687210545066
0.469698243254602,0.9953687210545066
0.46973772696704774,0.9953687210545066
0.46977721731820093,0.9953687210545066
0.469816714309736,0.9953687210545066
0.469856217943328,0.9953687210545066
0.46989572822065256,0.9953687210545066
0.46993524514338575,0.9953687210545066
0.46997476871320437,0.9953687210545066
0.4700142989317857,0.9953687210545066
0.47005383580080756,0.9953687210545066
0.47009337932194833,0.9953687210545066
0.4701329294968871,0.9953687210545066
0.4701724863273033,0.9953687210545066
0.47021204981487713,0.9953687210545066
0.4702516199612892,0.9953687210545066
0.47029119676822084,0.9953687210545066
0.47033078023735375,0.9953687210545066
0.4703703703703704,0.9953687210545066
0.4704099671689536,0.9953687210545066
0.470449570634787,0.9953687210545066
0.4704891807695546,0.9953687210545066
0.47052879757494104,0.9953687210545066
0.4705684210526316,0.9953687210545066
0.47060805120431193,0.9953687210545066
0.4706476880316685,0.9953687210545066
0.47068733153638814,0.9953687210545066
0.47072698172015837,0.9953687210545066
0.4707666385846672,0.9953687210545066
0.47080630213160335,0.9953687210545066
0.4708459723626559,0.9953687210545066
0.4708856492795146,0.9953687210545066
0.47096502317741257,0.9953687210545066
0.47100472016183415,0.9953687210545066
0.4710444238388266,0.9953687210545066
0.4710841342100826,0.9953687210545066
0.47112385127729534,0.9953687210545066
0.4711635750421585,0.9953687210545066
0.47120330550636647,0.9953687210545066
0.4712430426716141,0.9953687210545066
0.4712827865395969,0.9953687210545066
0.4713225371120108,0.9953687210545066
0.4713622943905525,0.9953687210545066
0.4714020583769192,0.9953687210545066
0.47144182907280857,0.9953687210545066
0.471481606479919,0.9953687210545066
0.47152139059994935,0.9953687210545066
0.47156118143459913,0.9953687210545066
0.4716009789855684,0.9953687210545066
0.4716407832545577,0.9953687210545066
0.47168059424326836,0.9953687210545066
0.471720411953402,0.9953687210545066
0.47176023638666104,0.9953687210545066
0.4718000675447484,0.9953687210545066
0.47183990542936755,0.9953687210545066
0.4718797500422226,0.9953687210545066
0.47191960138501815,0.9953687210545066
0.47195945945945944,0.9953687210545066
0.47199932426725233,0.9953687210545066
0.47203919581010306,0.9953687210545066
0.47207907408971866,0.9953687210545066
0.4721189591078067,0.9953687210545066
0.4721588508660752,0.9953687210545066
0.4721987493662329,0.9953687210545066
0.47223865460998904,0.9953687210545066
0.47227856659905343,0.9953687210545066
0.4723184853351365,0.9953687210545066
0.4723584108199493,0.9953687210545066
0.47239834305520334,0.9953687210545066
0.47243828204261074,0.9953687210545066
0.4724782277838843,0.9953687210545066
0.47251818028073733,0.9953687210545066
0.47255813953488374,0.9953687210545066
0.4725981055480379,0.9953687210545066
0.4726380783219149,0.9953687210545066
0.4726780578582304,0.9953687210545066
0.4727180441587006,0.9953687210545066
0.4727580372250423,0.9953687210545066
0.47279803705897283,0.9953687210545066
0.47283804366221016,0.9953687210545066
0.4728780570364729,0.9953687210545066
0.47291807718348,0.9953687210545066
0.4729581041049513,0.9953687210545066
0.4729981378026071,0.9953687210545066
0.47303817827816813,0.9953687210545066
0.47307822553335593,0.9953687210545066
0.4731182795698925,0.9953687210545066
0.47315834038950044,0.9953687210545066
0.47319840799390295,0.9953687210545066
0.47323848238482386,0.9953687210545066
0.47327856356398745,0.9953687210545066
0.47331865153311875,0.9953687210545066
0.47335874629394326,0.9953687210545066
0.47339884784818703,0.9953687210545066
0.47343895619757687,0.9953687210545066
0.47347907134384004,0.9953687210545066
0.47351919328870434,0.9953687210545066
0.4735593220338983,0.9953687210545066
0.47359945758115096,0.9953687210545066
0.4736395999321919,0.9953687210545066
0.4736797490887514,0.9953687210545066
0.4737199050525602,0.9953687210545066
0.47376006782534974,0.9953687210545066
0.47380023740885197,0.9953687210545066
0.47384041380479947,0.9953687210545066
0.47388059701492535,0.9953687210545066
0.47392078704096346,0.9953687210545066
0.473960983884648,0.9953687210545066
0.474001187547714,0.9953687210545066
0.4740413980318968,0.9953687210545066
0.4740816153389327,0.9953687210545066
0.4741218394705583,0.9953687210545066
0.47416207042851083,0.9953687210545066
0.4742023082145282,0.9953687210545066
0.47424255283034883,0.9953687210545066
0.47428280427771174,0.9953687210545066
0.47432306255835666,0.9953687210545066
0.4743633276740238,0.9953687210545066
0.47440359962645384,0.9953687210545066
0.47444387841738833,0.9953687210545066
0.47448416404856925,0.9953687210545066
0.47452445652173914,0.9953687210545066
0.47456475583864116,0.9953687210545066
0.4746050620010192,0.9953687210545066
0.4746453750106175,0.9953687210545066
0.4746856948691811,0.9953687210545066
0.4747260215784555,0.9953687210545066
0.4747663551401869,0.9953687210545066
0.47480669555612204,0.9953687210545066
0.47484704282800816,0.9953687210545066
0.47488739695759324,0.9953687210545066
0.4749277579466259,0.9953687210545066
0.4749681257968551,0.9953687210545066
0.47500850051003063,0.9953687210545066
0.47504888208790275,0.9953687210545066
0.4750892705322224,0.9953687210545066
0.4751296658447411,0.9953687210545066
0.4751700680272109,0.9953687210545066
0.4752104770813845,0.9953687210545066
0.47525089300901513,0.9953687210545066
0.47529131581185674,0.9953687210545066
0.47533174549166385,0.9953687210545066
0.4753721820501914,0.9953687210545066
0.47541262548919516,0.9953687210545066
0.4754530758104314,0.9953687210545066
0.4754935330156569,0.9953687210545066
0.47553399710662925,0.9953687210545066
0.4755744680851064,0.9953687210545066
0.47561494595284703,0.9953687210545066
0.4756554307116105,0.9953687210545066
0.47569592236315655,0.9953687210545066
0.4757364209092457,0.9953687210545066
0.475776926351639,0.9953687210545066
0.4758174386920981,0.9953687210545066
0.4758579579323853,0.9953687210545066
0.47589848407426333,0.9953687210545066
0.47593901711949577,0.9953687210545066
0.4759795570698467,0.9953687210545066
0.47602010392708066,0.9953687210545066
0.476060657692963,0.9953687210545066
0.4761012183692596,0.9953687210545066
0.4761417859577369,0.9953687210545066
0.47618236046016194,0.9953687210545066
0.4762229418783024,0.9953687210545066
0.47626353021392653,0.9953687210545066
0.4763041254688033,0.9953687210545066
0.4763447276447021,0.9953687210545066
0.476385336743393,0.9953687210545066
0.4764259527666468,0.9953687210545066
0.47646657571623463,0.9953687210545066
0.47650720559392856,0.9953687210545066
0.47654784240150094,0.9953687210545066
0.47658848614072497,0.9953687210545066
0.47662913681337427,0.9953687210545066
0.47666979442122326,0.9953687210545066
0.47671045896604675,0.9953687210545066
0.47675113044962036,0.9953687210545066
0.47679180887372014,0.9953687210545066
0.47683249424012286,0.9953687210545066
0.4768731865506059,0.9953687210545066
0.47691388580694716,0.9953687210545066
0.4769545920109252,0.9953687210545066
0.47699530516431926,0.9953687210545066
0.477036025268909,0.9953687210545066
0.47707675232647484,0.9953687210545066
0.4771174863387978,0.9953687210545066
0.47715822730765944,0.9953687210545066
0.477198975234842,0.9953687210545066
0.4772397301221283,0.9953687210545066
0.4772804919713017,0.9953687210545066
0.4773212607841462,0.9953687210545066
0.47736203656244663,0.9953687210545066
0.47740281930798806,0.9953687210545066
0.4774436090225564,0.9953687210545066
0.47748440570793815,0.9953687210545066
0.47752520936592036,0.9953687210545066
0.47756601999829074,0.9953687210545066
0.4776068376068376,0.9953687210545066
0.47764766219334986,0.9953687210545066
0.477688493759617,0.9953687210545066
0.47772933230742926,0.9953687210545066
0.4777701778385773,0.9953687210545066
0.4778110303548525,0.9953687210545066
0.4778518898580469,0.9953687210545066
0.477892756349953,0.9953687210545066
0.477933629832364,0.9953687210545066
0.47797451030707383,0.9953687210545066
0.4780153977758768,0.9953687210545066
0.47805629224056806,0.9953687210545066
0.4780971937029432,0.9953687210545066
0.4781381021647985,0.9953687210545066
0.47817901762793086,0.9953687210545066
0.47821994009413776,0.9953687210545066
0.4782608695652174,0.9953687210545066
0.4783018060429684,0.9953687210545066
0.4783427495291902,0.9953687210545066
0.47838370002568276,0.9953687210545066
0.47842465753424657,0.9953687210545066
0.4784656220566829,0.9953687210545066
0.47850659359479364,0.9953687210545066
0.4785475721503811,0.9953687210545066
0.4785885577252484,0.9953687210545066
0.47862955032119914,0.9953687210545066
0.4786705499400377,0.9953687210545066
0.4787115565835689,0.9953687210545066
0.47875257025359835,0.9953687210545066
0.47879359095193214,0.9953687210545066
0.478834618680377,0.9953687210545066
0.4788756534407404,0.9953687210545066
0.4789166952348303,0.9953687210545066
0.4789577440644553,0.9953687210545066
0.47899879993142463,0.9953687210545066
0.47903986283754824,0.9953687210545066
0.4790809327846365,0.9953687210545066
0.47912200977450053,0.9953687210545066
0.47916309380895217,0.9953687210545066
0.4792041848898036,0.9953687210545066
0.47924528301886793,0.9953687210545066
0.47928638819795866,0.9953687210545066
0.47932750042889005,0.9953687210545066
0.4793686197134769,0.9953687210545066
0.47940974605353465,0.9953687210545066
0.47945087945087944,0.9953687210545066
0.479492019907328,0.9953687210545066
0.4795331674246975,0.9953687210545066
0.47957432200480604,0.9953687210545066
0.479656652360515,0.9953687210545066
0.4796978281397545,0.9953687210545066
0.479739010989011,0.9953687210545066
0.4797802009101056,0.9953687210545066
0.47982139790486006,0.9953687210545066
0.4798626019750966,0.9953687210545066
0.47990381312263825,0.9953687210545066
0.4799450313493086,0.9953687210545066
0.4799862566569318,0.9953687210545066
0.4800274890473327,0.9953687210545066
0.4800687285223368,0.9953687210545066
0.48010997508377007,0.9953687210545066
0.48015122873345933,0.9953687210545066
0.48019248947323195,0.9953687210545066
0.4802337573049158,0.9953687210545066
0.4802750322303395,0.9953687210545066
0.4803163142513323,0.9953687210545066
0.48035760336972405,0.9953687210545066
0.4803988995873453,0.9953687210545066
0.480440202906027,0.9953687210545066
0.48048151332760103,0.9953687210545066
0.48052283085389974,0.9953687210545066
0.48056415548675613,0.9953687210545066
0.4806054872280038,0.9953687210545066
0.480646826079477,0.9953687210545066
0.48068817204301073,0.9953687210545066
0.4807295251204405,0.9953687210545066
0.48077088531360235,0.9953687210545066
0.48081225262433314,0.9953687210545066
0.4808536270544704,0.9953687210545066
0.480895008605852,0.9953687210545066
0.48093639728031673,0.9953687210545066
0.4809777930797039,0.9953687210545066
0.48101919600585347,0.9953687210545066
0.4810606060606061,0.9953687210545066
0.48110202324580287,0.9953687210545066
0.4811434475632857,0.9953687210545066
0.4811848790148971,0.9953687210545066
0.4812263176024802,0.9953687210545066
0.48126776332787874,0.9953687210545066
0.48130921619293715,0.9953687210545066
0.4813506761995004,0.9953687210545066
0.4813921433494142,0.9953687210545066
0.48143361764452486,0.9953687210545066
0.4814750990866793,0.9953687210545066
0.4815165876777251,0.9953687210545066
0.4815580834195105,0.9953687210545066
0.48159958631388433,0.9953687210545066
0.4816410963626961,0.9953687210545066
0.4816826135677959,0.9953687210545066
0.48172413793103447,0.9953687210545066
0.4817656694542633,0.9953687210545066
0.48180720813933436,0.9953687210545066
0.4818487539881004,0.9953687210545066
0.48189030700241464,0.9953687210545066
0.4819318671841311,0.9953687210545066
0.4819734345351044,0.9953687210545066
0.4820150090571897,0.9953687210545066
0.48205659075224294,0.9953687210545066
0.4820981796221206,0.9953687210545066
0.4821397756686799,0.9953687210545066
0.4821813788937786,0.9953687210545066
0.4822229892992751,0.9953687210545066
0.48226460688702855,0.9953687210545066
0.4823062316588987,0.9953687210545066
0.4823478636167458,0.9953687210545066
0.4823895027624309,0.9953687210545066
0.48243114909781576,0.9953687210545066
0.48247280262476255,0.9953687210545066
0.48251446334513426,0.9953687210545066
0.4825561312607945,0.9953687210545066
0.4825978063736074,0.9953687210545066
0.4826394886854379,0.9953687210545066
0.4826811781981515,0.9953687210545066
0.4827228749136144,0.9953687210545066
0.4827645788336933,0.9953687210545066
0.48280628996025576,0.9953687210545066
0.4828480082951698,0.9953687210545066
0.4828897338403042,0.9953687210545066
0.4829314665975283,0.9953687210545066
0.4829732065687122,0.9953687210545066
0.4830149537557265,0.9953687210545066
0.4830567081604426,0.9953687210545066
0.4830984697847324,0.9953687210545066
0.4831402386304686,0.9953687210545066
0.48318201469952443,0.9953687210545066
0.4832237979937738,0.9953687210545066
0.4832655885150912,0.9953687210545066
0.483307386265352,0.9953687210545066
0.483349191246432,0.9953687210545066
0.48339100346020764,0.9953687210545066
0.4834328229085561,0.9953687210545066
0.48347464959335523,0.9953687210545066
0.4835164835164835,0.9953687210545066
0.48355832467982,0.9953687210545066
0.4836001730852445,0.9953687210545066
0.48364202873463735,0.9953687210545066
0.4836838916298797,0.9953687210545066
0.4837257617728532,0.9953687210545066
0.48376763916544024,0.9953687210545066
0.4838095238095238,0.9953687210545066
0.48385141570698764,0.9953687210545066
0.483893314859716,0.9953687210545066
0.4839352212695938,0.9953687210545066
0.48397713493850686,0.9953687210545066
0.48401905586834126,0.9953687210545066
0.4840609840609841,0.9953687210545066
0.4841029195183228,0.9953687210545066
0.48414486224224573,0.9953687210545066
0.4841868122346417,0.9953687210545066
0.48422876949740035,0.9953687210545066
0.48427073403241183,0.9953687210545066
0.484312705841567,0.9953687210545066
0.4843546849267574,0.9953687210545066
0.4843966712898752,0.9953687210545066
0.4844386649328132,0.9953687210545066
0.4844806658574649,0.9953687210545066
0.48443596635740915,0.9951905949412184
0.4844779743322927,0.9951905949412184
0.4845199895932703,0.9951905949412184
0.48456201214223765,0.9951905949412184
0.48460404198109114,0.9951905949412184
0.48464607911172797,0.9951905949412184
0.4846881235360458,0.9951905949412184
0.4847301752559431,0.9951905949412184
0.4847722342733189,0.9951905949412184
0.48459335127159103,0.9944780904880656
0.48463541666666665,0.9944780904880656
0.4846774893653963,0.9944780904880656
0.48471956936968225,0.9944780904880656
0.48476165668142746,0.9944780904880656
0.4848037513025356,0.9944780904880656
0.484845853234911,0.9944780904880656
0.48488796248045857,0.9944780904880656
0.484930079041084,0.9944780904880656
0.48497220291869353,0.9944780904880656
0.4850143341151942,0.9944780904880656
0.48505647263249346,0.9944780904880656
0.4850986184724998,0.9944780904880656
0.485140771637122,0.9944780904880656
0.48518293212826974,0.9944780904880656
0.4852250999478533,0.9944780904880656
0.48526727509778356,0.9944780904880656
0.4853094575799722,0.9944780904880656
0.4853516473963314,0.9944780904880656
0.4853938445487741,0.9944780904880656
0.485436049039214,0.9944780904880656
0.4854782608695652,0.9944780904880656
0.48552048004174275,0.9944780904880656
0.4855627065576622,0.9944780904880656
0.4856049404192398,0.9944780904880656
0.4856471816283925,0.9944780904880656
0.48568943018703786,0.9944780904880656
0.48573168609709416,0.9944780904880656
0.4857739493604803,0.9944780904880656
0.4858162199791159,0.9944780904880656
0.48585849795492125,0.9944780904880656
0.48590078328981723,0.9944780904880656
0.4859430759857255,0.9944780904880656
0.48598537604456826,0.9944780904880656
0.48602768346826847,0.9944780904880656
0.4860699982587498,0.9944780904880656
0.48611232041793645,0.9944780904880656
0.48615464994775337,0.9944780904880656
0.4861969868501263,0.9944780904880656
0.48623933112698137,0.9944780904880656
0.48628168278024564,0.9944780904880656
0.4863240418118467,0.9944780904880656
0.48636640822371285,0.9944780904880656
0.48645116319595716,0.9944780904880656
0.4864935517601952,0.9944780904880656
0.4865359477124183,0.9944780904880656
0.48657835105455816,0.9944780904880656
0.486620761788547,0.9944780904880656
0.48666317991631797,0.9944780904880656
0.48670560543980473,0.9944780904880656
0.4867480383609416,0.9944780904880656
0.48679047868166364,0.9944780904880656
0.4868753815296067,0.9944780904880656
0.4869178440607012,0.9944780904880656
0.48696031399912776,0.9944780904880656
0.48700279134682484,0.9944780904880656
0.4870452761057315,0.9944780904880656
0.4870877682777875,0.9944780904880656
0.48713026786493324,0.9944780904880656
0.4871727748691099,0.9944780904880656
0.4872152892922594,0.9944780904880656
0.487257811136324,0.9944780904880656
0.48730034040324693,0.9944780904880656
0.4873428770949721,0.9944780904880656
0.4873854212134439,0.9944780904880656
0.4874279727606077,0.9944780904880656
0.48747053173840915,0.9944780904880656
0.48751309814879495,0.9944780904880656
0.48755567199371236,0.9944780904880656
0.4875982532751092,0.9944780904880656
0.48764084199493407,0.9944780904880656
0.48768343815513626,0.9944780904880656
0.48772604175766576,0.9944780904880656
0.4877686528044732,0.9944780904880656
0.48781127129750984,0.9944780904880656
0.48785389723872774,0.9944780904880656
0.48789653063007954,0.9944780904880656
0.4879391714735186,0.9944780904880656
0.487981819770999,0.9944780904880656
0.48802447552447553,0.9944780904880656
0.48806713873590346,0.9944780904880656
0.488109809407239,0.9944780904880656
0.48815248754043894,0.9944780904880656
0.48819517313746064,0.9944780904880656
0.4882378662002623,0.9944780904880656
0.4882805667308029,0.9944780904880656
0.4883232747310417,0.9944780904880656
0.48836599020293914,0.9944780904880656
0.48840871314845596,0.9944780904880656
0.4884514435695538,0.9944780904880656
0.48849418146819495,0.9944780904880656
0.4885369268463423,0.9944780904880656
0.48857967970595956,0.9944780904880656
0.488622440049011,0.9944780904880656
0.4886652078774617,0.9944780904880656
0.4887079831932773,0.9944780904880656
0.4887507659984242,0.9944780904880656
0.48879355629486954,0.9944780904880656
0.48883635408458104,0.9944780904880656
0.48887915936952714,0.9944780904880656
0.48892197215167704,0.9944780904880656
0.4889647924330005,0.9944780904880656
0.4890076202154682,0.9944780904880656
0.48905045550105114,0.9944780904880656
0.48909329829172143,0.9944780904880656
0.48913614858945154,0.9944780904880656
0.48917900639621487,0.9944780904880656
0.4892218717139853,0.9944780904880656
0.4892647445447375,0.9944780904880656
0.489307624890447,0.9944780904880656
0.48935051275308966,0.9944780904880656
0.4893934081346424,0.9944780904880656
0.4894363110370825,0.9944780904880656
0.4894792214623882,0.9944780904880656
0.48952213941253836,0.9944780904880656
0.48956506488951246,0.9944780904880656
0.4896079978952907,0.9944780904880656
0.4896509384318541,0.9944780904880656
0.4896938865011841,0.9944780904880656
0.48973684210526314,0.9944780904880656
0.48977980524607423,0.9944780904880656
0.489822775925601,0.9944780904880656
0.48986575414582784,0.9944780904880656
0.4899087399087399,0.9944780904880656
0.48995173321632296,0.9944780904880656
0.48999473407056343,0.9944780904880656
0.4900377424734486,0.9944780904880656
0.4900807584269663,0.9944780904880656
0.4901237819331051,0.9944780904880656
0.4901668129938543,0.9944780904880656
0.4902098516112038,0.9944780904880656
0.49025289778714437,0.9944780904880656
0.49029595152366734,0.9944780904880656
0.4903390128227648,0.9944780904880656
0.4903820816864295,0.9944780904880656
0.49042515811665494,0.9944780904880656
0.49046824211543527,0.9944780904880656
0.4905113336847654,0.9944780904880656
0.4905544328266409,0.9944780904880656
0.490597539543058,0.9944780904880656
0.4906406538360137,0.9944780904880656
0.4906837757075057,0.9944780904880656
0.4907269051595324,0.9944780904880656
0.4907700421940928,0.9944780904880656
0.4908131868131868,0.9944780904880656
0.4908563390188148,0.9944780904880656
0.4908994988129781,0.9944780904880656
0.4909426661976785,0.9944780904880656
0.49089789816199103,0.9942999643747773
0.4909410729991205,0.9942999643747773
0.49098425543143637,0.9942999643747773
0.491027445460943,0.9942999643747773
0.4910706430896455,0.9942999643747773
0.4911138483195495,0.9942999643747773
0.49115706115266167,0.9942999643747773
0.4912002815909891,0.9942999643747773
0.4912435096365396,0.9942999643747773
0.49128674529132194,0.9942999643747773
0.49132998855734533,0.9942999643747773
0.4913732394366197,0.9942999643747773
0.49141649793115594,0.9942999643747773
0.4914597640429653,0.9942999643747773
0.49150303777406007,0.9942999643747773
0.49154631912645297,0.9942999643747773
0.4915896081021576,0.9942999643747773
0.4916329047031883,0.9942999643747773
0.49167620893155994,0.9942999643747773
0.4917195207892882,0.9942999643747773
0.49176284027838957,0.9942999643747773
0.49180616740088107,0.9942999643747773
0.4918495021587805,0.9942999643747773
0.4918928445541064,0.9942999643747773
0.4919361945888781,0.9942999643747773
0.49197955226511547,0.9942999643747773
0.4920229175848391,0.9942999643747773
0.4920662905500705,0.9942999643747773
0.4921096711628317,0.9942999643747773
0.4921530594251455,0.9942999643747773
0.49219645533903533,0.9942999643747773
0.49223985890652555,0.9942999643747773
0.49228327012964107,0.9942999643747773
0.4923266890104075,0.9942999643747773
0.4923701155508512,0.9942999643747773
0.4924135497529993,0.9942999643747773
0.49250044115052055,0.9942999643747773
0.4925438983499515,0.9942999643747773
0.49258736321920227,0.9942999643747773
0.4926308357603036,0.9942999643747773
0.4926743159752868,0.9942999643747773
0.49271780386618413,0.9942999643747773
0.4927612994350282,0.9942999643747773
0.49280480268385274,0.9942999643747773
0.49284831361469184,0.9942999643747773
0.49289183222958055,0.9942999643747773
0.4929353585305546,0.9942999643747773
0.49297889251965027,0.9942999643747773
0.4930224341989048,0.9942999643747773
0.49306598357035597,0.9942999643747773
0.4931095406360424,0.9942999643747773
0.49315310539800333,0.9942999643747773
0.4932402580189096,0.9942999643747773
0.4932838458819371,0.9942999643747773
0.49332744144940344,0.9942999643747773
0.4933710447233516,0.9942999643747773
0.49341465570582516,0.9942999643747773
0.49345827439886847,0.9942999643747773
0.49350190080452655,0.9942999643747773
0.49354553492484526,0.9942999643747773
0.4935891767618711,0.9942999643747773
0.4936328263176512,0.9942999643747773
0.49367648359423366,0.9942999643747773
0.4937201485936671,0.9942999643747773
0.4937638213180009,0.9942999643747773
0.49380750176928523,0.9942999643747773
0.4938511899495709,0.9942999643747773
0.49389488586090957,0.9942999643747773
0.4939385895053535,0.9942999643747773
0.49398230088495576,0.9942999643747773
0.4940260200017701,0.9942999643747773
0.49406974685785093,0.9942999643747773
0.49411348145525363,0.9942999643747773
0.494157223796034,0.9942999643747773
0.49420097388224876,0.9942999643747773
0.4942447317159554,0.9942999643747773
0.4942884972992119,0.9942999643747773
0.4943322706340772,0.9942999643747773
0.49437605172261095,0.9942999643747773
0.4944198405668733,0.9942999643747773
0.4944636371689255,0.9942999643747773
0.4945074415308292,0.9942999643747773
0.4945512536546469,0.9942999643747773
0.494595073542442,0.9942999643747773
0.49463890119627824,0.9942999643747773
0.4946827366182205,0.9942999643747773
0.49472657981033413,0.9942999643747773
0.49477043077468535,0.9942999643747773
0.494814289513341,0.9942999643747773
0.4948581560283688,0.9942999643747773
0.49490203032183705,0.9942999643747773
0.49494591239581487,0.9942999643747773
0.4949898022523721,0.9942999643747773
0.49503369989357926,0.9942999643747773
0.49507760532150774,0.9942999643747773
0.49512151853822955,0.9942999643747773
0.49516543954581743,0.9942999643747773
0.49520936834634494,0.9942999643747773
0.49525330494188624,0.9942999643747773
0.4952972493345164,0.9942999643747773
0.4953412015263111,0.9942999643747773
0.4953851615193468,0.9942999643747773
0.4954291293157007,0.9942999643747773
0.4954731049174507,0.9942999643747773
0.49551708832667557,0.9942999643747773
0.49556107954545453,0.9942999643747773
0.4956050785758679,0.9942999643747773
0.49564908541999647,0.9942999643747773
0.49569310007992184,0.9942999643747773
0.49573712255772645,0.9942999643747773
0.4957811528554934,0.9942999643747773
0.4958251909753065,0.9942999643747773
0.4958692369192502,0.9942999643747773
0.4959132906894101,0.9942999643747773
0.4959573522878721,0.9942999643747773
0.49600142171672296,0.9942999643747773
0.4960454989780503,0.9942999643747773
0.49608958407394244,0.9942999643747773
0.4961336770064883,0.9942999643747773
0.4961777777777778,0.9942999643747773
0.49622188638990133,0.9942999643747773
0.4962660028449502,0.9942999643747773
0.49631012714501643,0.9942999643747773
0.4963542592921928,0.9942999643747773
0.4963983992885727,0.9942999643747773
0.49644254713625047,0.9942999643747773
0.496486702837321,0.9942999643747773
0.4965308663938801,0.9942999643747773
0.4965750378080242,0.9942999643747773
0.49661921708185053,0.9942999643747773
0.4966634042174571,0.9942999643747773
0.4967075992169425,0.9942999643747773
0.4967518020824063,0.9942999643747773
0.49679601281594876,0.9942999643747773
0.49684023141967065,0.9942999643747773
0.49688445789567387,0.9942999643747773
0.49692869224606073,0.9942999643747773
0.49697293447293445,0.9942999643747773
0.49701718457839905,0.9942999643747773
0.4970614425645592,0.9942999643747773
0.49710570843352037,0.9942999643747773
0.49714998218738865,0.9942999643747773
0.49719426382827114,0.9942999643747773
0.49723855335827544,0.9942999643747773
0.49728285077951,0.9942999643747773
0.4973271560940841,0.9942999643747773
0.49737146930410764,0.9942999643747773
0.4974157904116913,0.9942999643747773
0.49746011941894663,0.9942999643747773
0.49750445632798573,0.9942999643747773
0.49754880114092165,0.9942999643747773
0.4975931538598681,0.9942999643747773
0.4976375144869395,0.9942999643747773
0.4976818830242511,0.9942999643747773
0.49772625947391885,0.9942999643747773
0.4977706438380596,0.9942999643747773
0.4978150361187907,0.9942999643747773
0.4978594363182305,0.9942999643747773
0.4979038444384979,0.9942999643747773
0.49794826048171276,0.9942999643747773
0.49799268444999556,0.9942999643747773
0.49803711634546755,0.9942999643747773
0.49808155617025074,0.9942999643747773
0.49812600392646794,0.9942999643747773
0.49817045961624273,0.9942999643747773
0.4982149232416994,0.9942999643747773
0.49825939480496295,0.9942999643747773
0.49834836175341485,0.9942999643747773
0.49839285714285714,0.9942999643747773
0.49843736047861414,0.9942999643747773
0.4984818717628148,0.9942999643747773
0.49852639099758866,0.9942999643747773
0.4985709181850661,0.9942999643747773
0.4986154533273783,0.9942999643747773
0.49865999642665715,0.9942999643747773
0.4987045474850353,0.9942999643747773
0.49874910650464616,0.9942999643747773
0.498793673487624,0.9942999643747773
0.49883824843610364,0.9942999643747773
0.49888283135222095,0.9942999643747773
0.49892742223811226,0.9942999643747773
0.4989720210959149,0.9942999643747773
0.49901662792776685,0.9942999643747773
0.4990612427358069,0.9942999643747773
0.4991058655221745,0.9942999643747773
0.4991504962890101,0.9942999643747773
0.49919513503845464,0.9942999643747773
0.49923978177265005,0.9942999643747773
0.4992844364937388,0.9942999643747773
0.49932909920386437,0.9942999643747773
0.49937376990517085,0.9942999643747773
0.49941844859980317,0.9942999643747773
0.49946313528990693,0.9942999643747773
0.49950782997762866,0.9942999643747773
0.49955253266511546,0.9942999643747773
0.49959724335451533,0.9942999643747773
0.49964196204797706,0.9942999643747773
0.49968668874765015,0.9942999643747773
0.4997314234556849,0.9942999643747773
0.49977616617423226,0.9942999643747773
0.4998209169054441,0.9942999643747773
0.4998656756514731,0.9942999643747773
0.4999104424144725,0.9942999643747773
0.4999552171965965,0.9942999643747773
0.5,0.9942999643747773
0.5000447908268386,0.9942999643747773
0.500089589679269,0.9942999643747773
0.500134396559448,0.9942999643747773
0.500179211469534,0.9942999643747773
0.5002240344116856,0.9942999643747773
0.5002688653880624,0.9942999643747773
0.5003137044008246,0.9942999643747773
0.5003585514521334,0.9942999643747773
0.5004034065441506,0.9942999643747773
0.5004482696790389,0.9942999643747773
0.5004931408589617,0.9942999643747773
0.5005380200860832,0.9942999643747773
0.5005829073625684,0.9942999643747773
0.5006278026905829,0.9942999643747773
0.5006727060722935,0.9942999643747773
0.5007176175098672,0.9942999643747773
0.5007625370054724,0.9942999643747773
0.5008074645612776,0.9942999643747773
0.5008524001794527,0.9942999643747773
0.500897343862168,0.9942999643747773
0.5009422956115948,0.9942999643747773
0.5009872554299049,0.9942999643747773
0.5010322233192711,0.9942999643747773
0.5010771992818671,0.9942999643747773
0.5011221833198671,0.9942999643747773
0.5011671754354462,0.9942999643747773
0.5012121756307802,0.9942999643747773
0.501257183908046,0.9942999643747773
0.5013022002694207,0.9942999643747773
0.5013472247170828,0.9942999643747773
0.5013922572532111,0.9942999643747773
0.5014372978799856,0.9942999643747773
0.5014823465995868,0.9942999643747773
0.5015274034141959,0.9942999643747773
0.5015724683259951,0.9942999643747773
0.5016175413371675,0.9942999643747773
0.5016626224498967,0.9942999643747773
0.5017077116663671,0.9942999643747773
0.5017528089887641,0.9942999643747773
0.5017979144192737,0.9942999643747773
0.5018430279600827,0.9942999643747773
0.5018881496133789,0.9942999643747773
0.5019332793813506,0.9942999643747773
0.5019784172661871,0.9942999643747773
0.5020235632700782,0.9942999643747773
0.502068717395215,0.9942999643747773
0.5021138796437888,0.9942999643747773
0.5021590500179921,0.9942999643747773
0.502204228520018,0.9942999643747773
0.5022494151520605,0.9942999643747773
0.5022046252137137,0.9941218382614891
0.5022498200143989,0.9941218382614891
0.5022950229502295,0.9941218382614891
0.5023402340234023,0.9941218382614891
0.5023854532361148,0.9941218382614891
0.5024306805905654,0.9941218382614891
0.5024759160889529,0.9941218382614891
0.5025211597334774,0.9941218382614891
0.5025664115263395,0.9941218382614891
0.5026116714697406,0.9941218382614891
0.5026569395658831,0.9941218382614891
0.5027022158169699,0.9941218382614891
0.502747500225205,0.9941218382614891
0.5027927927927928,0.9941218382614891
0.5028380935219389,0.9941218382614891
0.5028834024148495,0.9941218382614891
0.5029287194737316,0.9941218382614891
0.5029740447007931,0.9941218382614891
0.5030193780982425,0.9941218382614891
0.5030647196682891,0.9941218382614891
0.5031100694131434,0.9941218382614891
0.5031554273350163,0.9941218382614891
0.5031106302407358,0.9939437121482009
0.503155996393147,0.9939437121482009
0.5032013707277482,0.9939437121482009
0.5032467532467533,0.9939437121482009
0.5032921439523766,0.9939437121482009
0.5033375428468339,0.9939437121482009
0.503382949932341,0.9939437121482009
0.5034283652111151,0.9939437121482009
0.503473788685374,0.9939437121482009
0.5035192203573362,0.9939437121482009
0.5035646602292212,0.9939437121482009
0.5036101083032491,0.9939437121482009
0.503655564581641,0.9939437121482009
0.5037010290666185,0.9939437121482009
0.5037465017604045,0.9939437121482009
0.5037919826652221,0.9939437121482009
0.5038374717832957,0.9939437121482009
0.5038829691168503,0.9939437121482009
0.5039284746681116,0.9939437121482009
0.5039739884393064,0.9939437121482009
0.5040195104326619,0.9939437121482009
0.5040650406504065,0.9939437121482009
0.5041105790947692,0.9939437121482009
0.5041561257679797,0.9939437121482009
0.5042016806722689,0.9939437121482009
0.5042472438098681,0.9939437121482009
0.5042928151830095,0.9939437121482009
0.5043383947939263,0.9939437121482009
0.5043839826448522,0.9939437121482009
0.5044295787380221,0.9939437121482009
0.5044751830756713,0.9939437121482009
0.5045207956600362,0.9939437121482009
0.5045664164933539,0.9939437121482009
0.5046120455778622,0.9939437121482009
0.5046576829157999,0.9939437121482009
0.5047033285094067,0.9939437121482009
0.5047489823609227,0.9939437121482009
0.5047946444725891,0.9939437121482009
0.5048403148466479,0.9939437121482009
0.504885993485342,0.9939437121482009
0.5049316803909148,0.9939437121482009
0.5049773755656108,0.9939437121482009
0.5050230790116753,0.9939437121482009
0.5050687907313541,0.9939437121482009
0.5051145107268942,0.9939437121482009
0.5051602390005432,0.9939437121482009
0.5052059755545496,0.9939437121482009
0.5052517203911626,0.9939437121482009
0.5052974735126324,0.9939437121482009
0.5053432349212099,0.9939437121482009
0.5053890046191468,0.9939437121482009
0.5054347826086957,0.9939437121482009
0.5054805688921098,0.9939437121482009
0.5055263634716434,0.9939437121482009
0.5055721663495515,0.9939437121482009
0.5056179775280899,0.9939437121482009
0.5056637970095151,0.9939437121482009
0.5057096247960848,0.9939437121482009
0.5057554608900571,0.9939437121482009
0.505801305293691,0.9939437121482009
0.5058471580092466,0.9939437121482009
0.5058930190389845,0.9939437121482009
0.5059388883851664,0.9939437121482009
0.5059847660500544,0.9939437121482009
0.5060306520359118,0.9939437121482009
0.5060765463450028,0.9939437121482009
0.5061224489795918,0.9939437121482009
0.5061683599419449,0.9939437121482009
0.5062142792343283,0.9939437121482009
0.5062602068590093,0.9939437121482009
0.506306142818256,0.9939437121482009
0.5063520871143375,0.9939437121482009
0.5063980397495236,0.9939437121482009
0.5064440007260846,0.9939437121482009
0.5064899700462921,0.9939437121482009
0.5065359477124183,0.9939437121482009
0.5065819337267363,0.9939437121482009
0.5066279280915199,0.9939437121482009
0.5066739308090439,0.9939437121482009
0.5067199418815838,0.9939437121482009
0.5067659613114158,0.9939437121482009
0.5068119891008175,0.9939437121482009
0.5068580252520665,0.9939437121482009
0.5069040697674418,0.9939437121482009
0.5069501226492232,0.9939437121482009
0.506996183899691,0.9939437121482009
0.5070422535211268,0.9939437121482009
0.5070883315158125,0.9939437121482009
0.5071344178860311,0.9939437121482009
0.5071805126340665,0.9939437121482009
0.5072266157622034,0.9939437121482009
0.5072727272727273,0.9939437121482009
0.5073188471679243,0.9939437121482009
0.5073649754500819,0.9939437121482009
0.5074111121214877,0.9939437121482009
0.5074572571844307,0.9939437121482009
0.5075034106412005,0.9939437121482009
0.5075495724940877,0.9939437121482009
0.5075957427453834,0.9939437121482009
0.50764192139738,0.9939437121482009
0.5076881084523701,0.9939437121482009
0.5077343039126478,0.9939437121482009
0.5077805077805078,0.9939437121482009
0.5078267200582454,0.9939437121482009
0.5078729407481569,0.9939437121482009
0.5079191698525396,0.9939437121482009
0.5079654073736914,0.9939437121482009
0.5080116533139112,0.9939437121482009
0.5080579076754985,0.9939437121482009
0.508104170460754,0.9939437121482009
0.5081504416719789,0.9939437121482009
0.5081967213114754,0.9939437121482009
0.5082430093815465,0.9939437121482009
0.5082893058844963,0.9939437121482009
0.5083356108226291,0.9939437121482009
0.5083819241982507,0.9939437121482009
0.5084282460136674,0.9939437121482009
0.5084745762711864,0.9939437121482009
0.5085209149731158,0.9939437121482009
0.5085672621217645,0.9939437121482009
0.5086136177194421,0.9939437121482009
0.5086599817684594,0.9939437121482009
0.5087063542711278,0.9939437121482009
0.5087991246466673,0.9939437121482009
0.5088455225241656,0.9939437121482009
0.5088919288645691,0.9939437121482009
0.5089383436701933,0.9939437121482009
0.5089847669433549,0.9939437121482009
0.5090311986863711,0.9939437121482009
0.5090776389015601,0.9939437121482009
0.5091240875912408,0.9939437121482009
0.5091705447577334,0.9939437121482009
0.5092170104033583,0.9939437121482009
0.5092634845304371,0.9939437121482009
0.5093099671412924,0.9939437121482009
0.5093564582382474,0.9939437121482009
0.5094029578236261,0.9939437121482009
0.5094494658997535,0.9939437121482009
0.5094959824689554,0.9939437121482009
0.5095425075335586,0.9939437121482009
0.5095890410958904,0.9939437121482009
0.5096355831582793,0.9939437121482009
0.5096821337230545,0.9939437121482009
0.509728692792546,0.9939437121482009
0.5097752603690846,0.9939437121482009
0.5098218364550022,0.9939437121482009
0.5098684210526315,0.9939437121482009
0.509915014164306,0.9939437121482009
0.5099616157923598,0.9939437121482009
0.5100082259391281,0.9939437121482009
0.5100548446069469,0.9939437121482009
0.5101014717981533,0.9939437121482009
0.510148107515085,0.9939437121482009
0.5101947517600804,0.9939437121482009
0.5102414045354792,0.9939437121482009
0.5102880658436214,0.9939437121482009
0.5103347356868484,0.9939437121482009
0.510381414067502,0.9939437121482009
0.5104281009879253,0.9939437121482009
0.510474796450462,0.9939437121482009
0.5105215004574566,0.9939437121482009
0.5105682130112544,0.9939437121482009
0.510614934114202,0.9939437121482009
0.5106616637686465,0.9939437121482009
0.5107084019769358,0.9939437121482009
0.5107551487414188,0.9939437121482009
0.5108019040644453,0.9939437121482009
0.5108486679483658,0.9939437121482009
0.5108954403955319,0.9939437121482009
0.5109422214082959,0.9939437121482009
0.510989010989011,0.9939437121482009
0.5110358091400311,0.9939437121482009
0.5110826158637113,0.9939437121482009
0.5111294311624073,0.9939437121482009
0.5111762550384756,0.9939437121482009
0.5112230874942739,0.9939437121482009
0.5112699285321606,0.9939437121482009
0.5113167781544946,0.9939437121482009
0.5113636363636364,0.9939437121482009
0.5114105031619467,0.9939437121482009
0.5114573785517873,0.9939437121482009
0.5115042625355212,0.9939437121482009
0.5115511551155115,0.9939437121482009
0.511598056294123,0.9939437121482009
0.5116449660737209,0.9939437121482009
0.5116918844566712,0.9939437121482009
0.5117388114453412,0.9939437121482009
0.5117857470420986,0.9939437121482009
0.5118326912493121,0.9939437121482009
0.5118796440693514,0.9939437121482009
0.5119266055045871,0.9939437121482009
0.5119735755573905,0.9939437121482009
0.5120205542301339,0.9939437121482009
0.5120675415251904,0.9939437121482009
0.512114537444934,0.9939437121482009
0.5121615419917394,0.9939437121482009
0.5122085551679824,0.9939437121482009
0.5122555769760396,0.9939437121482009
0.5123026074182887,0.9939437121482009
0.5123496464971077,0.9939437121482009
0.512396694214876,0.9939437121482009
0.5124437505739737,0.9939437121482009
0.5124908155767818,0.9939437121482009
0.512537889225682,0.9939437121482009
0.5125849715230572,0.9939437121482009
0.5126320624712908,0.9939437121482009
0.5126791620727673,0.9939437121482009
0.5127262703298723,0.9939437121482009
0.5127733872449918,0.9939437121482009
0.5128205128205128,0.9939437121482009
0.5128676470588235,0.9939437121482009
0.5129147899623128,0.9939437121482009
0.5129619415333702,0.9939437121482009
0.5130091017743863,0.9939437121482009
0.5130562706877528,0.9939437121482009
0.5131034482758621,0.9939437121482009
0.5131506345411072,0.9939437121482009
0.5131978294858824,0.9939437121482009
0.5132450331125827,0.9939437121482009
0.5132922454236041,0.9939437121482009
0.5133394664213431,0.9939437121482009
0.5133866961081976,0.9939437121482009
0.513433934486566,0.9939437121482009
0.5134811815588479,0.9939437121482009
0.5135284373274434,0.9939437121482009
0.5135757017947538,0.9939437121482009
0.5136229749631811,0.9939437121482009
0.5136702568351285,0.9939437121482009
0.5137175474129995,0.9939437121482009
0.513764846699199,0.9939437121482009
0.5138121546961326,0.9939437121482009
0.5138594714062068,0.9939437121482009
0.513906796831829,0.9939437121482009
0.5139541309754075,0.9939437121482009
0.5140014738393515,0.9939437121482009
0.5140488254260709,0.9939437121482009
0.5140961857379768,0.9939437121482009
0.5141435547774809,0.9939437121482009
0.514190932546996,0.9939437121482009
0.5142383190489356,0.9939437121482009
0.5142857142857142,0.9939437121482009
0.5143331182597475,0.9939437121482009
0.5143805309734514,0.9939437121482009
0.5144279524292431,0.9939437121482009
0.5144753826295408,0.9939437121482009
0.5145228215767634,0.9939437121482009
0.5145702692733308,0.9939437121482009
0.5146177257216638,0.9939437121482009
0.5146651909241837,0.9939437121482009
0.5147126648833134,0.9939437121482009
0.514760147601476,0.9939437121482009
0.5148076390810961,0.9939437121482009
0.5148551393245986,0.9939437121482009
0.5149026483344099,0.9939437121482009
0.5149501661129569,0.9939437121482009
0.5149976926626673,0.9939437121482009
0.5150452279859701,0.9939437121482009
0.5151403249630724,0.9939437121482009
0.5151878866217339,0.9939437121482009
0.5152354570637119,0.9939437121482009
0.5152830362914397,0.9939437121482009
0.5153306243073513,0.9939437121482009
0.515378221113882,0.9939437121482009
0.5154258267134676,0.9939437121482009
0.515473441108545,0.9939437121482009
0.5155210643015521,0.9939437121482009
0.5155686962949275,0.9939437121482009
0.5156163370911107,0.9939437121482009
0.5156639866925423,0.9939437121482009
0.5157116451016636,0.9939437121482009
0.5157593123209169,0.9939437121482009
0.5158069883527454,0.9939437121482009
0.5158546731995932,0.9939437121482009
0.5159023668639053,0.9939437121482009
0.5159500693481276,0.9939437121482009
0.5159977806547069,0.9939437121482009
0.5160455007860908,0.9939437121482009
0.516093229744728,0.9939437121482009
0.5161409675330682,0.9939437121482009
0.5161887141535615,0.9939437121482009
0.5162364696086594,0.9939437121482009
0.5162842339008142,0.9939437121482009
0.516332007032479,0.9939437121482009
0.5163797890061077,0.9939437121482009
0.5164275798241554,0.9939437121482009
0.5164753794890781,0.9939437121482009
0.5165231880033324,0.9939437121482009
0.5165710053693761,0.9939437121482009
0.5166188315896676,0.9939437121482009
0.5166666666666667,0.9939437121482009
0.5167145106028336,0.9939437121482009
0.5167623634006298,0.9939437121482009
0.5168102250625174,0.9939437121482009
0.5168580955909596,0.9939437121482009
0.5169059749884206,0.9939437121482009
0.5169538632573653,0.9939437121482009
0.5170017604002595,0.9939437121482009
0.5170496664195701,0.9939437121482009
0.5170975813177648,0.9939437121482009
0.5171455050973123,0.9939437121482009
0.5171934377606822,0.9939437121482009
0.5172413793103449,0.9939437121482009
0.5172893297487716,0.9939437121482009
0.517337289078435,0.9939437121482009
0.5173852573018081,0.9939437121482009
0.517433234421365,0.9939437121482009
0.5174812204395808,0.9939437121482009
0.5175292153589316,0.9939437121482009
0.517577219181894,0.9939437121482009
0.5176252319109462,0.9939437121482009
0.5176732535485666,0.9939437121482009
0.5177212840972351,0.9939437121482009
0.5177693235594322,0.9939437121482009
0.5178173719376392,0.9939437121482009
0.5178654292343388,0.9939437121482009
0.5179134954520141,0.9939437121482009
0.5179615705931495,0.9939437121482009
0.5180096546602302,0.9939437121482009
0.5180577476557423,0.9939437121482009
0.5181058495821727,0.9939437121482009
0.5181539604420095,0.9939437121482009
0.5182020802377415,0.9939437121482009
0.5182502089718585,0.9939437121482009
0.5182983466468511,0.9939437121482009
0.5183946488294314,0.9939437121482009
0.518442813342005,0.9939437121482009
0.5184909868054265,0.9939437121482009
0.5185391692221912,0.9939437121482009
0.5185873605947955,0.9939437121482009
0.5186355609257366,0.9939437121482009
0.5186837702175126,0.9939437121482009
0.5187319884726225,0.9939437121482009
0.5187802156935664,0.9939437121482009
0.5188284518828452,0.9939437121482009
0.5188766970429608,0.9939437121482009
0.5189249511764159,0.9939437121482009
0.5189732142857143,0.9939437121482009
0.5190214863733607,0.9939437121482009
0.5190697674418605,0.9939437121482009
0.5191180574937203,0.9939437121482009
0.5191663565314477,0.9939437121482009
0.5192146645575509,0.9939437121482009
0.5192629815745393,0.9939437121482009
0.5193113075849232,0.9939437121482009
0.5193596425912137,0.9939437121482009
0.5194079865959229,0.9939437121482009
0.519456339601564,0.9939437121482009
0.5195047016106508,0.9939437121482009
0.5195530726256983,0.9939437121482009
0.5196014526492224,0.9939437121482009
0.51964984168374,0.9939437121482009
0.5196982397317687,0.9939437121482009
0.5197466467958272,0.9939437121482009
0.519795062878435,0.9939437121482009
0.5198434879821129,0.9939437121482009
0.5198919221093823,0.9939437121482009
0.5199403652627655,0.9939437121482009
0.5199888174447861,0.9939437121482009
0.5200372786579683,0.9939437121482009
0.5200857489048374,0.9939437121482009
0.5201342281879194,0.9939437121482009
0.5201827165097418,0.9939437121482009
0.5202312138728323,0.9939437121482009
0.5202797202797202,0.9939437121482009
0.5203282357329355,0.9939437121482009
0.5203767602350089,0.9939437121482009
0.5204252937884724,0.9939437121482009
0.5204738363958586,0.9939437121482009
0.5205223880597015,0.9939437121482009
0.5205709487825357,0.9939437121482009
0.5206195185668968,0.9939437121482009
0.5206680974153215,0.9939437121482009
0.5207166853303471,0.9939437121482009
0.5207652823145124,0.9939437121482009
0.5208138883703566,0.9939437121482009
0.5208625035004201,0.9939437121482009
0.5209111277072442,0.9939437121482009
0.5209597609933713,0.9939437121482009
0.5210084033613446,0.9939437121482009
0.5210570548137081,0.9939437121482009
0.5211057153530071,0.9939437121482009
0.5211543849817876,0.9939437121482009
0.5212030637025967,0.9939437121482009
0.5212517515179822,0.9939437121482009
0.5213004484304933,0.9939437121482009
0.5213491544426796,0.9939437121482009
0.5213978695570921,0.9939437121482009
0.5214465937762826,0.9939437121482009
0.5214953271028038,0.9939437121482009
0.5215440695392093,0.9939437121482009
0.5215928210880538,0.9939437121482009
0.521641581751893,0.9939437121482009
0.5216903515332835,0.9939437121482009
0.5217391304347826,0.9939437121482009
0.5217879184589489,0.9939437121482009
0.5218367156083419,0.9939437121482009
0.5218855218855218,0.9939437121482009
0.5219343372930503,0.9939437121482009
0.5219831618334893,0.9939437121482009
0.5220319955094022,0.9939437121482009
0.5220808383233533,0.9939437121482009
0.5221296902779078,0.9939437121482009
0.5221785513756316,0.9939437121482009
0.5222763010108573,0.9939437121482009
0.5223251895534962,0.9939437121482009
0.5223740872495787,0.9939437121482009
0.5224229941016759,0.9939437121482009
0.5224719101123596,0.9939437121482009
0.5225208352842027,0.9939437121482009
0.522569769619779,0.9939437121482009
0.5226187131216634,0.9939437121482009
0.5226676657924316,0.9939437121482009
0.5227166276346604,0.9939437121482009
0.5227655986509275,0.9939437121482009
0.5228145788438114,0.9939437121482009
0.5228635682158921,0.9939437121482009
0.5229125667697498,0.9939437121482009
0.5229615745079662,0.9939437121482009
0.523010591433124,0.9939437121482009
0.5230596175478065,0.9939437121482009
0.5231086528545983,0.9939437121482009
0.5231576973560847,0.9939437121482009
0.5232067510548524,0.9939437121482009
0.5232558139534884,0.9939437121482009
0.5233048860545813,0.9939437121482009
0.5233539673607203,0.9939437121482009
0.5234030578744958,0.9939437121482009
0.5234521575984991,0.9939437121482009
0.5235012665353223,0.9939437121482009
0.5235503846875587,0.9939437121482009
0.5235995120578024,0.9939437121482009
0.5236486486486487,0.9939437121482009
0.5236977944626936,0.9939437121482009
0.5237469495025343,0.9939437121482009
0.5237961137707688,0.9939437121482009
0.5238452872699962,0.9939437121482009
0.5238944700028166,0.9939437121482009
0.523943661971831,0.9939437121482009
0.5239928631796413,0.9939437121482009
0.5240420736288505,0.9939437121482009
0.5241405222618823,0.9939437121482009
0.5241897604509159,0.9939437121482009
0.5239661654135338,0.9930530815817599
0.5240154149826112,0.9930530815817599
0.5240646738108667,0.9930530815817599
0.5241139419009119,0.9930530815817599
0.5241632192553591,0.9930530815817599
0.5242125058768218,0.9930530815817599
0.5242618017679143,0.9930530815817599
0.5243111069312517,0.9930530815817599
0.5243604213694507,0.9930530815817599
0.5244097450851284,0.9930530815817599
0.5244590780809031,0.9930530815817599
0.5245084203593942,0.9930530815817599
0.5245577719232217,0.9930530815817599
0.524607132775007,0.9930530815817599
0.5246565029173725,0.9930530815817599
0.5247058823529411,0.9930530815817599
0.5247552710843374,0.9930530815817599
0.5248046691141862,0.9930530815817599
0.524854076445114,0.9930530815817599
0.5249034930797477,0.9930530815817599
0.5249529190207156,0.9930530815817599
0.5250023542706469,0.9930530815817599
0.5250517988321718,0.9930530815817599
0.5251012527079213,0.9930530815817599
0.5247879359095193,0.9918061987887424
0.5248374022056744,0.9918061987887424
0.5248868778280543,0.9918061987887424
0.5249363627792967,0.9918061987887424
0.5249858570620404,0.9918061987887424
0.5250353606789251,0.9918061987887424
0.5250848736325915,0.9918061987887424
0.5251343959256815,0.9918061987887424
0.5251839275608375,0.9918061987887424
0.5252334685407037,0.9918061987887424
0.5252830188679245,0.9918061987887424
0.5253325785451458,0.9918061987887424
0.5253821475750141,0.9918061987887424
0.5254317259601774,0.9918061987887424
0.5254813137032842,0.9918061987887424
0.5255309108069844,0.9918061987887424
0.5255805172739286,0.9918061987887424
0.5256301331067686,0.9918061987887424
0.525679758308157,0.9918061987887424
0.5257293928807478,0.9918061987887424
0.5257790368271955,0.9918061987887424
0.5258286901501559,0.9918061987887424
0.5258783528522856,0.9918061987887424
0.5259280249362426,0.9918061987887424
0.5259777064046854,0.9918061987887424
0.5260273972602739,0.9918061987887424
0.5260770975056689,0.9918061987887424
0.5261268071435321,0.9918061987887424
0.5261765261765262,0.9918061987887424
0.526226254607315,0.9918061987887424
0.5262759924385634,0.9918061987887424
0.5263257396729369,0.9918061987887424
0.5263754963131027,0.9918061987887424
0.5264252623617283,0.9918061987887424
0.5264750378214826,0.9918061987887424
0.5265248226950354,0.9918061987887424
0.5265746169850577,0.9918061987887424
0.5266244206942211,0.9918061987887424
0.5266742338251986,0.9918061987887424
0.5267240563806641,0.9918061987887424
0.5267738883632923,0.9918061987887424
0.5268237297757593,0.9918061987887424
0.5268735806207419,0.9918061987887424
0.5269234409009179,0.9918061987887424
0.5269733106189665,0.9918061987887424
0.5270231897775675,0.9918061987887424
0.5270730783794018,0.9918061987887424
0.5271229764271513,0.9918061987887424
0.5271728839234994,0.9918061987887424
0.5272228008711296,0.9918061987887424
0.5272727272727272,0.9918061987887424
0.5273226631309783,0.9918061987887424
0.5273726084485698,0.9918061987887424
0.5274225632281898,0.9918061987887424
0.5274725274725275,0.9918061987887424
0.5275225011842729,0.9918061987887424
0.5275724843661171,0.9918061987887424
0.5276224770207524,0.9918061987887424
0.5276724791508719,0.9918061987887424
0.5277224907591698,0.9918061987887424
0.5277725118483413,0.9918061987887424
0.5278225424210826,0.9918061987887424
0.5278725824800911,0.9918061987887424
0.5279226320280649,0.9918061987887424
0.5279726910677034,0.9918061987887424
0.528022759601707,0.9918061987887424
0.5280728376327769,0.9918061987887424
0.5281229251636157,0.9918061987887424
0.5281730221969266,0.9918061987887424
0.5282231287354141,0.9918061987887424
0.5282732447817837,0.9918061987887424
0.5283233703387418,0.9918061987887424
0.528373505408996,0.9918061987887424
0.5284236499952548,0.9918061987887424
0.5284738041002278,0.9918061987887424
0.5285239677266256,0.9918061987887424
0.5285741408771597,0.9918061987887424
0.5286243235545429,0.9918061987887424
0.5286745157614888,0.9918061987887424
0.5287247175007121,0.9918061987887424
0.5287749287749288,0.9918061987887424
0.5288251495868553,0.9918061987887424
0.5288753799392097,0.9918061987887424
0.5289256198347108,0.9918061987887424
0.5289758692760783,0.9918061987887424
0.5290261282660332,0.9918061987887424
0.5290763968072976,0.9918061987887424
0.5291266749025944,0.9918061987887424
0.5291769625546474,0.9918061987887424
0.5292272597661819,0.9918061987887424
0.529277566539924,0.9918061987887424
0.5293278828786007,0.9918061987887424
0.5293782087849401,0.9918061987887424
0.5294285442616716,0.9918061987887424
0.5294788893115253,0.9918061987887424
0.5295292439372326,0.9918061987887424
0.5295796081415256,0.9918061987887424
0.5296299819271378,0.9918061987887424
0.5296803652968036,0.9918061987887424
0.5297307582532584,0.9918061987887424
0.5297811607992389,0.9918061987887424
0.5298315729374822,0.9918061987887424
0.529881994670727,0.9918061987887424
0.5299828669331811,0.9918061987887424
0.5300333174678724,0.9918061987887424
0.5300837776085301,0.9918061987887424
0.5301342473578977,0.9918061987887424
0.5301847267187202,0.9918061987887424
0.5302352156937434,0.9918061987887424
0.5302857142857142,0.9918061987887424
0.5303362224973807,0.9918061987887424
0.5303867403314917,0.9918061987887424
0.5304372677907974,0.9918061987887424
0.5304878048780488,0.9918061987887424
0.530538351595998,0.9918061987887424
0.5305889079473985,0.9918061987887424
0.5306394739350043,0.9918061987887424
0.5306900495615707,0.9918061987887424
0.5307406348298541,0.9918061987887424
0.5307912297426121,0.9918061987887424
0.5308418343026027,0.9918061987887424
0.5308924485125858,0.9918061987887424
0.5309430723753218,0.9918061987887424
0.5309937058935724,0.9918061987887424
0.5310443490701001,0.9918061987887424
0.5310950019076688,0.9918061987887424
0.5311456644090432,0.9918061987887424
0.5311963365769892,0.9918061987887424
0.5312470184142735,0.9918061987887424
0.5312977099236641,0.9918061987887424
0.5313484111079302,0.9918061987887424
0.5313991219698416,0.9918061987887424
0.5314498425121695,0.9918061987887424
0.5315005727376861,0.9918061987887424
0.5315513126491647,0.9918061987887424
0.5316020622493794,0.9918061987887424
0.5316528215411057,0.9918061987887424
0.5317035905271199,0.9918061987887424
0.5317543692101996,0.9918061987887424
0.5318051575931232,0.9918061987887424
0.5318559556786704,0.9918061987887424
0.5319067634696217,0.9918061987887424
0.531957580968759,0.9918061987887424
0.5320084081788649,0.9918061987887424
0.5320592451027234,0.9918061987887424
0.5320145259938838,0.9916280726754543
0.5320653732199178,0.9916280726754543
0.5321162301663162,0.9916280726754543
0.5321670968358666,0.9916280726754543
0.5322179732313576,0.9916280726754543
0.5322688593555789,0.9916280726754543
0.5323197552113215,0.9916280726754543
0.5323706608013771,0.9916280726754543
0.5324215761285387,0.9916280726754543
0.5324725011956002,0.9916280726754543
0.5325234360053568,0.9916280726754543
0.5325743805606046,0.9916280726754543
0.5326253348641409,0.9916280726754543
0.5326762989187638,0.9916280726754543
0.5327272727272727,0.9916280726754543
0.5327782562924682,0.9916280726754543
0.5328292496171516,0.9916280726754543
0.5328802527041255,0.9916280726754543
0.5329312655561937,0.9916280726754543
0.5329822881761609,0.9916280726754543
0.5330333205668326,0.9916280726754543
0.533084362731016,0.9916280726754543
0.5331354146715188,0.9916280726754543
0.5331864763911502,0.9916280726754543
0.5332375478927203,0.9916280726754543
0.5332886291790402,0.9916280726754543
0.533339720252922,0.9916280726754543
0.5333908211171793,0.9916280726754543
0.5334419317746263,0.9916280726754543
0.5334930522280786,0.9916280726754543
0.5335441824803527,0.9916280726754543
0.5335953225342662,0.9916280726754543
0.5336464723926381,0.9916280726754543
0.5336976320582878,0.9916280726754543
0.5337488015340365,0.9916280726754543
0.533799980822706,0.9916280726754543
0.5338511699271193,0.9916280726754543
0.5339023688501007,0.9916280726754543
0.5339535775944754,0.9916280726754543
0.5340047961630695,0.9916280726754543
0.5340560245587107,0.9916280726754543
0.5341072627842272,0.9916280726754543
0.5341585108424487,0.9916280726754543
0.5342097687362057,0.9916280726754543
0.5342610364683301,0.9916280726754543
0.5343123140416547,0.9916280726754543
0.5343636014590133,0.9916280726754543
0.5344148987232409,0.9916280726754543
0.5344662058371735,0.9916280726754543
0.5345175228036486,0.9916280726754543
0.5345688496255041,0.9916280726754543
0.5346201863055796,0.9916280726754543
0.5346715328467153,0.9916280726754543
0.5347228892517529,0.9916280726754543
0.5347742555235351,0.9916280726754543
0.534550696780394,0.9907374421090132
0.5346020761245674,0.9907374421090132
0.5346534653465347,0.9907374421090132
0.5347048644491444,0.9907374421090132
0.5347562734352466,0.9907374421090132
0.5348076923076923,0.9907374421090132
0.5348591210693336,0.9907374421090132
0.5349105597230237,0.9907374421090132
0.5347315759091784,0.9900249376558603
0.5347830270374291,0.9900249376558603
0.5348344880677445,0.9900249376558603
0.534520943668753,0.9887780548628429
0.5345724191063174,0.9887780548628429
0.5346239044592122,0.9887780548628429
0.5347269049224544,0.9887780548628429
0.5347784200385356,0.9887780548628429
0.5348299450814143,0.9887780548628429
0.5348814800539603,0.9887780548628429
0.534933024959044,0.9887780548628429
0.5349845797995374,0.9887780548628429
0.5350361445783133,0.9887780548628429
0.5350877192982456,0.9887780548628429
0.5351393039622095,0.9887780548628429
0.5351908985730813,0.9887780548628429
0.5352425031337383,0.9887780548628429
0.5352941176470588,0.9887780548628429
0.5353457421159225,0.9887780548628429
0.5353973765432098,0.9887780548628429
0.5354490209318028,0.9887780548628429
0.5355006752845842,0.9887780548628429
0.535552339604438,0.9887780548628429
0.5356040138942493,0.9887780548628429
0.5356556981569044,0.9887780548628429
0.5357073923952905,0.9887780548628429
0.5357590966122961,0.9887780548628429
0.5358108108108108,0.9887780548628429
0.5358625349937253,0.9887780548628429
0.5359142691639313,0.9887780548628429
0.5359660133243217,0.9887780548628429
0.5360177674777906,0.9887780548628429
0.5360695316272333,0.9887780548628429
0.5361213057755457,0.9887780548628429
0.5361730899256254,0.9887780548628429
0.536224884080371,0.9887780548628429
0.5362766882426818,0.9887780548628429
0.5363285024154589,0.9887780548628429
0.5363803266016041,0.9887780548628429
0.5364321608040201,0.9887780548628429
0.5364840050256113,0.9887780548628429
0.5365358592692828,0.9887780548628429
0.536587723537941,0.9887780548628429
0.5366395978344934,0.9887780548628429
0.5366914821618486,0.9887780548628429
0.5367433765229163,0.9887780548628429
0.5367952809206072,0.9887780548628429
0.5368471953578337,0.9887780548628429
0.5368991198375085,0.9887780548628429
0.536951054362546,0.9887780548628429
0.5370029989358615,0.9887780548628429
0.5370549535603715,0.9887780548628429
0.5371069182389937,0.9887780548628429
0.5371588929746468,0.9887780548628429
0.5372108777702507,0.9887780548628429
0.5372628726287263,0.9887780548628429
0.5373148775529958,0.9887780548628429
0.5373668925459826,0.9887780548628429
0.5374189176106109,0.9887780548628429
0.5374709527498064,0.9887780548628429
0.5375229979664956,0.9887780548628429
0.5375750532636064,0.9887780548628429
0.5376791941108098,0.9887780548628429
0.5377312796667635,0.9887780548628429
0.5377833753148614,0.9887780548628429
0.537835481058037,0.9887780548628429
0.5378875968992248,0.9887780548628429
0.5379397228413606,0.9887780548628429
0.5379918588873813,0.9887780548628429
0.5380440050402249,0.9887780548628429
0.5380961613028306,0.9887780548628429
0.5381483276781386,0.9887780548628429
0.5382005041690906,0.9887780548628429
0.5382526907786289,0.9887780548628429
0.5383048875096974,0.9887780548628429
0.538357094365241,0.9887780548628429
0.5384093113482056,0.9887780548628429
0.5384615384615384,0.9887780548628429
0.5385137757081878,0.9887780548628429
0.5385660230911031,0.9887780548628429
0.538618280613235,0.9887780548628429
0.5386705482775351,0.9887780548628429
0.5387228260869565,0.9887780548628429
0.5387751140444531,0.9887780548628429
0.53882741215298,0.9887780548628429
0.5388797204154936,0.9887780548628429
0.5389320388349514,0.9887780548628429
0.5389843674143121,0.9887780548628429
0.5390367061565352,0.9887780548628429
0.5390890550645819,0.9887780548628429
0.5391414141414141,0.9887780548628429
0.5391937833899951,0.9887780548628429
0.5392461628132893,0.9887780548628429
0.5392985524142622,0.9887780548628429
0.5393509521958803,0.9887780548628429
0.5394033621611116,0.9887780548628429
0.5394557823129251,0.9887780548628429
0.5395082126542909,0.9887780548628429
0.5395606531881804,0.9887780548628429
0.5396131039175659,0.9887780548628429
0.5396655648454209,0.9887780548628429
0.5397180359747205,0.9887780548628429
0.5397705173084403,0.9887780548628429
0.5398230088495575,0.9887780548628429
0.5398755106010504,0.9887780548628429
0.5399280225658982,0.9887780548628429
0.5399805447470817,0.9887780548628429
0.5400330771475824,0.9887780548628429
0.5400856197703834,0.9887780548628429
0.5401381726184684,0.9887780548628429
0.5401907356948229,0.9887780548628429
0.5402433090024331,0.9887780548628429
0.5402958925442866,0.9887780548628429
0.540348486323372,0.9887780548628429
0.5404010903426791,0.9887780548628429
0.5404537046051991,0.9887780548628429
0.540506329113924,0.9887780548628429
0.5405589638718473,0.9887780548628429
0.5406116088819634,0.9887780548628429
0.540664264147268,0.9887780548628429
0.5407169296707578,0.9887780548628429
0.5407696054554311,0.9887780548628429
0.5408222915042868,0.9887780548628429
0.5408749878203254,0.9887780548628429
0.5409276944065484,0.9887780548628429
0.5409804112659585,0.9887780548628429
0.5410331384015594,0.9887780548628429
0.5410858758163564,0.9887780548628429
0.5411386235133554,0.9887780548628429
0.541191381495564,0.9887780548628429
0.5412441497659907,0.9887780548628429
0.5412969283276451,0.9887780548628429
0.5413497171835381,0.9887780548628429
0.5414025163366819,0.9887780548628429
0.5414553257900897,0.9887780548628429
0.541508145546776,0.9887780548628429
0.5415609756097561,0.9887780548628429
0.541613815982047,0.9887780548628429
0.5416666666666666,0.9887780548628429
0.5417195276666341,0.9887780548628429
0.5417723989849698,0.9887780548628429
0.5418252806246949,0.9887780548628429
0.5418781725888325,0.9887780548628429
0.5419310748804061,0.9887780548628429
0.5419839875024409,0.9887780548628429
0.5420369104579631,0.9887780548628429
0.54208984375,0.9887780548628429
0.5421427873815803,0.9887780548628429
0.5421957413557336,0.9887780548628429
0.5422487056754909,0.9887780548628429
0.5423016803438844,0.9887780548628429
0.5423546653639473,0.9887780548628429
0.542407660738714,0.9887780548628429
0.5424606664712206,0.9887780548628429
0.5425136825645035,0.9887780548628429
0.542566709021601,0.9887780548628429
0.5426197458455523,0.9887780548628429
0.5426727930393977,0.9887780548628429
0.5427258506061791,0.9887780548628429
0.5427789185489391,0.9887780548628429
0.5428319968707217,0.9887780548628429
0.5428850855745722,0.9887780548628429
0.5429381846635368,0.9887780548628429
0.5429912941406632,0.9887780548628429
0.5430444140090002,0.9887780548628429
0.5430975442715977,0.9887780548628429
0.5431506849315069,0.9887780548628429
0.54320383599178,0.9887780548628429
0.5432569974554707,0.9887780548628429
0.5433101693256337,0.9887780548628429
0.543363351605325,0.9887780548628429
0.5434165442976016,0.9887780548628429
0.5434697474055218,0.9887780548628429
0.5435229609321454,0.9887780548628429
0.5435761848805327,0.9887780548628429
0.543629419253746,0.9887780548628429
0.5436826640548482,0.9887780548628429
0.5437359192869037,0.9887780548628429
0.543789184952978,0.9887780548628429
0.543842461056138,0.9887780548628429
0.5438957475994513,0.9887780548628429
0.5439490445859873,0.9887780548628429
0.5440023520188162,0.9887780548628429
0.5440556699010095,0.9887780548628429
0.5441089982356401,0.9887780548628429
0.5441623370257818,0.9887780548628429
0.5442156862745098,0.9887780548628429
0.5442690459849004,0.9887780548628429
0.5443224161600314,0.9887780548628429
0.5443757968029813,0.9887780548628429
0.5444291879168301,0.9887780548628429
0.5444825895046591,0.9887780548628429
0.5445360015695507,0.9887780548628429
0.5445894241145884,0.9887780548628429
0.5446428571428571,0.9887780548628429
0.5446963006574428,0.9887780548628429
0.5446069290411227,0.9884218026362664
0.5446603847663918,0.9884218026362664
0.5447138509865515,0.9884218026362664
0.5447673277046927,0.9884218026362664
0.5448208149239077,0.9884218026362664
0.5448743126472899,0.9884218026362664
0.5449278208779338,0.9884218026362664
0.5449813396189354,0.9884218026362664
0.5450348688733916,0.9884218026362664
0.5450884086444008,0.9884218026362664
0.5451419589350623,0.9884218026362664
0.5451955197484771,0.9884218026362664
0.5452490910877469,0.9884218026362664
0.5453026729559748,0.9884218026362664
0.5453562653562654,0.9884218026362664
0.545409868291724,0.9884218026362664
0.5454634817654576,0.9884218026362664
0.5455171057805741,0.9884218026362664
0.5455707403401828,0.9884218026362664
0.5456243854473943,0.9884218026362664
0.5456780411053201,0.9884218026362664
0.5457317073170732,0.9884218026362664
0.5457853840857677,0.9884218026362664
0.5458927693064437,0.9884218026362664
0.5459464777646595,0.9884218026362664
0.5460001967922857,0.9884218026362664
0.5460539263924424,0.9884218026362664
0.5461076665682512,0.9884218026362664
0.5461614173228346,0.9884218026362664
0.5462151786593169,0.9884218026362664
0.546268950580823,0.9884218026362664
0.5463227330904795,0.9884218026362664
0.546376526191414,0.9884218026362664
0.5464303298867553,0.9884218026362664
0.5464841441796336,0.9884218026362664
0.5465379690731803,0.9884218026362664
0.546591804570528,0.9884218026362664
0.5466456506748104,0.9884218026362664
0.5466995073891625,0.9884218026362664
0.5467533747167208,0.9884218026362664
0.5468072526606228,0.9884218026362664
0.5468611412240071,0.9884218026362664
0.5469150404100138,0.9884218026362664
0.5469689502217842,0.9884218026362664
0.5470228706624606,0.9884218026362664
0.5470768017351868,0.9884218026362664
0.5471307434431079,0.9884218026362664
0.5471846957893699,0.9884218026362664
0.5472386587771203,0.9884218026362664
0.5472926324095079,0.9884218026362664
0.5473466166896824,0.9884218026362664
0.5474006116207951,0.9884218026362664
0.5474546172059984,0.9884218026362664
0.547508633448446,0.9884218026362664
0.5475626603512926,0.9884218026362664
0.5476166979176946,0.9884218026362664
0.5476707461508094,0.9884218026362664
0.5477248050537953,0.9884218026362664
0.5477788746298125,0.9884218026362664
0.5478329548820219,0.9884218026362664
0.547887045813586,0.9884218026362664
0.5479411474276686,0.9884218026362664
0.5479952597274343,0.9884218026362664
0.5480493827160494,0.9884218026362664
0.5481035163966812,0.9884218026362664
0.5481576607724983,0.9884218026362664
0.5482118158466707,0.9884218026362664
0.5482659816223693,0.9884218026362664
0.5483201581027668,0.9884218026362664
0.5483743452910367,0.9884218026362664
0.5484285431903538,0.9884218026362664
0.5484827518038944,0.9884218026362664
0.5485369711348359,0.9884218026362664
0.5485912011863568,0.9884218026362664
0.5486454419616373,0.9884218026362664
0.5486996934638584,0.9884218026362664
0.5487539556962026,0.9884218026362664
0.5488082286618534,0.9884218026362664
0.5488625123639961,0.9884218026362664
0.5489168068058166,0.9884218026362664
0.5489711119905025,0.9884218026362664
0.5490254279212426,0.9884218026362664
0.549079754601227,0.9884218026362664
0.5491340920336467,0.9884218026362664
0.5491884402216943,0.9884218026362664
0.5492427991685638,0.9884218026362664
0.5492971688774501,0.9884218026362664
0.5493515493515494,0.9884218026362664
0.5494059405940594,0.9884218026362664
0.549460342608179,0.9884218026362664
0.5495147553971084,0.9884218026362664
0.5495691789640488,0.9884218026362664
0.5496236133122029,0.9884218026362664
0.5496780584447747,0.9884218026362664
0.5497325143649693,0.9884218026362664
0.5497869810759932,0.9884218026362664
0.5498414585810543,0.9884218026362664
0.5498959468833614,0.9884218026362664
0.5499504459861249,0.9884218026362664
0.5500049558925563,0.9884218026362664
0.5500594766058684,0.9884218026362664
0.5501140081292754,0.9884218026362664
0.5501685504659924,0.9884218026362664
0.5502231036192365,0.9884218026362664
0.5502776675922253,0.9884218026362664
0.5503322423881781,0.9884218026362664
0.5503868280103155,0.9884218026362664
0.550441424461859,0.9884218026362664
0.5504960317460318,0.9884218026362664
0.5505506498660582,0.9884218026362664
0.5506052788251637,0.9884218026362664
0.5506599186265754,0.9884218026362664
0.5507145692735212,0.9884218026362664
0.5507692307692308,0.9884218026362664
0.5508239031169346,0.9884218026362664
0.550878586319865,0.9884218026362664
0.550933280381255,0.9884218026362664
0.5509879853043392,0.9884218026362664
0.5510427010923535,0.9884218026362664
0.5510974277485351,0.9884218026362664
0.5511521652761223,0.9884218026362664
0.5512069136783551,0.9884218026362664
0.5512616729584741,0.9884218026362664
0.5513164431197218,0.9884218026362664
0.5513712241653418,0.9884218026362664
0.551426016098579,0.9884218026362664
0.5514808189226794,0.9884218026362664
0.5515356326408906,0.9884218026362664
0.5515904572564613,0.9884218026362664
0.5516452927726414,0.9884218026362664
0.5517001391926825,0.9884218026362664
0.551754996519837,0.9884218026362664
0.5518098647573588,0.9884218026362664
0.5518647439085033,0.9884218026362664
0.5519196339765268,0.9884218026362664
0.5519745349646872,0.9884218026362664
0.5520294468762436,0.9884218026362664
0.5520843697144563,0.9884218026362664
0.5521393034825871,0.9884218026362664
0.552194248183899,0.9884218026362664
0.5522492038216561,0.9884218026362664
0.5523041703991242,0.9884218026362664
0.55235914791957,0.9884218026362664
0.5524141363862618,0.9884218026362664
0.5524691358024691,0.9884218026362664
0.5525241461714627,0.9884218026362664
0.5525791674965146,0.9884218026362664
0.5526341997808983,0.9884218026362664
0.5526892430278885,0.9884218026362664
0.552744297240761,0.9884218026362664
0.5527993624227934,0.9884218026362664
0.5528544385772641,0.9884218026362664
0.5529095257074532,0.9884218026362664
0.5529646238166418,0.9884218026362664
0.5530197329081125,0.9884218026362664
0.553074852985149,0.9884218026362664
0.5531299840510366,0.9884218026362664
0.5531851261090619,0.9884218026362664
0.5532402791625125,0.9884218026362664
0.5532954432146774,0.9884218026362664
0.5533506182688472,0.9884218026362664
0.5534058043283135,0.9884218026362664
0.5534610013963694,0.9884218026362664
0.5535162094763092,0.9884218026362664
0.5535714285714286,0.9884218026362664
0.5536266586850245,0.9884218026362664
0.5536818998203952,0.9884218026362664
0.5537371519808403,0.9884218026362664
0.5537924151696607,0.9884218026362664
0.5538476893901587,0.9884218026362664
0.5539029746456379,0.9884218026362664
0.553958270939403,0.9884218026362664
0.5540135782747604,0.9884218026362664
0.5540688966550175,0.9884218026362664
0.5541242260834831,0.9884218026362664
0.5541795665634675,0.9884218026362664
0.5542349180982821,0.9884218026362664
0.5542902806912396,0.9884218026362664
0.5543456543456543,0.9884218026362664
0.5544010390648416,0.9884218026362664
0.5544564348521183,0.9884218026362664
0.5545118417108025,0.9884218026362664
0.5545672596442135,0.9884218026362664
0.5546226886556722,0.9884218026362664
0.5546781287485006,0.9884218026362664
0.5547335799260222,0.9884218026362664
0.5547890421915617,0.9884218026362664
0.5548445155484452,0.9884218026362664
0.5548,0.9882436765229783
0.5548554855485549,0.9882436765229783
0.5549109821964393,0.9882436765229783
0.554966489946984,0.9882436765229783
0.5550220088035214,0.9882436765229783
0.5550775387693847,0.9882436765229783
0.5551330798479087,0.9882436765229783
0.5551886320424297,0.9882436765229783
0.555244195356285,0.9882436765229783
0.5552997697928135,0.9882436765229783
0.5553553553553554,0.9882436765229783
0.555410952047252,0.9882436765229783
0.5554665598718462,0.9882436765229783
0.5555221788324822,0.9882436765229783
0.5555778089325055,0.9882436765229783
0.5556334501752629,0.9882436765229783
0.5556891025641025,0.9882436765229783
0.555744766102374,0.9882436765229783
0.5558004407934282,0.9882436765229783
0.5558561266406171,0.9882436765229783
0.5559118236472946,0.9882436765229783
0.5559675318168154,0.9882436765229783
0.5560232511525356,0.9882436765229783
0.556078981657813,0.9882436765229783
0.5561347233360064,0.9882436765229783
0.5561904761904762,0.9882436765229783
0.5562462402245839,0.9882436765229783
0.5563020154416926,0.9882436765229783
0.5563578018451665,0.9882436765229783
0.5564135994383713,0.9882436765229783
0.5564694082246741,0.9882436765229783
0.5565252282074431,0.9882436765229783
0.5565810593900482,0.9882436765229783
0.5566369017758603,0.9882436765229783
0.556692755368252,0.9882436765229783
0.5567486201705971,0.9882436765229783
0.5568044961862706,0.9882436765229783
0.556860383418649,0.9882436765229783
0.5569162818711102,0.9882436765229783
0.5569721915470335,0.9882436765229783
0.5570281124497992,0.9882436765229783
0.5570840445827895,0.9882436765229783
0.5571399879493875,0.9882436765229783
0.5571959425529778,0.9882436765229783
0.5572519083969466,0.9882436765229783
0.557307885484681,0.9882436765229783
0.55736387381957,0.9882436765229783
0.5574198734050035,0.9882436765229783
0.557475884244373,0.9882436765229783
0.5575319063410713,0.9882436765229783
0.5575879396984924,0.9882436765229783
0.5576439843200321,0.9882436765229783
0.5577000402090873,0.9882436765229783
0.557756107369056,0.9882436765229783
0.557812185803338,0.9882436765229783
0.5578682755153344,0.9882436765229783
0.5579243765084473,0.9882436765229783
0.5579804887860806,0.9882436765229783
0.5580366123516395,0.9882436765229783
0.5580927472085303,0.9882436765229783
0.5581488933601609,0.9882436765229783
0.5582050508099407,0.9882436765229783
0.5582612195612799,0.9882436765229783
0.5583173996175909,0.9882436765229783
0.5583735909822867,0.9882436765229783
0.5584297936587821,0.9882436765229783
0.5584860076504933,0.9882436765229783
0.5585422329608376,0.9882436765229783
0.558598469593234,0.9882436765229783
0.5586547175511026,0.9882436765229783
0.5587109768378651,0.9882436765229783
0.5587672474569443,0.9882436765229783
0.5588235294117647,0.9882436765229783
0.558879822705752,0.9882436765229783
0.5589361273423332,0.9882436765229783
0.558992443324937,0.9882436765229783
0.5590487706569931,0.9882436765229783
0.5591051093419329,0.9882436765229783
0.5591614593831888,0.9882436765229783
0.5592178207841951,0.9882436765229783
0.5592741935483871,0.9882436765229783
0.5593305776792016,0.9882436765229783
0.5593869731800766,0.9882436765229783
0.5594433800544519,0.9882436765229783
0.5594997983057685,0.9882436765229783
0.5595562279374685,0.9882436765229783
0.5596126689529958,0.9882436765229783
0.5596691213557954,0.9882436765229783
0.5597255851493139,0.9882436765229783
0.5597820603369993,0.9882436765229783
0.5598385469223007,0.9882436765229783
0.5598950449086689,0.9882436765229783
0.5599515542995559,0.9882436765229783
0.5600080750984152,0.9882436765229783
0.5600646073087018,0.9882436765229783
0.5601211509338718,0.9882436765229783
0.5601777059773829,0.9882436765229783
0.5601332929415329,0.98806555040969
0.5601898606342153,0.98806555040969
0.5602464397535603,0.98806555040969
0.5603030303030303,0.98806555040969
0.5603596322860895,0.98806555040969
0.5604162457062033,0.98806555040969
0.5604728705668385,0.98806555040969
0.5605295068714632,0.98806555040969
0.5605861546235472,0.98806555040969
0.5606428138265616,0.98806555040969
0.5606994844839785,0.98806555040969
0.5607561665992722,0.98806555040969
0.5608128601759175,0.98806555040969
0.5608695652173913,0.98806555040969
0.5609262817271716,0.98806555040969
0.5609830097087378,0.98806555040969
0.561039749165571,0.98806555040969
0.5610965001011532,0.98806555040969
0.5611532625189681,0.98806555040969
0.561210036422501,0.98806555040969
0.5612668218152382,0.98806555040969
0.5613236187006678,0.98806555040969
0.5613804270822791,0.98806555040969
0.5614372469635628,0.98806555040969
0.5614940783480109,0.98806555040969
0.5615509212391172,0.98806555040969
0.5616077756403767,0.98806555040969
0.5616646415552855,0.98806555040969
0.5617215189873418,0.98806555040969
0.5617784079400445,0.98806555040969
0.5618353084168946,0.98806555040969
0.5618922204213939,0.98806555040969
0.5619491439570459,0.98806555040969
0.5620060790273557,0.98806555040969
0.5620630256358293,0.98806555040969
0.5621199837859748,0.98806555040969
0.5621769534813013,0.98806555040969
0.5622339347253192,0.98806555040969
0.5622909275215408,0.98806555040969
0.5623479318734793,0.98806555040969
0.5624049477846497,0.98806555040969
0.5624619752585682,0.98806555040969
0.5625190142987526,0.98806555040969
0.5625760649087221,0.98806555040969
0.5626331270919972,0.98806555040969
0.5626902008520999,0.98806555040969
0.5627472861925535,0.98806555040969
0.5628043831168831,0.98806555040969
0.5628614916286149,0.98806555040969
0.5629186117312767,0.98806555040969
0.5629757434283974,0.98806555040969
0.5630328867235079,0.98806555040969
0.5630900416201401,0.98806555040969
0.5631472081218274,0.98806555040969
0.5632615759545085,0.98806555040969
0.5633187772925764,0.98806555040969
0.5633759902498476,0.98806555040969
0.5634332148298629,0.98806555040969
0.5634904510361641,0.98806555040969
0.563547698872295,0.98806555040969
0.5636049583418005,0.98806555040969
0.5636622294482269,0.98806555040969
0.563719512195122,0.98806555040969
0.5637768065860351,0.98806555040969
0.5638341126245172,0.98806555040969
0.5638914303141201,0.98806555040969
0.5639487596583977,0.98806555040969
0.564006100660905,0.98806555040969
0.5640634533251982,0.98806555040969
0.5641208176548358,0.98806555040969
0.5641781936533767,0.98806555040969
0.564235581324382,0.98806555040969
0.5642929806714141,0.98806555040969
0.5643503916980365,0.98806555040969
0.5644078144078144,0.98806555040969
0.5644652488043146,0.98806555040969
0.5645226948911052,0.98806555040969
0.5645801526717558,0.98806555040969
0.5646376221498371,0.98806555040969
0.5646951033289219,0.98806555040969
0.564752596212584,0.98806555040969
0.5648101008043988,0.98806555040969
0.564867617107943,0.98806555040969
0.564925145126795,0.98806555040969
0.5649826848645345,0.98806555040969
0.5650402363247428,0.98806555040969
0.5650977995110025,0.98806555040969
0.5651553744268976,0.98806555040969
0.5652129610760138,0.98806555040969
0.5652705594619383,0.98806555040969
0.5653281695882593,0.98806555040969
0.5653857914585669,0.98806555040969
0.5654434250764526,0.98806555040969
0.5655010704455092,0.98806555040969
0.5655587275693311,0.98806555040969
0.5656163964515142,0.98806555040969
0.5656740770956558,0.98806555040969
0.5657317695053544,0.98806555040969
0.5657894736842105,0.98806555040969
0.5658471896358258,0.98806555040969
0.5659049173638033,0.98806555040969
0.5659626568717477,0.98806555040969
0.5660204081632653,0.98806555040969
0.5660781712419635,0.98806555040969
0.5661359461114513,0.98806555040969
0.5661937327753394,0.98806555040969
0.5662515312372397,0.98806555040969
0.5663093415007657,0.98806555040969
0.5663671635695323,0.98806555040969
0.5664249974471561,0.98806555040969
0.5664828431372549,0.98806555040969
0.5665407006434481,0.98806555040969
0.5665985699693565,0.98806555040969
0.5666564511186025,0.98806555040969
0.5667143440948099,0.98806555040969
0.5667722489016042,0.98806555040969
0.5668301655426119,0.98806555040969
0.5668880940214615,0.98806555040969
0.5669460343417825,0.98806555040969
0.5670039865072064,0.98806555040969
0.5670619505213658,0.98806555040969
0.5671199263878949,0.98806555040969
0.5671779141104294,0.98806555040969
0.5672359136926066,0.98806555040969
0.5672939251380651,0.98806555040969
0.5673519484504449,0.98806555040969
0.5674099836333879,0.98806555040969
0.5674680306905371,0.98806555040969
0.5675260896255372,0.98806555040969
0.5675841604420342,0.98806555040969
0.5676422431436758,0.98806555040969
0.5677584442169908,0.98806555040969
0.5678165625959668,0.98806555040969
0.5678746928746928,0.98806555040969
0.567932835056824,0.98806555040969
0.5679909891460168,0.98806555040969
0.5680491551459294,0.98806555040969
0.5681073330602212,0.98806555040969
0.5681655228925535,0.98806555040969
0.5682237246465888,0.98806555040969
0.5682819383259912,0.98806555040969
0.5683401639344262,0.98806555040969
0.568398401475561,0.98806555040969
0.5684566509530642,0.98806555040969
0.5685149123706057,0.98806555040969
0.5685731857318573,0.98806555040969
0.568631471040492,0.98806555040969
0.5686897683001846,0.98806555040969
0.5687480775146109,0.98806555040969
0.5688063986874488,0.98806555040969
0.5688647318223772,0.98806555040969
0.568923076923077,0.98806555040969
0.5689814339932301,0.98806555040969
0.5690398030365204,0.98806555040969
0.5690981840566328,0.98806555040969
0.5691565770572543,0.98806555040969
0.5692149820420729,0.98806555040969
0.5692733990147784,0.98806555040969
0.5693318279790619,0.98806555040969
0.5693902689386163,0.98806555040969
0.5694487218971358,0.98806555040969
0.5695071868583162,0.98806555040969
0.5695656638258548,0.98806555040969
0.5696241528034504,0.98806555040969
0.5696826537948033,0.98806555040969
0.5697411668036154,0.98806555040969
0.5697996918335901,0.98806555040969
0.5698582288884323,0.98806555040969
0.5699167779718484,0.98806555040969
0.5699753390875463,0.98806555040969
0.5700339122392354,0.98806555040969
0.570092497430627,0.98806555040969
0.5701510946654332,0.98806555040969
0.5702097039473685,0.98806555040969
0.570268325280148,0.98806555040969
0.5703269586674892,0.98806555040969
0.5703856041131106,0.98806555040969
0.5704442616207323,0.98806555040969
0.5705029311940759,0.98806555040969
0.5705616128368648,0.98806555040969
0.5706203065528238,0.98806555040969
0.570679012345679,0.98806555040969
0.5707377302191583,0.98806555040969
0.5707964601769911,0.98806555040969
0.5708552022229083,0.98806555040969
0.5709139563606422,0.98806555040969
0.570972722593927,0.98806555040969
0.5710315009264978,0.98806555040969
0.571090291362092,0.98806555040969
0.5711490939044481,0.98806555040969
0.5712079085573062,0.98806555040969
0.5712667353244079,0.98806555040969
0.5713255742094964,0.98806555040969
0.5713844252163165,0.98806555040969
0.5714432883486144,0.98806555040969
0.5715021636101381,0.98806555040969
0.5715610510046368,0.98806555040969
0.5716199505358615,0.98806555040969
0.5716788622075647,0.98806555040969
0.5717377860235003,0.98806555040969
0.5717967219874239,0.98806555040969
0.5718556701030928,0.98806555040969
0.5719146303742654,0.98806555040969
0.571973602804702,0.98806555040969
0.5720325873981644,0.98806555040969
0.5720915841584159,0.98806555040969
0.5721505930892212,0.98806555040969
0.572209614194347,0.98806555040969
0.5722686474775611,0.98806555040969
0.5723276929426331,0.98806555040969
0.572386750593334,0.98806555040969
0.5724458204334365,0.98806555040969
0.5725049024667148,0.98806555040969
0.5725639966969447,0.98806555040969
0.5726231031279033,0.98806555040969
0.5726822217633698,0.98806555040969
0.5727413526071244,0.98806555040969
0.5728004956629492,0.98806555040969
0.5728596509346277,0.98806555040969
0.572918818425945,0.98806555040969
0.572977998140688,0.98806555040969
0.5730371900826446,0.98806555040969
0.5730963942556049,0.98806555040969
0.5731556106633602,0.98806555040969
0.5732148393097034,0.98806555040969
0.5732740801984291,0.98806555040969
0.5733333333333334,0.98806555040969
0.5733925987182138,0.98806555040969
0.5734518763568697,0.98806555040969
0.5735111662531017,0.98806555040969
0.5735704684107125,0.98806555040969
0.5733940208958311,0.9873530459565373
0.5734533416097662,0.9873530459565373
0.5735126745990689,0.9873530459565373
0.5735720198675497,0.9873530459565373
0.573631377419021,0.9873530459565373
0.5736907472572966,0.9873530459565373
0.5737501293861919,0.9873530459565373
0.5738095238095238,0.9873530459565373
0.5738689305311109,0.9873530459565373
0.5739283495547732,0.9873530459565373
0.5738842290566428,0.987174919843249
0.573943661971831,0.987174919843249
0.5740031071983428,0.987174919843249
0.5740625647400042,0.987174919843249
0.5741220346006423,0.987174919843249
0.5741815167840862,0.987174919843249
0.5742410112941664,0.987174919843249
0.574300518134715,0.987174919843249
0.5743600373095658,0.987174919843249
0.5744195688225538,0.987174919843249
0.5744791126775163,0.987174919843249
0.5745386688782915,0.987174919843249
0.5745982374287195,0.987174919843249
0.5746578183326421,0.987174919843249
0.5747174115939023,0.987174919843249
0.5747770172163451,0.987174919843249
0.574836635203817,0.987174919843249
0.5748962655601659,0.987174919843249
0.5749559082892416,0.987174919843249
0.5750155633948952,0.987174919843249
0.5750752308809796,0.987174919843249
0.5751349107513491,0.987174919843249
0.5751946030098599,0.987174919843249
0.5752543076603696,0.987174919843249
0.5753140247067372,0.987174919843249
0.5753737541528239,0.987174919843249
0.5754334960024919,0.987174919843249
0.5754932502596054,0.987174919843249
0.57555301692803,0.987174919843249
0.5756127960116327,0.987174919843249
0.5755687129947024,0.9869967937299609
0.5756285061292333,0.9869967937299609
0.5756883116883117,0.9869967937299609
0.5757481296758105,0.9869967937299609
0.5758079600956043,0.9869967937299609
0.5758678029515694,0.9869967937299609
0.5759276582475834,0.9869967937299609
0.575987525987526,0.9869967937299609
0.576047406175278,0.9869967937299609
0.5761072988147224,0.9869967937299609
0.5761672039097432,0.9869967937299609
0.5762271214642263,0.9869967937299609
0.5762870514820593,0.9869967937299609
0.5762429789889744,0.9868186676166726
0.576302923124935,0.9868186676166726
0.5763628797336663,0.9868186676166726
0.5764228488190615,0.9868186676166726
0.5764828303850156,0.9868186676166726
0.5765428244354251,0.9868186676166726
0.5766028309741882,0.9868186676166726
0.5766628500052046,0.9868186676166726
0.5767228815323756,0.9868186676166726
0.5767829255596044,0.9868186676166726
0.5768429820907955,0.9868186676166726
0.5769030511298553,0.9868186676166726
0.5769631326806915,0.9868186676166726
0.5770232267472138,0.9868186676166726
0.5770833333333333,0.9868186676166726
0.5771434524429628,0.9868186676166726
0.5772035840800167,0.9868186676166726
0.577263728248411,0.9868186676166726
0.5773238849520633,0.9868186676166726
0.5773840541948931,0.9868186676166726
0.5774442359808214,0.9868186676166726
0.5775044303137704,0.9868186676166726
0.5775646371976647,0.9868186676166726
0.57762485663643,0.9868186676166726
0.5776850886339937,0.9868186676166726
0.5777453331942851,0.9868186676166726
0.5778055903212349,0.9868186676166726
0.5778658600187754,0.9868186676166726
0.5778218234925934,0.9866405415033844
0.5778821074595722,0.9866405415033844
0.5779424040066778,0.9866405415033844
0.5780027131378482,0.9866405415033844
0.5780630348570236,0.9866405415033844
0.5781233691681453,0.9866405415033844
0.5781837160751566,0.9866405415033844
0.5782440755820023,0.9866405415033844
0.5783044476926289,0.9866405415033844
0.5783648324109847,0.9866405415033844
0.5784252297410192,0.9866405415033844
0.5784856396866841,0.9866405415033844
0.5785460622519323,0.9866405415033844
0.5786064974407187,0.9866405415033844
0.5786669452569996,0.9866405415033844
0.578727405704733,0.9866405415033844
0.5787878787878787,0.9866405415033844
0.5788483645103981,0.9866405415033844
0.5789088628762542,0.9866405415033844
0.5787767903815996,0.9861061631635197
0.5788373065662903,0.9861061631635197
0.578897835407299,0.9861061631635197
0.5789583769085965,0.9861061631635197
0.5790189310741555,0.9861061631635197
0.5790794979079498,0.9861061631635197
0.5791400774139555,0.9861061631635197
0.5792006695961498,0.9861061631635197
0.579261274458512,0.9861061631635197
0.579321892005023,0.9861061631635197
0.5793825222396651,0.9861061631635197
0.5794431651664225,0.9861061631635197
0.5795038207892809,0.9861061631635197
0.5795644891122278,0.9861061631635197
0.5796251701392524,0.9861061631635197
0.5796858638743455,0.9861061631635197
0.5797465703214997,0.9861061631635197
0.5798072894847088,0.9861061631635197
0.579868021367969,0.9861061631635197
0.5799287659752776,0.9861061631635197
0.5799895233106338,0.9861061631635197
0.5800502933780386,0.9861061631635197
0.5801110761814943,0.9861061631635197
0.5801718717250053,0.9861061631635197
0.5802326800125773,0.9861061631635197
0.580293501048218,0.9861061631635197
0.5803543348359367,0.9861061631635197
0.5804151813797441,0.9861061631635197
0.5804760406836531,0.9861061631635197
0.5805369127516778,0.9861061631635197
0.5805977975878343,0.9861061631635197
0.5805538074260541,0.9859280370502316
0.5806147068079304,0.9859280370502316
0.5806756189676878,0.9859280370502316
0.5807365439093485,0.9859280370502316
0.580797481636936,0.9859280370502316
0.5808584321544759,0.9859280370502316
0.5809193954659949,0.9859280370502316
0.5809803715755222,0.9859280370502316
0.581041360487088,0.9859280370502316
0.5811023622047244,0.9859280370502316
0.5811633767324653,0.9859280370502316
0.5812244040743463,0.9859280370502316
0.5812854442344045,0.9859280370502316
0.581346497216679,0.9859280370502316
0.5814075630252101,0.9859280370502316
0.5814686416640403,0.9859280370502316
0.5815297331372137,0.9859280370502316
0.5815908374487758,0.9859280370502316
0.5816519546027743,0.9859280370502316
0.581713084603258,0.9859280370502316
0.5817742274542779,0.9859280370502316
0.5818353831598865,0.9859280370502316
0.5818965517241379,0.9859280370502316
0.5819577331510882,0.9859280370502316
0.582018927444795,0.9859280370502316
0.5820801346093175,0.9859280370502316
0.5821413546487169,0.9859280370502316
0.5822025875670559,0.9859280370502316
0.5822638333683989,0.9859280370502316
0.5823250920568122,0.9859280370502316
0.5823863636363636,0.9859280370502316
0.5824476481111228,0.9859280370502316
0.582508945485161,0.9859280370502316
0.5825702557625513,0.9859280370502316
0.5826315789473684,0.9859280370502316
0.5826929150436888,0.9859280370502316
0.5827542640555906,0.9859280370502316
0.5828156259871539,0.9859280370502316
0.58287700084246,0.9859280370502316
0.5829383886255924,0.9859280370502316
0.5829997893406362,0.9859280370502316
0.5830612029916781,0.9859280370502316
0.5831226295828066,0.9859280370502316
0.5831840691181119,0.9859280370502316
0.583245521601686,0.9859280370502316
0.5833069870376225,0.9859280370502316
0.5833684654300169,0.9859280370502316
0.5834299567829662,0.9859280370502316
0.5834914611005693,0.9859280370502316
0.5835529783869268,0.9859280370502316
0.5836145086461408,0.9859280370502316
0.5836760518823157,0.9859280370502316
0.5837376080995571,0.9859280370502316
0.5837991773019724,0.9859280370502316
0.5838607594936709,0.9859280370502316
0.5839223546787636,0.9859280370502316
0.5839839628613631,0.9859280370502316
0.5838522427440633,0.985393658710367
0.5839138695376821,0.985393658710367
0.5839755093423414,0.985393658710367
0.5840371621621622,0.985393658710367
0.584098828001267,0.985393658710367
0.5841605068637804,0.985393658710367
0.5842221987538283,0.985393658710367
0.5842839036755386,0.985393658710367
0.584345621633041,0.985393658710367
0.584407352630467,0.985393658710367
0.5844690966719492,0.985393658710367
0.584530853761623,0.985393658710367
0.5845926239036247,0.985393658710367
0.5846544071020926,0.985393658710367
0.5847162033611669,0.985393658710367
0.5847780126849894,0.985393658710367
0.5848398350777038,0.985393658710367
0.5849016705434553,0.985393658710367
0.584963519086391,0.985393658710367
0.5850253807106599,0.985393658710367
0.584981491274458,0.9852155325970787
0.5850433678866088,0.9852155325970787
0.5851052575901831,0.9852155325970787
0.5851671603893356,0.9852155325970787
0.584991532599492,0.9845030281439259
0.5850534561236371,0.9845030281439259
0.5851153927588397,0.9845030281439259
0.5851773425092641,0.9845030281439259
0.5852393053790766,0.9845030281439259
0.5853012813724452,0.9845030281439259
0.5853632704935395,0.9845030281439259
0.5854252727465311,0.9845030281439259
0.5854872881355933,0.9845030281439259
0.585549316664901,0.9845030281439259
0.5856113583386311,0.9845030281439259
0.5856734131609622,0.9845030281439259
0.5857354811360747,0.9845030281439259
0.5857975622681505,0.9845030281439259
0.5857536569853721,0.9843249020306377
0.5858157532068271,0.9843249020306377
0.5858778625954199,0.9843249020306377
0.5859399851553387,0.9843249020306377
0.5860021208907741,0.9843249020306377
0.5860642698059179,0.9843249020306377
0.5861264319049639,0.9843249020306377
0.5861886071921077,0.9843249020306377
0.5863129973474801,0.9843249020306377
0.5863752122241087,0.9843249020306377
0.5864374403056352,0.9843249020306377
0.5864996815962641,0.9843249020306377
0.5865619361002017,0.9843249020306377
0.586624203821656,0.9843249020306377
0.586686484764837,0.9843249020306377
0.5867487789339563,0.9843249020306377
0.5868110863332271,0.9843249020306377
0.5867672047578589,0.9841467759173494
0.5868295273499734,0.9841467759173494
0.5868918631824942,0.9841467759173494
0.5866284013605442,0.9830780192376203
0.5866907621983629,0.9830780192376203
0.5867531362959812,0.9830780192376203
0.5868155236576289,0.9830780192376203
0.5868779242875373,0.9830780192376203
0.5869403381899394,0.9830780192376203
0.5870027653690704,0.9830780192376203
0.5870652058291671,0.9830780192376203
0.5871276595744681,0.9830780192376203
0.5871901266092138,0.9830780192376203
0.5872526069376464,0.9830780192376203
0.5873151005640098,0.9830780192376203
0.58737760749255,0.9830780192376203
0.5874401277275146,0.9830780192376203
0.5875026612731531,0.9830780192376203
0.5875652081337166,0.9830780192376203
0.5876277683134583,0.9830780192376203
0.5876903418166329,0.9830780192376203
0.5877529286474973,0.9830780192376203
0.58781552881031,0.9830780192376203
0.5878781423093311,0.9830780192376203
0.5879407691488229,0.9830780192376203
0.5880034093330492,0.9830780192376203
0.5880660628662759,0.9830780192376203
0.5881287297527706,0.9830780192376203
0.5881914099968027,0.9830780192376203
0.5882541036026434,0.9830780192376203
0.5883168105745656,0.9830780192376203
0.5883795309168444,0.9830780192376203
0.5884422646337563,0.9830780192376203
0.5885050117295799,0.9830780192376203
0.5885677722085955,0.9830780192376203
0.58848,0.9827217670110439
0.5885427778963089,0.9827217670110439
0.5886055691880935,0.9827217670110439
0.5886683738796414,0.9827217670110439
0.5887311919752428,0.9827217670110439
0.5887940234791889,0.9827217670110439
0.5888568683957733,0.9827217670110439
0.5889197267292912,0.9827217670110439
0.5889825984840397,0.9827217670110439
0.5890454836643177,0.9827217670110439
0.5891083822744261,0.9827217670110439
0.5891712943186672,0.9827217670110439
0.5892342198013457,0.9827217670110439
0.5892971587267678,0.9827217670110439
0.5893601110992416,0.9827217670110439
0.5894230769230769,0.9827217670110439
0.5894860562025858,0.9827217670110439
0.5895490489420816,0.9827217670110439
0.5896120551458801,0.9827217670110439
0.5896750748182984,0.9827217670110439
0.5897381079636558,0.9827217670110439
0.5898011545862732,0.9827217670110439
0.5898642146904737,0.9827217670110439
0.5899272882805817,0.9827217670110439
0.5899903753609239,0.9827217670110439
0.5900534759358289,0.9827217670110439
0.5901165900096267,0.9827217670110439
0.5901797175866496,0.9827217670110439
0.5902428586712314,0.9827217670110439
0.5903060132677082,0.9827217670110439
0.5903691813804174,0.9827217670110439
0.5904323630136986,0.9827217670110439
0.5904955581718934,0.9827217670110439
0.5905587668593449,0.9827217670110439
0.5906219890803982,0.9827217670110439
0.5906852248394004,0.9827217670110439
0.5907484741407003,0.9827217670110439
0.5908117369886485,0.9827217670110439
0.5908750133875977,0.9827217670110439
0.5909383033419023,0.9827217670110439
0.5910016068559186,0.9827217670110439
0.5910649239340047,0.9827217670110439
0.5911282545805208,0.9827217670110439
0.5911915987998285,0.9827217670110439
0.5912549565962919,0.9827217670110439
0.5913183279742765,0.9827217670110439
0.5913817129381499,0.9827217670110439
0.5914451114922813,0.9827217670110439
0.5915085236410421,0.9827217670110439
0.5915719493888055,0.9827217670110439
0.5916353887399464,0.9827217670110439
0.591460143761399,0.982009262557891
0.5915236051502146,0.982009262557891
0.5915870801588153,0.982009262557891
0.5916505687915862,0.982009262557891
0.5917140710529141,0.982009262557891
0.5917775869471876,0.982009262557891
0.5918411164787977,0.982009262557891
0.5919046596521366,0.982009262557891
0.5919682164715988,0.982009262557891
0.5920317869415808,0.982009262557891
0.5919879712168403,0.9818311364446027
0.5920515574650913,0.9818311364446027
0.5921151573745838,0.9818311364446027
0.5920275061781455,0.9814748842180263
0.5920911240060176,0.9814748842180263
0.5921547555077915,0.9814748842180263
0.5922184006878762,0.9814748842180263
0.5922820595506826,0.9814748842180263
0.5923457321006235,0.9814748842180263
0.5924094183421138,0.9814748842180263
0.5922779092277909,0.9809405058781617
0.5923416155749166,0.9809405058781617
0.5921661465619283,0.9802280014250089
0.5922298751614292,0.9802280014250089
0.592293617479281,0.9802280014250089
0.5923573735199139,0.9802280014250089
0.5924211432877597,0.9802280014250089
0.5924849267872524,0.9802280014250089
0.5925487240228277,0.9802280014250089
0.5926125349989231,0.9802280014250089
0.5926763597199785,0.9802280014250089
0.5927401981904351,0.9802280014250089
0.5928040504147366,0.9802280014250089
0.5928679163973282,0.9802280014250089
0.592931796142657,0.9802280014250089
0.5929956896551725,0.9802280014250089
0.592951826705464,0.9800498753117207
0.5930157361500323,0.9800498753117207
0.5930796593726421,0.9800498753117207
0.593143596377749,0.9800498753117207
0.5932075471698113,0.9800498753117207
0.5932715117532887,0.9800498753117207
0.5930960086299892,0.9793373708585679
0.5931599956845398,0.9793373708585679
0.5932239965472594,0.9793373708585679
0.5930922827846735,0.9788029925187033
0.5931563039723662,0.9788029925187033
0.5932203389830508,0.9788029925187033
0.593284387821205,0.9788029925187033
0.5933484504913077,0.9788029925187033
0.5934125269978402,0.9788029925187033
0.5934766173452857,0.9788029925187033
0.5935407215381292,0.9788029925187033
0.5936048395808577,0.9788029925187033
0.5936689714779603,0.9788029925187033
0.5937331172339276,0.9788029925187033
0.5937972768532527,0.9788029925187033
0.5938614503404301,0.9788029925187033
0.5939256376999568,0.9788029925187033
0.5938817425143228,0.978624866405415
0.593945945945946,0.978624866405415
0.5940101632608931,0.978624866405415
0.5940743944636678,0.978624866405415
0.5941386395587758,0.978624866405415
0.5942028985507246,0.978624866405415
0.5942671714440237,0.978624866405415
0.5943314582431848,0.978624866405415
0.594395758952721,0.978624866405415
0.5944600735771478,0.978624866405415
0.5945244021209826,0.978624866405415
0.5945887445887446,0.978624866405415
0.594653100984955,0.978624866405415
0.5947174713141372,0.978624866405415
0.5947818555808163,0.978624866405415
0.5948462537895193,0.978624866405415
0.5949106659447753,0.978624866405415
0.5949750920511154,0.978624866405415
0.5950395321130727,0.978624866405415
0.595103986135182,0.978624866405415
0.5951684541219803,0.978624866405415
0.5952329360780065,0.978624866405415
0.5952974320078015,0.978624866405415
0.5953619419159081,0.978624866405415
0.5954264658068711,0.978624866405415
0.5954910036852373,0.978624866405415
0.5955555555555555,0.978624866405415
0.5956201214223764,0.978624866405415
0.5956847012902526,0.978624866405415
0.5957492951637389,0.978624866405415
0.5958139030473918,0.978624866405415
0.5958785249457701,0.978624866405415
0.5959431608634342,0.978624866405415
0.5960078108049468,0.978624866405415
0.5960724747748725,0.978624866405415
0.5961371527777778,0.978624866405415
0.5962018448182311,0.978624866405415
0.5962665509008032,0.978624866405415
0.5963312710300662,0.978624866405415
0.5963960052105949,0.978624866405415
0.5964607534469656,0.978624866405415
0.5964169381107491,0.9784467402921269
0.5964817026821587,0.9784467402921269
0.5965464813205907,0.9784467402921269
0.5966112740306289,0.9784467402921269
0.5966760808168585,0.9784467402921269
0.5967409016838675,0.9784467402921269
0.5968057366362451,0.9784467402921269
0.5968705856785831,0.9784467402921269
0.5969354488154749,0.9784467402921269
0.5970003260515161,0.9784467402921269
0.5970652173913044,0.9784467402921269
0.5971301228394391,0.9784467402921269
0.5971950424005219,0.9784467402921269
0.5972599760791563,0.9784467402921269
0.5973249238799478,0.9784467402921269
0.5973898858075041,0.9784467402921269
0.5974548618664346,0.9784467402921269
0.597519852061351,0.9784467402921269
0.5975848563968669,0.9784467402921269
0.5976498748775977,0.9784467402921269
0.5976060935799783,0.9782686141788386
0.5976711285232343,0.9782686141788386
0.5977361776229865,0.9782686141788386
0.5978012408838577,0.9782686141788386
0.5978663183104724,0.9782686141788386
0.5979314099074579,0.9782686141788386
0.5979965156794426,0.9782686141788386
0.5980616356310574,0.9782686141788386
0.5981267697669354,0.9782686141788386
0.5981919180917111,0.9782686141788386
0.5982570806100218,0.9782686141788386
0.5982133129970585,0.9780904880655504
0.5982784920461974,0.9780904880655504
0.598343685300207,0.9780904880655504
0.5984088927637314,0.9780904880655504
0.5984741144414168,0.9780904880655504
0.5985393503379115,0.9780904880655504
0.5986046004578655,0.9780904880655504
0.5986698648059311,0.9780904880655504
0.5986261040235525,0.9779123619522622
0.5986913849509269,0.9779123619522622
0.5987566801177882,0.9779123619522622
0.5984939430317582,0.976843605272533
0.5983185937329403,0.9761311008193801
0.5983839266215331,0.9761311008193801
0.5984492737796221,0.9761311008193801
0.598514635211883,0.9761311008193801
0.598580010922993,0.9761311008193801
0.5986454009176316,0.9761311008193801
0.5987108052004807,0.9761311008193801
0.5987762237762237,0.9761311008193801
0.5987323789749754,0.9759529747060919
0.5987978142076503,0.9759529747060919
0.5988632637446716,0.9759529747060919
0.5989287275907302,0.9759529747060919
0.5989942057505193,0.9759529747060919
0.5990596982287338,0.9759529747060919
0.599125205030071,0.9759529747060919
0.5991907261592301,0.9759529747060919
0.5992562616209122,0.9759529747060919
0.5993218114198207,0.9759529747060919
0.5992779783393501,0.9757748485928037
0.5993435448577681,0.9757748485928037
0.5994091257249152,0.9757748485928037
0.5994747209455022,0.9757748485928037
0.599540330524242,0.9757748485928037
0.5996059544658494,0.9757748485928037
0.599671592775041,0.9757748485928037
0.5997372454565361,0.9757748485928037
0.5998029125150552,0.9757748485928037
0.599868593955322,0.9757748485928037
0.5999342897820611,0.9757748485928037
0.6,0.9757748485928037
0.6000657246138679,0.9757748485928037
0.6001314636283961,0.9757748485928037
0.6001972170483182,0.9757748485928037
0.6002629848783695,0.9757748485928037
0.6003287671232876,0.9757748485928037
0.6003945637878123,0.9757748485928037
0.6004603748766854,0.9757748485928037
0.6005262003946503,0.9757748485928037
0.6005920403464532,0.9757748485928037
0.6006578947368421,0.9757748485928037
0.6007896468523799,0.9757748485928037
0.6008555445870352,0.9757748485928037
0.6009214567792892,0.9757748485928037
0.6009873834339001,0.9757748485928037
0.6010533245556287,0.9757748485928037
0.6011192801492373,0.9757748485928037
0.6011852502194908,0.9757748485928037
0.6012512347711557,0.9757748485928037
0.6011198945981555,0.975240470252939
0.6011859009553091,0.975240470252939
0.6012519218097957,0.975240470252939
0.6013179571663921,0.975240470252939
0.6013840070298769,0.975240470252939
0.6014500714050313,0.975240470252939
0.6015161502966381,0.975240470252939
0.6015822437094824,0.975240470252939
0.6016483516483516,0.975240470252939
0.6017144741180349,0.975240470252939
0.6017806111233238,0.975240470252939
0.6018467626690117,0.975240470252939
0.6018029903254177,0.9750623441396509
0.6018691588785047,0.9750623441396509
0.6019353419837256,0.9750623441396509
0.6020015396458814,0.9750623441396509
0.6020677518697757,0.9750623441396509
0.6021339786602133,0.9750623441396509
0.6022002200220022,0.9750623441396509
0.6022664759599516,0.9750623441396509
0.602399031583581,0.9750623441396509
0.6024653312788906,0.9750623441396509
0.6025316455696202,0.9750623441396509
0.60259797446059,0.9750623441396509
0.6026643179566222,0.9750623441396509
0.6027306760625413,0.9750623441396509
0.6027970487831736,0.9750623441396509
0.602863436123348,0.9750623441396509
0.6029298380878951,0.9750623441396509
0.6030626859094415,0.9750623441396509
0.6031291317761128,0.9750623441396509
0.6031955922865013,0.9750623441396509
0.6032620674454485,0.9750623441396509
0.6033285572577979,0.9750623441396509
0.6033950617283951,0.9750623441396509
0.6035281146637266,0.9750623441396509
0.603594663138163,0.9750623441396509
0.6036612262902514,0.9750623441396509
0.6037278041248484,0.9750623441396509
0.6035091591260208,0.9741717135732099
0.6035757642644299,0.9741717135732099
0.6036423841059603,0.9741717135732099
0.6037090186554808,0.9741717135732099
0.6037756679178626,0.9741717135732099
0.6038423318979794,0.9741717135732099
0.6039090106007067,0.9741717135732099
0.6039757040309222,0.9741717135732099
0.6040424121935056,0.9741717135732099
0.6041091350933392,0.9741717135732099
0.6040653999116218,0.9739935874599216
0.6041321400950171,0.9739935874599216
0.6041988950276244,0.9739935874599216
0.6042656647143331,0.9739935874599216
0.6043324491600354,0.9739935874599216
0.6043992483696253,0.9739935874599216
0.6044660623479992,0.9739935874599216
0.6045328911000553,0.9739935874599216
0.6045997346306944,0.9739935874599216
0.6046665929448192,0.9739935874599216
0.6047334660473347,0.9739935874599216
0.6048003539431479,0.9739935874599216
0.6048672566371681,0.9739935874599216
0.604934174134307,0.9739935874599216
0.6050011064394778,0.9739935874599216
0.6050680535575965,0.9739935874599216
0.6051350154935813,0.9739935874599216
0.6052019922523519,0.9739935874599216
0.6052689838388311,0.9739935874599216
0.605335990257943,0.9739935874599216
0.6054030115146147,0.9739935874599216
0.6054700476137748,0.9739935874599216
0.6055370985603544,0.9739935874599216
0.6056041643592868,0.9739935874599216
0.6056712450155073,0.9739935874599216
0.605627561759167,0.9738154613466334
0.6056946598714824,0.9738154613466334
0.6057617728531856,0.9738154613466334
0.6058289007092199,0.9738154613466334
0.6058960434445306,0.9738154613466334
0.6059632010640656,0.9738154613466334
0.6060303735727747,0.9738154613466334
0.6060975609756097,0.9738154613466334
0.6061647632775252,0.9738154613466334
0.6062319804834775,0.9738154613466334
0.6061883109681713,0.9736373352333452
0.6062555456965395,0.9736373352333452
0.6063227953410981,0.9736373352333452
0.6063900599068116,0.9736373352333452
0.6064573393986464,0.9736373352333452
0.6065246338215713,0.9736373352333452
0.6065919431805571,0.9736373352333452
0.6066592674805772,0.9736373352333452
0.6067266067266067,0.9736373352333452
0.6067939609236235,0.9736373352333452
0.606861330076607,0.9736373352333452
0.6069287141905396,0.9736373352333452
0.6067103655149427,0.9727467046669042
0.6067777777777777,0.9727467046669042
0.6068452050227803,0.9727467046669042
0.6069126472549455,0.9727467046669042
0.6069801044792709,0.9727467046669042
0.6070475767007559,0.9727467046669042
0.6071150639244024,0.9727467046669042
0.6071825661552146,0.9727467046669042
0.6072500833981986,0.9727467046669042
0.607317615658363,0.9727467046669042
0.6073851629407185,0.9727467046669042
0.607452725250278,0.9727467046669042
0.6075203025920569,0.9727467046669042
0.6075878949710726,0.9727467046669042
0.6076555023923444,0.9727467046669042
0.6077231248608947,0.9727467046669042
0.6077907623817473,0.9727467046669042
0.6078584149599288,0.9727467046669042
0.6079260826004675,0.9727467046669042
0.6079937653083946,0.9727467046669042
0.6080614630887429,0.9727467046669042
0.6081291759465479,0.9727467046669042
0.6081969038868471,0.9727467046669042
0.6082646469146803,0.9727467046669042
0.6083324050350897,0.9727467046669042
0.6084001782531194,0.9727467046669042
0.6084679665738162,0.9727467046669042
0.6085357700022287,0.9727467046669042
0.608603588543408,0.9727467046669042
0.6086714222024074,0.9727467046669042
0.6087392709842827,0.9727467046669042
0.6088071348940914,0.9727467046669042
0.6088750139368937,0.9727467046669042
0.608942908117752,0.9727467046669042
0.6090108174417308,0.9727467046669042
0.609078741913897,0.9727467046669042
0.6091466815393196,0.9727467046669042
0.60921463632307,0.9727467046669042
0.609282606270222,0.9727467046669042
0.6093505913858513,0.9727467046669042
0.6093069969869435,0.972568578553616
0.609375,0.972568578553616
0.6094430181939948,0.972568578553616
0.6095110515740121,0.972568578553616
0.6095791001451378,0.972568578553616
0.6096471639124609,0.972568578553616
0.609715242881072,0.972568578553616
0.6097833370560644,0.972568578553616
0.6098514464425332,0.972568578553616
0.6099195710455764,0.972568578553616
0.6099877108702938,0.972568578553616
0.6100558659217877,0.972568578553616
0.6101240362051625,0.972568578553616
0.6101922217255252,0.972568578553616
0.6102604224879848,0.972568578553616
0.6103286384976526,0.972568578553616
0.6103968697596422,0.972568578553616
0.6104651162790697,0.972568578553616
0.6105333780610533,0.972568578553616
0.6106016551107135,0.972568578553616
0.610669947433173,0.972568578553616
0.610738255033557,0.972568578553616
0.610806577916993,0.972568578553616
0.6108749160886104,0.972568578553616
0.6109432695535415,0.972568578553616
0.6110116383169203,0.972568578553616
0.6110800223838836,0.972568578553616
0.6111484217595702,0.972568578553616
0.6112168364491213,0.972568578553616
0.6111733094491715,0.9723904524403277
0.611241742246109,0.9723904524403277
0.6113101903695409,0.9723904524403277
0.6113786538246164,0.9723904524403277
0.6114471326164874,0.9723904524403277
0.611515626750308,0.9723904524403277
0.6115841362312346,0.9723904524403277
0.6116526610644257,0.9723904524403277
0.6117212012550426,0.9723904524403277
0.6116776868766111,0.9722123263270396
0.611746245236494,0.9722123263270396
0.6118148189664836,0.9722123263270396
0.6118834080717489,0.9722123263270396
0.6119520125574616,0.9722123263270396
0.6120206324287957,0.9722123263270396
0.6120892676909274,0.9722123263270396
0.6121579183490354,0.9722123263270396
0.6122265844083006,0.9722123263270396
0.6122952658739063,0.9722123263270396
0.6123639627510378,0.9722123263270396
0.6124326750448833,0.9722123263270396
0.6125014027606329,0.9722123263270396
0.6125701459034792,0.9722123263270396
0.6126389044786171,0.9722123263270396
0.6127076784912439,0.9722123263270396
0.6127764679465589,0.9722123263270396
0.6128452728497642,0.9722123263270396
0.612914093206064,0.9722123263270396
0.6129829290206649,0.9722123263270396
0.6130517802987757,0.9722123263270396
0.6131206470456078,0.9722123263270396
0.6131895292663746,0.9722123263270396
0.6132584269662922,0.9722123263270396
0.6133273401505788,0.9722123263270396
0.613396268824455,0.9722123263270396
0.6134652129931437,0.9722123263270396
0.6135341726618705,0.9722123263270396
0.6136721385203509,0.9722123263270396
0.6137411447205667,0.9722123263270396
0.6138101664417454,0.9722123263270396
0.6138792036891239,0.9722123263270396
0.6139482564679415,0.9722123263270396
0.6140173247834402,0.9722123263270396
0.6140864086408641,0.9722123263270396
0.6141555080454597,0.9722123263270396
0.6142246230024758,0.9722123263270396
0.6142937535171638,0.9722123263270396
0.6143628995947771,0.9722123263270396
0.6144320612405719,0.9722123263270396
0.6145012384598063,0.9722123263270396
0.6145704312577412,0.9722123263270396
0.6146396396396396,0.9722123263270396
0.6147088636107669,0.9722123263270396
0.614778103176391,0.9722123263270396
0.6148473583417822,0.9722123263270396
0.6149166291122127,0.9722123263270396
0.6149859154929578,0.9722123263270396
0.6150552174892946,0.9722123263270396
0.6151245351065029,0.9722123263270396
0.6151938683498648,0.9722123263270396
0.6152632172246646,0.9722123263270396
0.6150896582835231,0.9714998218738867
0.6151590345138732,0.9714998218738867
0.6152284263959391,0.9714998218738867
0.615297833935018,0.9714998218738867
0.6153672571364098,0.9714998218738867
0.6154366960054164,0.9714998218738867
0.6155061505473423,0.9714998218738867
0.6155756207674944,0.9714998218738867
0.6156451066711819,0.9714998218738867
0.6157146082637164,0.9714998218738867
0.6157841255504121,0.9714998218738867
0.6158536585365854,0.9714998218738867
0.615923207227555,0.9714998218738867
0.6159927716286424,0.9714998218738867
0.6160623517451711,0.9714998218738867
0.6161319475824673,0.9714998218738867
0.6162015591458593,0.9714998218738867
0.616271186440678,0.9714998218738867
0.6163408294722568,0.9714998218738867
0.6164104882459313,0.9714998218738867
0.6164801627670397,0.9714998218738867
0.6165498530409225,0.9714998218738867
0.6166195590729225,0.9714998218738867
0.6166892808683854,0.9714998218738867
0.6167590184326586,0.9714998218738867
0.6168287717710925,0.9714998218738867
0.6168985408890397,0.9714998218738867
0.6169683257918552,0.9714998218738867
0.6170381264848965,0.9714998218738867
0.6171079429735234,0.9714998218738867
0.6171777752630984,0.9714998218738867
0.617247623358986,0.9714998218738867
0.6173174872665534,0.9714998218738867
0.6173873669911705,0.9714998218738867
0.617457262538209,0.9714998218738867
0.6174139492753623,0.9713216957605985
0.6174838636620994,0.9713216957605985
0.6175537938844847,0.9713216957605985
0.6173804668026286,0.9706091913074457
0.6174504249291785,0.9706091913074457
0.617520398912058,0.9706091913074457
0.6175903887566587,0.9706091913074457
0.6176603944683745,0.9706091913074457
0.6177304160526017,0.9706091913074457
0.6178004535147392,0.9706091913074457
0.6178705068601882,0.9706091913074457
0.6179405760943525,0.9706091913074457
0.618010661222638,0.9706091913074457
0.6180807622504537,0.9706091913074457
0.6181508791832104,0.9706091913074457
0.6182210120263217,0.9706091913074457
0.6182911607852036,0.9706091913074457
0.6183613254652747,0.9706091913074457
0.6184315060719555,0.9706091913074457
0.6185017026106697,0.9706091913074457
0.618571915086843,0.9706091913074457
0.6186421435059037,0.9706091913074457
0.6187123878732826,0.9706091913074457
0.6188529244747303,0.9706091913074457
0.6188096319854611,0.9704310651941574
0.6188799272975122,0.9704310651941574
0.6189502385821404,0.9704310651941574
0.6190205658447904,0.9704310651941574
0.6190909090909091,0.9704310651941574
0.6191612683259461,0.9704310651941574
0.6192316435553535,0.9704310651941574
0.6193020347845857,0.9704310651941574
0.6193724420190996,0.9704310651941574
0.6194428652643548,0.9704310651941574
0.6195133045258131,0.9704310651941574
0.619583759808939,0.9704310651941574
0.6196542311191993,0.9704310651941574
0.6197247184620635,0.9704310651941574
0.6197952218430034,0.9704310651941574
0.6198657412674935,0.9704310651941574
0.6199362767410105,0.9704310651941574
0.6200068282690337,0.9704310651941574
0.6200773958570454,0.9704310651941574
0.6201479795105294,0.9704310651941574
0.6202185792349727,0.9704310651941574
0.6202891950358648,0.9704310651941574
0.6203598269186973,0.9704310651941574
0.6204304748889649,0.9704310651941574
0.620501138952164,0.9704310651941574
0.6205718191137943,0.9704310651941574
0.6206425153793574,0.9704310651941574
0.620713227754358,0.9704310651941574
0.6207839562443026,0.9704310651941574
0.6208547008547008,0.9704310651941574
0.6209254615910645,0.9704310651941574
0.6209962384589081,0.9704310651941574
0.6210670314637483,0.9704310651941574
0.6211378406111048,0.9704310651941574
0.6212086659064995,0.9704310651941574
0.6212795073554567,0.9704310651941574
0.6213503649635036,0.9704310651941574
0.6214212387361697,0.9704310651941574
0.621492128678987,0.9704310651941574
0.62156303479749,0.9704310651941574
0.6216339570972159,0.9704310651941574
0.6217048955837042,0.9704310651941574
0.6217758502624972,0.9704310651941574
0.6218468211391394,0.9704310651941574
0.6219178082191781,0.9704310651941574
0.621988811508163,0.9704310651941574
0.6220598310116465,0.9704310651941574
0.6221308667351833,0.9704310651941574
0.6222019186843307,0.9704310651941574
0.6222729868646488,0.9704310651941574
0.6223440712816998,0.9704310651941574
0.6224151719410488,0.9704310651941574
0.6224862888482633,0.9704310651941574
0.6225574220089133,0.9704310651941574
0.6226285714285714,0.9704310651941574
0.6226997371128129,0.9704310651941574
0.6227709190672154,0.9704310651941574
0.622842117297359,0.9704310651941574
0.6229133318088269,0.9704310651941574
0.6229845626072041,0.9704310651941574
0.6228551818805765,0.9698966868542929
0.6229264386225832,0.9698966868542929
0.6229977116704806,0.9698966868542929
0.6230690010298661,0.9698966868542929
0.6231403067063401,0.9698966868542929
0.6232116287055053,0.9698966868542929
0.623282967032967,0.9698966868542929
0.6233543216943331,0.9698966868542929
0.6234256926952141,0.9698966868542929
0.623497080041223,0.9698966868542929
0.6235684837379752,0.9698966868542929
0.6236399037910892,0.9698966868542929
0.6237113402061856,0.9698966868542929
0.6237827929888876,0.9698966868542929
0.6238542621448213,0.9698966868542929
0.623925747679615,0.9698966868542929
0.6239972495988998,0.9698966868542929
0.6240687679083095,0.9698966868542929
0.6241403026134801,0.9698966868542929
0.6242118537200504,0.9698966868542929
0.624283421233662,0.9698966868542929
0.6243550051599587,0.9698966868542929
0.6244266055045872,0.9698966868542929
0.6244982222731965,0.9698966868542929
0.6245698554714384,0.9698966868542929
0.6246415051049673,0.9698966868542929
0.6247131711794401,0.9698966868542929
0.6247848537005164,0.9698966868542929
0.6246125588336586,0.96918418240114
0.6246842709529277,0.96918418240114
0.624755999540705,0.96918418240114
0.6245835726593911,0.9684716779479872
0.6246553308823529,0.9684716779479872
0.6247271055957716,0.9684716779479872
0.6247988968053321,0.9684716779479872
0.6248707045167222,0.9684716779479872
0.6249425287356322,0.9684716779479872
0.6250143694677549,0.9684716779479872
0.6250862267187859,0.9684716779479872
0.6251581004944233,0.9684716779479872
0.625229990800368,0.9684716779479872
0.6251868890166763,0.968293551834699
0.6252587991718427,0.968293551834699
0.6253307258713908,0.968293551834699
0.6254026691210308,0.968293551834699
0.6254746289264757,0.968293551834699
0.6255466052934407,0.968293551834699
0.6256185982276441,0.968293551834699
0.6256906077348067,0.968293551834699
0.6257626338206516,0.968293551834699
0.6258346764909049,0.968293551834699
0.6259067357512953,0.968293551834699
0.6259788116075541,0.968293551834699
0.6260509040654152,0.968293551834699
0.626123013130615,0.968293551834699
0.626195138808893,0.968293551834699
0.6262672811059908,0.968293551834699
0.626339440027653,0.968293551834699
0.6264116155796267,0.968293551834699
0.6264838077676617,0.968293551834699
0.6265560165975104,0.968293551834699
0.626628242074928,0.968293551834699
0.6267004842056721,0.968293551834699
0.6267727429955033,0.968293551834699
0.6268450184501845,0.968293551834699
0.6269173105754815,0.968293551834699
0.6269896193771626,0.968293551834699
0.627061944860999,0.968293551834699
0.6271342870327642,0.968293551834699
0.6272066458982347,0.968293551834699
0.6272790214631895,0.968293551834699
0.6273514137334103,0.968293551834699
0.6274238227146814,0.968293551834699
0.6274962484127901,0.968293551834699
0.6275686908335257,0.968293551834699
0.627641149982681,0.968293551834699
0.6277136258660508,0.968293551834699
0.627786118489433,0.968293551834699
0.6278586278586279,0.968293551834699
0.6279311539794385,0.968293551834699
0.628003696857671,0.968293551834699
0.6280762564991335,0.968293551834699
0.6281488329096372,0.968293551834699
0.6281058592395701,0.9681154257214107
0.6281784558483587,0.9681154257214107
0.6282510692405502,0.9681154257214107
0.6283236994219653,0.9681154257214107
0.6283963463984276,0.9681154257214107
0.6284690101757632,0.9681154257214107
0.628541690759801,0.9681154257214107
0.6286143881563729,0.9681154257214107
0.6286871023713129,0.9681154257214107
0.6287598334104582,0.9681154257214107
0.6288325812796483,0.9681154257214107
0.6289053459847258,0.9681154257214107
0.6289781275315357,0.9681154257214107
0.6290509259259259,0.9681154257214107
0.6291237411737469,0.9681154257214107
0.6291965732808521,0.9681154257214107
0.6292694222530971,0.9681154257214107
0.6292264937471052,0.9679372996081226
0.6292993630573248,0.9679372996081226
0.6293722492471624,0.9679372996081226
0.6294451523224835,0.9679372996081226
0.6292304126101066,0.9670466690416815
0.6293033499478382,0.9670466690416815
0.6293763041966148,0.9670466690416815
0.6294492753623189,0.9670466690416815
0.6295222634508348,0.9670466690416815
0.6295952684680506,0.9670466690416815
0.6296682904198562,0.9670466690416815
0.6297413293121448,0.9670466690416815
0.6298143851508121,0.9670466690416815
0.6298874579417566,0.9670466690416815
0.6298445114875841,0.9668685429283933
0.6299176047348265,0.9668685429283933
0.6299907149489322,0.9668685429283933
0.6300638421358097,0.9668685429283933
0.6301369863013698,0.9668685429283933
0.6302101474515268,0.9668685429283933
0.6302833255921969,0.9668685429283933
0.6301115241635687,0.9661560384752405
0.6301847333565702,0.9661560384752405
0.6302579595630955,0.9661560384752405
0.6303312027890762,0.9661560384752405
0.6304044630404463,0.9661560384752405
0.6304777403231431,0.9661560384752405
0.6305510346431062,0.9661560384752405
0.6306243460062784,0.9661560384752405
0.6306976744186047,0.9661560384752405
0.6307710198860332,0.9661560384752405
0.630844382414515,0.9661560384752405
0.6309177620100035,0.9661560384752405
0.6309911586784551,0.9661560384752405
0.6310645724258289,0.9661560384752405
0.631138003258087,0.9661560384752405
0.6310950773885721,0.9659779123619523
0.6311685288640596,0.9659779123619523
0.6312419974391805,0.9659779123619523
0.6309842748980781,0.964909155682223
0.6310577819198508,0.964909155682223
0.6311313060701387,0.964909155682223
0.6312048473549289,0.964909155682223
0.6311618692460086,0.9647310295689348
0.6312354312354312,0.9647310295689348
0.6313090103741695,0.9647310295689348
0.631382606668221,0.9647310295689348
0.6314562201235864,0.9647310295689348
0.6315298507462687,0.9647310295689348
0.631603498542274,0.9647310295689348
0.6316771635176114,0.9647310295689348
0.6317508456782923,0.9647310295689348
0.6318245450303314,0.9647310295689348
0.6318982615797456,0.9647310295689348
0.6319719953325554,0.9647310295689348
0.6320457462947835,0.9647310295689348
0.6321195144724556,0.9647310295689348
0.6321932998716003,0.9647310295689348
0.6322671024982489,0.9647310295689348
0.6323409223584355,0.9647310295689348
0.6324147594581971,0.9647310295689348
0.6324886138035735,0.9647310295689348
0.6325624854006073,0.9647310295689348
0.632636374255344,0.9647310295689348
0.6327102803738318,0.9647310295689348
0.6327842037621217,0.9647310295689348
0.6328581444262679,0.9647310295689348
0.6329321023723268,0.9647310295689348
0.6330060776063581,0.9647310295689348
0.6330800701344244,0.9647310295689348
0.6331540799625907,0.9647310295689348
0.633228107096925,0.9647310295689348
0.6333021515434986,0.9647310295689348
0.633376213308385,0.9647310295689348
0.6334502923976608,0.9647310295689348
0.6335243888174056,0.9647310295689348
0.6335985025737014,0.9647310295689348
0.6336726336726337,0.9647310295689348
0.6337467821202902,0.9647310295689348
0.6338209479227619,0.9647310295689348
0.6338951310861424,0.9647310295689348
0.6339693316165281,0.9647310295689348
0.6340435495200187,0.9647310295689348
0.6341177848027163,0.9647310295689348
0.6339463511772285,0.964018525115782
0.634020618556701,0.964018525115782
0.6340949033391916,0.964018525115782
0.6341692055308179,0.964018525115782
0.6342435251377007,0.964018525115782
0.6343178621659634,0.964018525115782
0.6343922166217325,0.964018525115782
0.6344665885111371,0.964018525115782
0.6345409778403095,0.964018525115782
0.6346153846153846,0.964018525115782
0.6346898088425003,0.964018525115782
0.6347642505277973,0.964018525115782
0.6348387096774194,0.964018525115782
0.6349131862975129,0.964018525115782
0.6349876803942274,0.964018525115782
0.635062191973715,0.964018525115782
0.6351367210421313,0.964018525115782
0.6352112676056338,0.964018525115782
0.6352858316703839,0.964018525115782
0.6353604132425452,0.964018525115782
0.6354350123282846,0.964018525115782
0.6355096289337717,0.964018525115782
0.6355842630651791,0.964018525115782
0.6353273005053472,0.9629497684360527
0.6354019746121298,0.9629497684360527
0.6354766662748325,0.9629497684360527
0.6350476638813699,0.9611685073031706
0.6351224105461394,0.9611685073031706
0.635197174808711,0.9611685073031706
0.6352719566753002,0.9611685073031706
0.6353467561521253,0.9611685073031706
0.6354215732454075,0.9611685073031706
0.6354964079613709,0.9611685073031706
0.6355712603062427,0.9611685073031706
0.6356461302862528,0.9611685073031706
0.6353884239066369,0.9600997506234414
0.6354633341193114,0.9600997506234414
0.6352052855120339,0.9590309939437122
0.6352802359882006,0.9590309939437122
0.6353552041538825,0.9590309939437122
0.6354301900153428,0.9590309939437122
0.6355051935788479,0.9590309939437122
0.6354191263282173,0.9586747417171357
0.6354941551540914,0.9586747417171357
0.6355692017005196,0.9586747417171357
0.6356442659737805,0.9586747417171357
0.635719347980156,0.9586747417171357
0.6357944477259303,0.9586747417171357
0.6358695652173914,0.9586747417171357
0.6359447004608295,0.9586747417171357
0.6360198534625384,0.9586747417171357
0.6360950242288146,0.9586747417171357
0.6361702127659574,0.9586747417171357
0.6362454190802695,0.9586747417171357
0.6363206431780563,0.9586747417171357
0.6362776398249971,0.9584966156038476
0.636352885525071,0.9584966156038476
0.636428149024246,0.9584966156038476
0.6365034303288384,0.9584966156038476
0.6365787294451674,0.9584966156038476
0.6366540463795551,0.9584966156038476
0.6367293811383268,0.9584966156038476
0.6368047337278107,0.9584966156038476
0.6368801041543378,0.9584966156038476
0.6369554924242424,0.9584966156038476
0.6370308985438617,0.9584966156038476
0.6369019422074846,0.9579622372639829
0.636977377709345,0.9579622372639829
0.6370528310826818,0.9579622372639829
0.6371283023338467,0.9579622372639829
0.6372037914691943,0.9579622372639829
0.6372792984950824,0.9579622372639829
0.6373548234178715,0.9579622372639829
0.6374303662439256,0.9579622372639829
0.6375059269796112,0.9579622372639829
0.6375815056312981,0.9579622372639829
0.6376571022053592,0.9579622372639829
0.6377327167081703,0.9579622372639829
0.6378083491461101,0.9579622372639829
0.6378839995255604,0.9579622372639829
0.6379596678529063,0.9579622372639829
0.6380353541345355,0.9579622372639829
0.6381110583768391,0.9579622372639829
0.638186780586211,0.9579622372639829
0.6382625207690482,0.9579622372639829
0.6382195845697329,0.9577841111506947
0.6382953466286799,0.9577841111506947
0.638371126676956,0.9577841111506947
0.6384469247209689,0.9577841111506947
0.6385227407671298,0.9577841111506947
0.6385985748218528,0.9577841111506947
0.6385556479391852,0.9576059850374065
0.6386315039201711,0.9576059850374065
0.6385026737967915,0.9570716066975419
0.6385785595436178,0.9570716066975419
0.6386544633305599,0.9570716066975419
0.6387303851640513,0.9570716066975419
0.638806325050529,0.9570716066975419
0.6388822829964328,0.9570716066975419
0.6387963843958135,0.9567153544709655
0.6389483702117535,0.9567153544709655
0.6388194692371773,0.9561809761311009
0.63877648179005,0.9560028500178126
0.6388525175574337,0.9560028500178126
0.638680481124211,0.9552903455646597
0.6387565507384468,0.9552903455646597
0.6388326384752829,0.9552903455646597
0.6387896116273528,0.9551122194513716
0.6387035271687321,0.9547559672247952
0.6387796448575855,0.9547559672247952
0.6388557806912991,0.9547559672247952
0.6389319346763619,0.9547559672247952
0.6390081068192656,0.9547559672247952
0.6390842971265053,0.9547559672247952
0.639160505604579,0.9547559672247952
0.6392367322599881,0.9547559672247952
0.6391937022900763,0.9545778411115069
0.6392699510914946,0.9545778411115069
0.6393462180863756,0.9545778411115069
0.6394225032812314,0.9545778411115069
0.6394988066825775,0.9545778411115069
0.6395751282969329,0.9545778411115069
0.6394890772352871,0.9542215888849306
0.6395654250238777,0.9542215888849306
0.6396417910447761,0.9542215888849306
0.639718175304514,0.9542215888849306
0.6397945778096262,0.9542215888849306
0.6398709985666508,0.9542215888849306
0.6396988527724665,0.9535090844317777
0.6397753077566631,0.9535090844317777
0.6398517810184079,0.9535090844317777
0.6399282725642558,0.9535090844317777
0.6400047824007652,0.9535090844317777
0.6400813105344972,0.9535090844317777
0.6400382683568524,0.9533309583184895
0.6401148188015787,0.9533309583184895
0.6401913875598086,0.9533309583184895
0.6402679746381146,0.9533309583184895
0.6403445800430725,0.9533309583184895
0.6404212037812612,0.9533309583184895
0.6404978458592628,0.9533309583184895
0.6405745062836625,0.9533309583184895
0.6406511850610486,0.9533309583184895
0.6407278821980127,0.9533309583184895
0.6406848659003831,0.9531528322052013
0.6407615854388696,0.9531528322052013
0.6408383233532934,0.9531528322052013
0.6409150796502575,0.9531528322052013
0.640991854336368,0.9531528322052013
0.6408197507190796,0.9524403277520485
0.6408965599904112,0.9524403277520485
0.6409733876768161,0.9524403277520485
0.6410502337849179,0.9524403277520485
0.641127098321343,0.9524403277520485
0.6410840628372707,0.9522622016387603
0.6411609498680739,0.9522622016387603
0.6412378553436487,0.9522622016387603
0.6413147792706334,0.9522622016387603
0.6413917216556688,0.9522622016387603
0.6414686825053996,0.9522622016387603
0.6415456618264731,0.9522622016387603
0.6416226596255401,0.9522622016387603
0.6416996759092546,0.9522622016387603
0.6417767106842737,0.9522622016387603
0.6418537639572578,0.9522622016387603
0.6419308357348703,0.9522622016387603
0.6420079260237781,0.9522622016387603
0.6420850348306509,0.9522622016387603
0.6421621621621622,0.9522622016387603
0.642239308024988,0.9522622016387603
0.642316472425808,0.9522622016387603
0.642393655371305,0.9522622016387603
0.6424708568681649,0.9522622016387603
0.6425480769230769,0.9522622016387603
0.6426253155427335,0.9522622016387603
0.6427025727338302,0.9522622016387603
0.642779848503066,0.9522622016387603
0.6428571428571429,0.9522622016387603
0.6429344558027661,0.9522622016387603
0.6430117873466442,0.9522622016387603
0.643089137495489,0.9522622016387603
0.6431665062560153,0.9522622016387603
0.6432438936349416,0.9522622016387603
0.6433212996389892,0.9522622016387603
0.6433987242748826,0.9522622016387603
0.64347616754935,0.9522622016387603
0.6435536294691224,0.9522622016387603
0.6436311100409343,0.9522622016387603
0.6437086092715232,0.9522622016387603
0.6436657032755299,0.952084075525472
0.6437432253402384,0.952084075525472
0.6438207660804626,0.952084075525472
0.6437778580893868,0.9519059494121839
0.643855421686747,0.9519059494121839
0.6439330039763826,0.9519059494121839
0.6440106049650518,0.9519059494121839
0.6439676991683742,0.9517278232988956
0.6440453230472517,0.9517278232988956
0.644122965641953,0.9517278232988956
0.6442006269592476,0.9517278232988956
0.6442783070059086,0.9517278232988956
0.644356005788712,0.9517278232988956
0.6444337233144374,0.9517278232988956
0.6445114595898673,0.9517278232988956
0.6445892146217879,0.9517278232988956
0.6446669884169884,0.9517278232988956
0.6447447809822614,0.9517278232988956
0.644701906830799,0.9515496971856074
0.6447797223898611,0.9515496971856074
0.6448575567358764,0.9515496971856074
0.6449354098756489,0.9515496971856074
0.6448496558386668,0.951193444959031
0.644927536231884,0.951193444959031
0.6450054354390626,0.951193444959031
0.6449196568805122,0.9508371927324546
0.6449975833736105,0.9508371927324546
0.6450755287009063,0.9508371927324546
0.645153492869229,0.9508371927324546
0.6452314758854104,0.9508371927324546
0.6453094777562862,0.9508371927324546
0.6452665941240479,0.9506590666191663
0.6453446191051995,0.9506590666191663
0.6454226629580361,0.9506590666191663
0.645500725689405,0.9506590666191663
0.645578807306157,0.9506590666191663
0.6456569078151464,0.9506590666191663
0.6457350272232305,0.9506590666191663
0.6458131655372701,0.9506590666191663
0.6458913227641293,0.9506590666191663
0.6459694989106753,0.9506590666191663
0.6460476939837793,0.9506590666191663
0.6461259079903148,0.9506590666191663
0.6462041409371595,0.9506590666191663
0.646282392831194,0.9506590666191663
0.6463606636793024,0.9506590666191663
0.6464389534883721,0.9506590666191663
0.6465955900169614,0.9506590666191663
0.6466739367502726,0.9506590666191663
0.646752302472128,0.9506590666191663
0.6468306871894316,0.9506590666191663
0.6469090909090909,0.9506590666191663
0.6469875136380168,0.9506590666191663
0.6470659553831232,0.9506590666191663
0.6469375379017587,0.9501246882793017
0.6470160116448326,0.9501246882793017
0.6470945044279995,0.9501246882793017
0.6471730162581898,0.9501246882793017
0.6472515471423371,0.9501246882793017
0.6473300970873787,0.9501246882793017
0.6474086661002549,0.9501246882793017
0.6474872541879096,0.9501246882793017
0.6475658613572903,0.9501246882793017
0.6476444876153472,0.9501246882793017
0.6475160937689785,0.9495903099394372
0.6475947521865889,0.9495903099394372
0.6475519377961365,0.9494121838261489
0.647509113001215,0.9492340577128607
0.6475877992465671,0.9492340577128607
0.6476665046183763,0.9492340577128607
0.6477452291236173,0.9492340577128607
0.6477024070021882,0.9490559315995725
0.6477811550151976,0.9490559315995725
0.6478599221789884,0.9490559315995725
0.6476456989901448,0.9481653010331315
0.6477245071793624,0.9481653010331315
0.6478033345503225,0.9481653010331315
0.6478821811100293,0.9481653010331315
0.6479610468654899,0.9481653010331315
0.6480399318237156,0.9481653010331315
0.6481188359917205,0.9481653010331315
0.6481977593765221,0.9481653010331315
0.6482767019851419,0.9481653010331315
0.6482338611449452,0.9479871749198433
0.6483128273845778,0.9479871749198433
0.6483918128654971,0.9479871749198433
0.6484708175947362,0.9479871749198433
0.6486288848263254,0.9479871749198433
0.6487079473427596,0.9479871749198433
0.6487870291356821,0.9479871749198433
0.6488661302121433,0.9479871749198433
0.6489452505791976,0.9479871749198433
0.6490243902439025,0.9479871749198433
0.6491035492133187,0.9479871749198433
0.6491827274945109,0.9479871749198433
0.6492619250945468,0.9479871749198433
0.6493411420204978,0.9479871749198433
0.6494203782794387,0.9479871749198433
0.6494996338784477,0.9479871749198433
0.6495789088246063,0.9479871749198433
0.6494933463557563,0.9476309226932669
0.6495726495726496,0.9476309226932669
0.6496519721577726,0.9476309226932669
0.6497313141182218,0.9476309226932669
0.6498106754610968,0.9476309226932669
0.6498900561935012,0.9476309226932669
0.6497617010876207,0.9470965443534022
0.6498411146418969,0.9470965443534022
0.6495841487279843,0.946027787673673
0.6496636085626911,0.946027787673673
0.6497430878394911,0.946027787673673
0.6498225865655206,0.946027787673673
0.6499021047479198,0.946027787673673
0.6498164014687883,0.9456715354470966
0.6497735340923002,0.9454934093338083
0.6498530852105778,0.9454934093338083
0.649932655809967,0.9454934093338083
0.6498897869213813,0.9453152832205202
0.6496323529411765,0.9442465265407909
0.6497119745066797,0.9442465265407909
0.6497916155920569,0.9442465265407909
0.6498712762044869,0.9442465265407909
0.6497424576894776,0.9437121482009263
0.6498221513553293,0.9437121482009263
0.6495212374171373,0.9424652654079088
0.6496009821976673,0.9424652654079088
0.6495149207908634,0.9421090131813323
0.6495946941783346,0.9421090131813323
0.6496744871637391,0.9421090131813323
0.6495884015235287,0.941752760954756
0.6496682231506513,0.941752760954756
0.649748064397198,0.941752760954756
0.6497050147492626,0.9415746348414678
0.6496619545175168,0.9413965087281796
0.6497418244406197,0.9413965087281796
0.6496987581458257,0.9412183826148913
0.6496125937769032,0.9408621303883149
0.6496924969249692,0.9408621303883149
0.6495631844469054,0.9403277520484503
0.649643120846665,0.9403277520484503
0.649723076923077,0.9403277520484503
0.6498030526834072,0.9403277520484503
0.6498830481349255,0.9403277520484503
0.6499630632849052,0.9403277520484503
0.6500430981406231,0.9403277520484503
0.6501231527093596,0.9403277520484503
0.6499938400887028,0.9397933737085857
0.6500739280433712,0.9397933737085857
0.6501540357362908,0.9397933737085857
0.6502341631747597,0.9397933737085857
0.6503143103660791,0.9397933737085857
0.6502712031558185,0.9396152475952975
0.6503513746763654,0.9396152475952975
0.6502220029600395,0.9390808692554329
0.6503022079684223,0.9390808692554329
0.6503824327658525,0.9390808692554329
0.6504626773596546,0.9390808692554329
0.650542941757157,0.9390808692554329
0.6503703703703704,0.93836836480228
0.6504506729225831,0.93836836480228
0.6505309953074834,0.93836836480228
0.6504446640316206,0.9380121125757036
0.6505250154416307,0.9380121125757036
0.6504386506857779,0.9376558603491272
0.6505190311418685,0.9376558603491272
0.650302955360455,0.9367652297826862
0.6503833786791986,0.9367652297826862
0.6504638218923933,0.9367652297826862
0.6505442850074221,0.9367652297826862
0.6506247680316715,0.9367652297826862
0.6507052709725315,0.9367652297826862
0.6506188118811881,0.9364089775561097
0.6506993439782152,0.9364089775561097
0.6507798960138648,0.9364089775561097
0.6508604679955429,0.9364089775561097
0.6509410599306588,0.9364089775561097
0.6507680872150644,0.9356964731029569
0.6508487176310247,0.9356964731029569
0.6507621762300161,0.9353402208763805
0.6508428358948934,0.9353402208763805
0.6509235155572084,0.9353402208763805
0.6508802380362013,0.9351620947630923
0.6509609423434594,0.9351620947630923
0.6510416666666666,0.9351620947630923
0.6511224110132705,0.9351620947630923
0.6512031753907219,0.9351620947630923
0.6512839598064756,0.9351620947630923
0.6513647642679901,0.9351620947630923
0.6514455887827274,0.9351620947630923
0.6515264333581534,0.9351620947630923
0.6516072980017377,0.9351620947630923
0.6516881827209533,0.9351620947630923
0.6517690875232774,0.9351620947630923
0.6518500124161907,0.9351620947630923
0.6519309574071774,0.9351620947630923
0.6520119225037257,0.9351620947630923
0.6520929077133275,0.9351620947630923
0.6521739130434783,0.9351620947630923
0.6522549385016773,0.9351620947630923
0.6523359840954275,0.9351620947630923
0.6524170498322356,0.9351620947630923
0.6522441874922292,0.9344495903099395
0.6523252922158667,0.9344495903099395
0.6524064171122995,0.9344495903099395
0.652276685742722,0.9339152119700748
0.6521901443504231,0.9335589597434985
0.6521468574984443,0.9333808336302102
0.6522280308688075,0.9333808336302102
0.6523092244491473,0.9333808336302102
0.6523904382470119,0.9333808336302102
0.652471672269954,0.9333808336302102
0.6525529265255293,0.9333808336302102
0.6525096525096525,0.933202707516922
0.6525909317389138,0.933202707516922
0.6524610591900312,0.9326683291770573
0.652542372881356,0.9326683291770573
0.6526237068428269,0.9326683291770573
0.6527050610820244,0.9326683291770573
0.6526617628724598,0.9324902030637692
0.6527431421446384,0.9324902030637692
0.6528245417134306,0.9324902030637692
0.6526079361118043,0.931599572497328
0.6523910600574354,0.930708941930887
0.652304233795429,0.9303526897043106
0.6521304510808447,0.9296401852511578
0.6522119470132467,0.9296401852511578
0.6522934633170854,0.9296401852511578
0.652375,0.9296401852511578
0.6524565570696337,0.9296401852511578
0.6525381345336334,0.9296401852511578
0.6526197323996499,0.9296401852511578
0.6527013506753376,0.9296401852511578
0.6527829893683552,0.9296401852511578
0.6528646484863647,0.9296401852511578
0.6529463280370325,0.9296401852511578
0.6530280280280281,0.9296401852511578
0.6531097484670254,0.9296401852511578
0.6528056112224448,0.9283933024581403
0.6527621195039459,0.9282151763448522
0.6528438987722376,0.9282151763448522
0.6529256985340183,0.9282151763448522
0.6528387015916781,0.9278589241182758
0.6529205314615192,0.9278589241182758
0.6530023818478125,0.9278589241182758
0.6530842527582749,0.9278589241182758
0.6531661442006269,0.9278589241182758
0.6532480561825934,0.9278589241182758
0.6533299887119026,0.9278589241182758
0.653411941796287,0.9278589241182758
0.6534939154434827,0.9278589241182758
0.6535759096612296,0.9278589241182758
0.6536579244572719,0.9278589241182758
0.6537399598393574,0.9278589241182758
0.6538220158152379,0.9278589241182758
0.6539040923926689,0.9278589241182758
0.6539861895794099,0.9278589241182758
0.6540683073832245,0.9278589241182758
0.65415044581188,0.9278589241182758
0.6542326048731475,0.9278589241182758
0.6543147845748022,0.9278589241182758
0.6543969849246232,0.9278589241182758
0.6544792059303932,0.9278589241182758
0.6543054682589566,0.9271464196651229
0.6542185338865837,0.9267901674385465
0.6543008048289738,0.9267901674385465
0.6543830964658534,0.9267901674385465
0.6544654088050315,0.9267901674385465
0.6545477418543213,0.9267901674385465
0.6546300956215401,0.9267901674385465
0.6547124701145086,0.9267901674385465
0.6547948653410521,0.9267901674385465
0.6548772813089994,0.9267901674385465
0.6549597180261832,0.9267901674385465
0.6550421755004406,0.9267901674385465
0.6551246537396122,0.9267901674385465
0.6552071527515426,0.9267901674385465
0.6552896725440807,0.9267901674385465
0.6553722131250788,0.9267901674385465
0.6554547745023935,0.9267901674385465
0.6555373566838856,0.9267901674385465
0.6554939516129032,0.9266120413252583
0.6555765595463138,0.9266120413252583
0.6556591883035039,0.9266120413252583
0.6557418378923484,0.9266120413252583
0.6558245083207261,0.9266120413252583
0.6557811120917917,0.92643391521197
0.6558638083228248,0.92643391521197
0.6559465254130408,0.92643391521197
0.656029263370333,0.92643391521197
0.6561120222025987,0.92643391521197
0.656194801917739,0.92643391521197
0.6561514195583596,0.9262557890986819
0.6559777805832597,0.925543284645529
0.656060606060606,0.925543284645529
0.6561434524561182,0.925543284645529
0.6562263197777216,0.925543284645529
0.6561828975622079,0.9253651585322408
0.656265790803436,0.9253651585322408
0.6563487049905243,0.9253651585322408
0.6564316401314126,0.9253651585322408
0.6565145962340453,0.9253651585322408
0.65659757330637,0.9253651585322408
0.6566805713563393,0.9253651585322408
0.656763590391909,0.9253651585322408
0.6567201921861171,0.9251870324189526
0.6568032372281234,0.9251870324189526
0.6568863032755786,0.9251870324189526
0.6569693903364533,0.9251870324189526
0.6570524984187224,0.9251870324189526
0.6573019488737029,0.9251870324189526
0.6572151898734178,0.9248307801923762
0.6572983922015445,0.9248307801923762
0.6573816155988857,0.9248307801923762
0.6574648600734456,0.9248307801923762
0.6575481256332321,0.9248307801923762
0.6576314122862571,0.9248307801923762
0.6577147200405371,0.9248307801923762
0.6577980489040922,0.9248307801923762
0.6578813988849468,0.9248307801923762
0.6579647699911292,0.9248307801923762
0.6580481622306718,0.9248307801923762
0.6581315756116111,0.9248307801923762
0.6582150101419878,0.9248307801923762
0.6582984658298466,0.9248307801923762
0.6583819426832361,0.9248307801923762
0.6584654407102093,0.9248307801923762
0.6585489599188229,0.9248307801923762
0.6586325003171382,0.9248307801923762
0.65871606191322,0.9248307801923762
0.6587996447151376,0.9248307801923762
0.6588832487309645,0.9248307801923762
0.6588399543089225,0.924652654079088
0.658923584666159,0.924652654079088
0.6588802843722229,0.9244745279657998
0.6588369730827831,0.9242964018525116
0.6589206349206349,0.9242964018525116
0.6588339895846564,0.9239401496259352
0.6589176829268293,0.9239401496259352
0.659001397535256,0.9239401496259352
0.658654457586163,0.9225151407196295
0.6587382345459171,0.9225151407196295
0.6588220328202519,0.9225151407196295
0.6589058524173028,0.9225151407196295
0.6589896933452093,0.9225151407196295
0.659073555612115,0.9225151407196295
0.6591574392261678,0.9225151407196295
0.6592413441955194,0.9225151407196295
0.6593252705283259,0.9225151407196295
0.6594092182327477,0.9225151407196295
0.659493187316949,0.9225151407196295
0.6595771777890983,0.9225151407196295
0.6594904458598726,0.922158888493053
0.6595744680851063,0.922158888493053
0.6596585117227319,0.922158888493053
0.6597425767809354,0.922158888493053
0.6598266632679072,0.922158888493053
0.6599107711918419,0.922158888493053
0.6599949005609383,0.922158888493053
0.6600790513833992,0.922158888493053
0.6601632236674317,0.922158888493053
0.6602474174212473,0.922158888493053
0.6603316326530613,0.922158888493053
0.6602883020793469,0.9219807623797649
0.6603725440163307,0.9219807623797649
0.6601123595505618,0.9209120057000356
0.6601966543225641,0.9209120057000356
0.6602809706257982,0.9209120057000356
0.6603653084685145,0.9209120057000356
0.6604496678589679,0.9209120057000356
0.6605340488054171,0.9209120057000356
0.6606184513161257,0.9209120057000356
0.660702875399361,0.9209120057000356
0.6605727435438506,0.920377627360171
0.6606572049610024,0.920377627360171
0.6607416879795397,0.920377627360171
0.6608261926077503,0.920377627360171
0.6609107188539268,0.920377627360171
0.6610798362333674,0.920377627360171
0.6611644273832373,0.920377627360171
0.6612490401842847,0.920377627360171
0.6613336746448227,0.920377627360171
0.6614183307731695,0.920377627360171
0.6615030085776469,0.920377627360171
0.6615877080665813,0.920377627360171
0.6616724292483033,0.920377627360171
0.6617571721311475,0.920377627360171
0.6618419367234533,0.920377627360171
0.6619267230335639,0.920377627360171
0.6617533965649833,0.9196651229070182
0.6617100371747212,0.9194869967937299
0.6617948717948718,0.9194869967937299
0.6618797281702783,0.9194869967937299
0.6619646063093101,0.9194869967937299
0.6620495062203412,0.9194869967937299
0.6621344279117496,0.9194869967937299
0.6622193713919179,0.9194869967937299
0.6623043366692327,0.9194869967937299
0.6623893237520853,0.9194869967937299
0.6624743326488707,0.9194869967937299
0.6625593633679887,0.9194869967937299
0.6624727179355502,0.9191307445671535
0.662557781201849,0.9191307445671535
0.6625144471555156,0.9189526184538653
0.662471101977909,0.9187744923405772
0.6625561978163135,0.9187744923405772
0.6626413155190134,0.9187744923405772
0.6627264550944366,0.9187744923405772
0.6628116165510152,0.9187744923405772
0.6628967998971854,0.9187744923405772
0.6629820051413882,0.9187744923405772
0.6630672322920684,0.9187744923405772
0.662980583772663,0.9184182401140008
0.6630658436213992,0.9184182401140008
0.6631511254019292,0.9184182401140008
0.6632364291227167,0.9184182401140008
0.6633217547922295,0.9184182401140008
0.6632784354091611,0.9182401140007125
0.6632351048771072,0.9180619878874243
0.6633204633204633,0.9180619878874243
0.6632771270433775,0.9178838617741361
0.6631470512490343,0.9173494834342715
0.6632324533161623,0.9173494834342715
0.6633178773827924,0.9173494834342715
0.6634033234574263,0.9173494834342715
0.66348879154857,0.9173494834342715
0.663574281664734,0.9173494834342715
0.663659793814433,0.9173494834342715
0.6637453280061864,0.9173494834342715
0.6638308842485177,0.9173494834342715
0.6639164625499548,0.9173494834342715
0.6640020629190304,0.9173494834342715
0.6640876853642811,0.9173494834342715
0.6641733298942482,0.9173494834342715
0.6641300141880563,0.9171713573209832
0.6639566395663956,0.9164588528678305
0.6640423335054207,0.9164588528678305
0.6641280495675745,0.9164588528678305
0.6642137877614253,0.9164588528678305
0.6642995480955455,0.9164588528678305
0.6643853305785123,0.9164588528678305
0.6644711352189074,0.9164588528678305
0.6644277964350297,0.9162807267545422
0.6643410852713179,0.9159244745279658
0.6644269285437395,0.9159244745279658
0.6643835616438356,0.9157463484146776
0.6644694325966137,0.9157463484146776
0.6644260599793175,0.9155682223013893
0.6645119586296057,0.9155682223013893
0.6645978794931472,0.9155682223013893
0.6646838225785594,0.9155682223013893
0.6647697878944646,0.9155682223013893
0.664855775449489,0.9155682223013893
0.6648124191461837,0.9153900961881012
0.6647690516237547,0.9152119700748129
0.6648550724637681,0.9152119700748129
0.6649411155687848,0.9152119700748129
0.6650271809474502,0.9152119700748129
0.6651132686084142,0.9152119700748129
0.6651993785603314,0.9152119700748129
0.6652855108118607,0.9152119700748129
0.6653716653716654,0.9152119700748129
0.6651982378854625,0.9144994656216602
0.6652844369573668,0.9144994656216602
0.6651542649727767,0.9139650872817955
0.6651108518086347,0.9137869611685073
0.6651970954356846,0.9137869611685073
0.6651536765659447,0.9136088350552191
0.6651102464332036,0.9134307089419309
0.6651965235439097,0.9134307089419309
0.6652828230409964,0.9134307089419309
0.6653691449331777,0.9134307089419309
0.6654554892291721,0.9134307089419309
0.6654120700843608,0.9132525828286426
0.6653686396677051,0.9130744567153545
0.665325197974815,0.9128963306020662
0.6654115814074266,0.9128963306020662
0.6654979872743799,0.9128963306020662
0.665237166991553,0.911827573922337
0.6653236288016636,0.911827573922337
0.6654101130898219,0.911827573922337
0.6654966198647946,0.911827573922337
0.665583149135353,0.911827573922337
0.6656697009102731,0.911827573922337
0.6657562751983352,0.911827573922337
0.6658428720083247,0.911827573922337
0.6659294913490308,0.911827573922337
0.666016133229248,0.911827573922337
0.665798724124463,0.9109369433558959
0.6658854166666667,0.9109369433558959
0.6659721317879932,0.9109369433558959
0.6660588694972649,0.9109369433558959
0.6661456298033086,0.9109369433558959
0.6662324127149557,0.9109369433558959
0.6663192182410423,0.9109369433558959
0.6664060463904091,0.9109369433558959
0.6664928971719015,0.9109369433558959
0.6665797705943691,0.9109369433558959
0.6664928292046937,0.9105806911293196
0.6665797366019037,0.9105806911293196
0.6664927611842963,0.9102244389027432
0.6664492564570832,0.9100463127894549
0.6665362035225049,0.9100463127894549
0.6666231732776617,0.9100463127894549
0.6664926249836836,0.9095119344495903
0.666579634464752,0.9095119344495903
0.6666666666666666,0.9095119344495903
0.6667537215983286,0.9095119344495903
0.666840799268643,0.9095119344495903
0.6669278996865203,0.9095119344495903
0.6670150228608752,0.9095119344495903
0.6671021688006271,0.9095119344495903
0.6671893375147001,0.9095119344495903
0.667276529012023,0.9095119344495903
0.6673637433015293,0.9095119344495903
0.6672332635983264,0.9089775561097256
0.6673205178501374,0.9089775561097256
0.6674077949254512,0.9089775561097256
0.6674950948332243,0.9089775561097256
0.6675824175824175,0.9089775561097256
0.6674083769633508,0.9082650516565729
0.6674957455164289,0.9082650516565729
0.6675831369468447,0.9082650516565729
0.6676705512635852,0.9082650516565729
0.6677579884756417,0.9082650516565729
0.6678454485920104,0.9082650516565729
0.6678019386953105,0.9080869255432846
0.6678894274859164,0.9080869255432846
0.6679769392033543,0.9080869255432846
0.6680644738566374,0.9080869255432846
0.6681520314547837,0.9080869255432846
0.6682396120068161,0.9080869255432846
0.6684148420086534,0.9080869255432846
0.6685024914765276,0.9080869255432846
0.6685901639344263,0.9080869255432846
0.6686778593913956,0.9080869255432846
0.6687655778564869,0.9080869255432846
0.6688533193387562,0.9080869255432846
0.6686359459104635,0.9071962949768436
0.6687237394957983,0.9071962949768436
0.6685496584340515,0.9064837905236908
0.6686374983576403,0.9064837905236908
0.6684632575259629,0.9057712860705379
0.6685511438338154,0.9057712860705379
0.6684639663335087,0.9054150338439615
0.6684203603840589,0.9052369077306733
0.6685082872928176,0.9052369077306733
0.6685962373371924,0.9052369077306733
0.6686842105263158,0.9052369077306733
0.6685533763327629,0.9047025293908086
0.6686413902053713,0.9047025293908086
0.668423132657094,0.9038118988243676
0.6685111989459815,0.9038118988243676
0.6684675187771775,0.9036337727110795
0.6685556141275698,0.9036337727110795
0.6686437327006722,0.9036337727110795
0.6687318745056683,0.9036337727110795
0.6685571089422316,0.9029212682579266
0.6686452974541617,0.9029212682579266
0.6687335092348285,0.9029212682579266
0.6688217442934424,0.9029212682579266
0.6689100026392187,0.9029212682579266
0.6688663059258282,0.9027431421446384
0.6689545934530094,0.9027431421446384
0.669042904290429,0.9027431421446384
0.6691312384473198,0.9027431421446384
0.6692195959329196,0.9027431421446384
0.6693079767564712,0.9027431421446384
0.6693963809272223,0.9027431421446384
0.6693527080581242,0.9025650160313502
0.669309023649095,0.902386889918062
0.6693974630021141,0.902386889918062
0.6693537729615435,0.9022087638047738
0.66944224160719,0.9022087638047738
0.6695307336417713,0.9022087638047738
0.6693996297275853,0.9016743854649092
0.6694881629414099,0.9016743854649092
0.6695767195767196,0.9016743854649092
0.6696652996428099,0.9016743854649092
0.6697539031489812,0.9016743854649092
0.6698425301045389,0.9016743854649092
0.669931180518793,0.9016743854649092
0.6700198544010589,0.9016743854649092
0.6699761715647339,0.9014962593516209
0.670064874884152,0.9014962593516209
0.6701536016949152,0.9014962593516209
0.6702423520063567,0.9014962593516209
0.6703311258278146,0.9014962593516209
0.6702437731849497,0.9011400071250445
0.6703325824831059,0.9011400071250445
0.6702014846235419,0.9006056287851799
0.6702903354103142,0.9006056287851799
0.6703792097586847,0.9006056287851799
0.6704681076780268,0.9006056287851799
0.6705570291777189,0.9006056287851799
0.6706459742671442,0.9006056287851799
0.6707349429556911,0.9006056287851799
0.6708239352527531,0.9006056287851799
0.6709129511677282,0.9006056287851799
0.6710019907100199,0.9006056287851799
0.6710910538890363,0.9006056287851799
0.6711801407141909,0.9006056287851799
0.6712692511949018,0.9006056287851799
0.6713583853405922,0.9006056287851799
0.6713147410358565,0.9004275026718916
0.6714039049010493,0.9004275026718916
0.6714930924548352,0.9004275026718916
0.6715823037066561,0.9004275026718916
0.671671538665958,0.9004275026718916
0.6718500797448166,0.9004275026718916
0.6719393858832913,0.9004275026718916
0.6720287157670832,0.9004275026718916
0.6719414893617022,0.9000712504453153
0.6720308551669105,0.9000712504453153
0.6721202447459431,0.9000712504453153
0.6722096581082879,0.9000712504453153
0.672299095263438,0.9000712504453153
0.6723885562208916,0.9000712504453153
0.6723013443364835,0.8997149982187389
0.6723908413205538,0.8997149982187389
0.672347224071362,0.8995368721054506
0.6724367509986684,0.8995368721054506
0.6725263017712079,0.8995368721054506
0.6723954169997336,0.899002493765586
0.6724850099933378,0.899002493765586
0.6725746268656716,0.899002493765586
0.6726642676262828,0.899002493765586
0.672753932284724,0.899002493765586
0.6728436208505533,0.899002493765586
0.6729333333333334,0.899002493765586
0.6730230697426324,0.899002493765586
0.6729794611896506,0.8988243676522978
0.6730692276910765,0.8988243676522978
0.6731590181430096,0.8988243676522978
0.6732488325550366,0.8988243676522978
0.6733386709367494,0.8988243676522978
0.6732950754037101,0.8986462415390096
0.6732514682327816,0.8984681154257214
0.6733413429448671,0.8984681154257214
0.6734312416555407,0.8984681154257214
0.6735211643744158,0.8984681154257214
0.6736111111111112,0.8984681154257214
0.6737010818752505,0.8984681154257214
0.6737910766764628,0.8984681154257214
0.6738810955243821,0.8984681154257214
0.6739711384286478,0.8984681154257214
0.6740612053989041,0.8984681154257214
0.6740176423416199,0.8982899893124332
0.6741077396070044,0.8982899893124332
0.6741978609625668,0.8982899893124332
0.6742880064179703,0.8982899893124332
0.6743781759828831,0.8982899893124332
0.6743346261869734,0.898111863199145
0.6744248261102194,0.898111863199145
0.6745150501672241,0.898111863199145
0.6746052983676746,0.898111863199145
0.6746955707212632,0.898111863199145
0.6747858672376874,0.898111863199145
0.6748761879266497,0.898111863199145
0.6749665327978581,0.898111863199145
0.6750569018610256,0.898111863199145
0.6751472951258704,0.898111863199145
0.675237712602116,0.898111863199145
0.675328154299491,0.898111863199145
0.6752411575562701,0.8977556109725686
0.675331636071285,0.8977556109725686
0.6754221388367729,0.8977556109725686
0.6755126658624849,0.8977556109725686
0.675603217158177,0.8977556109725686
0.6755597265048934,0.8975774848592804
0.6756503083936712,0.8975774848592804
0.6757409145769077,0.8975774848592804
0.6756539235412475,0.8972212326327039
0.6757445666756104,0.8972212326327039
0.6758352341339058,0.8972212326327039
0.6759259259259259,0.8972212326327039
0.6758389261744966,0.8968649804061275
0.6759296549872467,0.8968649804061275
0.6760204081632653,0.8968649804061275
0.6761111857123674,0.8968649804061275
0.6760676873489122,0.8966868542928393
0.6761584956346541,0.8966868542928393
0.6762493283181086,0.8966868542928393
0.6763401854091092,0.8966868542928393
0.6764310669174953,0.8966868542928393
0.6766129032258065,0.8966868542928393
0.6767038580454362,0.8966868542928393
0.6767948373218607,0.8966868542928393
0.6767513782439155,0.8965087281795511
0.6768423883808499,0.8965087281795511
0.6769334229993275,0.8965087281795511
0.6770244821092278,0.8965087281795511
0.6771155657204359,0.8965087281795511
0.6769417149010634,0.8957962237263983
0.6767241379310345,0.8949055931599572
0.6768153037855315,0.8949055931599572
0.6765974656241575,0.8940149625935162
0.6766886881488472,0.8940149625935162
0.676779935275081,0.8940149625935162
0.6768712070128119,0.8940149625935162
0.6769625033719989,0.8940149625935162
0.6770538243626062,0.8940149625935162
0.6771451699946034,0.8940149625935162
0.6771016057212252,0.893836836480228
0.6771929824561403,0.893836836480228
0.6772843838574707,0.893836836480228
0.6773758099352052,0.893836836480228
0.6774672606993385,0.893836836480228
0.6775587361598704,0.893836836480228
0.6776502363268062,0.893836836480228
0.6777417612101567,0.893836836480228
0.6778333108199379,0.893836836480228
0.6779248851661713,0.893836836480228
0.678016484258884,0.893836836480228
0.6781081081081081,0.893836836480228
0.6780646033247736,0.8936587103669398
0.6781562584482292,0.8936587103669398
0.6782479383533865,0.8936587103669398
0.6783396430502975,0.8936587103669398
0.6784313725490196,0.8936587103669398
0.6785231268596159,0.8936587103669398
0.6786149059921548,0.8936587103669398
0.67870670995671,0.8936587103669398
0.6787985387633608,0.8936587103669398
0.6788903924221922,0.8936587103669398
0.6788034650785056,0.8933024581403634
0.6788953567077298,0.8933024581403634
0.6788518819388032,0.8931243320270752
0.6789438050101557,0.8931243320270752
0.679035752979415,0.8931243320270752
0.6791277258566978,0.8931243320270752
0.6792197236521268,0.8931243320270752
0.6789587852494577,0.8920555753473459
0.6790508474576271,0.8920555753473459
0.6791429346352048,0.8920555753473459
0.6790558871405318,0.8916993231207695
0.6791480124813458,0.8916993231207695
0.6792401628222524,0.8916993231207695
0.6793323381734292,0.8916993231207695
0.6794245385450597,0.8916993231207695
0.6795167639473327,0.8916993231207695
0.6796090143904425,0.8916993231207695
0.6793478260869565,0.8906305664410402
0.6794401413235494,0.8906305664410402
0.679532481652623,0.8906305664410402
0.6796248470844094,0.8906305664410402
0.6797172376291463,0.8906305664410402
0.6796301332608105,0.8902743142144638
0.6797225622195022,0.8902743142144638
0.6798150163220892,0.8902743142144638
0.6799074955788328,0.8902743142144638
0.6798639455782313,0.8900961881011756
0.6799564566607702,0.8900961881011756
0.6800489929232444,0.8900961881011756
0.6801415543759357,0.8900961881011756
0.6802341410291315,0.8900961881011756
0.6803267528931246,0.8900961881011756
0.6801089918256131,0.8892055575347346
0.680201662351819,0.8892055575347346
0.6802943581357318,0.8892055575347346
0.6803870791876789,0.8892055575347346
0.6804798255179935,0.8892055575347346
0.6805725971370143,0.8892055575347346
0.6806653940550859,0.8892055575347346
0.6807582162825583,0.8892055575347346
0.6808510638297872,0.8892055575347346
0.680943936707134,0.8892055575347346
0.6810368349249659,0.8892055575347346
0.6809933142311366,0.8890274314214464
0.6809497816593887,0.8888493053081582
0.6810427187116146,0.8888493053081582
0.6811356811356811,0.8888493053081582
0.6812286689419795,0.8888493053081582
0.6813216821409066,0.8888493053081582
0.6814147207428649,0.8888493053081582
0.6815077847582628,0.8888493053081582
0.681600874197514,0.8888493053081582
0.6816939890710383,0.8888493053081582
0.6817871293892608,0.8888493053081582
0.6818802951626127,0.8888493053081582
0.6816627922877069,0.8879586747417172
0.6817560175054704,0.8879586747417172
0.6818492682259609,0.8879586747417172
0.6819425444596443,0.8879586747417172
0.6820358462169928,0.8879586747417172
0.6819923371647509,0.8877805486284289
0.6820856712741207,0.8877805486284289
0.6821790309334793,0.8877805486284289
0.6822724161533197,0.8877805486284289
0.6823658269441402,0.8877805486284289
0.6824592633164452,0.8877805486284289
0.682552725280745,0.8877805486284289
0.6826462128475551,0.8877805486284289
0.6827397260273973,0.8877805486284289
0.6828332648307988,0.8877805486284289
0.6829268292682927,0.8877805486284289
0.683020419350418,0.8877805486284289
0.6831140350877193,0.8877805486284289
0.6832076764907471,0.8877805486284289
0.6829903978052126,0.8868899180619879
0.6830840993277542,0.8868899180619879
0.6830406147091108,0.8867117919486996
0.6829536096623662,0.8863555397221232
0.6830473575840769,0.8863555397221232
0.6831411312465678,0.8863555397221232
0.6832349306604422,0.8863555397221232
0.6833287558363087,0.8863555397221232
0.6834226067847823,0.8863555397221232
0.6833791208791209,0.8861774136088351
0.6834730045335898,0.8861774136088351
0.683429513602638,0.8859992874955468
0.6832554302996976,0.885286783042394
0.6833493743984601,0.885286783042394
0.683175127252717,0.8845742785892412
0.6832691249312053,0.8845742785892412
0.6833631484794276,0.8845742785892412
0.6831451390801432,0.8836836480228002
0.6832392232474865,0.8836836480228002
0.6833333333333333,0.8836836480228002
0.683427469348395,0.8836836480228002
0.6833838523009094,0.8835055219095119
0.6834780212208902,0.8835055219095119
0.6835722160970231,0.8835055219095119
0.6836664369400414,0.8835055219095119
0.6837606837606838,0.8835055219095119
0.6838549565696953,0.8835055219095119
0.6839492553778268,0.8835055219095119
0.6839056681836988,0.8833273957962238
0.683731199116876,0.8826148913430709
0.6838255589290643,0.8826148913430709
0.6837382661512976,0.8822586391164945
0.6838326660223665,0.8822586391164945
0.683927091963546,0.8822586391164945
0.6838834415136031,0.8820805130032062
0.6839779005524862,0.8820805130032062
0.684072385688631,0.8820805130032062
0.6839850766892359,0.8817242607766299
0.6840796019900498,0.8817242607766299
0.6840359364201797,0.8815461346633416
0.6839922587779929,0.8813680085500535
0.6840868242776165,0.8813680085500535
0.6841814159292036,0.8813680085500535
0.6842760337436039,0.8813680085500535
0.6843706777316736,0.8813680085500535
0.6844653479042745,0.8813680085500535
0.6845600442722745,0.8813680085500535
0.684516396845164,0.8811898824367652
0.6846111264876834,0.8811898824367652
0.6847058823529412,0.8811898824367652
0.6848006644518272,0.8811898824367652
0.6847570261664129,0.8810117563234771
0.684851841595126,0.8810117563234771
0.6848081983104833,0.8808336302101888
0.6846335042261328,0.8801211257570359
0.6845460845460846,0.8797648735304595
0.6846409758802329,0.8797648735304595
0.6847358935255788,0.8797648735304595
0.6848308374930671,0.8797648735304595
0.6845684152095476,0.8786961168507303
0.6846634281748786,0.8786961168507303
0.6847584675180455,0.8786961168507303
0.6848535332500347,0.8786961168507303
0.6849486253818384,0.8786961168507303
0.6848611111111111,0.8783398646241539
0.6849562439227671,0.8783398646241539
0.6850514031675465,0.8783398646241539
0.685146588856468,0.8783398646241539
0.6851028349082824,0.8781617385108657
0.6851980542043086,0.8781617385108657
0.685293299972199,0.8781617385108657
0.6852495481718337,0.8779836123975775
0.6853448275862069,0.8779836123975775
0.6853010707829231,0.8778054862842892
0.6852135206565586,0.8774492340577129
0.6853088480801336,0.8774492340577129
0.6854042020314457,0.8774492340577129
0.6854995825215697,0.8774492340577129
0.6855949895615866,0.8774492340577129
0.6855512249443207,0.8772711079444246
0.6854636591478697,0.8769148557178482
0.6855591143294806,0.8769148557178482
0.6856545961002786,0.8769148557178482
0.6857501044713749,0.8769148557178482
0.6858456394538869,0.8769148557178482
0.6858018670753797,0.8767367296045601
0.6857580824972129,0.8765586034912718
0.6857142857142857,0.8763804773779836
0.6854512484307435,0.8753117206982544
0.685546875,0.8753117206982544
0.6855029998604716,0.8751335945849662
0.6852394916911045,0.8740648379052369
0.6853351955307263,0.8740648379052369
0.6854309261069982,0.8740648379052369
0.6852990497484628,0.8735304595653722
0.6853948287910552,0.8735304595653722
0.6854906346100084,0.8735304595653722
0.6854466657346567,0.8733523334520841
0.6852266368214885,0.8724617028856431
0.6851825940954247,0.8722835767723548
0.6852784774699132,0.8722835767723548
0.6852344296710987,0.8721054506590666
0.6853303471444568,0.8721054506590666
0.6854262914741706,0.8721054506590666
0.6853822458695044,0.8719273245457784
0.685478224338328,0.8719273245457784
0.6855742296918768,0.8719273245457784
0.6856702619414484,0.8719273245457784
0.6857663210983469,0.8719273245457784
0.6858624071738826,0.8719273245457784
0.6856862470208889,0.8712148200926256
0.6856421761076836,0.8710366939793374
0.68573832562053,0.8710366939793374
0.6858345021037868,0.8710366939793374
0.6859307055688035,0.8710366939793374
0.686026936026936,0.8710366939793374
0.6859828819980356,0.8708585678660492
0.6860791467864159,0.8708585678660492
0.6861754385964912,0.8708585678660492
0.6862717574396406,0.8708585678660492
0.6863681033272497,0.8708585678660492
0.6863240662735187,0.8706804417527609
0.6864204465664935,0.8706804417527609
0.6865168539325842,0.8706804417527609
0.6866132883831999,0.8706804417527609
0.6867097499297555,0.8706804417527609
0.6866657299423915,0.8705023156394728
0.6867622259696459,0.8705023156394728
0.6868587491215742,0.8705023156394728
0.6869552994096149,0.8705023156394728
0.687051876845213,0.8705023156394728
0.68714848143982,0.8705023156394728
0.6872451132048938,0.8705023156394728
0.6872011251758087,0.8703241895261845
0.6871571247714165,0.8701460634128964
0.6872537985368599,0.8701460634128964
0.6871217452498241,0.8696116850730317
0.6872184684684685,0.8696116850730317
0.6871744333380262,0.8694335589597435
0.6873679763413604,0.8694335589597435
0.6871917711709173,0.8687210545065907
0.6872886133032694,0.8687210545065907
0.686979827902384,0.8674741717135732
0.6870767494356659,0.8674741717135732
0.6869000564652739,0.8667616672604204
0.6869970351545955,0.8667616672604204
0.6870940412312906,0.8667616672604204
0.6871910747069623,0.8667616672604204
0.6872881355932203,0.8667616672604204
0.6871555743959304,0.8662272889205558
0.6871113623516111,0.8660491628072675
0.687208480565371,0.8660491628072675
0.6873056262369239,0.8660491628072675
0.687402799377916,0.8660491628072675
0.6875,0.8660491628072675
0.6875972281148353,0.8660491628072675
0.6876944837340877,0.8660491628072675
0.6877917668694299,0.8660491628072675
0.687889077532541,0.8660491628072675
0.6879864157351069,0.8660491628072675
0.6879422587036513,0.8658710366939794
0.6880396319886766,0.8658710366939794
0.687730235194106,0.8646241539009619
0.6878276888196118,0.8646241539009619
0.6877834467120182,0.8644460277876737
0.6877391920623671,0.8642679016743855
0.6878366884037426,0.8642679016743855
0.68793421239189,0.8642679016743855
0.6880317640385706,0.8642679016743855
0.6879875195007801,0.8640897755610972
0.6880851063829787,0.8640897755610972
0.6881827209533267,0.8640897755610972
0.6882803632236095,0.8640897755610972
0.6883780332056194,0.8640897755610972
0.6884757309111552,0.8640897755610972
0.6884315117104329,0.8639116494478091
0.6885292447473027,0.8639116494478091
0.6884407838682193,0.8635553972212326
0.6885385598636558,0.8635553972212326
0.6886363636363636,0.8635553972212326
0.6885921295638585,0.8633772711079444
0.6886899687411197,0.8633772711079444
0.6887878357254512,0.8633772711079444
0.6888857305287095,0.8633772711079444
0.6887087599544938,0.8626647666547916
0.6888067131275779,0.8626647666547916
0.688904694167852,0.8626647666547916
0.6888604353393086,0.8624866405415034
0.688958451906659,0.8624866405415034
0.6888699117563336,0.8621303883149269
0.6889679715302491,0.8621303883149269
0.6888350897180291,0.8615960099750624
0.6889332003988036,0.8615960099750624
0.6890313390313391,0.8615960099750624
0.6891295056275822,0.8615960099750624
0.689227700199487,0.8615960099750624
0.6891834117144079,0.8614178838617741
0.6892816419612314,0.8614178838617741
0.6893799002138276,0.8614178838617741
0.6894781864841745,0.8614178838617741
0.6895765007842578,0.8614178838617741
0.6896748431260696,0.8614178838617741
0.6897732135216089,0.8614178838617741
0.6895518127319441,0.8605272532953331
0.689650249821556,0.8605272532953331
0.689605939463164,0.8603491271820449
0.6895616164500928,0.8601710010687567
0.68966009711511,0.8601710010687567
0.689758605913441,0.8601710010687567
0.6898571428571428,0.8601710010687567
0.6897685052872249,0.8598147488421802
0.6898670858939545,0.8598147488421802
0.6898227558604917,0.8596366227288921
0.6897784131522516,0.8594584966156038
0.6898770374606806,0.8594584966156038
0.6899756899756899,0.8594584966156038
0.6900743707093822,0.8594584966156038
0.6901730796738664,0.8594584966156038
0.6902718168812589,0.8594584966156038
0.6901388292543295,0.8589241182757392
0.6902376180933295,0.8589241182757392
0.690336435218325,0.8589241182757392
0.6902920962199313,0.8587459921624511
0.6903909494486611,0.8587459921624511
0.6904898309939845,0.8587459921624511
0.6905887408680704,0.8587459921624511
0.6906876790830946,0.8587459921624511
0.6907866456512395,0.8587459921624511
0.6908856405846947,0.8587459921624511
0.6908413358176867,0.8585678660491628
0.6909403669724771,0.8585678660491628
0.6908960573476702,0.8583897399358746
0.690995124749068,0.8583897399358746
0.6910942205650366,0.8583897399358746
0.6910499139414802,0.8582116138225864
0.6911490460479128,0.8582116138225864
0.6911047345767576,0.8580334877092982
0.6912039029989956,0.8580334877092982
0.6913030998851895,0.8580334877092982
0.6914023252475958,0.8580334877092982
0.6911363309869272,0.8569647310295689
0.6910475643052163,0.8566084788029925
0.6911468812877264,0.8566084788029925
0.691246226821906,0.8566084788029925
0.691345600920069,0.8566084788029925
0.6914450035945363,0.8566084788029925
0.691544434857636,0.8566084788029925
0.6916438947217028,0.8566084788029925
0.6915995397008056,0.8564303526897044
0.6915551719177097,0.8562522265764161
0.6915107913669065,0.8560741004631279
0.6914219919401267,0.8557178482365515
0.6913775730531164,0.8555397221232632
0.6913331413763317,0.8553615960099751
0.6911107909523123,0.8544709654435341
0.6913099870298314,0.8544709654435341
0.6914096281349092,0.8544709654435341
0.6911870763017453,0.853580334877093
0.6912867859203693,0.853580334877093
0.6912422449862935,0.8534022087638048
0.6913419913419914,0.8534022087638048
0.6914417664886708,0.8534022087638048
0.6913081143517181,0.8528678304239401
0.6914079422382672,0.8528678304239401
0.6915077989601387,0.8528678304239401
0.6916076845298281,0.8528678304239401
0.6915185666811154,0.8525115781973638
0.691340176377042,0.8517990737442109
0.6912955465587044,0.8516209476309227
0.691072203733179,0.8507303170644817
0.690982776089159,0.8503740648379052
0.6908932966555669,0.8500178126113288
0.6909933391253982,0.8500178126113288
0.6910934105720492,0.8500178126113288
0.6911935110081112,0.8500178126113288
0.6911487758945386,0.8498396864980406
0.6912489133584468,0.8498396864980406
0.6913490798435009,0.8498396864980406
0.691304347826087,0.8496615603847524
0.6914045513842586,0.8496615603847524
0.691504783995361,0.8496615603847524
0.6916050456720313,0.8496615603847524
0.6917053364269141,0.8496615603847524
0.6918056562726613,0.8496615603847524
0.6917609515520743,0.8494834342714642
0.6918613085739156,0.8494834342714642
0.6919616947185142,0.8494834342714642
0.6918722786647314,0.8491271820448878
0.6919727101175788,0.8491271820448878
0.6920731707317073,0.8491271820448878
0.6920284594162915,0.8489490559315995
0.6921289573046762,0.8489490559315995
0.6922294843863471,0.8489490559315995
0.6923300406740267,0.8489490559315995
0.6924306261804446,0.8489490559315995
0.6925312409183377,0.8489490559315995
0.6924865571864555,0.8487709298183114
0.6924418604651162,0.8485928037050231
0.6923076923076923,0.8480584253651585
0.6920838183934808,0.8471677947987175
0.6921845437345364,0.8471677947987175
0.6922852983988356,0.8471677947987175
0.6922405008006988,0.8469896686854292
0.692195690157251,0.8468115425721411
0.6922964904616281,0.8468115425721411
0.6922516749198951,0.8466334164588528
0.6921620046620046,0.8462771642322765
0.6922628588081015,0.8462771642322765
0.6923637423491693,0.8462771642322765
0.6924646552980616,0.8462771642322765
0.6924198250728864,0.8460990381189882
0.6925207756232687,0.8460990381189882
0.6926217556138816,0.8460990381189882
0.6923525977816696,0.845030281439259
0.6924536564005255,0.845030281439259
0.6925547445255474,0.845030281439259
0.6926558621696598,0.845030281439259
0.6927570093457944,0.845030281439259
0.6928581860668906,0.845030281439259
0.6927684441197954,0.8446740292126825
0.6928696668614845,0.8446740292126825
0.6929709191874909,0.8446740292126825
0.6930722011107863,0.8446740292126825
0.6930273351849144,0.8444959030993944
0.6931286549707603,0.8444959030993944
0.6932300043866062,0.8444959030993944
0.6933313834454519,0.8444959030993944
0.6934327921603042,0.8444959030993944
0.6935342305441778,0.8444959030993944
0.6936356986100951,0.8444959030993944
0.6937371963710858,0.8444959030993944
0.6938387238401873,0.8444959030993944
0.6939402810304449,0.8444959030993944
0.6940418679549114,0.8444959030993944
0.6941434846266471,0.8444959030993944
0.6942451310587202,0.8444959030993944
0.6943468072642062,0.8444959030993944
0.6943020360333968,0.8443177769861062
0.6942572516847348,0.844139650872818
0.6943589743589743,0.844139650872818
0.6939553990610329,0.8425365158532241
0.6940572267057961,0.8425365158532241
0.6941590842383328,0.8425365158532241
0.6942609716718039,0.8425365158532241
0.6943628890193776,0.8425365158532241
0.6943180149757745,0.8423583897399358
0.6941833137485312,0.8418240114000712
0.6940484937545922,0.8412896330602067
0.6940035273368607,0.8411115069469184
0.6941055416727914,0.8411115069469184
0.6942075860041165,0.8411115069469184
0.694309660344067,0.8411115069469184
0.6944117647058824,0.8411115069469184
0.6945138991028093,0.8411115069469184
0.6946160635481023,0.8411115069469184
0.6947182580550243,0.8411115069469184
0.6948204826368451,0.8411115069469184
0.6949227373068433,0.8411115069469184
0.6950250220783044,0.8411115069469184
0.6948902959799735,0.8405771286070538
0.6949926362297496,0.8405771286070538
0.6950950066283694,0.8405771286070538
0.6950500883912787,0.8403990024937655
0.6951524974215412,0.8403990024937655
0.695254936634247,0.8403990024937655
0.6953574060427413,0.8403990024937655
0.6954599056603774,0.8403990024937655
0.695562435500516,0.8403990024937655
0.695517546446476,0.8402208763804774
0.6956201150272822,0.8402208763804774
0.6957227138643067,0.8402208763804774
0.6958253429709397,0.8402208763804774
0.6957804662142225,0.8400427502671892
0.6958831341301461,0.8400427502671892
0.6959858323494688,0.8400427502671892
0.6960885608856089,0.8400427502671892
0.6961913197519929,0.8400427502671892
0.6962941089620552,0.8400427502671892
0.6962492616656822,0.839864624153901
0.6963520897947127,0.839864624153901
0.6964549483013294,0.839864624153901
0.6965578371989954,0.839864624153901
0.6966607565011821,0.839864624153901
0.6967637062213684,0.839864624153901
0.6964497041420118,0.8386177413608835
0.6965527444888298,0.8386177413608835
0.6966558153299793,0.8386177413608835
0.6965660153937241,0.8382614891343071
0.6966691339748334,0.8382614891343071
0.6967722830915013,0.8382614891343071
0.6968754627572931,0.8382614891343071
0.696978672985782,0.8382614891343071
0.6970819137905495,0.8382614891343071
0.697037037037037,0.8380833630210189
0.6971403170840125,0.8380833630210189
0.6970954356846473,0.8379052369077307
0.6971987550022232,0.8379052369077307
0.6973021049510821,0.8379052369077307
0.6972572275759822,0.8377271107944425
0.6973606168446026,0.8377271107944425
0.6973157348361263,0.8375489846811542
0.6974191634529813,0.8375489846811542
0.6972844635702626,0.8370146063412897
0.6970147036982028,0.8359458496615604
0.6971182412358883,0.8359458496615604
0.6972218095379586,0.8359458496615604
0.6973254086181278,0.8359458496615604
0.6974290384901174,0.8359458496615604
0.6972490706319703,0.8352333452084075
0.697352766210589,0.8352333452084075
0.6974564926372155,0.8352333452084075
0.6974114846771794,0.8350552190951194
0.69751525070674,0.8350552190951194
0.6976190476190476,0.8350552190951194
0.697722875427891,0.8350552190951194
0.6978267341470675,0.8350552190951194
0.6977817478040792,0.8348770929818311
0.6978856462179869,0.8348770929818311
0.6979895755770663,0.8348770929818311
0.6980935358951444,0.8348770929818311
0.6980485624906897,0.834698966868543
0.697913561847988,0.8341645885286783
0.6980175883142048,0.8341645885286783
0.6979725700655933,0.8339864624153901
0.698076636350082,0.8339864624153901
0.6980316134804653,0.8338083363021019
0.6981357196122296,0.8338083363021019
0.6980456512009547,0.8334520840755255
0.6981498060280513,0.8334520840755255
0.6982539919415013,0.8334520840755255
0.6983582089552239,0.8334520840755255
0.6984624570831467,0.8334520840755255
0.6985667363392057,0.8334520840755255
0.698671046737345,0.8334520840755255
0.6985810306198655,0.8330958318489491
0.6986853899014043,0.8330958318489491
0.6986403705363813,0.8329177057356608
0.6985052316890882,0.8323833273957962
0.6983699715866607,0.8318489490559317
0.6984744241699072,0.8318489490559317
0.698248765154917,0.8309583184894905
0.6983532934131736,0.8309583184894905
0.6983081299595748,0.8307801923762024
0.6984126984126984,0.8307801923762024
0.6985172981878089,0.8307801923762024
0.6986219292989815,0.8307801923762024
0.6987265917602996,0.8307801923762024
0.698681450404555,0.8306020662629141
0.6987861531545032,0.8306020662629141
0.6988908872901679,0.8306020662629141
0.6989956528256633,0.8306020662629141
0.6991004497751124,0.8306020662629141
0.6992052781526465,0.8306020662629141
0.6991601679664067,0.830423940149626
0.6990247561890472,0.8298895618097613
0.6991296518607443,0.8298895618097613
0.6992345790184602,0.8298895618097613
0.6993395376763735,0.8298895618097613
0.6994445278486714,0.8298895618097613
0.6995495495495495,0.8298895618097613
0.6996546027932122,0.8298895618097613
0.6995643683340844,0.8295333095831849
0.6995192307692307,0.8293551834698967
0.6996243425995492,0.8293551834698967
0.6992628253347375,0.827930174563591
0.6993680409268733,0.827930174563591
0.6992322745747404,0.8273957962237264
0.6991869918699187,0.8272176701104382
0.69929227525975,0.8272176701104382
0.6993975903614458,0.8272176701104382
0.6996083157577584,0.8272176701104382
0.6995630555974085,0.82703954399715
0.6996684749849307,0.82703954399715
0.6996232102486812,0.8268614178838618
0.6995779318661441,0.8266832917705735
0.6995326398311473,0.8265051656572854
0.699442014779068,0.826148913430709
0.6995475113122172,0.826148913430709
0.699653039674159,0.826148913430709
0.6995623962577335,0.8257926612041325
0.6994263285024155,0.825258282864268
0.6995319341688057,0.825258282864268
0.6996375717305949,0.825258282864268
0.6997432412022353,0.825258282864268
0.6998489425981873,0.825258282864268
0.6998035957093216,0.8250801567509797
0.6997582351163494,0.8249020306376915
0.6998639867009219,0.8249020306376915
0.6998186215235792,0.8247239045244033
0.6997278500151194,0.8243676522978268
0.6996370235934665,0.8240114000712504
0.6991820660405937,0.8222301389383684
0.6988627748294163,0.820983256145351
0.6988171064604186,0.8208051300320627
0.698771424237828,0.8206270039187745
0.698877427184466,0.8206270039187745
0.6989834622970718,0.8206270039187745
0.6990895295902884,0.8206270039187745
0.6988610478359909,0.8197363733523334
0.6989671931956257,0.8197363733523334
0.698555133079848,0.8181332383327395
0.6986613933678126,0.8181332383327395
0.6987676859881333,0.8181332383327395
0.6986301369863014,0.817598859992875
0.6987364895722332,0.817598859992875
0.6988428745432399,0.817598859992875
0.698949291914116,0.817598859992875
0.6990557416996649,0.817598859992875
0.699009900990099,0.8174207338795868
0.6991163924436319,0.8174207338795868
0.6992229163492305,0.8174207338795868
0.6991770801584882,0.8172426077662985
0.6991312299954275,0.8170644816530104
0.6990394877267876,0.816708229426434
0.6991460811222934,0.816708229426434
0.6990543014032947,0.8163519771998575
0.699160945842868,0.8163519771998575
0.6992676228257553,0.8163519771998575
0.6993743323668549,0.8163519771998575
0.6992825522820943,0.8159957249732811
0.6993893129770993,0.8159957249732811
0.6994961062757673,0.8159957249732811
0.699602932193036,0.8159957249732811
0.6997097907438522,0.8159957249732811
0.6998166819431714,0.8159957249732811
0.6997708174178763,0.8158175988599928
0.6997249388753056,0.8156394727467047
0.6996790463090325,0.8154613466334164
0.6997859981656985,0.8154613466334164
0.6998929827243541,0.8154613466334164
0.6998470948012232,0.8152832205201282
0.6999541214252943,0.8152832205201282
0.7000611807892322,0.8152832205201282
0.7001682729080618,0.8152832205201282
0.7001223990208079,0.8151050944068401
0.7000765110941086,0.8149269682935518
0.7001836547291093,0.8149269682935518
0.7002908311648554,0.8149269682935518
0.7003980404164115,0.8149269682935518
0.7001225865767698,0.8138582116138225
0.7002298850574713,0.8138582116138225
0.6998618996470769,0.812433202707517
0.6999693063228974,0.812433202707517
0.7000767459708366,0.812433202707517
0.6999846460924305,0.8120769504809405
0.7000921375921376,0.8120769504809405
0.700199662110275,0.8120769504809405
0.6999231360491929,0.8110081938012113
0.6995998768851954,0.8097613110081938
0.6995536401416038,0.8095831848949055
0.6996613300492611,0.8095831848949055
0.6997690531177829,0.8095831848949055
0.6998768093624884,0.8095831848949055
0.699645554014486,0.8086925543284645
0.6997533908754624,0.8086925543284645
0.6998612609835054,0.8086925543284645
0.6998149861239593,0.8085144282151764
0.6997686969930609,0.8083363021018881
0.6998766193707588,0.8083363021018881
0.6997840172786177,0.8079800498753117
0.6998919919765468,0.8079800498753117
0.6998456790123457,0.8078019237620235
0.6996602841260037,0.8070894193088707
0.6997683397683397,0.8070894193088707
0.6995827538247567,0.8063769148557178
0.699443413729128,0.8058425365158532
0.6993969383021493,0.805664410402565
0.6992108927742534,0.8049519059494122
0.6993190962550294,0.8049519059494122
0.6994273332301502,0.8049519059494122
0.6992877051718799,0.8044175276095475
0.6993960043363792,0.8044175276095475
0.699209669920967,0.8037050231563947
0.699163050216987,0.8035268970431065
0.6992714307859247,0.8035268970431065
0.6993798449612403,0.8035268970431065
0.6990532360701537,0.8022800142500891
0.6988662835844075,0.8015675097969363
0.6989748369058714,0.8015675097969363
0.6990834239552587,0.8015675097969363
0.6990366687383468,0.801389383683648
0.6991452991452991,0.801389383683648
0.6992539633198632,0.801389383683648
0.6993626612777865,0.801389383683648
0.6994713930348259,0.801389383683648
0.699331155700731,0.8008550053437834
0.6991907874260815,0.8003206270039188
0.6992996108949416,0.8003206270039188
0.6994084682440846,0.8003206270039188
0.6991743262190372,0.7994299964374777
0.6992832658148956,0.7994299964374777
0.6993922393641889,0.7994299964374777
0.699501246882793,0.7994299964374777
0.6996102883865939,0.7994299964374777
0.6993290684974255,0.7983612397577485
0.6992821473158551,0.7981831136444603
0.699391290775714,0.7981831136444603
0.6995004683109585,0.7981831136444603
0.6994066208619613,0.7978268614178838
0.6993596751522724,0.7976487353045957
0.6992657397281675,0.7972924830780193
0.6991717455852478,0.7969362308514428
0.6991247264770241,0.7967581047381546
0.6990776926684383,0.7965799786248664
0.6991869918699187,0.7965799786248664
0.6992963252541048,0.7965799786248664
0.6994056928370347,0.7965799786248664
0.6993586735491945,0.7964018525115782
0.699468085106383,0.7964018525115782
0.6995775309028321,0.7964018525115782
0.6996870109546166,0.7964018525115782
0.6996400062607607,0.79622372639829
0.6997495303694427,0.79622372639829
0.6998590887740723,0.79622372639829
0.6999686814907611,0.79622372639829
0.699874686716792,0.7958674741717136
0.6996865203761755,0.7951549697185607
0.6997962063019282,0.7951549697185607
0.6999059266227657,0.7951549697185607
0.700015681354869,0.7951549697185607
0.7001254705144291,0.7951549697185607
0.7002352941176471,0.7951549697185607
0.7000470883691728,0.794442465265408
0.7001569858712716,0.794442465265408
0.7002669178834982,0.794442465265408
0.6999371266897202,0.7931955824723904
0.7000471623958497,0.7931955824723904
0.6997639653815892,0.7921268257926612
0.6996694475051157,0.7917705735660848
0.6997795969773299,0.7917705735660848
0.7,0.7917705735660848
0.699810904506776,0.791058069112932
0.6999211977935382,0.791058069112932
0.6996845425867508,0.790167438546491
0.6994000631512473,0.7890986818667617
0.6993525975051319,0.7889205557534734
0.6994630448515476,0.7889205557534734
0.6992730720606827,0.7882080513003207
0.6993835941204363,0.7882080513003207
0.6993360733480872,0.7880299251870324
0.6992885375494071,0.7878517990737443
0.6993991144845034,0.7878517990737443
0.6995097263956982,0.7878517990737443
0.6994621955077507,0.787673672960456
0.6995728523967727,0.787673672960456
0.6995253164556962,0.7874955468471678
0.699636018357335,0.7874955468471678
0.6994457640538401,0.786783042394015
0.699398162812797,0.7866049162807267
0.6995089497861555,0.7866049162807267
0.6994613434727504,0.7864267901674385
0.6994137220725717,0.7862486640541504
0.6995245641838351,0.7862486640541504
0.6996354414328737,0.7862486640541504
0.6995878249841471,0.7860705379408621
0.6996987474234977,0.7860705379408621
0.6998097050428164,0.7860705379408621
0.6997620935765265,0.785892411827574
0.6998730964467005,0.785892411827574
0.6997778483021263,0.7855361596009975
0.6998889065227741,0.7855361596009975
0.7,0.7855361596009975
0.7001111287505953,0.7855361596009975
0.6999682337992376,0.7850017812611328
0.7000794281175536,0.7850017812611328
0.6999364272091545,0.7844674029212683
0.7000476871721507,0.7844674029212683
0.7001589825119237,0.7844674029212683
0.7000636132315522,0.7841111506946918
0.7001749642118658,0.7841111506946918
0.7002863506204263,0.7841111506946918
0.7000955109837631,0.783398646241539
0.7,0.7830423940149626
0.7001114827201784,0.7830423940149626
0.7002230009557184,0.7830423940149626
0.7003345547235941,0.7830423940149626
0.7004461440407903,0.7830423940149626
0.7005577689243028,0.7830423940149626
0.700510041440867,0.7828642679016744
0.7003189792663477,0.7821517634485216
0.70022335673261,0.7817955112219451
0.7001755225785863,0.781617385108657
0.7001276731567188,0.7814392589953687
0.7002394253790902,0.7814392589953687
0.7003512132822478,0.7814392589953687
0.7004630368832828,0.7814392589953687
0.7003194888178914,0.7809048806555041
0.7002716088832082,0.7807267545422159
0.7003835091083414,0.7807267545422159
0.7004954451014863,0.7807267545422159
0.7004475703324808,0.7805486284289277
0.7005595523581135,0.7805486284289277
0.7006715701950752,0.7805486284289277
0.7006237006237006,0.7803705023156394
0.7002881844380403,0.779123619522622
0.7004003202562049,0.779123619522622
0.7005124919923126,0.779123619522622
0.7006246996636233,0.779123619522622
0.7007369432874079,0.779123619522622
0.7008492228809485,0.779123619522622
0.7009615384615384,0.779123619522622
0.700913607949992,0.7789454934093338
0.7010259698621353,0.7789454934093338
0.7009780343113676,0.7787673672960456
0.7010904425914047,0.7787673672960456
0.7010425020048116,0.7785892411827574
0.7011549566891242,0.7785892411827574
0.7012674474570832,0.7785892411827574
0.701379974326059,0.7785892411827574
0.7011881824020553,0.7778767367296046
0.7013007868957765,0.7778767367296046
0.7012048192771084,0.7775204845030281
0.7013174807197944,0.7775204845030281
0.7014301783705609,0.7775204845030281
0.7015429122468659,0.7775204845030281
0.701494936505385,0.77734235838974
0.7014469453376205,0.7771642322764517
0.7013989387361312,0.7769861061631635
0.7015117401093599,0.7769861061631635
0.7014637284864083,0.7768079800498753
0.7015765765765766,0.7768079800498753
0.7013363387538238,0.7759173494834343
0.7014492753623188,0.7759173494834343
0.7015622483491706,0.7759173494834343
0.7016752577319587,0.7759173494834343
0.7017883035282745,0.7759173494834343
0.7019013857557203,0.7759173494834343
0.701853344077357,0.7757392233701461
0.7018052869116699,0.7755610972568578
0.7016610224157394,0.7750267189169933
0.7015647685110502,0.7746704666904168
0.7016779606324621,0.7746704666904168
0.701791189285138,0.7746704666904168
0.7019044544867656,0.7746704666904168
0.7021310946076849,0.7746704666904168
0.7022444695624092,0.7746704666904168
0.7023578811369509,0.7746704666904168
0.7023098045549991,0.7744923405771286
0.7024232633279484,0.7744923405771286
0.7022308438409312,0.7737798361239758
0.7021827000808407,0.7736017100106876
0.7019899692606374,0.7728892055575347
0.7019417475728156,0.7727110794442466
0.7018935102767438,0.7725329533309583
0.7020071220459696,0.7725329533309583
0.7021207706006152,0.7725329533309583
0.7019760285066408,0.7719985749910937
0.7019277498785031,0.7718204488778054
0.7020414776409591,0.7718204488778054
0.7021552422621942,0.7718204488778054
0.7022690437601297,0.7718204488778054
0.7021725032425421,0.7714641966512291
0.7022863628993027,0.7714641966512291
0.7024002594875122,0.7714641966512291
0.702514193025142,0.7714641966512291
0.7026281635301752,0.7714641966512291
0.7025316455696202,0.7711079444246527
0.7026456744035059,0.7711079444246527
0.7025974025974026,0.7709298183113644
0.7027114791362234,0.7709298183113644
0.7028255927249106,0.7709298183113644
0.702939743381517,0.7709298183113644
0.7030539311241065,0.7709298183113644
0.7030056864337937,0.7707516921980763
0.70311992200195,0.7707516921980763
0.7032341947017715,0.7707516921980763
0.7033485045513654,0.7707516921980763
0.7033002763778248,0.770573566084788
0.7034146341463414,0.770573566084788
0.703269887750122,0.7700391877449234
0.7030766726355201,0.7693266832917706
0.7028347996089932,0.7684360527253296
0.7027863777089783,0.7682579266120413
0.7027379400260756,0.7680798004987531
0.7026894865525672,0.7679016743854649
0.7028040430388002,0.7679016743854649
0.702610114192496,0.7671891699323121
0.702724751182901,0.7671891699323121
0.7026762402088773,0.7670110438190239
0.7027909254121103,0.7670110438190239
0.7026453298497713,0.7664766654791593
0.70276008492569,0.7664766654791593
0.702874877491016,0.7664766654791593
0.7029897075641235,0.7664766654791593
0.7031045751633986,0.7664766654791593
0.7032194803072398,0.7664766654791593
0.7031709709055247,0.766298539365871
0.7032859244727808,0.766298539365871
0.7034009156311315,0.766298539365871
0.7033038927052666,0.7659422871392946
0.7034189432357272,0.7659422871392946
0.7033218785796106,0.7655860349127181
0.7034369885433716,0.7655860349127181
0.703388443280406,0.76540790879943
0.7035036018336608,0.76540790879943
0.7036187981005404,0.76540790879943
0.7035702587618735,0.7652297826861418
0.7036855036855036,0.7652297826861418
0.7038007863695938,0.7652297826861418
0.7039161068327052,0.7652297826861418
0.704031465093412,0.7652297826861418
0.7039344262295082,0.7648735304595654
0.7036429274696423,0.7638047737798361
0.7034969627318995,0.7632703954399715
0.7036124794745484,0.7632703954399715
0.7035638035802266,0.7630922693266833
0.7036793692509855,0.7630922693266833
0.7037949728930508,0.7630922693266833
0.7039106145251397,0.7630922693266833
0.7038619556285949,0.7629141432133951
0.7038132807363576,0.7627360171001069
0.703928982409995,0.7627360171001069
0.704044722130878,0.7627360171001069
0.7039960532807104,0.7625578909868187
0.7041118421052631,0.7625578909868187
0.7038683127572016,0.7616672604203776
0.7039841949292065,0.7616672604203776
0.7038379179706803,0.761132882080513
0.7035449299258038,0.7600641254007837
0.7036609498680739,0.7600641254007837
0.7037770080818077,0.7600641254007837
0.7038931045859452,0.7600641254007837
0.704009239399439,0.7600641254007837
0.7041254125412542,0.7600641254007837
0.7040765802937778,0.7598859992874956
0.7041928029052492,0.7598859992874956
0.7043090638930164,0.7598859992874956
0.7039669421487603,0.7586391164944781
0.7040833195569516,0.7586391164944781
0.7041997354497355,0.7586391164944781
0.7040529363110009,0.7581047381546134
0.7040039708802118,0.7579266120413253
0.7038079470198676,0.7572141075881724
0.7039244908097367,0.7572141075881724
0.7038754554488241,0.7570359814748843
0.7039920490309757,0.7570359814748843
0.7041086812458582,0.7570359814748843
0.704225352112676,0.7570359814748843
0.7043420616506464,0.7570359814748843
0.7041459369817579,0.7563234770217314
0.7042627301376679,0.7563234770217314
0.7043795620437956,0.7563234770217314
0.7044964327194292,0.7563234770217314
0.70461334218387,0.7563234770217314
0.7047302904564315,0.7563234770217314
0.7046812749003984,0.7561453509084431
0.704798273285738,0.7561453509084431
0.7049153105280638,0.7561453509084431
0.7050323866467364,0.7561453509084431
0.704983388704319,0.755967224795155
0.7051005150357202,0.755967224795155
0.7048553375457266,0.755076594228714
0.7049725594545152,0.755076594228714
0.7047761690797137,0.7543640897755611
0.7048934753661784,0.7543640897755611
0.7048443482603629,0.7541859636622729
0.7047952047952047,0.7540078375489847
0.7047460449625312,0.7538297114356964
0.7048634243837442,0.7538297114356964
0.7049808429118773,0.7538297114356964
0.7050983005664778,0.7538297114356964
0.7050491584735877,0.7536515853224083
0.7051666666666667,0.7536515853224083
0.7049207673060884,0.7527609547559673
0.7050383717050384,0.7527609547559673
0.7048906693373393,0.7522265764161026
0.7047428189712759,0.751692198076238
0.7048605311508268,0.751692198076238
0.7045644541046647,0.7506234413965087
0.704515050167224,0.7504453152832206
0.7046328817528015,0.7504453152832206
0.7047507527601204,0.7504453152832206
0.7046519410977242,0.7500890630566441
0.7045530632741881,0.7497328108300677
0.7046710195881467,0.7497328108300677
0.7046215673141326,0.7495546847167794
0.7045720984759671,0.7493765586034913
0.7046901172529313,0.7493765586034913
0.7048081755737979,0.7493765586034913
0.704926273458445,0.7493765586034913
0.7050444109267638,0.7493765586034913
0.705162587998659,0.7493765586034913
0.7052808046940486,0.7493765586034913
0.7053990610328639,0.7493765586034913
0.7055173570350495,0.7493765586034913
0.7056356927205636,0.7493765586034913
0.7057540681093776,0.7493765586034913
0.7057046979865772,0.749198432490203
0.7058231246853499,0.749198432490203
0.7060600973644452,0.749198432490203
0.7061786433848221,0.749198432490203
0.7062972292191436,0.749198432490203
0.7060998151571165,0.7484859280370503
0.706218487394958,0.7484859280370503
0.7063371995293327,0.7484859280370503
0.7064559515803631,0.7484859280370503
0.7063572149344097,0.7481296758104738
0.7064760302775441,0.7481296758104738
0.7064266487213997,0.7479515496971856
0.7063772505468618,0.7477734235838974
0.7063278357455403,0.7475952974706092
0.7062784043090389,0.747417171357321
0.7060309973045822,0.74652654079088
0.7061499578770009,0.74652654079088
0.7062689585439839,0.74652654079088
0.7061203844208397,0.7459921624510153
0.7062394603709949,0.7459921624510153
0.7063585764884466,0.7459921624510153
0.7062594904673528,0.7456359102244389
0.7063786702666217,0.7456359102244389
0.7064978902953587,0.7456359102244389
0.7066171505739365,0.7456359102244389
0.7064685019422395,0.7451015318845743
0.7065878378378379,0.7451015318845743
0.7067072140564284,0.7451015318845743
0.7065088757396449,0.7443890274314214
0.7066283395333108,0.7443890274314214
0.7065290933694182,0.744032775204845
0.7066486212146845,0.744032775204845
0.7068877982738196,0.744032775204845
0.7070074475287745,0.744032775204845
0.7071271372947351,0.744032775204845
0.7072468675922791,0.744032775204845
0.7070484581497798,0.7433202707516922
0.7071682765632944,0.7433202707516922
0.7072881355932203,0.7433202707516922
0.7074080352602136,0.7433202707516922
0.7073584265852831,0.743142144638404
0.7074783788366966,0.743142144638404
0.7072301425661914,0.742251514071963
0.7071307300509337,0.7418952618453866
0.7070809984717269,0.7417171357320983
0.7072010869565217,0.7417171357320983
0.7073212162391711,0.7417171357320983
0.7072217502124044,0.7413608835055219
0.7070724243454607,0.7408265051656573
0.7070226152014963,0.7406483790523691
0.7071428571428572,0.7406483790523691
0.7072631399897942,0.7406483790523691
0.707063829787234,0.7399358745992163
0.7071842015662241,0.7399358745992163
0.7073046143367955,0.7399358745992163
0.7072547683923706,0.739757748485928
0.7071051286420174,0.7392233701460634
0.707225630538514,0.7392233701460634
0.7073461735128685,0.7392233701460634
0.7074667575860893,0.7392233701460634
0.7075873827791986,0.7392233701460634
0.7077080491132333,0.7392233701460634
0.7076581954630735,0.7390452440327752
0.7077789150460594,0.7390452440327752
0.7077290564750043,0.738867117919487
0.707679180887372,0.7386889918061987
0.7076292882744496,0.7385108656929106
0.707379569525111,0.7376202351264696
0.70732957457714,0.7374421090131813
0.7074504442925496,0.7374421090131813
0.7075713553238763,0.7374421090131813
0.7075213675213675,0.7372639828998931
0.7074713626260899,0.7370858567866049
0.707421340629275,0.7369077306733167
0.7076633595620937,0.7369077306733167
0.7076133447390932,0.7367296045600285
0.7077344284736482,0.7367296045600285
0.7078555536539449,0.7367296045600285
0.7079767203012667,0.7367296045600285
0.7080979284369114,0.7367296045600285
0.7077476859787453,0.735482721767011
0.7078690210869193,0.735482721767011
0.7079903978052127,0.735482721767011
0.7081118161550335,0.735482721767011
0.7082332761578045,0.735482721767011
0.7083547778349631,0.735482721767011
0.7084763212079616,0.735482721767011
0.7082760989010989,0.7347702173138582
0.708397733127254,0.7347702173138582
0.7083476468567502,0.73459209120057
0.7081972847568311,0.7340577128607054
0.7080467675378267,0.7335233345208407
0.7079965606190886,0.7333452084075526
0.7081183350533196,0.7333452084075526
0.707967647564963,0.7328108300676879
0.7079173838209982,0.7326327039543997
0.7077664887205097,0.7320983256145351
0.7078883913193248,0.7320983256145351
0.7077877325982082,0.7317420733879587
0.7079097018783388,0.7317420733879587
0.7077586206896552,0.731207695048094
0.7076073831292048,0.7306733167082294
0.7077294685990339,0.7306733167082294
0.7078515962036238,0.7306733167082294
0.7079737659647911,0.7306733167082294
0.7080959779043673,0.7306733167082294
0.7082182320441989,0.7306733167082294
0.7083405284061475,0.7306733167082294
0.7082901554404145,0.7304951905949412
0.7084125064778027,0.7304951905949412
0.7085348997926745,0.7304951905949412
0.7086573354069466,0.7304951905949412
0.708779813342551,0.7304951905949412
0.7089023336214347,0.7304951905949412
0.7088520055325035,0.730317064481653
0.7087512971290211,0.7299608122550766
0.7084487534626038,0.7288920555753473
0.7085714285714285,0.7288920555753473
0.7086941461724974,0.7288920555753473
0.708643686125065,0.7287139294620592
0.7087664587664587,0.7287139294620592
0.7088892739559868,0.7287139294620592
0.708838821490468,0.7285358033487709
0.7089616918010053,0.7285358033487709
0.7089112343966713,0.7283576772354827
0.7090341598751517,0.7283576772354827
0.7091571279916753,0.7283576772354827
0.7088541666666667,0.7272889205557534
0.7089772529953117,0.7272889205557534
0.7089267106634248,0.7271107944424653
0.7090498523536565,0.7271107944424653
0.7087969401947148,0.7262201638760242
0.7089201877934272,0.7262201638760242
0.7090434782608696,0.7262201638760242
0.7091668116194121,0.7262201638760242
0.7089136490250696,0.7253295333095832
0.7088629636078705,0.725151407196295
0.7089864158829676,0.725151407196295
0.7091099111653022,0.725151407196295
0.7092334494773519,0.725151407196295
0.7091827844572225,0.7249732810830067
0.7089799476896251,0.7242607766298539
0.709103592605511,0.7242607766298539
0.7087988826815642,0.7231920199501247
0.7089226471101798,0.7231920199501247
0.7088209606986899,0.7228357677235483
0.7089447938504543,0.7228357677235483
0.7088939367464616,0.72265764161026
0.7085884205002624,0.7215888849305309
0.7084354217710885,0.7210545065906662
0.7085594258708209,0.7210545065906662
0.7086834733893558,0.7210545065906662
0.7083771468629513,0.7199857499109369
0.708018950693104,0.7187388671179195
0.7077112243105568,0.7176701104381903
0.7078355586788475,0.7176701104381903
0.7077842206993499,0.717491984324902
0.707908611599297,0.717491984324902
0.7078572684127263,0.7173138582116139
0.7079817158931083,0.7173138582116139
0.7076733544526576,0.7162451015318846
0.7076218975532477,0.7160669754185963
0.7077464788732394,0.7160669754185963
0.7078711040676176,0.7160669754185963
0.7079957731595632,0.7160669754185963
0.7079443367976044,0.7158888493053082
0.7080690627202255,0.7158888493053082
0.7078116734262034,0.7149982187388672
0.7077085905803493,0.7146419665122907
0.707833450952717,0.7146419665122907
0.7079583553908594,0.7146419665122907
0.7079068125661843,0.7144638403990025
0.7080317740511916,0.7144638403990025
0.708156779661017,0.7144638403990025
0.7081052445700159,0.7142857142857143
0.708230307311904,0.7142857142857143
0.7083554142377672,0.7142857142857143
0.7084805653710248,0.7142857142857143
0.7086057607351122,0.7142857142857143
0.708554259455638,0.714107588172426
0.7083996463306809,0.7135732098325615
0.7085249380969225,0.7135732098325615
0.7084217975937721,0.713216957605985
0.7083185840707965,0.7128607053794086
0.7084439723844929,0.7128607053794086
0.7083923512747875,0.7126825792661204
0.7085177970603861,0.7126825792661204
0.7083111819953926,0.7119700748129676
0.7084367245657568,0.7119700748129676
0.7083850381138096,0.7117919486996793
0.7080745341614907,0.7107231920199502
0.7082002129925452,0.7107231920199502
0.7083259364459435,0.7107231920199502
0.70811867116717,0.7100106875667973
0.7082444918265813,0.7100106875667973
0.7081926426159588,0.709832561453509
0.7083185211517953,0.709832561453509
0.7079551521623064,0.7085856786604916
0.7080811676753292,0.7085856786604916
0.708207228057682,0.7085856786604916
0.7081032947462155,0.7082294264339152
0.708051300320627,0.708051300320627
0.7079992873686086,0.7078731742073388
0.7081254454739844,0.7078731742073388
0.7077609277430865,0.7066262914143213
0.7078872234118487,0.7066262914143213
0.7081399500178508,0.7066262914143213
0.7082663810033922,0.7066262914143213
0.7081621718163957,0.7062700391877449
0.7081100392997499,0.7060919130744567
0.7080578881543684,0.7059137869611685
0.7081844174410293,0.7059137869611685
0.708080085806221,0.705557534734592
0.7079756795422032,0.7052012825080157
0.7081023072795565,0.7052012825080157
0.7080500894454382,0.7050231563947275
0.708176775809626,0.7050231563947275
0.707863156009314,0.7039543997149982
0.7079899677534933,0.7039543997149982
0.7078329449722173,0.7034200213751336
0.7079598422373611,0.7034200213751336
0.707855093256815,0.7030637691485572
0.7079820627802691,0.7030637691485572
0.7077723927481601,0.7023512646954043
0.7076149425287356,0.7018168863555397
0.7077420513741692,0.7018168863555397
0.7078692058929213,0.7018168863555397
0.7077116663670682,0.701282508015675
0.7073434125269978,0.7000356252226576
0.7074707470747075,0.7000356252226576
0.7075981274756932,0.7000356252226576
0.7075454709166217,0.6998574991093695
0.7076729106628242,0.6998574991093695
0.7078003963249865,0.6998574991093695
0.7076423936553713,0.6993231207695048
0.7075896881197044,0.6991449946562166
0.7073786758073246,0.6984324902030637
0.7073258751353302,0.6982543640897756
0.7074535282439993,0.6982543640897756
0.7075812274368231,0.6982543640897756
0.7075284347355119,0.6980762379764873
0.7076561935716865,0.6980762379764873
0.7077839985551743,0.6980762379764873
0.7077312138728323,0.6978981118631992
0.7078590785907859,0.6978981118631992
0.7078062883989881,0.6977199857499109
0.7077534791252486,0.6975418596366227
0.707881417208966,0.6975418596366227
0.7080094015548726,0.6975418596366227
0.7079566003616636,0.6973637335233345
0.7080846446011937,0.6973637335233345
0.7080318379160637,0.6971856074100463
0.7081599421024064,0.6971856074100463
0.7081071299312341,0.6970074812967582
0.7082352941176471,0.6970074812967582
0.7083635047067343,0.6970074812967582
0.7084917617237009,0.6970074812967582
0.7084389713871786,0.6968293551834699
0.7085672885346858,0.6968293551834699
0.7086956521739131,0.6968293551834699
0.7089525190286335,0.6968293551834699
0.7088469905728789,0.6964731029568935
0.7089755213055303,0.6964731029568935
0.7087114337568058,0.6955824723904525
0.7086056644880174,0.695226220163876
0.7083409049609304,0.694335589597435
0.7084696474009451,0.694335589597435
0.7085984366478822,0.694335589597435
0.7087272727272728,0.694335589597435
0.7086213168424882,0.6939793373708586
0.7085683099872658,0.6938012112575703
0.7085152838427947,0.6936230851442822
0.7086442220200182,0.6936230851442822
0.7085911903895158,0.6934449590309939
0.708720189331877,0.6934449590309939
0.7088492352512746,0.6934449590309939
0.7089783281733746,0.6934449590309939
0.7089253187613843,0.6932668329177057
0.7088722900346147,0.6930887068044175
0.7088192419825073,0.6929105806911293
0.708553711471822,0.6920199501246883
0.7086829624224735,0.6920199501246883
0.7088122605363985,0.6920199501246883
0.7087591240875912,0.6918418240114
0.7083866252512333,0.6905949412183826
0.7085160818713451,0.6905949412183826
0.7086455858161214,0.6905949412183826
0.7087751371115174,0.6905949412183826
0.7087218869994515,0.6904168151050945
0.7088514996342355,0.6904168151050945
0.7087449688986461,0.690060562878518
0.7088746569075938,0.690060562878518
0.7088213762811127,0.6898824367652298
0.7087680761486362,0.6897043106519416
0.7088978396191871,0.6897043106519416
0.7088445339681377,0.6895261845386533
0.708974358974359,0.6895261845386533
0.7091042315442388,0.6895261845386533
0.7090509344082081,0.6893480584253652
0.7088375504217088,0.6886355539722123
0.708784155510728,0.6884574278589242
0.7085168869309838,0.687566797292483
0.708463374334496,0.6873886711791949
0.7084098420859346,0.6872105450659066
0.7083027185892726,0.6868542928393302
0.7079271657163877,0.6856074100463128
0.7078734363502576,0.6854292839330246
0.7080036798528059,0.6854292839330246
0.7081339712918661,0.6854292839330246
0.7079727490333272,0.6848949055931599
0.7081031307550645,0.6848949055931599
0.7080493645238534,0.6847167794798718
0.7081798084008843,0.6847167794798718
0.7083103003501013,0.6847167794798718
0.7085714285714285,0.6847167794798718
0.7087020648967551,0.6847167794798718
0.7086483496219804,0.6845386533665836
0.7087790483216525,0.6845386533665836
0.7087253274303634,0.6843605272532953
0.7086715867158672,0.6841824011400072
0.7088023620594206,0.6841824011400072
0.7089331856773717,0.6841824011400072
0.7088794535720879,0.6840042750267189
0.7085566438735909,0.6829355183469896
0.7086876155268023,0.6829355183469896
0.7088186356073212,0.6829355183469896
0.7087647928994083,0.6827573922337015
0.7088958757166636,0.6827573922337015
0.7090270070292268,0.6827573922337015
0.7089731729879741,0.6825792661204132
0.7087037037037037,0.6816886355539722
0.708834969438785,0.6816886355539722
0.7089662838088181,0.6816886355539722
0.7089123587178062,0.681510509440684
0.7088584136397331,0.6813323833273958
0.7089898053753475,0.6813323833273958
0.7089358546533185,0.6811542572141076
0.7088818839236046,0.6809761311008193
0.709013353115727,0.6809761311008193
0.7089593767390094,0.6807980049875312
0.7087973273942093,0.6802636266476666
0.7087432708372007,0.6800855005343783
0.7088748607500929,0.6800855005343783
0.7090064995357475,0.6800855005343783
0.7084651162790697,0.6783042394014963
0.7085969482694455,0.6783042394014963
0.7083798882681565,0.6775917349483435
0.7083255727323524,0.6774136088350552
0.7084575260804769,0.6774136088350552
0.70840320476989,0.677235482721767
0.7082401193139448,0.6767011043819023
0.7083721797501399,0.6767011043819023
0.7082633836970714,0.676344852155326
0.7082089552238806,0.6761667260420378
0.7083411084157492,0.6761667260420378
0.7084733109369168,0.6761667260420378
0.7086055628150084,0.6761667260420378
0.7087378640776699,0.6761667260420378
0.7088702147525677,0.6761667260420378
0.7090026148673889,0.6761667260420378
0.7086761406133134,0.6750979693623085
0.7086216570039274,0.6749198432490203
0.7087542087542088,0.6749198432490203
0.7086997193638915,0.674741717135732
0.7088323353293413,0.674741717135732
0.708668788616364,0.6742073387958675
0.7081770442610653,0.6726042037762736
0.708309885574939,0.6726042037762736
0.7082551594746717,0.6724260776629853
0.7082004128354288,0.6722479515496972
0.7083333333333334,0.6722479515496972
0.7082238077356365,0.6718916993231208
0.7083568075117371,0.6718916993231208
0.7084898572501879,0.6718916993231208
0.7086229569791471,0.6718916993231208
0.7087561067267945,0.6718916993231208
0.708701371922571,0.6717135732098326
0.7088345864661654,0.6717135732098326
0.7089678510998308,0.6717135732098326
0.7086940158073015,0.6708229426433915
0.7084745762711865,0.6701104381902387
0.7086080241100019,0.6701104381902387
0.7085531273549359,0.6699323120769505
0.7084982099114377,0.6697541859636623
0.7086317376554844,0.6697541859636623
0.7085768143261074,0.669576059850374
0.708710407239819,0.669576059850374
0.708655478031303,0.6693979337370859
0.7084355538780902,0.668685429283933
0.7085692714231786,0.668685429283933
0.7084041548630784,0.6681510509440683
0.7081285444234404,0.6672604203776273
0.708018154311649,0.6669041681510509
0.7077418133636192,0.6660135375846099
0.7076864823930329,0.6658354114713217
0.7076311304677144,0.6656572853580335
0.7077651515151515,0.6656572853580335
0.7078992233377533,0.6656572853580335
0.7078438802576733,0.6654791592447453
0.7079780178131514,0.6654791592447453
0.7079226686884003,0.665301033131457
0.7080568720379147,0.665301033131457
0.7079461407168595,0.6649447809048806
0.7080804248861912,0.6649447809048806
0.7080250426863973,0.6647666547915925
0.7081593927893738,0.6647666547915925
0.708104004554944,0.6645885286783042
0.7082384206529992,0.6645885286783042
0.7083728877919119,0.6645885286783042
0.7085074060007596,0.6645885286783042
0.7086419753086419,0.6645885286783042
0.7085866261398176,0.664410402565016
0.7080875356803045,0.6628072675454222
0.7082223068138561,0.6628072675454222
0.7083571292594708,0.6628072675454222
0.7084920030464585,0.6628072675454222
0.7084364882879451,0.6626291414321339
0.7082142176481799,0.6619166369789811
0.708349218452154,0.6619166369789811
0.7084842707340324,0.6619166369789811
0.708206106870229,0.6610260064125401
0.7078157844448691,0.6597791236195226
0.7077599388379205,0.6596009975062345
0.7078952399158861,0.6596009975062345
0.7078393881453154,0.6594228713929462
0.7077835150124306,0.659244745279658
0.7077276205049732,0.6590666191663698
0.7078630189401186,0.6590666191663698
0.7078071182548794,0.6588884930530816
0.7079425837320574,0.6588884930530816
0.7080781010719756,0.6588884930530816
0.7082136703044227,0.6588884930530816
0.7081577939486786,0.6587103669397933
0.7080459770114943,0.6583541147132169
0.7074856046065259,0.6565728535803349
0.7072046109510086,0.6556822230138938
0.7071483474250576,0.6555040969006056
0.7072842590812992,0.6555040969006056
0.7074202229911573,0.6555040969006056
0.7075562391847722,0.6555040969006056
0.7075,0.6553259707873175
0.707218479307026,0.6544353402208763
0.7069928722789444,0.6537228357677235
0.706936416184971,0.6535447096544353
0.7070726536904991,0.6535447096544353
0.7072089437162683,0.6535447096544353
0.7073452862926547,0.6535447096544353
0.7072888546085615,0.6533665835411472
0.7074252651880424,0.6533665835411472
0.707199382358618,0.6526540790879943
0.7070297412128235,0.6521197007481296
0.7071663125362179,0.6521197007481296
0.7069965210668728,0.651585322408265
0.7069398801469167,0.6514071962949769
0.7066563467492261,0.6505165657285358
0.7067931101219276,0.6505165657285358
0.7069299264421216,0.6505165657285358
0.7068731848983543,0.6503384396152476
0.7065322736964528,0.6492696829355183
0.7063615205585725,0.6487353045956538
0.7064985451018428,0.6487353045956538
0.7066356228172294,0.6487353045956538
0.7067727537356879,0.6487353045956538
0.7069099378881988,0.6487353045956538
0.7065682083171395,0.6476665479159245
0.706511175898931,0.6474884218026362
0.7062828243532386,0.6467759173494835
0.7061685152753454,0.646419665122907
0.7063059556247567,0.646419665122907
0.7062487833365778,0.6462415390096188
0.706386292834891,0.6462415390096188
0.7065238558909445,0.6462415390096188
0.7066614725360343,0.6462415390096188
0.706604324956166,0.6460634128963306
0.7065471551052221,0.6458852867830424
0.7064899629701813,0.6457071606697542
0.7066276803118908,0.6457071606697542
0.70676545135504,0.6457071606697542
0.7069032761310452,0.6457071606697542
0.7068461088355764,0.6455290345564659
0.7069840031213421,0.6455290345564659
0.7069268292682926,0.6453509084431778
0.7068696330991413,0.6451727823298896
0.7070076127269178,0.6451727823298896
0.7069504099960953,0.6449946562166013
0.7068931849248193,0.6448165301033132
0.70703125,0.6448165301033132
0.7071693690173863,0.6448165301033132
0.7073075420085971,0.6448165301033132
0.707250341997264,0.6446384039900249
0.7069066718841714,0.6435696473102956
0.7071834018398904,0.6435696473102956
0.706781654253234,0.6423227645172782
0.7069202117231915,0.6423227645172782
0.7070588235294117,0.6423227645172782
0.7071974897038635,0.6423227645172782
0.7073362102785407,0.6423227645172782
0.707474985285462,0.6423227645172782
0.7074175824175825,0.64214463840399
0.707360157016683,0.6419665122907018
0.7073027090694936,0.6417883861774136
0.7074415864912625,0.6417883861774136
0.7073841319717203,0.6416102600641254
0.7072691552062869,0.6412540078375489
0.7071540880503144,0.6408977556109726
0.7069813176007866,0.6403633772711079
0.7068083431719795,0.6398289989312433
0.7069474512891163,0.6398289989312433
0.7068897637795276,0.6396508728179551
0.707028942705257,0.6396508728179551
0.7071681764474202,0.6396508728179551
0.7073074650384085,0.6396508728179551
0.7072498029944838,0.6394727467046669
0.707192118226601,0.6392946205913786
0.7073314938904217,0.6392946205913786
0.7074709245022669,0.6392946205913786
0.7076104100946372,0.6392946205913786
0.7077499507000592,0.6392946205913786
0.7078895463510848,0.6392946205913786
0.708029197080292,0.6392946205913786
0.7081689029202841,0.6392946205913786
0.7081113084665482,0.6391164944780905
0.708251085669167,0.6391164944780905
0.708390918065153,0.6391164944780905
0.7085308056872038,0.6391164944780905
0.7086707485680427,0.6391164944780905
0.7086131963650731,0.6389383683648023
0.708555621418692,0.6387602422515141
0.708498023715415,0.6385821161382259
0.7084404032417474,0.6384039900249376
0.708580466587584,0.6384039900249376
0.708176598693328,0.6371571072319202
0.7081188118811881,0.6369789811186319
0.7080610021786492,0.6368008550053438
0.7082012678288431,0.6368008550053438
0.7079698651863601,0.6360883505521909
0.7081102518342257,0.6360883505521909
0.7082506941689806,0.6360883505521909
0.7081928188851419,0.6359102244389028
0.7081349206349207,0.6357320983256145
0.7082754514784679,0.6357320983256145
0.7084160381103612,0.6357320983256145
0.7081263659845023,0.6348414677591735
0.7082670906200318,0.6348414677591735
0.7082091035579408,0.6346633416458853
0.7083499005964214,0.6346633416458853
0.7082919069397494,0.6344852155325971
0.7082338902147971,0.6343070894193089
0.7083747762084742,0.6343070894193089
0.7085157182650219,0.6343070894193089
0.7086567164179104,0.6343070894193089
0.7085987261146497,0.6341289633060206
0.7087397969341032,0.6341289633060206
0.7088809239346874,0.6341289633060206
0.7088229436367257,0.6339508371927325
0.7089641434262948,0.6339508371927325
0.708732057416268,0.6332383327395796
0.7088733798604188,0.6332383327395796
0.7086409898223908,0.6325258282864268
0.7087824351297405,0.6325258282864268
0.7089239369135556,0.6325258282864268
0.7090654952076677,0.6325258282864268
0.7090073896544837,0.6323477021731386
0.7087165133946421,0.6314570716066975
0.7088582283543291,0.6314570716066975
0.7086251751050631,0.6307445671535447
0.7084501401682018,0.6302101888136801
0.7085920288403765,0.6302101888136801
0.7084168336673347,0.6296758104738155
0.7083583884546001,0.6294976843605272
0.7085004009623096,0.6294976843605272
0.7086424704231,0.6294976843605272
0.7087845968712395,0.6294976843605272
0.7086677367576244,0.6291414321339508
0.7088099538430664,0.6291414321339508
0.7089522280208751,0.6291414321339508
0.7090945593254366,0.6291414321339508
0.7092369477911646,0.6291414321339508
0.7093793934525005,0.6291414321339508
0.7090872537193406,0.6282508015675098
0.709028755278504,0.6280726754542216
0.7091713596138375,0.6280726754542216
0.7091128545564273,0.6278945493409334
0.7092555331991952,0.6278945493409334
0.7093982692694707,0.6278945493409334
0.7095410628019324,0.6278945493409334
0.709307010475423,0.6271820448877805
0.7094499294781382,0.6271820448877805
0.7095929060862556,0.6271820448877805
0.70973594033461,0.6271820448877805
0.7098790322580645,0.6271820448877805
0.7097034496671374,0.6266476665479159
0.7098466505246166,0.6266476665479159
0.7099899091826438,0.6266476665479159
0.7101332256762213,0.6266476665479159
0.7100747022006865,0.6264695404346278
0.710016155088853,0.6262914143213395
0.7101595637245001,0.6262914143213395
0.7101010101010101,0.6261132882080513
0.71004243281471,0.6259351620947631
0.7101859337105901,0.6259351620947631
0.710329492621791,0.6259351620947631
0.7102123356926188,0.6255789098681867
0.7103559870550162,0.6255789098681867
0.7104996965405624,0.6255789098681867
0.7104411169566976,0.6254007837548985
0.7105849018417324,0.6254007837548985
0.7105263157894737,0.6252226576416102
0.710291734197731,0.6245101531884574
0.7101155483478614,0.6239757748485928
0.7100567721005677,0.6237976487353046
0.7099979720137903,0.6236195226220164
0.7101419878296146,0.6236195226220164
0.7099066179455948,0.6229070181688635
0.7100507614213198,0.6229070181688635
0.7099918765231519,0.6227288920555754
0.7098150782361309,0.6221945137157108
0.7099593495934959,0.6221945137157108
0.7096642929806715,0.6213038831492697
0.7096052096052096,0.6211257570359815
0.7095461021778954,0.6209476309226932
0.7093686354378819,0.6204132525828286
0.7095131391322061,0.6204132525828286
0.70927624872579,0.6197007481296758
0.7090983272133823,0.6191663697898112
0.7092430116302796,0.6191663697898112
0.7091836734693877,0.6189882436765229
0.7089460784313726,0.6182757392233701
0.7090909090909091,0.6182757392233701
0.7092357989374745,0.6182757392233701
0.7091763744124259,0.6180976131100819
0.7088193165541232,0.6170288564303527
0.7089643880474826,0.6170288564303527
0.7089048106448311,0.6168507303170645
0.709049959049959,0.6168507303170645
0.7089903747696088,0.6166726042037762
0.7091356001638672,0.6166726042037762
0.7089567534330805,0.6161382258639116
0.7087179487179487,0.6154257214107588
0.7085385878489326,0.6148913430708942
0.7086840484500103,0.6148913430708942
0.708829568788501,0.6148913430708942
0.7089751489012117,0.6148913430708942
0.7091207888249794,0.6148913430708942
0.7090610232175878,0.614713216957606
0.709206740649404,0.614713216957606
0.7093525179856115,0.614713216957606
0.7094983552631579,0.614713216957606
0.7092592592592593,0.6140007125044532
0.7094052274130479,0.6140007125044532
0.7095512556607657,0.6140007125044532
0.7096973440395306,0.6140007125044532
0.7098434925864909,0.6140007125044532
0.7094845360824742,0.6129319558247239
0.7096308517220046,0.6129319558247239
0.7097772277227723,0.6129319558247239
0.7099236641221374,0.6129319558247239
0.7098638052001651,0.6127538297114357
0.7098039215686275,0.6125757035981475
0.7095641396405701,0.6118631991449947
0.7097107438016529,0.6118631991449947
0.7098574085554866,0.6118631991449947
0.7100041339396445,0.6118631991449947
0.7101509199917304,0.6118631991449947
0.7102977667493796,0.6118631991449947
0.7104446742502585,0.6118631991449947
0.7105916425320645,0.6118631991449947
0.7107386716325264,0.6118631991449947
0.710885761589404,0.6118631991449947
0.7107660455486542,0.6115069469184182
0.7104663212435233,0.6106163163519772
0.7106135986733002,0.6106163163519772
0.7107609371760315,0.6106163163519772
0.7107009539610121,0.610438190238689
0.7108483717071147,0.610438190238689
0.7106082624039859,0.6097256857855362
0.7107558139534884,0.6097256857855362
0.7105153782211139,0.6090131813323834
0.7106630638120973,0.6090131813323834
0.7108108108108108,0.6090131813323834
0.7109586192555625,0.6090131813323834
0.7108383607239442,0.6086569291058069
0.7109862671660424,0.6086569291058069
0.7111342351716962,0.6086569291058069
0.7112822647793505,0.6086569291058069
0.7114303560274828,0.6086569291058069
0.7115785089546023,0.6086569291058069
0.7115184336596543,0.6084788029925187
0.7116666666666667,0.6084788029925187
0.7116065847051469,0.6083006768792305
0.7117548978741142,0.6083006768792305
0.7119032728788827,0.6083006768792305
0.7118432026688908,0.6081225507659422
0.7119916579770594,0.6081225507659422
0.7121401752190237,0.6081225507659422
0.7122887544335489,0.6081225507659422
0.712228714524207,0.6079444246526541
0.7121686495512419,0.6077662985393659
0.7123173277661795,0.6077662985393659
0.7122572562121529,0.6075881724260777
0.7121971595655806,0.6074100463127895
0.7123459369124713,0.6074100463127895
0.711864406779661,0.6059850374064838
0.7120133947258267,0.6059850374064838
0.711892797319933,0.6056287851799074
0.7117117117117117,0.6050944068400428
0.7116512992455993,0.6049162807267545
0.7118004611192622,0.6049162807267545
0.7119496855345911,0.6049162807267545
0.7115263489397439,0.6036693979337371
0.7114657706845863,0.6034912718204489
0.7113445378151261,0.6031350195938725
0.7114940113469216,0.6031350195938725
0.7116435477091215,0.6031350195938725
0.7115829304183309,0.6029568934805842
0.711882229232387,0.6029568934805842
0.712031973075305,0.6029568934805842
0.7121817799284662,0.6029568934805842
0.7119393556538218,0.6022443890274314
0.712089300758214,0.6022443890274314
0.7122393090372867,0.6022443890274314
0.7120573355817875,0.6017100106875668
0.7117535345009496,0.6008193801211258
0.7119037568594344,0.6008193801211258
0.7115994084090429,0.5999287495546847
0.7115384615384616,0.5997506234413965
0.7111722386796445,0.5986818667616672
0.7110499576629975,0.5983256145350908
0.7109887783188651,0.5981474884218027
0.711139347734011,0.5981474884218027
0.7110781614064817,0.5979693623085144
0.711228813559322,0.5979693623085144
0.7113795295613478,0.5979693623085144
0.7111959287531806,0.5974349839686498
0.7113467656415695,0.5974349839686498
0.7111629881154499,0.5969006056287852
0.7107332624867163,0.5956537228357677
0.7108843537414966,0.5956537228357677
0.7110355092494153,0.5956537228357677
0.7109740535942153,0.5954755967224795
0.7111252924909593,0.5954755967224795
0.711063829787234,0.5952974706091914
0.7112151521600341,0.5952974706091914
0.7113665389527458,0.5952974706091914
0.7115179902065148,0.5952974706091914
0.7114565587734242,0.5951193444959031
0.711395101171459,0.5949412183826149
0.7113336173838943,0.5947630922693267
0.711272107393991,0.5945849661560385
0.7111490087401406,0.5942287139294621
0.7108408023900982,0.5933380833630211
0.7109925293489862,0.5933380833630211
0.7109308283518361,0.5931599572497328
0.7108691010036301,0.5929818311364446
0.710807347287484,0.5928037050231564
0.7109591967528306,0.5928037050231564
0.7108974358974359,0.5926255789098682
0.7110493695234025,0.5926255789098682
0.7106783650759684,0.591556822230139
0.7106164383561644,0.5913786961168507
0.7105544851209591,0.5912005700035625
0.7107066381156317,0.5912005700035625
0.7106446776611695,0.5910224438902744
0.7109492179130062,0.5910224438902744
0.7111015859408487,0.5910224438902744
0.7112540192926045,0.5910224438902744
0.7111921097770154,0.5908443177769861
0.7109442060085837,0.5901318133238332
0.7110968018888173,0.5901318133238332
0.7112494632889652,0.5901318133238332
0.7114021902512347,0.5901318133238332
0.7115549828178694,0.5901318133238332
0.7117078410311493,0.5901318133238332
0.7115839243498818,0.5897755610972568
0.7117368873602752,0.5897755610972568
0.7116129032258065,0.5894193088706804
0.7114267269205939,0.5888849305308158
0.7115798536375376,0.5888849305308158
0.7113313227057303,0.588172426077663
0.711484593837535,0.588172426077663
0.7114224137931034,0.5879942999643748
0.7115757706402241,0.5879942999643748
0.7117291936179387,0.5879942999643748
0.7116670260944576,0.5878161738510865
0.7114180876322037,0.5871036693979338
0.7115716753022453,0.5871036693979338
0.7117253293025264,0.5871036693979338
0.7116630669546437,0.5869255432846455
0.7114761184352713,0.5863911649447809
0.7112889273356401,0.5858567866049162
0.7112264763140818,0.5856786604916281
0.7111639982691476,0.5855005343783398
0.7108512020792722,0.5846099038118988
0.7110051993067591,0.5846099038118988
0.7108172555820508,0.5840755254720342
0.7109713790112749,0.5840755254720342
0.7107204861111112,0.5833630210188814
0.7106576948122423,0.5831848949055931
0.7105948762483717,0.583006768792305
0.7105320304017373,0.5828286426790168
0.7104691572545613,0.5826505165657285
0.7106235064088637,0.5826505165657285
0.7104977178874158,0.5822942643391521
0.7104347826086956,0.5821161382258639
0.710589258534464,0.5821161382258639
0.7105263157894737,0.5819380121125757
0.7106808788340222,0.5819380121125757
0.7108355091383812,0.5819380121125757
0.7109902067464635,0.5819380121125757
0.7105492589363557,0.5806911293195582
0.710704163941574,0.5806911293195582
0.7105148342059336,0.5801567509796937
0.7106698668994109,0.5801567509796937
0.7106067219554779,0.5799786248664054
0.7104803493449782,0.579622372639829
0.7106355099366674,0.579622372639829
0.7103825136612022,0.5789098681866761
0.7105378224748579,0.5789098681866761
0.7104745243822436,0.578731742073388
0.710411198600175,0.5785536159600998
0.7100306614104249,0.5774848592803705
0.7099671412924425,0.5773067331670823
0.7095854354025005,0.5762379764873531
0.7092665788317962,0.575347345920912
0.7092027234790248,0.5751692198076238
0.7093585237258347,0.5751692198076238
0.7095143924412217,0.5751692198076238
0.7091309130913092,0.5741004631278945
0.7092869718309859,0.5741004631278945
0.7094430992736077,0.5741004631278945
0.7093791281373845,0.5739223370146064
0.7093151288262497,0.5737442109013181
0.7094713656387666,0.5737442109013181
0.7096276712932365,0.5737442109013181
0.7095636844424856,0.57356608478803
0.7094996693850562,0.5733879586747417
0.7096560846560847,0.5733879586747417
0.7095280105866785,0.5730317064481653
0.7093356874862061,0.5724973281083007
0.7094922737306844,0.5724973281083007
0.7094281298299846,0.5723192019950125
0.7093639575971732,0.5721410758817242
0.7088495575221239,0.5707160669754185
0.709006417348971,0.5707160669754185
0.7091633466135459,0.5707160669754185
0.7090989594863848,0.5705379408621304
0.7092559787422498,0.5705379408621304
0.7091271599468321,0.570181688635554
0.7090627077332151,0.5700035625222658
0.7089982269503546,0.5698254364089775
0.7089337175792507,0.5696473102956894
0.7088691796008869,0.5694691841824011
0.708740017746229,0.5691129319558247
0.7084166111481235,0.5682223013893837
0.7082222222222222,0.5676879230495191
0.7081573683040676,0.5675097969362308
0.7084723148765844,0.5675097969362308
0.7084074733096085,0.5673316708229427
0.7085650723025584,0.5673316708229427
0.7085002225189141,0.5671535447096544
0.7086579123080348,0.5671535447096544
0.7085930543187889,0.5669754185963662
0.70875083500334,0.5669754185963662
0.7089086859688196,0.5669754185963662
0.7085841694537347,0.5660847880299252
0.7083240348136577,0.5653722835767724
0.7084821428571428,0.5653722835767724
0.7084170573788792,0.5651941574634841
0.7082867991958901,0.5648379052369077
0.7082216264521894,0.5646597791236195
0.7083798882681565,0.5646597791236195
0.7085382208314707,0.5646597791236195
0.7086966241895819,0.5646597791236195
0.7086314847942755,0.5644816530103313
0.7087899798702751,0.5644816530103313
0.7087248322147651,0.5643035268970431
0.7085944494180841,0.5639472746704667
0.7081371889710827,0.5627003918774492
0.7077441077441078,0.56163163519772
0.7076784912438258,0.5614535090844318
0.7078374129800135,0.5614535090844318
0.7079964061096137,0.5614535090844318
0.7079308020669512,0.5612753829711435
0.7078651685393258,0.5610972568578554
0.7077995055068554,0.5609191307445671
0.7079586330935251,0.5609191307445671
0.7078272604588394,0.5605628785179907
0.7077615298087739,0.5603847524047025
0.7073005858494817,0.5591378696116851
0.7074599954924499,0.5591378696116851
0.707196029776675,0.5584253651585322
0.70735559566787,0.5584253651585322
0.7070912375790425,0.5577128607053794
0.7070250734131466,0.5575347345920912
0.7069588793492996,0.557356608478803
0.7071186440677966,0.557356608478803
0.7065881820239982,0.5559315995724974
0.7067481884057971,0.5559315995724974
0.7066817667044167,0.5557534734592091
0.7068418667874944,0.5557534734592091
0.7070020394289599,0.5557534734592091
0.706935630099728,0.555575347345921
0.7066031313818925,0.5546847167794798
0.7064699205448354,0.5543284645529034
0.7062031356509885,0.5536159600997507
0.7063636363636364,0.5536159600997507
0.7065242100477381,0.5536159600997507
0.7063907209460996,0.5532597078731742
0.7065514103730665,0.5532597078731742
0.706712172923777,0.5532597078731742
0.7068730086481566,0.5532597078731742
0.7070339175961757,0.5532597078731742
0.7069672131147541,0.553081581759886
0.7065663474692202,0.5520128250801567
0.7064994298745724,0.5518346989668685
0.7064324817518248,0.5516565728535804
0.7061643835616438,0.5509440684004275
0.7060972824845855,0.5507659422871393
0.7060301507537688,0.5505878161738511
0.7056940315572833,0.5496971856074101
0.7058554437328454,0.5496971856074101
0.7055860805860806,0.5489846811542572
0.7051811095827603,0.547915924474528
0.7053428112818161,0.547915924474528
0.7050045913682277,0.547025293908087
0.7047334558823529,0.5463127894549341
0.7046655941162951,0.5461346633416458
0.7044618215271389,0.5456002850017813
0.704623878536922,0.5456002850017813
0.7047860101242522,0.5456002850017813
0.7049482163406214,0.5456002850017813
0.705110497237569,0.5456002850017813
0.7052728528666821,0.5456002850017813
0.7054352832795947,0.5456002850017813
0.7055977885279889,0.5456002850017813
0.7052583025830258,0.5447096544353403
0.7054209919261822,0.5447096544353403
0.7053530226119059,0.544531528322052
0.7052850219247634,0.5443534022087638
0.7054478301015698,0.5443534022087638
0.7056107134610944,0.5443534022087638
0.7057736720554273,0.5443534022087638
0.7057057057057057,0.5441752760954756
0.7058687615526802,0.5441752760954756
0.7060318927663508,0.5441752760954756
0.7057598889659958,0.5434627716423228
0.7059231837112447,0.5434627716423228
0.706086554038417,0.5434627716423228
0.70625,0.5434627716423228
0.7064135216485298,0.5434627716423228
0.706577119036591,0.5434627716423228
0.7067407922168172,0.5434627716423228
0.7069045412418906,0.5434627716423228
0.7070683661645423,0.5434627716423228
0.7072322670375522,0.5434627716423228
0.7073962439137491,0.5434627716423228
0.7073283858998145,0.5432846455290345
0.7074924611459058,0.5432846455290345
0.7072208033433944,0.5425721410758817
0.7073850441244774,0.5425721410758817
0.7073170731707317,0.5423940149625935
0.7074814126394052,0.5423940149625935
0.7074134324889612,0.5422158888493053
0.7070048871305562,0.5411471321695761
0.707169459962756,0.5411471321695761
0.7073341094295693,0.5411471321695761
0.7074988355845365,0.5411471321695761
0.707430701141393,0.5409690060562878
0.7075955265610439,0.5409690060562878
0.7077604288044744,0.5409690060562878
0.7079254079254079,0.5409690060562878
0.7080904639776172,0.5409690060562878
0.7082555970149254,0.5409690060562878
0.7084208070912059,0.5409690060562878
0.7085860942603827,0.5409690060562878
0.7085180863477246,0.5407908799429997
0.7086834733893558,0.5407908799429997
0.7088489376605184,0.5407908799429997
0.7090144792153199,0.5407908799429997
0.7087424029920524,0.5400783754898468
0.7089081131634323,0.5400783754898468
0.7090739008419084,0.5400783754898468
0.7092397660818713,0.5400783754898468
0.7091036742335596,0.5397221232632704
0.7092696629213483,0.5397221232632704
0.7088607594936709,0.5386533665835411
0.7090269636576788,0.5386533665835411
0.7091932457786116,0.5386533665835411
0.7091250293220737,0.538475240470253
0.7089885003520301,0.5381189882436765
0.7091549295774648,0.5381189882436765
0.7093214369570322,0.5381189882436765
0.7094880225457961,0.5381189882436765
0.7096546863988724,0.5381189882436765
0.7098214285714286,0.5381189882436765
0.7099882491186839,0.5381189882436765
0.7101551480959097,0.5381189882436765
0.7103221255584293,0.5381189882436765
0.7104891815616181,0.5381189882436765
0.7103529411764706,0.5377627360171001
0.7102847728877383,0.5375846099038118
0.71045197740113,0.5375846099038118
0.7103155911446067,0.5372283576772355
0.7102473498233216,0.5370502315639473
0.7104147031102733,0.5370502315639473
0.7105821352816404,0.5370502315639473
0.7101722917158366,0.535981474884218
0.7103399433427762,0.535981474884218
0.7105076741440378,0.535981474884218
0.7106754841757204,0.535981474884218
0.7106071344200331,0.5358033487709298
0.7104703379815647,0.5354470965443534
0.710401891252955,0.5352689704310652
0.7101963567541992,0.5347345920912006
0.7101277804070043,0.5345564659779124
0.7100591715976331,0.5343783398646241
0.7102272727272727,0.5343783398646241
0.7103954534690978,0.5343783398646241
0.7105637138796779,0.5343783398646241
0.7107320540156361,0.5343783398646241
0.7109004739336493,0.5343783398646241
0.7106261859582542,0.5336658354114713
0.7105575326215896,0.5334877092981831
0.7107261509254865,0.5334877092981831
0.7103136882129277,0.5324189526184538
0.7104825291181365,0.5324189526184538
0.7106514503090823,0.5324189526184538
0.7105826397146254,0.5322408265051657
0.7107516650808754,0.5322408265051657
0.7106828455864859,0.5320627003918774
0.710851975249881,0.5320627003918774
0.7107831468697929,0.5318845742785893
0.710952380952381,0.5318845742785893
0.710814673654121,0.5315283220520128
0.7106768350810295,0.5311720698254364
0.7108462455303933,0.5311720698254364
0.7110157367668097,0.5311720698254364
0.7109468161221083,0.5309939437121483
0.7111164122137404,0.5309939437121483
0.711047482701026,0.53081581759886
0.711217183770883,0.53081581759886
0.7113869658629745,0.53081581759886
0.711556829035339,0.53081581759886
0.7117267733460712,0.53081581759886
0.7118967988533206,0.53081581759886
0.7120669056152927,0.53081581759886
0.7119292373894334,0.5304595653722836
0.7120994739359159,0.5304595653722836
0.7122697919158096,0.5304595653722836
0.7122009569377991,0.5302814392589954
0.7119942542494614,0.5297470609191307
0.7119252873563219,0.5295689348058426
0.7120958083832335,0.5295689348058426
0.7118197075041957,0.5288564303526897
0.7117505995203837,0.5286783042394015
0.7116814583833053,0.5285001781261133
0.7116122840690979,0.5283220520128251
0.7117830573554116,0.5283220520128251
0.7114368092263335,0.527431421446384
0.7112286607357537,0.5268970431065194
0.7113997113997114,0.5268970431065194
0.7115708443589127,0.5268970431065194
0.7110843373493976,0.525650160313502
0.7110147023379128,0.5254720342002137
0.710735826296743,0.524759529747061
0.7105263157894737,0.5242251514071963
0.710456411494808,0.5240470252939081
0.7106280193236715,0.5240470252939081
0.7107997100748973,0.5240470252939081
0.7109714838086032,0.5240470252939081
0.7109016195310611,0.5238688991806199
0.711073500967118,0.5238688991806199
0.7112454655380894,0.5238688991806199
0.7111756168359942,0.5236907730673317
0.711105734333414,0.5235126469540434
0.7108958837772397,0.5229782686141788
0.7110680552191814,0.5229782686141788
0.7108579738245274,0.5224438902743143
0.7103665938334547,0.5211970074812967
0.7102962603205439,0.5210188813680086
0.7098029676477743,0.5197719985749911
0.7099756690997567,0.5197719985749911
0.709763817871926,0.5192376202351264
0.7099366780321481,0.5192376202351264
0.7098660170523752,0.5190594941218383
0.7095121951219512,0.5181688635553973
0.7094413271529642,0.517990737442109
0.7093704245973645,0.5178126113288208
0.7092994874298267,0.5176344852155326
0.70947265625,0.5176344852155326
0.7096459096459097,0.5176344852155326
0.7094330400782014,0.517100106875668
0.7093620141774627,0.5169219807623797
0.7095354523227384,0.5169219807623797
0.7094644167278064,0.5167438546490916
0.7096379647749511,0.5167438546490916
0.7095669195008564,0.5165657285358034
0.7094958394517866,0.5163876024225151
0.7092823903992163,0.5158532240826506
0.7094561489465948,0.5158532240826506
0.7093849546679736,0.5156750979693623
0.7095588235294118,0.5156750979693623
0.7097327776415788,0.5156750979693623
0.7099068170671898,0.5156750979693623
0.7096219931271478,0.5149625935162094
0.7095506997299288,0.5147844674029213
0.7097249508840865,0.5147844674029213
0.7098992876443134,0.5147844674029213
0.7097566969771443,0.5144282151763448
0.7092565238798622,0.5131813323833274
0.70943117458754,0.5131813323833274
0.7097807341709781,0.5131813323833274
0.7099556431739773,0.5131813323833274
0.709884150850382,0.5130032062700391
0.7100591715976331,0.5130032062700391
0.7099876695437731,0.512825080156751
0.7101628021706956,0.512825080156751
0.7103380212188503,0.512825080156751
0.7105133267522211,0.512825080156751
0.7106887188348556,0.512825080156751
0.7108641975308642,0.512825080156751
0.7110397629044208,0.512825080156751
0.7106109324758842,0.5117563234770217
0.710786739238001,0.5117563234770217
0.7107151695124969,0.5115781973637336
0.7108910891089109,0.5115781973637336
0.7103892883709397,0.5103313145707161
0.7101736972704714,0.5097969362308514
0.7103499627699181,0.5097969362308514
0.7105263157894737,0.5097969362308514
0.7104544325800844,0.5096188101175633
0.7103105590062112,0.5092625578909868
0.7104870775347912,0.5092625578909868
0.7106636838180462,0.5092625578909868
0.7108403779214322,0.5092625578909868
0.7105525136884022,0.508550053437834
0.7107294000497884,0.508550053437834
0.7106573705179283,0.5083719273245457
0.7108343711083437,0.5083719273245457
0.7110114598903836,0.5083719273245457
0.7107953128895538,0.5078375489846811
0.7102897102897103,0.5065906661916637
0.7102173369972521,0.5064125400783754
0.7101449275362319,0.5062344139650873
0.7097823367525644,0.5053437833986463
0.7094916103180566,0.5046312789454934
0.7096693386773547,0.5046312789454934
0.7095238095238096,0.504275026718917
0.709159347553325,0.503384396152476
0.7093373493975904,0.503384396152476
0.7095154406226463,0.503384396152476
0.709442491210447,0.5032062700391877
0.7096206983170058,0.5032062700391877
0.7094747423975873,0.5028500178126113
0.7091092098641167,0.5019593872461703
0.7090359929524289,0.5017812611328821
0.7089627391742196,0.5016031350195939
0.7088894485016368,0.5014250089063057
0.7090680100755667,0.5014250089063057
0.7089213709677419,0.5010687566797293
0.7088479959667254,0.500890630566441
0.7090267271810389,0.500890630566441
0.7092055485498109,0.500890630566441
0.7091321897073662,0.5007125044531529
0.7093111279333838,0.5007125044531529
0.709490156486623,0.5007125044531529
0.7096692754354961,0.5007125044531529
0.7098484848484848,0.5007125044531529
0.7095551061678463,0.5
0.7094816687737042,0.4998218738867118
0.7096611026808295,0.4998218738867118
0.7095876549456109,0.4996437477734236
0.709440647937231,0.49928749554684715
0.709620253164557,0.49928749554684715
0.7097999493542669,0.49928749554684715
0.709726443768997,0.49910936943355894
0.7096529009374208,0.4989312433202708
0.7094320486815415,0.49839686498040614
0.7093583565812833,0.4982187388671179
0.7095383054287164,0.4982187388671179
0.7097183455975641,0.4982187388671179
0.7098984771573604,0.4982187388671179
0.7098248286367098,0.4980406127538297
0.7097511427120365,0.4978624866405415
0.7096774193548387,0.4976843605272533
0.7096036585365854,0.4975062344139651
0.7093082400813835,0.4967937299608123
0.7091603053435115,0.49643747773423585
0.709086281496564,0.49625935162094764
0.7092668024439919,0.49625935162094764
0.7091186958736627,0.4959030993943712
0.7090445859872612,0.495724973281083
0.7092252803261978,0.495724973281083
0.7094060667856232,0.495724973281083
0.7089609394945111,0.4946562166013538
0.7091419816138917,0.4946562166013538
0.7090676883780332,0.49447809048806557
0.7088445807770961,0.49394371214820093
0.7087701355152135,0.4937655860349127
0.7086956521739131,0.4935874599216245
0.7084719733811108,0.49305308158175987
0.7081732001024853,0.49234057712860707
0.7080984110712455,0.49216245101531886
0.7080235836964881,0.49198432490203065
0.7082051282051282,0.49198432490203065
0.7079055441478439,0.4912718204488778
0.7078305519897304,0.4910936943355896
0.7074550128534705,0.4902030637691486
0.7070785070785071,0.4893124332027075
0.7072605561277034,0.4893124332027075
0.7074426989441154,0.4893124332027075
0.7072919350682814,0.4889561809761311
0.7072164948453609,0.48877805486284287
0.7073988141273524,0.48877805486284287
0.7075812274368231,0.48877805486284287
0.7073548387096774,0.4882436765229783
0.7072792978833248,0.4880655504096901
0.7074619158275239,0.4880655504096901
0.7076446280991735,0.4880655504096901
0.7078274347713769,0.4880655504096901
0.7080103359173127,0.4880655504096901
0.7079348668906694,0.48788742429640186
0.7081178903826267,0.48788742429640186
0.7083010085337471,0.48788742429640186
0.7081500646830531,0.48753117206982544
0.7085166968677193,0.48753117206982544
0.7087001553599171,0.48753117206982544
0.7085492227979274,0.487174919843249
0.7087328323399844,0.487174919843249
0.7089165370658372,0.487174919843249
0.7091003370495204,0.487174919843249
0.7090248962655602,0.4869967937299608
0.7089494163424125,0.4868186676166726
0.7091333679294239,0.4868186676166726
0.7089823468328141,0.4864624153900962
0.7091664502726565,0.4864624153900962
0.7093506493506494,0.4864624153900962
0.7092751363990647,0.486284289276808
0.7094594594594594,0.486284289276808
0.7093839355341824,0.4861061631635198
0.7095683827353094,0.4861061631635198
0.7094928478543563,0.4859280370502316
0.709417273673257,0.48574991093694336
0.7093416601613323,0.48557178482365515
0.7095262883914628,0.48557178482365515
0.7094506638896121,0.48539365871036694
0.709375,0.4852155325970787
0.7092992966918469,0.4850374064837905
0.7094841063053674,0.4850374064837905
0.709669012249153,0.4850374064837905
0.7098540145985401,0.4850374064837905
0.710039113428944,0.4850374064837905
0.7102243088158581,0.4850374064837905
0.7101487085833551,0.4848592803705023
0.7103340292275574,0.4848592803705023
0.7105194466196816,0.4848592803705023
0.710443864229765,0.4846811542572141
0.7106294071559154,0.4846811542572141
0.7108150470219435,0.4846811542572141
0.7107394826234649,0.4845030281439259
0.7109252483010977,0.4845030281439259
0.7111111111111111,0.4845030281439259
0.7112970711297071,0.4845030281439259
0.7114831284331676,0.4845030281439259
0.7116692830978545,0.4845030281439259
0.7118555352002094,0.4845030281439259
0.7117046347211312,0.4841467759173495
0.711629125196438,0.4839686498040613
0.7118155619596542,0.4839686498040613
0.7120020964360587,0.4839686498040613
0.7119266055045872,0.4837905236907731
0.7121132669113791,0.4837905236907731
0.7117353636124967,0.482899893124332
0.7115839243498818,0.4825436408977556
0.7112046291425566,0.4816530103313146
0.7113917390160485,0.4816530103313146
0.7112397999473545,0.48129675810473815
0.7111637704054765,0.48111863199144994
0.7113510666315512,0.48111863199144994
0.7108942231601161,0.4800498753117207
0.7105124141574221,0.47915924474527966
0.7103594080338267,0.47880299251870323
0.7102062400846113,0.4784467402921268
0.7103940756413647,0.4784467402921268
0.7103174603174603,0.4782686141788386
0.710010593220339,0.4775561097256858
0.7096260938743039,0.47666547915924473
0.709814323607427,0.47666547915924473
0.7100026532236667,0.47666547915924473
0.7098486859569949,0.4763092269326683
0.7100371747211895,0.4763092269326683
0.7098060058463992,0.4757748485928037
0.7097288676236044,0.4755967224795155
0.7099175751130019,0.4755967224795155
0.7093766648907832,0.474349839686498
0.7092992272848387,0.4741717135732098
0.7094882729211087,0.4741717135732098
0.7096774193548387,0.4741717135732098
0.7096,0.47399358745992165
0.7092899092365189,0.4732810830067688
0.7090569062249532,0.47274670466690416
0.709246392303581,0.47274670466690416
0.7091686714782144,0.47256857855361595
0.7089352594970573,0.4720342002137513
0.7087014725568942,0.4714998218738867
0.7088912694161756,0.4714998218738867
0.7084227467811158,0.47043106519415745
0.7080311576685469,0.46954043462771644
0.7079527135948415,0.46936230851442823
0.707874227358237,0.46918418240114
0.707481162540366,0.46829355183469895
0.7074024226110364,0.46811542572141074
0.7073236402800216,0.4679372996081225
0.7070870385340878,0.46740292126825794
0.7072776280323451,0.46740292126825794
0.7070407337469652,0.4668685429283933
0.7067242776127465,0.46615603847524045
0.7069151809832523,0.46615603847524045
0.7071061875168874,0.46615603847524045
0.707027027027027,0.46597791236195224
0.7072181670721817,0.46597791236195224
0.7074094104921579,0.46597791236195224
0.7076007573708413,0.46597791236195224
0.7077922077922078,0.46597791236195224
0.7075548334687246,0.46544353402208766
0.7077464788732394,0.46544353402208766
0.70793822812246,0.46544353402208766
0.7078590785907859,0.46526540790879944
0.7076213723894765,0.4647310295689348
0.7073038284007602,0.46401852511578195
0.7066666666666667,0.4625935162094763
0.7068590092542189,0.4625935162094763
0.7067791995643888,0.4624153900961881
0.7069716775599129,0.4624153900961881
0.7071642604195042,0.4624153900961881
0.7070046334150994,0.46205913786961167
0.7065247065247066,0.46099038118988245
0.7067176406335336,0.46099038118988245
0.7069106801420377,0.46099038118988245
0.7067504782727522,0.460634128963306
0.7062688201478237,0.45956537228357675
0.7064622124863089,0.45956537228357675
0.7066557107641742,0.45956537228357675
0.7068493150684931,0.45956537228357675
0.706286027998902,0.4583184894905593
0.7064799560680944,0.4583184894905593
0.7066739906619061,0.4583184894905593
0.7065934065934066,0.4581403633772711
0.7067875790052213,0.4581403633772711
0.7071762441572724,0.4581403633772711
0.7073707370737073,0.4581403633772711
0.7075653370013755,0.4581403633772711
0.7077600440286186,0.4581403633772711
0.7076796036333609,0.4579622372639829
0.7078744493392071,0.4579622372639829
0.7076329567373932,0.4574278589241183
0.7078280044101434,0.4574278589241183
0.7077474496829336,0.4572497328108301
0.7079426365140651,0.4572497328108301
0.7078620689655173,0.4570716066975419
0.7080573951434879,0.4570716066975419
0.7078961899503037,0.45671535447096545
0.708091687379177,0.45671535447096545
0.7082872928176795,0.45671535447096545
0.7081260364842454,0.456359102244389
0.7083218136577274,0.456359102244389
0.7085176991150443,0.456359102244389
0.7087136929460581,0.456359102244389
0.7089097952407305,0.456359102244389
0.70874861572536,0.4560028500178126
0.7089448906120188,0.4560028500178126
0.7091412742382271,0.4560028500178126
0.7093377666943752,0.4560028500178126
0.7095343680709535,0.4560028500178126
0.7097310784585528,0.4560028500178126
0.7099278979478647,0.4560028500178126
0.710124826629681,0.4560028500178126
0.7100443951165372,0.4558247239045244
0.7102414654454621,0.4558247239045244
0.7101610216546363,0.4556465977912362
0.7100805331852263,0.45546847167794796
0.7102777777777778,0.45546847167794796
0.7104751319811059,0.45546847167794796
0.7106725958866037,0.45546847167794796
0.7108701695857659,0.45546847167794796
0.710789766407119,0.4552903455646598
0.7109874826147426,0.4552903455646598
0.7109070673344463,0.4551122194513716
0.7107461024498887,0.45475596722479517
0.7105043187517415,0.4542215888849305
0.7101813110181311,0.4535090844317777
0.7103794642857143,0.4535090844317777
0.7102986324309238,0.45333095831848946
0.7104969290898939,0.45333095831848946
0.7104160848924881,0.4531528322052013
0.7106145251396648,0.4531528322052013
0.7102097902097902,0.45226220163876024
0.7104085058757694,0.45226220163876024
0.7106073327735796,0.45226220163876024
0.7105263157894737,0.45208407552547203
0.7104452534304116,0.4519059494121838
0.7106442577030813,0.4519059494121838
0.7108433734939759,0.4519059494121838
0.711042600896861,0.4519059494121838
0.7112419400056069,0.4519059494121838
0.7114413909141896,0.4519059494121838
0.7111173498034812,0.451193444959031
0.7108738409665636,0.4506590666191664
0.7110736368746486,0.4506590666191664
0.711273545122294,0.4506590666191664
0.710948494230228,0.44994656216601353
0.7111486486486487,0.44994656216601353
0.7110673049845114,0.4497684360527253
0.7104149026248942,0.44834342714641967
0.7106154714850367,0.44834342714641967
0.7101244343891403,0.4472746704666904
0.7103253182461103,0.4472746704666904
0.7105263157894737,0.4472746704666904
0.7107274271157656,0.4472746704666904
0.7109286523216308,0.4472746704666904
0.7106009070294784,0.4465621660135376
0.7108023816274455,0.4465621660135376
0.7106382978723405,0.4462059137869612
0.7105561861520999,0.44602778767367296
0.7107578768095373,0.44602778767367296
0.7106757524134015,0.44584966156038475
0.7108775915932973,0.44584966156038475
0.7110795454545454,0.44584966156038475
0.7112816140949133,0.44584966156038475
0.7108708025042686,0.44495903099394374
0.7107884998576715,0.4447809048806555
0.7104588201766885,0.4440684004275027
0.7106613454960091,0.4440684004275027
0.7108639863130881,0.4440684004275027
0.7110667427267542,0.4440684004275027
0.7112696148359486,0.4440684004275027
0.711472602739726,0.4440684004275027
0.7116757065372538,0.4440684004275027
0.7115933752141633,0.44389027431421446
0.7117966295344187,0.44389027431421446
0.712,0.44389027431421446
0.7122034867104887,0.44389027431421446
0.7124070897655803,0.44389027431421446
0.7122425629290617,0.44353402208763804
0.7119129438717068,0.44282151763448524
0.7118304210827843,0.442643391521197
0.7117478510028653,0.4424652654079088
0.7119518486672399,0.4424652654079088
0.7121559633027523,0.4424652654079088
0.7123601950100373,0.4424652654079088
0.7125645438898451,0.4424652654079088
0.7124820659971306,0.4422871392946206
0.7126865671641791,0.4422871392946206
0.7128911857594028,0.4422871392946206
0.7130959218839747,0.4422871392946206
0.7133007756391841,0.4422871392946206
0.7130534790109259,0.44175276095475596
0.7132585562266321,0.44175276095475596
0.713463751438435,0.44175276095475596
0.7136690647482015,0.44175276095475596
0.713874496257916,0.44175276095475596
0.7140800460696803,0.44175276095475596
0.7142857142857143,0.44175276095475596
0.7144915010083549,0.44175276095475596
0.7146974063400576,0.44175276095475596
0.7149034303833958,0.44175276095475596
0.7151095732410612,0.44175276095475596
0.7147806004618937,0.4410402565016031
0.7146158290005777,0.44068400427502674
0.7141203703703703,0.43961524759529746
0.7143270622286542,0.43961524759529746
0.7142443543717429,0.43943712148200925
0.7144512018534608,0.43943712148200925
0.7146581691772885,0.43943712148200925
0.7145754853665605,0.43925899536872104
0.7147826086956521,0.43925899536872104
0.7149898521310525,0.43925899536872104
0.714907192575406,0.4390808692554328
0.7151145923991877,0.4390808692554328
0.7153221125943122,0.4390808692554328
0.7155297532656023,0.4390808692554328
0.7157375145180023,0.4390808692554328
0.7159453964565786,0.4390808692554328
0.7157802964254577,0.43872461702885646
0.7159883720930232,0.43872461702885646
0.7156577415599534,0.4380121125757036
0.7158660844250364,0.4380121125757036
0.7157005534517914,0.4376558603491272
0.7156177156177156,0.43747773423583897
0.7158262897114543,0.43747773423583897
0.7160349854227406,0.43747773423583897
0.7155373831775701,0.43640897755610975
0.7154542798714578,0.43623085144282153
0.7156633547632963,0.43623085144282153
0.7154970760233919,0.4358745992162451
0.7154138637028371,0.4356964731029569
0.7156231714452896,0.4356964731029569
0.7158326016973954,0.4356964731029569
0.7154995605039555,0.43498396864980404
0.7157092614302462,0.43498396864980404
0.7159190853122251,0.43498396864980404
0.7161290322580646,0.43498396864980404
0.7163391023760634,0.43498396864980404
0.7165492957746479,0.43498396864980404
0.7164660992075139,0.43480584253651583
0.7166764533176747,0.43480584253651583
0.7168869309838473,0.43480584253651583
0.7166372721928278,0.43427146419665125
0.716847985886504,0.43427146419665125
0.7166813768755517,0.4339152119700748
0.7165979988228369,0.4337370858567866
0.7168089490727112,0.4337370858567866
0.717020023557126,0.4337370858567866
0.7172312223858616,0.4337370858567866
0.7174425456688274,0.4337370858567866
0.717359269083407,0.4335589597434984
0.7175707547169812,0.4335589597434984
0.7174041297935103,0.43320270751692197
0.7172373081463991,0.43284645529034554
0.7171538234425745,0.43266832917705733
0.7173656231541642,0.43266832917705733
0.7172821270310192,0.4324902030637692
0.7174940898345153,0.4324902030637692
0.7179183914843288,0.4324902030637692
0.7181307305530908,0.4324902030637692
0.7180473372781065,0.43231207695048096
0.7182598401894051,0.43231207695048096
0.7184724689165186,0.43231207695048096
0.718685223571217,0.43231207695048096
0.7185185185185186,0.43195582472390454
0.7187314759928868,0.43195582472390454
0.7189445597391046,0.43195582472390454
0.7191577698695136,0.43195582472390454
0.7193711064965885,0.43195582472390454
0.7195845697329377,0.43195582472390454
0.719798159691303,0.43195582472390454
0.7200118764845606,0.43195582472390454
0.7202257202257202,0.43195582472390454
0.7204396910279264,0.43195582472390454
0.7199404761904762,0.43088706804417526
0.720154807978565,0.43088706804417526
0.7198211624441133,0.43017456359102246
0.7197376267143709,0.42999643747773425
0.7199522815389203,0.42999643747773425
0.7198687350835322,0.42981831136444604
0.7197851387645479,0.4296401852511578
0.72,0.4296401852511578
0.7202149895491191,0.4296401852511578
0.720131421744325,0.4294620591378696
0.7203465790259934,0.4294620591378696
0.7202630005977286,0.4292839330245814
0.7201793721973094,0.4291058069112932
0.7203947368421053,0.4291058069112932
0.7206102303320371,0.4291058069112932
0.7208258527827648,0.4291058069112932
0.7210416043100868,0.4291058069112932
0.7212574850299401,0.4291058069112932
0.7214734950584007,0.4291058069112932
0.7216896345116837,0.4291058069112932
0.7219059035061433,0.4291058069112932
0.7218225419664268,0.428927680798005
0.7220389805097451,0.428927680798005
0.7222555488902219,0.428927680798005
0.7224722472247225,0.428927680798005
0.7226890756302521,0.428927680798005
0.7229060342239567,0.428927680798005
0.7228228228228228,0.42874955468471676
0.7230399519375188,0.42874955468471676
0.7232572115384616,0.42874955468471676
0.7234746017433122,0.42874955468471676
0.7230583985550872,0.42785892411827575
0.7232761216501054,0.42785892411827575
0.7234939759036144,0.42785892411827575
0.7237119614341669,0.42785892411827575
0.7239300783604581,0.42785892411827575
0.7241483268013265,0.42785892411827575
0.7238152731663146,0.4271464196651229
0.7237318840579711,0.4269682935518347
0.7239504681365146,0.4269682935518347
0.7241691842900302,0.4269682935518347
0.7243880326382592,0.4269682935518347
0.7246070133010882,0.4269682935518347
0.7248261263985485,0.4269682935518347
0.7247428917120388,0.4267901674385465
0.7249621785173979,0.4267901674385465
0.725181598062954,0.4267901674385465
0.7250983953981229,0.42661204132525826
0.7248484848484849,0.4260776629853937
0.7245145631067961,0.42536515853224083
0.7247344461305008,0.42536515853224083
0.7246508803885853,0.4251870324189526
0.7245672638931066,0.4250089063056644
0.7244835965978129,0.4248307801923762
0.7247037374658158,0.4248307801923762
0.7249240121580547,0.4248307801923762
0.7251444207965947,0.4248307801923762
0.7253649635036497,0.4248307801923762
0.7251141552511415,0.42429640185251155
0.7253349573690622,0.42429640185251155
0.7252512945476698,0.4241182757392234
0.7254722730042656,0.4241182757392234
0.7256933861627552,0.4241182757392234
0.7259146341463415,0.4241182757392234
0.7261360170783776,0.4241182757392234
0.726052471018914,0.4239401496259352
0.7259688739700946,0.42376202351264697
0.7261904761904762,0.42376202351264697
0.7264122137404581,0.42376202351264697
0.726634086744044,0.42376202351264697
0.7265505652306752,0.42358389739935876
0.7264669926650367,0.42340577128607054
0.7266890859064506,0.42340577128607054
0.7269113149847095,0.42340577128607054
0.7268277760783114,0.42322764517278233
0.7261576203618522,0.4218026362664767
0.7259054634745242,0.42126825792661204
0.7255685310387215,0.4205557534734592
0.72539975399754,0.42019950124688277
0.7253152876038143,0.4200213751335946
0.7255384615384616,0.4200213751335946
0.7257617728531855,0.4200213751335946
0.7256773399014779,0.4198432490203064
0.7254237288135593,0.41930887068044176
0.7256473489519112,0.41930887068044176
0.7258711069996916,0.41930887068044176
0.7260950030845157,0.41930887068044176
0.7263190373341561,0.41930887068044176
0.7261500463105897,0.41895261845386533
0.7263743051266214,0.41895261845386533
0.726598702502317,0.41895261845386533
0.7268232385661311,0.41895261845386533
0.727047913446677,0.41895261845386533
0.726709996904983,0.4182401140007125
0.7269349845201238,0.4182401140007125
0.7271601114896252,0.4182401140007125
0.7267369727047146,0.4173494834342715
0.726962457337884,0.4173494834342715
0.7271880819366853,0.4173494834342715
0.727103384042223,0.41717135732098326
0.7269338303821062,0.41681510509440683
0.7268489745183344,0.4166369789811186
0.7270749145166304,0.4166369789811186
0.7268201617921594,0.416102600641254
0.7264797507788162,0.4153900961881012
0.7259675405742821,0.4143213395083719
0.7261941929441149,0.4143213395083719
0.726420986883198,0.4143213395083719
0.7266479225242112,0.4143213395083719
0.726875,0.4143213395083719
0.726789621756799,0.4141432133950837
0.7270168855534709,0.4141432133950837
0.727244291523303,0.4141432133950837
0.7274718397997497,0.4141432133950837
0.7273011897307452,0.41378696116850733
0.7271303258145363,0.4134307089419309
0.7273581949232215,0.4134307089419309
0.7266729500471254,0.4120057000356252
0.7269013199245757,0.4120057000356252
0.7271298333857278,0.4120057000356252
0.7267862763613472,0.4112931955824724
0.7267002518891688,0.4111150694691842
0.7264418531358336,0.41058069112931955
0.7266708701134931,0.41058069112931955
0.7269000315357931,0.41058069112931955
0.7271293375394322,0.41058069112931955
0.7273587882612812,0.41058069112931955
0.7275883838383839,0.41058069112931955
0.7275023681717714,0.41040256501603134
0.7277321541377132,0.41040256501603134
0.7279620853080568,0.41040256501603134
0.7275316455696202,0.40951193444959033
0.7277619499841722,0.40951193444959033
0.727675744141862,0.4093338083363021
0.7279062401013621,0.4093338083363021
0.7278200253485425,0.4091556822230139
0.7274746192893401,0.40844317776986105
0.7277054903205331,0.40844317776986105
0.7279365079365079,0.40844317776986105
0.7278501111463956,0.40826505165657284
0.7280813214739518,0.40826505165657284
0.7283126787416587,0.40826505165657284
0.7285441830896376,0.40826505165657284
0.7284578696343402,0.40808692554328463
0.7282850779510023,0.4077306733167082
0.7281120662209487,0.40737442109013183
0.7275047862156988,0.40612753829711434
0.7277369932971592,0.40612753829711434
0.7279693486590039,0.40612753829711434
0.7282018524433088,0.40612753829711434
0.7278541733290694,0.40541503384396155
0.72808701215611,0.40541503384396155
0.728,0.40523690773067333
0.7282330345710627,0.40523690773067333
0.7277973709522283,0.40434627716423227
0.7280307889672867,0.40434627716423227
0.727943535450754,0.40416815105094406
0.7278562259306803,0.40399002493765584
0.7280898876404495,0.40399002493765584
0.7283236994219653,0.40399002493765584
0.728236427883071,0.40381189882436763
0.7281491002570694,0.4036337727110794
0.7280617164898746,0.40345564659779126
0.7282958199356914,0.40345564659779126
0.7281209781209781,0.40309939437121484
0.7283553266816866,0.40309939437121484
0.7279174725983236,0.4022087638047738
0.72815220896485,0.4022087638047738
0.7283870967741936,0.4022087638047738
0.7282994514359471,0.40203063769148556
0.7285345384118787,0.40203063769148556
0.7287697772037456,0.40203063769148556
0.7290051679586563,0.40203063769148556
0.7292407108239095,0.40203063769148556
0.729153199741435,0.40185251157819735
0.7293889427740058,0.40185251157819735
0.7292138466515691,0.4014962593516209
0.7291262135922331,0.40131813323833276
0.7293622531563613,0.40131813323833276
0.729598445595855,0.40131813323833276
0.7298347910592808,0.40131813323833276
0.729747245625405,0.40114000712504455
0.7296596434359806,0.40096188101175634
0.7298962386511024,0.40096188101175634
0.7298086279597794,0.4007837548984681
0.7294576161091263,0.4000712504453153
0.7293697205977908,0.39989312433202706
0.7296067598310042,0.39989312433202706
0.7298439531859557,0.39989312433202706
0.7296681847755367,0.39953687210545064
0.7299056296778392,0.39953687210545064
0.7301432291666666,0.39953687210545064
0.729879439556859,0.39900249376558605
0.7301173402868318,0.39900249376558605
0.7303553961525922,0.39900249376558605
0.7302674494455317,0.39882436765229784
0.7301794453507341,0.3986462415390096
0.7304177545691906,0.3986462415390096
0.7306562193927522,0.3986462415390096
0.7304802352172493,0.3982899893124332
0.7303921568627451,0.398111863199145
0.7306309251389342,0.398111863199145
0.7305428384565075,0.3979337370858568
0.7307818122342166,0.3979337370858568
0.731020942408377,0.3979337370858568
0.7312602291325696,0.3979337370858568
0.7314996725605762,0.3979337370858568
0.7317392728463806,0.3979337370858568
0.7319790301441678,0.3979337370858568
0.7318911832186168,0.39775561097256856
0.7314510833880499,0.39686498040612755
0.7316912972085385,0.39686498040612755
0.7316031537450722,0.39668685429283934
0.7318435754189944,0.39668685429283934
0.7320841551610783,0.39668685429283934
0.7319960539296284,0.39650872817955113
0.7319078947368421,0.3963306020662629
0.7315546772068511,0.39561809761311006
0.7314662273476112,0.39543997149982185
0.7317073170731707,0.39543997149982185
0.731948565776459,0.39543997149982185
0.7321899736147758,0.39543997149982185
0.7324315407456286,0.39543997149982185
0.7326732673267327,0.39543997149982185
0.7329151535160119,0.39543997149982185
0.7331571994715984,0.39543997149982185
0.7333994053518335,0.39543997149982185
0.7330466424082037,0.39472746704666906
0.7328699106256207,0.39437121482009263
0.733112582781457,0.39437121482009263
0.7327586206896551,0.3936587103669398
0.7325812873258128,0.39330245814036335
0.7324925323597743,0.3931243320270752
0.7324037184594954,0.392946205913787
0.7318695941450433,0.3918774492340577
0.7321131447587355,0.3918774492340577
0.7323568575233023,0.3918774492340577
0.7326007326007326,0.3918774492340577
0.7328447701532311,0.3918774492340577
0.733088970343219,0.3918774492340577
0.733,0.3916993231207695
0.733244414804935,0.3916993231207695
0.733155436957972,0.3915211970074813
0.732977303070761,0.39116494478090486
0.7328881469115192,0.3909868186676167
0.7331329325317302,0.3909868186676167
0.7327759197324415,0.39027431421446385
0.7330210772833724,0.39027431421446385
0.7332663989290495,0.39027431421446385
0.7335118848342819,0.39027431421446385
0.7337575351640991,0.39027431421446385
0.7331319234642497,0.38902743142144636
0.7333781061114842,0.38902743142144636
0.7336244541484717,0.38902743142144636
0.7338709677419355,0.38902743142144636
0.7341176470588235,0.38902743142144636
0.7339387823747057,0.38867117919487
0.7338492597577388,0.3884930530815818
0.7334007414897202,0.3876024225151407
0.7336480107889414,0.3876024225151407
0.7338954468802699,0.3876024225151407
0.7341430499325237,0.3876024225151407
0.7343908201147485,0.3876024225151407
0.7341216216216216,0.38706804417527607
0.7334913647138503,0.38582116138225864
0.733739837398374,0.38582116138225864
0.7336496103015927,0.3856430352689704
0.7333785617367707,0.3851086569291058
0.7336274177129284,0.3851086569291058
0.7335369993211134,0.3849305308158176
0.733786078098472,0.3849305308158176
0.7340353260869565,0.3849305308158176
0.7337640258415505,0.384396152475953
0.7336734693877551,0.3842180263626648
0.7333106267029973,0.3835055219095119
0.7335604770017036,0.3835055219095119
0.7334696659850034,0.3833273957962237
0.7337197408796454,0.3833273957962237
0.7339699863574352,0.3833273957962237
0.7335155449265459,0.3824367652297827
0.7337662337662337,0.3824367652297827
0.734017094017094,0.3824367652297827
0.7339261285909713,0.3822586391164945
0.7341772151898734,0.3822586391164945
0.7344284736481862,0.3822586391164945
0.734679904142417,0.3822586391164945
0.7349315068493151,0.3822586391164945
0.7347498286497601,0.38190238688991807
0.7345679012345679,0.38154613466334164
0.734819897084048,0.38154613466334164
0.7350720658888126,0.38154613466334164
0.7353244078269825,0.38154613466334164
0.7355769230769231,0.38154613466334164
0.7354860872552388,0.38136800855005343
0.7357388316151203,0.38136800855005343
0.7355570839064649,0.381011756323477
0.7358101135190919,0.381011756323477
0.7360633172746043,0.381011756323477
0.73631669535284,0.381011756323477
0.7360441075120606,0.3804773779836124
0.7362978283350569,0.3804773779836124
0.736551724137931,0.3804773779836124
0.7368057951017593,0.3804773779836124
0.7367149758454107,0.3802992518703242
0.7369692785640317,0.3802992518703242
0.736878453038674,0.380121125757036
0.73713298791019,0.380121125757036
0.7366782006920415,0.37923049519059493
0.7369331948771201,0.37923049519059493
0.7371883656509696,0.37923049519059493
0.736732570239334,0.3783398646241539
0.7369882026370576,0.3783398646241539
0.7368969107948629,0.3781617385108657
0.7368055555555556,0.3779836123975775
0.7370614796804446,0.3779836123975775
0.7369701181375955,0.3778054862842893
0.7366040361864996,0.37709298183113643
0.7361449982572325,0.3762023512646954
0.7356843575418994,0.37531172069825436
0.7355920363255326,0.37513359458496615
0.7358490566037735,0.37513359458496615
0.7361062565536526,0.37513359458496615
0.736013986013986,0.37495546847167793
0.735459004905396,0.3738867117919487
0.735366281107606,0.3737085856786605
0.7356241234221599,0.3737085856786605
0.7358821466152228,0.3737085856786605
0.7354181307097681,0.37281795511221943
0.735676625659051,0.37281795511221943
0.7355836849507735,0.3726398289989312
0.7354906788603588,0.372461702885643
0.7352112676056338,0.3719273245457784
0.7354702359985911,0.3719273245457784
0.7357293868921776,0.3719273245457784
0.735543018335684,0.371571072319202
0.7354497354497355,0.3713929462059138
0.7357092448835568,0.3713929462059138
0.7359689375220614,0.3713929462059138
0.736228813559322,0.3713929462059138
0.7361356411162133,0.3712148200926256
0.7363957597173145,0.3712148200926256
0.736656062212796,0.3712148200926256
0.7369165487977369,0.3712148200926256
0.7361702127659574,0.3697898111863199
0.7364313586378148,0.3697898111863199
0.7363378282469837,0.3696116850730317
0.7357752489331437,0.36854292839330244
0.736036997509783,0.36854292839330244
0.7359430604982207,0.3683648022800142
0.7358490566037735,0.36818667616672607
0.7361111111111112,0.36818667616672607
0.7363733523334521,0.36818667616672607
0.7362794012829651,0.36800855005343786
0.7357142857142858,0.3669397933737086
0.735977134690961,0.3669397933737086
0.7355046528274874,0.36604916280726757
0.7357679914070892,0.36604916280726757
0.7360315186246418,0.36604916280726757
0.7359369401648155,0.36587103669397936
0.7362007168458782,0.36587103669397936
0.7361061312298315,0.36569291058069114
0.7363701578192252,0.36569291058069114
0.7366343738787227,0.36569291058069114
0.7363505747126436,0.3651585322408265
0.7362558390226375,0.3649804061275383
0.7365204888569374,0.3649804061275383
0.7367853290183387,0.3649804061275383
0.7363112391930836,0.3640897755610973
0.7362162162162162,0.36391164944780907
0.7364816149963951,0.36391164944780907
0.7367472051929318,0.36391164944780907
0.7366522366522367,0.36373352333452086
0.7369180801154818,0.36373352333452086
0.7371841155234657,0.36373352333452086
0.7370892018779343,0.36355539722123265
0.7368040491684743,0.363021018881368
0.7370705244122966,0.363021018881368
0.7366896052155016,0.36230851442821516
0.7363075807036634,0.36159600997506236
0.7362119013062409,0.36141788386177415
0.7357324609233006,0.3605272532953331
0.736,0.3605272532953331
0.7362677337213532,0.3605272532953331
0.7361717612809315,0.36034912718204487
0.7360757189661449,0.36017100106875666
0.7357871720116618,0.3596366227288921
0.7360554137805323,0.3596366227288921
0.7359591539022611,0.35945849661560386
0.7358628237869391,0.35928037050231565
0.7356699525374224,0.3589241182757392
0.7351865398683248,0.35803348770929816
0.7354555433589463,0.35803348770929816
0.7357247437774525,0.35803348770929816
0.7353372434017595,0.35732098325614536
0.7356068940227356,0.35732098325614536
0.734828981243104,0.35589597434983966
0.7350993377483444,0.35589597434983966
0.7353698932646301,0.35589597434983966
0.7350773765659543,0.3553615960099751
0.7349797272392186,0.35518346989668687
0.7346863468634687,0.3546490915568222
0.7349575489110373,0.3546490915568222
0.7352289512555391,0.3546490915568222
0.7355005541189509,0.3546490915568222
0.7357723577235772,0.3546490915568222
0.7356746765249538,0.354470965443534
0.735381199111769,0.3539365871036694
0.7352832284339134,0.35375846099038116
0.7355555555555555,0.35375846099038116
0.7358280844757318,0.35375846099038116
0.7361008154188288,0.35375846099038116
0.7363737486095662,0.35375846099038116
0.7366468842729971,0.35375846099038116
0.7365491651205937,0.353580334877093
0.7357647934499442,0.3521553259707873
0.7360387192851824,0.3521553259707873
0.7363128491620111,0.3521553259707873
0.736214605067064,0.3519771998574991
0.7356235997012696,0.35090844317776987
0.7358983937243183,0.35090844317776987
0.7357997010463379,0.35073031706448166
0.7360747663551402,0.35073031706448166
0.7359760658189978,0.35055219095119344
0.7362514029180696,0.35055219095119344
0.7361526946107785,0.35037406483790523
0.735658042744657,0.3494834342714642
0.7355588897224306,0.349305308158176
0.7358348968105065,0.349305308158176
0.7357357357357357,0.3491271820448878
0.7356365001877582,0.3489490559315996
0.7359128474830954,0.3489490559315996
0.7361894024802705,0.3489490559315996
0.7360902255639098,0.34877092981831137
0.7363670552839413,0.34877092981831137
0.7360692771084337,0.34823655147844673
0.735969868173258,0.3480584253651585
0.7358703843255463,0.3478802992518703
0.7361477572559367,0.3478802992518703
0.7364253393665159,0.3478802992518703
0.7367031308940023,0.3478802992518703
0.7369811320754717,0.3478802992518703
0.7372593431483578,0.3478802992518703
0.7369614512471655,0.3473459209120057
0.7362637362637363,0.34609903811898823
0.7358633776091081,0.34538653366583544
0.7350590026646364,0.34396152475952974
0.734958111195735,0.3437833986462415
0.7348571428571429,0.3436052725329533
0.7344524990461656,0.3428927680798005
0.7347328244274809,0.3428927680798005
0.7350133638793432,0.3428927680798005
0.7349121466768526,0.3427146419665123
0.7348108521207489,0.3425365158532241
0.734404898584003,0.34182401140007124
0.7346860643185299,0.34182401140007124
0.7349674454232095,0.34182401140007124
0.7352490421455938,0.34182401140007124
0.7355308547336145,0.34182401140007124
0.7350230414746544,0.34093338083363023
0.7345132743362832,0.34004275026718916
0.7336935546121188,0.3386177413608835
0.733976833976834,0.3386177413608835
0.7342603321745848,0.3386177413608835
0.7339520494972931,0.3380833630210189
0.7342359767891683,0.3380833630210189
0.7345201238390093,0.3380833630210189
0.7344173441734417,0.33790523690773067
0.7343144848954299,0.33772711079444245
0.7345989926385122,0.33772711079444245
0.7348837209302326,0.33772711079444245
0.734472049689441,0.33701460634128966
0.7350427350427351,0.33701460634128966
0.7349397590361446,0.33683648022800144
0.7344236760124611,0.3359458496615604
0.7347097779509154,0.3359458496615604
0.734399375975039,0.33541147132169574
0.734192037470726,0.33505521909511937
0.7344787192502928,0.33505521909511937
0.734765625,0.33505521909511937
0.735052754982415,0.33505521909511937
0.7347417840375586,0.33452084075525473
0.7350293542074364,0.33452084075525473
0.735317149569303,0.33452084075525473
0.7352134743439092,0.3343427146419665
0.7355015673981191,0.3343427146419665
0.7357898863190906,0.3343427146419665
0.736078431372549,0.3343427146419665
0.7363672028246371,0.3343427146419665
0.7366562009419152,0.3343427146419665
0.7369454259913624,0.3343427146419665
0.737234878240377,0.3343427146419665
0.737524557956778,0.3343427146419665
0.737814465408805,0.3343427146419665
0.73810460086512,0.3343427146419665
0.7377952755905511,0.3338083363021019
0.7380858605750296,0.3338083363021019
0.7383766745468873,0.3338083363021019
0.7380670611439842,0.33327395796223724
0.7383583267561168,0.33327395796223724
0.7381516587677726,0.3329177057356609
0.7379446640316205,0.33256145350908445
0.738236457097667,0.33256145350908445
0.7379255740300871,0.3320270751692198
0.7373015873015873,0.33095831848949053
0.7371973005160778,0.3307801923762024
0.7366746221161495,0.3298895618097613
0.7361498605021921,0.32899893124332025
0.7364433811802232,0.32899893124332025
0.7367371360191464,0.32899893124332025
0.7370311252992817,0.32899893124332025
0.7373253493013973,0.32899893124332025
0.7371154614462645,0.3286426790167439
0.737410071942446,0.3286426790167439
0.7372,0.32828642679016745
0.7374949979991997,0.32828642679016745
0.7377902321857486,0.32828642679016745
0.7376852222667201,0.32810830067687924
0.7379807692307693,0.32810830067687924
0.7382765531062124,0.32810830067687924
0.7378562826174228,0.3273957962237264
0.738152610441767,0.3273957962237264
0.7380474085978305,0.3272176701104382
0.7383440514469454,0.3272176701104382
0.7379227053140096,0.3265051656572854
0.7382198952879581,0.3265051656572854
0.7385173247381144,0.3265051656572854
0.7388149939540508,0.3265051656572854
0.7391129032258065,0.3265051656572854
0.7390076643807987,0.32632703954399717
0.7389023405972559,0.32614891343070895
0.7385858585858586,0.3256145350908443
0.738480194017785,0.3254364089775561
0.7387788111605338,0.3254364089775561
0.7390776699029126,0.3254364089775561
0.7393767705382436,0.3254364089775561
0.7396761133603239,0.3254364089775561
0.7399756986634265,0.3254364089775561
0.7402755267423015,0.3254364089775561
0.7405755978921768,0.3254364089775561
0.7408759124087592,0.3254364089775561
0.7411764705882353,0.3254364089775561
0.7414772727272727,0.3254364089775561
0.7417783191230207,0.3254364089775561
0.7414634146341463,0.32490203063769146
0.741764945099634,0.32490203063769146
0.7415547415547415,0.3245457784111151
0.741238793806031,0.32401140007125045
0.740922072623419,0.3234770217313858
0.7412244897959184,0.3234770217313858
0.7411188240097999,0.3232988956180976
0.741421568627451,0.3232988956180976
0.741724560686555,0.3232988956180976
0.7420278004905969,0.3232988956180976
0.7423312883435583,0.3232988956180976
0.7418032786885246,0.3224082650516566
0.7421074210742108,0.3224082650516566
0.7417898193760263,0.32187388671179196
0.7415776499589154,0.32151763448521553
0.7418824496506371,0.32151763448521553
0.7421875,0.32151763448521553
0.7424928013163308,0.32151763448521553
0.7423868312757201,0.3213395083719273
0.7426924660354055,0.3213395083719273
0.7425864909390445,0.3211613822586391
0.7424804285125669,0.3209832561453509
0.7427864798021434,0.3209832561453509
0.7423616845582164,0.3202707516921981
0.7426683188764973,0.3202707516921981
0.7429752066115702,0.3202707516921981
0.7432823480777181,0.3202707516921981
0.743069921390153,0.31991449946562167
0.7428571428571429,0.31955824723904525
0.7427506213753107,0.31938012112575703
0.743058433485288,0.31938012112575703
0.7433665008291874,0.31938012112575703
0.7432600580671921,0.3192019950124688
0.7431535269709544,0.3190238688991806
0.7429401993355482,0.3186676166726042
0.7432488574989614,0.3186676166726042
0.7435577722360764,0.3186676166726042
0.7438669438669439,0.3186676166726042
0.7441763727121464,0.3186676166726042
0.7440699126092385,0.31848949055931597
0.7436431846602751,0.3177769861061632
0.74395329441201,0.3177769861061632
0.7442636629119733,0.3177769861061632
0.7441569282136895,0.31759885999287496
0.7438361888842457,0.3170644816530103
0.7441471571906354,0.3170644816530103
0.7444583856127144,0.3170644816530103
0.7447698744769874,0.3170644816530103
0.7446630389284219,0.3168863555397221
0.7445561139028476,0.3167082294264339
0.7448680351906158,0.3167082294264339
0.7443324937027708,0.3158175988599929
0.74422511549769,0.3156394727467047
0.7445378151260504,0.3156394727467047
0.7444304329550231,0.31546134663341646
0.744322960470984,0.31528322052012825
0.7442153975599495,0.31510509440684004
0.7441077441077442,0.3149269682935518
0.7435681147195277,0.3140363377271108
0.7438818565400844,0.3140363377271108
0.7437737441958633,0.3138582116138226
0.7434488588334742,0.31332383327395796
0.7433403805496829,0.31314570716066975
0.7436548223350253,0.31314570716066975
0.743546339399069,0.31296758104738154
0.7434377646062659,0.3127894549340933
0.7433290978398983,0.3126113288208051
0.7432203389830508,0.3124332027075169
0.7430025445292621,0.31207695048094053
0.7433177768349597,0.31207695048094053
0.7436332767402377,0.31207695048094053
0.7439490445859872,0.31207695048094053
0.743840271877655,0.3118988243676523
0.7430762675756285,0.3106519415746348
0.7433930093776641,0.3106519415746348
0.7426250534416418,0.3094050587816174
0.7429426860564585,0.3094050587816174
0.7432605905006419,0.3094050587816174
0.7435787671232876,0.3094050587816174
0.7438972162740899,0.3094050587816174
0.7437874892887746,0.3092269326683292
0.7441063009001286,0.3092269326683292
0.7436668097896093,0.30851442821517633
0.7433361994840929,0.30798004987531175
0.743225806451613,0.30780192376202353
0.7431153184165232,0.3076237976487353
0.7427832830676433,0.3070894193088707
0.743103448275862,0.3070894193088707
0.7429926692539888,0.30691129319558247
0.7428817946505608,0.30673316708229426
0.742548596112311,0.3061987887424296
0.7417677642980935,0.3049519059494122
0.7420892934547031,0.3049519059494122
0.7415291051259774,0.3040612753829711
0.7414167753150804,0.30388314926968296
0.7417391304347826,0.30388314926968296
0.7416267942583732,0.30370502315639475
0.7411764705882353,0.3029925187032419
0.7409507195813345,0.30263626647666547
0.7412739965095986,0.30263626647666547
0.7415975556525535,0.30263626647666547
0.7410323709536308,0.30174563591022446
0.7413566739606127,0.30174563591022446
0.7416812609457093,0.30174563591022446
0.742006132282085,0.30174563591022446
0.7418930762489044,0.30156750979693625
0.7417799210872424,0.30138938368364804
0.7416666666666667,0.3012112575703598
0.741553312856516,0.3010331314570716
0.7418788410886743,0.3010331314570716
0.7415384615384616,0.300498753117207
0.7418645558487247,0.300498753117207
0.7421909370875495,0.300498753117207
0.7417364477743499,0.2997862486640542
0.7416225749559083,0.29960812255076597
0.7409372236958444,0.2985393658710367
0.7412649270234409,0.2985393658710367
0.7405764966740577,0.29747060919130747
0.7404614019520852,0.29729248307801925
0.7398843930635838,0.2964018525115782
0.7397686832740213,0.29622372639829
0.7395369545859305,0.29586747417171355
0.7398663697104677,0.29586747417171355
0.7397504456327986,0.29568934805842534
0.7396344181899243,0.2955112219451372
0.739964317573595,0.2955112219451372
0.7402945113788487,0.2955112219451372
0.740625,0.2955112219451372
0.7412868632707775,0.2955112219451372
0.7411712114438981,0.29533309583184897
0.7409395973154362,0.29497684360527254
0.7407075682937752,0.2946205913786961
0.7410394265232975,0.2946205913786961
0.7409233527566114,0.2944424652654079
0.7408071748878924,0.2942643391521197
0.7411395244504262,0.2942643391521197
0.7414721723518851,0.2942643391521197
0.7418051189941626,0.2942643391521197
0.7414568345323741,0.29372996081225505
0.741340530814215,0.2935518346989669
0.7412241224122412,0.2933737085856787
0.7415578568212516,0.2933737085856787
0.7418918918918919,0.2933737085856787
0.7417755745831456,0.29319558247239047
0.7421100090171325,0.29319558247239047
0.7424447451511051,0.29319558247239047
0.7427797833935018,0.29319558247239047
0.7431151241534989,0.29319558247239047
0.7434507678410117,0.29319558247239047
0.7429864253393665,0.2924830780192376
0.7433227704843821,0.2924830780192376
0.7432065217391305,0.2923049519059494
0.7435432714091527,0.2923049519059494
0.7438803263825929,0.2923049519059494
0.7437641723356009,0.2921268257926612
0.7441016333938294,0.2921268257926612
0.7436363636363637,0.2914143213395084
0.7439745338790359,0.2914143213395084
0.7443130118289354,0.2914143213395084
0.7446517979062358,0.2914143213395084
0.7449908925318761,0.2914143213395084
0.744874715261959,0.2912361952262202
0.7452142206016409,0.2912361952262202
0.7450980392156863,0.29105806911293197
0.7454379562043796,0.29105806911293197
0.745778183477864,0.29105806911293197
0.7455459113750571,0.29070181688635555
0.7458866544789763,0.29070181688635555
0.7462277091906722,0.29070181688635555
0.7465690759377859,0.29070181688635555
0.7469107551487414,0.29070181688635555
0.7472527472527473,0.29070181688635555
0.7470210815765352,0.2903455646597791
0.7473635946813388,0.2903455646597791
0.7472477064220183,0.2901674385464909
0.746316758747698,0.28874242964018526
0.7466605251036389,0.28874242964018526
0.7465437788018433,0.28856430352689705
0.7458410351201479,0.28749554684716777
0.7461858529819695,0.28749554684716777
0.7458333333333333,0.2869611685073032
0.7452436194895592,0.2860705379408621
0.745125348189415,0.2858924118275739
0.7454714352066883,0.2858924118275739
0.745817843866171,0.2858924118275739
0.7455813953488372,0.2855361596009975
0.7454630060493252,0.2853580334877093
0.7458100558659218,0.2853580334877093
0.7448598130841122,0.2839330245814036
0.7452080411407199,0.2839330245814036
0.745088868101029,0.2837548984681154
0.7444913267698078,0.2828642679016744
0.7448405253283302,0.2828642679016744
0.7447207883622712,0.2826861417883862
0.7450704225352113,0.2826861417883862
0.7454203851573509,0.2826861417883862
0.7457706766917294,0.2826861417883862
0.7461212976022567,0.2826861417883862
0.7460018814675446,0.282508015675098
0.7463529411764706,0.282508015675098
0.7467043314500942,0.282508015675098
0.7470560527555347,0.282508015675098
0.7474081055607917,0.282508015675098
0.7469310670443815,0.2817955112219451
0.7472838923004251,0.2817955112219451
0.747164461247637,0.2816173851086569
0.7475177304964539,0.2816173851086569
0.7478713339640491,0.2816173851086569
0.7477520113582584,0.2814392589953687
0.7481060606060606,0.2814392589953687
0.7479867361440076,0.2812611328820805
0.747867298578199,0.28108300676879233
0.748221906116643,0.28108300676879233
0.7478632478632479,0.2805486284289277
0.7482185273159145,0.2805486284289277
0.748574144486692,0.2805486284289277
0.7489300998573466,0.2805486284289277
0.7488106565176023,0.2803705023156395
0.7491670633031889,0.2803705023156395
0.7495238095238095,0.2803705023156395
0.7498808956646021,0.2803705023156395
0.7491638795986622,0.2793017456359102
0.7495219885277247,0.2793017456359102
0.7498804399808704,0.2793017456359102
0.7502392344497608,0.2793017456359102
0.7501196744853997,0.279123619522622
0.7504789272030651,0.279123619522622
0.75,0.2784111150694692
0.7503600576092174,0.2784111150694692
0.7507204610951008,0.2784111150694692
0.751081210956271,0.2784111150694692
0.7514423076923077,0.2784111150694692
0.7518037518037518,0.2784111150694692
0.7521655437921078,0.2784111150694692
0.7525276841598459,0.2784111150694692
0.7528901734104047,0.2784111150694692
0.7532530120481927,0.2784111150694692
0.7531340405014465,0.278232988956181
0.7530149541726966,0.27805486284289277
0.7533783783783784,0.27805486284289277
0.7537421535490101,0.27805486284289277
0.7541062801932367,0.27805486284289277
0.7537493952588292,0.27752048450302813
0.7541142303969022,0.27752048450302813
0.7539951573849879,0.2773423583897399
0.7543604651162791,0.2773423583897399
0.754241396025206,0.2771642322764517
0.7540029112081513,0.27680798004987534
0.753883495145631,0.2766298539365871
0.7529239766081871,0.2752048450302814
0.7528035104826913,0.2750267189169932
0.7531707317073171,0.2750267189169932
0.7535383113714007,0.2750267189169932
0.7532975085490963,0.27467046669041684
0.7536656891495601,0.27467046669041684
0.7540342298288508,0.27467046669041684
0.7539138943248532,0.2744923405771286
0.754282917278512,0.2744923405771286
0.7546523016650343,0.2744923405771286
0.7550220480156786,0.2744923405771286
0.7547817557626287,0.2741360883505522
0.7551521099116781,0.2741360883505522
0.7555228276877761,0.2741360883505522
0.7558939096267191,0.2741360883505522
0.7554133858267716,0.27342358389739935
0.7557853274249139,0.27342358389739935
0.7561576354679803,0.27342358389739935
0.7553138902619871,0.2721767011043819
0.7556874381800198,0.2721767011043819
0.7550818046603868,0.27128607053794085
0.7549603174603174,0.27110794442465264
0.7553349875930521,0.27110794442465264
0.7552135054617676,0.2709298183113644
0.7550919026328863,0.2707516921980762
0.7554671968190855,0.2707516921980762
0.7553455992043759,0.27057356608478805
0.7557213930348259,0.27057356608478805
0.7560975609756098,0.27057356608478805
0.7559760956175299,0.27039543997149984
0.7554890219560878,0.269682935518347
0.7553669495756365,0.2695048094050588
0.7552447552447552,0.26932668329177056
0.7556221889055472,0.26932668329177056
0.7555,0.26914855717848235
0.7553776888444222,0.26897043106519414
0.7557557557557557,0.26897043106519414
0.7556334501752628,0.2687923049519059
0.7560120240480962,0.2687923049519059
0.7563909774436091,0.2687923049519059
0.755533199195171,0.2675454221588885
0.7546693589096416,0.26629853936587106
0.7545454545454545,0.26612041325258284
0.7549267306720566,0.26612041325258284
0.7544303797468355,0.26540790879943
0.7548125633232016,0.26540790879943
0.7551951343132286,0.26540790879943
0.7546978161503302,0.26469540434627714
0.7550813008130082,0.26469540434627714
0.7549567869852567,0.264517278232989
0.754582484725051,0.26398289989312435
0.7549668874172185,0.26398289989312435
0.754841997961264,0.26380477377983613
0.7552269250382458,0.26380477377983613
0.7556122448979592,0.26380477377983613
0.7559979581419092,0.26380477377983613
0.7563840653728294,0.26380477377983613
0.7567705671946857,0.26380477377983613
0.7571574642126789,0.26380477377983613
0.7575447570332481,0.26380477377983613
0.7579324462640737,0.26380477377983613
0.7583205325140809,0.26380477377983613
0.7587090163934426,0.26380477377983613
0.7590978985135828,0.26380477377983613
0.7589743589743589,0.2636266476665479
0.7588506926629041,0.2634485215532597
0.7592402464065708,0.2634485215532597
0.7591165896250642,0.2632703954399715
0.7588688946015424,0.26291414321339507
0.7592592592592593,0.26291414321339507
0.7591353576942872,0.26273601710010686
0.7583892617449665,0.26166726042037763
0.7587809917355371,0.26166726042037763
0.759173126614987,0.26166726042037763
0.7589239524055872,0.2613110081938012
0.7593167701863354,0.2613110081938012
0.759709994821336,0.2613110081938012
0.7601036269430052,0.2613110081938012
0.7599792638672888,0.261132882080513
0.7603734439834025,0.261132882080513
0.7607680332122471,0.261132882080513
0.7611630321910696,0.261132882080513
0.7615584415584415,0.261132882080513
0.761954261954262,0.261132882080513
0.7623504940197607,0.261132882080513
0.7619791666666667,0.26059850374064836
0.7623762376237624,0.26059850374064836
0.7627737226277372,0.26059850374064836
0.7631716223265519,0.26059850374064836
0.7635699373695198,0.26059850374064836
0.7629513343799058,0.25970787317420735
0.7625786163522013,0.2591734948343427
0.7623294858342078,0.2588172426077663
0.7619548081975828,0.2582828642679017
0.7618296529968455,0.2581047381546135
0.7622304050499737,0.2581047381546135
0.7626315789473684,0.2581047381546135
0.7625065824117957,0.2579266120413253
0.7622561939905114,0.25757035981474885
0.7621308016877637,0.25739223370146064
0.762532981530343,0.25739223370146064
0.762935586061246,0.25739223370146064
0.7628103539355521,0.2572141075881724
0.7632135306553911,0.2572141075881724
0.762586115527292,0.25632347702173136
0.7629904559915165,0.25632347702173136
0.763395225464191,0.25632347702173136
0.7638004246284501,0.25632347702173136
0.7636749867233139,0.2561453509084432
0.7640807651434643,0.2561453509084432
0.7644869750132908,0.2561453509084432
0.7643617021276595,0.255967224795155
0.7647684938797232,0.255967224795155
0.7646432374866879,0.2557890986818668
0.7643923240938166,0.25543284645529035
0.7648,0.25543284645529035
0.7646744930629669,0.25525472034200214
0.7650827549386012,0.25525472034200214
0.7654914529914529,0.25525472034200214
0.7653661143773384,0.2550765942287139
0.7657754010695187,0.2550765942287139
0.7661851257356875,0.2550765942287139
0.7665952890792291,0.2550765942287139
0.7664702731655062,0.2548984681154257
0.7659688674181427,0.25418596366227286
0.7654653039268424,0.25347345920912007
0.7658772874058127,0.25347345920912007
0.7657512116316639,0.25329533309583185
0.7652455477603886,0.252582828642679
0.765658747300216,0.252582828642679
0.7654054054054054,0.2522265764161026
0.7652785289345592,0.2520484503028144
0.7656926406926406,0.2520484503028144
0.7661072008662696,0.2520484503028144
0.766522210184182,0.2520484503028144
0.7669376693766937,0.2520484503028144
0.767353579175705,0.2520484503028144
0.7677699403147042,0.2520484503028144
0.7681867535287731,0.2520484503028144
0.7678085916258837,0.2515140719629498
0.7676822633297062,0.25133594584966157
0.7681001633097442,0.25133594584966157
0.7675941080196399,0.2506234413965087
0.7680131004366813,0.2506234413965087
0.7684325505188422,0.2506234413965087
0.7688524590163934,0.2506234413965087
0.7692728266812466,0.2506234413965087
0.7696936542669585,0.2506234413965087
0.7701149425287356,0.2506234413965087
0.7705366922234392,0.2506234413965087
0.770958904109589,0.2506234413965087
0.7713815789473685,0.2506234413965087
0.7718047174986287,0.2506234413965087
0.7722283205268935,0.2506234413965087
0.7721032399780341,0.2504453152832205
0.7718526663001649,0.2500890630566441
0.7722772277227723,0.2500890630566441
0.7727022564667033,0.2500890630566441
0.7725770925110133,0.2499109369433559
0.7724517906336088,0.24973281083006768
0.772877618522602,0.24973281083006768
0.7727523441809157,0.24955468471677947
0.7726269315673289,0.24937655860349128
0.7730535615681944,0.24937655860349128
0.7725511898173769,0.24866405415033843
0.7724252491694352,0.24848592803705022
0.7728531855955678,0.24848592803705022
0.7732815964523282,0.24848592803705022
0.7737104825291181,0.24848592803705022
0.7735849056603774,0.24830780192376203
0.7732073374096721,0.2477734235838974
0.7736373748609566,0.2477734235838974
0.7730061349693251,0.24688279301745636
0.7734375,0.24688279301745636
0.7738693467336684,0.24688279301745636
0.7737430167597765,0.24670466690416815
0.7733631785114717,0.24617028856430354
0.7737961926091825,0.24617028856430354
0.7742296918767507,0.24617028856430354
0.774103139013453,0.24599216245101532
0.7745372966909703,0.24599216245101532
0.7749719416386083,0.24599216245101532
0.7754070746771476,0.24599216245101532
0.7758426966292135,0.24599216245101532
0.7757166947723441,0.2458140363377271
0.7761529808773904,0.2458140363377271
0.7765897580191333,0.2458140363377271
0.777027027027027,0.2458140363377271
0.7774647887323943,0.2458140363377271
0.7770880361173815,0.2452796579978625
0.7769621682665161,0.2451015318845743
0.7774011299435029,0.2451015318845743
0.7778405879027699,0.2451015318845743
0.7782805429864253,0.2451015318845743
0.7787209960384833,0.2451015318845743
0.7785956964892412,0.24492340577128607
0.7784702549575071,0.24474527965799786
0.7780930760499433,0.24421090131813325
0.778534923339012,0.24421090131813325
0.7789772727272727,0.24421090131813325
0.7788516202387721,0.24403277520484504
0.7785998861696073,0.2436765229782686
0.7790432801822323,0.2436765229782686
0.7785388127853882,0.2429640185251158
0.7784123358081096,0.24278589241182758
0.7781589479702687,0.24242964018525115
0.7780320366132724,0.24225151407196294
0.7776504297994269,0.24171713573209833
0.7770114942528735,0.2408265051656573
0.7768832662449684,0.24064837905236908
0.7773302646720368,0.24064837905236908
0.7777777777777778,0.24064837905236908
0.7782258064516129,0.24064837905236908
0.7786743515850144,0.24064837905236908
0.7785467128027682,0.24047025293908086
0.778995960761685,0.24047025293908086
0.7794457274826789,0.24047025293908086
0.779896013864818,0.24047025293908086
0.7796414112203586,0.24011400071250447
0.7800925925925926,0.24011400071250447
0.7805442964678634,0.24011400071250447
0.7809965237543454,0.24011400071250447
0.7808695652173913,0.23993587459921625
0.781322505800464,0.23993587459921625
0.7809413131900058,0.23940149625935161
0.7813953488372093,0.23940149625935161
0.7812681791739383,0.2392233701460634
0.7817229336437719,0.2392233701460634
0.7821782178217822,0.2392233701460634
0.7826340326340326,0.2392233701460634
0.7823803967327888,0.238867117919487
0.7822533566841798,0.2386889918061988
0.7819988310929281,0.23833273957962237
0.7824561403508772,0.23833273957962237
0.7829139847864248,0.23833273957962237
0.782021151586369,0.2370858567866049
0.7824808935920047,0.2370858567866049
0.7829411764705883,0.2370858567866049
0.7828134196586227,0.23690773067331672
0.7826855123674912,0.2367296045600285
0.7825574543311726,0.2365514784467403
0.7830188679245284,0.2365514784467403
0.7827626918536009,0.23619522622016387
0.7822485207100591,0.23548272176701104
0.7814726840855107,0.2344139650872818
0.7806912991656734,0.23334520840755255
0.7804295942720764,0.23298895618097612
0.7808955223880597,0.23298895618097612
0.7813620071684588,0.23298895618097612
0.7812313209802749,0.23281083006768793
0.7816985645933014,0.23281083006768793
0.7809123649459784,0.23174207338795869
0.7807807807807807,0.23156394727467047
0.78125,0.23156394727467047
0.7817197835237523,0.23156394727467047
0.7814569536423841,0.23120769504809405
0.7813253012048192,0.23102956893480583
0.781796262808921,0.23102956893480583
0.7812688821752266,0.230317064481653
0.7817412333736397,0.230317064481653
0.7816091954022989,0.2301389383683648
0.7820823244552058,0.2301389383683648
0.7811550151975684,0.22889205557534734
0.7816301703163017,0.22889205557534734
0.7814972611077298,0.22871392946205915
0.781973203410475,0.22871392946205915
0.7818403412553321,0.22853580334877094
0.7817073170731708,0.22835767723548273
0.7821842586943258,0.22835767723548273
0.782051282051282,0.2281795511221945
0.7819181429444105,0.2280014250089063
0.7817848410757946,0.2278232988956181
0.781651376146789,0.2276451727823299
0.7815177478580171,0.2274670466690417
0.7813839559093693,0.22728892055575348
0.7809815950920246,0.22675454221588884
0.7804428044280443,0.22604203776273601
0.7809230769230769,0.22604203776273601
0.7814039408866995,0.22604203776273601
0.7818853974121996,0.22604203776273601
0.7814814814814814,0.2255076594228714
0.7810760667903525,0.22497328108300677
0.7808049535603715,0.22461702885643034
0.7806691449814126,0.22443890274314215
0.7805331680099195,0.22426077662985394
0.7810173697270472,0.22426077662985394
0.7808814400993171,0.22408265051656573
0.7807453416149068,0.22390452440327752
0.781230577998757,0.22390452440327752
0.7806853582554517,0.2231920199501247
0.7811720698254364,0.2231920199501247
0.7816593886462883,0.2231920199501247
0.7813866333541537,0.22283576772354827
0.781875,0.22283576772354827
0.781328320802005,0.22212326327039544
0.7818181818181819,0.22212326327039544
0.7823086574654956,0.22212326327039544
0.7814861460957179,0.2210545065906662
0.7813484562066793,0.22087638047737798
0.7809343434343434,0.22034200213751337
0.7814276689829438,0.22034200213751337
0.7807351077313055,0.2194513715710723
0.7805960684844642,0.21927324545778412
0.7810913705583756,0.21927324545778412
0.780952380952381,0.2190951193444959
0.7814485387547649,0.2190951193444959
0.7819453273998729,0.2190951193444959
0.7816677275620624,0.21873886711791948
0.781389420012747,0.21838261489134306
0.7818877551020408,0.21838261489134306
0.7823867262284621,0.21838261489134306
0.7821086261980831,0.21802636266476666
0.7819693094629157,0.21784823655147845
0.781829814459373,0.21767011043819023
0.7823303457106274,0.21767011043819023
0.7819114817190507,0.21713573209832562
0.7810688989053445,0.21606697541859637
0.7809278350515464,0.21588884930530816
0.7799352750809061,0.2146419665122907
0.7797927461139896,0.2144638403990025
0.779650032404407,0.21428571428571427
0.7792207792207793,0.21375133594584966
0.7786458333333334,0.21303883149269684
0.7785016286644951,0.21286070537940863
0.7783572359843546,0.21268257926612041
0.7788649706457925,0.21268257926612041
0.7787206266318538,0.2125044531528322
0.7785760940561725,0.212326327039544
0.7784313725490196,0.21214820092625578
0.7782864617396992,0.2119700748129676
0.7781413612565445,0.21179194869967938
0.7791612057667103,0.21179194869967938
0.7787261982928431,0.21125757035981474
0.7775577557755775,0.2098325614535091
0.7774108322324967,0.20965443534022088
0.7772637144745539,0.20947630922693267
0.7777777777777778,0.20947630922693267
0.7782925215089345,0.20947630922693267
0.7774086378737541,0.20840755254720342
0.7772606382978723,0.2082294264339152
0.7771124417831005,0.208051300320627
0.7776298268974701,0.208051300320627
0.7774064171122995,0.20716066975418596
0.7779264214046823,0.20716066975418596
0.7784471218206158,0.20716066975418596
0.7777031564808596,0.20627003918774492
0.7782258064516129,0.20627003918774492
0.7787491593813046,0.20627003918774492
0.7792732166890982,0.20627003918774492
0.7797979797979798,0.20627003918774492
0.7793522267206477,0.2057356608478803
0.779054054054054,0.20537940862130388
0.7795807978363759,0.20537940862130388
0.7788331071913162,0.20448877805486285
0.778682959945689,0.20431065194157463
0.7792119565217391,0.20431065194157463
0.7797416723317471,0.20431065194157463
0.7802721088435374,0.20431065194157463
0.7796725784447476,0.2035981474884218
0.7802047781569966,0.2035981474884218
0.7800546448087432,0.2034200213751336
0.7805878332194122,0.2034200213751336
0.7802874743326489,0.20306376914855717
0.7799862919808088,0.20270751692198077
0.7805212620027435,0.20270751692198077
0.7810569663692519,0.20270751692198077
0.7809065934065934,0.20252939080869256
0.7814432989690722,0.20252939080869256
0.7811424638678596,0.20217313858211614
0.7816804407713499,0.20217313858211614
0.7813793103448275,0.2018168863555397
0.7819185645272602,0.2018168863555397
0.7813148788927335,0.2011043819023869
0.7811634349030471,0.20092625578909867
0.7817047817047817,0.20092625578909867
0.782246879334258,0.20092625578909867
0.7816411682892906,0.20021375133594585
0.7821851078636047,0.20021375133594585
0.7827298050139275,0.20021375133594585
0.7825783972125435,0.20003562522265764
0.7831241283124128,0.20003562522265764
0.7836706210746686,0.20003562522265764
0.784217877094972,0.20003562522265764
0.7847658979734451,0.20003562522265764
0.7846153846153846,0.19985749910936942
0.7840112201963534,0.1991449946562166
0.7845614035087719,0.1991449946562166
0.7842586085734364,0.19878874242964018
0.7841068917018285,0.198610616316352
0.784658691062632,0.198610616316352
0.7852112676056338,0.198610616316352
0.7857646229739254,0.198610616316352
0.7863187588152327,0.198610616316352
0.7857142857142857,0.19789811186319914
0.7862703467799009,0.19789811186319914
0.7856635911994322,0.19718560741004632
0.7867803837953091,0.19718560741004632
0.7873399715504978,0.19718560741004632
0.7879003558718861,0.19718560741004632
0.7875980042765502,0.1968293551834699
0.7881597717546363,0.1968293551834699
0.7880085653104925,0.19665122907018168
0.7885714285714286,0.19665122907018168
0.7891350964974982,0.19665122907018168
0.7889842632331903,0.1964731029568935
0.7888332140300645,0.19629497684360528
0.7893982808022922,0.19629497684360528
0.7899641577060932,0.19629497684360528
0.7905308464849354,0.19629497684360528
0.7903804737975593,0.19611685073031707
0.790948275862069,0.19611685073031707
0.7915168943206327,0.19611685073031707
0.7907647907647908,0.19522622016387603
0.7913357400722022,0.19522622016387603
0.7911849710982659,0.19504809405058782
0.7917570498915402,0.19504809405058782
0.7923299565846599,0.19504809405058782
0.7929036929761043,0.19504809405058782
0.7934782608695652,0.19504809405058782
0.7940536620739667,0.19504809405058782
0.7946298984034833,0.19504809405058782
0.7952069716775599,0.19504809405058782
0.7957848837209303,0.19504809405058782
0.7963636363636364,0.19504809405058782
0.7969432314410481,0.19504809405058782
0.797523670793882,0.19504809405058782
0.7973760932944607,0.1948699679372996
0.7979576951130561,0.1948699679372996
0.7985401459854015,0.1948699679372996
0.7991234477720964,0.1948699679372996
0.7997076023391813,0.1948699679372996
0.7995610826627652,0.1946918418240114
0.7986774430565761,0.19362308514428214
0.799264705882353,0.19362308514428214
0.7998528329654158,0.19362308514428214
0.8004418262150221,0.19362308514428214
0.8001474926253688,0.19326683291770574
0.8007380073800738,0.19326683291770574
0.8019216555801921,0.19326683291770574
0.8017751479289941,0.19308870680441753
0.8014814814814815,0.1927324545778411
0.8005952380952381,0.19166369789811186
0.8011913626209978,0.19166369789811186
0.801043219076006,0.19148557178482364
0.8016405667412378,0.19148557178482364
0.8022388059701493,0.19148557178482364
0.8019431988041853,0.19112931955824725
0.8025430067314884,0.19112931955824725
0.802247191011236,0.19077306733167082
0.802848575712144,0.19077306733167082
0.8034508627156789,0.19077306733167082
0.8040540540540541,0.19077306733167082
0.8039068369646882,0.1905949412183826
0.8045112781954887,0.1905949412183826
0.8051166290443943,0.1905949412183826
0.8057228915662651,0.1905949412183826
0.8055764883195177,0.1904168151050944
0.806184012066365,0.1904168151050944
0.8057445200302343,0.18988243676522978
0.8063540090771558,0.18988243676522978
0.8069644208932627,0.18988243676522978
0.8075757575757576,0.18988243676522978
0.8074298711144806,0.18970431065194157
0.8080424886191199,0.18970431065194157
0.8086560364464692,0.18970431065194157
0.8085106382978723,0.18952618453865336
0.8080731150038081,0.18899180619878875
0.8086890243902439,0.18899180619878875
0.8085430968726163,0.18881368008550053
0.8091603053435115,0.18881368008550053
0.8097784568372803,0.18881368008550053
0.8096330275229358,0.18863555397221232
0.809487375669472,0.1884574278589241
0.8093415007656968,0.1882793017456359
0.8099616858237548,0.1882793017456359
0.8098159509202454,0.1881011756323477
0.8093774019984628,0.18756679729248307
0.81,0.18756679729248307
0.8098537336412626,0.18738867117919486
0.8097072419106317,0.18721054506590667
0.810331534309946,0.18721054506590667
0.81003861003861,0.18685429283933025
0.8106646058732612,0.18685429283933025
0.8105181747873164,0.18667616672604204
0.8103715170278638,0.18649804061275382
0.8102246320681642,0.1863199144994656
0.8108527131782945,0.1863199144994656
0.8107059736229635,0.18614178838617743
0.8105590062111802,0.1859636622728892
0.8099688473520249,0.18525115781973636
0.8098207326578332,0.18507303170644818
0.8104524180967239,0.18507303170644818
0.8095611285266457,0.18400427502671893
0.8101960784313725,0.18400427502671893
0.8094488188976378,0.18311364446027786
0.8082408874801902,0.18168863555397222
0.8080888183980968,0.181510509440684
0.8087301587301587,0.181510509440684
0.8081210191082803,0.18079800498753118
0.8087649402390438,0.18079800498753118
0.8086124401913876,0.18061987887424297
0.8078462770216173,0.17972924830780193
0.8084935897435898,0.17972924830780193
0.8083400160384924,0.17955112219451372
0.8078778135048231,0.17901674385464908
0.8085277554304103,0.17901674385464908
0.8091787439613527,0.17901674385464908
0.8098307816277196,0.17901674385464908
0.8093699515347335,0.17848236551478447
0.8100242522231205,0.17848236551478447
0.8106796116504854,0.17848236551478447
0.8113360323886639,0.17848236551478447
0.8105691056910569,0.17759173494834343
0.8104149715215623,0.17741360883505522
0.8102605863192183,0.177235482721767
0.8101059494702526,0.1770573566084788
0.809640522875817,0.17652297826861418
0.8088597210828548,0.17563234770217315
0.8085456039441249,0.17527609547559672
0.8092105263157895,0.17527609547559672
0.8090534979423868,0.1750979693623085
0.8085808580858086,0.1745635910224439
0.8092485549132948,0.1745635910224439
0.8099173553719008,0.1745635910224439
0.8097601323407775,0.17438546490915569
0.8096026490066225,0.17420733879586747
0.8094449047224523,0.17402921268257926
0.8101160862354893,0.17402921268257926
0.8099585062240664,0.17385108656929105
0.8098006644518272,0.17367296045600286
0.8096425602660017,0.17349483434271465
0.8103161397670549,0.17349483434271465
0.8098415346121768,0.17296045600285
0.8105175292153589,0.17296045600285
0.8111946532999165,0.17296045600285
0.8118729096989966,0.17296045600285
0.8125523012552301,0.17296045600285
0.8132328308207705,0.17296045600285
0.8130762782900252,0.1727823298895618
0.8137583892617449,0.1727823298895618
0.8132884777123633,0.1722479515496972
0.8129738837405224,0.17189169932312076
0.8128161888701517,0.17171357320983255
0.8135021097046413,0.17171357320983255
0.8141891891891891,0.17171357320983255
0.8140321217244294,0.17153544709654436
0.8132427843803056,0.1706448165301033
0.8139337298215803,0.1706448165301033
0.8137755102040817,0.17046669041681511
0.814468085106383,0.17046669041681511
0.8151618398637138,0.17046669041681511
0.8158567774936062,0.17046669041681511
0.8165529010238908,0.17046669041681511
0.816396242527754,0.1702885643035269
0.8170940170940171,0.1702885643035269
0.8177929854576561,0.1702885643035269
0.8184931506849316,0.1702885643035269
0.818337617823479,0.1701104381902387
0.8190394511149228,0.1701104381902387
0.8197424892703863,0.1701104381902387
0.8195876288659794,0.16993231207695048
0.819432502149613,0.16975418596366226
0.8178664353859497,0.1679729248307802
0.8185763888888888,0.1679729248307802
0.8179442508710801,0.16726042037762737
0.8186573670444638,0.16726042037762737
0.8183406113537118,0.16690416815105094
0.8190559440559441,0.16690416815105094
0.8184210526315789,0.16619166369789812
0.8191395961369623,0.16619166369789812
0.819859402460457,0.16619166369789812
0.8197009674582234,0.1660135375846099
0.8192239858906526,0.16547915924474527
0.8185840707964602,0.16476665479159244
0.8182624113475178,0.16441040256501604
0.8189884649511979,0.16441040256501604
0.8197158081705151,0.16441040256501604
0.8189116859946476,0.16351977199857498
0.8196428571428571,0.16351977199857498
0.8194816800714924,0.1633416458852868
0.8202146690518783,0.1633416458852868
0.8209489704565801,0.1633416458852868
0.8204667863554758,0.16280726754542216
0.821203953279425,0.16280726754542216
0.8217821782178217,0.16262914143213394
0.8216216216216217,0.16245101531884573
0.8223624887285843,0.16245101531884573
0.8212341197822142,0.1612041325258283
0.8209090909090909,0.16084788029925187
0.821656050955414,0.16084788029925187
0.8210045662100457,0.16013537584609905
0.8208409506398537,0.15995724973281084
0.8205128205128205,0.1596009975062344
0.8203483043079743,0.1594228713929462
0.8201834862385321,0.15924474527965798
0.820018365472911,0.1590666191663698
0.8198529411764706,0.1588884930530816
0.8190212373037857,0.15799786248664055
0.820536540240518,0.15799786248664055
0.819870009285051,0.1572853580334877
0.8190298507462687,0.15639472746704666
0.8176691729323309,0.15496971856074102
0.8174976481655691,0.1547915924474528
0.8182674199623352,0.1547915924474528
0.819038642789821,0.1547915924474528
0.8186968838526912,0.15443534022087638
0.8180094786729858,0.15372283576772355
0.818785578747628,0.15372283576772355
0.8193916349809885,0.15354470965443534
0.8192197906755471,0.15336658354114713
0.819047619047619,0.15318845742785892
0.8188751191611058,0.1530103313145707
0.8183556405353728,0.1524759529747061
0.8191387559808613,0.1524759529747061
0.8199233716475096,0.1524759529747061
0.8194044188280499,0.15194157463484148
0.8201923076923077,0.15194157463484148
0.8200192492781521,0.15176344852155327
0.8208092485549133,0.15176344852155327
0.8216007714561234,0.15176344852155327
0.8222222222222222,0.15158532240826506
0.8230174081237911,0.15158532240826506
0.8238141335914811,0.15158532240826506
0.8246124031007752,0.15158532240826506
0.8244422890397672,0.15140719629497684
0.8252427184466019,0.15140719629497684
0.826044703595724,0.15140719629497684
0.8251953125,0.1505165657285358
0.8250244379276638,0.1503384396152476
0.8258317025440313,0.1503384396152476
0.8256611165523996,0.15016031350195938
0.8253189401373896,0.14980406127538298
0.824284304047384,0.14873530459565373
0.8241106719367589,0.14855717848236552
0.8234126984126984,0.14784467402921267
0.8232373386295928,0.14766654791592448
0.8230616302186878,0.14748842180263627
0.8221778221778222,0.14659779123619524
0.8218218218218218,0.1462415390096188
0.8209255533199196,0.14535090844317777
0.8217522658610272,0.14535090844317777
0.8225806451612904,0.14535090844317777
0.8234106962663976,0.14535090844317777
0.8242424242424242,0.14535090844317777
0.8250758341759353,0.14535090844317777
0.8259109311740891,0.14535090844317777
0.8257345491388045,0.14517278232988956
0.824847250509165,0.14428215176344852
0.8256880733944955,0.14428215176344852
0.826530612244898,0.14428215176344852
0.8282208588957055,0.14428215176344852
0.8290685772773797,0.14428215176344852
0.8288934426229508,0.1441040256501603
0.8285420944558521,0.14374777342358389
0.829393627954779,0.14374777342358389
0.8302469135802469,0.14374777342358389
0.831101956745623,0.14374777342358389
0.8309278350515464,0.1435696473102957
0.8317853457172343,0.1435696473102957
0.8316115702479339,0.1433915211970075
0.8305613305613305,0.14232276451727824
0.8314255983350677,0.14232276451727824
0.83125,0.14214463840399003
0.8321167883211679,0.14214463840399003
0.8319415448851775,0.1419665122907018
0.831413612565445,0.1414321339508372
0.8312368972746331,0.141254007837549
0.8305263157894737,0.14054150338439617
0.8314014752370916,0.14054150338439617
0.8322784810126582,0.14054150338439617
0.8331573389651531,0.14054150338439617
0.8329809725158562,0.14036337727110795
0.8338624338624339,0.14036337727110795
0.8347457627118644,0.14036337727110795
0.8342189160467588,0.13982899893124331
0.8351063829787234,0.13982899893124331
0.8345784418356457,0.1392946205913787
0.8354700854700855,0.1392946205913787
0.8352941176470589,0.1391164944780905
0.8361884368308351,0.1391164944780905
0.8360128617363344,0.13893836836480228
0.8369098712446352,0.13893836836480228
0.8367346938775511,0.13876024225151407
0.8365591397849462,0.13858211613822585
0.83745963401507,0.13858211613822585
0.8372844827586207,0.13840399002493767
0.8381877022653722,0.13840399002493767
0.838012958963283,0.13822586391164945
0.8374864572047671,0.13769148557178482
0.8383947939262473,0.13769148557178482
0.8376906318082789,0.136978981118632
0.8386041439476554,0.136978981118632
0.8378970427163198,0.13626647666547917
0.8362831858407079,0.13466334164588528
0.8361018826135105,0.13448521553259707
0.8357380688124306,0.13412896330602067
0.8355555555555556,0.13395083719273246
0.8353726362625139,0.13377271107944425
0.8363028953229399,0.13377271107944425
0.8353863381858903,0.1328820805130032
0.8363228699551569,0.1328820805130032
0.8361391694725028,0.132703954399715
0.835214446952596,0.13181332383327396
0.8346545866364666,0.13127894549340932
0.8356009070294784,0.13127894549340932
0.8354143019296254,0.13110081938012114
0.8348519362186788,0.1305664410402565
0.8344748858447488,0.13021018881368007
0.8354285714285714,0.13021018881368007
0.8363844393592678,0.13021018881368007
0.8361970217640321,0.1300320627003919
0.8360091743119266,0.12985393658710367
0.835820895522388,0.12967581047381546
0.835632183908046,0.12949768436052725
0.8365937859608745,0.12949768436052725
0.8385236447520185,0.12949768436052725
0.8394919168591224,0.12949768436052725
0.8404624277456647,0.12949768436052725
0.8414351851851852,0.12949768436052725
0.8424101969872537,0.12949768436052725
0.8422273781902552,0.12931955824723904
0.8432055749128919,0.12931955824723904
0.8426573426573427,0.12878517990737443
0.8436406067677946,0.12878517990737443
0.844626168224299,0.12878517990737443
0.8444444444444444,0.1286070537940862
0.8454332552693209,0.1286070537940862
0.8447058823529412,0.1278945493409334
0.8441558441558441,0.12736017100106875
0.8451536643026005,0.12736017100106875
0.8449704142011835,0.12718204488778054
0.8447867298578199,0.12700391877449235
0.8457888493475683,0.12700391877449235
0.8452380952380952,0.12646954043462771
0.8450536352800954,0.1262914143213395
0.8448687350835322,0.1261132882080513
0.8441247002398081,0.12540078375489846
0.8451380552220888,0.12540078375489846
0.8461538461538461,0.12540078375489846
0.8457831325301205,0.12504453152832204
0.8466183574879227,0.12486640541503384
0.8464328899637243,0.12468827930174564
0.845873786407767,0.12415390096188102
0.8469015795868773,0.12415390096188102
0.8463414634146341,0.12361952262201639
0.8473748473748474,0.12361952262201639
0.847001223990208,0.12326327039543997
0.8480392156862745,0.12326327039543997
0.8478527607361963,0.12308514428215177
0.8463444857496902,0.12166013537584609
0.8455790784557908,0.12094763092269327
0.8446115288220551,0.12005700035625223
0.8440251572327044,0.11952262201638761
0.8434343434343434,0.11898824367652298
0.8445006321112516,0.11898824367652298
0.8455696202531645,0.11898824367652298
0.8453738910012675,0.11881011756323477
0.8447837150127226,0.11827573922337015
0.845859872611465,0.11827573922337015
0.8469387755102041,0.11827573922337015
0.8480204342273308,0.11827573922337015
0.8470437017994858,0.11738510865692911
0.8462532299741602,0.11667260420377627
0.8460543337645536,0.11649447809048806
0.8454545454545455,0.11596009975062344
0.8452535760728218,0.11578197363733524
0.8463541666666666,0.11578197363733524
0.847457627118644,0.11578197363733524
0.8470588235294118,0.11542572141075881
0.8468586387434555,0.11524759529747061
0.8479685452162516,0.11524759529747061
0.847167325428195,0.11453509084431777
0.8469656992084432,0.11435696473102958
0.8463576158940397,0.11382258639116495
0.8461538461538461,0.11364446027787674
0.8459495351925631,0.11346633416458853
0.8470744680851063,0.11346633416458853
0.8468708388814914,0.11328820805130033
0.8454301075268817,0.11204132525828286
0.8465679676985195,0.11204132525828286
0.8477088948787062,0.11204132525828286
0.8466757123473542,0.11115069469184183
0.8478260869565217,0.11115069469184183
0.8487738419618529,0.11097256857855362
0.8485675306957708,0.1107944424652654
0.8483606557377049,0.1106163163519772
0.8471074380165289,0.10954755967224795
0.8468965517241379,0.10936943355895974
0.8480662983425414,0.10936943355895974
0.8467966573816156,0.10830067687923049
0.8465829846582985,0.1081225507659423
0.8463687150837989,0.10794442465265408
0.8461538461538461,0.10776629853936587
0.8452883263009845,0.10705379408621304
0.8450704225352113,0.10687566797292483
0.844851904090268,0.10669754185963662
0.844632768361582,0.10651941574634842
0.8435277382645804,0.10562878517990737
0.8447293447293447,0.10562878517990737
0.8438395415472779,0.10491628072675455
0.8450502152080345,0.10491628072675455
0.8462643678160919,0.10491628072675455
0.8474820143884892,0.10491628072675455
0.8487031700288185,0.10491628072675455
0.8476052249637155,0.1040256501603135
0.8488372093023255,0.1040256501603135
0.8477306002928258,0.10313501959387246
0.8466076696165191,0.10224438902743142
0.8478581979320532,0.10224438902743142
0.8476331360946746,0.10206626291414321
0.8474074074074074,0.10188813680085501
0.8467261904761905,0.10135375846099039
0.8460388639760837,0.10081938012112576
0.8458083832335329,0.10064125400783755
0.8455772113943029,0.10046312789454934
0.8444108761329305,0.0995724973281083
0.8456883509833586,0.0995724973281083
0.8469696969696969,0.0995724973281083
0.8482549317147192,0.0995724973281083
0.8480243161094225,0.09939437121482009
0.84779299847793,0.09921624510153189
0.8473282442748091,0.09885999287495546
0.8470948012232415,0.09868186676166726
0.8468606431852986,0.09850374064837905
0.8459167950693375,0.09779123619522621
0.8472222222222222,0.09779123619522621
0.846749226006192,0.0974349839686498
0.8475894245723172,0.09707873174207339
0.8473520249221184,0.09690060562878518
0.8486739469578783,0.09690060562878518
0.8484375,0.09672247951549698
0.8497652582159625,0.09672247951549698
0.8510971786833855,0.09672247951549698
0.8524332810047096,0.09672247951549698
0.8522012578616353,0.09654435340220877
0.8519685039370078,0.09636622728892055
0.8507936507936508,0.09547559672247952
0.8505564387917329,0.0952974706091913
0.8519108280254777,0.0952974706091913
0.8516746411483254,0.0951193444959031
0.8514376996805112,0.09494121838261489
0.8512,0.09476309226932668
0.8539325842696629,0.09476309226932668
0.8534621578099839,0.09440684004275027
0.8527508090614887,0.09387246170288564
0.8541329011345219,0.09387246170288564
0.8552845528455284,0.09369433558959743
0.8566775244299675,0.09369433558959743
0.8580750407830342,0.09369433558959743
0.8576104746317512,0.09333808336302102
0.8573770491803279,0.0931599572497328
0.8557213930348259,0.09191307445671536
0.8571428571428571,0.09191307445671536
0.8566666666666667,0.09155682223013893
0.8564273789649416,0.09137869611685073
0.8578595317725752,0.09137869611685073
0.8576214405360134,0.09120057000356252
0.8590604026845637,0.09120057000356252
0.8588235294117647,0.09102244389027432
0.8602693602693603,0.09102244389027432
0.8600337268128162,0.09084431777698611
0.8614864864864865,0.09084431777698611
0.8629441624365483,0.09084431777698611
0.8627118644067797,0.0906661916636979
0.8624787775891342,0.0904880655504097
0.8637137989778535,0.09030993943712148
0.8651877133105802,0.09030993943712148
0.8681506849315068,0.09030993943712148
0.869639794168096,0.09030993943712148
0.8691910499139415,0.08995368721054507
0.8689655172413793,0.08977556109725686
0.8685121107266436,0.08941930887068045
0.867595818815331,0.08870680441752761
0.8679577464788732,0.08781617385108657
0.8694885361552028,0.08781617385108657
0.8687943262411347,0.08728179551122195
0.8678571428571429,0.08656929105806911
0.8694096601073346,0.08656929105806911
0.8709677419354839,0.08656929105806911
0.8713768115942029,0.08567866049162808
0.870201096892139,0.08478802992518704
0.86996336996337,0.08460990381189883
0.8692449355432781,0.0840755254720342
0.8708487084870848,0.0840755254720342
0.8706099815157117,0.08389739935874599
0.8703703703703703,0.08371927324545779
0.8691588785046729,0.08282864267901674
0.8689138576779026,0.08265051656572854
0.8676748582230623,0.08175988599928749
0.8674242424242424,0.08158175988599929
0.8671726755218216,0.08140363377271108
0.8669201520912547,0.08122550765942287
0.8666666666666667,0.08104738154613467
0.8661567877629063,0.08069112931955824
0.8651252408477842,0.07997862486640542
0.8667953667953668,0.07997862486640542
0.8665377176015474,0.0798004987531172
0.8682170542635659,0.0798004987531172
0.8669275929549902,0.07890986818667617
0.8648111332007953,0.07748485928037051
0.8642714570858283,0.07712860705379408
0.864,0.07695048094050588
0.8637274549098196,0.07677235482721767
0.8620689655172413,0.07570359814748842
0.8617886178861789,0.07552547203420021
0.8615071283095723,0.07534734592091201
0.8612244897959184,0.0751692198076238
0.8609406952965235,0.07499109369433558
0.8600823045267489,0.07445671535447096
0.8583333333333333,0.07338795867474172
0.8580375782881002,0.07320983256145351
0.8574423480083857,0.0728535803348771
0.8571428571428571,0.07267545422158889
0.854389721627409,0.07107231920199501
0.8562231759656652,0.07107231920199501
0.8559139784946237,0.0708941930887068
0.854978354978355,0.07035981474884218
0.8540305010893247,0.06982543640897755
0.8520971302428256,0.0687566797292483
0.8511111111111112,0.06822230138938368
0.8507795100222717,0.06804417527609548
0.8504464285714286,0.06786604916280727
0.849438202247191,0.06733167082294264
0.8490990990990991,0.06715354470965444
0.8510158013544018,0.06715354470965444
0.8506787330316742,0.06697541859636623
0.8526077097505669,0.06697541859636623
0.8519362186788155,0.06661916636978982
0.8538812785388128,0.06661916636978982
0.8528735632183908,0.06608478802992519
0.8545034642032333,0.06590666191663698
0.8538283062645011,0.06555040969006057
0.852803738317757,0.06501603135019594
0.8524590163934426,0.06483790523690773
0.852112676056338,0.06465977912361952
0.8507109004739336,0.0639472746704667
0.8492822966507177,0.06323477021731386
0.8489208633093526,0.06305664410402564
0.8485576923076923,0.06287851799073745
0.847457627118644,0.06234413965087282
0.8463414634146341,0.061809761311008196
0.8484107579462102,0.061809761311008196
0.8497536945812808,0.06145350908443178
0.8471177944862155,0.06020662629141432
0.8467336683417085,0.06002850017812612
0.8451776649746193,0.05931599572497328
0.8431876606683805,0.05842536515853224
0.845360824742268,0.05842536515853224
0.8475452196382429,0.05842536515853224
0.8471502590673575,0.05824723904524403
0.8467532467532467,0.058069112931955824
0.8451443569553806,0.057356608478802994
0.8443271767810027,0.057000356252226575
0.843915343915344,0.05682223013893837
0.8461538461538461,0.05682223013893837
0.848404255319149,0.05682223013893837
0.8475935828877005,0.05646597791236195
0.8498659517426274,0.05646597791236195
0.8521505376344086,0.05646597791236195
0.8544474393530997,0.05646597791236195
0.8532608695652174,0.055931599572497326
0.852054794520548,0.0553972212326327
0.8543956043956044,0.0553972212326327
0.8567493112947658,0.0553972212326327
0.8587257617728532,0.055219095119344495
0.8611111111111112,0.055219095119344495
0.8607242339832869,0.05504096900605629
0.8627450980392157,0.05486284289276808
0.8619718309859155,0.054506590666191665
0.8579710144927536,0.052725329533309585
0.8604651162790697,0.052725329533309585
0.8579881656804734,0.051656572853580336
0.8571428571428571,0.05130032062700392
0.8597014925373134,0.05130032062700392
0.8588588588588588,0.050944068400427506
0.858433734939759,0.05076594228713929
0.8580060422960725,0.05058781617385109
0.8606060606060606,0.05058781617385109
0.8593272171253823,0.05005343783398646
0.8588957055214724,0.04987531172069826
0.8580246913580247,0.04951905949412184
0.860248447204969,0.04934093338083363
0.8584905660377359,0.048628428927680795
0.861198738170347,0.048628428927680795
0.8639240506329114,0.048628428927680795
0.8666666666666667,0.048628428927680795
0.8694267515923567,0.048628428927680795
0.8722044728434505,0.048628428927680795
0.8697068403908795,0.04755967224795155
0.869281045751634,0.04738154613466334
0.8721311475409836,0.04738154613466334
0.87,0.0464909155682223
0.8695652173913043,0.04631278945493409
0.8691275167785235,0.046134663341645885
0.8686868686868687,0.04595653722835768
0.8716216216216216,0.04595653722835768
0.8711864406779661,0.045778411115069466
0.8707482993197279,0.04560028500178126
0.8719723183391004,0.04488778054862843
0.8715277777777778,0.044709654435340224
0.8687943262411347,0.043640897755610975
0.8705035971223022,0.04310651941574635
0.8700361010830325,0.04292839330245814
0.8681318681318682,0.04221588884930531
0.8676470588235294,0.0420377627360171
0.8708487084870848,0.0420377627360171
0.8773234200743495,0.0420377627360171
0.8783269961977186,0.04114713216957606
0.875968992248062,0.04025650160313502
0.875,0.0399002493765586
0.8784313725490196,0.0399002493765586
0.8818897637795275,0.0399002493765586
0.8790322580645161,0.03883149269682935
0.8821138211382114,0.03865336658354115
0.8857142857142857,0.03865336658354115
0.889344262295082,0.03865336658354115
0.8875,0.03794086213038832
0.8907563025210085,0.037762736017100104
0.8888888888888888,0.037050231563947274
0.8844444444444445,0.0354470965443534
0.8883928571428571,0.0354470965443534
0.8918918918918919,0.035268970431065194
0.8914027149321267,0.03509084431777699
0.8949771689497716,0.034912718204488775
0.892018779342723,0.033843961524759526
0.8962264150943396,0.033843961524759526
0.8916256157635468,0.03224082650516566
0.8910891089108911,0.03206270039187745
0.89,0.031706448165301035
0.8939393939393939,0.03152832205201282
0.8928571428571429,0.03117206982543641
0.8974358974358975,0.03117206982543641
0.8924731182795699,0.029568934805842537
0.9021739130434783,0.029568934805842537
0.9016393442622951,0.029390808692554327
0.9,0.028856430352689703
0.9050279329608939,0.028856430352689703
0.9069767441860465,0.027787673672960457
0.9058823529411765,0.02743142144638404
0.9053254437869822,0.027253295333095832
0.9041916167664671,0.026897043106519417
0.9096385542168675,0.026897043106519417
0.9151515151515152,0.026897043106519417
0.9207317073170732,0.026897043106519417
0.9182389937106918,0.026006412540078374
0.9171974522292994,0.02565016031350196
0.9139072847682119,0.02458140363377271
0.9121621621621622,0.02404702529390809
0.9103448275862069,0.023512646954043464
0.9166666666666666,0.023512646954043464
0.9230769230769231,0.023512646954043464
0.9295774647887324,0.023512646954043464
0.9285714285714286,0.023156394727467045
0.9280575539568345,0.02297826861417884
0.924812030075188,0.02190951193444959
0.9230769230769231,0.021375133594584966
0.9302325581395349,0.021375133594584966
0.9296875,0.02119700748129676
0.9291338582677166,0.02101888136800855
0.926829268292683,0.020306376914855716
0.9243697478991597,0.019593872461702886
0.9217391304347826,0.018881368008550052
0.9203539823008849,0.018525115781973637
0.9174311926605505,0.017812611328820806
0.9230769230769231,0.017100106875667972
0.9191919191919192,0.016209476309226933
0.9183673469387755,0.016031350195938723
0.9148936170212766,0.015318845742785893
0.9111111111111111,0.01460634128963306
0.9090909090909091,0.014250089063056644
0.9080459770114943,0.014071962949768436
0.9058823529411765,0.01371571072319202
0.9047619047619048,0.013537584609903812
0.9036144578313253,0.013359458496615604
0.8961038961038961,0.012290701816886355
0.8805970149253731,0.010509440684004275
0.864406779661017,0.00908443177769861
0.8620689655172413,0.008906305664410403
0.8571428571428571,0.008550053437833986
0.8545454545454545,0.008371927324545779
0.8297872340425532,0.006946918418240114
0.8095238095238095,0.006056287851799074
0.7575757575757576,0.004453152832205202
0.68,0.003028143925899537
0.5625,0.0016031350195938724
0.0,0.0
1.0,0.0
