label,predict,predict_prob
0,0,3.2780767e-28
0,0,4.44315e-15
0,0,1.0779829e-24
0,0,2.7351254e-20
0,0,7.924494e-36
0,0,4.2940274e-09
0,0,3.274406e-26
0,0,2.5978263e-20
1,0,1.4094242e-05
0,0,5.801191e-17
0,0,1.89301e-23
0,0,1.0628415e-33
0,0,0.0
0,0,8.768045e-19
0,0,7.0617644e-11
1,1,0.9868268
0,0,1.4434736e-33
0,0,5.974113e-11
0,0,8.386413e-24
0,0,8.288753e-21
0,0,3.15e-42
0,0,0.0
0,1,0.9538153
1,0,0.00068163994
0,0,2.7303106e-34
0,0,0.0
0,0,2.283015e-22
0,0,5.0184008e-05
0,0,2.4800037e-23
1,0,5.217701e-09
0,0,2.8687219e-24
0,0,0.0
0,0,3.390271e-21
0,0,9.121399e-18
0,0,5.219271e-25
0,0,4.0872612e-30
0,0,1.3944115e-25
1,1,0.5858865
0,0,1.003033e-39
1,0,3.0978382e-12
0,0,0.0
0,0,2.2759582e-26
1,1,0.94008183
0,0,3.1953327e-27
0,0,5.2626685e-20
1,0,5.9714104e-08
0,0,1.1247102e-33
0,0,7.4994125e-21
0,0,8.908824e-30
0,0,8.136201e-18
0,0,8.811403e-18
0,0,0.0
1,0,2.927113e-07
1,0,0.0010761783
0,0,2.2955185e-06
0,0,3.1197497e-22
1,0,2.6321018e-08
0,0,3.9e-44
0,0,1.8385482e-34
0,0,9.680156e-20
0,0,2.4416114e-15
0,0,3.2565957e-05
1,0,1.4878857e-07
0,0,1.3159646e-06
0,0,5.7092232e-33
0,0,3.6760365e-13
1,0,0.057282332
0,0,2.0310668e-22
0,0,1.2590648e-12
1,0,0.0001628092
0,0,7.730591e-22
0,0,2.9052124e-28
0,0,2.76e-43
0,0,0.0
0,1,0.9947747
0,0,1.7401168e-28
0,0,5.9813794e-21
0,0,3.395101e-27
0,0,4.804352e-09
0,0,1.2124172e-14
0,0,1.03331286e-19
0,0,5.0490563e-23
0,0,2.12388e-26
0,0,1.8501006e-34
0,0,1.5326572e-28
0,0,0.0003135441
1,1,0.9841023
0,0,3.1857034e-36
0,0,5.463226e-31
0,1,0.9997807
0,0,2.1389921e-21
0,0,9.315489e-29
1,1,0.99330395
1,1,0.89150286
0,0,0.0
1,0,0.17638785
1,1,0.53841823
1,0,0.12852754
0,0,7.5573696e-20
0,0,3.6533502e-19
0,0,3.347489e-29
0,0,1.6704403e-17
0,0,2.483976e-19
0,0,1.0944775e-18
0,0,1.5218755e-10
0,0,5.789268e-12
0,0,1.439031e-26
0,0,3.9334394e-23
1,1,0.99961436
0,1,0.99998283
0,0,3.058663e-21
1,0,0.00055888784
0,0,3.2611994e-29
0,0,5.4894117e-35
0,0,1.4380454e-38
0,0,1.7707655e-21
0,0,7.9123794e-14
1,1,0.98601764
0,0,6.095511e-22
1,1,0.99999857
0,0,2.565436e-20
0,0,1.7600231e-22
1,0,0.00074840017
0,0,1e-45
0,0,3.4935596e-19
0,0,2.7559562e-28
0,0,6.8299926e-19
0,0,2.4892316e-26
0,0,0.0
0,0,1.2698669e-12
0,0,8.1606933e-26
1,1,0.87580323
0,0,1.5114775e-19
0,0,3.5338326e-14
0,0,2.896057e-31
1,0,0.00034390733
1,1,0.99999666
0,0,1.1331317e-06
0,1,0.9999894
0,0,4.8793712e-26
0,0,7.819e-42
0,0,2.7328859e-33
0,0,3.398516e-23
0,0,4.7369357e-13
0,0,1.9997417e-26
0,0,6.8048086e-22
0,0,1.1070193e-19
0,0,2.905298e-07
0,0,4.040123e-29
1,0,0.0044357795
0,0,1.2865665e-13
1,1,0.9993119
0,0,6.6115633e-16
0,0,3.5350642e-34
1,1,0.6264644
1,0,0.32330012
0,0,1.3291684e-15
0,0,6.3596753e-19
0,0,1.9475929e-25
0,1,0.9945338
0,0,3.3506936e-07
1,0,3.6636884e-06
0,1,0.9995732
0,0,5.942904e-19
0,0,1.4462572e-18
0,0,3.878484e-18
0,0,2.747397e-16
1,1,0.99938416
0,0,7.5523154e-38
0,0,5.4184285e-19
0,1,0.9999858
0,0,2.313841e-08
0,0,9.694067e-13
0,0,1.681816e-39
0,0,3.5898604e-32
0,0,8.6916645e-16
0,0,4.0658992e-35
0,0,0.0
0,0,4.3304347e-37
1,0,0.04310321
1,1,0.99989295
1,0,0.25419524
0,0,1.9065992e-22
1,0,1.488384e-07
0,0,3.2199472e-30
0,0,0.0
0,0,3.0980035e-27
0,0,9.770705e-37
0,0,3.1723798e-26
0,0,1.9657844e-16
0,0,1.0481755e-14
1,0,1.9379353e-07
1,1,0.993302
0,0,8.586437e-39
0,0,2.5751939e-26
0,0,3.412061e-25
0,0,3.44235e-19
0,0,2.3110452e-30
0,0,4.4703357e-22
0,0,8e-45
0,0,0.0
1,1,0.8446363
0,0,9.7871235e-21
0,0,4.103568e-39
0,1,0.99360645
0,0,5.877833e-35
0,0,2.1320395e-32
0,0,1.0961145e-12
0,0,3.4201095e-28
0,0,0.00010624564
0,0,9.395945e-19
0,0,6.1987235e-25
1,0,4.8771085e-08
0,0,2.8285994e-26
0,0,0.0
0,0,6.029154e-25
0,1,0.99992895
0,0,8.683373e-25
1,1,0.97741985
0,0,0.0
1,0,0.000124835
0,0,7.693136e-16
0,0,5.4716816e-28
0,0,8.0620275e-24
0,1,0.9989361
0,0,1.0270749e-29
0,0,0.0020964982
0,0,1.0860939e-16
0,0,5.8709426e-31
1,0,7.0648985e-06
0,0,0.0
1,0,0.00018205684
1,1,0.9992694
0,0,1.3380627e-35
0,0,8.993105e-20
0,0,2.5336234e-28
0,0,0.0
0,0,5.676053e-29
0,1,0.9908834
0,0,1.9209667e-22
0,0,5.712349e-22
1,1,0.8252799
0,0,1.3137634e-30
1,1,0.999861
0,0,9.9833465e-23
0,0,2.662096e-24
0,0,1.733581e-24
0,0,4.295659e-12
0,0,2.4395191e-28
0,0,5.6375237e-18
0,0,3.1270862e-24
0,0,6.2869564e-32
0,0,2.5373423e-24
0,0,4.7438153e-17
1,0,1.7337034e-05
1,0,0.020823848
0,0,1.4620106e-18
0,0,7.7526965e-18
0,0,1.3415863e-32
0,0,1.2584752e-29
1,1,0.99280626
0,0,0.0
1,1,0.9997502
0,0,6.689806e-08
0,0,2.8067523e-23
0,1,0.99954563
0,0,7.1933717e-37
0,0,9.038393e-29
0,0,7.655007e-27
0,0,2.7125067e-19
0,0,4e-45
0,0,1.5153907e-13
0,0,1.4935372e-35
1,0,8.965685e-05
0,0,1.8914964e-28
0,0,9.783635e-17
1,1,0.7094601
0,0,3.0998004e-27
1,0,0.048681464
0,0,1.0411313e-19
1,0,2.195797e-05
0,0,4.3057168e-19
0,0,3.573354e-18
1,1,0.99849975
0,0,4.270956e-26
0,0,4.145319e-34
0,0,3.2257564e-26
0,0,7.936653e-29
0,0,5.8170833e-31
0,0,2.6239017e-19
1,1,0.9999931
0,0,2.050755e-12
0,0,5.768151e-19
1,0,0.00059325004
0,1,0.9893343
0,0,0.2883335
1,0,1.7668318e-06
0,0,2.6334789e-11
0,0,7.2873535e-24
0,0,5.9e-44
1,1,0.9996816
1,0,2.693411e-06
0,0,2.1756434e-23
0,0,1.5351327e-20
0,0,3.5170748e-37
1,0,0.13967259
1,0,0.00047173616
0,0,1.073771e-26
0,0,1.794773e-27
0,0,3.3700005e-14
0,0,7.387503e-12
0,0,7.6046993e-38
0,0,9.71e-43
0,0,6.009135e-39
0,0,6.386134e-24
0,0,3.4903855e-21
0,0,4.78028e-37
0,0,6.6076957e-34
0,0,1.3007028e-12
1,0,0.037932456
0,0,2.5643793e-20
1,0,0.0010683768
0,0,1.7794664e-29
0,0,2.1996388e-35
0,0,4.1067115e-11
0,0,3.5985915e-26
1,1,0.99998903
0,0,1.1209336e-16
0,0,8.021131e-18
0,0,3.0550433e-24
0,0,1.2498834e-09
0,0,7.372242e-05
0,0,5.0308702e-30
0,0,2.8397e-28
0,0,2.0619615e-11
0,0,2.683517e-39
0,0,2.1829752e-16
0,0,1.8778113e-17
0,0,1.2025799e-34
0,0,5.0457025e-17
0,0,3.0043127e-21
0,0,1.9178563e-09
0,0,3.5306077e-24
0,0,1.8206792e-36
0,0,1.0852942e-24
0,0,8.60578e-25
0,0,1.0712286e-29
0,0,6.5915144e-17
0,0,4.5146583e-27
0,0,3.1773825e-18
0,0,2.9106035e-28
0,0,8.0834567e-25
0,0,3.0653407e-12
1,1,0.7904065
0,0,0.0
0,0,7.34e-43
0,0,1.3654336e-26
0,0,6.995565e-26
0,0,3.5409394e-24
0,0,5.464885e-19
0,0,1.8221674e-12
0,0,1.0744128e-36
0,0,4.8320154e-12
0,0,2.669768e-36
0,0,6.582592e-25
0,0,2.0385351e-36
0,0,5.966989e-17
0,0,7.08e-43
0,0,2.684435e-27
0,0,1.2060002e-30
0,0,1.0850915e-24
0,0,1.1637039e-29
0,0,2.2811207e-34
0,0,3.4514176e-37
0,0,1.069706e-28
0,0,6.0164077e-31
0,0,2.9938902e-21
1,0,0.13351205
0,0,1.971167e-39
0,0,2.2877484e-30
0,0,0.22691205
0,0,1.0781956e-26
0,0,2.9670602e-12
0,0,2.71099e-16
0,0,2.41687e-06
1,0,0.32627958
0,0,3.287197e-18
1,1,0.9859474
0,0,7.749e-41
0,0,2.1726614e-27
0,0,1.0369202e-15
0,0,0.0
0,0,0.03439649
0,0,8.9850226e-14
0,0,8.1993467e-13
1,1,0.9960777
1,1,0.8825349
0,0,1.496827e-14
0,0,3.23357e-17
0,0,7e-45
0,0,7.8356757e-19
0,0,0.0
0,0,1.7454896e-27
0,0,9.403756e-20
0,0,1.9553354e-32
0,0,7.883609e-36
1,1,0.9999049
0,0,3.900422e-21
0,0,7.409758e-12
0,0,5.7567414e-12
0,0,6.7831904e-38
0,0,3.2229622e-20
0,0,2.7744772e-37
0,0,7.5169945e-37
0,0,2.7503484e-09
1,0,0.00023493863
0,0,1.143e-42
0,0,1.4152296e-19
0,0,2.1752972e-36
0,0,2.4349158e-29
0,0,6.149e-42
0,0,5.883523e-30
0,0,0.0
0,0,4.2417485e-25
1,0,0.013417212
0,0,2.0880734e-05
0,0,4.264127e-11
1,1,0.9972717
1,1,0.99999976
0,0,1.0344048e-20
0,0,3.066978e-31
1,1,0.99193853
0,0,7.151216e-13
1,1,0.87873966
0,0,1.8394414e-24
0,0,9.1262344e-26
1,1,0.99995244
0,0,1.4646834e-27
0,0,3.3988735e-26
0,0,1.30321805e-20
1,0,0.0003125616
0,0,0.0
1,1,0.98601764
0,0,2.2963391e-26
0,0,6.9e-44
0,1,0.8863711
0,0,4.996e-42
0,0,4.9282337e-18
1,1,0.9998247
0,0,0.0
0,0,2.5041654e-06
0,0,2.8612165e-37
0,0,3.409014e-19
0,0,8.541094e-39
0,0,0.0
0,0,9.3925416e-26
0,0,8.246178e-28
0,0,2.016512e-17
0,0,7.6253354e-20
0,0,4.688395e-10
0,0,1.0919951e-35
0,0,1.398108e-25
1,1,0.99994314
0,0,5.781932e-15
0,0,1.1522542e-22
0,0,6.539808e-28
0,0,1.7230515e-32
0,0,8.1267095e-18
0,0,1.3185864e-18
1,0,0.008308766
0,0,1.8283536e-16
0,0,3.630036e-36
1,0,3.9078646e-08
0,0,1.3073987e-38
0,0,1.0684344e-19
1,0,0.00072039093
0,0,1.7826949e-20
0,0,7.9873984e-16
0,0,1.9304227e-20
0,0,1.3758507e-31
0,0,2.7022773e-07
0,0,2.0183517e-24
1,0,2.1946553e-07
0,0,2.32334e-23
0,0,6.80225e-40
0,0,1.9555402e-36
0,0,2.887087e-25
0,0,6.831895e-19
0,0,6.548697e-35
0,0,1.3014415e-32
0,0,4.850433e-36
0,0,3.321359e-31
0,0,2.9602186e-36
0,0,2.13e-43
0,0,7.22e-43
0,0,2.4880882e-37
0,0,4.8006092e-11
1,1,0.99996054
0,0,2.725621e-24
1,1,0.76660246
0,0,7.603063e-26
0,0,2.5637462e-33
0,0,1.9143506e-10
0,1,0.9988802
0,0,7.3106326e-31
0,0,3.6912152e-19
0,0,2.3628171e-17
0,0,2.2260354e-08
0,0,1.1099896e-31
1,0,3.4062574e-05
0,0,2.077192e-32
1,0,3.8897565e-06
0,0,2.4499e-41
0,0,6.5489783e-18
0,0,0.0012859129
1,1,0.5847308
0,0,1.0670765e-22
0,0,4.9371123e-19
1,0,2.0063193e-05
0,0,9.578495e-32
0,0,8.387827e-15
0,0,0.0
0,0,9.555836e-31
0,0,4.451276e-15
0,0,2.3035733e-22
1,0,7.867114e-06
0,0,2.7e-44
0,0,0.0
0,0,3.9411196e-13
1,0,0.0021975215
0,0,7.617209e-09
0,0,2.0306947e-11
0,0,3.9162963e-08
0,0,7.1319656e-10
0,0,3.2383034e-21
0,1,0.9998908
0,0,4.2545735e-22
0,0,2.2e-44
0,0,3.7753053e-27
1,0,2.7377226e-05
0,0,1.8866829e-35
0,0,4.1150185e-28
0,0,9.6246624e-21
0,0,9.964006e-18
0,0,1.0146485e-14
0,0,1.0142941e-33
0,0,7.241478e-20
0,0,7.7996647e-23
0,0,7.401751e-30
1,0,0.08662482
0,0,1.6157244e-35
0,0,8.51419e-40
0,0,0.0001234487
0,0,3.0098686e-26
0,0,1.3321478e-08
0,0,1.5419157e-22
0,0,4.0476188e-22
0,0,7.2573705e-30
1,1,0.99954504
0,0,1.3203117e-27
0,0,7.9048e-40
0,0,1e-45
0,1,0.9985877
0,0,9.114943e-30
0,0,2.6483087e-18
1,1,0.99996257
1,1,0.98584926
0,0,4.4258042e-33
0,1,0.9992768
0,0,1.6771782e-30
0,0,1.0266486e-35
1,1,0.9999995
0,0,3.0952844e-21
0,0,2.8798397e-24
0,0,4.1050554e-24
0,0,1.6606164e-11
0,0,4.195982e-12
0,0,5.1052823e-15
0,0,4.6813548e-21
1,0,1.9266166e-08
1,0,0.044960093
0,0,1.1263214e-16
1,0,0.084790416
0,0,3.1709488e-28
0,0,3.7195376e-21
1,1,0.9988753
0,0,0.0
0,0,7.622024e-19
0,0,1.0664874e-35
1,1,0.9983569
1,0,0.0039936057
0,0,3.3644834e-33
0,0,9.343482e-25
0,0,2.6933903e-19
0,0,0.21084738
0,0,2.77272e-40
0,0,1.5614863e-20
0,0,1.983771e-11
1,1,0.999503
1,1,0.99975663
0,0,1.6244094e-25
1,1,0.80883694
0,0,2.4880213e-05
0,0,0.0
1,0,0.0048788083
0,0,1.1427e-40
1,1,0.9997663
0,0,6.473826e-30
1,1,0.80815774
0,0,1.6679292e-12
0,0,3.6013975e-31
0,0,8.6927415e-20
0,0,2.6464577e-20
0,0,6.6377916e-17
0,0,1.4504705e-21
0,0,1.121235e-20
0,0,2.7848212e-18
0,0,1.1282913e-23
1,0,0.002037462
0,0,3.4102836e-22
0,0,5.7097633e-27
0,0,0.34143475
0,0,1.0442307e-32
0,0,1.4274303e-17
1,0,0.08805734
0,0,1.8639678e-15
0,0,1.6520689e-32
0,0,3.6982024e-07
0,0,2.0789625e-22
1,0,0.044960093
0,0,1.8707e-41
1,1,0.9999845
0,0,1.7434988e-05
1,0,2.1761514e-06
1,1,0.99958843
0,0,1.0414973e-33
0,0,3.8520104e-14
0,0,3.6236278e-30
1,1,0.6665204
1,0,0.17976609
0,0,1.5151371e-12
0,0,7.959223e-11
0,0,1.8063565e-31
0,0,1.6674309e-37
1,0,0.00028821023
0,1,0.86171556
1,1,0.997471
0,0,0.0
0,0,1.4465197e-21
0,0,2.2843751e-36
1,0,0.011875857
0,0,7.6072914e-28
0,0,6.9711494e-30
0,0,1.5608445e-18
1,0,0.15302548
1,0,2.9938852e-05
0,0,1.4764783e-05
0,0,2.3573876e-14
0,0,6.381349e-35
0,0,9.844306e-20
0,0,6.6422887e-28
0,0,3.800106e-39
1,0,3.3103426e-08
0,0,2.9185383e-23
1,1,0.9997148
0,0,3.4783495e-25
0,0,7.511751e-29
1,0,7.4222604e-05
0,0,8.7558406e-20
0,0,2.5138182e-22
0,0,2.9774317e-29
0,0,7.509281e-23
0,0,1.3196168e-06
0,0,2.9640378e-36
0,0,3.6842e-39
0,0,4.128322e-12
0,0,4.113692e-32
0,0,2.9370184e-33
0,1,0.999858
0,0,5.996818e-23
0,0,6.4113384e-27
0,0,1.18e-43
0,0,3.7513558e-29
0,0,8.495966e-22
1,0,0.0026356368
0,0,2.960869e-24
0,0,8.937196e-26
0,0,3.902744e-21
0,0,3.8809536e-19
0,0,4.8903877e-17
0,0,5.0754185e-22
0,0,1.0278539e-12
1,1,0.7027549
1,1,0.99725854
0,0,4.5399828e-32
0,0,1.0837192e-37
1,0,8.226828e-08
0,0,0.0
1,0,3.8897565e-06
1,0,0.0048623295
0,0,5.7214515e-34
0,0,1.7195373e-26
0,0,2.1192246e-20
0,0,8.684521e-20
0,0,1.4378786e-07
0,0,5.3457976e-24
0,1,0.9998416
0,0,2.8994484e-25
0,0,4.729032e-11
1,1,0.99160767
0,0,9.926904e-10
0,0,0.06545002
0,0,4.773265e-22
0,0,6.7899403e-25
0,0,1.4865513e-20
0,0,0.0
0,0,8.9347664e-13
0,0,6.2563695e-28
0,0,0.0025377364
0,0,1.495419e-08
0,0,4.2521936e-12
1,1,0.9841023
1,1,0.999961
1,0,0.0003167771
1,0,3.3103426e-08
0,0,4.78543e-20
0,0,1.3736992e-33
0,0,4.5014105e-05
0,0,5.886951e-25
0,0,2.4586975e-06
0,0,1.4378944e-27
1,1,0.9874222
0,0,2.0526068e-26
0,0,0.0
0,0,6.6913256e-19
0,0,1.187e-42
1,0,0.0060766665
0,0,6.7835435e-33
0,0,4.673165e-36
0,0,9.593705e-25
0,0,1.0249614e-14
0,0,2.0552662e-23
0,0,8.006851e-26
0,0,1.373281e-24
0,0,1.5557554e-19
0,0,7.3881715e-33
0,0,4.8e-44
0,0,6.103014e-11
0,0,6.2580315e-31
0,0,3.330451e-19
0,0,1.4555644e-36
0,0,4.5915994e-20
0,0,2.6765369e-15
0,0,3.5e-44
1,1,0.9993917
0,0,9.384421e-09
0,0,1.9745476e-16
0,0,5.828042e-13
1,1,0.99999964
0,0,7.225404e-24
0,0,3.0919062e-38
0,0,2.0746333e-33
0,0,1.9121499e-29
0,0,2.4075472e-23
1,0,1.9453917e-05
0,0,0.024064217
0,0,5.149484e-31
1,1,0.9993383
0,0,2.1768518e-07
0,0,2.2236293e-23
1,0,1.5592938e-11
0,0,3.492531e-28
1,0,8.1931766e-08
0,0,1.9923585e-31
0,0,1.9263988e-20
0,0,4.174901e-11
0,0,4.5654023e-27
0,0,2.8623142e-18
0,0,0.0
0,0,0.0
0,0,3.8007553e-33
0,0,9.122048e-28
0,0,7.36593e-28
1,1,0.94711757
0,0,2.0689421e-07
0,0,4.6423335e-08
0,0,7.3913e-41
1,0,0.24902402
0,0,3.7033053e-25
0,0,3.620342e-07
0,0,6.052787e-21
0,0,5.507443e-15
1,0,2.077651e-05
0,0,1.8886065e-34
0,0,5.716624e-21
0,1,0.99896944
1,0,0.01326632
0,0,0.00056160317
1,1,0.89468807
0,0,4.672507e-28
0,0,1.2756184e-30
0,0,1.7569191e-35
0,0,6.76259e-18
0,0,4.6368865e-21
0,0,3.5050166e-13
1,1,0.949944
1,0,0.087591276
0,0,9.773536e-15
0,0,0.02093706
0,0,1.8268716e-05
0,0,1.3531256e-06
0,0,0.0
0,0,2.1480173e-23
0,0,8.967843e-38
0,0,0.0100480085
0,0,1.2529044e-14
1,0,0.00061832764
0,0,2.8224778e-33
0,1,0.8667405
0,0,6.641038e-38
0,0,1.7550105e-12
0,0,5.5871533e-31
0,0,1.1527943e-23
1,1,0.9989429
0,0,5.76886e-25
0,0,5.0845017e-09
0,0,3.6329212e-19
0,0,0.06649275
0,0,2.19399e-28
0,0,2.5443054e-21
0,0,7.1069524e-25
0,0,1.4422452e-12
0,0,1.6571108e-26
0,0,1.0383211e-08
0,0,7.9372526e-08
0,1,0.99534816
0,0,1.3478079e-33
0,0,2.0782103e-21
0,0,1.4355225e-14
0,0,7.0324924e-10
0,0,1.7789474e-25
1,0,3.543486e-06
0,0,4.8800788e-26
0,0,3.5686914e-20
0,0,3.5815902e-29
0,0,9.817572e-19
0,0,2.0044046e-22
0,0,5.1194106e-34
0,0,5.9766845e-35
0,0,6.595346e-22
0,0,2.474111e-13
0,0,2.2888807e-32
1,0,0.0015090203
0,0,6.583605e-15
0,0,0.0
0,0,0.00020298328
0,0,6.0443756e-14
0,1,0.99579704
1,1,0.9991856
1,1,0.99999976
0,0,7.409e-42
0,0,2.2252414e-23
0,0,1.989708e-12
0,0,1.4359772e-25
0,0,1.3787719e-31
0,0,8.135789e-20
0,0,1.8775829e-31
0,0,1.913455e-30
0,0,3.3162295e-25
1,0,0.00394897
0,0,7.623877e-36
0,0,8.293345e-27
0,0,1.086158e-20
0,0,4.30709e-22
0,0,0.0
1,1,0.99989796
0,0,6.8967786e-35
1,1,0.9382779
0,0,9.428696e-25
1,0,3.385754e-05
0,0,1.0564101e-11
0,0,3.3750225e-19
0,0,6.7418994e-20
0,0,2.6451146e-06
0,0,1.0414912e-22
0,0,4.6213902e-10
0,0,0.00035330027
0,0,2.5965283e-20
0,0,9.0933414e-30
0,0,1.3006931e-08
0,0,6.402911e-33
0,0,2.6545487e-26
0,0,3.9677704e-30
1,0,0.011125522
0,0,6.2063805e-28
1,0,2.6877231e-05
0,0,3.6913765e-23
0,0,1.825668e-26
0,0,1.2931002e-10
0,0,6.158012e-06
0,1,0.99298507
0,0,5.562144e-24
0,0,7.5469775e-18
1,0,3.56336e-12
0,0,1.2516178e-24
0,0,1.7595701e-18
0,0,1.2899814e-29
0,0,9.275779e-28
0,0,5.67031e-17
0,0,4.371784e-28
0,0,0.0
0,0,1.1230566e-31
0,0,6.6584027e-34
1,1,0.99982136
0,0,4.40618e-10
0,0,0.0
1,0,0.072673686
0,0,3.0771908e-35
0,0,9e-43
0,0,1.412373e-24
0,0,1.3530696e-30
0,0,4.8141654e-32
1,1,0.9999349
0,0,5.4189648e-12
0,0,2.358342e-13
0,0,9.4730513e-23
0,0,3.5327688e-36
0,0,1.8500341e-37
0,0,0.0
0,0,1.0072367e-21
0,0,5.573097e-26
0,0,4.98154e-31
0,0,5.140448e-19
0,0,2.1593838e-19
0,0,3.328916e-05
1,1,0.9993937
0,0,1.767048e-09
0,0,1.8105433e-32
0,0,4.5885246e-32
0,0,4.8689836e-16
0,0,1.0477214e-11
0,0,1.282897e-26
0,0,7.154339e-32
0,0,1.9317507e-33
0,0,3.6718e-30
1,0,1.2204839e-07
0,0,2.707114e-24
0,0,2.4593137e-17
0,0,2.6275308e-24
1,0,2.6733513e-09
0,0,1.716944e-31
0,0,3.126283e-19
0,0,1.8970489e-25
0,0,4.3738225e-34
1,0,4.1225332e-05
0,0,4.543496e-26
0,0,1.6294137e-30
0,0,6.531736e-11
0,0,1.3426314e-16
1,0,0.07808241
0,0,1.2895706e-25
0,0,3.709615e-23
0,0,1.9610524e-22
0,0,3.9759594e-19
0,0,1.20955026e-26
1,0,0.09103451
0,0,1.0900032e-17
0,0,5.611466e-29
1,0,0.00015875895
0,0,0.0
0,0,7.9540557e-13
0,0,2.7751624e-24
0,1,0.99991083
1,0,1.385607e-05
0,0,0.001047994
0,0,6.354133e-23
0,0,4.3690664e-28
0,0,7.565771e-18
0,0,1.4997301e-22
0,0,5.810214e-29
1,0,0.0048609176
0,0,2.9978613e-25
0,0,9.240605e-20
0,0,1.0005299e-16
0,0,6.921251e-31
0,0,1.7809927e-16
0,0,1.2553836e-35
0,0,2.374523e-28
0,0,8.91e-43
0,0,1.4466095e-34
1,1,0.99320436
0,0,0.0
0,0,6.9875396e-18
0,0,0.0012723907
0,0,0.0
1,1,0.9993254
1,1,0.9999267
0,0,3.3321977e-23
0,0,2.203957e-19
0,0,5.268094e-19
1,0,0.011679478
0,0,7.228523e-23
0,0,4.251037e-22
0,0,4.49323e-21
1,0,0.2799894
0,1,0.9674406
0,0,1.3405673e-07
0,0,3.1714078e-21
0,1,0.98548454
0,0,1.1890516e-24
0,0,1.8146991e-13
1,0,2.239129e-06
1,1,0.99982834
1,1,0.98486173
0,0,6.577641e-27
0,1,0.63205993
1,1,0.99837273
1,0,0.00031893226
0,0,3.3898813e-37
0,0,9.951056e-10
0,0,3.8456184e-24
0,1,0.9996772
0,0,3.1153574e-17
0,0,3.727908e-34
1,0,1.3116183e-05
0,0,6.1550565e-34
1,1,0.9969054
0,0,1.3803699e-26
0,0,4.912416e-16
0,0,8.008996e-32
0,0,1.5357918e-16
0,0,2.8280232e-29
0,0,5.1886574e-26
1,1,0.80815774
0,0,8.325156e-15
0,0,1.17900436e-20
1,0,0.033094555
0,0,9.339713e-23
0,0,0.0
0,1,0.99938285
1,0,2.7070937e-09
0,0,4.6424155e-18
0,0,8.743811e-23
0,0,1.4307e-41
1,1,0.9999871
0,0,0.0
0,0,1.5476536e-13
0,0,1.4133062e-23
0,0,2.3747334e-19
1,0,0.020341253
1,0,3.8891743e-05
0,0,0.040321168
0,0,9.731197e-23
0,0,1.4114129e-11
0,0,9.47826e-37
0,0,5.2162043e-18
1,1,0.6727968
0,0,1.8337344e-21
0,0,5.3403245e-28
0,0,5.2306097e-11
1,0,4.8935167e-06
0,0,2.733077e-38
0,0,6.750586e-16
0,0,2.192267e-09
0,0,9.251339e-25
0,0,8.513606e-24
0,0,4.5812266e-19
0,0,2.8218923e-21
1,1,0.9852308
0,0,8.627178e-10
0,0,2.4344952e-16
0,0,1.2646792e-28
0,1,0.99963486
0,0,0.0
0,0,3.0842002e-24
0,0,3.0588357e-30
0,1,0.7980488
0,0,1.894422e-12
0,0,3.627027e-39
0,0,2.276536e-22
1,1,0.99998903
0,0,5.428051e-18
1,0,2.2611434e-06
0,0,2.3388484e-23
0,0,5.8656838e-08
0,0,2.7889645e-20
0,0,9.15625e-09
0,0,9.411537e-14
0,0,3.0812722e-24
0,0,8.3968015e-20
1,0,0.00024211277
0,0,4.745784e-34
0,0,4.4932325e-35
1,0,0.00024901424
0,0,3.245337e-38
0,0,6.458925e-08
0,0,1.263969e-15
0,0,0.00021638635
0,0,0.00012259134
0,0,1.0633978e-24
0,0,1.4258796e-09
0,0,9.698723e-25
1,1,0.9999274
1,0,2.6733513e-09
0,0,4.6110064e-15
0,0,0.004496333
0,0,4.38592e-06
0,0,5.6310746e-26
0,0,3.4700283e-24
0,0,1.8712964e-25
0,0,2.3913472e-05
0,0,4.986203e-06
0,0,1.436e-41
0,0,0.0
0,0,2.6040295e-11
0,0,0.0
0,0,9.370387e-34
0,0,9.90997e-06
1,1,0.9999865
0,0,1.371528e-23
0,0,6.747291e-16
0,0,9.924015e-20
0,0,1.1870161e-25
1,0,2.1556943e-05
0,0,0.0
0,0,3.5340449e-16
0,0,7.882757e-31
0,0,2.0933778e-19
0,0,2.27e-43
0,0,0.00014989654
0,0,5.3836515e-11
0,0,5.219787e-18
0,0,0.10723037
0,0,9.8707484e-26
0,0,8.433088e-17
1,1,0.7755443
0,0,0.003852096
0,0,2.6237082e-29
0,0,6.64846e-32
0,0,1.4310845e-38
0,0,5.35296e-05
0,0,4.9260685e-27
0,0,1.5254862e-31
0,0,1.5810532e-16
1,0,0.00025819344
0,0,1.1926909e-08
1,0,3.385754e-05
1,0,2.3678394e-06
0,0,2.7115803e-23
0,0,2.275362e-31
0,0,0.008059059
0,0,1.0974191e-36
0,0,5.9621032e-30
1,1,0.91480076
0,0,2.4010731e-37
1,1,0.8842221
0,0,3.86972e-18
0,0,1.18460265e-29
1,1,0.7581743
0,0,6.0059023e-17
0,0,5.927812e-23
0,0,2.3793767e-11
0,0,0.0
0,0,2.6249863e-24
0,0,1.03341535e-19
1,0,5.344208e-05
0,0,1.0763841e-32
0,1,0.9976477
0,0,1.8339513e-36
0,0,4.7406343e-16
0,0,3.6555204e-29
1,0,0.008932804
1,0,2.1503624e-07
0,0,7.9927724e-21
0,0,3.175883e-16
0,0,5.6793688e-21
0,0,2.9566959e-22
0,0,2.344872e-05
0,0,2.0234887e-14
1,1,0.8696993
0,0,9.255484e-22
0,0,5.057865e-31
0,0,0.0
1,1,0.9999238
0,0,2.4517656e-38
0,0,1.442361e-19
0,0,9.280357e-33
0,0,4.1184568e-36
0,0,1.68658e-27
0,0,0.00047394919
0,0,4.3903123e-23
0,0,9.04031e-17
0,0,2.8237818e-25
0,0,1.4476329e-31
0,0,7.099494e-27
0,0,3.164982e-05
0,0,4.2077838e-10
0,0,1.4851336e-36
0,0,2.5964287e-13
0,0,3.3366556e-12
0,0,1.3300926e-21
0,0,1.1454185e-05
0,0,5.9619027e-36
0,0,1.2677374e-27
1,1,0.9999852
0,1,0.9905404
0,0,4.4390624e-17
0,0,1.1724562e-20
0,0,6.0265265e-08
0,0,9.6546585e-23
0,0,7.962195e-27
0,0,2.820552e-25
0,0,2.9150585e-36
1,0,0.17141505
0,0,1.2820145e-29
0,1,0.99910647
0,0,2.565436e-20
0,0,3.241366e-30
0,0,3.766112e-28
0,0,6.3644554e-27
1,0,0.00027639393
0,0,3.9773015e-38
0,0,5.7913515e-17
0,0,0.4173254
1,0,0.030775178
1,0,0.3234061
0,0,7.5235544e-17
0,0,5.7727625e-08
0,0,1.5535629e-24
1,1,0.93529785
0,0,2.5333662e-25
0,0,2.3358717e-22
0,0,6.2197315e-18
0,0,1.7912337e-38
0,0,2.566052e-28
0,0,2.7538147e-06
0,0,4.8434577e-23
0,0,1.1008734e-22
1,0,4.3327884e-05
0,0,1.2812e-41
0,1,0.843426
0,0,2.201e-42
1,1,0.9999995
0,0,0.00029749097
1,0,0.01326632
0,0,1.5922979e-25
0,0,1.9503322e-14
0,0,2.3726002e-31
1,1,0.99992836
1,1,0.9996517
0,0,1.7942e-41
0,0,7.2172925e-35
0,0,1.4076563e-16
0,0,1e-45
0,0,1.1012435e-14
0,0,1.2509157e-17
0,0,8.3e-44
0,1,0.97622013
0,0,9.24048e-39
1,0,1.7443855e-07
0,0,1.5298764e-21
0,0,2.0089294e-06
1,0,0.29734474
0,0,3.269955e-15
0,0,0.00022956166
0,0,0.0
0,0,7.5018426e-29
0,0,2.6402808e-32
0,0,7.899377e-15
0,0,4.7536653e-19
0,0,2.977606e-19
0,0,2.0473361e-26
0,0,2.4089362e-29
0,0,2.3322108e-12
0,0,2.859744e-29
0,0,1.0924355e-22
0,0,6.01643e-16
0,0,0.0064002485
0,0,2.8454707e-34
0,0,1.8332066e-17
0,0,5.711095e-26
0,0,6.5962014e-22
0,0,1.2781051e-26
0,0,3.324283e-11
0,0,1.2658863e-35
0,0,0.07495244
1,1,0.93318033
1,1,0.99999976
0,0,3.0147106e-08
0,1,0.9973974
1,0,0.0010761783
0,0,1.1067094e-22
0,0,1.3581209e-24
0,0,2.5899006e-20
1,0,5.101308e-06
0,0,8.865324e-31
0,0,5.526849e-22
0,0,4.1385575e-26
1,0,0.15018086
0,0,4.2202195e-05
0,0,0.0
1,0,0.033600528
0,0,3.396582e-32
1,0,0.26225767
0,0,3.0773567e-19
0,0,3.518823e-20
0,0,2.8388563e-12
0,0,6.0397214e-17
0,0,1.4966074e-25
0,0,8.378135e-23
0,0,4.958996e-16
0,0,2.0051417e-34
1,1,0.98026705
0,0,6.664485e-24
0,0,1.5e-44
0,0,1.2064291e-21
0,0,2.1031009e-21
0,0,3.334964e-19
0,0,9.545926e-31
0,0,5.6697153e-28
0,0,0.0
0,0,7.684956e-15
0,0,2.7952343e-30
0,0,7.050717e-29
0,0,1.0120911e-33
1,1,0.99999964
0,0,2.7416604e-08
0,0,9.9505953e-26
1,0,0.0030240864
1,1,0.99960715
0,0,1.316597e-24
0,0,4.1817876e-18
0,0,1.2157853e-06
0,0,9.002645e-28
1,0,6.8520545e-05
0,1,0.99967146
0,0,2.945174e-26
0,0,7.3270764e-16
0,0,4.4150363e-37
0,0,2.9658768e-24
0,0,5.547098e-06
1,0,1.7805718e-08
0,0,3.087574e-27
1,0,0.0006749394
0,0,9.197022e-30
0,0,2.1254598e-34
1,1,0.99891233
1,0,0.0009337047
0,0,3.0034374e-24
0,0,1.1117277e-22
0,0,4.3157377e-31
0,0,1.533676e-19
0,0,1.4938528e-32
0,0,1.0644468e-28
0,0,2.2004126e-26
0,0,3.2477766e-23
1,1,0.9859474
0,0,1.4332986e-21
0,0,7.42503e-29
0,0,1.6131452e-11
1,1,0.99974555
1,1,0.7671332
0,0,1.594187e-19
1,0,0.001719756
0,0,6.242e-41
0,0,1.444596e-20
0,0,2.84989e-40
1,1,0.99834454
1,0,0.00031959123
0,0,2.113892e-31
0,0,1.6343684e-08
1,1,0.99791116
0,0,7.0967125e-25
1,0,0.008089674
1,0,3.519443e-11
0,0,4.738914e-32
1,1,0.9999049
0,0,1.8658565e-07
0,0,1.923064e-14
0,0,1.9056061e-19
1,0,0.0003125616
0,0,5.695952e-11
0,0,2.5656428e-19
0,0,1.0124294e-21
1,1,0.92047244
1,0,0.002883427
0,0,1.131388e-06
1,0,0.0112059405
1,1,0.9999536
1,0,0.033094555
1,0,0.0035705953
0,0,4.8523647e-18
0,0,3.3681885e-29
0,0,1.5260451e-12
0,0,0.17605609
0,0,1.0255957e-20
1,0,0.003975012
0,0,8.582095e-21
0,0,1.5077544e-23
0,0,1.538871e-08
0,0,1.3207511e-33
0,0,0.0
0,0,1.7170491e-38
0,0,4.562672e-33
0,0,2.738187e-33
0,0,1.8299139e-34
0,0,1.0896767e-21
0,0,4.6253386e-26
1,0,0.00022331627
0,0,7.4e-43
0,0,2.0519057e-05
0,0,7.798964e-27
1,1,0.98851657
0,0,3.7796516e-15
0,0,6.559525e-27
1,1,0.99972767
0,0,1.4233675e-11
0,0,0.0020979224
0,0,3.9208353e-33
0,0,9.159591e-23
0,0,4.4471414e-12
0,0,5.691769e-23
0,0,1.927855e-27
0,0,6.338524e-29
1,1,0.94645184
0,0,1.895e-42
0,0,3.3468096e-23
0,0,1.9415027e-14
0,0,1.2220593e-25
0,0,3.8160675e-18
1,0,0.003310279
1,1,0.9987232
0,0,0.039493807
0,0,3.1322594e-14
0,0,1.1853274e-34
0,0,5.9624227e-37
0,0,7.737953e-18
0,0,3.8404887e-16
0,0,0.0
0,0,2.662729e-14
0,0,3.381091e-27
0,0,7.633015e-36
0,0,7.180207e-16
0,0,3.647944e-28
1,0,1.3244698e-25
0,0,3.0935805e-31
0,0,5.0715826e-06
0,0,0.024654815
0,0,4.5425696e-22
0,0,3.591347e-13
0,0,0.00045701372
0,0,4e-45
0,0,8.0301046e-17
0,1,0.99956685
0,0,1.5226444e-37
0,0,1.1777757e-30
0,0,7.938697e-33
0,0,3.5623377e-21
1,1,0.997681
0,1,0.95895046
0,0,4.4133312e-24
1,1,0.9996165
0,0,1.4484358e-21
0,0,3.8360248e-30
0,0,0.0
1,0,0.00011679789
1,0,7.4048345e-05
0,0,1.23161335e-14
1,0,0.0041222693
0,0,5.9697498e-30
1,0,0.00028474184
0,0,0.0
0,0,9.9399374e-18
1,1,0.9994103
1,1,0.9999995
0,1,0.99961936
0,0,2.573236e-29
0,0,3.3381429e-21
0,0,7.194435e-24
0,0,1.0038901e-09
1,1,0.9996258
0,0,4.726248e-14
0,1,0.94667333
0,0,4.06113e-25
1,0,0.03255401
1,0,0.12521087
1,1,0.9998735
0,1,0.99594975
1,0,9.53888e-07
1,0,0.0027959426
0,0,6.5880386e-19
0,0,2.2283574e-17
0,0,1.4713423e-05
0,0,5.526991e-24
0,0,3.319454e-19
0,0,1.1941272e-08
0,0,1.3619919e-38
0,0,1.4222329e-19
0,1,0.8473526
1,0,0.00025780677
0,0,2.6047095e-15
1,1,0.9831783
0,0,1.6866567e-20
0,0,1.0180227e-19
0,0,4.3068035e-18
0,1,0.99944645
0,0,0.0
0,0,1.8018535e-11
0,0,1.2220422e-30
0,0,4.379674e-08
1,0,0.3617677
0,0,2.2328507e-24
1,1,0.9623197
0,0,4.6096834e-13
0,0,4.19587e-40
0,0,0.0
0,0,2.6304347e-20
0,0,4.27258e-21
0,0,3.1434571e-18
0,0,0.0
0,0,2.162341e-36
0,0,5.4937258e-28
0,0,1.9357045e-33
1,0,1.3244698e-25
0,0,1.174437e-39
1,1,0.9987232
0,0,5.2598344e-29
0,0,1.5930226e-23
1,0,0.033644963
1,0,4.7844804e-09
1,0,0.00014941266
0,0,3.5599586e-22
0,0,2.1245603e-05
0,0,0.0
0,0,2.1608556e-22
0,0,8.0191355e-27
0,0,3.6725072e-19
0,0,2.9511203e-13
0,0,8.10553e-26
0,0,2.1417649e-24
0,0,1.9720413e-23
0,0,1.5061161e-38
0,0,8.683889e-28
0,0,8.5608945e-24
0,0,3.606644e-07
0,1,0.99863845
0,0,7.324968e-12
0,0,1.7073611e-25
0,0,6.727323e-38
0,0,0.13667864
0,0,3.9972592e-22
1,0,0.112034656
1,1,0.94344795
1,0,4.67805e-05
0,0,6.74706e-40
0,0,2.0960562e-25
0,1,0.7427757
0,0,1.5127502e-22
0,0,2.8446344e-27
0,0,2.13095e-39
0,0,1.0589854e-24
0,0,1.018502e-39
0,0,3.826007e-26
0,0,2.4994656e-37
0,0,0.31097066
0,0,7.555137e-31
0,0,4.050258e-23
0,0,1.2276653e-34
0,0,0.0
0,0,0.0
0,0,2.8208194e-11
0,0,8.917471e-35
0,0,2.1189526e-25
1,1,0.9986442
0,0,1.6531643e-19
0,0,1.9595128e-36
0,0,0.0
0,0,1.4402091e-22
0,0,4.9199422e-21
0,0,3.6746146e-31
0,0,3.7196277e-26
0,0,1.3454117e-14
0,0,3.1296455e-28
0,0,1.0194585e-23
0,0,1.7475735e-21
0,1,0.99644655
0,0,1.0190132e-27
0,0,7.4827483e-22
0,0,0.0
0,0,1.3556366e-31
0,0,6.320883e-26
0,0,2.693728e-20
0,0,5.3128525e-28
0,0,0.0014901998
0,0,0.34111276
1,0,0.006602263
1,1,0.999816
0,0,4.8299604e-27
0,0,2.0697833e-22
0,0,0.0
0,0,2.2162404e-12
1,0,0.09320099
1,0,0.08139874
1,0,0.00034119046
0,1,0.9717236
1,0,1.8218365e-05
0,0,6.137714e-24
1,0,1.8795394e-05
0,0,4.5569914e-06
0,0,5.178362e-31
0,0,5.747401e-32
1,0,7.604842e-07
0,0,1.8911314e-10
0,0,6.601785e-31
0,0,1.5437536e-20
0,0,4.6513128e-26
1,1,0.9908422
1,0,2.2419295e-07
1,1,0.99861395
0,0,7.633646e-16
0,0,4.3913325e-05
0,0,2.0440996e-09
0,0,1.140467e-25
0,0,2.1616586e-19
0,0,1.4147378e-20
0,0,5.5886824e-18
0,0,4.83086e-36
0,0,5.3122552e-24
1,1,0.9977545
0,0,2.3275877e-13
0,0,6.726721e-34
0,0,7.387613e-24
0,0,2.0048542e-16
1,0,0.42543814
1,0,0.00021415629
0,0,3.3615275e-21
0,1,0.9996363
0,0,2.9602186e-36
0,0,0.0034627076
0,0,5.8184156e-07
0,0,3.661051e-08
0,0,6.021506e-23
0,0,7.049257e-06
0,0,1.1103726e-20
1,0,5.864123e-06
0,0,9.03873e-40
1,1,0.99560297
0,0,3.687573e-25
0,0,4.070258e-36
0,0,1.4319308e-23
0,0,2.194304e-39
1,0,0.009942951
0,0,5.6e-44
0,0,2.9567493e-24
0,0,2.3638875e-19
0,0,4.7475163e-29
0,0,9.359513e-22
0,0,0.0
1,1,0.9999931
0,0,2.150356e-21
0,0,8.256988e-10
0,0,5.7241565e-27
0,0,4.7909134e-26
0,0,5.0226286e-21
1,0,1.4570439e-07
0,0,7.4833255e-13
0,0,3.491746e-20
1,1,0.998106
0,0,1.4903348e-10
1,1,0.9999989
0,0,0.015026395
0,0,3.206e-42
0,0,1.33213e-40
0,0,5.9515504e-18
0,0,2.4731947e-21
1,0,0.0007586813
0,0,1.4365489e-30
1,0,0.0042022555
1,0,6.80376e-10
1,0,2.0062096e-07
0,0,6.4081455e-24
1,1,0.99999523
0,0,2.52e-43
0,0,0.0013726034
0,0,1.5542831e-07
0,0,2.0370322e-16
0,1,0.99986815
1,0,3.6524063e-06
0,0,3.8233606e-29
0,0,2.5519866e-27
0,0,4.201042e-05
0,0,6.63445e-17
0,0,7.4098645e-21
0,0,6.0812983e-29
0,0,1.1046393e-28
1,0,2.829691e-05
0,0,6.175121e-33
0,0,7.1095486e-12
0,0,6.9721797e-17
0,0,5.32514e-16
0,0,6.2709126e-12
0,0,3.7803467e-21
1,0,0.0011015355
0,0,9.813114e-27
0,0,7.378653e-25
0,0,5.3140092e-20
1,0,0.01624119
1,0,0.00038690364
1,1,0.99330395
0,0,1.4074082e-25
0,0,1.6119514e-19
0,0,1e-45
0,0,3.8677338e-30
1,0,3.4681878e-05
0,0,2.2412928e-37
0,0,2.3979292e-06
0,0,0.0
0,0,1.6547605e-19
0,0,6.138368e-32
1,1,0.9997036
0,0,2.003597e-27
1,1,0.999997
0,1,0.9722507
0,0,6.2422254e-23
0,0,1.01559e-40
0,0,5.7894876e-35
0,0,5.0606446e-12
0,0,2.1072226e-07
0,1,0.9999877
0,0,1.2733628e-37
0,0,3.1610867e-25
0,0,3.511467e-32
0,0,2.1664506e-23
1,1,0.99280626
0,0,1.9080431e-26
0,0,1.3e-44
0,0,1.3406495e-33
1,1,0.9999479
0,0,2.8e-44
0,0,9.74e-43
0,0,1.4485378e-25
0,0,2.3931402e-11
0,0,1.9838033e-24
0,0,1.762185e-31
0,0,7.0117676e-05
0,0,2.3858662e-11
0,1,0.9974976
0,0,8.6869004e-29
0,0,3.5214953e-20
0,0,1.7768494e-20
0,0,9.270788e-21
0,0,1.5205884e-16
0,0,8.583477e-08
0,0,9.4711346e-08
0,0,1.4531924e-10
0,0,1.1736823e-20
0,0,2.979907e-38
0,0,1.3230922e-31
1,0,2.1647215e-06
0,0,7.356463e-29
0,0,3.4606693e-24
1,0,0.13265684
0,0,9.1220995e-32
0,0,1.1045465e-28
1,1,0.99995244
0,0,3.8306067e-07
0,0,0.0
0,0,6.3088603e-34
0,0,8.075332e-22
1,0,5.885479e-14
0,0,8.970987e-24
0,0,3.2e-44
1,1,0.9787169
0,0,4.3532777e-36
0,0,3.1002562e-23
0,0,1.6389034e-35
0,0,5.026922e-21
1,1,0.9155469
1,0,0.0008125149
0,0,4.0993843e-27
0,0,4.3402156e-19
0,0,0.0
1,0,2.2856031e-05
0,0,1.4210863e-22
1,1,0.9998348
0,0,6.2009006e-17
1,0,7.569723e-05
0,0,4.08207e-31
1,1,0.91190445
0,0,1.3390687e-20
0,0,2.7338798e-23
0,0,2.7787916e-27
0,0,1.2901607e-18
0,0,4.7314215e-38
0,0,7.0798804e-36
0,0,3.5988068e-21
0,0,0.0
0,0,2.6667289e-33
1,1,0.9991516
0,0,6.162139e-38
0,0,2.7232997e-34
0,0,0.0
1,1,0.9985355
0,0,0.0
0,0,1.377045e-20
0,0,1.6187098e-28
0,0,3.127297e-07
0,0,6.7739057e-16
1,0,0.008699669
0,0,9.439303e-27
0,1,0.9991726
0,0,3.5444884e-27
0,1,0.999114
0,0,1.35252e-40
0,0,1.1195622e-23
0,0,1.3058748e-36
0,0,6.646293e-28
0,0,9.518945e-16
0,0,8.9729694e-17
1,1,0.9916249
0,0,1.13256306e-26
0,0,9.6053104e-33
0,0,8.6568494e-17
0,0,8.71556e-18
0,0,2.7995477e-21
1,1,0.9973385
0,0,8.3893355e-14
0,0,0.0
1,0,1.7694065e-05
0,0,1.24008974e-29
1,0,5.3039257e-05
0,0,3.77566e-15
0,0,3.6414662e-20
0,0,8.9368416e-29
1,0,6.2906947e-06
0,0,6.043201e-32
1,0,0.123784065
1,1,0.87154526
0,0,1.1002935e-23
1,0,0.028030103
0,0,6.951908e-19
0,0,5.80325e-40
0,0,4.919974e-31
0,0,1.9048897e-12
0,0,3.9397509e-07
0,0,5.3545313e-17
0,0,4.099446e-35
0,0,5.6218777e-22
0,0,2.820284e-17
0,0,3.103019e-08
0,1,0.98510784
0,0,5.2883846e-21
0,0,7.6525803e-13
0,0,1.3130699e-18
0,0,6.810246e-19
0,0,4.051357e-22
0,0,0.4225366
0,0,1.16992e-25
0,0,0.33657718
0,0,1.5619477e-24
0,0,1.2918949e-32
0,0,4.695051e-37
0,0,6.108e-42
0,0,0.00047453956
0,1,0.9996351
1,0,0.0003138013
1,0,7.818509e-11
1,0,0.00028474184
1,1,0.87580323
0,0,0.0
0,0,2.7434445e-19
0,0,6.8762497e-06
0,1,0.68517137
0,0,5.4799573e-19
1,0,0.0005636106
0,0,2.6409886e-15
0,0,1.5263585e-17
0,0,5.635002e-35
0,0,9.778429e-36
0,0,2.196351e-21
0,0,9.865546e-07
0,0,7.446826e-11
1,1,0.71460927
0,0,2.6892666e-09
0,0,2.0060964e-21
0,0,1.4456755e-21
0,0,1.2861341e-14
0,0,5.601711e-15
0,0,1.7759246e-16
1,0,3.5482306e-06
0,0,2.2536194e-06
0,0,3.2236793e-25
1,1,0.9999063
0,0,8.253181e-24
0,0,2.3944753e-17
0,0,6.893431e-22
1,1,0.99937135
0,0,1.710198e-05
0,0,1.1757578e-19
0,0,2.1632544e-23
0,0,1.5571659e-07
0,0,2.3174168e-17
0,0,3.4366856e-17
0,0,8.83436e-25
0,0,1.4358534e-22
0,0,6.4708566e-32
0,0,2.544708e-25
0,0,5.624e-15
0,0,2.4380987e-18
0,0,1.3121039e-10
0,0,1.8842726e-36
0,0,9.3710325e-05
0,0,1.5071802e-22
0,0,6.828029e-37
1,0,0.15764228
1,0,0.098933496
0,0,1.9512107e-10
0,0,8.5380684e-38
1,0,2.5770948e-08
1,0,0.0027959426
0,0,4.147848e-20
1,1,0.9909711
0,0,1.7666811e-16
0,0,1.7813368e-26
0,0,7.267883e-34
1,0,0.00010914506
1,0,9.2479254e-08
0,0,5.6034167e-24
0,0,1.3588985e-16
0,0,0.0
1,1,0.99961394
0,0,1.30558666e-20
0,0,1.1991853e-19
0,0,4.440982e-22
1,0,0.0002251867
0,0,5.873674e-09
0,0,5.458374e-23
0,0,5.3520486e-29
0,0,2.963966e-31
0,0,2.761102e-28
0,0,3.0472825e-30
0,0,3.9873926e-21
0,0,5.1484768e-18
1,1,0.9195052
0,0,2.1202145e-17
0,0,1.4441468e-06
1,0,0.0010442276
0,0,6.093254e-30
0,0,3.041304e-36
1,1,0.99999857
0,0,2.4517e-41
0,0,2.4543826e-33
0,0,3.1035615e-13
0,0,1.2046034e-21
0,0,2.3356014e-17
0,0,1.2772269e-06
1,0,0.00030895014
0,0,3.7138874e-25
0,0,4.6686297e-25
0,0,5.871612e-17
0,0,3.9588567e-12
0,0,9.543805e-33
0,0,1.5048657e-21
0,0,2.681103e-39
0,0,5.911125e-38
0,0,0.0
0,0,4.6486997e-21
0,0,2.151742e-14
0,0,1.2392924e-26
1,1,0.99997604
0,0,8.831518e-20
0,0,8.880158e-29
0,0,4.6997127e-21
0,0,3.5957007e-16
0,0,7.4668373e-22
0,0,3.859445e-18
0,0,0.0
0,0,3.2197211e-18
1,1,0.6145898
0,0,0.0046153674
0,0,3.181e-42
1,1,0.9999875
0,0,6.263803e-26
0,0,1.9420455e-23
1,0,0.00028821023
0,0,5.494647e-21
0,0,4.8789556e-21
0,0,1.3014071e-09
0,0,1.1387378e-06
0,0,1.4085911e-12
0,0,2.0534956e-07
0,0,1.9332359e-22
0,0,4.2166046e-14
0,0,9.3728496e-35
0,0,2.022023e-36
0,0,0.0
0,0,1.2983505e-12
0,0,1.3010882e-26
0,0,1.9531507e-25
0,0,6.796865e-31
0,0,8.04567e-27
1,0,1.7694065e-05
0,0,2.2933942e-14
0,0,7.463808e-10
0,0,6.7509054e-28
1,0,0.01274217
1,1,0.7914276
0,0,4.8709964e-21
1,0,6.0587412e-05
0,0,0.0019045206
0,0,1.3270352e-08
0,0,6.166557e-24
0,0,9.65569e-23
0,0,6.9507505e-24
0,0,1.1604107e-21
0,0,1.00171505e-36
0,0,5.9829513e-22
0,0,3.897808e-19
0,1,0.9672268
0,0,2.0148044e-25
0,0,6.894467e-19
0,0,2.039442e-09
0,0,0.0
0,0,1e-45
0,0,4.9624812e-30
1,1,0.9985355
0,0,8.744708e-39
0,0,8.2505914e-26
0,0,4.332746e-23
0,0,2.4111138e-30
0,0,2.9871449e-06
0,0,1e-44
0,0,1.7596248e-06
0,0,3e-45
0,0,0.0
0,0,1.3136297e-20
0,0,6.192594e-20
1,1,0.99998903
1,0,0.01714282
0,0,3.8961026e-32
0,0,0.0
0,0,4.38273e-40
1,0,2.6685486e-08
0,0,1.3194326e-09
0,0,3.1694283e-11
0,0,8.9163943e-10
1,0,1.8218365e-05
1,0,0.0003431428
0,0,1.7748895e-15
0,0,7.3194786e-07
0,1,0.6425947
0,0,2.424887e-36
1,0,3.3960224e-11
0,0,2.9136496e-19
0,0,7.356531e-11
1,1,0.9987696
0,0,1e-45
0,0,2.0729433e-15
0,0,0.0
0,0,3.630371e-27
0,0,4.093202e-09
1,1,0.9995615
0,0,3.0507445e-25
0,0,8.419337e-23
1,1,0.70245147
0,0,6.7349866e-08
1,1,0.9529454
0,0,1.2961105e-32
1,0,3.8564923e-07
0,0,0.0
0,0,4.36916e-12
1,0,0.053914502
1,0,0.0008461274
0,0,5.275912e-21
1,0,0.00998821
0,0,3.374631e-06
0,0,3.4673e-18
0,0,2.8339945e-22
0,0,0.021113938
0,0,3.4631086e-26
0,0,1.3521013e-35
0,0,2.4187817e-35
0,0,1.1829565e-18
0,0,6.0921757e-18
0,0,1.7587471e-08
1,0,0.08107178
0,0,2.9102673e-30
0,0,2.4404915e-17
0,0,1.3802016e-07
1,0,2.525395e-06
0,0,1.0982371e-26
1,0,1.4964112e-07
0,0,8.77921e-22
0,0,3.2594685e-23
1,1,0.99954504
0,0,6.2226145e-06
0,0,9.2414976e-10
0,0,1.2704269e-38
0,0,0.19156171
0,0,1.3861586e-07
0,0,2.3880388e-29
1,0,2.1898233e-08
1,0,0.0010579983
0,0,1.6144729e-36
0,0,3.608178e-08
0,0,2.0359498e-26
0,0,1.5755767e-28
0,0,6.380876e-08
0,0,0.014094724
1,0,0.03677891
0,0,4.778463e-12
0,1,0.9979359
1,0,1.0806559e-07
1,0,0.00047173616
0,0,1.197787e-33
0,0,6.809036e-16
0,0,6.6079124e-22
0,0,1.7804113e-09
0,0,0.0
0,0,2.2665998e-27
1,1,0.95879525
0,0,6.6419894e-19
1,1,0.99426347
0,0,1.314159e-38
0,0,3.733076e-33
0,0,1.03041346e-16
0,0,1.3345981e-25
0,0,4e-45
0,0,2.87274e-32
0,0,3.045406e-26
0,0,7.99e-43
0,0,2.1715208e-17
0,0,0.0
0,0,1.5909594e-36
0,0,0.0
0,0,4.3464993e-17
0,0,3.2403516e-23
1,1,0.9999995
0,0,5.939445e-16
0,0,1.1734399e-36
0,0,1.802525e-21
0,0,3.217428e-06
0,0,6.992491e-09
0,0,6.473609e-36
0,0,3.152877e-15
0,0,0.00094922434
0,0,3.0082935e-35
0,0,6.8139157e-25
1,1,0.999821
0,0,7.552066e-28
0,1,0.99970156
0,0,6.623e-42
0,0,3.3403312e-15
0,0,6.221927e-14
0,0,9.114343e-17
0,0,2.2312015e-06
1,0,4.926445e-06
0,0,1.01433646e-26
0,0,8.4441e-41
1,1,0.52923435
0,0,1.647714e-39
1,1,0.99214315
0,0,6.1211275e-12
0,0,1.4414172e-31
0,0,1.5667164e-23
0,1,0.9898391
0,0,0.00044168992
0,0,1.5281783e-22
0,0,2.1741488e-24
0,0,1.3386516e-25
0,0,2.6156304e-24
1,0,0.2777382
1,1,0.5858865
0,0,9.75113e-20
0,0,3.8386997e-17
1,0,0.005839518
0,0,2.061822e-09
0,0,0.009182711
0,0,8.906296e-18
0,0,4.6483594e-30
0,0,1.194807e-18
0,1,0.92061377
0,0,3.64112e-40
0,0,1.0491403e-20
0,0,2.9084012e-16
0,0,3.027661e-18
0,0,0.002489125
0,0,1.035133e-09
0,0,2.5262435e-18
0,0,3.7454345e-11
0,0,9.503836e-19
0,0,4.132633e-15
0,0,3.082643e-27
0,0,1.6424326e-21
0,0,9.373912e-37
1,1,0.96189606
0,1,0.8172025
0,1,0.9244988
0,0,6.9177736e-29
0,0,1.160742e-11
0,0,2.5805488e-22
0,0,2.8762279e-24
0,0,3.113264e-11
0,0,8.689874e-16
0,1,0.9935562
1,0,0.29940322
0,0,1.4793836e-28
0,0,4.6156043e-28
1,1,0.9908529
0,0,4.248751e-22
0,0,2.661266e-22
0,0,1.2514097e-36
0,0,7.1991276e-17
0,0,1.1939353e-28
0,0,3.968e-42
0,0,4.364934e-21
0,0,3.7586602e-22
1,0,0.008932804
0,1,0.99985695
0,0,4.8864256e-28
0,0,1.1252928e-20
0,0,1.4907803e-30
1,0,0.0049280915
0,0,1.6522331e-06
1,0,0.00061832764
0,0,2.3641877e-17
1,1,0.98913294
0,0,2.5408513e-22
0,0,1.1288981e-31
0,0,1.178376e-18
0,0,2.1946172e-36
0,0,6.0148408e-33
0,0,2.472982e-25
0,0,2.4534707e-36
0,0,7.8249265e-33
0,0,1.2023834e-25
0,0,1.0907197e-30
0,1,0.9997241
1,1,0.5847308
0,0,2.1474583e-17
0,0,2.2740888e-14
0,0,7.5409954e-17
0,0,1.22584895e-20
0,0,1.1203218e-32
0,0,1.6227533e-13
0,0,1.234314e-20
0,0,5.5153173e-26
1,1,0.99849236
0,1,0.9999759
0,0,1.0449703e-20
0,0,8.277968e-12
0,0,1.0462983e-28
0,1,0.99947995
0,0,1.3984483e-34
0,0,2.4009375e-13
0,0,2.2672028e-29
0,0,6.864583e-32
1,1,0.99986684
0,0,4.1906633e-27
0,0,8.518562e-20
0,1,0.94900304
0,0,4.623886e-21
0,1,0.9990545
0,0,1.3020175e-32
1,1,0.9224665
0,0,2.2984137e-13
0,1,0.99035245
0,1,0.99829525
0,0,3.1406926e-23
0,1,0.8006908
0,0,1.3132369e-23
0,0,1.0205882e-28
0,0,5.442744e-21
0,0,3.4087308e-25
0,0,3.49554e-11
0,0,1.0214947e-15
1,0,0.07230602
0,0,1.4310263e-28
0,0,1.0075332e-27
0,0,9.653785e-21
0,0,2.2956654e-06
0,0,2.9117227e-22
0,0,0.0
0,0,2.0856236e-14
0,0,6.850606e-08
0,0,3.2786918e-08
0,0,1.9722807e-32
1,0,0.00016728608
0,0,1.1323437e-13
0,0,4.4188106e-37
0,0,9.552893e-14
0,0,3.76e-43
0,0,1.01877665e-26
1,0,1.6849716e-09
0,0,5.2950705e-27
0,0,1.4376015e-30
0,0,1.3017827e-19
0,0,0.004366062
0,0,1.1091638e-24
0,0,1.6741223e-23
0,0,2.00818e-05
0,0,0.0
0,0,4.0724135e-30
1,1,0.795915
0,0,3.6376444e-22
0,0,4.1069e-05
1,0,3.4685152e-07
0,0,0.00013145992
0,0,1.2065205e-22
1,1,0.9995615
0,0,4.1388477e-23
0,1,0.99913555
0,0,2.6331251e-20
0,0,2.7061525e-10
1,0,3.380806e-06
0,0,4.2833244e-33
0,0,1.4977723e-14
0,0,2.9983682e-30
1,0,3.6405854e-08
1,1,0.999816
0,0,0.00010958714
1,1,0.9999306
0,0,1.1564184e-24
0,0,3.126279e-29
0,0,7.275809e-21
0,0,3.5620626e-23
0,0,6.758881e-39
0,0,9.765732e-33
0,0,6.5394505e-23
0,0,1.6598856e-29
0,0,4.3456835e-11
0,0,8.477491e-12
0,0,7.260797e-39
0,0,1.3473e-41
0,0,1.5501745e-27
0,0,6.618743e-27
0,0,1.0238012e-28
0,0,0.0
0,0,9.399395e-32
0,0,1.09534015e-14
0,0,2.76076e-24
0,0,0.0013935509
0,0,1.36887056e-11
0,0,3.2850803e-32
0,0,4.4435426e-05
0,0,2.0441745e-27
0,0,1.3745777e-21
0,0,6.459747e-13
1,1,0.99962604
0,0,2.4101177e-25
0,0,1.7941e-41
0,0,2.6406628e-25
0,0,3.870801e-39
0,0,1.0363309e-15
0,0,9.085099e-28
0,0,1.7301623e-20
0,0,1.3054535e-33
0,0,5.308346e-39
0,0,4.7289494e-23
0,0,7.254392e-27
1,0,2.7879607e-06
0,0,1.1544072e-19
0,0,1.8574672e-21
1,0,0.11784435
0,0,0.008495841
1,1,0.9993499
0,0,1.3490379e-32
0,0,0.02388943
0,0,7.1573947e-25
0,0,1.889e-42
0,0,1.82e-43
1,1,0.9998566
0,0,2.5593336e-15
0,0,6.509869e-27
0,0,2.1373574e-13
0,0,6.475358e-30
0,0,6.533111e-25
0,0,6.788596e-13
0,0,2.8402565e-25
0,0,3.6129964e-24
1,1,0.99994016
0,0,0.0
0,0,1.2799745e-10
0,0,1.0345124e-18
0,0,2.0079776e-23
0,0,4.1092408e-23
1,0,0.012687479
0,0,1.4088498e-22
0,0,1.2650408e-36
0,0,5.6349953e-30
0,0,4.47755e-39
0,0,9.2534806e-35
1,1,0.99653107
1,0,4.4165354e-06
0,0,1.2406562e-16
0,0,3.7220745e-23
0,0,2.0915456e-38
0,0,2.7794425e-24
1,0,0.30860463
0,0,2.8605414e-21
0,0,2.4989465e-18
0,0,9.198144e-15
1,1,0.9994223
0,0,4.3750038e-13
0,0,5.1194603e-30
1,1,0.99992275
0,0,2.3561506e-22
0,0,0.0
0,1,0.7353964
0,0,6.375604e-21
1,0,0.014596165
0,0,1.6874998e-35
0,0,1.398e-42
1,0,0.030350259
0,0,2.6587213e-28
1,1,0.8976875
0,0,2.0313546e-21
0,0,3.8337215e-11
0,0,8.562751e-25
0,0,1.790882e-34
0,0,4.764569e-22
1,0,0.00031893226
0,0,1.9969432e-27
0,0,7.539358e-24
0,0,4.8712272e-14
0,0,6.5823548e-21
0,0,2.3709703e-17
0,0,1.2978159e-05
0,0,6.216365e-25
0,0,1.5283974e-25
0,0,7.148608e-25
1,0,0.002590484
0,0,1.3059516e-33
0,0,1.5397542e-20
1,0,6.121977e-09
1,0,2.719158e-05
0,0,1e-45
0,0,6.9477195e-19
1,0,0.002853545
0,0,1.0320365e-19
0,0,6.0116077e-25
0,0,2.060234e-24
0,0,2.0002215e-27
0,0,4.8341113e-18
0,0,1.3351287e-16
0,0,3.1550092e-21
0,0,1.588477e-39
0,1,0.5572296
0,0,5.9449335e-30
1,0,4.6740087e-11
0,0,1.9631106e-37
0,0,5.3253046e-08
1,0,0.001803544
1,0,0.024995375
0,0,2.843232e-29
0,0,2.2323885e-26
0,0,3.7374778e-26
0,0,2.3568831e-26
0,0,7.206002e-23
0,0,0.0
1,0,2.3147488e-05
0,0,1.1320376e-31
0,0,6.397865e-23
0,0,6.210177e-33
1,1,0.8696993
0,0,1.28612616e-26
1,1,0.99992025
0,0,2.198641e-27
1,0,0.000124835
1,0,2.3678394e-06
0,0,6.1269314e-31
0,0,1.5029533e-16
0,0,2.0210328e-24
0,0,5.260194e-22
0,0,8.2582666e-13
0,0,8.935399e-24
0,0,0.039779685
0,0,3.2627e-17
0,0,9.253985e-18
0,0,6.6193544e-18
0,0,0.0005329507
0,1,0.99998546
1,1,0.99996054
0,0,2.1358389e-19
0,0,7.719142e-26
0,0,6.511491e-17
0,0,0.017982429
0,0,1.5519629e-10
0,0,7.629454e-31
0,0,1.3074171e-33
0,0,6.3198042e-09
0,0,4.228146e-25
0,0,2.4531525e-21
0,0,8.659754e-05
0,0,1.8829636e-15
0,0,4.3832228e-13
0,0,2.113985e-27
0,0,2.3390509e-18
0,0,1.2452986e-23
1,0,8.857989e-06
0,0,7.417127e-30
1,0,0.00044487434
0,0,3.5170582e-09
0,0,2.841911e-20
0,0,6.7599e-20
0,0,9.846422e-25
0,0,3.54816e-24
0,0,3.8389127e-13
0,0,3.9322e-41
0,0,0.0
0,0,1.6680846e-24
0,1,0.9991998
0,0,3.5389013e-16
0,0,4.945717e-38
1,0,0.23596747
0,0,1.0053736e-38
0,0,2.3591362e-11
0,0,1.0042568e-11
0,0,1.2979792e-27
0,0,5.0444617e-28
0,0,9.045188e-14
0,0,3.5792674e-22
0,0,2.2651694e-23
0,0,3.2249896e-21
0,0,4.0062365e-14
1,1,0.9998871
1,1,0.99994016
1,1,0.65975124
1,0,0.2450883
1,0,2.0529209e-14
0,0,3.98902e-40
0,0,3.3668318e-11
0,0,0.0050526774
0,0,2.731848e-11
0,0,3.155107e-20
0,0,9.538478e-28
1,0,6.884853e-10
1,1,0.9994537
1,0,0.0002540849
0,0,5.1627868e-36
0,0,6.0093303e-35
0,0,2.2175878e-17
0,0,5.8938747e-09
0,0,2.595637e-20
0,0,1.7482212e-20
1,0,3.9331617e-06
0,0,1.9089713e-15
0,0,8.3979544e-20
0,0,1.7668781e-37
0,0,0.093456425
1,1,0.9999919
1,0,0.0017627833
0,0,5.046467e-07
0,0,2.3161612e-25
0,0,1.556564e-25
1,1,0.88451326
1,0,0.15302548
0,0,1.496857e-12
0,0,9.22e-43
0,0,1.1389378e-12
0,0,7.852699e-06
0,0,0.0
1,1,0.99072635
0,0,4.9835966e-22
1,1,0.99856514
1,1,0.9978301
0,0,2.7496407e-31
0,0,0.00032663313
0,0,1.1182e-41
0,0,8.829469e-26
0,0,5.604384e-22
0,0,7.514686e-11
0,0,4.1508e-41
0,0,8.651422e-35
1,1,0.89150286
0,0,4.349635e-39
0,0,3.534654e-22
1,1,0.949944
0,0,3.1405843e-23
0,0,1.8023084e-17
1,1,0.99975663
0,0,1.1443906e-23
0,0,1.7081898e-31
0,0,8.0757e-41
0,0,4.4497028e-20
0,0,2.9666577e-05
1,0,2.3185167e-14
0,0,3.81047e-09
1,0,0.0039936057
0,0,1.0942418e-29
0,0,2.0531253e-17
0,0,9.978515e-22
0,0,1.5383824e-25
0,0,2.161802e-16
0,0,9.524683e-16
1,0,0.010351119
0,0,9.282046e-35
0,0,2.3206639e-09
0,0,1.6495004e-16
0,0,0.0010015153
0,0,8.8997374e-05
0,0,5.7386734e-20
0,0,6.76332e-08
1,1,0.905458
0,0,1.3701086e-26
0,0,1.85e-43
0,0,3.3141242e-36
0,0,1.5871586e-21
1,0,0.0075542987
0,0,1.0631318e-21
0,0,1.8569514e-12
0,0,0.08681983
0,0,5.8944637e-15
1,1,0.9999491
0,0,4.7355537e-09
0,0,6.934412e-31
0,0,5.010065e-25
0,0,6.1664326e-26
0,0,1.615754e-29
0,0,1.1123327e-25
0,0,4.8378047e-24
0,0,1e-45
0,0,5.3140092e-20
0,0,4.192615e-34
0,0,2.241917e-22
0,0,3.1519e-40
1,0,0.00021887514
0,1,0.99992037
0,0,0.0078115934
1,1,0.99253887
0,0,1.243928e-13
0,0,6.7287e-18
0,0,1.2300153e-13
0,0,2.1227108e-21
0,0,0.0
0,0,0.0
0,0,8.837624e-26
0,0,1.8261367e-24
0,0,1.0657581e-15
1,0,2.7070937e-09
0,0,1.6720841e-33
0,0,4.5599407e-18
0,0,2.5565023e-31
0,0,4.788263e-19
0,0,2.3780936e-29
0,0,1.6543692e-19
1,1,0.999974
0,0,3.4536264e-05
0,0,6.639478e-20
1,1,0.9992606
0,0,1.6104689e-13
1,0,3.2975761e-15
0,0,3.097741e-36
0,0,9.545418e-38
0,0,2.5930766e-18
1,1,0.99330395
0,0,4.474165e-26
1,1,0.99072635
0,0,8.167597e-21
0,0,8.8986595e-17
0,0,5.2939527e-37
1,0,2.7404263e-05
0,0,2.0013663e-27
0,0,6.109985e-05
0,1,0.9992685
0,0,9.953045e-22
0,0,0.0050430615
0,0,2.1567121e-23
0,0,5.804565e-07
0,0,0.053015087
0,0,6.878342e-06
0,0,0.0
0,0,0.0
1,0,1.0627656e-06
1,0,0.0048623295
0,0,4.2524273e-24
0,0,1.1810917e-07
0,0,5.143545e-06
0,0,1.3053964e-29
1,1,0.99072635
0,0,1.2067663e-19
0,0,1.9032937e-21
0,0,0.0003664491
0,0,1.7596742e-22
1,0,9.2006085e-05
1,1,0.55258
0,0,0.0034014874
0,0,1.8460135e-32
0,1,0.7221193
0,0,8.363738e-22
1,0,0.00018604028
1,0,0.17521778
0,0,0.0
0,0,1.444712e-27
0,0,1.1410842e-34
0,0,5.0016578e-27
1,0,0.011875857
0,0,1.8864398e-11
0,0,4.2198162e-17
0,0,7.20576e-14
0,0,1.6700604e-29
0,0,5.1199185e-34
0,1,0.9921037
1,1,0.9841023
0,0,1.2961633e-27
0,0,5.5269572e-36
0,0,1.3549569e-27
0,0,1.0628508e-23
0,0,1.1222511e-24
0,0,3.2428393e-29
0,0,1.6100622e-22
0,0,0.0
0,0,3.8277797e-23
0,0,4.1446708e-07
0,0,2.1406023e-19
0,0,1.11652376e-26
0,0,3.9e-44
0,0,6.6211897e-28
0,0,2.1849275e-36
0,0,6.2222645e-20
0,0,1.3183835e-28
0,1,0.99988234
0,0,2.2578343e-25
1,0,0.049682915
0,0,2.960202e-32
0,0,3.0433842e-08
0,0,4.6982177e-24
0,0,1.9364214e-10
0,0,7.8028583e-13
0,0,5.44729e-22
0,0,2.3295761e-18
0,0,1.2163369e-13
0,0,1.0375608e-12
1,1,0.99619067
0,0,4.887869e-25
0,0,9.456121e-22
0,0,0.0
0,0,2.907576e-34
0,0,5.5297127e-16
0,0,5.510063e-07
0,0,7.392578e-38
0,1,0.99011517
0,0,1.2712969e-27
0,1,0.99905974
0,0,1.1105526e-24
0,0,2.495974e-18
0,0,1.2865059e-23
0,0,0.0
0,0,1.6232266e-17
1,0,3.1895794e-05
0,0,5.9674274e-30
0,0,6.0227115e-27
1,1,0.9999063
0,0,5.3398866e-24
0,0,7.517125e-33
0,0,7.148906e-33
0,0,0.0002821309
0,0,1.5125196e-14
0,0,6.2889775e-30
1,0,0.26084363
0,0,1.0307319e-31
1,0,0.43953237
0,0,1.2389492e-23
0,0,2.4013553e-31
0,0,4.6350576e-24
0,0,2.4005578e-24
1,1,0.768721
1,0,0.088630505
0,0,0.022757666
0,0,3.65912e-29
0,0,2.5902727e-15
0,0,3.0971032e-21
0,0,0.0
0,0,3.247335e-28
0,0,1.8342675e-12
0,0,1.2184483e-23
0,0,4e-45
0,0,3.7981705e-28
0,0,5.9465033e-21
0,0,4.642117e-32
0,0,8.445796e-19
0,0,3.5703e-19
0,0,1.9031298e-18
0,0,4.361056e-36
0,0,3.1501355e-23
0,0,3.7160216e-28
1,1,0.99999666
0,0,9.7628246e-11
0,0,1.0306441e-07
1,0,0.12444957
1,0,0.00016728608
0,0,4.989854e-30
0,0,5.3418905e-14
0,0,1.05529925e-32
0,0,2.3742437e-27
0,0,8.524e-42
0,0,4.0985786e-16
0,0,0.4620691
0,0,1.6688379e-29
0,0,1.423061e-22
0,0,2.6080164e-33
0,0,3.69602e-34
0,0,5.323216e-29
0,0,9.6212406e-15
0,0,6.244924e-28
0,0,1.1380201e-18
0,0,1.543921e-13
0,0,1.10814936e-23
0,0,7.587948e-31
0,0,1.5052423e-24
0,0,3.7069717e-22
0,0,3.539779e-31
0,0,0.0
0,0,7.0862075e-20
0,1,0.99999964
0,0,2.1785274e-21
0,1,0.9962477
0,0,0.0044300416
1,1,0.99941695
0,0,0.0
0,0,5.5475847e-17
0,0,2.448409e-39
1,0,0.00012268641
0,0,5.9016395e-23
0,0,2.1628541e-06
0,0,2.8091529e-22
0,0,2.6272853e-09
0,0,2.8599012e-26
0,0,8.344179e-20
0,0,7e-44
0,0,4.0565946e-32
1,1,0.99965954
0,0,5.1208483e-22
0,0,3.3287167e-38
0,0,3.9551253e-07
0,1,0.9999913
0,0,2.231077e-19
0,0,2.133949e-27
0,0,4.4313424e-08
0,0,1.1771897e-07
0,0,3.255688e-32
0,0,0.0005811121
1,1,0.9998586
0,0,2.5370727e-38
0,0,8.237827e-10
0,0,1.0933166e-12
0,0,5.297707e-12
1,0,0.0072171055
0,0,1.5069032e-12
0,0,8.451017e-19
0,0,4.388553e-05
1,0,0.17512192
0,0,4.791858e-21
0,0,6.168455e-34
0,0,1.4120894e-14
0,0,2.0357774e-35
0,0,1.9002894e-37
0,0,4.7740576e-33
0,0,2.8726094e-24
0,0,1.3885991e-25
0,0,0.0099337455
0,0,4.2170745e-35
0,0,1.6903742e-19
0,0,6.3417274e-18
1,1,0.99998045
1,0,0.048681464
0,0,6.5753746e-05
1,1,0.9998658
0,0,2.1713596e-13
0,0,4.163591e-27
0,0,1.8952238e-20
0,0,0.0
0,0,0.0
1,0,1.7694065e-05
0,0,3.4029983e-19
0,1,0.99990535
0,0,2.6526433e-35
0,0,7.0345494e-20
0,0,0.40724766
0,0,6.9259274e-23
0,0,1.5757081e-14
0,0,2.5418814e-20
0,0,0.0
0,0,6.9403694e-15
0,0,6.1646204e-19
0,0,8.724863e-28
0,0,0.0
0,0,2.227238e-11
0,0,4.935015e-22
0,0,3e-45
0,0,1.4571624e-31
0,0,0.21701166
0,0,4.9458492e-08
0,0,6.064011e-16
0,0,6.7224005e-22
0,0,0.028656267
0,0,6.087909e-23
0,0,1.5339374e-14
0,0,7.4611946e-31
0,0,1.0344739e-31
0,0,3.014273e-31
0,0,1.8094781e-34
0,0,0.007030735
1,0,0.0045281327
0,0,4.622574e-24
0,0,1.9987825e-17
0,0,4.0022284e-17
1,0,0.0002251867
0,1,0.9948708
0,0,1.3371283e-36
0,0,2.7694387e-18
0,0,9.4941734e-09
1,1,0.9991322
0,0,0.38307306
0,0,4.3328077e-25
0,0,9.103284e-19
0,0,2.9957768e-20
1,1,0.99780446
0,0,8.667974e-27
1,0,0.015197382
0,0,3.0228241e-34
0,0,0.23656106
0,0,1.6049616e-28
0,0,1.04719366e-19
0,0,8.13492e-20
0,0,5.41158e-07
0,0,1.58e-43
0,0,1.2353595e-13
0,0,3.0761007e-34
0,0,8.63505e-13
0,0,7.306102e-27
0,0,5.787425e-38
1,0,0.026962725
1,0,1.7805802e-05
1,1,0.9993937
0,1,0.9999999
1,0,0.00015894751
0,0,2.3859878e-16
0,0,1.4021194e-17
0,0,2.3318735e-30
0,0,0.0
0,0,6.295e-42
0,0,1.0847883e-26
0,0,1.0011526e-30
0,0,1.6743365e-19
0,1,0.99996364
1,1,0.9983569
0,0,9.075102e-25
0,0,2.1940167e-19
0,0,3.876593e-32
0,0,4.9634325e-28
0,0,2.364406e-23
0,0,3.1574685e-34
0,0,2.4250208e-25
0,0,0.0
0,0,1.04241094e-19
0,0,1.0128079e-21
0,0,6.221014e-10
0,1,0.9815638
0,0,1.2231231e-07
0,0,3.456471e-18
0,0,0.37557253
0,0,6.9187726e-15
0,0,0.47345513
1,0,0.00018818548
0,0,0.002336947
0,0,0.0
0,0,1.1825594e-18
1,0,1.9379353e-07
0,0,6.84e-43
0,0,9.261492e-21
0,0,1.3438274e-13
0,0,5.507443e-15
0,0,6.4430123e-28
0,0,1.8591194e-28
0,0,1.4338407e-20
0,0,7.073719e-23
0,0,1.0954653e-22
0,0,3.2023818e-37
0,0,2.8876974e-22
1,0,2.7070937e-09
0,0,3.4323486e-32
0,0,1.0186958e-32
0,0,2.3874492e-12
0,0,4.0320988e-15
0,0,1.3260616e-26
1,0,0.03255401
0,0,4.738358e-15
0,0,4.7753676e-11
0,1,0.92119396
0,0,5.442247e-28
0,0,6.382684e-10
0,0,2.5395911e-15
0,0,2.86974e-39
0,0,3.109297e-13
0,1,0.985978
0,1,0.9606817
0,0,5.861133e-19
0,0,2.322183e-35
0,0,2.960604e-20
0,0,1.3414253e-28
0,0,1.8013875e-17
0,0,8.8114757e-32
0,0,7.4013576e-22
0,0,0.0
0,1,0.9991381
0,0,1.1185689e-13
0,0,1.568338e-14
1,0,1.3466168e-06
0,0,2.9659463e-23
0,0,8.160949e-17
0,0,7.4101624e-32
1,1,0.8991124
0,0,4.022663e-09
0,0,3.5535375e-24
0,0,5.8010483e-28
1,0,1.5682194e-07
0,0,1.9958185e-32
0,0,1.739377e-05
0,0,6.843943e-35
1,0,0.0068622115
1,0,4.112581e-08
0,0,1.0032457e-19
0,0,1.16738e-39
0,1,0.99190396
1,1,0.97125745
0,0,5.4652634e-18
0,0,5.0973938e-14
0,0,4.2781527e-16
1,0,0.025728961
0,0,5.2227234e-15
0,0,1.5905442e-24
1,0,4.1225332e-05
1,1,0.8991124
1,0,0.0069615864
0,0,0.0
0,0,1.4861617e-18
0,0,1.0857594e-29
0,0,3.5088876e-29
0,0,1.2654977e-16
0,0,3.2049475e-30
0,0,4.3470135e-17
0,0,1.0307238e-24
0,0,5.766884e-31
0,0,5.3043607e-23
0,0,1.047825e-19
0,0,2.7803378e-06
0,0,1.4720905e-17
0,0,5.7348023e-19
1,1,0.99899024
0,0,2.6641854e-19
0,0,0.48367596
1,0,0.008089674
0,1,0.5805227
1,0,0.042965725
0,0,7.8057405e-22
0,0,3.8541963e-31
0,0,1.8511698e-38
0,0,0.008259931
0,0,2.0762336e-17
0,0,2.8130332e-08
0,0,1.0735708e-25
0,0,1.0116449e-15
0,0,6.125469e-28
0,1,0.9843121
0,0,7.33834e-06
0,0,4.4242203e-24
0,0,1.6203976e-34
0,0,1.1124175e-25
0,0,0.01966664
0,0,1.7058792e-11
1,1,0.99815375
1,0,6.417128e-05
0,0,2.15911e-36
0,0,1.6121411e-35
1,1,0.9998053
0,0,7.2081667e-25
0,0,3.0095134e-18
0,0,3.2408214e-23
1,1,0.9982925
0,0,9.194115e-29
1,0,6.727528e-05
0,0,9.125596e-21
0,0,6.996097e-19
0,0,5.2003154e-16
0,0,5.302833e-12
1,0,0.3617677
0,0,1.646332e-39
0,0,4.3085956e-25
0,0,0.0
0,0,6.761104e-15
1,1,0.999824
1,0,1.0886389e-06
1,0,0.001106006
0,1,0.99879456
0,0,1e-45
1,0,1.7278454e-07
1,0,3.5339055e-11
0,0,0.0
0,0,3.1607565e-09
0,0,7.715782e-08
0,0,8.92251e-27
0,0,4.785512e-24
1,0,8.965685e-05
0,0,0.0
0,0,1.3993174e-35
0,0,2.809323e-23
0,0,1.7016899e-34
0,0,4.825975e-30
0,0,0.0005673067
0,0,5.4387976e-37
1,0,1.7942215e-05
0,0,5.252642e-08
0,0,1.6141415e-27
1,0,0.012798421
1,0,0.06139593
0,0,3.0069458e-31
0,0,5.905525e-19
1,1,0.99999857
1,1,0.9981614
1,0,2.1265976e-05
1,1,0.9986929
0,0,4.7227443e-32
0,0,8.673381e-07
0,0,8.40947e-40
0,0,3.524621e-12
0,0,1.28006e-40
0,0,1.0712507e-26
0,0,4.4397092e-23
0,0,5.3125904e-20
0,0,3.7101856e-28
0,0,5.0838086e-37
0,0,3.292298e-22
0,0,5.8015744e-22
0,0,1.5531822e-11
0,0,0.0
0,0,8.32406e-40
0,0,7.6117966e-19
0,0,4.589681e-39
0,0,2.129443e-28
1,0,0.0003167771
0,0,1.23109785e-27
1,0,1.3314513e-05
0,0,2.2372699e-06
0,0,9.48943e-24
0,0,6.0813115e-25
0,0,1.6885186e-26
0,0,6.120769e-22
0,0,1.8316737e-19
1,0,0.0045281327
0,0,3.1610407e-16
0,0,2.2756613e-20
0,0,1.4565601e-19
1,1,0.9130755
0,0,1.30554675e-20
0,0,4.146673e-22
0,0,2.34633e-40
0,0,5.9565945e-25
0,0,7.224037e-36
0,0,3.2638243e-11
0,0,1.2929368e-11
1,0,2.881638e-08
0,0,0.0
1,0,2.1515851e-07
0,0,2.563921e-19
0,0,1.0808931e-18
0,0,4.7285836e-25
1,1,0.9997943
0,0,1.9418153e-31
1,1,0.999652
0,0,1.3171237e-25
1,1,0.908823
1,0,6.8833165e-06
0,1,0.9976986
0,0,6.380283e-11
0,0,2.2531703e-18
0,0,1.4455236e-33
0,0,3.533404e-35
0,0,0.0011667592
0,0,4.46999e-24
1,0,0.0010683768
0,0,3.031538e-37
0,0,1.1389145e-26
1,1,0.986294
0,0,0.0
0,0,0.0
0,0,2.0344145e-24
0,0,1.6948538e-13
0,0,2.5247e-27
0,0,9.418023e-17
0,0,7.0219612e-09
1,1,0.9999536
0,0,2.162341e-36
0,0,1.6909683e-33
1,0,0.0003718956
1,0,1.7311854e-07
0,0,0.13480486
1,1,0.99980503
1,0,1.0420648e-06
0,0,3.0243212e-13
0,0,6e-45
0,0,1.7210765e-22
0,0,3.4500265e-27
0,0,3.1827905e-27
1,0,9.367592e-06
0,1,0.9999752
0,0,0.0
0,1,0.9916796
0,0,2.1585878e-09
0,0,1.3464309e-14
0,0,4.085964e-24
0,0,1.7661874e-18
0,0,3.6059072e-23
1,0,5.8537526e-06
0,0,7.951335e-18
0,0,1.0175493e-26
0,1,0.92410403
1,0,0.0002437336
0,0,0.05223725
1,0,0.0049280915
0,0,7.74e-43
0,0,5.845905e-26
1,0,2.219806e-09
0,0,4.858398e-20
1,0,4.3327884e-05
0,0,6.907764e-11
0,0,0.22645034
0,0,7.6848647e-16
0,0,1.2909971e-34
0,0,5.640884e-39
0,0,5.9809857e-38
0,0,3.5637334e-16
0,0,1.8377263e-28
0,0,2.0116445e-21
1,1,0.99956137
0,0,6.8212168e-12
1,1,0.71460927
1,1,0.99728775
0,0,1.8142679e-19
1,0,1.9256117e-06
0,0,1.4455382e-13
0,0,9.683241e-31
0,0,1.7334775e-14
1,1,0.98026705
0,0,8.588053e-29
1,0,0.0007789214
0,0,3.0766258e-21
0,0,2.1838559e-18
0,0,2.9192983e-21
0,0,5.0489963e-09
0,0,1.0885722e-20
0,1,0.9991742
0,0,1.9457904e-38
1,0,0.006307069
0,0,6.6076e-25
0,0,3.6258464e-19
0,0,3.5965676e-22
0,0,5.4053788e-20
0,0,8e-45
0,0,2.1368767e-09
0,0,1.4082165e-21
0,0,7.6025567e-22
0,0,1.2261578e-06
0,0,4.520007e-39
0,0,3.523535e-29
0,0,1.7713744e-35
0,0,4.4634154e-23
0,0,8.847917e-25
0,0,1.7184968e-05
0,0,0.012162314
0,0,7.691841e-32
0,0,1.8374535e-20
0,0,4.129829e-22
0,0,3.774699e-28
0,0,1.6940951e-31
0,0,3.5242262e-26
0,0,1.970716e-39
0,0,1.9897902e-17
0,0,1.5168213e-18
0,0,2.5466159e-14
0,0,1.9190816e-06
0,0,6e-45
0,0,1.4490116e-27
0,0,6.295572e-17
0,0,1.2724838e-07
0,0,8.847283e-31
0,0,8.204692e-37
0,0,1.1642072e-19
0,0,2.0213063e-28
0,0,3.7148234e-32
0,0,1.636071e-16
1,0,7.236551e-08
0,0,1.6412341e-31
0,0,0.00027469
0,0,9.64226e-22
1,0,1.0717325e-06
0,0,4.1778835e-17
0,0,6.539431e-29
0,0,3.825116e-34
0,0,5.0678833e-18
1,0,0.00071798125
1,1,0.9999536
0,0,5.179389e-31
0,0,8.476329e-19
0,0,0.0
0,0,2.0948251e-14
0,0,2.2252414e-23
0,0,3.7583716e-23
1,0,5.7423864e-07
1,1,0.9998597
1,1,0.9996654
1,0,2.1504623e-06
0,0,1.3590941e-18
0,0,1.3570463e-20
0,0,2.894028e-29
0,0,3.143721e-18
1,0,0.4044736
0,0,3.0865877e-14
0,0,1.33492e-16
1,0,2.033873e-05
0,0,1.2914726e-30
1,0,6.8474306e-05
0,0,1.3424611e-18
0,0,2.1256912e-15
0,0,1.4918517e-35
0,0,1e-45
0,0,1.7580088e-31
0,0,9.026467e-15
0,0,2.6909743e-36
0,0,1.4236416e-30
1,0,0.012798421
0,0,1.3097359e-29
1,0,0.039082624
0,0,4.0395404e-20
1,0,5.8053375e-11
1,1,0.999876
0,0,2.0509595e-37
1,0,4.5210458e-05
1,1,0.8973623
0,0,1.40596935e-11
1,0,0.00740141
0,1,0.9725098
0,0,1.2892206e-19
0,0,0.00049198937
0,0,1.6864191e-12
1,0,0.49350974
0,0,0.0
0,0,1.3842454e-34
0,0,6.1769066e-12
0,0,2.4147133e-22
0,0,2.043e-17
0,0,1.5339744e-34
1,1,0.71460927
0,0,1.2796472e-18
0,0,3.517633e-10
0,0,6.8100163e-18
1,0,0.12852754
0,0,3.9725523e-32
0,0,0.0
0,0,5.8089226e-31
0,0,8.5320124e-08
0,0,4.6658746e-23
0,0,3.9320892e-23
1,1,0.67907435
0,0,3.507049e-39
0,0,3.003212e-29
1,0,2.6250682e-05
0,0,4.6552977e-15
1,0,0.19507034
0,0,3.327614e-37
0,0,3.589079e-25
0,0,5.8172516e-19
0,0,1.6120019e-25
0,0,7.067651e-30
0,0,2.9051042e-26
0,0,0.0
0,0,1.792e-41
0,0,2.23363e-13
0,0,8.245412e-08
0,0,1.7714422e-27
0,0,5.220499e-20
0,0,9.754106e-20
0,0,1.1205648e-33
1,1,0.99653554
0,0,1.4959936e-29
0,0,1.0506572e-37
0,0,7.1433415e-19
0,0,7.2875435e-14
1,1,0.99990046
0,0,2.67e-42
0,0,4.9226984e-30
0,0,3.6400946e-33
1,0,3.193652e-05
0,0,9.079166e-15
0,0,4.068842e-15
1,0,0.0039936057
0,0,5.2605e-35
0,0,1.05e-43
1,0,0.03677891
0,0,5.3595475e-21
0,0,0.00014158418
0,0,4.8928398e-29
0,0,3.3397705e-30
1,0,9.215807e-08
1,1,0.99962234
0,0,1.5160349e-25
1,1,0.9998535
0,1,0.9969976
0,0,6.664932e-12
0,0,1.3549745e-24
0,0,2.7034562e-35
1,1,0.9998646
0,0,9.4706894e-18
0,0,4.1200397e-23
1,0,9.007562e-12
1,0,0.15302548
1,0,0.12294037
0,0,2.9360176e-13
1,0,0.00014552442
0,0,4.9574745e-12
0,0,1.0295617e-22
0,0,5.576056e-25
0,0,1.9627264e-17
0,0,1.5218824e-31
0,0,8.360548e-22
0,0,0.30390632
1,0,0.16825235
1,1,0.94711757
0,0,2.5760167e-07
1,0,0.26836225
0,0,8.061526e-34
0,0,8.303318e-19
0,0,1.26789575e-14
0,0,6.180547e-16
0,0,4.3512554e-27
0,0,6.186597e-20
0,0,5.665671e-21
0,0,5.8986485e-22
0,0,2.6303978e-25
1,1,0.9975631
1,0,3.519443e-11
0,0,1.5768903e-17
0,0,1.6938292e-17
0,0,5.595325e-15
0,0,2.647187e-26
1,0,0.32330012
0,0,9.967897e-23
0,0,1.2228766e-38
0,0,6.017864e-35
0,0,1.7280138e-18
0,0,4.0903973e-22
0,0,2.1528395e-24
1,0,0.0011015355
0,0,3.9465407e-18
1,0,0.06968427
0,0,5.3e-44
0,0,2.520104e-17
1,0,0.0003431428
0,0,9.023266e-11
0,0,3.2267369e-21
0,0,9.046115e-15
0,0,1.543e-42
1,0,0.0009337047
1,1,0.97467095
1,0,0.23498744
1,0,0.17250815
0,0,2.3714672e-25
0,1,0.9999032
0,1,0.99988616
0,0,3.1858905e-18
0,0,1.1227e-41
0,0,2.2671198e-11
0,0,3.5220418e-30
1,0,3.956918e-11
0,0,2.2164241e-29
0,0,6.445929e-23
0,0,5.324679e-29
1,0,0.01274217
0,0,1.3276855e-06
0,0,1.9287165e-26
0,0,2.1973492e-09
0,0,5.967e-42
0,0,9.647053e-20
0,0,2.6205086e-28
0,0,5.553598e-32
0,0,0.0
1,0,0.026029443
1,1,0.99428433
0,1,0.8216774
0,0,6.87107e-20
0,0,3.1245748e-21
0,0,5.6568095e-16
0,0,2.5763566e-31
0,0,3.66131e-30
0,0,4.0885202e-17
0,0,3.507877e-18
0,0,2.5290739e-14
0,0,0.0
1,1,0.9977545
0,0,7.4707716e-14
0,0,1.329014e-11
0,0,6.850356e-16
1,1,0.9999441
1,1,0.9986442
1,0,9.007562e-12
1,0,4.0354305e-05
0,0,7.4392e-41
0,0,1.5942905e-11
0,0,4.9160636e-19
0,0,9.323422e-28
1,0,0.0002437336
0,0,5.7667373e-21
0,0,7.294991e-27
1,1,0.9987696
0,0,6.290542e-36
0,0,2.9528292e-07
0,0,1.2259278e-21
0,0,2.3701673e-23
0,0,5.5503476e-28
0,0,5.9323727e-26
0,0,3.1204e-41
0,0,2.352834e-24
0,0,1.02936056e-16
0,0,2.9082815e-22
0,1,0.9411543
1,0,0.058984946
0,0,1.2930221e-35
0,0,3.6040126e-29
0,0,1.616779e-27
0,0,4.5742742e-20
0,0,1.56614e-34
0,0,2.7492653e-22
0,0,2.1155688e-17
1,0,0.015186923
0,0,7.518756e-19
0,1,0.5906626
1,0,2.086658e-05
0,0,7.862119e-25
1,1,0.9996131
0,0,1.4674302e-11
0,0,1.8e-44
1,1,0.9995493
0,0,9.51566e-12
0,0,3.369513e-21
0,0,9.476315e-28
0,0,1.912534e-13
0,0,9.8154195e-15
0,0,4.1156665e-11
0,0,3e-45
0,0,2.1889547e-23
0,0,1.0238169e-28
0,1,0.99229664
0,0,1.660516e-10
0,0,1.350873e-37
0,0,8.833359e-15
0,0,2.6897268e-25
0,0,1.0329674e-24
0,0,0.0
0,0,1.44136e-19
0,0,1.4221398e-20
0,0,4.580294e-22
0,0,9.360535e-10
0,0,3.490491e-29
0,0,7.783469e-37
1,0,2.0671626e-08
0,0,4.459503e-22
0,0,3.6741224e-06
1,1,0.999861
0,0,3.1250763e-28
0,0,1.9923768e-13
0,0,0.005469513
0,0,8.338645e-27
0,0,8.2687745e-18
0,0,1.0127698e-35
0,0,2.0536162e-27
0,0,7.1555e-40
0,0,1.6334194e-14
1,0,0.00024939893
1,1,0.989956
0,0,4.5142867e-09
0,0,0.0
0,0,3.580656e-17
1,0,0.00035713555
0,0,4.36215e-38
0,0,2.1398573e-21
0,0,2.21247e-40
0,0,1.3270015e-28
1,0,0.01274217
1,0,5.161472e-07
0,0,0.0
0,0,1.9024315e-27
0,0,1.4612924e-24
0,0,1.11908306e-17
0,0,1.6503e-41
1,0,1.7337034e-05
0,0,3.531283e-38
0,0,2.938487e-25
0,0,9.1288e-21
0,0,1.817738e-27
0,0,0.0
0,0,0.0
1,0,3.3124742e-10
0,0,2.1143604e-23
0,0,0.0
0,1,0.9485092
1,0,7.351687e-08
0,0,1.1673866e-27
0,0,1.9527537e-27
0,0,2.2472096e-21
0,0,1.14134995e-11
0,0,2e-44
0,0,1.8873563e-16
1,0,2.1946553e-07
0,0,1.4346008e-28
0,0,7.499837e-22
0,0,2.9518359e-09
0,0,3.5605327e-20
0,0,8.516541e-29
0,0,2.4106581e-19
0,0,0.00022660197
0,0,3.1052061e-06
1,0,0.00087165594
0,0,3.4345526e-30
0,0,9.5590695e-11
1,1,0.8354044
0,0,9.345572e-07
0,0,6.5251386e-18
0,1,0.9993259
0,0,1.2323747e-14
0,0,6.3622e-41
0,1,0.89370793
0,1,0.99234676
1,1,0.9611637
0,0,0.000674409
0,0,3.7537065e-20
0,0,2.3704254e-19
0,0,1.6821644e-21
0,0,5.00041e-30
1,1,0.99961436
0,0,2.7579508e-23
0,0,8.53555e-18
0,0,1.4687219e-21
0,0,4.8050174e-29
1,1,0.66281897
0,0,9.730856e-17
0,0,0.0
0,0,2.7097177e-24
0,0,1.4308966e-11
0,0,6.009392e-11
0,0,8.457815e-13
0,0,0.20379503
0,0,3.7137e-41
0,0,2.6469242e-26
0,0,7.87261e-05
0,0,0.00044967193
1,0,2.7425452e-07
0,0,0.0
0,0,1.1850956e-21
0,0,1.5627001e-22
0,0,1.5314545e-19
0,0,1.9719819e-07
0,0,5.785002e-29
1,1,0.91480076
0,0,2.3451351e-33
0,0,0.0
0,1,0.9999753
0,0,9.154398e-28
0,0,3.349986e-18
0,0,9.104881e-19
0,0,4.4007183e-11
0,1,0.9948519
0,0,2.2882e-41
1,1,0.9999932
0,0,1.5066842e-09
0,0,2.0966981e-23
0,0,1.1493916e-11
0,0,3.0741566e-32
0,0,0.0
0,0,1.9915155e-23
1,1,0.9994223
0,0,0.00067457766
1,1,0.91283524
1,1,0.9992964
0,0,7e-45
0,0,2.4927258e-28
0,0,2.3053766e-21
1,0,0.29650208
0,0,9.022287e-18
0,0,5.4142936e-20
1,1,0.99946195
0,0,1.8704191e-17
0,1,0.99559927
0,0,4.2595808e-27
1,0,0.0008461274
0,0,2.5255776e-19
0,0,8.844907e-19
0,0,1.3819406e-14
1,0,1.9379353e-07
0,0,5.348251e-22
1,1,0.5586906
0,0,6.021888e-11
0,0,1.1920418e-21
0,0,2.6420035e-17
1,0,0.0010327302
0,0,1.0780727e-25
0,0,3.0129458e-12
1,1,0.99983406
0,0,1.9302328e-26
1,0,1.1074658e-05
0,0,1.0981282e-11
0,0,1.2112618e-36
0,0,1.4959419e-22
1,0,1.4067891e-06
0,0,5.1220456e-35
0,0,0.0002181522
0,0,1.335326e-18
0,0,5.0131487e-08
0,0,5.1242682e-37
0,0,1.07148497e-16
0,0,5.8889315e-16
0,0,1.33478985e-20
0,0,3.542932e-28
0,0,3.8140152e-18
1,1,0.9999945
1,1,0.8449994
0,0,3.8555427e-27
0,0,5.624592e-18
0,0,8.878907e-21
0,0,1e-45
0,0,1e-44
0,0,2.0199087e-38
0,0,0.0
1,0,3.6636884e-06
0,0,2.7656544e-29
1,1,0.9995459
1,1,0.937678
0,0,1.2129288e-32
0,0,2.5558e-41
1,1,0.9979171
1,0,1.1595895e-06
0,0,3.3591187e-28
0,0,8.577829e-31
0,0,2.0567587e-07
0,0,4.9914405e-20
1,1,0.999881
0,0,3.739265e-31
0,0,6.8151774e-21
0,0,3.8127062e-18
0,0,6.2692245e-20
1,1,0.9980381
0,0,4.4438075e-09
0,0,4.5883183e-08
0,0,7.754937e-20
0,0,8.519418e-25
0,1,0.9927879
0,0,1.3483053e-20
0,0,4.2811672e-26
0,0,1.3908755e-37
0,0,1.5818847e-25
0,0,1.8708647e-36
0,1,0.9924759
0,0,4.2341404e-22
0,0,6.988692e-06
0,0,1.03596754e-22
1,0,0.00036170657
1,1,0.99970454
1,0,0.0005104009
0,0,3.6047816e-22
0,0,3.9013276e-22
1,0,0.0105901705
0,0,2.5877253e-22
0,0,1.2603583e-22
1,0,1.3240768e-05
1,1,0.9930316
1,0,1.7463943e-05
1,0,2.077651e-05
0,0,1.516059e-39
0,0,2.6822683e-32
0,0,1.7224329e-18
0,0,1.3943544e-23
0,0,3.9479106e-33
1,1,0.9909711
0,0,1.1675761e-23
0,0,7.34e-43
0,0,0.0
0,0,3.0570292e-29
0,0,4.0035617e-37
0,0,0.0
0,0,2.5241659e-23
0,0,2.2952944e-28
1,0,0.0056342473
0,0,1.1275732e-07
0,0,2.9394444e-22
0,0,3.1672392e-27
0,0,6.144916e-36
0,0,4.39129e-40
1,0,1.3466168e-06
0,0,1.5587248e-20
0,0,1.2632791e-16
0,0,0.0042967517
0,0,3.217149e-06
0,0,2.1433567e-11
0,0,3.4524245e-11
0,0,2.502015e-20
0,0,5.515402e-26
0,0,2.5008966e-14
0,0,4.3098865e-36
0,0,3.3659371e-16
1,1,0.99993956
0,0,1.4976685e-19
0,0,5.313128e-16
0,0,0.00060689915
0,0,2.0589072e-23
0,0,0.00016132937
0,0,4.5784127e-12
0,0,2.9044004e-15
1,0,0.00023779509
0,0,4.283613e-13
1,0,2.3168248e-05
0,1,0.992919
0,0,2.6537197e-25
0,0,5.8856376e-21
0,0,4.634538e-27
0,0,8.5010126e-17
1,0,0.0002985166
1,0,0.0002251867
1,0,0.15857008
0,0,3.62922e-28
0,0,3.9979065e-11
0,0,2.4399952e-08
1,1,0.9634249
0,0,8.510854e-30
0,0,3.2217026e-12
0,1,0.81494224
0,0,2.082159e-24
0,0,2.9724551e-33
0,0,1.1388536e-11
1,1,0.7094601
0,0,1.6790488e-21
0,0,4.3461167e-25
0,0,9.155706e-17
1,0,0.01326632
0,1,0.9997553
0,0,1.0009189e-24
0,0,0.00018509473
0,0,4.430317e-24
0,0,1.3461735e-11
0,0,7.391408e-05
0,0,1.420565e-16
0,0,4.4079856e-22
0,0,0.0
0,0,5.228e-42
1,0,5.7044133e-07
0,0,2.1e-44
0,0,4.8531564e-35
0,0,1.0689098e-22
1,1,0.99999905
0,0,5.35964e-17
0,0,0.0
0,0,1.569932e-12
0,0,3.2489556e-22
0,0,1.0734911e-21
1,1,0.93318033
1,0,0.001334131
0,0,1.8170116e-33
0,1,0.99530053
1,1,0.9757091
0,1,0.99935836
1,1,0.99998784
0,0,3.794411e-25
0,0,4.4681205e-14
1,1,0.64497495
0,0,6.6452435e-31
1,1,0.9815735
1,0,0.00040864086
0,0,1.730599e-34
0,0,1.4050854e-25
1,0,4.778592e-06
1,0,0.23018686
0,0,7.084699e-11
0,0,8.97144e-37
1,1,0.9999325
0,0,0.0005916867
0,0,9.821535e-28
0,0,0.0012462563
0,0,4.9199445e-09
0,0,1.0027076e-09
1,1,0.7263991
0,0,4.3712948e-08
0,0,3.577303e-14
0,0,1.6198101e-27
1,1,0.85617465
1,0,0.0021975215
0,0,7.3405e-25
0,0,0.031019436
0,0,4.5724404e-21
0,0,4.293083e-29
0,0,1.5994432e-27
0,0,0.0
0,0,8.290899e-05
0,0,1.6427939e-16
0,0,2.764601e-13
0,1,0.9124098
1,1,0.9999459
0,0,1.406313e-18
0,0,1.3414218e-18
0,0,7.154236e-23
0,0,2.619654e-32
0,0,9.8945296e-20
1,1,0.9647758
1,0,0.0002437336
0,0,4.574736e-24
0,1,0.6701148
0,0,0.0
0,0,9.879008e-39
0,0,7.4243224e-21
0,0,5.0873435e-28
0,0,9.390244e-27
0,0,7.450123e-18
0,1,0.9996427
1,0,2.9234337e-09
0,0,0.0
0,0,4.924202e-22
0,0,1.0180397e-31
1,0,9.584379e-06
1,0,0.26084363
0,0,2.1746383e-24
0,0,2.9662889e-21
0,0,0.0
0,0,1.3828151e-19
0,0,1.54974e-23
1,0,3.9078646e-08
0,0,1.0574184e-18
0,0,7.877424e-34
0,1,0.9974305
0,0,9.2862135e-30
0,0,0.002437436
1,0,9.007562e-12
1,0,1.0264394e-05
0,0,3.2910072e-28
0,0,3.222119e-17
0,0,2.5153574e-26
0,0,6.144472e-28
0,0,3.5351334e-18
0,0,9.220726e-24
0,0,1.2742257e-14
0,0,3.6675896e-21
0,0,9.891483e-33
0,0,5.1852245e-11
0,0,2.4667568e-23
0,0,4.3924453e-28
1,0,0.02787117
0,0,5.225569e-09
1,1,0.52923435
1,0,0.13967259
0,0,2.6180188e-37
0,0,5.146123e-32
0,0,1.5762428e-22
0,0,9.144593e-20
0,0,5.49475e-29
0,0,2.6997248e-28
0,0,2.265583e-24
0,0,2.2012019e-26
0,0,4.406348e-25
0,0,2.268018e-27
1,0,0.0006449448
0,0,1.7806822e-21
0,0,3e-43
0,0,1.463071e-25
0,0,2.4180288e-17
0,0,1.5760857e-23
0,0,0.00020642798
0,0,2.5775928e-33
0,0,1.0324647e-36
0,0,3.7321065e-26
0,0,3.0351704e-15
0,0,1.5566264e-21
0,0,5.605382e-17
0,0,5.021625e-39
0,0,0.003768085
0,1,0.6404459
0,0,7.672431e-27
0,0,9.291278e-38
0,0,7.769008e-11
0,0,5.7623454e-19
0,0,3.56932e-05
0,0,4.0378415e-22
1,0,0.010621885
0,0,1.1077872e-28
0,0,2.6860268e-24
0,0,8.4139086e-16
0,0,0.0003489015
0,0,5.573566e-33
1,1,0.99653107
0,1,0.9998369
1,1,0.6039672
0,0,1.943725e-26
0,0,1.8747061e-12
0,0,4.1876826e-31
0,0,4.656914e-30
0,0,2.184626e-11
1,0,0.00021433443
0,0,1.2542382e-22
1,0,0.014491291
0,0,3.415814e-39
0,0,4.6517355e-20
0,0,1.0176771e-34
0,0,4.882926e-06
0,0,6.3331836e-21
0,0,4.5899496e-14
0,0,1.9297798e-07
0,0,1.5781766e-19
0,0,6.192e-42
0,0,4.069846e-05
1,0,1.5641897e-06
0,0,0.0
0,0,2.1570933e-28
1,1,0.99982136
1,1,0.99999547
0,1,0.9999671
0,0,2.2017377e-20
1,0,0.33250505
0,0,0.0
0,0,4.4652012e-24
0,0,0.00033352606
0,0,9.89315e-24
0,0,2.9395184e-10
0,0,2.2916905e-20
0,0,3.331732e-28
1,0,0.01376103
0,0,4.1320802e-38
0,0,1.6577253e-32
0,0,1.3908e-41
0,0,9.855954e-07
0,1,0.5812192
1,1,0.9995484
0,1,0.9999912
1,1,0.99325925
0,0,1.6492036e-10
0,0,2.3673707e-08
0,0,4.5137204e-23
1,1,0.99987376
1,1,0.993196
0,0,1.6068246e-27
0,1,0.9991715
0,0,5.9870186e-36
0,0,3.99073e-26
1,0,3.856547e-06
0,0,1.1498427e-06
1,1,0.99958616
1,0,0.000104250896
0,0,7.383708e-21
0,0,1.3595811e-26
1,1,0.9969363
0,0,4.4783942e-36
0,0,3.183636e-11
0,0,1.6089585e-07
0,0,2.5665194e-15
0,0,8.95476e-21
0,0,3.5666945e-33
0,0,1.8236519e-16
0,1,0.969942
0,1,0.9928664
1,0,0.106273346
0,0,7.336523e-18
0,0,1.7187155e-36
1,1,0.9521092
0,0,6.514534e-36
0,0,9.068695e-26
1,1,0.83920556
0,0,3.5386944e-26
1,0,0.0012985646
0,0,5.938839e-29
0,0,9.594608e-20
0,0,1.092027e-30
0,0,3.559996e-24
0,0,6.3186094e-13
0,0,5.814284e-17
0,0,1.75958e-40
0,0,1.6501958e-35
0,0,2.1742318e-24
0,0,6.383128e-27
0,0,7.922912e-31
0,0,9.017472e-25
0,0,1.8787392e-28
0,0,0.0
1,1,0.9496112
0,0,5.413839e-35
0,0,9.6365605e-37
0,0,1.8239197e-20
0,0,1.9922932e-13
0,0,9.174985e-29
0,0,1.4887526e-21
0,0,8.005182e-06
0,0,1.4948982e-29
0,0,1.3492808e-23
0,0,5.5590905e-31
0,0,3.68174e-40
0,0,3.2949347e-38
0,0,7.734142e-34
0,0,1.302097e-32
0,0,1.2092233e-10
0,0,6.079795e-35
1,0,0.07623964
0,0,4.7331247e-13
0,0,1.2207035e-25
0,0,2.7547516e-25
0,0,2.7610198e-19
0,0,1.0052442e-14
0,0,1.05285e-40
0,0,1.10457294e-11
0,0,1.439347e-14
0,0,6.084846e-30
0,0,1.3751551e-09
0,0,2.153708e-26
1,0,0.037287325
0,0,1.5763351e-12
1,1,0.9998086
0,0,2.8467222e-17
0,0,5.9657e-41
0,0,6.0440393e-37
1,0,0.123784065
0,0,2.4629273e-25
0,0,2.9224298e-13
1,1,0.9999491
0,0,8.205987e-34
0,0,1.2019567e-18
0,0,0.0
0,0,5.202227e-21
1,1,0.65975124
0,0,2.4627966e-32
0,0,1.4539007e-27
1,0,1.1947424e-08
0,0,6e-45
0,0,8.75837e-22
1,0,2.1556118e-06
0,0,1.0427335e-18
0,0,4.38119e-40
1,1,0.89150286
0,0,5.6016e-39
0,0,1.9767081e-26
0,0,1.0334198e-18
0,0,0.0
0,0,0.0
0,0,1.8860057e-21
0,0,3.2922654e-19
1,1,0.99945503
0,0,5.279e-42
0,0,2.080159e-39
0,0,0.4507038
0,0,2.225422e-36
0,0,0.0020367
0,0,0.0
0,0,1.4720971e-23
0,1,0.99894184
0,0,2.7308932e-27
0,0,1.4310421e-21
0,0,1.7503156e-21
1,1,0.9844663
0,0,1.7397836e-22
0,0,5.2257234e-26
0,0,0.0
0,0,1.1203192e-29
0,0,9.121102e-22
0,0,5.7908628e-18
0,0,1.6643892e-27
1,0,0.028490292
0,0,1.18485306e-26
0,0,0.0
0,0,2.6620161e-38
1,0,0.00025089527
0,0,1.5367967e-20
0,0,5.7777325e-26
0,0,1.0050389e-18
0,0,8.244189e-15
1,0,2.1647215e-06
0,0,7.509452e-08
0,0,0.18030822
0,0,3.5317342e-08
0,0,1.8166974e-13
0,0,4.1140593e-29
0,0,9.4e-44
0,0,1.449376e-35
1,0,0.00038690364
1,1,0.9996131
0,0,4.050262e-21
0,0,9.149773e-39
0,0,2.5310221e-15
0,0,7.91319e-15
0,0,1.5414942e-27
0,0,5.395236e-30
0,1,0.99692035
0,0,1.9347124e-21
0,0,7.054539e-36
0,0,6.5603823e-25
0,0,1.2121652e-10
0,0,6.72104e-30
1,0,1.3288785e-09
0,0,1.7126391e-24
0,0,8.71416e-19
0,0,1.936076e-12
0,0,3.7404836e-28
0,0,1.4063368e-22
0,0,4.035382e-20
0,0,1.7951227e-34
0,0,6.2141186e-23
0,0,2.0006183e-27
0,0,2.4139741e-09
0,0,2.9138044e-12
0,0,4.9262586e-26
1,0,0.007647372
0,0,2.0944668e-09
0,1,0.99991965
0,0,5.603937e-29
0,0,1.9012174e-37
1,0,1.9936496e-10
1,1,0.6665204
0,0,5.330315e-19
0,0,6.6224744e-29
0,0,6.115535e-24
0,0,1.3378136e-26
0,0,1.2390116e-29
0,0,4.5407874e-21
0,0,4.620108e-23
0,0,5.833861e-16
0,0,5.757341e-17
1,0,0.00084557815
0,0,9.260814e-30
0,0,2.0816688e-37
0,0,5.745216e-22
0,0,7.287915e-15
0,0,1.930168e-39
0,0,1.1713703e-08
0,0,2.518824e-06
1,0,0.004462782
0,0,1.5438155e-16
1,0,0.0056342473
1,1,0.9998518
0,0,1.5805007e-13
0,0,4.6221053e-36
1,0,3.9078646e-08
0,0,1.4953952e-28
0,0,5.1284974e-06
0,0,2.3738826e-26
0,0,6.659671e-07
0,0,5.722553e-23
0,0,1.3140998e-14
0,0,7.681919e-12
0,0,2.0839818e-36
0,0,6.54714e-30
0,0,3.7476554e-12
0,0,3.811262e-28
0,0,4.6191438e-21
0,0,1.0511406e-25
0,0,5.274187e-19
0,0,4.5490066e-13
0,0,2.0589093e-21
0,0,1.472497e-14
0,0,2.3839975e-29
0,0,0.021859163
0,0,5.4338684e-27
0,0,6.280181e-22
0,0,4.9297844e-22
0,1,0.99694735
1,0,1.9936496e-10
1,0,0.00046690836
0,0,7.2427696e-37
0,0,5.535535e-32
0,0,5.7e-44
0,0,0.0
0,0,7.243878e-21
0,0,2.522087e-23
0,0,6.29831e-17
0,0,0.0
0,0,1.4e-44
0,0,1.0266581e-17
1,1,0.999861
1,1,0.99998844
0,0,1.0128852e-21
0,0,1.318127e-13
1,0,3.2173423e-06
0,0,2.4446688e-22
0,0,1.9293073e-24
0,0,3.4881877e-37
0,0,0.0
0,0,9.303228e-16
1,0,6.29066e-14
0,0,7.442414e-21
0,0,5.803982e-39
0,0,3.1027992e-31
0,0,4.6e-44
0,0,0.0014315514
0,0,7.885041e-09
0,1,0.9955396
1,1,0.9894246
0,0,2.3115785e-19
0,0,6.280336e-11
0,0,1.546184e-39
0,0,1.4501802e-32
0,0,2.4711965e-35
1,0,0.025462989
0,0,2.8514867e-29
0,0,4.7184316e-28
0,0,6.0389935e-29
0,0,5.998631e-07
0,0,1.1415704e-29
0,0,3.7776e-41
0,0,3.9954675e-11
0,0,7.335812e-21
0,0,2.1732877e-23
1,1,0.9986442
0,0,0.00025640853
0,0,6.5340363e-24
0,0,0.0
0,0,1.2923635e-24
0,0,3.4889614e-21
0,0,5.0353177e-05
0,0,2.1939254e-26
0,0,4.52917e-25
0,0,1.5339e-41
1,0,1.9274838e-08
0,0,5.415739e-09
1,0,0.008932804
1,0,2.4065001e-12
0,0,2.3924386e-25
0,0,0.0
1,0,0.00046690836
0,0,1.0050678e-14
0,0,6.266172e-25
0,0,1.0813425e-26
1,1,0.9986014
0,0,2.1029917e-18
1,0,0.15727459
0,0,1.5655223e-07
0,0,3.3621338e-19
0,0,6.2257346e-19
0,0,3.2559655e-22
1,0,0.0002925776
1,0,0.32627958
0,0,6.9436305e-29
0,1,0.99856037
0,0,1.7077164e-21
1,0,0.0070550675
0,0,5.562052e-19
0,0,0.0
0,0,2.0834272e-12
1,1,0.988658
0,0,1.0636095e-15
1,1,0.84776914
1,0,0.008490873
0,0,7.842939e-07
0,0,2.3001673e-21
0,0,1.7500846e-18
1,0,0.0074304366
0,0,6.8100163e-18
1,0,0.00017435587
0,0,1.2075423e-15
1,1,0.997471
0,0,0.006013557
0,0,5.2712756e-17
1,0,2.7377226e-05
0,0,1.5043582e-09
0,0,3.0918297e-19
0,0,1.6012571e-26
0,0,5.6995483e-15
1,1,0.98396075
1,1,0.986294
1,1,0.9993007
0,0,2.393554e-39
1,1,0.99667907
1,0,5.662997e-06
0,0,9.468698e-34
1,0,6.4467245e-28
0,0,9.0086937e-35
0,0,3.446752e-34
0,0,1e-45
1,0,0.00015584707
0,0,9.850675e-31
0,0,0.24667886
0,0,6.5730936e-29
0,0,3.6175944e-21
0,0,1.179422e-21
0,0,7.4668373e-22
0,0,1.2516181e-31
0,0,1.744102e-38
0,0,5.243778e-25
0,0,6.59782e-27
0,0,4.188883e-15
0,0,2.2082745e-19
0,0,1.6354761e-11
0,0,4.078483e-06
0,0,1.4049618e-18
0,0,0.0
0,0,0.0
0,0,8.2477e-40
0,0,2.0273015e-14
0,0,0.0
0,1,0.98776907
0,0,1.6310505e-21
0,0,5.1141695e-23
0,0,6.3096655e-23
0,0,2.563282e-29
0,0,2.0377344e-21
0,0,5.0114487e-37
0,0,3.1527714e-36
1,1,0.963213
0,0,5.269622e-19
0,0,4.1565766e-12
0,0,8.606884e-05
1,1,0.9997502
0,0,4.29095e-31
0,0,3.5191527e-16
1,1,0.62325096
0,0,4.2933917e-30
0,0,6.402394e-27
0,0,3.9288167e-25
0,0,0.0
0,0,7.6570204e-35
1,0,0.016456602
0,0,1.7026228e-14
0,0,5.0010473e-27
0,0,6.5182314e-23
0,0,3.8868997e-09
0,0,0.0
0,0,4.30475e-33
0,0,1.3794377e-08
0,0,4.848816e-39
0,0,1.738207e-27
0,0,2.4467245e-12
0,0,8.796935e-24
1,1,0.9999831
0,1,0.97278816
1,1,0.920628
0,0,1.10972306e-23
0,0,1.6842833e-21
0,0,1.0139316e-16
1,0,0.0039936057
0,0,1.4649098e-38
0,0,1.8006972e-28
0,0,2.29611e-40
0,0,1.9633009e-19
0,0,1.0049561e-30
0,0,1.237261e-19
0,0,7.771466e-19
0,1,0.9912655
0,0,6.68e-43
1,0,0.29650208
0,0,0.0
0,0,9.948294e-12
0,0,1.733614e-39
0,0,4.437385e-25
0,0,5.5969176e-33
0,0,5.3434975e-30
0,0,3.516164e-14
0,0,1.3352129e-12
0,0,6.036359e-17
0,0,1.4008178e-13
0,0,4.722837e-31
0,0,3.8394077e-22
0,0,2.0613732e-32
0,0,1.2485984e-25
1,0,7.0648985e-06
0,0,5.966248e-21
0,0,6.303451e-33
0,0,2.647657e-22
0,0,2.6392534e-32
0,1,0.9999757
0,0,6.024551e-34
1,0,0.19507034
1,1,0.9996137
0,0,2.17315e-40
0,0,2.3074987e-27
0,0,1.7300295e-36
0,0,1.7443611e-16
0,0,4.0811465e-11
1,0,0.3649841
0,0,9.473518e-31
1,1,0.73624504
1,0,1.9793677e-11
0,0,2.3846587e-05
0,0,1.885554e-05
0,0,3.8925647e-18
0,0,6.0748096e-28
0,0,3.452508e-31
0,0,5.437275e-10
0,0,1.3147168e-21
0,0,6.701043e-16
0,0,3.0243553e-21
0,0,5.2e-44
0,0,2.3741756e-31
0,0,3.6254848e-20
1,1,0.7474036
1,1,0.9999157
0,0,1.4e-44
0,1,0.99404013
0,0,1.8271927e-20
1,1,0.999858
0,0,0.00026523005
0,0,2.3593293e-19
0,1,0.9992448
0,0,2.1657788e-05
0,1,0.9978781
0,0,5.9118012e-08
0,0,1.5854247e-25
0,0,0.0
0,0,9.4332905e-20
0,0,6.33e-43
0,0,3.15649e-21
0,0,3.7540464e-22
0,0,8.235924e-37
0,0,7.7723e-41
0,0,9.465277e-17
0,0,0.0
0,0,6.1617516e-19
0,1,0.77897894
0,0,2.8285836e-22
0,1,0.83938223
1,1,0.99975115
1,1,0.9999306
0,0,1.7784181e-10
0,0,1.1722384e-06
1,1,0.99253887
1,1,0.97115874
0,0,0.0
0,0,5.6550805e-17
0,0,5.518073e-19
1,1,0.9960284
0,0,1.7910376e-06
1,0,0.08510749
0,0,2.7110485e-05
0,0,1.6474965e-36
0,0,8.1654434e-22
1,1,0.9859474
0,0,1.0750778e-27
0,0,1.091614e-31
0,0,1.1323583e-14
1,0,3.3324955e-06
0,0,0.0
0,0,3.2889055e-24
0,0,5.101598e-39
0,0,1.0550712e-22
0,0,2.9580414e-35
1,0,8.4922874e-11
0,0,2.7645349e-06
0,0,9.617248e-21
0,0,0.026635459
0,0,1.9081912e-16
0,1,0.97689193
1,0,4.932375e-09
0,0,6.0150303e-16
0,0,1.8269611e-14
1,0,0.0033145866
0,1,0.97463256
0,0,3.475595e-30
0,0,3.682224e-29
0,0,5.595264e-29
0,0,1.5040047e-36
0,0,2.2568011e-25
0,0,1.645398e-22
0,0,1.05696156e-35
1,0,2.0529209e-14
1,0,7.11367e-06
0,0,3.1976302e-09
0,0,1.4191849e-37
0,0,5.392557e-39
0,0,1.0877585e-20
0,0,9.788055e-29
0,0,2.6775322e-19
0,0,7.5264176e-19
0,0,1.2515956e-10
0,0,0.0020588906
0,0,0.44762275
0,0,8.2182495e-08
1,1,0.8991124
0,0,7.98e-42
0,0,8.240589e-26
0,0,2.041634e-27
0,0,1.8632132e-31
0,0,1.0620527e-30
0,0,0.0
0,0,1.9622796e-22
0,0,1.3116465e-13
1,0,1.9793677e-11
0,0,3.285495e-06
0,0,5.957037e-29
0,0,2.6914546e-30
0,0,1.9125764e-18
0,0,2.2479412e-11
0,0,7.1114006e-25
0,0,0.00016658017
0,0,8.4186045e-29
0,0,1.1312675e-19
0,0,3.492531e-28
0,0,3.7339872e-33
0,0,1.0466803e-23
0,0,0.025713796
0,0,4.664253e-24
1,0,0.2777382
0,0,9.269433e-16
0,0,6.362121e-13
0,0,3.6996733e-19
0,0,0.003982317
0,0,2.0556054e-36
0,0,1.2967818e-19
1,1,0.7180744
0,0,4.226878e-22
1,0,3.6636884e-06
0,0,1.3224275e-14
0,0,0.0
0,0,1.080904e-21
0,0,6.998593e-30
0,0,9.1052414e-07
0,0,2.6030038e-13
0,0,1.3827391e-22
0,0,9.032104e-25
1,1,0.9999491
0,0,6.7811456e-08
1,1,0.99851793
0,0,1.3678449e-22
0,0,1.1913475e-34
0,0,7.48964e-27
0,0,1.0627651e-24
0,0,9.5485144e-23
0,0,1.2632491e-25
0,0,8.695817e-37
1,0,0.00046911222
0,0,1.34473e-40
0,0,1.5557435e-19
1,1,0.99991894
0,0,4.277753e-27
0,0,6.838494e-11
1,0,2.8098697e-05
0,0,2.335801e-29
1,1,0.989956
0,0,6.83079e-22
0,0,1.7e-44
0,0,2.3553418e-22
1,0,5.7423864e-07
0,0,1.2703494e-38
0,0,7.510427e-23
0,0,1.4525738e-22
0,0,5.13918e-24
0,0,9.329805e-10
0,0,7.5421346e-20
0,0,9.366903e-30
1,1,0.997903
0,0,3.584894e-24
0,0,1.0715627e-31
1,1,0.97125745
0,0,9.7334155e-25
0,0,2.1822398e-26
0,0,0.0
0,0,0.0
0,0,1.1768553e-22
0,0,1.3732874e-30
0,0,1.3638404e-19
0,0,3.0232275e-19
1,1,0.99989283
0,0,3.3970046e-20
0,0,1.9055872e-12
0,0,2.0918244e-16
0,0,5.9988e-41
0,0,2.387827e-16
0,0,3.5453845e-25
0,0,6.7544763e-12
0,0,3.2243878e-28
0,0,4.1951007e-05
1,1,0.9997501
0,1,0.90964323
0,0,5.1227734e-18
0,0,7.214809e-14
0,0,2.0523678e-15
0,0,0.0
0,0,7.572771e-30
0,0,1.3985881e-25
0,1,0.99918216
0,0,8e-45
1,0,0.27296203
0,0,2.729669e-16
0,0,1.2260497e-28
0,0,1.9722171e-13
0,0,7.2889756e-29
0,0,1.2013028e-23
0,0,1.05629575e-10
0,0,8.14898e-30
1,0,3.897736e-18
1,1,0.96527004
0,0,3.5418743e-30
0,0,2.5682581e-11
1,0,9.215807e-08
0,0,6.7981953e-10
0,0,4.2946095e-35
1,0,2.3678394e-06
0,0,2.1181993e-19
0,0,3.4501304e-28
0,0,5.1526e-41
0,0,0.0024631454
0,0,3.525836e-28
0,0,4.228993e-21
0,0,1.6483913e-05
0,0,7.501375e-24
1,0,0.00071327784
0,0,1.0181831e-13
1,1,0.93318033
0,0,9.505789e-20
0,0,5.554973e-14
0,0,6.869415e-21
0,0,2.7973955e-33
0,0,1.7442582e-12
0,0,9.202518e-33
0,1,0.8540026
1,1,0.908823
0,0,3.8827837e-37
0,0,2.203997e-36
1,0,0.26084363
0,0,0.048678447
0,0,2.9890678e-18
1,1,0.999964
0,0,7.054331e-19
0,0,3.014112e-16
0,0,6.232007e-19
0,0,1.0722087e-31
0,0,6.58763e-21
0,0,2.7499764e-16
0,0,5.7913584e-11
0,0,4.037007e-31
1,1,0.7027549
0,0,1.3929203e-05
0,0,2.3144526e-21
0,0,3.586716e-15
0,1,0.99980396
0,0,2.1092358e-24
0,0,1.9808928e-08
0,0,0.0
0,0,6.8579296e-26
1,1,0.98851657
0,0,8.706416e-27
0,0,6.4927934e-07
1,1,0.6145898
0,0,5.798623e-25
0,0,9.179694e-14
0,0,4.264686e-27
0,0,1.149407e-11
1,1,0.9997036
0,0,2.446409e-18
0,1,0.751251
1,0,2.835285e-05
0,0,5.6066263e-08
0,0,1.0424942e-27
1,1,0.71460927
1,1,0.99987185
0,0,1.1306498e-20
0,0,2.7353626e-37
0,0,3.598164e-12
0,1,0.99175656
0,0,1.5195667e-25
0,0,3.188314e-23
0,0,2.2488786e-24
0,0,3.8368202e-35
0,0,1.1065828e-22
0,0,8.098716e-37
1,0,0.08510749
1,1,0.9999808
0,0,4.6357766e-08
0,0,4.909151e-18
0,0,2.5416657e-22
0,0,8.243193e-20
1,1,0.99330395
0,0,3.3554975e-26
1,0,1.6842967e-13
0,0,2.2720091e-13
0,0,2.686138e-25
0,0,6.21025e-25
0,0,1.4756808e-20
1,0,0.0021920663
0,0,3.252387e-24
0,0,7.3e-43
0,0,1.0548261e-21
0,0,2.151392e-19
0,0,2.5190537e-19
0,0,2.3342285e-33
1,0,6.8520545e-05
0,0,5.136595e-23
0,0,3.2640272e-35
1,1,0.99938416
0,0,1.6521333e-23
0,0,8.555781e-21
0,0,9.40693e-39
0,0,4.884582e-35
1,0,0.2777382
0,0,1.284616e-11
0,0,0.0
1,1,0.9998826
0,0,1.4345629e-06
0,0,1.8744322e-18
0,0,2.3848204e-18
1,1,0.9818157
0,0,3.2959454e-20
1,0,1.4057938e-09
0,0,5.521178e-23
0,0,1.892243e-17
0,0,3.970099e-24
0,0,0.0
1,1,0.9529454
1,0,0.012706583
0,0,6.2106823e-23
1,1,0.9963148
1,0,0.0019244308
1,1,0.99058634
0,0,1.1512424e-05
1,1,0.9741898
0,0,6.831072e-16
0,0,1.3565922e-18
0,0,7.3533284e-27
0,0,1.9277411e-23
0,0,8.147311e-28
0,0,6.181937e-24
0,0,2.2129547e-19
0,0,7.7729935e-15
0,0,2.0119841e-19
0,0,2.6781936e-36
0,0,1.1601085e-08
0,0,0.0
0,0,1.5015268e-38
0,0,2.127075e-33
1,0,1.4094242e-05
1,1,0.99991715
0,0,4.633144e-26
0,0,1.1761653e-20
0,0,3.457793e-16
0,0,3.0912338e-23
0,0,0.09943126
1,1,0.9999745
0,0,7.777779e-20
0,0,1.7030939e-25
1,0,0.0007510229
1,0,1.9936496e-10
0,1,0.7912295
1,1,0.9703188
1,1,0.9999558
1,1,0.9951343
0,0,2.1645967e-26
1,1,0.9736656
1,1,0.9963315
1,1,0.9997937
0,0,1.289676e-22
0,0,1.0419641e-37
1,1,0.9999776
0,0,8.775523e-23
0,0,3.9067554e-26
0,0,2.7941942e-08
0,0,4.553589e-21
0,0,6.274815e-15
0,0,3.7767796e-32
0,0,6.2399396e-23
0,0,5.3497276e-34
1,0,2.5503428e-07
1,1,0.9998566
0,0,1.2949357e-30
0,0,3.9984468e-38
0,0,0.0
0,0,1.934706e-20
0,0,4.9250963e-25
0,0,1.1968061e-16
1,1,0.9997036
1,0,2.219806e-09
0,0,2.3302842e-28
1,0,3.1039814e-05
0,0,6.700262e-35
0,0,2e-44
0,0,1.344049e-19
0,0,2.73187e-29
1,1,0.96795315
1,0,0.0014017741
0,0,2.3495244e-24
0,0,0.0
0,0,1.218013e-28
0,0,1.6643332e-33
0,0,5.3185248e-30
0,0,0.0
1,0,0.15064573
0,0,6.874653e-15
0,0,1.3110129e-18
0,0,6.8742263e-32
0,0,1.7130453e-38
0,0,2.8869482e-22
1,0,0.026962725
0,0,4.0756182e-21
0,0,1.3783e-41
0,0,6.4584e-18
0,0,1.5185585e-25
0,0,1.4733353e-20
0,0,4.0095673e-15
0,0,1.0636924e-06
0,0,1.8115948e-23
0,0,1.070983e-05
0,0,1.7528747e-21
0,0,8.831974e-31
0,0,3.1378303e-23
0,0,1.25056656e-26
0,0,1.9392472e-08
0,0,1.321e-42
0,0,1.9264228e-18
0,0,2.8404653e-23
0,0,2.7094698e-24
0,0,1.8612862e-18
1,0,6.8520545e-05
1,0,0.0003015987
1,0,1.1074658e-05
1,1,0.92047244
0,0,0.0009681595
0,0,9.261643e-34
0,0,0.0
0,0,1.1456048e-23
0,0,9.258306e-15
1,0,1.9174993e-06
0,0,9.5028925e-05
0,0,0.0
0,1,0.99183977
1,0,0.0010683768
0,0,4.351639e-26
0,0,2.6988325e-18
0,0,3.2250692e-25
0,0,2.922464e-35
0,0,1.900361e-08
0,0,4.2642473e-08
0,0,1.3352712e-31
1,0,0.0010468883
0,1,0.9552133
0,0,3.9878915e-30
0,0,0.0023418935
1,1,0.9895509
0,0,1.670698e-10
1,1,0.99961495
0,0,1.0978679e-12
0,0,3.575439e-26
0,1,0.9850197
1,0,0.005113079
0,0,1.1724562e-20
0,0,0.0006284656
1,0,0.0003138013
0,0,1.9619512e-21
0,0,0.00034495117
0,0,2.6538742e-23
1,0,0.0002985166
0,0,4.4568207e-20
0,0,4.0528101e-22
1,0,1.053478e-06
1,1,0.99992025
0,0,0.0033694413
0,0,1.1046247e-24
0,1,0.9634907
1,1,0.9999536
0,0,2.5642254e-18
0,0,1.0821101e-26
0,0,1.3931964e-29
0,0,4.6e-44
0,0,0.0
0,0,3.3851907e-22
0,0,1.9054034e-33
1,0,0.08237409
0,0,8.5286783e-19
0,0,1.0499547e-17
1,0,5.7423864e-07
0,0,1.3419292e-17
0,0,2.5557532e-07
0,0,3.6334322e-20
1,0,4.1745253e-07
1,1,0.99903905
0,0,9.126014e-21
0,0,5.846191e-20
0,0,1.973947e-29
1,0,0.024756348
1,0,0.15450384
0,0,2.1879867e-15
0,0,2.055069e-09
0,0,4.6532155e-32
0,0,1.1451e-41
0,0,2.1162335e-22
0,0,8.9815235e-26
0,0,1.4335275e-37
0,0,6.6256e-41
0,0,2.7387902e-35
0,0,4.238856e-31
0,0,1.2415486e-20
0,0,1.04812505e-26
0,0,1.318471e-25
0,0,2.1832133e-34
1,0,0.21291777
0,0,5.131751e-33
1,0,3.385754e-05
0,0,6.032196e-08
0,1,0.98152244
0,0,4.915931e-27
0,0,3.1474233e-14
0,0,1.5242019e-37
0,0,1.8713644e-36
0,0,4.74e-43
0,0,5.8362053e-36
0,0,1.954526e-21
0,0,2.0007282e-24
0,0,8.1195165e-19
0,0,8.595104e-28
0,0,6.6602014e-13
0,0,0.00059311715
0,0,4.2513978e-20
0,0,1.2651544e-17
0,0,1.0168175e-23
0,0,1.4991256e-27
0,0,4.35081e-40
0,0,9.3510664e-08
0,0,1.8450505e-38
0,0,8.486083e-23
0,0,3.9298242e-16
1,0,0.008490873
0,0,9.505167e-10
1,1,0.99988747
0,0,2.9332287e-14
1,0,4.926445e-06
0,0,2.6791172e-18
0,0,1.0780578e-11
0,0,8.5418e-41
0,0,2.701423e-29
0,0,2.0682839e-22
1,0,0.0005104009
1,0,0.00026978762
1,0,2.2611434e-06
0,0,7.841947e-21
0,0,3.940571e-13
0,0,3.0132467e-18
0,0,1.04812505e-26
0,0,7.3885623e-19
0,0,9.117192e-25
0,0,3.155834e-17
0,0,3.2679819e-32
1,1,0.99999964
0,0,0.00028763484
0,0,4.4895263e-30
0,0,1.3596313e-21
0,0,2.1964214e-18
0,0,0.0
0,1,0.8563876
0,0,2.7719908e-22
1,1,0.6288682
0,0,8.821745e-22
0,0,1.83e-42
1,0,0.26225767
0,0,1.2355933e-12
1,0,0.039082624
0,0,7.3461043e-17
1,1,0.9921395
0,0,4.7851162e-29
0,0,2.3994115e-33
1,0,0.0005714785
1,0,0.25419524
0,0,2.249677e-31
1,1,0.87580323
0,0,0.0034445862
0,0,1.7847092e-20
1,1,0.99935764
0,1,0.9934437
0,0,2.3119645e-28
0,0,6.069799e-23
1,0,0.0044357795
1,1,0.92529124
1,0,2.94958e-12
0,0,0.0
0,0,9.74581e-05
1,0,0.00028091663
0,0,5.521789e-23
0,0,2.3094989e-26
0,1,0.54655284
0,0,4.3181334e-35
0,0,0.0
1,0,3.6524063e-06
0,0,0.050378587
0,0,0.0019312367
0,0,4.7343235e-10
0,0,6.876267e-26
0,0,2.7452844e-36
1,0,9.007562e-12
0,0,1.9745105e-23
0,0,3.7949646e-38
0,0,2.4657532e-28
0,0,6.17621e-06
0,1,0.99890256
0,0,1.2447302e-28
0,0,1.09296824e-16
0,0,3.9540066e-22
0,0,2.3941585e-11
0,0,7.153018e-05
0,0,2.9761e-41
1,1,0.87154526
0,0,5.230774e-09
0,0,2.9895125e-33
0,0,2.0328741e-21
0,0,1.2777938e-25
0,0,7.737337e-32
0,0,2.0906399e-27
0,0,5.209801e-18
1,0,1.2324629e-06
1,0,1.3240768e-05
0,0,2.1113616e-31
0,0,8.6626017e-07
1,0,0.00018604028
0,0,0.0
0,0,6.5962974e-31
0,0,5.5147986e-16
0,0,5.525698e-19
0,0,7.095741e-39
0,0,8.782289e-15
0,0,0.0
0,0,0.001972684
1,1,0.99999964
1,0,0.0010157621
0,0,6.0045154e-21
1,1,0.9999324
0,0,5.239044e-38
1,1,0.99969983
0,0,1.7940627e-14
0,0,0.0
0,0,5.2945643e-35
0,0,1.1849521e-19
0,0,1.6435124e-19
1,1,0.99998295
0,0,5.863051e-13
0,0,3.7508007e-35
0,0,3.6848776e-30
0,0,1.8749258e-18
0,0,4.945981e-38
0,0,0.0
0,0,4.9988386e-18
0,0,1.0048152e-13
0,0,5.706329e-25
0,0,4.3784245e-29
0,0,0.0
1,0,7.824106e-06
0,0,8.326115e-36
1,1,0.9845756
0,0,1.5609938e-10
0,0,7.180588e-39
1,0,0.014789313
0,0,1.5857485e-21
0,0,0.0
0,0,1.8206792e-36
0,0,3.6481127e-27
0,0,2.9855184e-14
1,1,0.9997502
0,0,4.050867e-20
0,0,3.506902e-17
1,1,0.9951343
0,0,5.1227527e-26
0,0,4.0515684e-17
1,1,0.9999274
0,0,9.029034e-11
0,0,3.851316e-16
0,0,1.2712953e-22
0,0,1.5687095e-21
0,0,5.6402196e-38
1,1,0.8252799
1,1,0.99997866
0,0,4.222649e-25
0,0,3.449623e-32
0,0,4.4104935e-21
0,0,0.0
0,0,0.0
0,0,2.7380532e-24
0,0,3.8999557e-31
0,0,5.470742e-13
0,0,2.47296e-20
0,0,5.314143e-23
0,0,2.111077e-26
1,1,0.9985335
0,0,5.3024695e-34
0,0,2.4513292e-28
0,0,3.134569e-20
0,0,0.17213708
0,0,8.821255e-26
0,0,4.046742e-28
0,0,9.84029e-06
0,0,1.4697196e-21
1,0,2.6733513e-09
0,0,3.4793854e-32
0,0,4.358765e-34
0,0,0.0
0,0,8.558952e-20
1,0,0.01376103
0,0,2.334539e-34
0,0,3.7280695e-24
0,0,2.4362e-41
0,0,1.194827e-15
1,1,0.99993765
0,0,2.7072308e-37
1,0,1.095096e-06
0,0,2.3811177e-28
1,1,0.99224746
1,0,1.2362229e-08
0,0,7.675567e-26
0,0,6.1130653e-38
0,0,5.3491134e-20
0,0,1e-45
1,1,0.9999958
0,1,0.8654337
0,0,0.36775818
0,0,3.570181e-17
1,0,0.020823848
1,1,0.99961394
0,0,7.619406e-27
1,1,0.9998679
0,0,0.0005266694
0,0,3.002e-42
0,0,1.6049312e-07
0,0,4.978527e-28
1,0,0.18424845
1,0,2.6733513e-09
0,0,1.0364669e-12
0,0,4.7230255e-20
0,0,1.998673e-27
1,0,0.00055888784
0,0,0.0131728
0,0,1.4280004e-27
0,0,1.2181054e-14
1,1,0.9936132
0,0,0.0
0,0,3.45421e-37
0,0,6.7937404e-20
0,0,6.5314575e-20
1,1,0.9988753
0,0,7.464791e-36
0,0,1.4146288e-14
0,0,1.100497e-27
0,0,3.1137765e-10
0,0,3.9963841e-25
0,0,2.3087728e-06
0,1,0.99978393
0,0,1.4409341e-15
0,0,0.00015339527
0,0,1.3833096e-21
0,0,3.703862e-22
1,1,0.9999685
0,0,4.0426986e-21
0,0,9.964077e-34
0,0,4.909395e-33
0,0,0.00014190667
0,0,4.553026e-09
0,0,6.971612e-27
1,1,0.80569494
0,0,4.7940702e-21
0,0,5.7035654e-06
1,1,0.9997124
0,0,6.1711425e-25
1,0,0.007831065
0,0,6.011634e-24
0,0,3.2100138e-37
0,0,7.857924e-32
0,0,0.0
0,0,1.0734504e-05
0,0,3.20944e-21
0,0,2.285849e-28
0,0,3.554982e-35
0,0,2.267796e-32
0,0,6.009682e-25
0,0,2.826487e-25
0,0,4.672181e-30
0,0,1.2246197e-20
0,0,0.00036837396
0,0,1.736705e-24
0,0,2.7617207e-30
0,0,0.29278123
0,0,2.815238e-20
1,0,1.3244698e-25
1,0,2.2161688e-08
0,0,1.2649462e-18
1,1,0.98601764
0,0,0.0
1,0,0.0005104009
1,1,0.9999958
1,0,1.3314513e-05
0,0,3.358039e-30
1,0,0.00016728608
0,0,5.0948166e-22
1,0,0.42489088
1,0,7.4048345e-05
1,1,0.63984185
0,0,1.5149481e-25
0,1,0.99612504
0,1,0.9999827
0,1,0.9984894
1,1,0.94815147
1,1,0.9807793
1,0,1.6380218e-06
1,0,0.0002287576
0,0,2.170661e-23
0,0,1.1832883e-14
0,0,2.0639919e-26
0,0,1.093491e-05
0,0,5.9508375e-21
0,0,1.57285e-21
1,1,0.96141034
0,0,1.1613031e-32
0,0,0.0
0,0,3.9792073e-26
0,0,8.177313e-16
0,0,3.7270995e-33
0,0,2.151418e-14
0,0,2.2616385e-15
0,0,0.18175673
0,0,3.5964143e-16
0,0,1.541367e-39
1,1,0.9348586
0,0,6.87107e-20
0,0,2.4935065e-35
0,0,7.972292e-18
0,0,1.0216883e-10
0,0,6.9611115e-28
1,0,0.06139593
0,0,2.780269e-17
0,0,9.490566e-21
0,0,1.4482254e-14
0,0,8.139763e-20
0,0,1.047e-42
0,0,1.1375077e-26
0,0,9.858214e-27
0,0,4.05e-43
0,0,6.734175e-24
0,0,1.281e-42
0,0,5.86708e-35
0,0,7.211975e-14
1,0,0.037022755
0,0,8.217759e-28
0,0,6.989942e-32
0,0,0.0
0,0,1.9241945e-06
0,0,1.260181e-21
0,0,6.254217e-22
0,0,0.003115801
1,0,9.114728e-09
0,0,2.2064703e-36
0,0,7.6498303e-22
0,0,4.0369236e-34
1,1,0.9382779
1,1,0.99154973
0,0,2.4958552e-29
1,0,0.0020902376
0,0,5.847936e-18
0,0,8.192733e-32
0,0,2.3755604e-32
0,0,1.7678137e-31
0,0,4.03208e-40
0,0,6.349294e-21
0,0,1.5423291e-20
1,1,0.99154973
0,0,1.6624656e-28
0,0,1.5488724e-29
0,0,1.2647857e-35
0,0,2.0420411e-25
1,0,0.4747372
0,0,8.843433e-13
0,0,0.18928821
1,1,0.999846
1,1,0.9997036
0,0,4.5e-44
0,0,1.0008577e-17
0,0,1.2246702e-29
0,0,6.4830857e-25
0,0,7.452068e-30
1,0,5.7044133e-07
0,0,1.1276006e-27
0,0,2.2298403e-29
0,1,0.99974066
0,0,0.2069233
0,0,1.3006339e-15
0,0,9.649131e-24
1,0,0.0094134305
0,0,2.152572e-21
0,0,1.7930206e-35
0,0,1.3703956e-08
0,0,3.7236882e-26
1,0,0.0010683768
0,0,1.1421352e-24
0,0,1.2027251e-29
0,0,5.462857e-10
0,0,2.1875145e-12
0,0,0.0
0,0,1.2155932e-23
0,0,2.0048053e-19
1,0,2.0063193e-05
0,0,4.5171393e-12
0,0,2.142901e-24
1,0,2.8160044e-10
0,0,2.661643e-21
0,0,3.647393e-10
0,0,3.9089537e-07
0,0,5.353e-42
0,0,1.2419475e-26
0,0,2.575143e-20
0,0,3.5085123e-22
0,0,9.133357e-22
0,0,7.018194e-29
0,0,4.969686e-35
0,0,8.85719e-28
1,1,0.9999993
0,0,3.962958e-39
0,0,8.556253e-25
0,0,2.09e-43
0,0,9.192161e-27
1,0,1.5592938e-11
1,0,3.897736e-18
0,0,9.398626e-13
0,0,2.313105e-26
1,0,5.1183056e-16
1,1,0.9996131
0,0,7.16e-43
0,0,6.4688315e-25
1,0,1.0425882e-07
0,0,9.4633415e-29
0,0,1.6189572e-20
0,0,3e-45
0,1,0.9988555
1,1,0.99917823
1,1,0.9985355
0,0,6.4101863e-28
1,1,0.9998518
0,0,7.947846e-26
0,0,4.5611434e-17
0,0,2.6585508e-34
0,0,1.7857197e-17
0,0,6.407875e-32
1,1,0.9998068
1,1,0.99820685
0,0,1.1462588e-11
0,0,3.6859573e-24
0,0,3.023936e-16
0,0,9.7250594e-26
1,0,8.571384e-09
0,0,7.554991e-24
0,0,3.6871763e-34
0,1,0.9993531
0,0,6.6153842e-09
0,0,1.468907e-05
0,0,3.2006854e-14
1,1,0.9859474
0,0,1.5796374e-15
0,0,1.3656621e-12
1,1,0.8842221
0,1,0.6617482
1,1,0.99992275
0,0,2.1650163e-20
0,0,2.70259e-35
0,0,8.8e-44
0,0,4.5364855e-17
0,0,2.3822e-41
1,0,0.3968452
0,0,2.0545084e-13
0,0,4.2667514e-20
0,0,0.037151944
0,1,0.99914324
0,0,0.00013876244
0,0,0.0
0,0,8.091126e-28
0,0,4.4373208e-16
0,0,6.578879e-32
1,0,2.719158e-05
0,0,4.457209e-21
0,0,2.0002936e-16
0,0,1.3e-44
0,0,2.01956e-25
1,0,3.8891743e-05
1,0,0.0089279665
0,0,4.0708926e-22
0,0,5.57811e-21
1,1,0.990284
0,0,1.5139933e-27
0,0,1.0262668e-24
0,0,1.9158499e-12
0,0,1.0343619e-19
0,0,4.235064e-28
0,1,0.9994894
0,0,7.17506e-16
0,0,1.596562e-17
0,0,5.1570753e-22
0,0,1.5396834e-13
0,0,0.003677939
0,0,2.089075e-22
1,1,0.9998229
0,0,6.637185e-24
1,1,0.99917823
0,0,3.4226437e-34
0,0,2.272755e-20
0,0,1.5546745e-07
0,0,7.63429e-15
0,0,1.01196966e-29
0,0,0.00023560619
0,0,1.1438222e-32
0,0,9.684347e-07
0,0,0.0
0,0,2.835319e-26
0,0,6.6419894e-19
0,0,6e-45
0,0,1.9712257e-34
1,0,1.7463943e-05
1,1,0.9999325
1,1,0.9993254
0,0,0.00026038027
1,1,0.99990034
1,0,0.0005104009
0,0,2.8941e-41
0,0,2.5119323e-20
0,0,4.2344786e-30
0,0,3.15029e-09
1,1,0.99985766
0,0,8.987565e-24
0,0,6.863466e-22
0,0,1.4171297e-21
0,0,0.001521555
0,0,0.0
0,0,0.0113861915
0,0,2.8342118e-05
1,0,1.3240768e-05
0,1,0.6771037
0,0,0.0
0,0,1.125053e-19
0,0,1.0708432e-24
0,0,6.758635e-28
0,0,7.1917373e-19
0,0,8.986135e-22
0,0,3.157376e-39
0,0,1.3732038e-37
0,0,5.2765683e-24
0,0,6.7943485e-24
1,0,6.727528e-05
0,0,6.755869e-23
0,0,1.6709876e-18
1,0,2.1922263e-08
0,0,3.4209025e-22
0,0,1.5056144e-18
0,0,9.420107e-17
0,0,4.2248245e-25
1,1,0.99996257
1,1,0.997903
0,0,0.0
0,0,1.9221795e-26
1,0,5.6992317e-08
1,1,0.99997604
0,0,6.07572e-40
0,0,5.5959426e-23
1,0,0.02347086
0,0,4.469921e-17
0,0,2.6681241e-32
0,0,1.18e-43
1,1,0.99762934
0,0,1.9359482e-18
0,0,1.2254188e-20
0,0,2.7872422e-27
0,0,3.9639198e-07
1,1,0.9126972
0,0,8.11386e-39
1,0,2.3403478e-08
0,0,4.4560895e-20
1,0,2.8550268e-05
1,0,0.00011118528
0,0,2.7157654e-36
0,0,1.6216126e-23
1,1,0.9936132
0,0,1.1648706e-09
0,0,2.2648118e-26
0,0,2.930967e-23
0,0,2.9646899e-31
0,0,1.8854442e-14
0,0,1.6808828e-12
0,0,3.3300742e-09
0,0,6.4984767e-28
0,0,1.4501802e-32
1,1,0.99993694
1,1,0.97699773
0,0,2.7357425e-19
0,0,3.45197e-30
1,0,0.0075542987
0,0,4.798676e-23
0,0,1.8926945e-28
1,1,0.89150286
0,0,3.4468913e-37
1,0,0.0014476535
1,0,3.380806e-06
0,0,3.037362e-36
0,0,1.4201842e-33
0,0,8.696243e-08
0,0,1.9224943e-19
0,0,1.3687351e-18
0,0,8.259355e-24
0,0,1.0133367e-07
1,0,0.079045616
0,0,2.2419103e-28
0,0,1.4414583e-35
1,0,0.00013230792
1,0,9.524041e-06
0,0,5.4334165e-18
1,0,0.29184875
0,0,3.0470926e-25
1,1,0.9996031
0,0,3.32e-43
0,0,1.746088e-28
0,0,1.5989674e-12
1,0,0.00025089527
0,0,7.697318e-35
0,0,7.71609e-16
0,0,1.6047668e-19
0,0,0.0
1,0,0.04984318
0,0,0.014790634
0,0,2.014068e-16
1,1,0.8618035
0,0,8.938178e-35
0,1,0.99978346
0,0,2.1201173e-32
0,0,0.0
0,0,9.987512e-28
0,0,9.19603e-17
0,0,0.00022763794
1,1,0.99880135
0,0,7.659437e-22
1,0,0.12295201
0,0,1.4042062e-06
0,0,8.231714e-37
0,0,1.0933251e-06
0,0,4.5449855e-08
0,0,1.8048412e-31
0,0,4.47292e-40
0,0,7.429156e-24
0,0,1.070413e-34
0,0,1.9880164e-23
0,0,1.0082938e-21
0,0,3.208553e-07
0,0,2.4031555e-20
0,0,7.9804134e-26
0,0,8.764244e-24
0,0,2.0339412e-09
0,0,7.455849e-15
0,0,2.7385992e-22
0,0,3.7658744e-17
0,0,2.6564577e-15
0,0,6.142164e-39
1,1,0.9999918
0,0,1.5629963e-17
0,0,3.4383796e-23
0,0,1.590116e-21
0,0,3.4432187e-33
0,0,0.0003776844
0,0,4.212002e-31
0,0,1.3486163e-24
0,0,2.6206759e-30
0,0,1.3043447e-16
0,0,2.0525072e-24
0,0,2.7618998e-15
0,0,1.8975507e-30
0,1,0.8286184
1,1,0.99700576
0,0,3.0331323e-12
0,0,0.0
0,0,2.8641307e-38
0,0,9.469016e-13
1,1,0.9473269
0,0,0.0
0,0,2.9969405e-29
0,0,5.96296e-25
0,0,6.704307e-26
0,0,7.658545e-11
1,1,0.8449994
0,0,0.002311048
1,0,4.5210458e-05
0,0,1.8574185e-35
0,0,1.4606207e-28
0,0,2.2689487e-23
1,1,0.960012
0,0,1.129369e-21
0,0,4.395593e-06
0,0,2.2861856e-31
0,1,0.97336674
1,1,0.9999267
0,0,3.2098704e-35
0,0,6.182306e-19
0,0,5.043705e-08
0,0,3.0417246e-19
0,1,0.9974528
0,0,8.6331643e-26
0,0,6.768359e-14
1,0,9.703313e-06
0,0,9.121877e-20
1,1,0.9999862
0,0,4.7910077e-25
0,0,8.6894125e-38
0,0,2.1638907e-07
0,1,0.9999865
1,1,0.995447
0,0,8.389741e-24
0,0,0.0
0,0,3.9608356e-12
1,0,0.0013501921
1,0,0.00055637356
0,0,2.9068626e-29
0,0,3.62118e-40
0,0,3.1988476e-18
0,0,4.6790443e-09
1,0,1.629417e-05
0,0,2.194658e-37
0,0,2.7033716e-14
0,0,1.8602952e-30
0,0,9.00294e-16
0,0,2.7907135e-10
0,0,3.5853541e-19
1,1,0.9998247
0,0,2.3277065e-29
0,0,7.541638e-05
0,0,4.1813503e-21
0,0,2.8500377e-05
0,1,0.5578409
0,0,4.958879e-25
0,0,1.7808458e-13
0,0,9.376138e-28
1,1,0.9815819
0,0,8.090871e-30
0,0,4.7257416e-37
0,0,1.5387995e-17
0,0,9.190561e-09
0,0,4.2281177e-23
0,0,4.0662406e-20
0,0,1.6922298e-22
0,0,0.0
1,0,8.444966e-05
1,1,0.99965656
0,0,1.2175816e-27
0,0,6.375609e-27
0,0,7.9982854e-38
0,0,3.1667237e-17
0,0,8.373645e-27
0,0,4.8770006e-14
0,0,3.8946195e-23
1,0,0.013704796
0,0,8.898113e-25
1,0,2.8160044e-10
1,0,0.00072039093
0,0,1.8842282e-15
0,0,6.060589e-12
0,0,4e-45
0,0,4.6441262e-05
0,0,4.620582e-09
0,0,2.5758004e-13
0,0,0.24355578
0,0,4.482225e-20
0,1,0.98361075
1,0,0.008089674
0,0,5.7687674e-19
0,0,2.4363637e-05
0,0,2.6081326e-28
1,0,1.2845939e-07
0,0,0.0
0,0,5.8848445e-31
0,0,0.0016763965
0,0,1.2222828e-18
0,0,1.431739e-24
0,1,0.97375405
0,0,2.1347e-41
1,0,0.00012268641
1,0,9.3521155e-09
0,0,8.721463e-22
1,1,0.9663096
0,0,2.204275e-28
0,0,3.124447e-34
0,0,1.5956498e-08
0,0,1.2301911e-28
0,0,7.367755e-21
0,0,3.3358743e-30
0,0,2.4776637e-19
1,0,0.0007184131
0,0,4.267054e-38
0,0,3.6516495e-27
0,0,7.758255e-34
1,1,0.9936132
0,0,1.0968605e-32
0,0,1.7828564e-22
0,0,8.007652e-32
0,0,1.0259201e-28
0,0,1.1758378e-35
0,0,3.522148e-23
0,0,2.8157657e-19
0,0,9.937614e-35
0,0,1.4717269e-30
1,0,0.0049280915
0,0,6.743e-42
0,0,2.8917335e-36
0,0,8.42767e-13
0,0,0.0
0,0,0.0
0,0,2.2900487e-34
0,0,7.4077134e-22
0,0,8.127695e-27
1,0,1.690909e-05
0,0,6.0532415e-08
0,0,1.00852205e-07
1,1,0.9936132
0,0,2.8756864e-19
0,0,5.3247354e-23
1,0,0.027476154
0,0,1.6493298e-17
0,0,5.32175e-12
0,0,1.2901024e-32
1,1,0.9963432
1,1,0.9998247
0,0,1.4627503e-21
0,0,1.0730166e-35
0,0,2.2509058e-30
0,0,2.0430785e-24
0,0,2.136644e-13
0,0,1.2228126e-36
1,0,0.0009849858
1,1,0.9999424
1,1,0.99986506
0,0,4.6261352e-25
1,0,2.7098645e-07
0,0,2.127782e-39
0,0,1.4233819e-21
0,0,1.9359422e-24
1,0,0.1522081
0,0,6.609004e-07
0,0,1.8483002e-28
0,0,1.5145664e-18
0,0,1.3505961e-20
0,0,2.7034726e-08
1,0,2.1946553e-07
0,0,0.0
0,0,1.6975878e-09
0,0,2.5235152e-35
0,0,1.3134177e-15
0,0,1.4356552e-31
0,0,3.1938513e-24
0,0,2.8735316e-23
0,0,3.8883967e-17
1,0,0.036996324
0,0,1.22512905e-20
1,0,1.4094242e-05
0,0,0.00015412217
0,0,3.6e-44
1,1,0.6828826
0,0,0.0
0,0,3.5294724e-19
1,0,0.0048623295
0,0,0.0
0,0,2.6671642e-12
0,0,4.2167235e-26
0,0,1.5245503e-30
1,1,0.99971455
0,0,7.3197856e-16
0,0,9.12116e-40
0,0,2.5255505e-25
0,0,2.3929702e-12
0,0,7.955162e-32
0,0,1.5630667e-11
0,0,3.5226283e-25
1,1,0.99976224
0,0,5.768971e-32
1,0,0.0001463358
1,0,5.895696e-09
0,0,0.0
1,0,0.0009337047
0,0,3.345391e-24
0,0,1.2890536e-26
1,1,0.9831123
0,0,6.675733e-31
0,0,5.0760226e-13
0,0,7.9952775e-35
1,0,0.3887899
0,0,7.1796556e-32
1,1,0.9999932
0,0,3.5311725e-17
0,0,1.0835744e-22
1,0,0.011875857
0,0,1.3370292e-32
0,1,0.9972561
0,0,1.0783053e-21
0,0,2.3996764e-26
1,1,0.9931657
0,0,6.8244197e-34
0,0,5.979e-41
0,0,1.9151424e-22
0,0,2.9068093e-35
0,0,1.3259348e-19
0,0,4.0246472e-22
0,0,3.677585e-25
0,0,0.0
1,0,3.12223e-06
1,1,0.99998784
1,0,0.38317922
0,0,1.36643e-40
0,0,1.3211105e-23
0,0,8e-45
0,0,4.065309e-13
0,0,5.0105712e-14
0,0,6.2862557e-26
0,0,9.9767824e-26
1,1,0.993741
1,1,0.999752
1,1,0.99954385
1,1,0.80414337
1,0,1.2192846e-09
0,0,8.611373e-30
0,0,8.624826e-36
0,0,4.5149432e-07
0,0,1.47995e-40
0,0,1.2629061e-19
0,0,5.9857895e-27
1,0,9.53888e-07
0,0,8.9350554e-17
0,0,5.830172e-37
1,0,1.1074658e-05
0,0,7.1636514e-17
0,0,8.494887e-24
1,0,1.5682194e-07
0,0,7.8321e-41
0,0,4.1418957e-31
0,0,8.718037e-22
0,0,1.2633567e-15
1,1,0.99966216
1,1,0.9998
1,0,0.00013808282
0,0,9.034785e-19
1,0,0.008932804
0,0,1.0478604e-20
1,0,0.00029534433
0,0,6.96e-43
0,0,1.7e-44
0,0,6.974843e-16
0,0,2.8703778e-37
0,0,0.00381829
0,0,4.759936e-22
0,0,7.598377e-08
0,0,0.0
0,0,3.907303e-13
0,0,1.7784458e-17
0,0,0.0
0,0,2.1234078e-28
0,0,1.1313033e-24
0,0,2.0127108e-29
1,1,0.5927793
0,0,2.5704772e-23
0,0,1.6192726e-12
0,0,1.5844283e-31
0,0,1.420408e-39
0,0,1.0642764e-28
0,0,4e-45
0,1,0.9999025
0,0,2.0092404e-17
0,0,0.0
0,0,8.984373e-25
1,1,0.9978004
1,1,0.7094601
0,0,1.841847e-12
0,0,9.391502e-19
0,0,2.6315828e-17
1,0,4.112581e-08
0,0,5.7179036e-31
0,0,1.3253567e-29
0,0,6.917682e-25
0,0,8.30505e-14
0,0,5.0320565e-24
0,0,1.4822456e-38
0,0,7.577941e-38
0,0,1.9470415e-34
1,1,0.9795064
0,0,5.3071296e-17
0,0,1.540659e-20
0,0,7.36155e-20
1,1,0.9999982
0,0,7.7081625e-27
0,0,0.0
0,0,3.4577345e-27
0,1,0.9997936
0,0,1.5649733e-14
0,0,1.3578543e-06
1,0,0.0004122426
1,0,2.7879607e-06
0,0,0.0
0,0,0.0
0,0,0.11075083
0,0,2.7180173e-19
0,0,1.3614084e-33
0,0,4.308711e-25
0,0,5.07491e-24
0,0,0.0
0,0,5.9631634e-14
0,0,7.6163237e-20
0,0,1.292516e-32
0,0,1.3698076e-38
0,0,2.6997722e-31
1,0,0.058984946
0,0,4.444922e-26
0,0,6.8378034e-22
1,0,7.1749373e-12
0,0,7.171362e-17
0,0,2.0547246e-31
0,0,8.4e-44
0,0,2.1179418e-33
0,0,3.095226e-28
1,1,0.99917245
0,0,2.3078495e-13
0,0,1.575428e-11
0,0,5.193888e-25
0,0,2.1734069e-20
0,0,5.1598474e-23
0,0,5.6481255e-14
0,0,2.76892e-19
0,0,9.847391e-34
0,0,9.413478e-21
1,0,2.4878693e-07
0,0,3.2652561e-15
0,0,1.44e-43
0,0,0.0039858236
0,0,0.030241739
1,1,0.5891057
0,0,3.6441934e-18
1,1,0.99518716
0,0,4.2309965e-20
0,0,1.4e-44
0,0,9.755831e-10
0,0,5.9036283e-13
0,0,9.546766e-23
0,0,1.8722116e-16
0,0,1.9186959e-15
0,0,2.9393181e-09
0,0,1e-45
0,0,1.1811132e-24
1,0,0.4747372
0,0,9.561347e-30
1,1,0.9126972
0,0,4.9115026e-14
0,0,5.0638862e-17
1,0,0.0014019207
0,0,0.0
1,1,0.9996172
1,1,0.9999807
0,0,4.055104e-27
0,0,9.203504e-05
0,0,4.6969586e-26
0,0,2.0440165e-14
0,0,1.5058224e-24
0,0,1.4089802e-35
0,0,2.0002738e-28
0,0,6.068039e-23
1,0,3.380806e-06
1,0,1.3244698e-25
0,0,7.480661e-08
0,0,7.1280257e-09
1,0,0.0031593181
0,0,2.5337715e-18
1,0,0.027502313
0,0,8.7463e-41
0,0,6.5398276e-22
0,0,3.146999e-09
0,0,3.4284258e-23
0,0,3.569929e-21
0,0,1.0327134e-35
0,0,2.0257973e-37
0,0,2.2270929e-23
1,1,0.99998784
0,0,2.8830047e-17
0,0,6.10266e-20
0,1,0.99056846
0,0,0.0
0,0,7.3307165e-22
0,0,1.2646821e-16
0,0,1.509752e-15
0,0,1.4807536e-23
0,0,9.172768e-39
0,0,1.3250877e-23
0,0,1.432134e-14
0,0,4.3582188e-33
0,0,0.0
0,0,9.626581e-19
0,0,0.24134234
1,1,0.9766841
1,0,0.01714282
0,0,5e-44
1,1,0.9997404
0,0,8.1823096e-30
0,0,8.804759e-07
0,0,3.8620791e-19
0,0,3.1217685e-05
0,0,1.0960624e-23
1,0,6.884853e-10
0,0,7.888496e-25
0,0,1.2741902e-20
0,0,3.389104e-23
0,0,6.9450666e-20
0,0,3.8140613e-17
0,0,1.3249607e-24
0,0,4.344696e-23
0,0,4.306468e-21
0,0,2.574706e-31
0,0,8.3454137e-07
0,0,9.4864664e-23
0,0,7.885506e-28
1,1,0.99976224
1,0,1.0588954e-05
1,1,0.9767876
0,0,5.1893884e-19
0,0,3.6239722e-08
0,0,5.225867e-17
0,0,1.4055077e-34
0,0,3.4265508e-26
0,0,1.1087927e-37
0,0,2.6099265e-11
0,0,2.18308e-40
1,1,0.91480076
0,0,1.0683983e-18
0,0,7.999846e-37
0,0,2.4480622e-25
0,0,0.0
0,0,2.1993245e-31
0,0,1.7439543e-17
0,0,2.7988473e-33
0,0,1.01831845e-33
1,0,0.00015155034
0,0,1.5698083e-13
0,0,0.0
0,0,5.625029e-23
1,0,4.7844804e-09
0,0,1.2656022e-05
1,1,0.83920556
0,0,1e-45
0,0,2.6989394e-15
0,0,1.5419957e-10
0,0,3.2706564e-21
1,0,0.17001466
0,0,8.5066595e-24
1,1,0.99998295
0,0,4.037007e-31
0,0,0.0
0,0,1.149e-41
0,0,3.3078484e-20
0,0,1.534849e-31
0,0,3.9322813e-17
0,0,0.0
0,0,0.0
0,0,7.7e-44
0,0,1.1459311e-33
0,0,1.8318621e-12
1,0,2.1311838e-07
0,0,2.219946e-20
0,0,0.47364295
0,0,1.3842755e-36
0,1,0.8682582
0,0,4.88875e-23
0,0,1.312165e-31
0,0,9.649705e-27
0,0,5.4126005e-35
1,0,6.156411e-14
0,0,2.8249275e-30
0,0,0.013458163
0,0,2.6562336e-31
0,0,2.0222492e-11
0,0,2.5440358e-27
0,0,8.644728e-12
0,0,7.216188e-21
0,0,4.1066844e-24
0,0,3.7830903e-27
0,0,0.0
0,0,4.114489e-26
0,0,7.097216e-28
0,0,8.657852e-22
0,0,3.6e-44
0,0,3.727382e-19
0,0,8.74272e-21
0,0,4.922929e-13
0,0,1.3867e-41
0,0,1.819604e-35
0,0,6.7643395e-12
0,0,6.547447e-28
0,0,3.5004027e-19
1,1,0.9999778
0,0,1.281669e-19
0,0,4.2138133e-26
0,0,1.03275574e-22
0,0,1.0518533e-20
1,0,0.00394897
0,0,1.836154e-39
1,0,1.5792534e-06
0,0,2.4473563e-22
0,0,1.7213956e-25
0,0,1.6711206e-19
0,0,4.5068454e-20
1,1,0.9963432
1,0,0.00030710179
0,0,1.2163164e-31
0,0,1.6725087e-14
0,0,1.4282337e-21
0,0,1.184377e-36
0,0,3.5107038e-13
1,0,0.001031421
0,0,1e-45
0,0,2.727534e-17
0,0,4.4233396e-18
1,0,1.6936494e-05
0,0,0.0
0,0,1.8870276e-21
0,0,2.0504026e-31
0,0,1.397942e-26
0,0,5.862698e-19
0,0,2.8628833e-17
1,0,0.020341253
0,0,9.14e-42
0,0,9.273401e-37
0,0,2.8486734e-35
0,0,6.6455613e-12
0,0,1.0490718e-21
1,0,8.586359e-08
0,0,2.4686664e-24
0,0,8.824346e-20
1,0,0.017240377
0,0,2.2500474e-30
0,0,4.9347287e-16
0,0,0.0
0,0,4.9448e-41
1,0,2.7070937e-09
0,0,0.0
1,0,4.67805e-05
0,0,3.3962497e-37
0,0,1.7311939e-18
0,0,7.982553e-24
1,0,0.0003431428
0,0,1.0041971e-23
1,0,0.001803544
0,0,3.8894595e-12
0,0,2.1875311e-27
0,0,2.717357e-24
0,0,2.3714178e-21
0,0,1.0666745e-09
0,0,1e-45
1,0,7.47646e-10
0,0,0.0
0,0,1.5819952e-30
0,0,2.3580096e-24
0,0,5.6942865e-16
0,1,0.99919564
0,0,0.047179602
0,0,1.0542487e-06
0,0,6.002782e-26
0,0,7.5835634e-20
0,0,2.0019217e-14
0,0,5.97571e-18
0,0,1.69127e-40
1,0,5.717965e-07
1,0,0.037022755
0,0,1.6633833e-38
0,0,8.420289e-18
1,1,0.999928
1,0,0.01607254
0,0,2.9464048e-22
0,0,7.9070876e-17
0,0,1.7532493e-21
0,0,0.0005218309
0,0,1.662275e-21
0,0,1.9764829e-25
0,0,1.5431467e-13
0,0,4.5183017e-31
1,0,0.00012235927
0,0,8.985179e-36
0,0,7.451376e-25
1,1,0.9921085
0,0,1.0662222e-29
0,0,0.00022377707
0,0,8.072712e-15
0,0,2.4233459e-26
0,0,1.347592e-33
0,0,1.9703104e-32
1,1,0.9999993
0,0,1.0245272e-37
0,0,6.343816e-23
1,0,0.001106006
0,0,2.054117e-20
0,0,8.1843845e-19
0,0,3.629584e-05
1,0,4.5288125e-05
1,0,0.059340354
0,0,3.0724472e-08
0,0,1.6104495e-14
0,0,1.5760959e-14
1,0,0.0030111605
0,0,2.147e-42
0,0,1.4737108e-14
0,0,1.805613e-38
1,0,0.1997752
0,0,2.552539e-05
0,0,9.7329646e-26
0,0,3.5118587e-15
1,0,0.2519152
0,0,4.0848e-41
0,0,0.0
0,0,3.8390326e-19
0,0,4.4163896e-27
0,0,1.1436923e-23
0,0,4.1969645e-13
0,0,1.0520519e-05
0,0,2.275249e-39
1,1,0.72750705
0,0,1.9729544e-28
0,0,2.1e-44
0,0,1.7902492e-24
0,0,1.9398369e-14
0,0,3.2757198e-32
0,0,4.983262e-19
1,0,5.662997e-06
1,1,0.99999166
0,0,2.5849423e-15
0,0,2.0115777e-07
0,0,1.0473111e-16
0,0,7.9827376e-16
0,0,7.324206e-29
0,0,2.0788293e-28
0,0,2.8291368e-35
0,0,3.860552e-13
0,0,0.003966469
1,0,0.0072171055
0,0,1.139764e-15
1,0,1.5544315e-06
0,0,5.2428603e-24
0,0,2.523085e-25
1,1,0.99999976
0,0,2.8382445e-31
0,0,9.431763e-08
1,1,0.99954504
1,1,0.99831283
0,0,0.0
0,0,6.0487195e-15
0,1,0.9949609
0,0,9.667167e-20
0,0,2.7507591e-19
0,0,1.3467347e-09
0,0,3.5456307e-16
0,1,0.99657166
1,0,7.867114e-06
0,0,1.4171669e-22
0,0,9.7893016e-26
0,0,8.748071e-18
0,0,6.4850973e-15
0,0,1.2941583e-33
0,0,1.9518865e-08
0,0,3.671629e-39
0,0,4.0526897e-13
0,0,4.133948e-27
0,1,0.9961739
0,0,4.161951e-29
0,0,4.3726533e-12
0,0,1.9747715e-18
0,0,2.7316564e-14
0,0,3.3700538e-28
0,0,1.8568533e-26
1,1,0.936653
0,0,1.7790785e-30
1,1,0.9997017
0,0,4.8384508e-24
1,0,2.0501922e-05
1,0,0.0006449448
0,0,6.34e-42
0,0,9.514073e-25
0,0,0.00056309626
0,0,3.5043726e-18
0,0,2.1912295e-21
0,0,4.0041148e-28
1,1,0.9986155
0,0,9.942616e-13
1,1,0.99997365
1,0,2.2944027e-12
0,0,0.0
0,0,1.6940989e-34
0,0,6.1974374e-28
1,0,9.53888e-07
1,1,0.920628
0,0,5.901248e-26
1,0,1.8877743e-05
0,0,2.007412e-22
1,1,0.9983346
0,0,2.5e-44
0,0,3.2003683e-10
0,0,6.3161295e-20
0,0,3.0672618e-14
0,0,0.0008472258
0,0,6.726753e-17
0,0,8.097726e-15
0,0,0.0
0,0,9.857268e-13
1,1,0.99899024
0,0,9.077657e-34
0,0,6.159634e-35
0,0,9.0940186e-11
0,0,3.9029323e-31
0,0,5.1775433e-12
0,0,5.5361197e-12
0,0,8.869208e-25
0,0,3.21539e-17
0,0,3.538455e-24
0,0,1.356189e-25
0,0,0.0
1,0,1.3013865e-10
0,0,1.4152007e-05
0,0,1.78e-43
0,0,6.1882635e-23
0,0,2.6007836e-33
0,0,3.8867435e-28
0,0,2.0585255e-20
0,1,0.9973953
0,0,1.3413901e-12
0,0,1.4788377e-11
0,0,5.366902e-25
0,0,0.0
0,0,1.47164e-26
0,0,0.006135024
1,0,1.0886389e-06
0,0,3.5106463e-19
0,0,1.16691086e-26
0,0,0.025265155
0,0,4.565313e-28
0,0,8.5807e-33
0,0,5.270375e-23
0,0,7.721321e-26
0,0,5.177485e-19
1,0,2.077651e-05
1,0,0.018264022
0,0,3.4768308e-21
0,0,6.911317e-35
0,0,1.3290742e-27
0,0,2.8947904e-21
0,0,2.7320033e-23
0,0,7.890794e-30
1,0,0.17521778
0,1,0.99317765
0,0,0.0
1,0,0.025715338
0,0,1.5824781e-15
0,0,3.192359e-35
0,0,8.440636e-28
0,0,1.6228217e-20
0,0,1.1578875e-18
0,0,4.5825737e-26
1,0,7.351687e-08
0,0,3.8724826e-10
0,0,7.689691e-19
0,0,6.518763e-20
0,0,0.20997432
0,0,8.7121147e-38
0,0,2.9654e-41
1,1,0.9991516
0,0,1.5050394e-34
0,1,0.9670708
1,1,0.9126972
1,1,0.99999785
0,0,1.809765e-11
0,0,2.9974884e-22
0,0,3.2549348e-22
0,1,0.99975747
1,1,0.97397137
0,0,2.4162957e-24
1,0,0.022841662
0,0,9.868838e-09
0,0,6.9431467e-31
0,0,1.7908328e-28
0,0,8.951977e-17
0,0,6.883493e-16
1,1,0.9998566
0,0,2.4104755e-33
0,0,3.637576e-29
0,0,0.019848706
0,0,5.586622e-23
0,0,3.1951808e-23
0,0,1.5892409e-12
0,0,5.579794e-20
1,0,2.306578e-05
0,0,4.5618344e-19
0,0,1.8209279e-07
0,1,0.9997836
1,1,0.99696356
0,0,0.004827012
0,0,2.9255294e-29
0,0,1.1755852e-30
1,0,0.0003431428
0,0,4.583977e-09
0,0,1.0760053e-34
0,0,7.369867e-35
1,0,0.23437545
0,0,3.9517e-37
0,0,1.5470116e-30
0,0,0.0
1,1,0.9996916
0,0,0.3969089
1,0,0.00010117257
0,0,3.1295252e-36
0,0,2.031597e-34
0,1,0.9935283
0,0,8.5002863e-20
0,0,9.966692e-28
1,1,0.999881
0,0,5.1482057e-24
1,0,0.23498744
0,0,2.0326987e-18
0,0,2.6962468e-35
0,0,2.5877984e-19
0,0,2.5608056e-32
0,0,2.7041037e-29
0,0,2.184631e-06
0,0,4.135296e-31
0,0,9.467954e-16
1,1,0.94344795
0,0,9.980087e-35
1,0,0.30860463
0,0,1.8499015e-28
0,0,1.7820142e-21
0,0,9.158625e-13
0,0,0.0
1,1,0.57975817
1,1,0.9999982
1,1,0.94815147
0,0,3.6453679e-37
1,0,0.0049280915
0,0,2.5859216e-28
0,0,2.3020588e-25
0,0,1.8327972e-21
0,0,3.5697908e-37
0,0,0.004587044
0,0,1.0195578e-34
0,0,6.1033584e-35
0,0,3.668817e-38
0,0,3.803145e-27
0,0,1.7475981e-16
0,0,0.0
0,0,1.4575216e-34
0,0,0.06935983
0,0,2.7984066e-20
1,0,6.9862545e-12
1,0,3.450519e-09
0,0,3.6835764e-27
0,0,2.0804182e-26
0,0,7.9617504e-17
0,0,2.1105762e-20
0,0,3.74e-43
1,0,0.020195743
0,0,4.8031676e-21
0,0,2.8826284e-26
0,0,5.466342e-35
0,0,7.532403e-31
0,0,1.0315152e-30
0,0,3.052534e-06
0,0,1.0441599e-23
0,0,4.9735565e-27
0,0,2.7185167e-25
0,0,1.03085096e-14
0,0,0.0
0,0,2.6084196e-29
0,0,2.58224e-24
0,0,1.06122e-40
1,1,0.99992275
1,1,0.9936527
0,0,4.2292543e-27
0,0,3.466361e-33
0,0,1.652249e-09
0,0,5.5410027e-11
0,0,2.3516628e-28
0,0,7.876108e-25
1,0,0.00045379266
1,1,0.99930716
1,0,6.906429e-07
0,0,4.1577943e-36
0,0,7.85377e-29
0,0,9.183592e-23
1,1,0.9972681
0,0,7.417404e-24
1,1,0.99983406
0,0,1.4173483e-33
1,1,0.999881
1,0,2.7425452e-07
1,1,0.9950539
0,0,2.4191718e-14
0,0,0.0
0,0,6.1205153e-21
1,0,0.00045946753
0,0,2.5574863e-32
0,0,2.2185066e-20
1,1,0.9998853
1,0,4.4630553e-09
1,0,1.5120894e-07
1,1,0.99889624
0,0,6.0229137e-21
0,0,1.6410932e-20
0,0,8.9850264e-17
1,1,0.9999355
0,0,1.05e-42
1,0,0.0002540849
0,0,1.2437184e-22
0,0,2.0635837e-06
0,0,5.7400946e-28
0,0,2.5037515e-21
1,1,0.6288682
0,0,2.5462993e-11
0,0,2.1927519e-13
0,0,6.334463e-29
1,1,0.99843687
0,0,0.0
0,0,2.3856484e-18
1,0,0.0035705953
0,0,7.632661e-22
0,0,4.8552437e-22
0,0,4.5797237e-19
1,0,7.348132e-05
0,0,5.216483e-18
0,0,5.601283e-15
1,1,0.999995
0,1,0.7030989
0,0,2.9734804e-15
0,0,1.6682452e-07
1,0,0.007987232
0,0,3.8644502e-20
0,0,1.1392783e-28
0,1,0.82379043
0,0,1.3857596e-37
0,0,4.159073e-24
0,0,5.7219794e-25
0,0,3.463718e-14
1,0,0.13410121
0,0,1.7704025e-19
0,1,0.9999999
0,0,4.6382237e-24
1,0,0.15764228
1,1,0.99975663
0,0,4.5238934e-22
0,0,2.1540226e-24
0,1,0.99921715
0,0,4.8972954e-17
0,0,0.00035013404
0,0,1.9528064e-19
0,0,3.180478e-31
0,0,8.874771e-37
1,1,0.9986442
1,1,0.75327194
0,0,4.20741e-40
0,0,1.1120852e-20
0,0,4.176015e-34
1,1,0.97450036
0,0,5.3203756e-21
0,0,1.4338902e-12
0,0,1.5261947e-33
0,0,5.676767e-22
0,0,1.6343336e-20
0,0,2.0956652e-07
1,0,0.00013993958
0,0,0.0
0,0,5.3276043e-29
0,0,2.0945329e-22
0,0,0.0
0,0,1.5111997e-28
1,1,0.99771714
1,0,0.034056146
1,1,0.9978004
0,0,5.058196e-30
0,0,4.702502e-32
0,0,4.4150104e-26
0,0,2.2713407e-29
0,0,3.8239062e-26
0,0,5.9096774e-17
0,0,1.6461488e-25
0,0,3.9251116e-20
0,0,6.4882636e-23
0,0,7.9287155e-24
0,0,1.3268611e-11
0,0,6.136646e-07
0,0,2.4934976e-27
0,0,9.865e-42
1,0,2.5142346e-05
0,0,8.077959e-06
0,0,2.2486235e-37
1,1,0.9253355
0,0,8.8871184e-26
0,0,7.067865e-23
0,0,8.988754e-34
0,0,9.941337e-11
0,0,1.6662048e-36
0,0,9.185788e-18
0,0,7.652609e-05
0,0,9.836476e-17
0,0,2e-44
1,1,0.99993765
0,0,1.0764438e-28
0,0,6.55322e-20
0,1,0.99978095
0,0,2.5567305e-28
0,0,3.467488e-24
0,0,5.653246e-25
0,0,4.2813565e-14
0,1,0.9933222
0,0,0.0
0,0,7.916663e-15
0,0,5.6640635e-24
1,0,5.8053375e-11
0,0,1.4018663e-27
0,0,1.2820511e-18
1,0,0.002037462
0,0,1.2907311e-34
0,0,8.403112e-28
0,0,3.2e-44
0,0,1.8635624e-30
0,0,4.5888315e-13
0,1,0.99978954
0,0,2.4454883e-38
0,0,2.1419677e-18
0,0,8.31248e-11
0,0,1.0168565e-15
0,0,4.7425623e-34
1,0,0.00086705934
0,0,2.9025199e-36
0,0,0.0
0,0,2.7161735e-33
0,0,0.027080784
0,0,6.187129e-05
1,1,0.9845756
0,0,3.1930416e-35
0,0,1.454846e-24
0,0,7.3128395e-30
0,0,2.5924684e-29
0,0,7.1501e-41
0,0,2.8107292e-29
0,0,1.4952366e-19
0,1,0.9999095
0,0,3.7675e-41
1,1,0.99992275
0,0,1.0541858e-15
1,1,0.9995882
0,0,9.082627e-23
0,0,3.853232e-28
0,0,0.023822805
0,0,6.0228185e-22
0,0,2.4146865e-14
0,0,4.6085e-41
0,0,7.5983605e-35
1,1,0.9999982
0,0,3.581982e-39
1,0,4.778592e-06
0,0,3.28456e-05
0,0,0.00042041545
0,0,2.5871783e-25
0,0,9.879217e-07
0,0,1.5439349e-14
1,1,0.99991715
0,0,0.0
0,0,3.3536134e-09
0,0,1.9912754e-35
1,0,4.328724e-05
0,0,4.12203e-26
0,0,2.0892091e-23
0,0,6.9334e-40
0,0,2.5623763e-19
0,0,4.036116e-15
0,0,6.864632e-18
0,0,0.0
0,0,1.4674491e-38
0,0,2.6449258e-26
0,0,1.314542e-20
1,0,0.1522081
1,1,0.99861395
0,0,2.8079634e-22
0,0,1.1121038e-32
0,0,0.0075760265
0,0,0.0
1,0,4.8713073e-08
0,0,6.8749e-27
0,0,3.229759e-18
0,0,6.561154e-26
0,0,1.0327134e-35
0,0,1.627e-42
1,0,1.3240768e-05
0,0,7.689713e-36
0,0,1.5825211e-14
0,0,1.04845136e-29
1,1,0.99819285
1,0,0.00013936419
0,0,6.699398e-26
0,0,2.0022475e-24
0,0,1.4087307e-16
0,0,0.021411948
1,0,0.00023299875
0,0,1.2171804e-15
0,0,7.846814e-07
1,1,0.99959224
1,1,0.998941
0,0,3.412007e-11
0,0,1.7099963e-23
0,0,1.1742367e-29
0,0,6.202798e-23
0,0,8.21447e-20
0,0,2.6949437e-18
0,0,3.84186e-19
0,0,6.314168e-08
0,0,5.1797687e-22
0,0,8.3928285e-13
0,0,2.258243e-06
0,0,2.0724138e-30
1,0,3.1039814e-05
0,0,7.920519e-10
0,0,2.0728708e-09
0,0,5.2771503e-17
0,0,5.072332e-18
0,0,7.0652315e-21
0,0,2.8953518e-11
0,0,0.0002856184
0,0,9.8492805e-05
1,1,0.97310954
0,0,1.0240481e-34
0,0,6.7427518e-34
1,1,0.8723333
1,0,0.00034031447
0,0,1.2542349e-06
0,0,0.0
0,0,3.049382e-26
0,0,1.165555e-39
1,1,0.9990896
0,0,0.0
0,0,0.0
0,0,4.6e-44
0,0,0.0
1,1,0.93566966
0,0,2.6936456e-20
0,0,4.1140914e-36
1,0,4.1808678e-07
0,0,6.1732396e-17
0,0,5.562813e-20
0,0,4.1693527e-23
0,0,2.184631e-06
1,1,0.9999459
1,0,0.0013055532
0,0,1.0941493e-05
0,0,2.481519e-22
0,0,1.876517e-30
0,0,1.9966552e-18
0,0,1.9089713e-15
0,0,1.9319753e-22
0,0,6.599611e-05
0,0,9.192438e-20
0,0,2.3855678e-32
0,0,0.070738025
0,0,1.5504865e-10
0,0,1.3573467e-20
0,0,1.8107204e-27
0,0,2.1279737e-20
0,0,2.0385251e-23
0,0,1.01358655e-25
0,0,9.392592e-23
0,0,7.336979e-08
0,0,0.0
0,0,5.70485e-17
0,0,6.451441e-30
0,0,5.8045405e-11
1,1,0.99992263
0,0,1.8550668e-21
0,0,3.364622e-27
0,0,2.698927e-24
0,0,1.1624715e-20
0,0,0.0
1,1,0.6264644
0,0,6.792579e-26
0,0,2.7118212e-21
0,0,5.6938736e-31
0,0,0.0019012314
0,0,4.7024516e-38
0,0,4.6007465e-11
1,1,0.8760031
0,1,0.67448753
0,0,1.5457673e-22
0,0,2.637629e-35
1,0,4.562843e-12
0,0,1.8237998e-14
0,0,1.2719219e-13
1,1,0.99880135
0,0,8.325425e-34
0,0,1.4846383e-13
0,0,4.651e-42
0,0,1.7020768e-22
0,0,0.023316607
0,0,3.380925e-26
0,0,1.345e-23
0,0,5.7572936e-26
0,0,3.8460373e-20
0,0,1.1633276e-35
1,1,0.9972681
1,0,0.00013936419
0,0,8.3246144e-23
0,0,4.7101e-40
0,0,2.58682e-20
0,0,1.146619e-23
1,1,0.82938784
0,0,3.4691945e-24
1,1,0.99837273
0,0,1.00907595e-19
1,1,0.9993383
0,1,0.99886596
0,0,8.591752e-15
0,0,6.5778296e-23
0,0,1.1792595e-37
0,0,2.8526859e-09
0,0,4.0236483e-15
0,0,0.0
0,0,1.8204361e-21
0,0,3.7250435e-23
0,0,1.4254156e-19
1,0,2.8740177e-09
0,0,0.015080211
0,0,1.6392125e-32
0,0,6.419688e-26
0,0,4.080808e-24
1,0,1.3244698e-25
0,0,1.1863546e-26
1,1,0.9999132
0,0,4.4230256e-30
1,0,0.0007803754
0,0,4.4064757e-28
0,0,2.1686858e-13
0,0,2.4082833e-22
0,0,9.525599e-37
0,0,0.0
0,0,9.076584e-19
0,0,4.504368e-21
1,0,0.42489088
0,0,2.5356638e-20
1,0,0.39510328
0,0,3.48197e-40
0,0,1.5043275e-34
0,0,5.1397117e-38
1,0,0.3887899
0,0,7.687839e-20
0,0,7.935138e-22
0,0,0.36748564
0,0,1.3058991e-37
1,1,0.9978004
0,0,5.3046372e-33
0,0,2.489818e-28
0,0,9.61807e-33
0,0,1.0847376e-28
0,0,1.02671996e-26
0,1,0.99942625
1,1,0.9195052
0,0,0.00036007285
0,0,2.337e-42
1,0,0.01376103
0,0,5.8946256e-21
1,1,0.9672597
0,0,0.0
0,0,9.697298e-29
0,0,4.4763287e-28
0,0,5.0509595e-07
0,0,4.8445073e-17
0,0,9.530573e-38
0,0,0.0
0,0,3.28786e-19
1,0,9.891672e-06
0,0,8.711123e-22
0,0,1.9517882e-32
0,0,6.0159864e-26
0,0,2.2450071e-14
0,0,6.6547307e-31
0,0,9.993192e-35
1,0,0.01326632
0,0,7.03e-43
0,0,3.7549e-41
0,0,1.7791247e-24
0,0,6.4486054e-17
0,0,1.950297e-27
0,0,1.2340814e-23
0,0,0.07979381
0,0,5.915581e-19
0,0,5.698066e-24
0,0,7.8593427e-22
1,0,1.7054393e-08
0,0,4.72804e-26
0,0,6.975076e-18
0,0,2.1446511e-09
0,0,4.2636512e-24
0,0,2.3738364e-08
0,1,0.7405549
1,0,6.6475826e-05
0,0,5.6482207e-26
0,0,3.6292543e-17
0,0,1.7927158e-17
0,1,0.9998354
0,0,7.244018e-28
0,0,4.5100306e-26
0,0,5.7151675e-27
0,0,2.6515536e-33
0,0,3.5215697e-31
1,0,0.08280495
0,0,4.100116e-21
0,0,5.831903e-16
1,1,0.9963432
0,0,3.667636e-26
0,0,0.00014636888
0,0,6.7382314e-25
1,1,0.9999918
0,0,5.45815e-36
0,0,1.2587336e-38
0,0,7.0700248e-15
0,0,6.726609e-29
0,0,2.5543967e-31
0,0,1.9701506e-19
0,0,4.7040893e-21
1,0,3.193652e-05
0,0,4.4507325e-15
0,0,6.4535436e-27
0,0,9.4247654e-20
0,0,0.0
0,0,3.5005274e-09
1,1,0.9999536
0,0,6.6169173e-22
0,0,6.022263e-08
0,0,6.231766e-35
0,0,7.0087e-28
1,0,3.519443e-11
0,0,3.9598553e-26
0,0,1.6509199e-20
0,0,6.2425823e-38
0,0,0.0
1,1,0.9979171
0,0,0.0
0,0,0.00040416353
0,0,0.00015383307
0,0,1.4118035e-22
0,0,2.337943e-08
0,0,6.7157485e-26
0,0,2.1742203e-27
0,0,5.4566613e-25
1,1,0.9986442
0,0,1.4960102e-22
0,0,1.2686537e-24
0,0,4.9e-44
0,0,4.638787e-14
0,0,4.505357e-17
0,0,2.4712816e-20
0,0,3.0480659e-27
0,0,5.4483482e-30
1,1,0.97310954
0,0,7.946372e-23
0,0,7.421556e-19
0,0,8.139368e-33
0,0,2.447017e-17
0,0,5.496279e-37
0,1,0.95198447
0,0,2.7743898e-05
0,0,8.456015e-34
0,0,6.0064626e-21
0,0,1.569696e-30
0,0,4.26e-43
0,0,7.923527e-21
0,0,2.3609454e-30
0,0,2.3390644e-14
0,0,4.8833933e-11
0,0,7.9650976e-23
0,0,4.718412e-29
0,0,0.0
0,0,1.825995e-19
0,0,2.790844e-23
1,0,1.2290742e-06
0,0,3.0190104e-26
0,0,9.348171e-36
0,0,1.792666e-19
0,0,1.591748e-14
0,1,0.9845915
0,0,8.309041e-22
1,1,0.999964
0,0,7.4516165e-14
0,0,3.6652194e-17
0,0,1.0525177e-16
0,0,1.563275e-34
0,0,6.43538e-40
0,0,1.1766075e-16
0,0,5.115458e-15
1,0,4.985352e-06
1,1,0.9997584
0,0,2.728261e-33
0,0,1.1068096e-24
0,0,1.0972921e-31
0,0,2.3461444e-27
1,0,5.7044133e-07
0,0,2.2061649e-23
0,0,8.166461e-32
0,0,2.818617e-39
0,1,0.9928717
0,1,0.9959484
0,0,3.765295e-27
0,1,0.99869317
0,0,5.061e-42
0,0,9.095087e-07
0,0,1.3067818e-21
1,0,5.0771458e-05
0,0,7.898744e-30
1,1,0.9934237
0,0,5.9689465e-17
1,1,0.9977545
0,0,1.7180237e-25
1,0,0.0025129071
0,0,0.0
0,0,6.5408544e-21
0,0,1.1296635e-11
0,0,1.6969313e-12
1,0,0.25202167
0,0,8e-45
0,0,1.503141e-33
0,0,8.311576e-06
1,1,0.9985752
0,0,2.0103e-41
0,0,6.0141e-41
0,0,9.980219e-24
1,1,0.9672597
0,0,1.5176889e-26
1,0,0.00740141
0,0,0.0050969594
0,0,3.8367467e-20
1,0,0.004724428
0,0,4.226557e-14
0,0,4.4227233e-22
0,0,8.230903e-21
0,0,6.9608243e-34
0,0,1.6861613e-20
0,0,3.9130817e-25
0,0,1.6299707e-18
1,1,0.96812737
1,1,0.90291893
0,0,0.0
0,0,4.0088568e-26
1,0,0.012798421
0,0,8.312473e-20
0,1,0.99790287
0,0,1.1811742e-20
0,0,8.4662646e-15
0,0,1.4873225e-13
0,0,8.974391e-28
0,0,4.647146e-18
0,0,1.7174275e-25
0,0,3.4539281e-25
0,0,0.0
0,0,4.4987205e-35
0,0,2.5447747e-26
0,0,4.4195694e-22
0,0,2.8220566e-34
0,0,6.8394954e-23
0,0,0.2646118
0,0,8.309711e-21
0,0,1.3159275e-34
0,0,7.0304e-10
0,0,4.262706e-25
0,0,6.7077637e-25
1,0,1.8020451e-08
1,0,0.037673123
0,0,4.5783426e-27
1,1,0.84056145
1,1,0.9986929
0,0,2.896057e-31
0,0,0.0
0,0,3.893126e-27
0,0,0.0
0,0,2.518401e-26
0,0,3.067769e-19
0,0,2.1785486e-17
0,0,7.522781e-39
0,0,1.4e-44
1,1,0.99992
1,0,0.00061832764
0,0,3.06926e-39
0,0,3.0814197e-20
0,0,2.8717342e-23
1,0,0.02347086
0,0,2.26427e-39
0,0,0.0
1,1,0.9999306
0,0,0.0
0,0,0.0
0,0,1.3936705e-06
0,1,0.9960175
0,0,1.0630036e-33
0,0,7.454268e-27
0,0,2.0208386e-18
0,0,0.02634856
0,0,5.7238503e-05
0,0,2.2147832e-15
1,1,0.999526
0,0,4.246545e-23
0,0,0.021993887
0,0,1.7076837e-36
0,0,1.295175e-19
0,1,0.9973654
0,0,4.105789e-06
0,0,9.1201716e-35
0,0,3.8414837e-05
1,0,0.00018040997
0,0,7.4800603e-31
0,0,8.767777e-19
0,0,1.40340305e-33
0,0,6.687158e-07
0,1,0.9995072
1,1,0.911176
0,0,2.595074e-19
1,1,0.5924413
0,0,2.0661535e-08
1,1,0.99985766
0,0,3.9081737e-25
0,0,5.91172e-20
1,0,0.0043053133
1,0,0.0019906408
1,1,0.9999348
0,0,5.3230985e-20
0,0,3.8375266e-33
1,1,0.53804153
0,0,9.372324e-25
0,0,0.00031819788
0,0,1.0311831e-18
0,0,1.7239229e-13
0,0,2.976573e-11
1,0,0.00021433443
0,0,3.0220084e-17
1,0,0.0007049097
0,0,1.4826829e-13
1,1,0.99837273
0,0,0.00049398013
0,0,0.00017280784
0,0,1.7836134e-20
0,0,1.647621e-15
0,0,3.184881e-26
0,0,2.4821744e-28
0,0,4.7613217e-20
0,0,3.2188706e-35
0,0,4.012631e-07
0,0,2.3436732e-29
0,0,8.080446e-30
0,0,3.803417e-14
0,0,5.3737507e-15
0,1,0.96584976
0,0,2.7708703e-22
0,0,1.6676062e-18
0,0,0.0
1,1,0.9663096
1,1,0.9999286
1,1,0.9951343
0,1,0.99653673
0,0,4.2782045e-22
0,0,5.768971e-32
0,0,1.04636064e-16
0,0,4.3467207e-37
1,0,0.0076183435
0,0,4.037547e-23
0,0,1.7375384e-26
1,0,0.0002540849
0,0,4.8574645e-07
0,0,1.6513556e-11
0,1,0.9995284
0,0,5.3137403e-22
0,0,1.6976186e-11
0,0,2.1067e-41
1,0,7.883502e-06
0,0,6.913256e-16
0,0,1.2730902e-23
0,0,3.696383e-36
0,0,7.099156e-23
0,1,0.99915683
0,0,1.343014e-26
0,0,3.4355697e-05
0,0,3.5594156e-22
0,0,6.4452247e-28
0,0,1.4544457e-25
0,0,4.501724e-13
1,0,4.8713073e-08
0,0,1.0146197e-17
0,0,5.86364e-18
0,0,9.6634745e-21
0,0,1.1008812e-38
0,1,0.93022716
0,0,4.069695e-08
1,0,0.08662482
0,0,4.85e-43
0,0,3.1683914e-13
0,0,4.4884836e-29
0,0,1.5276e-41
0,0,1.6773846e-28
0,0,1.2108602e-13
0,0,1.1648754e-31
0,0,1.0335065e-18
0,0,1.6926193e-27
0,0,1.0501333e-20
0,0,3.9782837e-25
0,0,0.0058339755
1,1,0.8962845
1,0,0.0013396465
0,0,7.3605374e-28
0,0,7.081838e-25
0,0,1.7887109e-19
0,0,3.4940117e-27
0,0,3.018916e-35
0,0,7.602e-42
0,0,1.3496047e-16
1,0,0.00398486
0,0,0.0
0,0,4.365259e-32
0,0,1.2876929e-25
1,1,0.9999862
0,0,1.003221e-15
0,0,4.8820484e-35
1,0,2.1165236e-07
0,0,1.1081429e-12
0,0,5.838628e-30
0,0,6.208178e-21
0,0,4.5e-44
0,0,7.885849e-25
1,0,0.0159811
0,0,4.3086865e-21
0,0,1.2731709e-26
0,0,2.008192e-23
0,0,1.3848239e-15
1,0,2.1165236e-07
0,0,1.6960185e-35
0,0,1.429484e-18
0,0,8.23655e-30
0,0,9.28865e-06
0,0,1.3917055e-19
0,0,3.4317702e-26
0,0,1.1045416e-22
0,0,2.1650829e-27
0,0,2.313371e-39
0,0,1.3625559e-34
1,1,0.920628
0,0,6.992938e-37
0,0,2.9365e-35
0,0,4.8985373e-21
0,0,9.209086e-25
0,0,2.244133e-22
0,0,8.39177e-21
0,0,5.8541412e-18
0,0,1.7728651e-16
0,0,2.3185012e-06
1,0,2.9234337e-09
1,0,0.2747449
1,1,0.9935747
0,0,1.2746076e-21
0,0,1.1955899e-20
1,1,0.99696356
0,0,1.8151526e-13
0,0,7.173914e-30
1,0,0.12294037
0,0,0.018878587
0,0,0.0
0,0,3.72673e-40
0,0,4.556916e-25
0,0,2.4125e-25
0,0,1.67811e-40
1,1,0.989956
0,1,0.98462105
1,0,2.5142346e-05
0,0,0.0
0,0,6.397016e-29
0,0,4.1957136e-29
0,0,3.6065243e-13
1,1,0.99056655
0,0,1.8974e-41
0,0,1.4490244e-17
0,0,0.023113044
0,0,2.4346342e-24
0,0,1.4325709e-22
0,0,1.5583772e-16
0,0,6.6391187e-29
1,1,0.99999917
0,0,3.3584258e-21
0,1,0.92779195
0,0,1.0482692e-18
0,0,1.33801e-15
0,0,2.3402013e-26
0,1,0.9997894
0,0,6.068143e-05
0,0,2.2562225e-19
0,0,6.247018e-14
1,1,0.6145898
0,0,5.7639373e-31
0,0,1.3973583e-22
0,0,0.0
0,0,5.1602137e-26
0,0,2.4e-44
1,0,0.00026062562
0,0,2.55431e-40
0,0,1.351664e-11
0,0,9.638653e-15
1,1,0.99992526
0,0,3.8371908e-25
0,0,6.469603e-38
1,0,1.5792534e-06
0,0,3.5699312e-12
0,0,1.3992943e-15
0,0,4.04721e-33
0,0,0.38600162
0,0,0.019403482
0,1,0.9996413
0,0,2.9422515e-13
0,0,0.048575915
0,0,2.7556646e-26
1,1,0.99919325
0,0,5.758e-42
0,0,6.1020807e-34
0,0,9.87e-42
0,0,1.8841954e-19
0,0,0.0
1,0,1.5682194e-07
0,1,0.99881625
0,0,1.12105624e-26
0,0,2.1446738e-33
0,0,2.5596302e-27
0,0,1.1759751e-08
0,0,4.3394246e-07
1,0,0.02347086
0,0,3.51731e-18
0,0,2.0822956e-15
1,0,0.002325113
0,0,1.17896e-19
0,0,0.0
0,0,0.0015815407
0,0,2.769471e-14
0,0,6.8354576e-29
0,0,1.0144046e-14
0,0,1.0656621e-27
0,0,1.3002571e-22
0,0,1.2928699e-34
0,0,1e-45
0,0,1.2296792e-29
0,0,5.882254e-19
1,1,0.98486173
0,0,1.0245759e-26
0,0,4.2595936e-21
0,0,2.261366e-27
0,0,0.0
1,0,0.00010914506
1,0,0.00018472025
0,0,6.166397e-15
0,1,0.9922693
0,0,2.3335293e-22
0,1,0.9963799
1,0,0.00059325004
1,0,0.058322437
1,0,0.001106006
1,0,6.562421e-05
0,0,1.5706562e-09
1,1,0.99974555
0,0,8.486083e-23
0,0,4.6139463e-37
0,0,1.845239e-17
0,0,1.2929629e-20
0,0,2.7770528e-20
0,0,5.3691925e-26
0,0,7.64476e-28
0,0,1.6883811e-21
0,0,2.8155925e-35
0,0,5.2345735e-29
1,1,0.99999547
0,0,2.3546e-41
0,0,8.081967e-20
0,0,4.5135188e-36
0,1,0.7466577
0,0,1.8485e-41
0,0,2.0242498e-32
0,0,0.0
0,0,1.4297476e-23
0,0,2.9527943e-38
0,0,7.301127e-39
0,1,0.8016707
0,0,3.991475e-19
0,0,2.005603e-39
0,0,1.9026913e-21
1,0,1.4197176e-19
1,0,0.046933915
0,0,2.1783264e-30
0,0,2.0203788e-23
0,0,2.896451e-26
0,0,4.1801195e-15
0,0,0.0
0,0,2.955802e-39
1,0,5.4360706e-05
0,0,2.3549296e-36
0,0,1.0941127e-21
0,0,0.023565412
0,0,3.3285244e-24
0,1,0.99834013
1,0,0.4747372
0,0,1.4651345e-29
0,0,8.177906e-31
0,0,2.0562229e-23
0,0,3.411412e-24
0,0,2.1316373e-28
0,0,1.5457881e-33
0,0,1.9263489e-26
0,0,3.69e-42
0,0,1.1707921e-15
1,1,0.99994814
0,0,2.941602e-12
0,0,1.2185301e-11
1,1,0.9997502
0,0,2.1042144e-30
1,1,0.95146096
1,1,0.9977545
0,0,3.0637591e-18
0,0,7.207649e-39
0,0,1.722e-42
0,0,1.9052252e-22
0,0,7.710692e-27
1,1,0.99982136
1,0,1.7668318e-06
0,0,4.2765076e-22
0,0,1.1200565e-06
0,0,1.918127e-13
0,0,1.0840557e-34
0,0,2.2102875e-35
0,0,3.014389e-38
0,0,2.1684817e-18
0,0,0.0
0,0,1.5185816e-10
0,0,9.589592e-28
0,0,1.5087475e-26
1,1,0.9999862
0,0,2.952416e-20
0,0,4.1706103e-30
0,0,6.388801e-28
1,0,8.511617e-05
1,1,0.99974126
0,0,7.910179e-36
1,0,0.00023493863
0,0,1.4605662e-19
0,0,2.6004458e-26
0,0,2.3336676e-18
1,1,0.99785894
0,0,2.8038042e-19
0,0,2.0340038e-16
0,0,0.004236969
1,1,0.9451649
1,0,2.525395e-06
1,1,0.83920556
0,0,2.183426e-15
0,0,7.4534623e-22
0,0,4.5843015e-20
0,0,4.0037175e-28
0,0,0.0
0,0,2.7803425e-25
0,0,5.999823e-13
0,0,3.6889182e-13
0,0,2.6380338e-26
0,0,0.0
0,0,5.6756274e-34
1,0,0.011264363
1,1,0.64929247
1,1,0.8414644
0,0,1.5027243e-23
0,0,0.0
0,0,8.069697e-22
0,0,1.05557197e-19
0,0,1.71e-42
0,0,3.5588933e-33
1,1,0.62799746
0,0,2.5882556e-24
1,1,0.9999994
0,0,0.0
0,0,1.4160534e-15
0,0,2.714597e-12
0,0,6.337911e-24
0,0,5.958573e-17
1,1,0.9999049
0,1,0.9856792
0,0,0.090999074
0,0,6.3860146e-23
0,0,8.121602e-24
0,0,7.225575e-15
0,0,5.643062e-15
0,0,4e-45
0,0,1.3693907e-29
0,1,0.9959298
0,0,4.367881e-14
1,1,0.9979171
1,0,0.056668587
0,0,4.677533e-14
1,1,0.9996137
0,0,1.036866e-35
0,0,2.5480507e-24
0,0,1.95805e-40
0,0,9.875122e-25
0,0,5.2399903e-28
0,0,1.6328434e-21
0,0,1.2603908e-16
0,0,1.2944e-41
0,1,0.9998197
0,0,1.3563564e-30
0,0,2.4902656e-12
0,0,2.1454017e-26
0,0,7.7993115e-22
1,1,0.99998784
0,1,0.83666515
1,0,0.0044357795
1,0,0.039920706
1,0,2.3883344e-05
0,1,0.9989795
0,0,1.5789964e-33
0,0,4.8508845e-18
0,0,9.899367e-34
0,0,3.0772518e-26
0,0,0.0
0,0,0.0018914838
0,0,3.9774574e-36
0,0,1.7476179e-31
0,0,4.5e-44
0,0,0.000836911
0,0,3.5332962e-20
0,0,1.3465387e-14
1,1,0.99991953
0,0,2.1978355e-20
0,0,0.0
0,0,5.6125552e-30
1,0,1.3244698e-25
0,0,3.1699678e-29
0,0,3.0102782e-36
0,0,0.0
0,0,1.7472487e-34
0,0,1.6731592e-22
0,0,0.0
1,1,0.9988686
0,0,8.221225e-09
1,1,0.66281897
0,0,9.595933e-26
1,0,3.6098918e-08
0,0,1.452869e-20
1,0,3.1895794e-05
1,1,0.9997429
0,0,1.9076017e-16
1,0,1.5792534e-06
0,0,0.0034757953
0,0,3.4667769e-22
1,1,0.99992025
0,0,2.0986823e-16
0,0,8.4787136e-21
0,0,1.3961693e-12
1,0,2.9233266e-05
0,0,5.122079e-37
0,0,0.0
0,0,0.0
0,0,1.4592773e-07
0,0,6.038366e-12
1,1,0.9999951
0,0,6.650307e-26
1,0,0.0029021502
1,0,0.00014449941
0,0,1.206618e-28
1,0,0.000124835
0,0,5.9520903e-27
1,1,0.9983346
0,1,0.9701257
0,0,9.7130274e-30
0,0,4.4983925e-36
1,0,0.278506
0,0,2.1312243e-34
1,0,0.003280358
0,0,2.1462546e-17
0,0,4.5514886e-28
0,0,0.018698886
0,0,3.0556736e-31
0,0,7.740845e-26
1,0,1.4069889e-07
0,0,0.17595902
0,0,3.6125786e-34
1,1,0.9859474
0,0,2.7547874e-22
1,1,0.8387836
0,0,0.00077435985
0,0,5.301e-42
0,0,5.197404e-22
1,0,7.272422e-07
0,0,2.305173e-22
0,0,1.8666128e-17
1,0,0.0017458234
0,0,0.0
1,1,0.96771574
0,0,3.593466e-12
1,0,1.426179e-06
0,0,5.3325925e-19
1,1,0.99567467
0,0,0.0
1,0,8.509566e-07
0,0,2.769201e-22
0,0,4.626661e-34
0,0,1.1593691e-24
1,1,0.9795064
0,0,9.349321e-19
0,0,9.9713035e-26
0,0,1.08525764e-23
0,0,3.1184527e-37
1,0,0.0011015355
0,0,1.3664e-15
1,0,3.2503795e-08
0,1,0.9999839
0,0,4.548568e-15
1,0,0.061128717
0,0,1.1046933e-22
0,0,3.2300237e-22
0,0,2.1001767e-19
0,0,9.867122e-21
1,0,3.4681878e-05
0,0,3.2264433e-35
1,1,0.99956137
0,0,9.550178e-18
0,0,4.2193264e-28
0,0,3.169638e-16
0,0,7.078196e-24
0,0,0.0
0,0,6.9979813e-22
1,0,8.4922874e-11
0,0,7.724493e-21
0,0,2.55e-42
0,0,7.226611e-33
0,0,5.352929e-13
1,1,0.9982925
0,0,1.5020102e-20
1,0,0.00021433443
0,0,2.7185917e-16
0,0,4.9871907e-37
0,0,4.7030973e-38
1,0,0.0754508
0,0,1.1766956e-34
0,0,2.5218746e-16
0,0,6.101347e-23
0,0,6.0302596e-32
0,0,2.0534956e-07
1,0,7.1749373e-12
0,0,3.7999965e-28
0,0,7.780731e-09
0,0,1e-45
0,0,5.877833e-20
0,0,3.776815e-21
0,0,1.9876943e-19
0,0,8.4949595e-30
0,0,1.1519702e-19
1,1,0.9999696
1,1,0.98308104
0,0,1.6754836e-15
0,0,2.033102e-18
1,1,0.99987376
0,0,9.672837e-22
0,0,1.0111484e-20
1,1,0.99861395
0,0,1.3438756e-25
0,0,6.9521206e-34
0,0,1.8081202e-10
0,0,7.4022693e-35
0,0,1.01133906e-32
0,0,2.2195688e-09
0,0,9.89849e-28
0,0,5.347132e-13
0,0,2.3241611e-26
0,0,1.931595e-19
1,0,0.0002925776
0,0,6.331564e-29
0,0,0.029278861
0,0,0.0
0,0,0.0
0,0,0.00019668648
0,0,3.6805773e-16
1,0,7.1213555e-07
0,0,3.9573186e-26
1,0,5.978402e-05
0,0,1.3456173e-21
0,0,8.348902e-25
0,0,2.343756e-12
0,0,1.3155484e-23
1,1,0.66281897
1,1,0.99999976
1,1,0.99884284
0,0,4.2836176e-11
0,0,1.1558e-41
0,0,4.1702647e-28
0,0,5.5603374e-25
0,0,5.4953787e-29
0,0,1.4289378e-27
0,0,5.3198345e-11
0,0,8.307505e-18
0,0,1.0415638e-20
0,0,8.163402e-11
0,0,5.1505397e-14
0,0,1.3170554e-22
0,0,1.3722612e-37
0,1,0.97860205
0,0,1.4218383e-32
0,0,0.0
0,0,8.619746e-13
0,0,2.3499277e-24
0,0,7.668116e-23
1,1,0.9978644
0,0,7.5601725e-05
0,0,1.0606839e-23
0,0,7.355371e-21
1,1,0.96795315
0,0,6.655442e-16
0,0,5.7716758e-33
0,0,4.205131e-31
0,0,6.5825375e-06
1,1,0.9999695
0,0,3.4805624e-12
0,0,5.672407e-25
0,0,1.2884413e-30
0,0,1e-45
0,0,1.1112279e-05
0,0,8.150491e-33
0,0,0.0
0,0,0.06574863
0,0,2.6303138e-13
0,0,1.3028735e-15
0,0,0.31679052
0,0,0.0
0,0,1.4914004e-06
1,1,0.80883694
0,0,4.0129866e-08
0,0,1.8029467e-11
0,0,4.012805e-33
0,0,2.3580246e-19
1,0,2.3913463e-08
1,1,0.99861395
1,0,5.610766e-07
1,0,0.026962725
1,0,0.0030943276
0,0,2.1386776e-14
0,0,3.0939944e-08
0,0,0.0
0,0,4.803293e-11
0,0,2.1494035e-37
0,0,0.0
1,0,0.04984318
0,0,0.0
0,0,2.4560191e-20
0,0,1.3127429e-07
0,0,1.929949e-30
0,0,6.543174e-14
0,1,0.9870135
0,0,6.8738105e-16
0,0,2.0337432e-13
0,0,1.9719268e-05
0,0,3.3427353e-33
0,0,2.782156e-33
0,0,1.9930876e-24
0,0,8.467067e-16
0,0,1.855421e-28
0,0,2.2030314e-20
1,0,5.8478154e-06
0,0,1.7661363e-30
0,0,2.3135675e-23
1,0,0.020823848
0,0,1.05708405e-17
0,0,4.6940855e-14
0,0,4.665921e-26
0,0,0.0
1,1,0.996545
0,0,1.4739206e-19
1,0,0.015197382
0,0,6.8754313e-10
0,0,3.3686446e-14
0,0,0.0
0,0,0.42874682
0,0,3.131824e-25
0,0,0.0
0,0,4.5223522e-32
0,0,0.0
0,0,1.9967274e-22
0,0,6.3295293e-31
0,0,2.1371348e-34
0,0,2.4208085e-23
0,0,1.0327472e-23
1,0,0.0069615864
0,0,1.9949e-41
0,0,6.830052e-17
1,0,1.3127885e-05
0,0,5.463718e-19
1,1,0.9999784
0,0,2.262794e-31
0,0,3.9654787e-26
1,0,2.9234337e-09
0,0,6.240302e-07
0,0,1.9173608e-26
0,0,7.388e-42
0,0,6.6247034e-20
0,1,0.7686886
0,0,9.434513e-20
0,0,2.415265e-38
0,0,1e-45
0,0,7.117371e-25
0,0,9.9916854e-24
0,0,1.7185795e-19
1,0,8.082275e-06
0,0,5.4053084e-23
0,0,2.2082e-41
0,0,8.3962186e-29
1,1,0.99962735
0,0,3.7765e-41
0,0,2.5957934e-29
0,0,4.437701e-35
0,0,4.5336124e-10
0,0,2.9342314e-32
0,0,1.123389e-19
1,0,0.0019608224
1,1,0.99593085
0,1,0.99704033
0,0,9.465749e-24
1,0,1.6514218e-06
0,0,1.4101647e-18
1,0,0.0013396465
0,0,8.280365e-24
0,0,3.56e-43
0,0,3.7671566e-07
0,0,2.2487217e-07
0,0,1.8569032e-18
0,0,2.0749725e-19
1,0,0.00028347847
0,0,2.0301482e-19
1,0,0.20722346
0,0,7.732532e-31
0,0,1.0386742e-22
0,0,3.4005639e-31
0,0,4.4104342e-10
0,0,1.9960573e-22
1,1,0.99982303
0,0,3.4104128e-15
0,0,3.126847e-17
0,0,8.799792e-08
0,0,4.002916e-09
1,1,0.878894
0,0,9.540357e-16
0,0,1.1560558e-26
0,0,2.3013633e-34
0,0,2.3670168e-28
0,0,5.552437e-07
0,0,7.955631e-36
0,0,1.2254817e-24
0,0,6.3946646e-17
0,0,1.046633e-37
0,0,2.0991476e-30
1,0,0.0007184131
0,0,0.00035964145
0,0,4.1440502e-36
0,0,3.7713224e-10
1,1,0.8166531
0,0,4.6726693e-27
0,0,3.828248e-15
0,0,4.3272202e-27
1,0,0.0002540849
1,0,8.509566e-07
0,0,2.2586284e-16
1,1,0.9991516
1,1,0.9982829
0,0,1.5312601e-21
0,0,3.7061166e-33
0,0,8.0585795e-25
0,0,7.560486e-27
0,0,3.7471483e-23
0,0,1.8886065e-34
0,0,1.4705439e-36
0,0,3.0810771e-21
0,0,8.7194366e-29
0,0,3.770648e-39
0,0,3.176967e-20
0,0,1.2949119e-36
1,1,0.99917823
1,1,0.99936
1,1,0.99997365
0,0,1.5886087e-18
0,0,1e-45
0,0,2.8292348e-27
0,0,3.60462e-40
1,0,9.891672e-06
0,0,3.375582e-23
0,0,1.5661212e-35
0,0,1.2080931e-26
0,0,2.344135e-24
0,1,0.99978715
0,0,1.1139236e-35
0,0,3.949391e-31
1,1,0.9992912
0,0,6.517167e-29
1,1,0.62185836
0,0,1.0107778e-21
0,0,0.0
0,0,1.2853965e-32
0,0,2.1e-44
0,0,1.540618e-35
0,0,5.0981386e-23
1,0,0.037847985
0,0,1.3531141e-33
0,0,2.3183487e-29
0,0,1.3529846e-07
0,0,0.026216088
1,1,0.9936132
0,0,6.6132935e-19
0,1,0.8468141
0,0,7e-45
0,0,7.234259e-16
0,0,8.7926205e-21
0,0,1.5754313e-37
0,0,0.0
1,0,0.005113079
0,0,8.1013943e-17
1,0,0.23596747
1,1,0.99667907
0,0,4.713596e-08
1,1,0.99987376
0,0,2.8516184e-36
0,0,8.588046e-08
0,0,7.7641154e-08
0,0,4.198725e-21
0,0,2.7672994e-15
0,0,2.449036e-05
1,1,0.9874222
1,0,0.011083884
0,0,2.7562423e-06
0,0,1.2869971e-30
0,0,1.8265615e-13
0,1,0.9999454
1,0,1.0754039e-06
1,0,2.4878693e-07
0,0,9.837334e-14
0,0,8.1528964e-23
0,0,2.5116107e-13
0,1,0.99987173
0,0,8.160141e-24
0,0,1.6727218e-26
1,0,1.1843952e-05
0,0,6.0171145e-25
0,0,2.2445488e-18
0,0,5.7797474e-06
0,1,0.9872973
0,0,1.5660672e-07
0,0,0.0
0,0,0.0
1,0,0.00050401257
0,0,6.7593363e-34
0,0,2.4761746e-16
0,0,1.1285854e-28
0,0,5.7667155e-21
0,0,5.6353004e-21
0,0,1.5853021e-12
1,0,0.17521778
0,0,2.56892e-05
0,0,2.9733135e-28
0,0,2.1140555e-14
0,0,6.459054e-29
0,0,8.268751e-31
0,0,1.9294048e-37
1,1,0.878894
0,0,9.92489e-40
0,0,0.00030039315
0,0,2.720468e-17
0,0,1.5849336e-08
1,0,0.005113079
0,0,6.4707825e-17
0,0,2.5868068e-30
0,0,1.4e-43
0,0,3.822297e-21
1,1,0.9998086
0,0,0.0
0,0,3.0703368e-24
0,0,7.568584e-11
1,0,8.509566e-07
0,0,2.2581783e-18
0,0,4.4130657e-11
0,0,4.679103e-22
0,0,1.3664451e-25
1,1,0.99415034
0,0,1.6149101e-21
0,0,1.8252578e-18
0,0,3.5200538e-30
0,0,1.0400594e-06
0,0,1.9712095e-20
0,0,0.00015971033
0,0,1.8209204e-23
0,0,2.5047979e-17
0,0,0.0
0,0,9.831821e-25
0,0,0.0
0,0,4.1661657e-19
0,0,0.0
1,0,0.023351248
0,1,0.9996265
0,0,7.3501947e-25
1,1,0.9998858
0,0,2.0429528e-25
0,0,1.4563592e-20
0,0,3.0338418e-21
0,0,6.332274e-26
0,0,2.0114674e-29
0,0,8.0260963e-07
0,0,9.627387e-27
1,0,2.870716e-06
0,1,0.6994581
1,0,0.0045281327
0,0,6.260729e-16
0,0,7.796008e-30
0,0,2.2182359e-20
0,0,1.465262e-23
0,0,1.5084762e-27
0,0,1.3400165e-09
0,0,5.735959e-20
0,0,1.2530605e-24
0,0,4.2514095e-22
0,0,1e-45
0,0,0.0
0,0,1.2837463e-15
1,1,0.98100007
1,0,1.7805802e-05
0,0,1.4627307e-25
0,1,0.99425644
0,0,6.0939655e-33
1,0,1.2080166e-05
1,0,0.005113079
1,1,0.94711757
0,0,5.4185707e-20
0,0,6.0645326e-12
0,0,3.179291e-15
0,0,0.0003078839
0,0,0.0
0,0,2.0349089e-19
0,0,4.3337622e-27
0,0,1.4723286e-10
0,0,5.6247007e-10
0,0,0.0
0,0,3.905641e-17
0,0,4.8525407e-22
0,0,8.988943e-15
0,0,3.2429673e-19
1,1,0.9999993
0,0,1.1140973e-21
0,0,0.014805746
0,0,2.349135e-20
0,0,2.163338e-22
0,0,2.6977357e-22
0,0,3.818247e-28
0,0,2.9784974e-23
1,1,0.87154526
1,1,0.9999776
0,0,1.8235201e-23
1,1,0.99994075
0,0,1.5573498e-30
0,0,1.2376833e-23
0,0,3.156e-42
0,0,7.20164e-36
0,0,0.0
0,0,7.595634e-13
1,0,0.00018056024
0,0,2.748811e-13
0,0,6.559601e-19
0,0,6.3323044e-24
1,1,0.997903
0,0,3.8380368e-34
0,0,5.66054e-25
1,0,0.024841554
0,0,3.608878e-09
0,0,4.7975976e-15
0,0,4.2667946e-15
0,0,1.6428136e-15
0,0,2.333752e-22
0,0,7.400626e-14
1,1,0.99849975
0,0,7.1369376e-20
0,0,4.6385385e-18
0,0,3.5747066e-24
0,0,1.6041747e-32
0,0,4e-45
0,0,1.0034797e-18
0,0,1.3267e-41
0,0,8.9936175e-13
0,0,0.38121334
0,0,2.385364e-20
0,0,3.949923e-21
0,0,5.81271e-32
1,0,0.00022846571
0,0,0.0
0,1,0.9996778
1,0,5.409531e-07
1,1,0.99843687
0,0,0.0
0,0,9.0980893e-07
1,1,0.920628
0,0,1.8086112e-16
0,0,7.1759536e-11
0,0,1.8186716e-15
0,0,3.1455608e-07
0,0,8.9695336e-20
0,0,6.937299e-30
0,1,0.9937576
0,0,0.0
0,0,1.2101752e-23
0,0,1.2599e-41
1,1,0.9999831
1,1,0.9634249
0,1,0.9728664
0,0,5.673254e-39
1,1,0.98853475
0,0,2.2533021e-23
1,1,0.9998036
0,0,3.1015684e-31
0,0,0.0012972818
0,0,2.7289257e-19
0,0,1.7332067e-21
0,0,2.4705922e-21
1,0,1.392476e-07
0,0,6.102124e-20
0,0,1.0452864e-18
0,0,1.6705333e-20
0,0,1.5553716e-24
0,0,1.9507385e-17
0,0,5.8016574e-24
0,0,8.109911e-21
0,0,9.063441e-18
0,0,5.9664183e-25
0,0,1.4643936e-26
1,0,0.03964383
0,0,1.584729e-18
0,0,3.249053e-38
0,0,4.610946e-26
0,0,6.63445e-17
0,0,4.6588744e-35
0,0,1.8974306e-12
0,0,4.943504e-18
0,0,3.0706533e-24
0,0,0.0
1,1,0.9987478
0,0,7.501835e-31
0,0,1.6937482e-21
0,0,1.0428504e-15
1,0,8.271115e-09
0,0,8.617247e-17
0,0,1.4072117e-22
1,0,0.034114487
0,0,1.6927363e-26
0,0,3.652185e-39
0,0,1.4688598e-24
0,0,5.2861427e-11
0,0,1.5772445e-18
0,0,1.2166794e-22
1,0,0.035584964
0,0,6.2147243e-19
0,0,1.0179308e-24
0,0,1.2825829e-20
0,0,1.8683686e-21
0,0,8.4769485e-14
0,0,0.0
0,0,9.625318e-22
0,0,1.7343933e-18
0,0,9.520358e-24
0,0,9.4588163e-32
0,0,2.6270312e-08
1,1,0.9431229
0,0,6.827827e-20
0,0,5.75036e-10
0,0,8.309874e-20
0,0,1.2906482e-33
1,0,0.025728961
0,0,7.867523e-39
1,0,1.5792534e-06
0,0,5.6372323e-22
0,0,0.0071686343
0,0,2.1103664e-28
0,0,1.2492655e-25
1,1,0.62039846
0,0,7.8292356e-38
0,0,3.0563217e-19
0,0,1.7085852e-26
0,0,5.451934e-19
0,0,1.4360512e-29
0,0,2.3697622e-14
0,0,5.647458e-29
0,0,1.506e-42
0,0,1.1517294e-25
0,0,1.6375512e-23
1,1,0.84776914
1,0,0.0017627833
0,0,1.4630543e-25
0,0,2.1640832e-20
0,0,1.8936805e-24
1,1,0.62185836
1,0,0.0006378337
0,0,1.6018241e-20
0,0,5.5942764e-31
0,0,2.0789637e-36
0,0,5.6852432e-36
1,1,0.99400747
0,0,3.1795464e-37
0,0,3.17172e-30
0,0,0.0
0,0,2.9388658e-34
0,0,1.3054883e-18
0,0,8.423864e-31
1,0,2.6877231e-05
0,0,2.2932475e-27
1,1,0.9195052
0,0,0.0
0,0,2.3870631e-15
1,1,0.9999788
0,0,1.4384835e-24
0,0,3.1123475e-20
0,0,5.943929e-25
0,0,1.0508215e-22
0,0,9.198139e-16
1,0,2.8550268e-05
0,0,2.6974715e-27
1,0,1.7337034e-05
0,0,1.0506074e-25
1,1,0.9993968
0,0,2.4219933e-21
0,0,6.8826394e-35
0,0,6.116518e-38
0,0,5.027423e-35
0,0,7.228093e-35
0,0,7.375098e-20
0,0,3.1736878e-33
0,0,1.914081e-39
0,0,2.8302888e-22
0,0,1.754401e-20
0,0,1.0708377e-34
0,0,5.972026e-07
0,0,9.89579e-40
0,0,8.859951e-23
0,0,2.9042276e-27
0,0,7.86e-43
0,0,1.6736498e-23
0,0,1.5341373e-06
0,0,3.2770655e-12
0,0,9.168536e-24
0,0,5.564e-28
0,1,0.9972006
0,0,3.5154187e-33
0,0,2.5455864e-14
0,1,0.8701275
0,0,4.378588e-23
0,0,5.06875e-40
1,0,0.0044357795
0,0,4.4033575e-25
0,0,2.9368916e-09
0,0,0.008117527
0,0,2.776383e-37
1,0,2.219806e-09
0,0,3.5051518e-16
0,0,9.504143e-23
1,0,1.715361e-05
0,0,3.209014e-12
0,0,3.027397e-17
0,0,0.0
0,0,4.0338312e-33
0,0,2.5309932e-30
0,0,1.6614559e-15
0,0,9.983171e-20
1,0,1.9379353e-07
0,0,1.0919342e-32
0,0,0.0
0,0,3.3052985e-10
0,0,6.407135e-34
0,1,0.99199426
0,0,4.9095954e-09
0,0,3.598228e-22
0,0,6.359357e-20
0,0,9.166661e-36
0,0,1e-45
0,0,8.647771e-25
0,0,0.0
0,0,5.782095e-27
0,0,2.5917705e-11
1,0,0.38226882
0,0,9.9496866e-18
0,0,3.4390311e-18
0,0,3.530096e-24
0,0,1.3037843e-21
0,0,1.3830204e-12
0,0,0.0
0,0,9.0457e-41
0,0,6.0945354e-06
1,0,2.2008977e-05
1,0,0.0032036998
0,0,1.0515851e-34
1,1,0.99560297
0,0,2.0040077e-29
0,0,1.9023153e-27
0,0,7.390112e-19
0,0,9.184795e-13
0,0,2.2110696e-22
0,0,4.8717975e-05
0,0,0.0
1,0,0.023567531
0,0,2.3484336e-22
1,0,1.4094242e-05
1,0,4.6402415e-09
0,0,2.439898e-15
0,0,6.314508e-06
0,0,1.1635539e-20
0,0,1.26216466e-26
0,0,0.0
0,0,3.5871929e-31
0,0,0.00029872984
0,0,1.1131505e-35
1,0,0.3617677
0,0,1.3019493e-30
0,0,2.429265e-22
0,0,3.1249e-40
0,0,1.12678875e-33
0,0,4.362736e-05
1,0,0.08016415
0,1,0.9999206
1,0,0.063353024
0,0,0.00024446717
1,1,0.99561983
0,0,3.7906627e-18
1,1,0.9999305
0,0,9.0168557e-32
1,0,1.1380649e-08
0,0,1.7402515e-26
0,0,4.426378e-33
1,1,0.99999964
0,0,7.907097e-22
0,0,2.3619125e-20
1,1,0.9999958
0,0,9.2106795e-15
0,0,1.2848247e-29
1,0,0.0060766665
0,0,4.7994766e-25
0,0,2.8088143e-19
0,0,2.8895815e-37
0,1,0.9549706
0,0,1.7920005e-29
0,0,2.6547565e-22
1,0,0.008622988
0,0,5.373676e-35
0,0,2.5735141e-34
0,1,0.998393
0,0,2.540476e-35
1,0,0.15302548
0,0,8.67509e-19
1,1,0.99988747
1,1,0.99253887
1,0,8.226828e-08
1,0,0.025462989
0,0,1.996322e-39
0,0,1.3031518e-30
1,0,0.010689531
0,1,0.5484968
0,0,1.3194538e-15
0,0,4.0276063e-17
1,0,8.444966e-05
1,1,0.9993499
0,0,1.74e-43
1,0,0.0021642756
0,0,8.338365e-33
0,0,2.8966322e-38
0,0,2.0974528e-28
0,0,2.9587364e-23
1,0,0.1476338
0,0,4.99572e-15
1,0,2.0528448e-08
0,0,1.4506811e-28
0,0,5.261539e-37
0,0,6.7461076e-07
0,0,6.977502e-09
0,0,7.6543726e-25
0,0,1.4003199e-37
0,0,1.3456453e-25
0,0,1.7e-44
0,1,0.99979955
0,0,1.3500363e-25
0,0,0.00023725582
0,0,2.9198654e-29
0,0,1.1909248e-19
1,0,2.719158e-05
0,0,5.5531094e-25
0,0,4.769315e-22
0,0,3.2127457e-22
0,0,7.422892e-25
0,0,4.6523624e-25
0,0,1.9460695e-26
0,1,0.99539894
1,0,0.0009373637
0,0,1.3328787e-17
0,0,2.1867129e-20
0,0,1.469528e-37
0,0,0.0
0,0,8.418925e-29
0,0,0.20728388
0,1,0.99991393
0,0,6.629626e-22
0,0,7.748392e-30
0,0,3.952478e-05
0,0,4.608057e-13
1,0,0.00398486
0,0,1.920904e-26
0,0,0.2760289
0,0,1.8689102e-10
0,0,1.3944984e-30
0,0,7.2278024e-09
0,0,3.5243282e-14
0,0,1.1345403e-24
1,0,1.3240768e-05
0,0,1.3036729e-24
1,0,0.0076183435
0,0,3.0748157e-23
0,0,1.0413188e-25
1,0,0.0006749394
0,1,0.9999001
0,0,1.8268328e-32
1,1,0.9431229
0,0,3.5105175e-31
0,0,4.6218192e-06
0,0,7.6868106e-28
0,0,1.9561385e-27
0,0,8.132949e-24
1,0,7.1749373e-12
0,0,1.5471139e-20
0,0,4.70345e-33
0,0,0.0
0,0,7.946598e-12
0,0,9.54832e-40
0,0,1.3257915e-29
0,0,1.22636e-18
0,0,9.967897e-23
0,0,2.8e-44
0,0,1.81e-43
0,0,1.0330262e-17
0,0,7.89578e-18
0,0,4.8992797e-23
0,0,1.687123e-24
0,1,0.9966401
0,0,2.1580664e-19
0,0,2.537856e-16
0,0,1.098222e-23
0,0,3.8897193e-16
0,0,3.2767723e-23
0,0,1.3247731e-25
0,0,2.8346117e-29
1,0,1.2305885e-08
0,0,0.0
1,1,0.9998834
0,0,2.795277e-15
0,0,3.8084896e-11
0,0,1.0947509e-22
0,0,5.1839845e-20
0,0,1.0036412e-24
0,0,2.8349043e-21
0,0,0.39693102
0,0,4.891276e-20
1,0,0.0003138013
0,0,2.7484133e-24
0,0,1.2631985e-29
0,0,2.0094157e-18
0,0,0.0
0,0,5.5595376e-23
0,0,3.0769036e-16
0,0,6.9283974e-27
0,0,2.6835426e-28
0,0,5.40391e-29
0,0,7.316138e-21
0,0,1.7010094e-33
0,0,9.864457e-12
0,0,1.1043808e-12
0,0,1.2513851e-22
0,0,0.0
0,0,2.1799661e-28
0,0,0.0
0,0,2.7017646e-28
1,1,0.9908529
0,0,8.22373e-25
1,0,4.857344e-06
0,0,5.9206093e-36
0,0,6.588226e-23
0,0,0.0
0,0,1.0849962e-24
1,0,0.0022383907
0,0,5.431495e-16
0,0,2.8305518e-12
0,0,3.7166887e-05
0,0,9.747386e-25
1,1,0.9634249
0,0,7.815076e-08
0,0,5.248449e-22
0,0,7.145082e-35
0,0,1.9416014e-30
0,0,7.5257725e-15
1,0,8.4922874e-11
0,0,1.4145087e-31
1,0,1.969367e-05
0,0,1.6742607e-18
0,0,5.5167042e-08
0,0,2.8381874e-18
0,0,1.359494e-32
1,1,0.9997943
0,0,6.366871e-16
0,0,2.504253e-39
0,0,3.0986513e-21
0,0,8.888955e-25
0,0,5.007282e-30
0,0,2.9427468e-27
0,0,2.42295e-39
0,0,1.0627857e-31
0,0,7.7519793e-20
0,0,2.689322e-21
0,0,9.371936e-09
0,0,0.0
0,0,7.385347e-07
0,0,0.00077540544
1,0,4.778592e-06
1,0,0.01805757
0,0,4.483378e-24
0,0,9.465749e-24
0,0,0.0047053616
1,1,0.9909219
0,0,6.457793e-23
0,0,0.0
0,0,9.942331e-17
0,0,8.845585e-26
0,0,5.107583e-29
0,1,0.94080627
0,0,1.7218128e-36
0,0,6.4772207e-12
0,0,1.0062268e-13
0,0,2.1755354e-23
0,0,3.1462418e-32
0,0,1.9821846e-24
0,0,6.642e-42
0,0,1.4771136e-32
0,1,0.999684
0,0,2.6362248e-17
0,0,9.65e-43
0,0,3.1093177e-11
0,0,0.0006569361
1,1,0.9429229
1,0,0.004538899
0,0,6.476591e-23
0,0,8.133568e-17
0,0,1.1245882e-14
0,0,1.1431771e-05
0,0,0.35931075
0,0,9.970799e-28
0,0,4.5567317e-22
0,0,5.3249668e-20
0,0,0.004031855
0,0,8.78422e-18
0,0,2.3878433e-25
0,0,1.6875659e-18
0,0,1.0543528e-11
0,0,0.0
0,0,0.0
0,0,5.4375316e-22
0,0,2.6036159e-12
0,0,7.9352885e-11
0,0,6.1459815e-10
0,0,6.8980557e-31
0,0,1.960481e-25
0,0,2.710635e-11
1,0,0.00061832764
0,0,1.2479519e-06
0,0,3.3012864e-13
0,0,1.822331e-08
0,0,2.0623196e-37
0,0,6.368637e-18
0,0,2.2344184e-09
0,0,4.042209e-19
0,0,1.8189874e-07
0,0,2.570368e-24
0,0,7.2608725e-19
0,0,1.29698235e-30
0,0,0.0
0,0,5.7182903e-33
0,1,0.9106025
0,0,4.080949e-31
0,0,3.9289158e-13
1,0,0.0063655935
0,0,3.0980723e-21
0,0,4.2962143e-28
0,0,1.199124e-22
0,0,0.00016271173
0,0,1.9480958e-20
0,0,3.3232264e-21
1,1,0.9974491
0,0,2.722117e-18
1,0,2.610424e-05
0,0,3.0388711e-27
0,0,3.0497167e-20
0,0,3.233014e-25
0,0,1.1154734e-24
0,0,6.612007e-19
0,0,1.5255833e-07
1,0,0.01376103
0,0,2.5121967e-23
0,0,2.6086844e-32
0,0,4.535233e-20
1,0,0.0048963833
0,0,5.002943e-17
0,0,3.487813e-23
0,0,1.5321592e-22
0,0,1.2618531e-24
0,0,8.198505e-35
0,0,8.165813e-23
1,1,0.73624504
0,0,6.984941e-07
0,0,5.3160596e-07
0,0,6.98659e-30
1,1,0.78668517
0,0,0.0
1,0,0.00044487434
0,0,2.3208847e-32
0,1,0.99651706
1,1,0.9998765
0,0,2.200305e-39
0,0,1.08593586e-32
0,0,8e-45
0,0,5.1588974e-25
0,0,9.1097604e-08
1,1,0.99837947
0,0,1.142259e-21
1,1,0.7024343
0,0,1.1871731e-20
0,0,1.08101e-06
1,1,0.9993119
0,0,1.4189234e-32
0,0,9.975083e-31
0,0,0.0
0,0,5.3493866e-17
1,0,3.6405854e-08
0,0,5.3150935e-24
1,1,0.9999685
1,0,0.072673686
0,0,0.0009877316
0,0,1.0690647e-22
1,0,0.0037676431
0,0,2.4992626e-24
1,0,0.00041346168
0,0,1.7519818e-33
0,0,7.801105e-20
0,1,0.9416851
0,0,3.332246e-17
0,0,0.0
0,0,1.3639226e-28
0,0,2.6205088e-13
1,1,0.99998045
0,0,1.3e-43
0,0,1.3743005e-06
0,0,1.691374e-19
0,0,1.8948039e-28
0,0,3.937031e-21
0,0,4.2942622e-29
0,0,4.089373e-27
0,0,4.9059837e-27
1,0,0.00025819344
0,0,6.698044e-26
0,0,1.5572595e-24
0,0,1.0484996e-36
0,0,1.6238663e-30
0,0,9.303292e-25
0,0,2.1692296e-15
0,0,6.211883e-33
1,0,2.1311838e-07
0,0,7.41e-43
0,0,8.9799e-29
0,0,6e-45
1,0,0.001031421
0,0,3.5522318e-19
1,0,0.015769005
1,1,0.9998597
1,0,3.5624777e-05
0,0,2.4032583e-26
0,0,3.21e-43
1,1,0.9999931
1,1,0.99999046
1,0,0.00028340743
0,0,1.2925726e-21
1,1,0.9999567
0,0,4.297001e-28
0,0,0.0
0,0,0.0
0,0,7.98842e-27
0,0,2.0182808e-18
0,0,3.6290511e-37
0,0,7.8500483e-16
0,0,0.0
0,0,6.2820292e-21
0,0,8.9214184e-35
0,0,3.189034e-14
0,0,3.5407083e-10
0,0,7.43952e-28
0,0,0.0
0,0,6.12605e-29
0,0,1.6155287e-33
1,0,0.00032892684
1,1,0.9989863
1,0,4.3562424e-05
0,0,8.3153365e-18
0,0,0.00055247784
1,1,0.9995459
0,0,2.8584258e-13
0,0,1.0891572e-21
0,0,5.409958e-35
0,0,3.351016e-21
0,0,5.4749833e-12
0,0,5.795776e-07
0,0,1.0280582e-30
0,0,1.7078305e-17
0,0,2.1e-44
0,0,0.0
0,0,5.7638737e-15
0,0,5.794587e-29
0,0,2.5576685e-27
0,0,3.6005827e-11
0,0,1.6238455e-10
0,0,9.073324e-09
0,0,5.5438893e-22
0,0,2.0182056e-09
0,0,2.8833509e-21
0,0,4.1569357e-22
0,1,0.9935935
0,0,8.395858e-16
0,0,2.2463935e-05
0,0,3.2938573e-36
0,0,3.440682e-27
0,0,0.0
0,0,2.1983465e-28
0,0,4.6878192e-08
0,0,0.0
0,0,0.0
0,0,1.4297134e-25
0,0,9.6260115e-23
0,0,3.0525816e-34
0,0,9.539429e-12
0,0,6.650244e-37
1,1,0.9963148
0,0,4.475064e-21
0,0,1.072453e-33
0,0,0.0
0,0,0.0
0,0,1.6944182e-31
0,1,0.761998
1,1,0.9999982
0,0,2.2932816e-28
0,0,9.4224095e-24
0,0,0.00066201977
0,0,6.825276e-07
0,0,3.7720876e-16
0,0,1.1554567e-10
1,0,2.7897076e-10
0,1,0.99979526
0,0,2.578e-42
0,0,1.4710437e-28
0,0,6.122525e-28
0,0,1.9554835e-18
0,0,3.11376e-40
0,0,4.4394178e-17
1,1,0.9994147
1,0,0.00023691225
0,0,4.0343109e-13
0,0,1.0778387e-32
0,0,1.903697e-32
1,0,0.044960093
0,0,2.5448892e-20
0,0,6.3358354e-23
0,0,2.0892796e-17
0,0,1.0087429e-23
0,0,4.041655e-26
0,0,0.0048661563
0,0,1.1872084e-14
0,0,2.3890643e-25
0,0,2.612787e-25
1,0,9.072563e-07
1,0,2.306578e-05
0,0,5.6629335e-26
0,1,0.99241203
0,0,0.10848564
1,1,0.9999267
0,0,8.8382047e-32
0,0,1.7798479e-20
0,0,9.972074e-39
0,0,2.5310735e-35
0,0,3.649347e-22
0,0,1.6850981e-15
0,0,2.684304e-33
0,0,4.533255e-15
0,0,2.4366075e-36
0,0,6.06262e-40
1,1,0.9999963
1,1,0.9995493
0,0,4.7242794e-23
0,0,7.398799e-27
1,0,0.35576507
1,0,0.057282332
0,0,4.205998e-31
0,0,7.291378e-26
0,0,9.184687e-21
0,0,5.8673696e-28
0,0,7.9283255e-12
0,0,2.3407967e-21
0,0,0.0
0,0,2.2951112e-20
0,0,0.0006429535
0,0,9.157462e-30
0,0,1.2036771e-26
0,0,6.3848687e-31
0,0,4.7365553e-36
0,0,6.7953937e-07
1,0,6.23497e-06
0,0,5.2038546e-21
0,0,1.2643998e-20
0,0,2.8900337e-22
1,1,0.99881697
0,0,5.592071e-19
0,0,7.042891e-30
1,1,0.9997954
0,0,1.8098528e-07
0,0,0.0
0,0,8.945082e-17
0,0,1.13153265e-08
0,0,0.017300518
0,0,2.9290415e-10
0,0,3.1741267e-31
0,0,8.939745e-28
1,1,0.99224746
0,0,9.761178e-07
0,1,0.9947284
0,0,4.36435e-14
1,1,0.9944153
0,0,0.0
1,0,9.007562e-12
0,0,0.0
0,0,1.0013195e-25
1,1,0.9977545
0,0,3.891214e-33
0,0,9.318137e-25
0,0,2.5453679e-05
0,0,0.0
1,1,0.9998894
0,0,6.0158324e-24
0,0,2.9018062e-07
0,0,0.0
1,0,0.27296203
0,0,6.706263e-15
0,0,2.2027816e-33
0,0,1.1128187e-21
1,1,0.99999976
0,0,0.0
0,0,0.0
0,0,9.425328e-15
1,0,5.1930074e-05
0,0,4.1623773e-30
0,0,0.0
0,0,2.597e-42
0,0,0.0
1,1,0.5538058
0,0,1.701e-42
0,0,9.4558985e-31
1,1,0.9999968
0,1,0.99972874
0,0,0.009653645
1,1,0.99998665
0,0,4.077751e-20
1,1,0.9634249
0,0,5.3253664e-15
0,0,8.190359e-13
0,0,1.5711437e-25
1,1,0.9975804
0,0,2.767975e-15
0,0,5.500485e-18
0,0,1.9900616e-19
0,0,1.425649e-27
0,1,0.9996929
0,0,1.1965851e-05
0,0,0.0
0,0,1.0988462e-16
1,0,0.0005272754
0,0,3.508478e-26
0,0,4.830201e-34
0,0,5.057347e-15
1,0,5.662997e-06
0,0,9.971106e-35
0,0,8.841053e-21
0,0,6.9177263e-20
1,0,0.034114487
1,0,2.239129e-06
0,0,9.665476e-05
0,0,4.3560538e-35
0,0,1.0880644e-07
0,0,1.275503e-28
0,0,3.1530104e-22
0,0,2.6924055e-33
0,0,1.3794261e-05
0,0,1.3066342e-18
0,0,1.4229976e-27
0,0,1.86541e-39
0,0,9.504919e-35
1,0,4.9196136e-10
0,0,1.02326915e-30
0,0,0.0
0,0,4.7241496e-17
0,0,3.0947404e-29
0,0,2.9270673e-38
0,0,2.5265055e-24
0,0,1.3287717e-17
0,0,0.0
0,0,1.2221028e-15
0,0,2.7810237e-12
0,0,4.3836307e-10
0,0,2.095723e-30
0,0,1.3252599e-15
0,0,2.0665486e-22
0,0,5.2784364e-18
0,0,7.3230214e-17
0,0,8.09133e-31
1,0,0.0003857844
1,0,0.0009700878
1,1,0.99993765
1,0,0.0025129071
0,0,1.3811067e-27
0,0,5.217741e-09
0,0,3.0894482e-19
0,0,7.847813e-21
0,0,4.9831595e-37
1,0,5.885479e-14
0,0,0.08945148
0,0,5.015718e-13
0,0,1.8144575e-16
1,0,0.0074304366
0,0,7.320089e-17
0,0,1.4960137e-05
0,0,7.145656e-27
0,0,2.3062308e-20
0,0,3.8948246e-17
0,0,0.0
0,0,0.0
1,1,0.93017983
0,0,4.625334e-13
1,0,1.9160283e-05
0,0,9.0850523e-38
0,0,2.7456928e-21
0,0,8.529123e-14
0,0,2.555491e-29
0,0,2.859993e-23
0,0,6.067092e-11
1,1,0.99919707
0,0,4.521469e-26
0,0,1.82245e-05
0,0,4.305058e-20
0,0,6.006903e-12
0,0,0.0
0,0,6.1192374e-34
0,0,3.9580592e-18
0,0,4e-45
0,0,2.7933207e-19
0,0,1.4177469e-35
0,0,1.8020047e-26
0,0,1.2258468e-31
0,0,4.8580722e-32
1,0,0.0027959426
0,0,3.430059e-06
0,0,5.1031823e-29
0,0,2.4090869e-26
0,0,0.0
0,0,1.7368882e-27
0,0,4.195774e-31
0,0,2.035681e-23
0,0,4.280171e-11
0,0,6.8861946e-32
0,0,1.4309945e-19
0,0,1.7369565e-17
0,0,2.5481428e-28
1,1,0.99982303
0,0,3.00266e-23
0,0,3.789216e-26
0,0,1e-45
1,0,0.0005272754
0,0,1.4533846e-20
0,0,0.0
0,0,9.668005e-22
1,0,1.5592938e-11
0,0,4.7199933e-15
0,0,8.565478e-29
0,0,3.7027448e-30
0,0,4.187364e-38
0,0,0.00016606096
0,0,6.089694e-24
0,0,3.023001e-24
0,0,8.191639e-17
0,0,2.3828318e-38
1,0,0.19626628
0,0,1.6543956e-25
0,0,9.3752e-07
0,1,0.9992373
0,0,1.3034637e-17
0,0,1.4720974e-15
0,0,7.543492e-26
0,0,4.380242e-23
0,0,2.9360505e-21
0,0,2.0367713e-28
0,0,8.3857854e-36
1,0,3.6827203e-07
0,0,5.8903736e-22
0,0,0.0
0,0,2.1679633e-23
0,0,3.0506773e-12
0,0,0.0
0,0,1.2732046e-34
0,0,3.76449e-20
0,0,3.6321195e-18
0,0,2.8116828e-22
0,0,1.657171e-37
0,0,8.7010636e-21
1,1,0.99917644
0,0,0.0
0,0,6.905775e-37
1,1,0.99991953
0,0,0.022547496
0,0,7.309322e-12
1,0,0.0068779546
1,0,7.1213555e-07
0,0,3.252612e-23
1,0,1.5120894e-07
0,0,8.8923606e-14
0,0,1.9466129e-32
0,0,0.00053015084
1,1,0.9977545
0,0,2.9375882e-34
0,0,6.6907596e-28
0,0,1.6568163e-23
0,0,1.6260473e-16
0,0,5.9896088e-33
0,0,3.336075e-39
1,0,0.09320099
0,0,1.7114807e-27
0,0,0.16502531
0,0,1.2299046e-21
1,0,0.0015125221
1,1,0.99999
0,0,0.0
0,0,2.9826582e-16
1,0,0.00012739118
1,0,2.3377406e-05
0,0,4.5603687e-21
0,0,4.274081e-28
0,0,1.0069735e-32
0,0,1.1440457e-08
0,0,3e-45
0,0,3.850073e-28
0,0,2.0561846e-22
0,0,7.2463576e-23
1,1,0.9986792
0,0,6.9463273e-38
0,0,9.908421e-14
0,0,5.428696e-17
0,0,1.0785409e-19
0,0,3.29395e-40
0,0,6.285179e-18
0,0,6.90724e-25
0,0,2.314492e-25
0,0,0.000374831
1,1,0.52923435
0,0,3.5908016e-19
0,0,4.663215e-19
0,0,3.374732e-23
0,0,9.356585e-22
0,0,2.377446e-32
0,0,5.4590916e-27
0,0,3.7733147e-29
0,0,5.5426e-37
0,0,1.4482291e-09
0,0,1.433745e-06
0,0,2.5995287e-22
1,0,3.0804301e-06
0,0,6.0877235e-23
0,0,8.676456e-39
1,0,0.00022331627
0,0,5.5197034e-07
0,0,8.755337e-28
0,0,3.163293e-33
1,0,1.2174666e-05
0,0,6.64978e-13
1,0,1.1355538e-05
0,0,5.68309e-23
1,1,0.9999305
1,1,0.6847625
0,0,3.594557e-19
0,0,1.7551416e-15
0,1,0.78286636
0,0,0.012519728
0,0,1.9892727e-26
1,1,0.7955981
0,0,8.801254e-34
1,0,0.2519152
0,0,3.7185343e-34
0,0,0.00016504072
0,0,4.7863553e-15
0,0,6.52566e-26
0,0,4.4966174e-32
1,0,1.4555065e-24
0,0,1.6089308e-24
0,0,3.2085515e-33
1,1,0.67907435
0,0,0.0
0,0,9.974162e-25
0,0,1.2309583e-25
0,0,3.1112213e-34
0,0,4.0882475e-13
0,0,2.3679905e-22
0,0,2.927733e-26
0,0,1.2265519e-18
0,0,1.4356509e-22
0,0,1.4150478e-24
1,1,0.768721
0,0,2.984944e-10
0,1,0.9934777
0,0,9.12123e-17
0,0,1.74873e-18
0,0,1.5209196e-23
0,0,3.60955e-18
0,0,1.1348056e-22
0,0,6.524729e-29
0,0,9.0125795e-27
0,0,0.0
0,0,2.0475883e-24
0,1,0.9994172
0,0,1e-44
1,0,0.059340354
0,0,1.4313672e-17
0,0,0.0
1,0,0.12814748
0,0,8.759506e-22
0,0,4.1208236e-24
0,0,1.3500008e-24
0,0,1.3928666e-22
0,0,3.3923652e-22
0,0,2.1680867e-16
1,1,0.9999845
0,0,4.3536214e-23
0,1,0.9987205
1,0,0.00023691225
0,0,1.2846617e-16
0,0,2.6610992e-14
0,0,1.7889424e-12
0,0,7.2222006e-11
1,0,4.985814e-25
1,0,9.101027e-05
0,0,9.733e-42
0,0,5.0124996e-15
0,0,1e-45
0,0,0.0
0,0,5.491351e-38
0,0,2.4865386e-07
0,0,2.9227696e-17
0,0,3.8244927e-17
0,0,6.031278e-30
0,0,2.0132488e-36
0,0,3.7014618e-14
0,0,1.0069735e-32
0,0,3.584664e-30
0,0,4.3411227e-28
0,0,3.6497947e-21
0,0,8.925909e-28
0,0,3.2990124e-29
0,0,2.2891747e-12
1,0,0.001803544
1,1,0.80414337
0,0,1.5578066e-31
0,0,2.490617e-12
0,0,3.2844297e-24
0,1,0.8700573
0,0,3.8621983e-26
0,0,1.60671e-39
1,1,0.89150286
0,0,6.2099375e-19
0,0,6.089637e-35
0,0,5.100086e-37
0,0,4.3724344e-28
0,0,2.1248879e-23
0,0,3.9963627e-28
0,0,2.9479944e-19
0,0,1.2133348e-19
0,0,1.9062552e-13
0,0,6.37532e-26
0,0,2.7745186e-06
0,0,2.0161032e-33
0,0,7.325236e-30
1,1,0.99849975
0,0,3.7185343e-34
0,0,5.8929376e-14
0,0,3.9199472e-36
0,1,0.93715423
0,0,0.0641947
1,0,0.019346477
1,0,0.0031593181
0,0,6.627901e-39
0,0,2.3650014e-08
0,1,0.8616916
0,0,1.003228e-31
0,0,2.1184602e-17
0,0,6.5296506e-24
0,0,5.857878e-31
1,1,0.99330395
1,1,0.9996037
1,0,0.03658843
0,0,2.1087438e-25
0,0,2.7473434e-32
0,0,1.3706046e-27
0,0,1.9437461e-27
0,0,5.2947027e-36
0,0,5.587226e-28
0,0,2.2042e-41
0,0,1.1306533e-14
0,0,1.5645098e-08
0,0,0.21352626
0,0,8.563507e-24
0,0,2.1327393e-17
1,0,0.00018476466
0,0,7.1815806e-30
0,0,1.2644211e-13
0,0,3.112269e-17
1,0,3.7574343e-11
0,0,2.2618536e-08
0,0,1e-45
1,1,0.999566
0,0,9.7800995e-30
0,0,5.0136502e-36
0,0,9.091674e-23
0,0,1.069783e-29
0,0,1.1568304e-14
0,0,3.0133098e-22
1,0,0.00018476466
0,0,8.763631e-19
0,0,4.5606526e-26
0,0,1.4633898e-24
0,0,7.9341596e-17
0,0,2.3177291e-22
0,0,1.7374107e-28
0,0,1.4117243e-20
0,0,2.9916403e-29
0,0,5.3580114e-22
0,0,9.291378e-13
0,0,2.4584968e-25
0,0,1.0926392e-06
1,0,3.0804301e-06
0,0,3.5602194e-28
0,0,6.472078e-36
0,0,2.948962e-19
0,1,0.74123615
0,0,3.186913e-17
0,0,3.6562612e-28
0,0,1.676235e-26
1,0,0.32627958
1,1,0.8946043
0,0,1.1678722e-27
0,0,0.0
1,0,1.7278454e-07
0,0,6.646742e-30
1,1,0.9909711
0,0,1.1914136e-30
0,1,0.99760985
0,0,2.0464174e-31
0,0,4.814517e-31
0,0,8.5538975e-19
0,0,0.025426203
0,0,1.2399994e-07
1,0,5.101308e-06
0,0,1e-45
0,0,7.689185e-36
1,1,0.999652
0,0,5.299516e-27
0,0,8.8170835e-26
0,0,5.1678215e-17
1,1,0.9818157
0,0,0.0007489389
1,1,0.8825349
0,0,1.1395736e-21
0,0,1.4970589e-32
0,0,7.875024e-18
0,0,5.352497e-29
0,0,8.369885e-10
0,0,0.0
0,1,0.8912783
1,1,0.7474036
0,0,2.944458e-24
1,1,0.99928916
1,0,2.6321018e-08
0,0,5.515347e-23
0,0,4.1681177e-13
0,0,1.6417561e-21
0,0,3.0166812e-21
0,0,1.4236071e-25
1,0,3.615424e-05
1,1,0.99917823
0,0,4.6640103e-10
1,1,0.916758
0,0,1.6401904e-37
0,0,1.8645992e-24
0,0,1.3139e-41
0,0,2.6228023e-33
0,0,1.4581519e-24
0,0,3.6054995e-28
0,0,2.295869e-31
0,0,2.4698301e-20
0,0,8.7613385e-05
1,1,0.9940234
0,0,0.0
0,0,1.7372783e-09
0,0,5.0726144e-21
1,1,0.999995
0,0,0.0
0,0,2.1648643e-38
0,0,7.7224645e-20
0,0,1.8494454e-18
0,0,2.3438e-40
0,0,0.0
1,0,5.8053375e-11
0,0,7.800014e-25
0,0,3.1777274e-22
1,1,0.99982136
1,1,0.9973609
0,0,8.025581e-05
0,0,1.7684486e-15
0,0,2.8e-44
0,0,3.7902463e-24
0,0,1.4030604e-33
1,0,3.8897565e-06
0,0,3.6414428e-25
1,0,0.00015171921
0,0,0.020505214
0,0,3.0732546e-24
0,0,1.9030471e-21
1,0,0.00025780677
0,0,3.7564494e-09
0,0,3.5555416e-18
0,0,0.0
0,0,1.1664553e-21
0,0,2.1919065e-36
0,0,4.2232873e-13
0,0,1.1114915e-20
0,0,8.9031565e-36
1,0,0.0044357795
1,0,9.302291e-05
0,0,2.5195284e-16
0,0,2.2740733e-35
0,0,6.1711753e-22
0,0,6.7250995e-13
0,0,4.1e-42
1,0,4.6664227e-06
0,0,7.610585e-32
0,0,3.9190273e-10
0,0,3.9065123e-21
0,0,4.8731263e-24
0,0,1.9190588e-33
0,0,4.2102204e-23
1,0,2.870716e-06
1,0,9.4126684e-05
0,0,2.923785e-24
0,1,0.9675977
0,0,0.07336698
0,0,1.2996496e-26
0,0,5.895129e-33
0,0,1.9389735e-38
0,0,5.3752487e-22
1,1,0.9485325
0,0,1.4638865e-32
0,0,1.7581063e-27
0,0,3.492e-42
0,0,8e-45
0,0,1.1744855e-25
0,0,1.058319e-24
0,0,7.2177347e-12
1,0,5.5847213e-06
0,0,1.8412673e-16
1,0,0.00028821023
1,0,0.12814748
0,0,1.6908166e-22
0,0,1.08783895e-17
0,0,2.1951368e-07
0,0,4.38213e-40
1,0,0.01326632
0,0,5.7482694e-20
0,0,7.999805e-17
0,0,2.871185e-09
1,1,0.9451649
0,0,4.0501435e-26
0,0,5.2880172e-30
0,0,4.382166e-22
1,0,1.095096e-06
0,0,1.0378334e-24
0,0,1.5676579e-27
0,0,3.872006e-12
0,0,1.861502e-30
0,0,1.9830513e-27
0,0,5.7842556e-20
0,0,3.134871e-05
0,0,1.8888833e-16
0,0,5.755561e-25
1,1,0.995447
0,0,4.4470644e-31
1,0,0.0007184131
1,1,0.9995882
0,0,4.2962053e-32
0,0,5.88282e-25
0,0,3.9597063e-25
0,0,4.1840725e-24
0,0,9.913689e-19
0,0,3.190441e-17
0,0,1.3869153e-18
0,0,4.722623e-15
0,0,4.149868e-15
1,0,2.6347037e-05
0,0,2.0699196e-20
0,0,1.3927589e-09
0,0,2.9521335e-28
0,0,2.134722e-20
0,0,2.0447622e-17
0,0,4.6364737e-31
0,0,4.4944773e-23
1,0,0.0010471516
1,1,0.9999101
0,0,2.6522407e-26
0,0,5.4746072e-27
0,0,1e-45
0,0,2.7792396e-25
0,0,2.6831018e-10
0,0,9.966349e-28
1,0,0.0030189124
0,0,1.5648755e-17
0,0,7.199582e-28
1,1,0.99997604
0,0,0.027092444
0,0,5.278759e-14
0,0,1.7393997e-21
1,1,0.9942925
0,0,6.1881345e-19
0,0,0.0
1,0,2.6519622e-06
0,0,3.1443427e-34
0,0,3.7979258e-27
0,0,1.44805e-40
0,0,1.1474869e-13
0,0,7.049833e-13
0,0,8.784018e-18
1,1,0.9999155
0,0,2.739129e-13
0,0,7.840171e-24
1,0,4.3433017e-09
1,0,3.1859137e-11
1,0,0.12814748
0,0,1.3776063e-29
0,0,1.5044336e-23
0,0,3.681062e-27
0,0,8.672693e-22
1,0,9.101027e-05
0,0,2.1994582e-24
1,0,0.007999243
0,0,2.5663105e-25
0,0,9.566484e-24
1,1,0.9994537
1,0,0.059340354
1,0,0.00028474184
0,0,3.0716105e-26
0,0,8.292208e-19
0,0,0.026259774
0,0,2.0036715e-29
1,0,7.883502e-06
0,0,7.2179806e-20
1,0,6.23497e-06
0,0,8.039853e-39
0,0,0.0
0,0,4.422972e-24
0,0,3.6754485e-35
1,0,6.29066e-14
0,0,7.826026e-34
1,0,0.17976609
0,0,5.3060713e-34
0,1,0.8838627
0,0,2.2613517e-32
0,0,6.501042e-32
0,0,1.1893141e-25
0,0,4.1773387e-11
0,0,1.089273e-37
0,0,4.5981128e-23
0,0,1.2342763e-20
1,0,0.00059325004
0,0,8.413239e-30
0,0,1.4204844e-15
0,0,9.4017785e-21
0,0,4.437e-42
1,1,0.878894
0,0,1.0318144e-37
0,0,2.3016775e-13
0,0,7.662838e-27
0,0,6.516542e-30
0,0,3.7659657e-22
1,0,0.44508696
1,0,0.005843054
0,0,3.5430078e-16
0,0,4.8694395e-12
0,0,6.0105224e-35
0,0,1.0367804e-10
0,0,0.16076066
0,0,7.2612806e-36
0,0,0.10905508
0,0,9.349405e-09
0,0,7.0202505e-23
0,0,6.510357e-22
0,0,1.6762567e-23
1,0,0.0009709853
1,0,1.2192846e-09
0,0,9.657456e-16
1,0,8.857989e-06
0,0,1.3029499e-27
0,0,2.3658295e-32
0,0,2.7138826e-27
1,0,1.32109035e-08
0,0,1.5371039e-32
0,0,0.00047849905
0,0,2.3153861e-23
0,0,9.372262e-08
0,0,4.4983696e-16
0,0,7.5724165e-32
0,0,7.619904e-26
1,1,0.99982834
0,0,6.7781066e-08
0,0,0.0
0,0,0.0
0,0,1.39506e-40
1,1,0.9980519
0,0,4.7822595e-18
0,0,9.35622e-07
0,0,5.6440637e-11
0,0,2.5488964e-24
1,0,0.00044722398
0,0,7.1214396e-34
0,0,2.9889932e-22
0,0,1.1306663e-14
0,0,2.9064543e-35
0,0,0.0
0,1,0.75780547
0,0,8.8479e-14
0,1,0.999684
0,0,1.1785062e-26
1,0,1.095096e-06
0,0,2.2132743e-35
0,0,1.3978836e-18
1,0,0.0112059405
0,0,1.4964003e-12
0,0,1.670913e-38
0,1,0.99470526
0,0,7.660147e-20
0,0,9.52231e-11
1,0,4.9410344e-05
0,0,0.0
1,1,0.5927793
1,0,4.0150517e-05
0,0,1.92e-43
1,1,0.93017983
1,0,0.116739005
0,0,0.0
0,0,1.3204111e-14
1,1,0.98396075
0,0,1.18e-43
1,0,1.9323801e-11
0,0,1.5069958e-30
0,0,1.7360747e-18
0,0,7.756996e-23
0,0,6.282395e-34
0,0,0.29948148
0,0,2.2509963e-11
0,0,3.0300906e-31
0,0,6.1805567e-28
0,1,0.9830703
0,0,2.0470658e-23
0,0,1.14064495e-26
0,0,2.7169852e-38
0,0,6.279843e-23
1,0,2.0978832e-11
0,0,6.623333e-29
0,0,1.267642e-25
1,1,0.99961394
0,0,1.3795084e-16
0,0,2.1703995e-20
0,0,3.621665e-30
1,0,0.0005630165
0,0,0.0
0,0,9.973062e-17
0,0,4.6565835e-27
0,0,7.972679e-35
0,0,2.9408615e-27
0,0,3.2e-44
0,0,8.365748e-37
0,0,1.7181927e-19
0,0,1.0934108e-30
0,0,3.5975006e-22
0,0,6.746426e-13
0,0,3.2233384e-23
0,0,3.860905e-17
0,0,6.442161e-33
0,1,0.9959752
0,0,3.6194423e-22
0,0,0.47126138
0,0,3.509613e-09
0,0,2.6820896e-13
0,0,7.83052e-23
0,0,4.3192654e-06
0,1,0.9988834
0,0,1.7503736e-16
0,0,3.749166e-22
0,0,2.9832452e-19
0,0,0.00029903164
0,0,5.4412394e-17
1,0,1.9266166e-08
0,0,2.122156e-25
0,0,1.7592431e-16
0,0,5.1435855e-08
1,1,0.6847625
0,0,8.325694e-23
0,0,1.5046023e-20
1,0,0.26225767
1,1,0.98398983
0,0,1.0692058e-25
0,0,2.2982902e-36
0,0,2.0342977e-32
0,0,6.194e-42
0,0,1.19678e-40
0,0,4.2483466e-29
0,0,1.2677612e-35
0,1,0.8191212
0,0,1.2609738e-22
0,0,5.06496e-35
1,1,0.9999862
0,0,2.9370475e-21
1,0,0.028799038
1,1,0.92558783
1,1,0.9998858
1,1,0.99997365
0,0,1.09723516e-13
0,0,1.0745306e-23
0,0,1.9105e-41
1,0,2.0528448e-08
0,0,1.0214716e-22
0,0,2.4328483e-19
0,1,0.98141336
0,0,7.979673e-21
0,0,4.3011937e-23
0,0,3.0602497e-14
1,0,1.3058507e-06
0,0,3.153129e-38
1,1,0.9999
0,0,1.219853e-39
0,0,2.2163353e-33
0,0,6.146855e-23
0,0,1.606209e-23
1,1,0.75327194
0,0,5.0482322e-29
0,0,2.158349e-24
1,0,0.0003284913
0,0,3.43628e-06
1,1,0.58243656
1,0,0.031167464
0,0,0.00049650046
0,0,1.8651556e-30
0,0,7.243861e-18
0,0,4.947912e-13
0,1,0.99938107
0,0,1.3627202e-22
0,0,9.220464e-20
0,0,1.759768e-22
0,0,9.084553e-26
0,0,7.2279586e-34
0,0,0.25341797
0,0,2.736915e-24
0,0,2.8439552e-24
0,0,4.823763e-39
0,0,5.271376e-32
1,1,0.9623197
1,1,0.9999049
0,0,7.1244917e-09
1,0,0.04981864
1,1,0.99959224
0,0,1.929113e-12
0,0,1.0312909e-15
0,0,0.038870517
0,0,1.3959902e-28
0,0,6.56987e-26
0,0,1.1904389e-34
0,0,4.360066e-25
0,0,2.1846e-41
0,0,3.407234e-26
1,0,0.01326632
0,0,5.540677e-29
0,0,4.2109336e-35
0,0,3.064222e-36
0,0,1.5843465e-20
0,0,2.0469964e-15
0,0,3.7528303e-14
0,0,1.6382798e-26
1,0,0.00080850685
0,0,2.7769379e-19
0,1,0.9997695
0,0,3.0703736e-38
0,0,2.899009e-23
0,0,1.1598457e-26
1,0,1.8020451e-08
0,0,1.1149765e-30
0,0,5.3482545e-28
0,0,5.1360844e-06
0,0,4.0865115e-23
1,0,0.026736647
0,0,0.0
0,1,0.9999144
0,0,1.2567387e-10
1,1,0.99985766
1,1,0.9999695
1,1,0.9999286
0,0,1.11755505e-26
0,0,1.8262811e-11
0,0,7e-45
0,0,1.1661985e-19
0,0,2.0631479e-20
0,0,1.0825458e-37
0,0,3.2553037e-24
0,1,0.79600227
0,0,1.0628435e-29
1,0,0.00024939893
0,0,5.046e-42
0,0,9.6979885e-24
0,0,1.3688023e-19
0,0,9.963263e-22
0,0,2.6073478e-27
0,0,5.266042e-35
0,1,0.99969935
0,0,3.9155994e-13
0,0,4.824609e-39
0,0,5.7616e-41
0,0,9.613148e-27
1,1,0.99990034
0,0,6.2000115e-29
0,0,1.9954486e-29
0,0,0.0
0,0,2.6516946e-26
0,0,0.0
0,1,0.9995844
0,0,5.2778766e-24
1,0,2.077651e-05
0,0,1.1942155e-09
0,0,0.0024330367
0,0,1.1579373e-16
1,0,2.1311838e-07
0,0,2.4355186e-11
0,0,1.0976452e-21
0,0,5.024654e-06
0,0,3.715065e-24
0,0,2.7146571e-21
0,0,3.6e-43
1,1,0.9839166
0,0,1.0208327e-22
0,0,8.839236e-09
0,0,4.2087647e-13
1,0,0.008975567
0,0,4.4110634e-37
0,1,0.99914515
0,0,2.407942e-38
0,0,6.5546485e-19
1,1,0.9999355
0,0,4.5682083e-19
0,0,8.876221e-31
1,0,0.0007803754
0,1,0.7500784
1,1,0.73624504
1,0,3.0322472e-05
0,0,0.21767145
0,0,3.6922754e-32
0,0,3.9831764e-16
1,1,0.78668517
0,0,0.0021992624
0,0,3.0070117e-33
1,1,0.99998295
1,1,0.6110406
0,0,5.4919433e-21
1,1,0.99990046
0,0,1.3372416e-12
0,0,1.8678122e-14
0,0,6.06156e-31
0,0,1.1304757e-38
0,0,3.6138235e-24
0,0,2.4157761e-12
0,0,2.6024404e-07
0,0,3.757259e-09
1,0,0.037673123
0,0,4.5396602e-14
0,0,2.0518836e-14
1,0,0.056668587
0,0,2.9933085e-13
1,0,0.13864751
0,0,0.0005142976
0,0,5.3875725e-27
0,0,3.227374e-23
0,0,6.3014e-41
0,0,6.604532e-23
0,0,5.8833155e-17
0,0,3.8292073e-25
0,0,1.0285692e-28
0,0,2.207586e-32
0,0,2.4383058e-16
0,0,7.4126e-41
0,0,8.527258e-24
0,0,1.2747575e-15
1,1,0.9962997
0,0,4.0516446e-25
0,0,8.769062e-31
0,0,2.454521e-27
0,0,1.831994e-09
0,0,5.591297e-36
1,1,0.99160767
0,0,5.5582428e-31
0,0,1.2132e-41
0,0,7.7988267e-13
0,0,8.209481e-22
0,1,0.9944396
0,0,7.1258866e-29
0,0,1.0654624e-28
0,0,6.556336e-23
0,0,2.4767265e-13
0,0,1.7510819e-23
0,0,5.098137e-16
0,0,7.035436e-07
0,0,1.14365475e-20
0,0,4.427055e-25
0,0,5.3817676e-13
0,0,7.3409195e-14
1,1,0.9994184
1,0,2.975089e-05
0,0,1.6804722e-20
1,0,4.371768e-06
1,0,9.007562e-12
1,1,0.996545
0,0,1.4973363e-35
0,0,1.365392e-26
0,0,2.5716232e-24
0,0,3.5060683e-12
0,0,9.705726e-31
0,0,4.974925e-26
0,0,0.00019707394
1,1,0.80883694
0,0,3.392833e-07
0,0,2.5303289e-36
1,1,0.7329387
0,0,9.968213e-28
1,0,2.2419295e-07
0,0,1.1540312e-22
0,0,1.5347085e-31
0,0,2.5801222e-17
0,0,3.0782694e-21
1,1,0.9997937
0,0,4.0226876e-27
0,0,2.660264e-35
1,0,6.4714586e-05
0,0,4.2557888e-23
0,0,2.7186677e-36
0,0,1.8845568e-17
0,0,9.297715e-19
0,0,6.476675e-20
0,0,7.9584196e-22
0,0,4.2450648e-26
0,0,1.0731937e-18
1,1,0.9999293
0,0,9.819587e-28
0,0,1.9836178e-13
1,0,5.6587828e-09
0,1,0.9970323
0,0,9.425982e-21
0,0,1.0448769e-16
0,0,8.321615e-34
0,0,1.0943754e-29
0,0,1.37e-43
0,0,3.5527307e-28
0,0,1.5672273e-12
0,0,1.666472e-13
0,0,4.2324146e-21
0,0,0.40708435
0,0,1.566984e-05
0,0,1.0269065e-14
0,0,1.9557317e-31
0,0,1.1215558e-20
0,0,5.6065083e-12
0,0,4.438218e-31
1,1,0.95146096
0,0,1.8747698e-24
0,0,4.603e-42
0,1,0.99913114
0,0,6.2594207e-22
1,0,0.3649841
0,0,4.771149e-16
0,1,0.98190457
0,0,6.216286e-35
1,0,0.011125522
0,0,2.8913354e-29
0,0,1.3178082e-16
1,1,0.99861395
0,0,0.0007378824
0,0,3.7134e-41
0,0,3.3e-43
0,0,9.182763e-06
0,0,0.0
1,0,0.063053645
0,0,2.1881856e-24
1,0,0.0012005218
0,0,2.1332356e-17
1,0,0.07670824
1,1,0.99928916
0,0,4.0601995e-18
0,0,5.3495386e-21
0,0,1.4032841e-27
1,1,0.9970048
0,0,0.0
0,0,1.3e-44
1,0,0.003227831
1,0,4.134832e-08
0,0,6.72655e-24
0,0,1.6626e-41
0,0,1.1198454e-28
0,0,3.2725568e-19
0,0,1.2797615e-11
0,0,5.0678965e-13
0,0,2.399665e-28
1,0,2.5770948e-08
0,0,7.733484e-06
0,0,3.1284216e-17
1,0,2.7737467e-05
1,0,1.3613976e-07
0,0,1.4514096e-16
0,0,2.3675786e-19
0,1,0.9964616
0,0,3.9602368e-24
0,0,2.3364194e-26
0,0,2.2308557e-19
0,0,1.714316e-20
0,0,0.050018217
0,0,3.1209233e-25
1,0,2.0528448e-08
1,1,0.7027549
1,0,7.862856e-05
0,0,1.9208817e-06
0,0,3.4781988e-20
0,0,3.775261e-35
1,0,0.003333225
0,0,2.7123632e-33
0,0,4.8645763e-19
1,0,1.6860516e-06
0,0,4.675402e-25
1,1,0.99987185
0,0,1.2151975e-18
0,0,0.47822034
0,0,6.4426584e-31
0,0,2.118089e-24
0,0,1.8860016e-18
0,0,2.2434421e-20
0,0,9.269856e-39
0,0,2.0412409e-38
0,0,5.4389735e-26
0,0,1.590496e-31
1,0,0.0030111605
0,0,4.1219567e-16
0,0,4.9805557e-22
1,0,0.00014552442
0,0,0.023723211
0,0,8.010585e-32
1,0,0.13581243
0,0,3.747381e-06
0,0,0.0
0,0,2.603685e-31
0,0,3.613038e-24
0,0,1.4337955e-22
0,0,3.7281498e-19
0,0,5.1513997e-12
1,0,2.6475452e-06
0,0,0.0
1,0,0.17521778
0,0,1.4025118e-37
0,0,1.5558737e-27
0,0,1.4320682e-22
0,0,7.4256184e-23
0,1,0.8052119
0,0,1.0025415e-12
0,0,0.0
0,0,4.454016e-35
0,0,6.199648e-13
0,0,3.630395e-14
1,0,1.894364e-05
1,0,0.09195786
0,0,1.6775391e-05
0,0,7.803714e-15
1,1,0.99999917
0,0,2.312589e-22
0,0,2.6856666e-25
1,0,2.7070937e-09
0,0,5.6999264e-27
0,0,1.7443519e-19
1,1,0.9992606
0,0,6.83353e-36
0,0,2.6058617e-08
1,0,1.053478e-06
0,0,4.3445577e-18
0,0,4.718906e-18
0,0,3.840936e-27
0,0,8.695662e-27
0,0,3.5924915e-24
0,0,1.389613e-15
0,0,6.2281934e-30
0,0,1.3680478e-23
0,0,4.4362006e-10
0,0,4.6e-44
0,0,6.9243006e-35
0,0,2.4e-44
0,0,1.0465629e-26
0,0,1.0918549e-25
0,0,8.768377e-27
0,0,1.7893128e-25
0,0,3.570615e-18
1,0,2.7070937e-09
0,0,8.625346e-15
0,0,4.418116e-31
0,0,3.5808454e-18
0,0,2.3953231e-26
0,0,7.015853e-25
0,0,2.7822863e-31
0,0,0.0
1,0,9.101027e-05
1,0,2.9171968e-08
0,0,0.0
0,0,1.5320976e-26
0,0,1.1556072e-09
0,0,1.1667061e-07
0,0,6.689628e-23
0,0,1.8309542e-19
0,0,2.2397887e-22
0,1,0.7105471
0,0,6.450781e-29
0,0,2.4043095e-10
0,0,4.0244363e-20
0,0,2.2044206e-18
0,0,4.9667915e-18
0,0,2.117076e-27
1,0,0.0005630165
0,0,2.7760454e-21
1,0,3.958038e-05
0,0,1.8383491e-22
0,0,1.2028609e-17
0,0,1.07136045e-27
0,0,7.5079e-41
0,0,2.056774e-21
0,0,1.017111e-18
0,0,8.6333056e-24
1,0,2.1899586e-06
0,0,6.613277e-24
1,1,0.99998605
0,0,1.7154346e-20
1,0,1.8658031e-07
0,0,3e-45
1,1,0.7503831
1,1,0.9841023
0,0,1.11108955e-26
0,1,0.99053663
1,0,7.899463e-07
0,0,3.7741324e-23
0,0,1.2923924e-25
0,0,0.25071764
0,0,7.8834904e-28
1,0,4.8437482e-06
1,1,0.9997154
1,0,3.4143002e-05
1,1,0.9984773
0,0,5.2099127e-21
0,1,0.9880454
1,1,0.99722517
0,0,5.4185707e-20
1,0,5.482859e-05
0,0,2.3038596e-25
1,0,0.00022331627
0,1,0.5690578
0,0,1.8390262e-18
0,0,6.3769864e-11
0,0,2.6131683e-08
0,0,1.012303e-34
0,0,4.3135313e-24
0,0,6.6141066e-25
1,1,0.99426794
0,0,2.1124921e-36
0,0,3.6426584e-14
1,0,0.00024901424
1,0,0.00013936419
0,0,2.7991313e-21
0,0,4.393108e-24
0,0,0.09187677
0,0,1.3044688e-24
0,0,9.129484e-16
0,0,2.795472e-28
0,0,5.3446475e-12
0,0,3.291157e-21
0,1,0.99957937
0,0,3.9913673e-27
0,0,1.7832446e-29
0,0,1.1898879e-14
0,0,2.891984e-23
0,0,6.364152e-38
0,0,7.595296e-18
0,0,1.2236817e-34
0,0,7.0120857e-31
0,0,1.1639476e-30
0,0,8.9122976e-21
0,0,1.647965e-32
0,0,2.1240089e-19
1,0,1.9369429e-05
0,0,4.886872e-21
0,0,1.1929136e-16
0,0,6.6199237e-14
0,0,8.591887e-14
1,0,0.02347086
1,1,0.99957675
0,0,2.5263828e-37
0,0,1.2260506e-19
0,0,3.2802607e-31
0,0,2.1783694e-21
0,0,6.376272e-25
0,0,3.2799612e-08
0,0,1.05516446e-13
1,0,0.00037996133
0,0,5.395999e-22
0,0,2.483e-42
0,0,1e-45
0,0,3.021061e-26
1,1,0.9818157
0,0,1.3889348e-07
0,0,6.1975235e-23
0,0,6.650346e-22
0,0,0.0
0,0,2.9020072e-23
0,0,6.3850265e-20
0,0,6.625e-42
0,0,5.4170425e-07
0,0,3.4446691e-15
1,1,0.99991155
1,0,8.226828e-08
0,0,7.692486e-17
1,1,0.8414644
0,0,3.939431e-38
0,0,4.117647e-25
0,1,0.8277865
0,0,3.3561725e-13
0,0,7.90567e-32
0,0,1.9417862e-23
1,1,0.9999995
0,0,5.889304e-08
1,1,0.99995065
1,0,1.3466168e-06
0,0,2.9761917e-23
0,0,5.9430166e-34
0,0,0.0
0,0,3.2974303e-12
0,0,2.3091835e-17
0,0,7.6946e-13
1,0,3.145514e-05
1,0,5.662997e-06
0,0,1.4458834e-16
1,1,0.8976875
0,0,1.2607999e-23
0,0,3.034331e-34
0,0,1.3408166e-13
0,0,3.381525e-22
0,0,6.544274e-06
0,0,1.2433449e-20
0,0,6.499908e-15
0,0,2.856495e-29
0,0,1.5584706e-33
0,0,2.069507e-37
0,0,1.067348e-39
0,0,1.5499283e-13
0,0,1.2139731e-20
0,0,1.0905167e-36
1,0,0.0060766665
0,0,3e-45
0,0,2.276998e-28
0,0,1.2850005e-15
0,0,1.2707678e-13
1,1,0.9825456
0,0,9.8732646e-20
0,0,1.7187155e-36
0,0,0.0
1,1,0.99986374
0,0,6.441435e-22
0,0,1.8508384e-30
0,0,0.26192632
0,0,2e-44
0,0,1.0071344e-18
0,0,6.709987e-26
0,0,1.1245581e-29
0,0,6.4371556e-31
0,0,7.1979483e-13
0,0,5.7782966e-29
0,0,1e-45
0,0,3.507256e-36
0,0,5.6513297e-24
0,0,1.825565e-39
0,0,1.5893309e-13
0,0,1.1701e-41
0,0,0.00042689973
0,0,8.935584e-28
0,0,6.775045e-23
0,1,0.9996424
0,0,2.9986893e-37
0,0,3.3463885e-38
0,0,1.595417e-25
0,0,8.6594456e-20
0,0,6.0715493e-26
0,0,1.6575566e-22
0,0,1.287736e-19
0,0,7.278973e-14
0,0,1.1627298e-18
0,0,2.7920401e-13
1,0,0.00042907018
0,0,3.839019e-26
1,0,0.0074304366
1,1,0.9993383
0,0,1.3533498e-28
0,0,8.1558595e-36
0,0,5.3075548e-17
0,0,2.104878e-25
1,0,5.1320105e-05
0,0,7.913347e-21
0,0,1.7039449e-05
0,0,2.2880148e-26
0,0,8.478337e-11
0,0,3.6594424e-06
0,0,3e-45
0,0,2.1814792e-29
0,0,8.56984e-40
0,0,5.9973823e-05
0,0,5.9093254e-29
0,0,9.520501e-32
1,0,0.0013396465
0,0,4.719235e-31
0,0,4.193e-42
0,0,4.25765e-06
0,0,4.5953396e-24
0,0,0.0
1,0,0.00032892684
0,0,2.5124207e-09
0,0,5.249857e-27
0,0,5.7598484e-16
0,0,0.2865317
0,0,1.1105359e-16
0,0,7.2955216e-19
0,0,1.4638946e-21
0,0,8.312792e-27
1,1,0.8252799
1,0,4.590371e-07
0,0,4.8021588e-14
0,0,0.0
0,0,6.0642854e-17
0,0,3e-45
0,0,5.5489913e-21
1,0,0.0014519444
0,0,2.3081678e-12
0,0,3.250955e-35
0,0,4.538136e-22
0,0,1.3969108e-29
1,0,0.026673837
0,0,3.6661608e-22
0,0,2.0572925e-13
1,0,6.727528e-05
0,0,0.00060479477
0,0,4.939246e-32
0,0,4.2033854e-30
0,0,3.784302e-20
0,0,2.1219905e-07
1,0,0.0056937924
0,0,1.7620809e-12
1,1,0.99999857
1,0,0.16574395
0,0,2.08594e-27
0,0,1.2816928e-20
0,0,6.3933617e-20
0,0,7.002897e-29
0,0,0.0040753502
0,1,0.9999099
0,0,2.5779178e-25
0,0,5.991371e-32
0,0,1.2396852e-18
0,0,8.1937524e-35
0,0,5.2997845e-25
0,0,2.7385708e-20
0,0,1.7201209e-34
1,0,0.00015894751
0,0,1.2682692e-20
0,0,8.2033264e-19
0,0,2.6073042e-15
0,0,3.7792382e-35
0,0,2.1557483e-17
0,0,8.57297e-07
1,0,1.6849716e-09
0,0,0.0
1,0,0.008490873
0,0,4.6745367e-14
0,0,1.0573551e-23
0,0,1.5995393e-29
0,0,4.0847743e-19
0,0,1.23982965e-14
0,0,2.4917025e-18
0,0,4.14084e-37
1,1,0.80851763
0,0,3.0604627e-12
0,0,5.912538e-18
0,0,6.4898526e-14
1,0,1.1146422e-05
0,0,0.0
0,0,7.358454e-22
0,0,8.846098e-17
0,0,2.2028774e-30
1,0,9.584379e-06
0,0,0.0
0,0,8.016246e-38
0,0,5.857318e-09
0,0,3.637821e-24
1,1,0.8825349
0,0,8.6150775e-17
1,1,0.99561983
0,0,6.966295e-27
0,1,0.99701536
0,0,5.1361494e-36
1,0,8.630446e-06
0,0,2.3770451e-11
0,0,2.9209e-41
0,0,6.6373593e-25
1,1,0.8751242
0,0,4.3234e-39
0,0,1.1156777e-24
1,1,0.9992937
0,0,1.7461738e-14
0,0,8.1736616e-24
1,0,0.00034031447
0,0,7.0619365e-23
1,0,1.1556162e-06
0,0,7.734022e-27
0,0,1.9112801e-16
1,0,0.058984946
0,0,7.686069e-23
0,0,5.956017e-13
0,0,4.2147603e-19
1,0,0.16451305
1,0,1.385607e-05
0,0,0.0
0,0,5.2280652e-15
0,0,0.114414014
0,0,3.3440625e-25
0,0,3.227e-42
0,0,9.953665e-12
0,0,9.442343e-24
0,0,3.2098931e-21
0,0,3.0304255e-16
0,1,0.9998287
1,0,8.358327e-05
0,0,3.3807144e-21
0,0,3.409796e-18
0,0,2.3164393e-29
0,0,2.2805e-41
0,0,1.290275e-24
0,0,2.3455603e-14
0,0,3.1274678e-09
0,0,5.179621e-33
0,0,4.305616e-20
0,0,5.497193e-25
0,0,5.179959e-32
0,0,1.199099e-18
0,0,1.5915295e-29
0,1,0.9691658
0,0,4.6471074e-12
0,0,2.0734496e-15
0,1,0.9364523
0,0,0.0
0,0,9.2875314e-21
0,0,3.371595e-14
0,0,1.0412046e-38
0,0,8.733795e-19
0,0,0.0042220904
1,1,0.9999033
0,0,2.2786677e-08
0,0,9.4897607e-23
1,0,9.101027e-05
0,0,0.0
0,0,0.0
0,0,2.0443585e-15
1,0,0.0008461274
1,1,0.99957234
0,0,1.1227078e-19
0,0,2.470351e-18
0,0,9.891888e-20
0,0,6.3929955e-35
0,0,1.6729983e-16
0,0,3.7031573e-36
1,1,0.99851793
0,0,2.363219e-35
0,0,8.409452e-30
0,0,3.6654337e-22
0,0,2.4803242e-24
0,0,4.2115395e-37
0,1,0.9998753
1,1,0.9978004
1,0,6.29066e-14
0,0,5.265429e-24
0,0,1.0137113e-06
0,0,1.5805723e-14
1,1,0.9999875
0,0,2.416654e-10
0,0,6.770373e-29
0,0,0.0
0,0,4.843534e-37
0,0,3.5714279e-28
0,0,0.0
0,0,4.6255358e-05
1,1,0.99999785
0,0,1.3585461e-16
0,0,1.5424851e-16
0,0,1.1916361e-15
0,0,7.603659e-22
0,0,2.7520565e-22
0,0,2.3386082e-15
0,0,2.7617319e-22
0,0,1.3536613e-33
1,0,0.00013936419
0,0,0.009457274
1,1,0.99998605
0,0,1.6807003e-23
1,0,2.7395545e-06
1,1,0.99993896
0,0,3.5812853e-24
0,0,2.0279978e-25
0,1,0.89831007
0,0,2.6410172e-31
0,0,0.0
0,0,3.45859e-28
0,0,1.7565746e-38
1,0,2.610424e-05
0,0,1.3870231e-15
0,0,6.114723e-15
1,0,0.0056937924
0,0,3.0607787e-19
0,0,1.0475522e-21
0,1,0.63955253
1,0,2.239129e-06
1,1,0.97140974
0,0,6.2325284e-08
0,0,1.3765297e-21
0,0,2.3156872e-30
0,1,0.9895488
0,0,1.1698525e-26
0,0,1.6361962e-38
0,0,2.1156561e-11
1,0,5.895696e-09
0,0,5.513892e-06
0,0,9.467302e-07
1,1,0.69188786
0,0,4.387386e-29
1,1,0.99959224
0,0,1.5014607e-27
0,0,7.9895095e-14
0,0,2.72145e-40
0,0,2.7437906e-07
0,0,2.512184e-33
0,0,1.1447654e-09
0,0,5.0677544e-38
0,0,3.1401126e-26
1,0,1.1074658e-05
0,0,1.7344392e-07
0,0,1.6258932e-15
0,0,1.5587164e-08
0,0,1.0704025e-31
0,0,7.361812e-25
0,0,0.36129478
1,0,0.008548259
0,0,4.381444e-16
0,0,2.2070248e-22
0,0,1.1705108e-15
0,0,0.30045304
0,0,1.0613404e-14
0,0,2.18506e-22
0,0,3.1893842e-23
0,0,2.1576816e-32
0,0,1.4977543e-34
0,0,1.8717895e-17
0,0,1.0727834e-20
1,0,0.17976609
1,1,0.99994075
1,0,0.0031593181
0,0,7.4834e-07
0,0,2.61648e-23
1,0,0.0009373637
0,0,8.4381527e-29
0,0,0.0
0,0,1.9404555e-21
0,0,6.910426e-26
0,0,5.809403e-26
0,0,2.4481637e-11
0,0,8.2525854e-16
0,0,3.176207e-33
1,1,0.9995844
1,0,0.0030240864
0,0,0.46324983
0,0,9.605144e-11
0,0,7.668581e-24
0,0,1.1656257e-25
0,0,8.741999e-33
0,0,3.6728922e-23
0,0,1.07857985e-23
0,0,3.0431925e-23
0,0,0.38048306
0,0,3.4882316e-27
0,0,5.930074e-23
0,0,5.12904e-37
0,0,2.7196516e-22
0,1,0.992183
1,0,0.010351119
1,1,0.9999994
0,0,1.8279451e-13
1,1,0.999881
0,0,9.473605e-13
0,0,3.2338192e-23
0,0,1.3124119e-21
0,0,2.8251198e-16
1,1,0.99998903
0,0,0.0
0,0,1.0041986e-35
0,0,4.1641077e-23
0,0,0.0
0,0,4.443387e-15
0,0,1.2792014e-13
0,0,3.1610633e-32
0,0,2.907845e-32
0,1,0.7077293
0,0,0.0
0,0,1.6518246e-38
0,0,6.565406e-35
0,0,0.4025977
0,0,1.2001e-41
0,0,2.181174e-19
0,0,7.1845415e-37
1,0,0.0159811
0,1,0.99333066
0,0,8.914685e-08
0,0,0.000100415484
1,0,0.0009337047
0,0,2.2934588e-11
0,0,1.3081966e-31
0,0,0.0
0,0,1.40236e-39
0,0,4.4247457e-23
0,0,2.213745e-22
0,0,9.211506e-26
1,0,0.00024901424
0,0,3.4132737e-24
0,0,2.2259178e-18
0,0,3.1698984e-12
1,1,0.98398983
0,0,1.9791563e-30
0,0,4.461497e-28
0,0,2.2741092e-19
0,0,4.049708e-20
0,0,0.0
0,0,1.4264887e-32
0,0,1.09500255e-20
1,1,0.9990282
0,0,7.544742e-23
0,0,4.9169827e-34
0,0,1.0514654e-25
0,0,1.21196425e-36
0,0,2.1072718e-33
1,1,0.97310954
0,0,3.3187745e-24
1,1,0.8177706
0,0,9.642091e-19
0,0,6.9508175e-35
0,0,2.1265372e-35
1,0,0.26084363
0,0,1.3538488e-38
0,0,7.793373e-27
0,0,9.345029e-22
0,0,1.2694805e-18
0,0,4.485696e-28
0,0,1.598032e-30
0,0,0.0
1,1,0.9998518
0,0,4.216762e-23
0,0,2.5199712e-23
0,0,5.33656e-07
1,1,0.9854586
0,0,4.3297028e-32
1,0,0.005005663
0,0,0.0
0,0,1.9022263e-29
0,0,5.732631e-36
0,0,4.968239e-30
0,0,2.758526e-33
0,0,1.7099588e-21
1,1,0.99331504
0,0,4.486772e-14
0,0,3.164748e-14
1,1,0.9997502
0,0,1.608e-41
0,0,0.0
0,0,5.671663e-09
0,0,3.582569e-17
1,1,0.9997888
1,0,7.348132e-05
0,0,1.3578283e-20
0,0,2.3024393e-30
0,0,1.8313776e-22
0,0,1.5884169e-23
0,0,4.58105e-40
0,1,0.99992263
1,0,0.0010327302
0,0,3.8625447e-22
0,0,5.082365e-18
0,0,8.45455e-11
1,1,0.9994803
1,0,0.49350974
0,0,9.592176e-08
0,0,1.7465112e-24
0,0,2.0453934e-10
0,0,6.903777e-21
0,0,7.219631e-13
1,1,0.8047335
1,0,8.41458e-09
0,0,3.4035522e-14
1,1,0.9993254
0,0,2.8653008e-07
0,0,4.848095e-24
1,1,0.9960459
0,0,4.436723e-11
1,1,0.99154973
0,0,1.067905e-26
0,0,9.490266e-08
1,0,2.5770948e-08
0,0,5.249549e-11
0,0,2.1699547e-18
0,0,1.1879547e-16
0,0,4.75244e-16
1,1,0.6288682
1,0,8.077459e-06
0,0,6.677019e-27
0,0,7.3307165e-22
0,0,6.4212433e-37
1,1,0.99426794
0,0,3.5352978e-09
0,0,7.4684945e-36
0,0,9.6096254e-20
1,0,0.000104250896
0,0,2.920059e-07
0,0,5.2302866e-20
0,0,1.7398435e-22
0,0,2.346861e-34
0,0,4.5784245e-22
1,0,4.112581e-08
1,0,1.1843952e-05
0,0,1.5986958e-31
0,0,2.5425928e-10
0,0,1.1284041e-14
0,0,3.8906112e-15
0,0,9.460291e-33
0,0,3.2408525e-19
1,1,0.99979085
0,0,2.3194757e-26
0,0,0.0005387523
0,0,4.2220137e-07
1,0,4.1225332e-05
0,0,2.2348219e-14
0,0,2.4435956e-23
0,0,5.2856258e-27
0,0,8.9048824e-30
0,0,1.3890794e-20
0,0,5.317208e-22
0,0,5.2364834e-13
1,1,0.9997888
0,0,6.097246e-25
0,0,1.13703915e-26
0,0,1.8057543e-08
0,0,1.1975726e-25
0,0,7.1691385e-34
1,0,0.0039251773
0,0,3e-45
0,0,1.0235128e-27
0,0,2.5434255e-07
0,0,3.6092e-41
0,0,7.422998e-27
0,0,0.007625517
1,1,0.99861395
0,0,0.0
0,1,0.99717194
0,0,1.7203395e-09
0,0,5.4519156e-18
0,0,4.231586e-31
0,0,2.2826485e-15
0,0,1.4813947e-12
1,1,0.9991516
0,0,1.1581877e-26
0,0,2.288129e-18
0,0,5.8984956e-28
0,0,1.3240976e-30
0,0,1.021583e-25
0,0,4.5463152e-14
0,0,0.00015527985
0,0,6.135746e-32
0,0,1.10073435e-08
0,0,1.8726657e-27
0,0,0.0004991792
0,0,4.3812386e-18
0,0,1.0032362e-15
1,1,0.73624504
0,0,7.8441105e-26
0,0,4.93826e-27
1,1,0.99400747
1,0,0.0017627833
1,0,0.00056721806
1,0,7.053895e-13
0,0,1.0333257e-32
0,1,0.99887246
0,0,1.1250347e-21
1,1,0.99947757
1,1,0.94711757
1,1,0.9997888
0,0,1.23171e-40
0,0,0.0067038788
0,0,4.0812968e-36
1,0,0.0004999536
0,0,7.34e-43
1,1,0.99593085
1,1,0.99834454
0,0,6.728933e-25
0,0,1.95e-43
0,0,6.8378535e-15
0,0,1.4500427e-31
0,0,8.7203296e-15
0,0,5.6761704e-26
0,0,1.170779e-22
0,0,3.4487496e-20
0,0,5.12343e-21
0,0,5.3346787e-15
1,0,4.658557e-06
1,1,0.87154526
1,1,0.9999943
0,0,1.563607e-29
0,0,9.983145e-05
0,1,0.6623871
0,0,8.6366305e-17
0,0,9.934157e-29
0,0,6.0390196e-28
0,0,7.2164094e-28
0,1,0.9891874
0,0,5.077072e-19
0,0,2.4096659e-26
1,1,0.99999666
0,0,1.407463e-16
0,0,6.069457e-21
0,0,5.331749e-15
1,1,0.9663096
0,0,0.1241332
1,0,0.00014111958
0,0,2.267953e-16
0,0,1.7642007e-26
0,0,1.8674506e-12
0,0,4.6566427e-17
1,1,0.99996746
1,0,1.4057938e-09
0,0,5.1565236e-15
1,1,0.9993369
0,0,0.0
0,0,2.1119e-41
1,1,0.93566966
0,0,2.675167e-24
0,0,3.3544175e-29
0,0,7.808127e-36
0,0,3.1758386e-21
1,1,0.9995882
0,0,7.735061e-18
0,0,2.7910477e-22
0,0,1.9457557e-28
0,0,0.0
0,0,3.6788858e-12
0,0,3.8846315e-24
0,0,1.0309801e-15
1,1,0.9936132
0,0,1.0904232e-17
1,0,0.03255401
0,0,1.1164843e-28
0,0,1.20493305e-23
0,0,7.86e-43
0,0,4.955574e-06
0,0,2.6178216e-35
1,1,0.99982136
0,0,4.0055525e-06
0,0,9.7808136e-29
0,0,3.8179955e-15
0,0,7.98499e-40
0,1,0.99998045
0,0,4.8714013e-15
0,0,1.2822744e-13
0,0,1.493584e-26
0,0,6.90396e-29
0,0,5.367212e-06
0,0,4.4591077e-24
0,0,5.1806407e-21
0,0,1.060016e-24
0,0,6.445272e-36
0,0,9.13807e-28
0,0,2.111143e-32
0,1,0.99918777
0,0,1.4063255e-23
0,0,3.7205377e-25
0,0,6.4462215e-24
0,0,1.7950984e-23
0,0,4.1857916e-19
0,0,5.4242093e-15
0,0,1.1469215e-22
0,0,9.07313e-40
0,0,1.8842858e-11
0,0,1.5327534e-17
0,0,2.4297298e-21
0,0,6.6596934e-28
0,0,6.859108e-11
0,0,1.3546087e-15
0,0,2.207636e-39
0,0,1.4261653e-09
0,0,2.6146309e-18
1,0,6.6273606e-05
0,0,3.977006e-34
0,0,1.5555444e-23
0,0,8.733415e-22
0,0,2.87975e-40
1,1,0.9999535
0,0,2.5450465e-26
0,0,6.7841254e-05
0,0,2.5691126e-17
1,0,0.056048077
0,0,3.1820815e-15
0,0,9.4757035e-20
1,0,1.3244698e-25
0,0,1.5238178e-30
0,0,5.246088e-29
0,0,7.232037e-20
0,0,3.1423478e-22
0,1,0.91114277
0,0,2.455567e-22
0,0,5.683936e-23
0,0,3.4611335e-07
0,0,2.0306092e-07
1,1,0.99193853
1,1,0.9951343
0,0,5.1421785e-17
1,0,3.8897565e-06
0,0,2.1288366e-18
0,0,8.572344e-36
0,0,4.060882e-25
0,0,2.3026501e-30
0,0,2.015011e-26
0,0,0.0
0,0,5.2337404e-27
0,0,8.1e-44
0,0,4.2991353e-19
0,0,3.4431267e-18
0,0,1.505655e-25
0,0,1.1735263e-19
0,0,5.0103648e-20
0,0,3.2481273e-07
0,0,8.424972e-20
1,1,0.99965656
1,0,0.00013230792
0,0,7.0251416e-26
0,0,3.969873e-31
0,1,0.7998564
1,1,0.9424208
0,0,1.02567235e-08
0,0,8.34077e-21
0,0,0.00041768746
0,0,4.4596e-13
0,0,5.4380416e-14
0,0,2.3195803e-06
1,0,2.6685486e-08
0,0,3.3280861e-28
0,0,2.3543417e-32
1,1,0.9999856
0,1,0.99176264
1,0,1.4069889e-07
0,0,0.0
1,0,3.8212583e-08
1,1,0.9942925
0,0,5.8924714e-12
0,0,1.068325e-18
0,0,8.007242e-09
0,0,0.0
1,0,0.0006142591
0,0,5.2362125e-36
0,0,0.0
0,0,0.0
0,0,8.7067105e-13
0,0,1.00653704e-22
0,0,1.0039913e-21
1,0,0.007455617
0,0,5.8352986e-19
1,1,0.999948
1,0,0.008123664
1,0,0.0089279665
0,0,0.0
1,0,0.00035687024
1,0,5.7146018e-08
0,0,6.387365e-20
0,0,0.0
0,0,0.0
0,0,1.5867373e-14
0,0,0.0
0,0,3.8337174e-28
0,0,5.720878e-36
0,0,3.181732e-21
0,0,8.796159e-25
1,0,0.2799894
0,0,2.5161754e-07
1,0,1.09534885e-05
1,0,0.105807595
0,0,0.0
0,0,6.785504e-35
0,0,7.228082e-23
0,0,7.823997e-34
0,0,4.508779e-13
0,0,1.6334194e-14
0,0,1.1079487e-19
0,0,1.3697803e-10
0,0,7.1423e-40
0,0,4.223343e-32
0,0,1.9678162e-25
0,0,5.265991e-39
0,0,2.3042874e-20
0,0,5.0265093e-25
0,1,0.6166148
0,0,4.773101e-22
0,0,7.486186e-34
0,0,0.25909832
0,0,9.165046e-15
0,0,3.253893e-29
0,0,2.3485369e-33
0,0,1.4977549e-18
0,0,8.283609e-19
1,1,0.99966216
0,0,1.8608644e-21
0,0,3.3841163e-16
1,0,2.4260796e-06
0,0,7.309877e-13
0,0,6.566032e-20
0,0,1.2002692e-09
0,0,0.0
0,0,2.402774e-39
0,0,6.853266e-36
0,0,1.1743662e-37
0,0,2.2978527e-13
0,0,1.7754441e-08
0,0,1.527809e-17
1,1,0.9195052
0,0,8.219231e-21
0,0,1.1460069e-23
0,0,4.8200496e-07
0,1,0.8616544
0,0,4.1401824e-27
0,0,1.0328938e-14
0,0,1.2487376e-31
0,0,0.0
0,0,9.410622e-25
1,0,1.1947424e-08
0,0,3.2073713e-10
0,0,1.4578563e-10
1,0,0.002170967
0,0,2.1951414e-24
1,1,0.9999814
0,0,2.0878007e-29
0,0,3.516177e-29
0,0,7.8140925e-27
0,0,5.190529e-37
0,0,2.66068e-20
0,0,3.6478653e-18
0,0,1.3931886e-25
0,0,1.32401035e-17
0,0,6.4139803e-27
0,0,1.9445627e-34
0,0,0.42207712
0,0,0.00071587757
0,0,1.6676924e-29
0,0,5.3320666e-33
0,0,2.4630107e-11
0,0,1.8335873e-36
1,0,0.000119935714
0,0,1.2200794e-06
0,0,2.5647722e-19
0,0,4.857055e-31
0,0,1.37834e-17
1,0,0.15571421
0,0,3.0285637e-17
0,0,6.395002e-18
1,0,0.0023665314
0,0,7.8775163e-26
0,0,4.1544504e-28
1,0,0.0019022875
0,0,8.601084e-33
0,0,2.7292146e-21
0,0,3.811283e-32
1,0,3.5339055e-11
0,0,0.0
0,0,5.493156e-22
0,0,2.7245654e-13
0,0,1.0946869e-32
0,0,5.428334e-13
0,0,1.64979e-16
0,0,3.4642882e-09
0,0,9.979132e-13
1,1,0.9998679
1,0,7.1213555e-07
1,1,0.8760031
0,0,6.7176585e-37
0,0,5.3816558e-20
1,0,7.4076524e-05
1,1,0.9999875
1,1,0.99815315
1,0,3.2503795e-08
0,0,0.0
0,0,3.66283e-24
0,0,3.836796e-10
1,0,5.662997e-06
0,0,2.795922e-19
0,0,1.27618566e-26
1,0,2.5770948e-08
0,0,4.570484e-15
0,0,0.03894787
0,0,1.3367665e-28
0,0,3.2851145e-19
0,0,0.2516912
0,0,8.8967925e-32
0,0,4.35718e-40
1,0,0.10219243
0,0,0.0
0,0,3.2e-44
0,0,2.7933734e-27
0,0,1.507613e-20
0,0,3.3824187e-35
0,0,7.3307165e-22
0,0,2.563817e-39
1,0,0.002037462
0,0,6.608299e-27
0,0,2.4801482e-21
0,0,1.9371898e-25
0,0,4.28902e-38
0,0,5.9830377e-31
0,0,7.063535e-13
0,0,1.1672353e-12
0,0,7.8342545e-38
0,0,1.813116e-06
0,0,3.5838675e-32
0,0,3.5266943e-37
0,0,3.7723063e-22
1,1,0.963213
0,0,2.6560573e-34
0,0,0.0
1,0,0.020823848
1,0,0.0009752008
0,0,5.547803e-22
0,0,1.572e-41
0,0,3.3847103e-16
0,0,3.662992e-27
0,0,2.3626446e-06
0,1,0.7133575
0,0,0.0
0,0,1.54e-43
1,0,5.885479e-14
0,0,9.4291715e-31
0,0,1.1589844e-05
0,0,4.0123335e-24
1,0,1.8218365e-05
1,0,0.14614816
0,0,0.0
1,1,0.80883694
1,0,0.0094134305
0,0,3.350214e-19
0,0,5.690721e-25
0,0,2.38669e-40
0,0,3.3622943e-15
0,0,1.1999086e-26
1,1,0.99999726
0,0,1.0578433e-06
0,0,2.8956366e-09
0,0,1.0036543e-06
0,0,0.0064031933
0,0,0.0
0,0,9.80112e-40
0,0,9.760419e-23
0,0,1e-45
1,0,0.0159811
0,0,0.0
0,0,1.9279817e-14
0,0,7.570547e-15
0,0,7.557242e-08
0,0,4.9402716e-14
0,0,1.8761228e-38
0,0,1.681463e-31
1,1,0.9999685
0,0,3.7175982e-34
0,0,8.976651e-13
1,0,0.30860463
0,0,1.9279942e-20
0,0,1.0036142e-32
0,0,8.536724e-14
0,0,5.3982413e-30
0,0,3.309792e-35
0,0,1.902184e-09
0,0,1.7368925e-22
0,0,8.344725e-19
0,0,1.0275224e-20
0,0,0.00012242357
0,0,0.00022329921
1,0,2.3836105e-06
0,0,2.5609557e-29
0,0,1.9595688e-25
0,0,7.3367e-23
1,1,0.9984059
0,0,5.2203595e-06
1,0,0.059095412
0,0,6.3346497e-31
0,0,3.0451235e-21
0,0,1.4061822e-36
0,1,0.98408556
0,0,4.230085e-16
0,0,1.7813078e-28
0,0,1.0472273e-12
0,0,8.548861e-22
0,0,1.8033116e-18
0,0,4.582964e-16
1,1,0.99953485
0,0,3e-45
0,0,4.987876e-37
0,0,4.6798616e-33
0,0,3.0889479e-30
1,0,0.0033145866
1,0,5.717965e-07
1,0,0.002853545
0,0,6.9530274e-25
0,0,3.6902678e-10
0,0,0.0
0,0,7.7157265e-26
0,0,4.37925e-40
1,0,0.0037676431
1,0,0.008089674
0,0,4.8268722e-17
0,0,1.3064469e-30
0,0,2.833576e-20
0,0,2.48583e-40
1,1,0.99982303
0,0,0.0
0,0,0.00016824863
1,0,0.00018056024
0,0,6.7812016e-37
0,0,7.826624e-19
0,0,3.6189468e-10
0,0,2.5750035e-29
0,0,8.817692e-33
0,0,1.3546896e-25
0,0,6.591359e-26
0,0,1.5304239e-15
0,0,3.4969107e-24
0,0,1.5838082e-28
0,0,2.9558687e-32
0,0,1.5111974e-16
1,1,0.99999547
0,0,1.3841284e-20
0,0,5.875358e-23
1,0,2.6195758e-08
0,0,5.5447416e-20
1,0,0.0002437336
1,0,0.00016222699
0,0,1.0607938e-22
0,0,2.089772e-26
0,0,5.4080238e-33
0,0,2.1343e-41
0,0,8.20973e-15
0,0,1.360379e-35
1,1,0.9465536
0,0,6.978787e-22
0,0,9.178456e-13
0,0,2.106701e-18
0,0,2.5100898e-15
0,0,5.1067857e-21
1,1,0.99999523
0,1,0.99997056
0,0,1.264177e-14
1,0,0.0035705953
0,0,0.0019293103
1,0,0.028030103
0,0,2.277466e-29
0,0,2.882693e-12
0,0,9.991145e-25
0,0,2.1525495e-19
0,0,5.956497e-27
0,0,3.2973516e-29
0,0,1.7494229e-34
0,0,1.4735617e-33
0,0,8.3911024e-20
1,1,0.99954504
0,0,1.0513277e-20
0,0,2.7702588e-21
0,0,7.3639243e-31
0,0,1.491211e-32
0,0,3.3632737e-20
0,1,0.99790454
0,0,9.259408e-21
0,0,2.85985e-40
0,0,6.633681e-35
0,0,4.022498e-11
1,1,0.9993383
0,0,7.7997224e-16
0,0,1.0658839e-23
1,1,0.995824
1,0,0.0018847872
0,0,1.2089272e-34
0,0,9.183102e-38
0,1,0.99962234
1,0,0.12852754
0,0,2.3876095e-15
0,0,6.913732e-23
1,1,0.99999976
1,0,0.005024543
0,0,9.132641e-19
0,0,1.063291e-34
0,0,5.036e-10
0,0,2.725182e-18
0,0,1.3016678e-07
0,0,3.5e-44
0,0,4.4103567e-37
0,0,4.0702074e-23
0,0,2.4930043e-26
1,0,0.0089279665
1,1,0.9676251
1,0,7.899463e-07
0,0,7.3955284e-06
0,0,2.3953365e-15
0,0,5.4178523e-18
0,0,5.6466407e-36
0,0,3.0990603e-09
0,0,2.9890713e-23
0,0,1.0339745e-13
0,0,1.5647717e-20
0,0,3.500469e-27
0,0,4.2924178e-26
0,0,2.6319618e-19
0,0,8.944268e-16
0,0,0.0
0,0,2.3501305e-27
0,0,9.281e-42
0,1,0.92143583
1,0,1.6434702e-06
0,0,1.2986928e-34
0,0,7.359487e-31
1,0,0.0005386131
0,0,2.36746e-35
1,1,0.99983406
1,0,0.01678346
0,0,4.6767288e-11
0,0,1.6243254e-14
0,0,3.9482196e-29
0,0,8.4553974e-35
0,0,4.8934086e-18
0,0,9.512831e-19
0,0,2.3630744e-28
0,0,5.156555e-18
1,0,0.15567179
0,0,1.7170094e-16
0,0,2.6222557e-05
0,0,4.429027e-08
0,0,1.3259942e-36
0,0,3.9160912e-36
0,0,1.0510321e-05
0,1,0.9929569
0,0,9.91347e-40
0,0,7.225902e-31
0,0,1.799645e-11
0,0,8.729931e-19
0,0,1.121e-42
0,0,3.0712132e-33
0,0,0.00089637376
0,0,1.3994982e-21
0,0,1.675435e-27
0,0,7.3923e-22
0,0,4.5297176e-20
0,0,3.8997437e-33
0,0,2.909941e-33
0,0,1.6564943e-15
0,0,1.7585256e-23
0,0,2.1108614e-13
0,0,1.9568208e-24
0,0,2.3425117e-21
0,0,2.68208e-20
0,0,1.7395139e-12
0,0,8.528884e-24
1,1,0.99206674
1,1,0.9429229
0,0,4.5937496e-37
0,0,9.346748e-09
1,1,0.99988806
0,0,6.826463e-23
0,0,4.0114947e-15
0,0,0.0
0,0,2.58035e-16
0,0,3.031568e-10
0,0,6.0215874e-19
0,1,0.9998727
1,0,0.00030789332
0,0,0.008028413
1,0,1.7337034e-05
0,0,3.8253118e-31
0,0,3.0913162e-23
0,0,0.0
0,0,1.9609505e-19
0,0,2.8566818e-28
0,0,1.985932e-23
0,0,6.330519e-16
0,0,1.385982e-14
0,0,4.3298248e-29
1,1,0.99253887
0,0,1.9865956e-11
0,0,4.521e-41
1,0,0.00084557815
0,0,1.5080527e-24
0,0,1.1854124e-28
0,0,0.017319864
0,0,1.8722497e-36
1,1,0.99983215
0,0,3.7502077e-16
0,0,2.170203e-18
0,0,9.7537445e-33
0,0,3.1100981e-24
0,0,7.0180013e-23
1,0,1.4051979e-10
0,0,9.754667e-27
0,0,0.0
0,0,1.396129e-35
0,0,7.461223e-16
0,0,1.2699514e-09
0,0,1.8966983e-21
0,0,1.2367786e-28
1,1,0.87580323
0,0,0.015124868
0,0,8.138772e-27
0,0,4.416821e-15
1,0,3.0322472e-05
0,0,7.325016e-14
1,0,0.0076510096
0,0,7.369779e-36
0,0,1.3482121e-36
0,0,2.2776744e-29
0,0,9.6642316e-32
0,0,6.442909e-22
1,1,0.81857467
1,0,1.028378e-07
1,0,1.6176143e-09
1,1,0.99993956
0,0,1.8898189e-25
0,0,2.331266e-25
0,0,5.460759e-19
0,0,1.0543514e-21
0,0,1.0358108e-27
0,0,6.688684e-38
0,0,2.7833283e-11
0,0,3.9422893e-22
0,0,3.2342117e-17
0,0,4.9622565e-14
1,0,0.17976609
0,0,1.5415984e-29
0,0,1.3104329e-33
0,0,0.001308045
0,0,1.6744809e-37
0,0,0.103665926
0,0,1e-45
0,0,1.3822312e-32
0,0,4.976432e-08
0,0,4.281e-42
0,0,5.0032164e-22
0,0,2.8513644e-16
0,0,1.1321765e-22
1,0,0.00027154965
1,0,1.3058507e-06
0,0,7.505803e-19
0,0,1.1162469e-11
0,0,4.227475e-37
0,0,6.697596e-15
1,1,0.99834454
0,0,0.0
1,0,1.0588954e-05
0,0,0.019422045
0,0,6.3597176e-21
0,0,6.820158e-32
0,0,1.9868974e-20
0,0,0.0036517926
1,1,0.9936527
1,0,6.29066e-14
1,1,0.6288682
1,1,0.9908529
1,0,8.22458e-05
0,0,1.1981162e-10
0,0,2.214e-42
0,0,0.00065593724
0,0,3.8768617e-23
0,0,3.17124e-35
0,1,0.94681096
0,0,1.1709079e-38
0,0,4.6983348e-20
0,0,2.4717749e-25
0,0,1.0050174e-30
0,0,6.283031e-30
0,0,1.0533903e-29
0,0,1.09369935e-29
0,0,6.821437e-31
0,0,3.0335484e-16
0,0,1.450668e-39
1,0,4.994741e-06
0,0,1.1478419e-20
0,0,1.5188003e-12
1,1,0.9672597
0,0,1.1335561e-09
0,0,3.7051014e-24
0,0,3.5364875e-15
1,1,0.9998481
0,0,6.4511055e-35
0,0,2.4852747e-34
0,0,2.2271987e-27
0,0,4.465647e-30
0,0,4.3563806e-30
0,0,9.33067e-15
0,0,4.2033416e-28
0,0,7.606836e-33
0,0,6.8196013e-09
0,0,1.3613181e-36
0,0,5.579415e-11
0,0,1.1200869e-24
0,0,3.9374687e-35
1,0,8.358327e-05
0,0,1.5466859e-24
0,0,1.2275419e-29
0,0,8.829843e-18
0,0,9.2431536e-18
0,0,2.297408e-11
0,0,2.1561205e-15
1,0,0.0037676431
1,1,0.9999695
0,0,1.4621366e-21
0,0,4.874327e-27
1,0,1.9702519e-08
1,0,0.0051070526
0,0,1.7997192e-16
0,0,2.4116013e-15
0,0,9.17042e-40
1,0,0.4269865
0,0,3.824e-42
0,0,0.03735128
0,0,1.355e-42
0,0,4.511308e-09
0,0,1.13381146e-20
0,0,2.8043762e-23
0,0,3.0009733e-25
1,1,0.99989283
1,1,0.99993896
0,0,2.6977941e-17
0,0,2.3157395e-23
0,0,2.016136e-31
0,0,8.675155e-19
0,0,5.843117e-34
1,1,0.9994103
0,0,2.5855616e-24
0,0,1.9959672e-28
0,0,4.3130374e-24
0,0,3.0862615e-23
0,0,3.11136e-29
0,0,1.1524475e-22
1,1,0.9854586
0,0,1.811627e-18
1,0,9.101027e-05
0,0,1.9181088e-09
0,0,1.0809782e-21
0,0,4.5779217e-13
1,1,0.9978915
0,1,0.9974923
1,0,0.00030895014
0,1,0.99995637
0,0,8.218292e-28
0,0,1.0234288e-31
0,0,1.9225237e-34
1,1,0.905458
0,0,0.0
1,0,0.43009555
1,1,0.9879782
0,0,1.0814497e-26
1,0,0.35576507
0,0,9.50914e-40
0,0,5.0196714e-24
0,0,0.023505902
0,0,4.494854e-23
0,0,4.2530858e-27
1,1,0.9998776
0,0,4.5468353e-29
0,0,0.0
0,0,4.5758716e-16
0,0,1.9278313e-21
1,0,0.00398486
1,0,0.0048609176
0,0,4.920926e-18
0,0,5.0206336e-37
0,1,0.77152914
0,0,8.297494e-06
0,0,4.9201013e-25
1,0,0.1341544
0,0,8.9131614e-18
0,1,0.99958426
0,0,3e-45
0,0,5.324945e-13
0,0,7.11065e-30
1,1,0.9126972
0,0,4.328533e-38
1,0,1.7446882e-11
0,0,4.8245933e-08
0,0,1.6494414e-19
0,0,4.566645e-17
0,0,1.4616745e-20
0,0,1.7406223e-12
0,0,8.1400446e-27
0,0,0.38637283
0,0,2.8092887e-07
1,1,0.76186824
0,0,4.626608e-19
0,0,1.7126102e-35
0,0,7.53677e-24
0,0,8.3130884e-17
0,0,3.832693e-21
0,0,2.6161087e-17
0,0,1.7088229e-15
0,1,0.99560237
0,0,3.1080177e-12
0,0,8.3571763e-20
0,0,3.4532946e-33
0,0,0.00014755988
1,0,4.016596e-06
0,0,3.0034686e-26
0,0,1.0109099e-19
0,0,1.5259052e-16
0,0,1e-45
1,1,0.999956
0,0,0.0
0,0,9.750354e-19
1,0,0.0068622115
0,0,4.2896394e-24
0,0,4.694582e-16
0,0,6.052548e-16
0,0,5.130068e-33
0,0,4.3610128e-33
0,0,6.046788e-13
0,0,1.9765214e-13
1,0,2.927113e-07
0,0,7.4391025e-26
0,0,5.662238e-35
0,0,6.636282e-29
0,0,2.4158266e-16
0,0,2.210662e-17
0,1,0.99846303
1,0,0.0010471516
0,0,2.6793319e-18
0,0,1.7847999e-25
0,0,1.4308713e-16
1,1,0.9998858
1,0,0.00047173616
0,0,6.049262e-05
0,0,5.7241443e-24
0,0,7.760712e-19
0,0,9.7874137e-23
0,0,5.94e-43
0,0,2.9577e-41
1,0,0.058984946
0,0,1.6629451e-16
0,0,8.105079e-23
0,0,1.3348492e-30
0,0,1.5423869e-14
0,0,1.14431454e-26
0,1,0.99242365
0,0,1.2850639e-23
0,0,1.8954676e-37
0,0,1.03389884e-22
0,0,1.4988405e-26
0,0,2.0709e-40
0,0,3.7955872e-23
0,0,1.558074e-16
0,0,1.6042216e-27
1,1,0.6847625
0,0,0.0029997758
1,0,2.4878693e-07
0,0,3.7901837e-19
0,0,2.4980738e-22
1,1,0.99937135
0,0,3.0547195e-15
0,0,6.838875e-14
0,0,5.300015e-37
1,1,0.99072635
0,0,0.0011448724
0,0,4.8808022e-27
0,0,6.840924e-10
0,0,5.9196094e-38
0,0,0.030619867
0,0,2.3394243e-34
0,0,1.5172563e-24
0,0,2.2232493e-29
0,0,1.89e-43
0,0,2.427762e-39
0,0,0.021743676
1,1,0.9993119
1,0,0.0002925776
0,1,0.9992162
0,0,2.7967888e-32
0,1,0.9483146
0,0,1.4419381e-18
0,0,5.2790125e-21
0,0,0.005379577
0,0,1.7541328e-28
1,1,0.84433675
0,0,1.03631136e-22
0,0,3.173e-42
0,0,8.549845e-28
0,0,6.394101e-25
0,0,1.3519023e-32
0,0,9.034806e-22
0,0,2.4978051e-16
0,0,1e-42
0,0,5.939252e-20
1,0,0.2450883
0,0,7.064225e-06
0,0,8.1459345e-15
0,0,7.924077e-27
0,0,4.539379e-31
0,0,2.2998281e-26
0,0,4.0529606e-24
0,0,3.6876143e-33
1,0,6.8520545e-05
0,0,1.0355166e-08
0,0,8.460548e-23
1,0,3.8212583e-08
0,0,0.0
0,0,4.4577692e-29
0,0,5.527691e-30
0,0,0.0
1,1,0.9989863
0,0,7.1536752e-12
0,0,1.8061559e-32
0,0,4.5267003e-25
0,0,1.0231365e-15
0,0,2.7766608e-20
0,0,1.0624142e-36
1,1,0.9998404
0,0,5.9409277e-09
0,0,4.6061403e-21
0,0,1.20206275e-17
0,0,0.0
0,0,1.6569e-41
0,0,0.0
0,0,4.371333e-21
0,0,2.394681e-13
1,1,0.999956
0,0,3.66395e-23
1,0,0.00011679789
0,1,0.9992223
0,0,5.916268e-12
0,0,3.8975675e-28
0,0,2.6865583e-25
0,0,1.30555e-30
0,0,4.29723e-28
0,0,2.3757591e-25
0,0,0.0
0,0,2.6532758e-09
0,0,4.279415e-21
0,0,7.654614e-23
0,0,1.139764e-15
1,1,0.9999646
0,0,2.1893727e-07
0,0,2.8103562e-35
0,0,1.3255515e-10
0,0,3.3045928e-21
0,0,5.4935833e-34
0,0,1.4861304e-22
1,0,0.07040193
0,0,1.5278352e-21
1,1,0.99999774
0,0,2.6361934e-18
0,0,1.764582e-36
1,0,0.2799894
0,0,0.0
1,1,0.99959654
1,0,1.7805718e-08
0,0,9.1288e-21
1,1,0.9814
0,0,1.9727527e-19
0,0,3.3637422e-31
1,1,0.9998616
0,0,5.21321e-22
0,0,2.5279055e-15
1,1,0.8429165
0,0,7.465533e-13
0,0,1.4687992e-30
0,0,1.2037483e-37
0,0,3.856e-42
0,0,1.0565619e-36
0,0,1.806811e-24
0,0,6.4205623e-13
0,0,3.322041e-25
0,0,3.6080325e-27
0,0,1.25e-43
0,0,7.9401924e-30
0,0,7.399406e-38
0,0,3.84274e-40
0,0,1.4286314e-21
0,0,4.4444473e-26
0,0,1.02306685e-05
0,0,3.5661688e-23
0,0,2.239326e-23
1,0,2.8740177e-09
0,0,3.4007e-41
1,0,0.0005636106
0,0,1.7066079e-15
0,0,0.09331399
1,1,0.9999982
0,0,1.3021991e-28
0,0,3.8040787e-32
1,0,0.013611601
0,0,2.4527496e-14
0,0,1.4993549e-34
0,0,8.436775e-20
0,0,2.7649166e-36
0,0,7.8333263e-16
0,0,7.534246e-15
1,0,0.0089279665
1,0,3.4696965e-05
0,0,7.487929e-19
0,0,2.739538e-23
0,0,8.714253e-13
1,1,0.9996137
0,0,3.340048e-39
0,0,8.1704636e-21
0,0,5.048561e-21
0,0,1.2540401e-25
0,0,1.4008353e-26
0,0,1.9772033e-36
1,1,0.7955981
0,0,2.5807464e-14
0,0,2.6775118e-19
1,1,0.99935764
0,0,0.04539947
0,0,1.1701e-41
0,1,0.9928254
0,0,2.607444e-22
0,0,3.382982e-30
0,1,0.956915
0,0,1.1328816e-28
0,0,1.0103159e-05
0,0,1.6115033e-18
0,0,3.228634e-13
0,0,2.8566448e-16
1,1,0.9999238
0,0,2.2440397e-29
0,0,6.78e-43
0,0,8.966918e-16
0,0,2.1e-44
0,0,0.016242787
0,0,5.326477e-25
0,0,0.0
0,0,1.0218335e-08
0,0,4.158721e-18
1,0,2.4143622e-08
1,0,5.7423864e-07
0,0,2.7403606e-33
0,0,2.7623646e-29
0,0,0.0
0,0,6.2230207e-21
0,0,2.7623773e-35
0,0,1.603264e-31
0,0,3.8e-44
0,0,0.0
1,0,2.4908919e-05
0,0,4.836846e-16
1,0,8.844112e-06
1,0,1.5421773e-06
0,0,1.4326464e-16
0,0,9.93277e-26
0,0,6.491562e-21
0,0,0.00065438094
0,0,4.833707e-06
0,0,5.511735e-21
0,0,8.6635806e-19
0,0,1.714728e-35
0,0,4.0943094e-25
0,1,0.9999883
0,0,1.7804963e-24
0,1,0.9970741
0,0,6.741752e-33
1,0,0.01805757
1,0,0.00022846571
0,0,1.8495106e-16
0,0,7.0310245e-23
0,0,1.8390083e-22
0,0,3.757506e-26
1,1,0.99997604
0,0,1.9282795e-14
0,0,3.1735547e-18
1,1,0.9994223
0,0,0.0
0,0,2.5429795e-06
0,0,1.1308373e-24
0,0,7.5090256e-30
0,1,0.99997437
0,0,1.1679149e-30
1,0,4.3288026e-05
0,0,5.530457e-29
0,0,5.121158e-38
0,0,3.3677414e-35
1,0,0.00061832764
0,0,2.3338716e-26
1,0,0.0002776257
1,1,0.999645
0,0,3.5074978e-13
0,1,0.7427295
1,1,0.94815147
0,0,9.7476856e-17
0,0,2.9084012e-16
0,0,1.796489e-08
0,0,1.9200956e-21
0,0,6.829767e-24
0,0,1.1571537e-12
1,0,0.08387265
0,0,9.666053e-29
1,1,0.9999908
0,0,0.0
1,1,0.9991516
0,0,4.0815523e-18
1,0,0.059095412
1,0,5.662997e-06
0,0,8.1290914e-08
0,0,1.4714458e-23
0,0,1.9083354e-25
0,0,8.49113e-09
0,0,2.3570653e-24
0,0,6.169446e-06
0,0,1.1464144e-29
0,0,1.1444366e-19
1,0,2.881638e-08
1,0,7.4222604e-05
0,0,8.556677e-10
0,0,8.55903e-17
0,0,6.026867e-21
0,0,1.374436e-36
0,0,9.01e-43
1,0,2.9938852e-05
0,0,8.666337e-16
0,0,7.8692183e-28
0,0,6.444187e-22
0,0,1.6804444e-30
0,1,0.9982956
1,1,0.9996644
0,0,7.122461e-22
0,0,5.9497176e-31
0,0,1.2782377e-17
1,1,0.9981482
0,0,3.452557e-33
0,0,3.9634036e-20
0,1,0.9998578
0,0,0.0
0,0,0.0
1,0,0.0007184131
0,0,1.484763e-07
0,0,8.93454e-18
0,0,1.6512436e-17
0,0,9.051965e-19
0,0,1.2719374e-19
0,0,2.4916212e-37
1,0,3.62094e-06
0,0,1.9505343e-13
0,0,2.489033e-18
0,0,2.1038058e-22
0,0,0.0
0,0,8.3871893e-22
0,0,1.6452562e-19
1,1,0.9999306
1,0,0.0004367753
0,0,8.081295e-06
0,0,0.012984398
0,0,1.2277306e-12
1,0,0.22600804
0,0,9.455189e-36
0,0,1.6493268e-28
1,1,0.98648965
0,0,1.6669769e-25
0,0,1.7922747e-28
0,0,1.0231441e-23
0,0,0.0
0,0,1.5168281e-24
0,0,3.153056e-16
0,0,6.689954e-17
0,0,1.19561455e-17
0,0,2.4429e-41
0,0,0.0
0,0,4.7588303e-29
0,0,1.2147602e-13
1,0,0.0075542987
0,0,0.060543586
1,0,0.06417613
0,0,1.060745e-15
0,0,5.6417287e-22
0,0,6.356169e-16
0,0,4.1437815e-21
0,0,1.2958395e-38
0,0,1.2642222e-05
0,0,2.807341e-23
0,0,0.0
0,0,2.785436e-34
0,0,1.8117112e-24
0,0,2.871635e-31
0,0,1.1001254e-31
1,0,0.012910952
0,0,0.0
0,0,3.9465133e-09
0,0,0.0
0,0,1.0777388e-34
1,1,0.5847308
1,1,0.9999982
1,1,0.98054725
0,1,0.98711085
1,1,0.9968514
0,0,2.9617077e-22
0,0,8.584739e-23
0,0,2.4118265e-19
0,0,2.7458234e-25
0,0,2.4872902e-15
0,0,3.932839e-08
1,1,0.9999862
0,0,4.017502e-13
0,0,3.4471474e-11
1,0,0.00047173616
0,0,2.1963852e-28
0,0,5.385962e-15
0,1,0.99753773
0,0,5.181476e-19
0,1,0.99817526
0,0,2.3001048e-22
0,0,3.022658e-22
0,0,4.775143e-21
0,0,3.727072e-10
0,0,1.5248582e-23
0,0,1.1386252e-23
0,0,1.5491441e-14
0,0,5.3044865e-29
0,0,1.9005286e-22
0,0,9.9688094e-23
0,0,6.7349446e-13
0,0,0.0
1,0,0.17141505
0,0,3.2213765e-35
0,0,6.337479e-23
0,0,3.773955e-18
0,0,0.4901079
0,0,1.0511155e-12
1,0,0.013417212
1,0,8.9202236e-05
0,0,1.1036391e-24
1,1,0.9815819
0,0,2.7720166e-06
1,1,0.9999776
0,0,1.2998115e-36
0,0,1.5092455e-07
1,0,7.750222e-08
0,0,1.0342735e-37
0,0,1.935491e-25
0,0,1.2142272e-21
0,0,1.2326603e-06
1,0,1.32109035e-08
0,0,3.5686443e-16
1,0,0.0007338861
0,0,4.2078303e-22
1,0,5.7423864e-07
1,0,0.26225767
0,0,2.158091e-19
0,0,4.2323522e-35
0,0,1.6446257e-30
0,0,2.63033e-39
0,0,1.3438236e-11
1,0,1.0806559e-07
0,0,1.2732093e-19
0,0,0.0
0,0,0.008398534
0,0,7.431116e-23
0,0,2.5335365e-09
0,0,6.290961e-10
0,0,7.271666e-16
0,1,0.87216794
0,0,4.377718e-31
0,0,0.0
1,0,0.0006142591
0,0,0.000101434554
0,0,8.742548e-22
1,0,0.007647372
1,1,0.99785894
0,0,2.205433e-23
0,0,1.5388819e-24
0,0,1.8511552e-31
1,0,2.2944027e-12
0,0,2.2639953e-30
0,0,4.8039215e-20
0,0,1.0058096e-26
0,0,7.283129e-24
0,0,2.8826989e-08
1,1,0.9915971
0,0,9.822057e-21
0,0,1.5616943e-13
0,0,1.2894558e-20
1,0,3.8510297e-12
0,0,0.0
0,1,0.8969001
0,1,0.6448056
1,0,0.03255401
0,0,1.0698336e-11
0,0,1.1034167e-30
0,0,2.6745644e-32
0,0,6.544072e-29
0,0,7.1891974e-16
0,0,3.2502042e-24
0,0,2.322841e-33
0,0,6.133565e-26
0,0,6.4542904e-32
1,0,0.084790416
0,0,6.8657214e-36
1,1,0.9999745
0,0,3.6025995e-35
0,1,0.99389076
0,0,1.6715188e-23
0,0,2.2729707e-36
0,0,7.483542e-16
0,0,1.0920244e-27
1,0,1.9926858e-08
0,0,3.2956078e-19
0,0,1.2360945e-36
1,0,1.2697802e-05
0,1,0.99962723
0,0,2.812179e-35
1,1,0.99693227
0,0,5.064843e-13
0,0,3.6506098e-17
0,0,1.3179963e-13
1,0,1.7800272e-06
0,0,8.8633136e-08
0,0,3.994676e-18
0,0,1.1174273e-18
0,0,1.4562856e-22
1,1,0.9999919
0,0,4.830636e-22
1,1,0.8751242
0,0,9.722354e-18
0,1,0.99606234
0,0,7.0785666e-26
1,0,0.01678346
0,0,2.9524094e-17
0,0,1.0471954e-38
0,0,7.398535e-37
0,0,2.47887e-40
1,1,0.9807793
0,0,3.7881375e-05
0,0,3.422864e-35
0,0,2.1826515e-30
0,0,1.3259904e-19
1,1,0.99983513
0,1,0.96843374
0,0,1.2917684e-22
0,0,3.3061757e-32
0,0,1.3731567e-22
0,0,2.0064136e-25
0,0,1.6202458e-12
0,0,1.1601708e-30
0,0,6.0456116e-28
0,0,0.0
0,0,7.339666e-08
0,0,2.2645658e-37
0,0,1.0057819e-20
1,1,0.99993455
0,1,0.99936754
0,0,1.2760678e-20
0,0,3.9054396e-21
0,0,2.141e-42
0,0,5.40813e-39
0,0,0.0
0,0,4.239e-42
0,0,1.2673766e-24
0,0,0.014993141
1,0,0.019346477
0,0,1.115792e-25
0,0,0.05606378
0,0,7.918962e-14
0,1,0.99909234
1,1,0.89561826
0,0,5.052332e-23
0,0,0.0
0,0,6.2386005e-25
0,0,4.3686777e-38
0,1,0.9870228
0,0,7.855754e-20
1,0,0.04981864
0,0,1e-45
0,0,5.8403596e-32
0,0,6.635087e-07
0,0,4.5932565e-23
0,0,5.2203117e-23
0,0,5.179981e-24
0,1,0.9919051
0,0,1.2937474e-20
0,0,1.5923581e-18
0,0,2.22306e-40
0,0,6.0303977e-32
0,0,0.0
0,0,2.3923407e-08
0,1,0.8596446
0,0,6.957483e-18
0,0,2.1078212e-38
0,0,5.236291e-29
0,0,5.3753626e-33
0,1,0.992698
0,0,2.2541606e-24
1,1,0.9815819
0,0,2.2550364e-06
1,0,0.17976609
1,0,0.12294037
0,0,1.8721925e-36
1,0,0.042965725
0,0,1.4394053e-17
0,0,3.4930717e-31
0,0,4.773811e-22
0,0,1.5219633e-24
0,0,3.811985e-30
0,0,3.040832e-26
0,0,3.089534e-32
0,0,2.0107072e-37
0,0,0.0
0,0,4.0346942e-10
0,0,3.183422e-27
0,0,2.1704883e-22
0,0,9.475073e-08
0,0,6.848629e-24
0,0,0.0
0,0,2.287052e-21
1,0,0.010351119
0,0,6.995638e-28
0,1,0.9999746
0,0,2.8362084e-13
1,1,0.99982136
0,0,8.3892e-08
1,0,2.3687044e-06
0,0,0.0
0,0,8.66288e-09
0,0,1.2532311e-19
0,1,0.99941325
0,0,5.2108822e-30
0,0,5.573229e-17
0,0,3.1989715e-17
0,0,0.0
0,0,2.6175034e-19
0,0,1.1396623e-18
0,0,2.8866284e-30
0,0,3.733405e-32
0,0,1.3604677e-12
0,0,6.852299e-21
1,0,6.884853e-10
0,0,3.6222934e-19
0,0,6.790128e-38
1,0,8.8286324e-05
0,0,9.5817394e-26
1,1,0.99999607
0,0,1.6267535e-25
0,0,6.321526e-21
0,1,0.998934
0,0,6.608882e-26
0,0,0.0007560487
1,1,0.7024343
0,0,6.930336e-17
0,0,1.0621142e-06
0,0,2.8657228e-18
1,1,0.9998759
1,0,0.01326632
1,1,0.5847308
0,0,1.6883811e-21
1,0,2.1899586e-06
0,0,1.4882245e-21
0,0,1.246659e-14
0,0,5.670823e-19
0,0,0.0063913907
0,1,0.85396934
0,0,1.4669241e-29
0,1,0.9998165
0,0,0.0061913477
1,0,3.897736e-18
0,0,4.0640426e-18
1,1,0.999044
1,0,0.0005254601
0,0,5.3630678e-20
1,1,0.9999776
0,0,0.35488608
1,0,1.5435326e-05
0,0,6.661967e-32
1,1,0.9844663
0,0,1.3562753e-35
1,1,0.99954504
0,0,6.0968194e-20
0,0,2.8738362e-32
0,0,0.009427607
0,0,1.1845641e-33
0,0,8.6625256e-11
0,0,5.151984e-14
0,0,3.9710227e-13
1,0,0.01376103
0,0,2.4255675e-17
0,0,6.2211508e-12
1,1,0.9909219
0,0,3.8393666e-28
0,0,0.0
0,0,8.431257e-24
0,1,0.9959086
0,0,1.0614487e-16
1,1,0.99851793
0,0,4.259317e-05
0,0,2.0257973e-37
1,0,1.6998575e-07
1,1,0.99815375
0,0,6.6735397e-17
0,0,5.455401e-29
0,0,8.8492885e-13
0,0,1.7171441e-27
0,0,7.168689e-15
0,0,0.0
0,1,0.99911517
0,0,2.1587903e-12
1,1,0.9997222
1,0,0.09195786
0,0,7.0442645e-29
0,0,5.143816e-21
0,0,2.0177944e-12
1,0,1.7446882e-11
1,0,9.367592e-06
0,0,1.095467e-19
0,0,8.757102e-07
0,0,6.9215013e-35
1,0,0.00024939893
1,1,0.9969054
0,1,0.78257143
0,0,0.0
0,1,0.99996316
1,1,0.9815819
0,0,7.248793e-30
0,0,2.3429896e-25
0,0,1.3007212e-18
1,1,0.89468807
0,0,1e-45
0,0,4.0201103e-27
0,0,2.4576153e-25
0,0,8.8859116e-38
0,0,0.0
0,0,0.15945865
0,0,2.1478173e-26
0,0,1.0965995e-20
0,0,1.9099324e-38
0,0,7.781607e-20
0,0,1.4928303e-28
0,0,3.451774e-14
0,0,2.6249655e-17
0,0,4.5e-44
1,0,0.35437992
0,0,1.00572666e-23
1,1,0.908823
0,1,0.9997062
0,0,2.8800523e-14
0,0,0.0
0,0,2.6731593e-15
0,0,0.0
0,0,5.0171755e-05
0,0,0.00015065615
0,0,1.6537147e-17
0,0,1.3314764e-24
0,0,5.94369e-14
0,0,3.3539714e-28
0,1,0.9998307
0,0,1.5196703e-11
1,1,0.9999387
0,0,1.5473547e-14
0,0,3.1809051e-37
0,1,0.5718886
1,0,0.0002925776
0,0,1.1409043e-14
0,1,0.9998883
0,0,1.1607791e-27
1,1,0.99998784
0,0,1.7265979e-17
1,0,0.0075542987
1,0,1.8218365e-05
0,0,1.9320853e-15
0,0,3.98684e-31
0,1,0.99986935
0,0,2.338585e-27
0,0,0.0
0,0,1e-45
1,0,3.6524063e-06
0,0,9.688444e-25
0,0,5.9124943e-07
0,0,1.3790492e-06
0,0,1.6670937e-07
0,0,0.080444835
0,0,3.734446e-24
0,0,1.7674079e-25
0,0,6.70946e-23
0,0,7.28795e-28
0,0,4.898927e-22
0,0,0.0
0,0,3.618387e-33
0,0,1.4433175e-28
0,1,0.9986798
0,0,1.7456375e-18
0,0,1.9973693e-20
0,0,8.3377267e-26
0,0,2.9539962e-18
1,0,0.010351119
1,0,0.0021920663
1,0,0.018988755
1,1,0.98308104
0,0,6.323735e-24
1,0,0.0002925776
1,0,0.0050659915
0,1,0.9953549
0,0,2.222373e-24
0,0,0.0
0,0,1.3553174e-29
0,0,6.6252896e-26
0,0,7.6901724e-16
0,0,1.1165146e-27
0,0,0.00026290148
0,0,8.006805e-30
0,0,3.9828137e-15
0,0,1.2026359e-05
0,0,5.6085697e-13
0,1,0.6193428
1,0,2.2490991e-07
0,0,2.459e-42
1,0,0.075295374
0,0,2.6658622e-27
0,0,4.7892543e-32
0,1,0.99961346
0,0,8.839023e-30
0,0,9.137967e-20
0,0,3.8596148e-29
0,0,2.511351e-25
0,0,2.0714706e-25
0,0,2.0480408e-17
0,0,6.3846805e-29
0,0,7.1974014e-31
0,0,1.8672338e-23
1,0,8.444966e-05
1,1,0.99998605
1,1,0.9993383
0,0,6.9557513e-35
0,0,9.122881e-21
0,0,2.0423703e-23
0,0,1.5766425e-26
0,0,1.8521233e-23
1,0,0.00024901424
0,0,4.5631247e-33
1,0,0.0005272754
0,0,1.1707448e-12
0,0,0.0
0,0,2.633888e-28
1,0,1.9369429e-05
1,0,3.2503795e-08
0,0,3.2229147e-07
0,0,6.547069e-10
0,1,0.99991953
0,0,4.5516806e-35
0,0,3.3183956e-31
0,0,4.9251e-41
0,0,1.823747e-11
1,0,1.715361e-05
0,0,4.4819967e-06
0,0,3.002772e-17
0,0,4.5586883e-18
0,0,4.0980947e-08
0,0,4.502113e-08
1,0,3.897736e-18
0,0,1.7357269e-22
1,0,1.6849716e-09
0,0,2.7655314e-34
0,0,8.392832e-27
1,0,0.013479064
0,0,7.0511617e-25
0,0,4.156089e-25
0,0,2.1699402e-31
0,0,0.0
0,0,5.1491287e-09
0,0,4.6e-44
0,0,8.6405513e-17
0,0,9.636356e-26
0,0,1.5750287e-22
0,0,3.5491337e-07
0,0,3.714249e-36
1,1,0.9844663
0,0,7.8087783e-22
1,0,0.0013396465
0,0,9.032917e-28
0,0,5.3280746e-28
0,0,3.453919e-30
0,0,6.5879214e-24
0,0,3.2403175e-36
0,0,1.8313515e-20
1,0,0.0034413096
0,0,0.00020211923
0,0,1.7381585e-37
0,0,1.3942866e-21
0,0,5.830528e-37
1,1,0.9986929
0,0,5.3384804e-17
0,0,3.9125116e-19
0,0,3.4310057e-29
0,0,0.0
0,0,1.8057725e-37
0,0,8.292338e-18
0,0,7.442465e-30
0,0,1.08113605e-19
1,0,7.4222604e-05
0,0,3.5689182e-30
0,0,2.267576e-28
0,0,0.0
0,0,7.4775726e-25
0,0,0.00010304737
0,0,2.5627581e-26
0,0,2.4261059e-23
0,0,0.0
1,0,0.3602983
0,1,0.72470874
0,0,2.781953e-06
0,0,7.6359716e-17
0,1,0.9988311
0,0,1.8267484e-18
0,0,8.4939203e-23
0,0,9.132026e-07
1,1,0.99815375
0,0,0.0
0,0,1.3859389e-15
0,0,0.0
0,0,7.085758e-17
0,0,7.202915e-18
0,0,9.96545e-18
0,0,9.648247e-39
0,0,1.7594576e-24
0,0,3.6735784e-12
0,0,1.2222765e-28
0,0,5.789092e-07
0,0,1.3231935e-38
0,0,1.0951284e-34
1,0,0.17638785
1,0,0.00059325004
0,0,3.4289534e-13
0,0,0.19931793
0,1,0.9994685
0,0,6.708175e-32
0,0,8.7596985e-24
0,0,1.4711035e-23
0,0,6.606314e-25
0,0,9.858923e-28
0,0,8.390895e-31
0,0,1.9248141e-18
0,0,1.6200924e-22
1,1,0.99976224
0,0,1.1698537e-24
0,0,8.370214e-15
1,1,0.9462057
0,0,2.500068e-07
0,0,8.911557e-12
0,0,3.0944054e-13
0,0,1.4545819e-21
0,0,3.2807738e-16
0,0,3.41712e-40
0,0,6.228919e-26
0,0,1.9556209e-30
0,0,3.9373988e-25
0,0,2.671039e-23
0,0,8.478774e-37
0,0,1.4834215e-24
0,0,4.625124e-12
1,0,0.00047474637
0,0,7.4199894e-29
0,0,2.6517236e-27
0,0,6.1795557e-24
0,0,9.481742e-35
0,0,4.7458188e-27
0,0,5.0878894e-27
0,0,1.7998704e-05
0,0,2.1640017e-19
0,0,4.1815675e-24
0,0,1.1352061e-18
0,0,3.648603e-18
0,0,9.416651e-11
0,0,1.5370262e-19
0,0,4.094835e-20
1,0,0.00023493863
0,0,1.7117069e-37
0,0,3.3956003e-23
0,0,5.8737694e-22
0,0,0.0
0,0,4.725683e-09
0,0,0.4975357
1,1,0.83920556
1,0,2.1899586e-06
1,1,0.9999685
1,0,0.00047474637
0,0,2.702113e-37
0,0,1.7236942e-34
1,0,0.23806684
0,0,8.086298e-24
0,0,0.13951935
0,0,6.424111e-14
0,0,3.1643063e-26
1,0,0.025462989
0,0,4.9e-44
1,0,3.3821136e-05
0,0,9.562653e-39
0,0,2.9218093e-18
0,0,3.6226366e-09
0,0,2.6420557e-05
0,0,0.0
0,0,1.763187e-16
0,0,0.0010394467
0,0,6.81985e-16
0,0,4.932839e-19
0,0,4.7358636e-38
0,0,4.373787e-20
1,0,1.4947545e-05
0,0,2.5300992e-27
0,0,1.4054389e-33
0,0,3.9902175e-31
0,0,5.440503e-13
0,0,1.2602543e-34
0,0,2.6813386e-31
0,0,3.4578998e-23
0,0,4.0515868e-08
0,0,1.5759574e-18
0,0,7.186716e-27
0,0,1.0999589e-21
0,0,0.02982915
0,0,2.530242e-21
0,0,5.597968e-24
0,0,4.574294e-34
0,0,1.5971456e-07
1,0,0.014564869
0,0,6.7787756e-28
0,0,1.0954549e-18
0,0,9.172262e-07
0,0,1.4561452e-24
1,0,1.715361e-05
0,0,0.0002526083
0,0,0.0024550194
1,0,1.1074658e-05
0,0,3.3397615e-13
0,0,1.6328503e-20
0,0,1.842218e-21
0,0,3.4276668e-12
1,0,5.885479e-14
0,0,2.1216384e-17
0,0,2.7840266e-24
0,0,3.1222475e-31
0,0,2.0960562e-25
0,0,1.0219393e-22
0,0,1.0887374e-14
1,0,7.798631e-06
0,0,1.7115347e-25
0,0,0.4037944
1,0,0.00022846571
0,0,3.0410203e-17
0,0,1.7185865e-26
0,0,2.8383533e-06
1,1,0.8873434
0,0,1.1629357e-30
0,0,1.10098606e-16
0,0,2.0636068e-18
0,0,0.0
0,0,1.7346491e-13
0,0,1.432629e-32
0,0,5.2e-44
0,0,6.801006e-26
0,0,2.2967836e-13
0,0,7.834014e-31
0,0,5.4688103e-25
0,0,3.969107e-13
0,0,1.9641862e-25
0,0,7.1707334e-17
0,0,1.0306006e-34
0,0,4.43091e-31
0,0,3.108814e-26
0,0,4.4758553e-26
1,0,7.883502e-06
0,0,2.856937e-10
0,0,0.0
0,0,6e-45
0,0,0.0
0,0,7.007092e-14
1,0,3.62094e-06
0,0,0.00016891927
0,0,5.4459495e-05
0,0,4.265852e-22
0,0,4.56658e-40
1,0,0.0029021502
1,0,1.5082401e-05
0,1,0.9969819
0,0,3.5893784e-11
0,0,5.674558e-37
0,0,0.0
0,0,1.9899878e-17
0,0,7.767508e-23
0,0,7.1558325e-19
0,0,2.3394243e-34
0,0,1.6490546e-15
0,0,2.9313517e-20
0,0,0.0016272856
0,0,2.2915082e-19
1,0,8.509566e-07
0,0,1.30165205e-14
0,1,0.990785
1,0,0.42489088
1,0,0.044635452
0,0,2.44599e-25
1,0,2.6475452e-06
1,0,1.4094242e-05
1,0,0.00093128893
0,0,1.639101e-23
0,0,7.4891265e-27
0,0,5.101512e-20
0,0,2.1e-44
1,0,0.03435366
1,1,0.99971455
0,0,2.552184e-25
0,0,2.8921201e-28
0,0,5.978e-11
0,0,1.2414727e-20
0,0,4.0073336e-38
0,0,7.433843e-14
1,0,3.3422302e-07
0,0,1.7748488e-30
1,1,0.99072635
0,0,1.3367959e-30
1,1,0.99851793
0,0,3.0934145e-24
0,0,1.8483834e-37
0,0,6.1061124e-33
0,0,0.00038299282
1,1,0.9999279
0,0,5.256622e-07
0,0,4.138469e-23
0,0,1.3600536e-18
0,0,1e-45
1,0,0.017249623
0,0,7.8223536e-08
0,0,8.8663155e-21
0,0,6.291046e-21
0,0,5.4006913e-23
0,0,5.9911417e-25
0,0,6.069797e-31
0,0,6.225957e-16
0,0,2.0508557e-24
0,0,3.4744253e-13
0,0,3.2119436e-18
0,0,1.1702524e-14
0,0,3.1878008e-32
1,0,1.385607e-05
0,0,1.39348e-19
0,0,3.319683e-11
1,0,5.128093e-07
0,0,3.2375388e-28
0,0,6e-45
0,0,1.6175054e-29
1,0,8.630446e-06
0,0,2.2e-44
0,1,0.99981314
1,1,0.9908529
1,1,0.9967719
0,0,1.0168394e-18
1,0,0.00017435587
0,0,1.9073378e-33
0,0,0.003283189
0,0,3.775006e-18
0,0,0.0
0,0,2.5287541e-30
0,0,5.3344645e-19
0,0,6.604174e-17
1,1,0.9993968
1,0,0.0005630165
0,0,9.049052e-14
0,0,3.949912e-34
0,0,2.775e-41
0,0,2.7514939e-34
0,0,1.5975339e-28
0,0,3.5940176e-29
1,0,2.1647215e-06
1,0,1.4115328e-07
0,0,1.2617369e-25
0,0,4.9416018e-17
0,0,4.67379e-40
0,0,4.102078e-18
1,1,0.99991894
0,0,0.3200934
0,0,5.5092584e-12
0,0,1.888975e-33
0,0,2.0047248e-23
1,1,0.84647936
0,0,2e-44
0,0,1.10840614e-10
0,0,4.3580858e-33
0,0,4.317244e-20
1,0,0.07716881
0,0,8.78834e-26
0,0,4.2996763e-07
0,0,2.236063e-25
0,0,2.0051363e-17
0,0,1e-45
0,0,2.2506019e-33
0,0,1.3760666e-30
0,0,1.3124003e-16
0,0,3.68668e-21
0,0,0.0
0,0,4.7489626e-15
0,0,5.994264e-28
0,0,2.7189483e-07
1,0,0.03080795
0,0,9.1948373e-32
0,0,1.3116815e-07
0,0,1.7808433e-12
0,0,1.7183919e-16
0,0,1.5887432e-24
0,0,9.074274e-17
0,0,7.64647e-16
0,0,1.058924e-33
0,0,1.2162075e-27
0,0,7.9289897e-16
0,0,5.0405646e-10
0,0,3.4472253e-34
1,0,3.8510297e-12
0,0,4.2199886e-07
0,0,1.202142e-15
0,0,1.9517003e-23
1,0,0.024841554
0,0,4e-44
0,0,3.989666e-14
1,1,0.9999995
0,0,8.04816e-40
0,0,1.132461e-38
1,1,0.9339326
0,0,5.162126e-25
0,0,3.5125298e-22
1,0,0.00044750242
0,0,5.170241e-08
0,0,2.5166946e-31
1,0,6.80376e-10
0,0,2.9706574e-30
0,0,6.106784e-08
0,0,4.5938526e-07
1,1,0.97741985
0,0,8.1777244e-22
0,0,6.289525e-24
0,0,3.3501094e-28
0,0,0.0
0,0,7.9061e-15
0,0,6.562219e-22
0,0,2.4710885e-31
0,0,0.0
0,0,9.451377e-34
0,0,1.4069093e-17
1,1,0.99852705
0,0,9.8252546e-26
0,0,0.00036260975
0,0,8.295892e-23
0,0,1.9249409e-31
0,0,2.937337e-22
0,0,3.193844e-21
1,0,3.5339055e-11
0,0,8.846677e-06
0,0,3.7798772e-10
0,0,4.543206e-24
0,0,4.0937296e-26
0,0,3.926484e-30
0,0,1.3204497e-24
0,0,1.4662196e-36
0,0,4.239708e-26
0,0,2.8137639e-30
0,0,6.477738e-35
0,0,5.577459e-18
0,0,1.5e-44
0,0,6.434805e-29
0,0,7.3977845e-34
0,0,5.617213e-19
0,0,5.847462e-35
1,0,4.986742e-07
0,0,6.911e-41
1,0,1.5173681e-05
0,0,0.0
0,0,9.6821946e-26
0,0,1.87922e-20
1,1,0.99884284
0,0,3.612911e-18
0,0,5.004642e-17
0,0,4.9136327e-24
0,0,0.47307396
0,0,7.282831e-37
0,0,1.9503682e-23
0,0,2.4765884e-25
0,0,4.880203e-36
1,0,1.9926858e-08
1,1,0.97115874
1,0,8.542614e-06
0,0,1.7278393e-29
0,0,7.7943624e-10
0,0,1.1912244e-06
1,0,0.0017627833
1,1,0.9998735
0,0,1.5311877e-24
0,1,0.9956825
0,0,1.021385e-31
0,0,1.3002654e-17
0,0,1.14376115e-32
0,0,3.9362814e-13
1,1,0.99987185
0,0,4.7002854e-14
0,0,4.2888093e-22
0,0,1.1416833e-22
1,0,0.00061832764
0,0,1.2180156e-09
0,0,6.253126e-20
0,0,8.818e-41
1,0,1.9160283e-05
0,0,5.006943e-13
0,1,0.54857284
1,0,5.1930074e-05
1,1,0.8204067
0,0,5.1116688e-17
0,0,1.04543186e-22
0,0,2.1301778e-17
0,0,1.503511e-29
0,0,1.5065777e-13
0,0,2.9215248e-22
0,0,4.928146e-05
0,0,1.88e-43
1,0,3.615424e-05
0,0,4.65923e-20
0,1,0.99875605
0,1,0.9978283
0,0,2.9148038e-35
0,0,2.4686515e-21
0,0,9.864752e-21
0,0,0.0
0,0,2.4109235e-09
1,1,0.9465536
0,0,2.7741262e-23
0,0,0.09722393
0,0,0.0
0,0,7.806824e-19
0,0,9.9827e-41
0,0,2.526961e-22
0,0,7.1457235e-16
0,0,0.0
0,0,1.0740345e-31
0,0,3.476083e-24
0,0,0.025488732
0,0,1.04619486e-20
1,0,5.161472e-07
0,0,3.569778e-14
0,0,5.018026e-16
1,0,2.7377226e-05
1,0,9.612945e-16
0,0,1.1192393e-20
0,0,1.0222567e-19
0,0,3.6280805e-23
0,0,0.0
1,0,0.003310279
1,0,4.67418e-14
0,0,0.0
0,0,2.219755e-24
0,1,0.9999925
0,0,2.5639727e-32
0,0,9.85079e-23
0,0,1.4542016e-10
0,0,0.00019639789
0,0,0.000121374076
1,1,0.99975044
0,0,6.0665034e-33
0,0,2.8403332e-32
0,1,0.9704785
1,0,0.01678346
1,1,0.9999546
0,0,4.543017e-16
0,0,2.7124487e-31
0,0,2.171767e-19
0,0,4.6667432e-17
0,0,2.504444e-10
1,1,0.9429229
0,0,1.0164113e-36
0,0,0.0
0,0,2.5630813e-33
0,0,1.8767609e-37
0,0,4.742085e-22
0,0,1.3738057e-23
0,0,2.028084e-09
0,0,4.1737883e-10
0,0,7.873061e-21
0,0,5.3155334e-26
0,0,2.3971006e-30
1,0,4.3476636e-08
0,0,1.3609988e-32
0,0,5.3731226e-20
0,0,6.3030165e-26
0,0,2.7216345e-29
0,0,8.22e-42
0,0,3.8621846e-14
0,0,0.0
0,0,1.2748063e-22
0,0,3.0323014e-37
0,0,2.4689553e-19
0,0,1.5598128e-28
0,0,4e-45
0,0,3.6789927e-15
1,0,0.13581243
0,0,2.6305163e-19
0,0,1.1765644e-28
1,1,0.999816
1,0,0.00044392818
1,0,7.1213555e-07
1,0,8.4922874e-11
0,0,9.955801e-25
0,0,0.0
0,0,1.3013068e-33
0,1,0.81019694
1,1,0.9999274
0,0,3.4861152e-28
0,0,1.4992397e-20
0,0,1.5086339e-24
0,0,4.9711256e-28
0,0,1.4272145e-22
0,0,1.2405695e-26
1,0,0.0048788083
0,0,7.9387293e-25
0,0,1.18e-43
0,0,1.9869266e-36
0,0,6.7684193e-34
0,0,4.375924e-27
0,0,1.2386493e-19
1,0,0.01714282
0,0,0.0
0,0,3.2235252e-29
0,0,2.1911314e-19
0,0,1.447e-41
0,0,0.0025718426
0,0,1.2580063e-08
1,1,0.878894
0,0,1.9645786e-15
0,0,2.4806403e-21
0,0,3.5195326e-36
0,0,8.303238e-23
1,0,0.00015930392
1,0,0.00013230792
0,0,3.5676316e-34
0,0,1.3985959e-29
1,0,0.0037676431
1,0,4.994741e-06
0,0,3.5823938e-23
1,0,0.08016415
1,0,2.3403478e-08
1,0,0.00037996133
1,0,0.3617677
0,0,1.3784701e-19
0,0,1.745316e-20
0,0,3.8007012e-16
0,0,6.115602e-25
0,0,3.9959084e-19
0,0,2.8428553e-12
0,0,2.8255907e-26
0,0,0.0
0,0,1.4794573e-20
0,0,3e-45
0,0,1.0904761e-34
1,0,0.36281228
0,0,0.0
0,0,2.817155e-39
0,0,1.481885e-14
0,0,1.3387439e-32
0,0,1.3620509e-28
0,0,1.3808555e-17
0,0,7.039653e-34
0,0,1.3334615e-20
0,0,2.0540256e-10
1,0,0.00398486
0,0,1.4659523e-12
0,0,3.461652e-05
0,0,6.003657e-17
0,0,2.2288369e-29
0,0,3.8345736e-24
1,1,0.96189606
0,0,9.153234e-38
1,0,0.104033664
0,0,1.5155373e-18
0,0,1.54e-43
0,0,2.2285992e-36
0,0,7.207526e-27
0,0,4.7642627e-21
0,0,3.2877748e-25
1,0,0.037022755
0,0,1.4449391e-33
1,0,0.026673837
0,0,8.272308e-18
1,0,0.00015171921
0,0,3.2643328e-31
0,0,6.900482e-22
0,0,0.020673728
0,0,1.0277808e-13
0,0,1.2666666e-16
0,0,4.3909927e-26
0,0,1.61839e-19
0,0,0.0
0,0,4.8525625e-28
0,0,4.5366424e-24
0,0,4.52311e-25
0,0,2.7978457e-24
0,0,1.2446352e-28
1,1,0.97616744
0,0,1.8961241e-16
0,0,1.7200324e-30
0,0,1.8913074e-37
0,0,1.2456506e-30
1,0,0.0002540849
0,0,1.9338962e-18
0,0,7.464879e-13
1,1,0.9969054
0,0,3.3967256e-09
1,1,0.9999919
0,0,8.413227e-25
0,0,1.4132361e-23
0,0,6.284678e-17
0,0,8.2726104e-36
0,0,1.4130731e-17
0,0,7.798965e-12
0,0,1.0889506e-19
0,0,4.5398613e-17
0,0,4.3451906e-24
0,0,0.001800669
1,1,0.76186824
1,1,0.9999932
0,0,4.399202e-21
0,0,1e-45
0,0,1.7626005e-25
0,0,1.5479801e-37
0,0,2.181928e-22
1,0,1.3127885e-05
0,1,0.99804187
0,0,9.052243e-11
0,0,1.7698133e-36
0,0,3.0700627e-27
1,1,0.98308104
0,0,5.025276e-35
0,0,6.661967e-32
1,0,1.6120537e-05
0,0,1.7853174e-10
0,0,0.0
0,0,6.277863e-28
0,0,2.196469e-09
0,0,1.0781462e-26
0,0,4.4589902e-23
0,0,2.4836412e-29
0,0,0.0
0,1,0.98543465
0,0,3.7047193e-17
0,0,2.8414003e-21
0,0,3.8595893e-12
0,0,2.0638906e-25
0,0,2.2901839e-23
0,0,8.620688e-12
0,0,1.75e-42
0,0,1.667493e-24
0,0,5.0249885e-20
0,0,5.8704503e-31
0,0,6.9473166e-28
0,0,7.107958e-17
0,0,8.3571763e-20
0,0,7.009734e-38
0,0,0.0
0,0,1.2147149e-19
1,1,0.99856144
0,0,4.0431273e-30
0,0,3.7752373e-25
0,0,1.1001077e-10
0,0,2.4228145e-22
0,0,6.5158758e-21
1,0,0.00027154965
0,0,3.2500614e-13
0,0,5.0422493e-28
0,0,1.6854343e-28
0,0,1.1831397e-21
0,0,1.1278045e-24
0,0,8.14e-43
0,0,1.986401e-39
0,0,1.1472759e-37
0,0,1.2161098e-20
1,0,0.088618204
0,0,2.3364878e-21
0,0,5.1828884e-12
1,0,0.002386335
0,0,2.4747386e-09
0,0,7.156794e-10
0,0,3.4720163e-23
1,0,2.219806e-09
0,0,1.9281433e-18
0,0,0.002680598
1,0,4.7018875e-06
0,0,6.0799057e-22
0,0,4.233854e-20
0,0,3.3770839e-06
0,0,0.0
0,0,1.687362e-08
0,0,2.3284728e-27
1,0,6.2027735e-12
0,0,2.835503e-26
0,0,3.5291338e-20
0,0,2.1706975e-35
0,0,3.5725386e-13
1,0,1.6434702e-06
1,0,4.143539e-06
0,0,1.0135691e-14
1,1,0.999964
1,0,0.00043718435
0,0,6.3154997e-21
1,0,2.1300742e-05
1,1,0.986108
0,0,1.5095541e-10
0,0,0.002365946
0,0,8.481133e-06
0,0,2.774029e-32
1,1,0.99762934
0,0,1.466418e-10
0,0,7.0163144e-23
0,0,2.114235e-27
0,0,2.417704e-26
1,0,0.009510998
0,1,0.99048144
0,0,2.6368544e-20
0,0,5.1714236e-12
0,0,1.5133938e-33
0,0,1.876812e-21
0,0,1.0851899e-18
0,0,2.183e-42
0,0,4.3747657e-30
0,0,1.692335e-27
0,0,1.1921439e-10
0,0,1.4386106e-23
0,0,0.0
0,0,8.169043e-18
0,0,8.324583e-23
1,0,3.6636884e-06
0,0,1.1466315e-13
0,0,1.4689606e-07
1,1,0.9999267
1,0,0.02584552
1,0,0.06326132
0,1,0.9926354
0,0,2.5856435e-22
0,0,1.6698219e-25
0,0,1e-45
0,0,1.9723986e-27
1,1,0.55258
0,0,4.9426133e-05
0,0,2.8854554e-06
0,0,2.1181007e-28
0,0,5.776501e-25
0,0,2.122353e-30
0,0,6.2903225e-37
0,0,3.1354856e-15
0,0,2.1370222e-25
0,0,6.992721e-23
1,0,4.3327884e-05
0,0,3.8160964e-18
0,0,2.7e-44
0,0,7.332958e-21
0,0,8.4e-44
0,0,8.735154e-28
0,0,3.6952046e-14
0,0,7.0980767e-37
0,0,6.2682184e-13
1,0,4.6740087e-11
0,0,8.97322e-37
0,0,1.1881335e-20
0,0,1.3522355e-06
0,0,1.3497775e-12
0,0,3.7791477e-37
0,0,1.4159643e-26
1,1,0.80569494
0,0,6.8402645e-27
0,0,0.0
0,0,2.4291416e-17
0,0,3.5477348e-12
1,1,0.99584454
0,0,3.8459716e-31
0,0,1.6396623e-25
0,0,1.3822312e-32
0,0,9.6212406e-15
0,1,0.99910563
1,0,2.9973424e-09
1,1,0.9776844
0,0,0.0050267517
0,0,0.0
0,0,1.071261e-22
0,0,0.0
0,0,4.1284465e-09
0,0,1.397883e-19
0,0,3.2424998e-25
0,0,0.0
0,0,3.1729504e-25
0,0,3.084423e-32
0,0,0.0
1,0,2.719158e-05
1,1,0.6145898
0,1,0.9952297
1,0,8.358327e-05
1,0,0.3617677
0,0,1.3764526e-07
0,0,0.0
0,0,2.359325e-30
0,0,3.2633742e-16
0,0,6.2624206e-10
0,0,6.845355e-06
0,0,7.908294e-17
0,0,1.746088e-28
0,0,2.528898e-38
0,0,6.493113e-24
0,0,6.386552e-30
1,0,0.007647372
0,0,6.754591e-20
0,0,2.2905376e-12
0,0,3.377392e-07
1,0,0.12814748
0,0,1.77956e-40
0,0,7.056854e-21
0,1,0.99288344
0,0,1.7007697e-10
0,0,2.4510715e-17
1,0,0.00047474637
0,1,0.9998567
0,0,3e-45
0,0,1.1310142e-09
0,0,1.7829603e-20
0,0,1.6601634e-15
0,0,1.7521612e-34
0,0,8.5058026e-27
0,0,2.6468865e-24
0,0,1.8154868e-11
0,0,7.471474e-39
0,1,0.5162754
0,0,2.8995355e-11
0,0,2.4363813e-31
0,0,6.2816882e-15
0,0,0.022968847
0,0,4.4328475e-34
0,0,1.1997148e-21
0,0,1.2696968e-13
1,0,0.00024939893
0,0,6.7335226e-12
0,0,0.002634563
0,0,8.498069e-23
0,0,1.9399673e-13
1,1,0.85617465
0,0,7.418923e-34
0,0,2.674427e-28
1,1,0.9815819
1,1,0.99253887
0,0,3.646535e-30
0,0,1.7959367e-20
0,0,1.8123412e-23
1,1,0.9873776
0,0,7.0442e-40
0,0,3.7152212e-09
0,0,3.2160744e-26
0,0,9.7147813e-20
0,0,0.0
1,1,0.99922097
1,1,0.91283524
0,0,2.8244497e-25
0,0,1.64e-43
1,1,0.9988625
1,0,0.06139593
0,0,1.2109688e-24
0,0,1.0288873e-20
0,0,3.5919076e-36
0,0,3.6586297e-30
0,0,1.2569662e-33
1,1,0.5847308
0,0,3.3762714e-34
0,0,3.599645e-28
1,0,0.00012268641
0,0,1.0329127e-08
0,0,3.2723503e-23
1,0,0.088618204
1,0,2.086658e-05
0,0,1.1800101e-31
0,0,1.6626344e-16
0,0,5.6739866e-25
0,0,1.733349e-17
0,1,0.9422254
0,0,3.011906e-38
0,0,0.0
1,1,0.9985409
0,0,0.0
0,0,1.1783551e-08
0,0,1.0532799e-25
0,0,3.2314366e-32
0,0,3.7203056e-09
0,1,0.95885235
1,1,0.9986646
0,0,1.8738173e-33
1,0,0.26084363
0,0,2.019737e-25
0,0,0.0
0,0,4.892743e-08
0,0,2.7630924e-21
1,1,0.9903837
0,0,1.6792177e-33
0,0,5.1987326e-37
1,0,8.8286324e-05
1,0,0.12852754
0,0,1.1564062e-15
1,0,2.202618e-29
0,0,1.5483762e-29
0,0,5.8439223e-18
0,0,1.6581872e-13
0,0,5.840772e-13
0,0,5.9707155e-08
1,0,0.0014519444
0,0,1.2928965e-31
0,0,0.0
0,0,1.476081e-27
1,1,0.9944971
0,0,0.0
0,0,1.902668e-30
1,1,0.99999917
0,0,1.7609392e-19
1,1,0.9998566
1,0,0.0009373637
0,0,2.3835304e-17
0,1,0.9966287
1,0,0.009942951
0,0,9.0843284e-11
0,0,0.22209948
0,0,1.0485884e-27
0,0,2.9760426e-24
0,0,0.011303852
0,0,7.110692e-26
0,1,0.76032734
0,0,8.950937e-28
1,1,0.6110406
0,0,2.1243472e-21
1,0,4.1225332e-05
0,0,1.9477232e-21
0,1,0.9952459
0,0,8.704272e-31
0,0,0.0
0,0,2.0158397e-35
1,1,0.9795064
0,0,2.60685e-20
1,0,0.011125522
0,0,9.971692e-32
1,0,0.00025540913
1,0,3.574664e-05
1,0,1.0588954e-05
0,0,0.10208589
0,0,0.0
1,0,0.3596353
0,0,1.1220017e-07
0,0,1.86687e-16
1,1,0.9999558
0,0,6.259986e-17
0,1,0.9998971
0,0,3.6469815e-22
0,0,7.0087e-28
0,0,2.1432621e-30
0,0,5.2399903e-28
0,0,7.615523e-13
0,0,9e-44
1,0,1.7694065e-05
0,0,1.563886e-08
0,0,2.8409314e-23
1,1,0.94344795
0,1,0.61386716
0,0,3.9899927e-37
0,0,3.0855645e-07
1,0,0.0060766665
0,0,8.3413004e-16
1,1,0.9431229
0,0,5.625884e-39
0,0,1.1002398e-14
0,0,4.3415855e-21
0,0,0.0007874517
0,0,9.259954e-25
0,0,0.0
0,0,5.957506e-24
0,0,1.8610481e-37
0,0,3.4145871e-25
0,0,6.803169e-08
0,0,7.232662e-30
1,1,0.96795315
0,0,2.3382228e-24
0,0,9.095365e-35
0,0,0.0
0,0,0.0
1,1,0.99600005
1,0,1.086647e-20
0,0,4.833396e-24
0,0,0.00075404346
0,0,1.0915199e-13
1,0,2.7879607e-06
0,0,6.945455e-30
0,0,1.5974099e-23
0,0,6.407684e-23
0,0,8.4071064e-07
0,0,8.1625967e-25
0,0,1.481999e-20
0,0,7.274516e-33
0,0,1.6073318e-14
0,0,1.03356366e-22
0,0,9.1024545e-33
1,0,0.00034959937
0,0,4.293397e-35
0,0,2.5372767e-30
0,0,1.3944999e-28
0,0,3.4740875e-28
0,0,1.4941048e-08
0,1,0.6830948
0,0,5.9537286e-26
0,0,1.4801313e-17
0,0,0.0
1,0,0.0076183435
0,0,2.2110196e-14
0,0,0.0
0,0,1.5554662e-13
1,0,0.00023691225
0,1,0.8217228
0,0,0.0
0,0,9.057346e-28
0,0,1.4087628e-16
0,0,2.938757e-17
0,0,4.940997e-25
0,0,0.0
0,0,0.006589178
0,0,2.4095128e-16
1,1,0.9757091
1,0,3.736869e-05
0,0,7.023266e-11
1,0,1.8020451e-08
0,0,3.5232303e-19
1,0,0.35576507
0,0,1.8122085e-17
0,0,0.0
0,0,2.6395093e-29
1,0,0.013122592
0,0,1.3731567e-22
0,0,6.222277e-31
0,0,1.5006705e-12
0,0,2.385066e-06
0,0,8.222091e-27
0,0,2.5996067e-23
0,0,1.8312076e-17
0,0,9.2985014e-10
0,0,5.932596e-27
1,0,0.00028474184
0,0,1.3030504e-14
0,0,3.843163e-20
0,0,2.811261e-17
0,0,5.5530696e-09
0,0,1.817117e-39
0,0,4.9833088e-23
0,0,0.0
0,0,7.94025e-16
0,0,0.0
0,0,2.4311123e-20
0,0,1.905986e-17
0,0,8.402885e-36
1,1,0.9999025
0,0,1.2210595e-29
0,0,2.0456853e-22
1,1,0.99193853
0,0,1.2919923e-34
0,0,1.8985253e-18
0,0,1.842965e-19
0,0,1.930184e-39
0,0,0.0
0,0,2.6718573e-28
1,0,2.6250682e-05
0,0,0.0
0,0,3.577e-38
0,0,1.007044e-37
0,0,3.0341484e-25
0,0,1.069e-42
0,0,1.0906493e-22
0,0,3.6072804e-17
0,0,1.9022268e-21
0,0,3.885299e-39
0,0,8.564988e-14
0,0,3.2001252e-28
0,0,7.897943e-27
0,0,4.3507934e-18
0,0,4.7538987e-20
0,0,5.1347154e-30
0,0,6.138571e-27
1,1,0.9999491
0,0,4.077579e-28
0,0,1.51061e-39
0,0,1.3297128e-20
0,0,1.5927872e-21
0,0,9.219411e-27
0,1,0.83676505
1,0,1.7690864e-11
1,1,0.86156076
1,0,0.00028474184
0,0,4.088107e-28
1,1,0.99998844
1,0,0.26836225
0,0,1.0150239e-29
0,0,1.1842602e-20
0,0,2.5e-44
0,0,5.040635e-35
0,0,2.180169e-25
0,0,6.734308e-15
0,0,4.2821217e-15
0,0,7.0593145e-33
1,0,0.001031421
0,0,5.0610406e-12
0,0,0.0
0,0,5.23668e-33
0,0,6.524877e-22
0,0,3.0291552e-23
0,0,4.8564576e-18
0,0,9.062756e-24
0,0,1.02663936e-23
0,0,0.0
1,0,0.00028821023
1,1,0.9999931
1,1,0.9859017
0,1,0.99955624
0,0,1.567201e-15
0,0,0.45618787
0,0,2.201691e-24
0,0,2.9228328e-12
0,0,1.9484168e-26
1,0,0.002892762
0,0,1e-45
0,0,2.77894e-12
1,1,0.66486204
0,0,5.807107e-23
0,0,8e-45
0,0,1.7792903e-36
0,0,3.0622782e-31
1,1,0.9985812
0,0,5.2203315e-23
1,0,0.0014476535
0,0,1.5252368e-30
0,0,2.1128554e-28
1,0,0.008932804
0,0,1.0906093e-19
0,1,0.988057
0,0,5.052196e-06
0,0,1.0497732e-12
0,0,7.355573e-12
0,0,6.5516104e-23
1,0,0.0050366675
0,0,1.3582569e-07
0,0,4.648136e-12
0,0,1.79333e-40
0,0,7.656954e-37
0,0,3e-45
1,1,0.999876
0,0,1.7131e-41
0,0,9.918771e-24
0,0,2.3235146e-33
1,1,0.9999305
0,0,8.188528e-29
0,0,2.9549046e-21
0,0,2.3257866e-24
0,1,0.99667126
0,0,2.6964967e-14
0,0,5.0165585e-36
0,0,3.0416616e-30
0,0,0.0
0,1,0.9738776
0,0,1.184e-42
0,0,2.2618111e-15
0,0,4.8198015e-19
0,0,3.582401e-19
1,1,0.9999963
0,1,0.9699293
0,0,4.3490568e-23
0,0,5.032271e-15
1,1,0.99831283
0,0,3.0610544e-37
0,0,3.262496e-20
0,0,3.560079e-23
0,0,1.8e-44
0,0,1.6073493e-30
0,0,8.131963e-30
0,0,2.4983368e-25
1,0,0.17521778
0,0,3.061633e-14
0,0,8.283733e-12
0,0,4.75124e-40
0,0,5.3413117e-17
1,1,0.9999945
1,1,0.9999049
0,0,2.1035532e-18
1,0,0.08662482
0,0,1.2319873e-17
0,0,5.64913e-17
0,0,3.09616e-20
0,0,1e-45
0,0,3.1531047e-12
0,0,1.8393199e-34
0,0,1.4258431e-22
0,0,1.7042434e-26
0,0,3.9314485e-36
0,0,0.0
0,0,5.7940197e-19
1,0,0.0004818897
0,0,3.1987454e-21
0,0,1.8264133e-07
0,0,2.9224254e-31
0,0,0.003812965
0,0,3.6209274e-33
0,0,7.670047e-23
0,0,0.0
1,1,0.9985409
0,0,3.3570152e-37
0,0,3.7544694e-18
1,0,0.001106006
0,0,1.7261196e-37
0,0,8.762146e-22
0,0,7.117503e-11
0,0,4.0979793e-26
1,1,0.9936527
0,0,2.5376767e-20
0,0,8.525239e-17
1,0,1.15464645e-05
0,0,2.5895134e-14
0,0,3.502312e-27
0,0,2.802733e-20
0,0,6.3364943e-21
0,0,2.1225273e-11
0,0,2.797115e-20
1,0,3.9853508e-06
0,0,7.696803e-24
0,0,4.804321e-14
1,0,1.9702519e-08
0,0,1.517386e-36
0,0,3.2591432e-13
1,0,0.15571421
0,0,9.52104e-40
1,1,0.99999857
1,1,0.99865437
1,1,0.9999517
0,0,2.5595894e-36
0,0,1.2652724e-36
1,0,0.17141505
1,1,0.99426794
0,0,1.0598594e-37
1,1,0.9972717
0,0,7.5122646e-22
0,0,1.3818877e-33
1,0,0.00059325004
0,0,5.12438e-39
0,0,0.14433827
0,0,3.437899e-13
0,0,9.483315e-09
0,0,9.302076e-08
0,0,3.7817523e-25
0,0,1.7076404e-26
1,1,0.87154526
0,0,3.5930378e-25
0,0,1.6605021e-19
0,0,8.955124e-31
0,0,1.5638511e-37
0,0,1.4e-44
0,0,3.7005674e-24
0,0,1.963217e-13
0,0,8.603541e-34
0,0,4.0704525e-32
0,0,9.8199215e-21
0,0,9.701089e-18
0,0,1.3800373e-20
0,0,1.0470524e-29
1,0,0.06139593
1,1,0.9071941
1,0,8.758331e-05
1,0,0.011348594
0,0,1.1192735e-35
0,1,0.9996326
1,1,0.9894246
0,0,0.0011404988
0,0,5.957297e-33
0,0,0.0038015964
0,0,1.0351174e-16
0,0,2.83389e-40
0,1,0.99990284
0,0,2.773149e-26
0,0,2.5522138e-17
1,0,3.8174885e-06
0,0,2.292028e-08
0,0,2.8909707e-22
0,0,1.3627524e-13
0,0,0.0
0,0,9.283892e-19
0,0,1.02034475e-32
0,0,8.1364476e-26
0,0,9.4393e-41
0,0,4.1626336e-06
0,0,6.894467e-19
0,0,5.1324793e-24
0,0,1.3821138e-34
1,1,0.9996445
0,0,3.105285e-09
0,0,8.476217e-15
0,0,5.185941e-28
0,0,1.624105e-26
1,0,0.0045498894
0,0,2.5102417e-16
0,0,2.9869628e-23
0,0,5.011644e-28
0,0,2.9703596e-32
1,1,0.9998735
0,0,2.5801422e-32
0,0,9.650294e-12
0,0,1.639812e-18
0,0,5.784504e-33
0,0,1.14274035e-10
1,1,0.92197734
0,0,6.2e-44
0,0,5.7683523e-18
0,0,1.166369e-13
0,0,8.516305e-16
0,0,0.000358037
0,0,6.5064924e-27
0,1,0.9999621
0,0,2.33e-43
0,0,0.0
0,0,1.5343057e-22
0,1,0.84176475
0,1,0.6053341
0,1,0.9991123
0,0,1.8861437e-27
0,0,6.836421e-37
1,1,0.9990797
0,0,9.421726e-24
1,1,0.99938416
0,0,5.7270327e-22
0,0,9.60535e-25
0,0,1.4012689e-25
1,0,4.8560316e-05
0,0,1.7717929e-13
0,0,6.661545e-29
0,0,2.869677e-22
0,0,1.4074605e-27
0,0,3.143469e-33
0,0,1.9756511e-20
0,0,6.301404e-34
0,0,2.0713964e-09
0,0,4.067e-42
1,0,1.7337034e-05
0,0,7.694981e-17
0,0,1.302714e-08
0,0,1.9959266e-06
0,1,0.99041045
0,0,5.443236e-07
0,0,3.5027192e-16
0,0,9.216612e-24
0,0,2.34641e-06
0,0,4.444922e-26
0,0,0.0013425332
1,1,0.9914192
0,0,3.4072307e-06
0,0,2.5086944e-21
0,0,1.1808072e-16
0,0,0.0
0,0,8.0809724e-07
1,0,0.010351119
0,0,0.0
1,1,0.9944153
1,1,0.9949056
0,0,2.484472e-09
0,0,2.8083659e-18
0,0,0.0
0,0,2.5205915e-19
0,0,4.2497784e-19
1,0,0.0014403076
0,0,2.1285367e-10
1,0,0.005288774
0,0,1.498275e-33
0,0,5.931252e-30
0,0,1.0708152e-23
1,0,2.7879607e-06
0,0,2.804382e-19
1,1,0.9877208
1,1,0.99991894
1,0,0.00038304468
0,0,7.369691e-37
0,0,4.955e-42
0,0,9.0892185e-14
1,0,0.08510749
0,0,2.5907714e-34
0,1,0.99768
0,0,3.906727e-18
0,0,3.1739317e-17
0,0,7.326937e-31
1,1,0.9998646
0,0,4.2466645e-06
0,0,2.0146508e-25
0,0,1.2298713e-05
0,0,4.584854e-08
0,0,2.0748041e-06
0,0,3.0154095e-25
0,0,6.87846e-29
0,0,8.61594e-15
1,0,0.008308766
0,0,3.5943777e-27
0,0,1.4630621e-22
0,1,0.9996728
0,0,1e-45
0,0,4.7596556e-33
0,0,2.1822848e-23
0,0,1.06079624e-10
0,0,9.073e-23
0,0,2.2549478e-20
1,0,0.007724185
0,0,1.4173088e-09
0,0,6.788547e-16
0,0,1.2648924e-19
1,0,9.2294315e-05
0,0,4.589514e-28
0,0,2.2315156e-30
0,0,0.0
0,0,3e-45
0,0,1.0987698e-25
0,0,2.6883357e-22
0,0,2.2518139e-32
0,0,1.4569376e-27
1,0,0.26084363
0,0,1.75303e-27
0,0,2.9838052e-25
0,0,1.4387598e-29
0,0,2.3495687e-32
0,0,2.692852e-37
0,0,1.4720567e-17
0,0,1.3742197e-08
0,0,9.815262e-24
0,0,3.204637e-33
0,0,2.575992e-17
0,0,8.39251e-05
0,0,1.5749142e-30
0,0,3.38443e-40
0,0,0.0
0,0,4.3382215e-15
0,0,1.0302e-41
0,0,1e-45
0,1,0.9989957
0,0,0.0
0,0,1.473659e-23
0,0,0.18649602
0,0,2.0338908e-13
0,0,3.414409e-15
0,0,1.17463e-38
0,0,1.5559402e-33
0,0,4.8299323e-31
0,0,2.635844e-31
0,0,7.063526e-23
0,0,1.09681195e-14
0,0,8.75731e-20
0,0,3.587614e-10
0,0,1.5568045e-21
1,1,0.9859474
0,0,1.1781556e-26
1,1,0.9999155
0,0,2.716141e-34
1,0,1.6434702e-06
0,0,1.4752749e-21
0,0,1.2657334e-25
0,0,2.5942076e-38
0,0,3.182741e-20
0,0,1.0414557e-14
0,0,1.4561534e-13
1,1,0.9939957
0,0,1.44575e-39
0,0,2.9231057e-16
0,0,5.9930843e-25
0,0,4.668987e-17
0,0,8.5651666e-18
1,0,2.232734e-06
1,1,0.9987696
0,0,2.1621827e-30
0,0,0.0
0,0,5.6796152e-18
0,0,4.0021587e-21
0,0,1.2161114e-10
0,0,4.2849508e-05
0,0,2.3280925e-33
0,0,3.060479e-05
1,0,5.1930074e-05
0,0,8.153287e-26
0,0,6.597327e-39
0,0,3.057947e-39
0,0,5.0339875e-12
0,0,3.0394112e-30
0,0,3.339913e-10
0,0,7.040262e-14
0,0,7.58106e-24
0,0,4.584694e-24
0,0,1.9339581e-30
0,0,1.3537211e-21
0,0,4.7214158e-30
0,0,1.296279e-09
0,0,1.099e-42
1,0,0.0063655935
0,0,0.0
1,0,0.0005268892
0,0,6.492294e-17
0,0,2.1616586e-19
1,0,2.0529209e-14
0,0,1.1913408e-15
0,0,3.937546e-34
0,0,2.1413316e-17
0,0,3.3427613e-14
0,0,1.4257217e-17
1,0,4.9410344e-05
0,0,1.636108e-24
0,0,0.00131073
0,0,5.340134e-38
0,0,5.820291e-27
0,0,5.201584e-24
0,0,4.0476342e-37
0,0,6.339879e-36
1,0,0.27379906
0,0,1e-45
1,1,0.9999685
0,0,1.35e-43
1,0,2.0528448e-08
0,0,3.4305224e-21
0,0,7.133985e-16
0,1,0.95807403
0,0,1.9701696e-15
0,0,1.0890977e-16
1,0,3.7249586e-06
0,0,2.5603607e-21
0,0,3.5506872e-34
0,0,7.374098e-24
0,1,0.998689
1,1,0.99999
0,0,7.877993e-12
0,0,0.0
0,0,2.1663761e-23
0,0,1.18724826e-08
0,0,3.1639442e-26
0,0,7.9341763e-13
0,0,1.2117973e-22
0,0,1.27587795e-20
0,0,0.019196633
1,0,0.00015412996
1,0,1.9702519e-08
0,0,0.0
0,0,2.0298431e-22
0,0,6.818379e-20
1,1,0.9995882
0,0,3.2234997e-22
0,0,5.897752e-21
0,0,2.4475162e-21
0,0,1.270619e-06
1,0,4.4107478e-09
0,0,6.570392e-20
0,0,2.0791011e-11
0,0,8.055933e-11
1,1,0.9963148
0,0,0.044455916
0,0,9.627848e-38
0,0,3.5902265e-19
1,1,0.99992263
0,0,4.0464238e-25
0,0,0.0
0,0,1.6144729e-36
0,0,2.5533194e-28
1,0,0.0043781465
0,0,8.101716e-29
1,0,0.008622988
0,0,3.6951526e-23
0,0,3.3904128e-29
0,0,0.011646494
0,0,5.3234845e-35
0,0,1.2175816e-27
0,0,8.111513e-23
0,0,1.1621996e-30
0,0,1.6099918e-33
0,0,5.03135e-15
0,0,8.267887e-19
0,0,0.0
0,0,1.5049797e-22
0,0,6.669542e-25
0,0,5.82007e-19
0,0,0.023378905
0,0,3.8318968e-32
1,0,0.0034413096
0,0,0.00017229319
0,0,4.4034752e-07
0,1,0.66958815
1,0,0.32330012
0,0,4.869915e-30
0,0,0.0
0,0,2.9893481e-21
1,1,0.99962735
1,0,5.301256e-07
0,0,1.3105048e-15
0,0,8.746269e-33
1,1,0.9997036
0,0,6.3087e-24
0,0,3.7517405e-30
0,0,1.4549311e-29
0,0,6.257038e-28
0,0,5.664187e-26
0,0,8.152686e-10
0,0,6.4373748e-24
0,0,2.91767e-23
0,0,5.579058e-17
0,0,0.0
0,0,4.1635867e-14
1,0,7.569723e-05
0,0,1.5835083e-18
0,0,2.7814733e-28
0,0,2.1985623e-30
0,0,6.8655556e-31
1,0,0.00394897
0,0,5.793048e-26
0,0,6.877895e-18
0,0,1.0247191e-10
0,0,6.1298615e-21
0,0,6.297851e-18
0,0,1.4e-44
1,0,4.0836734e-09
0,0,5.184508e-24
0,0,3.0086165e-05
0,0,1.2654674e-18
0,0,2.9727423e-06
0,0,5.193574e-39
0,0,1.2621534e-21
0,0,3.204094e-05
0,0,0.00019311243
0,0,1.1527508e-22
0,0,3.824165e-28
0,0,5.458853e-23
0,0,8.7626965e-26
0,0,3.281438e-23
0,0,2.973634e-05
1,1,0.9999988
0,0,2.6080754e-11
0,1,0.60647386
0,0,0.0
0,0,2.9477397e-24
0,0,3.0228241e-34
0,0,1.5806062e-17
0,0,0.09957914
1,0,0.34242937
1,0,1.0885729e-11
1,1,0.99762934
0,0,9.113918e-11
0,0,0.01951254
0,1,0.50775826
0,0,6.7748363e-16
0,0,2.9810353e-21
0,0,6.3293426e-14
1,1,0.9983346
0,0,0.0
0,0,2.488412e-21
0,1,0.9983296
0,0,2.790768e-24
1,0,0.00011319033
0,0,1.7879154e-31
0,0,6.034521e-07
1,0,0.023351248
0,0,2.2190039e-37
0,0,1.8690923e-17
0,0,4.4033e-40
1,0,0.00011679789
1,0,0.00022846571
0,0,1.0722556e-20
0,0,3.314231e-10
0,0,6.8778025e-37
0,0,2.9134715e-19
0,0,1.7543e-41
1,1,0.6847625
0,0,7.9869986e-17
1,1,0.9998229
0,0,3.392833e-07
1,0,5.4360706e-05
0,0,1.8933728e-21
0,1,0.99963653
0,0,4.4818934e-23
0,0,4.367862e-15
0,0,6.614271e-21
0,0,8.443707e-14
0,0,0.0
1,1,0.9808364
0,0,0.26823604
0,0,1.156572e-18
0,0,6.660852e-05
0,0,1.3068921e-20
0,0,6.3374323e-15
0,0,1.1114037e-25
0,0,4.2461745e-22
0,0,7.4789575e-21
0,0,5.19222e-19
0,0,1.7191901e-18
0,0,3.197349e-17
0,0,0.0
0,0,1.0225255e-05
0,0,5.2416967e-18
0,0,2.6305383e-10
0,0,2.6410886e-23
0,0,1.82163e-22
1,1,0.9999528
0,0,1.3329053e-23
0,0,2.1068694e-26
0,0,1.452923e-22
0,0,6.059782e-15
0,0,2.0429964e-28
0,0,1.6273438e-24
0,0,3.579752e-26
1,1,0.9994024
1,0,0.012545795
0,0,1.2970796e-25
0,0,6.946068e-29
0,0,1.07138e-40
0,0,0.0031736149
0,1,0.989815
1,0,0.013479064
1,1,0.99962604
1,1,0.6264644
1,1,0.9996172
0,0,1.0731517e-20
0,0,1.2241167e-33
0,0,0.18647471
0,0,9.867612e-36
0,0,1.65407e-22
1,1,0.8760031
0,0,1.8982946e-17
0,0,5.629176e-07
0,0,1.5568682e-38
0,0,1.8907391e-09
0,0,0.009023759
0,0,5.649272e-20
0,0,1.278984e-17
0,0,4.942449e-10
0,0,5.533508e-32
0,0,7.3e-44
0,0,7.3124507e-37
0,0,7.9113997e-25
1,1,0.99821764
0,0,3.1234674e-28
0,0,0.0
0,0,3.8288e-39
0,0,9.223623e-29
0,0,2.2120688e-05
0,0,9.797546e-36
1,1,0.99999964
1,1,0.99154973
1,0,0.15909989
0,0,0.0
0,0,2.0281074e-24
0,0,3.2565073e-25
0,0,1.6909426e-33
0,0,4.634802e-35
0,0,9.576288e-20
1,1,0.8204067
0,0,3e-45
0,0,1.2471895e-25
0,0,4.498715e-30
0,0,1.8880755e-17
0,0,6.0256755e-27
1,1,0.9703188
1,1,0.99994195
0,0,0.20809205
0,0,3.387409e-24
1,0,0.14614816
0,0,2.4628815e-24
0,0,2.1e-44
0,0,6e-45
1,0,4.7018875e-06
1,0,0.0007190727
1,1,0.94380766
1,1,0.9996654
0,0,4.7146537e-13
0,0,0.0
0,0,1.3452505e-17
0,0,8.7222105e-11
0,0,2.8280638e-31
0,0,7.8e-44
0,0,3.5853442e-32
0,0,6.5688965e-25
0,0,1.4226814e-29
0,0,1.2586705e-09
0,0,3.3729416e-24
1,0,0.00024939893
0,0,1.67469e-24
0,0,4.6278883e-06
0,0,8.2611526e-16
0,0,7.2926724e-37
0,0,1.9986288e-33
1,1,0.8354044
1,0,0.07670824
0,0,4.6433177e-11
0,1,0.8358721
1,0,1.894364e-05
1,0,2.2419295e-07
0,0,1.3950148e-22
0,0,1.5624578e-27
0,0,7.684583e-13
0,0,5.6671384e-22
0,0,3.762196e-11
0,0,4.440861e-07
0,0,1.1950765e-17
0,0,3.3622388e-25
1,0,0.00012739118
0,0,3.869601e-11
0,0,9.599266e-18
0,1,0.7412437
1,0,0.12294037
0,0,1.5811212e-14
0,0,4.7738896e-27
0,0,1.01856905e-29
0,0,1.8402453e-20
0,0,2.8269605e-33
0,0,6.254265e-22
0,0,2.6049638e-18
0,0,5.355604e-13
0,1,0.98930293
0,0,4.611425e-24
0,0,5.93e-42
0,0,1.6257783e-19
0,0,4.907902e-31
0,0,5.431269e-08
1,0,0.0020902376
0,0,1.6890743e-24
0,0,1.7369782e-15
0,0,1.3713448e-23
0,0,1.4952484e-26
0,0,2.1286703e-29
1,1,0.98486173
0,0,1.338342e-11
0,0,0.00037747523
0,1,0.9584171
0,1,0.9994326
0,0,1.0645323e-20
0,0,4.882431e-31
0,0,5.6341496e-25
0,0,5.709076e-16
1,0,0.004239813
0,0,6.506479e-16
0,0,2.3617921e-15
0,1,0.9967347
0,0,4.9191202e-12
0,0,3.255189e-11
1,1,0.99762934
0,0,7.87513e-14
0,0,1.3133848e-19
0,0,4.0088126e-25
0,0,9.79064e-35
1,0,1.1595895e-06
0,0,5.172567e-20
0,0,1.3155e-41
0,0,2.0084659e-25
0,0,1.2620613e-22
0,0,1.0023328e-24
0,0,2.4867975e-22
0,0,6e-45
0,0,1.3041189e-19
0,0,6.277387e-07
0,0,4.2454633e-14
0,0,7.423658e-17
0,0,5.219102e-21
0,0,0.0
0,0,0.0
0,0,2.9289274e-19
0,0,1.03901346e-10
1,0,0.32627958
0,0,6.734473e-27
1,0,3.519443e-11
1,0,0.003310279
1,1,0.9956321
0,0,2.3545884e-36
0,0,6.8685224e-14
0,0,5.721554e-07
0,0,8.967476e-21
0,0,9.593351e-15
0,0,0.0
0,0,3.267234e-32
0,0,2.836879e-17
1,1,0.99983215
1,1,0.9999845
0,0,2.7463277e-24
1,1,0.99935764
0,0,6.7926594e-14
1,1,0.9937785
1,1,0.9963148
0,0,7.6258923e-19
0,0,3.1796102e-20
0,0,9.1595e-20
0,0,1.2968e-29
1,1,0.9999949
1,1,0.9998566
0,0,0.0
1,1,0.99997604
0,0,3.090648e-28
1,1,0.9999685
1,0,2.232734e-06
0,0,9.997635e-31
0,0,2.7668053e-21
0,0,3.182232e-12
0,0,0.0016509489
1,0,0.005947088
0,0,1.3570647e-31
0,0,3.7025784e-21
0,0,7.0682004e-06
0,0,2.3367e-41
0,0,3.3669003e-31
0,0,1.5321645e-30
0,0,0.0
0,0,7.7853186e-35
0,0,9.290102e-32
0,0,1.876928e-12
0,0,4.5800504e-29
0,0,5.8640784e-21
0,0,1.4375707e-27
0,0,1.0317329e-20
0,0,1.1720627e-20
0,0,6.53902e-40
0,0,3.8920355e-23
1,0,0.057282332
0,0,2.354085e-14
0,0,2.149304e-08
0,0,7.6747244e-32
1,0,2.8740177e-09
0,0,5.657e-42
0,0,3.597807e-27
1,0,0.00021433443
0,0,9.226941e-27
0,0,9.749667e-15
0,0,1.4504979e-10
1,0,0.29808074
1,1,0.9999845
0,0,1.9443109e-11
1,1,0.99993765
0,1,0.9966024
0,0,1.1390089e-13
1,1,0.9999931
0,0,9.87819e-07
0,0,3.4821968e-34
0,0,3.67e-43
0,0,4.5841146e-25
1,0,0.009653217
0,0,2.296585e-33
0,0,2.793347e-23
0,0,4.966452e-25
1,1,0.99154973
0,0,9.2257e-41
1,0,0.0007803754
0,0,7.9916354e-08
1,0,0.00024901424
0,0,1.14316276e-26
0,0,3.0258136e-33
0,0,4.308405e-22
0,0,1.1644506e-13
0,0,0.0
0,0,1.5406206e-09
0,0,6.437198e-33
0,0,1.5109465e-35
0,0,6.735192e-08
0,0,1.9547641e-29
0,0,8.479486e-22
1,1,0.95146096
0,0,1.8456517e-35
0,0,0.0
1,0,1.6783208e-26
1,1,0.99917823
0,0,1.0657349e-05
1,1,0.99592566
0,0,0.0
0,0,3.2738446e-18
0,0,3.7051623e-22
0,0,7.5170004e-28
1,0,0.036144648
0,0,0.0
1,0,0.07867622
0,0,5.0456294e-23
0,0,5.333694e-18
0,0,5.2e-43
0,0,4.1697e-41
0,0,1.428768e-28
0,0,3.3192329e-15
0,0,9.6666246e-14
0,0,9.845606e-23
0,0,1.5103644e-20
1,1,0.99954504
0,0,6.472401e-28
0,0,1.258216e-29
0,0,1.0508455e-22
0,0,0.0
0,0,6.4727017e-19
0,0,2.0366065e-22
0,0,1.59886e-24
0,0,2.8737961e-37
0,0,1.3519434e-32
1,0,7.459819e-05
0,0,7.3368025e-18
0,0,5.1471136e-21
0,0,4.253876e-22
1,1,0.9986185
0,0,1.8181079e-17
0,0,4.279222e-27
1,0,0.3596353
0,0,2.0256476e-10
0,0,4.1227943e-14
0,0,0.0
0,0,4.5938464e-18
0,0,1.9399871e-23
1,1,0.99667895
0,0,9.8676614e-26
1,0,0.00046709558
0,0,9.990358e-30
0,0,0.00011980048
0,0,0.0
0,0,3.010476e-06
0,0,6.537641e-12
1,0,0.013251791
0,0,0.0
0,0,1.7676723e-12
0,0,2.7603695e-17
1,0,0.034114487
0,0,8.0739485e-14
0,0,7.2161675e-19
0,1,0.5532748
0,0,6.1512853e-24
0,0,2.1488377e-22
0,0,2.2398974e-24
0,0,5.543702e-21
0,0,2.701211e-26
0,0,1.4593799e-34
0,0,7.9436247e-28
0,0,3.837106e-39
0,0,5.454551e-28
0,0,9.126761e-25
0,0,3.446038e-29
1,1,0.9992471
1,0,0.0011442117
0,0,4.4320607e-38
0,0,7.3452057e-25
1,1,0.9992606
0,1,0.9459626
0,0,1.3766819e-21
0,0,6.4808335e-18
0,0,7.2166073e-34
1,1,0.99962604
1,1,0.80883694
0,0,7.776096e-18
0,0,2.3069956e-28
0,0,3.5878333e-25
0,0,0.19232695
0,0,1.3350078e-29
0,0,2.1043017e-16
0,0,1.0678006e-38
1,1,0.99762934
0,0,1.6130685e-22
0,0,1.13915615e-14
0,0,0.0
1,1,0.94815147
0,0,1.6095546e-27
1,0,0.0014345804
0,0,1.485363e-25
0,0,7.262451e-34
1,0,1.7805802e-05
0,0,8.294566e-30
0,0,9.742115e-16
0,0,3.1507027e-14
1,1,0.9992636
0,0,4.532762e-19
0,0,7.977918e-26
1,1,0.9990797
1,1,0.99769443
0,0,1.5867736e-33
0,0,5.640132e-16
0,0,0.00078561093
0,0,7.6887705e-22
0,0,2.7435366e-28
0,0,2.0771071e-15
0,0,9.581601e-17
0,0,1.32e-43
0,0,0.0025488287
0,0,3.78e-42
0,0,2.0386983e-21
0,0,1.895046e-17
0,0,8.1944796e-07
0,0,2.2015685e-21
1,1,0.94904447
0,0,7.546711e-35
0,0,2.6979272e-25
0,0,1.0005956e-22
0,0,1.3150249e-18
1,0,2.1560588e-07
0,0,7.0562443e-26
0,0,0.004264932
0,0,2.4524632e-26
0,0,5.5435983e-05
1,0,9.6775366e-08
0,0,5.3696714e-23
0,0,2.358991e-12
0,0,1.726956e-22
0,0,3.1544477e-26
0,0,6.199942e-21
1,1,0.9998086
0,0,1.0374337e-24
0,0,1.2635931e-07
0,0,5.0524217e-33
0,0,7.9246674e-38
0,0,2.4901904e-34
0,0,2.9040224e-31
0,0,4.5558918e-17
1,0,2.243858e-08
1,0,0.0023665314
0,0,4.7906075e-24
0,0,1.5434164e-37
0,0,4.743419e-24
0,0,1.7740216e-24
0,0,2.1012887e-07
0,0,3.2786418e-34
1,0,0.00018604028
0,0,1.3808609e-32
0,0,4.1109225e-21
0,0,1.6578678e-28
1,1,0.98396075
0,0,3.9148635e-15
1,1,0.99919707
0,0,3.5936115e-11
0,0,3.9736647e-29
0,0,1.918021e-24
0,1,0.9978873
0,0,5.8094706e-18
0,0,1.6385743e-25
0,0,1.3604677e-12
0,0,1.8e-44
0,0,8.04316e-06
0,0,1.5129551e-18
0,0,1.6822111e-19
0,0,6.4066385e-29
1,0,0.00031067745
1,1,0.94815147
0,0,1.698545e-26
0,0,3.923049e-11
0,0,0.019568712
0,0,4.0621766e-21
1,1,0.8764852
1,1,0.9998373
0,0,2.633525e-14
0,0,7.191232e-22
1,1,0.99998116
1,1,0.9982925
1,1,0.9998832
1,1,0.93650055
1,0,0.25202167
0,0,4.973025e-27
0,0,4.9708235e-35
0,0,1.874847e-33
0,0,1.2023022e-23
0,0,0.0
0,0,1.5671586e-23
0,0,1.4724263e-26
0,0,4.3090214e-33
1,0,0.0022383907
0,0,3.1106059e-18
0,0,8.649293e-09
0,0,4.7581544e-12
1,0,3.8564923e-07
0,0,2.9077e-41
0,0,9.153879e-27
0,0,2.9903575e-25
1,0,1.2979393e-06
0,0,2.5244216e-19
0,0,1.7930179e-23
0,0,1.8112817e-14
0,0,5.3441254e-06
0,0,4.3699823e-21
0,0,2.133146e-05
0,0,1.8210254e-22
0,0,6.1882647e-15
1,1,0.9975757
0,0,1.30667915e-33
0,0,1.561718e-28
0,0,1.1480064e-12
0,0,1.5459e-41
0,0,2.7614918e-28
0,0,1.450191e-39
1,0,0.08107178
0,0,1.5314392e-05
0,0,1.38940695e-14
1,0,1.7443855e-07
0,0,1.0088211e-13
1,1,0.99999785
0,0,2.0253678e-19
0,0,9.3985014e-24
0,0,9.289961e-39
0,0,3.9270135e-20
0,0,0.0
0,0,5.282268e-24
0,0,0.00021002101
0,0,0.0
0,0,1.3428913e-18
1,0,4.4107478e-09
0,0,9.769476e-22
0,0,1.3267774e-30
1,1,0.9999862
1,0,8.358327e-05
1,0,6.4714586e-05
0,0,0.0
0,0,9.815723e-22
0,0,1.012487e-29
0,0,3.7117572e-28
1,1,0.9978004
1,0,0.01865224
1,1,0.99999726
0,0,2.0953112e-19
0,0,7.4567973e-20
0,0,8.462323e-23
0,0,0.00040065867
0,0,1.733687e-24
0,0,7.818265e-20
1,1,0.9999306
0,0,5.384913e-23
0,1,0.9991742
0,0,2.4170188e-36
0,0,4.7707727e-10
0,0,4.994188e-18
0,0,1.3005541e-38
0,0,7.4810074e-37
0,0,3.6582618e-25
0,0,1.2982736e-06
0,0,1.1524138e-27
0,0,2.0531253e-17
0,0,0.0
0,0,1.4490599e-29
0,0,4.35832e-25
0,0,1.0540279e-32
1,0,0.002037462
0,0,0.0
0,0,1.4462983e-22
0,0,7.099187e-22
0,0,2.7722596e-19
0,0,9.610542e-20
0,1,0.5569243
1,0,2.0529209e-14
1,0,2.5142346e-05
0,0,9.3323155e-21
0,0,1.9682692e-30
0,0,1.6767888e-14
0,0,6.2196653e-24
0,0,6.48958e-29
0,0,1.6845146e-21
0,0,4.0037093e-17
1,1,0.99945503
0,0,0.018777989
0,0,1.81436e-09
0,0,8.163018e-21
0,0,1e-45
0,0,1.8370077e-17
0,0,1.8745987e-16
0,0,4.324678e-20
1,1,0.99979645
1,1,0.9998777
0,0,1.4103217e-24
0,0,1.2269053e-14
0,0,3.7131752e-27
1,0,4.9651473e-05
1,0,0.04592138
0,0,2.1645895e-25
1,1,0.9473269
0,0,0.00016738345
0,0,2.092e-42
0,0,1.3586159e-35
1,0,0.063353024
0,0,1.6854343e-28
1,1,0.9999856
0,0,2.614809e-19
0,0,6.712462e-21
1,1,0.99426347
0,0,8.638635e-33
0,0,1.6595962e-27
0,0,3.239269e-35
0,0,1.3612614e-13
0,0,1.37083855e-14
0,0,1.5358269e-16
0,0,1.3538559e-13
0,0,6.2161007e-26
0,0,1.2093974e-12
1,1,0.7094601
0,0,0.0
1,0,1.2213077e-06
1,1,0.920628
0,1,0.9990958
1,0,1.3240768e-05
0,0,1.297051e-16
0,0,1.2590621e-06
0,0,1.0645231e-22
0,0,5.8515084e-25
0,0,3.8572443e-22
0,0,7.320236e-15
0,0,4.8848423e-09
0,0,8.878961e-09
0,0,7.5344836e-13
0,0,1.1489242e-12
0,0,1.6325245e-30
0,0,2.0591999e-36
1,1,0.89468807
0,0,9.4608175e-36
0,0,0.0
0,0,5.4953665e-26
0,0,1.23801385e-23
0,0,5.546467e-23
0,0,9.866904e-12
0,0,1.2726041e-24
1,0,0.00740141
0,0,2.3665891e-16
0,0,9.1408745e-17
0,0,8.701315e-39
0,0,5.4828333e-30
0,0,3.5843606e-09
0,0,2.9742533e-29
0,0,4.681345e-25
1,0,0.0054988437
0,0,1.5419298e-34
0,0,7.2571296e-05
0,1,0.9276744
1,0,8.358327e-05
1,1,0.9424208
0,0,3.454035e-24
0,0,6.1533177e-27
0,0,9.563754e-30
0,0,8.3403334e-19
0,0,6.390941e-37
0,0,2.3004657e-36
0,0,5.955975e-12
0,0,9.027454e-25
1,1,0.9983569
0,0,5.207482e-31
0,0,1.2537468e-20
0,0,1.0645768e-28
0,0,5.447327e-16
1,1,0.99987376
0,0,2.785859e-28
0,0,2.0435949e-22
0,0,1.882128e-25
1,0,0.03080795
1,0,2.4143622e-08
1,1,0.99998045
1,1,0.80864435
0,0,0.0
0,0,6.656452e-10
0,0,1.4272271e-27
0,0,6.400079e-33
0,0,8.0440236e-32
0,0,4.0814808e-15
0,0,1.2201432e-35
0,0,4.269572e-06
0,0,0.0054848874
0,0,1.4572822e-12
0,0,7.2733176e-27
0,0,3.288351e-33
0,0,6.0182684e-23
0,0,3.589522e-15
0,0,1.3693312e-32
0,0,1.7800416e-16
0,0,6.9747064e-32
0,0,7.309467e-22
0,0,9.364843e-35
1,0,0.006166791
0,0,0.0
0,0,6.5769e-41
1,0,0.03255401
1,0,0.37025258
0,0,5.329766e-34
1,0,3.2134782e-09
1,1,0.9999982
0,0,0.21470074
0,0,1.7e-44
1,0,0.0017627833
1,0,5.1320105e-05
0,0,1.068e-42
1,0,0.00043089953
0,0,4.8407767e-24
0,0,0.0
0,0,1.5219975e-10
0,0,7.739542e-06
0,0,3.202536e-10
0,0,2.524437e-37
1,0,3.6636884e-06
0,0,4.9574315e-29
0,0,3.974361e-22
0,0,8.738903e-32
0,0,0.0
0,0,5.5193974e-27
0,0,4.97635e-18
0,0,3.2610762e-21
0,0,5.2228746e-33
1,0,2.610424e-05
0,0,1.5153916e-27
0,0,6.920732e-21
0,0,3.6967139e-25
0,0,9.7350516e-32
1,0,4.994741e-06
0,0,6.43538e-40
0,0,1.5156729e-22
0,0,2.5549562e-28
0,0,1.01011605e-26
0,0,7.930985e-09
0,0,1.0236659e-18
0,0,1.4122251e-20
0,0,4.685651e-10
0,0,8.635321e-30
0,0,0.0
0,0,4.8864256e-28
0,0,4.6735e-41
0,0,1.2633171e-05
0,0,1.8134824e-38
0,0,3.157833e-17
1,0,0.0005630165
0,0,4.182296e-34
1,1,0.9998036
0,0,4.455743e-23
0,0,2.579821e-29
1,0,0.17001466
0,0,0.3187518
0,0,9.972709e-19
0,0,4.1532767e-21
1,1,0.9998348
0,0,1.5393047e-24
1,0,8.226828e-08
0,1,0.9999379
1,0,0.017249623
0,0,5.1077353e-07
1,1,0.9995615
0,0,0.00033619715
0,0,9.355731e-14
0,1,0.9651299
0,0,3.7548408e-26
0,0,3.7580495e-19
1,1,0.9987696
1,0,0.0005751583
0,1,0.97794956
1,0,5.662997e-06
0,0,1.4100507e-27
0,0,6.35092e-20
0,0,3.4399592e-20
0,0,5.920305e-32
1,1,0.9978975
0,0,0.00043580338
0,0,1.097e-42
1,1,0.99992704
0,1,0.9936493
0,0,2.6919316e-19
0,0,4.248688e-21
0,0,6.5546655e-14
1,1,0.920628
0,0,1.67412e-40
0,0,1.736143e-23
1,0,0.00022331627
0,0,5.503648e-20
0,0,3.8745588e-05
1,0,0.38226882
0,0,1.2200471e-25
0,0,1.0988398e-35
0,0,0.0
0,0,3.782063e-21
0,0,1.715471e-39
0,0,1.9511484e-09
0,0,4.922791e-23
0,0,1.0187391e-06
0,0,3.5968667e-31
0,0,2.2801508e-07
0,0,6.7135495e-25
1,1,0.7955981
0,0,0.0
0,0,1.3208932e-24
0,0,0.0009503203
0,0,1.0845835e-22
0,0,1.6971433e-14
0,0,9.8980735e-36
0,0,1.1518035e-26
1,0,0.034056146
0,0,8.265902e-26
0,0,8.386278e-18
0,0,1.2628289e-08
0,0,2.66784e-05
0,0,9.06413e-40
0,0,7.2616516e-33
0,0,7.793466e-26
1,1,0.8825349
0,0,5.429273e-33
1,1,0.9995459
0,0,8.074308e-24
0,0,2.6216584e-28
0,0,3.5266972e-28
0,0,2.8785544e-07
0,0,6.777203e-34
1,1,0.9996137
0,0,2.03377e-39
0,0,5.7492723e-22
1,0,0.0005104009
0,0,4.264878e-21
0,0,2.318824e-31
0,0,8.1917786e-36
1,1,0.9999982
0,0,4.6110583e-23
0,0,4.840352e-24
1,1,0.9936818
0,0,9.709721e-13
1,1,0.99999166
0,0,1.6684888e-35
0,0,9.33364e-27
1,1,0.8976875
0,0,3.6997996e-27
0,0,1.3079244e-35
0,0,3.3e-43
0,0,5.24485e-28
0,0,1.761379e-08
0,0,7.178294e-30
0,0,6.0549066e-15
0,0,1.0377429e-06
0,0,0.0
0,0,4.6e-44
1,1,0.9989863
0,0,7.9632964e-25
0,0,2.6218292e-20
0,0,4.5000013e-07
0,1,0.9999838
0,0,3.9393505e-18
0,0,3.500716e-08
1,1,0.9999715
0,0,4.4477418e-24
0,0,3.7195978e-08
0,0,4.581733e-07
0,0,1.8068518e-17
0,0,5.7765834e-07
1,0,6.417128e-05
1,1,0.91480076
0,0,1.9768344e-13
1,0,0.044960093
1,0,0.00043718435
1,0,0.044960093
0,0,2.28241e-18
1,1,0.9992964
0,0,6.579486e-23
0,0,2.753332e-26
1,1,0.9999535
1,0,6.007044e-05
0,0,3.8655577e-19
1,0,1.9936496e-10
0,0,3.2921473e-22
0,0,1.8806481e-19
0,0,1.1089495e-29
1,0,1.9160283e-05
0,0,7.643495e-31
0,0,0.00024031525
0,0,3.6588196e-18
0,0,2.400332e-29
0,0,1.8780414e-31
0,0,8.216366e-24
1,1,0.9936527
0,0,7.1133934e-29
0,0,1.4461107e-06
1,1,0.9161714
0,0,8.0688396e-36
0,0,2.4300054e-23
0,0,5.852056e-21
0,0,5.224264e-35
0,0,8.0787916e-35
0,0,4.056443e-23
0,1,0.9979474
0,0,0.03477136
0,0,1.6871753e-23
0,0,2.2925811e-36
1,0,5.8814687e-05
0,0,0.03249615
0,0,6.7354726e-20
0,0,3.4189862e-10
0,0,5.621449e-22
0,0,9.069027e-14
1,0,0.011875857
1,1,0.99917823
0,0,2.3674106e-31
0,0,0.0
0,0,2.139858e-13
0,0,1.6203763e-30
0,0,1.4893953e-35
0,0,1.2184493e-14
0,0,3.6672e-41
1,1,0.9909711
1,1,0.5347904
1,0,0.1341544
1,0,0.42489088
1,0,8.586359e-08
1,0,2.5142346e-05
0,0,2.394959e-10
0,0,1.2203648e-23
1,0,0.010062481
0,0,1.3107269e-27
0,0,7.676645e-20
0,0,2.5087505e-37
1,0,0.42893362
1,1,0.9996654
0,0,2.2065094e-16
0,0,1.6300577e-18
1,0,0.0035705953
0,0,3.3200968e-36
0,1,0.99964654
1,0,0.0019062601
0,0,8.568999e-31
0,0,2.4845265e-06
0,0,1.4730633e-23
0,0,2.239313e-27
0,0,2.5348086e-16
0,0,8.692787e-17
0,0,4.693337e-35
0,0,0.021684332
0,0,6.309772e-20
0,0,1.889462e-21
0,0,1.3563287e-10
0,0,1.3002109e-32
0,0,2.2018015e-23
0,0,9.437282e-28
1,0,0.0002649341
0,0,8.514994e-11
0,0,9.352751e-18
0,0,2.5451622e-34
0,0,1.0188857e-33
1,1,0.99997604
1,1,0.9718005
0,0,5.3888458e-20
0,0,1.04649075e-19
0,0,1.1135655e-22
0,0,2.6918716e-33
0,0,3.651434e-23
0,1,0.9537563
0,0,3.722261e-22
0,0,2.894677e-23
0,0,9.369703e-35
1,1,0.9995493
0,0,1.1417968e-29
0,0,2.1126915e-23
1,0,1.6514218e-06
0,0,1.1629841e-38
0,0,2.0079158e-16
0,0,1.0363301e-24
0,0,1.2293578e-33
0,0,9.4886624e-18
0,0,2.042e-42
1,0,4.3562424e-05
0,0,1.538871e-08
0,0,3.625712e-17
0,0,1.251551e-24
0,0,2.5025992e-11
1,1,0.99996054
0,0,6.4282705e-24
1,0,1.5082401e-05
1,0,1.8218365e-05
0,0,3.7245405e-11
0,0,4.432693e-35
0,0,5.0222504e-19
0,0,1.8073841e-23
0,0,6.52467e-40
0,0,3.394887e-31
1,1,0.9993587
0,0,1.8557845e-18
0,0,7.498049e-26
0,0,1.3551854e-18
1,0,1.0754039e-06
0,0,9.158625e-13
0,0,8.824231e-23
0,0,1.6962816e-15
0,0,1.6878525e-29
1,0,0.016456602
0,0,1.0493657e-25
0,0,5.5745886e-25
0,0,1.1903189e-22
0,0,1.740716e-11
0,0,0.0028948928
0,0,1.4506085e-14
0,0,1e-45
0,0,0.00057388894
1,1,0.99997437
0,0,2.6007162e-24
0,0,8.921037e-14
0,0,5.226555e-28
0,0,3.31556e-40
0,0,0.0
0,0,1.09756706e-26
0,0,1.0242222e-15
0,0,2.095133e-14
0,0,7.8007576e-25
0,0,5.78197e-32
0,0,1.16171695e-14
0,0,1.6382346e-05
0,0,3.4079367e-33
1,0,0.01274217
0,0,0.055692773
0,0,2.1954753e-25
1,0,1.2213077e-06
0,0,0.22029331
0,0,1.4341978e-18
1,0,6.156411e-14
0,0,1.8004211e-37
1,1,0.999876
0,0,4.4510713e-07
0,0,6.0558924e-25
1,1,0.7955981
1,0,0.014564869
0,0,7.997447e-34
0,0,1e-45
1,1,0.9818157
0,0,0.0
0,0,1.8716756e-24
0,0,4.0644437e-19
1,0,6.4714586e-05
0,0,3.1076583e-22
1,0,4.5886273e-18
0,0,0.00012070591
0,0,2.10324e-40
0,0,2.9113777e-30
1,0,0.0056218137
0,0,3.1215528e-26
0,0,3.8464123e-16
0,0,2.8694888e-16
0,0,1.892274e-30
0,0,2.51306e-40
0,0,7.7211446e-11
1,1,0.99999094
1,0,2.3403478e-08
1,0,1.3069697e-05
1,1,0.999992
1,0,0.0011202488
0,0,0.0
0,0,4.285711e-18
0,0,3.8357037e-22
1,0,2.0528448e-08
1,1,0.9996816
1,0,0.08280495
1,0,6.4714586e-05
0,0,4.6944877e-33
0,0,2.3381135e-26
0,0,5.646658e-15
0,0,5.9566227e-38
1,1,0.99999917
0,0,3.0914358e-22
0,0,3.685e-42
0,0,0.0
0,0,2.6264e-23
1,1,0.9993086
1,0,3.8992107e-09
0,1,0.9988493
0,0,3.5603182e-26
0,0,2.2773467e-12
0,0,5.729109e-22
0,0,1.533199e-38
0,0,2.406258e-05
0,0,3.4240796e-27
0,0,1.5086673e-33
0,0,1e-44
0,0,8.25429e-15
0,0,3.1435e-41
0,0,1.08039906e-32
0,0,3.8327943e-14
0,0,8.2615584e-17
0,0,1.2760159e-25
0,0,2.565941e-08
0,0,4.726898e-05
0,0,4.1010852e-29
0,0,2.0540152e-20
0,0,1.3739789e-15
0,0,4.8270966e-08
0,0,2.1524285e-17
0,0,3.810621e-21
0,0,1.749872e-05
0,0,1.25455535e-20
0,0,1.2340456e-35
1,0,2.1556943e-05
0,0,9.470256e-33
0,0,4.6393674e-07
0,0,6.6335777e-13
0,0,6.771898e-10
0,0,1.6551064e-28
0,0,4.902928e-22
0,0,9.0489427e-23
0,0,5.9955904e-28
0,0,1.7737941e-21
0,0,1.0093675e-21
0,0,3.8906916e-12
1,0,2.9940933e-15
0,0,0.0
0,0,0.0
0,0,0.0
0,0,5.74499e-17
0,0,4.819754e-16
0,0,7.5701866e-26
0,0,1.0467271e-25
1,0,5.7146018e-08
1,0,1.4057938e-09
0,0,3.655501e-06
1,1,0.9996228
0,0,6.412067e-21
1,0,7.351687e-08
0,0,2.7640954e-20
0,0,0.13338682
1,1,0.98340434
0,0,3.2272228e-25
0,0,1.7455318e-06
0,0,1.2810726e-19
0,0,1.3200502e-34
0,0,0.0
0,0,1.3627812e-24
0,0,7.547327e-32
0,0,5.732529e-26
0,0,2.1688495e-22
0,0,5.236989e-37
1,0,1.351802e-05
0,0,3.0746376e-17
0,0,1.7722241e-22
0,0,8.5926034e-30
0,0,1.1385544e-25
0,0,7.594122e-37
0,0,1.1223958e-33
0,0,1.55255e-40
0,0,1.1114998e-09
0,0,0.0
0,0,9.040141e-39
0,0,9.868294e-20
1,0,0.075559914
1,0,1.455635e-08
0,0,3.739581e-05
0,0,3.185928e-25
0,0,5.168501e-21
0,0,8.3916054e-22
1,0,0.016976394
0,0,8.353244e-23
0,0,1.0926279e-21
0,0,5.763673e-16
0,0,2.7090037e-32
0,0,1.4180088e-17
0,0,4.7524033e-16
1,1,0.8792496
0,0,2.347585e-35
0,0,0.0
0,0,0.0
0,0,5.552611e-29
1,1,0.94815147
0,0,0.0
0,0,1.2105148e-34
0,0,1.7546392e-23
1,0,0.01376103
0,0,8.3338644e-22
0,0,9.002441e-20
0,0,0.0
0,0,2.1041814e-16
1,1,0.589903
0,0,0.0
0,0,5.21516e-29
0,0,1.1870578e-16
0,0,6.4527393e-17
0,0,1.0827705e-19
0,0,2.327362e-35
0,0,4.621416e-14
0,0,1.4536902e-34
0,1,0.99996483
0,0,7.500215e-28
0,0,1.9038132e-32
0,0,7.312934e-27
0,0,2.9062269e-24
0,0,1.345e-42
1,1,0.8834034
0,0,9.844554e-23
0,0,6.719629e-05
0,0,2.8042249e-09
0,0,6.0587056e-27
0,0,1.4057949e-15
1,0,0.17141505
0,1,0.9992661
0,0,0.3012765
0,1,0.99950266
0,0,0.0
0,0,4.0582463e-19
0,0,2.0020781e-33
1,0,0.00014449941
0,0,0.26449016
0,0,1.7670491e-34
0,0,6.7926547e-19
0,0,3.2256327e-19
0,0,1.2661107e-24
1,1,0.9672597
0,0,2.3215707e-36
0,0,2.0966918e-29
0,0,4.8337194e-35
1,1,0.99819285
0,0,0.005243225
0,0,0.0034321144
1,1,0.9985409
0,0,4.816371e-24
0,0,3.168918e-35
0,0,9.438139e-37
0,0,1.0657998e-13
0,0,2.8781148e-32
0,0,3.7310466e-37
0,0,5.9070733e-36
0,0,3.258e-40
1,0,5.8537526e-06
0,0,4.9498742e-21
0,0,1.0129686e-09
0,0,1.4269499e-19
0,0,4.8232155e-37
0,0,2.744e-42
0,0,5.92105e-40
1,1,0.99785894
0,1,0.95236605
0,0,1.705947e-19
0,0,2.0029695e-20
0,0,3.309887e-16
0,0,1.3414696e-38
0,0,3.7276096e-19
1,0,5.7044133e-07
0,0,1.23763e-40
0,0,1.3080016e-24
0,0,2.2738738e-20
0,0,3.7864286e-33
0,0,0.0060559143
0,0,5.7070762e-30
0,0,2.4854577e-24
0,0,3.351217e-23
0,0,2.9356196e-32
0,0,1.7086434e-19
0,0,8.6478454e-23
0,0,9.30107e-22
0,0,2.912269e-07
0,0,4.1183616e-14
0,0,0.0
0,0,1.5664149e-34
1,0,0.25202167
0,0,2.5468847e-09
0,0,2.503937e-33
0,0,2.5363902e-12
0,0,4.6565374e-09
0,0,5.001672e-14
0,0,1.55139e-16
0,0,4.654222e-12
0,0,2.3484628e-35
0,0,7.3882365e-23
0,0,1.5753367e-20
1,0,0.01714282
0,0,8.094915e-15
0,0,7.2450644e-07
0,0,0.0
0,0,1.9281572e-07
0,0,4.6914013e-21
0,0,1.8743817e-11
0,0,5.370337e-12
1,0,0.015197382
0,0,5.7843304e-17
0,0,3.3507757e-27
1,1,0.9999906
1,0,0.1434039
0,0,3.7509e-28
0,0,1.8972357e-19
0,0,9.327789e-11
1,1,0.9405175
1,1,0.9977011
0,0,3.743777e-15
0,0,3.4751132e-25
1,1,0.5858865
0,0,4.27381e-25
1,1,0.908913
0,0,4.578706e-21
0,0,4.9548784e-37
1,0,0.011879484
1,0,0.067894764
0,0,4.0166214e-24
0,0,5.6062454e-29
1,1,0.9996816
1,0,1.2192846e-09
0,0,0.0
0,0,5.2488047e-31
0,0,5.236704e-39
0,0,2.26425e-40
0,0,8.437783e-25
0,0,5.295267e-14
0,0,1.0308687e-05
0,0,4.1490096e-17
1,1,0.99999785
0,0,3.735638e-19
0,1,0.99988985
0,0,1.0325489e-33
0,0,1.8236265e-21
0,0,0.0
1,0,0.3617677
0,0,2.2274227e-17
0,0,4.0737892e-11
0,0,3.5773819e-38
1,0,2.4143622e-08
0,0,2.3724614e-26
0,0,3.6438552e-05
0,0,6.503038e-21
0,0,7.8698156e-14
0,0,0.0
0,0,2.5301022e-05
0,0,5.405807e-29
0,0,2.1073098e-20
0,0,4.6268906e-19
0,0,9.774665e-28
1,1,0.99700576
0,0,9.915838e-28
0,0,2.8097558e-35
1,0,0.17521778
0,0,0.0
0,0,8.4446825e-12
1,0,1.969367e-05
0,0,6.0428263e-19
0,0,0.036336873
0,0,2.966942e-23
0,0,2.2242204e-18
0,0,1.3569584e-35
0,0,1.0562161e-27
0,0,0.0
0,0,3.3919104e-23
0,0,1.2068983e-29
0,0,2.4153277e-17
0,0,2.0632345e-20
0,0,4.764998e-10
0,0,1.061291e-23
0,0,1.0943208e-37
0,0,3.8159162e-21
0,0,0.041139796
0,0,4.981084e-06
0,0,0.0
0,0,3.733405e-32
0,0,2.197916e-23
0,0,2.0689339e-34
1,1,0.9993383
0,0,5.0944353e-19
1,1,0.8834034
0,0,1.830358e-22
0,0,3.9665443e-15
0,0,5.498355e-22
0,0,3.0083328e-32
0,0,4.0795265e-34
0,0,3.712e-42
1,1,0.98308104
0,0,8.843947e-15
1,0,0.0010327302
0,0,7.152572e-15
0,0,1.388959e-18
0,0,4.2077896e-26
0,0,6.2647874e-17
0,0,5.3578547e-27
0,0,1.4588072e-33
0,1,0.9082874
0,0,1.3426513e-32
0,0,8.607673e-20
1,1,0.9765609
1,0,0.0112059405
0,0,6.764378e-08
1,0,3.3939768e-06
0,0,0.0
0,1,0.9995328
0,0,0.011890829
0,0,7.612704e-17
1,1,0.99987185
0,0,1.1942613e-16
1,0,0.00018040997
0,0,1.9395367e-22
0,0,2.6135315e-35
1,1,0.9998679
0,0,2.4921948e-12
1,0,0.0049280915
0,0,2.4640092e-24
1,1,0.93017983
1,1,0.9999994
0,0,1.9221253e-29
0,1,0.9999083
0,0,2.880141e-21
0,0,3.6356077e-13
0,1,0.8575929
0,0,1.5527335e-09
0,0,0.0014586304
0,0,1.4610313e-23
0,0,2.4970614e-09
0,0,3.0422022e-33
1,0,8.4916406e-05
0,0,3.789901e-38
0,0,1.000832e-15
0,0,2.9941452e-11
0,0,3.2910598e-19
0,0,2.8194773e-07
0,0,2.5074561e-24
0,0,4.261859e-18
0,0,0.0016817923
0,0,0.0
0,0,0.0
0,0,2.36966e-39
0,0,2.034362e-07
0,0,1.3334133e-16
0,1,0.9504146
0,0,1.2082578e-28
1,1,0.99940634
1,1,0.9962997
0,0,6.361557e-30
0,0,1.9336872e-28
0,0,3.264424e-21
0,0,1.517266e-19
0,0,0.0
0,0,1.0608811e-25
1,1,0.916704
0,0,2.5455688e-20
0,0,2.0477631e-36
0,0,2.1436253e-12
0,0,3.198e-42
1,1,0.80414337
0,0,2e-43
0,1,0.9946838
0,0,1.621176e-20
0,0,3.2994803e-20
0,0,0.0038576422
0,0,2.2402837e-30
0,0,2.385143e-22
0,0,0.0015734229
1,1,0.99983215
0,0,1.7558162e-06
0,0,9.699969e-20
1,0,2.1273372e-08
0,0,1.0133876e-21
0,0,1.7010991e-19
0,0,7.254121e-18
0,1,0.99929583
0,1,0.54536605
0,0,1.81556e-40
1,1,0.9978004
1,1,0.9944971
0,0,2.98119e-39
0,0,7.9524615e-17
1,0,0.022841662
0,0,0.0002683214
0,0,6.277118e-36
1,0,0.02347086
0,0,4.4222946e-25
1,1,0.99998784
0,0,1.2050148e-17
0,0,3.125055e-19
0,0,0.0
0,0,5.1837943e-32
0,0,3.0002097e-38
0,0,1.3735851e-31
0,0,2.5464052e-19
0,1,0.8871709
0,0,4.1994927e-29
0,0,0.0
0,0,0.0
0,0,2.4211274e-19
0,1,0.8738294
0,0,1.5218461e-33
0,0,1.1280171e-21
0,0,2.3612468e-19
0,1,0.9966366
0,0,1.3998278e-23
1,0,0.031167464
1,1,0.9999862
0,0,7.831562e-24
0,0,1.4671249e-15
0,0,5.2159166e-29
0,0,2.5315435e-15
0,0,6.4882517e-34
1,0,0.087591276
0,0,2.4117354e-18
0,0,4.7510985e-05
0,0,5.9844063e-09
0,0,1.3612335e-08
0,0,5.9750084e-24
0,1,0.9992199
1,1,0.9865774
0,1,0.9904828
0,0,6.171698e-28
0,0,4.3175868e-29
0,1,0.9999901
0,0,2.9505853e-17
0,0,4.2583503e-10
1,0,0.08491991
1,1,0.9999919
0,0,3.744355e-19
0,0,6.6512203e-26
0,0,3.736062e-21
0,0,8.057565e-10
0,0,1.7144477e-34
0,0,0.00040415346
0,0,4.593538e-30
0,0,0.012681843
0,0,1.2349656e-25
0,0,1.0325545e-30
0,0,3.2052323e-28
0,0,1.6008887e-21
0,0,6.8895546e-18
1,1,0.9963575
0,0,6.78684e-23
0,0,0.0
0,0,3.0994522e-23
1,0,0.0004196795
1,0,2.2944027e-12
1,0,1.2695144e-06
1,0,0.00025707018
0,0,6.659082e-21
0,0,3.512377e-25
0,0,0.0
0,0,2.7551901e-27
0,0,1.442076e-10
1,1,0.8760031
0,0,6.6776883e-25
0,0,1.94545e-40
0,1,0.9796521
0,0,1.6879127e-19
1,0,0.014915363
1,0,3.8897565e-06
1,1,0.9988753
0,0,2.7543653e-12
0,0,1.7256712e-30
1,1,0.99975115
1,1,0.9974138
0,0,9.8e-44
0,0,6.105023e-39
1,1,0.9999274
0,0,7.61303e-23
0,0,0.0
1,0,0.057282332
1,0,6.5439067e-06
0,0,1.34442e-40
1,1,0.9796545
0,0,1.1169777e-37
0,0,1.4386219e-15
0,0,2.14341e-37
1,1,0.9993383
0,1,0.9931999
0,0,1.3271326e-21
0,0,2.7168285e-24
0,0,1.3608549e-15
0,0,0.22933978
0,0,3.0135382e-08
0,0,5.500605e-35
1,1,0.93566966
0,0,1.1289317e-06
0,0,4.710354e-22
0,0,0.0013425332
0,0,1.6569864e-16
0,0,1.4808e-41
0,0,3.1442116e-26
1,0,0.15857008
1,1,0.99968064
1,1,0.92047244
0,0,5.535591e-27
0,0,4.8010795e-21
1,0,1.3466168e-06
0,1,0.99998283
0,0,4.4718116e-18
1,0,0.00055888784
0,0,0.0
0,1,0.986521
0,0,7.706959e-19
1,1,0.99530065
1,0,2.1300742e-05
0,0,2.2729344e-15
0,0,4.5599114e-07
0,0,1.284612e-39
0,0,5.1255768e-15
0,0,0.0
0,0,7.3340867e-26
0,0,0.0
0,0,8.1559435e-08
0,0,1.0926767e-08
0,0,1.9265565e-24
1,0,0.20722346
1,0,0.0045281327
0,0,1.1503834e-29
0,0,0.0
1,0,7.351687e-08
0,0,0.00013019038
0,0,1.6467159e-38
0,0,2.8660995e-22
0,0,5.701003e-31
0,0,1.455002e-23
0,0,1.264524e-37
0,0,3.138693e-30
0,0,2.7038913e-26
0,0,1.4358339e-34
0,0,1.968478e-24
0,0,3.7021732e-26
1,0,0.00033478826
0,0,1.585686e-31
0,0,1e-44
1,1,0.99976844
1,0,0.05223494
0,0,2.4889612e-06
0,0,8.2651843e-13
0,0,0.0
0,0,3.5323607e-38
1,0,0.49350974
0,0,7.59255e-24
0,0,9.54237e-21
0,0,1.1941099e-33
0,0,1.5641291e-25
0,0,2.06177e-21
1,1,0.92197734
0,0,0.008067739
0,0,1.2240328e-10
0,0,1.5069663e-05
0,0,1.3732313e-20
1,1,0.8519859
0,0,5.576392e-34
0,0,1.3113504e-22
0,1,0.9999933
0,1,0.924226
0,0,4.555343e-14
0,0,1.9275598e-28
0,0,1.1228549e-24
0,0,1.4994914e-20
0,0,9.58e-43
0,0,1.8630815e-35
0,0,8.337856e-33
0,0,0.0
0,0,6.239789e-18
1,0,6.4393384e-17
0,0,1.2536942e-20
0,1,0.9920785
0,0,1.279351e-23
0,0,1.7795772e-34
1,0,0.00032892684
0,0,1.7881787e-34
0,0,1.0326e-40
0,0,9.1038e-20
0,0,3.0478808e-34
0,0,9.328644e-22
0,0,3.0974324e-22
0,0,4.295755e-28
0,0,5.9532e-40
0,0,3.2299604e-23
0,0,9.7874576e-14
0,0,4.8202635e-18
1,0,0.16825235
0,0,1.2752129e-25
0,0,7e-45
0,0,2.1173247e-21
0,0,1.525137e-31
0,0,0.0
0,0,8.660232e-29
0,0,1.7768958e-21
0,0,5.4065854e-16
1,1,0.74414134
0,0,1.2921921e-30
0,0,2.3191818e-20
1,0,0.0007803754
0,0,4.1395853e-33
0,0,1.357495e-15
0,0,1.3492321e-34
0,0,4.7511756e-29
0,1,0.99736506
0,0,0.39693102
0,0,7.9647105e-21
0,0,2.3371444e-16
0,0,5.4485477e-18
0,0,1.1246278e-12
0,0,0.0
0,0,0.0
0,0,2.7133988e-25
0,0,0.0002650847
0,0,1.4214e-38
0,0,2.1466e-41
0,0,4.093221e-30
1,1,0.6110406
0,0,3.692218e-25
0,0,4.9e-44
0,0,2.0392641e-38
0,0,3.4445843e-26
0,0,0.0
0,0,0.0
1,0,8.077459e-06
0,0,6.928802e-17
0,0,3.6038664e-26
0,0,5.1662695e-15
0,0,0.0
1,1,0.95146096
0,0,1.3808981e-24
0,0,3.212583e-39
1,0,0.00014941266
0,0,1.6400738e-34
0,0,5.768715e-37
0,0,4.8302967e-10
0,0,1.9001498e-24
0,0,1.0987243e-24
0,1,0.99818367
0,0,1.6134488e-31
0,0,2.0553962e-26
1,1,0.99965656
0,0,4.1729732e-19
0,0,3.0026904e-18
1,0,1.0394127e-06
0,0,9.799283e-25
0,0,3.7841488e-17
1,0,0.08314481
0,0,5.6609624e-05
0,0,0.0021847507
0,0,1.7533603e-24
0,0,1.4471073e-25
0,0,3.0043448e-30
0,0,4.815389e-20
1,1,0.99490935
0,0,2.0222503e-10
0,0,0.26373965
0,0,2.2899136e-30
0,0,0.0
0,0,2.25993e-40
0,0,3.2164966e-08
0,0,5.6185003e-26
0,0,2.8426552e-23
0,0,1.4325227e-13
0,1,0.6252122
0,0,5.2909204e-16
0,0,7.5792445e-30
0,0,4.6215644e-26
0,0,4.0004452e-23
0,0,2.4407597e-11
0,0,1.982269e-15
0,0,5.794699e-21
0,1,0.9998271
0,0,2.4547017e-25
1,1,0.9994777
1,1,0.9999685
0,0,6.9739244e-35
0,0,2.5581952e-05
0,0,4.3293235e-24
0,0,1.36848e-40
0,0,1.2294968e-28
0,0,0.0
0,0,5.010182e-39
0,0,6.413977e-28
0,0,2.108478e-18
0,0,3.8230222e-23
0,0,2.7345656e-25
0,0,3.787774e-39
0,0,6.310696e-32
1,1,0.6145898
0,0,0.0
0,0,0.0
0,0,1.9594784e-18
0,0,2.6441618e-24
1,1,0.9818157
0,0,4.8856444e-20
0,0,1.7448211e-15
0,0,2.8295103e-08
0,0,1.3297128e-20
0,1,0.9998053
0,1,0.99940443
1,1,0.9944153
1,0,0.016976394
0,0,7.065856e-12
0,0,4.2685985e-24
0,0,7.8332284e-33
0,0,7.7214963e-19
0,1,0.9681318
0,0,2.823358e-35
0,0,5.5886997e-27
0,0,5.4854027e-24
0,0,1.450735e-30
0,0,5.8903736e-22
0,0,2.6082783e-23
0,1,0.99954766
0,0,5.123215e-21
1,0,0.001803544
0,0,1.28768e-40
0,0,1.5123554e-25
0,0,2.2181394e-23
0,0,5.2557987e-23
0,0,1.4940539e-15
0,0,1.7267644e-15
0,0,0.0002834309
0,0,1.34994705e-20
1,0,0.00013936419
0,0,2.2988884e-27
0,0,3.10965e-40
0,0,9.076316e-17
0,1,0.9993217
0,0,1.0073704e-15
0,0,6.311708e-17
0,0,0.007345419
0,0,2.1258758e-05
0,0,4.6694027e-37
0,0,7.3071213e-38
0,0,4.918404e-36
0,0,5.589086e-26
1,0,5.4360706e-05
0,0,1.6345298e-24
1,0,0.104041584
0,0,7.6430066e-14
0,1,0.8834985
0,0,5.0534976e-12
0,0,4.2391942e-13
0,0,8.854688e-21
0,0,1.7534738e-05
0,0,8.226313e-30
1,1,0.9995493
0,0,4.064963e-07
0,0,1.3502117e-17
0,0,9.21435e-34
0,0,1.5551631e-25
0,0,1.1724887e-18
0,0,4.043e-42
1,0,0.0024610981
0,0,2.2657444e-19
0,0,5.9751056e-22
1,1,0.9976914
1,0,0.37025258
1,0,4.4769575e-05
1,0,0.00061832764
0,0,9.737045e-27
0,0,0.0
0,0,5.335185e-16
0,0,1.0379475e-18
0,0,2.3189348e-12
0,0,9.295916e-32
0,0,1.4568082e-14
0,0,1.724019e-31
0,0,1.3735836e-07
0,0,7.169655e-35
0,0,1.3e-44
1,0,0.23477641
0,0,1.1084296e-21
1,1,0.8252799
1,1,0.98851657
0,0,3.6022962e-28
0,0,8.173022e-28
0,0,2.486702e-30
0,0,0.15201066
0,0,4.2783274e-33
1,1,0.99980086
0,0,6.887182e-20
0,0,0.0
0,0,3.754939e-27
0,0,6.633519e-23
0,0,1.4244887e-23
0,0,1.6072199e-16
0,0,7.724723e-15
1,0,1.201141e-06
0,0,7.6399287e-26
0,0,9.392457e-10
0,0,1.5922687e-16
0,0,4.4242203e-24
1,0,0.037022755
0,0,1.9233323e-06
0,0,2.4733412e-32
0,0,2.0875406e-19
0,0,1.03149595e-29
1,1,0.9998597
0,0,4.440162e-25
0,0,0.00031645052
1,1,0.9998597
0,0,0.0
0,0,0.0
0,0,1.6333799e-20
1,0,0.0029682626
0,0,9.5030355e-12
1,0,0.009754894
1,0,4.4107478e-09
0,0,6.124073e-11
0,0,2.890356e-20
0,0,1.4463361e-23
0,0,7.9600874e-30
1,1,0.9972717
1,1,0.9992747
0,0,2.7e-44
0,0,6.3542807e-15
1,0,0.0007358684
0,0,4e-45
0,0,1.4781384e-11
1,1,0.9974138
0,0,2.367492e-16
0,0,2.7016142e-25
1,1,0.9465536
1,0,0.15192114
1,1,0.99982303
0,0,6.6032433e-13
0,0,2.937656e-26
0,0,3.4351722e-28
0,0,2.0208808e-22
0,0,2.823358e-35
1,0,2.8550268e-05
0,0,7.6668525e-17
0,1,0.9816227
0,1,0.996903
1,0,0.0019022875
0,0,9.888223e-21
0,0,2.0844027e-06
0,0,0.0
0,0,8.25e-43
0,0,2.829217e-13
0,0,4.5386146e-17
0,0,3.7939913e-25
0,0,1.11875265e-20
0,0,1.6411736e-10
0,0,3.242034e-11
0,0,5.647241e-22
0,0,3.1447982e-12
0,0,8.984341e-17
0,0,8.283733e-12
0,0,7.221901e-25
0,0,2.2440985e-30
0,0,2.6017533e-09
0,0,4.4866997e-23
0,0,1.3603405e-16
0,0,9.8971044e-26
0,0,4.0888024e-31
0,0,9.663218e-05
1,0,2.4878693e-07
0,0,1.1605387e-14
0,0,8.204758e-21
0,0,0.0
1,0,6.80376e-10
0,0,1.8281756e-20
1,0,6.2027735e-12
0,0,1.5929986e-15
1,0,0.044960093
0,0,8.607299e-23
0,0,7.312741e-19
0,0,2.8303255e-06
0,0,8.619305e-20
0,0,1.6092064e-10
0,0,3.30756e-34
0,0,1.8173766e-28
0,0,0.0
0,0,3.221938e-30
1,0,0.00025780677
0,1,0.99704796
0,0,3.307614e-32
0,0,1.2687742e-32
0,0,3.7374965e-31
0,0,3.0550768e-25
0,0,8.0439074e-23
1,0,0.0009337047
0,0,5.670902e-29
0,0,6.3972146e-13
0,0,2.5084466e-09
1,1,0.99325925
0,0,1.4675134e-27
0,0,1.1537577e-38
1,1,0.8176632
0,0,8.596361e-33
0,0,2.069055e-24
1,0,0.3974831
0,0,1.3504075e-32
0,0,1.8166988e-19
1,1,0.9995484
0,0,1.2114161e-33
0,0,9.094509e-25
1,0,0.42543814
0,0,9.653594e-11
0,0,9.064563e-22
0,0,4.694031e-22
1,1,0.99722517
1,0,1.5592938e-11
0,0,0.11547691
0,0,5.983317e-22
0,0,1.4236042e-14
0,0,4.6238554e-19
0,0,8.7204344e-29
1,0,0.015197382
0,0,2.9559522e-29
0,0,1.4976236e-33
1,0,0.00038304468
0,0,4.660171e-28
0,0,4.4489557e-35
1,0,2.9234337e-09
0,0,1.0131315e-23
0,1,0.99707496
0,0,1.4905247e-22
0,0,1.434484e-23
0,0,3.0859737e-34
0,0,2.6680053e-22
0,0,9.375409e-23
0,0,1e-45
0,0,5.86945e-21
0,0,1.471133e-21
0,0,2.9672792e-32
0,0,0.0019642538
0,0,5.1575474e-22
0,0,1.4022788e-26
0,0,7.2431514e-12
0,0,1.9236371e-28
0,0,8.0644243e-32
0,0,0.010598188
0,0,1.0661959e-25
0,0,4.181567e-39
0,0,2.1442986e-17
0,0,1.4444347e-22
0,0,7.850001e-09
1,0,1.4094242e-05
1,0,0.088618204
1,0,5.1320105e-05
1,1,0.73624504
0,0,1.6372198e-31
1,0,4.4107478e-09
0,0,2.4500533e-09
0,0,0.045189086
0,0,3.0173364e-29
0,0,6.6298956e-17
0,0,2.72e-43
0,0,3.0252918e-27
0,0,9.861952e-07
1,0,0.00023493863
0,1,0.99994326
0,0,1.2964112e-26
0,0,2.1510353e-07
0,0,1.8519214e-20
0,0,1.766735e-31
0,0,1.6571311e-32
0,0,2.761108e-16
0,0,2.1806769e-17
0,0,3.1171002e-20
1,0,2.9192182e-07
0,0,1.0093064e-20
0,0,1.1237742e-20
0,0,1.2670547e-21
1,1,0.8204067
0,0,6.0571847e-18
0,0,1.0252872e-19
0,0,1.7951418e-28
0,0,6.7994564e-24
0,0,1.2040615e-28
0,0,7.425343e-21
0,0,6.6910127e-21
1,0,0.057282332
0,0,1.9010351e-38
1,1,0.99851793
0,0,1.9051515e-23
1,0,1.09534885e-05
1,0,0.09995133
0,0,7.2658e-40
0,0,3.619734e-21
0,0,3e-45
0,0,2.9148038e-35
0,0,9.5813306e-20
0,0,8.273048e-06
0,0,8.3006286e-26
0,0,3.997622e-06
0,0,1.7721178e-20
0,0,2.277598e-35
1,0,9.584379e-06
0,0,1.1508171e-23
0,0,0.0
0,0,2.340702e-33
0,0,0.0
0,0,1.009417e-22
0,0,3.297085e-23
1,0,0.00025272032
1,1,0.99964225
0,0,2.2277642e-23
0,0,2.793472e-10
1,0,5.7598943e-08
0,0,8.974478e-24
0,0,3.2802607e-31
0,0,1.09493995e-20
0,0,1.8714073e-21
1,1,0.99992
0,0,7.361885e-28
0,0,2.9672831e-37
0,0,3.0747e-41
1,1,0.99990964
1,1,0.9982868
1,0,0.048681464
0,0,9.57507e-30
0,0,5.3966376e-37
0,0,0.0003776844
0,0,6.8598366e-27
0,0,1.3818493e-20
0,0,1.0805984e-37
1,0,7.6791675e-06
0,0,2.8121197e-24
0,0,1.178874e-35
0,0,4.7833096e-14
0,0,7.346211e-26
1,0,0.39017895
1,1,0.86139226
0,0,8.62521e-31
0,0,4.6741253e-22
0,0,0.0
0,0,5.271931e-20
0,0,1.951007e-09
0,0,2.6041763e-35
1,0,2.9489616e-08
0,0,2.6972405e-08
0,0,9.946267e-19
0,0,1.5130602e-09
0,0,5.680309e-18
0,0,1.0861336e-08
0,0,2.5851805e-14
1,1,0.9971378
1,0,0.00055236544
0,0,5.4560882e-14
0,0,9.519777e-39
1,1,0.9999087
1,1,0.99961394
0,0,5.7991923e-12
0,0,1.1242999e-38
0,0,1.098719e-11
1,0,0.037022755
0,0,3.607583e-17
1,0,1.9702519e-08
1,1,0.9994491
1,0,0.0011015355
0,0,1.3615975e-15
0,0,2.0499267e-15
0,0,0.017252548
1,0,0.29734474
1,0,2.1556943e-05
1,0,2.8991585e-06
1,1,0.97741985
0,0,7.9919855e-06
0,0,1.984249e-25
0,0,2.4034021e-21
1,1,0.9623197
0,0,6.701196e-31
1,1,0.9936132
0,0,0.0
0,0,0.0
0,0,2.0128772e-24
1,1,0.999881
0,0,2.258866e-08
0,0,2.141482e-10
0,0,5.8180264e-27
1,1,0.9996816
0,0,3.1877383e-33
1,1,0.9999684
0,1,0.9993631
0,0,5.562857e-27
1,0,0.010685538
0,0,7.641787e-05
0,0,0.004182999
1,0,9.342808e-09
0,0,2.721413e-24
0,0,1.1719771e-21
1,0,1.1074658e-05
0,0,1.5263574e-26
0,0,3.0590744e-19
1,1,0.9996654
1,1,0.99999785
0,0,3.9512748e-16
0,0,9.918859e-29
0,0,4.408803e-07
0,0,1.3925723e-25
0,0,3.2764844e-38
0,0,3.095522e-20
0,0,0.0
0,0,1e-45
0,0,5.1380002e-14
0,0,1.2457363e-37
1,1,0.9997584
0,0,2.813796e-15
1,0,4.994741e-06
0,0,1.1878387e-28
0,0,1.6315051e-28
0,0,7.7261085e-15
0,0,1.9457517e-32
0,0,0.0024871982
0,0,2.71316e-18
0,0,1.020209e-16
1,1,0.9451649
0,0,1.2504658e-27
0,0,0.0
0,1,0.97751343
0,0,1.327687e-14
0,0,2.4581371e-20
0,0,8.125567e-32
0,0,1.9723294e-21
0,0,1.1967587e-34
0,0,1.1609357e-24
0,0,1.6013788e-08
1,0,7.883502e-06
0,0,1.74e-43
1,0,4.5288125e-05
0,0,8.083222e-22
0,0,1.306e-42
0,0,4.1853465e-18
0,0,1.9609969e-25
0,0,0.00043999427
0,0,1.0968306e-33
0,0,1.6617217e-38
0,0,6.913129e-22
0,0,7.341226e-18
0,0,5.523582e-22
0,0,1.2532105e-21
0,0,8.84544e-28
0,0,4.0741313e-11
0,0,1.7254036e-20
0,0,1.7375671e-31
1,0,1.969367e-05
0,0,2.3685839e-17
1,1,0.9972173
0,0,5.997167e-36
1,0,0.00031893226
0,0,1.2887363e-15
0,0,5.613881e-23
0,0,4.928712e-11
0,0,4.2e-44
0,0,4.5909024e-26
0,0,1.768518e-13
0,0,1.519734e-26
0,0,1.0682305e-08
1,0,1.7234661e-09
0,0,3.2478808e-06
1,0,0.010289301
0,0,7.821811e-21
0,0,9.280357e-33
0,0,1.5387271e-27
0,0,1.1228784e-13
0,0,5.4156584e-27
0,0,6.554e-42
0,0,1.3625847e-15
0,0,2.9738774e-15
0,1,0.9965932
1,1,0.9999994
0,0,3.792e-42
0,1,0.99978083
0,0,1.4941894e-24
0,0,2.7621534e-22
0,0,2.5526987e-11
0,0,1.8735743e-33
0,0,1.2959177e-17
0,0,2.3197318e-34
0,0,2.3913332e-26
0,0,5.125313e-11
0,0,3.6455903e-37
0,0,2.3861398e-18
0,0,1.8354649e-34
0,0,5.6222724e-34
0,0,5.5152602e-09
0,0,7.8152807e-28
1,1,0.99957234
0,0,2.6146248e-30
0,0,9.041349e-16
0,0,3.7868868e-20
0,0,3.2261e-40
1,0,1.715361e-05
0,0,0.0002574339
0,0,3.564188e-20
0,0,8.6273094e-10
1,1,0.9999558
0,0,9.597123e-22
0,0,1.33e-43
0,0,4.9756677e-10
0,0,8.9264837e-29
0,0,8.9956417e-13
0,0,0.0040068473
0,1,0.85280204
0,0,6.0049215e-23
0,0,3.381298e-34
0,0,2.4462655e-21
0,0,8.9257415e-20
0,1,0.99710757
1,0,1.0583664e-07
0,0,0.00049398013
0,0,3.6174795e-16
1,0,6.80376e-10
0,0,3.2329757e-26
0,1,0.9490389
0,0,8.2051644e-36
0,0,4.446982e-30
0,0,7.461295e-27
0,1,0.9775123
0,0,1.0242e-41
0,0,1.6117973e-27
1,0,0.0009454056
0,0,2.1692897e-13
0,0,0.0010241283
0,0,1.2296498e-16
0,0,7.7684996e-27
0,0,2.1476682e-20
0,0,2.5660162e-33
0,0,2.1207182e-30
0,0,2.1224383e-26
0,0,7.510467e-20
1,0,5.492074e-08
0,0,1.2369543e-19
1,0,7.750222e-08
0,0,4.7588e-19
0,0,1.4922219e-12
0,0,4.127807e-25
0,0,4.7702866e-07
0,0,7.342195e-21
1,0,0.15909989
0,0,0.003369562
0,0,0.0
0,0,6.7624623e-25
0,0,0.0
0,0,5.071051e-27
0,0,8.3371244e-18
0,0,1.760563e-34
0,0,0.0016764882
1,0,0.00021433443
1,1,0.99733114
0,0,9.768139e-36
0,0,1.1689938e-37
0,0,3.2678587e-16
0,0,2.0306754e-26
0,0,2.6070257e-15
0,1,0.99992466
0,0,0.0
1,1,0.93017983
1,0,0.0009709853
1,0,0.0048788083
0,0,4.936668e-16
0,0,4.0077027e-22
0,0,1.36e-43
0,0,4.254098e-39
0,0,3.813099e-33
0,0,1.9977187e-10
1,0,9.703313e-06
0,0,1.2256756e-13
0,0,1.1970226e-13
0,0,1.22e-43
0,0,4.0073413e-08
0,0,5.4347077e-31
1,1,0.99998784
0,0,9.568133e-30
0,0,2.4698817e-24
0,0,1.3201231e-23
0,0,2.283454e-34
0,0,0.0
0,0,1.11247214e-26
0,0,3.3831003e-29
0,0,2.497657e-35
0,0,6.6981755e-25
0,0,0.0
0,0,8.302339e-26
0,0,2.7446197e-32
0,0,6.750646e-21
0,0,9.345482e-39
1,0,4.7018875e-06
0,0,7.6085687e-28
0,0,9.0796285e-12
0,0,1.2762313e-08
0,0,2.2621253e-27
0,1,0.99961346
0,0,1.8533385e-16
1,0,2.8160044e-10
0,0,5.1006303e-11
0,0,2.9029767e-19
0,0,5.419058e-38
0,0,4.343773e-28
0,0,6.945661e-13
0,0,0.11368525
1,0,0.2519152
0,0,2.2467353e-16
1,1,0.99834454
0,0,7.866694e-14
0,0,1.9143792e-18
1,0,0.1522081
0,0,1.6933599e-22
0,0,5.733183e-08
0,0,6.3670714e-14
0,0,8.676456e-39
1,0,0.00043089953
0,0,9.020539e-24
0,0,3.0810557e-27
1,1,0.98026705
0,0,2.6626045e-31
0,0,2.9865443e-21
0,0,8.668824e-22
0,0,5.1687074e-25
0,0,3.8533477e-29
0,0,3.6e-44
1,1,0.9811921
0,0,1.9987286e-25
0,0,1.3431014e-18
0,0,3.0207823e-35
0,0,0.00025696037
0,0,3.9813595e-13
1,0,1.32109035e-08
0,0,2.6608775e-24
0,0,8.4749435e-18
0,0,1.5861368e-27
0,0,2.9558334e-33
0,1,0.9809218
0,0,1.158287e-30
0,0,4.8965904e-30
0,0,1.3048214e-25
0,0,0.0
0,0,2.3087483e-20
0,0,3.4158165e-06
0,0,0.0096935155
0,0,6.129369e-29
0,0,6.9026935e-22
0,0,8.8530227e-16
0,0,8.18108e-33
0,0,2.2535193e-21
0,0,9.210724e-13
0,1,0.66956484
0,0,7.580582e-13
0,0,8.9958e-41
0,0,2.7365968e-35
0,0,2.6859065e-22
0,0,2.9611587e-19
0,0,2.0328193e-14
0,0,7.7607805e-24
1,1,0.9999325
0,0,2.3557505e-26
0,0,2.9626e-41
0,0,3.72385e-23
0,0,2.1823625e-28
1,0,4.329968e-09
0,0,0.0
0,0,0.0
0,0,6.752288e-23
1,1,0.99849975
0,0,3.0119375e-25
0,1,0.96479934
0,0,2.3858142e-24
0,0,0.02902708
1,0,0.2450883
0,0,3.8382742e-25
1,1,0.9973717
0,0,8.3051214e-27
0,0,7.4823735e-23
0,1,0.9341148
0,0,3.0533805e-37
1,1,0.96189606
0,0,9.234177e-12
0,0,0.0
1,1,0.99714273
0,0,5.6454017e-25
1,1,0.99278635
0,1,0.976972
0,0,3.1e-43
1,1,0.99986005
0,0,9.914158e-31
0,0,5.56e-42
1,1,0.9999306
1,0,9.891672e-06
1,1,0.9522798
0,0,2.7510794e-06
0,0,1.6583325e-17
0,0,5.4553456e-19
0,0,1e-45
0,0,8.383351e-22
0,0,4.1258768e-22
0,0,8.027815e-15
0,0,3.445356e-13
1,0,0.00028474184
1,0,5.8053375e-11
0,0,1.4872839e-19
1,1,0.999982
0,0,1.2058082e-28
0,0,9.457209e-36
0,0,3.92e-43
0,0,7.526645e-27
0,0,5.1262596e-08
0,0,3.0973126e-08
1,0,1.4489363e-07
0,0,0.007992204
1,0,0.0009709853
0,0,3.307268e-20
0,0,1.3345946e-15
0,0,8.8416336e-08
0,0,5.576585e-11
0,0,1.3467861e-24
0,0,1.6696032e-20
0,0,1.2460219e-14
0,0,7.579229e-34
0,0,1.771396e-26
0,0,4.628012e-15
0,0,3.159381e-21
1,1,0.9831123
0,0,1.7993327e-11
0,0,3.058522e-29
0,0,1.1705777e-15
0,0,1.065054e-39
1,1,0.9999459
1,1,0.9623197
0,0,7.136175e-20
0,0,1.8110253e-26
0,0,8.7047994e-17
1,0,5.1183056e-16
0,0,0.034644075
0,0,1.3384471e-18
0,0,6.181215e-36
0,0,8.520014e-30
1,0,1.2204839e-07
0,0,1.2269172e-25
1,1,0.57537234
1,1,0.99935764
0,0,2.608664e-25
1,0,0.0089279665
0,0,2.2446088e-18
0,0,1e-45
0,0,6.041096e-08
1,0,0.00017435587
0,0,4.5337924e-37
0,0,1.3552742e-05
0,0,4.3550975e-24
0,0,2.405705e-13
0,0,8.306833e-12
0,0,1.953673e-07
1,1,0.9431229
0,0,1.4625163e-28
0,0,2.2845187e-10
0,0,4.225995e-28
0,0,3.0851349e-21
0,0,8.996762e-08
0,0,1.3283584e-21
0,0,1.0253524e-29
1,1,0.99980503
1,1,0.9999646
0,0,6.9346e-41
0,0,5.1288624e-15
0,0,5.8700457e-24
1,0,0.00022191241
0,0,3.147123e-29
1,0,0.01274217
1,1,0.9999479
0,1,0.9990219
0,0,6.5812015e-13
1,0,7.1749373e-12
0,0,2.93e-41
0,0,1.1569887e-30
1,0,0.00071798125
0,0,1.5639812e-16
0,0,6.1157867e-18
0,0,1.6509571e-28
0,0,5.9143303e-22
0,0,2.5272877e-08
0,0,1.7879316e-28
0,0,1.7200224e-19
1,0,0.008089674
0,0,9.2338254e-38
0,0,1.7575581e-10
0,0,3.5466192e-23
0,0,1.2791534e-34
0,0,0.0
0,0,1.4496e-41
1,0,0.014789313
0,0,4.097515e-31
1,1,0.93566966
0,0,2.5145253e-24
0,0,4.473507e-06
0,0,2.515303e-16
0,0,1.535813e-34
1,1,0.9996922
0,0,6.568988e-20
0,1,0.9818205
0,0,6.1242844e-18
0,0,5.127756e-19
1,0,0.042965725
0,0,1.5367362e-15
0,0,0.0
0,0,1.49888435e-36
0,0,0.0
0,0,2.869677e-22
0,0,1.3577483e-16
0,0,3.650825e-21
0,0,3.9711564e-18
0,0,3.1786546e-26
0,1,0.61186534
0,0,4.1793903e-28
1,1,0.9473269
1,1,0.949944
0,0,8.961866e-14
0,0,2.5235742e-19
0,0,6.7858266e-09
0,0,9.852829e-21
0,0,2.2578618e-31
0,0,8.2803e-40
0,0,1.08e-43
1,1,0.9982925
0,0,2.069554e-15
1,1,0.9634249
0,0,4.010753e-26
0,0,1.0574015e-06
0,0,1.6413658e-16
0,0,2.2630846e-26
0,0,0.15827984
0,0,0.0
0,0,5.423872e-25
1,1,0.9999776
0,0,0.0
0,0,3.6116417e-19
0,0,7.019433e-27
0,0,2.0709749e-08
0,0,1.3169432e-32
0,0,6.3183606e-23
0,0,1.3356846e-30
0,0,1.7703026e-25
0,0,5.7401235e-18
0,0,2.4734765e-22
0,1,0.9467081
0,0,1.8141594e-24
1,0,7.1213555e-07
1,0,0.040071968
0,0,2.7929826e-17
0,0,1.2193947e-34
0,0,0.0032758524
0,0,4.8748293e-12
1,1,0.9986442
1,0,0.0035705953
1,1,0.9980677
0,0,8.879018e-34
0,0,4e-45
0,0,6.3327005e-21
0,0,3.196088e-35
0,0,3.092923e-29
0,0,5.506414e-15
0,0,9.25789e-36
0,0,7.750899e-24
0,0,1.9366961e-31
0,0,8.943849e-33
0,0,0.0
0,0,1.5905321e-24
1,0,8.344806e-06
0,0,0.0
0,0,5.125798e-35
0,0,2.360411e-14
0,0,7.5875373e-25
1,0,0.013479064
0,1,0.99976367
0,0,1.7237494e-16
0,0,2.236981e-28
1,1,0.99996185
1,1,0.8252799
0,0,5.376381e-28
0,1,0.9973658
0,0,3.5647432e-29
0,0,3.1663248e-32
1,0,1.0754039e-06
0,0,0.011750785
0,0,0.28302976
0,0,1.9805993e-22
1,1,0.9997552
0,0,3.8887212e-33
0,0,8.883986e-14
0,0,1.2753923e-26
0,0,6.2928974e-20
0,0,2.716363e-31
0,0,9.02e-43
0,0,4.317301e-24
0,0,1.1958339e-24
0,0,1.8510879e-20
0,0,1.6989388e-20
1,1,0.99982136
0,0,5.682606e-18
1,1,0.9999931
0,0,1.5404142e-25
1,0,1.1556162e-06
0,0,1.05352704e-14
0,0,1.103184e-05
0,0,7.346101e-18
0,0,1.0472892e-12
0,0,1.2628206e-17
0,0,0.0
0,0,1.612199e-32
0,0,6.898273e-06
0,0,2.2637845e-18
1,0,0.15857008
1,1,0.76186824
0,0,4e-45
0,0,1.6919118e-24
0,0,8.916539e-08
1,1,0.9999716
0,0,2.3147832e-25
0,0,1.499872e-16
0,0,2.482269e-28
0,0,1.2323561e-36
0,0,2.8513733e-10
1,1,0.98398983
1,0,0.13265684
0,0,5.002938e-19
0,0,2.1739777e-05
0,0,7.634754e-08
0,0,2.8817e-37
0,0,4.30446e-23
0,0,7.824292e-20
1,0,0.0030240864
0,0,4.64e-43
1,0,3.6405854e-08
0,0,6.39717e-34
0,0,4.7744838e-30
1,1,0.99785894
0,1,0.99993
0,0,3.013274e-23
1,0,3.8891743e-05
1,1,0.9942925
0,1,0.9999145
0,0,3.8493948e-22
0,0,6.7238626e-22
0,0,1.4980316e-30
0,0,3.3019114e-27
0,0,1.9058057e-23
0,0,8.313979e-24
0,0,1.10801745e-17
0,0,1.164e-42
1,1,0.8751242
1,0,0.00011679789
1,1,0.99224746
0,0,3.291198e-34
0,0,1.852406e-23
0,0,3.1542e-41
0,0,9.46024e-36
0,0,3.996629e-32
0,0,3.5231537e-06
0,0,2.1562356e-30
0,0,2.7901855e-37
0,0,5.326763e-32
0,0,2.68831e-11
0,0,1.0206978e-27
0,0,5.505789e-28
0,0,3.0104694e-16
0,0,5.5835383e-36
0,0,0.0
0,0,6.056575e-21
0,0,2.0249e-23
0,0,8.5091e-30
0,0,5.8093338e-08
0,1,0.99738055
0,0,3.4671464e-30
1,0,8.509566e-07
0,0,2.3393695e-20
0,0,3.812516e-26
1,0,0.044960093
0,0,2.908953e-18
0,0,2.5958566e-06
0,0,6.5835113e-28
0,0,1.0944695e-10
0,0,6.200033e-37
0,0,6.4892562e-37
0,0,5.080856e-39
0,0,9.988987e-15
0,0,0.0
0,0,1.3064342e-19
1,0,0.25419524
0,0,1.244377e-16
1,1,0.91480076
1,1,0.8696993
0,0,0.0
0,0,6.011148e-18
0,0,1.6681245e-22
0,0,7.4208557e-17
0,0,0.0
0,0,3.9415666e-15
0,0,1.9532643e-23
1,1,0.9999715
0,0,8.0503136e-14
0,0,7.9532464e-33
0,1,0.99188656
0,0,5.356931e-21
0,0,1.445995e-37
0,0,4.6e-44
0,0,5.9238e-41
0,0,2.2495999e-16
0,0,3.5525635e-23
0,0,1.1823857e-37
0,0,2.0417225e-13
1,0,0.061128717
0,0,0.0
0,0,7.5822273e-29
0,0,3.489474e-17
0,0,2.6926395e-12
0,0,0.027289068
0,0,1.1091622e-06
0,0,3.005145e-09
0,0,3.2794658e-20
0,1,0.99924856
0,0,1.0859647e-25
0,0,1.2818589e-20
0,0,2.264046e-16
0,0,9.997121e-27
0,0,7.4396755e-32
0,0,2.2421042e-38
0,0,2.8409922e-11
0,0,5.358618e-17
0,0,9.3643715e-29
1,1,0.9941367
0,0,0.3010207
0,0,2.3876538e-31
0,0,1.2772405e-29
0,0,4.301e-41
0,0,0.0
0,0,6.653201e-33
0,0,3.2743e-41
1,1,0.999949
0,1,0.999348
0,0,5.81449e-15
0,0,1.4329512e-25
0,0,1.0347484e-12
0,0,0.0
0,0,8.9191e-21
1,0,2.243858e-08
1,0,0.01624119
0,0,2.2114386e-24
0,0,0.06327301
0,0,8.588887e-33
0,0,1.964485e-26
1,0,2.610424e-05
0,0,1.11287e-40
0,0,1.6555426e-35
0,0,6.3729854e-26
0,0,8.216043e-26
1,0,0.00061832764
0,0,1e-45
0,0,2.0093574e-07
0,0,2.0013068e-18
0,0,1.3484203e-10
0,0,1.1526497e-22
0,0,1.6993628e-17
0,0,2.2976803e-18
0,0,1.7140231e-26
0,0,0.108489424
1,1,0.9997738
1,1,0.84433675
0,0,8.8489664e-17
1,0,6.8474306e-05
0,0,8.604838e-15
0,0,5.751055e-35
0,0,0.0
0,0,0.0
0,0,2.1110458e-25
0,0,5.9075425e-11
0,0,0.0010803825
0,0,9.865081e-05
0,0,1.2208531e-24
1,0,0.00064183254
1,1,0.7831613
1,0,1.4668526e-06
0,0,1.57456575e-30
0,0,3.8009048e-23
0,0,1.00878674e-20
0,0,5.6272535e-18
0,0,0.0011694
0,0,3.2757198e-32
0,0,1.2501491e-15
1,0,0.0005714785
0,0,2.165295e-22
1,0,0.030813873
0,0,2.5170704e-15
0,0,0.0
0,0,6.875172e-24
0,0,0.0
0,0,5.681056e-37
0,0,1.39506e-40
0,0,1.827313e-33
1,1,0.98584926
0,0,8.804197e-14
0,0,1.1796276e-16
1,0,1.18032585e-05
1,0,0.0017637617
0,0,5.8895396e-23
0,0,2.495468e-19
0,0,8.704215e-29
0,0,1.1685504e-33
0,0,8.937208e-16
0,0,6.751595e-22
0,0,5.3335384e-23
1,0,0.07670824
0,0,2.4852042e-22
0,0,0.0
0,0,5.3780537e-24
0,0,3.25344e-40
0,0,7.6448e-41
1,1,0.88295215
1,1,0.93017983
0,0,3.0246886e-29
0,0,1.5721954e-22
0,0,7.7e-44
0,0,7.010347e-07
0,0,4.3478887e-11
0,0,2.1650757e-26
0,0,6.4431957e-17
0,0,1.831053e-33
1,1,0.9996482
0,0,2.294946e-34
0,0,5.9262174e-27
1,0,5.1183056e-16
0,0,3.7070235e-17
1,0,0.00038690364
0,0,3.1032685e-26
0,0,3.2920074e-23
0,0,0.0
0,0,1.2190143e-25
0,0,6.0290005e-15
0,0,3.5881693e-21
0,0,1.0037434e-34
1,0,0.00027154965
0,0,2.2555917e-29
0,0,5.618749e-29
0,0,3.8996464e-37
1,0,0.00025089527
0,0,1.5633682e-14
1,0,9.5427595e-08
0,0,0.0
0,0,0.0
0,0,5.2359376e-08
0,0,3.4046328e-35
1,1,0.9998229
0,0,4.0637375e-38
0,0,2.5822438e-21
0,0,2.7986093e-35
1,0,0.0023665314
0,0,1.1246648e-30
0,0,0.31596613
0,0,2.6619572e-29
0,0,2.1839392e-33
1,0,3.4062574e-05
0,0,2.1825673e-16
0,0,4.8424365e-25
1,0,0.0063655935
0,0,4.1890693e-25
0,0,6.2323543e-06
0,0,9.3759145e-37
0,0,2.5780523e-20
1,1,0.9997036
0,0,5.514923e-09
0,0,2.3701673e-23
0,0,3.4039756e-17
0,0,4.467736e-18
0,0,5.602586e-23
1,0,0.0045498894
0,0,1.8764039e-21
0,1,0.9994485
1,0,1.6434702e-06
1,1,0.99993694
0,0,3.82235e-39
1,0,0.22091371
1,0,2.7737467e-05
0,0,1.1492669e-33
1,1,0.9522798
0,0,2.330324e-32
0,0,7.387194e-23
0,0,3.3262717e-09
0,0,2.7369636e-19
0,0,3.6060092e-20
1,1,0.8745965
0,0,9.32752e-19
1,0,2.6877231e-05
0,0,1.0597917e-20
0,0,3.7204452e-14
0,0,3.3574595e-24
0,0,3.0285344e-21
0,0,5.817362e-34
0,0,4.5121792e-27
0,0,2.5334834e-24
0,0,3.907602e-35
0,0,0.0
0,0,0.0
0,0,1.5078084e-20
0,0,4.0257147e-18
0,0,2.1105681e-35
0,0,7.6371975e-24
0,0,0.0
1,1,0.9999782
0,0,4.4572265e-36
0,0,3.517297e-18
1,1,0.51769155
1,0,0.06304626
0,0,1.8066772e-12
0,0,1.9947356e-34
0,0,1.5369143e-27
0,0,9.330986e-31
1,0,2.8740177e-09
0,0,2.33623e-13
1,0,0.42543814
0,0,1e-45
0,1,0.9985877
0,0,4.3086023e-22
0,0,9.366006e-31
1,0,0.16451305
0,0,3.835377e-17
0,0,2.318608e-19
0,0,2.4006512e-30
1,1,0.9997154
0,0,1.2487919e-28
0,0,2.2277273e-33
0,0,2.1824856e-22
0,0,7.746688e-35
0,0,1.0503542e-19
1,1,0.9995615
0,0,6.557728e-18
0,0,1.3850642e-19
0,1,0.997477
1,0,0.022125047
0,0,0.0
0,0,4.8535317e-33
0,0,2.6636793e-10
0,0,0.0
0,0,0.0
0,0,7.634717e-25
1,0,0.034056146
0,0,1.4383676e-25
0,0,2.415413e-15
0,0,1.3145632e-26
0,0,1.01233466e-10
0,0,1.6595586e-34
0,0,5.001292e-05
0,0,4.8905384e-24
0,0,5.3052855e-14
0,0,0.0005814758
0,0,6.6216864e-23
1,0,1.9323801e-11
0,0,3.383513e-29
0,0,1.3703133e-25
0,0,9.330699e-24
1,0,0.00043046635
0,0,5.1131117e-17
0,0,3.3586554e-14
1,1,0.90220237
0,0,2.8406072e-15
1,1,0.99999166
0,0,2.8694123e-16
0,0,3.6606806e-08
0,0,1.1194393e-06
0,0,1.6163338e-36
0,0,4.9064e-40
0,0,0.00025326284
0,0,1.1269326e-37
0,0,1.8601065e-27
0,0,3.3562443e-12
0,0,1.9034759e-13
1,1,0.99193853
0,0,0.0
0,0,0.00029500862
1,0,3.2244686e-06
0,0,9.109249e-21
0,0,3.7019615e-26
0,0,5.9691166e-21
1,0,0.00046730577
1,0,7.152638e-08
1,1,0.9973385
1,0,0.031449165
0,0,9.527489e-22
1,0,1.4668526e-06
0,0,4.5365354e-33
0,0,2.1783468e-19
0,0,3.151977e-29
0,0,3.4142704e-20
0,0,5.7013116e-22
0,0,5.1953777e-16
0,0,1.0837232e-22
1,1,0.7541636
0,0,5.0723074e-20
0,0,2.2582883e-06
1,0,7.1213555e-07
0,0,0.0
0,0,1.3354289e-24
0,0,3.0842826e-09
0,0,3.4614223e-31
0,0,8.293469e-20
0,0,3.119495e-25
0,0,8.528021e-28
0,0,1.0705259e-29
0,0,9.1747467e-07
0,0,2.3976078e-34
0,0,3.09918e-38
0,0,1.5856367e-17
1,1,0.99880135
0,0,1.22821646e-29
0,0,1.981678e-24
1,0,2.1503624e-07
0,0,2.0693071e-17
0,0,5.786714e-17
0,0,5.530046e-25
0,0,3e-44
1,0,3.5339055e-11
0,0,1.203715e-09
0,0,1.8043493e-27
0,0,4.4893505e-32
0,0,1.1689737e-26
0,0,1.2688021e-34
0,0,0.0
1,1,0.99994016
1,1,0.93276733
1,1,0.9998597
0,0,2.2627082e-38
1,1,0.9647758
0,0,4.993034e-15
0,0,3.7128675e-25
0,0,4.8781243e-11
1,0,0.040071968
0,0,1.0347758e-20
1,0,3.836602e-08
0,0,9.172405e-27
1,0,0.00018476466
1,1,0.9815819
0,0,2.1093069e-14
0,0,1.2246262e-32
0,0,4.377694e-27
0,0,3.6699017e-08
0,0,6.9509965e-22
0,0,7.971669e-14
0,0,5.297852e-22
0,0,8.97312e-29
0,0,5.4968173e-17
0,0,1.8449538e-36
1,0,0.00046342541
0,0,2.5784155e-28
1,0,0.00074098073
0,0,9.462313e-10
0,0,5.3910557e-24
1,1,0.997903
0,0,6.496927e-17
0,0,9.3941085e-28
0,0,0.053628113
0,0,4.829028e-13
0,0,1.0260998e-14
0,0,8.190207e-08
0,0,3e-45
1,1,0.99981695
0,0,1.2674441e-17
0,0,3.2157828e-17
1,0,0.15192114
0,0,5.300655e-32
0,1,0.93513614
0,0,2.3010994e-27
0,0,6.4451296e-27
0,0,0.0
0,0,0.0044488315
0,0,1.0736611e-32
1,1,0.5847308
0,0,1.3110745e-38
0,0,3.746811e-20
0,0,1.8771915e-21
0,0,7.917806e-16
0,0,1.2928396e-20
0,0,2.5307658e-19
1,0,0.022841662
0,0,4.8957522e-14
1,0,2.086658e-05
1,0,4.6740087e-11
0,0,3.561174e-26
0,0,2.606946e-07
1,0,6.921027e-08
0,0,6.143153e-30
1,1,0.99861395
0,0,1.770326e-14
0,0,0.07072553
0,0,2.8539375e-09
0,0,3.7735537e-32
0,0,8.3470936e-16
1,0,0.29734474
0,0,2.0951604e-18
1,0,1.3742375e-06
0,0,5.0006147e-05
0,0,2.6652764e-24
0,0,1.882032e-09
0,0,1.2291767e-30
0,0,1.79e-42
0,0,0.0015862145
0,0,0.00010473656
0,0,1.3779591e-28
0,0,0.0032279678
1,0,1.3135196e-06
1,1,0.9956321
0,0,5.1047784e-29
0,1,0.995889
0,0,1.9651582e-20
0,0,1.7250944e-20
0,0,2.190524e-39
0,0,1.50104e-23
0,0,2.047459e-13
0,0,4.6926806e-25
0,0,5.4959758e-18
0,1,0.9698388
0,0,2.1936977e-20
1,0,1.2192846e-09
0,0,3.0188078e-38
0,0,3.1646995e-29
0,0,2.5006791e-20
0,0,9.191289e-11
0,0,8.646878e-33
0,0,1.0926956e-19
0,0,3.5413753e-22
0,0,1.8332713e-30
0,0,7.6338585e-10
0,0,8.204518e-06
0,0,3.6397708e-13
0,0,5.876e-42
0,0,5.6773456e-24
1,0,0.00040864086
0,0,5.0542043e-22
0,0,2.093479e-29
0,0,1e-45
0,0,1.0031817e-17
0,0,0.000251589
0,0,2.0775186e-38
0,0,6.322828e-36
0,0,9.918405e-29
0,0,2.0862179e-35
0,0,0.00022220502
0,0,3.897061e-21
0,0,4.8178705e-27
0,0,5.384809e-31
0,0,5.301162e-09
0,0,2.585438e-13
0,0,1.9965196e-24
0,0,1.4017347e-24
0,0,3.421656e-09
0,0,2.5556002e-35
0,0,1.5638492e-05
1,0,3.958038e-05
0,0,5.769476e-10
0,0,9.144265e-23
0,0,1.0784416e-35
1,0,2.232734e-06
1,0,0.00017781345
0,0,8.420867e-18
0,0,3.1550476e-06
0,0,1.568772e-14
0,0,0.0
1,1,0.9969363
0,0,4.3919442e-20
0,0,0.04206714
0,0,0.0
1,1,0.99426794
0,0,0.19088466
0,1,0.77607477
0,0,1.0379034e-19
1,1,0.999724
0,0,4.3444e-41
0,0,9.5203e-21
0,0,1.8351666e-31
0,0,2.246072e-19
0,0,6.851974e-13
1,1,0.99834454
0,0,4.985699e-18
1,1,0.99974555
0,0,2.4372914e-13
0,0,1.0988347e-14
0,0,9.3816205e-11
0,0,1.0118672e-33
0,0,2.3790101e-14
0,0,2.5044653e-23
0,0,6.3e-44
1,0,0.0009373637
0,0,1.1153279e-33
0,0,0.0009019365
1,0,0.0010683768
0,0,5.0006226e-29
0,0,1.5095818e-34
0,0,8.24299e-31
1,0,0.19321452
0,0,1.6970664e-28
0,0,0.0
0,0,1.3883106e-21
0,1,0.9784153
1,1,0.99994016
1,0,0.00016728608
0,0,3.9363174e-10
0,0,6.6320934e-18
0,0,2.9952755e-34
1,0,0.00035555076
0,0,1.0821061e-18
0,0,2.2960758e-19
1,0,8.077459e-06
0,0,1.4613418e-25
0,0,0.0
1,0,0.03080795
0,0,6.22144e-18
0,0,2.9481199e-18
0,0,7.226334e-26
0,0,8.5915505e-16
1,0,0.094035834
0,0,1.8838026e-24
0,0,3.3556198e-06
1,0,0.0011015355
0,0,1.0307652e-20
0,0,9.421767e-23
1,1,0.9996131
0,0,9.422333e-10
0,0,1.2316371e-21
0,0,3.8468443e-35
0,0,3.7649935e-27
1,1,0.97741985
1,1,0.99999046
0,0,7.512941e-05
1,1,0.99976844
1,1,0.99993765
0,0,8.336026e-22
0,0,6.197221e-29
0,0,9.0919934e-14
0,0,0.0
0,0,3.007752e-14
0,0,1.4553714e-19
0,0,1.7407862e-37
0,0,4.1110634e-21
0,0,1.4679162e-20
0,0,7.366917e-27
0,0,5.3787413e-20
0,0,1.0693253e-38
0,0,5.187223e-22
0,0,1.5744228e-21
1,0,6.2027735e-12
0,0,1.03641134e-20
1,1,0.99999976
0,0,1.1579754e-34
1,1,0.920628
1,0,1.3240768e-05
0,0,1.455494e-11
0,1,0.9990212
0,0,1.8783604e-27
0,0,3.7836887e-31
0,0,1.2786039e-24
0,0,1.2275523e-20
0,0,9.943477e-23
0,0,1.2194171e-13
0,0,5.359361e-22
0,0,0.0
0,0,3.881889e-05
0,0,4.0962444e-26
0,0,1.5968607e-13
0,0,0.0033409246
0,0,4.1893313e-37
1,0,4.1225332e-05
0,0,3.9e-44
0,0,1.01750505e-29
0,0,8.325883e-16
0,0,3e-45
0,0,6.355139e-27
1,0,1.5120894e-07
0,0,2.0068177e-19
0,0,2.2178607e-15
1,0,7.351687e-08
0,0,6.152548e-18
0,0,9.4e-44
0,0,4.710451e-19
0,0,7.591149e-05
0,0,1.7050474e-10
0,0,1.6143534e-09
0,0,6.3863855e-29
1,0,3.7006117e-08
0,0,3.8655664e-22
0,0,1.1519367e-31
0,0,3.6028688e-23
0,0,0.0
0,0,1.5525586e-28
0,0,6.591325e-36
0,0,9.3304e-41
0,0,1.4735859e-12
1,0,0.29734474
0,0,1.1963901e-17
0,0,4.614647e-16
1,0,1.2204839e-07
0,0,7.4542384e-35
1,0,0.0033986175
0,0,1.14750565e-26
0,0,2.7111583e-14
0,0,1.5432928e-22
0,1,0.9971933
1,1,0.99785894
1,1,0.9831123
0,0,9.110908e-23
1,1,0.99992
1,0,0.048681464
0,0,3.431333e-14
0,0,7.323064e-28
1,1,0.9999229
0,0,9.0738165e-26
0,0,3.5177146e-17
1,1,0.99935764
0,0,3.089955e-34
0,0,8.934317e-22
0,0,1.8265899e-16
0,0,0.0
0,0,1.0043099e-27
0,0,6.011818e-24
0,0,0.44773185
0,0,3.5592065e-25
0,0,4.294113e-11
0,0,7.404133e-35
0,0,4.0345865e-25
0,0,3.0136707e-07
0,0,1.3746608e-37
1,0,0.0069615864
0,0,3.9550395e-26
1,0,1.6860516e-06
0,0,0.0
0,0,5.2087238e-27
1,0,0.18424845
0,0,2.218878e-36
0,0,5.2378934e-20
0,0,3e-45
1,1,0.9995882
0,1,0.97484857
0,0,8.5913497e-32
1,0,1.16886995e-05
0,0,9.170238e-34
0,0,4.1841383e-12
1,0,0.006109109
0,0,0.0
0,0,5.7953043e-18
1,0,1.7805802e-05
0,0,1.0994206e-31
0,0,4.3279786e-20
0,0,2.2e-43
0,0,9.655479e-21
0,0,5.6729316e-23
1,0,1.2125439e-07
0,0,3.5442973e-28
0,0,1.0010906e-32
1,0,2.1515851e-07
0,0,2.612682e-29
1,0,0.123784065
0,0,3.662019e-17
0,0,3.466059e-13
0,0,1.0043535e-24
0,0,1.8093979e-16
1,1,0.9999374
1,1,0.96263254
0,0,4.064185e-24
0,0,5.5562397e-27
0,0,3.696257e-28
0,0,4.0866074e-37
0,0,4.0086526e-21
1,0,0.00068163994
1,0,0.0094134305
1,1,0.9975631
1,1,0.9998348
0,0,5.2880172e-30
1,0,1.028378e-07
0,0,7.535704e-32
0,0,6.336794e-18
0,0,6.9943445e-24
0,0,8.097028e-27
0,0,1.6959102e-18
0,0,4.648107e-39
0,0,4.9727507e-23
0,0,2.7825019e-21
0,0,1.6266106e-14
0,0,2.3230335e-35
0,0,5.1456765e-15
0,0,0.0
1,0,0.13967259
0,0,5.329161e-32
0,0,0.0
0,0,1.9822579e-07
0,0,4.70005e-15
1,1,0.9999968
0,0,2.4008362e-21
1,1,0.6665204
0,0,7.7553784e-13
0,0,8.18864e-17
0,0,3.948551e-14
0,1,0.99988115
0,0,4.0634216e-26
0,0,1.0013622e-16
0,1,0.97525376
0,0,0.0
0,0,4.148772e-17
0,0,7.4928724e-19
0,0,1.3e-44
0,0,1.853875e-32
0,0,6.3024513e-06
0,0,3.5815477e-30
0,0,3.6464295e-12
0,0,5.1028913e-21
0,0,5.4527636e-20
0,0,1.7772174e-18
1,0,0.00060674
0,0,0.0
1,1,0.9997501
0,0,2.552379e-32
0,0,2.34e-43
0,0,1.93568e-40
0,0,1.7574527e-23
0,0,0.0
1,0,0.0009709853
0,0,1.00857563e-19
0,0,2.1276382e-30
0,0,5.502087e-38
1,1,0.9999306
0,0,1.0688217e-34
0,0,1.2992325e-27
0,0,1.4151202e-21
0,0,7.49191e-09
0,0,8.0000676e-20
1,1,0.9997501
0,0,1.0740017e-31
0,0,8.808272e-12
0,1,0.999305
0,0,8.784147e-19
0,0,8.80161e-22
0,0,1.8401053e-27
0,0,1.6089824e-21
0,0,3.8390326e-19
0,0,1.3074855e-35
0,0,3.4852296e-25
0,0,2.92177e-37
0,0,1.7037276e-36
1,1,0.9999945
0,0,6.77187e-22
0,0,1.1259668e-09
0,0,2.3978282e-05
1,0,0.42543814
0,0,2.8486937e-21
1,1,0.7506719
0,0,4.2024786e-34
0,0,4.016642e-29
0,0,1.8026458e-24
0,0,3.6362283e-30
0,0,2.744811e-30
0,0,8.2218916e-22
0,0,2.4478027e-31
0,0,7.877055e-21
1,1,0.7018459
0,0,1.0448059e-22
1,0,0.0056260033
0,0,9.257e-42
0,0,7.8078e-41
0,0,2.0123678e-19
0,0,3.900494e-22
0,0,1.433536e-18
1,0,0.00056840654
0,0,5.2216865e-07
0,0,8.5708294e-16
0,0,8.535368e-30
0,0,0.035546526
0,0,1.0994102e-12
0,0,1.154303e-24
1,1,0.99966216
1,1,0.9999808
0,0,0.0
0,0,6.25149e-40
0,0,2.9725345e-18
0,0,1.2574986e-18
0,0,4.3431894e-15
1,0,5.978402e-05
0,0,1.9430245e-37
0,0,1.7639274e-23
0,0,2.5e-44
0,0,2.4170426e-24
0,0,4.480736e-28
0,0,1.19e-43
0,0,2.32554e-40
1,0,2.239129e-06
0,0,5.0093016e-32
0,0,3.3414169e-21
0,0,2.9413813e-32
0,0,5.2631926e-19
0,0,2.2240143e-20
0,0,3.4424685e-19
0,0,4.641837e-23
1,0,0.024764622
1,0,0.00022331627
0,0,3.743763e-30
0,0,7.831411e-32
0,0,1.3997167e-29
0,0,2.653086e-37
1,0,0.26225767
0,0,1.3435027e-23
0,0,1.7513908e-21
0,0,3.1355776e-25
0,0,1.1704018e-18
0,0,0.2759381
0,0,1.4278599e-18
1,0,0.1522081
0,0,9.7430215e-28
0,0,3.1970096e-23
0,0,7.97493e-35
0,0,0.0
0,0,5.413717e-12
0,0,8.9369985e-32
0,0,7.6725813e-26
1,0,0.49350974
1,0,8.1279956e-07
1,0,3.7249586e-06
0,0,8.646201e-37
0,0,1.4975413e-21
0,0,4.0947904e-19
0,0,2.9255976e-13
0,0,1.2933382e-12
0,0,2.3940693e-28
1,1,0.82938784
0,0,8.17307e-24
0,0,1.2561561e-18
0,0,3.523466e-30
1,1,0.99160767
0,0,9.766042e-38
0,0,3.879653e-33
0,0,2.6108114e-27
1,0,5.8537526e-06
1,1,0.99954504
0,0,5.4866486e-35
0,0,2.4063407e-26
0,0,2.0322382e-21
0,0,4.256977e-29
1,0,3.856547e-06
0,0,3.9560192e-19
0,0,1.31238095e-30
0,0,2.1605813e-09
1,1,0.95146096
0,0,1.1168725e-27
0,0,1.4177026e-14
0,0,8.976042e-19
1,0,2.6347037e-05
0,0,3.1441822e-37
1,0,0.0815644
0,0,5.3180364e-23
1,0,0.0014403076
0,0,6.134984e-36
0,0,7.088664e-21
0,0,2.9487408e-24
1,1,0.9993006
0,0,7.60515e-19
0,1,0.9998821
0,0,5.229514e-14
0,0,1.9933372e-05
0,0,1.045397e-35
1,0,3.392493e-08
1,0,0.0045281327
0,0,0.0
0,0,1.07776796e-26
0,0,1.9816653e-14
0,0,4.75221e-21
0,0,4.2574643e-29
1,0,9.784376e-07
0,0,0.0007668531
0,0,6.986286e-33
0,0,3.8239407e-12
0,0,7.597674e-05
0,0,8.5979035e-14
0,0,1.989358e-39
0,0,1.4630211e-17
0,0,0.0
0,0,2.3109187e-25
0,0,2.8974352e-18
1,0,0.00012235927
1,0,0.0002985166
1,0,0.011083884
0,0,7.4615265e-26
0,0,3.3450584e-07
0,0,1.359027e-39
0,0,2.039081e-27
0,0,9.0303486e-32
0,0,3.4975483e-33
0,0,1.7315225e-20
0,0,4.6630544e-07
0,0,2.1906155e-17
0,0,2.4927126e-31
0,0,3e-45
0,0,2.214731e-24
0,0,6.9211746e-30
0,1,0.9991652
0,0,1.4636292e-10
0,0,0.0
0,0,2.7221158e-06
1,1,0.66281897
0,0,6.563578e-20
0,0,8.360814e-27
0,0,8.4952375e-18
1,1,0.9994211
1,0,1.0493384e-09
1,1,0.9999875
0,0,1.3132459e-17
1,0,0.00028340743
0,0,9.840723e-12
0,0,4.899229e-21
0,0,4.2684e-41
0,1,0.9080548
1,0,5.1183056e-16
0,0,1.9037614e-33
0,0,6.663425e-29
0,1,0.9965737
0,0,3.879e-40
0,0,3.4335187e-22
0,0,3.9880863e-24
0,0,1.3438e-41
0,0,2.7576232e-24
0,0,8.720268e-14
1,0,5.717965e-07
0,0,0.0
1,0,3.450519e-09
0,0,3.040312e-25
0,0,3.5115898e-38
0,0,5.406649e-23
0,0,4.778298e-20
0,0,5.317769e-17
0,0,1.5586736e-17
0,0,1.222313e-22
0,0,1.5724501e-07
0,0,6.8749233e-09
0,0,6.8961015e-33
0,0,2.3812575e-25
0,0,6.5917195e-31
0,0,3.1863805e-23
1,1,0.9996226
0,0,4.4685637e-29
0,0,3.657089e-18
0,0,5.733423e-27
0,0,4.4137712e-38
0,0,1.4170422e-15
1,0,0.0068779546
0,0,1.2833923e-17
0,0,9.169928e-18
0,0,2.5260839e-11
0,0,0.0
0,0,2.1260461e-05
0,0,2.5250148e-22
1,1,0.99999857
0,0,1.1306832e-22
1,1,0.9999924
0,0,1.0856175e-16
0,0,3.9849376e-17
1,1,0.99993646
0,0,3.2012924e-06
0,0,9.3986124e-08
0,1,0.99517965
1,0,0.0012891146
1,0,1.8020451e-08
1,1,0.9877208
0,0,1.0893085e-33
0,0,3.4077287e-33
0,0,0.011697893
0,0,9.045834e-31
0,0,1.3370504e-23
0,0,2.663594e-13
0,0,3.4659032e-15
0,0,0.0035250026
1,0,0.0007510229
0,0,2.259646e-23
1,0,0.00035967425
1,0,2.195797e-05
0,0,2.6017126e-21
0,0,5.4265273e-30
0,0,7.828788e-23
0,0,1.13671036e-17
1,0,0.0053066374
0,0,3.2010174e-20
0,0,9.777562e-23
1,0,0.00046690836
1,0,0.0007803754
0,0,1.4e-44
0,0,2.1e-44
0,0,2.0142e-41
0,0,1.5969253e-12
0,0,7.7273725e-08
0,0,0.0
0,0,0.004024374
0,0,2.4503204e-27
0,0,4.1432144e-35
1,1,0.9154464
0,0,3.502231e-20
0,0,5.9754613e-05
0,0,2.4738067e-22
0,0,1.0026886e-16
1,0,0.47274548
0,0,6.324533e-16
0,0,7.504899e-08
0,0,2.0857422e-11
1,0,0.0049280915
0,0,1.5706036e-26
0,0,7.1222055e-25
0,0,9.447087e-19
0,0,2.363803e-22
0,0,3.476485e-14
0,0,1.8298952e-24
1,0,0.34054583
0,0,1.6109128e-26
0,0,1.2559942e-24
1,1,0.9999671
0,0,3.0173364e-29
0,0,4.1516145e-28
1,1,0.75173104
0,0,3.3507972e-37
0,0,7.091569e-06
0,0,0.0
0,0,0.0
0,0,3.263013e-31
1,0,0.0010471516
0,0,1.7375e-41
0,0,6.064651e-26
0,0,7.322072e-17
1,1,0.9195052
1,1,0.9999355
0,0,4.2273457e-37
0,0,7.72217e-20
0,0,1.7587766e-20
0,0,9.906233e-21
1,0,0.007199665
0,0,2.9263417e-23
0,0,7.2415895e-07
1,0,2.881638e-08
0,0,9.373981e-30
1,1,0.99771714
0,0,1.9768769e-23
0,0,3.1301819e-21
0,0,0.0
0,0,2.1548721e-21
0,0,9.567296e-22
0,0,8.171519e-37
0,0,6.0322583e-33
0,0,1.1337347e-18
0,1,0.6081017
0,0,3.980822e-31
1,1,0.908823
0,0,1.4547039e-21
0,0,3.3360848e-26
1,0,0.23477641
0,0,1.0486994e-29
1,1,0.99653107
0,0,2.3256522e-10
0,0,0.10896662
0,0,7.136533e-19
0,0,9.37529e-40
1,1,0.99999964
0,0,5.060752e-19
1,0,0.0003125616
0,0,1.1614336e-36
0,0,4.256714e-38
0,0,5.5264945e-06
0,0,7.2519314e-34
0,0,8.271208e-13
0,1,0.9900984
1,0,5.0296396e-05
0,0,1.6741692e-13
0,0,0.0
0,0,9.2114235e-21
0,0,6.098155e-17
0,0,0.0
0,0,9.4305605e-34
0,0,6.955254e-18
0,0,1.6075984e-33
0,0,3.9365925e-30
0,0,3.9490676e-12
0,0,2.728685e-20
0,0,2.009135e-15
0,0,0.0
0,0,7.7995615e-19
1,1,0.9999695
0,0,6.1915e-41
1,1,0.999846
0,0,1.5028642e-35
0,0,1.2857141e-26
0,0,6.922358e-24
0,0,1.9170184e-32
0,0,1.0279866e-17
0,0,1.3592463e-23
1,1,0.9814
0,0,1.2100214e-33
0,0,6.3423e-41
0,0,5.5506966e-17
0,0,3.9084946e-21
0,0,1.9462991e-19
1,0,0.00021695366
0,0,7.224024e-17
0,0,2.96916e-39
0,0,3.1772485e-26
0,0,4.4413525e-23
0,0,1.9883952e-31
1,0,0.0013501921
0,0,6.723302e-21
0,0,7.444764e-23
0,0,1.2130815e-17
0,0,0.0007667552
1,1,0.7027549
0,0,1.0646648e-23
0,0,5.242635e-11
0,0,5.436828e-29
0,0,1.9417392e-33
0,0,1.3539239e-19
1,0,0.13410121
0,0,8.317476e-22
0,0,1.9277038e-16
1,1,0.99848866
0,0,8.974945e-19
0,0,4.5366965e-23
0,0,1.14974e-19
0,0,0.0
0,0,2.6475053e-22
1,1,0.999566
0,0,9.7551484e-20
0,0,6.3968825e-10
1,0,0.14614816
0,0,0.043473978
0,0,1.6239231e-36
1,1,0.99780446
0,0,2.5849931e-14
0,0,4.998771e-37
0,0,8.528246e-36
1,0,0.18424845
0,0,3.9e-44
0,0,7.120304e-10
0,0,1.9112763e-20
0,0,3.1e-44
0,0,1.5704258e-16
0,0,3.006553e-18
0,0,1.1430781e-29
0,0,1.07890084e-23
0,0,9.569628e-38
0,0,1.5178392e-34
0,0,2.9807206e-05
0,0,6.002782e-26
0,0,5.0587086e-18
0,0,3.8959943e-19
0,0,6.672296e-07
0,0,1.7079176e-22
1,0,0.13967259
0,0,2.5155621e-31
0,0,5.456779e-20
0,0,2.6830717e-28
0,0,8.718895e-31
0,0,3.5641497e-05
0,0,6.8518026e-36
1,1,0.99706894
1,0,0.0031308406
0,0,5.9984594e-25
1,0,5.5558132e-05
0,0,4.3148118e-33
1,1,0.8991124
0,0,9.65e-43
1,0,0.00023691225
0,0,6.880033e-22
1,1,0.9998597
0,0,3.1817862e-10
0,0,0.09289039
1,0,1.7694065e-05
1,1,0.93017983
0,0,3.9591818e-05
0,0,4.0760337e-08
1,0,1.1380649e-08
0,0,7.792277e-26
1,0,2.8025422e-06
0,0,9.513095e-17
0,0,4.8625874e-28
0,0,6.634756e-24
0,0,6.655665e-10
0,0,2.0384993e-33
0,1,0.99893516
0,0,2.5014336e-27
0,0,1.4991325e-18
1,0,3.751504e-05
0,0,9.965427e-15
0,0,3.8386345e-28
1,1,0.99819285
0,0,2.2544777e-25
0,0,1.5634432e-25
0,0,1.5842312e-28
1,0,0.016976394
0,0,1.2102627e-31
0,0,2.060967e-22
0,0,4.979953e-20
0,0,1.9070322e-18
0,0,2.1606868e-33
0,0,2.9232312e-29
1,0,8.586359e-08
0,0,3.4683822e-27
1,0,0.04981864
0,0,2.4268e-23
0,0,3.112424e-09
0,0,4.8580215e-15
0,0,2.8022743e-27
0,0,3.7782117e-29
0,0,5.185e-42
0,0,2.8895655e-33
0,0,3.3839e-41
0,0,9.532533e-24
0,0,1.1319508e-24
1,1,0.9997429
1,1,0.83920556
0,1,0.9252847
1,0,3.7249586e-06
0,0,3.595e-24
0,0,9.55197e-24
0,0,5.0413544e-32
0,0,3.2121093e-29
1,1,0.99982303
0,0,5.814173e-17
0,0,8.105126e-34
0,0,0.0
0,1,0.99736196
0,0,1.5725e-41
0,0,7.347711e-22
0,0,2.2741143e-22
0,0,1.4940564e-34
0,0,4.795814e-26
0,1,0.8657065
1,1,0.9999349
1,0,5.1722122e-06
1,0,3.6438792e-06
0,0,9.11418e-22
0,0,4.9638317e-20
1,0,0.004476533
0,0,3.4363884e-22
0,0,6.2166577e-15
1,1,0.9983455
0,0,0.376428
1,0,0.0029844036
1,0,0.0040330635
0,1,0.6504366
0,0,7.2506034e-34
0,0,5.322805e-16
0,0,3.8245006e-28
0,0,2.8998127e-18
0,0,8.729665e-19
0,0,0.0
0,0,2.3038227e-34
0,0,1.0308161e-28
0,0,5.40738e-27
1,1,0.80414337
0,0,2.8747434e-19
0,0,3.1790045e-27
0,0,3.944348e-23
0,0,0.0005905176
0,0,1.18685695e-11
0,0,2.6704675e-16
0,0,2.027426e-17
1,1,0.99999917
0,0,8.639695e-17
0,0,1.136165e-08
0,0,2.0427819e-17
0,0,1.7538668e-11
0,1,0.99678564
1,1,0.9998834
0,0,1.5020286e-26
0,0,6.9882923e-16
0,0,2.1367093e-13
0,0,5.224321e-10
1,1,0.9851965
0,0,1.4340451e-17
1,1,0.8834034
0,0,1.3364008e-26
0,0,2.0616526e-28
0,0,5.477886e-20
0,0,2.956362e-34
1,0,0.0014601251
0,0,4.4516903e-12
1,1,0.99899024
0,0,6.6429445e-10
0,0,3.387284e-29
0,0,3.8557317e-13
0,0,1.5736094e-17
1,0,3.9331617e-06
0,0,1.6337169e-27
0,0,2.977394e-09
0,0,0.0
0,0,4.3871575e-34
0,0,4.8849125e-37
0,0,1.1327151e-32
0,0,1.3400996e-22
1,0,0.0027568121
0,0,3.9132528e-29
0,0,1e-45
0,0,3.948944e-21
0,0,9.206111e-23
0,0,2.526158e-17
0,0,1.9261959e-32
0,0,8.681867e-36
0,0,5.4014427e-27
0,0,1.4648649e-16
1,0,2.8087554e-06
0,0,1.9642953e-21
0,0,1.4435879e-20
0,0,0.31212333
0,0,4.6037115e-23
0,0,7.7903355e-36
0,0,1.10059996e-23
0,0,3.6374936e-21
1,0,2.0529209e-14
0,0,1.6436586e-24
0,0,4.832013e-39
0,0,5.25874e-40
1,1,0.9986014
0,0,1.0217119e-17
1,1,0.65975124
0,1,0.90202296
0,0,2.2834303e-17
0,0,8.360899e-37
1,0,0.04984318
0,0,5.086523e-30
0,0,5.300156e-22
0,0,7.6935787e-23
1,0,0.0048623295
1,0,0.25419524
0,0,1.15849694e-07
0,0,3.432072e-33
0,0,5.0350064e-08
1,1,0.9997502
0,0,2.8513696e-35
1,1,0.99808097
0,0,0.0
0,0,1.8274436e-20
1,1,0.99560297
0,0,5.987312e-37
0,0,1.3427657e-22
0,1,0.9994466
0,0,2.3731976e-31
0,0,1.3152657e-18
0,0,0.023962347
0,0,9.824276e-12
0,0,5.3842063e-11
0,0,0.0073670805
0,0,1.14e-42
1,1,0.9485325
0,0,1.9877231e-07
0,0,4.875617e-17
1,0,0.002853545
0,0,1.0253e-41
0,0,4.1843398e-26
0,0,5.657172e-25
0,0,5.041183e-24
0,0,6.6638453e-25
0,0,5.0990644e-26
1,1,0.67907435
0,0,0.38404697
1,1,0.9999745
0,0,1.1983354e-33
1,1,0.99849975
0,0,1.4983661e-26
0,0,0.0
0,0,1.011729e-24
0,0,8.995648e-19
0,0,8.2960576e-29
0,0,4.8633048e-23
0,0,0.0
0,0,1.8440288e-17
0,0,1.31782e-21
1,0,0.00029620188
1,0,0.05223494
0,0,0.0
0,0,4.5840248e-26
0,0,5.930173e-35
0,0,3.0366832e-18
0,0,1.1229731e-27
0,1,0.9984647
0,0,4.7212266e-34
1,0,7.0648985e-06
0,0,2.723315e-38
1,0,0.01624119
0,0,6.032019e-21
1,0,0.025462989
1,1,0.9429229
0,0,1.6573548e-29
1,1,0.9987232
0,0,1.5333991e-29
0,0,7.0659336e-28
0,0,6.05476e-14
0,0,4.534654e-16
0,0,6.979582e-12
0,0,4.0917402e-29
0,0,4.0439825e-34
1,0,2.1556943e-05
1,0,0.00023691225
0,0,9.3225495e-32
0,0,1.5351951e-15
0,0,7.0700986e-17
0,0,1.5873632e-15
1,0,0.048681464
1,1,0.84776914
0,1,0.91957974
0,0,1.1798839e-24
1,1,0.99851793
1,0,0.0024053599
1,0,2.7070937e-09
0,0,6.2453567e-12
0,0,6.866289e-16
1,0,2.232734e-06
0,0,6.6865796e-19
0,0,3.076801e-29
0,0,2.0506638e-13
0,0,0.0003206912
0,0,2.0084862e-35
1,1,0.9838567
0,0,8.871899e-36
0,0,1.1065776e-16
0,0,2.0550152e-23
0,0,2.6492705e-13
1,0,0.49613556
0,0,0.0
0,0,2.6526137e-27
1,1,0.9989429
0,0,1.6988153e-28
1,1,0.51512516
0,0,8.5691187e-26
0,0,2.4560065e-15
0,0,9.4988945e-14
0,0,0.40482837
0,0,9.6226626e-32
0,0,3.4353968e-27
0,1,0.7964712
1,0,1.894364e-05
0,0,4.7905223e-29
0,0,1.0471654e-12
0,0,1.2336e-41
0,0,3.701773e-21
0,0,5.134492e-18
0,0,4.048357e-31
1,1,0.999861
0,0,6.2616624e-38
0,0,0.0
0,0,1.4409998e-38
1,0,1.9926858e-08
1,0,0.13726854
1,1,0.99593085
1,0,0.0002251867
0,0,4.4800297e-23
0,1,0.99516255
1,1,0.999861
1,1,0.99998903
0,0,8.64541e-22
1,0,1.9369429e-05
0,0,9.273185e-23
0,0,3e-45
0,0,3.773828e-24
0,0,2.1830084e-31
0,0,2.4372668e-14
0,0,3.3025713e-09
1,1,0.9818157
0,0,2.2865635e-21
0,0,0.024527103
0,0,1.314525e-23
0,0,3.0462489e-22
0,0,1.373295e-34
1,0,0.00029588374
0,0,4.8355903e-24
0,0,1.2589951e-27
1,0,0.0030930396
0,0,8.716412e-21
0,1,0.9995914
0,0,1.0097592e-23
0,0,1.0511684e-18
0,0,3.2148723e-26
0,0,0.0
1,1,0.80569494
0,1,0.92700785
0,0,7.190835e-18
0,0,4.117218e-20
0,0,4.6222463e-36
0,0,2.4733e-40
0,0,2.7154096e-31
1,1,0.9993369
0,0,1.42082e-40
1,0,0.053914502
0,0,9.233221e-39
0,0,5.499029e-21
0,0,8.2393594e-27
0,0,0.0014791827
1,0,8.4922874e-11
0,0,1.0283289e-15
0,0,1.22920485e-30
1,1,0.8559663
0,0,3.6930012e-28
0,0,5.776259e-05
0,0,1.5477345e-19
0,0,2.5015016e-11
0,0,1.660567e-17
0,0,8.8090356e-29
0,0,4.4332704e-19
1,0,1.1380649e-08
0,0,3.726167e-15
1,1,0.9956143
0,0,6.0745733e-22
0,0,1.4914984e-13
0,0,1.8253714e-23
0,0,1.4546158e-20
0,0,1.1893492e-27
0,0,5.4585334e-18
0,0,5.2485396e-18
0,0,3.1923733e-19
0,0,7.743156e-24
0,0,9.328504e-29
1,0,4.5288125e-05
0,0,2.4917537e-30
1,1,0.999992
0,0,1.0991642e-17
0,0,4.7550462e-33
0,0,1.6142188e-23
0,0,5.7962464e-21
0,0,3.6392913e-17
0,0,5.0044025e-36
0,0,2.451612e-26
0,0,4.107218e-31
0,0,2.6182064e-16
0,0,6.8817605e-16
0,0,4.2724726e-18
1,0,0.00016728608
0,0,1.8435574e-17
0,0,0.0
0,0,4.8421607e-32
0,0,3.3046105e-18
0,0,4.9461588e-20
0,0,1.5267507e-37
1,1,0.99961436
0,0,3.5246078e-38
0,0,1.05653725e-22
1,0,6.0790896e-08
0,0,6.084632e-24
1,1,0.5847308
0,0,3.4250827e-21
0,0,2.6385857e-27
0,0,8.743362e-34
0,0,3.157703e-38
1,1,0.98112375
0,0,1.3503772e-16
0,0,1.8612513e-06
0,0,4.7893725e-21
1,0,0.17512192
0,0,4e-44
0,0,3.3720444e-22
1,0,2.3185167e-14
0,0,3.8684667e-10
0,0,6.9178476e-23
1,0,0.00071798125
0,0,7e-45
0,1,0.99599457
0,0,9.1760837e-26
0,0,1.3475114e-38
0,0,3.3918318e-31
0,0,7.88971e-30
0,0,5.924811e-36
0,0,1.4789516e-32
0,0,1.9878899e-28
0,0,8.7928463e-38
1,1,0.9979171
0,0,4.431471e-22
0,0,1.5904549e-37
1,1,0.99999
0,0,0.0
0,0,6.7380446e-12
1,0,7.883502e-06
0,0,8.222697e-17
0,0,4.329631e-27
1,1,0.9908529
0,0,3.12e-43
1,1,0.998026
1,0,0.0010471516
0,0,2.023254e-17
1,0,2.6250682e-05
0,0,3.2291277e-06
0,0,3.125603e-08
0,0,5.571579e-14
0,0,7.129282e-30
0,0,8.0358885e-19
1,0,1.4057938e-09
1,0,2.3488883e-06
0,0,5.865785e-19
0,0,1.5636666e-29
0,1,0.9655327
0,0,6.156647e-21
0,0,6.140613e-18
1,1,0.99330395
0,0,3.1825552e-15
0,0,6.092845e-08
0,0,0.0
0,0,4.6383432e-11
1,0,2.033873e-05
0,0,3.3556457e-14
1,0,0.007647372
0,0,5.3682816e-06
0,0,2.4717705e-36
0,0,1.5744785e-34
0,0,2.9768512e-30
0,1,0.9998553
1,0,1.5435326e-05
0,0,3.1969195e-11
0,0,1.17014165e-20
0,0,4.3793496e-26
0,0,2.6518662e-06
0,0,9.295171e-06
0,0,2.915113e-14
0,0,1.0138817e-15
1,1,0.52923435
0,0,3.6432286e-21
0,0,6e-45
0,0,8.1074025e-22
0,0,1.5817326e-19
1,1,0.999982
0,0,5.093171e-27
0,1,0.9978115
0,0,5.3441744e-21
0,0,9.0496e-15
0,0,5.3987522e-24
0,0,1.29799064e-17
0,0,6.514118e-19
0,0,4.306919e-14
0,0,0.0
0,0,7.0207124e-21
0,0,0.0005019579
1,0,2.8740177e-09
0,0,3.9600648e-27
0,0,4.3732975e-30
0,0,5.8067244e-06
0,0,3.4907814e-08
0,0,0.24912404
0,0,2.6699927e-06
0,0,4.4576347e-21
1,1,0.9996445
0,0,1.3722486e-25
0,0,5.26057e-39
0,0,5.186222e-19
0,0,2.409e-41
0,0,5.11801e-32
0,0,8.5667395e-32
0,0,0.00044433694
0,0,3.343e-42
0,0,6.924962e-27
0,0,1.7314666e-16
0,0,5.122444e-17
1,0,1.4154099e-05
0,0,5.054508e-24
1,0,7.272422e-07
0,0,5.8399203e-30
0,0,1.5973324e-21
1,0,0.023713028
0,0,8.7e-44
0,0,1.6194633e-13
0,0,1.3987513e-13
1,0,2.0574448e-06
0,0,1.2671e-40
0,0,3.023374e-05
0,0,1.746868e-35
0,0,8.992856e-22
0,0,8.616666e-22
1,0,0.00084557815
0,0,5.946137e-22
0,0,7.393667e-26
0,0,4.636397e-26
0,0,3.8345724e-17
1,1,0.905458
1,1,0.99330395
0,0,1.0804615e-31
0,0,0.00016330657
0,0,2.7596648e-24
0,0,2.2020512e-25
0,0,5.179647e-23
1,0,0.01312644
0,0,1.2351012e-19
0,0,8.2831974e-19
1,1,0.99993896
0,0,8.865736e-22
0,0,6.926625e-35
0,0,3.9711088e-07
0,0,4.613045e-31
0,0,3.9832514e-24
0,0,0.08830495
1,0,1.5792534e-06
0,0,1.914969e-20
0,1,0.999549
0,0,5.504e-22
1,0,3.384427e-08
0,0,4.2696104e-08
0,0,1.314876e-23
0,0,1.1700172e-19
0,0,4.2e-44
0,0,6.4360605e-13
0,0,4.5780694e-32
0,0,1.4359243e-30
1,0,0.0008461274
0,0,1.982168e-18
0,0,0.00089453673
0,0,9.2976135e-18
0,1,0.7908144
0,0,7.5283643e-28
0,0,1.2509429e-06
0,0,8.210036e-09
0,0,2.829128e-07
0,0,5.7911206e-28
0,0,2.3542154e-10
0,0,8.887679e-22
1,0,2.3147488e-05
0,0,2.3103858e-36
1,1,0.93318033
0,0,1.8352118e-20
1,0,0.35576507
0,0,0.32759395
0,0,1.3964262e-14
0,0,1.970957e-39
1,1,0.9999845
0,0,1.0885008e-10
0,0,2.7511911e-14
0,0,2.981776e-20
0,0,4e-45
0,0,1.4120459e-22
1,0,0.0074785315
0,0,1.346892e-27
0,0,3.628109e-15
1,0,0.0005104009
0,0,1.8588174e-25
0,0,2.81185e-40
0,0,2.1742612e-35
1,1,0.9999286
0,0,4.5218735e-06
0,0,1.4514192e-18
0,0,4.263599e-33
0,0,4.8845653e-08
1,0,4.994741e-06
0,0,9.809436e-29
0,0,7.8249265e-33
1,1,0.9944971
0,0,0.0
0,0,1.3567062e-18
0,0,2.892638e-36
0,0,8.4301485e-20
0,0,1.8252916e-19
0,0,1.1796132e-25
0,0,0.395357
1,0,4.8713073e-08
1,1,0.9998036
0,0,2.5207012e-16
0,0,3.737391e-34
0,0,7.208971e-23
0,0,1.5555087e-23
1,1,0.99995065
1,0,0.0030114027
0,0,1.0439063e-28
0,0,0.0
0,0,3.6470703e-19
0,0,2.5839447e-24
0,0,4.733529e-25
0,1,0.7501102
0,0,4.901392e-38
0,0,1.1692609e-23
0,0,2.9648488e-38
0,0,6.386085e-24
0,1,0.60115814
0,0,9.193734e-28
0,0,3.2286332e-21
0,0,0.33648106
0,0,4.648107e-39
1,1,0.99958843
0,1,0.84381145
0,0,2.6832056e-20
0,0,8.51532e-11
1,1,0.9999306
0,0,2.665351e-29
0,0,1.2164404e-18
0,1,0.86918986
0,0,1.8217666e-32
0,0,1.3006643e-14
0,0,9.650169e-30
0,0,2.140568e-28
0,0,0.0013694898
0,0,9.551587e-28
0,0,2.3294049e-20
0,0,3.8641786e-38
1,1,0.99997187
0,0,3.0604232e-30
0,0,8.074297e-19
0,0,3.587002e-38
0,0,5.51281e-20
0,0,5.739373e-20
0,0,1.2080821e-10
0,0,5.536287e-20
0,0,1.7422981e-10
0,0,3.2015246e-16
0,0,6.8433755e-33
0,0,1.8892749e-21
0,0,1.5155342e-22
0,0,1.4080164e-38
0,0,1.5130732e-07
0,0,2.68e-43
0,0,1.3253847e-10
0,0,3.234344e-19
0,0,5.218654e-25
0,0,6.579e-42
1,1,0.9999286
0,0,1.1812637e-36
0,0,2.5050483e-38
0,1,0.99907684
0,0,1.0524173e-31
0,0,3.6952046e-14
0,0,3.1723417e-27
0,0,1.9039628e-35
1,1,0.6039672
1,0,1.4617959e-06
0,0,4.1478977e-19
0,0,0.019383317
0,0,1.1961565e-11
1,0,0.08510749
0,0,4.22242e-40
0,0,0.0
0,0,4.8278395e-13
0,0,6.4062416e-38
1,1,0.99999666
0,0,2.8363179e-31
0,0,3.1935394e-21
1,0,0.0030930396
1,0,1.2872499e-05
0,0,2.441707e-28
0,0,3.7606127e-21
0,0,8.003962e-08
0,0,7.3399337e-34
1,0,0.0037605877
0,0,5.0239764e-11
0,0,3.3549282e-22
0,0,3.3751448e-07
0,0,2.118876e-21
0,0,1.7717699e-16
0,0,1.7005e-41
0,1,0.9991266
0,0,4.0125335e-31
0,0,4e-45
0,0,0.030156296
1,0,0.0009709853
1,0,0.18424845
1,0,2.2944027e-12
0,0,1.885203e-33
0,1,0.9921142
1,1,0.99963117
0,0,9.655356e-16
0,0,1.7413422e-09
0,0,1.9719773e-12
0,0,3.267221e-17
0,0,1.6330797e-14
0,0,5.4105886e-12
0,0,1.09715595e-35
0,0,2.4644775e-33
1,0,2.1265976e-05
0,0,9.4833e-27
0,0,7.677794e-33
0,0,2.4184316e-27
0,0,5.1957162e-23
0,0,4.5593853e-25
0,0,2.8192211e-08
0,0,1.7111481e-19
0,0,4.8455394e-33
0,0,1.1921272e-15
0,0,1.3387071e-11
0,0,3.0920482e-15
0,0,2.3177291e-22
0,0,4.915509e-31
0,0,2.6759194e-26
0,0,1.1541612e-33
0,0,1.53e-42
0,1,0.68211806
0,0,1.2310218e-21
0,0,1.0796666e-08
1,1,0.74755454
1,1,0.78668517
0,0,2.9175933e-22
1,1,0.9776844
1,1,0.9999982
1,1,0.9999049
0,0,2.4631147e-18
0,0,8.429466e-29
0,0,6.953376e-24
1,0,2.2419295e-07
1,0,8.9202236e-05
0,0,3.016198e-21
0,0,3.0324401e-22
0,0,9.525044e-24
1,1,0.65975124
0,0,1.1842924e-19
0,0,1.0480478e-21
0,0,0.0
0,0,0.31575403
0,0,2.1e-44
0,0,3.112899e-13
1,0,0.00998821
0,0,0.0
0,0,9.491148e-28
0,0,4.3197093e-30
1,1,0.999223
0,0,1.4434701e-23
1,0,7.604842e-07
1,0,0.0060766665
0,0,1.4878271e-21
0,0,2.1211642e-29
0,0,0.0
0,0,5.053648e-21
0,0,3.0622782e-31
0,0,1.0316059e-22
0,0,6.7939736e-20
0,0,3.2039274e-26
1,0,0.14584763
0,0,2.490816e-20
0,0,0.0
0,0,1.5431271e-23
0,0,9.518836e-16
0,0,0.0
0,0,1.0044029e-25
0,0,1.0310185e-13
0,0,3.537183e-05
0,0,4.3814452e-23
0,1,0.9942591
0,0,2.733475e-29
0,0,0.0
0,0,7.010502e-25
0,0,2.3469045e-35
0,0,2.1729163e-06
0,0,1.9029862e-05
0,0,4.6744074e-31
1,1,0.9988399
0,0,0.0
1,0,0.059340354
1,0,0.00046690836
0,0,8.213484e-16
0,0,1.0258589e-33
0,0,1.5602404e-14
1,1,0.9999349
1,1,0.9999685
1,0,0.01624119
0,0,9.268e-42
0,0,3.772054e-11
0,0,4.37e-42
0,0,0.0031865053
1,0,0.0013501921
0,0,2.439813e-16
0,0,1.8611408e-14
0,0,1.001406e-20
0,0,4.0428895e-33
0,1,0.9981688
0,0,4.634967e-25
1,0,0.00024375846
0,0,8.194525e-22
0,0,3.1940745e-14
0,0,2.8424917e-16
0,0,3.9918777e-06
0,0,1.5057706e-24
0,0,4.0585377e-28
0,0,1.7684891e-15
0,0,6e-45
0,0,9.037499e-21
0,0,2.360879e-33
0,0,5.7540554e-22
0,0,8.82126e-40
1,0,0.0031593181
0,0,1.1832493e-34
0,0,5.158181e-28
0,0,2.1218461e-27
1,1,0.78668517
0,0,9.413e-42
0,0,2.0239446e-21
1,0,0.17141505
1,0,3.7994116e-08
0,0,1.5218563e-20
0,0,8.838553e-37
0,0,2.5198443e-17
0,0,5.3912322e-27
0,0,4.1652504e-16
0,0,9.784152e-33
0,0,2.4687605e-09
1,1,0.9991516
0,0,2.7523294e-22
0,0,3.1636616e-29
0,0,8.717271e-11
1,0,0.0068779546
0,0,8.0290545e-19
0,0,5.613353e-13
0,0,1.4000938e-17
0,0,0.0
0,0,0.0
0,0,0.21833141
0,0,4.7438784e-21
0,0,9.313073e-29
0,0,4.184e-42
0,1,0.9962651
0,0,2.6647986e-24
1,1,0.99999976
0,0,4.8424234e-08
0,0,7.6106096e-33
0,0,3.0584362e-32
0,0,3.6457045e-28
0,0,1.2067009e-13
1,0,0.00015171921
0,0,9.159223e-12
0,0,2.0094534e-11
0,0,4.309252e-33
0,0,0.0
0,0,5.004362e-22
0,0,1.04933135e-22
0,0,3.0688918e-27
0,0,3.9726197e-21
0,0,1.0188886e-20
1,0,0.0017326452
1,0,1.715361e-05
0,0,1.3297229e-20
0,0,1.2386818e-20
0,0,5.46502e-38
1,0,0.025935208
0,0,7.0527386e-28
0,0,2.4658643e-22
0,0,0.04806087
1,1,0.9996445
0,0,3.2315433e-27
0,0,2.4831707e-34
0,0,2.0109235e-28
1,0,0.08016415
0,0,6.4717705e-17
0,0,1.5997748e-32
1,1,0.58814883
0,0,1.326964e-31
0,0,1.6237232e-12
0,0,4.937115e-18
0,0,1.4960225e-21
0,0,3.5216833e-20
0,0,8.094872e-18
0,0,2.033344e-24
0,0,3.4935807e-22
0,0,6.2701954e-05
0,0,1.4918953e-15
1,0,1.8658031e-07
0,0,3.2029922e-15
1,0,0.00031893226
0,0,0.0
1,1,0.99253887
0,0,3.309198e-28
0,0,4.1856447e-28
0,0,1.8133172e-05
0,0,7.799432e-29
0,0,9.064586e-32
0,0,3.311983e-39
0,0,5.1420675e-22
0,0,5.323216e-29
0,0,1.3451697e-15
0,0,4.6954714e-11
0,0,0.0
0,0,2.8865335e-12
0,0,1.3061944e-20
0,0,6.171932e-21
1,0,3.615424e-05
0,0,0.0
0,0,1.7825873e-19
0,1,0.933279
0,0,1.0500177e-19
0,0,3.40628e-29
1,1,0.9999875
0,0,3.374407e-10
0,0,1.6887672e-29
1,1,0.9854586
0,0,7.83345e-15
1,1,0.67907435
0,0,4.967191e-25
0,0,2.83e-43
0,0,1.8246076e-21
0,0,8.4993506e-19
0,0,2.059335e-12
0,1,0.9999149
0,0,6.3297556e-28
0,1,0.99129957
0,0,2.598024e-28
0,0,1.7168854e-23
0,0,1.03381e-40
0,0,5.505194e-08
0,0,2.0106215e-31
0,0,0.0
0,0,2.9500802e-16
0,0,0.0
1,0,3.615424e-05
0,0,3.1890302e-24
0,0,2.0909438e-19
0,0,6.9528983e-09
0,0,9.3212075e-30
0,0,4.4567e-28
0,0,2.3849296e-18
0,0,3.835618e-21
0,0,2.4308885e-36
0,0,2.3132114e-18
0,0,1.6939983e-05
0,0,1.3999215e-19
0,0,1.0430109e-20
0,0,7.596061e-15
0,0,1.4920819e-24
0,0,5.677171e-17
0,0,1.6415457e-33
1,0,1.0547321e-05
0,0,1.04929e-40
0,0,3.981959e-32
0,0,1e-45
0,0,1.5293655e-10
0,0,1.02958304e-26
0,0,4.375677e-33
0,0,8.755993e-08
0,0,1.5328509e-27
0,0,2.984681e-18
0,0,1.7536908e-21
1,1,0.99983215
0,0,4.1792137e-21
0,0,4.7041296e-19
0,0,5.3217493e-31
1,0,0.0089279665
0,0,1.169197e-39
0,0,6.325803e-11
0,0,9.819884e-21
0,0,4.9863895e-23
0,0,3.9543305e-26
0,0,4.859576e-31
0,0,1.8712468e-17
0,0,1.1790601e-17
0,0,1.7478695e-33
0,0,1.4572643e-21
0,0,2.5760705e-17
1,0,0.008275232
0,0,0.00017622078
0,0,2.2206573e-20
0,0,2.0637652e-32
0,0,6.867429e-27
0,0,4.5492934e-24
0,0,1.755893e-21
0,0,7.775269e-32
0,0,4.4177544e-12
1,0,0.015197382
0,0,3.531848e-31
1,1,0.99919325
0,0,3.068802e-17
0,0,1.2889536e-21
1,0,0.23498744
0,0,4.23356e-29
1,0,0.0003125616
1,0,2.8997922e-05
1,1,0.99989283
0,0,2.0756027e-22
0,1,0.7825014
0,0,9.770181e-30
0,0,4.6748435e-20
0,0,3.398993e-17
0,0,5.718689e-31
0,0,8.7492474e-16
0,0,8.843738e-09
0,0,1e-44
0,0,4.8688735e-23
0,0,4.798782e-17
0,0,1.7045911e-06
0,0,1.4748708e-12
1,1,0.8825349
0,0,1.6751381e-23
0,0,1.6693951e-25
0,0,8.1202635e-33
0,0,8.585496e-22
0,0,1.0353663e-31
1,0,0.002170967
0,0,1.0747306e-17
1,0,2.0063193e-05
0,0,1.1981081e-16
0,0,3.1563864e-18
1,0,4.9196136e-10
0,0,0.0
0,0,1.3174366e-23
1,0,8.9202236e-05
1,0,0.014789313
0,0,0.0
0,0,1.696e-42
0,0,4.3826007e-22
1,1,0.99154973
0,0,3.2121894e-10
0,0,6.227243e-30
0,0,1.59765e-20
0,0,3.3703586e-30
0,0,1.9912754e-35
0,0,5.140322e-22
0,0,1.5659322e-10
0,0,7.0966924e-23
0,0,4.6070462e-32
0,0,4e-45
0,0,5.2487962e-08
0,0,4e-45
0,0,2.6386135e-10
0,0,2.2466315e-32
0,0,3.7155263e-05
0,1,0.7904025
0,0,7.76e-43
0,1,0.9902176
0,0,5.7786943e-05
0,0,6.6241505e-06
1,0,0.011879484
1,0,0.004724428
0,0,7.4887537e-20
0,0,3.98e-43
0,0,9.382978e-34
0,0,1.83155e-32
1,0,0.15571421
0,1,0.9999145
1,1,0.98584926
0,0,5.611462e-38
0,0,1.6391007e-16
0,0,1.0285397e-17
1,0,4.8713073e-08
0,0,2.6024442e-23
1,0,0.0025997013
1,1,0.99998355
0,0,2.327973e-14
0,0,1.0712335e-35
0,0,3.2263404e-07
0,0,1.9321147e-30
0,0,5.7211574e-15
0,0,6.71455e-40
0,0,1.3234714e-30
0,0,2.681222e-34
0,0,1.0153156e-19
0,0,0.0
0,0,9.041009e-15
0,0,2.9092194e-18
0,0,2.0351276e-25
0,0,1.7527215e-13
0,0,6.0798943e-06
0,0,9.28764e-06
1,1,0.99928916
0,0,6.282838e-23
0,0,2.3229006e-20
0,0,5.7897376e-25
0,0,5.7316876e-22
0,0,8.458839e-15
0,0,9.658568e-37
0,0,3.3769918e-12
1,0,0.00021415629
0,0,4.7015053e-10
0,0,1.8485847e-18
0,0,1.0610773e-14
0,0,3.7789364e-12
0,0,2.6161274e-18
0,0,1.4436072e-31
0,0,3.6863146e-21
0,0,7.8595047e-19
0,0,2.4934843e-07
0,0,1.1521898e-19
0,0,3.73097e-25
1,0,0.00029534433
0,0,3.877684e-26
0,0,1.0432251e-29
0,0,1.6908354e-30
0,0,7.782779e-24
0,0,9.868078e-18
0,0,1.4873742e-12
0,0,1.8904448e-19
0,0,8.039808e-09
0,0,8.8260283e-35
0,0,3e-45
0,0,9.4104256e-36
0,1,0.9990361
0,0,3.9364265e-38
0,0,2.40772e-17
1,0,2.7070937e-09
0,0,1.1866361e-17
0,0,3.529034e-23
0,0,8.716487e-19
0,1,0.9971877
0,0,1.5891704e-28
0,0,1.2220368e-16
0,0,5.792449e-12
0,0,0.0
1,1,0.99999046
0,0,6.616971e-21
0,0,3.4357557e-09
0,0,1.6811675e-24
0,0,3.99715e-12
0,0,3.1267e-41
1,1,0.9999976
1,0,0.0002925776
1,1,0.97310954
0,0,5.052914e-14
0,0,3.800904e-31
0,0,1.7586366e-19
0,0,4.7241703e-31
1,0,1.4154099e-05
0,0,0.0
0,0,7.808109e-18
0,0,5.604204e-07
0,0,1.339291e-16
0,0,9.791237e-35
0,0,1.9091533e-30
0,0,3.0963337e-37
0,0,2.9147535e-24
0,0,2.6416159e-28
0,0,5.533189e-18
0,0,4.5166326e-30
0,0,4.7026045e-19
1,0,0.002170967
0,0,5.6883e-41
1,0,9.215807e-08
1,0,0.0026356368
0,0,4.0182624e-31
0,1,0.99691665
1,0,0.0011015355
0,0,5.6692987e-15
0,0,3.1337878e-30
0,0,3.4265175e-30
0,0,1.280963e-15
0,0,1.08692805e-29
0,0,1.2911166e-32
0,0,4.7e-42
0,0,3.467559e-36
0,0,1.6951254e-28
0,0,2.6006907e-36
1,0,0.0159811
0,0,2.5578597e-30
1,1,0.7179488
0,0,7.399822e-25
0,0,7.715319e-25
0,0,1.5955706e-23
0,0,3.2994031e-21
0,0,6.635849e-30
0,0,0.0
0,0,1.9625336e-15
0,0,1.991075e-23
0,0,5.6157463e-15
0,0,5.0080806e-09
1,0,1.6860516e-06
0,0,4.943105e-19
0,0,7.7500395e-32
0,0,1.4173868e-32
0,0,2.2255642e-23
0,1,0.98880905
1,0,0.0024610981
0,0,3.6161035e-29
0,0,1.00548167e-22
0,1,0.99942183
0,0,5.8982933e-28
0,0,2.039543e-24
0,0,8.3663174e-08
0,0,2.2359418e-34
0,0,1.1638268e-09
0,0,4.3765482e-24
1,0,0.00071327784
0,0,4.391432e-24
0,0,8.6492817e-19
0,0,8.294085e-24
0,0,4.539768e-20
1,0,0.00047173616
0,1,0.9986972
0,0,3.2988964e-23
0,0,5.137749e-24
0,0,4.2528945e-18
0,0,2.9732813e-19
0,0,3.7762168e-25
0,0,0.0
0,0,1.4572433e-27
0,0,4.32227e-20
1,1,0.99336046
0,0,0.0005256459
1,1,0.8252799
0,0,2.2508365e-23
0,1,0.99996734
0,0,1.5239189e-27
0,0,3.1080652e-27
0,0,1.9614974e-26
1,0,0.0013396465
1,1,0.99861395
1,0,1.8586178e-11
0,0,4.6556104e-33
0,0,1.2740503e-11
0,0,3.3816618e-25
0,0,5.676624e-34
0,0,8.2981295e-18
0,0,1.3650181e-17
0,0,3.549977e-15
0,0,1.5617967e-34
0,0,4.091071e-28
1,0,0.0014519444
1,0,0.0073775565
1,1,0.9973014
0,0,7.020986e-27
0,0,1.7622227e-19
0,0,8.0237824e-28
0,0,6.4278146e-21
1,0,0.0010471516
0,0,0.0
0,0,1.7429774e-16
0,0,0.0
0,1,0.9994517
0,0,0.0
0,0,2.645793e-19
0,0,7.341099e-22
0,0,4.3262663e-18
1,0,2.243858e-08
0,0,0.00042774293
0,0,1.8666677e-19
0,0,3.6607338e-17
0,0,0.018196646
0,1,0.9791256
1,1,0.99999094
1,0,0.001452959
0,0,1.1702123e-14
0,1,0.9893742
0,0,2.4723804e-16
0,0,5.4649955e-32
1,0,2.6733513e-09
0,0,1.0983077e-27
0,0,4.6559087e-27
0,0,4.22725e-14
0,0,1.1254628e-23
1,1,0.9944153
0,0,3.6797723e-26
0,0,5.8289755e-13
0,0,9.249142e-27
0,0,5.717293e-31
0,0,9.317631e-27
0,0,0.000126662
0,0,0.0
0,0,5.647621e-17
0,0,0.00011691265
1,1,0.99849975
1,1,0.9999331
0,0,2.933811e-10
0,0,0.0
1,1,0.9995882
0,0,2.29133e-40
0,0,3.6719284e-29
0,0,2.9930132e-27
0,0,1.6695164e-32
0,0,1.15592115e-30
0,0,5.158415e-29
1,0,0.0023665314
0,0,8.192707e-31
0,0,6.514658e-21
0,0,2.4292927e-22
1,0,1.3058507e-06
0,0,1.3088e-41
0,0,1.15e-43
0,0,1.537962e-15
1,0,0.0005272754
0,0,3.081272e-13
0,0,1.0839548e-22
1,0,0.37025258
1,0,1.6955249e-06
0,0,5.3700622e-30
0,0,2.5925385e-21
0,0,8.805351e-34
0,0,2.2917477e-16
0,0,7.4463736e-07
1,1,0.98025537
0,0,1.646042e-10
1,0,0.022841662
0,0,1.7483013e-20
0,0,1.8394279e-31
0,0,9.0874557e-13
0,1,0.99997854
0,0,5.9e-44
1,1,0.99675447
0,0,2.54e-41
0,0,0.250426
1,1,0.9999305
0,0,4.8973813e-20
0,0,2.538136e-13
0,0,3.3377338e-37
1,1,0.9971378
0,0,5.5458595e-21
0,0,1.4706239e-34
1,0,0.0030111605
0,0,1.7792175e-19
0,0,3.1726595e-14
1,1,0.9993968
0,1,0.9000112
0,0,1.0889759e-26
0,0,2.9008877e-17
0,0,3.4870632e-26
0,0,2.1793398e-23
0,0,7.5842924e-26
0,1,0.99552107
0,0,4.2152534e-29
0,0,4.6002707e-08
0,0,1.0957561e-25
0,0,5.14717e-22
0,0,0.0
1,1,0.99999917
1,0,0.15571421
0,0,3.1e-44
0,0,3.3426824e-19
1,1,0.99728775
0,0,3.32028e-25
1,0,1.3466168e-06
1,0,4.5288125e-05
0,0,9.631883e-09
0,0,0.00018184725
0,0,3.2685202e-23
0,0,1.20411424e-17
0,0,2.7545934e-33
0,0,3.395701e-32
1,0,0.0003857844
0,0,8.761974e-06
0,0,0.0
0,1,0.99999976
0,0,0.0
0,0,4.6573957e-29
0,0,1.126066e-12
0,1,0.9963271
0,0,4.8e-44
0,0,8.259106e-08
0,0,1.2791912e-36
0,0,3.572081e-21
0,0,7.471602e-13
0,0,5.3950974e-28
0,0,4.6196946e-19
1,1,0.8252799
0,0,1.0424249e-30
0,0,3.101525e-36
0,0,0.0
0,0,1.5842998e-18
0,0,2.2862775e-12
0,0,7.663831e-27
0,0,6.1492957e-15
1,1,0.9999646
0,0,2.2735863e-21
0,0,0.001809279
0,0,3.4718458e-22
0,0,1.7199962e-19
0,0,0.0
0,0,1.243183e-21
0,0,2.0826694e-37
0,0,8.78568e-36
1,1,0.6288682
0,1,0.8769668
0,0,1.6163224e-20
0,0,1.9076706e-20
1,0,0.25983518
0,0,0.0
1,0,2.2769642e-05
0,0,3.7147324e-20
0,0,0.0
1,1,0.99999547
0,0,3.408516e-29
0,0,1.646781e-20
1,0,0.00084557815
0,0,1.0147787e-09
0,0,8.485342e-22
1,0,0.015975997
0,0,5.3294964e-21
0,0,1.7763642e-32
0,0,1.1925685e-30
0,0,8.328193e-33
0,0,1.5147016e-07
0,0,1e-44
0,0,6.926287e-26
0,0,4.3968724e-20
1,1,0.8696993
0,0,0.0
0,0,3.0658044e-26
0,0,5.8149374e-10
0,0,5.315023e-20
0,0,0.0047906064
1,1,0.99998116
0,0,1.2748586e-24
0,0,1.499377e-20
0,0,0.0
0,0,9.606206e-22
0,0,4.985561e-06
0,0,0.0
0,0,3.060914e-22
0,0,2.9997432e-21
1,1,0.9999949
1,0,1.8470086e-05
1,0,0.0003125616
0,0,3.0656424e-25
0,0,7.209402e-18
0,0,1.7680241e-22
0,0,1.0881699e-19
0,0,3.9524406e-07
1,1,0.9999958
0,0,8.353335e-24
1,1,0.99996805
0,0,1.4909554e-06
0,0,1.976491e-17
0,0,1.16450156e-17
0,0,4.992766e-38
0,0,1.0131583e-31
0,0,7.16069e-40
0,0,3.4499583e-21
0,0,1.6472226e-18
0,0,4.4907386e-24
0,0,4.6324677e-28
0,0,2.0537194e-33
0,0,6.916966e-26
0,0,7.833091e-30
1,0,1.1146422e-05
0,0,1.613335e-27
0,0,1.08330444e-32
0,0,8.0076395e-20
0,0,1.5537601e-22
1,1,0.9903837
0,0,1.5601321e-08
0,0,3.5076404e-23
0,0,2.508711e-23
1,0,0.00043718435
0,0,4.1585473e-25
1,0,5.7146018e-08
0,0,2.8664976e-34
0,0,9.64e-42
0,0,3.8951803e-10
1,0,2.7395545e-06
1,0,2.0528448e-08
0,0,1.01976964e-23
0,0,4.39488e-26
0,0,4.3503124e-18
1,0,0.0003015987
0,0,1.7704101e-18
0,1,0.98938435
0,0,1.815135e-32
1,1,0.7329387
0,0,1.5465148e-09
0,0,3.062102e-39
0,0,5.424532e-18
1,0,1.0886389e-06
0,0,4.2236425e-35
0,0,8.107787e-26
0,0,1.4835467e-38
0,0,1.344178e-25
0,0,0.0
1,1,0.9999325
1,1,0.999948
0,0,4.8234388e-21
0,0,5.920974e-20
0,0,2.6088579e-10
0,0,0.3094297
1,0,0.03658843
0,0,2.9928893e-11
0,0,1.8193622e-07
0,0,9.959163e-14
0,0,0.012385022
0,0,0.0
0,0,1.4683567e-15
0,0,1.7309604e-06
1,0,0.033600528
1,1,0.99889624
1,0,2.9234337e-09
1,0,3.0322472e-05
0,0,5.364339e-19
0,0,2.575866e-38
1,1,0.9998735
0,0,8.088839e-14
0,0,0.0040823156
0,0,1.1980897e-31
0,0,3.9256715e-32
0,0,3.1168623e-35
1,1,0.97339636
0,0,1.466051e-22
0,0,3.9058496e-17
0,0,4.8445947e-34
1,1,0.98601764
0,0,6.7265357e-28
1,1,0.9451649
0,0,1.362712e-19
0,1,0.99999046
0,0,2.0618e-40
0,0,6.6819786e-11
1,0,1.6575501e-11
0,0,1.3817351e-25
0,0,9.0525676e-23
0,0,3.159675e-33
0,0,5.3322782e-15
0,0,5.40738e-27
0,0,4.9821707e-37
0,0,7.568793e-13
0,0,2.8170717e-15
0,0,2.6824873e-29
0,0,0.0
1,0,0.014789313
0,0,3.642369e-35
0,0,1.8665639e-16
0,0,4.2897335e-11
1,0,2.1165236e-07
0,0,4.1548707e-09
0,0,1.7090424e-25
0,0,2.0835261e-16
0,0,1.0084967e-23
0,0,8.960235e-19
0,0,1.6588218e-22
0,0,1.5608013e-20
0,0,3.1e-44
0,0,1.84664e-25
0,0,5.7060083e-38
0,0,3.1467285e-28
0,0,0.0
0,0,6.7692955e-27
0,0,1.1133661e-29
0,0,6.0998517e-25
0,1,0.9997172
1,0,0.00032892684
1,0,1.1552373e-06
0,0,5.1716933e-22
0,0,4.4737497e-36
1,0,0.0072171055
0,0,7.931432e-18
0,0,2.6000807e-32
0,0,8.138885e-22
0,0,4.217198e-30
0,0,1.41905e-40
1,1,0.9994024
1,1,0.99959224
1,0,0.072673686
0,0,5.8801813e-22
0,0,6.983542e-18
0,0,1.0457091e-33
0,0,4.813361e-23
0,0,8.848497e-07
0,0,1.1081948e-25
0,0,2.0620057e-14
0,0,1.2470089e-17
1,0,0.037287325
1,1,0.99954504
0,0,5.859882e-26
0,0,7.670018e-23
0,1,0.96752006
0,0,1.5797273e-08
0,0,1.5669427e-24
1,0,0.08107178
0,0,0.0007966976
0,0,3.3817979e-21
0,0,4.401494e-17
0,0,5.047511e-25
1,1,0.9986792
1,1,0.99993956
0,0,9.1511065e-30
0,0,4.626526e-09
0,0,5.462e-42
0,0,1.1764656e-28
0,0,6.5109164e-18
0,0,3.2079026e-18
0,0,1.4376015e-30
0,0,9.976466e-36
0,0,5.8443015e-18
0,0,6.4524064e-36
1,0,0.42489088
0,0,8.825218e-13
0,0,2.7073915e-10
0,0,2.1145073e-14
0,0,5.4655957e-26
0,0,1.3365809e-16
0,0,1.0930867e-28
0,0,2.3253807e-22
1,0,0.016976394
0,0,7.8044e-37
0,0,9.62273e-18
1,1,0.9986014
0,0,7.3960796e-22
1,0,0.0044357795
0,0,5.911278e-17
0,0,3.5925803e-13
0,1,0.9933955
0,0,1.7374372e-13
1,0,4.3433017e-09
0,0,5.0644344e-14
1,1,0.9950539
0,0,4.944036e-39
1,0,0.067894764
0,0,0.0
0,0,1.195576e-28
0,0,3.0835194e-38
0,0,8.714335e-17
0,0,2.4853162e-16
0,0,4.663131e-32
0,0,1.1514365e-15
0,0,7.826154e-17
0,0,9.88366e-21
0,0,6.3751695e-20
0,0,2.7310536e-24
0,0,1.2236904e-20
1,0,6.825758e-07
0,0,1.01837456e-22
0,0,8.746055e-21
0,0,3.173089e-29
0,0,2.3777284e-31
0,0,1.9709589e-30
1,0,3.8693156e-06
0,0,3.6849867e-32
0,0,2.2141828e-23
1,0,1.392476e-07
1,0,2.7737467e-05
1,0,0.020341253
0,0,5.067628e-27
0,0,9.921733e-22
0,0,2.7260833e-28
0,0,7.798092e-37
0,0,5.189765e-19
1,0,8.8286324e-05
0,0,1.9273566e-14
1,0,0.025462989
0,0,1.7227944e-18
1,1,0.99402124
1,0,0.0011202488
0,0,4.7666484e-07
0,0,6.207175e-39
0,0,8.977608e-21
1,0,0.0060766665
0,0,3.1025056e-22
0,0,1.1938347e-21
0,0,4.900452e-10
0,0,6.790291e-36
0,0,6.81004e-26
0,0,2.4573548e-16
0,0,7.794269e-26
0,0,3.9755946e-12
0,1,0.99505794
0,0,2.074542e-22
1,0,2.3185167e-14
1,0,0.095300615
0,0,6.1702323e-15
0,0,9.216007e-18
0,0,2.9095628e-26
0,0,2.7027123e-21
0,0,0.4574138
0,0,1.0384404e-37
0,0,3.58282e-29
0,0,1.5059565e-14
0,0,1.5061244e-27
0,0,1.2650836e-22
0,0,4.1579888e-19
1,0,0.060927253
0,0,1.8866946e-23
0,0,3.77951e-21
0,0,3.252702e-36
0,0,3.6742674e-37
1,0,0.0056937924
0,0,5.146186e-23
1,1,0.99990046
0,0,7.661592e-24
1,0,3.385754e-05
1,1,0.99722517
0,0,0.0
0,0,7.32848e-22
0,0,2.869601e-29
1,0,0.0009373637
1,1,0.9999845
0,0,0.0
0,0,3.2468573e-17
0,0,1.06587e-26
0,0,1.9276941e-11
0,0,1.0281351e-18
0,0,1.1130172e-38
0,0,1.05306095e-29
0,0,2.1064959e-22
0,0,8.677166e-36
1,1,0.9992729
0,1,0.9988475
0,0,7.4562974e-13
1,0,0.0010442276
0,0,1.03505215e-20
0,0,6.3706978e-27
0,0,0.0
1,1,0.98398983
1,1,0.99994016
0,0,6.9997947e-15
1,1,0.9994135
0,1,0.9899658
0,0,1.9765774e-21
0,0,1.9378544e-18
0,0,8.9725605e-09
1,0,0.18757774
0,0,9.750542e-26
0,0,3.1487625e-25
0,0,5.137598e-29
0,0,2.9935592e-36
0,0,2.326488e-16
0,0,5.782104e-39
0,0,6.911798e-18
0,1,0.59875065
0,0,3.144557e-20
1,0,1.2204839e-07
1,0,1.0638517e-10
0,0,3.4237178e-32
1,1,0.9999994
0,0,3.3204074e-32
0,0,8.069761e-14
0,0,1.7266213e-06
1,0,0.18424845
0,0,0.0042931037
1,1,0.86706996
0,0,8.976418e-34
0,0,8.236127e-26
0,0,1.5395588e-07
0,0,1.1095427e-20
0,0,0.00028916504
0,0,4.3544722e-29
0,0,2.864646e-37
0,0,6.228623e-06
0,0,5.6e-44
0,0,1.9105016e-22
1,0,1.6929057e-06
1,1,0.9997501
1,1,0.98601764
1,1,0.99995065
1,0,7.569723e-05
0,0,2.4657068e-20
0,0,1.6201982e-36
1,0,4.4630553e-09
0,0,6.1945875e-17
1,0,3.1895794e-05
0,0,7.81477e-06
0,0,4.1450364e-18
0,0,7.105522e-31
0,0,9.11661e-23
0,1,0.99958736
0,0,0.0
0,0,2.282925e-17
0,0,1.664271e-24
0,0,2.9615195e-12
0,0,9.411705e-24
0,0,3.0329175e-20
0,0,3.2372243e-09
1,1,0.99989283
1,0,4.778592e-06
0,0,1.1553779e-24
1,0,5.8053375e-11
0,0,4.961325e-38
1,0,0.067894764
0,0,3.9468585e-17
0,0,2.7366749e-09
0,0,4.44e-43
0,0,1.0258143e-21
1,0,2.3185167e-14
0,0,1.0169881e-23
0,0,5.58e-43
0,0,4.2700404e-20
0,0,4.0097233e-21
0,0,2.9528866e-29
0,0,2.365311e-28
0,0,4.2124666e-32
0,1,0.97474074
0,0,2.0448893e-11
0,0,5.14e-43
1,0,2.7070937e-09
1,0,0.00018500653
0,0,4.9557086e-15
0,0,2.5067473e-10
0,0,1.3326367e-29
0,0,8.1472503e-35
0,0,6.642508e-38
0,0,7.3907966e-17
1,1,0.99961436
0,0,1.9353492e-19
0,0,5.9782774e-21
0,0,7.850723e-27
1,1,0.9996172
0,0,2.0037065e-32
1,1,0.9951155
0,0,2.8089349e-32
0,0,0.0061913477
1,0,0.26225767
0,0,1.0706283e-21
0,1,0.88172305
0,0,0.0
0,0,6.65529e-16
0,0,2.090095e-11
1,0,2.6195758e-08
0,1,0.9994974
0,0,0.0
1,0,0.0063655935
0,0,2.6160977e-14
0,0,5.826847e-11
1,1,0.9974842
0,0,9.175965e-14
1,1,0.99998903
1,1,0.9998765
0,0,1.5520885e-31
0,0,1.5829148e-35
0,0,2.8208879e-16
0,0,2.0385455e-26
0,0,1.6117701e-30
0,0,0.0
0,0,1.0314498e-27
1,1,0.94344795
0,0,1.4697159e-07
0,0,4.005507e-27
1,0,3.856547e-06
0,0,5.441669e-08
0,0,7.532834e-16
0,0,2.5491202e-24
0,0,1.887723e-24
0,0,2.4143111e-27
1,0,5.420723e-08
0,0,7.2369324e-17
0,0,3.5173335e-20
1,0,1.7690864e-11
1,0,7.351687e-08
0,0,1.3786047e-22
0,0,2.834253e-23
1,0,6.036308e-11
0,0,3.0675904e-36
0,0,8.185655e-29
0,0,2.8e-44
0,0,0.013279622
0,0,9.973473e-11
0,0,1.5413544e-18
0,0,3.7560202e-16
0,0,3.0354624e-21
0,0,9.33877e-34
0,0,1.2888953e-35
0,0,1.004435e-07
1,0,0.00022422217
0,0,5.3895353e-31
0,0,4.864787e-24
0,0,7.1575078e-06
0,0,1.49857e-21
0,0,5.75669e-22
1,1,0.99954504
0,0,5.3794066e-32
0,0,0.0009909959
0,0,0.14803296
0,0,1.5016123e-16
1,0,1.9323801e-11
0,0,6.4231854e-20
0,0,4.2130203e-21
0,1,0.8143854
1,0,1.6434702e-06
0,0,3.5991015e-25
0,0,2.5528136e-35
0,0,2.566594e-18
0,0,0.0
0,0,1.4429932e-20
0,0,1.0871293e-25
0,0,1e-45
1,0,2.232734e-06
0,0,1.2585328e-29
0,0,1.2866811e-18
0,1,0.99969006
0,0,3.209183e-21
0,0,7.904831e-23
0,0,1.9914416e-21
0,0,2.286502e-29
0,0,0.0
0,1,0.9377171
0,1,0.9992974
0,0,5.4400815e-08
1,0,0.0019022875
1,0,0.020823848
0,0,4.138842e-26
0,0,5.838469e-31
0,0,1.546514e-25
0,0,1.3e-44
0,0,3.1536742e-28
1,1,0.99998295
0,0,3.4601173e-15
0,0,2.9419275e-27
1,0,0.17001466
0,0,5.6293506e-13
1,1,0.99956137
1,0,0.0008461274
1,0,0.0045281327
0,0,9.087432e-18
1,0,0.0021975215
0,0,5.05927e-25
1,0,7.0648985e-06
0,0,1.203996e-30
0,0,0.0
0,0,9.781714e-28
0,0,0.3990542
0,0,8.50767e-23
0,0,7.04722e-22
1,1,0.99834454
0,0,4.879878e-13
0,0,5.307195e-07
0,0,3.5133767e-28
0,0,4.9548995e-36
0,0,1.0962464e-38
0,0,1.1643727e-32
0,0,8.4427144e-24
0,1,0.99955505
0,0,1.8019694e-27
0,0,7.5037095e-20
0,0,0.0
0,0,1.67558e-37
0,0,2.1246188e-32
0,0,1.03301e-40
0,0,8.95156e-40
0,0,2.989358e-22
0,0,9.060768e-28
0,0,1.5598224e-16
1,0,0.0045811753
0,0,5.940944e-11
0,0,1.0743678e-21
0,0,2.4062312e-18
0,0,1.2625554e-25
1,0,0.0005751583
0,0,5.2068075e-38
0,0,1.5135239e-14
0,0,3.7080116e-18
0,0,3.7082256e-32
0,0,4.5132613e-28
1,1,0.9999808
0,0,1.9464241e-09
0,0,2.8236783e-37
0,0,2.6562303e-11
1,0,7.0648985e-06
1,1,0.9909711
0,0,6.2701816e-20
0,0,1.8297393e-19
0,0,5.7404494e-19
0,0,2.68e-43
0,0,9.36416e-21
0,0,1.5331074e-13
0,0,5.9313894e-22
0,0,1.2900499e-22
0,0,5.145211e-28
0,0,1.1834908e-15
1,0,0.0077221203
0,0,3.6930377e-16
1,1,0.997471
1,1,0.9429229
0,0,1.8271075e-29
0,0,4.6595426e-23
0,0,1.7004275e-23
0,0,0.0
0,0,1.0635603e-16
0,0,0.0
1,0,0.2777382
0,0,9.199633e-27
1,0,8.8286324e-05
0,0,1.8574843e-18
0,0,5.3543595e-35
1,0,3.9078646e-08
1,1,0.9981871
0,0,5.0086408e-29
0,0,2.3212815e-11
0,0,7.576776e-18
0,0,5.414021e-29
1,0,1.5120894e-07
0,0,1.5341028e-27
0,0,3.106966e-25
0,0,1.0467248e-05
0,0,6.6808817e-15
0,0,5.559393e-29
0,0,9.3974373e-29
0,0,6.5829424e-18
0,0,8.1736616e-24
0,1,0.9983706
0,0,1.504547e-25
0,0,5.37036e-40
0,0,3.528684e-23
0,0,2.5621814e-26
0,0,3.6529525e-38
0,0,1.2676836e-28
1,1,0.8696993
0,0,1.30667775e-20
1,0,0.0039251773
0,0,9.8377215e-23
0,0,1.0538092e-20
0,0,7.480857e-24
0,0,7.4767835e-30
0,1,0.9872973
0,0,2.5605679e-12
1,1,0.960012
0,0,2.8489333e-28
0,0,3.617771e-30
0,0,4.5070587e-17
0,0,3.8580034e-25
0,0,9.71e-43
0,0,1.3316069e-19
0,0,2.9589436e-28
0,0,2.1248312e-23
0,0,4.2514745e-37
0,0,1.5277049e-16
0,1,0.8106032
0,0,0.0
0,0,3.7010095e-14
0,0,2.3230141e-14
0,0,1.10339385e-26
0,0,0.0
0,0,0.0
0,0,2.5433675e-26
1,1,0.9999951
1,0,1.3240768e-05
0,0,1.969166e-27
0,0,4.765553e-36
0,0,8.651452e-36
1,0,8.226828e-08
0,0,3.8305e-21
0,0,4.9501466e-18
0,0,4.1062e-41
1,1,0.99690634
1,1,0.99461514
1,0,0.0007803754
0,0,6.9471237e-15
0,0,0.0
0,0,1.0367e-41
0,0,5.6440637e-11
0,0,3.7036122e-27
0,0,6.6770705e-27
0,0,1.8335945e-21
0,0,2.75407e-09
0,0,5.3753626e-33
0,1,0.69629616
0,0,1.2e-43
0,0,1.249151e-18
0,0,1.1931315e-32
1,0,7.604842e-07
1,0,0.00023779509
0,0,2.6368316e-22
0,0,1.1534262e-18
0,0,8.153978e-17
1,0,7.351687e-08
0,0,7.3100687e-10
0,1,0.7583881
1,0,2.3185167e-14
0,0,2.4379901e-12
1,1,0.99374974
0,0,3.4275024e-20
1,1,0.83074325
0,0,8.660569e-20
1,1,0.99999285
1,1,0.98786575
1,1,0.964018
0,0,1.38583e-27
0,0,5.6667664e-16
0,0,3.0477468e-23
0,0,1.8647479e-06
0,0,2.0047728e-21
0,0,4.6619603e-23
0,0,4.031115e-15
0,0,0.44552383
0,0,2.0273709e-18
0,0,2.9511877e-13
1,1,0.9993119
1,1,0.9995882
0,0,3.6579756e-29
0,0,2.5255562e-28
0,0,3.0365558e-18
0,0,1.763712e-23
0,0,1.978084e-08
0,0,0.0
0,0,1.0238861e-15
1,0,7.883502e-06
1,0,4.2225625e-13
1,1,0.999961
1,0,0.0042973286
0,0,7.8263e-41
1,0,0.04981864
1,0,5.1930074e-05
0,0,2.1370502e-22
1,0,0.0002540849
0,0,4.7935164e-38
0,1,0.8828524
0,0,2.6696022e-23
0,0,5.8235645e-24
0,0,4.0205868e-19
0,0,7.5732483e-26
0,0,1.7002702e-10
0,0,1.0142074e-21
0,0,2.3297036e-23
0,0,0.0
0,0,5.659066e-07
1,1,0.99581426
0,0,3.355099e-12
0,0,2.4207933e-13
0,0,1.9427934e-16
0,0,6.1049e-40
0,0,6.13374e-15
0,0,3.7253163e-14
1,0,0.00018500653
0,0,1.13474e-40
0,0,2.3709645e-37
0,0,0.0
0,0,6.6463516e-33
0,0,1.3930143e-31
0,0,0.0
0,0,8.607157e-18
0,0,0.17387791
0,0,2.5963344e-32
1,1,0.99905425
0,0,8.1927587e-26
0,0,6.880171e-20
0,0,7.130069e-23
0,0,5.486711e-20
0,0,3.4116655e-28
0,0,6.426607e-23
0,0,0.0
0,0,2.9081666e-05
1,1,0.9521092
0,0,1.22549015e-33
1,0,7.5925473e-06
1,0,5.864123e-06
0,0,6.773781e-22
0,0,9.704741e-28
0,0,4.828792e-15
0,0,3.3703725e-22
0,0,9.745666e-27
0,0,2.774316e-16
1,1,0.9993383
0,0,5.874e-42
0,0,3.6070236e-37
1,1,0.71460927
0,0,3.505283e-10
0,0,3.832497e-24
1,1,0.9988399
0,0,1.3427004e-20
0,0,4.279135e-37
0,0,1.8335343e-18
0,0,0.09002602
0,0,6.025408e-17
0,0,9.095654e-25
1,1,0.920628
1,1,0.9996922
0,0,2.1274302e-12
0,0,8.424019e-25
0,0,2.1017987e-31
0,0,2.7120162e-22
0,0,1.397642e-28
0,0,1.2909013e-30
0,0,2.2719517e-25
1,0,0.0036987697
0,0,9.657036e-19
1,1,0.99965525
1,0,0.13410121
0,0,4.0279555e-19
0,0,3.220696e-08
0,0,7.81225e-18
0,0,2.943e-42
1,0,4.558502e-05
0,0,2.298934e-18
0,0,1.389156e-39
0,0,3.9985097e-22
0,0,9.0628365e-29
0,0,1.8598992e-21
1,0,0.000104250896
0,0,4.2288986e-35
0,0,1.4877122e-23
0,0,2.5632201e-24
1,1,0.999652
0,0,7.610155e-38
0,0,2.6733232e-37
0,0,1.8161187e-13
0,0,3.6662808e-14
1,1,0.9841023
0,0,0.0016750682
0,0,4.5067612e-08
0,0,2.4481062e-27
0,0,5.0490915e-32
0,0,2.2494637e-15
1,1,0.99993765
0,0,2.2005756e-23
1,1,0.99987376
0,0,4.6097434e-10
0,0,8.836231e-21
0,0,1.0871752e-17
0,0,5.8244204e-20
0,0,3.2758225e-23
0,0,6.730639e-14
1,1,0.99762934
0,0,2.9580728e-29
0,0,1.414503e-39
0,0,1.6507562e-20
0,0,1.97707e-26
0,0,3.444312e-39
1,1,0.9611637
0,0,1.5124423e-32
0,0,9.492196e-36
0,0,1.1507978e-11
1,0,0.003227831
0,0,6.454282e-27
0,0,8.7218115e-11
0,0,8.461561e-07
0,0,4.8865872e-23
0,0,2.164915e-22
0,0,2.1995041e-13
1,1,0.9997199
1,1,0.8751242
0,0,9.8424606e-21
1,0,2.9234337e-09
0,0,1.009446e-33
0,0,2.9476512e-08
0,0,4.1265745e-27
0,0,5.889874e-24
0,0,1.5222498e-14
0,0,1.718013e-07
0,0,2.3221347e-16
0,0,2.962485e-39
1,1,0.9993912
1,1,0.99330395
0,0,5.134323e-07
0,0,1.8128086e-11
0,0,3.474372e-32
0,0,3.3063e-40
0,0,2.4830262e-21
0,1,0.993085
0,0,1.8226605e-35
0,0,0.22727373
0,0,5.3163103e-24
0,0,3.7007e-41
1,0,1.2174666e-05
0,0,5.175222e-16
0,0,1.0690498e-12
1,1,0.98127687
0,0,1.5843e-41
0,0,7.994151e-27
1,1,0.99348277
0,0,1.0552803e-07
0,0,1.1105425e-08
0,0,2.4686664e-24
0,0,8.909048e-18
0,0,3.291244e-14
0,0,6.0270444e-23
1,1,0.99999785
0,0,7.626641e-21
0,0,8.823257e-30
0,0,2.830588e-17
1,0,0.00072039093
0,0,4.4190557e-33
0,0,1.310859e-39
0,0,4.9244e-33
0,0,1.1066295e-14
0,0,6.777849e-19
0,0,5.433699e-21
1,0,1.0886389e-06
0,0,1.7e-44
0,0,3.7715955e-25
0,0,0.0
0,0,2.9722742e-14
0,0,2.3637873e-20
0,0,1.6185317e-27
0,0,1.5454807e-19
0,0,1.1575643e-06
0,0,1.0359844e-20
0,0,3.4703477e-23
0,0,0.0
0,0,6.82317e-34
1,1,0.878894
0,1,0.9992244
0,0,7.165791e-15
0,0,2.4897345e-34
0,0,1.392054e-22
0,0,3.4830514e-09
0,0,2.8879021e-10
1,1,0.9842957
0,0,5.874249e-19
0,0,4.0706463e-21
0,0,6.782939e-36
0,0,2.807131e-20
0,0,0.022165887
0,0,3.33609e-40
0,0,8.89088e-34
0,0,1.3050581e-36
0,0,1.0974749e-26
0,0,6.6926e-40
0,0,1.0698942e-12
0,1,0.9028781
1,0,0.32330012
0,0,7.645532e-06
0,0,8.6629015e-08
0,0,2.49519e-13
0,0,1.4447874e-22
0,0,6.5135663e-28
1,0,0.07670824
1,0,0.033600528
0,0,2.1275727e-23
0,0,7.483021e-33
1,0,0.0022453533
0,0,6.662236e-20
0,0,1.0890578e-13
1,0,9.397118e-05
0,0,2.5339944e-10
0,0,1.8170311e-27
0,0,1.5630682e-24
0,0,0.0
1,1,0.99999285
0,0,1e-44
0,0,9.887632e-26
0,0,9.05429e-39
0,0,2.2914033e-19
0,0,6.132417e-19
0,0,3.585924e-14
0,0,3.49e-43
0,0,1.3310532e-34
1,1,0.75327194
0,0,5.1575174e-26
0,0,2.996601e-08
0,0,3.5929217e-36
1,1,0.9999528
0,0,3.7871979e-16
0,0,2.2407178e-24
0,0,7.895708e-21
0,0,4.5564094e-26
0,0,3.8085265e-22
0,0,9.24889e-13
1,0,0.01805757
1,1,0.8559663
0,0,2.7549548e-15
0,0,6.8860145e-06
1,1,0.99998116
0,0,2.185e-41
0,0,1.9444498e-13
0,0,1.0286786e-14
0,0,3.0570797e-07
0,0,8.414256e-25
0,0,1.0661126e-21
0,0,0.0
0,0,2.2793799e-20
0,0,6.8911123e-31
0,0,0.006249223
0,0,0.0
0,0,5.0401363e-27
0,0,6.935444e-16
0,0,4.0289627e-30
0,0,5.3933664e-29
0,0,1.6139363e-22
0,0,7.052112e-15
0,1,0.9999622
1,0,1.7443855e-07
0,0,3.66395e-23
0,0,3.8564398e-27
1,1,0.99837273
0,0,4.9345356e-18
0,0,2.4387098e-28
0,0,8.4960335e-29
0,1,0.99434584
0,0,1.2764894e-23
0,0,4.821148e-10
0,0,0.0
1,0,2.8719083e-05
0,0,1.051696e-14
0,0,7.4571044e-29
0,0,5.039238e-25
1,1,0.87221354
0,0,8.125937e-25
0,0,6.057117e-25
0,0,1.6501595e-33
0,0,9.794808e-23
0,0,8.311659e-10
0,0,3.9888032e-23
0,0,9.037784e-19
0,0,1.6365832e-38
0,0,4.4810862e-17
0,0,2.9528877e-36
1,0,0.0005636106
0,0,1.5414746e-22
0,0,3.0095234e-34
0,0,9.608e-41
0,0,8.907474e-28
1,0,3.8891743e-05
0,0,3.031229e-20
0,0,1.1192496e-17
0,1,0.60064423
1,1,0.9997577
1,1,0.99999297
0,0,7.505325e-09
0,0,0.0
0,0,5.907805e-25
0,0,1.6624961e-22
0,0,1.8575177e-35
1,0,7.351687e-08
0,0,8.9225e-41
0,0,1.497981e-29
0,0,6.1823303e-19
0,0,2.6445653e-24
0,0,9.526915e-28
0,0,1.556414e-08
0,0,0.11320948
0,0,6.796759e-24
0,0,3.674e-42
0,0,8.712117e-15
0,0,1.20594105e-14
0,0,7.0437655e-26
0,0,6.529131e-23
0,0,0.0
0,0,0.28795344
0,1,0.99593806
1,1,0.99998295
0,0,0.35162398
0,0,1.0402851e-20
0,0,0.018041847
0,0,7.8678815e-05
0,0,2.6625702e-07
0,0,7.114182e-21
0,0,0.0006966864
0,0,1.6251581e-19
0,0,1.4500857e-25
0,0,4.0906758e-38
1,0,1.6860516e-06
0,0,1.5906396e-26
1,1,0.9818157
0,0,2.7473276e-13
0,0,0.06594304
0,0,3.7436313e-24
0,0,3.6651843e-05
0,0,7.0594204e-11
0,0,5.4584962e-24
0,0,2.0884384e-21
1,1,0.9985629
0,0,6.4039845e-26
0,0,2.9131298e-32
0,1,0.99482936
1,0,0.059095412
0,0,5.3196517e-11
0,0,7.264488e-15
1,0,7.0648985e-06
0,1,0.99996805
0,0,1.33483565e-20
0,0,0.0064455955
0,0,8.532538e-22
0,0,4.0434532e-29
0,0,6.3024855e-19
1,0,2.232734e-06
0,0,1.8616865e-05
0,0,2.7102042e-16
0,1,0.99671197
1,1,0.999956
0,0,8.464929e-10
0,0,1.4079255e-30
1,0,8.479649e-05
1,0,0.00043089953
0,0,1.20252e-40
1,1,0.9984059
0,0,4.2754118e-16
1,0,8.226828e-08
0,0,2.5321802e-38
0,0,1.3454565e-31
0,0,2.4174728e-19
0,0,3.356851e-28
1,1,0.99998796
0,0,4.203818e-15
0,0,4.3489287e-21
0,0,2.9807565e-25
0,0,1.00438077e-16
0,0,2.468362e-34
1,1,0.99986863
1,1,0.9962997
1,0,0.012798421
0,0,9.708486e-12
0,0,1.1326526e-13
0,0,2.2420317e-19
0,0,1.1029033e-30
0,0,2.2215583e-25
0,0,0.39736575
0,0,7.156222e-17
0,0,3.2728466e-25
0,0,2.1234593e-18
0,0,3.233575e-29
0,0,2.7131028e-37
0,0,1.3392543e-25
0,0,6.575467e-32
0,0,8.316193e-33
0,0,4.66205e-40
0,0,6.713392e-26
1,0,1.2921109e-07
0,0,4.82e-43
0,0,1.1551414e-14
0,0,5.6390307e-25
0,0,8.971503e-16
0,0,7.7033574e-23
1,1,0.99999917
0,1,0.9573705
1,0,5.301256e-07
0,0,3.7424912e-23
0,0,3.1761553e-35
0,0,0.004093441
0,0,0.0
0,0,8.645803e-30
0,0,8.138114e-21
0,0,9.9344e-11
0,0,9.073424e-21
0,0,2.3041514e-31
0,0,2.5896345e-12
0,0,2.180443e-33
0,0,6.671466e-13
0,0,0.010408988
0,0,2.5886843e-21
0,0,4.7209042e-18
0,0,2.727683e-22
0,0,2.2919622e-27
0,0,1.08887336e-16
0,0,0.0
0,1,0.8248895
1,0,0.0005636106
0,0,3.419638e-29
0,0,1.6658906e-06
0,0,1.8890778e-16
0,0,0.0
0,0,1.812657e-18
0,0,7.616837e-15
0,0,1.1511188e-25
1,0,4.8771085e-08
1,0,0.042965725
0,0,3.0676824e-22
0,0,2.2534803e-25
1,1,0.99998784
0,0,4.2917946e-19
0,0,6.5834594e-21
1,0,0.00394897
1,0,0.021410681
1,0,0.014564869
0,0,2.6269682e-25
1,1,0.9995821
0,0,2.5808423e-31
0,0,1.1708281e-22
0,0,3.6265198e-29
0,0,0.049802408
0,0,2.0149623e-21
0,0,6.6977237e-15
0,0,1.871145e-19
0,0,1.3681376e-14
0,0,2.3988864e-21
0,0,6.9633405e-21
0,0,4.519007e-06
0,0,3.8180856e-21
0,0,1.0182347e-22
1,0,0.4747372
0,0,1.9293332e-20
0,0,0.0
0,0,2.1706302e-21
0,0,2.1841276e-21
0,0,7.721812e-21
1,1,0.9992169
0,0,7.535982e-27
1,0,0.13967259
0,0,4.479894e-15
1,0,0.012068712
0,0,3.7132072e-25
0,0,0.0
0,0,3.9441936e-25
0,0,8.722084e-17
0,0,1.9013867e-27
0,0,9.384214e-06
0,0,8.314004e-18
0,0,2.859708e-24
0,0,2.052836e-24
0,0,8.754126e-30
0,0,3.308159e-23
0,0,3.032339e-20
0,0,2.8360414e-20
0,0,6.8516774e-06
0,0,0.0
0,0,2.9137493e-34
1,0,0.0022383907
1,1,0.91190445
0,1,0.55831844
0,0,1.1298287e-31
0,0,3.6121788e-19
0,0,0.0
0,0,3.6100898e-24
0,0,1.8167157e-23
1,1,0.999824
1,1,0.9995821
0,0,2.926513e-13
0,0,6.332074e-28
0,0,7.3706523e-28
0,0,6.6946926e-20
0,0,3.793144e-29
0,0,1.4740076e-23
0,0,2.4328199e-27
0,1,0.99911755
0,0,1.0879392e-31
0,0,8.245007e-15
0,0,2.6862911e-33
0,0,2.1907858e-14
0,0,1.1e-44
0,0,1.092417e-18
0,0,2.0061447e-11
1,0,0.0006749394
1,0,0.067894764
1,1,0.9973385
0,0,1.0508915e-26
0,1,0.9928508
0,0,1.4710556e-27
0,0,1.4474131e-22
0,0,1.6356811e-27
1,0,0.08016415
0,0,4.684071e-28
0,0,5.211809e-18
0,0,1.2837426e-28
0,0,8.285675e-31
0,0,1.0002192e-34
0,1,0.66667724
0,0,2.643587e-09
0,0,1.2525976e-23
0,0,5.9826943e-24
0,0,1.6769875e-21
0,0,3.4996758e-30
0,0,0.10996335
0,1,0.99708027
0,0,6.424111e-14
0,0,7.720701e-19
0,0,2.0213268e-38
0,0,1.642768e-17
1,1,0.9999858
0,0,3.7539287e-31
0,0,6.9530274e-25
0,0,8.2818305e-36
0,0,4.7834313e-24
0,0,0.001332381
0,0,6.927615e-24
1,1,0.99973065
0,0,7.946332e-33
0,0,1.1237203e-13
0,0,7.617e-42
1,0,2.6250682e-05
0,0,4.4137906e-22
0,0,8.476e-42
0,0,1.9676897e-24
0,0,1.5751892e-24
0,0,1.2313956e-24
1,1,0.9795846
0,0,9.0413795e-32
0,0,2.001062e-26
0,0,3.7025067e-29
0,0,4.781643e-09
1,0,0.0002985166
0,0,1.9034759e-13
0,0,4e-45
0,0,4.7538674e-18
0,0,3.547606e-39
0,0,3.6695588e-23
1,0,0.07326478
1,0,1.4154099e-05
0,0,6.310303e-07
0,0,2.368458e-24
0,0,2.1543309e-35
0,0,3.71015e-17
0,0,5.90572e-40
0,0,0.00016271173
1,0,0.025935208
0,0,1.1e-43
0,0,1.15529214e-20
0,0,2.9967842e-34
0,0,0.0
0,0,0.0
0,0,1.16715e-28
0,0,3.638653e-17
0,0,3.1455836e-06
1,0,0.12814748
0,0,2.00263e-31
1,0,4.778592e-06
0,0,2.022692e-23
0,0,3.1618188e-27
1,0,0.02347086
0,0,2.8e-44
0,1,0.9992531
0,0,6.29143e-21
0,0,2.6703139e-24
0,0,1.2361743e-14
0,0,8.0405405e-21
0,1,0.99906224
1,0,0.38317922
0,1,0.95703554
0,0,1.5159057e-20
0,0,3.203932e-08
0,0,2.4314902e-22
1,0,1.1074658e-05
0,0,0.0
0,0,1.393764e-08
0,0,1.5488216e-26
0,0,1.9226205e-10
1,0,2.2661216e-06
0,0,1.709931e-23
0,0,1.6077357e-15
0,0,3.8303478e-32
0,0,4.0112e-41
0,0,3.7812197e-32
0,0,1.0348339e-22
0,0,0.0
1,1,0.99995065
0,0,1.328873e-32
0,0,6.132478e-22
0,0,9.983171e-20
0,0,1.4471496e-20
0,0,2.1446353e-16
1,1,0.9995459
0,0,6.6685703e-34
0,0,5.1502094e-24
0,0,1.8387802e-11
0,0,1.3790552e-17
0,0,0.0
0,0,4.6925995e-14
0,0,9.721496e-19
0,0,2.837177e-28
0,0,8.8292365e-18
0,0,9.626581e-19
0,0,3.6498296e-17
1,0,5.885479e-14
1,0,5.8445204e-07
0,0,3.068337e-15
0,0,6.5231194e-19
0,0,0.007176603
0,0,1.902339e-25
0,0,5.618003e-35
0,0,1.1703488e-32
0,0,1.9778039e-24
1,1,0.9963491
0,0,3.1948017e-24
0,0,7.2889543e-07
0,0,0.0
0,0,1.2438692e-31
0,1,0.5641239
1,0,0.0069615864
1,0,3.6524063e-06
0,0,1.6922715e-26
0,0,6.019309e-28
0,0,6.0363016e-13
1,1,0.9973385
0,0,2.1759894e-05
0,0,9.311436e-22
0,0,6.9311884e-15
0,0,4.356019e-28
0,0,3.0230087e-34
0,0,4.3892594e-22
0,0,1.0448955e-26
0,0,1.9913525e-19
0,0,3.319661e-24
1,0,1.3347326e-05
1,0,0.005113079
1,1,0.9988625
0,0,4.3761843e-15
0,0,3.5468185e-25
0,0,6.0289086e-15
1,0,1.3933687e-06
0,0,8.519734e-27
0,0,2.954946e-16
0,0,2.6301024e-36
0,0,3.3507972e-37
0,0,4.3459424e-14
0,0,5.752063e-28
0,1,0.96745235
0,0,4.3217897e-21
0,0,2.3626086e-18
1,1,0.9999856
0,0,1.2941452e-23
0,0,0.0
0,0,2.23937e-40
0,0,6.202552e-26
0,0,6.5488716e-20
0,0,2.8629817e-32
0,0,2.6339154e-15
1,1,0.8177706
0,0,2.1796457e-17
0,0,6.5643824e-34
1,0,0.10706091
1,0,0.00025245064
0,0,1.56206095e-24
0,0,8.091126e-28
0,0,2.146118e-22
0,1,0.99972326
0,0,6.402504e-23
0,0,9.3938276e-08
1,1,0.999926
0,0,3.2741934e-11
0,0,2.8994166e-24
0,0,1.9993214e-27
0,0,1.3593585e-18
0,0,2.9463517e-20
0,0,1.2694736e-21
1,0,0.06139593
1,0,3.8287195e-05
0,0,3.451573e-16
0,0,1.1526231e-15
0,0,7.8779574e-36
0,0,4.963605e-06
0,0,6.974705e-25
1,1,0.9736656
1,0,1.6849716e-09
1,0,0.123784065
0,0,3.795045e-19
0,0,1.196597e-22
0,1,0.9984005
1,0,5.717965e-07
0,0,3.4171125e-34
0,0,4.079148e-29
0,0,5.8773383e-28
0,0,0.02184203
0,0,2.080808e-25
0,0,3.45856e-30
0,0,2.3961584e-38
0,0,9.076975e-39
0,0,2.7700253e-29
1,0,0.008622988
0,0,4.41e-43
1,0,1.7337034e-05
0,0,0.0
0,0,2.297603e-24
0,0,3.1117966e-23
0,0,3.1255333e-33
1,0,0.01274217
0,0,6.09601e-26
0,0,0.0
1,1,0.986294
0,0,2.901103e-36
0,0,0.0019383506
0,0,1.169621e-25
0,0,1.8475488e-25
0,0,3.5930615e-27
0,1,0.99961627
1,1,0.95135295
0,0,4.152153e-13
0,0,1.9514992e-38
1,0,1.4094242e-05
1,1,0.963213
0,0,0.019919211
0,0,3.617923e-15
0,0,3.0923568e-29
0,0,0.0007044684
1,1,0.99820685
0,0,8.151127e-22
0,0,2.0290053e-31
1,0,0.00020340098
0,0,4.508732e-22
0,0,4.536098e-20
0,0,0.0
0,0,1.1179782e-24
1,1,0.97310954
0,0,1.5432119e-20
1,0,0.007831065
0,0,7.466335e-27
1,0,3.5430603e-06
0,0,2.7416492e-16
0,0,7.0406706e-20
0,0,6.546291e-11
0,0,2.5287475e-20
0,0,0.0
0,0,6.49889e-38
0,0,6.265723e-31
1,0,0.038765006
0,0,3.6670654e-32
0,0,0.0
0,0,0.0
0,0,2.0011165e-25
0,0,3.8102074e-32
0,0,1.7401197e-25
0,0,8.543102e-27
0,0,7.521735e-20
0,0,5.044662e-10
0,0,1.6227388e-23
1,1,0.98432714
0,0,0.0
0,0,8.994138e-19
0,0,1.197272e-16
0,0,5.891331e-25
0,0,3.0628512e-06
0,0,8.596324e-19
0,0,1.3799452e-16
0,0,7.044383e-26
0,0,1.9305111e-20
0,0,1.38709e-40
0,0,1.7602774e-38
0,0,0.006266555
0,0,4.957461e-25
0,0,2.8312671e-25
0,0,1.1512424e-05
0,0,1.3807667e-06
0,0,2.0213268e-38
0,0,4.7583255e-20
0,1,0.9499158
0,0,4.2854164e-33
0,0,2.7621534e-22
0,0,0.00010257766
0,0,1.1050996e-34
0,0,2.473103e-19
0,0,5.2395e-17
1,0,1.0885729e-11
0,0,4.7827034e-23
0,0,8.658768e-24
0,0,0.0
1,1,0.8991124
0,0,1.6638022e-38
0,0,8.02102e-15
0,0,9.303669e-28
1,0,7.348132e-05
0,0,1.6889528e-23
1,0,4.4932472e-07
1,0,3.380806e-06
0,0,9.0554e-23
0,0,5.3140022e-15
0,0,1.7230424e-35
0,0,1.1935952e-18
0,0,8.925635e-21
0,0,3.5e-44
0,0,4.079589e-34
0,0,9.366616e-23
0,0,1.1570998e-36
0,0,3.8689784e-35
0,0,0.0
0,0,3.826128e-24
0,0,1.8487135e-16
0,0,3.1046296e-34
0,0,0.026094073
0,0,1.3568894e-15
0,0,6.5268716e-05
0,0,1.7364125e-33
0,0,1.2143551e-24
0,1,0.9999105
0,0,7.345243e-15
0,0,5.22627e-07
0,0,2.9441736e-19
0,0,6.143159e-28
0,0,8.411793e-23
1,1,0.98486173
0,0,1.9678077e-26
0,0,3.87e-43
0,0,1.5481148e-31
0,0,1.8148489e-27
0,0,4.030627e-28
0,0,3.7772167e-22
0,0,2.9608983e-27
0,0,2.4487774e-13
0,0,8.758065e-08
0,1,0.9549241
0,0,1.18921e-40
0,0,5.1494614e-17
0,0,1.0488997e-36
0,0,1.64565e-36
0,0,4.7295027e-33
0,0,9.1631e-41
0,0,6.686583e-33
0,0,8.751302e-27
1,1,0.89150286
0,0,0.0
0,0,6.5627484e-21
0,0,0.0
0,0,2.2679408e-19
0,0,2.9063154e-24
0,0,3.942712e-21
0,0,2.2980222e-33
0,0,9.508212e-29
0,0,4.3531546e-24
0,0,0.0
0,0,4.278555e-26
1,1,0.68358266
0,0,1.6735526e-17
0,0,1.0494344e-24
0,0,3.687649e-22
0,0,4.3272016e-13
0,0,1.5046418e-21
0,0,8.816788e-17
1,0,0.0324513
0,0,3.1745638e-38
0,0,6.330519e-16
0,0,8.915354e-22
0,0,1.383012e-09
0,0,3.665083e-15
0,0,4.3165503e-21
0,0,4.44e-43
0,0,1.5183467e-29
0,0,2.6810187e-18
0,0,1.00655316e-28
0,0,1.3300081e-26
0,0,2.7720185e-25
1,0,0.011879484
0,0,3.8093877e-20
0,0,1.6653502e-17
1,1,0.5891057
0,0,3.853294e-34
0,0,6.064025e-34
0,0,1.3925376e-14
0,0,6.0951326e-24
0,1,0.99969554
0,0,0.0
1,0,0.1092406
1,0,0.0007803754
0,0,1.3738092e-18
0,0,4.305856e-23
0,0,2.391756e-31
0,0,2.919036e-25
0,0,2.993588e-32
0,0,1.2744479e-20
0,0,1.3259308e-25
0,0,0.0
0,0,4.1885045e-35
0,0,1.8857094e-15
0,0,0.00074335356
0,0,1.0453425e-25
0,0,8.119543e-07
0,0,2.8747097e-27
1,1,0.9993499
0,0,1.9006228e-37
0,0,1.4752726e-24
0,0,9.243719e-25
0,0,1.7655484e-17
0,0,8.815391e-21
0,0,7.479595e-18
0,0,2.4367222e-26
0,0,6.525129e-36
0,0,8.7e-44
0,0,1.2766244e-25
0,0,5.5375615e-25
0,0,2.7304488e-17
1,0,0.002325113
0,0,2.2944581e-32
0,0,7.749547e-22
0,0,1.7119072e-17
0,0,0.42514983
0,0,7.296332e-18
0,0,0.29324907
0,0,6.31178e-13
0,0,1.9837494e-10
1,0,9.703313e-06
0,0,1.7205199e-13
0,0,2.977585e-33
0,0,0.093546145
0,0,0.0
0,0,1.3781486e-35
1,0,1.0394127e-06
0,0,3.30535e-28
0,0,6.7482034e-20
0,0,2.65742e-40
0,0,4.0631992e-21
0,0,2.033271e-27
0,0,1.2741109e-15
0,0,5.728463e-26
0,0,5.51831e-17
0,0,9.8911705e-20
0,0,0.0
0,0,0.048596904
0,0,8.0576144e-13
1,0,0.00070365524
0,0,0.0
0,0,2.1755639e-20
0,0,4.3839137e-18
0,0,5.846143e-06
0,0,7.72421e-33
1,1,0.99999857
0,0,1.7234653e-25
0,0,1.0208603e-14
0,0,2.4286325e-24
0,0,3.0487653e-26
0,0,8.400831e-29
0,0,2.239898e-31
0,0,1.7002308e-33
0,0,9.638972e-25
0,0,0.0
0,0,9.949608e-26
0,0,1.268413e-22
0,0,1.2862306e-09
0,0,1.2616111e-26
1,0,4.112581e-08
0,0,1.1077569e-22
0,0,6.472505e-19
0,0,4.401439e-34
1,1,0.9993369
0,0,3e-45
0,0,2.9950647e-15
0,0,1.1186519e-17
1,1,0.55258
0,0,0.0
0,0,1.0493086e-12
0,0,1.2436146e-21
0,0,1.7187971e-25
0,0,2.6464424e-09
0,0,4.6411004e-20
0,0,1.0830031e-09
1,0,9.53888e-07
0,1,0.9948337
0,0,1.2410309e-30
0,0,1.345974e-25
0,0,2.6691658e-22
1,1,0.9998646
0,0,1.6496682e-26
0,0,3.1593545e-30
0,0,4.4e-43
0,1,0.99650013
0,0,1.173748e-30
0,0,3.1884056e-34
0,0,6.7926466e-14
0,0,7.02e-43
0,0,1.6854017e-21
0,0,0.0
0,0,3.116352e-27
1,0,0.033600528
0,0,3.5946672e-26
1,1,0.9623197
0,0,2.2822202e-24
0,0,3.1814476e-13
1,0,2.1265976e-05
0,0,1.294296e-19
0,0,4.5745363e-20
0,0,1.2114642e-15
0,0,1.5194582e-38
0,0,0.0
0,0,0.0
0,0,2.9916403e-29
0,0,0.0
0,0,7.103283e-13
0,0,0.0
0,0,0.0
0,0,1.2889273e-31
0,0,5.5364474e-08
0,0,0.0
0,0,3.1591184e-12
0,0,2.385364e-20
0,0,0.00029424482
0,0,6.9522693e-22
1,1,0.97467095
1,0,0.0009337047
1,1,0.9985588
0,0,5.305372e-38
0,0,7.9690235e-06
0,1,0.8949908
0,0,0.0024956025
0,0,6.751973e-32
0,0,1e-45
0,0,3.1494088e-34
0,0,3.990446e-16
0,0,0.0069415956
0,0,2.9926935e-12
0,1,0.99999976
0,0,2.2091911e-28
0,0,4.583842e-22
0,0,1.753514e-13
0,0,2.1793398e-23
0,0,3.6523944e-16
0,0,2.4153933e-31
0,0,2.5393529e-08
0,0,3.35653e-21
0,0,7.496655e-24
0,0,5.629015e-25
0,0,5.5603153e-33
0,0,5.4984225e-06
0,0,2.1419583e-19
0,0,1.1241698e-18
1,1,0.99995685
0,0,1.5121981e-27
1,0,1.1947424e-08
0,0,1.58387e-40
1,1,0.95879525
0,0,5.1720738e-20
0,0,7.591909e-25
0,0,2.2641921e-24
0,1,0.8901641
1,0,2.1899586e-06
0,0,0.0
1,1,0.8449994
1,1,0.9999274
0,0,4.0491024e-14
0,0,6.439949e-18
0,0,5.7223724e-25
0,0,4.5168614e-28
0,0,1.9785956e-32
1,1,0.989956
0,0,1.5994034e-31
0,0,1.466553e-09
0,0,3.679545e-20
0,0,0.0
0,0,1.2692804e-28
1,1,0.99985766
0,0,4.310826e-35
0,0,1.9016048e-34
0,0,2.7692988e-35
1,0,0.016002815
1,1,0.64497495
0,0,2.6695866e-27
0,0,1.5378e-40
0,0,7.6313803e-22
0,0,1.776611e-14
0,0,3.233801e-19
0,0,7.077663e-22
0,0,0.0001278463
0,0,1.03356366e-22
0,0,1.8959126e-18
0,0,0.087205894
0,0,2.0267796e-29
0,0,7.5055294e-23
0,0,3.369548e-23
0,0,2.8028938e-20
0,0,0.0
0,0,3.1517138e-28
0,0,4.656831e-20
0,0,0.0
0,0,2.6161433e-21
0,0,2.9309443e-12
0,0,4.29722e-10
0,0,2.2384303e-11
1,1,0.9985409
0,0,1.0970853e-34
0,0,0.00020445097
1,1,0.75327194
0,0,1.3260936e-16
0,0,7.629454e-31
0,0,3.058093e-35
0,0,8.849338e-17
0,0,6.3604454e-21
0,0,5.633386e-29
0,1,0.9934651
0,0,7.390263e-24
0,1,0.9969068
0,0,1.5e-44
0,0,4.1062813e-22
0,0,1.1837252e-12
0,0,8.5693165e-07
0,0,7.475065e-17
1,1,0.9999949
0,0,5.241966e-22
1,0,0.00018818548
0,0,4.8381518e-33
0,1,0.9636943
1,0,0.012068712
0,0,5.0826816e-23
0,0,1.4414633e-13
0,0,2.4114338e-24
0,0,2.11596e-40
0,0,7e-45
1,1,0.9989863
0,0,1.9653206e-15
0,0,5.7252295e-26
0,0,1.7973427e-34
0,0,0.0
1,1,0.949944
0,0,3.0478165e-23
0,0,3.5862005e-20
0,0,1.3922818e-15
0,1,0.9928889
0,0,1.6352137e-19
0,1,0.9997038
1,0,3.836602e-08
1,0,0.1476338
0,0,1.4418322e-20
0,0,8.10407e-28
1,0,9.101027e-05
0,0,6.6226175e-24
1,0,0.13967259
0,0,1.2790767e-32
0,0,4.4396434e-11
0,0,2.7942932e-32
1,0,5.3101463e-05
0,0,8.7376584e-08
1,1,0.9795064
0,0,3.776429e-12
0,0,3.036517e-28
0,0,5.412457e-27
0,0,1.5214959e-28
1,1,0.6110406
1,1,0.9997943
1,0,0.00046538317
1,0,0.00025780677
0,0,6.749796e-36
0,0,3.8271276e-28
0,0,1.8462257e-16
0,0,2.1627023e-15
0,0,2.5482627e-33
0,0,2.995818e-23
0,0,1.07649795e-19
0,0,2.291211e-19
1,1,0.9993499
0,0,6.9629085e-23
1,0,1.392476e-07
0,0,1.4118477e-13
0,0,7.7812927e-17
0,0,9.746124e-17
0,0,8.7e-44
0,0,2.8640713e-19
1,0,0.014915363
0,0,1.3641016e-25
0,0,1.278968e-34
0,0,2.041187e-30
0,0,1.6737541e-28
0,1,0.8850443
0,0,7.767787e-20
0,0,6.4945e-41
0,0,2.6305244e-13
1,0,2.077651e-05
0,0,3.345916e-23
1,0,0.42489088
1,0,0.08510749
1,0,0.011125522
0,0,5.033167e-06
0,0,2.9822546e-27
0,0,7.096404e-28
0,0,1.2107108e-23
1,1,0.9997429
0,0,3.2733077e-33
0,0,3.5407647e-16
0,0,9.176292e-19
0,0,1.4510754e-26
0,0,2.2675257e-19
0,0,2.2721626e-07
0,0,5.5497412e-14
0,0,2.3871e-41
0,0,7.325482e-24
0,0,1.018449e-21
0,0,5.5826465e-20
0,0,2.5013146e-23
0,0,2.400211e-23
0,0,1.5499274e-18
0,0,9.705502e-07
1,0,1.7690864e-11
0,0,1.6566011e-12
1,1,0.9997365
0,0,5.227087e-08
1,1,0.995824
0,0,3.3367354e-25
0,0,1.7969111e-26
0,0,2.0815337e-22
0,0,9.346875e-16
0,0,0.0
0,0,3.765358e-24
0,0,2.9459456e-21
0,0,6.6370775e-26
0,0,0.0
1,0,7.4048345e-05
0,0,0.30338925
0,0,1.4160523e-24
0,0,1.7890219e-22
0,0,2.1023595e-24
0,0,6.804146e-26
0,0,2.303e-41
0,0,8.32e-43
0,0,1.2272e-22
0,0,2.7098047e-21
0,0,1.2046043e-27
0,0,0.0
1,0,0.0009752008
0,0,1.7086165e-35
0,0,0.0
0,0,1.9109302e-16
0,0,2.7815662e-07
0,0,1.745311e-33
0,0,1.1095588e-29
0,0,3.0774904e-16
0,0,5.04887e-28
0,0,1.2841643e-35
0,1,0.7495023
1,0,0.00071327784
0,0,2.326901e-27
0,0,9.35164e-19
0,0,6.2983777e-06
0,0,5.880934e-33
0,0,5.2794593e-27
0,0,0.0
0,0,1.5684921e-31
0,0,4.8002876e-06
0,0,2.9591212e-30
0,0,5.2990816e-23
1,0,6.4714586e-05
0,0,0.00013458662
0,0,1.254936e-31
0,0,4.8082704e-11
1,0,0.2799894
0,0,0.0
1,0,1.6849716e-09
0,0,7.9683e-41
0,1,0.9903199
0,0,3.672881e-14
1,0,1.6842967e-13
0,0,3.0258958e-32
0,0,0.017304944
0,0,1.3159018e-35
0,0,2.3711558e-28
0,0,1.517118e-12
0,0,6.792448e-19
0,0,3.486e-42
1,0,2.2419295e-07
0,0,1.0806492e-12
0,0,9.778412e-17
0,0,6.0225584e-17
0,0,1.04755e-10
1,0,0.014564869
0,0,6.5884403e-19
0,0,1.09962225e-23
0,0,0.0045787697
0,0,9.529752e-20
0,0,1.0075576e-17
0,0,5.874394e-38
0,0,4.95e-43
0,0,4.11e-42
0,0,3.6964223e-30
0,0,2.069662e-25
1,0,1.8020451e-08
0,0,4.483107e-23
0,0,5.039757e-25
0,1,0.99961555
0,0,1.500725e-23
0,0,1.5034537e-29
0,0,2.5940287e-31
0,0,3.87997e-30
0,0,5.931685e-14
0,0,2.1855717e-19
0,0,2.1707356e-38
0,0,1.0966289e-27
0,0,1.4357272e-30
0,0,6.6838547e-18
0,0,4.8304293e-16
0,0,6.137124e-18
1,0,0.008089674
1,1,0.9999285
0,0,6.8990946e-35
0,1,0.9165989
0,0,2.0096112e-14
0,0,7.5651464e-23
0,0,0.30854484
0,1,0.99432075
0,0,1.3225734e-22
1,1,0.9999044
0,0,8.2561456e-38
0,0,2.197545e-25
0,0,2.318275e-24
0,0,4.0462964e-27
0,0,1.4325039e-24
0,0,9.554594e-24
0,0,1.3020195e-14
0,0,1.4242688e-34
0,0,1.3518423e-14
0,0,4.8614983e-26
0,0,1.6573999e-28
0,0,2.4201688e-25
1,1,0.9999924
0,0,5.7516488e-27
0,0,3.3164972e-31
0,1,0.9999871
0,0,2.5547126e-28
0,0,5.5206474e-06
0,0,2.8905275e-16
1,0,0.2777382
1,0,0.03913262
0,0,4.499199e-21
0,0,2.9255752e-28
1,1,0.87580323
0,0,6.7014977e-10
0,0,6.4556427e-10
0,0,6.374767e-39
0,0,3.304982e-22
0,0,1.7206357e-08
0,0,2.9518673e-33
0,0,2.0210328e-24
0,0,1.1535e-41
1,0,0.00024901424
0,0,7.280354e-12
0,0,6.213029e-38
1,1,0.9999305
0,0,1.2955575e-16
0,0,3.7524513e-25
1,0,0.010351119
0,0,0.29372093
0,0,7.09575e-14
0,0,9.580772e-22
0,0,4.3963207e-19
0,0,1.7026982e-17
0,0,2.1657397e-05
0,0,3.9552647e-19
0,0,4.3933423e-24
0,0,2.2433457e-37
0,0,6.9175815e-07
0,0,8.6409534e-38
0,0,3.3454064e-15
0,0,0.0010852762
0,0,2.9340282e-18
0,0,4.3502252e-20
0,0,1.473965e-20
0,0,2.4117252e-19
0,0,0.0
0,0,0.0
0,0,1.2865948e-07
0,0,5.233111e-16
0,0,2.1574807e-20
0,0,1.0730257e-26
0,0,1.4331017e-21
0,0,2.5443598e-24
0,0,9.827435e-25
0,0,1.2425682e-11
1,0,0.004381908
0,0,4.316016e-13
0,0,3.8334025e-17
0,0,0.0
0,0,4.1212505e-07
0,0,2.1923052e-31
0,0,6.7505638e-15
0,0,3.218134e-35
0,0,1.6058788e-37
0,0,2.264483e-19
0,0,1.0638901e-29
0,0,2.090214e-30
0,0,2.254629e-28
0,0,2.0910319e-26
1,0,0.00025780677
0,0,2.909061e-20
0,0,4.45418e-30
0,0,2.8421259e-14
1,0,2.7377226e-05
0,0,4.517077e-39
1,0,0.12937221
0,0,5.2942105e-06
0,0,7.503075e-21
0,0,3.729576e-17
0,0,8.656823e-23
0,0,4.4958866e-29
1,0,3.4161338e-05
0,0,3.903497e-24
0,0,3.2e-43
0,0,1.7581483e-10
0,0,2.171395e-11
1,0,0.01104818
1,0,4.986742e-07
0,1,0.99952173
0,0,3.37486e-16
0,0,4.3582808e-35
1,1,0.99426347
0,0,3.2051685e-37
0,0,2.41e-43
0,0,5.027065e-05
0,0,6.2129813e-38
0,0,3.681792e-27
0,0,0.041869573
0,0,8.527902e-33
0,0,2.3778737e-31
0,0,2.906623e-26
0,0,1.1156788e-22
0,0,1.1841957e-22
1,0,0.07182537
0,0,1.929688e-26
0,0,2.8398632e-35
0,0,5.1089137e-12
0,0,1.791e-42
0,0,1.2729604e-21
0,0,1.1440949e-21
0,0,1.6475065e-06
0,0,5.7183514e-27
1,0,9.5427595e-08
0,0,1.1928787e-21
0,0,8.845729e-09
0,0,5.5976295e-23
0,0,7.791146e-19
0,0,2.6345588e-15
0,0,1e-45
1,0,2.1503624e-07
0,0,1.45384085e-33
0,0,3.795435e-12
0,1,0.99897313
1,0,0.0007541311
0,0,1.4664083e-23
0,0,2.7785415e-24
0,0,0.0
0,0,6.4719335e-20
0,1,0.99918586
1,0,0.0012797646
1,1,0.99280626
0,0,1.6565478e-19
0,0,3.4046421e-22
0,0,1.0808102e-34
0,0,1.338407e-39
0,0,0.0
0,1,0.8494657
0,0,8.8147856e-21
1,1,0.98398983
0,0,5.6455036e-07
0,0,3.7534202e-20
0,0,4.0136718e-36
0,0,8.1538e-15
1,1,0.67907435
0,0,1.0480078e-21
0,0,7.7630563e-10
0,0,2.8962707e-21
0,0,1.3714582e-33
0,1,0.80012697
0,0,6.897125e-05
0,0,3.157328e-09
0,0,2.4939593e-23
1,0,2.0528448e-08
0,0,1.2938158e-36
0,0,8.819399e-06
0,0,0.00013019038
0,0,2.0454396e-18
0,0,4.2996e-40
0,0,4.6822938e-24
0,0,2.657075e-23
0,0,1.0659502e-28
0,0,3.1165766e-09
0,0,8.0805897e-25
0,0,0.00043263313
0,0,6.256564e-12
0,0,0.0
1,0,0.00025089527
0,0,2.66795e-33
0,0,4.039119e-30
0,0,3.839903e-16
0,0,2.7250422e-29
0,0,1.6236256e-29
1,1,0.9999769
0,0,5.932364e-29
0,0,1.3680809e-13
0,0,1.15844674e-10
0,1,0.999678
1,0,2.9973424e-09
0,0,1.2769088e-22
0,0,1.3527575e-26
0,0,0.0
0,0,7.4156034e-14
1,0,0.12814748
0,0,1.8134925e-12
0,0,0.013120938
0,0,2.312388e-28
1,0,2.8740177e-09
0,0,2.0797303e-16
0,0,1.7661986e-28
0,0,9.467761e-05
0,0,1.4180058e-21
0,0,1.4947082e-24
0,0,1.8849192e-29
0,0,6.419454e-15
0,0,5.1793155e-29
1,0,1.2846135e-07
0,0,8.911427e-07
0,0,3.7441046e-23
0,0,4.9210087e-30
0,0,0.025591789
0,0,9.281359e-38
0,0,8.996472e-19
0,0,1.650772e-16
0,0,8.8227e-34
0,0,2.7560457e-24
0,0,1.4158455e-26
0,0,3.338907e-21
0,0,0.028379006
0,0,4.0500426e-30
0,0,1.881783e-33
0,0,1.2540239e-28
0,0,1.5056144e-18
0,0,7.3658044e-09
1,0,0.005113079
0,0,2.3402294e-10
0,0,0.11844342
0,0,9.946364e-22
0,0,1.851958e-11
0,1,0.999074
1,1,0.9997222
0,0,2.2890547e-25
0,1,0.95271856
0,0,6.0357447e-22
0,0,8.579007e-31
0,0,1.1722267e-30
0,0,2.6610326e-22
0,0,0.0
1,0,0.026962725
0,0,0.29127538
0,0,0.14448488
1,1,0.996545
1,0,3.8174885e-06
0,0,1.073047e-05
0,0,2.3411356e-10
0,0,8.296621e-38
0,0,2.4252558e-22
0,0,1.0005999e-06
0,0,1.405875e-23
0,0,2.64426e-40
0,0,3.1352354e-22
0,0,6.156913e-26
1,0,0.0023665314
1,1,0.9999895
0,0,1.739072e-39
0,0,2.4499673e-33
0,0,1.1175678e-07
1,0,0.15764228
1,0,1.0806559e-07
0,0,5.898104e-31
0,0,3.1529424e-08
1,0,0.00043089953
0,0,4.7865145e-32
1,1,0.9997584
1,1,0.98983955
0,0,3.48857e-24
0,0,2.66784e-05
0,0,1.259649e-26
0,0,1.4507332e-25
1,0,1.9702519e-08
1,1,0.9224665
0,0,9.5e-44
0,0,3.0129977e-23
0,0,3.564984e-31
1,0,0.016456602
0,0,1.08902234e-32
0,0,2.1291896e-22
1,0,2.610424e-05
0,0,2.1906147e-25
1,1,0.9979171
1,0,0.039900806
0,0,1.2827568e-31
1,1,0.84776914
0,0,1.0690239e-22
0,0,1.1298501e-16
0,0,7.9392356e-27
0,0,9.281359e-38
0,0,1.4322725e-19
0,0,0.00025645518
1,0,1.969367e-05
0,0,1.3679065e-06
0,0,1.1344408e-24
0,0,2.0050877e-12
0,0,1.1282802e-20
1,0,0.00031959123
0,0,1.37e-43
1,0,2.6724614e-11
0,0,3.3307517e-29
1,1,0.9998344
0,0,0.0
0,0,1.263838e-39
0,0,4.232181e-32
0,0,8.55933e-08
1,1,0.9973385
0,0,3.404115e-19
0,0,5.485212e-32
0,0,1.0744932e-09
0,0,3.6046348e-12
0,0,4.6760003e-21
0,0,2.319749e-27
0,0,1.770153e-26
0,0,4.5575763e-25
0,0,6.937564e-30
0,0,9.0169294e-08
0,0,2.0402631e-20
0,0,7.0285e-41
0,0,8.741762e-19
1,1,0.9161714
0,0,3.7429872e-25
0,0,4.836597e-35
0,0,3.1345132e-10
1,1,0.99978036
0,0,1.3031339e-27
0,0,2.0555916e-19
0,0,3.8694406e-25
0,0,1.4067176e-15
0,0,5.6479246e-24
0,0,5.6394195e-32
0,0,2.1445529e-24
0,0,1.1976498e-18
0,0,2.717375e-26
1,0,0.0017627833
0,0,2.5537095e-20
0,0,1.743934e-39
0,0,1.5052982e-26
0,0,4.260166e-27
1,0,0.003251034
0,0,3.704759e-26
1,0,1.5120894e-07
0,0,9.222024e-25
0,0,4.5439224e-29
0,0,4.874062e-14
0,0,2.1834176e-30
0,0,9.753233e-31
0,0,7.8068086e-38
0,0,6.156514e-26
0,0,7.0873586e-23
0,0,4.213782e-18
0,0,3.436017e-32
0,0,1.0587461e-11
0,0,5.612918e-38
0,0,0.0045618326
0,0,1.3726531e-38
0,0,0.064598806
0,0,1.09312325e-07
1,0,0.0007803754
0,0,2.7398e-41
0,0,7.3462934e-19
1,1,0.986294
0,0,1.4968479e-24
0,0,8.299718e-24
0,0,2.789801e-23
0,0,4.790376e-29
0,0,9.965562e-26
0,0,5.8400073e-23
1,0,1.5682194e-07
0,0,2.0323e-41
1,0,0.0050659915
1,1,0.99992025
0,0,4.7934313e-13
0,0,7.5531367e-34
1,0,0.033600528
0,0,1.7783689e-27
0,0,5.9711347e-24
0,0,2.6287174e-29
0,0,3.76474e-17
0,0,0.0
0,0,1.6310869e-22
0,0,8.65545e-35
0,0,1.1006238e-18
0,0,0.024564812
0,0,8.0847704e-13
0,0,1.3078809e-18
0,0,1.9634611e-31
0,0,6.615947e-33
0,0,7.8876744e-35
0,0,1.2671537e-25
0,0,1.0046757e-31
1,0,0.0006749394
0,0,7.83958e-22
0,0,2.1447377e-27
0,0,1.029993e-31
0,0,0.0
0,0,2.9107027e-36
0,0,1.1996736e-36
1,0,3.4685152e-07
1,1,0.99938416
0,1,0.99908066
0,0,1.3478813e-16
0,0,0.0038345864
0,0,8.5520704e-19
0,0,1.788538e-14
0,0,2.5898413e-20
0,1,0.99544686
1,1,0.92047244
0,0,2.9945606e-16
0,0,2.0674735e-20
1,1,0.8976875
0,0,1.6924462e-18
0,0,6.42194e-40
1,0,6.727528e-05
0,0,5.8081806e-27
0,0,8.1548224e-16
0,0,2.493378e-06
0,0,1e-45
0,0,4.1582293e-33
0,0,5.569262e-37
0,0,0.029712338
0,0,0.0
1,1,0.9997867
0,0,1.3893367e-16
0,0,1.8711402e-24
0,0,9.75775e-28
0,0,6.507621e-31
0,0,2.19e-43
0,0,1e-45
0,0,0.00010380411
0,0,5.5089296e-17
0,0,2.9438822e-26
0,0,3.8321296e-10
1,1,0.99961436
0,0,3e-45
1,0,0.18424845
0,0,0.0
1,1,0.9999536
0,0,1.1157154e-25
1,0,0.0029844036
0,0,2.8719073e-32
0,0,6.030416e-26
0,0,8.2386784e-32
0,0,1.1016858e-08
0,1,0.9989895
0,0,4.9034392e-27
1,0,0.26084363
0,0,3.5156243e-23
0,0,7.841732e-15
0,0,1.1336272e-17
0,0,1.7822616e-33
0,0,1.4995486e-20
0,0,9.550049e-22
0,0,1.647965e-32
1,0,0.03658843
0,0,3.3910877e-20
0,0,5.44405e-29
0,0,4.1999455e-12
0,0,2.6346612e-36
0,0,5.0756727e-21
0,0,2.776916e-27
0,0,2.7e-44
0,0,1.1062487e-23
0,0,9.963317e-34
0,0,4.4359745e-20
0,0,2.3941234e-21
0,0,9.256903e-13
1,0,7.11367e-06
0,0,0.0
0,0,5.295551e-36
0,0,2.014704e-33
0,0,1.4564123e-16
1,0,0.0649611
0,0,7.459827e-24
0,0,1.2549718e-35
0,0,9.274974e-26
0,0,0.0
0,0,1.2336111e-15
0,0,2.0691608e-21
0,0,0.0
0,0,1.65777e-24
0,0,4.0736265e-22
1,0,0.013417212
0,0,5.4093473e-17
0,0,3.3943946e-31
1,0,4.524979e-05
0,0,0.0
0,0,2.0705404e-08
1,1,0.9485325
0,0,1.5020041e-28
0,0,2.7643428e-24
0,0,2.8152343e-05
0,0,8.10868e-40
0,0,7.100987e-26
1,1,0.9994103
0,0,1.946266e-15
0,0,1.7860718e-27
0,1,0.9970174
0,0,6.920869e-12
0,0,0.0
0,0,1.8260155e-12
0,0,1.9332377e-20
0,0,8.431253e-25
0,0,3e-45
0,0,0.0
0,0,2.9998312e-16
0,0,4.3101143e-22
0,0,1.0710175e-34
0,0,4.4178963e-09
1,0,0.00021143572
0,0,1.6924462e-18
0,0,5.407325e-17
0,0,7.1221455e-19
0,0,0.27240023
0,0,7.867666e-26
0,0,2.4820936e-32
1,0,3.7994116e-08
0,0,6.660564e-26
0,0,1.5245554e-31
0,0,3.2100791e-12
0,0,0.20666075
1,0,7.867114e-06
0,1,0.9915502
1,0,0.0021920663
0,0,2.8345937e-34
1,0,1.7805802e-05
1,0,3.0804301e-06
0,0,6.5739016e-20
0,0,7.7252613e-28
0,1,0.99978083
0,0,5.3468703e-27
0,0,2.4782598e-26
0,0,8.884088e-29
1,0,9.942289e-06
0,0,4.6103146e-25
0,0,2.8026528e-24
0,0,0.0
0,0,1.0450479e-09
0,0,5.9414756e-34
0,0,1.6816538e-33
0,0,1.7508227e-29
0,0,2.3580522e-26
0,0,1.3680596e-21
0,0,9.056372e-05
0,0,4.6322356e-29
0,0,8.8850664e-15
0,0,1.9497164e-20
1,0,0.0005630165
0,0,0.045189086
0,0,7.942168e-36
0,0,1.0888075e-15
0,0,2.5265392e-09
0,0,4.172521e-22
0,0,5.9409724e-28
0,0,7.6496026e-28
1,1,0.964018
1,1,0.9986929
0,0,4.4359216e-21
0,0,1.1736356e-12
0,0,7.069629e-20
0,0,4.107616e-28
1,0,0.3860342
0,0,5.1728374e-22
0,0,1.1372922e-31
0,0,6.639932e-13
1,1,0.9994777
0,0,5.95649e-40
0,0,2.9957718e-12
0,0,2.041105e-34
0,0,2.5152018e-20
1,1,0.99771714
0,0,1.3754406e-17
0,0,1.0314868e-24
1,1,0.93603456
1,0,2.1300742e-05
0,0,5.190888e-21
0,0,4.8554724e-27
0,0,6.0350313e-22
0,0,1e-44
1,0,2.1165236e-07
1,0,2.3185167e-14
0,0,5.0009436e-05
0,0,1.2172336e-19
0,0,4.8217754e-09
0,0,4.7592466e-22
1,0,6.23497e-06
0,0,4.089e-26
1,1,0.89150286
0,0,1.010822e-10
0,0,4.7975607e-30
0,0,3.162081e-14
0,0,1.7807263e-25
0,0,1.7788515e-26
0,0,1.1470078e-24
0,0,1.5443928e-16
1,0,2.927113e-07
0,0,4.1669263e-35
0,0,3.4648025e-17
0,0,1.5564942e-23
0,0,2.688942e-29
1,0,0.037499677
0,0,1.2518467e-17
1,0,1.1620368e-05
0,0,2.9515917e-14
0,0,1.5835532e-07
0,0,1.5347422e-14
0,0,3.992283e-26
0,0,1.1120546e-14
0,0,5.1762343e-14
0,0,6.5776927e-19
0,0,2.2021844e-26
1,1,0.9996644
0,0,2.8125776e-05
1,0,9.844627e-08
1,1,0.9999049
1,0,0.32627958
0,0,1.1424804e-30
0,0,1.13459025e-20
0,0,3.5326016e-24
1,0,5.0771458e-05
0,0,1.0884242e-32
0,0,1.8037658e-18
0,0,2.0979424e-34
0,0,3.8774595e-20
0,0,1.6873581e-20
0,0,2.7408e-41
0,0,8.604306e-05
0,0,1.8203751e-27
0,0,2.4971358e-18
0,0,4.0618704e-19
0,0,2.9087045e-21
1,0,0.00024939893
0,0,3.7586308e-15
0,0,7.57278e-35
1,1,0.9956143
0,0,2.7969076e-16
0,0,4.901679e-28
0,0,1.7213552e-26
0,0,1.0603048e-21
0,0,3.6196236e-21
0,0,1.3336832e-12
0,0,0.00049142056
0,0,1.4934619e-29
1,0,0.0009337047
1,0,0.0010442276
0,0,8.2048163e-22
0,0,1.1966068e-21
0,0,4.2179432e-20
0,0,1.6533131e-22
0,0,1.889248e-19
1,1,0.9963491
0,0,3.7041698e-31
0,1,0.9999565
0,0,1e-45
0,0,1.0034394e-22
0,0,1e-45
0,0,3.2772364e-22
1,0,0.020341253
0,0,2.2697942e-33
0,0,2.430409e-19
0,0,2.3524236e-22
0,0,3.5508705e-07
0,0,3.1389323e-30
0,0,5.1462447e-08
0,0,1.3099831e-18
0,0,3.2338564e-23
0,0,3.9553e-41
0,0,0.033390872
0,0,1.8557107e-36
0,0,1.00302405e-11
0,0,1.671039e-10
0,0,1.1935972e-37
1,1,0.99999046
0,0,9.776696e-17
0,0,1.3054199e-16
0,1,0.9987937
0,0,1.1211546e-11
0,0,3.3135333e-19
0,0,5.1046796e-37
0,0,4.9493236e-11
0,0,1.4791161e-31
0,0,1.1967152e-08
0,0,1.0207718e-12
0,0,1.1497407e-25
0,0,2.5498755e-19
0,0,3.169954e-30
1,0,3.8212583e-08
0,0,0.027495796
0,0,0.0463975
0,0,1.13382874e-20
1,0,6.884853e-10
0,0,7.678223e-05
0,0,1.7191251e-25
1,1,0.9999033
0,0,4.9729138e-26
0,0,8.1739675e-33
0,0,5.2722076e-22
0,0,3.25e-43
0,0,0.0
0,0,6.2062935e-33
0,0,1.4856927e-16
0,0,1.6792856e-36
1,0,4.720735e-05
0,0,3.5293935e-14
1,0,0.00046342541
0,0,3.1121195e-29
0,0,1.039298e-19
0,0,6.3805254e-19
0,0,2.9489408e-33
0,0,1.0280825e-21
0,0,1.6698015e-19
0,0,9.110523e-16
0,0,1.0768835e-20
0,0,4.656311e-37
0,0,1.6027903e-12
1,0,0.012798421
0,0,2.5361161e-37
0,0,1.7390743e-10
0,0,6.4741075e-27
0,0,3.5628943e-14
0,0,7.272004e-22
0,0,1.3172807e-12
0,0,8.1629244e-21
0,0,5.35474e-38
1,0,0.002170967
0,0,1.4890641e-37
0,0,3.9273133e-20
0,0,6.688971e-21
0,0,7.482926e-13
0,0,1.6897539e-28
0,0,7.0143484e-34
0,0,1.319479e-30
0,1,0.9989957
1,1,0.58814883
0,0,2.336619e-08
0,0,1.7633234e-14
0,0,2.4076727e-18
0,0,8.1579796e-20
0,0,7.790878e-34
0,0,4.9211573e-23
0,0,8.874189e-31
0,0,0.0
0,0,3.5869044e-24
0,0,2.986872e-07
1,0,0.32627958
1,0,3.145514e-05
1,0,0.0002251867
0,0,1.55617e-20
0,0,8.520817e-17
1,1,0.97140974
1,0,0.00022331627
0,0,1.7269265e-33
0,0,3.8708935e-37
0,0,0.0
0,0,1.0582364e-35
0,0,1.2700327e-18
1,0,2.2161688e-08
0,0,0.0
0,0,5.6262935e-16
0,0,3.8212145e-23
1,0,0.014564869
1,0,0.0030111605
1,1,0.99160767
0,0,0.0052901036
0,0,1.0055326e-35
0,0,2.3196255e-34
0,0,1.583045e-12
1,0,3.7994116e-08
0,0,1e-45
0,0,2.2198556e-25
0,0,8.085852e-20
0,0,1.8142023e-15
0,0,1.8246354e-21
0,0,7.126537e-22
1,0,0.00016221957
0,0,4.827e-42
0,0,2.4935407e-23
0,0,0.0
0,0,0.0
0,0,2.9449635e-24
1,0,0.000124835
0,0,2.3786096e-30
0,0,4.6631806e-11
0,0,4.2794908e-16
0,0,1.00280594e-07
0,0,8.171636e-39
0,0,2.641382e-22
0,0,6.590921e-14
0,0,3.134043e-20
0,0,9.2974495e-15
1,1,0.8354044
0,0,4.612396e-30
0,0,3e-44
0,0,5.5500737e-20
0,0,2.3697086e-36
0,0,5.8778387e-33
0,0,0.056592293
0,0,0.0
0,0,0.0
0,0,3.660209e-29
0,0,2.6493383e-06
0,0,6.392803e-08
1,0,0.012798421
0,0,1.1493364e-19
0,0,4.884798e-23
0,0,7.8737247e-07
0,1,0.9953199
0,0,9.771362e-25
1,1,0.99998903
0,0,0.0
0,0,0.0
0,0,3.6e-44
0,0,9.3656535e-15
0,0,5.080793e-26
0,0,0.0
0,0,9.629272e-32
0,0,5.4192916e-21
0,1,0.99706763
0,0,2.036693e-21
0,0,0.0
0,0,3.1712805e-25
0,0,8.3374217e-23
0,0,0.0
0,0,3.726675e-06
0,0,1.8802938e-22
0,0,1.1772501e-15
0,0,5.3516793e-22
0,0,2.597901e-16
0,0,4.5182225e-13
0,0,3.0997192e-26
1,0,0.00022846571
0,0,1.9906021e-25
1,0,0.18424845
0,0,1.6463788e-13
0,0,1.0436154e-36
1,1,0.9815819
0,0,1.7251983e-14
0,0,1.4683574e-14
0,0,2.5023329e-33
1,1,0.99982136
0,0,1.5700041e-05
0,0,3.6437895e-26
0,0,2.7299676e-11
0,0,1.411741e-34
0,0,2.4147497e-15
0,0,5.5363263e-21
0,0,9.920951e-12
1,0,0.01678346
0,0,1.3422866e-26
0,0,1.337694e-37
0,0,2.1821805e-27
0,0,6.8480496e-18
0,0,6.127312e-29
0,0,7.1463963e-26
0,0,2.7616814e-13
0,0,1.3185391e-36
0,0,2.0232595e-34
1,1,0.9990797
0,0,2.1835004e-23
0,0,1.5679524e-25
0,0,4.83651e-10
0,0,2.1845747e-16
0,0,7.212439e-30
1,0,0.37025258
0,0,5.8931894e-35
0,0,1.9140616e-22
0,0,4.752606e-37
0,0,3.5604675e-11
0,0,2.3513883e-10
0,0,5.2211084e-23
0,0,5.9467465e-23
0,0,0.0
0,0,6.7247414e-35
0,0,5.722591e-25
1,1,0.9807793
0,0,1.5598083e-05
0,0,3.6373568e-20
1,0,8.077459e-06
0,0,2.376415e-30
0,0,1.4375628e-23
0,0,8.0570774e-24
0,0,1.455317e-25
0,0,5.3103104e-09
0,0,6.8831004e-23
0,0,5.414599e-29
0,0,1.1382702e-21
0,0,6.651258e-30
1,1,0.99426347
0,0,3.0277866e-07
0,0,1.1781352e-30
0,0,1.0590112e-21
0,0,6.64088e-25
0,0,2.9816084e-33
0,0,1.3889657e-16
0,0,1.5575747e-16
0,0,0.0
0,0,1.0158431e-33
0,0,1.1164817e-25
0,0,1.3028873e-24
0,0,1.8220128e-29
0,0,5.5824295e-29
0,0,1.8916605e-15
1,1,0.99917644
0,0,1.0560413e-30
0,0,5.5588957e-25
0,0,9.91785e-19
0,0,1.4779124e-34
0,0,3.854533e-39
1,0,0.004476533
1,0,0.010351119
0,0,0.0
0,0,9.757098e-17
0,0,3.713294e-39
0,0,8.938017e-18
0,0,1.587551e-15
0,0,0.0
0,0,1.6493163e-33
1,0,0.12295201
0,0,2.3522231e-32
1,0,0.12294037
0,0,3.4735726e-27
1,1,0.99983215
0,0,1.1871084e-22
0,0,2.5784155e-28
0,0,4.2841078e-11
1,0,0.010621885
0,0,2.8719563e-21
0,0,6.1709915e-28
1,1,0.9975804
1,0,0.00027639393
1,0,7.0648985e-06
0,0,1.2105953e-38
0,0,0.0
0,0,4.809784e-22
0,0,0.0
0,0,1.2371106e-18
1,0,0.0005630165
0,0,9.439645e-16
0,0,4e-45
0,1,0.98194695
0,0,0.0
0,1,0.7674148
0,0,0.104982935
0,0,5.672854e-20
1,0,2.5049753e-06
0,0,5.50783e-40
0,0,1.1402076e-15
0,0,3.5100616e-09
1,1,0.99994624
0,0,0.0
0,0,9.5962275e-33
0,0,7.4858033e-22
0,0,2.0147512e-17
0,0,3.102898e-36
0,1,0.9997732
1,0,0.00046342541
0,0,5.5664697e-18
0,0,1.7624444e-34
0,0,3.6264847e-18
1,1,0.9997154
1,0,2.719158e-05
0,0,6.0829336e-18
0,0,0.00015286103
0,0,3.029989e-22
0,1,0.99988747
0,0,3e-45
0,0,0.0
1,0,6.29066e-14
1,1,0.99733114
0,1,0.63399065
0,0,5.417832e-18
0,0,4.5904366e-07
0,0,4.404213e-33
0,0,6.156601e-05
0,0,6.400567e-33
0,0,2.33593e-18
0,0,9.362377e-13
0,0,3.5e-44
0,0,5.619092e-29
0,0,1.016e-41
0,1,0.7790927
0,0,8.5749186e-12
1,0,0.0010761783
0,0,7.026225e-05
0,0,3.3658823e-18
0,0,8.766966e-21
0,0,1.0678802e-19
1,1,0.9832176
0,0,1.897393e-21
1,0,7.348132e-05
1,1,0.9999919
0,0,8.129291e-16
0,0,4.194349e-16
0,0,2.392405e-30
0,0,0.0
0,0,3.6166875e-19
0,0,2.45e-43
0,0,2.9259914e-26
1,1,0.9990282
0,0,2.3206668e-14
0,0,3.0782403e-32
0,0,4.3375505e-07
0,0,8.64814e-31
0,0,5.350682e-21
0,0,5.53676e-17
0,0,4.428586e-20
0,0,2.7949585e-14
0,0,9.326023e-27
0,0,7.4670845e-17
0,0,4.6744523e-27
0,0,1.244016e-07
1,0,6.156411e-14
0,0,2.1095053e-05
1,0,9.302291e-05
0,0,2.2029783e-15
1,1,0.9984871
1,1,0.999956
0,0,8.737425e-27
0,0,3.3833462e-21
0,0,1.9712979e-22
0,0,1.863846e-12
0,0,1.5144881e-22
0,0,2.5738455e-36
1,1,0.8354044
0,0,8.485809e-06
0,0,6.2504137e-06
0,0,1.8053807e-36
1,0,0.13726854
1,1,0.99991953
0,0,6.3691406e-35
1,0,0.00038304468
0,1,0.94062966
0,0,5.7393487e-21
1,0,1.6808195e-11
0,0,4.776813e-16
0,0,4.3054048e-19
1,0,0.012706583
1,1,0.999861
0,0,6.710595e-09
0,0,1e-45
0,0,7.997214e-09
0,0,3.0866658e-28
0,0,1.2094257e-07
0,0,1.4974061e-07
1,1,0.8387836
0,0,2.1045987e-16
0,0,1.3591691e-22
0,0,1.4127092e-21
0,0,1.9503943e-19
0,0,1.839e-42
0,0,3.301059e-32
0,0,1.0703815e-13
0,0,1.1288734e-29
1,1,0.7127544
0,0,1.1782912e-17
0,0,1.6088442e-10
1,0,0.00014941266
0,0,6.8476926e-23
0,0,0.0007399068
1,1,0.9977011
0,0,4.7697734e-13
0,0,0.00010731324
0,1,0.9953927
0,0,6.5334944e-22
0,0,1.9766814e-15
0,0,2.2165002e-14
0,0,5.8304556e-24
0,0,0.0
0,0,2.0356992e-13
1,1,0.9988686
0,0,7.06765e-23
0,0,1.6734872e-19
0,0,7.099644e-23
1,1,0.9994777
1,1,0.99989283
0,0,8.3744155e-26
0,0,8.4191805e-22
0,0,1.9335519e-23
0,0,1.5858937e-36
0,1,0.99828845
0,0,5.0782745e-26
0,0,3.3927203e-26
0,0,2.3453418e-32
0,0,1.5728844e-23
0,0,2.880623e-37
0,0,6.0532415e-08
1,1,0.65975124
0,0,4.8480965e-31
0,0,8.582679e-22
1,1,0.9996816
0,0,3.523088e-16
0,0,4.2048038e-19
0,0,5.2871893e-38
0,0,0.0002597668
1,0,3.519443e-11
0,0,4.54e-42
0,0,1.8216472e-26
1,0,0.00046911222
0,0,5.9879805e-20
0,0,0.00031032457
0,1,0.99999154
0,0,0.026770126
0,0,0.0
1,0,0.13967259
1,1,0.9999937
0,0,3.1157909e-21
0,0,8.716177e-14
0,0,1.1508269e-21
1,1,0.9913243
0,0,1.9048754e-23
0,0,1.0134333e-07
0,0,1.2426143e-28
0,0,2.9938294e-31
0,0,8.0328e-41
0,0,2.8746818e-31
0,0,1.16037316e-32
0,0,1.6123322e-27
0,0,1.9055704e-18
0,0,1.9264351e-28
0,0,2.254272e-39
0,0,0.013896615
0,0,1.6969557e-29
0,0,1.7567904e-29
0,0,2.9944546e-18
0,0,7.4356925e-05
0,0,1.1988992e-23
0,0,3.2228678e-25
1,1,0.9997663
1,1,0.9956321
0,0,1.12581375e-10
0,0,2.6524587e-37
0,0,1.5607331e-31
1,0,0.00030789332
0,0,7.494489e-22
0,0,4.2248245e-25
0,0,9.7687e-41
0,1,0.99921846
0,0,4.2142717e-37
1,0,0.003227831
0,0,5.007e-41
0,0,6.6018066e-17
0,0,6.05e-43
0,0,3.9788036e-23
0,0,1.6097511e-27
0,0,2.3199765e-14
1,1,0.94344795
0,0,8.9557165e-21
0,0,9.096578e-09
0,0,1.1537942e-21
1,0,0.46051294
1,1,0.99987555
0,0,5.635898e-30
0,0,1.6125766e-14
0,0,1.2240665e-16
0,0,8.677309e-26
0,0,1.2835631e-18
0,0,2.5930527e-21
0,0,4.586421e-26
0,0,3.3024875e-29
0,0,3.3354638e-32
0,0,4.6260784e-19
0,0,7.634494e-30
0,0,4.4779807e-15
1,1,0.99994075
0,1,0.9990392
0,0,1.5241197e-23
1,1,0.9382779
1,0,3.2503795e-08
0,0,3.8604777e-17
0,0,4.095444e-35
0,0,3.8350005e-15
0,0,0.0
0,0,1.8468639e-19
0,0,3.959072e-25
0,0,2.4993747e-11
0,0,1.5665548e-31
1,0,0.26836225
0,0,9.2679125e-31
0,0,4.5311483e-29
1,0,0.003227831
0,0,4.1753097e-21
0,0,1.1781854e-21
0,0,1e-45
0,0,1.928539e-12
0,0,2.9463435e-14
0,0,0.07850401
0,0,1.646042e-10
0,0,7.568849e-21
0,0,0.0
1,0,0.19507034
0,0,5.106956e-38
0,0,9.7605535e-11
0,0,1.6186884e-24
1,1,0.99880135
1,0,1.7805718e-08
1,1,0.70245147
0,0,4.3200996e-25
0,0,9.033009e-38
0,0,4.827136e-22
1,1,0.99999166
0,0,0.0019158608
0,0,3.211629e-23
0,1,0.9948822
0,0,7.457258e-26
0,0,2.1143756e-24
0,0,3.1302172e-29
0,0,2.5520949e-26
0,0,0.00027962093
0,0,1.0967879e-12
1,0,0.053914502
0,0,5.903218e-22
1,0,2.4214743e-05
1,1,0.9998989
0,0,5.5267887e-21
0,0,1.0796979e-26
0,0,3.358844e-16
0,0,0.00045914247
0,0,1.882e-42
1,1,0.99986863
0,0,1.2775374e-22
1,1,0.9799427
1,1,0.9429229
0,0,5.1363598e-23
1,0,1.715361e-05
0,0,4.5383433e-22
0,0,3.328223e-37
0,0,5.356332e-31
0,0,5.12348e-39
0,0,3.436557e-38
0,0,1.9737685e-08
0,0,9.607004e-24
0,0,3.2466518e-29
1,0,0.1341544
0,0,2.5645372e-34
1,0,0.00038304468
1,0,2.6250682e-05
0,0,9.001222e-07
1,1,0.9999316
0,0,3.202751e-28
0,0,4.1540327e-23
0,0,8.4016004e-29
0,0,1.451521e-30
0,0,1.942665e-11
0,0,7.2298397e-25
0,0,4.4998182e-13
0,0,1.8790567e-26
0,0,2.283339e-28
0,0,9.629558e-26
1,0,3.7994116e-08
0,0,2.8853378e-24
0,1,0.515096
0,0,7.9239e-41
0,0,8.7376584e-08
0,0,4.7326286e-24
1,0,0.0021920663
0,0,7.229516e-23
0,0,3.6066825e-28
0,0,6.1456986e-33
0,0,3.5239505e-06
1,0,5.1320105e-05
1,0,0.14614816
0,0,8.382615e-37
1,0,1.7694065e-05
0,0,8.859876e-32
1,1,0.99160767
0,0,5.971659e-39
0,0,4.440676e-30
1,0,0.23596747
0,0,7.855612e-33
0,0,3.0418028e-21
0,0,9.613798e-05
0,0,5.3012996e-18
1,1,0.95879525
0,1,0.7031058
1,0,9.342808e-09
0,0,0.0
1,1,0.99991953
0,0,0.0
0,0,6.45014e-14
0,0,4.6094297e-20
0,0,2.0929555e-18
1,0,0.008622988
0,0,4.555216e-16
0,0,5.1854943e-25
0,0,2.7013657e-26
0,0,5.052255e-23
1,1,0.9993369
0,0,4.0690108e-16
0,0,0.0
0,0,6.001913e-11
1,0,0.00014552442
1,0,3.742324e-07
0,0,1.8630896e-34
0,0,1.0431553e-05
0,0,9.029031e-34
0,0,6.1372437e-32
0,0,1.157786e-18
0,0,5.0471604e-34
0,0,1.1963235e-14
0,0,0.0
0,0,1.4177762e-32
1,1,0.878894
0,0,1.5268267e-29
1,1,0.99072635
0,0,1.9177553e-19
0,0,3.3135942e-13
0,0,1.8e-44
0,0,2.3241741e-15
0,0,2.5673112e-31
1,1,0.9996445
0,0,1.2299447e-32
0,0,3.676113e-32
0,0,1.2421982e-19
0,0,6.0216545e-27
0,0,1.034165e-07
0,0,3.901718e-09
0,0,2.4490049e-18
0,0,3.150822e-22
1,0,2.6877231e-05
0,1,0.82912874
0,0,1.8006334e-15
0,0,0.4604585
0,0,1.2877184e-16
0,0,6.8578146e-29
1,0,0.0009337047
1,1,0.9999808
0,0,2.2426316e-33
0,0,4.9713166e-05
0,0,1.4187887e-31
0,0,1.282274e-21
1,1,0.9999745
0,0,3.9492392e-24
0,0,1.4095982e-13
1,1,0.9993968
0,0,3.198185e-28
0,0,4.8002505e-23
0,0,4.101769e-31
0,0,2.5591976e-22
0,0,1.4850883e-36
1,0,0.00011672641
0,0,6.3048186e-34
1,0,0.00058060925
0,0,3.5e-44
0,0,8.332839e-24
0,0,1.861144e-18
0,0,8.616179e-28
1,0,3.9853508e-06
0,0,0.0
0,0,1.6862565e-29
0,0,4.310417e-34
0,0,2.9173443e-05
0,0,7.835669e-28
0,0,3.6482466e-05
0,0,3.1449978e-37
0,0,1.7016026e-11
0,0,1.0130849e-16
0,0,9.952435e-15
0,0,5.1058728e-20
0,0,2.5671786e-20
1,0,3.275909e-06
0,0,1e-45
0,1,0.9916122
0,0,3.3455197e-16
0,0,7.4132404e-33
1,1,0.9998275
0,0,6.9717924e-21
1,0,0.0094134305
0,0,8.196064e-28
0,0,4.891072e-27
0,0,4.7795445e-32
0,0,3.1961569e-15
0,0,5.5906953e-15
0,1,0.6347801
0,0,1.3493395e-20
0,0,6e-45
0,0,2.3919259e-19
0,0,3.1831022e-22
0,0,2.5246153e-33
0,0,1.0387912e-33
0,0,4.77369e-40
1,0,0.023713028
0,0,1.8e-44
0,0,1.0472887e-28
0,0,2.548174e-34
0,0,4.4279542e-23
0,0,3.2281455e-33
0,0,2.5306888e-19
0,0,8.113462e-23
0,0,4.3582744e-23
0,0,0.0
0,0,8.254781e-18
1,0,1.3240768e-05
1,0,0.07867622
0,0,5.636093e-22
0,0,1.4878767e-23
0,0,1.4763054e-13
0,0,4.2447396e-19
0,0,1.629754e-13
0,0,5.7498614e-23
1,1,0.99186933
0,0,2.53444e-40
0,0,7.6846434e-35
0,0,3.192e-42
0,0,1.2869029e-24
0,0,9.861189e-26
0,1,0.9499213
0,0,9.025927e-20
1,1,0.99993765
0,0,2.0605216e-27
0,0,2.0472376e-12
0,0,3.7203418e-16
0,0,1.7385374e-36
0,0,1.7018808e-31
0,0,7.3349042e-06
0,0,1.8740106e-18
0,0,1.7287735e-24
0,0,2.4763369e-22
0,0,0.0
1,1,0.9993575
0,0,1.7152148e-17
0,0,3.2528469e-16
0,0,4.794599e-14
1,0,2.1311838e-07
1,0,0.059340354
1,0,1.3742375e-06
0,0,0.0
0,0,1.142077e-34
0,0,3.297437e-23
0,0,5.768443e-32
0,0,5.1167905e-28
0,0,4.9303974e-25
0,0,1.5049387e-23
0,0,2.901281e-20
0,0,1.6069561e-16
0,0,1.5388907e-28
0,0,2.2611022e-24
0,0,1.1555445e-18
0,0,3.2281685e-19
0,0,1.3085816e-30
0,0,4.0633202e-30
0,0,2.0392193e-10
0,0,2.645741e-20
0,0,3.8626744e-31
0,0,2.7504513e-14
0,0,0.0
0,0,2.0374445e-23
1,0,0.036144648
0,0,1.2505179e-35
0,0,0.00050029275
1,0,0.0004977368
1,0,0.084790416
0,0,2.3558792e-31
0,0,0.0
0,0,1.18773386e-29
0,0,2.2297253e-18
0,0,2.8419704e-24
0,0,1.5067026e-15
1,0,2.086658e-05
0,0,2.2367445e-11
1,0,0.01678346
0,0,1.3547916e-27
0,0,0.0
0,0,6.7913275e-36
1,1,0.99794644
0,1,0.9768515
1,0,0.00024375846
0,0,3.2565352e-23
0,0,2.4348887e-21
0,0,3e-45
0,0,5.973568e-18
0,0,8.5391844e-36
0,0,4.5437677e-21
0,0,1.9136317e-21
0,0,1.4532643e-14
0,0,4.7534837e-08
0,0,4.0922757e-08
0,0,6.4048e-41
0,0,1.1564106e-15
0,0,7.7183684e-28
0,0,1.9543382e-30
0,0,3.3350524e-27
1,0,0.025462989
1,1,0.99733114
0,0,2.8958178e-21
0,0,6.170054e-07
1,0,2.033873e-05
0,0,1.1969445e-10
0,0,1.7871881e-21
0,0,0.0002162523
0,0,4.851316e-38
0,0,2.3726683e-12
0,0,1.1651373e-24
0,0,6.611822e-29
1,1,0.999724
0,0,2.1453296e-17
1,0,1.1556162e-06
0,0,1.3237444e-22
1,0,1.9323801e-11
0,0,1.1003724e-17
0,0,1.1799e-41
1,0,1.5120894e-07
0,0,1.88678e-40
0,0,3.5647158e-29
1,1,0.92197734
0,0,7.7978497e-23
1,0,1.2080166e-05
0,0,7.259638e-23
0,0,1.639824e-07
0,0,1.03798e-39
0,0,0.00022950649
1,0,2.6685486e-08
0,0,3.9898746e-35
0,0,3.9327676e-29
0,0,2.067617e-26
1,0,1.3020727e-06
1,1,0.9996588
0,0,1.2363912e-06
0,0,1.374472e-37
0,0,3.698367e-16
0,0,1.4127133e-23
0,0,4.8e-44
0,0,1.7954159e-13
0,0,0.0
1,1,0.9999424
0,0,8.481798e-11
0,0,2.7717253e-23
0,0,0.0
0,0,8.294206e-33
1,1,0.99966216
0,1,0.9992907
0,0,3.304517e-21
0,0,2.3889992e-26
0,0,3.94854e-27
0,0,5.811365e-22
0,0,2.8004072e-25
0,0,1.0671336e-29
0,0,3.327432e-32
0,0,4.9883807e-33
1,1,0.999995
0,0,2.034854e-27
0,0,1.7817944e-16
0,0,1.1903774e-23
0,0,2.056802e-39
0,0,9.669252e-16
0,0,4.154619e-23
0,0,0.0
0,0,1.03356366e-22
0,0,4.08264e-34
0,0,3.647278e-27
1,0,1.3244698e-25
0,0,1.2066953e-22
0,0,7.643028e-31
0,0,2.2457328e-31
0,0,1.1684723e-22
0,0,8.156631e-30
1,1,0.908823
0,0,4.1846277e-18
1,0,0.08237409
0,0,3.659952e-17
0,0,7.911219e-25
0,0,2.7622362e-23
0,0,1.348579e-26
0,0,1.5959299e-38
0,0,2.861e-42
0,0,4.734328e-23
1,0,0.019346477
1,0,6.825758e-07
0,0,1.2710366e-17
0,0,1.16702e-40
1,1,0.99593085
1,0,2.7377226e-05
0,0,1.4730772e-27
1,0,0.0007190727
0,0,7.0131005e-24
0,0,2.6097998e-24
0,0,3.451212e-19
1,0,0.1476338
1,1,0.91283524
0,0,0.0
1,0,0.011879484
0,0,0.0
0,0,6.4954515e-21
0,0,6.364013e-36
0,0,2.512028e-20
0,0,3.0360306e-13
0,0,1.2386078e-25
0,0,6.5430036e-35
0,0,2.3831944e-24
0,0,5.66232e-40
0,0,0.0
1,0,2.202618e-29
0,0,7.232445e-14
0,0,3.8329153e-12
0,0,1.4e-43
0,0,0.024812335
0,0,9.6145455e-26
1,1,0.99072635
1,0,1.4094242e-05
0,0,1.7726898e-38
1,1,0.9987696
0,0,3.706485e-10
0,0,1.1017086e-16
0,0,1.8514011e-25
0,0,1.9672458e-25
0,0,8.477176e-10
0,0,4.273308e-31
0,0,4.4378298e-23
0,0,8.470354e-05
0,0,1.1e-44
0,0,1.3975197e-20
0,0,6.5588106e-16
0,0,3.8077117e-30
0,0,4.0171894e-31
0,0,2.4742253e-12
0,0,5.6035062e-15
0,0,5.458927e-19
0,0,4.1255075e-18
0,0,6.580805e-19
0,0,1.1100289e-21
0,0,9.321603e-29
1,1,0.9995596
1,1,0.9981614
0,0,5.2813973e-18
0,0,8.547273e-12
0,0,1.6932923e-33
0,0,0.0
0,0,4.98919e-29
0,0,1.10572024e-10
0,0,4.99328e-23
0,0,5.2778766e-24
0,0,1.7408234e-25
0,0,1.40086775e-33
1,1,0.9253355
0,0,5.6515798e-27
0,0,4.7333553e-37
0,0,3.8486635e-13
0,0,5.6804952e-21
1,0,7.604842e-07
0,0,0.0029052387
0,0,6.5988287e-19
0,0,1.1247789e-33
0,0,3.0035602e-26
0,0,3.3048374e-18
1,0,0.0030930396
0,0,1.083216e-35
0,0,0.0
1,0,0.0005630165
0,0,3.234947e-20
0,0,1.328931e-10
0,0,0.0
0,0,1.3670475e-21
0,0,3.6503486e-15
1,0,0.03677891
0,0,3.5939446e-24
0,0,1.7892596e-12
0,0,5.179699e-26
0,0,4.6675173e-21
0,0,3.1228433e-06
1,1,0.99989164
0,0,3.5847195e-22
0,0,2.803706e-13
0,0,4.8716208e-24
1,0,0.014596165
1,1,0.9971378
0,0,4.7923694e-21
1,0,0.001031421
0,0,1.4827369e-24
0,0,1.0283064e-09
1,1,0.9986792
1,1,0.99887866
0,0,3.1474312e-24
0,0,1.9271804e-25
0,0,4.3781916e-36
0,0,1.2894306e-21
0,0,1.4316e-41
0,0,9.764352e-07
0,0,2.1699619e-34
0,0,1.6151828e-19
0,0,6.3455375e-22
0,0,3.502246e-19
0,0,3.48174e-22
0,0,7.188471e-27
0,0,7.996873e-14
0,0,2.1313608e-13
0,0,3.7872094e-10
1,1,0.990139
0,0,1.3071847e-15
0,1,0.9966127
0,1,0.9965718
0,0,8.702664e-08
0,0,5.709171e-21
1,0,1.086647e-20
0,0,1.7829412e-26
0,0,6.1067386e-34
0,0,0.021368062
0,0,1.5088351e-13
0,0,4.1550294e-24
0,0,9.887886e-28
1,1,0.9979171
0,0,3.9312e-40
1,0,0.003227831
0,0,6.799767e-24
0,0,2.7138798e-14
0,0,1.1763594e-33
0,0,3.067523e-19
0,0,1.4558554e-18
0,0,9.028528e-31
0,0,1.6699774e-37
0,0,1.5188295e-19
0,0,3.1442328e-28
0,1,0.99958163
1,0,0.026050618
0,0,0.0
1,0,0.00018073196
0,0,2.1764325e-15
0,0,0.0
0,0,3.3335475e-22
0,0,8.088324e-19
0,0,8.0309274e-33
0,0,2.1946486e-08
1,1,0.99426347
0,0,3.807623e-16
0,0,0.0
0,0,9.040914e-28
0,0,1.7140741e-35
0,0,8.48259e-30
0,0,5.498521e-15
0,0,7.7500056e-33
0,0,1.387965e-38
0,0,5.011329e-39
0,0,6e-45
0,0,5.865811e-14
0,0,9.630416e-31
0,0,0.0002242461
0,0,1.4040931e-19
0,0,2.045175e-25
0,0,4.2976884e-21
0,0,5.945009e-20
0,0,1.9767373e-27
0,0,5.701768e-22
0,0,1.0265268e-36
0,0,3.59e-43
0,0,1.15283466e-29
0,0,6.5650883e-25
0,0,4.6224703e-23
0,0,4.75594e-05
0,0,5.39212e-26
0,0,7.288797e-17
0,0,4.7588303e-29
0,0,5.4581864e-08
1,0,0.00038690364
0,1,0.99980456
1,0,0.0008125149
0,0,6.662583e-30
1,1,0.995447
0,0,1.0323846e-31
1,0,0.04981864
1,0,0.00038690364
0,0,1.3226e-40
0,0,9.216072e-05
0,0,1.6738675e-30
0,0,2.0431247e-17
0,0,1.1262507e-27
0,0,1.1062988e-09
0,0,3.7070374e-06
0,0,5.293312e-35
0,0,1.1364298e-11
0,0,8.1670636e-22
1,0,1.6849716e-09
0,0,9.195365e-24
0,0,3.246965e-27
0,0,5.037867e-35
0,0,4.068837e-25
0,0,1.0866299e-21
0,0,8.244903e-32
0,0,1.008344e-13
0,0,5.980393e-23
0,0,5.2181218e-23
0,0,1.8691432e-16
0,0,1.7003289e-32
0,0,7.941047e-21
0,0,1.2055429e-33
0,1,0.98222464
1,1,0.998941
0,0,2.6871733e-10
0,0,1.4408938e-10
0,0,8.606421e-36
0,0,5.8570407e-27
1,0,0.0017627833
0,0,1.4299531e-18
0,0,2.4113653e-20
0,0,2.6800129e-36
0,0,4.2106136e-27
0,0,1.8429285e-28
0,0,4.866462e-37
0,0,6.6728863e-22
0,0,1.2823507e-16
1,0,0.008622988
0,0,2.687696e-25
0,0,2.6773525e-31
0,0,6.1936967e-30
0,0,2.0137444e-32
0,1,0.9899058
0,0,3.3008474e-38
0,0,1.3365809e-16
0,0,9.233598e-19
0,0,5.381254e-32
0,0,0.004052713
0,0,7.0581295e-18
0,0,1.2722038e-20
0,0,2.7560717e-28
0,0,2.0489873e-16
0,0,3.1727446e-25
0,0,2.3056923e-06
0,0,2.50632e-40
0,0,8.482516e-32
0,0,4.3127096e-31
0,0,2.1133787e-36
0,0,5.4521016e-11
0,0,1.2824743e-29
0,0,1.1586104e-21
1,1,0.9999285
1,1,0.9997584
1,0,0.0024610981
0,0,9.73071e-24
0,0,7.117764e-14
0,0,3.5754044e-07
0,0,3.3804126e-24
0,0,2.13555e-40
0,0,1.7702115e-21
0,0,2.9210597e-20
0,0,7.461834e-20
0,0,0.0
1,0,0.059212487
0,0,5.0398058e-36
0,0,5.152939e-07
0,0,7.8962e-41
0,0,1.7053957e-32
0,0,1.1733051e-22
0,0,2.6247507e-13
1,1,0.9942925
0,0,8.190977e-11
0,1,0.99968374
0,0,1.4679179e-25
0,0,3e-44
0,0,1.0511254e-31
1,0,2.6475452e-06
1,1,0.93318033
0,0,1.3091997e-24
0,0,7.16791e-26
0,0,8.447611e-24
0,1,0.9326267
0,0,0.0
0,0,5.430073e-36
0,0,5.282989e-33
1,0,2.700953e-07
0,0,0.29345098
0,0,2.5723356e-27
0,1,0.9693933
1,1,0.99999046
0,0,1.8346002e-23
0,0,2.1639056e-24
0,0,1.1057605e-21
0,0,0.0021233016
0,0,1.3730159e-21
0,0,0.46788478
0,0,7.347029e-17
0,0,3.610108e-14
0,0,6.958014e-18
0,0,6.7120536e-28
1,1,0.9997502
0,0,7.521548e-09
0,0,5.57189e-39
0,0,1.900287e-39
0,0,6.8684514e-08
0,0,6e-45
0,0,1.7838766e-15
1,0,0.00016728608
0,0,5.1512203e-28
0,0,2.1830665e-24
0,0,1.0941096e-34
0,0,5.5522944e-21
0,0,0.0
0,0,5.745108e-14
0,0,1.56087e-16
0,0,2.9322777e-29
0,0,4.399662e-18
0,0,7.441838e-08
0,0,8.991e-42
0,0,8.627195e-36
0,0,5.4346774e-12
0,0,3.9798047e-16
0,0,3.166292e-15
0,0,6.4082678e-24
0,0,4.801387e-15
0,0,1.1629853e-21
0,0,2.6060353e-27
0,0,1.6294812e-31
0,0,6.5653523e-21
1,0,3.384427e-08
1,1,0.9999808
0,0,3.1360903e-26
1,0,2.5623165e-05
0,0,6.0966427e-32
0,0,8.111338e-09
0,1,0.99952066
0,0,3.141667e-28
0,0,1.850862e-20
0,0,4.085229e-14
0,0,2.005326e-26
0,0,9.868515e-36
0,0,3.3082615e-22
0,0,4.19e-43
0,0,8.583027e-25
1,1,0.98398983
0,0,1.0033643e-19
0,0,0.0
0,0,1.900729e-17
0,0,7.332993e-34
0,0,1.0278237e-21
0,0,3.8031545e-37
0,0,7.0744343e-19
0,0,1.1326186e-27
0,0,4.978868e-21
1,0,5.895696e-09
1,1,0.99975663
0,0,0.09162316
0,0,3.611515e-28
0,0,7.277497e-30
0,0,8.258233e-21
0,0,2.936291e-10
0,0,2.024396e-06
1,0,3.3939768e-06
0,0,1.5401913e-32
0,0,0.0018560853
0,0,5.958923e-06
1,0,0.00047173616
0,0,7.517113e-21
0,1,0.9999926
0,0,5.804202e-17
1,1,0.8204067
0,0,0.0
0,0,1.6093037e-06
0,0,2.1205137e-17
0,0,7.5288e-41
0,0,3.7876323e-23
0,0,4.827738e-13
0,0,4.0202115e-15
1,0,7.518094e-12
1,1,0.9998858
0,0,6.3608824e-21
0,0,2.3388098e-33
0,0,0.0
0,0,7.4483955e-24
1,1,0.9999695
1,1,0.9962997
0,0,6.0843225e-34
0,0,1.0515356e-14
0,0,2.8409914e-19
1,1,0.9999963
0,0,3.0104004e-16
0,0,0.00018492839
0,0,1.3797141e-23
0,1,0.9288234
0,0,1.3500615e-26
0,1,0.9994918
0,0,1.3060535e-22
0,0,3.339e-42
0,0,1.7996502e-09
0,0,1.064073e-21
0,0,2.712211e-16
1,0,3.1039814e-05
0,0,1.8114035e-13
0,0,4.771681e-22
0,0,3.1836933e-32
0,0,1.3124152e-31
1,0,0.0008461274
0,0,4.0358497e-32
0,0,2.892e-42
0,0,0.0
1,0,6.4932494e-05
0,0,2.13e-43
0,0,1.0494883e-28
1,0,0.040071968
0,0,6.141383e-19
0,0,0.18268098
0,0,1.6681572e-05
0,0,6.9460005e-33
1,0,0.00011679789
0,0,0.00026476439
0,0,5.0299708e-29
0,0,3.952927e-07
0,0,1.29423e-29
0,0,3.9473525e-11
0,1,0.97689736
0,0,1.5195108e-30
1,1,0.79359174
0,0,3.9353108e-33
0,0,9.495453e-29
0,0,2.3821811e-20
0,0,3.878266e-31
1,0,0.0009752008
1,0,0.00043718435
0,0,5.9138885e-19
0,0,2.2307444e-27
1,1,0.9998621
0,0,5.5e-44
0,0,3.008091e-25
0,0,5.1840937e-31
0,0,3.0416725e-23
1,1,0.86156076
0,0,2.3565498e-34
0,0,7.3307525e-20
0,0,1.326415e-12
0,0,4.247113e-15
1,0,0.07040193
0,0,5.2342593e-27
0,0,1.0146341e-08
0,0,4.2045e-41
0,0,6.840055e-07
0,0,6.9433424e-28
0,0,1.2215217e-35
0,0,4.4326546e-37
0,0,2.6238812e-27
0,0,1.312249e-10
0,0,2.5688147e-35
0,0,4.2613336e-13
0,0,7.5506925e-33
0,0,9.90225e-24
1,0,0.04981864
0,0,3.4703833e-33
1,1,0.99971455
0,0,7.551772e-37
1,1,0.99992263
1,1,0.99993765
0,0,9.552412e-23
0,1,0.9890409
1,1,0.9996654
0,0,8.2099405e-32
0,0,9.74e-43
0,0,1.2897503e-10
0,0,6.510337e-28
0,0,8.362266e-38
0,0,3.913714e-30
0,0,7.89254e-30
0,0,3.366652e-26
0,0,3.4e-44
0,0,4.572e-42
0,0,8.591887e-14
1,0,1.385607e-05
0,0,6.499626e-14
0,0,2.031357e-11
0,0,5.061095e-21
0,0,2.3140116e-28
0,0,2.9417622e-25
0,0,9.022595e-26
1,0,0.2450883
0,0,0.013757026
0,0,2.2432272e-21
0,0,2.6196e-35
0,0,2.2444638e-25
0,0,5.567459e-21
0,0,1.7394088e-18
0,0,2.1454017e-26
0,0,1.4557716e-26
0,0,1e-45
0,0,7.175866e-20
1,1,0.9951343
0,0,5.442749e-19
1,1,0.94711757
0,0,0.0
0,0,2.4610898e-30
0,0,4.1722422e-26
0,0,1.2853629e-23
0,0,2.0085006e-21
0,0,7.9406634e-11
0,0,6.3284988e-21
0,0,2.5373838e-22
0,0,1.5014607e-27
0,0,0.0006830296
0,0,6.9844745e-33
0,0,6.1050255e-23
1,0,0.0030943276
0,0,6.526274e-21
0,0,0.0
0,0,4.8780267e-13
1,1,0.9959506
0,0,2.9068876e-12
1,1,0.97548354
0,1,0.93690795
0,0,4.903811e-28
0,0,2.7994358e-06
0,0,1.1825197e-09
0,0,7.96481e-34
0,0,0.00021737252
0,0,5.5993907e-12
0,0,1.8884058e-18
0,0,1.05857154e-20
1,1,0.99426347
0,0,2.3918058e-35
1,0,1.7690864e-11
0,0,5.755462e-29
0,0,7.5147174e-05
0,0,1.3824648e-07
0,0,4.0880406e-30
0,0,1.9624219e-22
0,1,0.99743325
0,0,1.0638135e-28
0,0,1.893688e-39
0,0,2.0918666e-14
0,0,2.799006e-19
0,0,1.2354273e-10
0,0,6.394965e-22
0,0,8.345e-42
0,0,1.06126025e-35
0,0,1.4062612e-23
0,0,6.958986e-21
0,0,2.257271e-28
0,0,2.4473195e-29
0,0,1.859e-41
0,0,1.1120744e-24
0,0,0.0
0,0,2.9858267e-36
0,0,1.0112271e-17
0,0,3.08112e-31
0,0,4.7548597e-35
1,1,0.9996517
0,0,3.329256e-27
0,0,1.2803385e-21
0,0,9.074887e-34
1,0,5.7146018e-08
0,0,0.0
0,0,5.416095e-06
0,0,1.17805395e-23
0,0,3.1541827e-26
0,0,1.9164111e-25
1,1,0.96141034
0,0,3e-45
1,1,0.9999881
0,0,4.2273458e-22
0,0,4.134195e-22
1,0,0.0006749394
1,0,0.0014235096
0,0,5.0291854e-21
0,0,1.3819879e-18
0,0,4.857043e-21
1,0,2.2611434e-06
1,1,0.9999924
0,0,3.525214e-30
0,0,3.5558905e-20
1,1,0.99998045
0,0,1.275e-42
0,0,5.7761806e-14
0,0,1.5145619e-05
1,0,3.615424e-05
0,0,4.671758e-28
0,0,3.8294873e-16
0,0,1.4508412e-36
0,0,0.00033977293
1,0,0.035425425
0,0,4.4142022e-26
1,0,1.6860516e-06
0,0,4.354956e-28
0,0,1.2122238e-20
1,0,0.0008715006
1,0,7.348132e-05
0,0,0.0
0,0,1.9061783e-21
0,0,1.0796532e-25
0,0,1.666824e-33
0,0,3.4898796e-05
1,0,4.3476636e-08
0,0,6.9030277e-32
0,0,1.2179449e-18
1,1,0.99961394
0,0,5.996539e-32
0,0,1.079731e-39
1,0,1.9669926e-08
0,0,3.8665528e-23
0,0,6.6176424e-09
1,0,0.15302548
0,0,5.6918947e-32
0,0,9.188244e-25
1,0,4.9615256e-11
0,0,5.464071e-27
1,0,1.3314513e-05
0,0,1.5448287e-16
0,0,1.5332248e-20
0,0,1.5595717e-32
0,0,1.6881758e-20
0,0,5.6370593e-30
0,0,2.8183945e-22
0,0,6.124769e-20
0,0,2.6585238e-24
0,0,0.0013740009
0,0,1.0292807e-07
0,0,1.15496514e-29
0,0,1.23e-43
1,1,0.9992982
0,0,2.6677638e-35
0,0,1.3345316e-18
0,0,0.001612814
0,0,1.4045225e-14
1,0,1.0459004e-07
0,0,3.7504648e-31
0,0,0.19342642
1,0,5.5558132e-05
0,0,7.802e-41
1,1,0.65975124
0,0,1.626348e-20
0,0,1.03241136e-25
0,0,7.887e-42
0,0,2.8919407e-30
0,0,1.8481896e-26
0,0,0.32169762
0,0,2.8218922e-06
1,1,0.9996131
0,0,1.2329054e-15
0,0,3.1604e-17
0,0,3.4349652e-19
0,0,3.442e-42
1,1,0.9997154
0,0,7.247027e-14
0,0,3.2379412e-16
1,1,0.7581743
0,0,3.8570518e-15
0,0,4.2031776e-22
0,0,1.2892628e-22
0,0,1.4549987e-20
0,0,2.7274758e-29
1,1,0.9538693
0,0,7.2319594e-26
0,0,1.5129814e-29
0,0,1.590662e-21
0,0,9.869006e-28
0,0,9.767295e-11
0,0,8.2371297e-19
0,0,0.001277135
0,0,6.7352075e-15
1,0,4.994741e-06
0,0,1.2107665e-15
0,0,0.25148135
1,0,0.0025515384
1,0,0.0048623295
0,1,0.99791485
0,0,0.019524772
1,0,5.4360706e-05
1,0,0.00032892684
0,0,2.6738006e-31
0,0,2.8932912e-27
1,1,0.9999994
0,0,1.6771616e-12
0,0,4.55956e-32
0,0,2.7758308e-08
0,0,6.811005e-25
1,0,1.5076708e-05
0,0,0.028166598
0,0,1.3441518e-26
0,0,8.019694e-25
0,0,8.266852e-10
0,0,3.2328234e-21
0,0,8.1355577e-16
1,1,0.99982834
1,1,0.65975124
0,0,2.4993015e-31
0,0,9.974e-42
0,1,0.99920744
0,0,2.0305318e-30
0,0,6e-44
0,0,1.5840202e-20
1,1,0.80883694
0,0,2.7518205e-33
1,0,1.1556162e-06
0,0,2.688066e-39
0,1,0.9997422
0,0,6.210452e-21
0,0,3.794687e-32
1,1,0.9993919
0,0,3.566166e-39
0,0,4.2917785e-34
0,0,8.1280075e-19
0,0,9.775082e-34
0,0,3.8335556e-21
0,0,1.8417275e-12
0,0,1.6892144e-11
0,0,3.7217432e-18
0,0,1.1853747e-08
0,0,5.9282717e-13
1,0,2.7377226e-05
1,0,0.00025089527
0,0,7.074573e-33
1,1,0.9521092
0,0,2.786861e-26
0,0,8.471631e-29
0,0,1e-45
0,0,8.3957855e-07
1,0,6.6773587e-06
0,0,0.0
1,0,4.6102898e-05
0,0,4.981615e-24
0,0,3.0905445e-19
0,0,0.0
1,1,0.98584926
0,0,1.5437688e-23
0,0,7.4512146e-30
0,0,5.25347e-32
0,0,1.2632756e-14
0,0,2.835774e-33
0,0,2.1454017e-26
0,0,1.8729151e-20
1,1,0.99981695
0,0,6.600196e-05
1,1,0.9999281
1,0,4.4165354e-06
0,0,1.55179e-19
0,0,0.0
0,0,9.692848e-24
0,0,3.6551784e-18
0,0,3.438666e-39
0,0,1.6234248e-17
1,0,7.317483e-08
0,0,2.743492e-06
0,0,2.400954e-22
0,0,0.0
0,0,5.7446684e-22
1,0,0.013479064
0,0,2.4168552e-34
0,0,1.0434079e-22
0,0,1.3647801e-05
0,0,3.420906e-20
0,0,0.0
0,0,2.6448694e-08
0,0,1.03253295e-26
0,0,7.786562e-21
0,1,0.9763297
0,0,9.044613e-34
0,0,1.0837304e-24
0,0,1.6965895e-33
1,1,0.9999875
0,0,2.0242996e-21
0,0,4.124925e-33
0,0,6.489197e-25
1,1,0.99965656
0,0,3.167882e-33
0,0,8.872943e-22
0,0,8.088386e-34
0,0,1.0220333e-36
1,0,0.009913765
1,0,0.00018040997
0,0,6.3995984e-38
0,0,1.1956534e-13
1,1,0.9663096
0,0,5.4720405e-34
0,0,2.92994e-22
0,0,1.4313672e-17
1,1,0.8618035
0,0,6.11979e-29
0,0,1.1355902e-13
0,0,2.088e-42
1,1,0.99961436
0,0,6.5979527e-25
0,0,4.7530863e-26
0,0,2.553927e-14
0,0,5.608781e-25
0,0,2.0609425e-38
0,0,1.2575301e-21
0,0,1.0618067e-13
0,0,9.603349e-22
1,0,0.0040330635
0,0,0.047303084
1,1,0.9989392
0,0,5.5457454e-24
0,0,1.1406821e-22
0,0,1.145727e-39
0,0,2.189109e-12
0,0,1.50148705e-30
0,0,1.0646358e-24
0,0,6.24243e-40
0,0,2.2514628e-16
0,0,1.2617205e-28
0,0,4.6802643e-29
0,0,7.532094e-14
0,0,2.246198e-29
0,0,4.597275e-10
0,1,0.94666
1,0,0.037022755
0,0,5.8197635e-14
0,0,4.5032545e-27
0,0,1.0047322e-18
0,0,1.597323e-25
0,0,0.0
0,0,3.399521e-19
0,0,9.747674e-12
1,0,0.011982092
0,0,4.1249495e-10
0,0,1.6604138e-11
0,0,1.6681304e-15
0,0,1.8962782e-14
0,0,3.8575658e-23
1,1,0.99426794
0,0,2.3190057e-27
0,0,4.7800235e-30
0,0,1.0887706e-29
0,0,3.365825e-29
0,0,2.6600334e-18
0,0,2.7631508e-17
1,1,0.98026705
1,1,0.9979171
1,1,0.9801057
0,0,2.6102772e-32
0,0,0.0
0,0,6.8079196e-08
0,0,2.8385066e-22
1,1,0.99995244
0,0,4.5500386e-32
1,0,0.00068163994
0,0,5.1107554e-16
1,0,0.0034413096
1,0,0.0016529511
1,1,0.99771714
0,0,3.533139e-10
0,0,7.15e-43
0,0,2.695344e-26
0,0,8.253843e-39
0,0,3.4863723e-18
0,0,8.71375e-14
0,0,5.9768245e-19
0,0,8.3824084e-18
0,0,9.3221084e-20
0,0,1.3536592e-21
0,0,2.563934e-24
0,0,1.7552569e-21
0,0,1.3486446e-09
1,0,4.5210458e-05
0,0,1.0612821e-32
0,0,1.0342044e-26
1,0,0.01326441
0,0,2.164e-42
1,1,0.9997502
0,0,1.65e-43
0,0,6.1540706e-34
0,0,3.7737752e-29
0,0,1.7539436e-30
0,0,1.7595925e-38
0,0,3.2459606e-09
0,0,0.005215399
0,0,1.4219709e-21
0,0,6.24e-43
0,0,3.027661e-18
0,0,1.4359864e-20
0,0,1.02018654e-22
0,0,3.1031465e-07
0,0,1.712236e-22
0,0,1.3420279e-30
0,0,0.0
0,0,1.8235901e-15
0,0,5.4193577e-27
0,0,1.0974307e-15
0,1,0.9978477
0,0,2.2297597e-25
0,0,2.2799846e-31
0,0,8.06496e-29
0,0,7.5786e-41
0,0,6.6740635e-20
0,0,3.6418605e-32
0,0,6.235939e-06
0,0,0.0
0,0,3.758685e-24
0,0,9.728716e-22
0,1,0.9737979
0,0,1.3314978e-15
0,0,0.0010788357
1,0,0.0002437336
0,1,0.7162656
0,0,3.6865828e-28
1,0,0.3017932
0,0,3.6097934e-28
0,0,1.8632443e-07
0,0,0.37055835
0,0,3.4309489e-09
0,0,2.8386176e-20
0,0,4.6491524e-17
0,0,2.0042303e-28
1,0,2.077651e-05
1,0,1.7446882e-11
0,0,2e-44
0,0,6.233072e-13
1,0,8.965685e-05
0,1,0.9966337
0,0,4.6733823e-27
0,1,0.9998253
0,0,1.5e-44
0,1,0.7654162
0,0,0.0
1,0,0.36637622
0,0,7.298465e-21
0,0,5.3749554e-17
0,0,1.5063382e-18
0,0,3.3008348e-23
1,0,0.000119935714
0,0,5.6077e-14
0,1,0.9997209
0,0,4.091117e-21
0,0,1.0200806e-16
0,0,5.336827e-26
0,0,7.789826e-22
1,1,0.5927793
1,0,0.031167464
1,0,2.8550268e-05
1,0,0.001452959
0,0,3.9414562e-25
0,0,5.4966366e-29
0,0,1.4e-44
0,0,2.4347318e-20
0,0,0.0
0,0,2.119353e-36
0,0,1.152728e-31
0,0,7.8872765e-29
0,0,1.0381e-41
0,0,5.719588e-05
0,0,3.0282615e-33
0,0,1.9336847e-38
0,0,3.543841e-26
0,0,1.429873e-38
0,0,3.0075058e-25
1,0,0.00998821
0,0,1.4849399e-15
0,0,1.8136423e-37
0,0,2.4844316e-26
0,0,2.086132e-26
0,0,1.2823621e-21
1,0,0.0008125149
0,0,1.3960111e-21
0,0,5.2041665e-23
0,0,1.3813e-40
0,0,5.642489e-12
0,0,1.0105444e-10
0,0,8.3253406e-24
1,0,1.6514218e-06
0,0,8.239726e-22
1,0,9.891672e-06
0,0,2.238275e-31
0,0,2.3727357e-16
1,0,1.6808195e-11
1,0,0.013417212
0,0,2.589851e-35
0,0,1.6802243e-25
0,0,6.5179588e-15
0,0,1.3443644e-30
0,0,6.693843e-11
0,0,4.2870507e-26
0,0,1.2138622e-27
0,0,6.5351844e-31
0,0,9.245809e-38
0,0,3.0073912e-25
0,0,4.16e-43
0,0,2.544695e-20
0,0,5.7405256e-08
0,0,0.16418469
0,0,1.6594498e-09
0,0,9.47466e-19
0,0,5.1881616e-19
0,0,1.2845617e-19
0,0,0.35276148
0,0,5.501529e-35
1,0,1.7054393e-08
0,0,3.577252e-12
1,0,0.0011995855
0,0,1.7307079e-15
1,0,0.15192114
0,0,8.98036e-40
0,0,1.3111638e-24
0,0,0.0
0,0,2.3879848e-36
0,0,9.964064e-29
0,0,2.1699618e-19
1,0,0.013128706
0,0,1.5587568e-17
0,0,6.204581e-28
0,0,2.5144793e-30
1,1,0.99560297
0,0,1.2052113e-19
0,0,2.3462822e-24
0,0,0.0
0,0,2.4670637e-11
0,0,1.0772865e-12
1,0,4.1266124e-09
0,0,1.0515248e-19
1,1,0.99991393
0,0,7.4726774e-30
0,0,1.7516586e-13
0,0,2.6452226e-23
0,0,7.0324795e-21
0,0,3.5166457e-22
0,0,1.3644655e-33
0,0,1.4531721e-30
0,0,6.71432e-24
0,0,5.149148e-39
1,1,0.999992
0,0,1.2934703e-21
0,0,2.7670994e-22
0,0,3.6888093e-11
0,0,2.3561506e-22
1,0,0.17141505
1,0,0.12444957
0,0,1.9941896e-25
0,0,5.957409e-26
0,0,9.334361e-25
0,0,1.6629587e-30
1,1,0.9999325
0,0,8.3900845e-11
0,0,7.575479e-32
0,0,9.293259e-24
1,1,0.98340434
0,0,2.0998161e-19
0,0,2.818459e-22
0,0,0.0
1,0,0.0007803754
0,0,2.0909597e-19
0,0,8.193376e-09
1,1,0.97548354
0,0,6.0659634e-28
0,0,4.4268968e-20
0,0,4.26777e-23
0,0,1.022128e-34
1,1,0.89150286
0,0,1.5952461e-33
0,0,6.3882355e-22
0,0,5.6926586e-07
1,1,0.9936527
0,0,6.7953875e-16
0,0,0.38500524
0,0,4.710355e-29
0,0,8.7194366e-29
1,1,0.9999355
0,0,7.5801e-18
0,0,1.405684e-20
0,0,4.8322704e-32
1,1,0.98486173
1,0,4.3433017e-09
0,0,1.9255255e-19
0,0,2.9666395e-36
0,0,6.8326625e-12
0,0,1.4941574e-36
0,0,4.829517e-35
0,0,3.9e-44
0,0,0.0026352159
0,0,0.0
0,0,1.0788822e-12
0,0,2.8516648e-34
0,0,1.4361939e-36
1,0,1.9793677e-11
0,0,1.1567609e-27
0,0,1.124328e-34
1,0,3.615424e-05
1,0,3.1895794e-05
0,0,1.7341629e-09
0,0,8.643786e-31
1,0,0.02787117
0,0,2.3940272e-25
0,0,2.7349946e-24
0,0,0.0
1,0,0.4747372
0,0,3.8031828e-30
0,0,4.548933e-37
0,0,3.1604296e-36
0,0,2.1455097e-07
1,0,6.8520545e-05
0,0,5.391259e-25
0,0,8.862844e-26
0,1,0.99910885
0,0,6.2221346e-16
1,1,0.8976875
0,0,8.8226575e-21
0,0,0.0002889539
0,0,2.11484e-27
0,0,2.7341134e-20
0,1,0.98027855
0,0,2.9692563e-20
0,0,5.72e-43
0,0,1.402006e-11
0,0,2.0482186e-34
0,0,1.029874e-18
0,0,0.003816386
1,1,0.9999993
0,0,3.1313423e-20
0,0,0.0
0,0,1.1775316e-25
0,0,2.4983318e-14
0,0,9.195317e-27
0,0,9.634402e-20
0,0,3.1411771e-27
0,0,1.6130217e-34
0,0,0.004587044
0,0,5.978306e-34
0,0,4.2578673e-23
0,0,1.03962155e-22
0,1,0.9997359
1,1,0.9852475
0,0,1.0572382e-08
0,0,3.7065542e-26
1,1,0.996545
0,1,0.99936885
0,0,9.71728e-40
1,1,0.9993254
0,0,7.5204175e-27
0,0,0.0
1,0,0.0005630165
1,1,0.9999862
0,0,5.8520132e-28
1,0,3.615424e-05
0,0,0.0002310282
0,1,0.9999894
0,0,3.3170848e-28
1,1,0.9999685
1,0,0.040628064
1,1,0.9998036
0,0,4.079898e-20
0,0,7.9533815e-22
1,1,0.9995821
0,0,0.0
0,0,2.419537e-21
0,0,1.535134e-06
0,0,1.3140355e-09
1,1,0.9951343
1,0,0.0048788083
1,0,0.000428157
0,0,3.7659657e-22
0,0,1.3428074e-21
0,0,1.3448609e-24
1,0,3.8564923e-07
0,0,5.523967e-20
0,1,0.9939628
1,0,1.6143707e-05
0,0,4.4506378e-05
0,0,1.835841e-36
0,0,7.856547e-24
0,0,1.3791801e-19
0,0,2.3434198e-24
0,0,1.5134653e-15
1,0,0.0029021502
0,1,0.9504146
0,0,8.196e-42
0,0,7.164432e-09
0,0,2.5011913e-15
1,0,0.037287325
0,0,4.565513e-17
1,0,5.662997e-06
0,0,1.7792604e-24
0,0,4.4981545e-20
1,0,0.3833448
0,0,5.80252e-39
0,0,2.6800577e-18
0,0,1.2619259e-38
0,0,2.4593717e-23
1,0,1.894364e-05
0,0,1.3036371e-18
0,0,1.5633787e-31
0,0,1.0558252e-35
0,0,2.1430602e-13
0,0,1.1504284e-27
0,0,1.863843e-19
1,0,3.4773923e-11
1,0,0.16825235
0,1,0.8898546
0,0,1.0715185e-37
0,0,4.9136154e-16
0,1,0.8964594
1,0,9.2294315e-05
1,0,2.033873e-05
1,0,0.0033145866
0,0,0.0
0,0,9.3268555e-24
0,0,9.362318e-18
0,0,1.3444627e-29
0,1,0.9999927
0,0,3.1984467e-17
0,0,5.64486e-40
1,0,0.01805757
1,1,0.58814883
0,0,1.746062e-20
1,1,0.9999994
0,0,1.8528935e-23
0,0,1.6945522e-18
0,0,7.8216654e-20
0,0,0.011303852
0,0,6.568408e-21
0,0,8.838294e-27
0,0,1.3939979e-16
1,0,5.5558132e-05
1,1,0.9993156
0,0,2.5390582e-30
0,0,1.3355378e-21
0,0,7.805411e-30
0,0,8.049381e-13
1,1,0.9999436
0,0,7.066892e-05
1,0,0.0013501921
0,0,2.9451224e-38
0,0,3.6067243e-35
1,0,7.317483e-08
1,0,1.0754039e-06
0,0,6.3878764e-20
1,0,0.0050659915
0,0,0.0
1,1,0.98398983
0,0,1.1477925e-22
0,0,2.9791462e-30
0,0,3.881528e-28
0,0,0.4327359
0,0,1.2314091e-10
0,0,6.34487e-19
0,0,4.002155e-08
0,0,1.5383069e-24
0,0,0.0
0,0,5.517751e-21
0,0,2.741855e-11
0,0,2.83e-43
1,1,0.9997652
0,0,1.5702618e-19
0,0,8.2714704e-22
1,1,0.9987857
0,0,1.9099651e-34
0,0,5.4525024e-24
0,0,0.0
1,0,0.031167464
1,1,0.99993765
0,0,1.7934315e-27
0,0,6.395289e-20
0,0,5.648048e-26
1,1,0.9998679
0,0,3.655501e-06
1,1,0.62799746
1,0,0.00018205684
0,1,0.99989116
0,0,3.0971474e-08
0,0,2.8234967e-36
0,0,5.896966e-28
0,0,3.4191865e-11
0,0,1.4418076e-16
0,0,1.6398078e-23
0,0,6.3992747e-25
0,0,5.2220936e-27
0,0,4.745973e-23
0,0,1e-45
0,0,1.493775e-37
0,0,1.8515834e-07
0,0,3.5607095e-20
0,0,1.6876613e-05
0,0,3.4528526e-11
1,0,6.423114e-07
0,0,0.0
0,0,1.2381351e-18
0,0,8.682008e-19
0,0,8.6631195e-26
0,0,1.1015321e-16
0,0,3.139903e-11
0,0,5.62243e-40
0,0,1.2923712e-06
1,0,0.057282332
0,0,0.0
0,0,8.3841653e-26
0,0,6.9304414e-17
0,0,3.4216023e-25
0,0,2.8730622e-14
0,0,1.368624e-35
0,0,1e-44
0,0,8.218292e-28
0,0,2.2267677e-25
0,0,3.084395e-20
0,1,0.84928775
0,0,0.0
0,0,1.1361264e-30
0,0,8.2340115e-36
0,0,3.5681433e-22
0,0,1.40535e-40
0,0,2.151392e-19
0,0,2.3908248e-24
1,0,0.00069070864
0,0,6.669e-42
1,0,0.00072039093
1,0,0.08016415
0,1,0.9566899
0,0,1.374978e-11
0,0,1.618066e-30
0,0,7.312851e-08
0,0,7.494357e-12
0,0,6.9496166e-11
0,0,7.273212e-18
1,0,0.00093128893
0,0,0.016797308
0,0,1.1078798e-10
1,0,0.26084363
0,0,1.1446717e-35
0,0,1.1411251e-31
0,0,7.8918314e-19
1,1,0.9999695
0,0,3.989213e-16
0,0,2.47373e-40
0,0,1.0391704e-28
1,1,0.99235654
0,0,1.3228933e-34
0,1,0.9947483
0,0,1.7423832e-19
0,0,3.663221e-24
0,0,2.3165377e-28
0,0,1.0916046e-33
0,0,2.8516355e-24
1,1,0.5204186
0,0,4.8286892e-27
0,0,8.847198e-07
0,0,1.2231444e-20
0,0,7e-45
0,0,1.3e-44
0,0,2.043635e-21
0,0,9.016392e-28
1,0,0.26836225
0,0,3.1445135e-25
0,0,4.4637226e-15
0,0,3.7076485e-23
0,0,1.6510296e-06
1,0,7.316035e-11
0,0,3.9650406e-18
0,0,4.650744e-19
0,0,2.9002676e-17
0,1,0.9702593
1,1,0.99696356
0,0,2.121457e-20
0,0,7.7113545e-23
0,0,1.069681e-14
0,0,3.2871404e-37
0,0,3.698478e-32
0,0,3.8490278e-22
0,0,0.0003661746
0,0,3.1086589e-34
0,0,1.12496e-40
1,0,1.4069889e-07
0,0,3.3488786e-23
0,0,1.4897592e-12
0,0,1.3679309e-26
0,1,0.8614943
0,0,3.042774e-16
0,0,0.0141987195
0,0,1.9822843e-30
0,0,0.049469016
0,0,1.0287094e-15
0,1,0.9995672
0,0,2.3218363e-36
0,0,2.6018455e-18
0,0,5.3253557e-19
1,1,0.999223
1,1,0.9969363
0,0,3.6727247e-30
1,0,0.0025129071
1,0,8.630446e-06
1,0,0.039082624
0,0,4.310192e-39
0,0,1.6324244e-23
0,0,9.9110275e-37
0,0,1.3857642e-38
0,0,5.436415e-36
1,0,0.003333225
1,1,0.986294
0,0,0.27403378
0,0,0.0
0,0,3.722373e-23
0,0,3e-45
0,0,3.4973527e-23
0,0,2.3074276e-20
0,0,1.23982965e-14
0,1,0.9972709
0,0,6.973575e-36
0,0,3.2363003e-15
0,0,0.0
0,0,1.769541e-31
0,0,4.7477933e-08
0,0,5.0343682e-21
0,0,6.058089e-17
0,0,6.663114e-05
0,0,1.9729192e-18
0,0,1.509378e-37
0,0,6.135837e-14
0,0,3.5951933e-31
0,0,7.298099e-22
1,1,0.9529454
0,0,5.8611936e-36
0,0,1.3962898e-07
0,0,3.618454e-34
0,0,9.355834e-30
0,0,2.413035e-09
0,0,6.1540253e-26
1,0,0.08280495
0,0,3.0906616e-12
0,0,2.346598e-22
0,0,8.1405245e-16
0,0,2.1619885e-19
0,0,5.6790607e-30
0,0,1.5028879e-19
0,0,1.3665909e-33
1,0,2.3185167e-14
0,0,3.2049697e-24
0,0,1.1564415e-30
0,0,3.7463794e-29
0,0,3.2059256e-30
0,0,5.0324067e-37
0,0,1.05695e-34
0,0,8.679752e-20
0,0,8.351304e-22
0,0,8.1832985e-10
1,1,0.98601764
0,0,3.3475356e-24
0,0,1.7428358e-26
0,0,2.849951e-12
0,0,1e-45
0,0,1.3558073e-16
1,1,0.7406124
0,0,1e-45
0,0,1.6797678e-19
1,0,2.1165236e-07
0,0,4.4009305e-10
0,0,6.9700713e-34
0,0,1.7542154e-18
1,1,0.9999411
0,0,2.2603041e-28
0,0,2.5804322e-36
0,0,0.4911447
0,0,5.6773227e-32
0,0,4.4447037e-25
0,0,0.0
0,0,3.9602712e-37
0,0,3.1548575e-33
1,1,0.99899024
1,0,0.08280495
0,0,3.5183675e-12
0,0,9.7200304e-23
0,1,0.99995327
1,0,0.38226882
1,1,0.9970187
0,0,3.94055e-27
0,1,0.9999639
1,0,1.1255904e-06
0,0,2.4943714e-13
0,0,5.3479745e-11
0,1,0.91501874
0,0,0.0
0,0,0.3840944
0,0,3.4171297e-24
1,0,2.3678394e-06
0,0,4.8351134e-23
0,0,6.7504404e-21
1,1,0.9788063
0,0,3.2486943e-15
0,0,1.7078679e-34
0,0,1.7973674e-22
0,0,2.3091113e-26
0,0,0.0
0,0,7.2266206e-38
0,1,0.99941254
0,0,3.3731483e-31
0,0,7.8553644e-35
1,0,0.00056060444
0,0,3.430724e-18
0,0,1.836523e-26
0,0,1.6303496e-26
1,1,0.9983346
0,0,5.313151e-15
1,0,0.17141505
0,0,6.506676e-24
0,0,3.2600245e-10
0,0,5.06541e-06
0,0,0.0
0,0,7.4212024e-30
0,0,1.78056e-21
0,0,1.0062718e-06
1,1,0.9981614
0,0,6.3486854e-22
0,0,1.0408623e-17
0,0,0.092338696
1,0,4.932375e-09
0,0,1.8505339e-31
0,0,3.4186082e-21
1,1,0.99426794
0,0,0.0025397213
0,0,9.127098e-20
0,0,5.0130054e-34
0,0,6.442041e-32
0,0,3.17e-43
0,0,6.804781e-30
0,0,8.379051e-33
1,0,0.011612961
0,0,1.1531147e-24
0,0,5.695603e-19
0,0,2.959233e-08
0,0,8.435211e-32
0,0,0.0
0,0,2.7243937e-07
0,0,1.9353378e-38
0,0,4.436723e-11
0,0,2.3121293e-38
0,0,2.3614903e-19
0,0,3.6231868e-14
0,0,2.2515e-41
0,0,0.37761256
0,0,3.472745e-23
0,0,0.0
0,0,4.193945e-33
0,0,2.654384e-13
0,0,0.00083136495
0,0,0.00010257766
0,0,7.287542e-18
0,0,2.8263402e-22
0,0,0.018045291
0,0,1.6017e-41
0,0,6.0111094e-23
0,0,4.3417665e-14
1,0,0.00043718435
0,0,1.6336878e-17
0,0,3.5533766e-23
0,0,3.1515824e-20
0,0,2.4672655e-15
0,0,1.6006706e-19
0,0,0.0
0,0,4.316449e-37
0,0,3.650764e-39
1,0,0.010970774
0,0,5.4833535e-16
0,0,3.811553e-09
0,0,1.3163232e-28
1,0,0.0005630165
0,0,1.7145829e-14
0,0,1.1985377e-31
1,0,2.7931446e-08
0,0,4.3257976e-21
0,0,0.0
0,0,9.125442e-06
1,0,2.3678394e-06
1,1,0.64929247
0,0,1.6680998e-36
0,0,2.8572012e-23
0,0,2.33878e-40
0,0,1.009e-42
0,0,3.0415678e-23
0,0,1.9169783e-28
1,0,0.098933496
0,0,1.914373e-39
0,0,3.3243278e-22
0,0,1e-45
0,0,1.0509003e-17
1,0,0.00024375846
1,0,2.9192182e-07
0,0,0.0
0,0,6.6111997e-19
0,0,5.7357125e-22
0,0,1.1427308e-34
0,0,1.9120297e-14
0,0,3.085134e-14
0,0,2.5819767e-05
0,0,3.322412e-23
1,0,0.0013501921
0,0,0.024315536
0,0,1.4575298e-38
0,0,1.8534315e-15
0,0,7.0208344e-17
0,0,9.0625e-41
0,0,8.354267e-37
0,0,6.594166e-14
1,0,0.001105129
0,0,3.1604296e-36
0,0,4.4256587e-30
0,0,3.896052e-35
0,0,2.2723811e-36
1,0,0.00015894751
0,0,7.3823996e-32
1,1,0.9983912
0,0,1.6840604e-19
1,1,0.9998229
1,1,0.9988753
0,0,0.0
1,0,0.16045536
1,0,0.00072039093
0,0,3.0529868e-28
0,0,2.5498106e-24
0,0,0.0
0,0,5.2262893e-23
0,0,9.395617e-20
0,0,2.3858561e-08
0,0,0.48300183
1,1,0.99999857
0,0,3.907602e-35
0,0,7.869511e-30
0,0,2.2803474e-06
0,0,8.474319e-09
0,0,9.434093e-25
1,1,0.9999355
0,0,5.7089794e-27
0,1,0.73117125
1,1,0.7027549
1,1,0.5627301
0,0,5.1017572e-23
1,1,0.97140974
1,0,1.7337034e-05
0,0,8.508537e-25
0,0,1.5927158e-19
1,0,0.0044357795
0,0,5.508962e-13
0,0,6.781148e-30
0,0,2.5409094e-22
0,0,4.9111643e-22
0,0,1.8690443e-30
0,0,6.99e-43
1,0,1.7805802e-05
0,0,2.297932e-35
0,0,1.5051306e-20
1,0,2.077651e-05
1,0,0.012121015
0,0,8.525546e-21
1,1,0.9985037
0,0,2.2260566e-23
0,0,2.6822267e-25
0,0,3.1829776e-24
0,0,6.9690507e-22
0,0,1.7285912e-10
0,0,2.8411402e-21
0,0,1e-45
0,0,3e-45
1,0,2.195797e-05
0,0,1.28564675e-24
1,1,0.83920556
1,0,0.02714559
0,0,4.7958298e-27
0,0,0.0
0,0,2.8158683e-30
0,0,1.8e-44
0,0,2.2056242e-10
0,0,2.2067076e-27
0,0,2.3158577e-20
0,0,8.849068e-32
0,0,5.68623e-40
0,1,0.99869555
0,0,3.976e-41
0,0,7.594195e-33
0,0,1.0545074e-38
1,0,3.7994116e-08
0,0,9.265828e-16
0,0,9.363848e-19
0,0,2.1024942e-18
0,0,1.0002855e-31
0,0,1.1265538e-23
1,1,0.9998
0,0,1.6237647e-18
1,0,0.00016728608
0,0,0.0
0,0,1.0702965e-08
1,0,0.0030943276
0,0,6.8848864e-23
1,1,0.9986792
0,0,6.172414e-25
0,0,3.2752377e-29
0,0,3.1310245e-17
0,0,3.5353455e-35
0,0,4.891893e-27
1,0,0.0001617562
0,0,1.1955213e-13
0,0,1.2577864e-18
0,0,3.498704e-36
0,0,9.5997696e-20
0,0,6.8481926e-22
0,0,6.021e-42
1,0,2.7595722e-06
0,0,1.4839987e-24
0,0,5.284306e-23
0,0,2.4181663e-25
1,0,3.643271e-06
0,0,4.4122173e-33
0,0,1.6673797e-30
0,0,5.617146e-20
0,0,5.651e-42
0,0,2.6517128e-20
0,0,7.980365e-38
1,1,0.9999995
1,0,8.444966e-05
0,0,1.67e-43
0,0,1.3401559e-37
0,0,6.493395e-36
0,0,8e-45
0,0,6.5236424e-34
0,0,4.0829276e-12
0,0,7.3467035e-29
0,0,1.8374876e-21
1,0,0.004724428
1,0,1.32109035e-08
0,0,5.185014e-27
1,0,0.00018818548
1,0,0.00038304468
0,0,0.0
1,0,1.5078117e-05
0,0,6.24e-43
0,0,4.4704355e-38
0,0,6.214691e-22
1,0,0.01678346
1,0,4.3443443e-17
1,1,0.99992263
0,0,1.5934681e-28
0,0,5.298648e-19
0,0,3.9653405e-05
0,0,1.5340061e-31
0,0,1.1055104e-38
0,0,1.9148273e-23
0,0,2.5773868e-25
1,1,0.9935747
1,0,0.019346477
0,0,2.5857156e-27
0,0,0.44270733
1,0,6.4932494e-05
0,0,3.0980043e-34
0,0,1.53078e-40
0,0,3.6937163e-15
0,0,4.016678e-34
0,0,2.002878e-20
0,0,1.9535614e-24
1,1,0.93017983
1,0,0.0002776257
0,0,3.7507942e-16
0,0,1.4558848e-12
0,0,1.1679143e-16
0,0,8.279824e-25
1,1,0.99986863
0,0,6.3826187e-19
0,0,1.4249927e-25
1,0,1.5682194e-07
0,0,5.5131117e-25
0,0,0.0
0,0,3.863596e-12
0,0,1.1729531e-12
0,0,4.3547134e-25
1,1,0.9997663
1,0,0.01274217
0,0,6.479453e-32
0,0,8.36032e-23
1,0,0.0034413096
1,1,0.9996172
0,0,1.521578e-27
0,1,0.99867475
1,0,0.01376103
0,0,1.665128e-32
1,1,0.9999862
0,0,7.2603756e-26
0,1,0.9691724
1,0,2.3678394e-06
0,0,5.5620095e-19
0,0,9.493304e-24
0,0,2.0502613e-24
0,0,3.4679518e-12
0,0,1.4643571e-30
1,0,1.2174666e-05
0,0,2.1006553e-21
0,0,2.1469336e-06
0,0,2.5367747e-14
0,0,1.809e-42
1,0,0.013920629
0,0,3.4178986e-13
0,0,0.0010866983
0,0,4.692239e-15
1,0,2.7395545e-06
1,0,2.7737467e-05
0,0,9.922603e-22
0,0,2.0927934e-13
0,0,1.1046284e-25
0,0,0.05981387
1,1,0.92225546
0,0,1.3040723e-29
0,0,1.8297013e-15
0,0,6.404004e-20
0,0,3.7226047e-28
0,0,2.9135448e-22
0,0,2.3846913e-27
0,0,5.5951144e-14
1,1,0.9991461
0,0,5.15435e-19
0,0,5.101512e-20
0,0,1.2219974e-12
0,0,8.548e-42
0,0,1.9121825e-18
0,0,3.4957467e-11
0,0,1.4417122e-26
0,0,9.954586e-10
0,0,4.5222067e-20
0,0,3.7872765e-20
0,0,1.4950272e-32
0,0,3.5599206e-13
0,0,3.7808552e-19
1,1,0.9999267
0,0,6.898803e-28
0,0,2.3279274e-30
0,0,3.6040312e-26
0,0,7.4787e-41
0,0,9.03708e-22
0,1,0.99926215
0,0,7.2143357e-38
1,0,0.0072171055
0,0,2.1531545e-29
0,0,1.9571537e-27
0,0,7.637941e-35
0,0,0.0
0,0,8.791668e-39
0,0,1.7326179e-29
0,0,0.0033618354
0,0,4.4505164e-28
0,0,7.58979e-19
0,0,5.883022e-25
1,1,0.9990797
1,1,0.99994016
0,0,5.2527618e-12
1,0,1.0394127e-06
1,1,0.9996165
0,0,5.5197034e-07
0,0,1.0962698e-26
0,0,1.0074702e-15
0,0,1.1135503e-19
0,0,1.0684135e-20
1,1,0.99961436
0,0,9.343441e-26
0,0,1.5817912e-21
0,0,0.0
0,0,8.60005e-22
0,0,2.8123352e-16
0,0,2.4372074e-32
0,0,5.3787988e-14
0,0,3.5370396e-23
0,0,0.0
0,0,0.0010527651
0,0,3.2240522e-30
1,0,1.2002395e-09
1,1,0.9999963
0,0,1.7924987e-07
1,1,0.89468807
0,0,5.334924e-22
1,0,5.5936125e-06
0,0,4.387262e-17
0,0,2.9150585e-36
1,1,0.62799746
1,1,0.9944839
0,0,1.4032114e-24
0,0,1.3068695e-24
0,0,3.339558e-20
1,0,0.0003284913
0,0,7.90847e-33
0,0,1.8883472e-34
0,0,1.1963975e-35
0,0,1.2730235e-21
0,0,7.125849e-32
0,0,7.64e-43
0,0,6.865848e-30
0,0,1.1015011e-19
0,0,2.6828678e-35
0,1,0.99998116
1,0,1.0394127e-06
1,1,0.99154973
0,0,1.3512969e-35
0,0,1.3582023e-26
0,0,1.5095914e-29
0,0,7.549402e-39
0,1,0.9942895
0,0,3.2603215e-11
0,0,0.0
1,0,0.00067087554
0,1,0.9999999
0,0,2.1241796e-26
0,0,4.2270065e-15
1,1,0.99998355
0,0,2.0805227e-32
0,0,6.761166e-12
0,0,6.449448e-15
0,0,2.3268927e-34
0,0,2.9023284e-23
1,1,0.99348277
0,0,2.0964679e-29
0,0,0.0034329742
0,0,2.1057563e-30
0,0,0.0
0,0,1.0691865e-38
0,0,0.115890525
0,0,1.9916325e-20
1,0,2.9262412e-06
0,0,1.9938207e-21
0,0,6.727174e-29
0,0,0.08436429
0,0,2.7753021e-30
0,0,1.378239e-11
0,0,0.0
0,0,1.2349756e-09
0,0,1.0905161e-22
0,0,0.3649048
0,0,4.5758795e-35
0,0,3.424633e-13
0,0,5.3735107e-28
0,0,2.5871608e-16
0,0,7.242434e-23
1,0,0.0005993436
0,0,0.0017522406
0,0,8.4481464e-27
0,0,9.946895e-22
0,0,1.3213585e-14
0,1,0.9998702
0,0,1.8328309e-15
1,1,0.9949721
0,0,2.8529377e-19
0,0,3e-45
0,0,2.9122195e-24
0,0,0.0
0,0,6.1370553e-25
1,1,0.99977726
0,0,6.107238e-23
0,0,9.079952e-32
0,0,2.780897e-23
0,0,9.8062736e-33
1,0,0.15909989
0,0,3.9056728e-31
0,0,2.4477303e-29
0,0,3.0771632e-30
0,0,3.3959145e-21
0,0,6.983457e-27
0,0,9.872265e-24
0,0,4.4472298e-33
0,0,2.1837176e-15
0,0,4.138363e-36
0,0,0.1624562
1,0,0.22546846
0,0,5.513773e-29
0,0,0.0
0,0,1.2629706e-16
0,0,3.751403e-08
0,0,4.147195e-22
0,0,9.504051e-27
0,1,0.9998603
0,1,0.85378677
0,0,7.8e-44
0,0,1.5462155e-22
0,0,2.0279452e-16
0,0,1.8211853e-37
0,0,1.0356156e-15
0,0,1.1748126e-25
0,0,4.954218e-29
1,0,1.3055838e-07
0,0,5.7222985e-28
1,1,0.99999523
0,0,7e-44
0,0,0.019861922
0,0,4.005388e-18
0,0,4.731081e-37
1,0,4.5210458e-05
0,0,8.941702e-10
0,0,0.19568457
0,0,4.1815486e-33
0,0,2.0689399e-21
0,0,9.010522e-26
1,0,2.1556943e-05
1,1,0.999846
0,1,0.96421355
0,0,5.846293e-23
0,0,4.8954625e-18
0,0,2.0811437e-23
0,0,5.299608e-23
1,0,0.0008463762
0,0,1.321056e-29
1,0,1.3240768e-05
0,0,1.4951815e-24
0,0,1.099055e-25
0,0,1.0690403e-22
0,0,2.6862466e-28
0,0,3.630036e-36
0,0,2.3421108e-35
0,0,9.879541e-23
1,1,0.99854183
0,0,1.8147598e-11
0,0,1.4641322e-17
0,0,6.027696e-28
1,0,0.017249623
0,0,6.508411e-17
0,0,6.6781186e-26
0,0,3.628014e-14
0,0,5.231933e-16
0,0,0.0
0,0,6.2397926e-32
0,0,5.5690124e-35
0,0,2.9390664e-20
0,0,4e-45
0,0,6.513406e-39
1,0,1.6998575e-07
0,0,6.5136296e-09
1,1,0.9956143
0,0,1.7818052e-19
1,0,0.00013993958
1,0,0.025935208
0,0,0.0
0,0,1.8684313e-30
0,0,6.704876e-24
0,0,3.8371693e-21
0,0,0.0001237587
1,0,0.1341544
0,0,2.9995847e-20
0,0,3.4042277e-29
0,0,1.3406437e-19
0,0,3.118406e-14
0,0,3.6494902e-20
0,0,4.01155e-33
1,0,0.0029021502
0,0,8.743224e-20
0,0,1.6394766e-30
0,0,9.683199e-32
0,0,4.2225517e-33
0,0,1.57236e-26
0,0,8e-45
0,0,1.2473909e-15
0,0,1.51e-43
1,1,0.999846
0,0,0.0
1,0,0.0045281327
0,0,3.5391506e-35
1,0,0.17141505
0,0,3e-45
0,0,3.061266e-21
0,0,4.8781043e-19
0,0,3.300735e-30
1,0,2.0671626e-08
0,0,2.6351047e-20
1,1,0.999982
0,0,4.5423072e-23
1,1,0.9941665
0,0,7.09107e-10
0,0,5.2758586e-26
0,0,2.4638182e-19
0,0,5.859736e-30
0,0,1.0838368e-11
0,0,1.3524978e-36
1,0,2.2769642e-05
0,0,1.680865e-14
0,0,0.0005609858
0,0,3.3553618e-23
0,0,3.2135195e-21
0,0,1.3705843e-26
0,0,6.058368e-24
0,0,3.304071e-24
0,0,2.999021e-22
0,0,8.071524e-08
0,0,2.8823186e-20
0,0,0.0
0,0,4.0935388e-20
0,0,7.8604724e-17
0,0,3.9594555e-22
1,1,0.5847308
0,0,1.06496e-40
0,0,1.9982655e-38
0,0,6.161407e-09
0,0,0.0030310065
0,0,2.781788e-23
0,0,7.5010914e-31
0,0,1.0195101e-36
0,0,5.0016047e-33
0,0,1e-45
0,0,3.980998e-19
0,0,3.2503653e-24
0,0,2.6895846e-09
1,0,7.105788e-05
0,0,1.0828156e-27
0,0,1.3605539e-30
0,0,1.524593e-20
0,0,2.25563e-40
0,0,8.9861735e-21
1,0,1.095096e-06
0,0,1.3586626e-20
0,0,3.5629657e-12
0,0,4.046139e-36
0,0,1.5332318e-26
0,0,3.367458e-28
0,0,1.6210127e-38
0,0,1.1564606e-35
1,1,0.9999994
0,0,4.949118e-14
1,0,0.000119935714
0,0,2.5785664e-18
0,0,0.0
0,0,4.1276796e-18
0,0,1.6244961e-25
1,0,2.6733513e-09
0,0,7.0095695e-24
0,0,4.1170404e-11
0,0,4.327425e-39
1,0,3.380806e-06
0,0,4.0974302e-27
0,0,1.819107e-17
0,0,3.8530595e-26
0,0,2.00573e-35
0,0,1.1498703e-21
0,0,2.007e-42
1,0,0.00025089527
0,0,4.4618923e-34
0,0,1.4493912e-22
0,0,1.2782442e-22
0,0,1.5046398e-16
1,0,0.006602263
0,0,3.105259e-33
0,0,6.874805e-24
1,1,0.9998735
0,0,0.0
0,0,1.1387459e-17
1,0,0.080456406
0,0,2.4718246e-38
0,0,0.0
0,0,7.35e-42
1,0,0.00018056024
0,1,0.999746
0,0,3.3052985e-10
0,0,9.30452e-28
0,0,5.4820245e-20
0,0,9.25937e-29
0,0,2.8242841e-09
0,0,8.19045e-25
1,1,0.999982
0,0,1.5935686e-24
0,0,1.1715174e-20
0,0,1.4363016e-31
0,0,1.06e-43
1,1,0.9984773
1,1,0.999956
0,0,2.822188e-10
0,0,2.4310463e-21
0,1,0.99997354
1,0,0.0030930396
0,0,5.588148e-11
1,0,0.00043718435
0,0,1.485873e-25
0,0,0.24512158
1,1,0.98648965
1,1,0.999778
0,0,4.359393e-36
1,1,0.97339636
0,0,2.2940375e-10
0,0,6.155315e-19
0,0,2.726285e-25
1,0,0.033094555
0,0,1.1731929e-30
0,0,3.7776914e-11
0,0,3.6327196e-23
0,0,2.2844265e-06
0,0,5.2067413e-18
0,0,1.6263117e-19
1,0,7.4222604e-05
0,0,5.5577066e-18
1,0,6.4714586e-05
0,0,0.0
0,0,8.59902e-25
0,0,1.1091959e-27
1,0,9.3521155e-09
0,0,9.722125e-12
0,0,1.8698772e-24
1,0,0.0020902376
0,0,2.0973652e-20
0,0,5.863084e-32
0,0,0.0
1,1,0.9998566
0,0,9.131307e-21
1,1,0.9986929
0,0,1.0100534e-28
0,0,1.8351866e-32
1,0,3.519443e-11
1,1,0.99928904
0,0,7.857592e-10
0,0,6.9879e-14
1,1,0.84433675
1,1,0.99961436
0,0,9.056942e-06
1,0,0.0017803082
0,0,2.0401948e-26
0,0,8.7094876e-16
1,0,1.6845568e-06
0,0,1.0612342e-12
0,0,6.4330475e-06
0,0,5.8755e-41
1,0,2.610424e-05
0,0,1.20828015e-29
1,0,0.0013501921
0,1,0.9152526
1,1,0.9997937
0,0,1.7942389e-12
1,0,0.015197382
0,0,2.0411641e-22
0,0,4.764794e-07
0,0,0.11628297
1,0,0.0027959426
0,0,2.7355678e-17
0,0,2.6194145e-06
1,1,0.99925727
1,0,0.037022755
0,0,1.984426e-22
1,1,0.9999982
1,1,0.8449994
0,0,1.2705616e-17
0,0,2.3317901e-33
0,0,4.9251065e-21
0,0,1e-45
0,0,1.9412944e-26
0,0,3e-45
1,0,0.008576836
0,0,1.3082153e-18
0,0,1.0593048e-16
0,0,5.5531886e-12
0,0,0.00022799743
0,0,1.631122e-17
1,0,0.0007184131
0,0,4e-45
1,0,0.004724428
1,1,0.99992263
0,0,1.1464516e-06
0,0,0.34630418
0,0,1.5319608e-29
0,0,3.3440753e-25
1,1,0.9981871
0,0,1.7119856e-17
0,0,7.414404e-17
1,0,3.6827203e-07
0,0,3.3797146e-10
0,0,2.2907493e-25
0,0,6.614431e-26
1,0,2.3678394e-06
0,0,3.2982706e-21
0,0,1.8099038e-29
0,0,2.5527e-41
1,1,0.99689084
0,0,1.0504782e-12
0,0,1.6633664e-28
0,0,1.9415554e-13
0,1,0.99999976
1,0,8.79677e-06
0,0,0.0
1,1,0.99983406
0,0,0.0
0,1,0.9097401
1,1,0.8760031
1,0,4.399481e-09
1,1,0.9999881
0,0,4.7180672e-30
0,0,4.2095865e-19
1,1,0.999418
0,1,0.99724543
1,1,0.9993463
0,0,6.23282e-07
0,0,5.3360014e-30
1,1,0.99280626
0,0,8.484921e-22
0,0,1.40582e-39
0,0,1.9943411e-18
0,0,1.1178733e-21
0,0,8.2314235e-24
0,0,5.3557136e-18
0,0,2.0440165e-14
0,0,6.3386463e-21
0,0,5.4939487e-38
0,0,1.0818932e-30
0,0,7.8696725e-27
1,0,0.04981864
0,1,0.9998288
0,0,7.6423795e-33
0,0,2.9832844e-12
1,0,4.329968e-09
0,0,2.1350345e-32
0,0,4.4435426e-05
1,1,0.9935747
0,0,2.1816666e-25
0,0,8.846945e-31
0,0,2.472e-42
0,1,0.99255776
0,0,0.0
0,0,3.8240574e-12
0,0,9.433762e-19
1,1,0.9994777
0,0,2.828534e-19
0,0,0.00021012255
0,0,9.5431415e-12
1,0,1.0979876e-05
0,0,1.7972609e-26
0,1,0.9986228
0,0,4.691226e-27
0,1,0.9989048
1,1,0.62799746
1,1,0.9465536
0,0,1.2163581e-16
0,0,7.777658e-13
1,1,0.9795064
0,0,1.4628557e-22
0,0,1.2014635e-30
1,0,2.7070937e-09
0,0,4.106229e-32
0,0,1.4566416e-29
0,1,0.5976232
0,0,5.9388074e-17
0,0,1.7465629e-26
0,0,2.937497e-20
0,0,2.2265566e-24
0,0,0.00012263739
0,0,4.195991e-19
0,0,0.0
1,0,0.0077981744
0,0,1.528045e-21
0,0,2.1076828e-32
0,0,0.00015206709
0,0,0.0
0,0,2.4217441e-21
0,0,0.027602466
0,0,1.608e-41
0,0,4.771909e-33
0,0,5.529285e-18
0,0,5.3279196e-14
0,0,0.059157923
0,0,0.19280645
0,0,4.8938546e-05
0,0,2.34164e-18
0,0,9.859913e-33
0,0,3.2596904e-24
0,0,3.989975e-08
0,0,2.5266359e-35
0,0,1.0894066e-21
1,1,0.9935747
0,1,0.6672491
0,0,7.9988996e-22
0,0,1.6481282e-10
0,0,2.9432917e-08
1,1,0.9994777
1,0,0.0013501921
0,0,1.6965454e-06
1,0,0.15909989
0,0,3.3111813e-35
0,0,0.0
1,0,0.0060783685
1,1,0.99987185
0,0,1.7272088e-19
0,0,3.5690983e-36
0,0,3.1644743e-19
0,0,1.7868018e-07
0,0,1.7263953e-23
0,0,3.062622e-28
0,0,3.14286e-39
0,0,5.6196996e-34
0,0,2.323078e-20
0,0,5.887578e-33
0,0,5.283158e-15
0,0,8.979192e-19
0,0,9.9442715e-08
0,0,3.9398027e-10
0,0,1.1251758e-22
0,0,1.0446271e-21
0,0,9.211432e-27
0,0,1.16913e-33
0,0,2.304107e-09
0,0,2.8746848e-14
0,0,5.565373e-08
0,0,5.5061685e-20
1,0,4.112581e-08
1,1,0.99999964
0,0,8.326289e-25
0,0,7.089075e-27
0,0,1.3619088e-38
0,0,3.3721995e-29
0,0,8.335935e-21
0,0,0.00016963948
0,0,1.0635802e-13
1,0,7.569723e-05
0,0,3.792957e-21
0,0,1.974153e-19
0,0,8.508063e-37
0,0,2.0738128e-38
0,0,1e-45
0,0,5.8353905e-33
0,0,3.0553964e-22
0,0,6.305041e-17
0,0,3.736975e-28
0,0,4.3886536e-31
0,0,6.7570357e-21
0,0,7.0263673e-13
0,0,4.7016662e-29
0,0,2.2814304e-22
0,0,7.55876e-26
0,0,3.857407e-29
0,0,1.0130993e-18
0,0,9.326028e-11
0,0,3.6091132e-16
0,0,3.146662e-17
0,0,5.064974e-22
0,1,0.9999001
0,0,5.180516e-16
1,1,0.99700576
1,0,2.7879607e-06
0,0,1e-45
0,0,3.259288e-27
0,0,5.938658e-29
1,0,5.0108163e-05
0,1,0.9983376
0,0,4.758652e-20
1,1,0.99937135
0,0,9.062007e-29
0,0,1.6498854e-11
0,0,1.4583763e-29
0,0,1.9257068e-29
0,0,5.284334e-20
0,0,0.12057651
1,0,0.00015894751
1,0,0.005113079
0,0,1.9950138e-30
0,0,7.550585e-31
0,0,8.803672e-34
0,0,3.735012e-26
1,0,3.8212583e-08
0,0,1.1749853e-21
0,0,3.0887357e-15
0,0,1.3562753e-35
0,0,1.0316646e-15
0,0,1.3084714e-23
0,0,4.420844e-14
0,0,1.4108889e-36
0,0,0.0
1,0,1.3466168e-06
0,0,1.0552574e-20
0,0,0.0
0,0,2.7646727e-22
0,0,8.795248e-26
0,0,2.725505e-25
0,0,2.0651218e-15
0,0,3.0846334e-18
0,0,3.8413853e-22
0,0,6.073327e-09
0,0,1.447768e-20
0,0,2.0677789e-22
0,0,7.792569e-35
0,0,0.0
0,0,3.1531e-26
0,0,0.0
0,0,6.959333e-13
0,0,6.2554546e-38
0,0,3.3628868e-21
0,0,8.9367736e-29
0,0,2.807733e-26
0,0,3.1263976e-22
0,0,7.0715495e-26
0,0,0.0
0,0,3.0928315e-06
0,0,3.9299408e-10
1,1,0.9999424
0,0,8.8109335e-18
0,0,3.7667253e-38
1,1,0.9978915
0,0,4.061469e-26
0,0,6.535706e-39
0,1,0.9740415
0,0,8e-45
0,0,1.260967e-10
1,1,0.9998765
0,0,1.6472e-30
1,0,0.116739005
0,0,1.2469643e-20
0,0,2.144266e-17
0,0,8.701444e-10
1,0,2.9171968e-08
0,1,0.9636833
1,0,0.00013230792
1,0,0.15571421
0,0,1.5479368e-17
0,0,1.039677e-37
0,0,2.4188449e-36
0,0,6.986871e-26
0,0,1e-45
0,0,0.0
0,0,1.9260091e-09
0,1,0.99968255
0,0,1.3540007e-35
0,0,8.9354465e-21
0,0,0.0
0,0,0.0
0,0,3.664704e-16
0,0,1.4216043e-18
1,0,0.0009337047
0,0,1.3684058e-11
0,0,3.4124965e-14
0,0,2.80796e-17
1,0,0.0048609176
0,0,7.215213e-24
0,0,4.8813136e-31
0,0,9.398167e-34
0,0,1.4648619e-20
0,0,5.863986e-37
1,1,0.99959654
0,0,7.17e-43
0,0,6.8606403e-29
1,0,2.5623165e-05
0,0,1.1238985e-20
0,0,1.7442236e-21
0,0,2.074264e-23
0,0,1.770693e-34
1,1,0.8414644
0,0,1.3797954e-27
1,0,6.29066e-14
0,0,1.3801e-41
1,0,1.1146422e-05
0,0,4.8441414e-38
0,0,2.1855717e-19
0,0,2.28332e-22
0,0,1.3253813e-15
1,0,4.932375e-09
0,0,1e-45
0,0,1.055654e-39
0,0,5.7837574e-17
0,0,2.0910063e-20
0,0,1.1924553e-29
0,1,0.9990439
0,1,0.9993832
0,0,3.360943e-33
0,0,0.0
0,0,3.5263052e-14
1,0,4.513916e-06
0,0,2.5055752e-22
0,0,0.4486257
0,0,0.00090494496
0,0,1.5777684e-25
0,0,2.3388189e-18
0,0,0.0
0,0,3.7795242e-10
0,0,1.6886265e-09
0,0,1.5841219e-05
1,1,0.9253355
0,0,6.100894e-19
1,1,0.58814883
0,0,7.658187e-28
0,1,0.7563719
1,1,0.99304396
0,0,1.5260923e-15
1,1,0.9913243
0,0,2.2699097e-23
0,0,1.6563276e-33
1,1,0.9999949
0,0,1.7183039e-08
0,0,0.00035672635
0,0,8.4640615e-09
0,0,2.6222935e-07
0,0,9.311623e-09
0,0,2.2524583e-17
0,0,3.5471188e-16
0,0,1.0876987e-08
0,0,3.35089e-20
0,0,1e-45
0,0,1.1e-44
0,0,1.0271611e-14
0,0,1.3721206e-36
0,0,7.735574e-30
1,0,0.00394897
0,0,1.5438882e-21
0,0,1.8242182e-28
0,0,2.744e-42
1,0,4.67805e-05
0,0,5.145211e-28
0,0,1.8117942e-24
1,0,1.32109035e-08
0,0,7.74814e-34
0,0,2.6025265e-21
0,0,2.894231e-26
0,0,0.074627675
0,0,1.6264332e-37
0,0,3.5908877e-17
0,0,2.618582e-19
0,0,0.43130553
0,0,3.0657785e-20
1,1,0.9999831
0,0,1.0426326e-21
0,0,1.7231182e-16
0,1,0.99634355
1,0,0.011875857
0,0,8.724957e-22
1,0,0.03591077
0,0,3.80653e-33
1,1,0.999824
1,0,0.00028340743
0,0,2.4125826e-10
1,0,0.00015894751
0,0,3.2838656e-24
0,0,4.978518e-39
0,0,5.574217e-36
0,1,0.9996697
0,0,0.0
0,0,6.597562e-29
0,0,1.0363601e-27
0,0,2.4819141e-13
1,0,6.29066e-14
0,0,0.0
0,0,2.265884e-33
0,0,1.7707135e-26
0,1,0.5159613
0,0,2.8062016e-07
1,0,0.0094134305
0,0,5.6553384e-25
0,0,7.121463e-20
1,0,2.232734e-06
0,0,1.7156118e-27
0,0,1.8367114e-08
0,0,1.9833352e-23
0,0,8.424865e-30
0,0,0.0015043827
0,0,9.03707e-40
0,0,6.1727293e-22
1,0,0.0002925776
0,0,2.0385454e-11
0,0,8.214333e-23
0,0,2.7699452e-26
1,1,0.99999523
1,0,9.215807e-08
1,1,0.9999441
1,0,2.5559532e-06
0,0,0.0
0,0,5.3724354e-24
0,0,6.7630103e-12
0,0,3.6755282e-30
0,0,6.4860513e-26
0,0,0.0
0,0,1.3562197e-18
1,0,4.0579176e-05
0,0,1.2104541e-20
0,0,6.569859e-22
0,0,3.475412e-21
0,0,1.5204447e-05
0,0,4.2537466e-14
1,0,0.036144648
0,0,1.4095222e-29
0,0,5.999348e-26
0,0,1.0108857e-21
1,0,0.00071327784
1,1,0.9987478
0,0,1.3070347e-23
0,0,4.357238e-18
0,0,2.6073777e-27
0,0,3.5865905e-31
0,0,6.747291e-16
0,0,2.2322109e-25
0,0,3.174804e-13
0,0,4.772692e-18
0,0,3.3654356e-24
0,0,7.384887e-22
0,0,1.3414413e-27
0,0,9.239635e-24
1,1,0.99154973
1,0,5.662997e-06
0,0,0.0
0,0,0.0002472199
0,0,2.375108e-24
0,0,1.539092e-11
0,0,2.1820307e-27
0,0,6.298847e-22
0,0,2.4452982e-26
0,0,1.2102579e-16
1,1,0.99593085
0,0,4.8286892e-27
0,0,3.5505675e-33
0,0,5.956086e-20
1,0,1.3058507e-06
0,0,4.339443e-09
0,0,8.913644e-39
0,0,1.28469e-25
0,0,7.3632364e-08
1,0,0.23596747
0,0,3.6661776e-28
0,0,7.280625e-10
0,0,2.4447498e-17
0,0,5.1208804e-07
0,0,6.7946044e-25
0,0,1.5650833e-11
1,0,0.003227831
1,0,0.1341544
0,0,4.977293e-13
0,0,2.8563555e-20
0,0,1.2866241e-15
0,0,2.24023e-32
0,0,1.1605377e-38
0,0,7.03249e-40
0,0,0.0
0,0,1.2642574e-24
0,0,4.8351667e-24
1,0,0.001925061
0,0,9.872514e-27
0,0,1.2330424e-29
0,0,0.30766073
0,0,8.40935e-40
0,0,6.44789e-25
1,1,0.9844663
0,0,7.2132776e-19
1,1,0.94344795
0,0,1.1427e-40
0,0,3.984252e-10
0,0,5.4352615e-18
0,0,2.215573e-19
0,0,5.8386696e-16
1,0,6.668975e-05
1,0,4.9196136e-10
1,1,0.99997425
0,0,1.15128246e-23
1,0,2.610424e-05
0,0,9.539884e-08
0,0,3.266741e-21
0,0,0.0
0,0,0.0
1,0,0.0030111605
0,0,7.247842e-18
0,0,3.30332e-21
0,0,1.7660577e-20
0,0,1.916699e-37
0,1,0.9997217
0,0,1.2124871e-28
0,0,9.164512e-32
0,0,4.173366e-14
0,0,7.1659183e-25
0,0,1.4308602e-16
0,0,1.1162521e-17
0,0,5.687104e-15
1,1,0.94815147
0,0,3.9780106e-25
1,1,0.93318033
0,0,4.7917347e-34
0,0,2.1988504e-20
0,0,1.9438772e-22
0,0,1.4644018e-30
0,0,2.7438222e-26
0,0,1.1856145e-23
0,0,1.4416476e-13
0,0,4.4272855e-20
0,0,3.855161e-19
0,0,3.4824e-41
0,0,2.1071099e-19
0,0,9.63031e-30
0,0,2.929268e-23
1,0,6.8474306e-05
0,0,6.096229e-23
0,0,3.9830245e-16
0,0,5.7610083e-25
0,0,4.160698e-21
1,1,0.99957234
0,0,1e-45
0,0,0.0
0,0,0.010513103
0,0,3.0025216e-16
1,0,0.0016838891
0,0,5.9317044e-30
0,0,5.089772e-27
0,0,1.9137029e-23
0,0,3.762311e-26
0,0,0.0
0,0,1.3e-43
0,0,3.5294712e-12
1,1,0.9997502
1,0,0.03677891
0,0,1.046575e-11
0,0,6.111962e-18
0,0,0.13546659
0,0,1.7326546e-25
1,1,0.9864791
0,1,0.50657225
1,1,0.99998903
0,0,3.0502365e-30
1,0,0.1522081
0,0,3.9883065e-28
0,0,3.462346e-24
0,0,3.1611784e-05
1,0,0.0008125149
0,0,2.633945e-23
0,0,1.1962064e-19
0,0,1.5590137e-23
0,0,5.539866e-17
0,0,3.8594196e-16
1,0,0.0024610981
1,1,0.99957234
0,0,2.1282946e-31
0,0,6.6554396e-24
0,0,1.5207382e-25
0,0,2.1164385e-19
0,0,1.7793179e-13
0,0,6.2344195e-23
1,1,0.9224665
0,0,2.4381056e-35
0,0,1.7212698e-26
0,0,1.306802e-13
0,0,9.362742e-19
0,0,1.8045173e-24
0,0,1.0929285e-20
0,0,7.5545565e-17
0,0,1.6419328e-12
0,0,1.1965876e-30
0,0,2.8750357e-29
0,0,2.3729362e-30
0,0,8.85719e-13
0,0,2.6448074e-24
0,0,1.7165829e-17
0,0,7.592056e-17
1,0,2.1273372e-08
0,0,0.00044150307
0,0,4.4481875e-22
0,0,7.886739e-28
0,1,0.9199193
1,1,0.99917454
0,0,2.430535e-22
0,0,1.1364265e-13
1,0,0.00032892684
1,1,0.89468807
0,0,3.6210195e-13
0,0,4.048082e-22
1,0,3.8510297e-12
0,0,1.8557123e-27
0,0,1.7567968e-37
0,0,7.393889e-12
0,0,6.639908e-09
0,0,5.6372323e-22
1,1,0.8618035
0,0,0.0
0,0,2.4898554e-21
0,0,6.2962525e-22
0,0,1.0353828e-22
0,0,1.3356886e-24
0,0,0.0026364068
0,0,5.873955e-20
0,0,3.4100197e-24
0,0,1.3244981e-13
0,0,1.2709193e-26
0,0,2.818508e-18
0,0,5.453362e-29
0,0,1.9273127e-25
0,0,1.31413396e-23
1,1,0.9997584
0,0,0.021908194
1,0,0.0020902376
0,0,1.3900255e-24
0,0,1.7683528e-24
0,0,9.639942e-37
0,0,7.3316824e-33
1,0,0.05203192
0,0,2.5552867e-05
0,0,3.06107e-40
0,0,5.261686e-27
0,0,3.535004e-15
1,0,1.7805802e-05
0,1,0.59149545
0,0,9.6683756e-14
0,0,2.9836913e-10
0,0,1.6863757e-25
0,0,4.6616664e-27
0,0,8.2679565e-25
0,0,1.1021134e-14
1,0,0.0019022875
0,0,9.2868204e-14
0,0,4.8052985e-19
0,0,2.578205e-31
0,0,2.4361893e-21
0,0,1.05891816e-10
1,1,0.91045064
0,0,2.5468795e-13
0,0,7.2711394e-12
0,0,0.089594916
0,0,4.5926573e-32
1,1,0.93017983
0,0,1.1881424e-07
0,0,4.328932e-22
0,0,5.902268e-16
0,0,2.8086077e-36
0,0,8.957117e-21
1,1,0.96713793
0,0,2.8787524e-24
0,1,0.6912943
0,0,1.4178512e-05
0,0,1.155641e-19
0,0,2.590878e-13
0,0,6.5501925e-21
0,0,4.3607934e-27
0,0,0.0
1,0,0.001452959
0,0,9.944304e-17
0,0,2.839872e-29
0,0,1.0905738e-08
0,0,1.11117006e-26
0,0,2.8836213e-24
0,0,3.693563e-29
0,0,6.1882965e-20
0,0,2.0515886e-08
0,0,1.4844306e-22
0,0,5.8987585e-08
0,0,7.0347786e-16
0,0,2.232321e-33
1,0,0.059095412
0,0,3.46687e-40
0,0,3.044734e-25
0,0,0.0
0,0,2.1493544e-22
1,0,0.0009337047
1,1,0.9997423
0,0,7.984634e-29
0,0,5.959224e-27
0,0,1.2161742e-21
0,0,4.291896e-25
0,0,8.899888e-38
0,0,1.4269644e-29
0,0,9.058065e-22
0,0,5.59e-43
0,0,4.6099416e-07
0,0,6.0532415e-08
0,0,5.0126715e-15
0,0,1.63791e-40
0,0,2.2002016e-27
0,0,3.1076793e-31
0,0,1.4248005e-20
0,0,1.0915814e-15
0,0,0.0
0,0,5.811852e-22
1,1,0.9998871
0,0,4.1191933e-37
0,0,0.0
0,0,1.9329825e-06
0,0,4.3568278e-38
1,0,0.17001466
1,1,0.9993968
0,0,7.01939e-39
0,0,1.54e-42
1,0,0.0006142591
0,0,0.0
0,0,7.8980353e-19
0,0,5.6919087e-12
1,1,0.9767876
0,0,7.573574e-39
1,1,0.99989235
0,0,6.3062443e-17
0,0,1.24426725e-17
0,0,2.2666903e-16
1,0,3.856547e-06
0,0,1.6085153e-37
1,1,0.9981614
0,0,3.474833e-11
0,0,4.2421808e-27
1,0,0.0035705953
0,0,2.304758e-39
0,0,3.8767e-41
0,0,4.0730526e-29
0,0,5.5046776e-35
0,0,3.0011599e-05
0,0,1.3857651e-29
0,0,4.7763564e-24
0,0,2.143687e-08
0,0,2.64509e-24
0,0,2.1626599e-16
0,0,3.6161128e-24
0,0,2.5747166e-23
1,0,0.013251791
0,0,6e-45
1,0,0.00068163994
1,0,5.895696e-09
0,0,1.8e-44
0,0,5.183506e-14
0,0,2.892418e-13
1,1,0.9999919
0,0,1.1576484e-19
0,0,0.0
1,0,2.21222e-08
0,0,8.7442245e-20
0,0,1.0913917e-34
0,0,1.1267229e-13
0,0,2.201568e-14
1,0,0.016456602
0,1,0.9999852
0,0,7.64377e-40
1,1,0.99560297
0,0,8.762125e-12
0,0,5.395081e-19
0,0,8.6819806e-14
0,0,6.469593e-26
0,0,3.8675412e-38
1,1,0.9999831
0,0,2.7809526e-36
0,0,7.092965e-21
0,0,1.2284635e-16
1,0,1.830169e-05
0,0,1.5749109e-34
0,0,0.0
0,0,1.1537205e-19
0,0,2.6966165e-13
0,0,5.887407e-15
0,0,8.938456e-19
0,0,1.0447259e-30
0,0,2.8627677e-14
1,1,0.99998784
0,0,9.028772e-23
0,0,4.2886056e-18
0,0,0.033317287
0,0,9.747051e-14
0,0,4.545676e-28
0,0,6.7715245e-32
0,0,1.1122444e-31
0,0,1.75187e-39
0,1,0.6098963
0,0,2.5866633e-19
1,1,0.99426794
1,1,0.9298042
0,0,3.358e-42
0,0,1.2975792e-33
1,1,0.99957234
0,1,0.9997156
1,1,0.99849236
0,0,1.434461e-17
0,1,0.99838257
1,1,0.963213
1,0,0.024756348
0,0,5.5632003e-18
0,0,0.00013192733
0,0,1.3957667e-06
1,0,0.03677891
0,0,4.317704e-28
1,1,0.99999917
0,0,3.6243982e-32
0,0,1.664854e-18
0,0,1.074108e-24
1,1,0.99990666
0,0,1.012444e-39
1,0,1.2192846e-09
0,0,2.4370542e-13
1,1,0.8976875
0,0,3.5614956e-21
0,0,4.097653e-10
0,0,5.999348e-26
1,0,6.8520545e-05
0,0,4.0701752e-16
0,0,7.914287e-20
0,0,4.624274e-21
0,0,3.6705408e-37
0,0,3.8989058e-28
0,0,1.1714783e-33
1,1,0.999223
0,0,2.0527742e-12
1,0,0.12852754
0,0,1.3994918e-15
0,0,7.0505145e-18
0,0,3.834792e-32
1,1,0.94344795
1,1,0.9999989
0,0,6.3e-44
1,1,0.99696356
0,0,0.0
1,0,2.7425452e-07
0,0,1.4988882e-16
0,0,1.2978848e-35
0,0,2.718467e-16
0,0,7.484544e-23
0,0,5.8710073e-13
1,0,1.4094242e-05
0,0,5.83e-43
1,1,0.99985766
0,0,8.7464755e-09
0,0,1.6993257e-15
0,0,4.803743e-18
0,1,0.96149594
0,0,1.834953e-35
0,0,2.2400962e-37
0,0,8.1130203e-25
0,0,1.2350632e-12
1,0,0.00031959123
0,0,1.334968e-20
0,0,8.458377e-10
0,0,1.0605e-19
0,0,1.5861885e-23
1,0,2.693411e-06
1,0,3.9783149e-07
0,0,5.3461403e-18
0,0,5.931123e-35
0,0,3.0498572e-12
0,0,1.0539145e-11
0,0,9.193771e-20
1,0,0.026962725
1,0,0.0003125616
0,0,3.7285037e-20
0,0,1.8178764e-20
1,0,0.00030190716
0,0,6.39669e-39
0,0,4.8262816e-25
0,0,8e-45
1,1,0.9996445
0,0,1.081081e-29
0,0,4.3523174e-27
1,0,0.002566536
1,0,0.0009208316
0,0,2.2874737e-26
0,0,1.3438814e-24
0,0,9.222243e-12
0,1,0.991532
0,0,2.4308161e-27
1,0,4.8560316e-05
0,0,4.361126e-27
1,0,0.11398813
0,0,4.4892867e-11
0,0,7.516414e-39
0,0,2.3562624e-34
0,0,2.6040016e-17
0,0,1.5073903e-18
0,0,5.8402634e-07
0,0,1.4533077e-19
0,0,4.7376525e-23
0,0,5.44564e-25
1,0,5.0771458e-05
1,0,0.10464476
0,0,8.95898e-17
1,1,0.88287556
0,0,9.5880896e-21
1,0,0.01805757
0,0,1.4234656e-18
0,0,0.0
1,0,2.6250682e-05
1,1,0.99917245
0,0,2.2164416e-36
0,0,3.44392e-30
0,0,1.0036915e-08
0,1,0.99996865
1,0,0.380249
0,0,6.4770785e-25
1,1,0.99999166
0,0,2.9705578e-36
0,0,3.2608536e-20
0,0,0.0
0,0,3.942e-42
0,0,5.2536472e-33
1,0,2.9013967e-05
0,0,2.5683307e-38
1,1,0.98340434
0,0,0.0023052043
0,0,4.2818498e-35
1,1,0.99889624
1,0,0.01624119
1,1,0.9999558
0,0,1.742437e-07
0,0,4.502441e-15
1,0,5.942284e-06
0,0,7.994586e-25
0,0,6.4574247e-15
0,0,0.0
0,0,2.362557e-31
0,0,2.695618e-36
0,0,1.5624057e-25
1,0,5.864123e-06
1,1,0.9909219
0,0,0.0
0,0,4.938324e-09
0,0,6.743433e-23
0,1,0.9262807
0,0,0.0
0,0,2.2433059e-27
0,0,1.0190555e-28
0,0,1.44889e-40
0,0,1.8686988e-11
0,0,4.0702095e-22
0,0,3.989613e-29
0,0,3.0031028e-18
0,0,2.883513e-38
1,0,0.0018647255
0,0,7.7645924e-11
0,0,2.174439e-24
0,0,0.0
1,1,0.999652
0,0,4.0865657e-12
1,0,2.8767786e-07
0,0,4.639938e-25
0,0,3.857077e-17
0,0,2.64797e-37
1,0,0.033600528
0,0,6.149224e-08
1,0,4.1266124e-09
1,0,4.112581e-08
0,0,0.0027125322
0,0,1.2192691e-19
1,1,0.9998679
0,0,3.3332988e-26
0,0,1.431282e-29
0,0,1.8980638e-31
0,0,3.51e-42
0,0,6.6771777e-18
1,0,0.24195546
0,0,3.9619707e-26
0,0,2.145157e-06
0,0,1.0124598e-22
1,0,0.0044357795
0,0,6.302867e-05
0,0,1.5761578e-38
0,1,0.9682331
0,0,1.9410836e-37
0,0,1.1679991e-38
0,0,0.0045149247
0,0,2.3052792e-29
0,0,0.0002203774
1,0,0.119631276
0,0,1.4799931e-28
0,0,6.302882e-23
0,0,1.1508859e-18
0,0,1.2861497e-20
0,0,2.3404968e-18
1,1,0.99518716
0,0,1.3472596e-23
0,0,1.8785243e-28
0,0,1.83228e-21
0,0,5.161e-42
0,0,1.1701453e-14
1,1,0.99825054
1,1,0.99907243
0,0,1.8379513e-35
0,0,1.6811373e-22
0,0,5.0507597e-20
1,0,0.00046690836
0,0,6.4143296e-25
1,0,3.380806e-06
0,0,1.6759297e-24
0,0,8.76534e-18
0,0,9.181943e-16
0,0,3.9192085e-09
0,0,2.267278e-39
0,0,6.719705e-08
0,0,2.8221e-41
0,0,9.394998e-22
0,0,4.289441e-10
0,0,5.888394e-38
0,1,0.99647516
0,0,2.5610515e-38
0,0,3.983777e-27
0,0,5.5464818e-18
0,0,7.677881e-26
0,0,1.0133598e-15
1,1,0.99993193
0,0,2.2624856e-29
0,0,2.33e-43
0,0,6.1607403e-12
1,0,2.678825e-07
0,0,8.216624e-22
0,0,2.4217145e-30
0,1,0.99741507
1,0,0.026673837
0,0,1.3288278e-24
0,0,2.2027838e-31
0,0,5.965209e-11
0,0,6.3812828e-18
0,0,0.06108504
0,0,7.925319e-19
1,1,0.99400747
0,0,0.0004461695
0,0,7.608131e-36
0,0,6.104222e-07
0,0,2.3505389e-05
0,0,1.3782317e-14
1,1,0.9999238
0,0,1.812087e-29
0,0,5.5426297e-19
0,0,6.8448094e-11
0,0,7.682273e-34
0,0,6.891808e-20
0,0,0.092338696
0,0,3.914474e-08
0,0,1.1119116e-12
1,1,0.9996123
0,0,4.2637565e-13
0,0,0.15979032
0,0,2.3991133e-30
0,0,1.053254e-21
1,0,1.3314513e-05
0,0,3.7299935e-37
0,0,1.1e-44
0,0,4.6744734e-33
0,0,1.2932417e-31
1,1,0.99991894
0,0,9.864e-42
0,0,1.952e-21
0,0,2.314875e-37
0,0,0.41087824
0,0,0.0
1,1,0.80569494
0,0,4.195237e-20
0,0,5.3721564e-21
0,0,3.5771045e-18
0,0,1.1232497e-08
0,0,1.3896533e-18
0,0,0.00058361766
0,0,2.0699806e-37
0,0,5.3346344e-24
0,1,0.99998534
0,0,2.4452982e-26
0,0,8.3534987e-23
1,1,0.9999856
1,0,7.348132e-05
0,0,2.678581e-29
0,0,6.3992036e-17
0,0,2.333403e-39
0,0,1.7794392e-29
0,0,0.0
0,0,1.4631511e-15
0,0,2.7975592e-23
0,0,4.6055972e-09
1,0,0.0002985166
0,0,1.2416894e-22
0,0,1.1830862e-20
0,0,2.0754812e-32
0,0,5.9292687e-35
0,0,2.824663e-19
0,0,3.674097e-12
1,0,0.00043718435
0,0,0.17417441
0,0,6.6434537e-13
0,0,9.137623e-34
0,0,2.5473379e-19
0,0,1.814184e-35
0,0,5.884289e-14
1,0,9.53888e-07
0,0,2.1487285e-05
0,0,1.2912954e-11
0,0,4.4642063e-12
1,1,0.8387836
0,0,1.0844147e-28
1,0,1.9702519e-08
0,0,1.1557802e-37
0,1,0.99312323
0,0,3.978998e-17
0,0,3.5942745e-16
0,0,1.67e-43
0,0,7.3943587e-37
0,1,0.5037484
0,0,6.058018e-25
0,0,5.5753624e-22
0,0,3.330912e-32
1,0,1.3135196e-06
0,0,5.237689e-29
0,0,1.2646834e-29
0,0,5.211529e-11
0,0,5.808482e-15
1,1,0.9775788
1,0,5.1930074e-05
1,1,0.9999994
0,0,3.81439e-20
0,0,3.4731193e-21
0,0,2.1108916e-26
0,0,0.0
0,0,2.3010204e-27
1,0,0.008089674
0,0,5.650638e-17
0,0,9.038846e-28
0,0,2.1259275e-29
0,0,4.09171e-36
0,0,0.23161587
0,0,6.4840288e-24
0,0,3.0727427e-29
0,0,1.9605347e-16
1,0,2.195797e-05
0,0,4.844751e-23
1,1,0.9969054
0,0,3.533263e-16
0,0,1.0447113e-35
1,0,1.6434702e-06
0,0,5.8788146e-14
0,0,7.480366e-18
0,0,1.2420798e-34
0,0,3.828507e-17
0,0,2.3682774e-06
0,0,1.0350053e-34
1,0,0.00028905008
0,0,5.1338094e-32
1,1,0.9994537
0,0,9.689597e-31
0,0,1.5863495e-11
0,0,1.5593416e-22
0,0,2.2129074e-31
0,0,2.198292e-13
1,0,0.034056146
0,0,2.0898565e-29
0,0,5.2280904e-28
1,0,6.156411e-14
0,0,2.4407125e-19
0,0,5.942816e-33
0,0,1.7363585e-19
0,0,7.2461706e-29
0,0,1.73805e-17
0,0,1.6873337e-26
1,1,0.65975124
0,0,3.3552405e-19
1,1,0.99696356
0,0,1.2910542e-22
0,0,1.2425686e-33
0,0,8.96427e-40
0,0,2.3049504e-17
0,0,7.139205e-33
0,0,6.7834383e-26
1,0,2.7931446e-08
1,0,1.3116183e-05
0,0,7.265791e-15
1,0,2.8160044e-10
0,0,1.0102553e-25
0,0,1.072324e-22
0,0,3.2236562e-13
1,0,4.112581e-08
0,0,1.8984738e-07
0,0,1.0265627e-12
0,0,0.0
0,0,5.0574575e-32
0,0,0.41507924
0,0,0.0
0,0,1.1835034e-13
0,0,9.65e-43
1,0,0.0005365026
0,0,9.201719e-16
0,0,1.4516838e-12
0,0,5.992191e-18
0,0,3.1240618e-29
0,0,1.3936866e-20
0,0,2.5354427e-19
0,0,2.1653617e-29
0,0,3.2354297e-08
0,0,6.3601383e-06
0,0,1.5956665e-25
1,0,0.0094134305
1,0,0.00014941266
0,0,3.1075935e-18
0,0,3.455329e-07
1,0,0.08237409
0,0,7.192521e-22
1,1,0.9993937
0,0,4.602654e-39
0,0,8.454291e-15
0,0,1.9415828e-34
0,0,5.4749455e-18
0,0,6.4112e-32
0,0,1e-45
0,0,1.5615814e-20
0,0,1.4271404e-34
0,0,0.0
0,0,4.7598794e-23
0,0,2.7429758e-10
0,1,0.9034658
0,1,0.99994385
1,1,0.9910513
0,0,3.018252e-25
0,0,1.78004e-18
0,0,9.642e-15
0,0,0.0
0,0,2.1585696e-18
0,0,3.792957e-21
0,0,6.778472e-26
0,0,1.2367932e-20
1,1,0.9997222
0,0,7.982527e-23
0,0,1.2608021e-27
0,0,7.503755e-23
0,0,0.35393232
0,0,3.1327228e-12
1,1,0.9960459
0,0,0.00029903164
0,0,2.239049e-19
0,0,1.05937625e-26
0,0,0.0
0,0,5.5910153e-30
0,1,0.99897015
1,1,0.99974555
0,0,3.2805404e-21
0,0,3.9392016e-25
1,1,0.99986863
1,0,0.011125522
0,0,5.0927153e-23
1,0,0.0002985166
0,0,1.0902117e-16
1,1,0.5204186
1,0,1.5792534e-06
0,0,5.917306e-23
0,0,1.82e-42
0,0,5.448932e-37
0,0,4.714904e-21
0,0,1.9304227e-20
0,0,1.331788e-14
0,0,5.027433e-31
0,0,0.002353485
0,0,6.0994587e-09
0,0,2.0772805e-31
0,0,4.144794e-28
0,0,2.3968002e-14
0,0,5.306053e-26
0,0,3.757655e-38
0,0,6.315108e-38
0,0,0.00020999157
0,1,0.98515713
0,0,4.33067e-40
0,0,1.0159315e-05
0,0,3.951921e-17
0,0,0.0
0,0,2.5e-44
1,0,0.057494108
0,0,5.6088855e-26
0,0,5.9480804e-05
0,0,2.3718834e-25
0,0,5.031016e-18
0,0,3.272499e-16
0,0,5.420321e-15
0,0,4.3892652e-27
0,0,9.752891e-25
0,0,3.5669858e-15
0,0,0.0
0,0,8.719418e-18
1,0,0.0005630165
0,0,1.04e-43
0,0,2.2793051e-17
0,0,1.3871927e-07
0,1,0.9999014
0,0,3.080574e-27
0,0,3.4213183e-08
0,0,2.6117145e-37
0,0,7.1817847e-34
0,0,5.5203577e-30
1,1,0.9473269
0,1,0.9986792
0,0,0.11553464
0,0,3.2922376e-28
0,0,3.8585684e-37
0,0,1.6510557e-23
0,0,1.7988974e-05
0,0,7.7517936e-22
0,0,2.1574446e-38
1,1,0.9990797
1,0,0.067963086
0,0,3.9287347e-21
1,1,0.98026705
0,0,4.9067064e-15
1,0,0.030350259
0,0,2.683577e-18
1,0,2.6685486e-08
0,0,3.5e-44
0,0,2.5641139e-21
0,0,1.6429987e-26
0,0,1.2385593e-27
0,0,5.1247436e-27
0,0,4.226723e-34
0,0,9.557991e-30
0,0,3.1899058e-13
0,0,2.4343579e-22
0,0,3.23336e-32
0,0,6.5842246e-25
0,0,5.1979206e-29
0,0,1.5912595e-10
1,0,1.7337034e-05
0,0,4.328255e-37
1,1,0.99985886
0,0,2.721e-42
0,0,4.3608888e-14
0,0,4.3798093e-22
0,0,3.0030921e-25
1,1,0.9963432
0,0,2.1232102e-16
0,0,0.0
0,0,1.7993271e-17
1,0,1.3314513e-05
0,0,8.2973804e-23
0,0,4.4615458e-29
0,0,4.209e-23
0,0,2.1180954e-18
0,0,1.9627913e-12
1,1,0.99936
0,0,9.3886305e-20
0,0,0.00026759173
0,0,2.3316e-41
0,0,8.0898506e-23
1,1,0.99962735
0,0,2.1322683e-16
0,0,1.5098629e-28
0,0,6.341905e-38
0,0,7.3465336e-22
0,0,7.681492e-24
1,0,0.4044736
0,0,1.6557771e-34
0,0,4.43884e-18
1,1,0.99889624
0,0,7.390069e-08
0,0,1.6505307e-26
0,0,3.5568014e-19
0,0,1.7338522e-24
1,1,0.9999993
0,0,6.350579e-13
0,0,8.838013e-37
0,0,3.4155938e-38
0,0,3.69e-42
0,0,8.563182e-31
1,0,0.00017435587
1,0,0.0008959187
0,0,3.5090417e-14
0,0,3.9668915e-23
0,0,0.0
1,0,0.0019022875
0,1,0.9999535
0,0,1.4617962e-29
0,0,1.5751577e-26
1,0,2.5623165e-05
0,0,0.0
0,0,1.6672724e-29
0,0,1.0728985e-34
0,0,3.193994e-11
0,0,0.16470449
0,0,1.0761887e-14
0,0,1.1616041e-25
0,0,5.359687e-11
0,0,3.442294e-21
0,0,3.2941756e-26
1,1,0.9424208
0,0,6.914763e-11
0,0,9.563625e-19
0,0,2.109719e-16
0,0,6.04e-43
0,0,1.5057675e-28
0,0,1.0106457e-06
0,0,2.012938e-17
1,1,0.999995
1,0,0.0003658909
0,0,1.2251587e-25
0,0,1.7161667e-21
0,0,1.4796273e-34
0,0,1.45496e-35
1,0,0.0003284913
0,0,1.9593071e-25
0,0,2.2391143e-29
0,0,0.0
1,0,4.4594644e-09
0,0,2.481949e-19
1,0,0.00047237377
0,0,1.9625404e-12
0,0,2.8719073e-32
0,0,1.6441754e-21
0,0,3.9138917e-23
0,0,8.0867645e-38
1,1,0.9931657
1,0,1.8020451e-08
0,0,4.580687e-18
0,0,0.045098264
0,0,6.5550754e-26
0,0,1.891682e-30
0,1,0.95284486
0,0,4.0354e-26
0,0,3.6784662e-34
0,0,3.019085e-15
0,0,0.030468185
0,0,2.8940492e-22
0,0,6.405828e-30
0,0,1.8271093e-27
0,0,4.6e-43
0,0,9.846549e-22
0,0,4.322071e-28
0,0,3.2105804e-35
0,0,0.0
0,0,5.996425e-17
0,0,0.08858112
0,0,6.4425667e-29
0,0,1.0569898e-20
1,0,0.20449236
0,0,5.5281984e-22
0,0,4.6322263e-18
0,0,1.2098643e-33
0,0,3.6400946e-33
0,0,5.808898e-17
1,1,0.99336046
0,0,7.671428e-14
0,0,2.1254343e-35
1,1,0.9986792
0,0,0.0
0,0,0.0038791662
1,0,0.0002437336
0,0,3.8104836e-17
0,0,1.9938523e-20
0,0,1.33088305e-08
0,0,1.4375839e-24
0,0,3.827079e-23
0,0,2.0293475e-22
0,0,1.8631449e-13
0,0,9.5197914e-21
1,1,0.99996054
1,1,0.97339636
0,0,4.3639785e-24
0,0,3.0035175e-24
0,0,4.1217997e-12
0,0,1.5979451e-32
0,0,5.855735e-23
0,0,4.7212032e-21
0,0,0.0
0,0,3.4368335e-11
0,0,1.934916e-09
0,0,4.7107575e-26
0,0,2.4776812e-20
0,0,3.423573e-33
0,0,5.022174e-19
0,0,0.0040939017
1,0,9.045074e-07
1,0,0.037673123
0,1,0.73727584
0,0,2.6141029e-25
0,0,1.6933383e-32
0,0,1.5417013e-18
0,0,3.717565e-29
0,0,6.02555e-23
0,0,0.12551774
0,0,1.752081e-19
0,0,0.0
0,0,4.510761e-15
0,0,7.1083413e-31
1,1,0.99851793
0,1,0.9941644
0,0,1.0797426e-12
0,0,1.7594011e-12
0,0,4.0443726e-17
0,0,3.9e-44
1,0,0.17976609
0,0,7.0106554e-27
1,0,3.4681878e-05
0,0,0.0
0,0,2.002547e-15
0,0,9.9624606e-23
0,0,4.1321645e-28
0,0,3.2552832e-29
0,0,1.26092505e-23
0,0,0.00013550786
0,0,1.8336533e-33
0,0,2.2124618e-22
0,0,2.043934e-26
0,0,0.0
0,0,3.4488957e-19
0,0,2.2066045e-14
0,0,2.1170183e-28
0,0,5.9231135e-22
0,1,0.99999976
0,0,3.746726e-12
1,0,0.1522081
0,0,3.33588e-19
0,0,3.5054842e-17
0,0,3.7077494e-37
0,0,3.090686e-34
1,0,0.12937221
0,0,1.5939609e-09
1,1,0.99938416
0,0,3.5339153e-28
0,0,4.2126516e-28
0,0,3.8179378e-22
0,0,4.2368967e-10
1,1,0.99997425
1,1,0.94815147
0,0,0.0
0,0,1.106164e-39
0,0,0.0
0,0,4.0976228e-32
0,0,1.4973059e-15
0,0,1.2577771e-10
0,0,1.3776283e-20
1,0,0.39017895
0,0,6.847735e-26
1,0,0.00024939893
0,0,9.0926615e-12
0,0,1.4655661e-20
0,0,2.8966403e-25
0,0,0.0
0,0,5.4096705e-12
0,0,1.768e-42
0,0,3.9936174e-05
0,0,1.9478e-41
1,0,0.0010683768
0,0,4.5699105e-14
0,0,3.2574813e-37
0,0,2.6800456e-12
0,0,5.7770258e-34
0,0,2.9794564e-20
0,0,2.3488904e-11
0,0,1.0542678e-27
0,0,3.1991203e-08
0,0,8.0002605e-25
0,0,7.49065e-32
1,1,0.9999821
1,1,0.9894246
0,0,2.2736241e-26
0,0,5.892611e-18
0,0,2.222523e-34
1,0,0.123784065
0,0,0.0
0,0,2.9778816e-17
0,1,0.9542404
0,0,1.0378667e-36
0,0,1.4132621e-13
0,0,6.933351e-24
0,0,5.5595376e-23
1,0,0.044635452
0,0,1.2551617e-30
1,0,0.2519152
0,0,4.830684e-25
0,0,4.3080716e-24
0,0,4.614351e-22
0,0,1.040374e-32
0,0,3.4567769e-09
0,0,1.2963531e-24
0,0,1.9531775e-28
0,0,3.621643e-27
0,0,1.2642673e-31
0,0,1.899809e-09
0,0,1.8400779e-19
1,0,0.0012031386
0,0,2.3147543e-12
0,0,4.5471175e-12
0,0,8.847532e-28
0,0,3.4552873e-24
0,0,5.3848934e-15
1,0,0.0051070526
0,0,1.8327715e-26
0,0,4.822024e-13
1,0,0.0009752008
0,0,2.9152481e-28
1,0,0.03677891
1,0,0.00050023955
0,0,3.6667807e-27
0,0,0.3616224
0,0,3.6452714e-29
0,0,2.059984e-15
0,0,1.0817329e-14
0,0,1.5355661e-20
1,0,1.3314513e-05
0,0,1.3958325e-25
1,1,0.99995077
0,1,0.83762866
0,0,3.717017e-06
0,0,1.1753891e-28
0,0,1.6571646e-22
1,0,1.2846135e-07
0,0,5.773382e-37
0,0,3.046775e-35
0,0,3.9773124e-25
0,0,3.793e-42
0,0,1.3067007e-38
0,0,2.1562253e-17
1,1,0.9999684
0,0,3.099869e-36
0,0,2.1714442e-19
0,0,1.856022e-29
0,0,2.4763262e-23
0,0,4.2207245e-29
1,0,0.0013396465
0,0,1.7780646e-26
0,0,4.935553e-25
0,0,1.3304393e-26
1,0,1.426179e-06
0,0,5.1491323e-15
1,0,0.008123664
0,0,4.010627e-13
0,0,1.3238202e-22
0,0,5.674609e-12
0,0,5.9050235e-21
0,0,0.25347412
1,1,0.99988365
0,0,8.41366e-29
1,0,2.5623165e-05
0,0,6.8273385e-26
0,0,1.2395153e-25
1,1,0.9623197
1,0,0.059212487
0,0,2.7422936e-34
1,1,0.9999528
0,0,3.1978978e-17
0,0,5.4950894e-20
0,0,2.7624483e-22
0,0,1.4276926e-16
0,0,1.869086e-39
1,1,0.9996351
0,0,2.1577284e-12
0,0,1.7372455e-35
0,0,6.4e-44
1,0,0.057282332
0,0,1.5666316e-32
0,0,1.1648155e-12
0,0,3.5785414e-16
0,0,2.3159597e-31
0,0,2.30706e-40
1,1,0.9450394
1,1,0.999652
0,0,1.8616292e-23
1,0,0.003333225
0,0,1.9946053e-35
0,0,1.2726617e-25
0,0,1.71e-43
0,0,5.6101e-41
0,0,3.940949e-23
0,0,3.2661255e-24
0,0,2.7372206e-37
0,0,5.527691e-30
0,0,3.9812175e-23
0,0,1.5842542e-37
1,0,1.5173681e-05
1,0,1.369641e-07
0,0,2.46905e-40
1,1,0.78668517
1,1,0.9999945
0,0,4.579427e-19
0,0,2.773617e-05
0,0,7.454682e-23
1,0,0.026962725
0,0,8.266722e-26
1,1,0.999724
0,0,1.1383014e-27
0,0,1.9146214e-17
0,0,1.061195e-21
0,0,1.0387951e-18
1,0,7.348132e-05
0,0,8.0079655e-15
0,0,1.0722944e-09
0,0,5.932744e-23
1,1,0.999948
0,0,1.32027614e-20
0,0,6.989441e-23
0,0,1.9943095e-34
1,0,0.21291777
1,0,1.9160283e-05
0,0,8.3686444e-09
1,0,6.1306644e-05
0,0,4.819298e-22
0,0,8.5e-44
0,0,8.0813504e-20
0,0,2.467604e-38
0,0,2.1547361e-14
0,0,5.322565e-22
0,0,4.2093254e-21
0,0,2.4554258e-30
0,0,2.3510791e-21
1,1,0.99975663
0,0,1.2636948e-14
0,0,4.7867494e-18
0,0,1.43011565e-27
0,0,2.1523879e-24
0,0,5.0735766e-23
0,0,1.016569e-16
0,0,5.7790094e-34
0,1,0.9987884
0,0,6.947209e-21
1,0,8.774534e-12
0,0,1.0184484e-37
0,0,1.966359e-34
0,0,0.0
1,1,0.9999536
0,0,6.334959e-25
0,0,1.7026804e-30
0,0,9.594434e-18
0,0,0.0
0,0,3.6142195e-26
1,0,2.195797e-05
1,1,0.9998566
0,0,2.58947e-39
0,0,3.3114474e-27
1,0,6.4932494e-05
0,0,3.674867e-31
1,0,2.881638e-08
1,1,0.9972826
0,0,1.4319415e-16
0,0,8.557783e-26
0,0,4.3870813e-38
0,0,1.04193205e-30
0,0,2.7640287e-06
0,0,1.9461235e-09
0,0,5.343347e-33
0,0,9.6514644e-36
0,1,0.9962173
1,0,1.8658031e-07
0,0,3.1565764e-06
0,0,1.06916044e-26
0,0,2.590564e-19
0,0,0.0
0,0,3.2517585e-29
0,0,1.7504434e-35
0,0,3.737051e-18
0,0,3.2102368e-28
0,0,4.0819508e-36
0,0,3.245188e-38
1,0,0.00084557815
0,0,5.3017968e-21
0,0,1.9195654e-24
0,0,2.4265335e-29
0,0,2.6116942e-30
0,0,5.5798676e-24
0,0,7.9340385e-17
0,0,8.410046e-06
0,0,8.853204e-28
0,0,4.2415036e-26
0,0,9.91e-43
0,0,9.069883e-31
0,0,2.2809571e-10
1,0,0.0012883781
0,0,1.2850584e-24
1,0,3.6966653e-06
0,0,6.7219526e-18
0,0,1.7670491e-34
0,0,2.1456291e-20
0,0,5.8250647e-35
0,0,3.373371e-10
0,0,2.7846342e-30
0,0,7.8850244e-28
0,0,7.9798616e-12
0,0,1.3201839e-15
0,0,8.971724e-20
0,0,3.1890868e-34
0,0,8.3325697e-20
0,0,0.0039681047
0,0,0.0
0,0,2.3716983e-36
0,0,1.8849669e-13
0,0,4.0148712e-26
1,1,0.99785894
0,0,1.79333e-40
0,0,0.0
1,1,0.9999906
0,0,1.4604844e-24
1,0,4.899316e-16
0,0,0.0
0,0,2.1751896e-28
0,0,6.785694e-25
1,0,0.006039167
0,0,3.3488728e-19
0,0,8.683916e-22
0,0,1.3350747e-28
0,0,1.5140109e-34
0,0,5.805694e-29
0,0,7.54096e-40
0,0,4.481157e-31
0,0,3.745938e-28
0,0,3.2e-44
0,0,1.969262e-21
0,0,5.6632307e-28
0,0,1.0926767e-08
0,0,3.113877e-14
0,0,1.5910207e-20
0,0,4.6445956e-25
0,0,1.7407233e-33
1,0,3.3103426e-08
1,1,0.9997937
0,0,2.3436802e-23
1,0,1.0394127e-06
1,1,0.960012
0,0,1.7405825e-27
1,0,7.604842e-07
0,0,1.7059966e-37
0,0,1.734995e-11
1,0,0.00032892684
0,0,5.905905e-20
0,1,0.9964856
0,0,5.333408e-06
0,0,0.0
0,0,1.99e-43
0,0,1.3775e-41
0,0,8.5037566e-20
0,0,0.0
0,0,2.2680988e-17
0,0,2.4919514e-24
0,0,0.0
0,0,0.0
0,0,4.655648e-17
0,0,1.0617221e-12
0,1,0.9997435
0,0,6.967541e-28
1,1,0.998941
0,0,5.7716704e-35
0,0,3.4765727e-32
0,0,2.7144562e-24
0,0,1.6170768e-25
1,0,0.008622988
0,1,0.88005364
0,0,2.0149274e-25
0,0,6.3641284e-23
0,0,2.2512658e-23
0,0,5.3564315e-32
0,0,0.4608315
0,0,2.0728161e-05
0,0,4.8809373e-25
0,0,9.768688e-23
0,0,1.7491437e-18
0,0,1.00908926e-23
0,0,6.0337494e-27
0,0,2.216564e-25
0,0,7.837e-42
0,0,0.0
0,1,0.99191236
0,0,3.4548326e-20
0,0,3.1425568e-26
1,0,0.0056937924
0,0,4.4030794e-29
1,0,0.005571634
1,0,0.15064573
0,0,3.0795363e-22
0,0,2.3355189e-19
0,0,7.527709e-34
0,0,0.0023957074
0,0,9.159532e-28
1,1,0.99999046
0,0,9.3056645e-26
0,0,1.6876968e-38
0,0,9.8e-44
0,0,2.4080593e-25
0,1,0.9457462
0,0,0.0
0,0,1.0839063e-20
0,0,7.092366e-22
0,0,0.0
0,0,1.3173911e-31
0,0,2.1016913e-19
0,0,1.0753231e-36
0,0,2.6675702e-20
0,0,2.9612855e-25
0,0,4.6002777e-20
1,0,0.03677891
0,0,4.665547e-11
0,0,4.1366688e-16
0,0,6.6254794e-22
1,0,1.095096e-06
0,0,3.385956e-20
0,1,0.99472
0,0,9.083123e-13
0,0,1.575279e-17
0,0,7.388904e-18
0,0,0.11520485
0,0,1.022394e-39
0,0,6.40781e-22
1,0,0.07716881
0,0,3.854685e-22
0,0,2.915042e-32
1,1,0.99849236
0,0,1.2256139e-22
0,1,0.9996283
1,0,1.3314513e-05
0,0,4.0937296e-26
1,0,0.0048788083
1,1,0.99072635
0,0,7.894768e-30
1,0,4.1023206e-05
1,0,2.6475452e-06
0,0,2.3145937e-21
1,0,0.00047173616
0,0,0.0
0,0,1.5713516e-20
1,0,1.086647e-20
1,1,0.84776914
0,0,1.8113256e-07
0,0,6.0047394e-15
0,0,4.0025428e-20
0,0,1.977319e-26
0,0,3e-45
0,0,7.482767e-06
0,0,0.0
0,0,8.3788345e-09
0,0,9.569804e-39
0,0,0.002345578
0,1,0.9901086
0,0,6.390057e-39
0,0,0.0
0,0,3.384637e-21
1,0,0.00023691225
1,1,0.9993254
0,0,3.2063913e-37
0,0,5.8379987e-32
0,0,1.3853653e-34
0,0,1.4387825e-13
0,0,6.2940403e-23
1,1,0.999803
0,0,1.4794174e-28
0,0,2.0385351e-36
0,0,2.553594e-19
1,0,0.00054894795
0,0,1.8260866e-18
0,0,1.0419018e-12
0,0,9.2355664e-35
0,0,0.0
0,0,7.27e-43
0,0,1.0279466e-07
0,0,1.9548985e-29
0,0,9.16e-43
0,0,3e-45
0,0,2.054662e-16
0,0,3.4141893e-29
1,0,0.00018205684
0,0,5.773504e-14
0,0,1.5043127e-31
0,0,2.963438e-14
0,0,2.2325226e-28
0,0,2.2361387e-26
0,0,5.5777056e-36
0,0,4.4618567e-12
0,0,0.37966642
0,0,6.6534395e-30
0,0,1.4749755e-11
0,0,6.9294617e-25
0,0,1.2201566e-36
0,0,1.0879696e-21
0,0,3.2254712e-20
0,0,1.7168578e-32
0,0,3.6886e-41
0,0,5.3941743e-12
0,0,4.6271047e-33
0,0,3.5721683e-18
0,0,3.333879e-29
1,0,0.00069125684
0,0,1.0482557e-21
0,1,0.6934092
1,0,0.15613358
1,0,0.016976394
0,0,0.21314093
0,0,1.3444598e-33
1,1,0.7695709
0,0,1.6116022e-25
0,0,1.4525159e-18
0,0,9.29871e-26
0,0,5.055981e-21
1,1,0.6288682
0,0,6.3582495e-25
0,0,4.176944e-09
0,0,1.1051726e-09
0,0,2.0473106e-13
0,0,1.4949579e-18
0,0,5.5331512e-24
0,0,1.181432e-11
0,0,1.3473315e-23
0,0,4.719483e-25
0,0,3.774937e-24
0,0,7.407045e-12
0,0,2.1774562e-28
1,0,1.385607e-05
1,0,0.08662482
0,1,0.8782411
0,0,2.2e-44
0,0,7.5869465e-13
1,0,0.056668587
0,0,1.5153515e-34
0,0,2.8178664e-23
0,0,1.0151313e-31
1,0,1.7668318e-06
0,0,1.6798447e-19
0,0,0.0001319793
0,0,2.6310026e-38
0,0,3.1772548e-22
1,0,0.048681464
0,0,7.389853e-28
0,0,2.6618638e-23
0,0,3.6317405e-28
1,0,0.16451305
0,0,7.253251e-29
0,0,1.4911761e-18
0,0,0.0
1,0,2.7782104e-05
0,0,7.067218e-08
0,0,8.425294e-20
1,0,0.24900569
0,0,1.490867e-13
1,1,0.9999696
0,0,7.23869e-27
1,1,0.9999831
0,1,0.9933717
0,0,1.3103946e-38
1,1,0.9999685
0,0,1.80372e-40
0,0,1.3334223e-18
0,0,1.8303467e-19
0,0,1.7537064e-26
0,0,4.913547e-05
0,0,3.5452115e-31
0,0,1.1687709e-37
0,0,2.6468321e-27
0,0,2.1191255e-22
0,0,1.8886191e-21
0,0,2.3360268e-19
0,0,3.6791144e-25
1,1,0.99966216
0,0,1e-45
0,0,1.7623638e-34
0,0,4.5394805e-17
0,0,1.7932103e-22
0,0,1.3008968e-30
0,0,2.0009694e-27
0,0,3.870727e-24
0,0,9.74439e-22
0,0,3.8155766e-16
0,0,7.79258e-40
0,0,1.4698914e-31
0,0,4.499189e-18
0,0,4.7540127e-14
0,0,3.9148566e-11
1,1,0.9999883
0,0,2.7117935e-11
0,0,1.8592484e-19
0,0,5.658085e-06
0,0,5.2966194e-37
0,1,0.81345063
0,0,1.0998786e-37
1,0,0.4439154
0,0,1.3695965e-11
0,0,2.149562e-27
0,0,9.224894e-28
0,0,4.440598e-12
0,0,3.4595e-40
0,0,9.282497e-22
0,0,5.4889664e-22
0,0,1.973788e-30
0,0,4.19294e-39
1,1,0.9993369
0,0,6.70038e-23
0,0,1.4159473e-20
0,0,7.0248846e-38
0,0,3.0615295e-17
0,0,4.5883753e-21
0,0,4.9893968e-15
0,0,0.0
0,0,2.7041184e-26
1,0,0.00034031447
0,0,4.190495e-31
0,0,1.9072772e-28
1,1,0.9894246
0,0,4.4077e-22
0,0,0.309499
0,0,6.738622e-31
0,0,1.9774652e-23
0,0,5.9624985e-27
0,0,3.8852855e-38
0,0,0.28529242
0,0,3.0850713e-24
0,0,0.0
0,0,5.2859e-15
0,0,4.8853933e-16
0,0,1.1744604e-22
0,0,8.6366343e-16
0,0,4.4474696e-17
0,0,1.7360493e-24
0,0,3.6669443e-22
0,0,0.0
0,0,2.2149219e-27
0,0,0.0
1,1,0.91283524
0,0,8.25589e-40
0,0,4.4894093e-21
0,0,2.4401105e-24
0,0,2.0394786e-07
0,0,3.0519287e-27
1,1,0.83920556
0,0,1.4577272e-08
0,0,1.0622144e-06
0,0,1.1649501e-25
0,0,1.2461258e-30
0,0,1.0296341e-07
0,0,2.2850723e-36
0,1,0.9982724
0,0,2.3612288e-34
0,0,5.202113e-19
0,0,3.1933417e-15
0,0,2.3549651e-29
0,0,4.7751964e-29
0,0,2.539732e-06
0,0,7.49673e-27
0,0,1.3448288e-26
0,0,2.8004042e-27
1,0,1.3959451e-06
0,0,2.7369198e-13
0,0,9.517959e-17
0,0,6.2956903e-25
0,0,8.282458e-22
0,0,5.143754e-11
1,0,6.0790896e-08
1,1,0.9999335
0,0,7.167449e-25
1,1,0.9993254
0,0,3.336067e-29
0,0,2.983601e-32
0,0,7.792505e-21
0,0,7.798403e-26
0,0,2.9682417e-17
0,0,6.0339198e-24
0,0,4.339443e-09
0,0,8.889135e-30
0,0,5.5785836e-19
0,0,1.5382787e-15
0,1,0.99994624
0,0,7.608578e-07
0,0,1.1483689e-25
0,0,4.45149e-18
1,1,0.9908529
1,0,0.00059325004
0,0,8.979421e-29
0,0,7.767e-42
0,0,1.4088183e-21
0,0,6.8408106e-35
0,0,1.7124999e-34
1,0,1.7243718e-06
0,0,0.0
1,1,0.9988539
0,0,5.4810715e-32
1,0,0.0029844036
0,0,6.680769e-26
0,1,0.9999864
0,0,4.36178e-40
0,0,4.5900665e-24
0,0,4.763413e-19
0,0,9.140317e-17
0,0,3.302726e-37
0,0,3.037846e-08
0,0,4.836583e-18
0,0,4.1501587e-20
0,0,3.3370004e-19
0,0,1.235283e-07
0,0,2.2220572e-26
1,0,0.0005272754
0,0,3.1985827e-31
0,0,6.85e-43
0,0,3.3892885e-21
1,0,0.005005663
0,0,3.0949106e-26
1,1,0.89468807
0,0,8.209475e-31
0,0,9.0490755e-24
1,1,0.99837273
1,1,0.963213
0,0,1.1955808e-20
1,1,0.9429229
0,0,1.3025166e-21
0,1,0.7989766
0,0,1.02758954e-19
0,0,3.710535e-38
1,1,0.9999995
0,0,2.9639654e-24
1,0,2.6685486e-08
0,0,2.4552834e-24
0,0,1.9870545e-37
0,0,3.4211184e-33
0,0,1.5232444e-05
0,0,0.03552392
0,0,1.0840891e-07
0,0,1.5690921e-29
0,0,1.21561635e-23
0,0,1.6973795e-18
1,0,3.8212583e-08
0,0,2.773759e-21
0,0,5.0962485e-17
0,0,1.5282063e-16
0,0,1.4399033e-12
0,0,1.600467e-29
0,0,3.7705356e-30
0,0,7.4823626e-11
0,0,7.012635e-27
0,0,7.903792e-34
0,0,2.2118017e-16
0,0,1.566181e-20
0,0,7.038452e-17
0,0,3.5737775e-25
0,0,6.2468975e-37
0,0,3.5272424e-24
0,0,6.1108226e-17
0,0,1.8169e-41
0,0,6.042879e-32
1,0,0.0026935095
1,0,0.010351119
0,0,3.6034297e-17
0,0,1.1861361e-28
0,0,4.425092e-08
0,0,1.0098797e-21
1,1,0.9998
0,0,2.0772033e-29
0,0,2.441743e-14
0,0,6.854774e-16
0,0,4.1232355e-36
0,0,8.692195e-31
0,0,5.175393e-26
0,0,7.958102e-33
0,0,9.470983e-17
1,0,1.7668318e-06
0,0,3.2615933e-24
0,0,2.1266471e-16
0,0,1.0964499e-18
0,0,6.659439e-13
0,0,1.6929218e-06
0,0,1.6571718e-21
0,0,1.7156737e-31
0,0,1.2170797e-20
0,0,2.9967842e-34
0,0,1.6138825e-20
0,0,3.5021108e-35
0,0,1.1733933e-24
0,0,1.04e-43
0,0,1.07275795e-29
0,0,7.240767e-18
0,1,0.99306655
0,0,0.0
0,0,3.6933253e-28
0,0,2.7161129e-17
1,0,0.0051070526
0,0,4.081369e-39
0,0,1.8018191e-11
0,0,1.4182118e-28
0,0,2.395972e-26
0,0,1.8804861e-16
0,0,1.4391908e-25
0,0,8.023464e-16
1,0,0.00028340743
0,0,1.0641527e-24
0,0,8.640548e-33
0,0,6.2385307e-17
0,0,0.0
0,0,4.945068e-26
0,0,3.8832242e-24
1,0,0.00046342541
0,0,1.439625e-17
1,0,9.891672e-06
0,0,2.1229166e-18
0,0,0.2754996
0,0,3.2474157e-24
0,0,3.2460813e-22
0,0,1.6186727e-28
1,0,0.058984946
0,0,1.8429608e-16
0,0,2.8309263e-37
0,0,1.4947131e-10
0,0,3.669411e-27
1,1,0.99998903
0,0,2.166e-42
1,1,0.9999958
1,1,0.99426347
0,0,1.16592e-40
0,0,9.295258e-36
0,0,2.4520892e-11
0,0,1.3044775e-26
0,0,3.4052e-41
0,0,7.172239e-24
0,0,1.0753121e-26
0,0,1e-44
0,0,2.7768652e-18
1,0,2.1012685e-17
0,1,0.9994715
0,0,0.16402121
1,0,0.0056937924
0,0,1.4258859e-38
0,0,2.1403344e-25
0,0,5.5415662e-36
0,0,5.1805495e-18
0,0,2.4502544e-20
0,0,6.525839e-32
0,0,2.9563523e-33
0,0,3.064868e-19
0,0,8.056344e-38
0,0,1.1802703e-10
0,0,1.4528358e-20
0,0,4.182341e-09
1,0,0.0002985166
0,0,0.0
0,0,3.525569e-27
1,0,0.053914502
0,0,6.0977234e-21
0,0,0.0
0,0,1.2858344e-22
0,0,9.640212e-27
1,1,0.99936
0,0,1.3407295e-28
0,0,3.270276e-32
0,0,0.00033206944
0,0,1.874715e-14
0,0,0.0
0,0,4.631422e-22
0,0,1.0469241e-15
0,0,3.0980469e-22
0,0,8.623977e-27
1,1,0.998965
0,0,6.163863e-28
0,0,3.2283933e-17
1,0,0.000104250896
0,0,1.62478e-34
0,0,2.346163e-19
1,1,0.9981871
0,0,2.3826787e-37
1,1,0.9998646
1,1,0.7027549
0,0,5.8709426e-31
1,1,0.94344795
0,0,3.8791607e-20
1,0,0.15064573
0,0,1.419345e-14
0,0,3.4595589e-25
0,0,2.35e-43
0,0,1.4693398e-19
0,0,7.404024e-19
0,0,3.4001437e-19
1,1,0.9703188
0,0,8.482678e-17
1,1,0.99992275
0,0,1.5829148e-35
0,0,4.5934252e-26
0,0,9.255624e-22
0,0,7.351056e-12
0,0,3.5151344e-12
0,0,1.7526273e-21
1,1,0.8354044
0,0,8.880092e-36
0,0,1.7489723e-23
0,0,1.9516487e-07
1,1,0.9853537
0,0,2.02897e-40
1,0,1.392476e-07
1,0,4.932375e-09
0,0,0.0
0,0,4.227961e-21
1,1,0.99998605
0,0,4.1966187e-25
1,1,0.5204186
0,0,2.8671529e-27
1,0,0.004462782
1,1,0.91190445
0,0,2.298734e-24
0,0,4.4594446e-05
0,0,2.6470199e-15
0,0,1.4190586e-17
1,0,7.604842e-07
0,0,2.856017e-13
0,0,9.2904136e-26
0,0,1.05709113e-19
0,0,8.9523125e-11
0,0,8.479298e-28
0,0,2.1267946e-37
0,0,9.1095596e-29
1,0,0.13726854
0,0,2.0612806e-06
0,0,1.8857121e-27
1,0,0.00011255992
0,0,1.6450486e-12
0,0,5.2799593e-21
0,0,6.4383454e-20
0,0,2.3937064e-26
0,0,6.6703396e-15
0,0,2.5549919e-23
0,0,8.1182543e-32
0,0,2.288906e-14
0,0,1.2826527e-18
0,0,6.557743e-21
0,0,9.017014e-20
0,0,1.19468266e-35
0,0,8.8246995e-16
0,0,3.939491e-23
0,0,3.002617e-36
0,0,2.32432e-34
0,0,3.8979637e-23
0,0,3.815846e-27
0,0,2.211142e-39
0,0,2.4601567e-18
1,1,0.97125745
0,1,0.9634415
0,0,4.45071e-25
0,0,7.518097e-26
0,0,1e-45
0,0,3.9058984e-30
0,0,2.2835398e-20
0,0,2.3975214e-30
0,1,0.90454215
0,0,4e-45
0,0,3.3672865e-23
1,1,0.99991953
0,0,2.181762e-14
0,0,4.254187e-13
0,0,6.796159e-06
0,0,5.2623297e-19
0,0,7.414967e-07
0,0,4.5407776e-14
0,0,5.503685e-22
0,0,6.9058383e-19
0,0,7.57965e-15
0,0,0.0003116368
0,0,1.2938016e-35
0,0,1.2009288e-20
1,1,0.99762934
1,0,0.35437992
0,0,1.285029e-24
1,1,0.9962813
0,0,9.954053e-18
0,0,4.4591077e-24
0,0,5.397009e-14
0,0,5.361572e-36
0,0,3.0605506e-08
0,0,0.0013650163
1,0,9.64788e-09
0,0,5.174343e-06
1,1,0.999652
0,0,9.6652e-41
0,1,0.99986947
0,0,1.4104004e-05
0,0,6.8443325e-13
1,0,0.01376103
1,0,0.3234061
0,0,1.1017908e-12
1,0,8.8286324e-05
0,0,8.7e-44
0,0,1e-45
0,0,0.002307223
1,0,0.008490873
0,0,5.5399163e-14
0,0,0.0
0,0,5.547803e-22
1,1,0.99400747
0,0,5.673084e-23
0,0,6.185175e-22
0,0,1.447e-41
0,0,4.981018e-27
0,0,5.3755787e-14
0,0,8.1814253e-25
0,0,1.07724515e-20
0,0,2.4192376e-17
0,0,5.1144385e-17
0,0,0.0
0,0,0.0035818643
0,0,2.4860993e-19
0,0,1.944988e-09
0,0,1.2853859e-18
0,0,1.1734038e-29
1,0,0.084790416
0,0,5.190736e-11
1,0,2.4908919e-05
1,0,0.0033145866
0,0,2.6622163e-14
0,0,0.11930766
0,0,5.22958e-38
0,0,3.0938437e-29
0,0,3.6394044e-16
1,1,0.9999325
0,0,4.184061e-37
0,0,1.399847e-11
0,1,0.99998295
0,0,5.9930616e-25
0,0,2.123132e-21
0,0,3.2328983e-28
0,0,2.3676854e-09
0,0,5.7801427e-31
0,0,2.0493303e-32
0,0,1.8048448e-27
0,0,3.5138407e-12
1,0,6.007044e-05
0,0,1.0329267e-19
1,0,0.033600528
0,0,8.0523295e-28
0,0,1.7380461e-29
0,0,1.5891282e-20
0,0,7.518264e-20
0,0,4.007754e-27
0,0,1.0303429e-06
0,0,5.791082e-26
0,0,1.3794288e-32
0,0,2.3064783e-34
1,0,0.08662482
1,1,0.97467095
0,0,8.5336745e-30
0,0,2.6287448e-16
0,0,1.5166855e-10
0,0,1.9280127e-31
1,0,0.020747226
1,0,0.02052672
0,1,0.99996614
0,1,0.9997185
0,0,2.8925924e-22
0,0,0.34269997
0,0,8.466815e-22
0,1,0.99999547
0,0,2.971538e-32
0,0,1.3558477e-25
0,1,0.9999771
0,0,5.2604002e-20
0,0,4.560039e-28
0,0,0.0
0,0,2.0355619e-33
0,0,0.0
0,0,7.142159e-22
0,0,0.0
0,0,6.7906724e-23
0,0,2.7416835e-14
1,1,0.91665
0,0,6.824118e-16
1,1,0.7027549
0,0,3.5458094e-22
1,1,0.9999355
1,0,0.13410121
0,0,7.858275e-34
1,0,0.0075542987
0,0,3.9074375e-13
0,0,6.2682634e-29
0,0,9.20731e-22
0,0,7.083142e-23
0,1,0.9999889
0,0,1.3313259e-29
0,0,9.2161555e-24
0,1,0.98825395
0,0,1.2075423e-15
0,0,1.15091624e-26
0,0,9.709802e-38
0,0,5.667523e-16
0,0,2.4653715e-25
1,1,0.99056655
0,0,1.0679967e-22
0,0,0.0
0,0,2.4924045e-19
0,0,8.998534e-26
0,0,9.581097e-38
1,0,0.032102868
0,0,7.47301e-25
0,0,2.9759506e-25
1,1,0.9998561
0,1,0.5298739
1,0,0.0001584894
0,0,3.50158e-18
0,0,1.8395139e-29
0,0,3.240528e-21
0,0,0.020201674
1,0,0.0044816784
0,0,0.07940175
1,0,6.727528e-05
0,0,2.497473e-15
0,0,5.6341354e-30
0,0,7.038713e-05
0,0,1.4523722e-25
0,0,2.2749154e-27
0,0,3.6311514e-32
1,0,2.195797e-05
0,0,1.90303e-16
1,0,1.6601318e-05
0,0,2.1248177e-05
0,0,6.971825e-27
1,1,0.916758
1,1,0.86878955
0,0,1.0003357e-30
0,0,6.5089465e-28
0,0,2.4317516e-13
0,0,2.179795e-25
0,0,3.3430923e-33
0,0,5.9138437e-34
0,0,1.8527307e-16
0,0,0.4116367
0,0,1.244599e-33
0,1,0.857721
0,0,2.057664e-18
0,0,9.246705e-20
0,0,6.548611e-31
0,0,2.3679894e-23
1,1,0.9473269
0,0,3.8451082e-30
0,0,3.4512544e-25
1,1,0.99959487
0,0,3.8246573e-30
1,0,0.00061832764
1,1,0.9998541
0,0,1.7130767e-17
1,1,0.9999316
0,0,2.7083809e-08
1,1,0.99954504
0,0,1.282113e-13
0,0,0.0
0,0,9.837509e-28
0,0,3.1857382e-37
0,0,1.4921354e-21
0,0,1.3723234e-23
1,0,0.00021433443
0,0,3.0405166e-20
0,0,8.621337e-29
0,0,3.4913545e-23
0,0,1.4357725e-28
0,0,1.740106e-18
0,0,2.717292e-26
0,0,5.8083033e-23
0,0,1.2129815e-29
0,0,1.7524968e-25
0,0,5.7359177e-08
1,0,3.6524063e-06
0,0,7.763562e-17
0,0,0.0
0,0,0.19088466
0,0,1.0636129e-24
0,0,1.531971e-31
0,0,7.796967e-28
0,0,6.947617e-18
0,0,1.1155818e-28
1,1,0.9999808
0,0,2.628018e-27
0,0,5.5131898e-27
0,0,9.1095596e-29
0,0,1.1619702e-28
1,0,0.0008461274
0,0,1.1062522e-17
0,0,1.3766861e-15
0,0,2.4759228e-36
0,0,3.0478289e-15
0,0,2.511107e-21
1,1,0.9776844
1,0,4.1266124e-09
0,0,3.3479608e-22
0,0,5.9819e-41
0,0,7.375006e-22
0,0,3.1911526e-36
0,0,1.71107e-40
0,0,3.4814626e-21
1,0,3.450519e-09
0,0,4.408166e-09
0,0,4.8429956e-07
0,0,7.6352353e-34
0,0,2.963592e-39
0,0,3.5640425e-18
0,0,0.0
0,0,1.7469825e-26
0,0,5.3842063e-11
1,0,2.11978e-05
0,0,3.7734126e-23
0,0,5.2205225e-26
0,0,3.229838e-30
0,0,4.8575507e-18
0,0,3.7287436e-21
0,0,3.7277205e-28
0,0,1.5020256e-30
0,0,2.440403e-36
0,0,2.9346694e-31
0,0,3.6112617e-12
0,0,0.0
0,0,2.5193887e-20
0,0,3.2768597e-38
0,0,6.74424e-20
0,0,2.954764e-32
1,1,0.9972162
0,1,0.82749206
0,0,7.013354e-28
0,0,4.039293e-28
0,0,5.2306097e-11
0,0,1.4088882e-36
1,1,0.7264471
1,0,0.00043089953
0,0,8.927184e-25
0,0,1.0017573e-28
0,0,8.002076e-29
0,0,8.32e-43
1,0,1.1074658e-05
0,0,1.6457172e-23
0,1,0.9935336
0,0,4.5796566e-33
1,0,5.717965e-07
0,0,1.06022416e-13
0,0,5.116118e-24
0,0,1.1257066e-17
0,0,1.0759008e-30
1,0,0.20449236
0,0,6e-45
0,0,1.0983734e-22
1,0,0.004476533
1,0,0.037673123
0,0,2.3932204e-20
0,0,0.019342653
1,1,0.9972717
0,0,8.696109e-16
0,0,6.694745e-12
0,0,9.911057e-16
0,1,0.84521854
0,0,5.9659387e-33
0,0,3.0030714e-16
0,0,7.67034e-23
0,0,6.004155e-19
0,0,1.0855698e-20
1,0,0.008123664
0,0,1e-45
0,0,1.71e-43
0,0,0.0
1,0,0.2450883
0,0,5.9632277e-34
0,0,3.7410753e-06
0,0,8.120351e-27
0,0,1.5306254e-26
0,1,0.99370146
0,0,3.3097335e-25
1,0,0.026673837
0,0,2.0517138e-19
0,0,1.571502e-08
0,1,0.9989134
0,0,5.884e-42
0,0,1.4227466e-29
0,0,3.7748782e-32
0,0,4.6676287e-19
0,0,2.7158178e-13
0,0,1.8808444e-09
0,0,1.6551165e-31
0,0,8.0488898e-28
0,0,1e-45
0,0,2.3026683e-22
0,0,2.88868e-05
0,0,5.9849646e-13
0,0,4.0386116e-22
0,0,2.0394057e-29
0,0,7.020968e-17
0,0,4.499745e-30
1,1,0.9998373
0,0,4.060748e-30
0,0,5.8232936e-18
0,0,1.464e-41
0,0,7.842549e-20
0,0,3.83e-42
0,0,3.032016e-27
0,0,1.7638272e-22
0,0,0.00013315731
0,0,9.095629e-23
0,0,5.652925e-24
0,0,1.7227018e-26
0,0,4.4024077e-29
0,0,6.7913275e-36
0,0,7.008101e-16
0,0,2.67492e-33
0,0,1.5277303e-21
1,1,0.9161714
1,0,0.020823848
0,0,7.6920055e-20
0,0,1.53110585e-24
0,0,3.318045e-05
0,0,0.0
0,0,1.3820417e-24
0,0,1.6309808e-15
0,0,1.3116982e-18
1,0,0.0005714785
0,0,3.4340418e-15
0,0,2.0388523e-15
0,0,2.0921495e-18
0,0,1.5767388e-07
0,0,0.0
0,0,1.02808834e-25
1,0,0.08016415
0,0,6.4638303e-23
0,0,6.018559e-33
0,0,3.5565326e-25
0,0,2.3953107e-21
0,1,0.99759454
1,0,1.8795394e-05
0,0,6.0486186e-06
1,1,0.998941
0,0,7.121463e-20
0,0,5.9861384e-25
1,0,1.2986504e-08
0,0,5.4691344e-21
0,0,6.789968e-17
0,0,1.4742588e-33
0,0,7.3860205e-13
0,0,7.0652e-41
0,0,2.2238605e-21
0,0,9.220072e-21
1,0,0.037673123
0,0,5.482253e-13
0,0,6.707464e-23
0,0,5.412091e-10
0,0,2.1e-44
1,0,0.002170967
0,0,1.9062007e-28
0,0,2.0121975e-13
0,0,9.4267e-41
1,0,2.1503624e-07
0,0,5.776654e-18
1,1,0.93566966
0,0,3.1165363e-38
0,0,2.238e-42
0,0,2.3078548e-16
0,0,3.9542016e-30
1,1,0.9931657
0,0,5.363263e-16
0,0,1.6876575e-24
0,0,2.97526e-39
0,0,3.0589018e-25
1,1,0.8047335
1,1,0.97467095
0,0,6.736862e-27
0,0,6.5402437e-32
