fpr,tpr
0.0,0.0
0.0001325849648649843,0.0
0.0003093649180182967,0.0016031350195938724
0.00035355990630662484,0.003028143925899537
0.00035355990630662484,0.004453152832205202
0.00035355990630662484,0.006056287851799074
0.00035355990630662484,0.006946918418240114
0.00035355990630662484,0.008371927324545779
0.00035355990630662484,0.008550053437833986
0.00035355990630662484,0.008906305664410403
0.00035355990630662484,0.00908443177769861
0.00035355990630662484,0.010509440684004275
0.00035355990630662484,0.012290701816886355
0.00035355990630662484,0.013359458496615604
0.00035355990630662484,0.01371571072319202
0.00035355990630662484,0.014071962949768436
0.00035355990630662484,0.014250089063056644
0.00035355990630662484,0.01460634128963306
0.00035355990630662484,0.016031350195938723
0.00035355990630662484,0.016209476309226933
0.00035355990630662484,0.017100106875667972
0.0003977548945949529,0.017812611328820806
0.0003977548945949529,0.018525115781973637
0.0003977548945949529,0.018881368008550052
0.0003977548945949529,0.02101888136800855
0.0003977548945949529,0.021375133594584966
0.00044194988288328104,0.021375133594584966
0.00044194988288328104,0.02190951193444959
0.00044194988288328104,0.02297826861417884
0.00044194988288328104,0.023156394727467045
0.00044194988288328104,0.023512646954043464
0.0005745348477482654,0.023512646954043464
0.0005745348477482654,0.02458140363377271
0.0005745348477482654,0.02565016031350196
0.0005745348477482654,0.026006412540078374
0.0005745348477482654,0.026897043106519417
0.0007071198126132497,0.026897043106519417
0.0007071198126132497,0.027253295333095832
0.0007071198126132497,0.02743142144638404
0.0007071198126132497,0.027787673672960457
0.0007513148009015778,0.028856430352689703
0.0007955097891899058,0.028856430352689703
0.0007955097891899058,0.029390808692554327
0.0007955097891899058,0.029568934805842537
0.0008838997657665621,0.029568934805842537
0.0008838997657665621,0.03117206982543641
0.0009280947540548902,0.03117206982543641
0.0009280947540548902,0.03152832205201282
0.0009722897423432182,0.031706448165301035
0.0009722897423432182,0.03206270039187745
0.0009722897423432182,0.03224082650516566
0.0009722897423432182,0.033843961524759526
0.0010164847306315464,0.033843961524759526
0.0010164847306315464,0.034912718204488775
0.0010606797189198745,0.03509084431777699
0.0010606797189198745,0.035268970431065194
0.0011048747072082026,0.0354470965443534
0.0011490696954965308,0.0354470965443534
0.0011490696954965308,0.037050231563947274
0.0011490696954965308,0.037762736017100104
0.001193264683784859,0.03794086213038832
0.001193264683784859,0.03865336658354115
0.001281654660361515,0.03865336658354115
0.001325849648649843,0.03883149269682935
0.001325849648649843,0.0399002493765586
0.0014142396252264993,0.0399002493765586
0.0014142396252264993,0.04025650160313502
0.0014142396252264993,0.04114713216957606
0.0014584346135148275,0.0420377627360171
0.0015468245900914835,0.0420377627360171
0.0015910195783798116,0.0420377627360171
0.0015910195783798116,0.04221588884930531
0.0015910195783798116,0.04292839330245814
0.0015910195783798116,0.04310651941574635
0.0016352145666681398,0.043640897755610975
0.0016352145666681398,0.044709654435340224
0.0016352145666681398,0.04488778054862843
0.001679409554956468,0.04560028500178126
0.001679409554956468,0.04595653722835768
0.001723604543244796,0.04595653722835768
0.001723604543244796,0.0464909155682223
0.001723604543244796,0.04738154613466334
0.0017677995315331242,0.04738154613466334
0.0017677995315331242,0.04755967224795155
0.0017677995315331242,0.048628428927680795
0.001988774472974765,0.048628428927680795
0.001988774472974765,0.04934093338083363
0.0020329694612630927,0.04951905949412184
0.0020329694612630927,0.04987531172069826
0.0020329694612630927,0.05005343783398646
0.0020329694612630927,0.05058781617385109
0.0020771644495514207,0.05058781617385109
0.0020771644495514207,0.050944068400427506
0.0020771644495514207,0.05130032062700392
0.002121359437839749,0.05130032062700392
0.002121359437839749,0.051656572853580336
0.002121359437839749,0.052725329533309585
0.002165554426128077,0.052725329533309585
0.002165554426128077,0.054506590666191665
0.002165554426128077,0.05486284289276808
0.0022097494144164053,0.05504096900605629
0.0022097494144164053,0.055219095119344495
0.002253944402704733,0.055219095119344495
0.0022981393909930615,0.0553972212326327
0.002386529367569718,0.0553972212326327
0.002386529367569718,0.05646597791236195
0.002519114332434702,0.05646597791236195
0.002519114332434702,0.05682223013893837
0.0026075043090113582,0.05682223013893837
0.0026075043090113582,0.057000356252226575
0.0026075043090113582,0.057356608478802994
0.0026075043090113582,0.058069112931955824
0.0026075043090113582,0.05842536515853224
0.0026958942855880145,0.05842536515853224
0.0026958942855880145,0.05931599572497328
0.0026958942855880145,0.06002850017812612
0.0026958942855880145,0.06020662629141432
0.0026958942855880145,0.06145350908443178
0.0027400892738763424,0.061809761311008196
0.0027842842621646703,0.061809761311008196
0.0027842842621646703,0.06287851799073745
0.0027842842621646703,0.06323477021731386
0.0027842842621646703,0.06465977912361952
0.0027842842621646703,0.06501603135019594
0.0027842842621646703,0.06555040969006057
0.0027842842621646703,0.06590666191663698
0.0028284792504529987,0.06608478802992519
0.0028284792504529987,0.06661916636978982
0.0028726742387413266,0.06661916636978982
0.0028726742387413266,0.06697541859636623
0.002916869227029655,0.06697541859636623
0.002916869227029655,0.06715354470965444
0.002961064215317983,0.06715354470965444
0.002961064215317983,0.06733167082294264
0.002961064215317983,0.06786604916280727
0.002961064215317983,0.06822230138938368
0.002961064215317983,0.0687566797292483
0.002961064215317983,0.06982543640897755
0.002961064215317983,0.0708941930887068
0.002961064215317983,0.07107231920199501
0.003005259203606311,0.07107231920199501
0.003005259203606311,0.07267545422158889
0.003005259203606311,0.0728535803348771
0.003005259203606311,0.07320983256145351
0.003005259203606311,0.07338795867474172
0.003005259203606311,0.07445671535447096
0.003005259203606311,0.07499109369433558
0.003005259203606311,0.07570359814748842
0.003005259203606311,0.07677235482721767
0.003005259203606311,0.07712860705379408
0.003005259203606311,0.07748485928037051
0.003005259203606311,0.07890986818667617
0.003005259203606311,0.0798004987531172
0.003049454191894639,0.0798004987531172
0.003049454191894639,0.07997862486640542
0.003093649180182967,0.07997862486640542
0.003093649180182967,0.08069112931955824
0.003093649180182967,0.08104738154613467
0.003093649180182967,0.08175988599928749
0.003093649180182967,0.08265051656572854
0.003093649180182967,0.08282864267901674
0.003093649180182967,0.08371927324545779
0.003093649180182967,0.0840755254720342
0.0031378441684712954,0.0840755254720342
0.0031378441684712954,0.08460990381189883
0.0031378441684712954,0.08478802992518704
0.0031378441684712954,0.08567866049162808
0.0031820391567596233,0.08656929105806911
0.0032704291333362796,0.08656929105806911
0.0032704291333362796,0.08728179551122195
0.0032704291333362796,0.08781617385108657
0.003314624121624608,0.08781617385108657
0.003358819109912936,0.08870680441752761
0.003358819109912936,0.08941930887068045
0.003358819109912936,0.08977556109725686
0.003358819109912936,0.08995368721054507
0.003358819109912936,0.09030993943712148
0.003403014098201264,0.09030993943712148
0.00349140407477792,0.09030993943712148
0.0035355990630662484,0.09030993943712148
0.0035797940513545763,0.0904880655504097
0.0035797940513545763,0.09084431777698611
0.0036681840279312325,0.09084431777698611
0.0036681840279312325,0.09102244389027432
0.003712379016219561,0.09102244389027432
0.003712379016219561,0.09120057000356252
0.003756574004507889,0.09120057000356252
0.003756574004507889,0.09137869611685073
0.0038007689927962167,0.09137869611685073
0.0038007689927962167,0.09155682223013893
0.0038007689927962167,0.09191307445671536
0.003844963981084545,0.09191307445671536
0.003844963981084545,0.0931599572497328
0.003844963981084545,0.09333808336302102
0.003844963981084545,0.09369433558959743
0.003933353957661201,0.09369433558959743
0.00397754894594953,0.09387246170288564
0.004021743934237858,0.09387246170288564
0.004021743934237858,0.09440684004275027
0.004021743934237858,0.09476309226932668
0.004110133910814513,0.09476309226932668
0.004110133910814513,0.0952974706091913
0.004154328899102841,0.0952974706091913
0.004154328899102841,0.09547559672247952
0.004154328899102841,0.09636622728892055
0.004154328899102841,0.09672247951549698
0.004286913863967826,0.09672247951549698
0.004286913863967826,0.09690060562878518
0.004331108852256154,0.09690060562878518
0.004331108852256154,0.09707873174207339
0.004375303840544483,0.0974349839686498
0.004375303840544483,0.09779123619522621
0.0044194988288328105,0.09779123619522621
0.0044194988288328105,0.09850374064837905
0.0044194988288328105,0.09885999287495546
0.0044194988288328105,0.09921624510153189
0.0044194988288328105,0.0995724973281083
0.004552083793697794,0.0995724973281083
0.004552083793697794,0.10046312789454934
0.004552083793697794,0.10081938012112576
0.004552083793697794,0.10188813680085501
0.004552083793697794,0.10224438902743142
0.004596278781986123,0.10224438902743142
0.004596278781986123,0.1040256501603135
0.004640473770274451,0.1040256501603135
0.004640473770274451,0.10491628072675455
0.0048172537234277635,0.10491628072675455
0.0048172537234277635,0.10562878517990737
0.004861448711716091,0.10562878517990737
0.004861448711716091,0.10651941574634842
0.004861448711716091,0.10705379408621304
0.004861448711716091,0.10776629853936587
0.004861448711716091,0.10830067687923049
0.004861448711716091,0.10936943355895974
0.004905643700004419,0.10936943355895974
0.004905643700004419,0.10954755967224795
0.004905643700004419,0.1106163163519772
0.004905643700004419,0.11097256857855362
0.004949838688292747,0.11115069469184183
0.004994033676581076,0.11115069469184183
0.004994033676581076,0.11204132525828286
0.005082423653157732,0.11204132525828286
0.005082423653157732,0.11328820805130033
0.005082423653157732,0.11346633416458853
0.00512661864144606,0.11346633416458853
0.00512661864144606,0.11382258639116495
0.00512661864144606,0.11435696473102958
0.00512661864144606,0.11453509084431777
0.00512661864144606,0.11524759529747061
0.005170813629734388,0.11524759529747061
0.005170813629734388,0.11542572141075881
0.005170813629734388,0.11578197363733524
0.005259203606311044,0.11578197363733524
0.005259203606311044,0.11596009975062344
0.005259203606311044,0.11649447809048806
0.005259203606311044,0.11667260420377627
0.005259203606311044,0.11738510865692911
0.005259203606311044,0.11827573922337015
0.005391788571176029,0.11827573922337015
0.005391788571176029,0.11881011756323477
0.005391788571176029,0.11898824367652298
0.005480178547752685,0.11898824367652298
0.005480178547752685,0.12005700035625223
0.005480178547752685,0.12094763092269327
0.005480178547752685,0.12166013537584609
0.005480178547752685,0.12308514428215177
0.005480178547752685,0.12326327039543997
0.005524373536041013,0.12326327039543997
0.005524373536041013,0.12361952262201639
0.005568568524329341,0.12361952262201639
0.005568568524329341,0.12415390096188102
0.0056127635126176694,0.12415390096188102
0.0056127635126176694,0.12468827930174564
0.0056127635126176694,0.12486640541503384
0.005656958500905997,0.12504453152832204
0.005656958500905997,0.12540078375489846
0.005745348477482653,0.12540078375489846
0.005745348477482653,0.1261132882080513
0.005745348477482653,0.12646954043462771
0.005745348477482653,0.12700391877449235
0.005789543465770982,0.12700391877449235
0.005789543465770982,0.12736017100106875
0.00583373845405931,0.12736017100106875
0.00583373845405931,0.1278945493409334
0.00583373845405931,0.1286070537940862
0.005877933442347638,0.1286070537940862
0.005877933442347638,0.12878517990737443
0.005966323418924294,0.12878517990737443
0.005966323418924294,0.12931955824723904
0.006010518407212622,0.12931955824723904
0.006010518407212622,0.12949768436052725
0.006187298360365934,0.12949768436052725
0.006275688336942591,0.12949768436052725
0.006319883325230919,0.12949768436052725
0.006319883325230919,0.13021018881368007
0.006408273301807575,0.13021018881368007
0.006408273301807575,0.1305664410402565
0.006408273301807575,0.13110081938012114
0.006408273301807575,0.13127894549340932
0.006452468290095903,0.13127894549340932
0.006452468290095903,0.13181332383327396
0.006452468290095903,0.132703954399715
0.006452468290095903,0.1328820805130032
0.006496663278384231,0.1328820805130032
0.006496663278384231,0.13377271107944425
0.006540858266672559,0.13377271107944425
0.006540858266672559,0.13412896330602067
0.006540858266672559,0.13448521553259707
0.006540858266672559,0.13466334164588528
0.006540858266672559,0.13626647666547917
0.006540858266672559,0.136978981118632
0.006585053254960887,0.136978981118632
0.006585053254960887,0.13769148557178482
0.006629248243249216,0.13769148557178482
0.006629248243249216,0.13822586391164945
0.006629248243249216,0.13840399002493767
0.006673443231537544,0.13840399002493767
0.006673443231537544,0.13858211613822585
0.006717638219825872,0.13858211613822585
0.006717638219825872,0.13893836836480228
0.0067618332081141996,0.13893836836480228
0.0067618332081141996,0.1391164944780905
0.006806028196402528,0.1391164944780905
0.006806028196402528,0.1392946205913787
0.006850223184690856,0.1392946205913787
0.006850223184690856,0.13982899893124331
0.006894418172979184,0.13982899893124331
0.006894418172979184,0.14036337727110795
0.00698280814955584,0.14036337727110795
0.00698280814955584,0.14054150338439617
0.007115393114420825,0.14054150338439617
0.007115393114420825,0.141254007837549
0.007115393114420825,0.1414321339508372
0.007115393114420825,0.1419665122907018
0.007115393114420825,0.14214463840399003
0.0071595881027091525,0.14214463840399003
0.0071595881027091525,0.14232276451727824
0.007203783090997481,0.14232276451727824
0.007203783090997481,0.1433915211970075
0.007203783090997481,0.1435696473102957
0.007247978079285809,0.1435696473102957
0.007247978079285809,0.14374777342358389
0.007380563044150793,0.14374777342358389
0.007380563044150793,0.1441040256501603
0.007380563044150793,0.14428215176344852
0.007424758032439122,0.14428215176344852
0.007513148009015778,0.14428215176344852
0.007601537985592433,0.14428215176344852
0.007601537985592433,0.14517278232988956
0.007601537985592433,0.14535090844317777
0.007866707915322402,0.14535090844317777
0.007866707915322402,0.1462415390096188
0.007866707915322402,0.14659779123619524
0.007866707915322402,0.14748842180263627
0.007866707915322402,0.14784467402921267
0.007866707915322402,0.14855717848236552
0.007866707915322402,0.14873530459565373
0.007866707915322402,0.14980406127538298
0.007866707915322402,0.15016031350195938
0.007866707915322402,0.1503384396152476
0.00791090290361073,0.1503384396152476
0.00791090290361073,0.1505165657285358
0.00791090290361073,0.15140719629497684
0.007999292880187386,0.15140719629497684
0.007999292880187386,0.15158532240826506
0.008131877845052371,0.15158532240826506
0.0081760728333407,0.15176344852155327
0.008264462809917356,0.15176344852155327
0.008264462809917356,0.15194157463484148
0.008308657798205683,0.15194157463484148
0.008308657798205683,0.1524759529747061
0.00839704777478234,0.1524759529747061
0.00839704777478234,0.1530103313145707
0.00839704777478234,0.15354470965443534
0.008441242763070667,0.15372283576772355
0.008485437751358996,0.15372283576772355
0.008485437751358996,0.15443534022087638
0.008485437751358996,0.1547915924474528
0.008573827727935652,0.1547915924474528
0.008573827727935652,0.15496971856074102
0.008573827727935652,0.15639472746704666
0.008573827727935652,0.1572853580334877
0.008573827727935652,0.15799786248664055
0.008662217704512308,0.15799786248664055
0.008662217704512308,0.1588884930530816
0.008662217704512308,0.1596009975062344
0.008662217704512308,0.15995724973281084
0.008662217704512308,0.16013537584609905
0.008662217704512308,0.16084788029925187
0.008706412692800636,0.16084788029925187
0.008706412692800636,0.1612041325258283
0.008706412692800636,0.16245101531884573
0.008750607681088965,0.16245101531884573
0.008750607681088965,0.16262914143213394
0.008794802669377292,0.16280726754542216
0.008838997657665621,0.16280726754542216
0.008838997657665621,0.1633416458852868
0.008927387634242277,0.1633416458852868
0.008927387634242277,0.16351977199857498
0.008971582622530606,0.16351977199857498
0.008971582622530606,0.16441040256501604
0.009059972599107262,0.16441040256501604
0.009059972599107262,0.16476665479159244
0.009059972599107262,0.16547915924474527
0.009059972599107262,0.1660135375846099
0.009059972599107262,0.16619166369789812
0.009148362575683917,0.16619166369789812
0.009148362575683917,0.16690416815105094
0.009192557563972246,0.16690416815105094
0.009192557563972246,0.16726042037762737
0.009236752552260573,0.16726042037762737
0.009236752552260573,0.1679729248307802
0.009280947540548902,0.1679729248307802
0.009280947540548902,0.16975418596366226
0.009280947540548902,0.1701104381902387
0.009369337517125558,0.1701104381902387
0.009369337517125558,0.1702885643035269
0.009501922481990542,0.1702885643035269
0.009501922481990542,0.17046669041681511
0.009678702435143854,0.17046669041681511
0.009678702435143854,0.1706448165301033
0.009722897423432183,0.1706448165301033
0.009722897423432183,0.17153544709654436
0.009722897423432183,0.17171357320983255
0.009811287400008839,0.17171357320983255
0.009811287400008839,0.17189169932312076
0.009811287400008839,0.1722479515496972
0.009811287400008839,0.1727823298895618
0.009855482388297167,0.1727823298895618
0.009855482388297167,0.17296045600285
0.010076457329738808,0.17296045600285
0.010076457329738808,0.17349483434271465
0.010120652318027135,0.17349483434271465
0.010120652318027135,0.17402921268257926
0.010164847306315464,0.17402921268257926
0.010164847306315464,0.1745635910224439
0.01025323728289212,0.1745635910224439
0.01025323728289212,0.1750979693623085
0.01025323728289212,0.17527609547559672
0.010297432271180448,0.17527609547559672
0.010297432271180448,0.17563234770217315
0.010297432271180448,0.17652297826861418
0.010297432271180448,0.1770573566084788
0.010297432271180448,0.17759173494834343
0.010297432271180448,0.17848236551478447
0.010430017236045433,0.17848236551478447
0.010430017236045433,0.17901674385464908
0.010562602200910418,0.17901674385464908
0.010562602200910418,0.17955112219451372
0.010562602200910418,0.17972924830780193
0.010606797189198745,0.17972924830780193
0.010606797189198745,0.18061987887424297
0.010606797189198745,0.18079800498753118
0.010650992177487073,0.18079800498753118
0.010650992177487073,0.181510509440684
0.0106951871657754,0.181510509440684
0.0106951871657754,0.18168863555397222
0.0106951871657754,0.18311364446027786
0.0106951871657754,0.18400427502671893
0.01073938215406373,0.18400427502671893
0.01073938215406373,0.18507303170644818
0.010783577142352058,0.18507303170644818
0.010783577142352058,0.18525115781973636
0.010783577142352058,0.1859636622728892
0.010783577142352058,0.1863199144994656
0.010827772130640385,0.1863199144994656
0.010827772130640385,0.18685429283933025
0.010871967118928714,0.18685429283933025
0.010871967118928714,0.18721054506590667
0.010916162107217041,0.18721054506590667
0.010916162107217041,0.18756679729248307
0.01096035709550537,0.18756679729248307
0.01096035709550537,0.1881011756323477
0.01096035709550537,0.1882793017456359
0.011004552083793698,0.1882793017456359
0.011004552083793698,0.18881368008550053
0.011092942060370354,0.18881368008550053
0.011092942060370354,0.18899180619878875
0.011137137048658681,0.18899180619878875
0.011137137048658681,0.18952618453865336
0.011137137048658681,0.18970431065194157
0.011225527025235339,0.18970431065194157
0.011225527025235339,0.18988243676522978
0.011358111990100322,0.18988243676522978
0.011358111990100322,0.1904168151050944
0.01140230697838865,0.1904168151050944
0.01140230697838865,0.1905949412183826
0.011534891943253635,0.1905949412183826
0.011534891943253635,0.19077306733167082
0.01166747690811862,0.19077306733167082
0.01166747690811862,0.19112931955824725
0.011711671896406947,0.19112931955824725
0.011711671896406947,0.19148557178482364
0.011800061872983604,0.19148557178482364
0.011800061872983604,0.19166369789811186
0.011844256861271931,0.19166369789811186
0.011844256861271931,0.1927324545778411
0.011844256861271931,0.19308870680441753
0.011844256861271931,0.19326683291770574
0.011932646837848587,0.19326683291770574
0.011976841826136916,0.19326683291770574
0.011976841826136916,0.19362308514428214
0.0121094267910019,0.19362308514428214
0.0121094267910019,0.1946918418240114
0.0121094267910019,0.1948699679372996
0.012286206744155212,0.1948699679372996
0.012286206744155212,0.19504809405058782
0.012772351615326822,0.19504809405058782
0.012772351615326822,0.19522622016387603
0.01281654660361515,0.19522622016387603
0.01281654660361515,0.19611685073031707
0.012904936580191807,0.19611685073031707
0.012904936580191807,0.19629497684360528
0.013037521545056791,0.19629497684360528
0.013037521545056791,0.19665122907018168
0.013125911521633447,0.19665122907018168
0.013125911521633447,0.1968293551834699
0.013170106509921774,0.1968293551834699
0.013170106509921774,0.19718560741004632
0.013258496486498432,0.19718560741004632
0.013346886463075087,0.19718560741004632
0.013346886463075087,0.19789811186319914
0.013391081451363416,0.19789811186319914
0.013391081451363416,0.198610616316352
0.013567861404516728,0.198610616316352
0.013567861404516728,0.19878874242964018
0.013567861404516728,0.1991449946562166
0.013612056392805057,0.1991449946562166
0.013612056392805057,0.19985749910936942
0.013612056392805057,0.20003562522265764
0.013788836345958368,0.20003562522265764
0.013788836345958368,0.20021375133594585
0.013877226322535024,0.20021375133594585
0.013877226322535024,0.20092625578909867
0.01396561629911168,0.20092625578909867
0.01396561629911168,0.2011043819023869
0.01396561629911168,0.2018168863555397
0.014009811287400009,0.2018168863555397
0.014009811287400009,0.20217313858211614
0.014054006275688338,0.20217313858211614
0.014054006275688338,0.20252939080869256
0.014098201263976665,0.20252939080869256
0.014098201263976665,0.20270751692198077
0.01418659124055332,0.20270751692198077
0.01418659124055332,0.2034200213751336
0.01423078622884165,0.2034200213751336
0.01423078622884165,0.2035981474884218
0.014274981217129978,0.2035981474884218
0.014274981217129978,0.20431065194157463
0.014407566181994963,0.20431065194157463
0.014407566181994963,0.20448877805486285
0.014407566181994963,0.20537940862130388
0.01445176117028329,0.20537940862130388
0.01445176117028329,0.2057356608478803
0.01445176117028329,0.20627003918774492
0.014628541123436603,0.20627003918774492
0.014628541123436603,0.20716066975418596
0.014716931100013259,0.20716066975418596
0.014761126088301586,0.208051300320627
0.014805321076589915,0.208051300320627
0.014805321076589915,0.20840755254720342
0.014805321076589915,0.20947630922693267
0.01489371105316657,0.20947630922693267
0.01489371105316657,0.2098325614535091
0.01489371105316657,0.21125757035981474
0.01489371105316657,0.21179194869967938
0.014982101029743226,0.21179194869967938
0.014982101029743226,0.21268257926612041
0.015026296018031555,0.21268257926612041
0.015026296018031555,0.21303883149269684
0.015026296018031555,0.21375133594584966
0.015026296018031555,0.21428571428571427
0.015026296018031555,0.2146419665122907
0.015026296018031555,0.21588884930530816
0.015026296018031555,0.21606697541859637
0.015026296018031555,0.21713573209832562
0.015026296018031555,0.21767011043819023
0.015070491006319884,0.21767011043819023
0.015070491006319884,0.21802636266476666
0.015070491006319884,0.21838261489134306
0.01515888098289654,0.21838261489134306
0.01515888098289654,0.2190951193444959
0.015247270959473196,0.2190951193444959
0.015247270959473196,0.21927324545778412
0.015291465947761524,0.21927324545778412
0.015291465947761524,0.2194513715710723
0.015291465947761524,0.22034200213751337
0.015335660936049851,0.22034200213751337
0.015335660936049851,0.22087638047737798
0.015335660936049851,0.2210545065906662
0.015335660936049851,0.22212326327039544
0.015424050912626509,0.22212326327039544
0.015424050912626509,0.22283576772354827
0.015468245900914836,0.22283576772354827
0.015468245900914836,0.2231920199501247
0.015556635877491492,0.2231920199501247
0.015556635877491492,0.22390452440327752
0.01560083086577982,0.22390452440327752
0.01560083086577982,0.22426077662985394
0.01564502585406815,0.22426077662985394
0.01564502585406815,0.22461702885643034
0.01564502585406815,0.22497328108300677
0.01564502585406815,0.22604203776273601
0.015777610818933134,0.22604203776273601
0.015777610818933134,0.22675454221588884
0.015777610818933134,0.22728892055575348
0.015777610818933134,0.22835767723548273
0.01582180580722146,0.22835767723548273
0.01582180580722146,0.22871392946205915
0.015866000795509788,0.22871392946205915
0.015866000795509788,0.22889205557534734
0.01591019578379812,0.22889205557534734
0.01591019578379812,0.2301389383683648
0.015954390772086446,0.2301389383683648
0.015954390772086446,0.230317064481653
0.015998585760374773,0.230317064481653
0.015998585760374773,0.23102956893480583
0.016042780748663103,0.23102956893480583
0.016042780748663103,0.23120769504809405
0.016042780748663103,0.23156394727467047
0.016131170725239757,0.23156394727467047
0.016131170725239757,0.23174207338795869
0.016131170725239757,0.23281083006768793
0.016175365713528084,0.23281083006768793
0.016175365713528084,0.23298895618097612
0.016263755690104742,0.23298895618097612
0.016263755690104742,0.23334520840755255
0.016263755690104742,0.23548272176701104
0.016263755690104742,0.23619522622016387
0.016263755690104742,0.2365514784467403
0.01630795067839307,0.2365514784467403
0.01630795067839307,0.2370858567866049
0.016396340654969727,0.2370858567866049
0.016396340654969727,0.23833273957962237
0.016484730631546384,0.23833273957962237
0.016484730631546384,0.2386889918061988
0.016484730631546384,0.238867117919487
0.016484730631546384,0.2392233701460634
0.016617315596411365,0.2392233701460634
0.016617315596411365,0.23940149625935161
0.016661510584699696,0.23940149625935161
0.016661510584699696,0.23993587459921625
0.016705705572988023,0.23993587459921625
0.016705705572988023,0.24011400071250447
0.016838290537853007,0.24011400071250447
0.016838290537853007,0.24047025293908086
0.016970875502717992,0.24047025293908086
0.016970875502717992,0.24064837905236908
0.017147655455871304,0.24064837905236908
0.017147655455871304,0.2408265051656573
0.017147655455871304,0.24171713573209833
0.017147655455871304,0.24225151407196294
0.017147655455871304,0.24242964018525115
0.017147655455871304,0.24278589241182758
0.017147655455871304,0.2429640185251158
0.017147655455871304,0.2436765229782686
0.01719185044415963,0.2436765229782686
0.01719185044415963,0.24403277520484504
0.01719185044415963,0.24421090131813325
0.01728024042073629,0.24421090131813325
0.01728024042073629,0.24474527965799786
0.01728024042073629,0.2451015318845743
0.0174570203738896,0.2451015318845743
0.0174570203738896,0.2452796579978625
0.0174570203738896,0.2458140363377271
0.01763380032704291,0.2458140363377271
0.01763380032704291,0.24599216245101532
0.017810580280196227,0.24599216245101532
0.017810580280196227,0.24617028856430354
0.01789897025677288,0.24617028856430354
0.01789897025677288,0.24670466690416815
0.01789897025677288,0.24688279301745636
0.01798736023334954,0.24688279301745636
0.01798736023334954,0.2477734235838974
0.018031555221637866,0.2477734235838974
0.018031555221637866,0.24830780192376203
0.018031555221637866,0.24848592803705022
0.01816414018650285,0.24848592803705022
0.01816414018650285,0.24866405415033843
0.01816414018650285,0.24937655860349128
0.018208335174791177,0.24937655860349128
0.018208335174791177,0.24973281083006768
0.018252530163079508,0.24973281083006768
0.018252530163079508,0.2500890630566441
0.018340920139656162,0.2500890630566441
0.018340920139656162,0.2504453152832205
0.018340920139656162,0.2506234413965087
0.018827065010827773,0.2506234413965087
0.018827065010827773,0.25133594584966157
0.0188712599991161,0.25133594584966157
0.0188712599991161,0.2515140719629498
0.0188712599991161,0.2520484503028144
0.019180624917134396,0.2520484503028144
0.019180624917134396,0.2522265764161026
0.019180624917134396,0.252582828642679
0.019224819905422724,0.252582828642679
0.019224819905422724,0.25329533309583185
0.019224819905422724,0.25347345920912007
0.019269014893711054,0.25347345920912007
0.019269014893711054,0.2548984681154257
0.019269014893711054,0.2550765942287139
0.01940159985857604,0.2550765942287139
0.01940159985857604,0.25525472034200214
0.019489989835152693,0.25525472034200214
0.019489989835152693,0.25543284645529035
0.019534184823441023,0.25543284645529035
0.019534184823441023,0.2557890986818668
0.019534184823441023,0.255967224795155
0.01957837981172935,0.255967224795155
0.01957837981172935,0.2561453509084432
0.019666769788306004,0.2561453509084432
0.019666769788306004,0.25632347702173136
0.01979935475317099,0.25632347702173136
0.01979935475317099,0.2572141075881724
0.01984354974145932,0.2572141075881724
0.01984354974145932,0.25739223370146064
0.019931939718035974,0.25739223370146064
0.019931939718035974,0.25757035981474885
0.019931939718035974,0.2579266120413253
0.019931939718035974,0.2581047381546135
0.02002032969461263,0.2581047381546135
0.02002032969461263,0.2582828642679017
0.02002032969461263,0.2588172426077663
0.02002032969461263,0.2591734948343427
0.02002032969461263,0.25970787317420735
0.02002032969461263,0.26059850374064836
0.020197109647765943,0.26059850374064836
0.020197109647765943,0.261132882080513
0.020462279577495912,0.261132882080513
0.020462279577495912,0.2613110081938012
0.020594864542360897,0.2613110081938012
0.020594864542360897,0.26166726042037763
0.02068325451893755,0.26166726042037763
0.02068325451893755,0.26273601710010686
0.02068325451893755,0.26291414321339507
0.02072744950722588,0.26291414321339507
0.02072744950722588,0.2632703954399715
0.02072744950722588,0.2634485215532597
0.02077164449551421,0.2634485215532597
0.02077164449551421,0.26380477377983613
0.021257789366685816,0.26380477377983613
0.021257789366685816,0.26398289989312435
0.021301984354974147,0.26398289989312435
0.021301984354974147,0.264517278232989
0.021301984354974147,0.26469540434627714
0.021346179343262474,0.26469540434627714
0.021346179343262474,0.26540790879943
0.02143456931983913,0.26540790879943
0.02143456931983913,0.26612041325258284
0.02147876430812746,0.26612041325258284
0.02147876430812746,0.26629853936587106
0.02147876430812746,0.2687923049519059
0.021567154284704116,0.2687923049519059
0.021567154284704116,0.26897043106519414
0.021611349272992443,0.26897043106519414
0.021611349272992443,0.26932668329177056
0.02165554426128077,0.26932668329177056
0.02165554426128077,0.269682935518347
0.02165554426128077,0.27039543997149984
0.02165554426128077,0.27057356608478805
0.021743934237857428,0.27057356608478805
0.021743934237857428,0.2707516921980762
0.021788129226145755,0.2707516921980762
0.021788129226145755,0.27110794442465264
0.021832324214434082,0.27110794442465264
0.021832324214434082,0.27128607053794085
0.021832324214434082,0.2721767011043819
0.021876519202722412,0.2721767011043819
0.021876519202722412,0.27342358389739935
0.021964909179299066,0.27342358389739935
0.021964909179299066,0.2741360883505522
0.02209749414416405,0.2741360883505522
0.02209749414416405,0.2744923405771286
0.022230079109029036,0.2744923405771286
0.022230079109029036,0.27467046669041684
0.022318469085605693,0.27467046669041684
0.022318469085605693,0.2750267189169932
0.022406859062182347,0.2750267189169932
0.022406859062182347,0.2752048450302814
0.022406859062182347,0.2766298539365871
0.022406859062182347,0.27680798004987534
0.022406859062182347,0.2771642322764517
0.022406859062182347,0.2773423583897399
0.022451054050470678,0.2773423583897399
0.022451054050470678,0.27752048450302813
0.022495249038759005,0.27752048450302813
0.022495249038759005,0.27805486284289277
0.02262783400362399,0.27805486284289277
0.02262783400362399,0.2784111150694692
0.023025588898218943,0.2784111150694692
0.023025588898218943,0.279123619522622
0.02306978388650727,0.279123619522622
0.02306978388650727,0.2793017456359102
0.023202368851372255,0.2793017456359102
0.023202368851372255,0.2803705023156395
0.02333495381623724,0.2803705023156395
0.02333495381623724,0.2805486284289277
0.023467538781102224,0.2805486284289277
0.023467538781102224,0.28108300676879233
0.02351173376939055,0.28108300676879233
0.02351173376939055,0.2814392589953687
0.023555928757678878,0.2814392589953687
0.023555928757678878,0.2816173851086569
0.023644318734255536,0.2816173851086569
0.023644318734255536,0.2817955112219451
0.023688513722543863,0.2817955112219451
0.023688513722543863,0.282508015675098
0.023865293675697175,0.282508015675098
0.023865293675697175,0.2826861417883862
0.02404207362885049,0.2826861417883862
0.02404207362885049,0.2828642679016744
0.024086268617138817,0.2828642679016744
0.024086268617138817,0.2837548984681154
0.024086268617138817,0.2839330245814036
0.024130463605427144,0.2839330245814036
0.024130463605427144,0.2853580334877093
0.024174658593715474,0.2853580334877093
0.024174658593715474,0.2855361596009975
0.024174658593715474,0.2858924118275739
0.02426304857029213,0.2858924118275739
0.02426304857029213,0.2860705379408621
0.02426304857029213,0.2869611685073032
0.02426304857029213,0.28749554684716777
0.024307243558580455,0.28749554684716777
0.024307243558580455,0.28856430352689705
0.024307243558580455,0.28874242964018526
0.024351438546868786,0.28874242964018526
0.024351438546868786,0.2901674385464909
0.024351438546868786,0.2903455646597791
0.024395633535157113,0.2903455646597791
0.024395633535157113,0.29070181688635555
0.024616608476598755,0.29070181688635555
0.024616608476598755,0.29105806911293197
0.02470499845317541,0.29105806911293197
0.02470499845317541,0.2912361952262202
0.024749193441463736,0.2912361952262202
0.024749193441463736,0.2914143213395084
0.02492597339461705,0.2914143213395084
0.02492597339461705,0.2921268257926612
0.02497016838290538,0.2921268257926612
0.02497016838290538,0.2923049519059494
0.025058558359482036,0.2923049519059494
0.025058558359482036,0.2924830780192376
0.025102753347770363,0.2924830780192376
0.025102753347770363,0.29319558247239047
0.025323728289212002,0.29319558247239047
0.025323728289212002,0.2933737085856787
0.02541211826578866,0.2933737085856787
0.02541211826578866,0.29372996081225505
0.02541211826578866,0.2942643391521197
0.025544703230653644,0.2942643391521197
0.025544703230653644,0.2946205913786961
0.02558889821894197,0.2946205913786961
0.02558889821894197,0.29533309583184897
0.02558889821894197,0.2955112219451372
0.02567728819551863,0.2955112219451372
0.025809873160383613,0.2955112219451372
0.025809873160383613,0.29586747417171355
0.02585406814867194,0.29586747417171355
0.02585406814867194,0.29622372639829
0.02585406814867194,0.2964018525115782
0.02585406814867194,0.29729248307801925
0.02585406814867194,0.29747060919130747
0.02585406814867194,0.2985393658710367
0.025898263136960267,0.2985393658710367
0.025898263136960267,0.29960812255076597
0.025898263136960267,0.2997862486640542
0.025898263136960267,0.300498753117207
0.025986653113536925,0.300498753117207
0.025986653113536925,0.3010331314570716
0.026030848101825252,0.3010331314570716
0.026030848101825252,0.30174563591022446
0.026163433066690236,0.30174563591022446
0.026163433066690236,0.30263626647666547
0.026251823043266894,0.30263626647666547
0.026251823043266894,0.3029925187032419
0.026251823043266894,0.30370502315639475
0.026251823043266894,0.30388314926968296
0.02629601803155522,0.30388314926968296
0.02629601803155522,0.3040612753829711
0.02629601803155522,0.3049519059494122
0.026340213019843548,0.3049519059494122
0.026340213019843548,0.3061987887424296
0.026340213019843548,0.30673316708229426
0.026340213019843548,0.3070894193088707
0.02638440800813188,0.3070894193088707
0.02638440800813188,0.3076237976487353
0.02638440800813188,0.30798004987531175
0.02638440800813188,0.30851442821517633
0.02638440800813188,0.3092269326683292
0.026428602996420206,0.3092269326683292
0.026428602996420206,0.3094050587816174
0.026605382949573517,0.3094050587816174
0.026605382949573517,0.3106519415746348
0.026649577937861848,0.3106519415746348
0.026649577937861848,0.3118988243676523
0.026649577937861848,0.31207695048094053
0.026782162902726833,0.31207695048094053
0.026782162902726833,0.3124332027075169
0.026782162902726833,0.31314570716066975
0.02682635789101516,0.31314570716066975
0.02682635789101516,0.31332383327395796
0.02682635789101516,0.3138582116138226
0.02682635789101516,0.3140363377271108
0.026870552879303487,0.3140363377271108
0.026870552879303487,0.3149269682935518
0.026870552879303487,0.3156394727467047
0.026914747867591814,0.3156394727467047
0.026914747867591814,0.3158175988599929
0.026914747867591814,0.3167082294264339
0.026958942855880144,0.3167082294264339
0.026958942855880144,0.3170644816530103
0.02709152782074513,0.3170644816530103
0.02709152782074513,0.31759885999287496
0.02709152782074513,0.3177769861061632
0.027179917797321783,0.3177769861061632
0.027179917797321783,0.31848949055931597
0.027179917797321783,0.3186676166726042
0.027356697750475095,0.3186676166726042
0.027356697750475095,0.3190238688991806
0.027356697750475095,0.31938012112575703
0.027445087727051752,0.31938012112575703
0.027445087727051752,0.31955824723904525
0.027445087727051752,0.3202707516921981
0.027577672691916737,0.3202707516921981
0.027577672691916737,0.3209832561453509
0.027621867680205064,0.3209832561453509
0.027621867680205064,0.3213395083719273
0.027666062668493394,0.3213395083719273
0.027666062668493394,0.32151763448521553
0.02779864763335838,0.32151763448521553
0.02779864763335838,0.32187388671179196
0.02779864763335838,0.3224082650516566
0.027842842621646706,0.3224082650516566
0.027842842621646706,0.3232988956180976
0.028019622574800018,0.3232988956180976
0.028019622574800018,0.3234770217313858
0.028063817563088345,0.3234770217313858
0.028063817563088345,0.3245457784111151
0.028063817563088345,0.32490203063769146
0.028108012551376675,0.32490203063769146
0.028108012551376675,0.3254364089775561
0.028594157422548283,0.3254364089775561
0.028594157422548283,0.3256145350908443
0.028594157422548283,0.32614891343070895
0.028594157422548283,0.3265051656572854
0.028770937375701595,0.3265051656572854
0.028770937375701595,0.3272176701104382
0.028815132363989925,0.3272176701104382
0.028815132363989925,0.3273957962237264
0.028859327352278252,0.3273957962237264
0.028859327352278252,0.32810830067687924
0.028947717328854906,0.32810830067687924
0.028947717328854906,0.32828642679016745
0.029036107305431564,0.32828642679016745
0.029036107305431564,0.3286426790167439
0.02908030229371989,0.3286426790167439
0.02908030229371989,0.32899893124332025
0.029257082246873206,0.32899893124332025
0.029257082246873206,0.3307801923762024
0.029257082246873206,0.33095831848949053
0.029257082246873206,0.3320270751692198
0.029257082246873206,0.33256145350908445
0.029301277235161533,0.33256145350908445
0.029301277235161533,0.33327395796223724
0.02934547222344986,0.33327395796223724
0.02934547222344986,0.3338083363021019
0.029433862200026518,0.3338083363021019
0.029433862200026518,0.3343427146419665
0.0298758120829098,0.3343427146419665
0.0298758120829098,0.33452084075525473
0.029964202059486453,0.33452084075525473
0.029964202059486453,0.33505521909511937
0.030096787024351437,0.33505521909511937
0.030096787024351437,0.33541147132169574
0.030096787024351437,0.3359458496615604
0.030140982012639768,0.3359458496615604
0.030140982012639768,0.33683648022800144
0.030140982012639768,0.33701460634128966
0.030229371989216422,0.33701460634128966
0.030229371989216422,0.33772711079444245
0.03031776196579308,0.33772711079444245
0.03031776196579308,0.3380833630210189
0.030406151942369734,0.3380833630210189
0.030406151942369734,0.3386177413608835
0.03049454191894639,0.3386177413608835
0.03049454191894639,0.34004275026718916
0.03049454191894639,0.34182401140007124
0.030671321872099703,0.34182401140007124
0.030671321872099703,0.3425365158532241
0.030671321872099703,0.3428927680798005
0.03075971184867636,0.3428927680798005
0.03075971184867636,0.3436052725329533
0.03075971184867636,0.34396152475952974
0.03075971184867636,0.34538653366583544
0.03075971184867636,0.34609903811898823
0.03075971184867636,0.3473459209120057
0.03075971184867636,0.3478802992518703
0.030980686790118,0.3478802992518703
0.030980686790118,0.34823655147844673
0.030980686790118,0.34877092981831137
0.03102488177840633,0.34877092981831137
0.03102488177840633,0.3489490559315996
0.031113271754982984,0.3489490559315996
0.031113271754982984,0.349305308158176
0.031157466743271314,0.349305308158176
0.031157466743271314,0.3494834342714642
0.031157466743271314,0.35037406483790523
0.031157466743271314,0.35055219095119344
0.03120166173155964,0.35055219095119344
0.03120166173155964,0.35073031706448166
0.03124585671984797,0.35073031706448166
0.03124585671984797,0.35090844317776987
0.0312900517081363,0.35090844317776987
0.0312900517081363,0.3519771998574991
0.0312900517081363,0.3521553259707873
0.03137844168471295,0.3521553259707873
0.03137844168471295,0.353580334877093
0.03137844168471295,0.35375846099038116
0.03159941662615459,0.35375846099038116
0.03159941662615459,0.3539365871036694
0.03159941662615459,0.354470965443534
0.03159941662615459,0.3546490915568222
0.03177619657930791,0.3546490915568222
0.03177619657930791,0.35518346989668687
0.03177619657930791,0.3553615960099751
0.03177619657930791,0.35589597434983966
0.03186458655588456,0.35589597434983966
0.03186458655588456,0.35732098325614536
0.03190878154417289,0.35732098325614536
0.03190878154417289,0.35803348770929816
0.031997171520749546,0.35803348770929816
0.031997171520749546,0.3589241182757392
0.031997171520749546,0.35928037050231565
0.031997171520749546,0.3596366227288921
0.032041366509037876,0.3596366227288921
0.032041366509037876,0.36017100106875666
0.032041366509037876,0.3605272532953331
0.03212975648561453,0.3605272532953331
0.03212975648561453,0.36141788386177415
0.03212975648561453,0.36159600997506236
0.03212975648561453,0.363021018881368
0.03217395147390286,0.363021018881368
0.03217395147390286,0.36355539722123265
0.03217395147390286,0.36373352333452086
0.032262341450479515,0.36373352333452086
0.032262341450479515,0.36391164944780907
0.03235073142705617,0.36391164944780907
0.03235073142705617,0.3640897755610973
0.03235073142705617,0.3649804061275383
0.03243912140363283,0.3649804061275383
0.03243912140363283,0.3651585322408265
0.03243912140363283,0.36569291058069114
0.032527511380209484,0.36569291058069114
0.032527511380209484,0.36587103669397936
0.032571706368497814,0.36587103669397936
0.032571706368497814,0.36604916280726757
0.03266009634507447,0.36604916280726757
0.03266009634507447,0.3669397933737086
0.0327042913333628,0.3669397933737086
0.0327042913333628,0.36800855005343786
0.0327042913333628,0.36818667616672607
0.03279268130993945,0.36818667616672607
0.03279268130993945,0.36854292839330244
0.032836876298227784,0.36854292839330244
0.032836876298227784,0.3696116850730317
0.032836876298227784,0.3697898111863199
0.03288107128651611,0.3697898111863199
0.03288107128651611,0.3712148200926256
0.03301365625138109,0.3712148200926256
0.03301365625138109,0.3713929462059138
0.033146241216246076,0.3713929462059138
0.033146241216246076,0.371571072319202
0.033146241216246076,0.3719273245457784
0.03323463119282273,0.3719273245457784
0.03323463119282273,0.372461702885643
0.03323463119282273,0.37281795511221943
0.03327882618111106,0.37281795511221943
0.03327882618111106,0.3737085856786605
0.033367216157687715,0.3737085856786605
0.033367216157687715,0.3738867117919487
0.033367216157687715,0.37495546847167793
0.033367216157687715,0.37513359458496615
0.033455606134264376,0.37513359458496615
0.033455606134264376,0.37531172069825436
0.033455606134264376,0.37709298183113643
0.033455606134264376,0.3778054862842893
0.033455606134264376,0.3779836123975775
0.0334998011225527,0.3779836123975775
0.0334998011225527,0.3783398646241539
0.03354399611084103,0.3783398646241539
0.03354399611084103,0.37923049519059493
0.033632386087417684,0.37923049519059493
0.033632386087417684,0.380121125757036
0.033676581075706015,0.380121125757036
0.033676581075706015,0.3802992518703242
0.033720776063994345,0.3802992518703242
0.033720776063994345,0.3804773779836124
0.03385336102885933,0.3804773779836124
0.03385336102885933,0.381011756323477
0.033985945993724315,0.381011756323477
0.033985945993724315,0.38136800855005343
0.03403014098201264,0.38136800855005343
0.03403014098201264,0.38154613466334164
0.03420692093516595,0.38154613466334164
0.03420692093516595,0.3822586391164945
0.03438370088831926,0.3822586391164945
0.03438370088831926,0.3824367652297827
0.03447209086489592,0.3824367652297827
0.03447209086489592,0.3833273957962237
0.03456048084147258,0.3833273957962237
0.03456048084147258,0.3835055219095119
0.03460467582976091,0.3835055219095119
0.03460467582976091,0.3842180263626648
0.03460467582976091,0.384396152475953
0.03460467582976091,0.3849305308158176
0.03469306580633756,0.3849305308158176
0.03469306580633756,0.3851086569291058
0.03473726079462589,0.3851086569291058
0.03473726079462589,0.3856430352689704
0.03473726079462589,0.38582116138225864
0.034781455782914215,0.38582116138225864
0.034781455782914215,0.38706804417527607
0.034781455782914215,0.3876024225151407
0.03495823573606753,0.3876024225151407
0.03495823573606753,0.3884930530815818
0.03495823573606753,0.38867117919487
0.03495823573606753,0.38902743142144636
0.035135015689220846,0.38902743142144636
0.035135015689220846,0.39027431421446385
0.035311795642374154,0.39027431421446385
0.035311795642374154,0.3909868186676167
0.035355990630662484,0.3909868186676167
0.035355990630662484,0.39116494478090486
0.035355990630662484,0.3915211970074813
0.035355990630662484,0.3916993231207695
0.03540018561895081,0.3916993231207695
0.03540018561895081,0.3918774492340577
0.035621160560392454,0.3918774492340577
0.035621160560392454,0.392946205913787
0.035621160560392454,0.39330245814036335
0.035621160560392454,0.3936587103669398
0.035621160560392454,0.39437121482009263
0.03566535554868078,0.39437121482009263
0.03566535554868078,0.39472746704666906
0.03566535554868078,0.39543997149982185
0.03601891545498741,0.39543997149982185
0.03601891545498741,0.39561809761311006
0.03601891545498741,0.3963306020662629
0.03601891545498741,0.39668685429283934
0.03610730543156406,0.39668685429283934
0.03610730543156406,0.39686498040612755
0.03615150041985239,0.39686498040612755
0.03615150041985239,0.39775561097256856
0.03615150041985239,0.3979337370858568
0.036416670349582354,0.3979337370858568
0.036416670349582354,0.398111863199145
0.036460865337870685,0.398111863199145
0.036460865337870685,0.3982899893124332
0.036460865337870685,0.3986462415390096
0.03654925531444734,0.3986462415390096
0.03654925531444734,0.39900249376558605
0.036637645291024,0.39900249376558605
0.036637645291024,0.39953687210545064
0.036726035267600654,0.39953687210545064
0.036726035267600654,0.39989312433202706
0.03681442524417731,0.39989312433202706
0.03681442524417731,0.4000712504453153
0.03681442524417731,0.4007837548984681
0.03681442524417731,0.40096188101175634
0.03685862023246564,0.40096188101175634
0.03685862023246564,0.40131813323833276
0.03699120519733062,0.40131813323833276
0.03699120519733062,0.4014962593516209
0.03699120519733062,0.40185251157819735
0.037035400185618954,0.40185251157819735
0.037035400185618954,0.40203063769148556
0.03721218013877226,0.40203063769148556
0.03721218013877226,0.4022087638047738
0.037300570115348916,0.4022087638047738
0.037300570115348916,0.40309939437121484
0.03734476510363725,0.40309939437121484
0.03734476510363725,0.40345564659779126
0.03738896009192558,0.40345564659779126
0.03738896009192558,0.40399002493765584
0.03747735006850223,0.40399002493765584
0.03747735006850223,0.40434627716423227
0.03752154505679056,0.40434627716423227
0.03752154505679056,0.40523690773067333
0.037565740045078885,0.40523690773067333
0.037565740045078885,0.40541503384396155
0.037609935033367216,0.40541503384396155
0.037609935033367216,0.40612753829711434
0.0377425199982322,0.40612753829711434
0.0377425199982322,0.40737442109013183
0.0377425199982322,0.40808692554328463
0.0377425199982322,0.40826505165657284
0.037875104963097185,0.40826505165657284
0.037875104963097185,0.40844317776986105
0.03796349493967384,0.40844317776986105
0.03796349493967384,0.4091556822230139
0.03796349493967384,0.4093338083363021
0.03800768992796217,0.4093338083363021
0.03800768992796217,0.40951193444959033
0.0380518849162505,0.40951193444959033
0.0380518849162505,0.41040256501603134
0.038140274892827154,0.41040256501603134
0.038140274892827154,0.41058069112931955
0.03836124983426879,0.41058069112931955
0.03836124983426879,0.4111150694691842
0.03836124983426879,0.4112931955824724
0.03836124983426879,0.4120057000356252
0.03844963981084545,0.4120057000356252
0.03844963981084545,0.4134307089419309
0.03849383479913378,0.4134307089419309
0.03849383479913378,0.4141432133950837
0.03862641976399876,0.4141432133950837
0.03862641976399876,0.4143213395083719
0.03880319971715208,0.4143213395083719
0.03880319971715208,0.4153900961881012
0.03880319971715208,0.416102600641254
0.03880319971715208,0.4166369789811186
0.0388473947054404,0.4166369789811186
0.0388473947054404,0.41681510509440683
0.0388473947054404,0.41717135732098326
0.0388473947054404,0.4173494834342715
0.03893578468201706,0.4173494834342715
0.03893578468201706,0.4182401140007125
0.039024174658593716,0.4182401140007125
0.039024174658593716,0.41895261845386533
0.03920095461174703,0.41895261845386533
0.03920095461174703,0.41930887068044176
0.03937773456490034,0.41930887068044176
0.03937773456490034,0.4198432490203064
0.03937773456490034,0.4200213751335946
0.03946612454147699,0.4200213751335946
0.03946612454147699,0.42019950124688277
0.03946612454147699,0.4205557534734592
0.03946612454147699,0.42126825792661204
0.03946612454147699,0.4218026362664767
0.03946612454147699,0.42322764517278233
0.03946612454147699,0.42340577128607054
0.039554514518053654,0.42340577128607054
0.039554514518053654,0.42376202351264697
0.03968709948291864,0.42376202351264697
0.03968709948291864,0.4241182757392234
0.03986387943607195,0.4241182757392234
0.03986387943607195,0.42429640185251155
0.03990807442436028,0.42429640185251155
0.03990807442436028,0.4248307801923762
0.04008485437751359,0.4248307801923762
0.04008485437751359,0.42536515853224083
0.040129049365801917,0.42536515853224083
0.040129049365801917,0.4260776629853937
0.040129049365801917,0.42661204132525826
0.040129049365801917,0.4267901674385465
0.04021743934237858,0.4267901674385465
0.04021743934237858,0.4269682935518347
0.040438414283820216,0.4269682935518347
0.040438414283820216,0.4271464196651229
0.040438414283820216,0.42785892411827575
0.040659389225261855,0.42785892411827575
0.040659389225261855,0.42874955468471676
0.04079197419012684,0.42874955468471676
0.04079197419012684,0.428927680798005
0.04101294913156848,0.428927680798005
0.04101294913156848,0.4291058069112932
0.0413665090378751,0.4291058069112932
0.0413665090378751,0.4294620591378696
0.04141070402616343,0.4294620591378696
0.04141070402616343,0.4296401852511578
0.041499094002740086,0.4296401852511578
0.041499094002740086,0.42999643747773425
0.04154328899102842,0.42999643747773425
0.04154328899102842,0.43017456359102246
0.04154328899102842,0.43088706804417526
0.04158748397931675,0.43088706804417526
0.04158748397931675,0.43195582472390454
0.0419852388739117,0.43195582472390454
0.0419852388739117,0.43231207695048096
0.042117823838776686,0.43231207695048096
0.042117823838776686,0.4324902030637692
0.04216201882706501,0.4324902030637692
0.04225040880364167,0.4324902030637692
0.042294603791929994,0.4324902030637692
0.042294603791929994,0.43266832917705733
0.042338798780218324,0.43266832917705733
0.042338798780218324,0.43284645529034554
0.042338798780218324,0.4335589597434984
0.04238299376850665,0.4335589597434984
0.04238299376850665,0.4337370858567866
0.04255977372165996,0.4337370858567866
0.04255977372165996,0.4339152119700748
0.04255977372165996,0.43427146419665125
0.042603968709948294,0.43427146419665125
0.042603968709948294,0.43480584253651583
0.04269235868652495,0.43480584253651583
0.04269235868652495,0.43498396864980404
0.042913333627966586,0.43498396864980404
0.042913333627966586,0.4356964731029569
0.04300172360454325,0.4356964731029569
0.04300172360454325,0.4358745992162451
0.04300172360454325,0.43623085144282153
0.04304591859283157,0.43623085144282153
0.04304591859283157,0.43640897755610975
0.04304591859283157,0.43747773423583897
0.04313430856940823,0.43747773423583897
0.04313430856940823,0.4376558603491272
0.04313430856940823,0.4380121125757036
0.043178503557696556,0.4380121125757036
0.043178503557696556,0.43872461702885646
0.043222698545984886,0.43872461702885646
0.043222698545984886,0.4390808692554328
0.043443673487426525,0.4390808692554328
0.043443673487426525,0.43925899536872104
0.04353206346400318,0.43925899536872104
0.04353206346400318,0.43943712148200925
0.04362045344057984,0.43943712148200925
0.04362045344057984,0.43961524759529746
0.043664648428868164,0.43961524759529746
0.043664648428868164,0.44068400427502674
0.043664648428868164,0.4410402565016031
0.043664648428868164,0.44175276095475596
0.04410659831175145,0.44175276095475596
0.04410659831175145,0.4422871392946206
0.04428337826490476,0.4422871392946206
0.04428337826490476,0.4424652654079088
0.04446015821805807,0.4424652654079088
0.04446015821805807,0.44282151763448524
0.04446015821805807,0.44353402208763804
0.04446015821805807,0.44389027431421446
0.044636938171211386,0.44389027431421446
0.044636938171211386,0.4440684004275027
0.044902108100941356,0.4440684004275027
0.044902108100941356,0.4447809048806555
0.044902108100941356,0.44495903099394374
0.044902108100941356,0.44584966156038475
0.04503469306580634,0.44584966156038475
0.04503469306580634,0.44602778767367296
0.045078888054094664,0.44602778767367296
0.045078888054094664,0.4462059137869612
0.045078888054094664,0.4465621660135376
0.045123083042382994,0.4465621660135376
0.045123083042382994,0.4472746704666904
0.04529986299553631,0.4472746704666904
0.04529986299553631,0.44834342714641967
0.04534405798382463,0.44834342714641967
0.04534405798382463,0.4497684360527253
0.04534405798382463,0.44994656216601353
0.045388252972112964,0.44994656216601353
0.045388252972112964,0.4506590666191664
0.04547664294868962,0.4506590666191664
0.04547664294868962,0.451193444959031
0.04547664294868962,0.4519059494121838
0.045697617890131256,0.4519059494121838
0.045697617890131256,0.45226220163876024
0.04578600786670792,0.45226220163876024
0.04578600786670792,0.4531528322052013
0.04583020285499624,0.4531528322052013
0.04583020285499624,0.45333095831848946
0.04587439784328457,0.45333095831848946
0.04587439784328457,0.4535090844317777
0.0459185928315729,0.4535090844317777
0.0459185928315729,0.4542215888849305
0.0459185928315729,0.45475596722479517
0.0459185928315729,0.4551122194513716
0.0459185928315729,0.4552903455646598
0.045962787819861226,0.4552903455646598
0.045962787819861226,0.45546847167794796
0.04613956777301454,0.45546847167794796
0.04613956777301454,0.4558247239045244
0.04618376276130287,0.4558247239045244
0.04618376276130287,0.4560028500178126
0.046493127679321164,0.4560028500178126
0.046493127679321164,0.456359102244389
0.04666990763247448,0.456359102244389
0.04666990763247448,0.45671535447096545
0.04675829760905113,0.45671535447096545
0.04675829760905113,0.4570716066975419
0.046802492597339464,0.4570716066975419
0.046802492597339464,0.4572497328108301
0.04684668758562779,0.4572497328108301
0.04684668758562779,0.4574278589241183
0.04689088257391612,0.4574278589241183
0.04689088257391612,0.4579622372639829
0.04693507756220445,0.4579622372639829
0.04693507756220445,0.4581403633772711
0.04706766252706943,0.4581403633772711
0.04715605250364609,0.4581403633772711
0.04720024749193442,0.4581403633772711
0.04720024749193442,0.4583184894905593
0.04728863746851107,0.4583184894905593
0.04728863746851107,0.45956537228357675
0.047421222433376056,0.45956537228357675
0.047421222433376056,0.460634128963306
0.047421222433376056,0.46099038118988245
0.04750961240995271,0.46099038118988245
0.04750961240995271,0.46205913786961167
0.04750961240995271,0.4624153900961881
0.047598002386529364,0.4624153900961881
0.047598002386529364,0.4625935162094763
0.047642197374817695,0.4625935162094763
0.047642197374817695,0.46401852511578195
0.047642197374817695,0.4647310295689348
0.047642197374817695,0.46526540790879944
0.047642197374817695,0.46544353402208766
0.04773058735139435,0.46544353402208766
0.04773058735139435,0.46597791236195224
0.047907367304547664,0.46597791236195224
0.047907367304547664,0.46615603847524045
0.04799575728112432,0.46615603847524045
0.04799575728112432,0.4668685429283933
0.04799575728112432,0.46740292126825794
0.04803995226941265,0.46740292126825794
0.04803995226941265,0.4679372996081225
0.04803995226941265,0.46829355183469895
0.04803995226941265,0.46918418240114
0.04803995226941265,0.46954043462771644
0.04803995226941265,0.47043106519415745
0.04803995226941265,0.4714998218738867
0.04808414725770098,0.4714998218738867
0.04808414725770098,0.47256857855361595
0.04808414725770098,0.47274670466690416
0.0481283422459893,0.47274670466690416
0.0481283422459893,0.4732810830067688
0.0481283422459893,0.47399358745992165
0.0481283422459893,0.4741717135732098
0.048216732222565964,0.4741717135732098
0.048216732222565964,0.474349839686498
0.048216732222565964,0.4755967224795155
0.04826092721085429,0.4755967224795155
0.04826092721085429,0.4757748485928037
0.04826092721085429,0.4763092269326683
0.04830512219914262,0.4763092269326683
0.04830512219914262,0.47666547915924473
0.04839351217571927,0.47666547915924473
0.04839351217571927,0.4775561097256858
0.04839351217571927,0.4782686141788386
0.04839351217571927,0.4784467402921268
0.0484377071640076,0.4784467402921268
0.0484377071640076,0.47915924474527966
0.0484377071640076,0.4800498753117207
0.0484377071640076,0.48111863199144994
0.048481902152295926,0.48111863199144994
0.048481902152295926,0.48129675810473815
0.048481902152295926,0.4816530103313146
0.04852609714058426,0.4816530103313146
0.04852609714058426,0.4825436408977556
0.04852609714058426,0.482899893124332
0.04852609714058426,0.4837905236907731
0.04857029212887259,0.4837905236907731
0.04857029212887259,0.4839686498040613
0.04865868210544924,0.4839686498040613
0.04865868210544924,0.4841467759173495
0.04865868210544924,0.4845030281439259
0.04892385203517921,0.4845030281439259
0.04892385203517921,0.4846811542572141
0.049012242011755865,0.4846811542572141
0.049012242011755865,0.4848592803705023
0.049100631988332526,0.4848592803705023
0.049100631988332526,0.4850374064837905
0.049321606929774164,0.4850374064837905
0.049321606929774164,0.48557178482365515
0.049365801918062495,0.48557178482365515
0.049365801918062495,0.4861061631635198
0.04940999690635082,0.4861061631635198
0.04940999690635082,0.486284289276808
0.04945419189463915,0.486284289276808
0.04945419189463915,0.4864624153900962
0.0495425818712158,0.4864624153900962
0.0495425818712158,0.4868186676166726
0.049586776859504134,0.4868186676166726
0.049586776859504134,0.487174919843249
0.04971936182436912,0.487174919843249
0.04971936182436912,0.48753117206982544
0.04976355681265744,0.48753117206982544
0.0498519467892341,0.48753117206982544
0.0498519467892341,0.48788742429640186
0.04994033676581076,0.48788742429640186
0.04994033676581076,0.4880655504096901
0.05011711671896407,0.4880655504096901
0.05011711671896407,0.4882436765229783
0.05011711671896407,0.48877805486284287
0.050205506695540726,0.48877805486284287
0.050205506695540726,0.4889561809761311
0.050205506695540726,0.4893124332027075
0.05029389667211738,0.4893124332027075
0.05029389667211738,0.4910936943355896
0.05029389667211738,0.4912718204488778
0.05029389667211738,0.49198432490203065
0.05033809166040571,0.49198432490203065
0.05033809166040571,0.49234057712860707
0.05033809166040571,0.49305308158175987
0.05033809166040571,0.4935874599216245
0.05033809166040571,0.49394371214820093
0.05033809166040571,0.49447809048806557
0.05033809166040571,0.4946562166013538
0.05038228664869404,0.4946562166013538
0.05038228664869404,0.495724973281083
0.050470676625270695,0.495724973281083
0.050470676625270695,0.4959030993943712
0.050470676625270695,0.49625935162094764
0.05051487161355902,0.49625935162094764
0.05051487161355902,0.49643747773423585
0.05051487161355902,0.4967937299608123
0.05051487161355902,0.4975062344139651
0.05051487161355902,0.4982187388671179
0.050647456578424004,0.4982187388671179
0.050647456578424004,0.49839686498040614
0.050647456578424004,0.4989312433202708
0.050647456578424004,0.49928749554684715
0.050735846555000665,0.49928749554684715
0.050735846555000665,0.4996437477734236
0.050735846555000665,0.4998218738867118
0.05078004154328899,0.4998218738867118
0.05078004154328899,0.5
0.05078004154328899,0.5007125044531529
0.0509568214964423,0.5007125044531529
0.0509568214964423,0.500890630566441
0.05104521147301896,0.500890630566441
0.05104521147301896,0.5010687566797293
0.05104521147301896,0.5014250089063057
0.05108940646130729,0.5014250089063057
0.05108940646130729,0.5019593872461703
0.05108940646130729,0.5028500178126113
0.05108940646130729,0.5032062700391877
0.05113360144959562,0.5032062700391877
0.05113360144959562,0.503384396152476
0.05122199142617227,0.503384396152476
0.05122199142617227,0.504275026718917
0.05122199142617227,0.5046312789454934
0.0512661864144606,0.5046312789454934
0.0512661864144606,0.5053437833986463
0.0512661864144606,0.5062344139650873
0.0512661864144606,0.5065906661916637
0.0512661864144606,0.5078375489846811
0.0512661864144606,0.5083719273245457
0.05135457639103726,0.5083719273245457
0.05135457639103726,0.508550053437834
0.05139877137932559,0.508550053437834
0.05139877137932559,0.5092625578909868
0.051531356344190565,0.5092625578909868
0.051531356344190565,0.5096188101175633
0.051531356344190565,0.5097969362308514
0.051619746320767226,0.5097969362308514
0.051619746320767226,0.5103313145707161
0.051619746320767226,0.5115781973637336
0.05166394130905555,0.5115781973637336
0.05166394130905555,0.5117563234770217
0.05170813629734388,0.5117563234770217
0.05170813629734388,0.512825080156751
0.05197330622707385,0.512825080156751
0.05197330622707385,0.5130032062700391
0.05201750121536218,0.5130032062700391
0.05201750121536218,0.5131813323833274
0.052061696203650504,0.5131813323833274
0.052150086180227165,0.5131813323833274
0.05219428116851549,0.5131813323833274
0.05219428116851549,0.5144282151763448
0.05219428116851549,0.5147844674029213
0.05228267114509215,0.5147844674029213
0.05228267114509215,0.5149625935162094
0.05228267114509215,0.5156750979693623
0.052415256109957134,0.5156750979693623
0.052415256109957134,0.5158532240826506
0.05245945109824546,0.5158532240826506
0.05245945109824546,0.5163876024225151
0.05245945109824546,0.5167438546490916
0.05250364608653379,0.5167438546490916
0.05250364608653379,0.5169219807623797
0.05254784107482212,0.5169219807623797
0.05254784107482212,0.517100106875668
0.05254784107482212,0.5176344852155326
0.05263623105139877,0.5176344852155326
0.05263623105139877,0.5181688635553973
0.05263623105139877,0.5190594941218383
0.05263623105139877,0.5192376202351264
0.052680426039687096,0.5192376202351264
0.052680426039687096,0.5197719985749911
0.05272462102797543,0.5197719985749911
0.05272462102797543,0.5210188813680086
0.05272462102797543,0.5211970074812967
0.05272462102797543,0.5224438902743143
0.05272462102797543,0.5229782686141788
0.05276881601626376,0.5229782686141788
0.05276881601626376,0.5235126469540434
0.05276881601626376,0.5238688991806199
0.05285720599284041,0.5238688991806199
0.05285720599284041,0.5240470252939081
0.052989790957705396,0.5240470252939081
0.052989790957705396,0.5242251514071963
0.052989790957705396,0.524759529747061
0.052989790957705396,0.5254720342002137
0.052989790957705396,0.525650160313502
0.052989790957705396,0.5268970431065194
0.05307818093428205,0.5268970431065194
0.05307818093428205,0.527431421446384
0.05307818093428205,0.5283220520128251
0.05312237592257038,0.5283220520128251
0.05312237592257038,0.5288564303526897
0.05312237592257038,0.5295689348058426
0.05316657091085871,0.5295689348058426
0.05316657091085871,0.5297470609191307
0.05316657091085871,0.5302814392589954
0.05316657091085871,0.5304595653722836
0.053254960887435365,0.5304595653722836
0.053254960887435365,0.53081581759886
0.053520130817165334,0.53081581759886
0.053520130817165334,0.5309939437121483
0.053564325805453665,0.5309939437121483
0.053564325805453665,0.5311720698254364
0.05365271578203032,0.5311720698254364
0.05365271578203032,0.5318845742785893
0.05369691077031864,0.5318845742785893
0.05369691077031864,0.5320627003918774
0.05374110575860697,0.5320627003918774
0.05374110575860697,0.5322408265051657
0.053785300746895304,0.5322408265051657
0.053785300746895304,0.5324189526184538
0.05387369072347196,0.5324189526184538
0.05387369072347196,0.5334877092981831
0.05391788571176029,0.5334877092981831
0.05391788571176029,0.5336658354114713
0.05391788571176029,0.5343783398646241
0.05413886065320193,0.5343783398646241
0.05413886065320193,0.5347345920912006
0.05413886065320193,0.5352689704310652
0.05413886065320193,0.5354470965443534
0.05413886065320193,0.5358033487709298
0.05413886065320193,0.535981474884218
0.05427144561806691,0.535981474884218
0.05427144561806691,0.5370502315639473
0.054359835594643566,0.5370502315639473
0.054359835594643566,0.5372283576772355
0.054359835594643566,0.5375846099038118
0.054404030582931896,0.5375846099038118
0.054404030582931896,0.5377627360171001
0.054404030582931896,0.5381189882436765
0.05480178547752685,0.5381189882436765
0.05480178547752685,0.538475240470253
0.05480178547752685,0.5386533665835411
0.054890175454103504,0.5386533665835411
0.054890175454103504,0.5397221232632704
0.054934370442391835,0.5397221232632704
0.054934370442391835,0.5400783754898468
0.05506695540725682,0.5400783754898468
0.05506695540725682,0.5407908799429997
0.055199540372121804,0.5407908799429997
0.055199540372121804,0.5409690060562878
0.0555089052901401,0.5409690060562878
0.0555089052901401,0.5411471321695761
0.05564149025500508,0.5411471321695761
0.05564149025500508,0.5422158888493053
0.05564149025500508,0.5423940149625935
0.05568568524329341,0.5423940149625935
0.05568568524329341,0.5425721410758817
0.055729880231581735,0.5425721410758817
0.055729880231581735,0.5432846455290345
0.055774075219870066,0.5432846455290345
0.055774075219870066,0.5434627716423228
0.05621602510275335,0.5434627716423228
0.05621602510275335,0.5441752760954756
0.056304415079330004,0.5441752760954756
0.056304415079330004,0.5443534022087638
0.05643700004419499,0.5443534022087638
0.05643700004419499,0.5447096544353403
0.05648119503248332,0.5447096544353403
0.05648119503248332,0.5456002850017813
0.05679055995050161,0.5456002850017813
0.05679055995050161,0.5461346633416458
0.05679055995050161,0.5463127894549341
0.05679055995050161,0.547025293908087
0.05679055995050161,0.547915924474528
0.05683475493878994,0.547915924474528
0.05683475493878994,0.5489846811542572
0.05683475493878994,0.5496971856074101
0.056878949927078266,0.5496971856074101
0.056878949927078266,0.5505878161738511
0.056878949927078266,0.5509440684004275
0.056878949927078266,0.5516565728535804
0.056878949927078266,0.5520128250801567
0.056878949927078266,0.553081581759886
0.056878949927078266,0.5532597078731742
0.05705572988023158,0.5532597078731742
0.05705572988023158,0.5536159600997507
0.057144119856808236,0.5536159600997507
0.057144119856808236,0.5543284645529034
0.057144119856808236,0.5546847167794798
0.057144119856808236,0.555575347345921
0.057144119856808236,0.5557534734592091
0.0572325098333849,0.5557534734592091
0.0572325098333849,0.5559315995724974
0.05727670482167322,0.5559315995724974
0.05727670482167322,0.557356608478803
0.05732089980996155,0.557356608478803
0.05732089980996155,0.5577128607053794
0.05732089980996155,0.5584253651585322
0.05736509479824988,0.5584253651585322
0.05736509479824988,0.5591378696116851
0.057409289786538205,0.5591378696116851
0.057409289786538205,0.5603847524047025
0.057409289786538205,0.5605628785179907
0.057409289786538205,0.5609191307445671
0.057453484774826535,0.5609191307445671
0.057453484774826535,0.5614535090844318
0.05754187475140319,0.5614535090844318
0.05754187475140319,0.56163163519772
0.05754187475140319,0.5627003918774492
0.05754187475140319,0.5639472746704667
0.05754187475140319,0.5643035268970431
0.05754187475140319,0.5644816530103313
0.05758606973969152,0.5644816530103313
0.05758606973969152,0.5646597791236195
0.057718654704556505,0.5646597791236195
0.057718654704556505,0.5648379052369077
0.057718654704556505,0.5651941574634841
0.057718654704556505,0.5653722835767724
0.05776284969284483,0.5653722835767724
0.05776284969284483,0.5660847880299252
0.05776284969284483,0.5669754185963662
0.05785123966942149,0.5669754185963662
0.05785123966942149,0.5671535447096544
0.05789543465770981,0.5671535447096544
0.05789543465770981,0.5673316708229427
0.05793962964599814,0.5673316708229427
0.05793962964599814,0.5675097969362308
0.0580280196225748,0.5675097969362308
0.0580280196225748,0.5676879230495191
0.0580280196225748,0.5682223013893837
0.0580280196225748,0.5691129319558247
0.0580280196225748,0.5694691841824011
0.0580280196225748,0.570181688635554
0.0580280196225748,0.5705379408621304
0.05807221461086313,0.5705379408621304
0.05807221461086313,0.5707160669754185
0.05816060458743978,0.5707160669754185
0.05816060458743978,0.5721410758817242
0.05816060458743978,0.5724973281083007
0.05820479957572811,0.5724973281083007
0.05820479957572811,0.5730317064481653
0.05820479957572811,0.5733879586747417
0.05824899456401644,0.5733879586747417
0.05824899456401644,0.5737442109013181
0.0583373845405931,0.5737442109013181
0.0583373845405931,0.5741004631278945
0.05842577451716975,0.5741004631278945
0.05842577451716975,0.5751692198076238
0.05851416449374641,0.5751692198076238
0.05851416449374641,0.575347345920912
0.05851416449374641,0.5762379764873531
0.05851416449374641,0.5773067331670823
0.05851416449374641,0.5774848592803705
0.05851416449374641,0.5785536159600998
0.05851416449374641,0.5789098681866761
0.058558359482034736,0.5789098681866761
0.058558359482034736,0.579622372639829
0.058602554470323066,0.579622372639829
0.058602554470323066,0.5799786248664054
0.058602554470323066,0.5801567509796937
0.0586467494586114,0.5801567509796937
0.0586467494586114,0.5806911293195582
0.05869094444689972,0.5806911293195582
0.05869094444689972,0.5819380121125757
0.058823529411764705,0.5819380121125757
0.058823529411764705,0.5821161382258639
0.058867724400053036,0.5821161382258639
0.058867724400053036,0.5822942643391521
0.058867724400053036,0.5826505165657285
0.05891191938834136,0.5826505165657285
0.05891191938834136,0.5833630210188814
0.05891191938834136,0.5840755254720342
0.05895611437662969,0.5840755254720342
0.05895611437662969,0.5846099038118988
0.05900030936491802,0.5846099038118988
0.05900030936491802,0.5855005343783398
0.05900030936491802,0.5858567866049162
0.05900030936491802,0.5869255432846455
0.05900030936491802,0.5871036693979338
0.059088699341494674,0.5871036693979338
0.059088699341494674,0.5878161738510865
0.059088699341494674,0.5879942999643748
0.05917708931807133,0.5879942999643748
0.05917708931807133,0.588172426077663
0.05922128430635966,0.588172426077663
0.05922128430635966,0.5888849305308158
0.05926547929464799,0.5888849305308158
0.05926547929464799,0.5894193088706804
0.05926547929464799,0.5897755610972568
0.05930967428293631,0.5897755610972568
0.05930967428293631,0.5901318133238332
0.05953064922437796,0.5901318133238332
0.05953064922437796,0.5908443177769861
0.05953064922437796,0.5910224438902744
0.05961903920095461,0.5910224438902744
0.05970742917753127,0.5910224438902744
0.05970742917753127,0.5912005700035625
0.0597516241658196,0.5912005700035625
0.0597516241658196,0.591556822230139
0.0597516241658196,0.5926255789098682
0.05979581915410792,0.5926255789098682
0.05979581915410792,0.5928037050231564
0.05984001414239625,0.5928037050231564
0.05984001414239625,0.5933380833630211
0.05988420913068458,0.5933380833630211
0.05988420913068458,0.5942287139294621
0.05988420913068458,0.5945849661560385
0.05988420913068458,0.5952974706091914
0.06001679409554957,0.5952974706091914
0.06001679409554957,0.5954755967224795
0.06006098908383789,0.5954755967224795
0.06006098908383789,0.5956537228357677
0.06014937906041455,0.5956537228357677
0.06014937906041455,0.5969006056287852
0.06014937906041455,0.5974349839686498
0.060193574048702875,0.5974349839686498
0.060193574048702875,0.5979693623085144
0.060281964025279536,0.5979693623085144
0.060281964025279536,0.5981474884218027
0.06032615901356786,0.5981474884218027
0.06032615901356786,0.5983256145350908
0.06032615901356786,0.5986818667616672
0.06032615901356786,0.5997506234413965
0.06032615901356786,0.5999287495546847
0.06032615901356786,0.6008193801211258
0.06037035400185619,0.6008193801211258
0.06037035400185619,0.6017100106875668
0.06037035400185619,0.6022443890274314
0.060458743978432844,0.6022443890274314
0.060458743978432844,0.6029568934805842
0.060547133955009505,0.6029568934805842
0.06063552393158616,0.6029568934805842
0.06063552393158616,0.6031350195938725
0.06072391390816281,0.6031350195938725
0.06072391390816281,0.6034912718204489
0.06072391390816281,0.6036693979337371
0.06072391390816281,0.6049162807267545
0.06081230388473947,0.6049162807267545
0.06081230388473947,0.6050944068400428
0.06081230388473947,0.6056287851799074
0.06081230388473947,0.6059850374064838
0.0608564988730278,0.6059850374064838
0.0608564988730278,0.6074100463127895
0.06090069386131613,0.6074100463127895
0.06090069386131613,0.6077662985393659
0.06094488884960445,0.6077662985393659
0.06094488884960445,0.6081225507659422
0.061077473814469437,0.6081225507659422
0.061077473814469437,0.6083006768792305
0.0611658637910461,0.6083006768792305
0.0611658637910461,0.6084788029925187
0.06121005877933442,0.6084788029925187
0.06121005877933442,0.6086569291058069
0.06143103372077607,0.6086569291058069
0.06143103372077607,0.6090131813323834
0.06156361868564105,0.6090131813323834
0.06156361868564105,0.6097256857855362
0.061607813673929375,0.6097256857855362
0.061607813673929375,0.610438190238689
0.061652008662217705,0.610438190238689
0.061652008662217705,0.6106163163519772
0.06174039863879436,0.6106163163519772
0.06174039863879436,0.6115069469184182
0.06174039863879436,0.6118631991449947
0.06213815353338931,0.6118631991449947
0.06213815353338931,0.6125757035981475
0.06213815353338931,0.6129319558247239
0.0622707384982543,0.6129319558247239
0.0622707384982543,0.6140007125044532
0.06244751845140761,0.6140007125044532
0.06244751845140761,0.614713216957606
0.0625801034162726,0.614713216957606
0.0625801034162726,0.6148913430708942
0.0627568833694259,0.6148913430708942
0.0627568833694259,0.6154257214107588
0.0627568833694259,0.6161382258639116
0.0627568833694259,0.6166726042037762
0.06280107835771423,0.6166726042037762
0.06280107835771423,0.6168507303170645
0.06284527334600257,0.6168507303170645
0.06284527334600257,0.6170288564303527
0.06288946833429089,0.6170288564303527
0.06288946833429089,0.6180976131100819
0.06288946833429089,0.6182757392233701
0.06297785831086755,0.6182757392233701
0.06297785831086755,0.6189882436765229
0.06297785831086755,0.6191663697898112
0.06302205329915588,0.6191663697898112
0.06302205329915588,0.6197007481296758
0.06302205329915588,0.6204132525828286
0.0630662482874442,0.6204132525828286
0.0630662482874442,0.6209476309226932
0.0630662482874442,0.6213038831492697
0.0630662482874442,0.6221945137157108
0.06311044327573254,0.6221945137157108
0.06311044327573254,0.6227288920555754
0.06311044327573254,0.6229070181688635
0.06315463826402086,0.6229070181688635
0.06315463826402086,0.6236195226220164
0.06319883325230918,0.6236195226220164
0.06319883325230918,0.6239757748485928
0.06319883325230918,0.6245101531884574
0.06319883325230918,0.6252226576416102
0.06319883325230918,0.6254007837548985
0.06324302824059752,0.6254007837548985
0.06324302824059752,0.6255789098681867
0.06333141821717417,0.6255789098681867
0.06333141821717417,0.6259351620947631
0.06341980819375083,0.6259351620947631
0.06341980819375083,0.6262914143213395
0.06346400318203915,0.6262914143213395
0.06346400318203915,0.6266476665479159
0.06359658814690414,0.6266476665479159
0.06359658814690414,0.6271820448877805
0.06377336810005746,0.6271820448877805
0.06377336810005746,0.6278945493409334
0.06390595306492244,0.6278945493409334
0.06390595306492244,0.6280726754542216
0.06395014805321077,0.6280726754542216
0.06395014805321077,0.6282508015675098
0.06395014805321077,0.6291414321339508
0.06417112299465241,0.6291414321339508
0.06417112299465241,0.6294976843605272
0.06430370795951738,0.6294976843605272
0.06430370795951738,0.6296758104738155
0.06430370795951738,0.6302101888136801
0.06434790294780572,0.6302101888136801
0.06434790294780572,0.6307445671535447
0.06434790294780572,0.6314570716066975
0.06439209793609404,0.6314570716066975
0.06439209793609404,0.6323477021731386
0.06439209793609404,0.6325258282864268
0.06452468290095903,0.6325258282864268
0.06452468290095903,0.6332383327395796
0.06456887788924735,0.6332383327395796
0.06456887788924735,0.6339508371927325
0.06461307287753569,0.6339508371927325
0.06461307287753569,0.6341289633060206
0.06470146285411234,0.6341289633060206
0.06470146285411234,0.6343070894193089
0.06483404781897732,0.6343070894193089
0.06483404781897732,0.6346633416458853
0.06487824280726566,0.6346633416458853
0.06487824280726566,0.6348414677591735
0.06492243779555398,0.6348414677591735
0.06492243779555398,0.6357320983256145
0.06501082777213064,0.6357320983256145
0.06501082777213064,0.6360883505521909
0.06509921774870729,0.6360883505521909
0.06509921774870729,0.6368008550053438
0.06514341273699563,0.6368008550053438
0.06514341273699563,0.6371571072319202
0.06514341273699563,0.6384039900249376
0.06518760772528395,0.6384039900249376
0.06518760772528395,0.6391164944780905
0.06536438767843726,0.6391164944780905
0.06536438767843726,0.6392946205913786
0.06567375259645557,0.6392946205913786
0.06567375259645557,0.6396508728179551
0.06580633756132055,0.6396508728179551
0.06580633756132055,0.6398289989312433
0.06585053254960888,0.6398289989312433
0.06585053254960888,0.6408977556109726
0.06585053254960888,0.6416102600641254
0.06585053254960888,0.6417883861774136
0.0658947275378972,0.6417883861774136
0.0658947275378972,0.6423227645172782
0.06611570247933884,0.6423227645172782
0.06611570247933884,0.6435696473102956
0.0662040924559155,0.6435696473102956
0.0662040924559155,0.6446384039900249
0.0662040924559155,0.6448165301033132
0.06633667742078048,0.6448165301033132
0.06633667742078048,0.6451727823298896
0.06638087240906881,0.6451727823298896
0.06638087240906881,0.6455290345564659
0.06642506739735714,0.6455290345564659
0.06642506739735714,0.6457071606697542
0.06655765236222212,0.6457071606697542
0.06655765236222212,0.6462415390096188
0.0666902373270871,0.6462415390096188
0.0666902373270871,0.646419665122907
0.06673443231537543,0.646419665122907
0.06673443231537543,0.6467759173494835
0.06673443231537543,0.6474884218026362
0.06673443231537543,0.6476665479159245
0.06673443231537543,0.6487353045956538
0.06691121226852875,0.6487353045956538
0.06691121226852875,0.6492696829355183
0.06691121226852875,0.6503384396152476
0.06691121226852875,0.6505165657285358
0.0669996022451054,0.6505165657285358
0.0669996022451054,0.6514071962949769
0.0669996022451054,0.651585322408265
0.0669996022451054,0.6521197007481296
0.06704379723339374,0.6521197007481296
0.06704379723339374,0.6526540790879943
0.06704379723339374,0.6533665835411472
0.06708799222168206,0.6533665835411472
0.06708799222168206,0.6535447096544353
0.06722057718654705,0.6535447096544353
0.06722057718654705,0.6537228357677235
0.06722057718654705,0.6544353402208763
0.06722057718654705,0.6553259707873175
0.06722057718654705,0.6555040969006056
0.06735316215141203,0.6555040969006056
0.06735316215141203,0.6556822230138938
0.06735316215141203,0.6565728535803349
0.06735316215141203,0.6583541147132169
0.06735316215141203,0.6587103669397933
0.06735316215141203,0.6588884930530816
0.06748574711627701,0.6588884930530816
0.06748574711627701,0.6590666191663698
0.06752994210456534,0.6590666191663698
0.06752994210456534,0.6596009975062345
0.06757413709285368,0.6596009975062345
0.06757413709285368,0.6597791236195226
0.06757413709285368,0.6610260064125401
0.06757413709285368,0.6619166369789811
0.06766252706943032,0.6619166369789811
0.06766252706943032,0.6626291414321339
0.06766252706943032,0.6628072675454222
0.06779511203429531,0.6628072675454222
0.06779511203429531,0.664410402565016
0.06779511203429531,0.6645885286783042
0.06797189198744863,0.6645885286783042
0.06797189198744863,0.6647666547915925
0.06801608697573695,0.6647666547915925
0.06801608697573695,0.6649447809048806
0.06806028196402528,0.6649447809048806
0.06806028196402528,0.665301033131457
0.06810447695231361,0.665301033131457
0.06810447695231361,0.6654791592447453
0.06814867194060194,0.6654791592447453
0.06814867194060194,0.6656572853580335
0.0682370619171786,0.6656572853580335
0.0682370619171786,0.6660135375846099
0.0682370619171786,0.6669041681510509
0.0682370619171786,0.6672604203776273
0.0682370619171786,0.6681510509440683
0.0682370619171786,0.668685429283933
0.06828125690546692,0.668685429283933
0.06828125690546692,0.6693979337370859
0.06828125690546692,0.669576059850374
0.06832545189375525,0.669576059850374
0.06832545189375525,0.6697541859636623
0.06836964688204357,0.6697541859636623
0.06836964688204357,0.6701104381902387
0.0684138418703319,0.6701104381902387
0.0684138418703319,0.6708229426433915
0.0684138418703319,0.6717135732098326
0.06850223184690855,0.6717135732098326
0.06850223184690855,0.6718916993231208
0.06867901180006188,0.6718916993231208
0.06867901180006188,0.6722479515496972
0.0687232067883502,0.6722479515496972
0.0687232067883502,0.6726042037762736
0.06876740177663852,0.6726042037762736
0.06876740177663852,0.6742073387958675
0.06876740177663852,0.674741717135732
0.06881159676492686,0.674741717135732
0.06881159676492686,0.6749198432490203
0.06885579175321518,0.6749198432490203
0.06885579175321518,0.6750979693623085
0.06885579175321518,0.6761667260420378
0.06912096168294515,0.6761667260420378
0.06912096168294515,0.676344852155326
0.06912096168294515,0.6767011043819023
0.06916515667123348,0.6767011043819023
0.06916515667123348,0.677235482721767
0.06916515667123348,0.6774136088350552
0.06920935165952181,0.6774136088350552
0.06920935165952181,0.6775917349483435
0.06920935165952181,0.6783042394014963
0.06925354664781014,0.6783042394014963
0.06925354664781014,0.6800855005343783
0.0693419366243868,0.6800855005343783
0.0693419366243868,0.6802636266476666
0.0693419366243868,0.6807980049875312
0.0693419366243868,0.6809761311008193
0.06938613161267512,0.6809761311008193
0.06938613161267512,0.6813323833273958
0.06943032660096345,0.6813323833273958
0.06943032660096345,0.6816886355539722
0.06951871657754011,0.6816886355539722
0.06951871657754011,0.6825792661204132
0.06951871657754011,0.6827573922337015
0.06960710655411677,0.6827573922337015
0.06960710655411677,0.6829355183469896
0.06969549653069342,0.6829355183469896
0.06969549653069342,0.6840042750267189
0.06969549653069342,0.6841824011400072
0.06978388650727008,0.6841824011400072
0.06978388650727008,0.6845386533665836
0.0698280814955584,0.6845386533665836
0.0698280814955584,0.6847167794798718
0.06987227648384674,0.6847167794798718
0.06996066646042338,0.6847167794798718
0.07004905643700005,0.6847167794798718
0.07004905643700005,0.6848949055931599
0.07009325142528837,0.6848949055931599
0.07009325142528837,0.6854292839330246
0.07018164140186503,0.6854292839330246
0.07018164140186503,0.6856074100463128
0.07018164140186503,0.6868542928393302
0.07018164140186503,0.6872105450659066
0.07018164140186503,0.687566797292483
0.07018164140186503,0.6884574278589242
0.07018164140186503,0.6886355539722123
0.07018164140186503,0.6893480584253652
0.07018164140186503,0.6895261845386533
0.07027003137844169,0.6895261845386533
0.07027003137844169,0.6897043106519416
0.07031422636673001,0.6897043106519416
0.07031422636673001,0.690060562878518
0.07035842135501834,0.690060562878518
0.07035842135501834,0.6904168151050945
0.07040261634330668,0.6904168151050945
0.07040261634330668,0.6905949412183826
0.07053520130817165,0.6905949412183826
0.07053520130817165,0.6918418240114
0.07053520130817165,0.6920199501246883
0.07062359128474831,0.6920199501246883
0.07062359128474831,0.6929105806911293
0.07062359128474831,0.6934449590309939
0.07075617624961329,0.6934449590309939
0.07075617624961329,0.6936230851442822
0.07080037123790162,0.6936230851442822
0.07080037123790162,0.6939793373708586
0.07080037123790162,0.694335589597435
0.0709329562027666,0.694335589597435
0.0709329562027666,0.695226220163876
0.0709329562027666,0.6955824723904525
0.0709329562027666,0.6964731029568935
0.07097715119105494,0.6964731029568935
0.07097715119105494,0.6968293551834699
0.07106554116763159,0.6968293551834699
0.07115393114420825,0.6968293551834699
0.07115393114420825,0.6970074812967582
0.07128651610907323,0.6970074812967582
0.07128651610907323,0.6971856074100463
0.07133071109736155,0.6971856074100463
0.07133071109736155,0.6973637335233345
0.07137490608564989,0.6973637335233345
0.07137490608564989,0.6975418596366227
0.07146329606222654,0.6975418596366227
0.07146329606222654,0.6978981118631992
0.07150749105051488,0.6978981118631992
0.07150749105051488,0.6980762379764873
0.07159588102709152,0.6980762379764873
0.07159588102709152,0.6982543640897756
0.07168427100366818,0.6982543640897756
0.07168427100366818,0.6984324902030637
0.07168427100366818,0.6991449946562166
0.07168427100366818,0.6993231207695048
0.07168427100366818,0.6998574991093695
0.07177266098024485,0.6998574991093695
0.07177266098024485,0.7000356252226576
0.07186105095682149,0.7000356252226576
0.07186105095682149,0.701282508015675
0.07186105095682149,0.7018168863555397
0.07194944093339815,0.7018168863555397
0.07194944093339815,0.7023512646954043
0.07194944093339815,0.7030637691485572
0.07199363592168648,0.7030637691485572
0.07199363592168648,0.7034200213751336
0.07203783090997481,0.7034200213751336
0.07203783090997481,0.7039543997149982
0.07208202589826314,0.7039543997149982
0.07208202589826314,0.7050231563947275
0.07212622088655146,0.7050231563947275
0.07212622088655146,0.7052012825080157
0.0721704158748398,0.7052012825080157
0.0721704158748398,0.7059137869611685
0.07221461086312812,0.7059137869611685
0.07221461086312812,0.7062700391877449
0.07221461086312812,0.7066262914143213
0.07225880585141645,0.7066262914143213
0.07234719582799311,0.7066262914143213
0.07239139081628143,0.7066262914143213
0.07239139081628143,0.7078731742073388
0.07243558580456977,0.7078731742073388
0.07243558580456977,0.7082294264339152
0.07243558580456977,0.7085856786604916
0.07252397578114642,0.7085856786604916
0.07252397578114642,0.709832561453509
0.07256817076943474,0.709832561453509
0.07256817076943474,0.7100106875667973
0.07261236575772308,0.7100106875667973
0.07261236575772308,0.7107231920199502
0.07270075573429972,0.7107231920199502
0.07270075573429972,0.7117919486996793
0.07270075573429972,0.7119700748129676
0.07274495072258806,0.7119700748129676
0.07274495072258806,0.7126825792661204
0.07278914571087639,0.7126825792661204
0.07278914571087639,0.7128607053794086
0.07283334069916471,0.7128607053794086
0.07283334069916471,0.7135732098325615
0.07287753568745305,0.7135732098325615
0.07287753568745305,0.714107588172426
0.07287753568745305,0.7142857142857143
0.07305431564060635,0.7142857142857143
0.07305431564060635,0.7144638403990025
0.07314270561718302,0.7144638403990025
0.07314270561718302,0.7146419665122907
0.07323109559375966,0.7146419665122907
0.07323109559375966,0.7149982187388672
0.07323109559375966,0.7158888493053082
0.073275290582048,0.7158888493053082
0.073275290582048,0.7160669754185963
0.07340787554691298,0.7160669754185963
0.07340787554691298,0.7162451015318846
0.07340787554691298,0.7173138582116139
0.07345207053520131,0.7173138582116139
0.07345207053520131,0.717491984324902
0.07349626552348963,0.717491984324902
0.07349626552348963,0.7176701104381903
0.07354046051177797,0.7176701104381903
0.07354046051177797,0.7187388671179195
0.07354046051177797,0.7199857499109369
0.07354046051177797,0.7210545065906662
0.07362885048835462,0.7210545065906662
0.07362885048835462,0.7215888849305309
0.07362885048835462,0.72265764161026
0.07362885048835462,0.7228357677235483
0.07367304547664295,0.7228357677235483
0.07367304547664295,0.7231920199501247
0.07371724046493128,0.7231920199501247
0.07371724046493128,0.7242607766298539
0.0737614354532196,0.7242607766298539
0.0737614354532196,0.7249732810830067
0.0737614354532196,0.725151407196295
0.07389402041808459,0.725151407196295
0.07389402041808459,0.7253295333095832
0.07389402041808459,0.7262201638760242
0.07402660538294957,0.7262201638760242
0.07402660538294957,0.7271107944424653
0.07407080037123791,0.7271107944424653
0.07407080037123791,0.7272889205557534
0.07411499535952623,0.7272889205557534
0.07411499535952623,0.7283576772354827
0.07420338533610289,0.7283576772354827
0.07420338533610289,0.7285358033487709
0.07424758032439122,0.7285358033487709
0.07424758032439122,0.7287139294620592
0.07433597030096788,0.7287139294620592
0.07433597030096788,0.7288920555753473
0.07442436027754452,0.7288920555753473
0.07442436027754452,0.7299608122550766
0.07442436027754452,0.730317064481653
0.07442436027754452,0.7304951905949412
0.07464533521898617,0.7304951905949412
0.07464533521898617,0.7306733167082294
0.07491050514871614,0.7306733167082294
0.07491050514871614,0.7317420733879587
0.07495470013700446,0.7317420733879587
0.07495470013700446,0.7320983256145351
0.07499889512529279,0.7320983256145351
0.07499889512529279,0.7326327039543997
0.07499889512529279,0.7328108300676879
0.07499889512529279,0.7333452084075526
0.07504309011358112,0.7333452084075526
0.07504309011358112,0.7335233345208407
0.07504309011358112,0.73459209120057
0.07504309011358112,0.7347702173138582
0.07508728510186945,0.7347702173138582
0.07508728510186945,0.735482721767011
0.07535245503159942,0.735482721767011
0.07535245503159942,0.7367296045600285
0.07552923498475272,0.7367296045600285
0.07552923498475272,0.7369077306733167
0.07561762496132939,0.7369077306733167
0.07561762496132939,0.7374421090131813
0.07570601493790605,0.7374421090131813
0.07570601493790605,0.7376202351264696
0.07570601493790605,0.7385108656929106
0.07570601493790605,0.7390452440327752
0.07575020992619437,0.7390452440327752
0.07575020992619437,0.7392233701460634
0.07597118486763602,0.7392233701460634
0.07597118486763602,0.739757748485928
0.07597118486763602,0.7399358745992163
0.07605957484421266,0.7399358745992163
0.07605957484421266,0.7406483790523691
0.07614796482078932,0.7406483790523691
0.07614796482078932,0.7408265051656573
0.07614796482078932,0.7413608835055219
0.07614796482078932,0.7417171357320983
0.07623635479736598,0.7417171357320983
0.07623635479736598,0.7418952618453866
0.07623635479736598,0.742251514071963
0.07623635479736598,0.743142144638404
0.07628054978565431,0.743142144638404
0.07628054978565431,0.7433202707516922
0.0764131347505193,0.7433202707516922
0.0764131347505193,0.744032775204845
0.07654571971538428,0.744032775204845
0.07663410969196092,0.744032775204845
0.07667830468024926,0.744032775204845
0.07667830468024926,0.7443890274314214
0.07672249966853759,0.7443890274314214
0.07672249966853759,0.7451015318845743
0.07681088964511425,0.7451015318845743
0.07681088964511425,0.7456359102244389
0.07694347460997923,0.7456359102244389
0.07694347460997923,0.7459921624510153
0.07703186458655588,0.7459921624510153
0.07703186458655588,0.74652654079088
0.07712025456313254,0.74652654079088
0.07712025456313254,0.747417171357321
0.07712025456313254,0.7481296758104738
0.07716444955142086,0.7481296758104738
0.07716444955142086,0.7484859280370503
0.07729703451628585,0.7484859280370503
0.07729703451628585,0.749198432490203
0.07738542449286251,0.749198432490203
0.07747381446943917,0.749198432490203
0.0775180094577275,0.749198432490203
0.0775180094577275,0.7493765586034913
0.07795995934061077,0.7493765586034913
0.07795995934061077,0.7497328108300677
0.07800415432889911,0.7497328108300677
0.07800415432889911,0.7504453152832206
0.07809254430547576,0.7504453152832206
0.07809254430547576,0.7506234413965087
0.07809254430547576,0.751692198076238
0.0781367392937641,0.751692198076238
0.0781367392937641,0.7527609547559673
0.07818093428205242,0.7527609547559673
0.07818093428205242,0.7536515853224083
0.07822512927034074,0.7536515853224083
0.07822512927034074,0.7538297114356964
0.07835771423520572,0.7538297114356964
0.07835771423520572,0.7543640897755611
0.07840190922349406,0.7543640897755611
0.07840190922349406,0.755076594228714
0.07844610421178239,0.755076594228714
0.07844610421178239,0.755967224795155
0.07849029920007071,0.755967224795155
0.07849029920007071,0.7561453509084431
0.0786228841649357,0.7561453509084431
0.0786228841649357,0.7563234770217314
0.07884385910637734,0.7563234770217314
0.07884385910637734,0.7570359814748843
0.07902063905953065,0.7570359814748843
0.07902063905953065,0.7572141075881724
0.07906483404781897,0.7572141075881724
0.07906483404781897,0.7579266120413253
0.07906483404781897,0.7581047381546134
0.07906483404781897,0.7586391164944781
0.07915322402439563,0.7586391164944781
0.07915322402439563,0.7598859992874956
0.0792416140009723,0.7598859992874956
0.0792416140009723,0.7600641254007837
0.07946258894241393,0.7600641254007837
0.07946258894241393,0.761132882080513
0.07946258894241393,0.7616672604203776
0.07950678393070226,0.7616672604203776
0.07950678393070226,0.7625578909868187
0.07955097891899059,0.7625578909868187
0.07955097891899059,0.7627360171001069
0.07963936889556725,0.7627360171001069
0.07963936889556725,0.7630922693266833
0.07977195386043223,0.7630922693266833
0.07977195386043223,0.7632703954399715
0.07981614884872056,0.7632703954399715
0.07981614884872056,0.7638047737798361
0.07981614884872056,0.7648735304595654
0.07981614884872056,0.7652297826861418
0.07999292880187386,0.7652297826861418
0.07999292880187386,0.76540790879943
0.08008131877845052,0.76540790879943
0.08008131877845052,0.7655860349127181
0.08012551376673885,0.7655860349127181
0.08012551376673885,0.7659422871392946
0.08016970875502719,0.7659422871392946
0.08016970875502719,0.766298539365871
0.08025809873160383,0.766298539365871
0.08025809873160383,0.7664766654791593
0.08047907367304548,0.7664766654791593
0.08047907367304548,0.7670110438190239
0.0805232686613338,0.7670110438190239
0.0805232686613338,0.7671891699323121
0.08056746364962214,0.7671891699323121
0.08056746364962214,0.7679016743854649
0.08061165863791046,0.7679016743854649
0.08061165863791046,0.7684360527253296
0.08061165863791046,0.7693266832917706
0.08061165863791046,0.7700391877449234
0.08061165863791046,0.770573566084788
0.08065585362619879,0.770573566084788
0.08065585362619879,0.7707516921980763
0.08078843859106377,0.7707516921980763
0.08078843859106377,0.7709298183113644
0.08096521854421708,0.7709298183113644
0.08096521854421708,0.7711079444246527
0.08100941353250542,0.7711079444246527
0.08100941353250542,0.7714641966512291
0.08118619348565873,0.7714641966512291
0.08118619348565873,0.7718204488778054
0.08131877845052371,0.7718204488778054
0.08131877845052371,0.7719985749910937
0.08131877845052371,0.7725329533309583
0.08140716842710037,0.7725329533309583
0.08140716842710037,0.7728892055575347
0.08140716842710037,0.7736017100106876
0.08140716842710037,0.7737798361239758
0.08140716842710037,0.7744923405771286
0.0814513634153887,0.7744923405771286
0.0814513634153887,0.7746704666904168
0.08153975339196536,0.7746704666904168
0.081628143368542,0.7746704666904168
0.08176072833340699,0.7746704666904168
0.08176072833340699,0.7750267189169933
0.08176072833340699,0.7755610972568578
0.08176072833340699,0.7759173494834343
0.08198170327484863,0.7759173494834343
0.08198170327484863,0.7768079800498753
0.08202589826313696,0.7768079800498753
0.08202589826313696,0.7769861061631635
0.0820700932514253,0.7769861061631635
0.0820700932514253,0.7775204845030281
0.08220267821629028,0.7775204845030281
0.08220267821629028,0.7778767367296046
0.0822468732045786,0.7778767367296046
0.0822468732045786,0.7785892411827574
0.08237945816944359,0.7785892411827574
0.08237945816944359,0.7787673672960456
0.08242365315773191,0.7787673672960456
0.08242365315773191,0.7789454934093338
0.08246784814602025,0.7789454934093338
0.08246784814602025,0.779123619522622
0.0827330180757502,0.779123619522622
0.0827330180757502,0.7803705023156394
0.0827330180757502,0.7805486284289277
0.08282140805232686,0.7805486284289277
0.08282140805232686,0.7807267545422159
0.08290979802890353,0.7807267545422159
0.08290979802890353,0.7809048806555041
0.08290979802890353,0.7814392589953687
0.08304238299376851,0.7814392589953687
0.08304238299376851,0.7817955112219451
0.08304238299376851,0.7821517634485216
0.08304238299376851,0.7828642679016744
0.08304238299376851,0.7830423940149626
0.08326335793521014,0.7830423940149626
0.08326335793521014,0.783398646241539
0.08326335793521014,0.7841111506946918
0.0833517479117868,0.7841111506946918
0.0833517479117868,0.7844674029212683
0.08344013788836346,0.7844674029212683
0.08344013788836346,0.7850017812611328
0.08348433287665179,0.7850017812611328
0.08348433287665179,0.7855361596009975
0.08361691784151677,0.7855361596009975
0.08361691784151677,0.785892411827574
0.0836611128298051,0.785892411827574
0.0836611128298051,0.7860705379408621
0.08374950280638176,0.7860705379408621
0.08374950280638176,0.7862486640541504
0.08383789278295842,0.7862486640541504
0.08383789278295842,0.7866049162807267
0.08388208777124674,0.7866049162807267
0.08388208777124674,0.786783042394015
0.08388208777124674,0.7874955468471678
0.08392628275953506,0.7874955468471678
0.08392628275953506,0.787673672960456
0.0839704777478234,0.787673672960456
0.0839704777478234,0.7878517990737443
0.08405886772440005,0.7878517990737443
0.08405886772440005,0.7882080513003207
0.08410306271268839,0.7882080513003207
0.08410306271268839,0.7889205557534734
0.08414725770097671,0.7889205557534734
0.08414725770097671,0.7890986818667617
0.08414725770097671,0.790167438546491
0.08414725770097671,0.791058069112932
0.08419145268926503,0.791058069112932
0.08419145268926503,0.7917705735660848
0.0842798426658417,0.7917705735660848
0.08432403765413002,0.7917705735660848
0.08432403765413002,0.7921268257926612
0.08432403765413002,0.7931955824723904
0.08436823264241836,0.7931955824723904
0.08436823264241836,0.794442465265408
0.084456622618995,0.794442465265408
0.084456622618995,0.7951549697185607
0.08467759756043665,0.7951549697185607
0.08467759756043665,0.7958674741717136
0.08467759756043665,0.79622372639829
0.08481018252530163,0.79622372639829
0.08481018252530163,0.7964018525115782
0.08494276749016662,0.7964018525115782
0.08494276749016662,0.7965799786248664
0.0850753524550316,0.7965799786248664
0.0850753524550316,0.7969362308514428
0.0850753524550316,0.7976487353045957
0.0850753524550316,0.7978268614178838
0.0850753524550316,0.7981831136444603
0.08516374243160825,0.7981831136444603
0.08516374243160825,0.7983612397577485
0.08516374243160825,0.7994299964374777
0.08534052238476157,0.7994299964374777
0.08534052238476157,0.8003206270039188
0.08542891236133822,0.8003206270039188
0.08542891236133822,0.801389383683648
0.08560569231449154,0.801389383683648
0.08560569231449154,0.8015675097969363
0.08569408229106819,0.8015675097969363
0.08569408229106819,0.8022800142500891
0.08569408229106819,0.8035268970431065
0.08578247226764485,0.8035268970431065
0.08578247226764485,0.8037050231563947
0.08578247226764485,0.8044175276095475
0.08582666725593317,0.8044175276095475
0.08582666725593317,0.8049519059494122
0.08591505723250983,0.8049519059494122
0.08591505723250983,0.805664410402565
0.08591505723250983,0.8058425365158532
0.08591505723250983,0.8063769148557178
0.08591505723250983,0.8070894193088707
0.08595925222079816,0.8070894193088707
0.08595925222079816,0.8078019237620235
0.08595925222079816,0.8079800498753117
0.0860034472090865,0.8079800498753117
0.0860034472090865,0.8083363021018881
0.08604764219737482,0.8083363021018881
0.08604764219737482,0.8086925543284645
0.08613603217395148,0.8086925543284645
0.08613603217395148,0.8095831848949055
0.08626861713881646,0.8095831848949055
0.08626861713881646,0.8097613110081938
0.08626861713881646,0.8110081938012113
0.08626861713881646,0.8120769504809405
0.08635700711539311,0.8120769504809405
0.08635700711539311,0.812433202707517
0.08644539709196977,0.812433202707517
0.08644539709196977,0.8138582116138225
0.0864895920802581,0.8138582116138225
0.0864895920802581,0.8149269682935518
0.08662217704512308,0.8149269682935518
0.08662217704512308,0.8152832205201282
0.08675476200998807,0.8152832205201282
0.08675476200998807,0.8154613466334164
0.08684315198656473,0.8154613466334164
0.08684315198656473,0.8159957249732811
0.08706412692800636,0.8159957249732811
0.08706412692800636,0.8163519771998575
0.08719671189287134,0.8163519771998575
0.08719671189287134,0.816708229426434
0.08724090688115968,0.816708229426434
0.08724090688115968,0.8170644816530104
0.08724090688115968,0.8174207338795868
0.08732929685773633,0.8174207338795868
0.08732929685773633,0.817598859992875
0.08750607681088965,0.817598859992875
0.08750607681088965,0.8181332383327395
0.0875944667874663,0.8181332383327395
0.0875944667874663,0.8197363733523334
0.08763866177575463,0.8197363733523334
0.08763866177575463,0.8206270039187745
0.08777124674061962,0.8206270039187745
0.08777124674061962,0.820983256145351
0.08777124674061962,0.8222301389383684
0.08777124674061962,0.8240114000712504
0.08777124674061962,0.8247239045244033
0.08777124674061962,0.8249020306376915
0.08781544172890794,0.8249020306376915
0.08781544172890794,0.825258282864268
0.08799222168206125,0.825258282864268
0.08799222168206125,0.8257926612041325
0.08799222168206125,0.826148913430709
0.08808061165863791,0.826148913430709
0.08808061165863791,0.8265051656572854
0.08808061165863791,0.82703954399715
0.08812480664692623,0.82703954399715
0.08812480664692623,0.8272176701104382
0.0882131966235029,0.8272176701104382
0.08830158660007956,0.8272176701104382
0.08830158660007956,0.8273957962237264
0.08830158660007956,0.827930174563591
0.08834578158836788,0.827930174563591
0.08834578158836788,0.8293551834698967
0.0883899765766562,0.8293551834698967
0.0883899765766562,0.8295333095831849
0.0883899765766562,0.8298895618097613
0.08865514650638617,0.8298895618097613
0.08865514650638617,0.830423940149626
0.08865514650638617,0.8306020662629141
0.08887612144782782,0.8306020662629141
0.08887612144782782,0.8307801923762024
0.08905290140098113,0.8307801923762024
0.08905290140098113,0.8309583184894905
0.08909709638926945,0.8309583184894905
0.08909709638926945,0.8318489490559317
0.08914129137755779,0.8318489490559317
0.08914129137755779,0.8329177057356608
0.08914129137755779,0.8330958318489491
0.08918548636584611,0.8330958318489491
0.08918548636584611,0.8334520840755255
0.08945065629557608,0.8334520840755255
0.08945065629557608,0.8338083363021019
0.0894948512838644,0.8338083363021019
0.0894948512838644,0.8339864624153901
0.08953904627215274,0.8339864624153901
0.08953904627215274,0.8341645885286783
0.08958324126044107,0.8341645885286783
0.08958324126044107,0.834698966868543
0.08958324126044107,0.8348770929818311
0.08971582622530605,0.8348770929818311
0.08971582622530605,0.8350552190951194
0.08989260617845936,0.8350552190951194
0.08989260617845936,0.8352333452084075
0.08998099615503602,0.8352333452084075
0.08998099615503602,0.8359458496615604
0.09015777610818933,0.8359458496615604
0.09015777610818933,0.8370146063412897
0.09015777610818933,0.8375489846811542
0.09020197109647766,0.8375489846811542
0.09020197109647766,0.8377271107944425
0.09024616608476599,0.8377271107944425
0.09024616608476599,0.8379052369077307
0.09033455606134265,0.8379052369077307
0.09033455606134265,0.8380833630210189
0.09037875104963097,0.8380833630210189
0.09037875104963097,0.8382614891343071
0.09059972599107262,0.8382614891343071
0.09059972599107262,0.8386177413608835
0.09068811596764927,0.8386177413608835
0.09068811596764927,0.839864624153901
0.09090909090909091,0.839864624153901
0.09090909090909091,0.8400427502671892
0.09113006585053254,0.8400427502671892
0.09113006585053254,0.8402208763804774
0.09126265081539753,0.8402208763804774
0.09126265081539753,0.8403990024937655
0.09148362575683917,0.8403990024937655
0.09148362575683917,0.8405771286070538
0.09157201573341583,0.8405771286070538
0.09157201573341583,0.8411115069469184
0.09201396561629911,0.8411115069469184
0.09201396561629911,0.8412896330602067
0.09201396561629911,0.8423583897399358
0.09201396561629911,0.8425365158532241
0.09219074556945242,0.8425365158532241
0.09219074556945242,0.844139650872818
0.09223494055774076,0.844139650872818
0.09223494055774076,0.8444959030993944
0.09280947540548902,0.8444959030993944
0.09280947540548902,0.8446740292126825
0.092942060370354,0.8446740292126825
0.092942060370354,0.845030281439259
0.09316303531179564,0.845030281439259
0.09316303531179564,0.8460990381189882
0.0932514252883723,0.8460990381189882
0.0932514252883723,0.8462771642322765
0.09338401025323728,0.8462771642322765
0.09338401025323728,0.8466334164588528
0.09338401025323728,0.8468115425721411
0.0934282052415256,0.8468115425721411
0.0934282052415256,0.8471677947987175
0.09351659521810227,0.8471677947987175
0.09351659521810227,0.8480584253651585
0.09351659521810227,0.8485928037050231
0.09351659521810227,0.8489490559315995
0.09373757015954391,0.8489490559315995
0.09373757015954391,0.8491271820448878
0.09382596013612056,0.8491271820448878
0.09382596013612056,0.8494834342714642
0.09391435011269722,0.8494834342714642
0.09391435011269722,0.8496615603847524
0.09413532505413887,0.8496615603847524
0.09413532505413887,0.8498396864980406
0.09422371503071551,0.8498396864980406
0.09422371503071551,0.8500178126113288
0.0943562999955805,0.8500178126113288
0.0943562999955805,0.8507303170644817
0.0943562999955805,0.8516209476309227
0.0943562999955805,0.8517990737442109
0.0943562999955805,0.8525115781973638
0.0943562999955805,0.8528678304239401
0.09448888496044548,0.8528678304239401
0.09448888496044548,0.8534022087638048
0.09457727493702214,0.8534022087638048
0.09457727493702214,0.853580334877093
0.09462146992531047,0.853580334877093
0.09462146992531047,0.8544709654435341
0.0946656649135988,0.8544709654435341
0.09475405489017545,0.8544709654435341
0.09475405489017545,0.8553615960099751
0.09475405489017545,0.8557178482365515
0.09475405489017545,0.8560741004631279
0.09475405489017545,0.8566084788029925
0.09501922481990542,0.8566084788029925
0.09501922481990542,0.8569647310295689
0.09501922481990542,0.8580334877092982
0.0951518097847704,0.8580334877092982
0.0951518097847704,0.8582116138225864
0.09519600477305873,0.8582116138225864
0.09519600477305873,0.8583897399358746
0.09528439474963539,0.8583897399358746
0.09528439474963539,0.8585678660491628
0.09532858973792371,0.8585678660491628
0.09532858973792371,0.8587459921624511
0.09559375966765368,0.8587459921624511
0.09559375966765368,0.8589241182757392
0.09568214964423034,0.8589241182757392
0.09568214964423034,0.8594584966156038
0.09590312458567199,0.8594584966156038
0.09590312458567199,0.8598147488421802
0.09594731957396031,0.8598147488421802
0.09594731957396031,0.8601710010687567
0.0960799045388253,0.8601710010687567
0.0960799045388253,0.8605272532953331
0.09612409952711362,0.8605272532953331
0.09612409952711362,0.8614178838617741
0.09638926945684359,0.8614178838617741
0.09638926945684359,0.8615960099750624
0.09656604940999691,0.8615960099750624
0.09656604940999691,0.8621303883149269
0.09661024439828524,0.8621303883149269
0.09661024439828524,0.8624866405415034
0.09665443938657356,0.8624866405415034
0.09665443938657356,0.8626647666547916
0.09674282936315022,0.8626647666547916
0.09674282936315022,0.8633772711079444
0.0968754143280152,0.8633772711079444
0.0968754143280152,0.8635553972212326
0.09696380430459185,0.8635553972212326
0.09696380430459185,0.8639116494478091
0.09700799929288019,0.8639116494478091
0.09700799929288019,0.8640897755610972
0.09722897423432182,0.8640897755610972
0.09722897423432182,0.8642679016743855
0.0973615591991868,0.8642679016743855
0.0973615591991868,0.8646241539009619
0.09740575418747514,0.8646241539009619
0.09740575418747514,0.8658710366939794
0.09744994917576347,0.8658710366939794
0.09744994917576347,0.8660491628072675
0.09784770407035842,0.8660491628072675
0.09784770407035842,0.8662272889205558
0.09784770407035842,0.8667616672604204
0.09802448402351173,0.8667616672604204
0.09802448402351173,0.8674741717135732
0.09806867901180007,0.8674741717135732
0.09806867901180007,0.8687210545065907
0.09811287400008839,0.8687210545065907
0.09811287400008839,0.8694335589597435
0.09820126397666505,0.8694335589597435
0.09820126397666505,0.8696116850730317
0.09824545896495337,0.8696116850730317
0.09824545896495337,0.8701460634128964
0.0982896539532417,0.8701460634128964
0.0982896539532417,0.8705023156394728
0.09855482388297167,0.8705023156394728
0.09855482388297167,0.8706804417527609
0.09873160383612499,0.8706804417527609
0.09873160383612499,0.8708585678660492
0.0989083837892783,0.8708585678660492
0.0989083837892783,0.8710366939793374
0.0990851637424316,0.8710366939793374
0.0990851637424316,0.8712148200926256
0.0990851637424316,0.8719273245457784
0.09930613868387325,0.8719273245457784
0.09930613868387325,0.8721054506590666
0.0993945286604499,0.8721054506590666
0.0993945286604499,0.8722835767723548
0.09943872364873824,0.8722835767723548
0.09943872364873824,0.8724617028856431
0.09943872364873824,0.8733523334520841
0.09943872364873824,0.8735304595653722
0.09952711362531488,0.8735304595653722
0.09952711362531488,0.8740648379052369
0.09961550360189154,0.8740648379052369
0.09961550360189154,0.8751335945849662
0.09961550360189154,0.8753117206982544
0.09965969859017987,0.8753117206982544
0.09965969859017987,0.8763804773779836
0.09965969859017987,0.8769148557178482
0.09983647854333319,0.8769148557178482
0.09983647854333319,0.8772711079444246
0.09983647854333319,0.8774492340577129
0.1000132584964865,0.8774492340577129
0.1000132584964865,0.8778054862842892
0.1000132584964865,0.8779836123975775
0.10005745348477482,0.8779836123975775
0.10005745348477482,0.8781617385108657
0.10014584346135148,0.8781617385108657
0.10014584346135148,0.8783398646241539
0.10027842842621647,0.8783398646241539
0.10027842842621647,0.8786961168507303
0.10045520837936978,0.8786961168507303
0.10045520837936978,0.8797648735304595
0.10058779334423476,0.8797648735304595
0.10058779334423476,0.8801211257570359
0.10058779334423476,0.8808336302101888
0.10058779334423476,0.8810117563234771
0.1006319883325231,0.8810117563234771
0.1006319883325231,0.8811898824367652
0.10076457329738808,0.8811898824367652
0.10076457329738808,0.8813680085500535
0.10102974322711804,0.8813680085500535
0.10102974322711804,0.8817242607766299
0.10107393821540638,0.8817242607766299
0.10107393821540638,0.8820805130032062
0.10116232819198302,0.8820805130032062
0.10116232819198302,0.8822586391164945
0.10125071816855968,0.8822586391164945
0.10125071816855968,0.8826148913430709
0.10129491315684801,0.8826148913430709
0.10129491315684801,0.8833273957962238
0.10129491315684801,0.8835055219095119
0.10156008308657798,0.8835055219095119
0.10156008308657798,0.8836836480228002
0.10169266805144296,0.8836836480228002
0.10169266805144296,0.8845742785892412
0.10178105802801962,0.8845742785892412
0.10178105802801962,0.885286783042394
0.10182525301630795,0.885286783042394
0.10182525301630795,0.8859992874955468
0.10182525301630795,0.8861774136088351
0.10186944800459628,0.8861774136088351
0.10186944800459628,0.8863555397221232
0.10209042294603791,0.8863555397221232
0.10209042294603791,0.8867117919486996
0.10209042294603791,0.8868899180619879
0.10213461793432625,0.8868899180619879
0.10213461793432625,0.8877805486284289
0.10270915278207451,0.8877805486284289
0.10270915278207451,0.8879586747417172
0.10288593273522782,0.8879586747417172
0.10288593273522782,0.8888493053081582
0.1033278826181111,0.8888493053081582
0.1033278826181111,0.8892055575347346
0.10376983250099439,0.8892055575347346
0.10376983250099439,0.8900961881011756
0.10399080744243602,0.8900961881011756
0.10399080744243602,0.8902743142144638
0.10412339240730101,0.8902743142144638
0.10412339240730101,0.8906305664410402
0.10430017236045433,0.8906305664410402
0.10430017236045433,0.8916993231207695
0.1045653422901843,0.8916993231207695
0.1045653422901843,0.8920555753473459
0.10465373226676095,0.8920555753473459
0.10465373226676095,0.8931243320270752
0.10483051221991427,0.8931243320270752
0.10483051221991427,0.8933024581403634
0.10487470720820259,0.8933024581403634
0.10487470720820259,0.8936587103669398
0.10527246210279755,0.8936587103669398
0.10527246210279755,0.893836836480228
0.10575860697396915,0.893836836480228
0.10575860697396915,0.8940149625935162
0.10602377690369912,0.8940149625935162
0.10602377690369912,0.8949055931599572
0.10606797189198745,0.8949055931599572
0.10606797189198745,0.8957962237263983
0.10606797189198745,0.8965087281795511
0.10624475184514076,0.8965087281795511
0.10624475184514076,0.8966868542928393
0.10633314182171742,0.8966868542928393
0.10642153179829407,0.8966868542928393
0.10659831175144739,0.8966868542928393
0.10659831175144739,0.8968649804061275
0.10673089671631238,0.8968649804061275
0.10673089671631238,0.8972212326327039
0.10686348168117736,0.8972212326327039
0.10686348168117736,0.8975774848592804
0.10695187165775401,0.8975774848592804
0.10695187165775401,0.8977556109725686
0.10712865161090733,0.8977556109725686
0.10712865161090733,0.898111863199145
0.10761479648207893,0.898111863199145
0.10761479648207893,0.8982899893124332
0.10779157643523224,0.8982899893124332
0.10779157643523224,0.8984681154257214
0.10818933132982719,0.8984681154257214
0.10818933132982719,0.8988243676522978
0.10836611128298052,0.8988243676522978
0.10836611128298052,0.899002493765586
0.10867547620099881,0.899002493765586
0.10867547620099881,0.8995368721054506
0.10876386617757547,0.8995368721054506
0.10876386617757547,0.8997149982187389
0.10880806116586379,0.8997149982187389
0.10880806116586379,0.9000712504453153
0.10902903610730544,0.9000712504453153
0.10902903610730544,0.9004275026718916
0.10911742608388209,0.9004275026718916
0.10920581606045875,0.9004275026718916
0.10938259601361205,0.9004275026718916
0.10938259601361205,0.9006056287851799
0.10995713086136032,0.9006056287851799
0.10995713086136032,0.9011400071250445
0.11000132584964865,0.9011400071250445
0.11000132584964865,0.9014962593516209
0.11017810580280196,0.9014962593516209
0.11017810580280196,0.9016743854649092
0.11048747072082025,0.9016743854649092
0.11048747072082025,0.9022087638047738
0.11057586069739692,0.9022087638047738
0.11057586069739692,0.902386889918062
0.11062005568568524,0.902386889918062
0.11062005568568524,0.9027431421446384
0.11088522561541521,0.9027431421446384
0.11088522561541521,0.9029212682579266
0.11106200556856853,0.9029212682579266
0.11106200556856853,0.9036337727110795
0.11119459053343352,0.9036337727110795
0.11119459053343352,0.9038118988243676
0.11123878552172184,0.9038118988243676
0.11123878552172184,0.9047025293908086
0.11128298051001016,0.9047025293908086
0.11128298051001016,0.9052369077306733
0.11141556547487515,0.9052369077306733
0.11141556547487515,0.9054150338439615
0.11141556547487515,0.9057712860705379
0.11145976046316347,0.9057712860705379
0.11145976046316347,0.9064837905236908
0.11150395545145181,0.9064837905236908
0.11150395545145181,0.9071962949768436
0.11154815043974013,0.9071962949768436
0.11154815043974013,0.9080869255432846
0.11176912538118178,0.9080869255432846
0.11185751535775842,0.9080869255432846
0.11207849029920007,0.9080869255432846
0.11207849029920007,0.9082650516565729
0.11229946524064172,0.9082650516565729
0.11229946524064172,0.9089775561097256
0.11247624519379502,0.9089775561097256
0.11247624519379502,0.9095119344495903
0.1129181950766783,0.9095119344495903
0.1129181950766783,0.9100463127894549
0.11300658505325496,0.9100463127894549
0.11300658505325496,0.9102244389027432
0.11300658505325496,0.9105806911293196
0.11305078004154329,0.9105806911293196
0.11305078004154329,0.9109369433558959
0.11344853493613824,0.9109369433558959
0.11344853493613824,0.911827573922337
0.1138462898307332,0.911827573922337
0.1138462898307332,0.9128963306020662
0.11393467980730985,0.9128963306020662
0.11393467980730985,0.9134307089419309
0.11411145976046316,0.9134307089419309
0.11411145976046316,0.9137869611685073
0.11415565474875149,0.9137869611685073
0.11415565474875149,0.9139650872817955
0.11415565474875149,0.9144994656216602
0.11419984973703982,0.9144994656216602
0.11419984973703982,0.9152119700748129
0.11450921465505812,0.9152119700748129
0.11450921465505812,0.9155682223013893
0.11473018959649976,0.9155682223013893
0.11473018959649976,0.9157463484146776
0.11477438458478809,0.9157463484146776
0.11477438458478809,0.9159244745279658
0.11481857957307641,0.9159244745279658
0.11481857957307641,0.9162807267545422
0.11481857957307641,0.9164588528678305
0.11508374950280638,0.9164588528678305
0.11508374950280638,0.9171713573209832
0.11508374950280638,0.9173494834342715
0.11561408936226632,0.9173494834342715
0.11561408936226632,0.9178838617741361
0.11561408936226632,0.9180619878874243
0.11565828435055464,0.9180619878874243
0.11565828435055464,0.9184182401140008
0.11583506430370796,0.9184182401140008
0.11583506430370796,0.9187744923405772
0.11614442922172626,0.9187744923405772
0.11614442922172626,0.9191307445671535
0.11618862421001458,0.9191307445671535
0.11618862421001458,0.9194869967937299
0.11663057409289787,0.9194869967937299
0.11663057409289787,0.9196651229070182
0.11663057409289787,0.920377627360171
0.11707252397578115,0.920377627360171
0.11716091395235781,0.920377627360171
0.11733769390551112,0.920377627360171
0.11733769390551112,0.9209120057000356
0.11764705882352941,0.9209120057000356
0.11764705882352941,0.9219807623797649
0.11769125381181773,0.9219807623797649
0.11769125381181773,0.922158888493053
0.11813320369470102,0.922158888493053
0.11813320369470102,0.9225151407196295
0.11861934856587263,0.9225151407196295
0.11861934856587263,0.9239401496259352
0.11870773854244929,0.9239401496259352
0.11870773854244929,0.9242964018525116
0.11875193353073761,0.9242964018525116
0.11875193353073761,0.924652654079088
0.11879612851902595,0.924652654079088
0.11879612851902595,0.9248307801923762
0.1196800282847925,0.9248307801923762
0.1196800282847925,0.9251870324189526
0.11981261324965749,0.9251870324189526
0.1199893932028108,0.9251870324189526
0.1199893932028108,0.9253651585322408
0.1202987581208291,0.9253651585322408
0.1202987581208291,0.925543284645529
0.12043134308569409,0.925543284645529
0.12043134308569409,0.9262557890986819
0.12043134308569409,0.92643391521197
0.12065231802713572,0.92643391521197
0.12065231802713572,0.9266120413252583
0.12082909798028904,0.9266120413252583
0.12082909798028904,0.9267901674385465
0.12153621779290229,0.9267901674385465
0.12153621779290229,0.9271464196651229
0.12153621779290229,0.9278589241182758
0.12242011755866884,0.9278589241182758
0.12242011755866884,0.9282151763448522
0.1225085075352455,0.9282151763448522
0.1225085075352455,0.9283933024581403
0.1225085075352455,0.9296401852511578
0.12303884739470544,0.9296401852511578
0.12303884739470544,0.9303526897043106
0.12303884739470544,0.930708941930887
0.12303884739470544,0.9324902030637692
0.1231272373712821,0.9324902030637692
0.1231272373712821,0.9326683291770573
0.12325982233614709,0.9326683291770573
0.12325982233614709,0.933202707516922
0.12330401732443541,0.933202707516922
0.12330401732443541,0.9333808336302102
0.12352499226587704,0.9333808336302102
0.12352499226587704,0.9335589597434985
0.12352499226587704,0.9339152119700748
0.12352499226587704,0.9344495903099395
0.1236133822424537,0.9344495903099395
0.1236133822424537,0.9351620947630923
0.12445308701993194,0.9351620947630923
0.12445308701993194,0.9353402208763805
0.1245414769965086,0.9353402208763805
0.1245414769965086,0.9356964731029569
0.12458567198479692,0.9356964731029569
0.12458567198479692,0.9364089775561097
0.12476245193795024,0.9364089775561097
0.12476245193795024,0.9367652297826862
0.12498342687939187,0.9367652297826862
0.12498342687939187,0.9376558603491272
0.1250276218676802,0.9376558603491272
0.1250276218676802,0.9380121125757036
0.12507181685596852,0.9380121125757036
0.12507181685596852,0.93836836480228
0.1251602068325452,0.93836836480228
0.1251602068325452,0.9390808692554329
0.1253369867856985,0.9390808692554329
0.1253369867856985,0.9396152475952975
0.12538118177398683,0.9396152475952975
0.12538118177398683,0.9397933737085857
0.12555796172714015,0.9397933737085857
0.12555796172714015,0.9403277520484503
0.12586732664515843,0.9403277520484503
0.12586732664515843,0.9408621303883149
0.12591152163344677,0.9408621303883149
0.12591152163344677,0.9412183826148913
0.12591152163344677,0.9413965087281796
0.1259557166217351,0.9413965087281796
0.1259557166217351,0.941752760954756
0.12604410659831175,0.941752760954756
0.12604410659831175,0.9421090131813323
0.1261324965748884,0.9421090131813323
0.1261324965748884,0.9424652654079088
0.12617669156317673,0.9424652654079088
0.12617669156317673,0.9437121482009263
0.12622088655146507,0.9437121482009263
0.12622088655146507,0.9442465265407909
0.12635347151633006,0.9442465265407909
0.12635347151633006,0.9453152832205202
0.12635347151633006,0.9454934093338083
0.1264418614929067,0.9454934093338083
0.1264418614929067,0.9456715354470966
0.1264418614929067,0.946027787673673
0.12661864144606003,0.946027787673673
0.12661864144606003,0.9470965443534022
0.12666283643434834,0.9470965443534022
0.12666283643434834,0.9476309226932669
0.12688381137579,0.9476309226932669
0.12688381137579,0.9479871749198433
0.12741415123524993,0.9479871749198433
0.12750254121182658,0.9479871749198433
0.12763512617669157,0.9479871749198433
0.12763512617669157,0.9481653010331315
0.12798868608299818,0.9481653010331315
0.12798868608299818,0.9490559315995725
0.12807707605957486,0.9490559315995725
0.12807707605957486,0.9492340577128607
0.12820966102443984,0.9492340577128607
0.12820966102443984,0.9495903099394372
0.12825385601272815,0.9495903099394372
0.12825385601272815,0.9501246882793017
0.1286516109073231,0.9501246882793017
0.1286516109073231,0.9506590666191663
0.12891678083705307,0.9506590666191663
0.12900517081362972,0.9506590666191663
0.12966809563795464,0.9506590666191663
0.12966809563795464,0.9508371927324546
0.1298890705793963,0.9508371927324546
0.1298890705793963,0.951193444959031
0.12997746055597295,0.951193444959031
0.12997746055597295,0.9515496971856074
0.13011004552083794,0.9515496971856074
0.13011004552083794,0.9517278232988956
0.13055199540372123,0.9517278232988956
0.13055199540372123,0.9519059494121839
0.1306845803685862,0.9519059494121839
0.1306845803685862,0.952084075525472
0.13077297034516286,0.952084075525472
0.13077297034516286,0.9522622016387603
0.13227559994696603,0.9522622016387603
0.13227559994696603,0.9524403277520485
0.13245237990011932,0.9524403277520485
0.13245237990011932,0.9531528322052013
0.13262915985327264,0.9531528322052013
0.13262915985327264,0.9533309583184895
0.1330269147478676,0.9533309583184895
0.1330269147478676,0.9535090844317777
0.13324788968930923,0.9535090844317777
0.13324788968930923,0.9542215888849306
0.13346886463075086,0.9542215888849306
0.13346886463075086,0.9545778411115069
0.13368983957219252,0.9545778411115069
0.13368983957219252,0.9547559672247952
0.1339992044902108,0.9547559672247952
0.1339992044902108,0.9551122194513716
0.1339992044902108,0.9552903455646597
0.13408759446678747,0.9552903455646597
0.13408759446678747,0.9560028500178126
0.13413178945507578,0.9560028500178126
0.13413178945507578,0.9561809761311009
0.13413178945507578,0.9567153544709655
0.13422017943165246,0.9567153544709655
0.13422017943165246,0.9570716066975419
0.1344411543730941,0.9570716066975419
0.1344411543730941,0.9576059850374065
0.13448534936138243,0.9576059850374065
0.13448534936138243,0.9577841111506947
0.13470632430282406,0.9577841111506947
0.13470632430282406,0.9579622372639829
0.13550183409201397,0.9579622372639829
0.13550183409201397,0.9584966156038476
0.13594378397489726,0.9584966156038476
0.13594378397489726,0.9586747417171357
0.1364741238343572,0.9586747417171357
0.1364741238343572,0.9590309939437122
0.1366509037875105,0.9590309939437122
0.1366509037875105,0.9600997506234414
0.13669509877579883,0.9600997506234414
0.13669509877579883,0.9611685073031706
0.13704865868210545,0.9611685073031706
0.13704865868210545,0.9629497684360527
0.1371370486586821,0.9629497684360527
0.1371370486586821,0.964018525115782
0.13810933840102532,0.964018525115782
0.13810933840102532,0.9647310295689348
0.13987713793255846,0.9647310295689348
0.13987713793255846,0.964909155682223
0.14000972289742344,0.964909155682223
0.14000972289742344,0.9659779123619523
0.1400981128740001,0.9659779123619523
0.1400981128740001,0.9661560384752405
0.14071684271003668,0.9661560384752405
0.14071684271003668,0.9668685429283933
0.14098201263976665,0.9668685429283933
0.14098201263976665,0.9670466690416815
0.1413797675343616,0.9670466690416815
0.1413797675343616,0.9679372996081226
0.14151235249922658,0.9679372996081226
0.14151235249922658,0.9681154257214107
0.14221947231183985,0.9681154257214107
0.14221947231183985,0.968293551834699
0.1440314668316613,0.968293551834699
0.1440314668316613,0.9684716779479872
0.14442922172625625,0.9684716779479872
0.14442922172625625,0.96918418240114
0.1445176117028329,0.96918418240114
0.1445176117028329,0.9698966868542929
0.14571087638661775,0.9698966868542929
0.14571087638661775,0.9704310651941574
0.1483183806956291,0.9704310651941574
0.1483183806956291,0.9706091913074457
0.14840677067220578,0.9706091913074457
0.149246475449684,0.9706091913074457
0.149246475449684,0.9713216957605985
0.14933486542626065,0.9713216957605985
0.14933486542626065,0.9714998218738867
0.15083749502806382,0.9714998218738867
0.15083749502806382,0.9722123263270396
0.15185397975869536,0.9722123263270396
0.15194236973527203,0.9722123263270396
0.15313563441905687,0.9722123263270396
0.15313563441905687,0.9723904524403277
0.1534891943253635,0.9723904524403277
0.1534891943253635,0.972568578553616
0.15472665399743668,0.972568578553616
0.15472665399743668,0.9727467046669042
0.15645025854068148,0.9727467046669042
0.15645025854068148,0.9736373352333452
0.1569364034118531,0.9736373352333452
0.1569364034118531,0.9738154613466334
0.15733415830644804,0.9738154613466334
0.15733415830644804,0.9739935874599216
0.1583948380253679,0.9739935874599216
0.1583948380253679,0.9741717135732099
0.15879259291996287,0.9741717135732099
0.15879259291996287,0.9750623441396509
0.15892517788482785,0.9750623441396509
0.15901356786140453,0.9750623441396509
0.15923454280284616,0.9750623441396509
0.1593229327794228,0.9750623441396509
0.15967649268572945,0.9750623441396509
0.1597648826623061,0.9750623441396509
0.1600742475803244,0.9750623441396509
0.1600742475803244,0.975240470252939
0.160560392451496,0.975240470252939
0.160560392451496,0.9757748485928037
0.1608697573695143,0.9757748485928037
0.16095814734609096,0.9757748485928037
0.16188624210014585,0.9757748485928037
0.16188624210014585,0.9759529747060919
0.1622839969947408,0.9759529747060919
0.1622839969947408,0.9761311008193801
0.16259336191275908,0.9761311008193801
0.16259336191275908,0.976843605272533
0.16259336191275908,0.9779123619522622
0.16268175188933576,0.9779123619522622
0.16268175188933576,0.9780904880655504
0.16299111680735404,0.9780904880655504
0.16299111680735404,0.9782686141788386
0.16343306669023733,0.9782686141788386
0.16343306669023733,0.9784467402921269
0.16427277146771557,0.9784467402921269
0.16427277146771557,0.978624866405415
0.16604057099924868,0.978624866405415
0.16604057099924868,0.9788029925187033
0.16661510584699696,0.9788029925187033
0.16661510584699696,0.9793373708585679
0.1667034958235736,0.9793373708585679
0.1667034958235736,0.9800498753117207
0.16692447076501524,0.9800498753117207
0.16692447076501524,0.9802280014250089
0.1674990056127635,0.9802280014250089
0.1674990056127635,0.9809405058781617
0.16754320060105185,0.9809405058781617
0.16754320060105185,0.9814748842180263
0.16780837053078182,0.9814748842180263
0.16780837053078182,0.9818311364446027
0.16789676050735847,0.9818311364446027
0.16789676050735847,0.982009262557891
0.16829451540195342,0.982009262557891
0.16829451540195342,0.9827217670110439
0.17050426481636982,0.9827217670110439
0.17050426481636982,0.9830780192376203
0.171874309453308,0.9830780192376203
0.171874309453308,0.9841467759173494
0.17196269942988465,0.9841467759173494
0.17196269942988465,0.9843249020306377
0.17231625933619127,0.9843249020306377
0.17240464931276794,0.9843249020306377
0.17271401423078622,0.9843249020306377
0.17271401423078622,0.9845030281439259
0.1732885490785345,0.9845030281439259
0.1732885490785345,0.9852155325970787
0.17342113404339948,0.9852155325970787
0.17342113404339948,0.985393658710367
0.1742608388208777,0.985393658710367
0.1742608388208777,0.9859280370502316
0.1767357581650241,0.9859280370502316
0.1767357581650241,0.9861061631635197
0.17806160781367392,0.9861061631635197
0.17806160781367392,0.9866405415033844
0.17885711760286382,0.9866405415033844
0.17885711760286382,0.9868186676166726
0.18005038228664869,0.9868186676166726
0.18005038228664869,0.9869967937299609
0.18058072214610862,0.9869967937299609
0.18058072214610862,0.987174919843249
0.18186237680647013,0.987174919843249
0.18186237680647013,0.9873530459565373
0.1822601317010651,0.9873530459565373
0.1822601317010651,0.98806555040969
0.18663543554160958,0.98806555040969
0.18672382551818623,0.98806555040969
0.19008264462809918,0.98806555040969
0.19017103460467583,0.98806555040969
0.1925133689839572,0.98806555040969
0.1925133689839572,0.9882436765229783
0.19675608785963672,0.9882436765229783
0.19675608785963672,0.9884218026362664
0.20400406593892254,0.9884218026362664
0.20409245591549918,0.9884218026362664
0.2050647456578424,0.9884218026362664
0.2050647456578424,0.9887780548628429
0.21094267910019004,0.9887780548628429
0.2110310690767667,0.9887780548628429
0.21346179343262475,0.9887780548628429
0.2135501834092014,0.9887780548628429
0.21363857338577805,0.9887780548628429
0.21363857338577805,0.9900249376558603
0.21372696336235472,0.9900249376558603
0.21372696336235472,0.9907374421090132
0.214036328280373,0.9907374421090132
0.214036328280373,0.9916280726754543
0.21642285764794272,0.9916280726754543
0.21642285764794272,0.9918061987887424
0.21823485216776417,0.9918061987887424
0.21832324214434085,0.9918061987887424
0.2228311309497503,0.9918061987887424
0.2228311309497503,0.9930530815817599
0.22384761568038183,0.9930530815817599
0.22384761568038183,0.9939437121482009
0.22389181066867017,0.9939437121482009
0.22398020064524682,0.9939437121482009
0.22557122022362663,0.9939437121482009
0.2256596102002033,0.9939437121482009
0.22910681928669288,0.9939437121482009
0.22919520926326956,0.9939437121482009
0.2321120784902992,0.9939437121482009
0.23220046846687586,0.9939437121482009
0.2380784019092235,0.9939437121482009
0.23816679188580014,0.9939437121482009
0.24355858045697618,0.9939437121482009
0.24355858045697618,0.9941218382614891
0.24448667521103107,0.9941218382614891
0.24448667521103107,0.9942999643747773
0.24833163919211562,0.9942999643747773
0.24842002916869227,0.9942999643747773
0.2534582578335617,0.9942999643747773
0.2535466478101383,0.9942999643747773
0.25420957263446325,0.9942999643747773
0.25429796261103993,0.9942999643747773
0.2558447872011314,0.9942999643747773
0.2558447872011314,0.9944780904880656
0.2600433110885226,0.9944780904880656
0.2601317010650992,0.9944780904880656
0.26048526097140584,0.9944780904880656
0.2605736509479825,0.9944780904880656
0.2624298404560923,0.9944780904880656
0.2624298404560923,0.9951905949412184
0.2627834003623989,0.9951905949412184
0.2627834003623989,0.9953687210545066
0.267910019003845,0.9953687210545066
0.2679984089804216,0.9953687210545066
0.27741194148583553,0.9953687210545066
0.27750033146241215,0.9953687210545066
0.2861183541786361,0.9953687210545066
0.2862067441552128,0.9953687210545066
0.2867812790029611,0.9953687210545066
0.2867812790029611,0.9955468471677948
0.29226145755071375,0.9955468471677948
0.29226145755071375,0.995724973281083
0.30070270031378443,0.995724973281083
0.30070270031378443,0.9959030993943712
0.3008352852786494,0.9959030993943712
0.30092367525522606,0.9959030993943712
0.3053873690723472,0.9959030993943712
0.3054757590489239,0.9959030993943712
0.31396119680028284,0.9959030993943712
0.3140495867768595,0.9959030993943712
0.32010430017236047,0.9959030993943712
0.32010430017236047,0.9960812255076594
0.32204887965704687,0.9960812255076594
0.32204887965704687,0.9967937299608123
0.3250541388606532,0.9967937299608123
0.3251425288372299,0.9967937299608123
0.33314182171741724,0.9967937299608123
0.3332302116939939,0.9967937299608123
0.3344676713660671,0.9967937299608123
0.33455606134264376,0.9967937299608123
0.34092013965616297,0.9967937299608123
0.34100852963273964,0.9967937299608123
0.34622353825076235,0.9967937299608123
0.346311928227339,0.9967937299608123
0.34666548813364567,0.9967937299608123
0.3467538781102223,0.9967937299608123
0.3543554160958147,0.9967937299608123
0.3544438060723914,0.9967937299608123
0.3634595836832103,0.9967937299608123
0.36354797365978697,0.9967937299608123
0.3638573385778053,0.9967937299608123
0.36394572855438195,0.9967937299608123
0.36412250850753525,0.9967937299608123
0.3642108984841119,0.9967937299608123
0.37061917178591947,0.9967937299608123
0.37061917178591947,0.9969718560741004
0.3757015954390772,0.9969718560741004
0.37578998541565384,0.9969718560741004
0.37906041454899014,0.9969718560741004
0.3791488045255668,0.9969718560741004
0.3815795288814248,0.9969718560741004
0.3816679188580015,0.9969718560741004
0.3820656737525965,0.9969718560741004
0.3821540637291731,0.9969718560741004
0.38595483272196934,0.9969718560741004
0.38604322269854596,0.9969718560741004
0.3865293675697176,0.9969718560741004
0.38661775754629424,0.9969718560741004
0.3871480974057542,0.9969718560741004
0.38723648738233085,0.9969718560741004
0.39718035974720467,0.9969718560741004
0.39726874972378134,0.9969718560741004
0.39855040438414285,0.9969718560741004
0.3986387943607195,0.9969718560741004
0.4018208335174791,0.9969718560741004
0.4019092234940558,0.9969718560741004
0.408803641667035,0.9969718560741004
0.4088920316436116,0.9969718560741004
0.41145534096433467,0.9969718560741004
0.4115437309409113,0.9969718560741004
0.41286958058956114,0.9969718560741004
0.41286958058956114,0.9975062344139651
0.4161842047111858,0.9975062344139651
0.4162725946877624,0.9975062344139651
0.4319176205418306,0.9975062344139651
0.4320060105184072,0.9975062344139651
0.44575065187607726,0.9975062344139651
0.4458390418526539,0.9975062344139651
0.46046758297609053,0.9975062344139651
0.46055597295266715,0.9975062344139651
0.4610421178238388,0.9975062344139651
0.46117470278870376,0.9975062344139651
0.46479869182834666,0.9975062344139651
0.46488708180492333,0.9975062344139651
0.4658151765589782,0.9975062344139651
0.46590356653555487,0.9975062344139651
0.4661245414769965,0.9975062344139651
0.4662129314535732,0.9975062344139651
0.473195739603129,0.9975062344139651
0.47328412957970567,0.9975062344139651
0.47788040836169177,0.9975062344139651
0.47796879833826844,0.9975062344139651
0.47876430812745835,0.9975062344139651
0.478852698104035,0.9975062344139651
0.4814602024130464,0.9975062344139651
0.481548592389623,0.9975062344139651
0.48190215229592964,0.9975062344139651
0.4819905422725063,0.9975062344139651
0.489901445176117,0.9975062344139651
0.4899898351526937,0.9975062344139651
0.4947628938878331,0.9975062344139651
0.4948954788526981,0.9975062344139651
0.4956467936535997,0.9975062344139651
0.4957351836301763,0.9975062344139651
0.4981659079860344,0.9975062344139651
0.49825429796261106,0.9975062344139651
0.5064745657842401,0.9975062344139651
0.5065629557608167,0.9975062344139651
0.5139877137932558,0.9975062344139651
0.5140761037698325,0.9975062344139651
0.5216334467671366,0.9975062344139651
0.5217218367437133,0.9975062344139651
0.5226941264860565,0.9975062344139651
0.5227825164626332,0.9975062344139651
0.5232686613338048,0.9975062344139651
0.5233570513103813,0.9975062344139651
0.5358642329959783,0.9975062344139651
0.5359526229725549,0.9975062344139651
0.538118177398683,0.9975062344139651
0.5382065673752596,0.9975062344139651
0.5444380607239139,0.9975062344139651
0.5445264507004905,0.9975062344139651
0.5470013700446369,0.9975062344139651
0.5470897600212136,0.9975062344139651
0.5471781499977902,0.9975062344139651
0.5472665399743669,0.9975062344139651
0.5574755822689706,0.9975062344139651
0.5575639722455473,0.9975062344139651
0.5609227913554603,0.9975062344139651
0.561011181332037,0.9975062344139651
0.5659610200203297,0.9975062344139651
0.5659610200203297,0.9976843605272533
0.5767887921509701,0.9976843605272533
0.5768771821275467,0.9976843605272533
0.5825341406284528,0.9976843605272533
0.5825341406284528,0.9978624866405416
0.5850532549608874,0.9978624866405416
0.5851416449374641,0.9978624866405416
0.5956600521500862,0.9978624866405416
0.5957484421266629,0.9978624866405416
0.6027312502762187,0.9978624866405416
0.6027312502762187,0.9992874955468471
0.6144429221726256,0.9992874955468471
0.614619702125779,0.9992874955468471
0.6181111062005569,0.9992874955468471
0.6181994961771335,0.9992874955468471
0.6193485658726301,0.9992874955468471
0.6194369558492067,0.9992874955468471
0.6264639589870509,0.9992874955468471
0.6265523489636275,0.9992874955468471
0.628629513413179,0.9992874955468471
0.628762098378044,0.9992874955468471
0.6323860874176869,0.9992874955468471
0.6323860874176869,0.9994656216601354
0.6383966058248994,0.9994656216601354
0.6384849958014761,0.9994656216601354
0.6470588235294118,0.9994656216601354
0.6471472135059885,0.9994656216601354
0.6488708180492332,0.9994656216601354
0.6489592080258099,0.9994656216601354
0.6632783842312282,0.9994656216601354
0.6633667742078049,0.9994656216601354
0.665399743669068,0.9994656216601354
0.6654881336456446,0.9994656216601354
0.6701286074159191,0.9994656216601354
0.6702169973924957,0.9994656216601354
0.6704379723339373,0.9994656216601354
0.670526362310514,0.9994656216601354
0.6722941618420472,0.9994656216601354
0.6723825518186237,0.9994656216601354
0.6734432315375436,0.9994656216601354
0.6734432315375436,0.9996437477734236
0.6760949308348433,0.9996437477734236
0.67618332081142,0.9996437477734236
0.6764042957528617,0.9996437477734236
0.6764926857294383,0.9996437477734236
0.6769788306006099,0.9996437477734236
0.6770672205771866,0.9996437477734236
0.6821496442303443,0.9996437477734236
0.682238034206921,0.9996437477734236
0.6858178282582755,0.9996437477734236
0.6859062182348522,0.9996437477734236
0.6905024970168383,0.9996437477734236
0.690590886993415,0.9996437477734236
0.6908560569231449,0.9996437477734236
0.6909444468997216,0.9996437477734236
0.6974853051663942,0.9996437477734236
0.6975736951429707,0.9996437477734236
0.698148229990719,0.9996437477734236
0.6982366199672957,0.9996437477734236
0.7041587483979317,0.9996437477734236
0.7042471383745084,0.9996437477734236
0.7054845980465815,0.9996437477734236
0.7055729880231582,0.9996437477734236
0.7114509214655058,0.9996437477734236
0.7115393114420825,0.9996437477734236
0.7116277014186592,0.9996437477734236
0.7117160913952357,0.9996437477734236
0.7153400804348787,0.9996437477734236
0.7153400804348787,1.0
0.7295708666637203,1.0
0.729659256640297,1.0
0.7301012065231802,1.0
0.7301895964997569,1.0
0.7426967781853537,1.0
0.7427851681619304,1.0
0.7490166615105847,1.0
0.7491050514871613,1.0
0.7514031908781544,1.0
0.7514915808547311,1.0
0.7549387899412207,1.0
0.7550271799177973,1.0
0.7571927343439254,1.0
0.7572811243205021,1.0
0.757811464179962,1.0
0.7578998541565386,1.0
0.758341804039422,1.0
0.7584301940159985,1.0
0.7712909356079021,1.0
0.7713793255844787,1.0
0.7727493702214169,1.0
0.7728377601979936,1.0
0.7764175542493481,1.0
0.7765059442259248,1.0
0.7778759888628629,1.0
0.7779643788394396,1.0
0.7795112034295311,1.0
0.7795995934061077,1.0
0.7837981172934989,1.0
0.7838865072700756,1.0
0.7846378220709771,1.0
0.7847262120475538,1.0
0.7849913819772838,1.0
0.7850797719538605,1.0
0.7877314712511602,1.0
0.7878198612277367,1.0
0.7884385910637733,1.0
0.78852698104035,1.0
0.7899854156538648,1.0
0.7900738056304415,1.0
0.7929906748574712,1.0
0.7930790648340478,1.0
0.7965704689088258,1.0
0.7966588588854024,1.0
0.8154417289079419,1.0
0.8155301188845185,1.0
0.8171653334511866,1.0
0.8172537234277633,1.0
0.8172979184160516,1.0
0.8173863083926283,1.0
0.8190215229592964,1.0
0.8191099129358731,1.0
0.8207009325142529,1.0
0.8207893224908296,1.0
0.8214080523268661,1.0
0.8214964423034428,1.0
0.8338710390241747,1.0
0.8339594290007513,1.0
0.8360365934503028,1.0
0.8361249834268794,1.0
0.8363901533566094,1.0
0.836478543333186,1.0
0.8392186326070623,1.0
0.839307022583639,1.0
0.8406328722322889,1.0
0.8407212622088656,1.0
0.8416051619746321,1.0
0.8416935519512088,1.0
0.8437265214124718,1.0
0.8438149113890485,1.0
0.8469969505458081,1.0
0.8470853405223847,1.0
0.851018694480046,1.0
0.8511070844566226,1.0
0.8517700092809476,1.0
0.8518583992575242,1.0
0.8526097140584258,1.0
0.8526981040350025,1.0
0.8527422990232908,1.0
0.8528306889998675,1.0
0.8554381933088788,1.0
0.8555265832854554,1.0
0.8559243381800504,1.0
0.856012728156627,1.0
0.8567198479692403,1.0
0.856808237945817,1.0
0.8571176028638352,1.0
0.8572059928404119,1.0
0.8576479427232951,1.0
0.8577363326998718,1.0
0.8678127900296106,1.0
0.8679011800061873,1.0
0.8712158041278119,1.0
0.8713041941043885,1.0
0.875944667874663,1.0
0.8760330578512396,1.0
0.8848720555089052,1.0
0.8849604454854819,1.0
0.8900428691386397,1.0
0.8901312591152163,1.0
0.892782958412516,1.0
0.8928713483890927,1.0
0.90140098112874,1.0
0.9014893711053167,1.0
0.9065717947584744,1.0
0.9066601847350511,1.0
0.9074114995359526,1.0
0.9074998895125292,1.0
0.9083395942900075,1.0
0.9084279842665842,1.0
0.9159853272638883,1.0
0.9160737172404649,1.0
0.9165156671233482,1.0
0.9166040570999249,1.0
0.9175321518539797,1.0
0.9176205418305564,1.0
0.9219958456711009,1.0
0.9220842356476776,1.0
0.9230123304017325,1.0
0.9231007203783091,1.0
0.9258850046404737,1.0
0.9260617845936271,1.0
0.9261943695584921,1.0
0.9265037344765104,1.0
0.926592124453087,1.0
0.926724709417952,1.0
0.9268130993945286,1.0
0.9270340743359703,1.0
0.9271666593008353,1.0
0.9278737791134485,1.0
0.9279621690900252,1.0
0.9286250939143501,1.0
0.9287134838909268,1.0
0.9294647986918283,1.0
0.929553188668405,1.0
0.9298625535864233,1.0
0.929950943563,1.0
0.9300393335395766,1.0
0.9301277235161532,1.0
0.9303486984575949,1.0
0.9304370884341716,1.0
0.9305696733990365,1.0
0.9306580633756132,1.0
0.9311442082467848,1.0
0.9314093781765148,1.0
0.9315419631413797,1.0
0.9316303531179564,1.0
0.9317187430945331,1.0
0.9318955230476864,1.0
0.9320723030008397,1.0
0.9321606929774163,1.0
0.932381667918858,1.0
0.9325584478720114,1.0
0.9327794228134529,1.0
0.9329562027666063,1.0
0.9330003977548946,1.0
0.9330887877314713,1.0
0.9331771777080479,1.0
0.9333539576612012,1.0
0.9333981526494896,1.0
0.9334865426260662,1.0
0.9335749326026429,1.0
0.9337517125557961,1.0
0.9337959075440845,1.0
0.9338842975206612,1.0
0.9339726874972378,1.0
0.9340610774738145,1.0
0.9341494674503912,1.0
0.9342378574269677,1.0
0.9342820524152561,1.0
0.9343704423918328,1.0
0.9344588323684094,1.0
0.9345472223449861,1.0
0.9345914173332744,1.0
0.9348565872630044,1.0
0.9351659521810227,1.0
0.935342732134176,1.0
0.9355195120873293,1.0
0.9357846820170592,1.0
0.9358288770053476,1.0
0.9360056569585009,1.0
0.9362708268882308,1.0
0.9363150218765192,1.0
0.9365359968179608,1.0
0.9368011667476908,1.0
0.9370221416891324,1.0
0.937375701595439,1.0
0.9374640915720157,1.0
0.9375966765368807,1.0
0.938038626419764,1.0
0.938303796349494,1.0
0.9386131612675123,1.0
0.938834136208954,1.0
0.9390109161621072,1.0
0.9393644760684139,1.0
0.9396738409864321,1.0
0.9398506209395855,1.0
0.9403367658107571,1.0
0.940867105670217,1.0
0.9412206655765236,1.0
0.9419277853891369,1.0
0.9429000751314801,1.0
0.9445352896981483,1.0
0.9485128386440977,1.0
1.0,1.0
